mtllib material.mtl
usemtl material_0
v -0.01000000 -0.02100000 -0.00450000
v -0.01000000 -0.02100000 -0.00450000
v -0.01000000 -0.02100000 -0.00450000
v -0.01000000 -0.02100000 -0.00450000
v -0.01000000 -0.02100000 0.00450000
v -0.01000000 -0.02100000 0.00450000
v -0.01000000 -0.02100000 0.00450000
v -0.01000000 -0.02100000 0.00450000
v -0.01000000 0.02100000 -0.00450000
v -0.01000000 0.02100000 -0.00450000
v -0.01000000 0.02100000 -0.00450000
v -0.01000000 0.02100000 0.00450000
v -0.01000000 0.02100000 0.00450000
v -0.00999767 -0.02100000 -0.00456824
v -0.00999767 -0.02100000 -0.00456824
v -0.00999767 -0.02100000 0.00456824
v -0.00999767 0.02100000 -0.00456824
v -0.00999767 0.02100000 -0.00456824
v -0.00999519 -0.02109802 -0.00450000
v -0.00999519 0.02109802 -0.00450000
v -0.00999069 -0.02113616 0.00450000
v -0.00999069 -0.02113616 0.00450000
v -0.00999069 0.02100000 0.00463617
v -0.00999069 0.02113616 0.00450000
v -0.00999069 0.02113616 0.00450000
v -0.00998591 -0.02113616 0.00459710
v -0.00998591 -0.02109711 -0.00463617
v -0.00998591 0.02109711 -0.00463617
v -0.00998079 -0.02119509 -0.00450000
v -0.00997908 -0.02120346 0.00450000
v -0.00997908 -0.02120346 0.00450000
v -0.00997908 -0.02100000 -0.00470346
v -0.00997908 -0.02100000 -0.00470346
v -0.00997908 0.02100000 -0.00470346
v -0.00997908 0.02100000 -0.00470346
v -0.00997850 0.02106824 0.00469464
v -0.00997437 0.02120346 0.00459597
v -0.00997165 -0.02119327 -0.00463617
v -0.00997165 -0.02113616 0.00469327
v -0.00997165 0.02119327 -0.00463617
v -0.00996292 -0.02100000 0.00476980
v -0.00996027 -0.02120346 0.00469101
v -0.00996027 0.02119101 -0.00470346
v -0.00996027 0.02119101 -0.00470346
v -0.00996027 0.02120346 0.00469101
v -0.00996027 0.02120346 0.00469101
v -0.00995828 -0.02126980 0.00459438
v -0.00995828 -0.02109438 -0.00476980
v -0.00995828 0.02109438 -0.00476980
v -0.00995694 -0.02129029 -0.00450000
v -0.00995694 0.02100000 0.00479028
v -0.00995694 0.02129029 -0.00450000
v -0.00995694 0.02129029 -0.00450000
v -0.00995471 0.02106824 0.00478961
v -0.00994803 -0.02128758 -0.00463617
v -0.00994803 -0.02113616 0.00478758
v -0.00994803 0.02128758 -0.00463617
v -0.00994803 0.02128758 -0.00463617
v -0.00994441 -0.02118785 -0.00476980
v -0.00994226 -0.02133488 0.00450000
v -0.00994226 -0.02133488 0.00450000
v -0.00994226 -0.02100000 -0.00483488
v -0.00994226 -0.02100000 -0.00483488
v -0.00994226 0.02100000 -0.00483488
v -0.00994226 0.02100000 -0.00483488
v -0.00994226 0.02133488 -0.00450000
v -0.00994226 0.02133488 -0.00450000
v -0.00994226 0.02133488 0.00450000
v -0.00994226 0.02133488 0.00450000
v -0.00994226 0.02133488 0.00450000
v -0.00994226 0.02133488 0.00450000
v -0.00993772 0.02133488 0.00459236
v -0.00993772 0.02133488 0.00459236
v -0.00993692 0.02128421 -0.00470346
v -0.00992416 -0.02133488 0.00468383
v -0.00992416 0.02118383 -0.00483488
v -0.00992416 0.02118383 -0.00483488
v -0.00992388 -0.02138268 -0.00450000
v -0.00992388 -0.02100000 0.00488268
v -0.00992388 0.02100000 0.00488268
v -0.00992388 0.02138268 -0.00450000
v -0.00992172 0.02138179 -0.00456824
v -0.00992145 -0.02127952 -0.00476980
v -0.00992145 0.02126980 0.00477952
v -0.00992145 0.02126980 0.00477952
v -0.00992145 0.02127952 -0.00476980
v -0.00991721 0.02139840 0.00450000
v -0.00991721 0.02139840 0.00450000
v -0.00991527 -0.02137912 -0.00463617
v -0.00991527 0.02113616 0.00487912
v -0.00991279 -0.02108990 -0.00489840
v -0.00991279 0.02108990 -0.00489840
v -0.00990456 -0.02120346 0.00487468
v -0.00990456 0.02120346 0.00487468
v -0.00990456 0.02137468 -0.00470346
v -0.00990169 -0.02133488 0.00477352
v -0.00990169 0.02127352 -0.00483488
v -0.00989959 -0.02117894 -0.00489840
v -0.00988962 -0.02136849 -0.00476980
v -0.00988962 0.02126980 0.00486849
v -0.00988962 0.02126980 0.00486849
v -0.00988789 -0.02146006 0.00450000
v -0.00988789 -0.02146006 0.00450000
v -0.00988789 -0.02100000 -0.00496006
v -0.00988789 -0.02100000 -0.00496006
v -0.00988789 0.02100000 -0.00496006
v -0.00988789 0.02100000 -0.00496006
v -0.00988789 0.02100000 0.00496006
v -0.00988361 -0.02146006 0.00458703
v -0.00988192 -0.02147140 -0.00450000
v -0.00988192 -0.02100000 0.00497140
v -0.00987987 0.02147030 -0.00456824
v -0.00987772 -0.02126625 -0.00489840
v -0.00987772 0.02126625 -0.00489840
v -0.00987772 0.02126625 -0.00489840
v -0.00987772 0.02139840 0.00476625
v -0.00987371 -0.02146701 -0.00463617
v -0.00987371 -0.02113616 0.00496701
v -0.00987371 0.02113616 0.00496701
v -0.00987371 0.02146701 -0.00463617
v -0.00987054 -0.02133488 0.00486059
v -0.00987054 0.02136059 -0.00483488
v -0.00987054 0.02136059 -0.00483488
v -0.00985442 0.02151958 0.00450000
v -0.00985442 0.02151958 0.00450000
v -0.00985031 -0.02108375 -0.00501958
v -0.00985031 0.02108375 -0.00501958
v -0.00984965 -0.02146006 0.00475774
v -0.00984965 0.02125774 -0.00496006
v -0.00984965 0.02125774 -0.00496006
v -0.00984965 0.02146006 0.00475774
v -0.00984922 -0.02145392 -0.00476980
v -0.00984922 0.02126980 0.00495392
v -0.00984922 0.02145392 -0.00476980
v -0.00984739 -0.02135100 -0.00489840
v -0.00983800 -0.02151958 0.00466669
v -0.00983800 -0.02116669 -0.00501958
v -0.00983800 0.02116669 -0.00501958
v -0.00983800 0.02116669 -0.00501958
v -0.00983147 -0.02155557 -0.00450000
v -0.00983100 -0.02133488 0.00494418
v -0.00983100 0.02133488 0.00494418
v -0.00983100 0.02133488 0.00494418
v -0.00983100 0.02144418 -0.00483488
v -0.00983100 0.02144418 -0.00483488
v -0.00982373 -0.02155040 -0.00463617
v -0.00982373 -0.02113616 0.00505040
v -0.00982373 0.02113616 0.00505040
v -0.00982030 0.02146006 0.00483978
v -0.00981763 -0.02124802 -0.00501958
v -0.00981697 -0.02100000 -0.00507668
v -0.00981697 -0.02100000 -0.00507668
v -0.00981697 -0.02100000 0.00507668
v -0.00981697 0.02100000 -0.00507668
v -0.00981697 0.02100000 -0.00507668
v -0.00981697 0.02157668 0.00450000
v -0.00981697 0.02157668 0.00450000
v -0.00981408 -0.02120346 0.00504395
v -0.00981408 0.02120346 0.00504395
v -0.00981408 0.02154395 -0.00470346
v -0.00981304 -0.02157668 0.00458008
v -0.00981304 0.02157668 0.00458008
v -0.00980891 -0.02143237 -0.00489840
v -0.00980891 -0.02139840 0.00493237
v -0.00980127 0.02157668 0.00465938
v -0.00980064 -0.02153497 -0.00476980
v -0.00978938 -0.02151958 0.00482697
v -0.00978938 -0.02132697 -0.00501958
v -0.00978938 0.02132697 -0.00501958
v -0.00978938 0.02132697 -0.00501958
v -0.00978346 0.02152349 -0.00483488
v -0.00978346 0.02152349 -0.00483488
v -0.00978304 0.02141855 -0.00496006
v -0.00978179 0.02157668 0.00473715
v -0.00977571 -0.02163109 0.00450000
v -0.00977571 -0.02163109 0.00450000
v -0.00977571 0.02100000 0.00513109
v -0.00977571 0.02163109 0.00450000
v -0.00977571 0.02163109 0.00450000
v -0.00977301 0.02163439 -0.00450000
v -0.00977198 -0.02107603 -0.00513109
v -0.00977121 -0.02106824 0.00513291
v -0.00977121 0.02106824 0.00513291
v -0.00976581 -0.02162848 -0.00463617
v -0.00976581 0.02162848 -0.00463617
v -0.00976263 -0.02150957 -0.00489840
v -0.00976263 -0.02139840 0.00500958
v -0.00976263 0.02139840 0.00500958
v -0.00976263 0.02139840 0.00500958
v -0.00976263 0.02139840 0.00500958
v -0.00976263 0.02139840 0.00500958
v -0.00976263 0.02150957 -0.00489840
v -0.00976081 -0.02115133 -0.00513109
v -0.00976081 0.02115133 -0.00513109
v -0.00976081 0.02115133 -0.00513109
v -0.00976081 0.02115133 -0.00513109
v -0.00976081 0.02163109 0.00465133
v -0.00975684 0.02120346 0.00512112
v -0.00975684 0.02162113 -0.00470346
v -0.00975478 -0.02157668 0.00481264
v -0.00975478 0.02157668 0.00481264
v -0.00975353 -0.02151958 0.00490277
v -0.00975353 -0.02140277 -0.00501958
v -0.00975353 0.02151958 0.00490277
v -0.00974434 -0.02161087 -0.00476980
v -0.00974434 -0.02126980 0.00511087
v -0.00974434 0.02161087 -0.00476980
v -0.00974231 -0.02163109 0.00472518
v -0.00974231 -0.02122518 -0.00513109
v -0.00974231 -0.02122518 -0.00513109
v -0.00974231 0.02163109 0.00472518
v -0.00973084 -0.02168255 -0.00450000
v -0.00973084 -0.02100000 -0.00518255
v -0.00973084 -0.02100000 -0.00518255
v -0.00973084 -0.02100000 -0.00518255
v -0.00973084 -0.02100000 -0.00518255
v -0.00973084 0.02100000 -0.00518255
v -0.00973084 0.02100000 -0.00518255
v -0.00973084 0.02100000 -0.00518255
v -0.00973084 0.02100000 -0.00518255
v -0.00973084 0.02168255 -0.00450000
v -0.00973084 0.02168255 0.00450000
v -0.00973084 0.02168255 0.00450000
v -0.00972838 0.02133488 0.00509776
v -0.00972838 0.02133488 0.00509776
v -0.00972050 0.02138512 -0.00507668
v -0.00972050 0.02157668 0.00488512
v -0.00971679 -0.02168255 0.00464258
v -0.00971679 0.02114258 -0.00518255
v -0.00971679 0.02114258 -0.00518255
v -0.00971679 0.02168255 0.00464258
v -0.00971666 -0.02129685 -0.00513109
v -0.00971666 -0.02129685 -0.00513109
v -0.00971666 0.02129685 -0.00513109
v -0.00971666 0.02129685 -0.00513109
v -0.00971666 0.02163109 0.00479685
v -0.00971042 -0.02147469 -0.00501958
v -0.00971042 0.02147469 -0.00501958
v -0.00970901 -0.02158187 -0.00489840
v -0.00970711 -0.02100000 0.00520711
v -0.00970711 0.02170711 -0.00450000
v -0.00970546 -0.02106824 0.00520546
v -0.00970546 0.02106824 0.00520546
v -0.00970546 0.02170546 -0.00456824
v -0.00970052 -0.02170052 -0.00463617
v -0.00969937 0.02168255 0.00471215
v -0.00969232 0.02120346 0.00519232
v -0.00969232 0.02169232 -0.00470346
v -0.00968634 -0.02146006 0.00506327
v -0.00968634 0.02156327 -0.00496006
v -0.00968412 -0.02163109 0.00486567
v -0.00968412 -0.02136567 -0.00513109
v -0.00968412 -0.02136567 -0.00513109
v -0.00968412 -0.02136567 -0.00513109
v -0.00968412 0.02136567 -0.00513109
v -0.00968412 0.02136567 -0.00513109
v -0.00968255 0.02100000 0.00523084
v -0.00968255 0.02173084 -0.00450000
v -0.00968255 0.02173084 0.00450000
v -0.00968255 0.02173084 0.00450000
v -0.00968088 -0.02168089 -0.00476980
v -0.00968088 -0.02126980 0.00518088
v -0.00968088 0.02126980 0.00518088
v -0.00968088 0.02126980 0.00518088
v -0.00967928 -0.02157668 0.00495388
v -0.00967927 0.02106690 -0.00523084
v -0.00967927 0.02106690 -0.00523084
v -0.00967927 0.02173084 0.00456690
v -0.00966944 -0.02173084 0.00463316
v -0.00966944 -0.02113316 -0.00523084
v -0.00966944 -0.02113316 -0.00523084
v -0.00966047 -0.02154204 -0.00501958
v -0.00966047 0.02154204 -0.00501958
v -0.00964857 -0.02164857 -0.00489840
v -0.00964857 0.02139840 0.00514857
v -0.00964857 0.02139840 0.00514857
v -0.00964857 0.02164857 -0.00489840
v -0.00964498 -0.02163109 0.00493096
v -0.00964498 -0.02143096 -0.00513109
v -0.00964498 -0.02143096 -0.00513109
v -0.00964498 0.02163109 0.00493096
v -0.00964498 0.02163109 0.00493096
v -0.00964454 0.02134452 -0.00518255
v -0.00964454 0.02168255 0.00484451
v -0.00963439 -0.02177301 -0.00450000
v -0.00963439 0.02177301 -0.00450000
v -0.00963439 0.02177301 -0.00450000
v -0.00963291 -0.02106824 0.00527121
v -0.00963153 -0.02157668 0.00501828
v -0.00963153 0.02151828 -0.00507668
v -0.00963153 0.02151828 -0.00507668
v -0.00963153 0.02157668 0.00501828
v -0.00963109 -0.02177571 0.00450000
v -0.00963109 -0.02177571 0.00450000
v -0.00963109 -0.02100000 -0.00527571
v -0.00963109 -0.02100000 -0.00527571
v -0.00963109 0.02100000 0.00527571
v -0.00963109 0.02177571 0.00450000
v -0.00963109 0.02177571 0.00450000
v -0.00963109 0.02177571 0.00450000
v -0.00963060 -0.02173084 0.00476120
v -0.00963060 0.02126120 -0.00523084
v -0.00963060 0.02126120 -0.00523084
v -0.00963060 0.02173084 0.00476120
v -0.00962849 -0.02176581 -0.00463617
v -0.00962849 0.02176581 -0.00463617
v -0.00962805 0.02177571 0.00456186
v -0.00962783 -0.02146006 0.00512783
v -0.00962783 0.02146006 0.00512783
v -0.00962783 0.02162783 -0.00496006
v -0.00962112 -0.02175684 -0.00470346
v -0.00962112 -0.02120346 0.00525684
v -0.00962112 0.02120346 0.00525684
v -0.00962112 0.02175684 -0.00470346
v -0.00961896 0.02177571 0.00462312
v -0.00961087 0.02174434 -0.00476980
v -0.00960767 0.02140603 -0.00518255
v -0.00960767 0.02140603 -0.00518255
v -0.00960767 0.02168255 0.00490603
v -0.00960767 0.02168255 0.00490603
v -0.00960416 -0.02160417 -0.00501958
v -0.00960416 -0.02160417 -0.00501958
v -0.00960391 0.02118319 -0.00527571
v -0.00959963 -0.02149211 -0.00513109
v -0.00959963 -0.02149211 -0.00513109
v -0.00959963 -0.02149211 -0.00513109
v -0.00959776 -0.02172838 -0.00483488
v -0.00959776 -0.02133488 0.00522838
v -0.00959776 0.02172838 -0.00483488
v -0.00958305 -0.02124151 -0.00527571
v -0.00958305 -0.02124151 -0.00527571
v -0.00958187 0.02139840 0.00520901
v -0.00958187 0.02139840 0.00520901
v -0.00958187 0.02170901 -0.00489840
v -0.00957769 -0.02157668 0.00507769
v -0.00957769 0.02157668 0.00507769
v -0.00957668 -0.02181697 0.00450000
v -0.00957668 -0.02181697 0.00450000
v -0.00957668 -0.02100000 0.00531697
v -0.00957668 0.02100000 -0.00531697
v -0.00957668 0.02100000 -0.00531697
v -0.00956752 -0.02173084 0.00487921
v -0.00956752 0.02137921 -0.00523084
v -0.00956752 0.02173084 0.00487921
v -0.00956752 0.02173084 0.00487921
v -0.00956560 -0.02181697 0.00461250
v -0.00956560 -0.02111250 -0.00531697
v -0.00956560 0.02111250 -0.00531697
v -0.00956560 0.02181697 0.00461250
v -0.00956327 -0.02146006 0.00518634
v -0.00956327 0.02146006 0.00518634
v -0.00956327 0.02168634 -0.00496006
v -0.00955657 -0.02177571 0.00479749
v -0.00955657 0.02129749 -0.00527571
v -0.00955657 0.02177571 0.00479749
v -0.00955557 -0.02183147 -0.00450000
v -0.00955557 0.02183147 -0.00450000
v -0.00955557 0.02183147 -0.00450000
v -0.00955185 0.02181697 0.00466740
v -0.00955039 -0.02182372 -0.00463617
v -0.00955039 -0.02113616 0.00532373
v -0.00955039 0.02113616 0.00532373
v -0.00955039 0.02182372 -0.00463617
v -0.00954851 -0.02154851 -0.00513109
v -0.00954851 -0.02154851 -0.00513109
v -0.00954851 0.02154851 -0.00513109
v -0.00954851 0.02154851 -0.00513109
v -0.00954395 0.02181408 -0.00470346
v -0.00954204 -0.02166047 -0.00501958
v -0.00954204 -0.02166047 -0.00501958
v -0.00954204 0.02151958 0.00516048
v -0.00954204 0.02151958 0.00516048
v -0.00953497 -0.02180063 -0.00476980
v -0.00953497 0.02126980 0.00530064
v -0.00953497 0.02126980 0.00530064
v -0.00953497 0.02126980 0.00530064
v -0.00953278 0.02181697 0.00472069
v -0.00952762 0.02143301 -0.00523084
v -0.00952762 0.02143301 -0.00523084
v -0.00952762 0.02173084 0.00493301
v -0.00952473 -0.02135061 -0.00527571
v -0.00952473 -0.02135061 -0.00527571
v -0.00952473 0.02177571 0.00485061
v -0.00952349 -0.02133488 0.00528346
v -0.00951958 0.02185442 -0.00450000
v -0.00951958 0.02185442 -0.00450000
v -0.00951828 -0.02157668 0.00513153
v -0.00951828 0.02157668 0.00513153
v -0.00951828 0.02157668 0.00513153
v -0.00951828 0.02163153 -0.00507668
v -0.00951678 -0.02168255 0.00501678
v -0.00951678 0.02168255 0.00501678
v -0.00950958 -0.02176263 -0.00489840
v -0.00950958 -0.02176263 -0.00489840
v -0.00950958 0.02176263 -0.00489840
v -0.00950859 0.02127184 -0.00531697
v -0.00949721 -0.02185442 0.00465083
v -0.00949328 0.02146006 0.00523825
v -0.00949211 -0.02159963 -0.00513109
v -0.00949211 0.02163109 0.00509963
v -0.00949211 0.02163109 0.00509963
v -0.00948784 -0.02177571 0.00490036
v -0.00948784 0.02177571 0.00490036
v -0.00948264 -0.02173084 0.00498264
v -0.00948264 0.02148263 -0.00523084
v -0.00948264 0.02148263 -0.00523084
v -0.00948264 0.02148263 -0.00523084
v -0.00948264 0.02173084 0.00498264
v -0.00948003 -0.02119884 -0.00535442
v -0.00948003 -0.02119884 -0.00535442
v -0.00948003 0.02185442 0.00469884
v -0.00947949 0.02132038 -0.00531697
v -0.00947949 0.02181697 0.00482039
v -0.00947469 -0.02171042 -0.00501958
v -0.00947469 -0.02171042 -0.00501958
v -0.00947469 -0.02151958 0.00521042
v -0.00947140 -0.02188192 -0.00450000
v -0.00947140 -0.02188192 -0.00450000
v -0.00947140 -0.02100000 0.00538192
v -0.00947140 -0.02100000 0.00538192
v -0.00947140 0.02100000 0.00538192
v -0.00947140 0.02100000 0.00538192
v -0.00947140 0.02188192 -0.00450000
v -0.00947030 0.02187986 -0.00456824
v -0.00946701 -0.02187371 -0.00463617
v -0.00946701 -0.02187371 -0.00463617
v -0.00946701 -0.02113616 0.00537371
v -0.00946701 -0.02113616 0.00537371
v -0.00946701 0.02113616 0.00537371
v -0.00946701 0.02113616 0.00537371
v -0.00946701 0.02187371 -0.00463617
v -0.00946364 -0.02168255 0.00506494
v -0.00946007 -0.02188788 0.00450000
v -0.00946007 -0.02188788 0.00450000
v -0.00946007 -0.02188788 0.00450000
v -0.00946007 -0.02188788 0.00450000
v -0.00946007 -0.02100000 -0.00538789
v -0.00946007 -0.02100000 -0.00538789
v -0.00946007 0.02100000 -0.00538789
v -0.00946007 0.02100000 -0.00538789
v -0.00946007 0.02188788 0.00450000
v -0.00946007 0.02188788 0.00450000
v -0.00945823 0.02185442 0.00474493
v -0.00945392 -0.02184922 -0.00476980
v -0.00945392 -0.02184922 -0.00476980
v -0.00945392 -0.02126980 0.00534922
v -0.00945392 -0.02126980 0.00534922
v -0.00945392 0.02184922 -0.00476980
v -0.00945388 0.02167929 -0.00507668
v -0.00945122 -0.02108976 -0.00538789
v -0.00944625 -0.02144625 -0.00527571
v -0.00944625 -0.02144625 -0.00527571
v -0.00944625 -0.02144625 -0.00527571
v -0.00944625 -0.02144625 -0.00527571
v -0.00944625 0.02144625 -0.00527571
v -0.00944625 0.02144625 -0.00527571
v -0.00944418 0.02183100 -0.00483488
v -0.00944025 0.02188788 0.00463355
v -0.00943301 0.02173084 0.00502762
v -0.00943237 -0.02180891 -0.00489840
v -0.00943237 -0.02180891 -0.00489840
v -0.00943237 -0.02180891 -0.00489840
v -0.00943237 0.02139840 0.00530891
v -0.00943237 0.02139840 0.00530891
v -0.00943202 -0.02128866 -0.00535442
v -0.00943202 -0.02128866 -0.00535442
v -0.00943202 0.02128866 -0.00535442
v -0.00943202 0.02128866 -0.00535442
v -0.00943202 0.02185442 0.00478867
v -0.00943096 -0.02164498 -0.00513109
v -0.00943096 0.02163109 0.00514498
v -0.00943096 0.02164498 -0.00513109
v -0.00942504 -0.02188788 0.00467606
v -0.00942504 -0.02188788 0.00467606
v -0.00941855 -0.02146006 0.00528304
v -0.00941855 -0.02146006 0.00528304
v -0.00941855 0.02178304 -0.00496006
v -0.00940778 0.02181697 0.00490777
v -0.00940603 0.02160767 -0.00518255
v -0.00940603 0.02160767 -0.00518255
v -0.00940574 0.02188788 0.00471687
v -0.00940277 -0.02175353 -0.00501958
v -0.00940277 0.02175353 -0.00501958
v -0.00940164 -0.02185442 0.00482962
v -0.00940164 -0.02185442 0.00482962
v -0.00940036 0.02177571 0.00498784
v -0.00939840 0.02191721 0.00450000
v -0.00939840 0.02191721 0.00450000
v -0.00939840 0.02191721 0.00450000
v -0.00939075 -0.02191721 0.00457772
v -0.00939075 0.02191721 0.00457772
v -0.00938512 -0.02157668 0.00522050
v -0.00938512 -0.02157668 0.00522050
v -0.00938268 -0.02192388 -0.00450000
v -0.00938268 0.02192388 -0.00450000
v -0.00938253 -0.02125560 -0.00538789
v -0.00938253 0.02188788 0.00475560
v -0.00938179 0.02106824 0.00542173
v -0.00938179 0.02106824 0.00542173
v -0.00937921 0.02173084 0.00506752
v -0.00937912 -0.02191527 -0.00463617
v -0.00937912 -0.02113616 0.00541527
v -0.00937468 0.02120346 0.00540456
v -0.00937468 0.02190456 -0.00470346
v -0.00936849 -0.02188962 -0.00476980
v -0.00936849 -0.02126980 0.00538962
v -0.00936849 -0.02126980 0.00538962
v -0.00936849 -0.02126980 0.00538962
v -0.00936849 0.02188962 -0.00476980
v -0.00936807 -0.02115246 -0.00541721
v -0.00936807 0.02115246 -0.00541721
v -0.00936807 0.02191721 0.00465246
v -0.00936740 -0.02136740 -0.00535442
v -0.00936740 -0.02136740 -0.00535442
v -0.00936584 -0.02181697 0.00494578
v -0.00936584 0.02181697 0.00494578
v -0.00936584 0.02181697 0.00494578
v -0.00936567 -0.02168412 -0.00513109
v -0.00936567 0.02163109 0.00518412
v -0.00936567 0.02163109 0.00518412
v -0.00936567 0.02168412 -0.00513109
v -0.00936059 0.02133488 0.00537054
v -0.00936059 0.02187053 -0.00483488
v -0.00935136 0.02191721 0.00468780
v -0.00935100 -0.02184739 -0.00489840
v -0.00935100 -0.02184739 -0.00489840
v -0.00935100 -0.02139840 0.00534739
v -0.00935100 -0.02139840 0.00534739
v -0.00935061 -0.02177571 0.00502473
v -0.00935061 -0.02177571 0.00502473
v -0.00935061 -0.02152473 -0.00527571
v -0.00934451 -0.02168255 0.00514454
v -0.00934451 -0.02168255 0.00514454
v -0.00934451 0.02164454 -0.00518255
v -0.00934451 0.02164454 -0.00518255
v -0.00934451 0.02168255 0.00514454
v -0.00934451 0.02168255 0.00514454
v -0.00933488 -0.02100000 -0.00544226
v -0.00933488 -0.02100000 -0.00544226
v -0.00933488 0.02100000 -0.00544226
v -0.00933488 0.02100000 -0.00544226
v -0.00933488 0.02100000 0.00544226
v -0.00933488 0.02194226 0.00450000
v -0.00933488 0.02194226 0.00450000
v -0.00933126 0.02122134 -0.00541721
v -0.00933126 0.02122134 -0.00541721
v -0.00932962 0.02185442 0.00490164
v -0.00932962 0.02185442 0.00490164
v -0.00932844 0.02106533 -0.00544226
v -0.00932697 -0.02178938 -0.00501958
v -0.00932532 0.02188788 0.00482532
v -0.00932532 0.02188788 0.00482532
v -0.00932175 0.02173084 0.00510196
v -0.00932175 0.02173084 0.00510196
v -0.00932046 0.02194226 0.00459721
v -0.00932039 0.02147949 -0.00531697
v -0.00932039 0.02147949 -0.00531697
v -0.00932039 0.02147949 -0.00531697
v -0.00931264 -0.02157668 0.00525478
v -0.00931264 0.02157668 0.00525478
v -0.00931264 0.02157668 0.00525478
v -0.00931264 0.02157668 0.00525478
v -0.00931264 0.02175478 -0.00507668
v -0.00930797 0.02191721 0.00475274
v -0.00930797 0.02191721 0.00475274
v -0.00929749 0.02177571 0.00505657
v -0.00929749 0.02177571 0.00505657
v -0.00929685 -0.02171666 -0.00513109
v -0.00929685 -0.02163109 0.00521666
v -0.00929685 -0.02163109 0.00521666
v -0.00929534 -0.02194226 0.00465786
v -0.00929534 0.02194226 0.00465786
v -0.00929028 -0.02195694 -0.00450000
v -0.00929028 -0.02100000 0.00545694
v -0.00929028 0.02195694 -0.00450000
v -0.00928961 0.02195471 -0.00456824
v -0.00928866 -0.02143202 -0.00535442
v -0.00928866 -0.02143202 -0.00535442
v -0.00928866 0.02185442 0.00493202
v -0.00928758 -0.02194802 -0.00463617
v -0.00928758 0.02113616 0.00544803
v -0.00928758 0.02113616 0.00544803
v -0.00928758 0.02194802 -0.00463617
v -0.00928421 -0.02120346 0.00543692
v -0.00928421 0.02193692 -0.00470346
v -0.00928171 -0.02191721 0.00478171
v -0.00928171 -0.02128171 -0.00541721
v -0.00927968 -0.02168255 0.00517520
v -0.00927968 0.02168255 0.00517520
v -0.00927968 0.02168255 0.00517520
v -0.00927968 0.02168255 0.00517520
v -0.00927952 -0.02192145 -0.00476980
v -0.00927952 -0.02126980 0.00542145
v -0.00927952 -0.02126980 0.00542145
v -0.00927952 0.02126980 0.00542145
v -0.00927952 0.02192145 -0.00476980
v -0.00927352 -0.02133488 0.00540169
v -0.00927352 0.02190169 -0.00483488
v -0.00926980 -0.02196292 0.00450000
v -0.00926980 -0.02196292 0.00450000
v -0.00926850 0.02196292 0.00452644
v -0.00926625 -0.02187772 -0.00489840
v -0.00926625 -0.02187772 -0.00489840
v -0.00926625 0.02139840 0.00537772
v -0.00926625 0.02187772 -0.00489840
v -0.00926461 0.02196292 0.00455263
v -0.00926120 0.02163060 -0.00523084
v -0.00926120 0.02163060 -0.00523084
v -0.00925886 0.02194226 0.00471245
v -0.00925818 0.02196292 0.00457832
v -0.00925774 -0.02146006 0.00534965
v -0.00925774 0.02184965 -0.00496006
v -0.00925560 -0.02138253 -0.00538789
v -0.00925560 -0.02138253 -0.00538789
v -0.00925274 0.02191721 0.00480797
v -0.00924926 0.02110324 -0.00546292
v -0.00924926 0.02196292 0.00460325
v -0.00924802 -0.02181763 -0.00501958
v -0.00924802 0.02151958 0.00531763
v -0.00924802 0.02181763 -0.00501958
v -0.00924493 -0.02185442 0.00495823
v -0.00924493 -0.02185442 0.00495823
v -0.00924151 -0.02158305 -0.00527571
v -0.00924151 0.02177571 0.00508305
v -0.00923794 -0.02112718 -0.00546292
v -0.00923715 -0.02157668 0.00528179
v -0.00923715 0.02157668 0.00528179
v -0.00923715 0.02157668 0.00528179
v -0.00923680 0.02194226 0.00473680
v -0.00923680 0.02194226 0.00473680
v -0.00922518 -0.02174231 -0.00513109
v -0.00922518 0.02163109 0.00524231
v -0.00922518 0.02174231 -0.00513109
v -0.00922433 0.02196292 0.00464989
v -0.00922134 0.02191721 0.00483126
v -0.00922069 0.02181697 0.00503278
v -0.00922069 0.02181697 0.00503278
v -0.00921687 -0.02188788 0.00490574
v -0.00921245 0.02194226 0.00475887
v -0.00921245 0.02194226 0.00475887
v -0.00921215 -0.02168255 0.00519937
v -0.00920856 -0.02196292 0.00467116
v -0.00920856 0.02117116 -0.00546292
v -0.00920856 0.02117116 -0.00546292
v -0.00920856 0.02196292 0.00467116
v -0.00920248 0.02197908 0.00451994
v -0.00919884 -0.02148003 -0.00535442
v -0.00919884 -0.02148003 -0.00535442
v -0.00919884 0.02148003 -0.00535442
v -0.00919884 0.02185442 0.00498003
v -0.00919884 0.02185442 0.00498003
v -0.00919884 0.02185442 0.00498003
v -0.00919813 0.02165316 -0.00523084
v -0.00919813 0.02165316 -0.00523084
v -0.00919813 0.02173084 0.00515316
v -0.00919509 -0.02198078 -0.00450000
v -0.00919469 0.02197908 0.00455906
v -0.00919463 0.02197850 -0.00456824
v -0.00919327 -0.02197165 -0.00463617
v -0.00919327 -0.02113616 0.00547165
v -0.00919327 0.02113616 0.00547165
v -0.00919327 0.02113616 0.00547165
v -0.00919101 -0.02120346 0.00546027
v -0.00919101 -0.02120346 0.00546027
v -0.00919101 0.02120346 0.00546027
v -0.00919077 0.02196292 0.00469077
v -0.00918797 -0.02107786 -0.00547908
v -0.00918797 -0.02107786 -0.00547908
v -0.00918786 -0.02194441 -0.00476980
v -0.00918786 0.02194441 -0.00476980
v -0.00918780 0.02135136 -0.00541721
v -0.00918780 0.02135136 -0.00541721
v -0.00918780 0.02135136 -0.00541721
v -0.00918605 -0.02127844 -0.00544226
v -0.00918605 -0.02127844 -0.00544226
v -0.00918605 0.02194226 0.00477844
v -0.00918605 0.02194226 0.00477844
v -0.00918605 0.02194226 0.00477844
v -0.00918382 0.02192416 -0.00483488
v -0.00918319 -0.02177571 0.00510391
v -0.00918319 0.02160391 -0.00527571
v -0.00918319 0.02177571 0.00510391
v -0.00917894 -0.02189958 -0.00489840
v -0.00917894 -0.02189958 -0.00489840
v -0.00917894 -0.02139840 0.00539959
v -0.00917606 0.02188788 0.00492504
v -0.00917606 0.02188788 0.00492504
v -0.00917606 0.02188788 0.00492504
v -0.00917322 -0.02146006 0.00537082
v -0.00917322 0.02146006 0.00537082
v -0.00917322 0.02146006 0.00537082
v -0.00916917 0.02197908 0.00461303
v -0.00916669 -0.02183800 -0.00501958
v -0.00916669 -0.02151958 0.00533800
v -0.00916669 0.02183800 -0.00501958
v -0.00915938 0.02157668 0.00530127
v -0.00915938 0.02157668 0.00530127
v -0.00915938 0.02180127 -0.00507668
v -0.00915786 0.02194226 0.00479534
v -0.00915786 0.02194226 0.00479534
v -0.00915786 0.02194226 0.00479534
v -0.00915727 0.02112907 -0.00547908
v -0.00915727 0.02112907 -0.00547908
v -0.00915246 -0.02136807 -0.00541721
v -0.00915246 -0.02136807 -0.00541721
v -0.00915246 -0.02136807 -0.00541721
v -0.00915246 -0.02136807 -0.00541721
v -0.00915246 0.02191721 0.00486807
v -0.00915246 0.02191721 0.00486807
v -0.00915133 -0.02176081 -0.00513109
v -0.00915133 -0.02163109 0.00526081
v -0.00915133 0.02163109 0.00526081
v -0.00915133 0.02176081 -0.00513109
v -0.00915133 0.02176081 -0.00513109
v -0.00914989 -0.02196292 0.00472433
v -0.00914989 0.02196292 0.00472433
v -0.00914258 0.02168255 0.00521679
v -0.00914258 0.02171679 -0.00518255
v -0.00914258 0.02171679 -0.00518255
v -0.00913617 -0.02199068 0.00450000
v -0.00913617 -0.02199068 0.00450000
v -0.00913617 -0.02100000 -0.00549069
v -0.00913617 -0.02100000 -0.00549069
v -0.00913617 0.02100000 -0.00549069
v -0.00913617 0.02100000 -0.00549069
v -0.00913617 0.02199068 -0.00450000
v -0.00913617 0.02199068 0.00450000
v -0.00913617 0.02199068 0.00450000
v -0.00913551 0.02199068 0.00451335
v -0.00913355 0.02199068 0.00452656
v -0.00913355 0.02144025 -0.00538789
v -0.00913355 0.02144025 -0.00538789
v -0.00913030 0.02199068 0.00453953
v -0.00912907 0.02197908 0.00465727
v -0.00912718 0.02196292 0.00473794
v -0.00912718 0.02196292 0.00473794
v -0.00912312 -0.02177571 0.00511896
v -0.00912312 -0.02161896 -0.00527571
v -0.00912312 -0.02161896 -0.00527571
v -0.00912312 0.02161896 -0.00527571
v -0.00911565 -0.02191721 0.00488125
v -0.00911565 0.02191721 0.00488125
v -0.00911565 0.02191721 0.00488125
v -0.00911322 -0.02199068 0.00457565
v -0.00911322 0.02199068 0.00457565
v -0.00911303 0.02197908 0.00466917
v -0.00910526 -0.02108638 -0.00549069
v -0.00910526 -0.02108638 -0.00549069
v -0.00910526 0.02199068 0.00458638
v -0.00910137 -0.02185442 0.00500960
v -0.00910137 -0.02150960 -0.00535442
v -0.00910137 -0.02150960 -0.00535442
v -0.00910137 -0.02150960 -0.00535442
v -0.00910137 -0.02150960 -0.00535442
v -0.00910137 0.02150960 -0.00535442
v -0.00910137 0.02185442 0.00500960
v -0.00910137 0.02185442 0.00500960
v -0.00910137 0.02185442 0.00500960
v -0.00910137 0.02185442 0.00500960
v -0.00909802 -0.02199519 -0.00450000
v -0.00909802 0.02199519 -0.00450000
v -0.00909779 -0.02106824 0.00549287
v -0.00909779 -0.02106824 0.00549287
v -0.00909779 0.02106824 0.00549287
v -0.00909779 0.02106824 0.00549287
v -0.00909779 0.02199286 -0.00456824
v -0.00909721 0.02132046 -0.00544226
v -0.00909710 -0.02198592 -0.00463617
v -0.00909710 0.02113616 0.00548592
v -0.00909710 0.02113616 0.00548592
v -0.00909710 0.02198592 -0.00463617
v -0.00909628 0.02199068 0.00459628
v -0.00909597 -0.02120346 0.00547437
v -0.00909597 -0.02120346 0.00547437
v -0.00909597 -0.02120346 0.00547437
v -0.00909597 0.02120346 0.00547437
v -0.00909597 0.02197437 -0.00470346
v -0.00909438 -0.02195828 -0.00476980
v -0.00909236 -0.02133488 0.00543772
v -0.00909236 0.02133488 0.00543772
v -0.00908990 -0.02191279 -0.00489840
v -0.00908990 -0.02191279 -0.00489840
v -0.00908975 -0.02145123 -0.00538789
v -0.00908975 -0.02145123 -0.00538789
v -0.00908975 0.02145123 -0.00538789
v -0.00908975 0.02145123 -0.00538789
v -0.00908703 -0.02146006 0.00538361
v -0.00908703 0.02188361 -0.00496006
v -0.00908638 0.02199068 0.00460526
v -0.00908375 -0.02185031 -0.00501958
v -0.00908375 0.02185031 -0.00501958
v -0.00908008 -0.02157668 0.00531304
v -0.00908008 0.02157668 0.00531304
v -0.00908008 0.02181304 -0.00507668
v -0.00908008 0.02181304 -0.00507668
v -0.00907786 -0.02118797 -0.00547908
v -0.00907786 -0.02118797 -0.00547908
v -0.00907786 -0.02118797 -0.00547908
v -0.00907786 -0.02118797 -0.00547908
v -0.00907786 0.02118797 -0.00547908
v -0.00907786 0.02118797 -0.00547908
v -0.00907772 0.02191721 0.00489075
v -0.00907772 0.02191721 0.00489075
v -0.00907603 -0.02177198 -0.00513109
v -0.00907603 -0.02177198 -0.00513109
v -0.00907565 0.02199068 0.00461322
v -0.00907565 0.02199068 0.00461322
v -0.00907565 0.02199068 0.00461322
v -0.00907565 0.02199068 0.00461322
v -0.00907163 0.02168255 0.00522732
v -0.00907163 0.02168255 0.00522732
v -0.00907163 0.02168255 0.00522732
v -0.00906824 -0.02100000 0.00549767
v -0.00906824 -0.02100000 0.00549767
v -0.00906824 -0.02100000 0.00549767
v -0.00906824 0.02100000 0.00549767
v -0.00906824 0.02100000 0.00549767
v -0.00906824 0.02100000 0.00549767
v -0.00906824 0.02199767 0.00450000
v -0.00906824 0.02199767 0.00450000
v -0.00906791 -0.02199767 0.00450669
v -0.00906791 -0.02100669 -0.00549767
v -0.00906791 0.02100669 -0.00549767
v -0.00906791 0.02100669 -0.00549767
v -0.00906791 0.02199767 0.00450669
v -0.00906693 -0.02199767 0.00451331
v -0.00906693 -0.02101331 -0.00549767
v -0.00906693 0.02101331 -0.00549767
v -0.00906693 0.02101331 -0.00549767
v -0.00906693 0.02199767 0.00451331
v -0.00906690 -0.02173084 0.00517927
v -0.00906690 0.02167926 -0.00523084
v -0.00906690 0.02173084 0.00517927
v -0.00906690 0.02173084 0.00517927
v -0.00906533 -0.02132845 -0.00544226
v -0.00906533 -0.02132845 -0.00544226
v -0.00906533 0.02194226 0.00482844
v -0.00906530 -0.02199767 0.00451981
v -0.00906530 -0.02101981 -0.00549767
v -0.00906530 0.02101981 -0.00549767
v -0.00906530 0.02101981 -0.00549767
v -0.00906530 0.02199767 0.00451981
v -0.00906419 0.02199068 0.00462009
v -0.00906305 -0.02199767 0.00452611
v -0.00906305 -0.02102612 -0.00549767
v -0.00906305 -0.02102612 -0.00549767
v -0.00906305 0.02102612 -0.00549767
v -0.00906305 0.02102612 -0.00549767
v -0.00906305 0.02199767 0.00452611
v -0.00906186 0.02162805 -0.00527571
v -0.00906186 0.02177571 0.00512805
v -0.00906186 0.02177571 0.00512805
v -0.00906186 0.02177571 0.00512805
v -0.00906018 -0.02199767 0.00453217
v -0.00906018 -0.02103217 -0.00549767
v -0.00906018 0.02103217 -0.00549767
v -0.00906018 0.02103217 -0.00549767
v -0.00906018 0.02199767 0.00453217
v -0.00905906 -0.02197908 0.00469470
v -0.00905906 0.02197908 0.00469470
v -0.00905906 0.02197908 0.00469470
v -0.00905674 -0.02199767 0.00453791
v -0.00905674 -0.02103791 -0.00549767
v -0.00905674 0.02103791 -0.00549767
v -0.00905674 0.02103791 -0.00549767
v -0.00905674 0.02199767 0.00453791
v -0.00905652 0.02157390 -0.00531697
v -0.00905275 -0.02199767 0.00454329
v -0.00905275 -0.02104329 -0.00549767
v -0.00905275 0.02104329 -0.00549767
v -0.00905275 0.02104329 -0.00549767
v -0.00905275 0.02199767 0.00454329
v -0.00905211 0.02199068 0.00462580
v -0.00904825 -0.02199767 0.00454825
v -0.00904825 -0.02104825 -0.00549767
v -0.00904825 0.02104825 -0.00549767
v -0.00904825 0.02104825 -0.00549767
v -0.00904825 0.02199767 0.00454825
v -0.00904509 0.02145785 -0.00538789
v -0.00904509 0.02145785 -0.00538789
v -0.00904329 -0.02199767 0.00455275
v -0.00904329 -0.02105275 -0.00549767
v -0.00904329 0.02105275 -0.00549767
v -0.00904329 0.02105275 -0.00549767
v -0.00904329 0.02199767 0.00455275
v -0.00903969 0.02197908 0.00469955
v -0.00903905 0.02191721 0.00489648
v -0.00903791 -0.02199767 0.00455674
v -0.00903791 -0.02105674 -0.00549767
v -0.00903791 0.02105674 -0.00549767
v -0.00903791 0.02199767 0.00455674
v -0.00903217 -0.02199767 0.00456018
v -0.00903217 -0.02106018 -0.00549767
v -0.00903217 0.02106018 -0.00549767
v -0.00903217 0.02199767 0.00456018
v -0.00902644 0.02196292 0.00476850
v -0.00902644 0.02196292 0.00476850
v -0.00902611 -0.02199767 0.00456305
v -0.00902611 -0.02106305 -0.00549767
v -0.00902611 0.02106305 -0.00549767
v -0.00902611 0.02199767 0.00456305
v -0.00901994 0.02197908 0.00470248
v -0.00901981 -0.02199767 0.00456530
v -0.00901981 -0.02106530 -0.00549767
v -0.00901981 0.02106530 -0.00549767
v -0.00901981 0.02199767 0.00456530
v -0.00901335 0.02199068 0.00463551
v -0.00901331 -0.02199767 0.00456693
v -0.00901331 -0.02106693 -0.00549767
v -0.00901331 0.02106693 -0.00549767
v -0.00901331 0.02199767 0.00456693
v -0.00900669 -0.02199767 0.00456791
v -0.00900669 -0.02106791 -0.00549767
v -0.00900669 0.02106791 -0.00549767
v -0.00900669 0.02199767 0.00456791
v -0.00900000 -0.02200000 -0.00450000
v -0.00900000 -0.02200000 -0.00450000
v -0.00900000 -0.02200000 -0.00450000
v -0.00900000 -0.02200000 -0.00450000
v -0.00900000 -0.02200000 0.00450000
v -0.00900000 -0.02200000 0.00450000
v -0.00900000 -0.02200000 0.00450000
v -0.00900000 -0.02199767 -0.00456824
v -0.00900000 -0.02199767 -0.00456824
v -0.00900000 -0.02199068 0.00463617
v -0.00900000 -0.02199068 0.00463617
v -0.00900000 -0.02197908 -0.00470346
v -0.00900000 -0.02197908 -0.00470346
v -0.00900000 -0.02196292 0.00476980
v -0.00900000 -0.02196292 0.00476980
v -0.00900000 -0.02194226 -0.00483488
v -0.00900000 -0.02194226 -0.00483488
v -0.00900000 -0.02188788 -0.00496006
v -0.00900000 -0.02188788 -0.00496006
v -0.00900000 -0.02188788 -0.00496006
v -0.00900000 -0.02188788 -0.00496006
v -0.00900000 -0.02188788 0.00496006
v -0.00900000 -0.02188788 0.00496006
v -0.00900000 -0.02181697 -0.00507668
v -0.00900000 -0.02181697 -0.00507668
v -0.00900000 -0.02181697 0.00507668
v -0.00900000 -0.02181697 0.00507668
v -0.00900000 -0.02177571 0.00513109
v -0.00900000 -0.02177571 0.00513109
v -0.00900000 -0.02173084 -0.00518255
v -0.00900000 -0.02173084 -0.00518255
v -0.00900000 -0.02173084 -0.00518255
v -0.00900000 -0.02168255 0.00523084
v -0.00900000 -0.02168255 0.00523084
v -0.00900000 -0.02163109 -0.00527571
v -0.00900000 -0.02163109 -0.00527571
v -0.00900000 -0.02163109 -0.00527571
v -0.00900000 -0.02163109 0.00527571
v -0.00900000 -0.02163109 0.00527571
v -0.00900000 -0.02151958 -0.00535442
v -0.00900000 -0.02151958 -0.00535442
v -0.00900000 -0.02146006 0.00538789
v -0.00900000 -0.02146006 0.00538789
v -0.00900000 -0.02139840 -0.00541721
v -0.00900000 -0.02139840 -0.00541721
v -0.00900000 -0.02133488 0.00544226
v -0.00900000 -0.02133488 0.00544226
v -0.00900000 -0.02126980 -0.00546292
v -0.00900000 -0.02126980 -0.00546292
v -0.00900000 -0.02113616 -0.00549069
v -0.00900000 -0.02113616 -0.00549069
v -0.00900000 -0.02113616 0.00549069
v -0.00900000 -0.02113616 0.00549069
v -0.00900000 -0.02113616 0.00549069
v -0.00900000 -0.02113616 0.00549069
v -0.00900000 -0.02106824 0.00549767
v -0.00900000 -0.02106824 0.00549767
v -0.00900000 -0.02100000 -0.00550000
v -0.00900000 -0.02100000 -0.00550000
v -0.00900000 -0.02100000 -0.00550000
v -0.00900000 -0.02100000 -0.00550000
v -0.00900000 -0.02100000 0.00550000
v -0.00900000 -0.02100000 0.00550000
v -0.00900000 -0.02100000 0.00550000
v -0.00900000 -0.02100000 0.00550000
v -0.00900000 -0.02100000 0.00550000
v -0.00900000 0.02100000 -0.00550000
v -0.00900000 0.02100000 -0.00550000
v -0.00900000 0.02100000 -0.00550000
v -0.00900000 0.02100000 -0.00550000
v -0.00900000 0.02100000 -0.00550000
v -0.00900000 0.02100000 -0.00550000
v -0.00900000 0.02100000 0.00550000
v -0.00900000 0.02100000 0.00550000
v -0.00900000 0.02100000 0.00550000
v -0.00900000 0.02100000 0.00550000
v -0.00900000 0.02100000 0.00550000
v -0.00900000 0.02106824 0.00549767
v -0.00900000 0.02106824 0.00549767
v -0.00900000 0.02106824 0.00549767
v -0.00900000 0.02113616 -0.00549069
v -0.00900000 0.02113616 -0.00549069
v -0.00900000 0.02120346 0.00547908
v -0.00900000 0.02120346 0.00547908
v -0.00900000 0.02126980 -0.00546292
v -0.00900000 0.02126980 -0.00546292
v -0.00900000 0.02126980 0.00546292
v -0.00900000 0.02126980 0.00546292
v -0.00900000 0.02133488 0.00544226
v -0.00900000 0.02133488 0.00544226
v -0.00900000 0.02133488 0.00544226
v -0.00900000 0.02133488 0.00544226
v -0.00900000 0.02139840 -0.00541721
v -0.00900000 0.02139840 -0.00541721
v -0.00900000 0.02139840 -0.00541721
v -0.00900000 0.02139840 -0.00541721
v -0.00900000 0.02139840 0.00541721
v -0.00900000 0.02139840 0.00541721
v -0.00900000 0.02146006 0.00538789
v -0.00900000 0.02146006 0.00538789
v -0.00900000 0.02151958 -0.00535442
v -0.00900000 0.02151958 -0.00535442
v -0.00900000 0.02151958 0.00535442
v -0.00900000 0.02151958 0.00535442
v -0.00900000 0.02151958 0.00535442
v -0.00900000 0.02151958 0.00535442
v -0.00900000 0.02163109 -0.00527571
v -0.00900000 0.02163109 -0.00527571
v -0.00900000 0.02163109 0.00527571
v -0.00900000 0.02163109 0.00527571
v -0.00900000 0.02163109 0.00527571
v -0.00900000 0.02168255 -0.00523084
v -0.00900000 0.02168255 -0.00523084
v -0.00900000 0.02168255 0.00523084
v -0.00900000 0.02168255 0.00523084
v -0.00900000 0.02168255 0.00523084
v -0.00900000 0.02168255 0.00523084
v -0.00900000 0.02173084 -0.00518255
v -0.00900000 0.02173084 -0.00518255
v -0.00900000 0.02173084 0.00518255
v -0.00900000 0.02173084 0.00518255
v -0.00900000 0.02177571 0.00513109
v -0.00900000 0.02177571 0.00513109
v -0.00900000 0.02177571 0.00513109
v -0.00900000 0.02181697 -0.00507668
v -0.00900000 0.02181697 -0.00507668
v -0.00900000 0.02181697 -0.00507668
v -0.00900000 0.02181697 -0.00507668
v -0.00900000 0.02181697 0.00507668
v -0.00900000 0.02181697 0.00507668
v -0.00900000 0.02185442 -0.00501958
v -0.00900000 0.02185442 -0.00501958
v -0.00900000 0.02185442 0.00501958
v -0.00900000 0.02185442 0.00501958
v -0.00900000 0.02185442 0.00501958
v -0.00900000 0.02185442 0.00501958
v -0.00900000 0.02188788 -0.00496006
v -0.00900000 0.02188788 -0.00496006
v -0.00900000 0.02188788 0.00496006
v -0.00900000 0.02188788 0.00496006
v -0.00900000 0.02191721 -0.00489840
v -0.00900000 0.02191721 -0.00489840
v -0.00900000 0.02191721 0.00489840
v -0.00900000 0.02191721 0.00489840
v -0.00900000 0.02191721 0.00489840
v -0.00900000 0.02194226 -0.00483488
v -0.00900000 0.02194226 -0.00483488
v -0.00900000 0.02194226 0.00483488
v -0.00900000 0.02194226 0.00483488
v -0.00900000 0.02196292 -0.00476980
v -0.00900000 0.02196292 -0.00476980
v -0.00900000 0.02196292 0.00476980
v -0.00900000 0.02196292 0.00476980
v -0.00900000 0.02196292 0.00476980
v -0.00900000 0.02196292 0.00476980
v -0.00900000 0.02197908 -0.00470346
v -0.00900000 0.02197908 -0.00470346
v -0.00900000 0.02197908 0.00470346
v -0.00900000 0.02197908 0.00470346
v -0.00900000 0.02199068 -0.00463617
v -0.00900000 0.02199068 -0.00463617
v -0.00900000 0.02199068 0.00463617
v -0.00900000 0.02199068 0.00463617
v -0.00900000 0.02199767 -0.00456824
v -0.00900000 0.02199767 -0.00456824
v -0.00900000 0.02199767 0.00456824
v -0.00900000 0.02199767 0.00456824
v -0.00900000 0.02200000 -0.00450000
v -0.00900000 0.02200000 -0.00450000
v -0.00900000 0.02200000 -0.00450000
v -0.00900000 0.02200000 -0.00450000
v -0.00900000 0.02200000 0.00450000
v -0.00900000 0.02200000 0.00450000
v -0.00900000 0.02200000 0.00450000
v -0.00850000 -0.01000000 -0.00550000
v -0.00850000 -0.01000000 -0.00550000
v -0.00850000 -0.01000000 0.00550000
v -0.00850000 -0.01000000 0.00550000
v -0.00850000 0.01000000 -0.00550000
v -0.00850000 0.01000000 -0.00550000
v -0.00850000 0.01000000 0.00550000
v -0.00850000 0.01000000 0.00550000
v -0.00847929 -0.01059293 -0.00550000
v -0.00847929 -0.01059293 -0.00550000
v -0.00847929 -0.01059293 0.00550000
v -0.00847929 -0.01059293 0.00550000
v -0.00847929 -0.00940707 -0.00550000
v -0.00847929 -0.00940707 -0.00550000
v -0.00847929 -0.00940707 0.00550000
v -0.00847929 -0.00940707 0.00550000
v -0.00847929 0.00940707 -0.00550000
v -0.00847929 0.00940707 -0.00550000
v -0.00847929 0.00940707 0.00550000
v -0.00847929 0.00940707 0.00550000
v -0.00847929 0.00940707 0.00550000
v -0.00847929 0.00940707 0.00550000
v -0.00847929 0.01059293 -0.00550000
v -0.00847929 0.01059293 -0.00550000
v -0.00847929 0.01059293 0.00550000
v -0.00847929 0.01059293 0.00550000
v -0.00841728 -0.01118297 -0.00550000
v -0.00841728 -0.01118297 -0.00550000
v -0.00841728 -0.01118297 0.00550000
v -0.00841728 -0.01118297 0.00550000
v -0.00841728 -0.00881703 -0.00550000
v -0.00841728 -0.00881703 -0.00550000
v -0.00841728 -0.00881703 0.00550000
v -0.00841728 -0.00881703 0.00550000
v -0.00841728 0.00881703 -0.00550000
v -0.00841728 0.00881703 -0.00550000
v -0.00841728 0.00881703 0.00550000
v -0.00841728 0.00881703 0.00550000
v -0.00841728 0.01118297 -0.00550000
v -0.00841728 0.01118297 -0.00550000
v -0.00841728 0.01118297 0.00550000
v -0.00841728 0.01118297 0.00550000
v -0.00831425 -0.01176725 -0.00550000
v -0.00831425 -0.01176725 -0.00550000
v -0.00831425 -0.01176725 0.00550000
v -0.00831425 -0.01176725 0.00550000
v -0.00831425 -0.00823275 -0.00550000
v -0.00831425 -0.00823275 -0.00550000
v -0.00831425 -0.00823275 0.00550000
v -0.00831425 -0.00823275 0.00550000
v -0.00831425 0.00823275 -0.00550000
v -0.00831425 0.00823275 -0.00550000
v -0.00831425 0.00823275 0.00550000
v -0.00831425 0.00823275 0.00550000
v -0.00831425 0.01176725 -0.00550000
v -0.00831425 0.01176725 -0.00550000
v -0.00831425 0.01176725 0.00550000
v -0.00831425 0.01176725 0.00550000
v -0.00817073 -0.01234292 -0.00550000
v -0.00817073 -0.01234292 -0.00550000
v -0.00817073 -0.01234292 0.00550000
v -0.00817073 -0.01234292 0.00550000
v -0.00817073 -0.00765708 -0.00550000
v -0.00817073 -0.00765708 -0.00550000
v -0.00817073 -0.00765708 0.00550000
v -0.00817073 -0.00765708 0.00550000
v -0.00817073 -0.00765708 0.00550000
v -0.00817073 -0.00765708 0.00550000
v -0.00817073 0.00765708 -0.00550000
v -0.00817073 0.00765708 -0.00550000
v -0.00817073 0.00765708 0.00550000
v -0.00817073 0.00765708 0.00550000
v -0.00817073 0.01234292 -0.00550000
v -0.00817073 0.01234292 -0.00550000
v -0.00817073 0.01234292 0.00550000
v -0.00817073 0.01234292 0.00550000
v -0.00798739 -0.01290717 -0.00550000
v -0.00798739 -0.01290717 -0.00550000
v -0.00798739 -0.01290717 0.00550000
v -0.00798739 -0.01290717 0.00550000
v -0.00798739 -0.00709283 -0.00550000
v -0.00798739 -0.00709283 -0.00550000
v -0.00798739 -0.00709283 0.00550000
v -0.00798739 -0.00709283 0.00550000
v -0.00798739 0.00709283 -0.00550000
v -0.00798739 0.00709283 -0.00550000
v -0.00798739 0.00709283 0.00550000
v -0.00798739 0.00709283 0.00550000
v -0.00798739 0.01290717 -0.00550000
v -0.00798739 0.01290717 -0.00550000
v -0.00798739 0.01290717 0.00550000
v -0.00798739 0.01290717 0.00550000
v -0.00776514 -0.01345726 -0.00550000
v -0.00776514 -0.01345726 -0.00550000
v -0.00776514 -0.01345726 0.00550000
v -0.00776514 -0.01345726 0.00550000
v -0.00776514 -0.00654274 -0.00550000
v -0.00776514 -0.00654274 -0.00550000
v -0.00776514 -0.00654274 0.00550000
v -0.00776514 -0.00654274 0.00550000
v -0.00776514 0.00654274 -0.00550000
v -0.00776514 0.00654274 -0.00550000
v -0.00776514 0.00654274 0.00550000
v -0.00776514 0.00654274 0.00550000
v -0.00776514 0.01345726 -0.00550000
v -0.00776514 0.01345726 -0.00550000
v -0.00776514 0.01345726 0.00550000
v -0.00776514 0.01345726 0.00550000
v -0.00750505 -0.01399051 -0.00550000
v -0.00750505 -0.01399051 -0.00550000
v -0.00750505 -0.01399051 0.00550000
v -0.00750505 -0.01399051 0.00550000
v -0.00750505 -0.00600949 -0.00550000
v -0.00750505 -0.00600949 -0.00550000
v -0.00750505 -0.00600949 0.00550000
v -0.00750505 -0.00600949 0.00550000
v -0.00750505 0.00600949 -0.00550000
v -0.00750505 0.00600949 -0.00550000
v -0.00750505 0.00600949 0.00550000
v -0.00750505 0.00600949 0.00550000
v -0.00750505 0.01399051 -0.00550000
v -0.00750505 0.01399051 -0.00550000
v -0.00750505 0.01399051 0.00550000
v -0.00750505 0.01399051 0.00550000
v -0.00750000 -0.01000000 -0.00450000
v -0.00750000 -0.01000000 -0.00450000
v -0.00750000 -0.01000000 0.00450000
v -0.00750000 -0.01000000 0.00450000
v -0.00750000 0.01000000 -0.00450000
v -0.00750000 0.01000000 -0.00450000
v -0.00750000 0.01000000 0.00450000
v -0.00750000 0.01000000 0.00450000
v -0.00748173 -0.01052317 -0.00450000
v -0.00748173 -0.01052317 -0.00450000
v -0.00748173 -0.01052317 0.00450000
v -0.00748173 -0.01052317 0.00450000
v -0.00748173 -0.00947683 -0.00450000
v -0.00748173 -0.00947683 -0.00450000
v -0.00748173 -0.00947683 0.00450000
v -0.00748173 -0.00947683 0.00450000
v -0.00748173 0.00947683 -0.00450000
v -0.00748173 0.00947683 -0.00450000
v -0.00748173 0.00947683 0.00450000
v -0.00748173 0.00947683 0.00450000
v -0.00748173 0.01052317 -0.00450000
v -0.00748173 0.01052317 -0.00450000
v -0.00748173 0.01052317 0.00450000
v -0.00748173 0.01052317 0.00450000
v -0.00742701 -0.01104380 -0.00450000
v -0.00742701 -0.01104380 -0.00450000
v -0.00742701 -0.01104380 0.00450000
v -0.00742701 -0.01104380 0.00450000
v -0.00742701 -0.00895620 -0.00450000
v -0.00742701 -0.00895620 -0.00450000
v -0.00742701 -0.00895620 0.00450000
v -0.00742701 -0.00895620 0.00450000
v -0.00742701 0.00895620 -0.00450000
v -0.00742701 0.00895620 -0.00450000
v -0.00742701 0.00895620 0.00450000
v -0.00742701 0.00895620 0.00450000
v -0.00742701 0.01104380 -0.00450000
v -0.00742701 0.01104380 -0.00450000
v -0.00742701 0.01104380 0.00450000
v -0.00742701 0.01104380 0.00450000
v -0.00733611 -0.01155934 -0.00450000
v -0.00733611 -0.01155934 -0.00450000
v -0.00733611 -0.01155934 0.00450000
v -0.00733611 -0.01155934 0.00450000
v -0.00733611 -0.00844066 -0.00450000
v -0.00733611 -0.00844066 -0.00450000
v -0.00733611 -0.00844066 0.00450000
v -0.00733611 -0.00844066 0.00450000
v -0.00733611 0.00844066 -0.00450000
v -0.00733611 0.00844066 -0.00450000
v -0.00733611 0.00844066 0.00450000
v -0.00733611 0.00844066 0.00450000
v -0.00733611 0.01155934 -0.00450000
v -0.00733611 0.01155934 -0.00450000
v -0.00733611 0.01155934 0.00450000
v -0.00733611 0.01155934 0.00450000
v -0.00720946 -0.01206728 -0.00450000
v -0.00720946 -0.01206728 -0.00450000
v -0.00720946 -0.01206728 0.00450000
v -0.00720946 -0.01206728 0.00450000
v -0.00720946 -0.00793272 -0.00450000
v -0.00720946 -0.00793272 -0.00450000
v -0.00720946 -0.00793272 0.00450000
v -0.00720946 -0.00793272 0.00450000
v -0.00720946 0.00793272 -0.00450000
v -0.00720946 0.00793272 -0.00450000
v -0.00720946 0.00793272 0.00450000
v -0.00720946 0.00793272 0.00450000
v -0.00720946 0.01206728 -0.00450000
v -0.00720946 0.01206728 -0.00450000
v -0.00720946 0.01206728 0.00450000
v -0.00720946 0.01206728 0.00450000
v -0.00720841 -0.01450431 -0.00550000
v -0.00720841 -0.01450431 -0.00550000
v -0.00720841 -0.01450431 0.00550000
v -0.00720841 -0.01450431 0.00550000
v -0.00720841 -0.00549569 -0.00550000
v -0.00720841 -0.00549569 -0.00550000
v -0.00720841 -0.00549569 0.00550000
v -0.00720841 -0.00549569 0.00550000
v -0.00720841 0.00549569 -0.00550000
v -0.00720841 0.00549569 -0.00550000
v -0.00720841 0.00549569 0.00550000
v -0.00720841 0.00549569 0.00550000
v -0.00720841 0.01450431 -0.00550000
v -0.00720841 0.01450431 -0.00550000
v -0.00720841 0.01450431 0.00550000
v -0.00720841 0.01450431 0.00550000
v -0.00704769 -0.01256515 -0.00450000
v -0.00704769 -0.01256515 -0.00450000
v -0.00704769 -0.01256515 0.00450000
v -0.00704769 -0.01256515 0.00450000
v -0.00704769 -0.00743485 -0.00450000
v -0.00704769 -0.00743485 -0.00450000
v -0.00704769 -0.00743485 0.00450000
v -0.00704769 -0.00743485 0.00450000
v -0.00704769 0.00743485 -0.00450000
v -0.00704769 0.00743485 -0.00450000
v -0.00704769 0.00743485 0.00450000
v -0.00704769 0.00743485 0.00450000
v -0.00704769 0.01256515 -0.00450000
v -0.00704769 0.01256515 -0.00450000
v -0.00704769 0.01256515 0.00450000
v -0.00704769 0.01256515 0.00450000
v -0.00687664 -0.01499617 -0.00550000
v -0.00687664 -0.01499617 -0.00550000
v -0.00687664 -0.01499617 0.00550000
v -0.00687664 -0.01499617 0.00550000
v -0.00687664 -0.00500383 -0.00550000
v -0.00687664 -0.00500383 -0.00550000
v -0.00687664 -0.00500383 0.00550000
v -0.00687664 -0.00500383 0.00550000
v -0.00687664 0.00500383 -0.00550000
v -0.00687664 0.00500383 -0.00550000
v -0.00687664 0.00500383 0.00550000
v -0.00687664 0.00500383 0.00550000
v -0.00687664 0.01499617 -0.00550000
v -0.00687664 0.01499617 -0.00550000
v -0.00687664 0.01499617 0.00550000
v -0.00687664 0.01499617 0.00550000
v -0.00685159 -0.01305052 -0.00450000
v -0.00685159 -0.01305052 -0.00450000
v -0.00685159 -0.01305052 0.00450000
v -0.00685159 -0.01305052 0.00450000
v -0.00685159 -0.00694947 -0.00450000
v -0.00685159 -0.00694947 -0.00450000
v -0.00685159 -0.00694947 0.00450000
v -0.00685159 -0.00694947 0.00450000
v -0.00685159 0.00694947 -0.00450000
v -0.00685159 0.00694947 -0.00450000
v -0.00685159 0.00694947 0.00450000
v -0.00685159 0.00694947 0.00450000
v -0.00685159 0.01305052 -0.00450000
v -0.00685159 0.01305052 -0.00450000
v -0.00685159 0.01305052 0.00450000
v -0.00685159 0.01305052 0.00450000
v -0.00662211 -0.01352104 -0.00450000
v -0.00662211 -0.01352104 -0.00450000
v -0.00662211 -0.01352104 0.00450000
v -0.00662211 -0.01352104 0.00450000
v -0.00662211 -0.00647896 -0.00450000
v -0.00662211 -0.00647896 -0.00450000
v -0.00662211 -0.00647896 0.00450000
v -0.00662211 -0.00647896 0.00450000
v -0.00662211 0.00647896 -0.00450000
v -0.00662211 0.00647896 -0.00450000
v -0.00662211 0.00647896 0.00450000
v -0.00662211 0.00647896 0.00450000
v -0.00662211 0.01352104 -0.00450000
v -0.00662211 0.01352104 -0.00450000
v -0.00662211 0.01352104 0.00450000
v -0.00662211 0.01352104 0.00450000
v -0.00651138 -0.01546369 -0.00550000
v -0.00651138 -0.01546369 -0.00550000
v -0.00651138 -0.01546369 0.00550000
v -0.00651138 -0.01546369 0.00550000
v -0.00651138 -0.00453631 -0.00550000
v -0.00651138 -0.00453631 -0.00550000
v -0.00651138 -0.00453631 0.00550000
v -0.00651138 -0.00453631 0.00550000
v -0.00651138 0.00453631 -0.00550000
v -0.00651138 0.00453631 -0.00550000
v -0.00651138 0.00453631 0.00550000
v -0.00651138 0.00453631 0.00550000
v -0.00651138 0.01546369 -0.00550000
v -0.00651138 0.01546369 -0.00550000
v -0.00651138 0.01546369 0.00550000
v -0.00651138 0.01546369 0.00550000
v -0.00636036 -0.01397439 -0.00450000
v -0.00636036 -0.01397439 -0.00450000
v -0.00636036 -0.01397439 0.00450000
v -0.00636036 -0.01397439 0.00450000
v -0.00636036 -0.00602561 -0.00450000
v -0.00636036 -0.00602561 -0.00450000
v -0.00636036 -0.00602561 0.00450000
v -0.00636036 -0.00602561 0.00450000
v -0.00636036 0.00602561 -0.00450000
v -0.00636036 0.00602561 -0.00450000
v -0.00636036 0.00602561 0.00450000
v -0.00636036 0.00602561 0.00450000
v -0.00636036 0.01397439 -0.00450000
v -0.00636036 0.01397439 -0.00450000
v -0.00636036 0.01397439 0.00450000
v -0.00636036 0.01397439 0.00450000
v -0.00611439 -0.01590460 -0.00550000
v -0.00611439 -0.01590460 -0.00550000
v -0.00611439 -0.01590460 0.00550000
v -0.00611439 -0.01590460 0.00550000
v -0.00611439 -0.00409540 -0.00550000
v -0.00611439 -0.00409540 -0.00550000
v -0.00611439 -0.00409540 0.00550000
v -0.00611439 -0.00409540 0.00550000
v -0.00611439 0.00409540 -0.00550000
v -0.00611439 0.00409540 -0.00550000
v -0.00611439 0.00409540 0.00550000
v -0.00611439 0.00409540 0.00550000
v -0.00611439 0.01590460 -0.00550000
v -0.00611439 0.01590460 -0.00550000
v -0.00611439 0.01590460 0.00550000
v -0.00611439 0.01590460 0.00550000
v -0.00606763 -0.01440839 -0.00450000
v -0.00606763 -0.01440839 -0.00450000
v -0.00606763 -0.01440839 0.00450000
v -0.00606763 -0.01440839 0.00450000
v -0.00606763 -0.00559161 -0.00450000
v -0.00606763 -0.00559161 -0.00450000
v -0.00606763 -0.00559161 0.00450000
v -0.00606763 -0.00559161 0.00450000
v -0.00606763 0.00559161 -0.00450000
v -0.00606763 0.00559161 -0.00450000
v -0.00606763 0.00559161 0.00450000
v -0.00606763 0.00559161 0.00450000
v -0.00606763 0.01440839 -0.00450000
v -0.00606763 0.01440839 -0.00450000
v -0.00606763 0.01440839 0.00450000
v -0.00606763 0.01440839 0.00450000
v -0.00574533 -0.01482091 -0.00450000
v -0.00574533 -0.01482091 -0.00450000
v -0.00574533 -0.01482091 0.00450000
v -0.00574533 -0.01482091 0.00450000
v -0.00574533 -0.00517909 -0.00450000
v -0.00574533 -0.00517909 -0.00450000
v -0.00574533 -0.00517909 0.00450000
v -0.00574533 -0.00517909 0.00450000
v -0.00574533 0.00517909 -0.00450000
v -0.00574533 0.00517909 -0.00450000
v -0.00574533 0.00517909 0.00450000
v -0.00574533 0.00517909 0.00450000
v -0.00574533 0.01482091 -0.00450000
v -0.00574533 0.01482091 -0.00450000
v -0.00574533 0.01482091 0.00450000
v -0.00574533 0.01482091 0.00450000
v -0.00568761 -0.01631673 -0.00550000
v -0.00568761 -0.01631673 -0.00550000
v -0.00568761 -0.01631673 0.00550000
v -0.00568761 -0.01631673 0.00550000
v -0.00568761 -0.00368327 -0.00550000
v -0.00568761 -0.00368327 -0.00550000
v -0.00568761 -0.00368327 0.00550000
v -0.00568761 -0.00368327 0.00550000
v -0.00568761 0.00368327 -0.00550000
v -0.00568761 0.00368327 -0.00550000
v -0.00568761 0.00368327 0.00550000
v -0.00568761 0.00368327 0.00550000
v -0.00568761 0.00368327 0.00550000
v -0.00568761 0.01631673 -0.00550000
v -0.00568761 0.01631673 -0.00550000
v -0.00568761 0.01631673 0.00550000
v -0.00568761 0.01631673 0.00550000
v -0.00539505 -0.01520994 -0.00450000
v -0.00539505 -0.01520994 -0.00450000
v -0.00539505 -0.01520994 -0.00450000
v -0.00539505 -0.01520994 0.00450000
v -0.00539505 -0.01520994 0.00450000
v -0.00539505 -0.01520994 0.00450000
v -0.00539505 -0.00479006 -0.00450000
v -0.00539505 -0.00479006 -0.00450000
v -0.00539505 -0.00479006 -0.00450000
v -0.00539505 -0.00479006 0.00450000
v -0.00539505 -0.00479006 0.00450000
v -0.00539505 -0.00479006 0.00450000
v -0.00539505 0.00479006 -0.00450000
v -0.00539505 0.00479006 -0.00450000
v -0.00539505 0.00479006 -0.00450000
v -0.00539505 0.00479006 0.00450000
v -0.00539505 0.00479006 0.00450000
v -0.00539505 0.00479006 0.00450000
v -0.00539505 0.01520994 -0.00450000
v -0.00539505 0.01520994 -0.00450000
v -0.00539505 0.01520994 -0.00450000
v -0.00539505 0.01520994 0.00450000
v -0.00539505 0.01520994 0.00450000
v -0.00539505 0.01520994 0.00450000
v -0.00523312 -0.01669809 -0.00550000
v -0.00523312 -0.01669809 -0.00550000
v -0.00523312 -0.01669809 0.00550000
v -0.00523312 -0.01669809 0.00550000
v -0.00523312 -0.00330191 -0.00550000
v -0.00523312 -0.00330191 -0.00550000
v -0.00523312 -0.00330191 0.00550000
v -0.00523312 -0.00330191 0.00550000
v -0.00523312 0.00330191 -0.00550000
v -0.00523312 0.00330191 -0.00550000
v -0.00523312 0.00330191 0.00550000
v -0.00523312 0.00330191 0.00550000
v -0.00523312 0.00330191 0.00550000
v -0.00523312 0.01669809 -0.00550000
v -0.00523312 0.01669809 -0.00550000
v -0.00523312 0.01669809 0.00550000
v -0.00523312 0.01669809 0.00550000
v -0.00501848 -0.01557359 -0.00450000
v -0.00501848 -0.01557359 -0.00450000
v -0.00501848 -0.01557359 0.00450000
v -0.00501848 -0.01557359 0.00450000
v -0.00501848 -0.00442641 -0.00450000
v -0.00501848 -0.00442641 -0.00450000
v -0.00501848 -0.00442641 0.00450000
v -0.00501848 -0.00442641 0.00450000
v -0.00501848 0.00442641 -0.00450000
v -0.00501848 0.00442641 -0.00450000
v -0.00501848 0.00442641 0.00450000
v -0.00501848 0.00442641 0.00450000
v -0.00501848 0.01557359 -0.00450000
v -0.00501848 0.01557359 -0.00450000
v -0.00501848 0.01557359 0.00450000
v -0.00501848 0.01557359 0.00450000
v -0.00475314 -0.01704682 -0.00550000
v -0.00475314 -0.01704682 -0.00550000
v -0.00475314 -0.01704682 0.00550000
v -0.00475314 -0.01704682 0.00550000
v -0.00475314 -0.00295318 -0.00550000
v -0.00475314 -0.00295318 -0.00550000
v -0.00475314 -0.00295318 0.00550000
v -0.00475314 -0.00295318 0.00550000
v -0.00475314 0.00295318 -0.00550000
v -0.00475314 0.00295318 -0.00550000
v -0.00475314 0.00295318 0.00550000
v -0.00475314 0.00295318 0.00550000
v -0.00475314 0.01704682 -0.00550000
v -0.00475314 0.01704682 -0.00550000
v -0.00475314 0.01704682 0.00550000
v -0.00475314 0.01704682 0.00550000
v -0.00461746 -0.01591008 -0.00450000
v -0.00461746 -0.01591008 -0.00450000
v -0.00461746 -0.01591008 0.00450000
v -0.00461746 -0.01591008 0.00450000
v -0.00461746 -0.00408992 -0.00450000
v -0.00461746 -0.00408992 -0.00450000
v -0.00461746 -0.00408992 0.00450000
v -0.00461746 -0.00408992 0.00450000
v -0.00461746 0.00408992 -0.00450000
v -0.00461746 0.00408992 -0.00450000
v -0.00461746 0.00408992 0.00450000
v -0.00461746 0.00408992 0.00450000
v -0.00461746 0.01591008 -0.00450000
v -0.00461746 0.01591008 -0.00450000
v -0.00461746 0.01591008 0.00450000
v -0.00461746 0.01591008 0.00450000
v -0.00425000 -0.01736122 -0.00550000
v -0.00425000 -0.01736122 -0.00550000
v -0.00425000 -0.01736122 0.00550000
v -0.00425000 -0.01736122 0.00550000
v -0.00425000 -0.00263878 -0.00550000
v -0.00425000 -0.00263878 -0.00550000
v -0.00425000 -0.00263878 0.00550000
v -0.00425000 -0.00263878 0.00550000
v -0.00425000 0.00263878 -0.00550000
v -0.00425000 0.00263878 -0.00550000
v -0.00425000 0.00263878 0.00550000
v -0.00425000 0.00263878 0.00550000
v -0.00425000 0.01736122 -0.00550000
v -0.00425000 0.01736122 -0.00550000
v -0.00425000 0.01736122 0.00550000
v -0.00425000 0.01736122 0.00550000
v -0.00419395 -0.01621778 -0.00450000
v -0.00419395 -0.01621778 -0.00450000
v -0.00419395 -0.01621778 0.00450000
v -0.00419395 -0.01621778 0.00450000
v -0.00419395 -0.00378222 -0.00450000
v -0.00419395 -0.00378222 -0.00450000
v -0.00419395 -0.00378222 0.00450000
v -0.00419395 -0.00378222 0.00450000
v -0.00419395 0.00378222 -0.00450000
v -0.00419395 0.00378222 -0.00450000
v -0.00419395 0.00378222 0.00450000
v -0.00419395 0.00378222 0.00450000
v -0.00419395 0.01621778 -0.00450000
v -0.00419395 0.01621778 -0.00450000
v -0.00419395 0.01621778 0.00450000
v -0.00419395 0.01621778 0.00450000
v -0.00375000 -0.01649519 -0.00450000
v -0.00375000 -0.01649519 -0.00450000
v -0.00375000 -0.01649519 0.00450000
v -0.00375000 -0.01649519 0.00450000
v -0.00375000 -0.00350481 -0.00450000
v -0.00375000 -0.00350481 -0.00450000
v -0.00375000 -0.00350481 0.00450000
v -0.00375000 -0.00350481 0.00450000
v -0.00375000 0.00350481 -0.00450000
v -0.00375000 0.00350481 -0.00450000
v -0.00375000 0.00350481 0.00450000
v -0.00375000 0.00350481 0.00450000
v -0.00375000 0.01649519 -0.00450000
v -0.00375000 0.01649519 -0.00450000
v -0.00375000 0.01649519 0.00450000
v -0.00375000 0.01649519 0.00450000
v -0.00372615 -0.01763975 -0.00550000
v -0.00372615 -0.01763975 -0.00550000
v -0.00372615 -0.01763975 0.00550000
v -0.00372615 -0.01763975 0.00550000
v -0.00372615 -0.00236025 -0.00550000
v -0.00372615 -0.00236025 -0.00550000
v -0.00372615 -0.00236025 0.00550000
v -0.00372615 -0.00236025 0.00550000
v -0.00372615 0.00236025 -0.00550000
v -0.00372615 0.00236025 -0.00550000
v -0.00372615 0.00236025 0.00550000
v -0.00372615 0.00236025 0.00550000
v -0.00372615 0.01763975 -0.00550000
v -0.00372615 0.01763975 -0.00550000
v -0.00372615 0.01763975 0.00550000
v -0.00372615 0.01763975 0.00550000
v -0.00328778 -0.01674095 -0.00450000
v -0.00328778 -0.01674095 -0.00450000
v -0.00328778 -0.01674095 0.00450000
v -0.00328778 -0.01674095 0.00450000
v -0.00328778 -0.00325904 -0.00450000
v -0.00328778 -0.00325904 -0.00450000
v -0.00328778 -0.00325904 0.00450000
v -0.00328778 -0.00325904 0.00450000
v -0.00328778 0.00325904 -0.00450000
v -0.00328778 0.00325904 -0.00450000
v -0.00328778 0.00325904 0.00450000
v -0.00328778 0.00325904 0.00450000
v -0.00328778 0.01674095 -0.00450000
v -0.00328778 0.01674095 -0.00450000
v -0.00328778 0.01674095 0.00450000
v -0.00328778 0.01674095 0.00450000
v -0.00318416 -0.01788106 -0.00550000
v -0.00318416 -0.01788106 -0.00550000
v -0.00318416 -0.01788106 0.00550000
v -0.00318416 -0.01788106 0.00550000
v -0.00318416 -0.00211894 -0.00550000
v -0.00318416 -0.00211894 -0.00550000
v -0.00318416 -0.00211894 0.00550000
v -0.00318416 -0.00211894 0.00550000
v -0.00318416 0.00211894 -0.00550000
v -0.00318416 0.00211894 -0.00550000
v -0.00318416 0.00211894 0.00550000
v -0.00318416 0.00211894 0.00550000
v -0.00318416 0.01788106 -0.00550000
v -0.00318416 0.01788106 -0.00550000
v -0.00318416 0.01788106 0.00550000
v -0.00318416 0.01788106 0.00550000
v -0.00280955 -0.01695388 -0.00450000
v -0.00280955 -0.01695388 -0.00450000
v -0.00280955 -0.01695388 0.00450000
v -0.00280955 -0.01695388 0.00450000
v -0.00280955 -0.00304612 -0.00450000
v -0.00280955 -0.00304612 -0.00450000
v -0.00280955 -0.00304612 0.00450000
v -0.00280955 -0.00304612 0.00450000
v -0.00280955 0.00304612 -0.00450000
v -0.00280955 0.00304612 -0.00450000
v -0.00280955 0.00304612 0.00450000
v -0.00280955 0.00304612 0.00450000
v -0.00280955 0.01695388 -0.00450000
v -0.00280955 0.01695388 -0.00450000
v -0.00280955 0.01695388 0.00450000
v -0.00280955 0.01695388 0.00450000
v -0.00262664 -0.01808398 -0.00550000
v -0.00262664 -0.01808398 -0.00550000
v -0.00262664 -0.01808398 0.00550000
v -0.00262664 -0.01808398 0.00550000
v -0.00262664 -0.00191602 -0.00550000
v -0.00262664 -0.00191602 -0.00550000
v -0.00262664 -0.00191602 0.00550000
v -0.00262664 -0.00191602 0.00550000
v -0.00262664 0.00191602 -0.00550000
v -0.00262664 0.00191602 -0.00550000
v -0.00262664 0.00191602 0.00550000
v -0.00262664 0.00191602 0.00550000
v -0.00262664 0.01808398 -0.00550000
v -0.00262664 0.01808398 -0.00550000
v -0.00262664 0.01808398 0.00550000
v -0.00262664 0.01808398 0.00550000
v -0.00231763 -0.01713292 -0.00450000
v -0.00231763 -0.01713292 -0.00450000
v -0.00231763 -0.01713292 0.00450000
v -0.00231763 -0.01713292 0.00450000
v -0.00231763 -0.00286708 -0.00450000
v -0.00231763 -0.00286708 -0.00450000
v -0.00231763 -0.00286708 0.00450000
v -0.00231763 -0.00286708 0.00450000
v -0.00231763 0.00286708 -0.00450000
v -0.00231763 0.00286708 -0.00450000
v -0.00231763 0.00286708 0.00450000
v -0.00231763 0.00286708 0.00450000
v -0.00231763 0.01713292 -0.00450000
v -0.00231763 0.01713292 -0.00450000
v -0.00231763 0.01713292 0.00450000
v -0.00231763 0.01713292 0.00450000
v -0.00205634 -0.01824751 -0.00550000
v -0.00205634 -0.01824751 -0.00550000
v -0.00205634 -0.01824751 0.00550000
v -0.00205634 -0.01824751 0.00550000
v -0.00205634 -0.00175249 -0.00550000
v -0.00205634 -0.00175249 -0.00550000
v -0.00205634 -0.00175249 0.00550000
v -0.00205634 -0.00175249 0.00550000
v -0.00205634 0.00175249 -0.00550000
v -0.00205634 0.00175249 -0.00550000
v -0.00205634 0.00175249 0.00550000
v -0.00205634 0.00175249 0.00550000
v -0.00205634 0.01824751 -0.00550000
v -0.00205634 0.01824751 -0.00550000
v -0.00205634 0.01824751 0.00550000
v -0.00205634 0.01824751 0.00550000
v -0.00181441 -0.01727722 -0.00450000
v -0.00181441 -0.01727722 -0.00450000
v -0.00181441 -0.01727722 0.00450000
v -0.00181441 -0.01727722 0.00450000
v -0.00181441 -0.00272278 -0.00450000
v -0.00181441 -0.00272278 -0.00450000
v -0.00181441 -0.00272278 0.00450000
v -0.00181441 -0.00272278 0.00450000
v -0.00181441 0.00272278 -0.00450000
v -0.00181441 0.00272278 -0.00450000
v -0.00181441 0.00272278 0.00450000
v -0.00181441 0.00272278 0.00450000
v -0.00181441 0.01727722 -0.00450000
v -0.00181441 0.01727722 -0.00450000
v -0.00181441 0.01727722 0.00450000
v -0.00181441 0.01727722 0.00450000
v -0.00147601 -0.01837087 -0.00550000
v -0.00147601 -0.01837087 -0.00550000
v -0.00147601 -0.01837087 0.00550000
v -0.00147601 -0.01837087 0.00550000
v -0.00147601 -0.00162913 -0.00550000
v -0.00147601 -0.00162913 -0.00550000
v -0.00147601 -0.00162913 0.00550000
v -0.00147601 -0.00162913 0.00550000
v -0.00147601 0.00162913 -0.00550000
v -0.00147601 0.00162913 -0.00550000
v -0.00147601 0.00162913 0.00550000
v -0.00147601 0.00162913 0.00550000
v -0.00147601 0.01837087 -0.00550000
v -0.00147601 0.01837087 -0.00550000
v -0.00147601 0.01837087 0.00550000
v -0.00147601 0.01837087 0.00550000
v -0.00130236 -0.01738606 -0.00450000
v -0.00130236 -0.01738606 -0.00450000
v -0.00130236 -0.01738606 0.00450000
v -0.00130236 -0.01738606 0.00450000
v -0.00130236 -0.00261394 -0.00450000
v -0.00130236 -0.00261394 -0.00450000
v -0.00130236 -0.00261394 0.00450000
v -0.00130236 -0.00261394 0.00450000
v -0.00130236 0.00261394 -0.00450000
v -0.00130236 0.00261394 -0.00450000
v -0.00130236 0.00261394 0.00450000
v -0.00130236 0.00261394 0.00450000
v -0.00130236 0.01738606 -0.00450000
v -0.00130236 0.01738606 -0.00450000
v -0.00130236 0.01738606 0.00450000
v -0.00130236 0.01738606 0.00450000
v -0.00088849 -0.01845343 -0.00550000
v -0.00088849 -0.01845343 -0.00550000
v -0.00088849 -0.01845343 0.00550000
v -0.00088849 -0.01845343 0.00550000
v -0.00088849 -0.00154656 -0.00550000
v -0.00088849 -0.00154656 -0.00550000
v -0.00088849 -0.00154656 0.00550000
v -0.00088849 -0.00154656 0.00550000
v -0.00088849 0.00154656 -0.00550000
v -0.00088849 0.00154656 -0.00550000
v -0.00088849 0.00154656 0.00550000
v -0.00088849 0.00154656 0.00550000
v -0.00088849 0.01845343 -0.00550000
v -0.00088849 0.01845343 -0.00550000
v -0.00088849 0.01845343 0.00550000
v -0.00088849 0.01845343 0.00550000
v -0.00078396 -0.01745891 -0.00450000
v -0.00078396 -0.01745891 -0.00450000
v -0.00078396 -0.01745891 0.00450000
v -0.00078396 -0.01745891 0.00450000
v -0.00078396 -0.00254109 -0.00450000
v -0.00078396 -0.00254109 -0.00450000
v -0.00078396 -0.00254109 0.00450000
v -0.00078396 -0.00254109 0.00450000
v -0.00078396 0.00254109 -0.00450000
v -0.00078396 0.00254109 -0.00450000
v -0.00078396 0.00254109 0.00450000
v -0.00078396 0.00254109 0.00450000
v -0.00078396 0.01745891 -0.00450000
v -0.00078396 0.01745891 -0.00450000
v -0.00078396 0.01745891 0.00450000
v -0.00078396 0.01745891 0.00450000
v -0.00029665 -0.01849482 -0.00550000
v -0.00029665 -0.01849482 -0.00550000
v -0.00029665 -0.01849482 0.00550000
v -0.00029665 -0.01849482 0.00550000
v -0.00029665 -0.00150518 -0.00550000
v -0.00029665 -0.00150518 -0.00550000
v -0.00029665 -0.00150518 0.00550000
v -0.00029665 -0.00150518 0.00550000
v -0.00029665 0.00150518 -0.00550000
v -0.00029665 0.00150518 -0.00550000
v -0.00029665 0.00150518 0.00550000
v -0.00029665 0.00150518 0.00550000
v -0.00029665 0.01849482 -0.00550000
v -0.00029665 0.01849482 -0.00550000
v -0.00029665 0.01849482 0.00550000
v -0.00029665 0.01849482 0.00550000
v -0.00026175 -0.01749543 -0.00450000
v -0.00026175 -0.01749543 -0.00450000
v -0.00026175 -0.01749543 0.00450000
v -0.00026175 -0.01749543 0.00450000
v -0.00026175 -0.00250457 -0.00450000
v -0.00026175 -0.00250457 -0.00450000
v -0.00026175 -0.00250457 0.00450000
v -0.00026175 -0.00250457 0.00450000
v -0.00026175 0.00250457 -0.00450000
v -0.00026175 0.00250457 -0.00450000
v -0.00026175 0.00250457 0.00450000
v -0.00026175 0.00250457 0.00450000
v -0.00026175 0.01749543 -0.00450000
v -0.00026175 0.01749543 -0.00450000
v -0.00026175 0.01749543 0.00450000
v -0.00026175 0.01749543 0.00450000
v 0.00026175 -0.01749543 -0.00450000
v 0.00026175 -0.01749543 -0.00450000
v 0.00026175 -0.01749543 0.00450000
v 0.00026175 -0.01749543 0.00450000
v 0.00026175 -0.00250457 -0.00450000
v 0.00026175 -0.00250457 -0.00450000
v 0.00026175 -0.00250457 0.00450000
v 0.00026175 -0.00250457 0.00450000
v 0.00026175 0.00250457 -0.00450000
v 0.00026175 0.00250457 -0.00450000
v 0.00026175 0.00250457 0.00450000
v 0.00026175 0.00250457 0.00450000
v 0.00026175 0.01749543 -0.00450000
v 0.00026175 0.01749543 -0.00450000
v 0.00026175 0.01749543 0.00450000
v 0.00026175 0.01749543 0.00450000
v 0.00029665 -0.01849482 -0.00550000
v 0.00029665 -0.01849482 -0.00550000
v 0.00029665 -0.01849482 0.00550000
v 0.00029665 -0.01849482 0.00550000
v 0.00029665 -0.00150518 -0.00550000
v 0.00029665 -0.00150518 -0.00550000
v 0.00029665 -0.00150518 0.00550000
v 0.00029665 -0.00150518 0.00550000
v 0.00029665 0.00150518 -0.00550000
v 0.00029665 0.00150518 -0.00550000
v 0.00029665 0.00150518 0.00550000
v 0.00029665 0.00150518 0.00550000
v 0.00029665 0.01849482 -0.00550000
v 0.00029665 0.01849482 -0.00550000
v 0.00029665 0.01849482 0.00550000
v 0.00029665 0.01849482 0.00550000
v 0.00078396 -0.01745891 -0.00450000
v 0.00078396 -0.01745891 -0.00450000
v 0.00078396 -0.01745891 0.00450000
v 0.00078396 -0.01745891 0.00450000
v 0.00078396 -0.00254109 -0.00450000
v 0.00078396 -0.00254109 -0.00450000
v 0.00078396 -0.00254109 0.00450000
v 0.00078396 -0.00254109 0.00450000
v 0.00078396 0.00254109 -0.00450000
v 0.00078396 0.00254109 -0.00450000
v 0.00078396 0.00254109 0.00450000
v 0.00078396 0.00254109 0.00450000
v 0.00078396 0.01745891 -0.00450000
v 0.00078396 0.01745891 -0.00450000
v 0.00078396 0.01745891 0.00450000
v 0.00078396 0.01745891 0.00450000
v 0.00088849 -0.01845343 -0.00550000
v 0.00088849 -0.01845343 -0.00550000
v 0.00088849 -0.01845343 0.00550000
v 0.00088849 -0.01845343 0.00550000
v 0.00088849 -0.00154656 -0.00550000
v 0.00088849 -0.00154656 -0.00550000
v 0.00088849 -0.00154656 0.00550000
v 0.00088849 -0.00154656 0.00550000
v 0.00088849 0.00154656 -0.00550000
v 0.00088849 0.00154656 -0.00550000
v 0.00088849 0.00154656 0.00550000
v 0.00088849 0.00154656 0.00550000
v 0.00088849 0.01845343 -0.00550000
v 0.00088849 0.01845343 -0.00550000
v 0.00088849 0.01845343 0.00550000
v 0.00088849 0.01845343 0.00550000
v 0.00130236 -0.01738606 -0.00450000
v 0.00130236 -0.01738606 -0.00450000
v 0.00130236 -0.01738606 0.00450000
v 0.00130236 -0.01738606 0.00450000
v 0.00130236 -0.00261394 -0.00450000
v 0.00130236 -0.00261394 -0.00450000
v 0.00130236 -0.00261394 0.00450000
v 0.00130236 -0.00261394 0.00450000
v 0.00130236 0.00261394 -0.00450000
v 0.00130236 0.00261394 -0.00450000
v 0.00130236 0.00261394 0.00450000
v 0.00130236 0.00261394 0.00450000
v 0.00130236 0.01738606 -0.00450000
v 0.00130236 0.01738606 -0.00450000
v 0.00130236 0.01738606 0.00450000
v 0.00130236 0.01738606 0.00450000
v 0.00147601 -0.01837087 -0.00550000
v 0.00147601 -0.01837087 -0.00550000
v 0.00147601 -0.01837087 0.00550000
v 0.00147601 -0.01837087 0.00550000
v 0.00147601 -0.00162913 -0.00550000
v 0.00147601 -0.00162913 -0.00550000
v 0.00147601 -0.00162913 0.00550000
v 0.00147601 -0.00162913 0.00550000
v 0.00147601 0.00162913 -0.00550000
v 0.00147601 0.00162913 -0.00550000
v 0.00147601 0.00162913 0.00550000
v 0.00147601 0.00162913 0.00550000
v 0.00147601 0.01837087 -0.00550000
v 0.00147601 0.01837087 -0.00550000
v 0.00147601 0.01837087 0.00550000
v 0.00147601 0.01837087 0.00550000
v 0.00181441 -0.01727722 -0.00450000
v 0.00181441 -0.01727722 -0.00450000
v 0.00181441 -0.01727722 0.00450000
v 0.00181441 -0.01727722 0.00450000
v 0.00181441 -0.00272278 -0.00450000
v 0.00181441 -0.00272278 -0.00450000
v 0.00181441 -0.00272278 0.00450000
v 0.00181441 -0.00272278 0.00450000
v 0.00181441 0.00272278 -0.00450000
v 0.00181441 0.00272278 -0.00450000
v 0.00181441 0.00272278 0.00450000
v 0.00181441 0.00272278 0.00450000
v 0.00181441 0.01727722 -0.00450000
v 0.00181441 0.01727722 -0.00450000
v 0.00181441 0.01727722 0.00450000
v 0.00181441 0.01727722 0.00450000
v 0.00205634 -0.01824751 -0.00550000
v 0.00205634 -0.01824751 -0.00550000
v 0.00205634 -0.01824751 0.00550000
v 0.00205634 -0.01824751 0.00550000
v 0.00205634 -0.00175249 -0.00550000
v 0.00205634 -0.00175249 -0.00550000
v 0.00205634 -0.00175249 0.00550000
v 0.00205634 -0.00175249 0.00550000
v 0.00205634 0.00175249 -0.00550000
v 0.00205634 0.00175249 -0.00550000
v 0.00205634 0.00175249 0.00550000
v 0.00205634 0.00175249 0.00550000
v 0.00205634 0.01824751 -0.00550000
v 0.00205634 0.01824751 -0.00550000
v 0.00205634 0.01824751 0.00550000
v 0.00205634 0.01824751 0.00550000
v 0.00231763 -0.01713292 -0.00450000
v 0.00231763 -0.01713292 -0.00450000
v 0.00231763 -0.01713292 0.00450000
v 0.00231763 -0.01713292 0.00450000
v 0.00231763 -0.00286708 -0.00450000
v 0.00231763 -0.00286708 -0.00450000
v 0.00231763 -0.00286708 0.00450000
v 0.00231763 -0.00286708 0.00450000
v 0.00231763 0.00286708 -0.00450000
v 0.00231763 0.00286708 -0.00450000
v 0.00231763 0.00286708 0.00450000
v 0.00231763 0.00286708 0.00450000
v 0.00231763 0.01713292 -0.00450000
v 0.00231763 0.01713292 -0.00450000
v 0.00231763 0.01713292 0.00450000
v 0.00231763 0.01713292 0.00450000
v 0.00262664 -0.01808398 -0.00550000
v 0.00262664 -0.01808398 -0.00550000
v 0.00262664 -0.01808398 0.00550000
v 0.00262664 -0.01808398 0.00550000
v 0.00262664 -0.00191602 -0.00550000
v 0.00262664 -0.00191602 -0.00550000
v 0.00262664 -0.00191602 0.00550000
v 0.00262664 -0.00191602 0.00550000
v 0.00262664 0.00191602 -0.00550000
v 0.00262664 0.00191602 -0.00550000
v 0.00262664 0.00191602 0.00550000
v 0.00262664 0.00191602 0.00550000
v 0.00262664 0.01808398 -0.00550000
v 0.00262664 0.01808398 -0.00550000
v 0.00262664 0.01808398 0.00550000
v 0.00262664 0.01808398 0.00550000
v 0.00280955 -0.01695388 -0.00450000
v 0.00280955 -0.01695388 -0.00450000
v 0.00280955 -0.01695388 0.00450000
v 0.00280955 -0.01695388 0.00450000
v 0.00280955 -0.00304612 -0.00450000
v 0.00280955 -0.00304612 -0.00450000
v 0.00280955 -0.00304612 0.00450000
v 0.00280955 -0.00304612 0.00450000
v 0.00280955 0.00304612 -0.00450000
v 0.00280955 0.00304612 -0.00450000
v 0.00280955 0.00304612 0.00450000
v 0.00280955 0.00304612 0.00450000
v 0.00280955 0.01695388 -0.00450000
v 0.00280955 0.01695388 -0.00450000
v 0.00280955 0.01695388 0.00450000
v 0.00280955 0.01695388 0.00450000
v 0.00318416 -0.01788106 -0.00550000
v 0.00318416 -0.01788106 -0.00550000
v 0.00318416 -0.01788106 0.00550000
v 0.00318416 -0.01788106 0.00550000
v 0.00318416 -0.00211894 -0.00550000
v 0.00318416 -0.00211894 -0.00550000
v 0.00318416 -0.00211894 0.00550000
v 0.00318416 -0.00211894 0.00550000
v 0.00318416 0.00211894 -0.00550000
v 0.00318416 0.00211894 -0.00550000
v 0.00318416 0.00211894 0.00550000
v 0.00318416 0.00211894 0.00550000
v 0.00318416 0.01788106 -0.00550000
v 0.00318416 0.01788106 -0.00550000
v 0.00318416 0.01788106 0.00550000
v 0.00318416 0.01788106 0.00550000
v 0.00328778 -0.01674095 -0.00450000
v 0.00328778 -0.01674095 -0.00450000
v 0.00328778 -0.01674095 0.00450000
v 0.00328778 -0.01674095 0.00450000
v 0.00328778 -0.00325904 -0.00450000
v 0.00328778 -0.00325904 -0.00450000
v 0.00328778 -0.00325904 0.00450000
v 0.00328778 -0.00325904 0.00450000
v 0.00328778 0.00325904 -0.00450000
v 0.00328778 0.00325904 -0.00450000
v 0.00328778 0.00325904 0.00450000
v 0.00328778 0.00325904 0.00450000
v 0.00328778 0.01674095 -0.00450000
v 0.00328778 0.01674095 -0.00450000
v 0.00328778 0.01674095 0.00450000
v 0.00328778 0.01674095 0.00450000
v 0.00372615 -0.01763975 -0.00550000
v 0.00372615 -0.01763975 -0.00550000
v 0.00372615 -0.01763975 0.00550000
v 0.00372615 -0.01763975 0.00550000
v 0.00372615 -0.00236025 -0.00550000
v 0.00372615 -0.00236025 -0.00550000
v 0.00372615 -0.00236025 0.00550000
v 0.00372615 -0.00236025 0.00550000
v 0.00372615 0.00236025 -0.00550000
v 0.00372615 0.00236025 -0.00550000
v 0.00372615 0.00236025 0.00550000
v 0.00372615 0.00236025 0.00550000
v 0.00372615 0.01763975 -0.00550000
v 0.00372615 0.01763975 -0.00550000
v 0.00372615 0.01763975 0.00550000
v 0.00372615 0.01763975 0.00550000
v 0.00375000 -0.01649519 -0.00450000
v 0.00375000 -0.01649519 -0.00450000
v 0.00375000 -0.01649519 0.00450000
v 0.00375000 -0.01649519 0.00450000
v 0.00375000 -0.00350481 -0.00450000
v 0.00375000 -0.00350481 -0.00450000
v 0.00375000 -0.00350481 0.00450000
v 0.00375000 -0.00350481 0.00450000
v 0.00375000 0.00350481 -0.00450000
v 0.00375000 0.00350481 -0.00450000
v 0.00375000 0.00350481 0.00450000
v 0.00375000 0.00350481 0.00450000
v 0.00375000 0.01649519 -0.00450000
v 0.00375000 0.01649519 -0.00450000
v 0.00375000 0.01649519 0.00450000
v 0.00375000 0.01649519 0.00450000
v 0.00419395 -0.01621778 -0.00450000
v 0.00419395 -0.01621778 -0.00450000
v 0.00419395 -0.01621778 0.00450000
v 0.00419395 -0.01621778 0.00450000
v 0.00419395 -0.00378222 -0.00450000
v 0.00419395 -0.00378222 -0.00450000
v 0.00419395 -0.00378222 0.00450000
v 0.00419395 -0.00378222 0.00450000
v 0.00419395 0.00378222 -0.00450000
v 0.00419395 0.00378222 -0.00450000
v 0.00419395 0.00378222 0.00450000
v 0.00419395 0.00378222 0.00450000
v 0.00419395 0.01621778 -0.00450000
v 0.00419395 0.01621778 -0.00450000
v 0.00419395 0.01621778 0.00450000
v 0.00419395 0.01621778 0.00450000
v 0.00425000 -0.01736122 -0.00550000
v 0.00425000 -0.01736122 -0.00550000
v 0.00425000 -0.01736122 0.00550000
v 0.00425000 -0.01736122 0.00550000
v 0.00425000 -0.00263878 -0.00550000
v 0.00425000 -0.00263878 -0.00550000
v 0.00425000 -0.00263878 0.00550000
v 0.00425000 -0.00263878 0.00550000
v 0.00425000 0.00263878 -0.00550000
v 0.00425000 0.00263878 -0.00550000
v 0.00425000 0.00263878 0.00550000
v 0.00425000 0.00263878 0.00550000
v 0.00425000 0.01736122 -0.00550000
v 0.00425000 0.01736122 -0.00550000
v 0.00425000 0.01736122 0.00550000
v 0.00425000 0.01736122 0.00550000
v 0.00461746 -0.01591008 -0.00450000
v 0.00461746 -0.01591008 -0.00450000
v 0.00461746 -0.01591008 0.00450000
v 0.00461746 -0.01591008 0.00450000
v 0.00461746 -0.00408992 -0.00450000
v 0.00461746 -0.00408992 -0.00450000
v 0.00461746 -0.00408992 0.00450000
v 0.00461746 -0.00408992 0.00450000
v 0.00461746 0.00408992 -0.00450000
v 0.00461746 0.00408992 -0.00450000
v 0.00461746 0.00408992 0.00450000
v 0.00461746 0.00408992 0.00450000
v 0.00461746 0.01591008 -0.00450000
v 0.00461746 0.01591008 -0.00450000
v 0.00461746 0.01591008 0.00450000
v 0.00461746 0.01591008 0.00450000
v 0.00475314 -0.01704682 -0.00550000
v 0.00475314 -0.01704682 -0.00550000
v 0.00475314 -0.01704682 0.00550000
v 0.00475314 -0.01704682 0.00550000
v 0.00475314 -0.00295318 -0.00550000
v 0.00475314 -0.00295318 -0.00550000
v 0.00475314 -0.00295318 0.00550000
v 0.00475314 -0.00295318 0.00550000
v 0.00475314 0.00295318 -0.00550000
v 0.00475314 0.00295318 -0.00550000
v 0.00475314 0.00295318 0.00550000
v 0.00475314 0.00295318 0.00550000
v 0.00475314 0.01704682 -0.00550000
v 0.00475314 0.01704682 -0.00550000
v 0.00475314 0.01704682 0.00550000
v 0.00475314 0.01704682 0.00550000
v 0.00501848 -0.01557359 -0.00450000
v 0.00501848 -0.01557359 -0.00450000
v 0.00501848 -0.01557359 0.00450000
v 0.00501848 -0.01557359 0.00450000
v 0.00501848 -0.00442641 -0.00450000
v 0.00501848 -0.00442641 -0.00450000
v 0.00501848 -0.00442641 0.00450000
v 0.00501848 -0.00442641 0.00450000
v 0.00501848 0.00442641 -0.00450000
v 0.00501848 0.00442641 -0.00450000
v 0.00501848 0.00442641 0.00450000
v 0.00501848 0.00442641 0.00450000
v 0.00501848 0.01557359 -0.00450000
v 0.00501848 0.01557359 -0.00450000
v 0.00501848 0.01557359 0.00450000
v 0.00501848 0.01557359 0.00450000
v 0.00523312 -0.01669809 -0.00550000
v 0.00523312 -0.01669809 -0.00550000
v 0.00523312 -0.01669809 0.00550000
v 0.00523312 -0.01669809 0.00550000
v 0.00523312 -0.00330191 -0.00550000
v 0.00523312 -0.00330191 -0.00550000
v 0.00523312 -0.00330191 0.00550000
v 0.00523312 -0.00330191 0.00550000
v 0.00523312 0.00330191 -0.00550000
v 0.00523312 0.00330191 -0.00550000
v 0.00523312 0.00330191 0.00550000
v 0.00523312 0.00330191 0.00550000
v 0.00523312 0.01669809 -0.00550000
v 0.00523312 0.01669809 -0.00550000
v 0.00523312 0.01669809 0.00550000
v 0.00523312 0.01669809 0.00550000
v 0.00539505 -0.01520994 -0.00450000
v 0.00539505 -0.01520994 -0.00450000
v 0.00539505 -0.01520994 -0.00450000
v 0.00539505 -0.01520994 0.00450000
v 0.00539505 -0.01520994 0.00450000
v 0.00539505 -0.01520994 0.00450000
v 0.00539505 -0.00479006 -0.00450000
v 0.00539505 -0.00479006 -0.00450000
v 0.00539505 -0.00479006 -0.00450000
v 0.00539505 -0.00479006 0.00450000
v 0.00539505 -0.00479006 0.00450000
v 0.00539505 -0.00479006 0.00450000
v 0.00539505 0.00479006 -0.00450000
v 0.00539505 0.00479006 -0.00450000
v 0.00539505 0.00479006 -0.00450000
v 0.00539505 0.00479006 0.00450000
v 0.00539505 0.00479006 0.00450000
v 0.00539505 0.00479006 0.00450000
v 0.00539505 0.01520994 -0.00450000
v 0.00539505 0.01520994 -0.00450000
v 0.00539505 0.01520994 -0.00450000
v 0.00539505 0.01520994 0.00450000
v 0.00539505 0.01520994 0.00450000
v 0.00539505 0.01520994 0.00450000
v 0.00568761 -0.01631673 -0.00550000
v 0.00568761 -0.01631673 -0.00550000
v 0.00568761 -0.01631673 0.00550000
v 0.00568761 -0.01631673 0.00550000
v 0.00568761 -0.00368327 -0.00550000
v 0.00568761 -0.00368327 -0.00550000
v 0.00568761 -0.00368327 0.00550000
v 0.00568761 -0.00368327 0.00550000
v 0.00568761 0.00368327 -0.00550000
v 0.00568761 0.00368327 -0.00550000
v 0.00568761 0.00368327 0.00550000
v 0.00568761 0.00368327 0.00550000
v 0.00568761 0.01631673 -0.00550000
v 0.00568761 0.01631673 -0.00550000
v 0.00568761 0.01631673 0.00550000
v 0.00568761 0.01631673 0.00550000
v 0.00574533 -0.01482091 -0.00450000
v 0.00574533 -0.01482091 -0.00450000
v 0.00574533 -0.01482091 0.00450000
v 0.00574533 -0.01482091 0.00450000
v 0.00574533 -0.00517909 -0.00450000
v 0.00574533 -0.00517909 -0.00450000
v 0.00574533 -0.00517909 0.00450000
v 0.00574533 -0.00517909 0.00450000
v 0.00574533 0.00517909 -0.00450000
v 0.00574533 0.00517909 -0.00450000
v 0.00574533 0.00517909 0.00450000
v 0.00574533 0.00517909 0.00450000
v 0.00574533 0.01482091 -0.00450000
v 0.00574533 0.01482091 -0.00450000
v 0.00574533 0.01482091 0.00450000
v 0.00574533 0.01482091 0.00450000
v 0.00606763 -0.01440839 -0.00450000
v 0.00606763 -0.01440839 -0.00450000
v 0.00606763 -0.01440839 0.00450000
v 0.00606763 -0.01440839 0.00450000
v 0.00606763 -0.00559161 -0.00450000
v 0.00606763 -0.00559161 -0.00450000
v 0.00606763 -0.00559161 0.00450000
v 0.00606763 -0.00559161 0.00450000
v 0.00606763 0.00559161 -0.00450000
v 0.00606763 0.00559161 -0.00450000
v 0.00606763 0.00559161 0.00450000
v 0.00606763 0.00559161 0.00450000
v 0.00606763 0.01440839 -0.00450000
v 0.00606763 0.01440839 -0.00450000
v 0.00606763 0.01440839 0.00450000
v 0.00606763 0.01440839 0.00450000
v 0.00611439 -0.01590460 -0.00550000
v 0.00611439 -0.01590460 -0.00550000
v 0.00611439 -0.01590460 0.00550000
v 0.00611439 -0.01590460 0.00550000
v 0.00611439 -0.00409540 -0.00550000
v 0.00611439 -0.00409540 -0.00550000
v 0.00611439 -0.00409540 0.00550000
v 0.00611439 -0.00409540 0.00550000
v 0.00611439 0.00409540 -0.00550000
v 0.00611439 0.00409540 -0.00550000
v 0.00611439 0.00409540 0.00550000
v 0.00611439 0.00409540 0.00550000
v 0.00611439 0.01590460 -0.00550000
v 0.00611439 0.01590460 -0.00550000
v 0.00611439 0.01590460 0.00550000
v 0.00611439 0.01590460 0.00550000
v 0.00636036 -0.01397439 -0.00450000
v 0.00636036 -0.01397439 -0.00450000
v 0.00636036 -0.01397439 0.00450000
v 0.00636036 -0.01397439 0.00450000
v 0.00636036 -0.00602561 -0.00450000
v 0.00636036 -0.00602561 -0.00450000
v 0.00636036 -0.00602561 0.00450000
v 0.00636036 -0.00602561 0.00450000
v 0.00636036 0.00602561 -0.00450000
v 0.00636036 0.00602561 -0.00450000
v 0.00636036 0.00602561 0.00450000
v 0.00636036 0.00602561 0.00450000
v 0.00636036 0.01397439 -0.00450000
v 0.00636036 0.01397439 -0.00450000
v 0.00636036 0.01397439 0.00450000
v 0.00636036 0.01397439 0.00450000
v 0.00651138 -0.01546369 -0.00550000
v 0.00651138 -0.01546369 -0.00550000
v 0.00651138 -0.01546369 0.00550000
v 0.00651138 -0.01546369 0.00550000
v 0.00651138 -0.00453631 -0.00550000
v 0.00651138 -0.00453631 -0.00550000
v 0.00651138 -0.00453631 0.00550000
v 0.00651138 -0.00453631 0.00550000
v 0.00651138 0.00453631 -0.00550000
v 0.00651138 0.00453631 -0.00550000
v 0.00651138 0.00453631 0.00550000
v 0.00651138 0.00453631 0.00550000
v 0.00651138 0.01546369 -0.00550000
v 0.00651138 0.01546369 -0.00550000
v 0.00651138 0.01546369 0.00550000
v 0.00651138 0.01546369 0.00550000
v 0.00662211 -0.01352104 -0.00450000
v 0.00662211 -0.01352104 -0.00450000
v 0.00662211 -0.01352104 0.00450000
v 0.00662211 -0.01352104 0.00450000
v 0.00662211 -0.00647896 -0.00450000
v 0.00662211 -0.00647896 -0.00450000
v 0.00662211 -0.00647896 0.00450000
v 0.00662211 -0.00647896 0.00450000
v 0.00662211 0.00647896 -0.00450000
v 0.00662211 0.00647896 -0.00450000
v 0.00662211 0.00647896 0.00450000
v 0.00662211 0.00647896 0.00450000
v 0.00662211 0.01352104 -0.00450000
v 0.00662211 0.01352104 -0.00450000
v 0.00662211 0.01352104 0.00450000
v 0.00662211 0.01352104 0.00450000
v 0.00685159 -0.01305052 -0.00450000
v 0.00685159 -0.01305052 -0.00450000
v 0.00685159 -0.01305052 0.00450000
v 0.00685159 -0.01305052 0.00450000
v 0.00685159 -0.00694947 -0.00450000
v 0.00685159 -0.00694947 -0.00450000
v 0.00685159 -0.00694947 0.00450000
v 0.00685159 -0.00694947 0.00450000
v 0.00685159 0.00694947 -0.00450000
v 0.00685159 0.00694947 -0.00450000
v 0.00685159 0.00694947 0.00450000
v 0.00685159 0.00694947 0.00450000
v 0.00685159 0.01305052 -0.00450000
v 0.00685159 0.01305052 -0.00450000
v 0.00685159 0.01305052 0.00450000
v 0.00685159 0.01305052 0.00450000
v 0.00687664 -0.01499617 -0.00550000
v 0.00687664 -0.01499617 -0.00550000
v 0.00687664 -0.01499617 0.00550000
v 0.00687664 -0.01499617 0.00550000
v 0.00687664 -0.00500383 -0.00550000
v 0.00687664 -0.00500383 -0.00550000
v 0.00687664 -0.00500383 0.00550000
v 0.00687664 -0.00500383 0.00550000
v 0.00687664 0.00500383 -0.00550000
v 0.00687664 0.00500383 -0.00550000
v 0.00687664 0.00500383 0.00550000
v 0.00687664 0.00500383 0.00550000
v 0.00687664 0.01499617 -0.00550000
v 0.00687664 0.01499617 -0.00550000
v 0.00687664 0.01499617 0.00550000
v 0.00687664 0.01499617 0.00550000
v 0.00704769 -0.01256515 -0.00450000
v 0.00704769 -0.01256515 -0.00450000
v 0.00704769 -0.01256515 0.00450000
v 0.00704769 -0.01256515 0.00450000
v 0.00704769 -0.00743485 -0.00450000
v 0.00704769 -0.00743485 -0.00450000
v 0.00704769 -0.00743485 0.00450000
v 0.00704769 -0.00743485 0.00450000
v 0.00704769 0.00743485 -0.00450000
v 0.00704769 0.00743485 -0.00450000
v 0.00704769 0.00743485 0.00450000
v 0.00704769 0.00743485 0.00450000
v 0.00704769 0.01256515 -0.00450000
v 0.00704769 0.01256515 -0.00450000
v 0.00704769 0.01256515 0.00450000
v 0.00704769 0.01256515 0.00450000
v 0.00720841 -0.01450431 -0.00550000
v 0.00720841 -0.01450431 -0.00550000
v 0.00720841 -0.01450431 0.00550000
v 0.00720841 -0.01450431 0.00550000
v 0.00720841 -0.00549569 -0.00550000
v 0.00720841 -0.00549569 -0.00550000
v 0.00720841 -0.00549569 0.00550000
v 0.00720841 -0.00549569 0.00550000
v 0.00720841 0.00549569 -0.00550000
v 0.00720841 0.00549569 -0.00550000
v 0.00720841 0.00549569 0.00550000
v 0.00720841 0.00549569 0.00550000
v 0.00720841 0.01450431 -0.00550000
v 0.00720841 0.01450431 -0.00550000
v 0.00720841 0.01450431 0.00550000
v 0.00720841 0.01450431 0.00550000
v 0.00720946 -0.01206728 -0.00450000
v 0.00720946 -0.01206728 -0.00450000
v 0.00720946 -0.01206728 0.00450000
v 0.00720946 -0.01206728 0.00450000
v 0.00720946 -0.00793272 -0.00450000
v 0.00720946 -0.00793272 -0.00450000
v 0.00720946 -0.00793272 0.00450000
v 0.00720946 -0.00793272 0.00450000
v 0.00720946 0.00793272 -0.00450000
v 0.00720946 0.00793272 -0.00450000
v 0.00720946 0.00793272 0.00450000
v 0.00720946 0.00793272 0.00450000
v 0.00720946 0.01206728 -0.00450000
v 0.00720946 0.01206728 -0.00450000
v 0.00720946 0.01206728 0.00450000
v 0.00720946 0.01206728 0.00450000
v 0.00733611 -0.01155934 -0.00450000
v 0.00733611 -0.01155934 -0.00450000
v 0.00733611 -0.01155934 0.00450000
v 0.00733611 -0.01155934 0.00450000
v 0.00733611 -0.00844066 -0.00450000
v 0.00733611 -0.00844066 -0.00450000
v 0.00733611 -0.00844066 0.00450000
v 0.00733611 -0.00844066 0.00450000
v 0.00733611 0.00844066 -0.00450000
v 0.00733611 0.00844066 -0.00450000
v 0.00733611 0.00844066 0.00450000
v 0.00733611 0.00844066 0.00450000
v 0.00733611 0.01155934 -0.00450000
v 0.00733611 0.01155934 -0.00450000
v 0.00733611 0.01155934 0.00450000
v 0.00733611 0.01155934 0.00450000
v 0.00742701 -0.01104380 -0.00450000
v 0.00742701 -0.01104380 -0.00450000
v 0.00742701 -0.01104380 0.00450000
v 0.00742701 -0.01104380 0.00450000
v 0.00742701 -0.00895620 -0.00450000
v 0.00742701 -0.00895620 -0.00450000
v 0.00742701 -0.00895620 0.00450000
v 0.00742701 -0.00895620 0.00450000
v 0.00742701 0.00895620 -0.00450000
v 0.00742701 0.00895620 -0.00450000
v 0.00742701 0.00895620 0.00450000
v 0.00742701 0.00895620 0.00450000
v 0.00742701 0.01104380 -0.00450000
v 0.00742701 0.01104380 -0.00450000
v 0.00742701 0.01104380 0.00450000
v 0.00742701 0.01104380 0.00450000
v 0.00748173 -0.01052317 -0.00450000
v 0.00748173 -0.01052317 -0.00450000
v 0.00748173 -0.01052317 0.00450000
v 0.00748173 -0.01052317 0.00450000
v 0.00748173 -0.00947683 -0.00450000
v 0.00748173 -0.00947683 -0.00450000
v 0.00748173 -0.00947683 0.00450000
v 0.00748173 -0.00947683 0.00450000
v 0.00748173 0.00947683 -0.00450000
v 0.00748173 0.00947683 -0.00450000
v 0.00748173 0.00947683 0.00450000
v 0.00748173 0.00947683 0.00450000
v 0.00748173 0.01052317 -0.00450000
v 0.00748173 0.01052317 -0.00450000
v 0.00748173 0.01052317 0.00450000
v 0.00748173 0.01052317 0.00450000
v 0.00750000 -0.01000000 -0.00450000
v 0.00750000 -0.01000000 -0.00450000
v 0.00750000 -0.01000000 0.00450000
v 0.00750000 -0.01000000 0.00450000
v 0.00750000 0.01000000 -0.00450000
v 0.00750000 0.01000000 -0.00450000
v 0.00750000 0.01000000 0.00450000
v 0.00750000 0.01000000 0.00450000
v 0.00750505 -0.01399051 -0.00550000
v 0.00750505 -0.01399051 -0.00550000
v 0.00750505 -0.01399051 0.00550000
v 0.00750505 -0.01399051 0.00550000
v 0.00750505 -0.00600949 -0.00550000
v 0.00750505 -0.00600949 -0.00550000
v 0.00750505 -0.00600949 0.00550000
v 0.00750505 -0.00600949 0.00550000
v 0.00750505 0.00600949 -0.00550000
v 0.00750505 0.00600949 -0.00550000
v 0.00750505 0.00600949 0.00550000
v 0.00750505 0.00600949 0.00550000
v 0.00750505 0.01399051 -0.00550000
v 0.00750505 0.01399051 -0.00550000
v 0.00750505 0.01399051 0.00550000
v 0.00750505 0.01399051 0.00550000
v 0.00776514 -0.01345726 -0.00550000
v 0.00776514 -0.01345726 -0.00550000
v 0.00776514 -0.01345726 0.00550000
v 0.00776514 -0.01345726 0.00550000
v 0.00776514 -0.00654274 -0.00550000
v 0.00776514 -0.00654274 -0.00550000
v 0.00776514 -0.00654274 0.00550000
v 0.00776514 -0.00654274 0.00550000
v 0.00776514 0.00654274 -0.00550000
v 0.00776514 0.00654274 -0.00550000
v 0.00776514 0.00654274 0.00550000
v 0.00776514 0.00654274 0.00550000
v 0.00776514 0.01345726 -0.00550000
v 0.00776514 0.01345726 -0.00550000
v 0.00776514 0.01345726 0.00550000
v 0.00776514 0.01345726 0.00550000
v 0.00798739 -0.01290717 -0.00550000
v 0.00798739 -0.01290717 -0.00550000
v 0.00798739 -0.01290717 0.00550000
v 0.00798739 -0.01290717 0.00550000
v 0.00798739 -0.00709283 -0.00550000
v 0.00798739 -0.00709283 -0.00550000
v 0.00798739 -0.00709283 0.00550000
v 0.00798739 -0.00709283 0.00550000
v 0.00798739 0.00709283 -0.00550000
v 0.00798739 0.00709283 -0.00550000
v 0.00798739 0.00709283 0.00550000
v 0.00798739 0.00709283 0.00550000
v 0.00798739 0.01290717 -0.00550000
v 0.00798739 0.01290717 -0.00550000
v 0.00798739 0.01290717 0.00550000
v 0.00798739 0.01290717 0.00550000
v 0.00817073 -0.01234292 -0.00550000
v 0.00817073 -0.01234292 -0.00550000
v 0.00817073 -0.01234292 0.00550000
v 0.00817073 -0.01234292 0.00550000
v 0.00817073 -0.00765708 -0.00550000
v 0.00817073 -0.00765708 -0.00550000
v 0.00817073 -0.00765708 0.00550000
v 0.00817073 -0.00765708 0.00550000
v 0.00817073 0.00765708 -0.00550000
v 0.00817073 0.00765708 -0.00550000
v 0.00817073 0.00765708 0.00550000
v 0.00817073 0.00765708 0.00550000
v 0.00817073 0.01234292 -0.00550000
v 0.00817073 0.01234292 -0.00550000
v 0.00817073 0.01234292 0.00550000
v 0.00817073 0.01234292 0.00550000
v 0.00831425 -0.01176725 -0.00550000
v 0.00831425 -0.01176725 -0.00550000
v 0.00831425 -0.01176725 0.00550000
v 0.00831425 -0.01176725 0.00550000
v 0.00831425 -0.00823275 -0.00550000
v 0.00831425 -0.00823275 -0.00550000
v 0.00831425 -0.00823275 0.00550000
v 0.00831425 -0.00823275 0.00550000
v 0.00831425 0.00823275 -0.00550000
v 0.00831425 0.00823275 -0.00550000
v 0.00831425 0.00823275 0.00550000
v 0.00831425 0.00823275 0.00550000
v 0.00831425 0.01176725 -0.00550000
v 0.00831425 0.01176725 -0.00550000
v 0.00831425 0.01176725 0.00550000
v 0.00831425 0.01176725 0.00550000
v 0.00841728 -0.01118297 -0.00550000
v 0.00841728 -0.01118297 -0.00550000
v 0.00841728 -0.01118297 0.00550000
v 0.00841728 -0.01118297 0.00550000
v 0.00841728 -0.00881703 -0.00550000
v 0.00841728 -0.00881703 -0.00550000
v 0.00841728 -0.00881703 0.00550000
v 0.00841728 -0.00881703 0.00550000
v 0.00841728 0.00881703 -0.00550000
v 0.00841728 0.00881703 -0.00550000
v 0.00841728 0.00881703 -0.00550000
v 0.00841728 0.00881703 0.00550000
v 0.00841728 0.00881703 0.00550000
v 0.00841728 0.01118297 -0.00550000
v 0.00841728 0.01118297 -0.00550000
v 0.00841728 0.01118297 0.00550000
v 0.00841728 0.01118297 0.00550000
v 0.00847929 -0.01059293 -0.00550000
v 0.00847929 -0.01059293 -0.00550000
v 0.00847929 -0.01059293 0.00550000
v 0.00847929 -0.01059293 0.00550000
v 0.00847929 -0.00940707 -0.00550000
v 0.00847929 -0.00940707 -0.00550000
v 0.00847929 -0.00940707 0.00550000
v 0.00847929 -0.00940707 0.00550000
v 0.00847929 0.00940707 -0.00550000
v 0.00847929 0.00940707 -0.00550000
v 0.00847929 0.00940707 -0.00550000
v 0.00847929 0.00940707 0.00550000
v 0.00847929 0.00940707 0.00550000
v 0.00847929 0.01059293 -0.00550000
v 0.00847929 0.01059293 -0.00550000
v 0.00847929 0.01059293 0.00550000
v 0.00847929 0.01059293 0.00550000
v 0.00850000 -0.01000000 -0.00550000
v 0.00850000 -0.01000000 -0.00550000
v 0.00850000 -0.01000000 0.00550000
v 0.00850000 -0.01000000 0.00550000
v 0.00850000 0.01000000 -0.00550000
v 0.00850000 0.01000000 -0.00550000
v 0.00850000 0.01000000 0.00550000
v 0.00850000 0.01000000 0.00550000
v 0.00900000 -0.02200000 -0.00450000
v 0.00900000 -0.02200000 -0.00450000
v 0.00900000 -0.02200000 -0.00450000
v 0.00900000 -0.02200000 -0.00450000
v 0.00900000 -0.02200000 0.00450000
v 0.00900000 -0.02200000 0.00450000
v 0.00900000 -0.02200000 0.00450000
v 0.00900000 -0.02199767 -0.00456824
v 0.00900000 -0.02199767 -0.00456824
v 0.00900000 -0.02199767 0.00456824
v 0.00900000 -0.02199767 0.00456824
v 0.00900000 -0.02197908 -0.00470346
v 0.00900000 -0.02197908 -0.00470346
v 0.00900000 -0.02197908 0.00470346
v 0.00900000 -0.02197908 0.00470346
v 0.00900000 -0.02194226 -0.00483488
v 0.00900000 -0.02194226 -0.00483488
v 0.00900000 -0.02194226 0.00483488
v 0.00900000 -0.02194226 0.00483488
v 0.00900000 -0.02188788 -0.00496006
v 0.00900000 -0.02188788 -0.00496006
v 0.00900000 -0.02188788 -0.00496006
v 0.00900000 -0.02188788 -0.00496006
v 0.00900000 -0.02188788 0.00496006
v 0.00900000 -0.02188788 0.00496006
v 0.00900000 -0.02185442 0.00501958
v 0.00900000 -0.02185442 0.00501958
v 0.00900000 -0.02181697 -0.00507668
v 0.00900000 -0.02181697 -0.00507668
v 0.00900000 -0.02177571 0.00513109
v 0.00900000 -0.02177571 0.00513109
v 0.00900000 -0.02173084 -0.00518255
v 0.00900000 -0.02173084 -0.00518255
v 0.00900000 -0.02168255 0.00523084
v 0.00900000 -0.02168255 0.00523084
v 0.00900000 -0.02163109 -0.00527571
v 0.00900000 -0.02163109 -0.00527571
v 0.00900000 -0.02157668 0.00531697
v 0.00900000 -0.02157668 0.00531697
v 0.00900000 -0.02146006 -0.00538789
v 0.00900000 -0.02146006 -0.00538789
v 0.00900000 -0.02139840 0.00541721
v 0.00900000 -0.02139840 0.00541721
v 0.00900000 -0.02133488 -0.00544226
v 0.00900000 -0.02133488 -0.00544226
v 0.00900000 -0.02133488 0.00544226
v 0.00900000 -0.02133488 0.00544226
v 0.00900000 -0.02126980 0.00546292
v 0.00900000 -0.02126980 0.00546292
v 0.00900000 -0.02120346 -0.00547908
v 0.00900000 -0.02120346 -0.00547908
v 0.00900000 -0.02120346 0.00547908
v 0.00900000 -0.02120346 0.00547908
v 0.00900000 -0.02120346 0.00547908
v 0.00900000 -0.02120346 0.00547908
v 0.00900000 -0.02106824 -0.00549767
v 0.00900000 -0.02106824 -0.00549767
v 0.00900000 -0.02106824 0.00549767
v 0.00900000 -0.02106824 0.00549767
v 0.00900000 -0.02100000 -0.00550000
v 0.00900000 -0.02100000 -0.00550000
v 0.00900000 -0.02100000 -0.00550000
v 0.00900000 -0.02100000 -0.00550000
v 0.00900000 -0.02100000 -0.00550000
v 0.00900000 -0.02100000 -0.00550000
v 0.00900000 -0.02100000 0.00550000
v 0.00900000 -0.02100000 0.00550000
v 0.00900000 -0.02100000 0.00550000
v 0.00900000 -0.02100000 0.00550000
v 0.00900000 0.02100000 -0.00550000
v 0.00900000 0.02100000 -0.00550000
v 0.00900000 0.02100000 -0.00550000
v 0.00900000 0.02100000 -0.00550000
v 0.00900000 0.02100000 -0.00550000
v 0.00900000 0.02100000 -0.00550000
v 0.00900000 0.02100000 0.00550000
v 0.00900000 0.02100000 0.00550000
v 0.00900000 0.02100000 0.00550000
v 0.00900000 0.02100000 0.00550000
v 0.00900000 0.02106824 0.00549767
v 0.00900000 0.02113616 -0.00549069
v 0.00900000 0.02113616 -0.00549069
v 0.00900000 0.02113616 0.00549069
v 0.00900000 0.02120346 0.00547908
v 0.00900000 0.02126980 -0.00546292
v 0.00900000 0.02126980 -0.00546292
v 0.00900000 0.02126980 0.00546292
v 0.00900000 0.02133488 -0.00544226
v 0.00900000 0.02133488 -0.00544226
v 0.00900000 0.02139840 -0.00541721
v 0.00900000 0.02139840 -0.00541721
v 0.00900000 0.02139840 -0.00541721
v 0.00900000 0.02139840 -0.00541721
v 0.00900000 0.02139840 -0.00541721
v 0.00900000 0.02139840 -0.00541721
v 0.00900000 0.02139840 0.00541721
v 0.00900000 0.02146006 0.00538789
v 0.00900000 0.02151958 -0.00535442
v 0.00900000 0.02151958 -0.00535442
v 0.00900000 0.02151958 0.00535442
v 0.00900000 0.02157668 -0.00531697
v 0.00900000 0.02157668 -0.00531697
v 0.00900000 0.02157668 -0.00531697
v 0.00900000 0.02157668 0.00531697
v 0.00900000 0.02157668 0.00531697
v 0.00900000 0.02163109 -0.00527571
v 0.00900000 0.02163109 -0.00527571
v 0.00900000 0.02163109 0.00527571
v 0.00900000 0.02163109 0.00527571
v 0.00900000 0.02163109 0.00527571
v 0.00900000 0.02168255 -0.00523084
v 0.00900000 0.02168255 -0.00523084
v 0.00900000 0.02168255 -0.00523084
v 0.00900000 0.02168255 0.00523084
v 0.00900000 0.02168255 0.00523084
v 0.00900000 0.02168255 0.00523084
v 0.00900000 0.02173084 -0.00518255
v 0.00900000 0.02173084 -0.00518255
v 0.00900000 0.02173084 0.00518255
v 0.00900000 0.02177571 0.00513109
v 0.00900000 0.02181697 -0.00507668
v 0.00900000 0.02181697 -0.00507668
v 0.00900000 0.02181697 -0.00507668
v 0.00900000 0.02181697 -0.00507668
v 0.00900000 0.02181697 0.00507668
v 0.00900000 0.02181697 0.00507668
v 0.00900000 0.02185442 -0.00501958
v 0.00900000 0.02185442 -0.00501958
v 0.00900000 0.02185442 0.00501958
v 0.00900000 0.02185442 0.00501958
v 0.00900000 0.02188788 -0.00496006
v 0.00900000 0.02188788 -0.00496006
v 0.00900000 0.02188788 0.00496006
v 0.00900000 0.02191721 -0.00489840
v 0.00900000 0.02191721 -0.00489840
v 0.00900000 0.02191721 0.00489840
v 0.00900000 0.02191721 0.00489840
v 0.00900000 0.02194226 -0.00483488
v 0.00900000 0.02194226 -0.00483488
v 0.00900000 0.02194226 0.00483488
v 0.00900000 0.02194226 0.00483488
v 0.00900000 0.02196292 -0.00476980
v 0.00900000 0.02196292 -0.00476980
v 0.00900000 0.02196292 0.00476980
v 0.00900000 0.02196292 0.00476980
v 0.00900000 0.02196292 0.00476980
v 0.00900000 0.02197908 -0.00470346
v 0.00900000 0.02197908 -0.00470346
v 0.00900000 0.02197908 0.00470346
v 0.00900000 0.02199068 -0.00463617
v 0.00900000 0.02199068 -0.00463617
v 0.00900000 0.02199068 0.00463617
v 0.00900000 0.02199767 -0.00456824
v 0.00900000 0.02199767 -0.00456824
v 0.00900000 0.02199767 0.00456824
v 0.00900000 0.02200000 -0.00450000
v 0.00900000 0.02200000 -0.00450000
v 0.00900000 0.02200000 -0.00450000
v 0.00900000 0.02200000 -0.00450000
v 0.00900000 0.02200000 0.00450000
v 0.00900000 0.02200000 0.00450000
v 0.00900669 -0.02199767 0.00456791
v 0.00900669 -0.02106791 -0.00549767
v 0.00900669 0.02106791 -0.00549767
v 0.00900669 0.02199767 0.00456791
v 0.00901331 -0.02199767 0.00456693
v 0.00901331 -0.02106693 -0.00549767
v 0.00901331 0.02106693 -0.00549767
v 0.00901331 0.02199767 0.00456693
v 0.00901335 0.02199068 0.00463551
v 0.00901981 -0.02199767 0.00456530
v 0.00901981 -0.02106530 -0.00549767
v 0.00901981 0.02106530 -0.00549767
v 0.00901981 0.02199767 0.00456530
v 0.00901994 0.02197908 0.00470248
v 0.00902611 -0.02199767 0.00456305
v 0.00902611 -0.02106305 -0.00549767
v 0.00902611 0.02106305 -0.00549767
v 0.00902611 0.02199767 0.00456305
v 0.00902644 0.02196292 0.00476850
v 0.00902657 0.02199068 0.00463355
v 0.00903217 -0.02199767 0.00456018
v 0.00903217 -0.02106018 -0.00549767
v 0.00903217 0.02106018 -0.00549767
v 0.00903217 0.02199767 0.00456018
v 0.00903282 0.02133327 -0.00544226
v 0.00903282 0.02133327 -0.00544226
v 0.00903282 0.02133327 -0.00544226
v 0.00903791 -0.02199767 0.00455674
v 0.00903791 -0.02105674 -0.00549767
v 0.00903791 -0.02105674 -0.00549767
v 0.00903791 0.02105674 -0.00549767
v 0.00903791 0.02199767 0.00455674
v 0.00903905 0.02139648 -0.00541721
v 0.00903905 0.02139648 -0.00541721
v 0.00903905 0.02191721 0.00489648
v 0.00904329 -0.02199767 0.00455275
v 0.00904329 -0.02105275 -0.00549767
v 0.00904329 -0.02105275 -0.00549767
v 0.00904329 0.02105275 -0.00549767
v 0.00904329 0.02199767 0.00455275
v 0.00904509 0.02188788 0.00495785
v 0.00904825 -0.02199767 0.00454825
v 0.00904825 -0.02104825 -0.00549767
v 0.00904825 -0.02104825 -0.00549767
v 0.00904825 0.02104825 -0.00549767
v 0.00904825 0.02104825 -0.00549767
v 0.00904825 0.02199767 0.00454825
v 0.00905093 0.02185442 0.00501708
v 0.00905211 0.02199068 0.00462580
v 0.00905263 0.02126461 -0.00546292
v 0.00905275 -0.02199767 0.00454329
v 0.00905275 -0.02104329 -0.00549767
v 0.00905275 -0.02104329 -0.00549767
v 0.00905275 0.02104329 -0.00549767
v 0.00905275 0.02104329 -0.00549767
v 0.00905275 0.02199767 0.00454329
v 0.00905674 -0.02199767 0.00453791
v 0.00905674 -0.02103791 -0.00549767
v 0.00905674 -0.02103791 -0.00549767
v 0.00905674 0.02103791 -0.00549767
v 0.00905674 0.02103791 -0.00549767
v 0.00905674 0.02199767 0.00453791
v 0.00905906 0.02197908 0.00469470
v 0.00906018 -0.02199767 0.00453217
v 0.00906018 -0.02103217 -0.00549767
v 0.00906018 -0.02103217 -0.00549767
v 0.00906018 0.02103217 -0.00549767
v 0.00906018 0.02103217 -0.00549767
v 0.00906018 0.02199767 0.00453217
v 0.00906305 -0.02199767 0.00452611
v 0.00906305 -0.02102612 -0.00549767
v 0.00906305 -0.02102612 -0.00549767
v 0.00906305 0.02102612 -0.00549767
v 0.00906305 0.02102612 -0.00549767
v 0.00906305 0.02199767 0.00452611
v 0.00906419 -0.02199068 0.00462009
v 0.00906419 0.02112009 -0.00549069
v 0.00906419 0.02112009 -0.00549069
v 0.00906419 0.02112009 -0.00549069
v 0.00906419 0.02112009 -0.00549069
v 0.00906530 -0.02199767 0.00451981
v 0.00906530 -0.02101981 -0.00549767
v 0.00906530 -0.02101981 -0.00549767
v 0.00906530 0.02101981 -0.00549767
v 0.00906530 0.02101981 -0.00549767
v 0.00906530 0.02199767 0.00451981
v 0.00906533 0.02132845 -0.00544226
v 0.00906533 0.02132845 -0.00544226
v 0.00906533 0.02194226 0.00482844
v 0.00906533 0.02194226 0.00482844
v 0.00906690 -0.02173084 0.00517927
v 0.00906693 -0.02199767 0.00451331
v 0.00906693 -0.02101331 -0.00549767
v 0.00906693 -0.02101331 -0.00549767
v 0.00906693 0.02101331 -0.00549767
v 0.00906693 0.02101331 -0.00549767
v 0.00906693 0.02199767 0.00451331
v 0.00906791 -0.02199767 0.00450669
v 0.00906791 -0.02100669 -0.00549767
v 0.00906791 -0.02100669 -0.00549767
v 0.00906791 0.02100669 -0.00549767
v 0.00906791 0.02100669 -0.00549767
v 0.00906791 0.02199767 0.00450669
v 0.00906824 -0.02100000 0.00549767
v 0.00906824 0.02100000 -0.00549767
v 0.00906824 0.02100000 -0.00549767
v 0.00906824 0.02100000 -0.00549767
v 0.00906824 0.02199767 0.00450000
v 0.00906824 0.02199767 0.00450000
v 0.00907163 -0.02172732 -0.00518255
v 0.00907163 0.02168255 0.00522732
v 0.00907163 0.02172732 -0.00518255
v 0.00907565 0.02199068 0.00461322
v 0.00907603 -0.02163109 0.00527198
v 0.00907603 0.02177198 -0.00513109
v 0.00907772 0.02191721 0.00489075
v 0.00908008 -0.02181304 -0.00507668
v 0.00908008 -0.02181304 -0.00507668
v 0.00908008 0.02181304 -0.00507668
v 0.00908008 0.02181304 -0.00507668
v 0.00908375 -0.02185031 -0.00501958
v 0.00908375 -0.02185031 -0.00501958
v 0.00908375 -0.02185031 -0.00501958
v 0.00908375 -0.02151958 0.00535030
v 0.00908375 0.02151958 0.00535030
v 0.00908638 0.02199068 0.00460526
v 0.00908703 0.02188361 -0.00496006
v 0.00908975 0.02188788 0.00495122
v 0.00908990 -0.02139840 0.00541279
v 0.00908990 0.02139840 0.00541279
v 0.00908990 0.02191279 -0.00489840
v 0.00909236 -0.02193772 -0.00483488
v 0.00909236 0.02193772 -0.00483488
v 0.00909438 -0.02126980 0.00545828
v 0.00909438 -0.02126980 0.00545828
v 0.00909438 0.02126980 0.00545828
v 0.00909438 0.02126980 0.00545828
v 0.00909597 -0.02197437 -0.00470346
v 0.00909597 0.02120346 0.00547437
v 0.00909597 0.02120346 0.00547437
v 0.00909597 0.02197437 -0.00470346
v 0.00909597 0.02197437 -0.00470346
v 0.00909628 0.02199068 0.00459628
v 0.00909710 -0.02198592 -0.00463617
v 0.00909710 -0.02113616 0.00548592
v 0.00909710 0.02198592 -0.00463617
v 0.00909710 0.02198592 -0.00463617
v 0.00909721 0.02194226 0.00482046
v 0.00909721 0.02194226 0.00482046
v 0.00909721 0.02194226 0.00482046
v 0.00909721 0.02194226 0.00482046
v 0.00909779 0.02106824 0.00549287
v 0.00909779 0.02199286 -0.00456824
v 0.00909779 0.02199286 -0.00456824
v 0.00909779 0.02199286 -0.00456824
v 0.00909779 0.02199286 -0.00456824
v 0.00909779 0.02199286 -0.00456824
v 0.00909779 0.02199286 -0.00456824
v 0.00909802 -0.02199519 -0.00450000
v 0.00909802 0.02199519 -0.00450000
v 0.00910325 -0.02196292 0.00474926
v 0.00910325 0.02196292 0.00474926
v 0.00910325 0.02196292 0.00474926
v 0.00910526 0.02199068 0.00458638
v 0.00911250 0.02156560 -0.00531697
v 0.00911322 0.02199068 0.00457565
v 0.00911565 -0.02138124 -0.00541721
v 0.00911565 -0.02138124 -0.00541721
v 0.00911565 0.02191721 0.00488125
v 0.00911565 0.02191721 0.00488125
v 0.00912009 0.02199068 0.00456419
v 0.00912580 0.02199068 0.00455211
v 0.00912580 0.02199068 0.00455211
v 0.00912718 -0.02123794 -0.00546292
v 0.00912718 0.02123794 -0.00546292
v 0.00912718 0.02196292 0.00473794
v 0.00912718 0.02196292 0.00473794
v 0.00912815 0.02194226 0.00480939
v 0.00912815 0.02194226 0.00480939
v 0.00912907 0.02197908 0.00465727
v 0.00912907 0.02197908 0.00465727
v 0.00913030 0.02199068 0.00453953
v 0.00913030 0.02199068 0.00453953
v 0.00913316 -0.02173084 0.00516944
v 0.00913316 -0.02166944 -0.00523084
v 0.00913316 -0.02166944 -0.00523084
v 0.00913316 0.02173084 0.00516944
v 0.00913355 -0.02144025 -0.00538789
v 0.00913355 -0.02144025 -0.00538789
v 0.00913355 0.02188788 0.00494025
v 0.00913355 0.02199068 0.00452656
v 0.00913355 0.02199068 0.00452656
v 0.00913551 0.02199068 0.00451335
v 0.00913551 0.02199068 0.00451335
v 0.00913617 -0.02199068 0.00450000
v 0.00913617 -0.02199068 0.00450000
v 0.00913617 -0.02100000 -0.00549069
v 0.00913617 -0.02100000 -0.00549069
v 0.00913617 -0.02100000 -0.00549069
v 0.00913617 -0.02100000 -0.00549069
v 0.00913617 0.02100000 0.00549069
v 0.00913617 0.02199068 -0.00450000
v 0.00913617 0.02199068 0.00450000
v 0.00913617 0.02199068 0.00450000
v 0.00914258 -0.02168255 0.00521679
v 0.00914258 0.02168255 0.00521679
v 0.00914386 -0.02197908 0.00464386
v 0.00915133 -0.02176081 -0.00513109
v 0.00915133 -0.02176081 -0.00513109
v 0.00915133 -0.02176081 -0.00513109
v 0.00915133 -0.02176081 -0.00513109
v 0.00915133 -0.02163109 0.00526081
v 0.00915133 0.02163109 0.00526081
v 0.00915133 0.02176081 -0.00513109
v 0.00915246 -0.02191721 0.00486807
v 0.00915246 0.02191721 0.00486807
v 0.00915246 0.02191721 0.00486807
v 0.00915727 -0.02112907 -0.00547908
v 0.00915727 0.02197908 0.00462907
v 0.00915727 0.02197908 0.00462907
v 0.00915786 -0.02194226 0.00479534
v 0.00915938 0.02180127 -0.00507668
v 0.00916669 -0.02183800 -0.00501958
v 0.00916669 -0.02183800 -0.00501958
v 0.00916669 -0.02183800 -0.00501958
v 0.00916669 -0.02151958 0.00533800
v 0.00916740 -0.02181697 0.00505185
v 0.00916740 0.02155185 -0.00531697
v 0.00916740 0.02181697 0.00505185
v 0.00916917 0.02197908 0.00461303
v 0.00916917 0.02197908 0.00461303
v 0.00917116 0.02196292 0.00470856
v 0.00917116 0.02196292 0.00470856
v 0.00917322 -0.02146006 0.00537082
v 0.00917322 0.02187082 -0.00496006
v 0.00917606 -0.02188788 0.00492504
v 0.00917606 0.02188788 0.00492504
v 0.00917606 0.02188788 0.00492504
v 0.00917606 0.02188788 0.00492504
v 0.00917606 0.02188788 0.00492504
v 0.00917894 0.02139840 0.00539959
v 0.00917894 0.02139840 0.00539959
v 0.00917943 0.02109591 -0.00547908
v 0.00917943 0.02109591 -0.00547908
v 0.00917943 0.02197908 0.00459591
v 0.00917943 0.02197908 0.00459591
v 0.00918319 -0.02160391 -0.00527571
v 0.00918319 -0.02160391 -0.00527571
v 0.00918319 -0.02160391 -0.00527571
v 0.00918319 -0.02160391 -0.00527571
v 0.00918319 0.02177571 0.00510391
v 0.00918382 -0.02192416 -0.00483488
v 0.00918382 -0.02133488 0.00542416
v 0.00918382 0.02133488 0.00542416
v 0.00918382 0.02133488 0.00542416
v 0.00918382 0.02192416 -0.00483488
v 0.00918382 0.02192416 -0.00483488
v 0.00918780 0.02191721 0.00485136
v 0.00918786 0.02194441 -0.00476980
v 0.00918786 0.02194441 -0.00476980
v 0.00918797 0.02197908 0.00457786
v 0.00918797 0.02197908 0.00457786
v 0.00919077 0.02119077 -0.00546292
v 0.00919077 0.02119077 -0.00546292
v 0.00919077 0.02119077 -0.00546292
v 0.00919101 -0.02120346 0.00546027
v 0.00919101 -0.02120346 0.00546027
v 0.00919101 -0.02120346 0.00546027
v 0.00919101 0.02196027 -0.00470346
v 0.00919101 0.02196027 -0.00470346
v 0.00919327 -0.02197165 -0.00463617
v 0.00919327 0.02113616 0.00547165
v 0.00919327 0.02113616 0.00547165
v 0.00919463 -0.02106824 0.00547850
v 0.00919463 -0.02106824 0.00547850
v 0.00919509 -0.02198078 -0.00450000
v 0.00919509 0.02198078 -0.00450000
v 0.00919509 0.02198078 -0.00450000
v 0.00919813 0.02165316 -0.00523084
v 0.00919813 0.02165316 -0.00523084
v 0.00919813 0.02173084 0.00515316
v 0.00919884 -0.02185442 0.00498003
v 0.00919884 0.02148003 -0.00535442
v 0.00919884 0.02148003 -0.00535442
v 0.00919884 0.02148003 -0.00535442
v 0.00919884 0.02185442 0.00498003
v 0.00919884 0.02185442 0.00498003
v 0.00920346 -0.02100000 0.00547908
v 0.00920346 -0.02100000 0.00547908
v 0.00920346 0.02100000 -0.00547908
v 0.00920346 0.02100000 -0.00547908
v 0.00920346 0.02197908 0.00450000
v 0.00920346 0.02197908 0.00450000
v 0.00920346 0.02197908 0.00450000
v 0.00920346 0.02197908 0.00450000
v 0.00920856 0.02196292 0.00467116
v 0.00920856 0.02196292 0.00467116
v 0.00921215 -0.02169937 -0.00518255
v 0.00921215 -0.02169937 -0.00518255
v 0.00921215 0.02169937 -0.00518255
v 0.00921215 0.02169937 -0.00518255
v 0.00921245 -0.02125886 -0.00544226
v 0.00921245 0.02194226 0.00475887
v 0.00921245 0.02194226 0.00475887
v 0.00921245 0.02194226 0.00475887
v 0.00921687 0.02188788 0.00490574
v 0.00921687 0.02188788 0.00490574
v 0.00922069 0.02153278 -0.00531697
v 0.00922069 0.02181697 0.00503278
v 0.00922134 0.02133126 -0.00541721
v 0.00922134 0.02191721 0.00483126
v 0.00922433 0.02196292 0.00464989
v 0.00922518 -0.02163109 0.00524231
v 0.00922518 0.02163109 0.00524231
v 0.00922518 0.02174231 -0.00513109
v 0.00922518 0.02174231 -0.00513109
v 0.00923680 0.02123680 -0.00544226
v 0.00923680 0.02123680 -0.00544226
v 0.00923680 0.02123680 -0.00544226
v 0.00923680 0.02194226 0.00473680
v 0.00923680 0.02194226 0.00473680
v 0.00923715 0.02157668 0.00528179
v 0.00923715 0.02157668 0.00528179
v 0.00923715 0.02178179 -0.00507668
v 0.00923715 0.02178179 -0.00507668
v 0.00923794 0.02196292 0.00462718
v 0.00924151 -0.02177571 0.00508305
v 0.00924151 0.02158305 -0.00527571
v 0.00924493 0.02185442 0.00495823
v 0.00924493 0.02185442 0.00495823
v 0.00924493 0.02185442 0.00495823
v 0.00924493 0.02185442 0.00495823
v 0.00924802 -0.02181763 -0.00501958
v 0.00924802 -0.02151958 0.00531763
v 0.00924802 0.02151958 0.00531763
v 0.00924802 0.02151958 0.00531763
v 0.00924802 0.02151958 0.00531763
v 0.00924802 0.02151958 0.00531763
v 0.00924802 0.02181763 -0.00501958
v 0.00924802 0.02181763 -0.00501958
v 0.00924926 0.02196292 0.00460325
v 0.00925274 0.02191721 0.00480797
v 0.00925560 -0.02138253 -0.00538789
v 0.00925560 -0.02138253 -0.00538789
v 0.00925560 0.02188788 0.00488253
v 0.00925774 -0.02184965 -0.00496006
v 0.00925774 -0.02184965 -0.00496006
v 0.00925774 -0.02146006 0.00534965
v 0.00925774 0.02146006 0.00534965
v 0.00925774 0.02146006 0.00534965
v 0.00925774 0.02146006 0.00534965
v 0.00925818 -0.02196292 0.00457832
v 0.00925886 -0.02121245 -0.00544226
v 0.00925886 0.02194226 0.00471245
v 0.00925886 0.02194226 0.00471245
v 0.00926120 -0.02163060 -0.00523084
v 0.00926120 -0.02163060 -0.00523084
v 0.00926120 0.02173084 0.00513060
v 0.00926625 0.02139840 0.00537772
v 0.00926625 0.02139840 0.00537772
v 0.00926625 0.02187772 -0.00489840
v 0.00926850 0.02196292 0.00452644
v 0.00926980 -0.02196292 0.00450000
v 0.00926980 -0.02196292 0.00450000
v 0.00926980 -0.02100000 -0.00546292
v 0.00926980 -0.02100000 -0.00546292
v 0.00926980 -0.02100000 -0.00546292
v 0.00926980 0.02100000 0.00546292
v 0.00926980 0.02100000 0.00546292
v 0.00926980 0.02196292 0.00450000
v 0.00926980 0.02196292 0.00450000
v 0.00927184 -0.02150859 -0.00531697
v 0.00927184 -0.02150859 -0.00531697
v 0.00927352 -0.02133488 0.00540169
v 0.00927352 -0.02133488 0.00540169
v 0.00927352 0.02133488 0.00540169
v 0.00927844 0.02194226 0.00468605
v 0.00927844 0.02194226 0.00468605
v 0.00927952 -0.02192145 -0.00476980
v 0.00927952 -0.02126980 0.00542145
v 0.00927952 -0.02126980 0.00542145
v 0.00927952 0.02126980 0.00542145
v 0.00927968 0.02167520 -0.00518255
v 0.00928171 -0.02191721 0.00478171
v 0.00928171 0.02128171 -0.00541721
v 0.00928171 0.02128171 -0.00541721
v 0.00928171 0.02191721 0.00478171
v 0.00928421 0.02193692 -0.00470346
v 0.00928758 -0.02194802 -0.00463617
v 0.00928758 0.02113616 0.00544803
v 0.00928758 0.02113616 0.00544803
v 0.00928866 -0.02185442 0.00493202
v 0.00928866 -0.02143202 -0.00535442
v 0.00928866 -0.02143202 -0.00535442
v 0.00928961 0.02106824 0.00545471
v 0.00928961 0.02106824 0.00545471
v 0.00928961 0.02195471 -0.00456824
v 0.00928961 0.02195471 -0.00456824
v 0.00929028 -0.02195694 -0.00450000
v 0.00929028 0.02195694 -0.00450000
v 0.00929534 0.02115786 -0.00544226
v 0.00929534 0.02115786 -0.00544226
v 0.00929534 0.02194226 0.00465786
v 0.00929534 0.02194226 0.00465786
v 0.00929685 -0.02171666 -0.00513109
v 0.00929685 -0.02163109 0.00521666
v 0.00929749 -0.02177571 0.00505657
v 0.00929749 0.02155657 -0.00527571
v 0.00929749 0.02177571 0.00505657
v 0.00929749 0.02177571 0.00505657
v 0.00930797 0.02191721 0.00475274
v 0.00930939 -0.02112815 -0.00544226
v 0.00931264 0.02157668 0.00525478
v 0.00931264 0.02157668 0.00525478
v 0.00931264 0.02175478 -0.00507668
v 0.00931264 0.02175478 -0.00507668
v 0.00932039 0.02181697 0.00497949
v 0.00932039 0.02181697 0.00497949
v 0.00932046 0.02194226 0.00459721
v 0.00932175 -0.02173084 0.00510196
v 0.00932175 0.02160196 -0.00523084
v 0.00932532 0.02132531 -0.00538789
v 0.00932532 0.02188788 0.00482532
v 0.00932697 -0.02178938 -0.00501958
v 0.00932697 -0.02178938 -0.00501958
v 0.00932697 0.02151958 0.00528938
v 0.00932697 0.02151958 0.00528938
v 0.00932697 0.02178938 -0.00501958
v 0.00932844 0.02194226 0.00456533
v 0.00933126 -0.02191721 0.00472134
v 0.00933327 0.02194226 0.00453282
v 0.00933488 -0.02100000 -0.00544226
v 0.00933488 -0.02100000 -0.00544226
v 0.00933488 0.02100000 -0.00544226
v 0.00933488 0.02194226 -0.00450000
v 0.00933488 0.02194226 0.00450000
v 0.00933488 0.02194226 0.00450000
v 0.00933978 -0.02146006 0.00532030
v 0.00933978 -0.02146006 0.00532030
v 0.00934451 -0.02168255 0.00514454
v 0.00934451 0.02164454 -0.00518255
v 0.00934451 0.02168255 0.00514454
v 0.00935100 -0.02184739 -0.00489840
v 0.00935100 -0.02184739 -0.00489840
v 0.00935100 0.02139840 0.00534739
v 0.00935100 0.02139840 0.00534739
v 0.00935100 0.02139840 0.00534739
v 0.00935136 0.02191721 0.00468780
v 0.00935136 0.02191721 0.00468780
v 0.00935563 0.02188788 0.00479186
v 0.00936059 0.02133488 0.00537054
v 0.00936059 0.02187053 -0.00483488
v 0.00936059 0.02187053 -0.00483488
v 0.00936567 -0.02163109 0.00518412
v 0.00936567 0.02163109 0.00518412
v 0.00936567 0.02168412 -0.00513109
v 0.00936567 0.02168412 -0.00513109
v 0.00936584 0.02144578 -0.00531697
v 0.00936584 0.02144578 -0.00531697
v 0.00936740 -0.02136740 -0.00535442
v 0.00936740 0.02185442 0.00486740
v 0.00936807 -0.02191721 0.00465246
v 0.00936807 -0.02115246 -0.00541721
v 0.00936807 0.02191721 0.00465246
v 0.00936807 0.02191721 0.00465246
v 0.00936849 -0.02188962 -0.00476980
v 0.00937468 -0.02120346 0.00540456
v 0.00937912 -0.02191527 -0.00463617
v 0.00937912 0.02113616 0.00541527
v 0.00937912 0.02113616 0.00541527
v 0.00937912 0.02191527 -0.00463617
v 0.00937921 0.02156752 -0.00523084
v 0.00938124 0.02191721 0.00461565
v 0.00938179 -0.02106824 0.00542173
v 0.00938253 0.02125560 -0.00538789
v 0.00938253 0.02188788 0.00475560
v 0.00938268 -0.02192388 -0.00450000
v 0.00938268 0.02100000 0.00542388
v 0.00938268 0.02192388 -0.00450000
v 0.00938268 0.02192388 -0.00450000
v 0.00938268 0.02192388 -0.00450000
v 0.00938268 0.02192388 -0.00450000
v 0.00938512 -0.02172050 -0.00507668
v 0.00938512 0.02157668 0.00522050
v 0.00939648 0.02191721 0.00453905
v 0.00939840 -0.02191721 0.00450000
v 0.00939840 -0.02191721 0.00450000
v 0.00939840 -0.02100000 0.00541721
v 0.00940036 -0.02177571 0.00498784
v 0.00940036 0.02177571 0.00498784
v 0.00940036 0.02177571 0.00498784
v 0.00940164 -0.02185442 0.00482962
v 0.00940164 0.02185442 0.00482962
v 0.00940277 -0.02175353 -0.00501958
v 0.00940277 -0.02175353 -0.00501958
v 0.00940277 -0.02151958 0.00525353
v 0.00940277 0.02175353 -0.00501958
v 0.00940574 0.02121687 -0.00538789
v 0.00940574 0.02121687 -0.00538789
v 0.00940574 0.02188788 0.00471687
v 0.00940603 0.02168255 0.00510767
v 0.00940778 -0.02140777 -0.00531697
v 0.00940778 0.02140777 -0.00531697
v 0.00940778 0.02140777 -0.00531697
v 0.00940778 0.02181697 0.00490777
v 0.00941855 0.02146006 0.00528304
v 0.00941855 0.02146006 0.00528304
v 0.00941855 0.02178304 -0.00496006
v 0.00941855 0.02178304 -0.00496006
v 0.00942504 0.02188788 0.00467606
v 0.00942504 0.02188788 0.00467606
v 0.00943096 -0.02164498 -0.00513109
v 0.00943096 0.02163109 0.00514498
v 0.00943096 0.02164498 -0.00513109
v 0.00943096 0.02164498 -0.00513109
v 0.00943202 -0.02128866 -0.00535442
v 0.00943202 0.02128866 -0.00535442
v 0.00943202 0.02185442 0.00478867
v 0.00943237 -0.02180891 -0.00489840
v 0.00943237 -0.02139840 0.00530891
v 0.00943237 -0.02139840 0.00530891
v 0.00943237 0.02139840 0.00530891
v 0.00943237 0.02139840 0.00530891
v 0.00943301 -0.02173084 0.00502762
v 0.00943301 -0.02152762 -0.00523084
v 0.00943301 0.02152762 -0.00523084
v 0.00943301 0.02152762 -0.00523084
v 0.00943301 0.02173084 0.00502762
v 0.00943301 0.02173084 0.00502762
v 0.00943301 0.02173084 0.00502762
v 0.00943301 0.02173084 0.00502762
v 0.00944025 0.02188788 0.00463355
v 0.00944418 -0.02183100 -0.00483488
v 0.00944418 0.02183100 -0.00483488
v 0.00944418 0.02183100 -0.00483488
v 0.00944578 0.02181697 0.00486584
v 0.00944625 0.02177571 0.00494625
v 0.00945122 -0.02108976 -0.00538789
v 0.00945122 0.02188788 0.00458975
v 0.00945388 -0.02157668 0.00517929
v 0.00945388 0.02157668 0.00517929
v 0.00945392 0.02184922 -0.00476980
v 0.00945785 0.02188788 0.00454509
v 0.00945823 -0.02124493 -0.00535442
v 0.00945823 -0.02124493 -0.00535442
v 0.00946007 -0.02100000 -0.00538789
v 0.00946007 -0.02100000 -0.00538789
v 0.00946007 -0.02100000 -0.00538789
v 0.00946007 0.02100000 -0.00538789
v 0.00946007 0.02100000 -0.00538789
v 0.00946007 0.02188788 0.00450000
v 0.00946007 0.02188788 0.00450000
v 0.00946154 -0.02186348 -0.00470346
v 0.00946154 -0.02120346 0.00536348
v 0.00946154 0.02186348 -0.00470346
v 0.00946364 0.02156494 -0.00518255
v 0.00946364 0.02156494 -0.00518255
v 0.00946701 -0.02187371 -0.00463617
v 0.00946701 0.02113616 0.00537371
v 0.00946701 0.02113616 0.00537371
v 0.00946701 0.02113616 0.00537371
v 0.00946701 0.02113616 0.00537371
v 0.00946701 0.02113616 0.00537371
v 0.00946701 0.02187371 -0.00463617
v 0.00947030 -0.02106824 0.00537987
v 0.00947140 -0.02100000 0.00538192
v 0.00947140 0.02100000 0.00538192
v 0.00947140 0.02100000 0.00538192
v 0.00947140 0.02100000 0.00538192
v 0.00947140 0.02188192 -0.00450000
v 0.00947140 0.02188192 -0.00450000
v 0.00947949 -0.02181697 0.00482039
v 0.00947949 0.02181697 0.00482039
v 0.00948784 -0.02177571 0.00490036
v 0.00948784 -0.02140036 -0.00527571
v 0.00948784 0.02140036 -0.00527571
v 0.00948784 0.02140036 -0.00527571
v 0.00948784 0.02177571 0.00490036
v 0.00949211 -0.02159963 -0.00513109
v 0.00949211 0.02159963 -0.00513109
v 0.00949211 0.02159963 -0.00513109
v 0.00949211 0.02159963 -0.00513109
v 0.00949211 0.02159963 -0.00513109
v 0.00949328 -0.02173825 -0.00496006
v 0.00949328 -0.02173825 -0.00496006
v 0.00949328 0.02146006 0.00523825
v 0.00949721 0.02115083 -0.00535442
v 0.00949721 0.02115083 -0.00535442
v 0.00949721 0.02185442 0.00465083
v 0.00949721 0.02185442 0.00465083
v 0.00950859 0.02181697 0.00477185
v 0.00950958 -0.02176263 -0.00489840
v 0.00950958 -0.02139840 0.00526263
v 0.00950958 -0.02139840 0.00526263
v 0.00950958 0.02176263 -0.00489840
v 0.00950960 -0.02185442 0.00460137
v 0.00950960 -0.02110137 -0.00535442
v 0.00950960 -0.02110137 -0.00535442
v 0.00951708 0.02105093 -0.00535442
v 0.00951708 0.02185442 0.00455093
v 0.00951828 -0.02157668 0.00513153
v 0.00951828 0.02157668 0.00513153
v 0.00951828 0.02163153 -0.00507668
v 0.00951828 0.02163153 -0.00507668
v 0.00951828 0.02163153 -0.00507668
v 0.00951958 -0.02185442 -0.00450000
v 0.00951958 -0.02185442 0.00450000
v 0.00951958 -0.02185442 0.00450000
v 0.00951958 -0.02100000 -0.00535442
v 0.00951958 -0.02100000 -0.00535442
v 0.00951958 0.02185442 -0.00450000
v 0.00951958 0.02185442 -0.00450000
v 0.00951958 0.02185442 0.00450000
v 0.00951958 0.02185442 0.00450000
v 0.00952349 0.02133488 0.00528346
v 0.00952349 0.02133488 0.00528346
v 0.00952473 -0.02177571 0.00485061
v 0.00952473 -0.02135061 -0.00527571
v 0.00952473 -0.02135061 -0.00527571
v 0.00952473 0.02177571 0.00485061
v 0.00952762 0.02173084 0.00493301
v 0.00952762 0.02173084 0.00493301
v 0.00953278 -0.02181697 0.00472069
v 0.00953278 -0.02122069 -0.00531697
v 0.00953278 -0.02122069 -0.00531697
v 0.00953497 -0.02180063 -0.00476980
v 0.00953497 -0.02126980 0.00530064
v 0.00953497 0.02126980 0.00530064
v 0.00953497 0.02126980 0.00530064
v 0.00954204 0.02151958 0.00516048
v 0.00954395 -0.02181408 -0.00470346
v 0.00954395 0.02181408 -0.00470346
v 0.00954851 -0.02163109 0.00504851
v 0.00954851 -0.02154851 -0.00513109
v 0.00954851 0.02163109 0.00504851
v 0.00954851 0.02163109 0.00504851
v 0.00955039 -0.02182372 -0.00463617
v 0.00955039 0.02113616 0.00532373
v 0.00955039 0.02113616 0.00532373
v 0.00955039 0.02182372 -0.00463617
v 0.00955185 0.02181697 0.00466740
v 0.00955185 0.02181697 0.00466740
v 0.00955427 0.02182953 -0.00456824
v 0.00955557 -0.02183147 -0.00450000
v 0.00955557 0.02100000 0.00533147
v 0.00955557 0.02100000 0.00533147
v 0.00955557 0.02183147 -0.00450000
v 0.00955657 0.02129749 -0.00527571
v 0.00955657 0.02177571 0.00479749
v 0.00956327 -0.02168634 -0.00496006
v 0.00956327 0.02168634 -0.00496006
v 0.00956327 0.02168634 -0.00496006
v 0.00956494 -0.02168255 0.00496364
v 0.00956494 0.02146364 -0.00518255
v 0.00956494 0.02146364 -0.00518255
v 0.00956560 0.02111250 -0.00531697
v 0.00956560 0.02111250 -0.00531697
v 0.00956560 0.02111250 -0.00531697
v 0.00956560 0.02181697 0.00461250
v 0.00956752 0.02137921 -0.00523084
v 0.00956752 0.02173084 0.00487921
v 0.00956752 0.02173084 0.00487921
v 0.00957668 -0.02100000 -0.00531697
v 0.00957668 -0.02100000 -0.00531697
v 0.00957668 0.02100000 0.00531697
v 0.00957668 0.02100000 0.00531697
v 0.00957668 0.02181697 0.00450000
v 0.00957668 0.02181697 0.00450000
v 0.00957769 0.02157668 0.00507769
v 0.00957769 0.02157668 0.00507769
v 0.00957769 0.02157768 -0.00507668
v 0.00957769 0.02157768 -0.00507668
v 0.00957769 0.02157768 -0.00507668
v 0.00958187 -0.02139840 0.00520901
v 0.00958187 -0.02139840 0.00520901
v 0.00958187 0.02139840 0.00520901
v 0.00958187 0.02170901 -0.00489840
v 0.00958305 -0.02177571 0.00474151
v 0.00958305 -0.02124151 -0.00527571
v 0.00958305 -0.02124151 -0.00527571
v 0.00959776 0.02172838 -0.00483488
v 0.00959963 -0.02149211 -0.00513109
v 0.00959963 -0.02149211 -0.00513109
v 0.00959963 0.02149211 -0.00513109
v 0.00960391 -0.02118319 -0.00527571
v 0.00960391 0.02177571 0.00468320
v 0.00960391 0.02177571 0.00468320
v 0.00960416 -0.02160417 -0.00501958
v 0.00960416 -0.02160417 -0.00501958
v 0.00960416 -0.02151958 0.00510417
v 0.00960767 -0.02140603 -0.00518255
v 0.00960767 -0.02140603 -0.00518255
v 0.00960767 -0.02140603 -0.00518255
v 0.00960767 -0.02140603 -0.00518255
v 0.00961087 -0.02174434 -0.00476980
v 0.00961087 -0.02126980 0.00524435
v 0.00961087 -0.02126980 0.00524435
v 0.00961087 0.02126980 0.00524435
v 0.00962112 -0.02175684 -0.00470346
v 0.00962112 0.02175684 -0.00470346
v 0.00962783 -0.02146006 0.00512783
v 0.00962783 0.02162783 -0.00496006
v 0.00962805 -0.02177571 0.00456186
v 0.00962805 -0.02106186 -0.00527571
v 0.00962849 0.02113616 0.00526581
v 0.00962849 0.02113616 0.00526581
v 0.00962849 0.02113616 0.00526581
v 0.00962849 0.02113616 0.00526581
v 0.00962849 0.02113616 0.00526581
v 0.00962849 0.02176581 -0.00463617
v 0.00963060 -0.02173084 0.00476120
v 0.00963060 0.02173084 0.00476120
v 0.00963060 0.02173084 0.00476120
v 0.00963109 -0.02177571 0.00450000
v 0.00963109 -0.02177571 0.00450000
v 0.00963109 -0.02100000 0.00527571
v 0.00963109 0.02100000 -0.00527571
v 0.00963109 0.02100000 -0.00527571
v 0.00963109 0.02100000 0.00527571
v 0.00963109 0.02100000 0.00527571
v 0.00963109 0.02100000 0.00527571
v 0.00963109 0.02100000 0.00527571
v 0.00963109 0.02100000 0.00527571
v 0.00963109 0.02177571 0.00450000
v 0.00963109 0.02177571 0.00450000
v 0.00963153 0.02157668 0.00501828
v 0.00963153 0.02157668 0.00501828
v 0.00963291 -0.02177121 -0.00456824
v 0.00963291 -0.02106824 0.00527121
v 0.00963291 -0.02106824 0.00527121
v 0.00963291 -0.02106824 0.00527121
v 0.00963291 0.02177121 -0.00456824
v 0.00963439 -0.02177301 -0.00450000
v 0.00963439 0.02100000 0.00527301
v 0.00963439 0.02100000 0.00527301
v 0.00964454 0.02134452 -0.00518255
v 0.00964454 0.02168255 0.00484451
v 0.00964454 0.02168255 0.00484451
v 0.00964498 0.02143096 -0.00513109
v 0.00964498 0.02163109 0.00493096
v 0.00964498 0.02163109 0.00493096
v 0.00964857 -0.02164857 -0.00489840
v 0.00964857 -0.02139840 0.00514857
v 0.00964857 -0.02139840 0.00514857
v 0.00964857 0.02164857 -0.00489840
v 0.00965316 -0.02173084 0.00469813
v 0.00965316 0.02119813 -0.00523084
v 0.00965316 0.02119813 -0.00523084
v 0.00966047 -0.02151958 0.00504204
v 0.00966047 0.02151958 0.00504204
v 0.00966628 0.02133488 0.00516628
v 0.00966628 0.02166628 -0.00483488
v 0.00966944 -0.02173084 0.00463316
v 0.00966944 0.02113316 -0.00523084
v 0.00966944 0.02173084 0.00463316
v 0.00967520 -0.02168255 0.00477968
v 0.00967520 -0.02127968 -0.00518255
v 0.00967927 -0.02106690 -0.00523084
v 0.00967927 0.02173084 0.00456690
v 0.00967928 -0.02157668 0.00495388
v 0.00967928 0.02157668 0.00495388
v 0.00967928 0.02157668 0.00495388
v 0.00968088 -0.02168089 -0.00476980
v 0.00968088 0.02126980 0.00518088
v 0.00968088 0.02168089 -0.00476980
v 0.00968255 -0.02173084 0.00450000
v 0.00968255 -0.02173084 0.00450000
v 0.00968255 -0.02100000 -0.00523084
v 0.00968255 -0.02100000 -0.00523084
v 0.00968255 -0.02100000 -0.00523084
v 0.00968255 -0.02100000 -0.00523084
v 0.00968255 0.02100000 0.00523084
v 0.00968255 0.02100000 0.00523084
v 0.00968255 0.02173084 -0.00450000
v 0.00968255 0.02173084 0.00450000
v 0.00968255 0.02173084 0.00450000
v 0.00968412 -0.02136567 -0.00513109
v 0.00968412 -0.02136567 -0.00513109
v 0.00968412 0.02163109 0.00486567
v 0.00968634 0.02146006 0.00506327
v 0.00969937 0.02121215 -0.00518255
v 0.00969937 0.02121215 -0.00518255
v 0.00969937 0.02121215 -0.00518255
v 0.00970052 -0.02170052 -0.00463617
v 0.00970052 -0.02113616 0.00520052
v 0.00970052 -0.02113616 0.00520052
v 0.00970052 0.02113616 0.00520052
v 0.00970052 0.02113616 0.00520052
v 0.00970052 0.02113616 0.00520052
v 0.00970052 0.02170052 -0.00463617
v 0.00970546 0.02170546 -0.00456824
v 0.00970711 0.02100000 0.00520711
v 0.00970711 0.02170711 -0.00450000
v 0.00970901 -0.02158187 -0.00489840
v 0.00970901 0.02139840 0.00508187
v 0.00970901 0.02158187 -0.00489840
v 0.00971042 -0.02151958 0.00497469
v 0.00971042 -0.02147469 -0.00501958
v 0.00971042 -0.02147469 -0.00501958
v 0.00971042 -0.02147469 -0.00501958
v 0.00971042 -0.02147469 -0.00501958
v 0.00971042 0.02151958 0.00497469
v 0.00971666 0.02163109 0.00479685
v 0.00971679 -0.02114258 -0.00518255
v 0.00972050 -0.02138512 -0.00507668
v 0.00972050 0.02157668 0.00488512
v 0.00972732 -0.02107163 -0.00518255
v 0.00972732 0.02168255 0.00457163
v 0.00972838 -0.02133488 0.00509776
v 0.00972838 -0.02133488 0.00509776
v 0.00972838 -0.02133488 0.00509776
v 0.00972838 0.02133488 0.00509776
v 0.00972838 0.02159776 -0.00483488
v 0.00973084 0.02100000 0.00518255
v 0.00973084 0.02168255 -0.00450000
v 0.00973825 -0.02149328 -0.00496006
v 0.00973825 -0.02149328 -0.00496006
v 0.00973825 0.02146006 0.00499328
v 0.00973825 0.02149328 -0.00496006
v 0.00973825 0.02149328 -0.00496006
v 0.00973825 0.02149328 -0.00496006
v 0.00974231 0.02122518 -0.00513109
v 0.00974231 0.02163109 0.00472518
v 0.00974231 0.02163109 0.00472518
v 0.00974434 -0.02161087 -0.00476980
v 0.00974434 -0.02126980 0.00511087
v 0.00974434 -0.02126980 0.00511087
v 0.00974434 -0.02126980 0.00511087
v 0.00974434 -0.02126980 0.00511087
v 0.00975353 0.02151958 0.00490277
v 0.00975478 -0.02157668 0.00481264
v 0.00975478 -0.02157668 0.00481264
v 0.00975478 0.02131264 -0.00507668
v 0.00975478 0.02131264 -0.00507668
v 0.00975478 0.02157668 0.00481264
v 0.00975684 -0.02120346 0.00512112
v 0.00975684 -0.02120346 0.00512112
v 0.00975684 -0.02120346 0.00512112
v 0.00975684 0.02120346 0.00512112
v 0.00975684 0.02120346 0.00512112
v 0.00975684 0.02120346 0.00512112
v 0.00975684 0.02120346 0.00512112
v 0.00975684 0.02162113 -0.00470346
v 0.00976081 -0.02163109 0.00465133
v 0.00976081 0.02163109 0.00465133
v 0.00976263 -0.02150957 -0.00489840
v 0.00976263 -0.02150957 -0.00489840
v 0.00976263 -0.02150957 -0.00489840
v 0.00976263 -0.02139840 0.00500958
v 0.00976263 -0.02139840 0.00500958
v 0.00976263 -0.02139840 0.00500958
v 0.00976263 0.02139840 0.00500958
v 0.00976263 0.02150957 -0.00489840
v 0.00977121 -0.02163291 -0.00456824
v 0.00977121 -0.02106824 0.00513291
v 0.00977198 -0.02107603 -0.00513109
v 0.00977198 0.02163109 0.00457603
v 0.00977301 -0.02163439 -0.00450000
v 0.00977301 -0.02100000 0.00513439
v 0.00977301 0.02100000 0.00513439
v 0.00977301 0.02163439 -0.00450000
v 0.00977571 -0.02100000 -0.00513109
v 0.00977571 -0.02100000 -0.00513109
v 0.00977571 -0.02100000 0.00513109
v 0.00977571 0.02100000 -0.00513109
v 0.00977571 0.02100000 -0.00513109
v 0.00977571 0.02100000 0.00513109
v 0.00977571 0.02163109 0.00450000
v 0.00977571 0.02163109 0.00450000
v 0.00978179 -0.02157668 0.00473715
v 0.00978179 -0.02157668 0.00473715
v 0.00978179 0.02123715 -0.00507668
v 0.00978179 0.02123715 -0.00507668
v 0.00978179 0.02157668 0.00473715
v 0.00978179 0.02157668 0.00473715
v 0.00978304 -0.02141855 -0.00496006
v 0.00978304 -0.02141855 -0.00496006
v 0.00978304 0.02146006 0.00491855
v 0.00978346 0.02133488 0.00502349
v 0.00978346 0.02133488 0.00502349
v 0.00978938 -0.02151958 0.00482697
v 0.00978938 -0.02151958 0.00482697
v 0.00978938 -0.02132697 -0.00501958
v 0.00978938 0.02151958 0.00482697
v 0.00980064 -0.02153497 -0.00476980
v 0.00980064 -0.02153497 -0.00476980
v 0.00980064 0.02126980 0.00503497
v 0.00980064 0.02126980 0.00503497
v 0.00980064 0.02126980 0.00503497
v 0.00980064 0.02153497 -0.00476980
v 0.00980064 0.02153497 -0.00476980
v 0.00980127 -0.02157668 0.00465938
v 0.00980127 -0.02157668 0.00465938
v 0.00980127 0.02115938 -0.00507668
v 0.00980127 0.02115938 -0.00507668
v 0.00980891 0.02143237 -0.00489840
v 0.00980891 0.02143237 -0.00489840
v 0.00980891 0.02143237 -0.00489840
v 0.00980891 0.02143237 -0.00489840
v 0.00981304 -0.02157668 0.00458008
v 0.00981304 -0.02157668 0.00458008
v 0.00981304 -0.02108008 -0.00507668
v 0.00981304 0.02108008 -0.00507668
v 0.00981304 0.02157668 0.00458008
v 0.00981697 -0.02157668 0.00450000
v 0.00981697 -0.02157668 0.00450000
v 0.00981697 -0.02157668 0.00450000
v 0.00981697 -0.02157668 0.00450000
v 0.00981697 -0.02100000 -0.00507668
v 0.00981697 -0.02100000 -0.00507668
v 0.00981697 -0.02100000 0.00507668
v 0.00981697 0.02100000 -0.00507668
v 0.00981697 0.02100000 -0.00507668
v 0.00981697 0.02100000 0.00507668
v 0.00981697 0.02157668 0.00450000
v 0.00981697 0.02157668 0.00450000
v 0.00981763 -0.02151958 0.00474803
v 0.00981763 0.02124802 -0.00501958
v 0.00981763 0.02124802 -0.00501958
v 0.00981763 0.02124802 -0.00501958
v 0.00981763 0.02124802 -0.00501958
v 0.00982030 -0.02146006 0.00483978
v 0.00982030 -0.02146006 0.00483978
v 0.00982030 0.02133978 -0.00496006
v 0.00982030 0.02133978 -0.00496006
v 0.00982373 -0.02155040 -0.00463617
v 0.00982373 -0.02155040 -0.00463617
v 0.00982373 -0.02155040 -0.00463617
v 0.00982373 0.02113616 0.00505040
v 0.00982373 0.02113616 0.00505040
v 0.00982953 0.02155427 -0.00456824
v 0.00983100 0.02133488 0.00494418
v 0.00983100 0.02144418 -0.00483488
v 0.00983100 0.02144418 -0.00483488
v 0.00983147 -0.02155557 -0.00450000
v 0.00983147 -0.02155557 -0.00450000
v 0.00983147 -0.02155557 -0.00450000
v 0.00983147 -0.02100000 0.00505557
v 0.00983147 0.02100000 0.00505557
v 0.00983147 0.02100000 0.00505557
v 0.00983147 0.02155557 -0.00450000
v 0.00983800 -0.02151958 0.00466669
v 0.00983800 -0.02116669 -0.00501958
v 0.00983800 0.02151958 0.00466669
v 0.00983800 0.02151958 0.00466669
v 0.00983800 0.02151958 0.00466669
v 0.00984739 -0.02139840 0.00485100
v 0.00984739 0.02139840 0.00485100
v 0.00984922 -0.02145392 -0.00476980
v 0.00984922 -0.02126980 0.00495392
v 0.00984922 0.02126980 0.00495392
v 0.00984922 0.02126980 0.00495392
v 0.00984922 0.02126980 0.00495392
v 0.00984965 0.02146006 0.00475774
v 0.00984965 0.02146006 0.00475774
v 0.00984965 0.02146006 0.00475774
v 0.00985031 -0.02151958 0.00458375
v 0.00985442 -0.02151958 0.00450000
v 0.00985442 -0.02151958 0.00450000
v 0.00985442 -0.02100000 -0.00501958
v 0.00985442 -0.02100000 -0.00501958
v 0.00985442 -0.02100000 0.00501958
v 0.00985442 0.02100000 0.00501958
v 0.00985442 0.02100000 0.00501958
v 0.00985442 0.02151958 -0.00450000
v 0.00985442 0.02151958 -0.00450000
v 0.00985442 0.02151958 -0.00450000
v 0.00985442 0.02151958 0.00450000
v 0.00985442 0.02151958 0.00450000
v 0.00986347 -0.02146154 -0.00470346
v 0.00986347 -0.02146154 -0.00470346
v 0.00986347 -0.02120346 0.00496154
v 0.00986347 0.02146154 -0.00470346
v 0.00986347 0.02146154 -0.00470346
v 0.00987054 -0.02136059 -0.00483488
v 0.00987054 -0.02136059 -0.00483488
v 0.00987054 0.02133488 0.00486059
v 0.00987054 0.02136059 -0.00483488
v 0.00987054 0.02136059 -0.00483488
v 0.00987082 -0.02146006 0.00467322
v 0.00987082 -0.02146006 0.00467322
v 0.00987082 0.02117322 -0.00496006
v 0.00987082 0.02117322 -0.00496006
v 0.00987371 0.02146701 -0.00463617
v 0.00987371 0.02146701 -0.00463617
v 0.00987371 0.02146701 -0.00463617
v 0.00987772 -0.02139840 0.00476625
v 0.00987772 -0.02139840 0.00476625
v 0.00987772 -0.02126625 -0.00489840
v 0.00987987 -0.02106824 0.00497030
v 0.00987987 -0.02106824 0.00497030
v 0.00987987 0.02106824 0.00497030
v 0.00987987 0.02106824 0.00497030
v 0.00987987 0.02106824 0.00497030
v 0.00988192 -0.02147140 -0.00450000
v 0.00988192 -0.02100000 0.00497140
v 0.00988192 0.02147140 -0.00450000
v 0.00988192 0.02147140 -0.00450000
v 0.00988192 0.02147140 -0.00450000
v 0.00988361 -0.02146006 0.00458703
v 0.00988361 0.02146006 0.00458703
v 0.00988361 0.02146006 0.00458703
v 0.00988361 0.02146006 0.00458703
v 0.00988789 -0.02146006 0.00450000
v 0.00988789 -0.02146006 0.00450000
v 0.00988789 -0.02100000 -0.00496006
v 0.00988789 -0.02100000 -0.00496006
v 0.00988789 -0.02100000 0.00496006
v 0.00988789 -0.02100000 0.00496006
v 0.00988789 0.02100000 0.00496006
v 0.00988789 0.02100000 0.00496006
v 0.00988789 0.02146006 0.00450000
v 0.00988789 0.02146006 0.00450000
v 0.00988789 0.02146006 0.00450000
v 0.00988789 0.02146006 0.00450000
v 0.00988962 -0.02136849 -0.00476980
v 0.00988962 0.02126980 0.00486849
v 0.00988962 0.02126980 0.00486849
v 0.00990169 -0.02127352 -0.00483488
v 0.00990169 -0.02127352 -0.00483488
v 0.00990169 0.02133488 0.00477352
v 0.00990169 0.02133488 0.00477352
v 0.00990456 -0.02137468 -0.00470346
v 0.00990456 0.02120346 0.00487468
v 0.00990456 0.02120346 0.00487468
v 0.00990456 0.02137468 -0.00470346
v 0.00991279 -0.02139840 0.00458990
v 0.00991279 -0.02139840 0.00458990
v 0.00991527 -0.02113616 0.00487912
v 0.00991527 -0.02113616 0.00487912
v 0.00991721 -0.02139840 0.00450000
v 0.00991721 -0.02139840 0.00450000
v 0.00991721 0.02100000 -0.00489840
v 0.00991721 0.02100000 0.00489840
v 0.00991721 0.02100000 0.00489840
v 0.00991721 0.02139840 0.00450000
v 0.00991721 0.02139840 0.00450000
v 0.00991721 0.02139840 0.00450000
v 0.00991721 0.02139840 0.00450000
v 0.00992145 -0.02127952 -0.00476980
v 0.00992145 -0.02127952 -0.00476980
v 0.00992145 -0.02126980 0.00477952
v 0.00992145 -0.02126980 0.00477952
v 0.00992145 0.02126980 0.00477952
v 0.00992145 0.02126980 0.00477952
v 0.00992145 0.02126980 0.00477952
v 0.00992145 0.02126980 0.00477952
v 0.00992145 0.02127952 -0.00476980
v 0.00992145 0.02127952 -0.00476980
v 0.00992172 -0.02138179 -0.00456824
v 0.00992388 -0.02138268 -0.00450000
v 0.00992388 0.02100000 0.00488268
v 0.00992416 -0.02118383 -0.00483488
v 0.00992416 0.02118383 -0.00483488
v 0.00993692 -0.02120346 0.00478421
v 0.00993692 -0.02120346 0.00478421
v 0.00993692 -0.02120346 0.00478421
v 0.00993692 -0.02120346 0.00478421
v 0.00993772 -0.02109236 -0.00483488
v 0.00993772 0.02133488 0.00459236
v 0.00993772 0.02133488 0.00459236
v 0.00994226 -0.02133488 0.00450000
v 0.00994226 -0.02133488 0.00450000
v 0.00994226 -0.02100000 -0.00483488
v 0.00994226 -0.02100000 -0.00483488
v 0.00994226 -0.02100000 0.00483488
v 0.00994226 -0.02100000 0.00483488
v 0.00994226 0.02100000 -0.00483488
v 0.00994226 0.02100000 0.00483488
v 0.00994226 0.02133488 0.00450000
v 0.00994226 0.02133488 0.00450000
v 0.00994441 0.02118785 -0.00476980
v 0.00994441 0.02118785 -0.00476980
v 0.00994441 0.02126980 0.00468786
v 0.00994803 0.02113616 0.00478758
v 0.00994803 0.02113616 0.00478758
v 0.00994803 0.02128758 -0.00463617
v 0.00994803 0.02128758 -0.00463617
v 0.00994803 0.02128758 -0.00463617
v 0.00995471 0.02106824 0.00478961
v 0.00995471 0.02128961 -0.00456824
v 0.00995471 0.02128961 -0.00456824
v 0.00995694 0.02129029 -0.00450000
v 0.00995694 0.02129029 -0.00450000
v 0.00995694 0.02129029 -0.00450000
v 0.00995694 0.02129029 -0.00450000
v 0.00995828 0.02109438 -0.00476980
v 0.00995828 0.02109438 -0.00476980
v 0.00995828 0.02126980 0.00459438
v 0.00996027 -0.02120346 0.00469101
v 0.00996027 -0.02120346 0.00469101
v 0.00996027 0.02120346 0.00469101
v 0.00996027 0.02120346 0.00469101
v 0.00996292 -0.02126980 0.00450000
v 0.00996292 -0.02126980 0.00450000
v 0.00996292 -0.02126980 0.00450000
v 0.00996292 -0.02100000 -0.00476980
v 0.00996292 -0.02100000 -0.00476980
v 0.00996292 0.02100000 -0.00476980
v 0.00996292 0.02100000 -0.00476980
v 0.00996292 0.02126980 0.00450000
v 0.00996292 0.02126980 0.00450000
v 0.00997165 -0.02119327 -0.00463617
v 0.00997437 -0.02109597 -0.00470346
v 0.00997437 -0.02109597 -0.00470346
v 0.00997437 -0.02109597 -0.00470346
v 0.00997850 -0.02119463 -0.00456824
v 0.00997908 -0.02120346 0.00450000
v 0.00997908 -0.02120346 0.00450000
v 0.00997908 -0.02120346 0.00450000
v 0.00997908 -0.02100000 -0.00470346
v 0.00997908 -0.02100000 -0.00470346
v 0.00997908 -0.02100000 -0.00470346
v 0.00997908 -0.02100000 -0.00470346
v 0.00997908 -0.02100000 -0.00470346
v 0.00997908 0.02100000 0.00470346
v 0.00997908 0.02100000 0.00470346
v 0.00997908 0.02100000 0.00470346
v 0.00997908 0.02120346 0.00450000
v 0.00997908 0.02120346 0.00450000
v 0.00998079 -0.02119509 -0.00450000
v 0.00998079 -0.02100000 0.00469509
v 0.00998079 0.02100000 0.00469509
v 0.00998079 0.02100000 0.00469509
v 0.00998591 -0.02113616 0.00459710
v 0.00998591 -0.02113616 0.00459710
v 0.00998591 -0.02109711 -0.00463617
v 0.00998591 -0.02109711 -0.00463617
v 0.00998591 -0.02109711 -0.00463617
v 0.00998591 -0.02109711 -0.00463617
v 0.00998591 0.02113616 0.00459710
v 0.00998591 0.02113616 0.00459710
v 0.00998591 0.02113616 0.00459710
v 0.00998591 0.02113616 0.00459710
v 0.00999069 -0.02113616 -0.00450000
v 0.00999069 -0.02100000 -0.00463617
v 0.00999069 -0.02100000 -0.00463617
v 0.00999069 -0.02100000 -0.00463617
v 0.00999069 0.02100000 -0.00463617
v 0.00999069 0.02100000 0.00463617
v 0.00999069 0.02100000 0.00463617
v 0.00999069 0.02100000 0.00463617
v 0.00999069 0.02100000 0.00463617
v 0.00999069 0.02113616 -0.00450000
v 0.00999069 0.02113616 0.00450000
v 0.00999069 0.02113616 0.00450000
v 0.00999069 0.02113616 0.00450000
v 0.00999287 -0.02109779 -0.00456824
v 0.00999287 -0.02109779 -0.00456824
v 0.00999287 0.02109779 -0.00456824
v 0.00999519 -0.02109802 -0.00450000
v 0.00999519 0.02109802 -0.00450000
v 0.00999767 -0.02106824 0.00450000
v 0.00999767 -0.02106824 0.00450000
v 0.00999767 -0.02100000 -0.00456824
v 0.00999767 -0.02100000 -0.00456824
v 0.00999767 -0.02100000 -0.00456824
v 0.00999767 0.02106824 0.00450000
v 0.00999767 0.02106824 0.00450000
v 0.00999767 0.02106824 0.00450000
v 0.01000000 -0.02100000 -0.00450000
v 0.01000000 -0.02100000 -0.00450000
v 0.01000000 -0.02100000 -0.00450000
v 0.01000000 -0.02100000 -0.00450000
v 0.01000000 -0.02100000 0.00450000
v 0.01000000 -0.02100000 0.00450000
v 0.01000000 -0.02100000 0.00450000
v 0.01000000 -0.02100000 0.00450000
v 0.01000000 0.02100000 -0.00450000
v 0.01000000 0.02100000 -0.00450000
v 0.01000000 0.02100000 -0.00450000
v 0.01000000 0.02100000 -0.00450000
v 0.01000000 0.02100000 0.00450000
v 0.01000000 0.02100000 0.00450000
v 0.01000000 0.02100000 0.00450000
v 0.01000000 0.02100000 0.00450000
vn -1.00000000 -0.00000000 0.00000000
vn -1.00000000 0.00000000 0.00000000
vn -1.00000000 0.00000000 0.00000000
vn -1.00000000 0.00000000 0.00000000
vn -1.00000000 -0.00000000 0.00000000
vn -1.00000000 0.00000000 -0.00000000
vn -1.00000000 0.00000000 0.00000000
vn -1.00000000 0.00000000 0.00000000
vn -1.00000000 0.00000000 0.00000000
vn -1.00000000 0.00000000 0.00000000
vn -1.00000000 0.00000000 0.00000000
vn -1.00000000 0.00000000 -0.00000000
vn -1.00000000 0.00000000 0.00000000
vn -0.99766874 0.00000000 -0.06824242
vn -0.99766874 0.00000000 -0.06824242
vn -0.99766874 0.00000000 0.06824242
vn -0.99766874 0.00000000 -0.06824242
vn -0.99766874 0.00000000 -0.06824242
vn -0.99518470 -0.09801714 0.00000000
vn -0.99518470 0.09801714 0.00000000
vn -0.99068594 -0.13616665 0.00000000
vn -0.99068594 -0.13616665 0.00000000
vn -0.99068594 0.00000000 0.13616665
vn -0.99068594 0.13616665 -0.00000000
vn -0.99068594 0.13616665 0.00000000
vn -0.98591554 -0.13616665 0.09710421
vn -0.98591554 -0.09710421 -0.13616665
vn -0.98591554 0.09710421 -0.13616665
vn -0.98078525 -0.19509032 0.00000000
vn -0.97908410 -0.20345601 0.00000000
vn -0.97908410 -0.20345601 0.00000000
vn -0.97908410 0.00000000 -0.20345601
vn -0.97908410 0.00000000 -0.20345601
vn -0.97908410 0.00000000 -0.20345601
vn -0.97908410 0.00000000 -0.20345601
vn -0.97849880 0.06824242 0.19463553
vn -0.97436950 0.20345601 0.09596702
vn -0.97165020 -0.19327325 -0.13616665
vn -0.97165020 -0.13616665 0.19327325
vn -0.97165020 0.19327325 -0.13616665
vn -0.96291727 0.00000000 0.26979676
vn -0.96027124 -0.20345601 0.19100983
vn -0.96027124 0.19100983 -0.20345601
vn -0.96027124 0.19100983 -0.20345601
vn -0.96027124 0.20345601 0.19100983
vn -0.96027124 0.20345601 0.19100983
vn -0.95828056 -0.26979676 0.09438240
vn -0.95828056 -0.09438240 -0.26979676
vn -0.95828056 0.09438240 -0.26979676
vn -0.95694035 -0.29028466 0.00000000
vn -0.95694035 0.00000000 0.29028466
vn -0.95694035 0.29028466 0.00000000
vn -0.95694035 0.29028466 0.00000000
vn -0.95470950 0.06824242 0.28960794
vn -0.94802730 -0.28758094 -0.13616665
vn -0.94802730 -0.13616665 0.28758094
vn -0.94802730 0.28758094 -0.13616665
vn -0.94802730 0.28758094 -0.13616665
vn -0.94441510 -0.18785584 -0.26979676
vn -0.94226090 -0.33487960 0.00000000
vn -0.94226090 -0.33487960 0.00000000
vn -0.94226090 0.00000000 -0.33487960
vn -0.94226090 0.00000000 -0.33487960
vn -0.94226090 0.00000000 -0.33487960
vn -0.94226090 0.00000000 -0.33487960
vn -0.94226090 0.33487960 0.00000000
vn -0.94226090 0.33487960 0.00000000
vn -0.94226090 0.33487960 -0.00000000
vn -0.94226090 0.33487960 -0.00000000
vn -0.94226090 0.33487960 0.00000000
vn -0.94226090 0.33487960 0.00000000
vn -0.93772370 0.33487960 0.09235772
vn -0.93772370 0.33487960 0.09235772
vn -0.93692505 0.28421310 -0.20345601
vn -0.92415565 -0.33487960 0.18382598
vn -0.92415565 0.18382598 -0.33487960
vn -0.92415565 0.18382598 -0.33487960
vn -0.92387950 -0.38268343 0.00000000
vn -0.92387950 0.00000000 0.38268343
vn -0.92387950 0.00000000 0.38268343
vn -0.92387950 0.38268343 0.00000000
vn -0.92172575 0.38179132 -0.06824242
vn -0.92145437 -0.27952012 -0.26979676
vn -0.92145437 0.26979676 0.27952012
vn -0.92145437 0.26979676 0.27952012
vn -0.92145437 0.27952012 -0.26979676
vn -0.91721130 0.39840108 -0.00000000
vn -0.91721130 0.39840108 0.00000000
vn -0.91527444 -0.37911910 -0.13616665
vn -0.91527444 0.13616665 0.37911910
vn -0.91279465 -0.08990243 -0.39840108
vn -0.91279465 0.08990243 -0.39840108
vn -0.90455574 -0.20345601 0.37467927
vn -0.90455574 0.20345601 0.37467927
vn -0.90455574 0.37467927 -0.20345601
vn -0.90168750 -0.33487960 0.27352390
vn -0.90168750 0.27352390 -0.33487960
vn -0.89958733 -0.17893904 -0.39840108
vn -0.88961960 -0.36849248 -0.26979676
vn -0.88961960 0.26979676 0.36849248
vn -0.88961960 0.26979676 0.36849248
vn -0.88788520 -0.46006504 0.00000000
vn -0.88788520 -0.46006504 0.00000000
vn -0.88788520 0.00000000 -0.46006504
vn -0.88788520 0.00000000 -0.46006504
vn -0.88788520 0.00000000 -0.46006504
vn -0.88788520 0.00000000 -0.46006504
vn -0.88788520 0.00000000 0.46006504
vn -0.88360983 -0.46006504 0.08702797
vn -0.88192130 -0.47139674 0.00000000
vn -0.88192130 0.00000000 0.47139674
vn -0.87986530 0.47029780 -0.06824242
vn -0.87771650 -0.26625240 -0.39840108
vn -0.87771650 0.26625240 -0.39840108
vn -0.87771650 0.26625240 -0.39840108
vn -0.87771650 0.39840108 0.26625240
vn -0.87370700 -0.46700612 -0.13616665
vn -0.87370700 -0.13616665 0.46700612
vn -0.87370700 0.13616665 0.46700612
vn -0.87370700 0.46700612 -0.13616665
vn -0.87053555 -0.33487960 0.36058766
vn -0.87053555 0.36058766 -0.33487960
vn -0.87053555 0.36058766 -0.33487960
vn -0.85441940 0.51958394 -0.00000000
vn -0.85441940 0.51958394 0.00000000
vn -0.85030514 -0.08374774 -0.51958394
vn -0.85030514 0.08374774 -0.51958394
vn -0.84965320 -0.46006504 0.25773948
vn -0.84965320 0.25773948 -0.46006504
vn -0.84965320 0.25773948 -0.46006504
vn -0.84965320 0.46006504 0.25773948
vn -0.84921724 -0.45391607 -0.26979676
vn -0.84921724 0.26979676 0.45391607
vn -0.84921724 0.45391607 -0.26979676
vn -0.84739274 -0.35100156 -0.39840108
vn -0.83800197 -0.51958394 0.16668896
vn -0.83800197 -0.16668896 -0.51958394
vn -0.83800197 0.16668896 -0.51958394
vn -0.83800197 0.16668896 -0.51958394
vn -0.83146960 -0.55557024 0.00000000
vn -0.83100000 -0.33487960 0.44417873
vn -0.83100000 0.33487960 0.44417873
vn -0.83100000 0.33487960 0.44417873
vn -0.83100000 0.44417873 -0.33487960
vn -0.83100000 0.44417873 -0.33487960
vn -0.82372530 -0.55039560 -0.13616665
vn -0.82372530 -0.13616665 0.55039560
vn -0.82372530 0.13616665 0.55039560
vn -0.82029897 0.46006504 0.33977896
vn -0.81762840 -0.24802487 -0.51958394
vn -0.81696990 0.00000000 -0.57668030
vn -0.81696990 0.00000000 -0.57668030
vn -0.81696990 0.00000000 0.57668030
vn -0.81696990 0.00000000 -0.57668030
vn -0.81696990 0.00000000 -0.57668030
vn -0.81696990 0.57668030 -0.00000000
vn -0.81696990 0.57668030 0.00000000
vn -0.81407870 -0.20345601 0.54394996
vn -0.81407870 0.20345601 0.54394996
vn -0.81407870 0.54394996 -0.20345601
vn -0.81303596 -0.57668030 0.08007705
vn -0.81303596 0.57668030 0.08007705
vn -0.80890816 -0.43237042 -0.39840108
vn -0.80890816 -0.39840108 0.43237042
vn -0.80127203 0.57668030 0.15938292
vn -0.80063650 -0.53496820 -0.26979676
vn -0.78938060 -0.51958394 0.32697216
vn -0.78938060 -0.32697216 -0.51958394
vn -0.78938060 0.32697216 -0.51958394
vn -0.78938060 0.32697216 -0.51958394
vn -0.78346133 0.52349210 -0.33487960
vn -0.78346133 0.52349210 -0.33487960
vn -0.78304490 0.41854620 -0.46006504
vn -0.78179145 0.57668030 0.23715384
vn -0.77571130 -0.63108796 0.00000000
vn -0.77571130 -0.63108796 0.00000000
vn -0.77571130 0.00000000 0.63108796
vn -0.77571130 0.63108796 -0.00000000
vn -0.77571130 0.63108796 0.00000000
vn -0.77301043 0.63439330 0.00000000
vn -0.77197605 -0.07603300 -0.63108796
vn -0.77120840 -0.06824242 0.63291436
vn -0.77120840 0.06824242 0.63291436
vn -0.76581060 -0.62848450 -0.13616665
vn -0.76581060 0.62848450 -0.13616665
vn -0.76263330 -0.50957530 -0.39840108
vn -0.76263330 -0.39840108 0.50957530
vn -0.76263330 0.39840108 0.50957530
vn -0.76263330 0.39840108 0.50957530
vn -0.76263330 0.39840108 0.50957530
vn -0.76263330 0.39840108 0.50957530
vn -0.76263330 0.50957530 -0.39840108
vn -0.76080620 -0.15133376 -0.63108796
vn -0.76080620 0.15133376 -0.63108796
vn -0.76080620 0.15133376 -0.63108796
vn -0.76080620 0.15133376 -0.63108796
vn -0.76080620 0.63108796 0.15133376
vn -0.75684226 0.20345601 0.62112440
vn -0.75684226 0.62112440 -0.20345601
vn -0.75478180 -0.57668030 0.31264085
vn -0.75478180 0.57668030 0.31264085
vn -0.75353060 -0.51958394 0.40277052
vn -0.75353060 -0.40277052 -0.51958394
vn -0.75353060 0.51958394 0.40277052
vn -0.74434510 -0.61086830 -0.26979676
vn -0.74434510 -0.26979676 0.61086830
vn -0.74434510 0.61086830 -0.26979676
vn -0.74230945 -0.63108796 0.22517710
vn -0.74230945 -0.22517710 -0.63108796
vn -0.74230945 -0.22517710 -0.63108796
vn -0.74230945 0.63108796 0.22517710
vn -0.73083600 -0.68255320 0.00000000
vn -0.73083600 0.00000000 -0.68255320
vn -0.73083600 0.00000000 -0.68255320
vn -0.73083600 0.00000000 -0.68255320
vn -0.73083600 0.00000000 -0.68255320
vn -0.73083600 0.00000000 -0.68255320
vn -0.73083600 0.00000000 -0.68255320
vn -0.73083600 0.00000000 -0.68255320
vn -0.73083600 0.00000000 -0.68255320
vn -0.73083600 0.68255320 0.00000000
vn -0.73083600 0.68255320 -0.00000000
vn -0.73083600 0.68255320 0.00000000
vn -0.72837750 0.33487960 0.59776400
vn -0.72837750 0.33487960 0.59776400
vn -0.72050310 0.38511693 -0.57668030
vn -0.72050310 0.57668030 0.38511693
vn -0.71679320 -0.68255320 0.14257902
vn -0.71679320 0.14257902 -0.68255320
vn -0.71679320 0.14257902 -0.68255320
vn -0.71679320 0.68255320 0.14257902
vn -0.71666380 -0.29685187 -0.63108796
vn -0.71666380 -0.29685187 -0.63108796
vn -0.71666380 0.29685187 -0.63108796
vn -0.71666380 0.29685187 -0.63108796
vn -0.71666380 0.63108796 0.29685187
vn -0.71042377 -0.47469000 -0.51958394
vn -0.71042377 0.47469000 -0.51958394
vn -0.70901394 -0.58187270 -0.39840108
vn -0.70710677 0.00000000 0.70710677
vn -0.70710677 0.70710677 0.00000000
vn -0.70545834 -0.06824242 0.70545834
vn -0.70545834 0.06824242 0.70545834
vn -0.70545834 0.70545834 -0.06824242
vn -0.70052075 -0.70052075 -0.13616665
vn -0.69936640 0.68255320 0.21215048
vn -0.69231700 0.20345601 0.69231700
vn -0.69231700 0.69231700 -0.20345601
vn -0.68634456 -0.46006504 0.56326840
vn -0.68634456 0.56326840 -0.46006504
vn -0.68411630 -0.63108796 0.36566776
vn -0.68411630 -0.36566776 -0.63108796
vn -0.68411630 -0.36566776 -0.63108796
vn -0.68411630 -0.36566776 -0.63108796
vn -0.68411630 0.36566776 -0.63108796
vn -0.68411630 0.36566776 -0.63108796
vn -0.68255320 0.00000000 0.73083600
vn -0.68255320 0.73083600 0.00000000
vn -0.68255320 0.73083600 -0.00000000
vn -0.68255320 0.73083600 0.00000000
vn -0.68088530 -0.68088530 -0.26979676
vn -0.68088530 -0.26979676 0.68088530
vn -0.68088530 0.26979676 0.68088530
vn -0.68088530 0.26979676 0.68088530
vn -0.67928565 -0.57668030 0.45388415
vn -0.67926645 0.06690191 -0.73083600
vn -0.67926645 0.06690191 -0.73083600
vn -0.67926645 0.73083600 0.06690191
vn -0.66943806 -0.73083600 0.13315952
vn -0.66943806 -0.13315952 -0.73083600
vn -0.66943806 -0.13315952 -0.73083600
vn -0.66047513 -0.54203790 -0.51958394
vn -0.66047513 0.54203790 -0.51958394
vn -0.64856630 -0.64856630 -0.39840108
vn -0.64856630 0.39840108 0.64856630
vn -0.64856630 0.39840108 0.64856630
vn -0.64856630 0.64856630 -0.39840108
vn -0.64498040 -0.63108796 0.43096212
vn -0.64498040 -0.43096212 -0.63108796
vn -0.64498040 -0.43096212 -0.63108796
vn -0.64498040 0.63108796 0.43096212
vn -0.64498040 0.63108796 0.43096212
vn -0.64453980 0.34451368 -0.68255320
vn -0.64453980 0.68255320 0.34451368
vn -0.63439330 -0.77301043 0.00000000
vn -0.63439330 0.77301043 0.00000000
vn -0.63439330 0.77301043 0.00000000
vn -0.63291436 -0.06824242 0.77120840
vn -0.63152630 -0.57668030 0.51828020
vn -0.63152630 0.51828020 -0.57668030
vn -0.63152630 0.51828020 -0.57668030
vn -0.63152630 0.57668030 0.51828020
vn -0.63108796 -0.77571130 0.00000000
vn -0.63108796 -0.77571130 0.00000000
vn -0.63108796 0.00000000 -0.77571130
vn -0.63108796 0.00000000 -0.77571130
vn -0.63108796 0.00000000 0.77571130
vn -0.63108796 0.77571130 -0.00000000
vn -0.63108796 0.77571130 -0.00000000
vn -0.63108796 0.77571130 0.00000000
vn -0.63059690 -0.73083600 0.26120177
vn -0.63059690 0.26120177 -0.73083600
vn -0.63059690 0.26120177 -0.73083600
vn -0.63059690 0.73083600 0.26120177
vn -0.62848450 -0.76581060 -0.13616665
vn -0.62848450 0.76581060 -0.13616665
vn -0.62804910 0.77571130 0.06185744
vn -0.62782970 -0.46006504 0.62782970
vn -0.62782970 0.46006504 0.62782970
vn -0.62782970 0.62782970 -0.46006504
vn -0.62112440 -0.75684226 -0.20345601
vn -0.62112440 -0.20345601 0.75684226
vn -0.62112440 0.20345601 0.75684226
vn -0.62112440 0.75684226 -0.20345601
vn -0.61896175 0.77571130 0.12311915
vn -0.61086830 0.74434510 -0.26979676
vn -0.60766790 0.40603070 -0.68255320
vn -0.60766790 0.40603070 -0.68255320
vn -0.60766790 0.68255320 0.40603070
vn -0.60766790 0.68255320 0.40603070
vn -0.60416573 -0.60416573 -0.51958394
vn -0.60416573 -0.60416573 -0.51958394
vn -0.60391350 0.18319516 -0.77571130
vn -0.59963290 -0.49210602 -0.63108796
vn -0.59963290 -0.49210602 -0.63108796
vn -0.59963290 -0.49210602 -0.63108796
vn -0.59776400 -0.72837750 -0.33487960
vn -0.59776400 -0.33487960 0.72837750
vn -0.59776400 0.72837750 -0.33487960
vn -0.58304924 -0.24150690 -0.77571130
vn -0.58304924 -0.24150690 -0.77571130
vn -0.58187270 0.39840108 0.70901394
vn -0.58187270 0.39840108 0.70901394
vn -0.58187270 0.70901394 -0.39840108
vn -0.57768494 -0.57668030 0.57768494
vn -0.57768494 0.57668030 0.57768494
vn -0.57668030 -0.81696990 0.00000000
vn -0.57668030 -0.81696990 0.00000000
vn -0.57668030 0.00000000 0.81696990
vn -0.57668030 0.00000000 -0.81696990
vn -0.57668030 0.00000000 -0.81696990
vn -0.56752217 -0.73083600 0.37920620
vn -0.56752217 0.37920620 -0.73083600
vn -0.56752217 0.73083600 0.37920620
vn -0.56752217 0.73083600 0.37920620
vn -0.56559956 -0.81696990 0.11250475
vn -0.56559956 -0.11250475 -0.81696990
vn -0.56559956 0.11250475 -0.81696990
vn -0.56559956 0.81696990 0.11250475
vn -0.56326840 -0.46006504 0.68634456
vn -0.56326840 0.46006504 0.68634456
vn -0.56326840 0.68634456 -0.46006504
vn -0.55656990 -0.77571130 0.29749280
vn -0.55656990 0.29749280 -0.77571130
vn -0.55656990 0.77571130 0.29749280
vn -0.55557024 -0.83146960 0.00000000
vn -0.55557024 0.83146960 0.00000000
vn -0.55557024 0.83146960 0.00000000
vn -0.55184865 0.81696990 0.16740146
vn -0.55039560 -0.82372530 -0.13616665
vn -0.55039560 -0.13616665 0.82372530
vn -0.55039560 0.13616665 0.82372530
vn -0.55039560 0.82372530 -0.13616665
vn -0.54851073 -0.54851073 -0.63108796
vn -0.54851073 -0.54851073 -0.63108796
vn -0.54851073 0.54851073 -0.63108796
vn -0.54851073 0.54851073 -0.63108796
vn -0.54394996 0.81407870 -0.20345601
vn -0.54203790 -0.66047513 -0.51958394
vn -0.54203790 -0.66047513 -0.51958394
vn -0.54203790 0.51958394 0.66047513
vn -0.54203790 0.51958394 0.66047513
vn -0.53496820 -0.80063650 -0.26979676
vn -0.53496820 0.26979676 0.80063650
vn -0.53496820 0.26979676 0.80063650
vn -0.53496820 0.26979676 0.80063650
vn -0.53278315 0.81696990 0.22068600
vn -0.52762073 0.43300712 -0.73083600
vn -0.52762073 0.43300712 -0.73083600
vn -0.52762073 0.73083600 0.43300712
vn -0.52473044 -0.35061368 -0.77571130
vn -0.52473044 -0.35061368 -0.77571130
vn -0.52473044 0.77571130 0.35061368
vn -0.52349210 -0.33487960 0.78346133
vn -0.51958394 0.85441940 0.00000000
vn -0.51958394 0.85441940 0.00000000
vn -0.51828020 -0.57668030 0.63152630
vn -0.51828020 0.57668030 0.63152630
vn -0.51828020 0.57668030 0.63152630
vn -0.51828020 0.63152630 -0.57668030
vn -0.51677907 -0.68255320 0.51677907
vn -0.51677907 0.68255320 0.51677907
vn -0.50957530 -0.76263330 -0.39840108
vn -0.50957530 -0.76263330 -0.39840108
vn -0.50957530 0.76263330 -0.39840108
vn -0.50858665 0.27184522 -0.81696990
vn -0.49721083 -0.85441940 0.15082726
vn -0.49328260 0.46006504 0.73824960
vn -0.49210602 -0.59963290 -0.63108796
vn -0.49210602 0.63108796 0.59963290
vn -0.49210602 0.63108796 0.59963290
vn -0.48783758 -0.77571130 0.40035796
vn -0.48783758 0.77571130 0.40035796
vn -0.48263794 -0.73083600 0.48263794
vn -0.48263794 0.48263794 -0.73083600
vn -0.48263794 0.48263794 -0.73083600
vn -0.48263794 0.48263794 -0.73083600
vn -0.48263794 0.73083600 0.48263794
vn -0.48003298 -0.19883616 -0.85441940
vn -0.48003298 -0.19883616 -0.85441940
vn -0.48003298 0.85441940 0.19883616
vn -0.47949216 0.32038640 -0.81696990
vn -0.47949216 0.81696990 0.32038640
vn -0.47469000 -0.71042377 -0.51958394
vn -0.47469000 -0.71042377 -0.51958394
vn -0.47469000 -0.51958394 0.71042377
vn -0.47139674 -0.88192130 0.00000000
vn -0.47139674 -0.88192130 0.00000000
vn -0.47139674 0.00000000 0.88192130
vn -0.47139674 0.00000000 0.88192130
vn -0.47139674 0.00000000 0.88192130
vn -0.47139674 0.00000000 0.88192130
vn -0.47139674 0.88192130 0.00000000
vn -0.47029780 0.87986530 -0.06824242
vn -0.46700612 -0.87370700 -0.13616665
vn -0.46700612 -0.87370700 -0.13616665
vn -0.46700612 -0.13616665 0.87370700
vn -0.46700612 -0.13616665 0.87370700
vn -0.46700612 0.13616665 0.87370700
vn -0.46700612 0.13616665 0.87370700
vn -0.46700612 0.87370700 -0.13616665
vn -0.46363744 -0.68255320 0.56494385
vn -0.46006504 -0.88788520 0.00000000
vn -0.46006504 -0.88788520 0.00000000
vn -0.46006504 -0.88788520 0.00000000
vn -0.46006504 -0.88788520 0.00000000
vn -0.46006504 0.00000000 -0.88788520
vn -0.46006504 0.00000000 -0.88788520
vn -0.46006504 0.00000000 -0.88788520
vn -0.46006504 0.00000000 -0.88788520
vn -0.46006504 0.88788520 -0.00000000
vn -0.46006504 0.88788520 0.00000000
vn -0.45823213 0.85441940 0.24493018
vn -0.45391607 -0.84921724 -0.26979676
vn -0.45391607 -0.84921724 -0.26979676
vn -0.45391607 -0.26979676 0.84921724
vn -0.45391607 -0.26979676 0.84921724
vn -0.45391607 0.84921724 -0.26979676
vn -0.45388415 0.67928565 -0.57668030
vn -0.45122500 -0.08975424 -0.88788520
vn -0.44624656 -0.44624656 -0.77571130
vn -0.44624656 -0.44624656 -0.77571130
vn -0.44624656 -0.44624656 -0.77571130
vn -0.44624656 -0.44624656 -0.77571130
vn -0.44624656 0.44624656 -0.77571130
vn -0.44624656 0.44624656 -0.77571130
vn -0.44417873 0.83100000 -0.33487960
vn -0.44025478 0.88788520 0.13354982
vn -0.43300712 0.73083600 0.52762073
vn -0.43237042 -0.80890816 -0.39840108
vn -0.43237042 -0.80890816 -0.39840108
vn -0.43237042 -0.80890816 -0.39840108
vn -0.43237042 0.39840108 0.80890816
vn -0.43237042 0.39840108 0.80890816
vn -0.43201828 -0.28866538 -0.85441940
vn -0.43201828 -0.28866538 -0.85441940
vn -0.43201828 0.28866538 -0.85441940
vn -0.43201828 0.28866538 -0.85441940
vn -0.43201828 0.85441940 0.28866538
vn -0.43096212 -0.64498040 -0.63108796
vn -0.43096212 0.63108796 0.64498040
vn -0.43096212 0.64498040 -0.63108796
vn -0.42504470 -0.88788520 0.17605926
vn -0.42504470 -0.88788520 0.17605926
vn -0.41854620 -0.46006504 0.78304490
vn -0.41854620 -0.46006504 0.78304490
vn -0.41854620 0.78304490 -0.46006504
vn -0.40777457 0.81696990 0.40777457
vn -0.40603070 0.60766790 -0.68255320
vn -0.40603070 0.60766790 -0.68255320
vn -0.40574113 0.88788520 0.21687315
vn -0.40277052 -0.75353060 -0.51958394
vn -0.40277052 0.75353060 -0.51958394
vn -0.40164380 -0.85441940 0.32962057
vn -0.40164380 -0.85441940 0.32962057
vn -0.40035796 0.77571130 0.48783758
vn -0.39840108 0.91721130 -0.00000000
vn -0.39840108 0.91721130 -0.00000000
vn -0.39840108 0.91721130 0.00000000
vn -0.39074594 -0.91721130 0.07772420
vn -0.39074594 0.91721130 0.07772420
vn -0.38511693 -0.57668030 0.72050310
vn -0.38511693 -0.57668030 0.72050310
vn -0.38268343 -0.92387950 0.00000000
vn -0.38268343 0.92387950 0.00000000
vn -0.38253010 -0.25559843 -0.88788520
vn -0.38253010 0.88788520 0.25559843
vn -0.38179132 0.06824242 0.92172575
vn -0.38179132 0.06824242 0.92172575
vn -0.37920620 0.73083600 0.56752217
vn -0.37911910 -0.91527444 -0.13616665
vn -0.37911910 -0.13616665 0.91527444
vn -0.37467927 0.20345601 0.90455574
vn -0.37467927 0.90455574 -0.20345601
vn -0.36849248 -0.88961960 -0.26979676
vn -0.36849248 -0.26979676 0.88961960
vn -0.36849248 -0.26979676 0.88961960
vn -0.36849248 -0.26979676 0.88961960
vn -0.36849248 0.88961960 -0.26979676
vn -0.36807463 -0.15246150 -0.91721130
vn -0.36807463 0.15246150 -0.91721130
vn -0.36807463 0.91721130 0.15246150
vn -0.36740133 -0.36740133 -0.85441940
vn -0.36740133 -0.36740133 -0.85441940
vn -0.36584213 -0.81696990 0.44577992
vn -0.36584213 0.81696990 0.44577992
vn -0.36584213 0.81696990 0.44577992
vn -0.36566776 -0.68411630 -0.63108796
vn -0.36566776 0.63108796 0.68411630
vn -0.36566776 0.63108796 0.68411630
vn -0.36566776 0.68411630 -0.63108796
vn -0.36058766 0.33487960 0.87053555
vn -0.36058766 0.87053555 -0.33487960
vn -0.35135838 0.91721130 0.18780497
vn -0.35100156 -0.84739274 -0.39840108
vn -0.35100156 -0.84739274 -0.39840108
vn -0.35100156 -0.39840108 0.84739274
vn -0.35100156 -0.39840108 0.84739274
vn -0.35061368 -0.77571130 0.52473044
vn -0.35061368 -0.77571130 0.52473044
vn -0.35061368 -0.52473044 -0.77571130
vn -0.34451368 -0.68255320 0.64453980
vn -0.34451368 -0.68255320 0.64453980
vn -0.34451368 0.64453980 -0.68255320
vn -0.34451368 0.64453980 -0.68255320
vn -0.34451368 0.68255320 0.64453980
vn -0.34451368 0.68255320 0.64453980
vn -0.33487960 0.00000000 -0.94226090
vn -0.33487960 0.00000000 -0.94226090
vn -0.33487960 0.00000000 -0.94226090
vn -0.33487960 0.00000000 -0.94226090
vn -0.33487960 0.00000000 0.94226090
vn -0.33487960 0.94226090 -0.00000000
vn -0.33487960 0.94226090 0.00000000
vn -0.33125840 0.22133979 -0.91721130
vn -0.33125840 0.22133979 -0.91721130
vn -0.32962057 0.85441940 0.40164380
vn -0.32962057 0.85441940 0.40164380
vn -0.32844500 0.06533177 -0.94226090
vn -0.32697216 -0.78938060 -0.51958394
vn -0.32531512 0.88788520 0.32531512
vn -0.32531512 0.88788520 0.32531512
vn -0.32175332 0.73083600 0.60195816
vn -0.32175332 0.73083600 0.60195816
vn -0.32045980 0.94226090 0.09721042
vn -0.32038640 0.47949216 -0.81696990
vn -0.32038640 0.47949216 -0.81696990
vn -0.32038640 0.47949216 -0.81696990
vn -0.31264085 -0.57668030 0.75478180
vn -0.31264085 0.57668030 0.75478180
vn -0.31264085 0.57668030 0.75478180
vn -0.31264085 0.57668030 0.75478180
vn -0.31264085 0.75478180 -0.57668030
vn -0.30796820 0.91721130 0.25274298
vn -0.30796820 0.91721130 0.25274298
vn -0.29749280 0.77571130 0.55656990
vn -0.29749280 0.77571130 0.55656990
vn -0.29685187 -0.71666380 -0.63108796
vn -0.29685187 -0.63108796 0.71666380
vn -0.29685187 -0.63108796 0.71666380
vn -0.29533744 -0.94226090 0.15786116
vn -0.29533744 0.94226090 0.15786116
vn -0.29028466 -0.95694035 0.00000000
vn -0.29028466 0.00000000 0.95694035
vn -0.29028466 0.95694035 0.00000000
vn -0.28960794 0.95470950 -0.06824242
vn -0.28866538 -0.43201828 -0.85441940
vn -0.28866538 -0.43201828 -0.85441940
vn -0.28866538 0.85441940 0.43201828
vn -0.28758094 -0.94802730 -0.13616665
vn -0.28758094 0.13616665 0.94802730
vn -0.28758094 0.13616665 0.94802730
vn -0.28758094 0.94802730 -0.13616665
vn -0.28421310 -0.20345601 0.93692505
vn -0.28421310 0.93692505 -0.20345601
vn -0.28171210 -0.91721130 0.28171210
vn -0.28171210 -0.28171210 -0.91721130
vn -0.27967882 -0.68255320 0.67520440
vn -0.27967882 0.68255320 0.67520440
vn -0.27967882 0.68255320 0.67520440
vn -0.27967882 0.68255320 0.67520440
vn -0.27952012 -0.92145437 -0.26979676
vn -0.27952012 -0.26979676 0.92145437
vn -0.27952012 -0.26979676 0.92145437
vn -0.27952012 0.26979676 0.92145437
vn -0.27952012 0.92145437 -0.26979676
vn -0.27352390 -0.33487960 0.90168750
vn -0.27352390 0.90168750 -0.33487960
vn -0.26979676 -0.96291727 0.00000000
vn -0.26979676 -0.96291727 0.00000000
vn -0.26849762 0.96291727 0.02644471
vn -0.26625240 -0.87771650 -0.39840108
vn -0.26625240 -0.87771650 -0.39840108
vn -0.26625240 0.39840108 0.87771650
vn -0.26625240 0.87771650 -0.39840108
vn -0.26461270 0.96291727 0.05263474
vn -0.26120177 0.63059690 -0.73083600
vn -0.26120177 0.63059690 -0.73083600
vn -0.25886545 0.94226090 0.21244538
vn -0.25817943 0.96291727 0.07831787
vn -0.25773948 -0.46006504 0.84965320
vn -0.25773948 0.84965320 -0.46006504
vn -0.25559843 -0.38253010 -0.88788520
vn -0.25559843 -0.38253010 -0.88788520
vn -0.25274298 0.91721130 0.30796820
vn -0.24925971 0.10324676 -0.96291727
vn -0.24925971 0.96291727 0.10324676
vn -0.24802487 -0.81762840 -0.51958394
vn -0.24802487 0.51958394 0.81762840
vn -0.24802487 0.81762840 -0.51958394
vn -0.24493018 -0.85441940 0.45823213
vn -0.24493018 -0.85441940 0.45823213
vn -0.24150690 -0.58304924 -0.77571130
vn -0.24150690 0.77571130 0.58304924
vn -0.23793950 -0.12718132 -0.96291727
vn -0.23715384 -0.57668030 0.78179145
vn -0.23715384 0.57668030 0.78179145
vn -0.23715384 0.57668030 0.78179145
vn -0.23679565 0.94226090 0.23679565
vn -0.23679565 0.94226090 0.23679565
vn -0.22517710 -0.74230945 -0.63108796
vn -0.22517710 0.63108796 0.74230945
vn -0.22517710 0.74230945 -0.63108796
vn -0.22432782 0.96291727 0.14989105
vn -0.22133979 0.91721130 0.33125840
vn -0.22068600 0.81696990 0.53278315
vn -0.22068600 0.81696990 0.53278315
vn -0.21687315 -0.88788520 0.40574113
vn -0.21244538 0.94226090 0.25886545
vn -0.21244538 0.94226090 0.25886545
vn -0.21215048 -0.68255320 0.69936640
vn -0.20855573 -0.96291727 0.17115726
vn -0.20855573 0.17115726 -0.96291727
vn -0.20855573 0.17115726 -0.96291727
vn -0.20855573 0.96291727 0.17115726
vn -0.20247632 0.97908410 0.01994218
vn -0.19883616 -0.48003298 -0.85441940
vn -0.19883616 -0.48003298 -0.85441940
vn -0.19883616 0.48003298 -0.85441940
vn -0.19883616 0.85441940 0.48003298
vn -0.19883616 0.85441940 0.48003298
vn -0.19883616 0.85441940 0.48003298
vn -0.19813472 0.65316266 -0.73083600
vn -0.19813472 0.65316266 -0.73083600
vn -0.19813472 0.73083600 0.65316266
vn -0.19509032 -0.98078525 0.00000000
vn -0.19469526 0.97908410 0.05906016
vn -0.19463553 0.97849880 -0.06824242
vn -0.19327325 -0.97165020 -0.13616665
vn -0.19327325 -0.13616665 0.97165020
vn -0.19327325 0.13616665 0.97165020
vn -0.19327325 0.13616665 0.97165020
vn -0.19100983 -0.20345601 0.96027124
vn -0.19100983 -0.20345601 0.96027124
vn -0.19100983 0.20345601 0.96027124
vn -0.19077513 0.96291727 0.19077513
vn -0.18796885 -0.07785924 -0.97908410
vn -0.18796885 -0.07785924 -0.97908410
vn -0.18785584 -0.94441510 -0.26979676
vn -0.18785584 0.94441510 -0.26979676
vn -0.18780497 0.35135838 -0.91721130
vn -0.18780497 0.35135838 -0.91721130
vn -0.18780497 0.35135838 -0.91721130
vn -0.18604915 -0.27844223 -0.94226090
vn -0.18604915 -0.27844223 -0.94226090
vn -0.18604915 0.94226090 0.27844223
vn -0.18604915 0.94226090 0.27844223
vn -0.18604915 0.94226090 0.27844223
vn -0.18382598 0.92415565 -0.33487960
vn -0.18319516 -0.77571130 0.60391350
vn -0.18319516 0.60391350 -0.77571130
vn -0.18319516 0.77571130 0.60391350
vn -0.17893904 -0.89958733 -0.39840108
vn -0.17893904 -0.89958733 -0.39840108
vn -0.17893904 -0.39840108 0.89958733
vn -0.17605926 0.88788520 0.42504470
vn -0.17605926 0.88788520 0.42504470
vn -0.17605926 0.88788520 0.42504470
vn -0.17321782 -0.46006504 0.87082475
vn -0.17321782 0.46006504 0.87082475
vn -0.17321782 0.46006504 0.87082475
vn -0.16916749 0.97908410 0.11303411
vn -0.16668896 -0.83800197 -0.51958394
vn -0.16668896 -0.51958394 0.83800197
vn -0.16668896 0.83800197 -0.51958394
vn -0.15938292 0.57668030 0.80127203
vn -0.15938292 0.57668030 0.80127203
vn -0.15938292 0.80127203 -0.57668030
vn -0.15786116 0.94226090 0.29533744
vn -0.15786116 0.94226090 0.29533744
vn -0.15786116 0.94226090 0.29533744
vn -0.15727362 0.12907113 -0.97908410
vn -0.15727362 0.12907113 -0.97908410
vn -0.15246150 -0.36807463 -0.91721130
vn -0.15246150 -0.36807463 -0.91721130
vn -0.15246150 -0.36807463 -0.91721130
vn -0.15246150 -0.36807463 -0.91721130
vn -0.15246150 0.91721130 0.36807463
vn -0.15246150 0.91721130 0.36807463
vn -0.15133376 -0.76080620 -0.63108796
vn -0.15133376 -0.63108796 0.76080620
vn -0.15133376 0.63108796 0.76080620
vn -0.15133376 0.76080620 -0.63108796
vn -0.15133376 0.76080620 -0.63108796
vn -0.14989105 -0.96291727 0.22432782
vn -0.14989105 0.96291727 0.22432782
vn -0.14257902 0.68255320 0.71679320
vn -0.14257902 0.71679320 -0.68255320
vn -0.14257902 0.71679320 -0.68255320
vn -0.13616665 -0.99068594 0.00000000
vn -0.13616665 -0.99068594 0.00000000
vn -0.13616665 0.00000000 -0.99068594
vn -0.13616665 0.00000000 -0.99068594
vn -0.13616665 0.00000000 -0.99068594
vn -0.13616665 0.00000000 -0.99068594
vn -0.13616665 0.99068594 0.00000000
vn -0.13616665 0.99068594 -0.00000000
vn -0.13616665 0.99068594 0.00000000
vn -0.13551097 0.99068594 0.01334667
vn -0.13355024 0.99068594 0.02656480
vn -0.13354982 0.44025478 -0.88788520
vn -0.13354982 0.44025478 -0.88788520
vn -0.13030335 0.99068594 0.03952709
vn -0.12907113 0.97908410 0.15727362
vn -0.12718132 0.96291727 0.23793950
vn -0.12718132 0.96291727 0.23793950
vn -0.12311915 -0.77571130 0.61896175
vn -0.12311915 -0.61896175 -0.77571130
vn -0.12311915 -0.61896175 -0.77571130
vn -0.12311915 0.61896175 -0.77571130
vn -0.11564973 -0.91721130 0.38124606
vn -0.11564973 0.91721130 0.38124606
vn -0.11564973 0.91721130 0.38124606
vn -0.11321843 -0.99068594 0.07565014
vn -0.11321843 0.99068594 0.07565014
vn -0.11303411 0.97908410 0.16916749
vn -0.10525824 -0.08638321 -0.99068594
vn -0.10525824 -0.08638321 -0.99068594
vn -0.10525824 0.99068594 0.08638321
vn -0.10136580 -0.85441940 0.50960030
vn -0.10136580 -0.50960030 -0.85441940
vn -0.10136580 -0.50960030 -0.85441940
vn -0.10136580 -0.50960030 -0.85441940
vn -0.10136580 -0.50960030 -0.85441940
vn -0.10136580 0.50960030 -0.85441940
vn -0.10136580 0.85441940 0.50960030
vn -0.10136580 0.85441940 0.50960030
vn -0.10136580 0.85441940 0.50960030
vn -0.10136580 0.85441940 0.50960030
vn -0.09801714 -0.99518470 0.00000000
vn -0.09801714 0.99518470 0.00000000
vn -0.09778864 -0.06824242 0.99286470
vn -0.09778864 -0.06824242 0.99286470
vn -0.09778864 0.06824242 0.99286470
vn -0.09778864 0.06824242 0.99286470
vn -0.09778864 0.99286470 -0.06824242
vn -0.09721042 0.32045980 -0.94226090
vn -0.09710421 -0.98591554 -0.13616665
vn -0.09710421 0.13616665 0.98591554
vn -0.09710421 0.13616665 0.98591554
vn -0.09710421 0.98591554 -0.13616665
vn -0.09628436 0.99068594 0.09628436
vn -0.09596702 -0.20345601 0.97436950
vn -0.09596702 -0.20345601 0.97436950
vn -0.09596702 -0.20345601 0.97436950
vn -0.09596702 0.20345601 0.97436950
vn -0.09596702 0.97436950 -0.20345601
vn -0.09438240 -0.95828056 -0.26979676
vn -0.09235772 -0.33487960 0.93772370
vn -0.09235772 0.33487960 0.93772370
vn -0.08990243 -0.91279465 -0.39840108
vn -0.08990243 -0.91279465 -0.39840108
vn -0.08975424 -0.45122500 -0.88788520
vn -0.08975424 -0.45122500 -0.88788520
vn -0.08975424 0.45122500 -0.88788520
vn -0.08975424 0.45122500 -0.88788520
vn -0.08702797 -0.46006504 0.88360983
vn -0.08702797 0.88360983 -0.46006504
vn -0.08638321 0.99068594 0.10525824
vn -0.08374774 -0.85030514 -0.51958394
vn -0.08374774 0.85030514 -0.51958394
vn -0.08007705 -0.57668030 0.81303596
vn -0.08007705 0.57668030 0.81303596
vn -0.08007705 0.81303596 -0.57668030
vn -0.08007705 0.81303596 -0.57668030
vn -0.07785924 -0.18796885 -0.97908410
vn -0.07785924 -0.18796885 -0.97908410
vn -0.07785924 -0.18796885 -0.97908410
vn -0.07785924 -0.18796885 -0.97908410
vn -0.07785924 0.18796885 -0.97908410
vn -0.07785924 0.18796885 -0.97908410
vn -0.07772420 0.91721130 0.39074594
vn -0.07772420 0.91721130 0.39074594
vn -0.07603300 -0.77197605 -0.63108796
vn -0.07603300 -0.77197605 -0.63108796
vn -0.07565014 0.99068594 0.11321843
vn -0.07565014 0.99068594 0.11321843
vn -0.07565014 0.99068594 0.11321843
vn -0.07565014 0.99068594 0.11321843
vn -0.07163445 0.68255320 0.72731680
vn -0.07163445 0.68255320 0.72731680
vn -0.07163445 0.68255320 0.72731680
vn -0.06824242 0.00000000 0.99766874
vn -0.06824242 0.00000000 0.99766874
vn -0.06824242 0.00000000 0.99766874
vn -0.06824242 0.00000000 0.99766874
vn -0.06824242 0.00000000 0.99766874
vn -0.06824242 0.00000000 0.99766874
vn -0.06824242 0.99766874 -0.00000000
vn -0.06824242 0.99766874 0.00000000
vn -0.06791381 -0.99766874 0.00668893
vn -0.06791381 -0.00668893 -0.99766874
vn -0.06791381 0.00668893 -0.99766874
vn -0.06791381 0.00668893 -0.99766874
vn -0.06791381 0.99766874 0.00668893
vn -0.06693115 -0.99766874 0.01331343
vn -0.06693115 -0.01331343 -0.99766874
vn -0.06693115 0.01331343 -0.99766874
vn -0.06693115 0.01331343 -0.99766874
vn -0.06693115 0.99766874 0.01331343
vn -0.06690191 -0.73083600 0.67926645
vn -0.06690191 0.67926645 -0.73083600
vn -0.06690191 0.73083600 0.67926645
vn -0.06690191 0.73083600 0.67926645
vn -0.06533177 -0.32844500 -0.94226090
vn -0.06533177 -0.32844500 -0.94226090
vn -0.06533177 0.94226090 0.32844500
vn -0.06530391 -0.99766874 0.01980973
vn -0.06530391 -0.01980973 -0.99766874
vn -0.06530391 0.01980973 -0.99766874
vn -0.06530391 0.01980973 -0.99766874
vn -0.06530391 0.99766874 0.01980973
vn -0.06418852 0.99068594 0.12008826
vn -0.06304777 -0.99766874 0.02611524
vn -0.06304777 -0.02611524 -0.99766874
vn -0.06304777 -0.02611524 -0.99766874
vn -0.06304777 0.02611524 -0.99766874
vn -0.06304777 0.02611524 -0.99766874
vn -0.06304777 0.99766874 0.02611524
vn -0.06185744 0.62804910 -0.77571130
vn -0.06185744 0.77571130 0.62804910
vn -0.06185744 0.77571130 0.62804910
vn -0.06185744 0.77571130 0.62804910
vn -0.06018443 -0.99766874 0.03216925
vn -0.06018443 -0.03216925 -0.99766874
vn -0.06018443 0.03216925 -0.99766874
vn -0.06018443 0.03216925 -0.99766874
vn -0.06018443 0.99766874 0.03216925
vn -0.05906016 -0.97908410 0.19469526
vn -0.05906016 0.97908410 0.19469526
vn -0.05906016 0.97908410 0.19469526
vn -0.05674150 -0.99766874 0.03791345
vn -0.05674150 -0.03791345 -0.99766874
vn -0.05674150 0.03791345 -0.99766874
vn -0.05674150 0.03791345 -0.99766874
vn -0.05674150 0.99766874 0.03791345
vn -0.05652456 0.57390344 -0.81696990
vn -0.05275210 -0.99766874 0.04329253
vn -0.05275210 -0.04329253 -0.99766874
vn -0.05275210 0.04329253 -0.99766874
vn -0.05275210 0.04329253 -0.99766874
vn -0.05275210 0.99766874 0.04329253
vn -0.05210872 0.99068594 0.12580158
vn -0.04825467 -0.99766874 0.04825467
vn -0.04825467 -0.04825467 -0.99766874
vn -0.04825467 0.04825467 -0.99766874
vn -0.04825467 0.04825467 -0.99766874
vn -0.04825467 0.99766874 0.04825467
vn -0.04509426 0.45784970 -0.88788520
vn -0.04509426 0.45784970 -0.88788520
vn -0.04329253 -0.99766874 0.05275210
vn -0.04329253 -0.05275210 -0.99766874
vn -0.04329253 0.05275210 -0.99766874
vn -0.04329253 0.05275210 -0.99766874
vn -0.04329253 0.99766874 0.05275210
vn -0.03969230 0.97908410 0.19954666
vn -0.03905014 0.91721130 0.39648268
vn -0.03791345 -0.99766874 0.05674150
vn -0.03791345 -0.05674150 -0.99766874
vn -0.03791345 0.05674150 -0.99766874
vn -0.03791345 0.99766874 0.05674150
vn -0.03216925 -0.99766874 0.06018443
vn -0.03216925 -0.06018443 -0.99766874
vn -0.03216925 0.06018443 -0.99766874
vn -0.03216925 0.99766874 0.06018443
vn -0.02644471 0.96291727 0.26849762
vn -0.02644471 0.96291727 0.26849762
vn -0.02611524 -0.99766874 0.06304777
vn -0.02611524 -0.06304777 -0.99766874
vn -0.02611524 0.06304777 -0.99766874
vn -0.02611524 0.99766874 0.06304777
vn -0.01994218 0.97908410 0.20247632
vn -0.01980973 -0.99766874 0.06530391
vn -0.01980973 -0.06530391 -0.99766874
vn -0.01980973 0.06530391 -0.99766874
vn -0.01980973 0.99766874 0.06530391
vn -0.01334667 0.99068594 0.13551097
vn -0.01331343 -0.99766874 0.06693115
vn -0.01331343 -0.06693115 -0.99766874
vn -0.01331343 0.06693115 -0.99766874
vn -0.01331343 0.99766874 0.06693115
vn -0.00668893 -0.99766874 0.06791381
vn -0.00668893 -0.06791381 -0.99766874
vn -0.00668893 0.06791381 -0.99766874
vn -0.00668893 0.99766874 0.06791381
vn -0.00000000 -1.00000000 0.00000000
vn 0.00000000 -1.00000000 0.00000000
vn 0.00000000 -1.00000000 0.00000000
vn 0.00000000 -1.00000000 0.00000000
vn 0.00000000 -1.00000000 0.00000000
vn 0.00000000 -1.00000000 0.00000000
vn 0.00000000 -1.00000000 0.00000000
vn -0.00000000 -0.99766874 -0.06824242
vn 0.00000000 -0.99766874 -0.06824242
vn 0.00000000 -0.99068594 0.13616665
vn 0.00000000 -0.99068594 0.13616665
vn -0.00000000 -0.97908410 -0.20345601
vn 0.00000000 -0.97908410 -0.20345601
vn 0.00000000 -0.96291727 0.26979676
vn 0.00000000 -0.96291727 0.26979676
vn -0.00000000 -0.94226090 -0.33487960
vn 0.00000000 -0.94226090 -0.33487960
vn -0.00000000 -0.88788520 -0.46006504
vn -0.00000000 -0.88788520 -0.46006504
vn 0.00000000 -0.88788520 -0.46006504
vn 0.00000000 -0.88788520 -0.46006504
vn 0.00000000 -0.88788520 0.46006504
vn 0.00000000 -0.88788520 0.46006504
vn -0.00000000 -0.81696990 -0.57668030
vn 0.00000000 -0.81696990 -0.57668030
vn 0.00000000 -0.81696990 0.57668030
vn 0.00000000 -0.81696990 0.57668030
vn 0.00000000 -0.77571130 0.63108796
vn 0.00000000 -0.77571130 0.63108796
vn -0.00000000 -0.73083600 -0.68255320
vn -0.00000000 -0.73083600 -0.68255320
vn 0.00000000 -0.73083600 -0.68255320
vn 0.00000000 -0.68255320 0.73083600
vn 0.00000000 -0.68255320 0.73083600
vn -0.00000000 -0.63108796 -0.77571130
vn -0.00000000 -0.63108796 -0.77571130
vn 0.00000000 -0.63108796 -0.77571130
vn 0.00000000 -0.63108796 0.77571130
vn 0.00000000 -0.63108796 0.77571130
vn -0.00000000 -0.51958394 -0.85441940
vn 0.00000000 -0.51958394 -0.85441940
vn 0.00000000 -0.46006504 0.88788520
vn 0.00000000 -0.46006504 0.88788520
vn -0.00000000 -0.39840108 -0.91721130
vn 0.00000000 -0.39840108 -0.91721130
vn 0.00000000 -0.33487960 0.94226090
vn 0.00000000 -0.33487960 0.94226090
vn -0.00000000 -0.26979676 -0.96291727
vn 0.00000000 -0.26979676 -0.96291727
vn -0.00000000 -0.13616665 -0.99068594
vn 0.00000000 -0.13616665 -0.99068594
vn 0.00000000 -0.13616665 0.99068594
vn 0.00000000 -0.13616665 0.99068594
vn 0.00000000 -0.13616665 0.99068594
vn 0.00000000 -0.13616665 0.99068594
vn 0.00000000 -0.06824242 0.99766874
vn 0.00000000 -0.06824242 0.99766874
vn -0.00000000 0.00000000 -1.00000000
vn 0.00000000 -0.00000000 -1.00000000
vn 0.00000000 0.00000000 -1.00000000
vn 0.00000000 0.00000000 -1.00000000
vn -0.00000000 0.00000000 1.00000000
vn -0.00000000 0.00000000 1.00000000
vn -0.00000000 0.00000000 1.00000000
vn 0.00000000 -0.00000000 1.00000000
vn 0.00000000 -0.00000000 1.00000000
vn -0.00000000 0.00000000 -1.00000000
vn 0.00000000 0.00000000 -1.00000000
vn 0.00000000 0.00000000 -1.00000000
vn 0.00000000 0.00000000 -1.00000000
vn 0.00000000 0.00000000 -1.00000000
vn 0.00000000 0.00000000 -1.00000000
vn -0.00000000 0.00000000 1.00000000
vn -0.00000000 0.00000000 1.00000000
vn -0.00000000 0.00000000 1.00000000
vn -0.00000000 0.00000000 1.00000000
vn 0.00000000 0.00000000 1.00000000
vn -0.00000000 0.06824242 0.99766874
vn -0.00000000 0.06824242 0.99766874
vn 0.00000000 0.06824242 0.99766874
vn 0.00000000 0.13616665 -0.99068594
vn 0.00000000 0.13616665 -0.99068594
vn -0.00000000 0.20345601 0.97908410
vn 0.00000000 0.20345601 0.97908410
vn 0.00000000 0.26979676 -0.96291727
vn 0.00000000 0.26979676 -0.96291727
vn -0.00000000 0.26979676 0.96291727
vn 0.00000000 0.26979676 0.96291727
vn -0.00000000 0.33487960 0.94226090
vn -0.00000000 0.33487960 0.94226090
vn -0.00000000 0.33487960 0.94226090
vn 0.00000000 0.33487960 0.94226090
vn 0.00000000 0.39840108 -0.91721130
vn 0.00000000 0.39840108 -0.91721130
vn 0.00000000 0.39840108 -0.91721130
vn 0.00000000 0.39840108 -0.91721130
vn -0.00000000 0.39840108 0.91721130
vn 0.00000000 0.39840108 0.91721130
vn -0.00000000 0.46006504 0.88788520
vn 0.00000000 0.46006504 0.88788520
vn 0.00000000 0.51958394 -0.85441940
vn 0.00000000 0.51958394 -0.85441940
vn -0.00000000 0.51958394 0.85441940
vn -0.00000000 0.51958394 0.85441940
vn -0.00000000 0.51958394 0.85441940
vn 0.00000000 0.51958394 0.85441940
vn 0.00000000 0.63108796 -0.77571130
vn 0.00000000 0.63108796 -0.77571130
vn -0.00000000 0.63108796 0.77571130
vn 0.00000000 0.63108796 0.77571130
vn 0.00000000 0.63108796 0.77571130
vn 0.00000000 0.68255320 -0.73083600
vn 0.00000000 0.68255320 -0.73083600
vn -0.00000000 0.68255320 0.73083600
vn -0.00000000 0.68255320 0.73083600
vn 0.00000000 0.68255320 0.73083600
vn 0.00000000 0.68255320 0.73083600
vn 0.00000000 0.73083600 -0.68255320
vn 0.00000000 0.73083600 -0.68255320
vn -0.00000000 0.73083600 0.68255320
vn 0.00000000 0.73083600 0.68255320
vn -0.00000000 0.77571130 0.63108796
vn 0.00000000 0.77571130 0.63108796
vn 0.00000000 0.77571130 0.63108796
vn 0.00000000 0.81696990 -0.57668030
vn 0.00000000 0.81696990 -0.57668030
vn 0.00000000 0.81696990 -0.57668030
vn 0.00000000 0.81696990 -0.57668030
vn -0.00000000 0.81696990 0.57668030
vn 0.00000000 0.81696990 0.57668030
vn 0.00000000 0.85441940 -0.51958394
vn 0.00000000 0.85441940 -0.51958394
vn -0.00000000 0.85441940 0.51958394
vn -0.00000000 0.85441940 0.51958394
vn 0.00000000 0.85441940 0.51958394
vn 0.00000000 0.85441940 0.51958394
vn 0.00000000 0.88788520 -0.46006504
vn 0.00000000 0.88788520 -0.46006504
vn -0.00000000 0.88788520 0.46006504
vn 0.00000000 0.88788520 0.46006504
vn 0.00000000 0.91721130 -0.39840108
vn 0.00000000 0.91721130 -0.39840108
vn -0.00000000 0.91721130 0.39840108
vn 0.00000000 0.91721130 0.39840108
vn 0.00000000 0.91721130 0.39840108
vn 0.00000000 0.94226090 -0.33487960
vn 0.00000000 0.94226090 -0.33487960
vn -0.00000000 0.94226090 0.33487960
vn 0.00000000 0.94226090 0.33487960
vn 0.00000000 0.96291727 -0.26979676
vn 0.00000000 0.96291727 -0.26979676
vn -0.00000000 0.96291727 0.26979676
vn -0.00000000 0.96291727 0.26979676
vn 0.00000000 0.96291727 0.26979676
vn 0.00000000 0.96291727 0.26979676
vn 0.00000000 0.97908410 -0.20345601
vn 0.00000000 0.97908410 -0.20345601
vn -0.00000000 0.97908410 0.20345601
vn 0.00000000 0.97908410 0.20345601
vn 0.00000000 0.99068594 -0.13616665
vn 0.00000000 0.99068594 -0.13616665
vn -0.00000000 0.99068594 0.13616665
vn 0.00000000 0.99068594 0.13616665
vn 0.00000000 0.99766874 -0.06824242
vn 0.00000000 0.99766874 -0.06824242
vn -0.00000000 0.99766874 0.06824242
vn 0.00000000 0.99766874 0.06824242
vn -0.00000000 1.00000000 0.00000000
vn 0.00000000 1.00000000 0.00000000
vn 0.00000000 1.00000000 0.00000000
vn 0.00000000 1.00000000 0.00000000
vn -0.00000000 1.00000000 0.00000000
vn 0.00000000 1.00000000 0.00000000
vn 0.00000000 1.00000000 0.00000000
vn 0.00000000 0.00000000 -1.00000000
vn 0.70710677 0.00000000 -0.70710677
vn -0.00000000 0.00000000 1.00000000
vn 0.70710677 0.00000000 0.70710677
vn 0.00000000 0.00000000 -1.00000000
vn 0.70710677 0.00000000 -0.70710677
vn -0.00000000 0.00000000 1.00000000
vn 0.70710677 0.00000000 0.70710677
vn 0.00000000 0.00000000 -1.00000000
vn 0.70538430 0.04932528 -0.70710677
vn -0.00000000 0.00000000 1.00000000
vn 0.70538430 0.04932528 0.70710677
vn 0.00000000 0.00000000 -1.00000000
vn 0.70538430 -0.04932528 -0.70710677
vn -0.00000000 0.00000000 1.00000000
vn 0.70538430 -0.04932528 0.70710677
vn 0.00000000 0.00000000 -1.00000000
vn 0.70538430 0.04932528 -0.70710677
vn -0.00000000 0.00000000 1.00000000
vn -0.00000000 0.00000000 1.00000000
vn -0.00000000 0.00000000 1.00000000
vn 0.70538430 0.04932528 0.70710677
vn 0.00000000 0.00000000 -1.00000000
vn 0.70538430 -0.04932528 -0.70710677
vn -0.00000000 0.00000000 1.00000000
vn 0.70538430 -0.04932528 0.70710677
vn 0.00000000 0.00000000 -1.00000000
vn 0.70022530 0.09841024 -0.70710677
vn -0.00000000 0.00000000 1.00000000
vn 0.70022530 0.09841024 0.70710677
vn 0.00000000 0.00000000 -1.00000000
vn 0.70022530 -0.09841024 -0.70710677
vn -0.00000000 0.00000000 1.00000000
vn 0.70022530 -0.09841024 0.70710677
vn 0.00000000 0.00000000 -1.00000000
vn 0.70022530 0.09841024 -0.70710677
vn -0.00000000 0.00000000 1.00000000
vn 0.70022530 0.09841024 0.70710677
vn 0.00000000 0.00000000 -1.00000000
vn 0.70022530 -0.09841024 -0.70710677
vn -0.00000000 0.00000000 1.00000000
vn 0.70022530 -0.09841024 0.70710677
vn 0.00000000 0.00000000 -1.00000000
vn 0.69165480 0.14701577 -0.70710677
vn -0.00000000 0.00000000 1.00000000
vn 0.69165480 0.14701577 0.70710677
vn 0.00000000 0.00000000 -1.00000000
vn 0.69165480 -0.14701577 -0.70710677
vn -0.00000000 0.00000000 1.00000000
vn 0.69165480 -0.14701577 0.70710677
vn 0.00000000 0.00000000 -1.00000000
vn 0.69165480 0.14701577 -0.70710677
vn -0.00000000 0.00000000 1.00000000
vn 0.69165480 0.14701577 0.70710677
vn 0.00000000 0.00000000 -1.00000000
vn 0.69165480 -0.14701577 -0.70710677
vn -0.00000000 0.00000000 1.00000000
vn 0.69165480 -0.14701577 0.70710677
vn 0.00000000 0.00000000 -1.00000000
vn 0.67971470 0.19490504 -0.70710677
vn -0.00000000 0.00000000 1.00000000
vn 0.67971470 0.19490504 0.70710677
vn 0.00000000 0.00000000 -1.00000000
vn 0.67971470 -0.19490504 -0.70710677
vn -0.00000000 0.00000000 1.00000000
vn -0.00000000 0.00000000 1.00000000
vn -0.00000000 0.00000000 1.00000000
vn 0.67971470 -0.19490504 0.70710677
vn 0.00000000 0.00000000 -1.00000000
vn 0.67971470 0.19490504 -0.70710677
vn -0.00000000 0.00000000 1.00000000
vn 0.67971470 0.19490504 0.70710677
vn 0.00000000 0.00000000 -1.00000000
vn 0.67971470 -0.19490504 -0.70710677
vn -0.00000000 0.00000000 1.00000000
vn 0.67971470 -0.19490504 0.70710677
vn 0.00000000 0.00000000 -1.00000000
vn 0.66446304 0.24184476 -0.70710677
vn -0.00000000 0.00000000 1.00000000
vn 0.66446304 0.24184476 0.70710677
vn 0.00000000 0.00000000 -1.00000000
vn 0.66446304 -0.24184476 -0.70710677
vn -0.00000000 0.00000000 1.00000000
vn 0.66446304 -0.24184476 0.70710677
vn 0.00000000 0.00000000 -1.00000000
vn 0.66446304 0.24184476 -0.70710677
vn -0.00000000 0.00000000 1.00000000
vn 0.66446304 0.24184476 0.70710677
vn 0.00000000 0.00000000 -1.00000000
vn 0.66446304 -0.24184476 -0.70710677
vn -0.00000000 0.00000000 1.00000000
vn 0.66446304 -0.24184476 0.70710677
vn 0.00000000 0.00000000 -1.00000000
vn 0.64597416 0.28760624 -0.70710677
vn -0.00000000 0.00000000 1.00000000
vn 0.64597416 0.28760624 0.70710677
vn 0.00000000 0.00000000 -1.00000000
vn 0.64597416 -0.28760624 -0.70710677
vn -0.00000000 0.00000000 1.00000000
vn 0.64597416 -0.28760624 0.70710677
vn 0.00000000 0.00000000 -1.00000000
vn 0.64597416 0.28760624 -0.70710677
vn -0.00000000 0.00000000 1.00000000
vn 0.64597416 0.28760624 0.70710677
vn 0.00000000 0.00000000 -1.00000000
vn 0.64597416 -0.28760624 -0.70710677
vn -0.00000000 0.00000000 1.00000000
vn 0.64597416 -0.28760624 0.70710677
vn 0.00000000 0.00000000 -1.00000000
vn 0.62433820 0.33196652 -0.70710677
vn -0.00000000 0.00000000 1.00000000
vn 0.62433820 0.33196652 0.70710677
vn 0.00000000 0.00000000 -1.00000000
vn 0.62433820 -0.33196652 -0.70710677
vn -0.00000000 0.00000000 1.00000000
vn 0.62433820 -0.33196652 0.70710677
vn 0.00000000 0.00000000 -1.00000000
vn 0.62433820 0.33196652 -0.70710677
vn -0.00000000 0.00000000 1.00000000
vn 0.62433820 0.33196652 0.70710677
vn 0.00000000 0.00000000 -1.00000000
vn 0.62433820 -0.33196652 -0.70710677
vn -0.00000000 0.00000000 1.00000000
vn 0.62433820 -0.33196652 0.70710677
vn 0.70710677 0.00000000 -0.70710677
vn 1.00000000 0.00000000 0.00000000
vn 0.70710677 0.00000000 0.70710677
vn 1.00000000 0.00000000 0.00000000
vn 0.70710677 0.00000000 -0.70710677
vn 1.00000000 0.00000000 0.00000000
vn 0.70710677 0.00000000 0.70710677
vn 1.00000000 0.00000000 0.00000000
vn 0.70538430 0.04932528 -0.70710677
vn 0.99756410 0.06975647 0.00000000
vn 0.70538430 0.04932528 0.70710677
vn 0.99756410 0.06975647 0.00000000
vn 0.70538430 -0.04932528 -0.70710677
vn 0.99756410 -0.06975647 0.00000000
vn 0.70538430 -0.04932528 0.70710677
vn 0.99756410 -0.06975647 0.00000000
vn 0.70538430 0.04932528 -0.70710677
vn 0.99756410 0.06975647 0.00000000
vn 0.70538430 0.04932528 0.70710677
vn 0.99756410 0.06975647 0.00000000
vn 0.70538430 -0.04932528 -0.70710677
vn 0.99756410 -0.06975647 0.00000000
vn 0.70538430 -0.04932528 0.70710677
vn 0.99756410 -0.06975647 0.00000000
vn 0.70022530 0.09841024 -0.70710677
vn 0.99026805 0.13917310 0.00000000
vn 0.70022530 0.09841024 0.70710677
vn 0.99026805 0.13917310 0.00000000
vn 0.70022530 -0.09841024 -0.70710677
vn 0.99026805 -0.13917310 0.00000000
vn 0.70022530 -0.09841024 0.70710677
vn 0.99026805 -0.13917310 0.00000000
vn 0.70022530 0.09841024 -0.70710677
vn 0.99026805 0.13917310 0.00000000
vn 0.70022530 0.09841024 0.70710677
vn 0.99026805 0.13917310 0.00000000
vn 0.70022530 -0.09841024 -0.70710677
vn 0.99026805 -0.13917310 0.00000000
vn 0.70022530 -0.09841024 0.70710677
vn 0.99026805 -0.13917310 0.00000000
vn 0.69165480 0.14701577 -0.70710677
vn 0.97814760 0.20791169 0.00000000
vn 0.69165480 0.14701577 0.70710677
vn 0.97814760 0.20791169 0.00000000
vn 0.69165480 -0.14701577 -0.70710677
vn 0.97814760 -0.20791169 0.00000000
vn 0.69165480 -0.14701577 0.70710677
vn 0.97814760 -0.20791169 0.00000000
vn 0.69165480 0.14701577 -0.70710677
vn 0.97814760 0.20791169 0.00000000
vn 0.69165480 0.14701577 0.70710677
vn 0.97814760 0.20791169 0.00000000
vn 0.69165480 -0.14701577 -0.70710677
vn 0.97814760 -0.20791169 0.00000000
vn 0.69165480 -0.14701577 0.70710677
vn 0.97814760 -0.20791169 0.00000000
vn 0.67971470 0.19490504 -0.70710677
vn 0.96126170 0.27563736 0.00000000
vn 0.67971470 0.19490504 0.70710677
vn 0.96126170 0.27563736 0.00000000
vn 0.67971470 -0.19490504 -0.70710677
vn 0.96126170 -0.27563736 0.00000000
vn 0.67971470 -0.19490504 0.70710677
vn 0.96126170 -0.27563736 0.00000000
vn 0.67971470 0.19490504 -0.70710677
vn 0.96126170 0.27563736 0.00000000
vn 0.67971470 0.19490504 0.70710677
vn 0.96126170 0.27563736 0.00000000
vn 0.67971470 -0.19490504 -0.70710677
vn 0.96126170 -0.27563736 0.00000000
vn 0.67971470 -0.19490504 0.70710677
vn 0.96126170 -0.27563736 0.00000000
vn 0.00000000 0.00000000 -1.00000000
vn 0.59966060 0.37470952 -0.70710677
vn -0.00000000 0.00000000 1.00000000
vn 0.59966060 0.37470952 0.70710677
vn 0.00000000 0.00000000 -1.00000000
vn 0.59966060 -0.37470952 -0.70710677
vn -0.00000000 0.00000000 1.00000000
vn 0.59966060 -0.37470952 0.70710677
vn 0.00000000 0.00000000 -1.00000000
vn 0.59966060 0.37470952 -0.70710677
vn -0.00000000 0.00000000 1.00000000
vn 0.59966060 0.37470952 0.70710677
vn 0.00000000 0.00000000 -1.00000000
vn 0.59966060 -0.37470952 -0.70710677
vn -0.00000000 0.00000000 1.00000000
vn 0.59966060 -0.37470952 0.70710677
vn 0.66446304 0.24184476 -0.70710677
vn 0.93969260 0.34202015 0.00000000
vn 0.66446304 0.24184476 0.70710677
vn 0.93969260 0.34202015 0.00000000
vn 0.66446304 -0.24184476 -0.70710677
vn 0.93969260 -0.34202015 0.00000000
vn 0.66446304 -0.24184476 0.70710677
vn 0.93969260 -0.34202015 0.00000000
vn 0.66446304 0.24184476 -0.70710677
vn 0.93969260 0.34202015 0.00000000
vn 0.66446304 0.24184476 0.70710677
vn 0.93969260 0.34202015 0.00000000
vn 0.66446304 -0.24184476 -0.70710677
vn 0.93969260 -0.34202015 0.00000000
vn 0.66446304 -0.24184476 0.70710677
vn 0.93969260 -0.34202015 0.00000000
vn 0.00000000 0.00000000 -1.00000000
vn 0.57206140 0.41562694 -0.70710677
vn -0.00000000 0.00000000 1.00000000
vn 0.57206140 0.41562694 0.70710677
vn 0.00000000 0.00000000 -1.00000000
vn 0.57206140 -0.41562694 -0.70710677
vn -0.00000000 0.00000000 1.00000000
vn 0.57206140 -0.41562694 0.70710677
vn 0.00000000 0.00000000 -1.00000000
vn 0.57206140 0.41562694 -0.70710677
vn -0.00000000 0.00000000 1.00000000
vn 0.57206140 0.41562694 0.70710677
vn 0.00000000 0.00000000 -1.00000000
vn 0.57206140 -0.41562694 -0.70710677
vn -0.00000000 0.00000000 1.00000000
vn 0.57206140 -0.41562694 0.70710677
vn 0.64597416 0.28760624 -0.70710677
vn 0.91354540 0.40673664 0.00000000
vn 0.64597416 0.28760624 0.70710677
vn 0.91354540 0.40673664 0.00000000
vn 0.64597416 -0.28760624 -0.70710677
vn 0.91354540 -0.40673664 0.00000000
vn 0.64597416 -0.28760624 0.70710677
vn 0.91354540 -0.40673664 0.00000000
vn 0.64597416 0.28760624 -0.70710677
vn 0.91354540 0.40673664 0.00000000
vn 0.64597416 0.28760624 0.70710677
vn 0.91354540 0.40673664 0.00000000
vn 0.64597416 -0.28760624 -0.70710677
vn 0.91354540 -0.40673664 0.00000000
vn 0.64597416 -0.28760624 0.70710677
vn 0.91354540 -0.40673664 0.00000000
vn 0.62433820 0.33196652 -0.70710677
vn 0.88294756 0.46947157 0.00000000
vn 0.62433820 0.33196652 0.70710677
vn 0.88294756 0.46947157 0.00000000
vn 0.62433820 -0.33196652 -0.70710677
vn 0.88294756 -0.46947157 0.00000000
vn 0.62433820 -0.33196652 0.70710677
vn 0.88294756 -0.46947157 0.00000000
vn 0.62433820 0.33196652 -0.70710677
vn 0.88294756 0.46947157 0.00000000
vn 0.62433820 0.33196652 0.70710677
vn 0.88294756 0.46947157 0.00000000
vn 0.62433820 -0.33196652 -0.70710677
vn 0.88294756 -0.46947157 0.00000000
vn 0.62433820 -0.33196652 0.70710677
vn 0.88294756 -0.46947157 0.00000000
vn 0.00000000 0.00000000 -1.00000000
vn 0.54167520 0.45451948 -0.70710677
vn -0.00000000 0.00000000 1.00000000
vn 0.54167520 0.45451948 0.70710677
vn 0.00000000 0.00000000 -1.00000000
vn 0.54167520 -0.45451948 -0.70710677
vn -0.00000000 0.00000000 1.00000000
vn 0.54167520 -0.45451948 0.70710677
vn 0.00000000 0.00000000 -1.00000000
vn 0.54167520 0.45451948 -0.70710677
vn -0.00000000 0.00000000 1.00000000
vn 0.54167520 0.45451948 0.70710677
vn 0.00000000 0.00000000 -1.00000000
vn 0.54167520 -0.45451948 -0.70710677
vn -0.00000000 0.00000000 1.00000000
vn 0.54167520 -0.45451948 0.70710677
vn 0.59966060 0.37470952 -0.70710677
vn 0.84804810 0.52991927 0.00000000
vn 0.59966060 0.37470952 0.70710677
vn 0.84804810 0.52991927 0.00000000
vn 0.59966060 -0.37470952 -0.70710677
vn 0.84804810 -0.52991927 0.00000000
vn 0.59966060 -0.37470952 0.70710677
vn 0.84804810 -0.52991927 0.00000000
vn 0.59966060 0.37470952 -0.70710677
vn 0.84804810 0.52991927 0.00000000
vn 0.59966060 0.37470952 0.70710677
vn 0.84804810 0.52991927 0.00000000
vn 0.59966060 -0.37470952 -0.70710677
vn 0.84804810 -0.52991927 0.00000000
vn 0.59966060 -0.37470952 0.70710677
vn 0.84804810 -0.52991927 0.00000000
vn 0.00000000 0.00000000 -1.00000000
vn 0.50865006 0.49119765 -0.70710677
vn -0.00000000 0.00000000 1.00000000
vn 0.50865006 0.49119765 0.70710677
vn 0.00000000 0.00000000 -1.00000000
vn 0.50865006 -0.49119765 -0.70710677
vn -0.00000000 0.00000000 1.00000000
vn 0.50865006 -0.49119765 0.70710677
vn 0.00000000 0.00000000 -1.00000000
vn 0.50865006 0.49119765 -0.70710677
vn -0.00000000 0.00000000 1.00000000
vn 0.50865006 0.49119765 0.70710677
vn 0.00000000 0.00000000 -1.00000000
vn 0.50865006 -0.49119765 -0.70710677
vn -0.00000000 0.00000000 1.00000000
vn 0.50865006 -0.49119765 0.70710677
vn 0.57206140 0.41562694 -0.70710677
vn 0.80901700 0.58778524 0.00000000
vn 0.57206140 0.41562694 0.70710677
vn 0.80901700 0.58778524 0.00000000
vn 0.57206140 -0.41562694 -0.70710677
vn 0.80901700 -0.58778524 0.00000000
vn 0.57206140 -0.41562694 0.70710677
vn 0.80901700 -0.58778524 0.00000000
vn 0.57206140 0.41562694 -0.70710677
vn 0.80901700 0.58778524 0.00000000
vn 0.57206140 0.41562694 0.70710677
vn 0.80901700 0.58778524 0.00000000
vn 0.57206140 -0.41562694 -0.70710677
vn 0.80901700 -0.58778524 0.00000000
vn 0.57206140 -0.41562694 0.70710677
vn 0.80901700 -0.58778524 0.00000000
vn 0.54167520 0.45451948 -0.70710677
vn 0.76604444 0.64278764 0.00000000
vn 0.54167520 0.45451948 0.70710677
vn 0.76604444 0.64278764 0.00000000
vn 0.54167520 -0.45451948 -0.70710677
vn 0.76604444 -0.64278764 0.00000000
vn 0.54167520 -0.45451948 0.70710677
vn 0.76604444 -0.64278764 0.00000000
vn 0.54167520 0.45451948 -0.70710677
vn 0.76604444 0.64278764 0.00000000
vn 0.54167520 0.45451948 0.70710677
vn 0.76604444 0.64278764 0.00000000
vn 0.54167520 -0.45451948 -0.70710677
vn 0.76604444 -0.64278764 0.00000000
vn 0.54167520 -0.45451948 0.70710677
vn 0.76604444 -0.64278764 0.00000000
vn 0.00000000 0.00000000 -1.00000000
vn 0.47314680 0.52548280 -0.70710677
vn -0.00000000 0.00000000 1.00000000
vn 0.47314680 0.52548280 0.70710677
vn 0.00000000 0.00000000 -1.00000000
vn 0.47314680 -0.52548280 -0.70710677
vn -0.00000000 0.00000000 1.00000000
vn 0.47314680 -0.52548280 0.70710677
vn 0.00000000 0.00000000 -1.00000000
vn 0.47314680 0.52548280 -0.70710677
vn -0.00000000 0.00000000 1.00000000
vn -0.00000000 0.00000000 1.00000000
vn 0.47314680 0.52548280 0.70710677
vn 0.00000000 0.00000000 -1.00000000
vn 0.47314680 -0.52548280 -0.70710677
vn -0.00000000 0.00000000 1.00000000
vn 0.47314680 -0.52548280 0.70710677
vn 0.50865006 0.49119765 -0.70710677
vn 0.71933980 0.69465840 0.00000000
vn 0.71933980 0.69465840 0.00000000
vn 0.50865006 0.49119765 0.70710677
vn 0.71933980 0.69465840 0.00000000
vn 0.71933980 0.69465840 0.00000000
vn 0.50865006 -0.49119765 -0.70710677
vn 0.71933980 -0.69465840 0.00000000
vn 0.71933980 -0.69465840 0.00000000
vn 0.50865006 -0.49119765 0.70710677
vn 0.71933980 -0.69465840 0.00000000
vn 0.71933980 -0.69465840 0.00000000
vn 0.50865006 0.49119765 -0.70710677
vn 0.71933980 0.69465840 0.00000000
vn 0.71933980 0.69465840 0.00000000
vn 0.50865006 0.49119765 0.70710677
vn 0.71933980 0.69465840 0.00000000
vn 0.71933980 0.69465840 0.00000000
vn 0.50865006 -0.49119765 -0.70710677
vn 0.71933980 -0.69465840 0.00000000
vn 0.71933980 -0.69465840 0.00000000
vn 0.50865006 -0.49119765 0.70710677
vn 0.71933980 -0.69465840 0.00000000
vn 0.71933980 -0.69465840 0.00000000
vn 0.00000000 0.00000000 -1.00000000
vn 0.43533840 0.55720776 -0.70710677
vn -0.00000000 0.00000000 1.00000000
vn 0.43533840 0.55720776 0.70710677
vn 0.00000000 0.00000000 -1.00000000
vn 0.43533840 -0.55720776 -0.70710677
vn -0.00000000 0.00000000 1.00000000
vn 0.43533840 -0.55720776 0.70710677
vn 0.00000000 0.00000000 -1.00000000
vn 0.43533840 0.55720776 -0.70710677
vn -0.00000000 0.00000000 1.00000000
vn -0.00000000 0.00000000 1.00000000
vn 0.43533840 0.55720776 0.70710677
vn 0.00000000 0.00000000 -1.00000000
vn 0.43533840 -0.55720776 -0.70710677
vn -0.00000000 0.00000000 1.00000000
vn 0.43533840 -0.55720776 0.70710677
vn 0.47314680 0.52548280 -0.70710677
vn 0.66913060 0.74314480 0.00000000
vn 0.47314680 0.52548280 0.70710677
vn 0.66913060 0.74314480 0.00000000
vn 0.47314680 -0.52548280 -0.70710677
vn 0.66913060 -0.74314480 0.00000000
vn 0.47314680 -0.52548280 0.70710677
vn 0.66913060 -0.74314480 0.00000000
vn 0.47314680 0.52548280 -0.70710677
vn 0.66913060 0.74314480 0.00000000
vn 0.47314680 0.52548280 0.70710677
vn 0.66913060 0.74314480 0.00000000
vn 0.47314680 -0.52548280 -0.70710677
vn 0.66913060 -0.74314480 0.00000000
vn 0.47314680 -0.52548280 0.70710677
vn 0.66913060 -0.74314480 0.00000000
vn 0.00000000 0.00000000 -1.00000000
vn 0.39540910 0.58621810 -0.70710677
vn -0.00000000 0.00000000 1.00000000
vn 0.39540910 0.58621810 0.70710677
vn 0.00000000 0.00000000 -1.00000000
vn 0.39540910 -0.58621810 -0.70710677
vn -0.00000000 0.00000000 1.00000000
vn 0.39540910 -0.58621810 0.70710677
vn 0.00000000 0.00000000 -1.00000000
vn 0.39540910 0.58621810 -0.70710677
vn -0.00000000 0.00000000 1.00000000
vn 0.39540910 0.58621810 0.70710677
vn 0.00000000 0.00000000 -1.00000000
vn 0.39540910 -0.58621810 -0.70710677
vn -0.00000000 0.00000000 1.00000000
vn 0.39540910 -0.58621810 0.70710677
vn 0.43533840 0.55720776 -0.70710677
vn 0.61566150 0.78801080 0.00000000
vn 0.43533840 0.55720776 0.70710677
vn 0.61566150 0.78801080 0.00000000
vn 0.43533840 -0.55720776 -0.70710677
vn 0.61566150 -0.78801080 0.00000000
vn 0.43533840 -0.55720776 0.70710677
vn 0.61566150 -0.78801080 0.00000000
vn 0.43533840 0.55720776 -0.70710677
vn 0.61566150 0.78801080 0.00000000
vn 0.43533840 0.55720776 0.70710677
vn 0.61566150 0.78801080 0.00000000
vn 0.43533840 -0.55720776 -0.70710677
vn 0.61566150 -0.78801080 0.00000000
vn 0.43533840 -0.55720776 0.70710677
vn 0.61566150 -0.78801080 0.00000000
vn 0.00000000 0.00000000 -1.00000000
vn 0.35355338 0.61237246 -0.70710677
vn -0.00000000 0.00000000 1.00000000
vn 0.35355338 0.61237246 0.70710677
vn 0.00000000 0.00000000 -1.00000000
vn 0.35355338 -0.61237246 -0.70710677
vn -0.00000000 0.00000000 1.00000000
vn 0.35355338 -0.61237246 0.70710677
vn 0.00000000 0.00000000 -1.00000000
vn 0.35355338 0.61237246 -0.70710677
vn -0.00000000 0.00000000 1.00000000
vn 0.35355338 0.61237246 0.70710677
vn 0.00000000 0.00000000 -1.00000000
vn 0.35355338 -0.61237246 -0.70710677
vn -0.00000000 0.00000000 1.00000000
vn 0.35355338 -0.61237246 0.70710677
vn 0.39540910 0.58621810 -0.70710677
vn 0.55919290 0.82903755 0.00000000
vn 0.39540910 0.58621810 0.70710677
vn 0.55919290 0.82903755 0.00000000
vn 0.39540910 -0.58621810 -0.70710677
vn 0.55919290 -0.82903755 0.00000000
vn 0.39540910 -0.58621810 0.70710677
vn 0.55919290 -0.82903755 0.00000000
vn 0.39540910 0.58621810 -0.70710677
vn 0.55919290 0.82903755 0.00000000
vn 0.39540910 0.58621810 0.70710677
vn 0.55919290 0.82903755 0.00000000
vn 0.39540910 -0.58621810 -0.70710677
vn 0.55919290 -0.82903755 0.00000000
vn 0.39540910 -0.58621810 0.70710677
vn 0.55919290 -0.82903755 0.00000000
vn 0.35355338 0.61237246 -0.70710677
vn 0.50000000 0.86602540 0.00000000
vn 0.35355338 0.61237246 0.70710677
vn 0.50000000 0.86602540 0.00000000
vn 0.35355338 -0.61237246 -0.70710677
vn 0.50000000 -0.86602540 0.00000000
vn 0.35355338 -0.61237246 0.70710677
vn 0.50000000 -0.86602540 0.00000000
vn 0.35355338 0.61237246 -0.70710677
vn 0.50000000 0.86602540 0.00000000
vn 0.35355338 0.61237246 0.70710677
vn 0.50000000 0.86602540 0.00000000
vn 0.35355338 -0.61237246 -0.70710677
vn 0.50000000 -0.86602540 0.00000000
vn 0.35355338 -0.61237246 0.70710677
vn 0.50000000 -0.86602540 0.00000000
vn 0.00000000 0.00000000 -1.00000000
vn 0.30997520 0.63554335 -0.70710677
vn -0.00000000 0.00000000 1.00000000
vn 0.30997520 0.63554335 0.70710677
vn 0.00000000 0.00000000 -1.00000000
vn 0.30997520 -0.63554335 -0.70710677
vn -0.00000000 0.00000000 1.00000000
vn 0.30997520 -0.63554335 0.70710677
vn 0.00000000 0.00000000 -1.00000000
vn 0.30997520 0.63554335 -0.70710677
vn -0.00000000 0.00000000 1.00000000
vn 0.30997520 0.63554335 0.70710677
vn 0.00000000 0.00000000 -1.00000000
vn 0.30997520 -0.63554335 -0.70710677
vn -0.00000000 0.00000000 1.00000000
vn 0.30997520 -0.63554335 0.70710677
vn 0.30997520 0.63554335 -0.70710677
vn 0.43837115 0.89879405 0.00000000
vn 0.30997520 0.63554335 0.70710677
vn 0.43837115 0.89879405 0.00000000
vn 0.30997520 -0.63554335 -0.70710677
vn 0.43837115 -0.89879405 0.00000000
vn 0.30997520 -0.63554335 0.70710677
vn 0.43837115 -0.89879405 0.00000000
vn 0.30997520 0.63554335 -0.70710677
vn 0.43837115 0.89879405 0.00000000
vn 0.30997520 0.63554335 0.70710677
vn 0.43837115 0.89879405 0.00000000
vn 0.30997520 -0.63554335 -0.70710677
vn 0.43837115 -0.89879405 0.00000000
vn 0.30997520 -0.63554335 0.70710677
vn 0.43837115 -0.89879405 0.00000000
vn 0.00000000 0.00000000 -1.00000000
vn 0.26488686 0.65561800 -0.70710677
vn -0.00000000 0.00000000 1.00000000
vn 0.26488686 0.65561800 0.70710677
vn 0.00000000 0.00000000 -1.00000000
vn 0.26488686 -0.65561800 -0.70710677
vn -0.00000000 0.00000000 1.00000000
vn 0.26488686 -0.65561800 0.70710677
vn 0.00000000 0.00000000 -1.00000000
vn 0.26488686 0.65561800 -0.70710677
vn -0.00000000 0.00000000 1.00000000
vn 0.26488686 0.65561800 0.70710677
vn 0.00000000 0.00000000 -1.00000000
vn 0.26488686 -0.65561800 -0.70710677
vn -0.00000000 0.00000000 1.00000000
vn 0.26488686 -0.65561800 0.70710677
vn 0.26488686 0.65561800 -0.70710677
vn 0.37460658 0.92718387 0.00000000
vn 0.26488686 0.65561800 0.70710677
vn 0.37460658 0.92718387 0.00000000
vn 0.26488686 -0.65561800 -0.70710677
vn 0.37460658 -0.92718387 0.00000000
vn 0.26488686 -0.65561800 0.70710677
vn 0.37460658 -0.92718387 0.00000000
vn 0.26488686 0.65561800 -0.70710677
vn 0.37460658 0.92718387 0.00000000
vn 0.26488686 0.65561800 0.70710677
vn 0.37460658 0.92718387 0.00000000
vn 0.26488686 -0.65561800 -0.70710677
vn 0.37460658 -0.92718387 0.00000000
vn 0.26488686 -0.65561800 0.70710677
vn 0.37460658 -0.92718387 0.00000000
vn 0.00000000 0.00000000 -1.00000000
vn 0.21850800 0.67249850 -0.70710677
vn -0.00000000 0.00000000 1.00000000
vn 0.21850800 0.67249850 0.70710677
vn 0.00000000 0.00000000 -1.00000000
vn 0.21850800 -0.67249850 -0.70710677
vn -0.00000000 0.00000000 1.00000000
vn 0.21850800 -0.67249850 0.70710677
vn 0.00000000 0.00000000 -1.00000000
vn 0.21850800 0.67249850 -0.70710677
vn -0.00000000 0.00000000 1.00000000
vn 0.21850800 0.67249850 0.70710677
vn 0.00000000 0.00000000 -1.00000000
vn 0.21850800 -0.67249850 -0.70710677
vn -0.00000000 0.00000000 1.00000000
vn 0.21850800 -0.67249850 0.70710677
vn 0.21850800 0.67249850 -0.70710677
vn 0.30901700 0.95105654 0.00000000
vn 0.21850800 0.67249850 0.70710677
vn 0.30901700 0.95105654 0.00000000
vn 0.21850800 -0.67249850 -0.70710677
vn 0.30901700 -0.95105654 0.00000000
vn 0.21850800 -0.67249850 0.70710677
vn 0.30901700 -0.95105654 0.00000000
vn 0.21850800 0.67249850 -0.70710677
vn 0.30901700 0.95105654 0.00000000
vn 0.21850800 0.67249850 0.70710677
vn 0.30901700 0.95105654 0.00000000
vn 0.21850800 -0.67249850 -0.70710677
vn 0.30901700 -0.95105654 0.00000000
vn 0.21850800 -0.67249850 0.70710677
vn 0.30901700 -0.95105654 0.00000000
vn 0.00000000 0.00000000 -1.00000000
vn 0.17106462 0.68610270 -0.70710677
vn -0.00000000 0.00000000 1.00000000
vn 0.17106462 0.68610270 0.70710677
vn 0.00000000 0.00000000 -1.00000000
vn 0.17106462 -0.68610270 -0.70710677
vn -0.00000000 0.00000000 1.00000000
vn 0.17106462 -0.68610270 0.70710677
vn 0.00000000 0.00000000 -1.00000000
vn 0.17106462 0.68610270 -0.70710677
vn -0.00000000 0.00000000 1.00000000
vn 0.17106462 0.68610270 0.70710677
vn 0.00000000 0.00000000 -1.00000000
vn 0.17106462 -0.68610270 -0.70710677
vn -0.00000000 0.00000000 1.00000000
vn 0.17106462 -0.68610270 0.70710677
vn 0.17106462 0.68610270 -0.70710677
vn 0.24192190 0.97029570 0.00000000
vn 0.17106462 0.68610270 0.70710677
vn 0.24192190 0.97029570 0.00000000
vn 0.17106462 -0.68610270 -0.70710677
vn 0.24192190 -0.97029570 0.00000000
vn 0.17106462 -0.68610270 0.70710677
vn 0.24192190 -0.97029570 0.00000000
vn 0.17106462 0.68610270 -0.70710677
vn 0.24192190 0.97029570 0.00000000
vn 0.17106462 0.68610270 0.70710677
vn 0.24192190 0.97029570 0.00000000
vn 0.17106462 -0.68610270 -0.70710677
vn 0.24192190 -0.97029570 0.00000000
vn 0.17106462 -0.68610270 0.70710677
vn 0.24192190 -0.97029570 0.00000000
vn 0.00000000 0.00000000 -1.00000000
vn 0.12278780 0.69636420 -0.70710677
vn -0.00000000 0.00000000 1.00000000
vn 0.12278780 0.69636420 0.70710677
vn 0.00000000 0.00000000 -1.00000000
vn 0.12278780 -0.69636420 -0.70710677
vn -0.00000000 0.00000000 1.00000000
vn 0.12278780 -0.69636420 0.70710677
vn 0.00000000 0.00000000 -1.00000000
vn 0.12278780 0.69636420 -0.70710677
vn -0.00000000 0.00000000 1.00000000
vn 0.12278780 0.69636420 0.70710677
vn 0.00000000 0.00000000 -1.00000000
vn 0.12278780 -0.69636420 -0.70710677
vn -0.00000000 0.00000000 1.00000000
vn 0.12278780 -0.69636420 0.70710677
vn 0.12278780 0.69636420 -0.70710677
vn 0.17364818 0.98480770 0.00000000
vn 0.12278780 0.69636420 0.70710677
vn 0.17364818 0.98480770 0.00000000
vn 0.12278780 -0.69636420 -0.70710677
vn 0.17364818 -0.98480770 0.00000000
vn 0.12278780 -0.69636420 0.70710677
vn 0.17364818 -0.98480770 0.00000000
vn 0.12278780 0.69636420 -0.70710677
vn 0.17364818 0.98480770 0.00000000
vn 0.12278780 0.69636420 0.70710677
vn 0.17364818 0.98480770 0.00000000
vn 0.12278780 -0.69636420 -0.70710677
vn 0.17364818 -0.98480770 0.00000000
vn 0.12278780 -0.69636420 0.70710677
vn 0.17364818 -0.98480770 0.00000000
vn 0.00000000 0.00000000 -1.00000000
vn 0.07391278 0.70323320 -0.70710677
vn -0.00000000 0.00000000 1.00000000
vn 0.07391278 0.70323320 0.70710677
vn 0.00000000 0.00000000 -1.00000000
vn 0.07391278 -0.70323320 -0.70710677
vn -0.00000000 0.00000000 1.00000000
vn 0.07391278 -0.70323320 0.70710677
vn 0.00000000 0.00000000 -1.00000000
vn 0.07391278 0.70323320 -0.70710677
vn -0.00000000 0.00000000 1.00000000
vn 0.07391278 0.70323320 0.70710677
vn 0.00000000 0.00000000 -1.00000000
vn 0.07391278 -0.70323320 -0.70710677
vn -0.00000000 0.00000000 1.00000000
vn 0.07391278 -0.70323320 0.70710677
vn 0.07391278 0.70323320 -0.70710677
vn 0.10452846 0.99452190 0.00000000
vn 0.07391278 0.70323320 0.70710677
vn 0.10452846 0.99452190 0.00000000
vn 0.07391278 -0.70323320 -0.70710677
vn 0.10452846 -0.99452190 0.00000000
vn 0.07391278 -0.70323320 0.70710677
vn 0.10452846 -0.99452190 0.00000000
vn 0.07391278 0.70323320 -0.70710677
vn 0.10452846 0.99452190 0.00000000
vn 0.07391278 0.70323320 0.70710677
vn 0.10452846 0.99452190 0.00000000
vn 0.07391278 -0.70323320 -0.70710677
vn 0.10452846 -0.99452190 0.00000000
vn 0.07391278 -0.70323320 0.70710677
vn 0.10452846 -0.99452190 0.00000000
vn 0.00000000 0.00000000 -1.00000000
vn 0.02467767 0.70667600 -0.70710677
vn -0.00000000 0.00000000 1.00000000
vn 0.02467767 0.70667600 0.70710677
vn 0.00000000 0.00000000 -1.00000000
vn 0.02467767 -0.70667600 -0.70710677
vn -0.00000000 0.00000000 1.00000000
vn 0.02467767 -0.70667600 0.70710677
vn 0.00000000 0.00000000 -1.00000000
vn 0.02467767 0.70667600 -0.70710677
vn -0.00000000 0.00000000 1.00000000
vn 0.02467767 0.70667600 0.70710677
vn 0.00000000 0.00000000 -1.00000000
vn 0.02467767 -0.70667600 -0.70710677
vn -0.00000000 0.00000000 1.00000000
vn 0.02467767 -0.70667600 0.70710677
vn 0.02467767 0.70667600 -0.70710677
vn 0.03489950 0.99939084 0.00000000
vn 0.02467767 0.70667600 0.70710677
vn 0.03489950 0.99939084 0.00000000
vn 0.02467767 -0.70667600 -0.70710677
vn 0.03489950 -0.99939084 0.00000000
vn 0.02467767 -0.70667600 0.70710677
vn 0.03489950 -0.99939084 0.00000000
vn 0.02467767 0.70667600 -0.70710677
vn 0.03489950 0.99939084 0.00000000
vn 0.02467767 0.70667600 0.70710677
vn 0.03489950 0.99939084 0.00000000
vn 0.02467767 -0.70667600 -0.70710677
vn 0.03489950 -0.99939084 0.00000000
vn 0.02467767 -0.70667600 0.70710677
vn 0.03489950 -0.99939084 0.00000000
vn -0.03489950 0.99939084 0.00000000
vn -0.02467767 0.70667600 -0.70710677
vn -0.03489950 0.99939084 0.00000000
vn -0.02467767 0.70667600 0.70710677
vn -0.03489950 -0.99939084 0.00000000
vn -0.02467767 -0.70667600 -0.70710677
vn -0.03489950 -0.99939084 0.00000000
vn -0.02467767 -0.70667600 0.70710677
vn -0.03489950 0.99939084 0.00000000
vn -0.02467767 0.70667600 -0.70710677
vn -0.03489950 0.99939084 0.00000000
vn -0.02467767 0.70667600 0.70710677
vn -0.03489950 -0.99939084 0.00000000
vn -0.02467767 -0.70667600 -0.70710677
vn -0.03489950 -0.99939084 0.00000000
vn -0.02467767 -0.70667600 0.70710677
vn -0.02467767 0.70667600 -0.70710677
vn 0.00000000 0.00000000 -1.00000000
vn -0.02467767 0.70667600 0.70710677
vn -0.00000000 0.00000000 1.00000000
vn -0.02467767 -0.70667600 -0.70710677
vn 0.00000000 0.00000000 -1.00000000
vn -0.02467767 -0.70667600 0.70710677
vn -0.00000000 0.00000000 1.00000000
vn -0.02467767 0.70667600 -0.70710677
vn 0.00000000 0.00000000 -1.00000000
vn -0.02467767 0.70667600 0.70710677
vn -0.00000000 0.00000000 1.00000000
vn -0.02467767 -0.70667600 -0.70710677
vn 0.00000000 0.00000000 -1.00000000
vn -0.02467767 -0.70667600 0.70710677
vn -0.00000000 0.00000000 1.00000000
vn -0.10452846 0.99452190 0.00000000
vn -0.07391278 0.70323320 -0.70710677
vn -0.10452846 0.99452190 0.00000000
vn -0.07391278 0.70323320 0.70710677
vn -0.10452846 -0.99452190 0.00000000
vn -0.07391278 -0.70323320 -0.70710677
vn -0.10452846 -0.99452190 0.00000000
vn -0.07391278 -0.70323320 0.70710677
vn -0.10452846 0.99452190 0.00000000
vn -0.07391278 0.70323320 -0.70710677
vn -0.10452846 0.99452190 0.00000000
vn -0.07391278 0.70323320 0.70710677
vn -0.10452846 -0.99452190 0.00000000
vn -0.07391278 -0.70323320 -0.70710677
vn -0.10452846 -0.99452190 0.00000000
vn -0.07391278 -0.70323320 0.70710677
vn -0.07391278 0.70323320 -0.70710677
vn 0.00000000 0.00000000 -1.00000000
vn -0.07391278 0.70323320 0.70710677
vn -0.00000000 0.00000000 1.00000000
vn -0.07391278 -0.70323320 -0.70710677
vn 0.00000000 0.00000000 -1.00000000
vn -0.07391278 -0.70323320 0.70710677
vn -0.00000000 0.00000000 1.00000000
vn -0.07391278 0.70323320 -0.70710677
vn 0.00000000 0.00000000 -1.00000000
vn -0.07391278 0.70323320 0.70710677
vn -0.00000000 0.00000000 1.00000000
vn -0.07391278 -0.70323320 -0.70710677
vn 0.00000000 0.00000000 -1.00000000
vn -0.07391278 -0.70323320 0.70710677
vn -0.00000000 0.00000000 1.00000000
vn -0.17364818 0.98480770 0.00000000
vn -0.12278780 0.69636420 -0.70710677
vn -0.17364818 0.98480770 0.00000000
vn -0.12278780 0.69636420 0.70710677
vn -0.17364818 -0.98480770 0.00000000
vn -0.12278780 -0.69636420 -0.70710677
vn -0.17364818 -0.98480770 0.00000000
vn -0.12278780 -0.69636420 0.70710677
vn -0.17364818 0.98480770 0.00000000
vn -0.12278780 0.69636420 -0.70710677
vn -0.17364818 0.98480770 0.00000000
vn -0.12278780 0.69636420 0.70710677
vn -0.17364818 -0.98480770 0.00000000
vn -0.12278780 -0.69636420 -0.70710677
vn -0.17364818 -0.98480770 0.00000000
vn -0.12278780 -0.69636420 0.70710677
vn -0.12278780 0.69636420 -0.70710677
vn 0.00000000 0.00000000 -1.00000000
vn -0.12278780 0.69636420 0.70710677
vn -0.00000000 0.00000000 1.00000000
vn -0.12278780 -0.69636420 -0.70710677
vn 0.00000000 0.00000000 -1.00000000
vn -0.12278780 -0.69636420 0.70710677
vn -0.00000000 0.00000000 1.00000000
vn -0.12278780 0.69636420 -0.70710677
vn 0.00000000 0.00000000 -1.00000000
vn -0.12278780 0.69636420 0.70710677
vn -0.00000000 0.00000000 1.00000000
vn -0.12278780 -0.69636420 -0.70710677
vn 0.00000000 0.00000000 -1.00000000
vn -0.12278780 -0.69636420 0.70710677
vn -0.00000000 0.00000000 1.00000000
vn -0.24192190 0.97029570 0.00000000
vn -0.17106462 0.68610270 -0.70710677
vn -0.24192190 0.97029570 0.00000000
vn -0.17106462 0.68610270 0.70710677
vn -0.24192190 -0.97029570 0.00000000
vn -0.17106462 -0.68610270 -0.70710677
vn -0.24192190 -0.97029570 0.00000000
vn -0.17106462 -0.68610270 0.70710677
vn -0.24192190 0.97029570 0.00000000
vn -0.17106462 0.68610270 -0.70710677
vn -0.24192190 0.97029570 0.00000000
vn -0.17106462 0.68610270 0.70710677
vn -0.24192190 -0.97029570 0.00000000
vn -0.17106462 -0.68610270 -0.70710677
vn -0.24192190 -0.97029570 0.00000000
vn -0.17106462 -0.68610270 0.70710677
vn -0.17106462 0.68610270 -0.70710677
vn 0.00000000 0.00000000 -1.00000000
vn -0.17106462 0.68610270 0.70710677
vn -0.00000000 0.00000000 1.00000000
vn -0.17106462 -0.68610270 -0.70710677
vn 0.00000000 0.00000000 -1.00000000
vn -0.17106462 -0.68610270 0.70710677
vn -0.00000000 0.00000000 1.00000000
vn -0.17106462 0.68610270 -0.70710677
vn 0.00000000 0.00000000 -1.00000000
vn -0.17106462 0.68610270 0.70710677
vn -0.00000000 0.00000000 1.00000000
vn -0.17106462 -0.68610270 -0.70710677
vn 0.00000000 0.00000000 -1.00000000
vn -0.17106462 -0.68610270 0.70710677
vn -0.00000000 0.00000000 1.00000000
vn -0.30901700 0.95105654 0.00000000
vn -0.21850800 0.67249850 -0.70710677
vn -0.30901700 0.95105654 0.00000000
vn -0.21850800 0.67249850 0.70710677
vn -0.30901700 -0.95105654 0.00000000
vn -0.21850800 -0.67249850 -0.70710677
vn -0.30901700 -0.95105654 0.00000000
vn -0.21850800 -0.67249850 0.70710677
vn -0.30901700 0.95105654 0.00000000
vn -0.21850800 0.67249850 -0.70710677
vn -0.30901700 0.95105654 0.00000000
vn -0.21850800 0.67249850 0.70710677
vn -0.30901700 -0.95105654 0.00000000
vn -0.21850800 -0.67249850 -0.70710677
vn -0.30901700 -0.95105654 0.00000000
vn -0.21850800 -0.67249850 0.70710677
vn -0.21850800 0.67249850 -0.70710677
vn 0.00000000 0.00000000 -1.00000000
vn -0.21850800 0.67249850 0.70710677
vn -0.00000000 0.00000000 1.00000000
vn -0.21850800 -0.67249850 -0.70710677
vn 0.00000000 0.00000000 -1.00000000
vn -0.21850800 -0.67249850 0.70710677
vn -0.00000000 0.00000000 1.00000000
vn -0.21850800 0.67249850 -0.70710677
vn 0.00000000 0.00000000 -1.00000000
vn -0.21850800 0.67249850 0.70710677
vn -0.00000000 0.00000000 1.00000000
vn -0.21850800 -0.67249850 -0.70710677
vn 0.00000000 0.00000000 -1.00000000
vn -0.21850800 -0.67249850 0.70710677
vn -0.00000000 0.00000000 1.00000000
vn -0.37460658 0.92718387 0.00000000
vn -0.26488686 0.65561800 -0.70710677
vn -0.37460658 0.92718387 0.00000000
vn -0.26488686 0.65561800 0.70710677
vn -0.37460658 -0.92718387 0.00000000
vn -0.26488686 -0.65561800 -0.70710677
vn -0.37460658 -0.92718387 0.00000000
vn -0.26488686 -0.65561800 0.70710677
vn -0.37460658 0.92718387 0.00000000
vn -0.26488686 0.65561800 -0.70710677
vn -0.37460658 0.92718387 0.00000000
vn -0.26488686 0.65561800 0.70710677
vn -0.37460658 -0.92718387 0.00000000
vn -0.26488686 -0.65561800 -0.70710677
vn -0.37460658 -0.92718387 0.00000000
vn -0.26488686 -0.65561800 0.70710677
vn -0.26488686 0.65561800 -0.70710677
vn 0.00000000 0.00000000 -1.00000000
vn -0.26488686 0.65561800 0.70710677
vn -0.00000000 0.00000000 1.00000000
vn -0.26488686 -0.65561800 -0.70710677
vn 0.00000000 0.00000000 -1.00000000
vn -0.26488686 -0.65561800 0.70710677
vn -0.00000000 0.00000000 1.00000000
vn -0.26488686 0.65561800 -0.70710677
vn 0.00000000 0.00000000 -1.00000000
vn -0.26488686 0.65561800 0.70710677
vn -0.00000000 0.00000000 1.00000000
vn -0.26488686 -0.65561800 -0.70710677
vn 0.00000000 0.00000000 -1.00000000
vn -0.26488686 -0.65561800 0.70710677
vn -0.00000000 0.00000000 1.00000000
vn -0.43837115 0.89879405 0.00000000
vn -0.30997520 0.63554335 -0.70710677
vn -0.43837115 0.89879405 0.00000000
vn -0.30997520 0.63554335 0.70710677
vn -0.43837115 -0.89879405 0.00000000
vn -0.30997520 -0.63554335 -0.70710677
vn -0.43837115 -0.89879405 0.00000000
vn -0.30997520 -0.63554335 0.70710677
vn -0.43837115 0.89879405 0.00000000
vn -0.30997520 0.63554335 -0.70710677
vn -0.43837115 0.89879405 0.00000000
vn -0.30997520 0.63554335 0.70710677
vn -0.43837115 -0.89879405 0.00000000
vn -0.30997520 -0.63554335 -0.70710677
vn -0.43837115 -0.89879405 0.00000000
vn -0.30997520 -0.63554335 0.70710677
vn -0.30997520 0.63554335 -0.70710677
vn 0.00000000 0.00000000 -1.00000000
vn -0.30997520 0.63554335 0.70710677
vn -0.00000000 0.00000000 1.00000000
vn -0.30997520 -0.63554335 -0.70710677
vn 0.00000000 0.00000000 -1.00000000
vn -0.30997520 -0.63554335 0.70710677
vn -0.00000000 0.00000000 1.00000000
vn -0.30997520 0.63554335 -0.70710677
vn 0.00000000 0.00000000 -1.00000000
vn -0.30997520 0.63554335 0.70710677
vn -0.00000000 0.00000000 1.00000000
vn -0.30997520 -0.63554335 -0.70710677
vn 0.00000000 0.00000000 -1.00000000
vn -0.30997520 -0.63554335 0.70710677
vn -0.00000000 0.00000000 1.00000000
vn -0.50000000 0.86602540 0.00000000
vn -0.35355338 0.61237246 -0.70710677
vn -0.50000000 0.86602540 0.00000000
vn -0.35355338 0.61237246 0.70710677
vn -0.50000000 -0.86602540 0.00000000
vn -0.35355338 -0.61237246 -0.70710677
vn -0.50000000 -0.86602540 0.00000000
vn -0.35355338 -0.61237246 0.70710677
vn -0.50000000 0.86602540 0.00000000
vn -0.35355338 0.61237246 -0.70710677
vn -0.50000000 0.86602540 0.00000000
vn -0.35355338 0.61237246 0.70710677
vn -0.50000000 -0.86602540 0.00000000
vn -0.35355338 -0.61237246 -0.70710677
vn -0.50000000 -0.86602540 0.00000000
vn -0.35355338 -0.61237246 0.70710677
vn -0.55919290 0.82903755 0.00000000
vn -0.39540910 0.58621810 -0.70710677
vn -0.55919290 0.82903755 0.00000000
vn -0.39540910 0.58621810 0.70710677
vn -0.55919290 -0.82903755 0.00000000
vn -0.39540910 -0.58621810 -0.70710677
vn -0.55919290 -0.82903755 0.00000000
vn -0.39540910 -0.58621810 0.70710677
vn -0.55919290 0.82903755 0.00000000
vn -0.39540910 0.58621810 -0.70710677
vn -0.55919290 0.82903755 0.00000000
vn -0.39540910 0.58621810 0.70710677
vn -0.55919290 -0.82903755 0.00000000
vn -0.39540910 -0.58621810 -0.70710677
vn -0.55919290 -0.82903755 0.00000000
vn -0.39540910 -0.58621810 0.70710677
vn -0.35355338 0.61237246 -0.70710677
vn 0.00000000 0.00000000 -1.00000000
vn -0.35355338 0.61237246 0.70710677
vn -0.00000000 0.00000000 1.00000000
vn -0.35355338 -0.61237246 -0.70710677
vn 0.00000000 0.00000000 -1.00000000
vn -0.35355338 -0.61237246 0.70710677
vn -0.00000000 0.00000000 1.00000000
vn -0.35355338 0.61237246 -0.70710677
vn 0.00000000 0.00000000 -1.00000000
vn -0.35355338 0.61237246 0.70710677
vn -0.00000000 0.00000000 1.00000000
vn -0.35355338 -0.61237246 -0.70710677
vn 0.00000000 0.00000000 -1.00000000
vn -0.35355338 -0.61237246 0.70710677
vn -0.00000000 0.00000000 1.00000000
vn -0.61566150 0.78801080 0.00000000
vn -0.43533840 0.55720776 -0.70710677
vn -0.61566150 0.78801080 0.00000000
vn -0.43533840 0.55720776 0.70710677
vn -0.61566150 -0.78801080 0.00000000
vn -0.43533840 -0.55720776 -0.70710677
vn -0.61566150 -0.78801080 0.00000000
vn -0.43533840 -0.55720776 0.70710677
vn -0.61566150 0.78801080 0.00000000
vn -0.43533840 0.55720776 -0.70710677
vn -0.61566150 0.78801080 0.00000000
vn -0.43533840 0.55720776 0.70710677
vn -0.61566150 -0.78801080 0.00000000
vn -0.43533840 -0.55720776 -0.70710677
vn -0.61566150 -0.78801080 0.00000000
vn -0.43533840 -0.55720776 0.70710677
vn -0.39540910 0.58621810 -0.70710677
vn 0.00000000 0.00000000 -1.00000000
vn -0.39540910 0.58621810 0.70710677
vn -0.00000000 0.00000000 1.00000000
vn -0.39540910 -0.58621810 -0.70710677
vn 0.00000000 0.00000000 -1.00000000
vn -0.39540910 -0.58621810 0.70710677
vn -0.00000000 0.00000000 1.00000000
vn -0.39540910 0.58621810 -0.70710677
vn 0.00000000 0.00000000 -1.00000000
vn -0.39540910 0.58621810 0.70710677
vn -0.00000000 0.00000000 1.00000000
vn -0.39540910 -0.58621810 -0.70710677
vn 0.00000000 0.00000000 -1.00000000
vn -0.39540910 -0.58621810 0.70710677
vn -0.00000000 0.00000000 1.00000000
vn -0.66913060 0.74314480 0.00000000
vn -0.47314680 0.52548280 -0.70710677
vn -0.66913060 0.74314480 0.00000000
vn -0.47314680 0.52548280 0.70710677
vn -0.66913060 -0.74314480 0.00000000
vn -0.47314680 -0.52548280 -0.70710677
vn -0.66913060 -0.74314480 0.00000000
vn -0.47314680 -0.52548280 0.70710677
vn -0.66913060 0.74314480 0.00000000
vn -0.47314680 0.52548280 -0.70710677
vn -0.66913060 0.74314480 0.00000000
vn -0.47314680 0.52548280 0.70710677
vn -0.66913060 -0.74314480 0.00000000
vn -0.47314680 -0.52548280 -0.70710677
vn -0.66913060 -0.74314480 0.00000000
vn -0.47314680 -0.52548280 0.70710677
vn -0.43533840 0.55720776 -0.70710677
vn 0.00000000 0.00000000 -1.00000000
vn -0.43533840 0.55720776 0.70710677
vn -0.00000000 0.00000000 1.00000000
vn -0.43533840 -0.55720776 -0.70710677
vn 0.00000000 0.00000000 -1.00000000
vn -0.43533840 -0.55720776 0.70710677
vn -0.00000000 0.00000000 1.00000000
vn -0.43533840 0.55720776 -0.70710677
vn 0.00000000 0.00000000 -1.00000000
vn -0.43533840 0.55720776 0.70710677
vn -0.00000000 0.00000000 1.00000000
vn -0.43533840 -0.55720776 -0.70710677
vn 0.00000000 0.00000000 -1.00000000
vn -0.43533840 -0.55720776 0.70710677
vn -0.00000000 0.00000000 1.00000000
vn -0.71933980 0.69465840 0.00000000
vn -0.71933980 0.69465840 0.00000000
vn -0.50865006 0.49119765 -0.70710677
vn -0.71933980 0.69465840 0.00000000
vn -0.71933980 0.69465840 0.00000000
vn -0.50865006 0.49119765 0.70710677
vn -0.71933980 -0.69465840 0.00000000
vn -0.71933980 -0.69465840 0.00000000
vn -0.50865006 -0.49119765 -0.70710677
vn -0.71933980 -0.69465840 0.00000000
vn -0.71933980 -0.69465840 0.00000000
vn -0.50865006 -0.49119765 0.70710677
vn -0.71933980 0.69465840 0.00000000
vn -0.71933980 0.69465840 0.00000000
vn -0.50865006 0.49119765 -0.70710677
vn -0.71933980 0.69465840 0.00000000
vn -0.71933980 0.69465840 0.00000000
vn -0.50865006 0.49119765 0.70710677
vn -0.71933980 -0.69465840 0.00000000
vn -0.71933980 -0.69465840 0.00000000
vn -0.50865006 -0.49119765 -0.70710677
vn -0.71933980 -0.69465840 0.00000000
vn -0.71933980 -0.69465840 0.00000000
vn -0.50865006 -0.49119765 0.70710677
vn -0.47314680 0.52548280 -0.70710677
vn 0.00000000 0.00000000 -1.00000000
vn -0.47314680 0.52548280 0.70710677
vn -0.00000000 0.00000000 1.00000000
vn -0.47314680 -0.52548280 -0.70710677
vn 0.00000000 0.00000000 -1.00000000
vn -0.47314680 -0.52548280 0.70710677
vn -0.00000000 0.00000000 1.00000000
vn -0.47314680 0.52548280 -0.70710677
vn 0.00000000 0.00000000 -1.00000000
vn -0.47314680 0.52548280 0.70710677
vn -0.00000000 0.00000000 1.00000000
vn -0.47314680 -0.52548280 -0.70710677
vn 0.00000000 0.00000000 -1.00000000
vn -0.47314680 -0.52548280 0.70710677
vn -0.00000000 0.00000000 1.00000000
vn -0.76604444 0.64278764 0.00000000
vn -0.54167520 0.45451948 -0.70710677
vn -0.76604444 0.64278764 0.00000000
vn -0.54167520 0.45451948 0.70710677
vn -0.76604444 -0.64278764 0.00000000
vn -0.54167520 -0.45451948 -0.70710677
vn -0.76604444 -0.64278764 0.00000000
vn -0.54167520 -0.45451948 0.70710677
vn -0.76604444 0.64278764 0.00000000
vn -0.54167520 0.45451948 -0.70710677
vn -0.76604444 0.64278764 0.00000000
vn -0.54167520 0.45451948 0.70710677
vn -0.76604444 -0.64278764 0.00000000
vn -0.54167520 -0.45451948 -0.70710677
vn -0.76604444 -0.64278764 0.00000000
vn -0.54167520 -0.45451948 0.70710677
vn -0.80901700 0.58778524 0.00000000
vn -0.57206140 0.41562694 -0.70710677
vn -0.80901700 0.58778524 0.00000000
vn -0.57206140 0.41562694 0.70710677
vn -0.80901700 -0.58778524 0.00000000
vn -0.57206140 -0.41562694 -0.70710677
vn -0.80901700 -0.58778524 0.00000000
vn -0.57206140 -0.41562694 0.70710677
vn -0.80901700 0.58778524 0.00000000
vn -0.57206140 0.41562694 -0.70710677
vn -0.80901700 0.58778524 0.00000000
vn -0.57206140 0.41562694 0.70710677
vn -0.80901700 -0.58778524 0.00000000
vn -0.57206140 -0.41562694 -0.70710677
vn -0.80901700 -0.58778524 0.00000000
vn -0.57206140 -0.41562694 0.70710677
vn -0.50865006 0.49119765 -0.70710677
vn 0.00000000 0.00000000 -1.00000000
vn -0.50865006 0.49119765 0.70710677
vn -0.00000000 0.00000000 1.00000000
vn -0.50865006 -0.49119765 -0.70710677
vn 0.00000000 0.00000000 -1.00000000
vn -0.50865006 -0.49119765 0.70710677
vn -0.00000000 0.00000000 1.00000000
vn -0.50865006 0.49119765 -0.70710677
vn 0.00000000 0.00000000 -1.00000000
vn -0.50865006 0.49119765 0.70710677
vn -0.00000000 0.00000000 1.00000000
vn -0.50865006 -0.49119765 -0.70710677
vn 0.00000000 0.00000000 -1.00000000
vn -0.50865006 -0.49119765 0.70710677
vn -0.00000000 0.00000000 1.00000000
vn -0.84804810 0.52991927 0.00000000
vn -0.59966060 0.37470952 -0.70710677
vn -0.84804810 0.52991927 0.00000000
vn -0.59966060 0.37470952 0.70710677
vn -0.84804810 -0.52991927 0.00000000
vn -0.59966060 -0.37470952 -0.70710677
vn -0.84804810 -0.52991927 0.00000000
vn -0.59966060 -0.37470952 0.70710677
vn -0.84804810 0.52991927 0.00000000
vn -0.59966060 0.37470952 -0.70710677
vn -0.84804810 0.52991927 0.00000000
vn -0.59966060 0.37470952 0.70710677
vn -0.84804810 -0.52991927 0.00000000
vn -0.59966060 -0.37470952 -0.70710677
vn -0.84804810 -0.52991927 0.00000000
vn -0.59966060 -0.37470952 0.70710677
vn -0.54167520 0.45451948 -0.70710677
vn 0.00000000 0.00000000 -1.00000000
vn -0.54167520 0.45451948 0.70710677
vn -0.00000000 0.00000000 1.00000000
vn -0.54167520 -0.45451948 -0.70710677
vn 0.00000000 0.00000000 -1.00000000
vn -0.54167520 -0.45451948 0.70710677
vn -0.00000000 0.00000000 1.00000000
vn -0.54167520 0.45451948 -0.70710677
vn 0.00000000 0.00000000 -1.00000000
vn -0.54167520 0.45451948 0.70710677
vn -0.00000000 0.00000000 1.00000000
vn -0.54167520 -0.45451948 -0.70710677
vn 0.00000000 0.00000000 -1.00000000
vn -0.54167520 -0.45451948 0.70710677
vn -0.00000000 0.00000000 1.00000000
vn -0.88294756 0.46947157 0.00000000
vn -0.62433820 0.33196652 -0.70710677
vn -0.88294756 0.46947157 0.00000000
vn -0.62433820 0.33196652 0.70710677
vn -0.88294756 -0.46947157 0.00000000
vn -0.62433820 -0.33196652 -0.70710677
vn -0.88294756 -0.46947157 0.00000000
vn -0.62433820 -0.33196652 0.70710677
vn -0.88294756 0.46947157 0.00000000
vn -0.62433820 0.33196652 -0.70710677
vn -0.88294756 0.46947157 0.00000000
vn -0.62433820 0.33196652 0.70710677
vn -0.88294756 -0.46947157 0.00000000
vn -0.62433820 -0.33196652 -0.70710677
vn -0.88294756 -0.46947157 0.00000000
vn -0.62433820 -0.33196652 0.70710677
vn -0.91354540 0.40673664 0.00000000
vn -0.64597416 0.28760624 -0.70710677
vn -0.91354540 0.40673664 0.00000000
vn -0.64597416 0.28760624 0.70710677
vn -0.91354540 -0.40673664 0.00000000
vn -0.64597416 -0.28760624 -0.70710677
vn -0.91354540 -0.40673664 0.00000000
vn -0.64597416 -0.28760624 0.70710677
vn -0.91354540 0.40673664 0.00000000
vn -0.64597416 0.28760624 -0.70710677
vn -0.91354540 0.40673664 0.00000000
vn -0.64597416 0.28760624 0.70710677
vn -0.91354540 -0.40673664 0.00000000
vn -0.64597416 -0.28760624 -0.70710677
vn -0.91354540 -0.40673664 0.00000000
vn -0.64597416 -0.28760624 0.70710677
vn -0.57206140 0.41562694 -0.70710677
vn 0.00000000 0.00000000 -1.00000000
vn -0.57206140 0.41562694 0.70710677
vn -0.00000000 0.00000000 1.00000000
vn -0.57206140 -0.41562694 -0.70710677
vn 0.00000000 0.00000000 -1.00000000
vn -0.57206140 -0.41562694 0.70710677
vn -0.00000000 0.00000000 1.00000000
vn -0.57206140 0.41562694 -0.70710677
vn 0.00000000 0.00000000 -1.00000000
vn -0.57206140 0.41562694 0.70710677
vn -0.00000000 0.00000000 1.00000000
vn -0.57206140 -0.41562694 -0.70710677
vn 0.00000000 0.00000000 -1.00000000
vn -0.57206140 -0.41562694 0.70710677
vn -0.00000000 0.00000000 1.00000000
vn -0.93969260 0.34202015 0.00000000
vn -0.66446304 0.24184476 -0.70710677
vn -0.93969260 0.34202015 0.00000000
vn -0.66446304 0.24184476 0.70710677
vn -0.93969260 -0.34202015 0.00000000
vn -0.66446304 -0.24184476 -0.70710677
vn -0.93969260 -0.34202015 0.00000000
vn -0.66446304 -0.24184476 0.70710677
vn -0.93969260 0.34202015 0.00000000
vn -0.66446304 0.24184476 -0.70710677
vn -0.93969260 0.34202015 0.00000000
vn -0.66446304 0.24184476 0.70710677
vn -0.93969260 -0.34202015 0.00000000
vn -0.66446304 -0.24184476 -0.70710677
vn -0.93969260 -0.34202015 0.00000000
vn -0.66446304 -0.24184476 0.70710677
vn -0.59966060 0.37470952 -0.70710677
vn 0.00000000 0.00000000 -1.00000000
vn -0.59966060 0.37470952 0.70710677
vn -0.00000000 0.00000000 1.00000000
vn -0.59966060 -0.37470952 -0.70710677
vn 0.00000000 0.00000000 -1.00000000
vn -0.59966060 -0.37470952 0.70710677
vn -0.00000000 0.00000000 1.00000000
vn -0.59966060 0.37470952 -0.70710677
vn 0.00000000 0.00000000 -1.00000000
vn -0.59966060 0.37470952 0.70710677
vn -0.00000000 0.00000000 1.00000000
vn -0.59966060 -0.37470952 -0.70710677
vn 0.00000000 0.00000000 -1.00000000
vn -0.59966060 -0.37470952 0.70710677
vn -0.00000000 0.00000000 1.00000000
vn -0.96126170 0.27563736 0.00000000
vn -0.67971470 0.19490504 -0.70710677
vn -0.96126170 0.27563736 0.00000000
vn -0.67971470 0.19490504 0.70710677
vn -0.96126170 -0.27563736 0.00000000
vn -0.67971470 -0.19490504 -0.70710677
vn -0.96126170 -0.27563736 0.00000000
vn -0.67971470 -0.19490504 0.70710677
vn -0.96126170 0.27563736 0.00000000
vn -0.67971470 0.19490504 -0.70710677
vn -0.96126170 0.27563736 0.00000000
vn -0.67971470 0.19490504 0.70710677
vn -0.96126170 -0.27563736 0.00000000
vn -0.67971470 -0.19490504 -0.70710677
vn -0.96126170 -0.27563736 0.00000000
vn -0.67971470 -0.19490504 0.70710677
vn -0.97814760 0.20791169 0.00000000
vn -0.69165480 0.14701577 -0.70710677
vn -0.97814760 0.20791169 0.00000000
vn -0.69165480 0.14701577 0.70710677
vn -0.97814760 -0.20791169 0.00000000
vn -0.69165480 -0.14701577 -0.70710677
vn -0.97814760 -0.20791169 0.00000000
vn -0.69165480 -0.14701577 0.70710677
vn -0.97814760 0.20791169 0.00000000
vn -0.69165480 0.14701577 -0.70710677
vn -0.97814760 0.20791169 0.00000000
vn -0.69165480 0.14701577 0.70710677
vn -0.97814760 -0.20791169 0.00000000
vn -0.69165480 -0.14701577 -0.70710677
vn -0.97814760 -0.20791169 0.00000000
vn -0.69165480 -0.14701577 0.70710677
vn -0.99026805 0.13917310 0.00000000
vn -0.70022530 0.09841024 -0.70710677
vn -0.99026805 0.13917310 0.00000000
vn -0.70022530 0.09841024 0.70710677
vn -0.99026805 -0.13917310 0.00000000
vn -0.70022530 -0.09841024 -0.70710677
vn -0.99026805 -0.13917310 0.00000000
vn -0.70022530 -0.09841024 0.70710677
vn -0.99026805 0.13917310 0.00000000
vn -0.70022530 0.09841024 -0.70710677
vn -0.99026805 0.13917310 0.00000000
vn -0.70022530 0.09841024 0.70710677
vn -0.99026805 -0.13917310 0.00000000
vn -0.70022530 -0.09841024 -0.70710677
vn -0.99026805 -0.13917310 0.00000000
vn -0.70022530 -0.09841024 0.70710677
vn -0.99756410 0.06975647 0.00000000
vn -0.70538430 0.04932528 -0.70710677
vn -0.99756410 0.06975647 0.00000000
vn -0.70538430 0.04932528 0.70710677
vn -0.99756410 -0.06975647 0.00000000
vn -0.70538430 -0.04932528 -0.70710677
vn -0.99756410 -0.06975647 0.00000000
vn -0.70538430 -0.04932528 0.70710677
vn -0.99756410 0.06975647 0.00000000
vn -0.70538430 0.04932528 -0.70710677
vn -0.99756410 0.06975647 0.00000000
vn -0.70538430 0.04932528 0.70710677
vn -0.99756410 -0.06975647 0.00000000
vn -0.70538430 -0.04932528 -0.70710677
vn -0.99756410 -0.06975647 0.00000000
vn -0.70538430 -0.04932528 0.70710677
vn -1.00000000 -0.00000000 0.00000000
vn -0.70710677 0.00000000 -0.70710677
vn -1.00000000 -0.00000000 0.00000000
vn -0.70710677 0.00000000 0.70710677
vn -1.00000000 -0.00000000 0.00000000
vn -0.70710677 0.00000000 -0.70710677
vn -1.00000000 -0.00000000 0.00000000
vn -0.70710677 0.00000000 0.70710677
vn -0.62433820 0.33196652 -0.70710677
vn 0.00000000 0.00000000 -1.00000000
vn -0.62433820 0.33196652 0.70710677
vn -0.00000000 0.00000000 1.00000000
vn -0.62433820 -0.33196652 -0.70710677
vn 0.00000000 0.00000000 -1.00000000
vn -0.62433820 -0.33196652 0.70710677
vn -0.00000000 0.00000000 1.00000000
vn -0.62433820 0.33196652 -0.70710677
vn 0.00000000 0.00000000 -1.00000000
vn -0.62433820 0.33196652 0.70710677
vn -0.00000000 0.00000000 1.00000000
vn -0.62433820 -0.33196652 -0.70710677
vn 0.00000000 0.00000000 -1.00000000
vn -0.62433820 -0.33196652 0.70710677
vn -0.00000000 0.00000000 1.00000000
vn -0.64597416 0.28760624 -0.70710677
vn 0.00000000 0.00000000 -1.00000000
vn -0.64597416 0.28760624 0.70710677
vn -0.00000000 0.00000000 1.00000000
vn -0.64597416 -0.28760624 -0.70710677
vn 0.00000000 0.00000000 -1.00000000
vn -0.64597416 -0.28760624 0.70710677
vn -0.00000000 0.00000000 1.00000000
vn -0.64597416 0.28760624 -0.70710677
vn 0.00000000 0.00000000 -1.00000000
vn -0.64597416 0.28760624 0.70710677
vn -0.00000000 0.00000000 1.00000000
vn -0.64597416 -0.28760624 -0.70710677
vn 0.00000000 0.00000000 -1.00000000
vn -0.64597416 -0.28760624 0.70710677
vn -0.00000000 0.00000000 1.00000000
vn -0.66446304 0.24184476 -0.70710677
vn 0.00000000 0.00000000 -1.00000000
vn -0.66446304 0.24184476 0.70710677
vn -0.00000000 0.00000000 1.00000000
vn -0.66446304 -0.24184476 -0.70710677
vn 0.00000000 0.00000000 -1.00000000
vn -0.66446304 -0.24184476 0.70710677
vn -0.00000000 0.00000000 1.00000000
vn -0.66446304 0.24184476 -0.70710677
vn 0.00000000 0.00000000 -1.00000000
vn -0.66446304 0.24184476 0.70710677
vn -0.00000000 0.00000000 1.00000000
vn -0.66446304 -0.24184476 -0.70710677
vn 0.00000000 0.00000000 -1.00000000
vn -0.66446304 -0.24184476 0.70710677
vn -0.00000000 0.00000000 1.00000000
vn -0.67971470 0.19490504 -0.70710677
vn 0.00000000 0.00000000 -1.00000000
vn -0.67971470 0.19490504 0.70710677
vn -0.00000000 0.00000000 1.00000000
vn -0.67971470 -0.19490504 -0.70710677
vn 0.00000000 0.00000000 -1.00000000
vn -0.67971470 -0.19490504 0.70710677
vn -0.00000000 0.00000000 1.00000000
vn -0.67971470 0.19490504 -0.70710677
vn 0.00000000 0.00000000 -1.00000000
vn -0.67971470 0.19490504 0.70710677
vn -0.00000000 0.00000000 1.00000000
vn -0.67971470 -0.19490504 -0.70710677
vn 0.00000000 0.00000000 -1.00000000
vn -0.67971470 -0.19490504 0.70710677
vn -0.00000000 0.00000000 1.00000000
vn -0.69165480 0.14701577 -0.70710677
vn 0.00000000 0.00000000 -1.00000000
vn -0.69165480 0.14701577 0.70710677
vn -0.00000000 0.00000000 1.00000000
vn -0.69165480 -0.14701577 -0.70710677
vn 0.00000000 0.00000000 -1.00000000
vn -0.69165480 -0.14701577 0.70710677
vn -0.00000000 0.00000000 1.00000000
vn -0.69165480 0.14701577 -0.70710677
vn 0.00000000 0.00000000 -1.00000000
vn -0.69165480 0.14701577 0.70710677
vn -0.00000000 0.00000000 1.00000000
vn -0.69165480 -0.14701577 -0.70710677
vn 0.00000000 0.00000000 -1.00000000
vn -0.69165480 -0.14701577 0.70710677
vn -0.00000000 0.00000000 1.00000000
vn -0.70022530 0.09841024 -0.70710677
vn 0.00000000 0.00000000 -1.00000000
vn -0.70022530 0.09841024 0.70710677
vn -0.00000000 0.00000000 1.00000000
vn -0.70022530 -0.09841024 -0.70710677
vn 0.00000000 0.00000000 -1.00000000
vn -0.70022530 -0.09841024 0.70710677
vn -0.00000000 0.00000000 1.00000000
vn -0.70022530 0.09841024 -0.70710677
vn 0.00000000 0.00000000 -1.00000000
vn 0.00000000 0.00000000 -1.00000000
vn -0.70022530 0.09841024 0.70710677
vn -0.00000000 0.00000000 1.00000000
vn -0.70022530 -0.09841024 -0.70710677
vn 0.00000000 0.00000000 -1.00000000
vn -0.70022530 -0.09841024 0.70710677
vn -0.00000000 0.00000000 1.00000000
vn -0.70538430 0.04932528 -0.70710677
vn 0.00000000 0.00000000 -1.00000000
vn -0.70538430 0.04932528 0.70710677
vn -0.00000000 0.00000000 1.00000000
vn -0.70538430 -0.04932528 -0.70710677
vn 0.00000000 0.00000000 -1.00000000
vn -0.70538430 -0.04932528 0.70710677
vn -0.00000000 0.00000000 1.00000000
vn -0.70538430 0.04932528 -0.70710677
vn 0.00000000 0.00000000 -1.00000000
vn 0.00000000 0.00000000 -1.00000000
vn -0.70538430 0.04932528 0.70710677
vn -0.00000000 0.00000000 1.00000000
vn -0.70538430 -0.04932528 -0.70710677
vn 0.00000000 0.00000000 -1.00000000
vn -0.70538430 -0.04932528 0.70710677
vn -0.00000000 0.00000000 1.00000000
vn -0.70710677 0.00000000 -0.70710677
vn 0.00000000 0.00000000 -1.00000000
vn -0.70710677 0.00000000 0.70710677
vn -0.00000000 0.00000000 1.00000000
vn -0.70710677 0.00000000 -0.70710677
vn 0.00000000 0.00000000 -1.00000000
vn -0.70710677 0.00000000 0.70710677
vn -0.00000000 0.00000000 1.00000000
vn -0.00000000 -1.00000000 0.00000000
vn 0.00000000 -1.00000000 0.00000000
vn 0.00000000 -1.00000000 0.00000000
vn 0.00000000 -1.00000000 0.00000000
vn 0.00000000 -1.00000000 0.00000000
vn 0.00000000 -1.00000000 0.00000000
vn 0.00000000 -1.00000000 0.00000000
vn -0.00000000 -0.99766874 -0.06824242
vn 0.00000000 -0.99766874 -0.06824242
vn 0.00000000 -0.99766874 0.06824242
vn 0.00000000 -0.99766874 0.06824242
vn -0.00000000 -0.97908410 -0.20345601
vn 0.00000000 -0.97908410 -0.20345601
vn 0.00000000 -0.97908410 0.20345601
vn 0.00000000 -0.97908410 0.20345601
vn -0.00000000 -0.94226090 -0.33487960
vn 0.00000000 -0.94226090 -0.33487960
vn 0.00000000 -0.94226090 0.33487960
vn 0.00000000 -0.94226090 0.33487960
vn -0.00000000 -0.88788520 -0.46006504
vn -0.00000000 -0.88788520 -0.46006504
vn 0.00000000 -0.88788520 -0.46006504
vn 0.00000000 -0.88788520 -0.46006504
vn 0.00000000 -0.88788520 0.46006504
vn 0.00000000 -0.88788520 0.46006504
vn 0.00000000 -0.85441940 0.51958394
vn 0.00000000 -0.85441940 0.51958394
vn -0.00000000 -0.81696990 -0.57668030
vn 0.00000000 -0.81696990 -0.57668030
vn 0.00000000 -0.77571130 0.63108796
vn 0.00000000 -0.77571130 0.63108796
vn -0.00000000 -0.73083600 -0.68255320
vn 0.00000000 -0.73083600 -0.68255320
vn 0.00000000 -0.68255320 0.73083600
vn 0.00000000 -0.68255320 0.73083600
vn -0.00000000 -0.63108796 -0.77571130
vn 0.00000000 -0.63108796 -0.77571130
vn 0.00000000 -0.57668030 0.81696990
vn 0.00000000 -0.57668030 0.81696990
vn -0.00000000 -0.46006504 -0.88788520
vn 0.00000000 -0.46006504 -0.88788520
vn 0.00000000 -0.39840108 0.91721130
vn 0.00000000 -0.39840108 0.91721130
vn -0.00000000 -0.33487960 -0.94226090
vn 0.00000000 -0.33487960 -0.94226090
vn 0.00000000 -0.33487960 0.94226090
vn 0.00000000 -0.33487960 0.94226090
vn 0.00000000 -0.26979676 0.96291727
vn 0.00000000 -0.26979676 0.96291727
vn -0.00000000 -0.20345601 -0.97908410
vn 0.00000000 -0.20345601 -0.97908410
vn 0.00000000 -0.20345601 0.97908410
vn 0.00000000 -0.20345601 0.97908410
vn 0.00000000 -0.20345601 0.97908410
vn 0.00000000 -0.20345601 0.97908410
vn -0.00000000 -0.06824242 -0.99766874
vn 0.00000000 -0.06824242 -0.99766874
vn 0.00000000 -0.06824242 0.99766874
vn 0.00000000 -0.06824242 0.99766874
vn 0.00000000 -0.00000000 -1.00000000
vn 0.00000000 0.00000000 -1.00000000
vn 0.00000000 0.00000000 -1.00000000
vn 0.00000000 0.00000000 -1.00000000
vn 0.00000000 0.00000000 -1.00000000
vn 0.00000000 0.00000000 -1.00000000
vn -0.00000000 0.00000000 1.00000000
vn 0.00000000 -0.00000000 1.00000000
vn 0.00000000 0.00000000 1.00000000
vn 0.00000000 0.00000000 1.00000000
vn 0.00000000 0.00000000 -1.00000000
vn 0.00000000 0.00000000 -1.00000000
vn 0.00000000 0.00000000 -1.00000000
vn 0.00000000 0.00000000 -1.00000000
vn 0.00000000 0.00000000 -1.00000000
vn 0.00000000 0.00000000 -1.00000000
vn -0.00000000 0.00000000 1.00000000
vn 0.00000000 0.00000000 1.00000000
vn 0.00000000 0.00000000 1.00000000
vn 0.00000000 0.00000000 1.00000000
vn 0.00000000 0.06824242 0.99766874
vn 0.00000000 0.13616665 -0.99068594
vn 0.00000000 0.13616665 -0.99068594
vn 0.00000000 0.13616665 0.99068594
vn 0.00000000 0.20345601 0.97908410
vn 0.00000000 0.26979676 -0.96291727
vn 0.00000000 0.26979676 -0.96291727
vn 0.00000000 0.26979676 0.96291727
vn 0.00000000 0.33487960 -0.94226090
vn 0.00000000 0.33487960 -0.94226090
vn 0.00000000 0.39840108 -0.91721130
vn 0.00000000 0.39840108 -0.91721130
vn 0.00000000 0.39840108 -0.91721130
vn 0.00000000 0.39840108 -0.91721130
vn 0.00000000 0.39840108 -0.91721130
vn 0.00000000 0.39840108 -0.91721130
vn 0.00000000 0.39840108 0.91721130
vn 0.00000000 0.46006504 0.88788520
vn 0.00000000 0.51958394 -0.85441940
vn 0.00000000 0.51958394 -0.85441940
vn 0.00000000 0.51958394 0.85441940
vn 0.00000000 0.57668030 -0.81696990
vn 0.00000000 0.57668030 -0.81696990
vn 0.00000000 0.57668030 -0.81696990
vn 0.00000000 0.57668030 0.81696990
vn 0.00000000 0.57668030 0.81696990
vn 0.00000000 0.63108796 -0.77571130
vn 0.00000000 0.63108796 -0.77571130
vn 0.00000000 0.63108796 0.77571130
vn 0.00000000 0.63108796 0.77571130
vn 0.00000000 0.63108796 0.77571130
vn 0.00000000 0.68255320 -0.73083600
vn 0.00000000 0.68255320 -0.73083600
vn 0.00000000 0.68255320 -0.73083600
vn 0.00000000 0.68255320 0.73083600
vn 0.00000000 0.68255320 0.73083600
vn 0.00000000 0.68255320 0.73083600
vn 0.00000000 0.73083600 -0.68255320
vn 0.00000000 0.73083600 -0.68255320
vn 0.00000000 0.73083600 0.68255320
vn 0.00000000 0.77571130 0.63108796
vn 0.00000000 0.81696990 -0.57668030
vn 0.00000000 0.81696990 -0.57668030
vn 0.00000000 0.81696990 -0.57668030
vn 0.00000000 0.81696990 -0.57668030
vn 0.00000000 0.81696990 0.57668030
vn 0.00000000 0.81696990 0.57668030
vn 0.00000000 0.85441940 -0.51958394
vn 0.00000000 0.85441940 -0.51958394
vn 0.00000000 0.85441940 0.51958394
vn 0.00000000 0.85441940 0.51958394
vn 0.00000000 0.88788520 -0.46006504
vn 0.00000000 0.88788520 -0.46006504
vn 0.00000000 0.88788520 0.46006504
vn 0.00000000 0.91721130 -0.39840108
vn 0.00000000 0.91721130 -0.39840108
vn 0.00000000 0.91721130 0.39840108
vn 0.00000000 0.91721130 0.39840108
vn 0.00000000 0.94226090 -0.33487960
vn 0.00000000 0.94226090 -0.33487960
vn 0.00000000 0.94226090 0.33487960
vn 0.00000000 0.94226090 0.33487960
vn 0.00000000 0.96291727 -0.26979676
vn 0.00000000 0.96291727 -0.26979676
vn 0.00000000 0.96291727 0.26979676
vn 0.00000000 0.96291727 0.26979676
vn 0.00000000 0.96291727 0.26979676
vn 0.00000000 0.97908410 -0.20345601
vn 0.00000000 0.97908410 -0.20345601
vn 0.00000000 0.97908410 0.20345601
vn 0.00000000 0.99068594 -0.13616665
vn 0.00000000 0.99068594 -0.13616665
vn 0.00000000 0.99068594 0.13616665
vn 0.00000000 0.99766874 -0.06824242
vn 0.00000000 0.99766874 -0.06824242
vn 0.00000000 0.99766874 0.06824242
vn -0.00000000 1.00000000 0.00000000
vn 0.00000000 1.00000000 0.00000000
vn 0.00000000 1.00000000 0.00000000
vn 0.00000000 1.00000000 0.00000000
vn -0.00000000 1.00000000 0.00000000
vn 0.00000000 1.00000000 0.00000000
vn 0.00668893 -0.99766874 0.06791381
vn 0.00668893 -0.06791381 -0.99766874
vn 0.00668893 0.06791381 -0.99766874
vn 0.00668893 0.99766874 0.06791381
vn 0.01331343 -0.99766874 0.06693115
vn 0.01331343 -0.06693115 -0.99766874
vn 0.01331343 0.06693115 -0.99766874
vn 0.01331343 0.99766874 0.06693115
vn 0.01334667 0.99068594 0.13551097
vn 0.01980973 -0.99766874 0.06530391
vn 0.01980973 -0.06530391 -0.99766874
vn 0.01980973 0.06530391 -0.99766874
vn 0.01980973 0.99766874 0.06530391
vn 0.01994218 0.97908410 0.20247632
vn 0.02611524 -0.99766874 0.06304777
vn 0.02611524 -0.06304777 -0.99766874
vn 0.02611524 0.06304777 -0.99766874
vn 0.02611524 0.99766874 0.06304777
vn 0.02644471 0.96291727 0.26849762
vn 0.02656480 0.99068594 0.13355024
vn 0.03216925 -0.99766874 0.06018443
vn 0.03216925 -0.06018443 -0.99766874
vn 0.03216925 0.06018443 -0.99766874
vn 0.03216925 0.99766874 0.06018443
vn 0.03282394 0.33326706 -0.94226090
vn 0.03282394 0.33326706 -0.94226090
vn 0.03282394 0.33326706 -0.94226090
vn 0.03791345 -0.99766874 0.05674150
vn 0.03791345 -0.05674150 -0.99766874
vn 0.03791345 -0.05674150 -0.99766874
vn 0.03791345 0.05674150 -0.99766874
vn 0.03791345 0.99766874 0.05674150
vn 0.03905014 0.39648268 -0.91721130
vn 0.03905014 0.39648268 -0.91721130
vn 0.03905014 0.91721130 0.39648268
vn 0.04329253 -0.99766874 0.05275210
vn 0.04329253 -0.05275210 -0.99766874
vn 0.04329253 -0.05275210 -0.99766874
vn 0.04329253 0.05275210 -0.99766874
vn 0.04329253 0.99766874 0.05275210
vn 0.04509426 0.88788520 0.45784970
vn 0.04825467 -0.99766874 0.04825467
vn 0.04825467 -0.04825467 -0.99766874
vn 0.04825467 -0.04825467 -0.99766874
vn 0.04825467 0.04825467 -0.99766874
vn 0.04825467 0.04825467 -0.99766874
vn 0.04825467 0.99766874 0.04825467
vn 0.05092813 0.85441940 0.51708204
vn 0.05210872 0.99068594 0.12580158
vn 0.05263474 0.26461270 -0.96291727
vn 0.05275210 -0.99766874 0.04329253
vn 0.05275210 -0.04329253 -0.99766874
vn 0.05275210 -0.04329253 -0.99766874
vn 0.05275210 0.04329253 -0.99766874
vn 0.05275210 0.04329253 -0.99766874
vn 0.05275210 0.99766874 0.04329253
vn 0.05674150 -0.99766874 0.03791345
vn 0.05674150 -0.03791345 -0.99766874
vn 0.05674150 -0.03791345 -0.99766874
vn 0.05674150 0.03791345 -0.99766874
vn 0.05674150 0.03791345 -0.99766874
vn 0.05674150 0.99766874 0.03791345
vn 0.05906016 0.97908410 0.19469526
vn 0.06018443 -0.99766874 0.03216925
vn 0.06018443 -0.03216925 -0.99766874
vn 0.06018443 -0.03216925 -0.99766874
vn 0.06018443 0.03216925 -0.99766874
vn 0.06018443 0.03216925 -0.99766874
vn 0.06018443 0.99766874 0.03216925
vn 0.06304777 -0.99766874 0.02611524
vn 0.06304777 -0.02611524 -0.99766874
vn 0.06304777 -0.02611524 -0.99766874
vn 0.06304777 0.02611524 -0.99766874
vn 0.06304777 0.02611524 -0.99766874
vn 0.06304777 0.99766874 0.02611524
vn 0.06418852 -0.99068594 0.12008826
vn 0.06418852 0.12008826 -0.99068594
vn 0.06418852 0.12008826 -0.99068594
vn 0.06418852 0.12008826 -0.99068594
vn 0.06418852 0.12008826 -0.99068594
vn 0.06530391 -0.99766874 0.01980973
vn 0.06530391 -0.01980973 -0.99766874
vn 0.06530391 -0.01980973 -0.99766874
vn 0.06530391 0.01980973 -0.99766874
vn 0.06530391 0.01980973 -0.99766874
vn 0.06530391 0.99766874 0.01980973
vn 0.06533177 0.32844500 -0.94226090
vn 0.06533177 0.32844500 -0.94226090
vn 0.06533177 0.94226090 0.32844500
vn 0.06533177 0.94226090 0.32844500
vn 0.06690191 -0.73083600 0.67926645
vn 0.06693115 -0.99766874 0.01331343
vn 0.06693115 -0.01331343 -0.99766874
vn 0.06693115 -0.01331343 -0.99766874
vn 0.06693115 0.01331343 -0.99766874
vn 0.06693115 0.01331343 -0.99766874
vn 0.06693115 0.99766874 0.01331343
vn 0.06791381 -0.99766874 0.00668893
vn 0.06791381 -0.00668893 -0.99766874
vn 0.06791381 -0.00668893 -0.99766874
vn 0.06791381 0.00668893 -0.99766874
vn 0.06791381 0.00668893 -0.99766874
vn 0.06791381 0.99766874 0.00668893
vn 0.06824242 0.00000000 0.99766874
vn 0.06824242 0.00000000 -0.99766874
vn 0.06824242 0.00000000 -0.99766874
vn 0.06824242 0.00000000 -0.99766874
vn 0.06824242 0.99766874 0.00000000
vn 0.06824242 0.99766874 0.00000000
vn 0.07163445 -0.72731680 -0.68255320
vn 0.07163445 0.68255320 0.72731680
vn 0.07163445 0.72731680 -0.68255320
vn 0.07565014 0.99068594 0.11321843
vn 0.07603300 -0.63108796 0.77197605
vn 0.07603300 0.77197605 -0.63108796
vn 0.07772420 0.91721130 0.39074594
vn 0.08007705 -0.81303596 -0.57668030
vn 0.08007705 -0.81303596 -0.57668030
vn 0.08007705 0.81303596 -0.57668030
vn 0.08007705 0.81303596 -0.57668030
vn 0.08374774 -0.85030514 -0.51958394
vn 0.08374774 -0.85030514 -0.51958394
vn 0.08374774 -0.85030514 -0.51958394
vn 0.08374774 -0.51958394 0.85030514
vn 0.08374774 0.51958394 0.85030514
vn 0.08638321 0.99068594 0.10525824
vn 0.08702797 0.88360983 -0.46006504
vn 0.08975424 0.88788520 0.45122500
vn 0.08990243 -0.39840108 0.91279465
vn 0.08990243 0.39840108 0.91279465
vn 0.08990243 0.91279465 -0.39840108
vn 0.09235772 -0.93772370 -0.33487960
vn 0.09235772 0.93772370 -0.33487960
vn 0.09438240 -0.26979676 0.95828056
vn 0.09438240 -0.26979676 0.95828056
vn 0.09438240 0.26979676 0.95828056
vn 0.09438240 0.26979676 0.95828056
vn 0.09596702 -0.97436950 -0.20345601
vn 0.09596702 0.20345601 0.97436950
vn 0.09596702 0.20345601 0.97436950
vn 0.09596702 0.97436950 -0.20345601
vn 0.09596702 0.97436950 -0.20345601
vn 0.09628436 0.99068594 0.09628436
vn 0.09710421 -0.98591554 -0.13616665
vn 0.09710421 -0.13616665 0.98591554
vn 0.09710421 0.98591554 -0.13616665
vn 0.09710421 0.98591554 -0.13616665
vn 0.09721042 0.94226090 0.32045980
vn 0.09721042 0.94226090 0.32045980
vn 0.09721042 0.94226090 0.32045980
vn 0.09721042 0.94226090 0.32045980
vn 0.09778864 0.06824242 0.99286470
vn 0.09778864 0.99286470 -0.06824242
vn 0.09778864 0.99286470 -0.06824242
vn 0.09778864 0.99286470 -0.06824242
vn 0.09778864 0.99286470 -0.06824242
vn 0.09778864 0.99286470 -0.06824242
vn 0.09778864 0.99286470 -0.06824242
vn 0.09801714 -0.99518470 0.00000000
vn 0.09801714 0.99518470 0.00000000
vn 0.10324676 -0.96291727 0.24925971
vn 0.10324676 0.96291727 0.24925971
vn 0.10324676 0.96291727 0.24925971
vn 0.10525824 0.99068594 0.08638321
vn 0.11250475 0.56559956 -0.81696990
vn 0.11321843 0.99068594 0.07565014
vn 0.11564973 -0.38124606 -0.91721130
vn 0.11564973 -0.38124606 -0.91721130
vn 0.11564973 0.91721130 0.38124606
vn 0.11564973 0.91721130 0.38124606
vn 0.12008826 0.99068594 0.06418852
vn 0.12580158 0.99068594 0.05210872
vn 0.12580158 0.99068594 0.05210872
vn 0.12718132 -0.23793950 -0.96291727
vn 0.12718132 0.23793950 -0.96291727
vn 0.12718132 0.96291727 0.23793950
vn 0.12718132 0.96291727 0.23793950
vn 0.12815288 0.94226090 0.30938843
vn 0.12815288 0.94226090 0.30938843
vn 0.12907113 0.97908410 0.15727362
vn 0.12907113 0.97908410 0.15727362
vn 0.13030335 0.99068594 0.03952709
vn 0.13030335 0.99068594 0.03952709
vn 0.13315952 -0.73083600 0.66943806
vn 0.13315952 -0.66943806 -0.73083600
vn 0.13315952 -0.66943806 -0.73083600
vn 0.13315952 0.73083600 0.66943806
vn 0.13354982 -0.44025478 -0.88788520
vn 0.13354982 -0.44025478 -0.88788520
vn 0.13354982 0.88788520 0.44025478
vn 0.13355024 0.99068594 0.02656480
vn 0.13355024 0.99068594 0.02656480
vn 0.13551097 0.99068594 0.01334667
vn 0.13551097 0.99068594 0.01334667
vn 0.13616665 -0.99068594 -0.00000000
vn 0.13616665 -0.99068594 0.00000000
vn 0.13616665 -0.00000000 -0.99068594
vn 0.13616665 -0.00000000 -0.99068594
vn 0.13616665 0.00000000 -0.99068594
vn 0.13616665 0.00000000 -0.99068594
vn 0.13616665 0.00000000 0.99068594
vn 0.13616665 0.99068594 0.00000000
vn 0.13616665 0.99068594 0.00000000
vn 0.13616665 0.99068594 0.00000000
vn 0.14257902 -0.68255320 0.71679320
vn 0.14257902 0.68255320 0.71679320
vn 0.14386512 -0.97908410 0.14386512
vn 0.15133376 -0.76080620 -0.63108796
vn 0.15133376 -0.76080620 -0.63108796
vn 0.15133376 -0.76080620 -0.63108796
vn 0.15133376 -0.76080620 -0.63108796
vn 0.15133376 -0.63108796 0.76080620
vn 0.15133376 0.63108796 0.76080620
vn 0.15133376 0.76080620 -0.63108796
vn 0.15246150 -0.91721130 0.36807463
vn 0.15246150 0.91721130 0.36807463
vn 0.15246150 0.91721130 0.36807463
vn 0.15727362 -0.12907113 -0.97908410
vn 0.15727362 0.97908410 0.12907113
vn 0.15727362 0.97908410 0.12907113
vn 0.15786116 -0.94226090 0.29533744
vn 0.15938292 0.80127203 -0.57668030
vn 0.16668896 -0.83800197 -0.51958394
vn 0.16668896 -0.83800197 -0.51958394
vn 0.16668896 -0.83800197 -0.51958394
vn 0.16668896 -0.51958394 0.83800197
vn 0.16740146 -0.81696990 0.55184865
vn 0.16740146 0.55184865 -0.81696990
vn 0.16740146 0.81696990 0.55184865
vn 0.16916749 0.97908410 0.11303411
vn 0.16916749 0.97908410 0.11303411
vn 0.17115726 0.96291727 0.20855573
vn 0.17115726 0.96291727 0.20855573
vn 0.17321782 -0.46006504 0.87082475
vn 0.17321782 0.87082475 -0.46006504
vn 0.17605926 -0.88788520 0.42504470
vn 0.17605926 0.88788520 0.42504470
vn 0.17605926 0.88788520 0.42504470
vn 0.17605926 0.88788520 0.42504470
vn 0.17605926 0.88788520 0.42504470
vn 0.17893904 0.39840108 0.89958733
vn 0.17893904 0.39840108 0.89958733
vn 0.17943218 0.09590850 -0.97908410
vn 0.17943218 0.09590850 -0.97908410
vn 0.17943218 0.97908410 0.09590850
vn 0.17943218 0.97908410 0.09590850
vn 0.18319516 -0.60391350 -0.77571130
vn 0.18319516 -0.60391350 -0.77571130
vn 0.18319516 -0.60391350 -0.77571130
vn 0.18319516 -0.60391350 -0.77571130
vn 0.18319516 0.77571130 0.60391350
vn 0.18382598 -0.92415565 -0.33487960
vn 0.18382598 -0.33487960 0.92415565
vn 0.18382598 0.33487960 0.92415565
vn 0.18382598 0.33487960 0.92415565
vn 0.18382598 0.92415565 -0.33487960
vn 0.18382598 0.92415565 -0.33487960
vn 0.18780497 0.91721130 0.35135838
vn 0.18785584 0.94441510 -0.26979676
vn 0.18785584 0.94441510 -0.26979676
vn 0.18796885 0.97908410 0.07785924
vn 0.18796885 0.97908410 0.07785924
vn 0.19077513 0.19077513 -0.96291727
vn 0.19077513 0.19077513 -0.96291727
vn 0.19077513 0.19077513 -0.96291727
vn 0.19100983 -0.20345601 0.96027124
vn 0.19100983 -0.20345601 0.96027124
vn 0.19100983 -0.20345601 0.96027124
vn 0.19100983 0.96027124 -0.20345601
vn 0.19100983 0.96027124 -0.20345601
vn 0.19327325 -0.97165020 -0.13616665
vn 0.19327325 0.13616665 0.97165020
vn 0.19327325 0.13616665 0.97165020
vn 0.19463553 -0.06824242 0.97849880
vn 0.19463553 -0.06824242 0.97849880
vn 0.19509032 -0.98078525 0.00000000
vn 0.19509032 0.98078525 0.00000000
vn 0.19509032 0.98078525 0.00000000
vn 0.19813472 0.65316266 -0.73083600
vn 0.19813472 0.65316266 -0.73083600
vn 0.19813472 0.73083600 0.65316266
vn 0.19883616 -0.85441940 0.48003298
vn 0.19883616 0.48003298 -0.85441940
vn 0.19883616 0.48003298 -0.85441940
vn 0.19883616 0.48003298 -0.85441940
vn 0.19883616 0.85441940 0.48003298
vn 0.19883616 0.85441940 0.48003298
vn 0.20345601 0.00000000 0.97908410
vn 0.20345601 0.00000000 0.97908410
vn 0.20345601 0.00000000 -0.97908410
vn 0.20345601 0.00000000 -0.97908410
vn 0.20345601 0.97908410 0.00000000
vn 0.20345601 0.97908410 0.00000000
vn 0.20345601 0.97908410 0.00000000
vn 0.20345601 0.97908410 0.00000000
vn 0.20855573 0.96291727 0.17115726
vn 0.20855573 0.96291727 0.17115726
vn 0.21215048 -0.69936640 -0.68255320
vn 0.21215048 -0.69936640 -0.68255320
vn 0.21215048 0.69936640 -0.68255320
vn 0.21215048 0.69936640 -0.68255320
vn 0.21244538 -0.25886545 -0.94226090
vn 0.21244538 0.94226090 0.25886545
vn 0.21244538 0.94226090 0.25886545
vn 0.21244538 0.94226090 0.25886545
vn 0.21687315 0.88788520 0.40574113
vn 0.21687315 0.88788520 0.40574113
vn 0.22068600 0.53278315 -0.81696990
vn 0.22068600 0.81696990 0.53278315
vn 0.22133979 0.33125840 -0.91721130
vn 0.22133979 0.91721130 0.33125840
vn 0.22432782 0.96291727 0.14989105
vn 0.22517710 -0.63108796 0.74230945
vn 0.22517710 0.63108796 0.74230945
vn 0.22517710 0.74230945 -0.63108796
vn 0.22517710 0.74230945 -0.63108796
vn 0.23679565 0.23679565 -0.94226090
vn 0.23679565 0.23679565 -0.94226090
vn 0.23679565 0.23679565 -0.94226090
vn 0.23679565 0.94226090 0.23679565
vn 0.23679565 0.94226090 0.23679565
vn 0.23715384 0.57668030 0.78179145
vn 0.23715384 0.57668030 0.78179145
vn 0.23715384 0.78179145 -0.57668030
vn 0.23715384 0.78179145 -0.57668030
vn 0.23793950 0.96291727 0.12718132
vn 0.24150690 -0.77571130 0.58304924
vn 0.24150690 0.58304924 -0.77571130
vn 0.24493018 0.85441940 0.45823213
vn 0.24493018 0.85441940 0.45823213
vn 0.24493018 0.85441940 0.45823213
vn 0.24493018 0.85441940 0.45823213
vn 0.24802487 -0.81762840 -0.51958394
vn 0.24802487 -0.51958394 0.81762840
vn 0.24802487 0.51958394 0.81762840
vn 0.24802487 0.51958394 0.81762840
vn 0.24802487 0.51958394 0.81762840
vn 0.24802487 0.51958394 0.81762840
vn 0.24802487 0.81762840 -0.51958394
vn 0.24802487 0.81762840 -0.51958394
vn 0.24925971 0.96291727 0.10324676
vn 0.25274298 0.91721130 0.30796820
vn 0.25559843 -0.38253010 -0.88788520
vn 0.25559843 -0.38253010 -0.88788520
vn 0.25559843 0.88788520 0.38253010
vn 0.25773948 -0.84965320 -0.46006504
vn 0.25773948 -0.84965320 -0.46006504
vn 0.25773948 -0.46006504 0.84965320
vn 0.25773948 0.46006504 0.84965320
vn 0.25773948 0.46006504 0.84965320
vn 0.25773948 0.46006504 0.84965320
vn 0.25817943 -0.96291727 0.07831787
vn 0.25886545 -0.21244538 -0.94226090
vn 0.25886545 0.94226090 0.21244538
vn 0.25886545 0.94226090 0.21244538
vn 0.26120177 -0.63059690 -0.73083600
vn 0.26120177 -0.63059690 -0.73083600
vn 0.26120177 0.73083600 0.63059690
vn 0.26625240 0.39840108 0.87771650
vn 0.26625240 0.39840108 0.87771650
vn 0.26625240 0.87771650 -0.39840108
vn 0.26849762 0.96291727 0.02644471
vn 0.26979676 -0.96291727 -0.00000000
vn 0.26979676 -0.96291727 0.00000000
vn 0.26979676 -0.00000000 -0.96291727
vn 0.26979676 0.00000000 -0.96291727
vn 0.26979676 0.00000000 -0.96291727
vn 0.26979676 0.00000000 0.96291727
vn 0.26979676 0.00000000 0.96291727
vn 0.26979676 0.96291727 0.00000000
vn 0.26979676 0.96291727 0.00000000
vn 0.27184522 -0.50858665 -0.81696990
vn 0.27184522 -0.50858665 -0.81696990
vn 0.27352390 -0.33487960 0.90168750
vn 0.27352390 -0.33487960 0.90168750
vn 0.27352390 0.33487960 0.90168750
vn 0.27844223 0.94226090 0.18604915
vn 0.27844223 0.94226090 0.18604915
vn 0.27952012 -0.92145437 -0.26979676
vn 0.27952012 -0.26979676 0.92145437
vn 0.27952012 -0.26979676 0.92145437
vn 0.27952012 0.26979676 0.92145437
vn 0.27967882 0.67520440 -0.68255320
vn 0.28171210 -0.91721130 0.28171210
vn 0.28171210 0.28171210 -0.91721130
vn 0.28171210 0.28171210 -0.91721130
vn 0.28171210 0.91721130 0.28171210
vn 0.28421310 0.93692505 -0.20345601
vn 0.28758094 -0.94802730 -0.13616665
vn 0.28758094 0.13616665 0.94802730
vn 0.28758094 0.13616665 0.94802730
vn 0.28866538 -0.85441940 0.43201828
vn 0.28866538 -0.43201828 -0.85441940
vn 0.28866538 -0.43201828 -0.85441940
vn 0.28960794 0.06824242 0.95470950
vn 0.28960794 0.06824242 0.95470950
vn 0.28960794 0.95470950 -0.06824242
vn 0.28960794 0.95470950 -0.06824242
vn 0.29028466 -0.95694035 0.00000000
vn 0.29028466 0.95694035 0.00000000
vn 0.29533744 0.15786116 -0.94226090
vn 0.29533744 0.15786116 -0.94226090
vn 0.29533744 0.94226090 0.15786116
vn 0.29533744 0.94226090 0.15786116
vn 0.29685187 -0.71666380 -0.63108796
vn 0.29685187 -0.63108796 0.71666380
vn 0.29749280 -0.77571130 0.55656990
vn 0.29749280 0.55656990 -0.77571130
vn 0.29749280 0.77571130 0.55656990
vn 0.29749280 0.77571130 0.55656990
vn 0.30796820 0.91721130 0.25274298
vn 0.30938843 -0.12815288 -0.94226090
vn 0.31264085 0.57668030 0.75478180
vn 0.31264085 0.57668030 0.75478180
vn 0.31264085 0.75478180 -0.57668030
vn 0.31264085 0.75478180 -0.57668030
vn 0.32038640 0.81696990 0.47949216
vn 0.32038640 0.81696990 0.47949216
vn 0.32045980 0.94226090 0.09721042
vn 0.32175332 -0.73083600 0.60195816
vn 0.32175332 0.60195816 -0.73083600
vn 0.32531512 0.32531512 -0.88788520
vn 0.32531512 0.88788520 0.32531512
vn 0.32697216 -0.78938060 -0.51958394
vn 0.32697216 -0.78938060 -0.51958394
vn 0.32697216 0.51958394 0.78938060
vn 0.32697216 0.51958394 0.78938060
vn 0.32697216 0.78938060 -0.51958394
vn 0.32844500 0.94226090 0.06533177
vn 0.33125840 -0.91721130 0.22133979
vn 0.33326706 0.94226090 0.03282394
vn 0.33487960 -0.00000000 -0.94226090
vn 0.33487960 0.00000000 -0.94226090
vn 0.33487960 0.00000000 -0.94226090
vn 0.33487960 0.94226090 0.00000000
vn 0.33487960 0.94226090 0.00000000
vn 0.33487960 0.94226090 0.00000000
vn 0.33977896 -0.46006504 0.82029897
vn 0.33977896 -0.46006504 0.82029897
vn 0.34451368 -0.68255320 0.64453980
vn 0.34451368 0.64453980 -0.68255320
vn 0.34451368 0.68255320 0.64453980
vn 0.35100156 -0.84739274 -0.39840108
vn 0.35100156 -0.84739274 -0.39840108
vn 0.35100156 0.39840108 0.84739274
vn 0.35100156 0.39840108 0.84739274
vn 0.35100156 0.39840108 0.84739274
vn 0.35135838 0.91721130 0.18780497
vn 0.35135838 0.91721130 0.18780497
vn 0.35563508 0.88788520 0.29186216
vn 0.36058766 0.33487960 0.87053555
vn 0.36058766 0.87053555 -0.33487960
vn 0.36058766 0.87053555 -0.33487960
vn 0.36566776 -0.63108796 0.68411630
vn 0.36566776 0.63108796 0.68411630
vn 0.36566776 0.68411630 -0.63108796
vn 0.36566776 0.68411630 -0.63108796
vn 0.36584213 0.44577992 -0.81696990
vn 0.36584213 0.44577992 -0.81696990
vn 0.36740133 -0.36740133 -0.85441940
vn 0.36740133 0.85441940 0.36740133
vn 0.36807463 -0.91721130 0.15246150
vn 0.36807463 -0.15246150 -0.91721130
vn 0.36807463 0.91721130 0.15246150
vn 0.36807463 0.91721130 0.15246150
vn 0.36849248 -0.88961960 -0.26979676
vn 0.37467927 -0.20345601 0.90455574
vn 0.37911910 -0.91527444 -0.13616665
vn 0.37911910 0.13616665 0.91527444
vn 0.37911910 0.13616665 0.91527444
vn 0.37911910 0.91527444 -0.13616665
vn 0.37920620 0.56752217 -0.73083600
vn 0.38124606 0.91721130 0.11564973
vn 0.38179132 -0.06824242 0.92172575
vn 0.38253010 0.25559843 -0.88788520
vn 0.38253010 0.88788520 0.25559843
vn 0.38268343 -0.92387950 0.00000000
vn 0.38268343 0.00000000 0.92387950
vn 0.38268343 0.92387950 0.00000000
vn 0.38268343 0.92387950 0.00000000
vn 0.38268343 0.92387950 0.00000000
vn 0.38268343 0.92387950 0.00000000
vn 0.38511693 -0.72050310 -0.57668030
vn 0.38511693 0.57668030 0.72050310
vn 0.39648268 0.91721130 0.03905014
vn 0.39840108 -0.91721130 -0.00000000
vn 0.39840108 -0.91721130 0.00000000
vn 0.39840108 0.00000000 0.91721130
vn 0.40035796 -0.77571130 0.48783758
vn 0.40035796 0.77571130 0.48783758
vn 0.40035796 0.77571130 0.48783758
vn 0.40164380 -0.85441940 0.32962057
vn 0.40164380 0.85441940 0.32962057
vn 0.40277052 -0.75353060 -0.51958394
vn 0.40277052 -0.75353060 -0.51958394
vn 0.40277052 -0.51958394 0.75353060
vn 0.40277052 0.75353060 -0.51958394
vn 0.40574113 0.21687315 -0.88788520
vn 0.40574113 0.21687315 -0.88788520
vn 0.40574113 0.88788520 0.21687315
vn 0.40603070 0.68255320 0.60766790
vn 0.40777457 -0.40777457 -0.81696990
vn 0.40777457 0.40777457 -0.81696990
vn 0.40777457 0.40777457 -0.81696990
vn 0.40777457 0.81696990 0.40777457
vn 0.41854620 0.46006504 0.78304490
vn 0.41854620 0.46006504 0.78304490
vn 0.41854620 0.78304490 -0.46006504
vn 0.41854620 0.78304490 -0.46006504
vn 0.42504470 0.88788520 0.17605926
vn 0.42504470 0.88788520 0.17605926
vn 0.43096212 -0.64498040 -0.63108796
vn 0.43096212 0.63108796 0.64498040
vn 0.43096212 0.64498040 -0.63108796
vn 0.43096212 0.64498040 -0.63108796
vn 0.43201828 -0.28866538 -0.85441940
vn 0.43201828 0.28866538 -0.85441940
vn 0.43201828 0.85441940 0.28866538
vn 0.43237042 -0.80890816 -0.39840108
vn 0.43237042 -0.39840108 0.80890816
vn 0.43237042 -0.39840108 0.80890816
vn 0.43237042 0.39840108 0.80890816
vn 0.43237042 0.39840108 0.80890816
vn 0.43300712 -0.73083600 0.52762073
vn 0.43300712 -0.52762073 -0.73083600
vn 0.43300712 0.52762073 -0.73083600
vn 0.43300712 0.52762073 -0.73083600
vn 0.43300712 0.73083600 0.52762073
vn 0.43300712 0.73083600 0.52762073
vn 0.43300712 0.73083600 0.52762073
vn 0.43300712 0.73083600 0.52762073
vn 0.44025478 0.88788520 0.13354982
vn 0.44417873 -0.83100000 -0.33487960
vn 0.44417873 0.83100000 -0.33487960
vn 0.44417873 0.83100000 -0.33487960
vn 0.44577992 0.81696990 0.36584213
vn 0.44624656 0.77571130 0.44624656
vn 0.45122500 -0.08975424 -0.88788520
vn 0.45122500 0.88788520 0.08975424
vn 0.45388415 -0.57668030 0.67928565
vn 0.45388415 0.57668030 0.67928565
vn 0.45391607 0.84921724 -0.26979676
vn 0.45784970 0.88788520 0.04509426
vn 0.45823213 -0.24493018 -0.85441940
vn 0.45823213 -0.24493018 -0.85441940
vn 0.46006504 -0.00000000 -0.88788520
vn 0.46006504 0.00000000 -0.88788520
vn 0.46006504 0.00000000 -0.88788520
vn 0.46006504 0.00000000 -0.88788520
vn 0.46006504 0.00000000 -0.88788520
vn 0.46006504 0.88788520 0.00000000
vn 0.46006504 0.88788520 0.00000000
vn 0.46153703 -0.86347510 -0.20345601
vn 0.46153703 -0.20345601 0.86347510
vn 0.46153703 0.86347510 -0.20345601
vn 0.46363744 0.56494385 -0.68255320
vn 0.46363744 0.56494385 -0.68255320
vn 0.46700612 -0.87370700 -0.13616665
vn 0.46700612 0.13616665 0.87370700
vn 0.46700612 0.13616665 0.87370700
vn 0.46700612 0.13616665 0.87370700
vn 0.46700612 0.13616665 0.87370700
vn 0.46700612 0.13616665 0.87370700
vn 0.46700612 0.87370700 -0.13616665
vn 0.47029780 -0.06824242 0.87986530
vn 0.47139674 0.00000000 0.88192130
vn 0.47139674 0.00000000 0.88192130
vn 0.47139674 0.00000000 0.88192130
vn 0.47139674 0.00000000 0.88192130
vn 0.47139674 0.88192130 0.00000000
vn 0.47139674 0.88192130 0.00000000
vn 0.47949216 -0.81696990 0.32038640
vn 0.47949216 0.81696990 0.32038640
vn 0.48783758 -0.77571130 0.40035796
vn 0.48783758 -0.40035796 -0.77571130
vn 0.48783758 0.40035796 -0.77571130
vn 0.48783758 0.40035796 -0.77571130
vn 0.48783758 0.77571130 0.40035796
vn 0.49210602 -0.59963290 -0.63108796
vn 0.49210602 0.59963290 -0.63108796
vn 0.49210602 0.59963290 -0.63108796
vn 0.49210602 0.59963290 -0.63108796
vn 0.49210602 0.59963290 -0.63108796
vn 0.49328260 -0.73824960 -0.46006504
vn 0.49328260 -0.73824960 -0.46006504
vn 0.49328260 0.46006504 0.73824960
vn 0.49721083 0.15082726 -0.85441940
vn 0.49721083 0.15082726 -0.85441940
vn 0.49721083 0.85441940 0.15082726
vn 0.49721083 0.85441940 0.15082726
vn 0.50858665 0.81696990 0.27184522
vn 0.50957530 -0.76263330 -0.39840108
vn 0.50957530 -0.39840108 0.76263330
vn 0.50957530 -0.39840108 0.76263330
vn 0.50957530 0.76263330 -0.39840108
vn 0.50960030 -0.85441940 0.10136580
vn 0.50960030 -0.10136580 -0.85441940
vn 0.50960030 -0.10136580 -0.85441940
vn 0.51708204 0.05092813 -0.85441940
vn 0.51708204 0.85441940 0.05092813
vn 0.51828020 -0.57668030 0.63152630
vn 0.51828020 0.57668030 0.63152630
vn 0.51828020 0.63152630 -0.57668030
vn 0.51828020 0.63152630 -0.57668030
vn 0.51828020 0.63152630 -0.57668030
vn 0.51958394 -0.85441940 0.00000000
vn 0.51958394 -0.85441940 -0.00000000
vn 0.51958394 -0.85441940 0.00000000
vn 0.51958394 -0.00000000 -0.85441940
vn 0.51958394 0.00000000 -0.85441940
vn 0.51958394 0.85441940 0.00000000
vn 0.51958394 0.85441940 0.00000000
vn 0.51958394 0.85441940 0.00000000
vn 0.51958394 0.85441940 0.00000000
vn 0.52349210 0.33487960 0.78346133
vn 0.52349210 0.33487960 0.78346133
vn 0.52473044 -0.77571130 0.35061368
vn 0.52473044 -0.35061368 -0.77571130
vn 0.52473044 -0.35061368 -0.77571130
vn 0.52473044 0.77571130 0.35061368
vn 0.52762073 0.73083600 0.43300712
vn 0.52762073 0.73083600 0.43300712
vn 0.53278315 -0.81696990 0.22068600
vn 0.53278315 -0.22068600 -0.81696990
vn 0.53278315 -0.22068600 -0.81696990
vn 0.53496820 -0.80063650 -0.26979676
vn 0.53496820 -0.26979676 0.80063650
vn 0.53496820 0.26979676 0.80063650
vn 0.53496820 0.26979676 0.80063650
vn 0.54203790 0.51958394 0.66047513
vn 0.54394996 -0.81407870 -0.20345601
vn 0.54394996 0.81407870 -0.20345601
vn 0.54851073 -0.63108796 0.54851073
vn 0.54851073 -0.54851073 -0.63108796
vn 0.54851073 0.63108796 0.54851073
vn 0.54851073 0.63108796 0.54851073
vn 0.55039560 -0.82372530 -0.13616665
vn 0.55039560 0.13616665 0.82372530
vn 0.55039560 0.13616665 0.82372530
vn 0.55039560 0.82372530 -0.13616665
vn 0.55184865 0.81696990 0.16740146
vn 0.55184865 0.81696990 0.16740146
vn 0.55427510 0.82953125 -0.06824242
vn 0.55557024 -0.83146960 0.00000000
vn 0.55557024 0.00000000 0.83146960
vn 0.55557024 0.00000000 0.83146960
vn 0.55557024 0.83146960 0.00000000
vn 0.55656990 0.29749280 -0.77571130
vn 0.55656990 0.77571130 0.29749280
vn 0.56326840 -0.68634456 -0.46006504
vn 0.56326840 0.68634456 -0.46006504
vn 0.56326840 0.68634456 -0.46006504
vn 0.56494385 -0.68255320 0.46363744
vn 0.56494385 0.46363744 -0.68255320
vn 0.56494385 0.46363744 -0.68255320
vn 0.56559956 0.11250475 -0.81696990
vn 0.56559956 0.11250475 -0.81696990
vn 0.56559956 0.11250475 -0.81696990
vn 0.56559956 0.81696990 0.11250475
vn 0.56752217 0.37920620 -0.73083600
vn 0.56752217 0.73083600 0.37920620
vn 0.56752217 0.73083600 0.37920620
vn 0.57668030 -0.00000000 -0.81696990
vn 0.57668030 0.00000000 -0.81696990
vn 0.57668030 0.00000000 0.81696990
vn 0.57668030 0.00000000 0.81696990
vn 0.57668030 0.81696990 0.00000000
vn 0.57668030 0.81696990 0.00000000
vn 0.57768494 0.57668030 0.57768494
vn 0.57768494 0.57668030 0.57768494
vn 0.57768494 0.57768494 -0.57668030
vn 0.57768494 0.57768494 -0.57668030
vn 0.57768494 0.57768494 -0.57668030
vn 0.58187270 -0.39840108 0.70901394
vn 0.58187270 -0.39840108 0.70901394
vn 0.58187270 0.39840108 0.70901394
vn 0.58187270 0.70901394 -0.39840108
vn 0.58304924 -0.77571130 0.24150690
vn 0.58304924 -0.24150690 -0.77571130
vn 0.58304924 -0.24150690 -0.77571130
vn 0.59776400 0.72837750 -0.33487960
vn 0.59963290 -0.49210602 -0.63108796
vn 0.59963290 -0.49210602 -0.63108796
vn 0.59963290 0.49210602 -0.63108796
vn 0.60391350 -0.18319516 -0.77571130
vn 0.60391350 0.77571130 0.18319516
vn 0.60391350 0.77571130 0.18319516
vn 0.60416573 -0.60416573 -0.51958394
vn 0.60416573 -0.60416573 -0.51958394
vn 0.60416573 -0.51958394 0.60416573
vn 0.60766790 -0.40603070 -0.68255320
vn 0.60766790 -0.40603070 -0.68255320
vn 0.60766790 -0.40603070 -0.68255320
vn 0.60766790 -0.40603070 -0.68255320
vn 0.61086830 -0.74434510 -0.26979676
vn 0.61086830 -0.26979676 0.74434510
vn 0.61086830 -0.26979676 0.74434510
vn 0.61086830 0.26979676 0.74434510
vn 0.62112440 -0.75684226 -0.20345601
vn 0.62112440 0.75684226 -0.20345601
vn 0.62782970 -0.46006504 0.62782970
vn 0.62782970 0.62782970 -0.46006504
vn 0.62804910 -0.77571130 0.06185744
vn 0.62804910 -0.06185744 -0.77571130
vn 0.62848450 0.13616665 0.76581060
vn 0.62848450 0.13616665 0.76581060
vn 0.62848450 0.13616665 0.76581060
vn 0.62848450 0.13616665 0.76581060
vn 0.62848450 0.13616665 0.76581060
vn 0.62848450 0.76581060 -0.13616665
vn 0.63059690 -0.73083600 0.26120177
vn 0.63059690 0.73083600 0.26120177
vn 0.63059690 0.73083600 0.26120177
vn 0.63108796 -0.77571130 -0.00000000
vn 0.63108796 -0.77571130 0.00000000
vn 0.63108796 0.00000000 0.77571130
vn 0.63108796 0.00000000 -0.77571130
vn 0.63108796 0.00000000 -0.77571130
vn 0.63108796 0.00000000 0.77571130
vn 0.63108796 0.00000000 0.77571130
vn 0.63108796 0.00000000 0.77571130
vn 0.63108796 0.00000000 0.77571130
vn 0.63108796 0.00000000 0.77571130
vn 0.63108796 0.77571130 0.00000000
vn 0.63108796 0.77571130 0.00000000
vn 0.63152630 0.57668030 0.51828020
vn 0.63152630 0.57668030 0.51828020
vn 0.63291436 -0.77120840 -0.06824242
vn 0.63291436 -0.06824242 0.77120840
vn 0.63291436 -0.06824242 0.77120840
vn 0.63291436 -0.06824242 0.77120840
vn 0.63291436 0.77120840 -0.06824242
vn 0.63439330 -0.77301043 0.00000000
vn 0.63439330 0.00000000 0.77301043
vn 0.63439330 0.00000000 0.77301043
vn 0.64453980 0.34451368 -0.68255320
vn 0.64453980 0.68255320 0.34451368
vn 0.64453980 0.68255320 0.34451368
vn 0.64498040 0.43096212 -0.63108796
vn 0.64498040 0.63108796 0.43096212
vn 0.64498040 0.63108796 0.43096212
vn 0.64856630 -0.64856630 -0.39840108
vn 0.64856630 -0.39840108 0.64856630
vn 0.64856630 -0.39840108 0.64856630
vn 0.64856630 0.64856630 -0.39840108
vn 0.65316266 -0.73083600 0.19813472
vn 0.65316266 0.19813472 -0.73083600
vn 0.65316266 0.19813472 -0.73083600
vn 0.66047513 -0.51958394 0.54203790
vn 0.66047513 0.51958394 0.54203790
vn 0.66627910 0.33487960 0.66627910
vn 0.66627910 0.66627910 -0.33487960
vn 0.66943806 -0.73083600 0.13315952
vn 0.66943806 0.13315952 -0.73083600
vn 0.66943806 0.73083600 0.13315952
vn 0.67520440 -0.68255320 0.27967882
vn 0.67520440 -0.27967882 -0.68255320
vn 0.67926645 -0.06690191 -0.73083600
vn 0.67926645 0.73083600 0.06690191
vn 0.67928565 -0.57668030 0.45388415
vn 0.67928565 0.57668030 0.45388415
vn 0.67928565 0.57668030 0.45388415
vn 0.68088530 -0.68088530 -0.26979676
vn 0.68088530 0.26979676 0.68088530
vn 0.68088530 0.68088530 -0.26979676
vn 0.68255320 -0.73083600 -0.00000000
vn 0.68255320 -0.73083600 0.00000000
vn 0.68255320 -0.00000000 -0.73083600
vn 0.68255320 0.00000000 -0.73083600
vn 0.68255320 0.00000000 -0.73083600
vn 0.68255320 0.00000000 -0.73083600
vn 0.68255320 0.00000000 0.73083600
vn 0.68255320 0.00000000 0.73083600
vn 0.68255320 0.73083600 0.00000000
vn 0.68255320 0.73083600 0.00000000
vn 0.68255320 0.73083600 0.00000000
vn 0.68411630 -0.36566776 -0.63108796
vn 0.68411630 -0.36566776 -0.63108796
vn 0.68411630 0.63108796 0.36566776
vn 0.68634456 0.46006504 0.56326840
vn 0.69936640 0.21215048 -0.68255320
vn 0.69936640 0.21215048 -0.68255320
vn 0.69936640 0.21215048 -0.68255320
vn 0.70052075 -0.70052075 -0.13616665
vn 0.70052075 -0.13616665 0.70052075
vn 0.70052075 -0.13616665 0.70052075
vn 0.70052075 0.13616665 0.70052075
vn 0.70052075 0.13616665 0.70052075
vn 0.70052075 0.13616665 0.70052075
vn 0.70052075 0.70052075 -0.13616665
vn 0.70545834 0.70545834 -0.06824242
vn 0.70710677 0.00000000 0.70710677
vn 0.70710677 0.70710677 0.00000000
vn 0.70901394 -0.58187270 -0.39840108
vn 0.70901394 0.39840108 0.58187270
vn 0.70901394 0.58187270 -0.39840108
vn 0.71042377 -0.51958394 0.47469000
vn 0.71042377 -0.47469000 -0.51958394
vn 0.71042377 -0.47469000 -0.51958394
vn 0.71042377 -0.47469000 -0.51958394
vn 0.71042377 -0.47469000 -0.51958394
vn 0.71042377 0.51958394 0.47469000
vn 0.71666380 0.63108796 0.29685187
vn 0.71679320 -0.14257902 -0.68255320
vn 0.72050310 -0.38511693 -0.57668030
vn 0.72050310 0.57668030 0.38511693
vn 0.72731680 -0.07163445 -0.68255320
vn 0.72731680 0.68255320 0.07163445
vn 0.72837750 -0.33487960 0.59776400
vn 0.72837750 -0.33487960 0.59776400
vn 0.72837750 -0.33487960 0.59776400
vn 0.72837750 0.33487960 0.59776400
vn 0.72837750 0.59776400 -0.33487960
vn 0.73083600 0.00000000 0.68255320
vn 0.73083600 0.68255320 0.00000000
vn 0.73824960 -0.49328260 -0.46006504
vn 0.73824960 -0.49328260 -0.46006504
vn 0.73824960 0.46006504 0.49328260
vn 0.73824960 0.49328260 -0.46006504
vn 0.73824960 0.49328260 -0.46006504
vn 0.73824960 0.49328260 -0.46006504
vn 0.74230945 0.22517710 -0.63108796
vn 0.74230945 0.63108796 0.22517710
vn 0.74230945 0.63108796 0.22517710
vn 0.74434510 -0.61086830 -0.26979676
vn 0.74434510 -0.26979676 0.61086830
vn 0.74434510 -0.26979676 0.61086830
vn 0.74434510 -0.26979676 0.61086830
vn 0.74434510 -0.26979676 0.61086830
vn 0.75353060 0.51958394 0.40277052
vn 0.75478180 -0.57668030 0.31264085
vn 0.75478180 -0.57668030 0.31264085
vn 0.75478180 0.31264085 -0.57668030
vn 0.75478180 0.31264085 -0.57668030
vn 0.75478180 0.57668030 0.31264085
vn 0.75684226 -0.20345601 0.62112440
vn 0.75684226 -0.20345601 0.62112440
vn 0.75684226 -0.20345601 0.62112440
vn 0.75684226 0.20345601 0.62112440
vn 0.75684226 0.20345601 0.62112440
vn 0.75684226 0.20345601 0.62112440
vn 0.75684226 0.20345601 0.62112440
vn 0.75684226 0.62112440 -0.20345601
vn 0.76080620 -0.63108796 0.15133376
vn 0.76080620 0.63108796 0.15133376
vn 0.76263330 -0.50957530 -0.39840108
vn 0.76263330 -0.50957530 -0.39840108
vn 0.76263330 -0.50957530 -0.39840108
vn 0.76263330 -0.39840108 0.50957530
vn 0.76263330 -0.39840108 0.50957530
vn 0.76263330 -0.39840108 0.50957530
vn 0.76263330 0.39840108 0.50957530
vn 0.76263330 0.50957530 -0.39840108
vn 0.77120840 -0.63291436 -0.06824242
vn 0.77120840 -0.06824242 0.63291436
vn 0.77197605 -0.07603300 -0.63108796
vn 0.77197605 0.63108796 0.07603300
vn 0.77301043 -0.63439330 0.00000000
vn 0.77301043 0.00000000 0.63439330
vn 0.77301043 0.00000000 0.63439330
vn 0.77301043 0.63439330 0.00000000
vn 0.77571130 -0.00000000 -0.63108796
vn 0.77571130 0.00000000 -0.63108796
vn 0.77571130 0.00000000 0.63108796
vn 0.77571130 0.00000000 -0.63108796
vn 0.77571130 0.00000000 -0.63108796
vn 0.77571130 0.00000000 0.63108796
vn 0.77571130 0.63108796 0.00000000
vn 0.77571130 0.63108796 0.00000000
vn 0.78179145 -0.57668030 0.23715384
vn 0.78179145 -0.57668030 0.23715384
vn 0.78179145 0.23715384 -0.57668030
vn 0.78179145 0.23715384 -0.57668030
vn 0.78179145 0.57668030 0.23715384
vn 0.78179145 0.57668030 0.23715384
vn 0.78304490 -0.41854620 -0.46006504
vn 0.78304490 -0.41854620 -0.46006504
vn 0.78304490 0.46006504 0.41854620
vn 0.78346133 0.33487960 0.52349210
vn 0.78346133 0.33487960 0.52349210
vn 0.78938060 -0.51958394 0.32697216
vn 0.78938060 -0.51958394 0.32697216
vn 0.78938060 -0.32697216 -0.51958394
vn 0.78938060 0.51958394 0.32697216
vn 0.80063650 -0.53496820 -0.26979676
vn 0.80063650 -0.53496820 -0.26979676
vn 0.80063650 0.26979676 0.53496820
vn 0.80063650 0.26979676 0.53496820
vn 0.80063650 0.26979676 0.53496820
vn 0.80063650 0.53496820 -0.26979676
vn 0.80063650 0.53496820 -0.26979676
vn 0.80127203 -0.57668030 0.15938292
vn 0.80127203 -0.57668030 0.15938292
vn 0.80127203 0.15938292 -0.57668030
vn 0.80127203 0.15938292 -0.57668030
vn 0.80890816 0.43237042 -0.39840108
vn 0.80890816 0.43237042 -0.39840108
vn 0.80890816 0.43237042 -0.39840108
vn 0.80890816 0.43237042 -0.39840108
vn 0.81303596 -0.57668030 0.08007705
vn 0.81303596 -0.57668030 0.08007705
vn 0.81303596 -0.08007705 -0.57668030
vn 0.81303596 0.08007705 -0.57668030
vn 0.81303596 0.57668030 0.08007705
vn 0.81696990 -0.57668030 -0.00000000
vn 0.81696990 -0.57668030 -0.00000000
vn 0.81696990 -0.57668030 0.00000000
vn 0.81696990 -0.57668030 0.00000000
vn 0.81696990 -0.00000000 -0.57668030
vn 0.81696990 0.00000000 -0.57668030
vn 0.81696990 0.00000000 0.57668030
vn 0.81696990 0.00000000 -0.57668030
vn 0.81696990 0.00000000 -0.57668030
vn 0.81696990 0.00000000 0.57668030
vn 0.81696990 0.57668030 0.00000000
vn 0.81696990 0.57668030 0.00000000
vn 0.81762840 -0.51958394 0.24802487
vn 0.81762840 0.24802487 -0.51958394
vn 0.81762840 0.24802487 -0.51958394
vn 0.81762840 0.24802487 -0.51958394
vn 0.81762840 0.24802487 -0.51958394
vn 0.82029897 -0.46006504 0.33977896
vn 0.82029897 -0.46006504 0.33977896
vn 0.82029897 0.33977896 -0.46006504
vn 0.82029897 0.33977896 -0.46006504
vn 0.82372530 -0.55039560 -0.13616665
vn 0.82372530 -0.55039560 -0.13616665
vn 0.82372530 -0.55039560 -0.13616665
vn 0.82372530 0.13616665 0.55039560
vn 0.82372530 0.13616665 0.55039560
vn 0.82953125 0.55427510 -0.06824242
vn 0.83100000 0.33487960 0.44417873
vn 0.83100000 0.44417873 -0.33487960
vn 0.83100000 0.44417873 -0.33487960
vn 0.83146960 -0.55557024 0.00000000
vn 0.83146960 -0.55557024 0.00000000
vn 0.83146960 -0.55557024 0.00000000
vn 0.83146960 0.00000000 0.55557024
vn 0.83146960 0.00000000 0.55557024
vn 0.83146960 0.00000000 0.55557024
vn 0.83146960 0.55557024 0.00000000
vn 0.83800197 -0.51958394 0.16668896
vn 0.83800197 -0.16668896 -0.51958394
vn 0.83800197 0.51958394 0.16668896
vn 0.83800197 0.51958394 0.16668896
vn 0.83800197 0.51958394 0.16668896
vn 0.84739274 -0.39840108 0.35100156
vn 0.84739274 0.39840108 0.35100156
vn 0.84921724 -0.45391607 -0.26979676
vn 0.84921724 -0.26979676 0.45391607
vn 0.84921724 0.26979676 0.45391607
vn 0.84921724 0.26979676 0.45391607
vn 0.84921724 0.26979676 0.45391607
vn 0.84965320 0.46006504 0.25773948
vn 0.84965320 0.46006504 0.25773948
vn 0.84965320 0.46006504 0.25773948
vn 0.85030514 -0.51958394 0.08374774
vn 0.85441940 -0.51958394 -0.00000000
vn 0.85441940 -0.51958394 0.00000000
vn 0.85441940 -0.00000000 -0.51958394
vn 0.85441940 0.00000000 -0.51958394
vn 0.85441940 0.00000000 0.51958394
vn 0.85441940 0.00000000 0.51958394
vn 0.85441940 0.00000000 0.51958394
vn 0.85441940 0.51958394 0.00000000
vn 0.85441940 0.51958394 0.00000000
vn 0.85441940 0.51958394 0.00000000
vn 0.85441940 0.51958394 0.00000000
vn 0.85441940 0.51958394 0.00000000
vn 0.86347510 -0.46153703 -0.20345601
vn 0.86347510 -0.46153703 -0.20345601
vn 0.86347510 -0.20345601 0.46153703
vn 0.86347510 0.46153703 -0.20345601
vn 0.86347510 0.46153703 -0.20345601
vn 0.87053555 -0.36058766 -0.33487960
vn 0.87053555 -0.36058766 -0.33487960
vn 0.87053555 0.33487960 0.36058766
vn 0.87053555 0.36058766 -0.33487960
vn 0.87053555 0.36058766 -0.33487960
vn 0.87082475 -0.46006504 0.17321782
vn 0.87082475 -0.46006504 0.17321782
vn 0.87082475 0.17321782 -0.46006504
vn 0.87082475 0.17321782 -0.46006504
vn 0.87370700 0.46700612 -0.13616665
vn 0.87370700 0.46700612 -0.13616665
vn 0.87370700 0.46700612 -0.13616665
vn 0.87771650 -0.39840108 0.26625240
vn 0.87771650 -0.39840108 0.26625240
vn 0.87771650 -0.26625240 -0.39840108
vn 0.87986530 -0.06824242 0.47029780
vn 0.87986530 -0.06824242 0.47029780
vn 0.87986530 0.06824242 0.47029780
vn 0.87986530 0.06824242 0.47029780
vn 0.87986530 0.06824242 0.47029780
vn 0.88192130 -0.47139674 0.00000000
vn 0.88192130 0.00000000 0.47139674
vn 0.88192130 0.47139674 0.00000000
vn 0.88192130 0.47139674 0.00000000
vn 0.88192130 0.47139674 0.00000000
vn 0.88360983 -0.46006504 0.08702797
vn 0.88360983 0.46006504 0.08702797
vn 0.88360983 0.46006504 0.08702797
vn 0.88360983 0.46006504 0.08702797
vn 0.88788520 -0.46006504 -0.00000000
vn 0.88788520 -0.46006504 0.00000000
vn 0.88788520 -0.00000000 -0.46006504
vn 0.88788520 0.00000000 -0.46006504
vn 0.88788520 0.00000000 0.46006504
vn 0.88788520 0.00000000 0.46006504
vn 0.88788520 0.00000000 0.46006504
vn 0.88788520 0.00000000 0.46006504
vn 0.88788520 0.46006504 0.00000000
vn 0.88788520 0.46006504 0.00000000
vn 0.88788520 0.46006504 0.00000000
vn 0.88788520 0.46006504 0.00000000
vn 0.88961960 -0.36849248 -0.26979676
vn 0.88961960 0.26979676 0.36849248
vn 0.88961960 0.26979676 0.36849248
vn 0.90168750 -0.27352390 -0.33487960
vn 0.90168750 -0.27352390 -0.33487960
vn 0.90168750 0.33487960 0.27352390
vn 0.90168750 0.33487960 0.27352390
vn 0.90455574 -0.37467927 -0.20345601
vn 0.90455574 0.20345601 0.37467927
vn 0.90455574 0.20345601 0.37467927
vn 0.90455574 0.37467927 -0.20345601
vn 0.91279465 -0.39840108 0.08990243
vn 0.91279465 -0.39840108 0.08990243
vn 0.91527444 -0.13616665 0.37911910
vn 0.91527444 -0.13616665 0.37911910
vn 0.91721130 -0.39840108 -0.00000000
vn 0.91721130 -0.39840108 0.00000000
vn 0.91721130 0.00000000 -0.39840108
vn 0.91721130 0.00000000 0.39840108
vn 0.91721130 0.00000000 0.39840108
vn 0.91721130 0.39840108 0.00000000
vn 0.91721130 0.39840108 0.00000000
vn 0.91721130 0.39840108 0.00000000
vn 0.91721130 0.39840108 0.00000000
vn 0.92145437 -0.27952012 -0.26979676
vn 0.92145437 -0.27952012 -0.26979676
vn 0.92145437 -0.26979676 0.27952012
vn 0.92145437 -0.26979676 0.27952012
vn 0.92145437 0.26979676 0.27952012
vn 0.92145437 0.26979676 0.27952012
vn 0.92145437 0.26979676 0.27952012
vn 0.92145437 0.26979676 0.27952012
vn 0.92145437 0.27952012 -0.26979676
vn 0.92145437 0.27952012 -0.26979676
vn 0.92172575 -0.38179132 -0.06824242
vn 0.92387950 -0.38268343 0.00000000
vn 0.92387950 0.00000000 0.38268343
vn 0.92415565 -0.18382598 -0.33487960
vn 0.92415565 0.18382598 -0.33487960
vn 0.93692505 -0.20345601 0.28421310
vn 0.93692505 -0.20345601 0.28421310
vn 0.93692505 -0.20345601 0.28421310
vn 0.93692505 -0.20345601 0.28421310
vn 0.93772370 -0.09235772 -0.33487960
vn 0.93772370 0.33487960 0.09235772
vn 0.93772370 0.33487960 0.09235772
vn 0.94226090 -0.33487960 -0.00000000
vn 0.94226090 -0.33487960 0.00000000
vn 0.94226090 -0.00000000 -0.33487960
vn 0.94226090 0.00000000 -0.33487960
vn 0.94226090 0.00000000 0.33487960
vn 0.94226090 0.00000000 0.33487960
vn 0.94226090 0.00000000 -0.33487960
vn 0.94226090 0.00000000 0.33487960
vn 0.94226090 0.33487960 0.00000000
vn 0.94226090 0.33487960 0.00000000
vn 0.94441510 0.18785584 -0.26979676
vn 0.94441510 0.18785584 -0.26979676
vn 0.94441510 0.26979676 0.18785584
vn 0.94802730 0.13616665 0.28758094
vn 0.94802730 0.13616665 0.28758094
vn 0.94802730 0.28758094 -0.13616665
vn 0.94802730 0.28758094 -0.13616665
vn 0.94802730 0.28758094 -0.13616665
vn 0.95470950 0.06824242 0.28960794
vn 0.95470950 0.28960794 -0.06824242
vn 0.95470950 0.28960794 -0.06824242
vn 0.95694035 0.29028466 0.00000000
vn 0.95694035 0.29028466 0.00000000
vn 0.95694035 0.29028466 0.00000000
vn 0.95694035 0.29028466 0.00000000
vn 0.95828056 0.09438240 -0.26979676
vn 0.95828056 0.09438240 -0.26979676
vn 0.95828056 0.26979676 0.09438240
vn 0.96027124 -0.20345601 0.19100983
vn 0.96027124 -0.20345601 0.19100983
vn 0.96027124 0.20345601 0.19100983
vn 0.96027124 0.20345601 0.19100983
vn 0.96291727 -0.26979676 -0.00000000
vn 0.96291727 -0.26979676 -0.00000000
vn 0.96291727 -0.26979676 0.00000000
vn 0.96291727 -0.00000000 -0.26979676
vn 0.96291727 0.00000000 -0.26979676
vn 0.96291727 0.00000000 -0.26979676
vn 0.96291727 0.00000000 -0.26979676
vn 0.96291727 0.26979676 0.00000000
vn 0.96291727 0.26979676 0.00000000
vn 0.97165020 -0.19327325 -0.13616665
vn 0.97436950 -0.09596702 -0.20345601
vn 0.97436950 -0.09596702 -0.20345601
vn 0.97436950 -0.09596702 -0.20345601
vn 0.97849880 -0.19463553 -0.06824242
vn 0.97908410 -0.20345601 -0.00000000
vn 0.97908410 -0.20345601 -0.00000000
vn 0.97908410 -0.20345601 0.00000000
vn 0.97908410 -0.00000000 -0.20345601
vn 0.97908410 -0.00000000 -0.20345601
vn 0.97908410 -0.00000000 -0.20345601
vn 0.97908410 0.00000000 -0.20345601
vn 0.97908410 0.00000000 -0.20345601
vn 0.97908410 0.00000000 0.20345601
vn 0.97908410 0.00000000 0.20345601
vn 0.97908410 0.00000000 0.20345601
vn 0.97908410 0.20345601 0.00000000
vn 0.97908410 0.20345601 0.00000000
vn 0.98078525 -0.19509032 0.00000000
vn 0.98078525 0.00000000 0.19509032
vn 0.98078525 0.00000000 0.19509032
vn 0.98078525 0.00000000 0.19509032
vn 0.98591554 -0.13616665 0.09710421
vn 0.98591554 -0.13616665 0.09710421
vn 0.98591554 -0.09710421 -0.13616665
vn 0.98591554 -0.09710421 -0.13616665
vn 0.98591554 -0.09710421 -0.13616665
vn 0.98591554 -0.09710421 -0.13616665
vn 0.98591554 0.13616665 0.09710421
vn 0.98591554 0.13616665 0.09710421
vn 0.98591554 0.13616665 0.09710421
vn 0.98591554 0.13616665 0.09710421
vn 0.99068594 -0.13616665 0.00000000
vn 0.99068594 -0.00000000 -0.13616665
vn 0.99068594 -0.00000000 -0.13616665
vn 0.99068594 0.00000000 -0.13616665
vn 0.99068594 0.00000000 -0.13616665
vn 0.99068594 0.00000000 0.13616665
vn 0.99068594 0.00000000 0.13616665
vn 0.99068594 0.00000000 0.13616665
vn 0.99068594 0.00000000 0.13616665
vn 0.99068594 0.13616665 0.00000000
vn 0.99068594 0.13616665 0.00000000
vn 0.99068594 0.13616665 0.00000000
vn 0.99068594 0.13616665 0.00000000
vn 0.99286470 -0.09778864 -0.06824242
vn 0.99286470 -0.09778864 -0.06824242
vn 0.99286470 0.09778864 -0.06824242
vn 0.99518470 -0.09801714 0.00000000
vn 0.99518470 0.09801714 0.00000000
vn 0.99766874 -0.06824242 -0.00000000
vn 0.99766874 -0.06824242 0.00000000
vn 0.99766874 -0.00000000 -0.06824242
vn 0.99766874 -0.00000000 -0.06824242
vn 0.99766874 0.00000000 -0.06824242
vn 0.99766874 0.06824242 0.00000000
vn 0.99766874 0.06824242 0.00000000
vn 0.99766874 0.06824242 0.00000000
vn 1.00000000 -0.00000000 0.00000000
vn 1.00000000 0.00000000 0.00000000
vn 1.00000000 0.00000000 0.00000000
vn 1.00000000 0.00000000 0.00000000
vn 1.00000000 0.00000000 -0.00000000
vn 1.00000000 0.00000000 0.00000000
vn 1.00000000 0.00000000 0.00000000
vn 1.00000000 0.00000000 0.00000000
vn 1.00000000 0.00000000 0.00000000
vn 1.00000000 0.00000000 0.00000000
vn 1.00000000 0.00000000 0.00000000
vn 1.00000000 0.00000000 0.00000000
vn 1.00000000 0.00000000 -0.00000000
vn 1.00000000 0.00000000 0.00000000
vn 1.00000000 0.00000000 0.00000000
vn 1.00000000 0.00000000 0.00000000
vt 0.16054906 0.45663488
vt 0.16054906 0.45663488
vt 0.16054906 0.45663488
vt 0.16054906 0.45663488
vt 0.16056901 0.51705310
vt 0.16056901 0.51705310
vt 0.16056901 0.51705310
vt 0.16056901 0.51705310
vt 0.44040918 0.45655274
vt 0.44040918 0.45655274
vt 0.44040918 0.45655274
vt 0.44042640 0.51697403
vt 0.44042640 0.51697403
vt 0.16054101 0.45618420
vt 0.16054101 0.45618420
vt 0.16056064 0.51749450
vt 0.44040918 0.45609683
vt 0.44040918 0.45609683
vt 0.15990561 0.45663488
vt 0.44106153 0.45655078
vt 0.15968323 0.51706517
vt 0.15968323 0.51706517
vt 0.44042483 0.51788770
vt 0.44133708 0.51697755
vt 0.44133708 0.51697755
vt 0.15968703 0.51769020
vt 0.15990148 0.45573890
vt 0.44105580 0.45563722
vt 0.15926504 0.45663154
vt 0.15925124 0.51707864
vt 0.15925124 0.51707864
vt 0.16052614 0.45528132
vt 0.16052614 0.45528132
vt 0.44040948 0.45518422
vt 0.44040948 0.45518422
vt 0.44088072 0.51828840
vt 0.44179347 0.51762940
vt 0.15927054 0.45573837
vt 0.15967715 0.51831320
vt 0.44170687 0.45562702
vt 0.16053715 0.51883316
vt 0.15924716 0.51830345
vt 0.22889610 0.25792783
vt 0.44169933 0.45516157
vt 0.22944812 0.32093227
vt 0.44180584 0.51828660
vt 0.15882234 0.51769227
vt 0.15989567 0.45484030
vt 0.44104102 0.45471920
vt 0.15862475 0.45662457
vt 0.44042316 0.51894770
vt 0.22952223 0.25949818
vt 0.44237033 0.45654446
vt 0.44087893 0.51894844
vt 0.15863898 0.45573120
vt 0.15965983 0.51893530
vt 0.22956082 0.25851250
vt 0.44236073 0.45561880
vt 0.15927736 0.45484180
vt 0.15837598 0.51710250
vt 0.15837598 0.51710250
vt 0.16050227 0.45437264
vt 0.16050227 0.45437264
vt 0.44041026 0.45426762
vt 0.44041026 0.45426762
vt 0.22987223 0.25951433
vt 0.44268373 0.45654440
vt 0.23024406 0.31952608
vt 0.44270405 0.51698210
vt 0.23024406 0.31952608
vt 0.44270405 0.51698210
vt 0.23028654 0.32016546
vt 0.44271275 0.51761200
vt 0.22960356 0.25801098
vt 0.15838332 0.51828360
vt 0.22903967 0.25692266
vt 0.44165134 0.45422775
vt 0.15798348 0.45661384
vt 0.16050299 0.51960945
vt 0.44042107 0.51960600
vt 0.23023169 0.25951773
vt 0.23023696 0.25903487
vt 0.15865740 0.45483320
vt 0.23001675 0.32149910
vt 0.44226936 0.51895380
vt 0.22965907 0.25751490
vt 0.23070449 0.31951153
vt 0.23070449 0.31951153
vt 0.15800546 0.45571774
vt 0.44133600 0.51961136
vt 0.15988867 0.45393145
vt 0.44101190 0.45379847
vt 0.15919580 0.51953053
vt 0.44179922 0.51961510
vt 0.23028700 0.25806970
vt 0.15836250 0.51887430
vt 0.22972050 0.25701880
vt 0.15928794 0.45393200
vt 0.15803432 0.45481580
vt 0.23016119 0.32213187
vt 0.44227105 0.51962190
vt 0.15749810 0.51713735
vt 0.15749810 0.51713735
vt 0.16047200 0.45345570
vt 0.16047200 0.45345570
vt 0.44041187 0.45335020
vt 0.44041187 0.45335020
vt 0.44041920 0.52017915
vt 0.15751400 0.51769710
vt 0.15734060 0.45659965
vt 0.16046607 0.52024700
vt 0.23090704 0.25905310
vt 0.15868334 0.45391910
vt 0.22979411 0.25651640
vt 0.44221857 0.45370060
vt 0.23092577 0.32131708
vt 0.15736869 0.45569885
vt 0.15959145 0.52018650
vt 0.44132900 0.52026796
vt 0.23092632 0.25858647
vt 0.15832564 0.51946807
vt 0.23038198 0.25710464
vt 0.58766234 0.02086675
vt 0.23161495 0.31948626
vt 0.23161495 0.31948626
vt 0.15988551 0.45300620
vt 0.44097346 0.45287860
vt 0.15748622 0.51882270
vt 0.22989337 0.25601596
vt 0.44216067 0.45323830
vt 0.23136714 0.32122660
vt 0.15740685 0.45479083
vt 0.44225582 0.52028170
vt 0.23099387 0.25764490
vt 0.15807365 0.45389545
vt 0.15706920 0.51824410
vt 0.15930821 0.45299906
vt 0.22938740 0.25530714
vt 0.44153595 0.45283705
vt 0.15669459 0.45658267
vt 0.15827260 0.52006495
vt 0.23078017 0.32263213
vt 0.44272783 0.52029854
vt 0.23103726 0.25717115
vt 0.58928573 0.02006423
vt 0.15672710 0.45567513
vt 0.15954499 0.52081850
vt 0.44132534 0.52092270
vt 0.23150055 0.32178950
vt 0.15872298 0.45297520
vt 0.16044200 0.45252663
vt 0.16044200 0.45252663
vt 0.16041788 0.52105796
vt 0.44041420 0.45243222
vt 0.44041420 0.45243222
vt 0.23206936 0.31947600
vt 0.23206936 0.31947600
vt 0.15909946 0.52077645
vt 0.44178182 0.52092610
vt 0.23160759 0.25815827
vt 0.15662621 0.51769850
vt 0.23209950 0.32000196
vt 0.15745841 0.45386243
vt 0.15783064 0.52001480
vt 0.23215978 0.32052530
vt 0.15677382 0.45475888
vt 0.15700182 0.51934254
vt 0.15812874 0.45294172
vt 0.23060331 0.25562614
vt 0.44266048 0.45268726
vt 0.23167858 0.25723368
vt 0.58766280 0.01926166
vt 0.23115185 0.25621164
vt 0.23225690 0.32104224
vt 0.15615486 0.51719190
vt 0.15615486 0.51719190
vt 0.44041860 0.52155006
vt 0.23252116 0.31946850
vt 0.23252116 0.31946850
vt 0.23219562 0.25953686
vt 0.15989532 0.45206034
vt 0.15994301 0.52150370
vt 0.44087034 0.52157670
vt 0.15608050 0.45564967
vt 0.23222247 0.25863945
vt 0.15683694 0.45382040
vt 0.15775506 0.52061105
vt 0.23143274 0.32307590
vt 0.44317776 0.52095103
vt 0.44317776 0.52095103
vt 0.77110390 0.01765650
vt 0.23172683 0.25676048
vt 0.15935075 0.45203274
vt 0.00356406 0.80577850
vt 0.22970001 0.25433445
vt 0.44143200 0.45191622
vt 0.23260312 0.32046026
vt 0.44177762 0.52157500
vt 0.23224767 0.25819367
vt 0.15655270 0.51928824
vt 0.23237942 0.32155252
vt 0.15693322 0.51989660
vt 0.15752797 0.45289922
vt 0.23210052 0.32220262
vt 0.15613413 0.45472080
vt 0.15858103 0.52135660
vt 0.23227008 0.25773870
vt 0.15614864 0.51871705
vt 0.15879150 0.45197785
vt 0.28443125 0.80577850
vt 0.23269287 0.32094938
vt 0.15561534 0.45655668
vt 0.16042559 0.45158768
vt 0.28291060 0.80605733
vt 0.16042559 0.45158768
vt 0.28291060 0.80605733
vt 0.00459790 0.80614220
vt 0.44041730 0.45151544
vt 0.00459790 0.80614220
vt 0.44041730 0.45151544
vt 0.23261313 0.25954628
vt 0.23297168 0.31946343
vt 0.23297168 0.31946343
vt 0.44270176 0.52157450
vt 0.77272725 0.01686031
vt 0.23129044 0.25522232
vt 0.23253377 0.32205750
vt 0.15571651 0.51818717
vt 0.00364103 0.80621920
vt 0.44137597 0.45145863
vt 0.23304562 0.32039595
vt 0.15820712 0.45193154
vt 0.28491880 0.80590624
vt 0.00254214 0.80600720
vt 0.23080447 0.25461572
vt 0.23281182 0.32143270
vt 0.15692134 0.45284665
vt 0.23182651 0.25579607
vt 0.15620814 0.45376933
vt 0.16035806 0.52219975
vt 0.23283420 0.25955284
vt 0.15989573 0.52216220
vt 0.44087377 0.52223120
vt 0.23284437 0.25910985
vt 0.15542504 0.45561957
vt 0.23312962 0.32085592
vt 0.44178197 0.52222170
vt 0.23288162 0.25822043
vt 0.15719970 0.52112890
vt 0.23238485 0.25633723
vt 0.15602230 0.51974714
vt 0.15762053 0.45188135
vt 0.28539628 0.80606710
vt 0.89720710 0.22953450
vt 0.00206147 0.80618834
vt 0.23137243 0.25471580
vt 0.44042245 0.52246440
vt 0.23305605 0.25955945
vt 0.23342137 0.31946087
vt 0.23342137 0.31946087
vt 0.15548578 0.45467657
vt 0.15849720 0.52199960
vt 0.44224033 0.52221590
vt 0.77110390 0.01605135
vt 0.15638879 0.52037180
vt 0.00415441 0.80660480
vt 0.44087076 0.45104337
vt 0.23343962 0.31989795
vt 0.15525024 0.51815957
vt 0.15944894 0.45104337
vt 0.28379420 0.80656690
vt 0.15630722 0.45278162
vt 0.23243189 0.25585294
vt 0.15557058 0.45370930
vt 0.23196000 0.32420403
vt 0.44317102 0.52220070
vt 0.23295437 0.25685304
vt 0.15592498 0.52026606
vt 0.15703441 0.45182335
vt 0.89670400 0.22961569
vt 0.23314420 0.32238036
vt 0.96428573 0.12359548
vt 0.00224099 0.80660850
vt 0.23338856 0.32176054
vt 0.15472302 0.45653158
vt 0.23347510 0.25956660
vt 0.96266234 0.93739766
vt 0.15984818 0.52283290
vt 0.15626891 0.52092314
vt 0.00090605 0.80626940
vt 0.23248808 0.25535160
vt 0.23294538 0.32304764
vt 0.15477557 0.51725924
vt 0.15477557 0.51725924
vt 0.28291085 0.80695140
vt 0.28291085 0.80695140
vt 0.44042727 0.52292264
vt 0.23387150 0.31946033
vt 0.90584415 0.61958265
vt 0.23387150 0.31946033
vt 0.15516211 0.51909524
vt 0.00284154 0.80686950
vt 0.23099050 0.25361156
vt 0.23367591 0.32118738
vt 0.15476330 0.45558655
vt 0.23349817 0.25868225
vt 0.23388593 0.31986505
vt 0.15707750 0.52173130
vt 0.23237695 0.32397777
vt 0.23298648 0.25638276
vt 0.15479106 0.45510727
vt 0.15888576 0.52272975
vt 0.44179160 0.52286970
vt 0.23351216 0.25824076
vt 0.23393126 0.32026726
vt 0.23353090 0.25779474
vt 0.00180122 0.80681235
vt 0.23199691 0.25428724
vt 0.23356480 0.32220250
vt 0.96590906 0.12439805
vt 0.15568031 0.45270038
vt 0.28872615 0.80713737
vt 0.00337870 0.80717980
vt 0.15645084 0.45175242
vt 0.28764080 0.80698060
vt 0.89620630 0.22974533
vt 0.15487006 0.45413798
vt 0.15791193 0.52257615
vt 0.23354878 0.25734633
vt 0.28452638 0.80718863
vt 0.89772725 0.23140162
vt 0.23228177 0.32475448
vt 0.44318180 0.52282965
vt 0.23356816 0.25689328
vt 0.15612246 0.52148235
vt 0.23319735 0.32352580
vt 0.15430164 0.51729214
vt 0.15430164 0.51729214
vt 0.16030490 0.52336940
vt 0.00459833 0.80748200
vt 0.00459833 0.80748200
vt 0.15497306 0.52003360
vt 0.00200971 0.80721587
vt 0.23398261 0.32201844
vt 0.96428573 0.12520063
vt 0.15429467 0.51810735
vt 0.28366134 0.80745125
vt 0.00385181 0.80754350
vt 0.23437606 0.32020290
vt 0.15693177 0.52235126
vt 0.23268630 0.32449580
vt 0.23358831 0.25643742
vt 0.15460340 0.51945627
vt 0.00259629 0.80744326
vt 0.23423950 0.32144922
vt 0.15405220 0.45651340
vt 0.23411758 0.25957167
vt 0.96379400 0.93579453
vt 0.23444471 0.32056892
vt 0.15408710 0.45555050
vt 0.15930174 0.52349110
vt 0.44134970 0.52353925
vt 0.23412645 0.25869656
vt 0.15587175 0.45166123
vt 0.28790438 0.80749950
vt 0.00071376 0.80693260
vt 0.23312041 0.25491703
vt 0.23413366 0.25825775
vt 0.15504710 0.45263398
vt 0.28896174 0.80763483
vt 0.00811688 0.02407706
vt 0.23308851 0.32424320
vt 0.15415621 0.45456797
vt 0.01811212 0.70564310
vt 0.23187637 0.32584268
vt 0.44227788 0.52350837
vt 0.23454207 0.32092965
vt 0.00161764 0.80743337
vt 0.83755386 0.14767253
vt 0.23417899 0.32242388
vt 0.28534114 0.80762710
vt 0.89690710 0.23149365
vt 0.23440032 0.32183045
vt 0.15777880 0.52325726
vt 0.23438940 0.25957882
vt 0.96428573 0.93739970
vt 0.15594827 0.52205610
vt 0.00730518 0.02247191
vt 0.23348467 0.32398832
vt 0.23364335 0.25546080
vt 0.15515493 0.52116287
vt 0.23400377 0.32305866
vt 0.15426303 0.45356286
vt 0.29006952 0.80787720
vt 0.23417312 0.25691068
vt 0.00277420 0.80786085
vt 0.15375735 0.51844730
vt 0.23302539 0.32499433
vt 0.28813220 0.80799085
vt 0.00649351 0.02407706
vt 0.23387550 0.32373255
vt 0.15435193 0.52033970
vt 0.23458792 0.32220477
vt 0.15467063 0.52098510
vt 0.00124000 0.80767630
vt 0.23326841 0.25391245
vt 0.83789045 0.14802915
vt 0.23440507 0.32281917
vt 0.28425285 0.80806786
vt 0.89772725 0.23266900
vt 0.23497649 0.32079262
vt 0.00242989 0.80802060
vt 0.23481780 0.32163388
vt 0.15442580 0.45254730
vt 0.28917706 0.80815540
vt 0.15624449 0.52284150
vt 0.15337531 0.45650130
vt 0.49368975 0.26479876
vt 0.16027619 0.52424500
vt 0.30635410 0.75251960
vt 0.02005801 0.70541390
vt 0.44043767 0.52421580
vt 0.23474783 0.25958252
vt 0.23475201 0.25914252
vt 0.15339404 0.45551515
vt 0.49371728 0.26572406
vt 0.15924034 0.52422130
vt 0.30728530 0.75266730
vt 0.01914174 0.70522680
vt 0.44136640 0.52420217
vt 0.23475550 0.25870365
vt 0.15496403 0.52167773
vt 0.15334408 0.51733520
vt 0.49350650 0.20527238
vt 0.15334408 0.51733520
vt 0.49350650 0.20527238
vt 0.28291127 0.80829120
vt 0.28291127 0.80829120
vt 0.00459861 0.80837610
vt 0.00459861 0.80837610
vt 0.90746754 0.62199223
vt 0.23523177 0.31946123
vt 0.23509456 0.32111573
vt 0.15346996 0.45450490
vt 0.49377784 0.26665200
vt 0.15815929 0.52408060
vt 0.30821753 0.75280900
vt 0.23477103 0.25781178
vt 0.23421699 0.25549716
vt 0.28351206 0.80833876
vt 0.28647040 0.80815070
vt 0.28647040 0.80815070
vt 0.89448050 0.16853935
vt 0.89610390 0.23174363
vt 0.00151255 0.80804830
vt 0.83742154 0.14828867
vt 0.23477426 0.25736946
vt 0.23533021 0.32035720
vt 0.23465954 0.32320404
vt 0.15359673 0.45348972
vt 0.29024085 0.80847514
vt 0.49386385 0.26757878
vt 0.01737481 0.70487410
vt 0.23303735 0.32577294
vt 0.28486210 0.80838543
vt 0.89705205 0.23274481
vt 0.00263755 0.80843700
vt 0.67532470 0.51652586
vt 0.23523724 0.32142985
vt 0.28831990 0.80845370
vt 0.23418005 0.32416070
vt 0.23424365 0.25500220
vt 0.15319200 0.51870110
vt 0.49374400 0.20405650
vt 0.15655315 0.52366720
vt 0.49371946 0.19846398
vt 0.23478419 0.25645440
vt 0.23520407 0.32231605
vt 0.23426381 0.25449467
vt 0.83896935 0.14859354
vt 0.23552297 0.32093644
vt 0.28935090 0.80869424
vt 0.23478699 0.25599146
vt 0.15335880 0.51995940
vt 0.49387795 0.20296020
vt 0.23504582 0.32292646
vt 0.23568355 0.31946790
vt 0.90584415 0.62279296
vt 0.23568355 0.31946790
vt 0.49402153 0.20474672
vt 0.23572196 0.31998860
vt 0.15550000 0.52325916
vt 0.49395612 0.19937569
vt 0.49434900 0.26478684
vt 0.23538686 0.25958288
vt 0.28462350 0.80876550
vt 0.23565744 0.32121855
vt 0.01970767 0.70467687
vt 0.44091400 0.52487960
vt 0.23493670 0.32357740
vt 0.49437610 0.26569660
vt 0.30739427 0.75201360
vt 0.01880688 0.70452760
vt 0.23538443 0.25825970
vt 0.49442112 0.26661020
vt 0.15795705 0.52482486
vt 0.30832344 0.75217366
vt 0.49405850 0.19694704
vt 0.23538540 0.25781614
vt 0.28392383 0.80892015
vt 0.00358203 0.80900013
vt 0.23585345 0.32049906
vt 0.28540412 0.80878305
vt 0.89518300 0.16971290
vt 0.15350360 0.52097130
vt 0.01322348 0.70447683
vt 0.23543945 0.32264173
vt 0.28847468 0.80892830
vt 0.23451129 0.32457650
vt 0.54545456 0.07704657
vt 0.23480521 0.25501490
vt 0.01792093 0.70436996
vt 0.23538380 0.25737000
vt 0.23595211 0.32074672
vt 0.29037318 0.80906490
vt 0.49448088 0.26753253
vt 0.15689501 0.52451300
vt 0.49421424 0.19787109
vt 0.15375690 0.52169410
vt 0.49422370 0.20138586
vt 0.28704518 0.80890880
vt 0.15447511 0.52271280
vt 0.49425754 0.20033276
vt 0.23481260 0.25450826
vt 0.83921534 0.14902902
vt 0.01479752 0.70425487
vt 0.23487880 0.32425820
vt 0.28291157 0.80918527
vt 0.28291157 0.80918527
vt 0.00459890 0.80927014
vt 0.00459890 0.80927014
vt 0.02023231 0.70441150
vt 0.23614064 0.31947303
vt 0.23614064 0.31947303
vt 0.00311408 0.80924326
vt 0.67527520 0.51540375
vt 0.01283156 0.70426220
vt 0.23581636 0.32233012
vt 0.00416576 0.80931000
vt 0.28948182 0.80923390
vt 0.01228194 0.70429146
vt 0.23599471 0.32176018
vt 0.01437439 0.70410870
vt 0.23524378 0.32393676
vt 0.23622362 0.32012950
vt 0.00121077 0.80890510
vt 0.67370130 0.51685390
vt 0.83743660 0.14919794
vt 0.49449793 0.19924754
vt 0.01615203 0.70411290
vt 0.23450589 0.32530034
vt 0.54436540 0.07686734
vt 0.23536576 0.25551516
vt 0.01175687 0.70424010
vt 0.23622352 0.32122844
vt 0.01395177 0.70396113
vt 0.23560041 0.32360440
vt 0.28859562 0.80941240
vt 0.15470400 0.52351010
vt 0.49460122 0.19970965
vt 0.49470115 0.20422488
vt 0.23638146 0.32054930
vt 0.49500394 0.26477510
vt 0.30657706 0.75120210
vt 0.23602498 0.25957894
vt 0.23602070 0.25913750
vt 0.28619784 0.80922140
vt 0.89594840 0.16915244
vt 0.01298195 0.70396733
vt 0.49502614 0.26567578
vt 0.01935563 0.70394340
vt 0.60389610 0.51203850
vt 0.23601581 0.25869638
vt 0.30797460 0.75144553
vt 0.23600967 0.25825417
vt 0.49477910 0.20337278
vt 0.28480232 0.80945180
vt 0.49473110 0.20017004
vt 0.01493769 0.70381165
vt 0.23522595 0.32463259
vt 0.54545456 0.07544142
vt 0.49505833 0.26658106
vt 0.30844155 0.75153506
vt 0.49470836 0.19685268
vt 0.01846567 0.70384740
vt 0.23600477 0.25780910
vt 0.49476420 0.19731450
vt 0.23599808 0.25735962
vt 0.49487868 0.20528000
vt 0.49487868 0.20528000
vt 0.23660421 0.31965518
vt 0.29047304 0.80965140
vt 0.49509937 0.26750034
vt 0.01755264 0.70372784
vt 0.23598959 0.25690460
vt 0.23662879 0.31983160
vt 0.23534478 0.25401193
vt 0.83887905 0.14961904
vt 0.23661883 0.32094050
vt 0.23667048 0.32000607
vt 0.49489138 0.19822830
vt 0.23598237 0.25644046
vt 0.28551283 0.80954635
vt 0.89621484 0.16980147
vt 0.01205039 0.70382416
vt 0.00391491 0.80984730
vt 0.23672818 0.32017612
vt 0.28957730 0.80977500
vt 0.01666223 0.70362910
vt 0.23597841 0.25597364
vt 0.15259740 0.52143160
vt 0.49498373 0.20207572
vt 0.28726938 0.80968830
vt 0.01407327 0.70357860
vt 0.28376204 0.80982465
vt 0.49503848 0.19913930
vt 0.01606748 0.70356405
vt 0.54383117 0.07587522
vt 0.01154474 0.70378540
vt 0.23676917 0.32111943
vt 0.28868230 0.80990360
vt 0.01548511 0.70344700
vt 0.23592540 0.25499403
vt 0.23689355 0.32049865
vt 0.01216716 0.70359826
vt 0.01364094 0.70346150
vt 0.98701300 0.67736757
vt 0.49520150 0.20249909
vt 0.01166004 0.70360523
vt 0.23693989 0.32127833
vt 0.49521210 0.20004827
vt 0.49529985 0.20415193
vt 0.00346196 0.81010900
vt 0.67501795 0.51428590
vt 0.23699832 0.32064880
vt 0.23705864 0.31961000
vt 0.28638244 0.80986320
vt 0.89678090 0.16875488
vt 0.83725620 0.15002733
vt 0.01320815 0.70334285
vt 0.43976748 0.22792935
vt 0.98782470 0.67576240
vt 0.23584561 0.25398457
vt 0.83902730 0.15004909
vt 0.01460613 0.70327320
vt 0.49565566 0.26476544
vt 0.23711093 0.31987340
vt 0.23665936 0.25912988
vt 0.49567127 0.26566124
vt 0.30762340 0.75070320
vt 0.01940381 0.70329060
vt 0.60306480 0.51204264
vt 0.30809910 0.75078934
vt 0.49531406 0.19633013
vt 0.01894801 0.70325610
vt 0.23711772 0.32078720
vt 0.28343317 0.81017447
vt 0.93831170 0.81540930
vt 0.49569200 0.26656170
vt 0.23662359 0.25779545
vt 0.00219010 0.81026214
vt 0.67387104 0.51513684
vt 0.83606374 0.15006703
vt 0.28479365 0.81009996
vt 0.95454544 0.19204480
vt 0.01175821 0.70341540
vt 0.23712446 0.32141858
vt 0.43807003 0.22792763
vt 0.23660707 0.25734526
vt 0.49542245 0.20094663
vt 0.83847207 0.15015137
vt 0.01416620 0.70318687
vt 0.29054213 0.81023710
vt 0.49571863 0.26747817
vt 0.49543124 0.19770187
vt 0.01277234 0.70322930
vt 0.43926567 0.22760272
vt 0.98863640 0.67736580
vt 0.49547613 0.19815528
vt 0.01716509 0.70311296
vt 0.79545456 0.99760600
vt 0.23728502 0.32024854
vt 0.28964168 0.81032056
vt 0.49552447 0.19860792
vt 0.23656459 0.25594968
vt 0.01610349 0.70297840
vt 0.79429203 0.99678975
vt 0.23653658 0.25545466
vt 0.23732103 0.32154150
vt 0.43817693 0.22744715
vt 0.99675330 0.80577850
vt 0.00374259 0.81045985
vt 0.67502844 0.51372397
vt 0.28543776 0.81033610
vt 0.28543776 0.81033610
vt 0.89712240 0.17014444
vt 0.95454544 0.19101125
vt 0.00495615 0.70253193
vt 0.43876445 0.22727221
vt 0.28874075 0.81039894
vt 0.49563172 0.19951296
vt 0.01556674 0.70296085
vt 0.23649515 0.25494397
vt 0.84025930 0.15036577
vt 0.49569112 0.20380372
vt 0.23739931 0.32102460
vt 0.01512236 0.70290220
vt 0.23642173 0.25443184
vt 0.83969370 0.15042293
vt 0.49578760 0.20528900
vt 0.49578760 0.20528900
vt 0.28291202 0.81052506
vt 0.28291202 0.81052506
vt 0.00459934 0.81060990
vt 0.00459934 0.81060990
vt 0.23705992 0.25956607
vt 0.23750919 0.31946987
vt 0.23750919 0.31946987
vt 0.23751453 0.31956047
vt 0.23752844 0.31965005
vt 0.00156274 0.81060810
vt 0.83680874 0.15046990
vt 0.23755066 0.31973750
vt 0.23755628 0.32054950
vt 0.23755752 0.32112200
vt 0.99512990 0.80524780
vt 0.49583194 0.20086592
vt 0.28738600 0.81049950
vt 0.88311690 0.80137740
vt 0.83856595 0.15055424
vt 0.49590206 0.20271707
vt 0.00505478 0.70229775
vt 0.43884194 0.22666270
vt 0.49594304 0.20479357
vt 0.23767180 0.31998920
vt 0.23766614 0.32063222
vt 0.28349170 0.81072620
vt 0.93762195 0.81474430
vt 0.23772654 0.32006080
vt 0.49598718 0.20176530
vt 0.28647032 0.81064670
vt 0.28647032 0.81064670
vt 0.88243985 0.80256820
vt 0.89765830 0.16853935
vt 0.83744407 0.15069425
vt 0.01089201 0.70254980
vt 0.01089201 0.70254980
vt 0.43993506 0.22632426
vt 0.65584415 0.12945253
vt 0.49630594 0.26475835
vt 0.23730730 0.25955963
vt 0.30726865 0.74996410
vt 0.60389610 0.79043200
vt 0.01988627 0.70268320
vt 0.60223246 0.51249516
vt 0.23729691 0.25911420
vt 0.00243042 0.81086653
vt 0.49631396 0.26565290
vt 0.01943813 0.70266163
vt 0.60222640 0.51204480
vt 0.23728333 0.25866800
vt 0.23778826 0.32012677
vt 0.30820468 0.75012726
vt 0.49597177 0.19629121
vt 0.60389340 0.79133224
vt 0.01899061 0.70263550
vt 0.23726767 0.25822150
vt 0.49632323 0.26655120
vt 0.49601153 0.19720417
vt 0.01809583 0.70258754
vt 0.29058442 0.81082520
vt 0.49633738 0.26746350
vt 0.28602555 0.81083010
vt 0.89772725 0.16925883
vt 0.00148928 0.81089540
vt 0.83688205 0.15076524
vt 0.49605787 0.19810963
vt 0.23718430 0.25638747
vt 0.23785633 0.32018644
vt 0.28968108 0.81086844
vt 0.23716226 0.25591385
vt 0.49611056 0.19901186
vt 0.01606358 0.70250150
vt 0.23714018 0.25541598
vt 0.84088767 0.15083951
vt 0.28418237 0.81089320
vt 0.28418237 0.81089320
vt 0.93831170 0.81380415
vt 0.95292210 0.19261634
vt 0.00334332 0.81099427
vt 0.67432535 0.51351540
vt 0.00513051 0.70205545
vt 0.65599520 0.12841094
vt 0.28877250 0.81090754
vt 0.88311690 0.79935795
vt 0.00324675 0.70192695
vt 0.23793049 0.32023900
vt 0.43668830 0.22632426
vt 0.99675330 0.80417335
vt 0.01516573 0.70243980
vt 0.65606530 0.13160264
vt 0.97727275 0.04815412
vt 0.30683386 0.74968480
vt 0.60363936 0.78998210
vt 0.60363936 0.78998210
vt 0.02053385 0.70257986
vt 0.60198110 0.51294690
vt 0.60198110 0.51294690
vt 0.23796950 0.31946940
vt 0.23796950 0.31946940
vt 0.49624336 0.20524591
vt 0.28295904 0.81097424
vt 0.00455266 0.81105910
vt 0.67532470 0.51251040
vt 0.23797275 0.31951457
vt 0.49624985 0.20520312
vt 0.28300294 0.81098060
vt 0.00450876 0.81106530
vt 0.67528200 0.51253810
vt 0.23798038 0.31955934
vt 0.49620888 0.20036459
vt 0.83918940 0.15092850
vt 0.65609660 0.13107449
vt 0.97808440 0.04654896
vt 0.28513300 0.81099045
vt 0.95336634 0.19114351
vt 0.00469668 0.70194304
vt 0.49626060 0.20516121
vt 0.28304604 0.81099130
vt 0.00446564 0.81107570
vt 0.67523720 0.51256090
vt 0.23799235 0.31960332
vt 0.23800775 0.32028210
vt 0.49627545 0.20512056
vt 0.28308678 0.81100520
vt 0.93668830 0.81487990
vt 0.00442376 0.81109020
vt 0.67519057 0.51257870
vt 0.23800753 0.31964558
vt 0.83862376 0.15096140
vt 0.01427101 0.70239010
vt 0.65612894 0.13054645
vt 0.97889610 0.04815412
vt 0.49629450 0.20508093
vt 0.28312525 0.81102085
vt 0.00438351 0.81110865
vt 0.67514260 0.51259136
vt 0.23802717 0.31968653
vt 0.49629802 0.20400906
vt 0.00379090 0.70184016
vt 0.23804815 0.32078195
vt 0.49631727 0.20504338
vt 0.28316346 0.81104360
vt 0.00434524 0.81113090
vt 0.67509377 0.51259863
vt 0.23805068 0.31972528
vt 0.83805877 0.15099520
vt 0.49634367 0.20500815
vt 0.28319920 0.81107010
vt 0.00430936 0.81115670
vt 0.67504454 0.51260054
vt 0.23807783 0.31976140
vt 0.23808879 0.32031757
vt 0.49637341 0.20497572
vt 0.28323210 0.81109970
vt 0.00427618 0.81118584
vt 0.67499536 0.51259710
vt 0.23810838 0.31979465
vt 0.00144503 0.81119704
vt 0.83692646 0.15106463
vt 0.49640610 0.20494628
vt 0.28326190 0.81113243
vt 0.00424987 0.81121790
vt 0.67494670 0.51258814
vt 0.23814194 0.31982464
vt 0.23817769 0.32081217
vt 0.00518231 0.70180180
vt 0.49644157 0.20492017
vt 0.28328833 0.81116784
vt 0.00422347 0.81125325
vt 0.23817825 0.31985116
vt 0.49647942 0.20489764
vt 0.28331113 0.81120557
vt 0.00420072 0.81129100
vt 0.23821700 0.31987387
vt 0.00429481 0.70164800
vt 0.23826978 0.32128268
vt 0.49651927 0.20487893
vt 0.28333008 0.81124530
vt 0.00418178 0.81133074
vt 0.23825784 0.31989270
vt 0.23830959 0.32082980
vt 0.49656078 0.20486408
vt 0.28334498 0.81128670
vt 0.00416689 0.81137204
vt 0.23830007 0.31990677
vt 0.23834910 0.32037640
vt 0.49660334 0.20485342
vt 0.28335580 0.81132925
vt 0.00415613 0.81141466
vt 0.23834349 0.31991667
vt 0.49664680 0.20484704
vt 0.28336227 0.81137264
vt 0.00414959 0.81145805
vt 0.23838796 0.31992220
vt 0.49695626 0.26475394
vt 0.49695626 0.26475394
vt 0.49695626 0.26475394
vt 0.49695626 0.26475394
vt 0.49669507 0.20529264
vt 0.49669507 0.20529264
vt 0.49669507 0.20529264
vt 0.49695656 0.26520205
vt 0.49695656 0.26520205
vt 0.49669054 0.20439732
vt 0.49669054 0.20439732
vt 0.49695520 0.26610047
vt 0.49695520 0.26610047
vt 0.49668452 0.20350099
vt 0.49668452 0.20350099
vt 0.49694980 0.26700264
vt 0.49694980 0.26700264
vt 0.29014760 0.81141700
vt 0.49694730 0.26790923
vt 0.29014760 0.81141700
vt 0.49694730 0.26790923
vt 0.49667150 0.20215195
vt 0.49667150 0.20215195
vt 0.28924320 0.81141720
vt 0.28924320 0.81141720
vt 0.49666384 0.20124900
vt 0.49666384 0.20124900
vt 0.49665930 0.20079702
vt 0.49665930 0.20079702
vt 0.28833878 0.81141750
vt 0.88189920 0.79979867
vt 0.28833878 0.81141750
vt 0.49665323 0.19989455
vt 0.49665323 0.19989455
vt 0.28743437 0.81141776
vt 0.88149350 0.80104580
vt 0.28743437 0.81141776
vt 0.49664858 0.19944292
vt 0.49664858 0.19944292
vt 0.28652990 0.81141806
vt 0.28652990 0.81141806
vt 0.49663904 0.19808972
vt 0.49663904 0.19808972
vt 0.28562552 0.81141830
vt 0.28562552 0.81141830
vt 0.49662990 0.19718546
vt 0.49662990 0.19718546
vt 0.28472110 0.81141853
vt 0.28472110 0.81141853
vt 0.28381664 0.81141890
vt 0.28381664 0.81141890
vt 0.30152800 0.69600460
vt 0.49661900 0.19582665
vt 0.49661900 0.19582665
vt 0.60306420 0.79088490
vt 0.30038014 0.69584733
vt 0.60305893 0.79043460
vt 0.28291225 0.81141910
vt 0.28291225 0.81141910
vt 0.28291225 0.81141910
vt 0.28291225 0.81141910
vt 0.60305554 0.78998420
vt 0.29946628 0.69568070
vt 0.60305554 0.78998420
vt 0.29946628 0.69568070
vt 0.60305554 0.78998420
vt 0.00459961 0.81150400
vt 0.00459961 0.81150400
vt 0.00459961 0.81150400
vt 0.00459961 0.81150400
vt 0.67505180 0.51203850
vt 0.00459961 0.81150400
vt 0.60139730 0.51294900
vt 0.02374974 0.70196890
vt 0.60139730 0.51294900
vt 0.60139730 0.51294900
vt 0.02374974 0.70196890
vt 0.02092397 0.70250165
vt 0.60139525 0.51249860
vt 0.02092397 0.70250165
vt 0.00369522 0.81150424
vt 0.00369522 0.81150424
vt 0.01901221 0.70200455
vt 0.01901221 0.70200455
vt 0.00279080 0.81150454
vt 0.00279080 0.81150454
vt 0.01855651 0.70199144
vt 0.01855651 0.70199144
vt 0.01810821 0.70198905
vt 0.64448050 0.01123595
vt 0.79545456 1.00000000
vt 0.01810821 0.70198905
vt 0.00188638 0.81150480
vt 0.83637430 0.15136355
vt 0.00188638 0.81150480
vt 0.83637430 0.15136355
vt 0.64393980 0.01284111
vt 0.01765987 0.70198655
vt 0.64339787 0.01284111
vt 0.01697308 0.70198520
vt 0.83750780 0.15136677
vt 0.83750780 0.15136677
vt 0.01652476 0.70198184
vt 0.64285713 0.01123595
vt 0.79383117 0.99861410
vt 0.01652476 0.70198184
vt 0.83864194 0.15137011
vt 0.83864194 0.15137011
vt 0.01562864 0.70197517
vt 0.01562864 0.70197517
vt 0.45941558 0.13162118
vt 0.83920854 0.15137118
vt 0.83920854 0.15137118
vt 0.01337565 0.70219654
vt 0.65654856 0.13162118
vt 0.01337565 0.70219654
vt 0.45941558 0.13001603
vt 0.83977540 0.15137208
vt 0.83977540 0.15137208
vt 0.65654796 0.13109183
vt 0.01116648 0.70202580
vt 0.65654624 0.13056254
vt 0.01011700 0.70192873
vt 0.65654624 0.13056254
vt 0.23773922 0.25540936
vt 0.84090906 0.15137172
vt 0.23773922 0.25540936
vt 0.84090906 0.15137172
vt 0.65654266 0.13003445
vt 0.65654266 0.13003445
vt 0.23775883 0.25588465
vt 0.23775883 0.25588465
vt 0.00610587 0.70161130
vt 0.65653900 0.12950641
vt 0.00610587 0.70161130
vt 0.65653900 0.12950641
vt 0.23778568 0.25635242
vt 0.23778568 0.25635242
vt 0.00565861 0.70158080
vt 0.00565861 0.70158080
vt 0.23781501 0.25681430
vt 0.23781501 0.25681430
vt 0.00521136 0.70155030
vt 0.00521136 0.70155030
vt 0.82792210 0.79935795
vt 0.23784457 0.25727272
vt 0.23784457 0.25727272
vt 0.00476441 0.70151585
vt 0.82792210 0.80016050
vt 0.23787380 0.25773180
vt 0.23787380 0.25773180
vt 0.00431775 0.70147810
vt 0.23844618 0.32128978
vt 0.23844618 0.32128978
vt 0.82792210 0.80096310
vt 0.23789988 0.25818850
vt 0.23789988 0.25818850
vt 0.23844244 0.32083476
vt 0.23844244 0.32083476
vt 0.23792125 0.25864267
vt 0.23792125 0.25864267
vt 0.23843798 0.32037944
vt 0.23843798 0.32037944
vt 0.23793833 0.25909590
vt 0.23793833 0.25909590
vt 0.23843282 0.31992340
vt 0.23843282 0.31992340
vt 0.23795120 0.25954830
vt 0.23795120 0.25954830
vt 0.23795120 0.25954830
vt 0.23795120 0.25954830
vt 0.23842789 0.31946832
vt 0.23842789 0.31946832
vt 0.23842789 0.31946832
vt 0.21002190 0.81471670
vt 0.72390586 0.95940050
vt 0.22717880 0.69409120
vt 0.78072405 0.71381460
vt 0.07749204 0.81475710
vt 0.67647153 0.44289893
vt 0.09588540 0.69708550
vt 0.13375382 0.26653945
vt 0.21395099 0.81485116
vt 0.72114020 0.96316200
vt 0.23106806 0.69386840
vt 0.77795840 0.71757615
vt 0.20609288 0.81485355
vt 0.72639930 0.95545745
vt 0.22328328 0.69404596
vt 0.78321750 0.70987160
vt 0.08142114 0.81489150
vt 0.68027590 0.44016433
vt 0.09977447 0.69686264
vt 0.09977447 0.69686264
vt 0.59740260 0.58943266
vt 0.13230072 0.26211476
vt 0.07356304 0.81489390
vt 0.67248374 0.44536430
vt 0.09198983 0.69704026
vt 0.13489144 0.27105360
vt 0.21786103 0.81525624
vt 0.71811575 0.96672380
vt 0.23493210 0.69337870
vt 0.77493393 0.72113790
vt 0.20218310 0.81526100
vt 0.72860825 0.95135220
vt 0.21940040 0.69373286
vt 0.78542644 0.70576630
vt 0.08533116 0.81529660
vt 0.68387810 0.43717384
vt 0.10363833 0.69637287
vt 0.13053916 0.25780118
vt 0.06965325 0.81530136
vt 0.66833180 0.44754845
vt 0.08810698 0.69672716
vt 0.13570797 0.27563530
vt 0.22173294 0.81592990
vt 0.71484720 0.97006840
vt 0.23875204 0.69262440
vt 0.77166545 0.72448254
vt 0.19831160 0.81593704
vt 0.73052204 0.94710460
vt 0.21554917 0.69315350
vt 0.78734020 0.70151880
vt 0.08920310 0.81597024
vt 0.68726070 0.43394202
vt 0.10745828 0.69561857
vt 0.12847780 0.25361967
vt 0.06578176 0.81597740
vt 0.66403600 0.44944078
vt 0.08425571 0.69614786
vt 0.13619952 0.28026223
vt 0.22554787 0.81686896
vt 0.71135056 0.97317950
vt 0.24250932 0.69160920
vt 0.76816875 0.72759366
vt 0.19449724 0.81687840
vt 0.73213136 0.94273550
vt 0.03571429 0.13162118
vt 0.21174823 0.69231060
vt 0.21174823 0.69231060
vt 0.78894955 0.69714963
vt 0.09301807 0.81690930
vt 0.69040720 0.43048465
vt 0.11121555 0.69460340
vt 0.12612662 0.24959058
vt 0.06196739 0.81691880
vt 0.65961725 0.45103198
vt 0.08045485 0.69530510
vt 0.13636364 0.28491170
vt 0.22928725 0.81806880
vt 0.70764280 0.97604210
vt 0.24618563 0.69033810
vt 0.76446100 0.73045620
vt 0.19075860 0.81808054
vt 0.73342824 0.93826604
vt 0.20801619 0.69120840
vt 0.79024640 0.69268024
vt 0.09675746 0.81810915
vt 0.69330230 0.42681855
vt 0.11489187 0.69333220
vt 0.12349708 0.24573362
vt 0.05822874 0.81812090
vt 0.65509695 0.45231438
vt 0.07672286 0.69420290
vt 0.13619952 0.28956127
vt 0.23293287 0.81952360
vt 0.70374197 0.97864205
vt 0.24976307 0.68881714
vt 0.76056015 0.73305620
vt 0.18711387 0.81953750
vt 0.73440653 0.93371814
vt 0.20437127 0.68985224
vt 0.79122470 0.68813230
vt 0.10040308 0.81956390
vt 0.69593180 0.42296160
vt 0.11846929 0.69181130
vt 0.12060203 0.24206752
vt 0.05458402 0.81957793
vt 0.65049740 0.45328158
vt 0.07307794 0.69284670
vt 0.13570797 0.29418814
vt 0.23646696 0.82122624
vt 0.69966710 0.98096680
vt 0.25322420 0.68705390
vt 0.75648530 0.73538095
vt 0.18358085 0.82124233
vt 0.73506140 0.92911386
vt 0.20083117 0.68824870
vt 0.79187960 0.68352795
vt 0.10393716 0.82126653
vt 0.69828300 0.41893256
vt 0.12193041 0.69004810
vt 0.11745552 0.23861015
vt 0.05105100 0.82128270
vt 0.64584076 0.45392907
vt 0.06953784 0.69124320
vt 0.13489144 0.29876983
vt 0.71733105 0.95501816
vt 0.20941561 0.17656499
vt 0.77414924 0.70943230
vt 0.20941558 0.11717498
vt 0.67203945 0.43639790
vt 0.81006490 0.54895663
vt 0.12613496 0.26870090
vt 0.81006490 0.48956662
vt 0.71489070 0.95833720
vt 0.20587368 0.17656499
vt 0.77170890 0.71275127
vt 0.20587367 0.11717498
vt 0.71953106 0.95153904
vt 0.21295750 0.17656499
vt 0.77634925 0.70595320
vt 0.21295749 0.11717498
vt 0.67539620 0.43398505
vt 0.80652300 0.54895663
vt 0.12485281 0.26479680
vt 0.80652300 0.48956662
vt 0.66852080 0.43857324
vt 0.81360686 0.54895663
vt 0.12713872 0.27268404
vt 0.81360686 0.48956662
vt 0.71222210 0.96147990
vt 0.20233180 0.17656499
vt 0.76904030 0.71589404
vt 0.20233174 0.11717498
vt 0.72148020 0.94791675
vt 0.21649943 0.17656499
vt 0.77829840 0.70233080
vt 0.21649937 0.11717498
vt 0.67857460 0.43134642
vt 0.80298114 0.54895663
vt 0.12329851 0.26099062
vt 0.80298110 0.48956662
vt 0.66485730 0.44050050
vt 0.81714880 0.54895663
vt 0.12785922 0.27672666
vt 0.81714880 0.48956662
vt 0.70933810 0.96443105
vt 0.19878986 0.17656499
vt 0.76615626 0.71884510
vt 0.19878985 0.11717498
vt 0.72316880 0.94416887
vt 0.22004135 0.17656499
vt 0.77998700 0.69858300
vt 0.22004130 0.11717498
vt 0.68155926 0.42849480
vt 0.79943920 0.54895663
vt 0.12147965 0.25730110
vt 0.79943920 0.48956662
vt 0.66106690 0.44217014
vt 0.82069070 0.54895663
vt 0.12829293 0.28080916
vt 0.82069060 0.48956662
vt 0.70625280 0.96717614
vt 0.19524795 0.17656499
vt 0.76307100 0.72159030
vt 0.19524792 0.11717498
vt 0.72458875 0.94031376
vt 0.22358325 0.17656499
vt 0.78140694 0.69472790
vt 0.22358322 0.11717498
vt 0.68433565 0.42544420
vt 0.79589730 0.54895663
vt 0.11940507 0.25374603
vt 0.79589725 0.48956662
vt 0.65716803 0.44357413
vt 0.82423264 0.54895663
vt 0.12843771 0.28491170
vt 0.82423250 0.48956662
vt 0.23987230 0.82316840
vt 0.69543810 0.98300505
vt 0.25655210 0.68505700
vt 0.75225630 0.73741910
vt 0.18017670 0.82318660
vt 0.73538960 0.92447567
vt 0.19741320 0.68640554
vt 0.79220780 0.67888975
vt 0.10734250 0.82320875
vt 0.70034440 0.41475100
vt 0.12525833 0.68805110
vt 0.11407293 0.23537832
vt 0.04764688 0.82322690
vt 0.64114990 0.45425360
vt 0.06611982 0.68940000
vt 0.13375380 0.30328400
vt 0.70298123 0.96970195
vt 0.19170605 0.17656499
vt 0.75979940 0.72411610
vt 0.19170603 0.11717498
vt 0.72573310 0.93637013
vt 0.22712514 0.17656499
vt 0.78255130 0.69078430
vt 0.22712512 0.11717498
vt 0.68689007 0.42220938
vt 0.79235536 0.54895663
vt 0.11708490 0.25034280
vt 0.79235536 0.48956662
vt 0.65317960 0.44470560
vt 0.82777450 0.54895663
vt 0.12829293 0.28901422
vt 0.82777447 0.48956662
vt 0.24313231 0.82534070
vt 0.69107550 0.98474675
vt 0.25973064 0.68283594
vt 0.74789370 0.73916090
vt 0.17691807 0.82536090
vt 0.73538960 0.91982610
vt 0.19413388 0.68433190
vt 0.79220780 0.67424023
vt 0.11060251 0.82538104
vt 0.70210594 0.41043735
vt 0.12843686 0.68583010
vt 0.11047071 0.23238784
vt 0.04438826 0.82540120
vt 0.63644750 0.45425360
vt 0.06284054 0.68732630
vt 0.13230070 0.30770862
vt 0.69953930 0.97199600
vt 0.18816416 0.17656499
vt 0.75635750 0.72641015
vt 0.18816410 0.11717498
vt 0.72659630 0.93235725
vt 0.23066707 0.17656499
vt 0.78341450 0.68677140
vt 0.23066704 0.11717498
vt 0.68921030 0.41880614
vt 0.78881353 0.54895663
vt 0.11453044 0.24710804
vt 0.78881350 0.48956662
vt 0.64912105 0.44555908
vt 0.83131635 0.54895663
vt 0.12785922 0.29309678
vt 0.83131635 0.48956662
vt 0.69594383 0.97404730
vt 0.18462223 0.17656499
vt 0.75276200 0.72846140
vt 0.18462221 0.11717498
vt 0.72717410 0.92829466
vt 0.23420899 0.17656499
vt 0.78399235 0.68270880
vt 0.23420894 0.11717498
vt 0.69128490 0.41525108
vt 0.78527160 0.54895663
vt 0.11175410 0.24405736
vt 0.78527150 0.48956662
vt 0.64501230 0.44613040
vt 0.83485830 0.54895663
vt 0.12713872 0.29713947
vt 0.83485830 0.48956662
vt 0.24623108 0.82773250
vt 0.68660050 0.98618360
vt 0.26274430 0.68040174
vt 0.74341870 0.74059770
vt 0.17382080 0.82775456
vt 0.73506140 0.91518790
vt 0.19100933 0.68203765
vt 0.79187960 0.66960204
vt 0.11370125 0.82777286
vt 0.70355904 0.40601270
vt 0.13145053 0.68339586
vt 0.10666640 0.22965324
vt 0.04129098 0.82779490
vt 0.63175654 0.45392907
vt 0.05971594 0.68503210
vt 0.13053916 0.31202227
vt 0.69221240 0.97584570
vt 0.18108031 0.17656499
vt 0.74903060 0.73025990
vt 0.18108028 0.11717498
vt 0.72746370 0.92420214
vt 0.23775089 0.17656499
vt 0.78428190 0.67861630
vt 0.23775086 0.11717498
vt 0.69310370 0.41156155
vt 0.78172964 0.54895663
vt 0.10876945 0.24120581
vt 0.78172964 0.48956662
vt 0.64087325 0.44641680
vt 0.83840020 0.54895663
vt 0.12613495 0.30112260
vt 0.83840020 0.48956662
vt 0.24915351 0.83033216
vt 0.68203510 0.98730840
vt 0.26557842 0.67776620
vt 0.73885330 0.74172250
vt 0.17089997 0.83035600
vt 0.73440653 0.91058360
vt 0.18805467 0.67953414
vt 0.79122470 0.66499776
vt 0.11662369 0.83037245
vt 0.70469666 0.40149856
vt 0.13428463 0.68076040
vt 0.10267857 0.22718781
vt 0.03837021 0.83039630
vt 0.62710000 0.45328158
vt 0.05676126 0.68252860
vt 0.12847778 0.31620377
vt 0.68836300 0.97738254
vt 0.17753840 0.17656499
vt 0.74518120 0.73179670
vt 0.17753837 0.11717498
vt 0.72746370 0.92009960
vt 0.24129280 0.17656499
vt 0.78428190 0.67451370
vt 0.24129277 0.11717498
vt 0.69465800 0.40775537
vt 0.77818775 0.54895663
vt 0.10559103 0.23856711
vt 0.77818775 0.48956662
vt 0.63672410 0.44641680
vt 0.84194213 0.54895663
vt 0.12485280 0.30502665
vt 0.84194213 0.48956662
vt 0.68441457 0.97865033
vt 0.17399650 0.17656499
vt 0.74123275 0.73306440
vt 0.17399645 0.11717498
vt 0.72717410 0.91600710
vt 0.24483470 0.17656499
vt 0.78399235 0.67042124
vt 0.24483470 0.11717498
vt 0.69594020 0.40385133
vt 0.77464580 0.54895663
vt 0.10223430 0.23615426
vt 0.77464580 0.48956662
vt 0.63258505 0.44613040
vt 0.84548410 0.54895663
vt 0.12329848 0.30883282
vt 0.84548410 0.48956662
vt 0.25188538 0.83312696
vt 0.67740130 0.98811580
vt 0.26821910 0.67494214
vt 0.73421950 0.74252987
vt 0.16816986 0.83315250
vt 0.73342824 0.90603566
vt 0.18528430 0.67683350
vt 0.79024640 0.66044980
vt 0.11935556 0.83316730
vt 0.70551320 0.39691687
vt 0.11363637 0.13162118
vt 0.13692534 0.67793630
vt 0.09852664 0.22500372
vt 0.03564006 0.83319280
vt 0.62250036 0.45231432
vt 0.05399091 0.67982790
vt 0.12612659 0.32023287
vt 0.68038610 0.97964280
vt 0.17045458 0.17656499
vt 0.82142860 0.43017656
vt 0.73720430 0.73405695
vt 0.17045455 0.11717498
vt 0.76136360 0.43017656
vt 0.72659630 0.91194445
vt 0.01785715 0.51364360
vt 0.24837662 0.17656499
vt 0.78341450 0.66635860
vt 0.07792208 0.51364360
vt 0.24837660 0.11717498
vt 0.69694390 0.39986820
vt 0.36850650 0.59069020
vt 0.77110390 0.54895663
vt 0.09871562 0.23397893
vt 0.36850652 0.65008026
vt 0.77110390 0.48956662
vt 0.62847630 0.44555908
vt 0.78084415 0.25521666
vt 0.84902596 0.54895663
vt 0.12147963 0.31252235
vt 0.78084415 0.19582665
vt 0.84902596 0.48956662
vt 0.25441340 0.83610344
vt 0.67272186 0.98860180
vt 0.27065364 0.67194337
vt 0.72954005 0.74301590
vt 0.16564369 0.83613044
vt 0.73213136 0.90156627
vt 0.18271181 0.67394890
vt 0.78894955 0.65598040
vt 0.12188358 0.83614380
vt 0.70600474 0.39229000
vt 0.11178834 0.13643658
vt 0.13935990 0.67493760
vt 0.09423082 0.22311139
vt 0.03311391 0.83617085
vt 0.61798020 0.45103198
vt 0.05141835 0.67694336
vt 0.12349706 0.32408983
vt 0.67629755 0.98035520
vt 0.82142860 0.42668712
vt 0.73311573 0.73476934
vt 0.76136360 0.42668712
vt 0.72573310 0.90793157
vt 0.01785715 0.51015425
vt 0.78255130 0.66234577
vt 0.07792208 0.51015425
vt 0.69766444 0.39582550
vt 0.37203560 0.59069020
vt 0.09505215 0.23205167
vt 0.37203562 0.65008026
vt 0.62441784 0.44470560
vt 0.77731510 0.25521666
vt 0.11940504 0.31607740
vt 0.77731510 0.19582665
vt 0.25672522 0.83924690
vt 0.66801950 0.98876405
vt 0.27287006 0.66878444
vt 0.72483766 0.74317810
vt 0.16333383 0.83927536
vt 0.73052204 0.89719710
vt 0.18034963 0.67089440
vt 0.78734020 0.65161127
vt 0.12419541 0.83928730
vt 0.70616883 0.38764048
vt 0.14157630 0.67177870
vt 0.08981203 0.22152019
vt 0.03080404 0.83931580
vt 0.61356140 0.44944078
vt 0.04905619 0.67388880
vt 0.12060200 0.32775593
vt 0.67216860 0.98078406
vt 0.82142860 0.42319770
vt 0.72898680 0.73519814
vt 0.76136360 0.42319770
vt 0.72458875 0.90398800
vt 0.01785715 0.50666475
vt 0.78140694 0.65840210
vt 0.07792208 0.50666490
vt 0.69809810 0.39174300
vt 0.37556463 0.59069020
vt 0.09126173 0.23038203
vt 0.37556466 0.65008026
vt 0.62042940 0.44357413
vt 0.77378595 0.25521666
vt 0.11708489 0.31948066
vt 0.77378595 0.19582665
vt 0.25880960 0.84254220
vt 0.66331710 0.98860180
vt 0.27485752 0.66548073
vt 0.72013530 0.74301590
vt 0.16125150 0.84257185
vt 0.72860825 0.89294960
vt 0.17820933 0.66768490
vt 0.78542644 0.64736366
vt 0.12627977 0.84258250
vt 0.70600474 0.38299096
vt 0.14356382 0.66847503
vt 0.08529183 0.22023785
vt 0.02872172 0.84261227
vt 0.60926557 0.44754845
vt 0.04691587 0.67067933
vt 0.11745551 0.33121336
vt 0.66801950 0.98092720
vt 0.82142860 0.41970830
vt 0.72483766 0.73534130
vt 0.76136360 0.41970825
vt 0.72316880 0.90013290
vt 0.01785715 0.50317540
vt 0.77998700 0.65454700
vt 0.07792208 0.50317540
vt 0.69824290 0.38764048
vt 0.37909370 0.59069020
vt 0.08736278 0.22897804
vt 0.37909377 0.65008026
vt 0.61653050 0.44217014
vt 0.77025694 0.25521666
vt 0.11453041 0.32271546
vt 0.77025694 0.19582665
vt 0.66387033 0.98078400
vt 0.82142860 0.41621888
vt 0.72068850 0.73519814
vt 0.76136360 0.41621882
vt 0.72148020 0.89638500
vt 0.01785715 0.49968588
vt 0.77829840 0.65079916
vt 0.07792208 0.49968594
vt 0.69809810 0.38353790
vt 0.38262280 0.59069020
vt 0.08337437 0.22784656
vt 0.38262284 0.65008026
vt 0.61274004 0.44050050
vt 0.76672786 0.25521666
vt 0.11175408 0.32576610
vt 0.76672786 0.19582665
vt 0.26065636 0.84597320
vt 0.65863764 0.98811580
vt 0.27660650 0.66204846
vt 0.71545583 0.74252987
vt 0.15940687 0.84600400
vt 0.72639930 0.88884430
vt 0.17630130 0.66433597
vt 0.78321750 0.64325845
vt 0.12812655 0.84601355
vt 0.70551320 0.37836403
vt 0.14531276 0.66504276
vt 0.08069222 0.21927059
vt 0.02687710 0.84604440
vt 0.60511360 0.44536430
vt 0.04500782 0.66733040
vt 0.11407290 0.33444512
vt 0.65974140 0.98035520
vt 0.82142860 0.41272944
vt 0.71655960 0.73476934
vt 0.76136360 0.41272944
vt 0.71953106 0.89276270
vt 0.01785715 0.49619650
vt 0.77634925 0.64717686
vt 0.07792208 0.49619650
vt 0.69766444 0.37945540
vt 0.38615190 0.59069020
vt 0.07931590 0.22699308
vt 0.38615190 0.65008026
vt 0.60907656 0.43857324
vt 0.76319873 0.25521666
vt 0.10876943 0.32861770
vt 0.76319873 0.19582665
vt 0.26225653 0.84952320
vt 0.65400390 0.98730840
vt 0.27810840 0.65850420
vt 0.71082210 0.74172250
vt 0.15780893 0.84955490
vt 0.72390586 0.88490130
vt 0.17463484 0.66086400
vt 0.78072405 0.63931537
vt 0.12972671 0.84956350
vt 0.70469666 0.37378234
vt 0.14681460 0.66149850
vt 0.07603562 0.21862310
vt 0.02527918 0.84959530
vt 0.60112580 0.44289893
vt 0.04334135 0.66385840
vt 0.11047068 0.33743560
vt 0.65565280 0.97964280
vt 0.82142860 0.40924000
vt 0.71247100 0.73405695
vt 0.76136360 0.40924000
vt 0.71733105 0.88928360
vt 0.01785715 0.49270707
vt 0.77414924 0.64369774
vt 0.07792208 0.49270713
vt 0.69694394 0.37541276
vt 0.38968092 0.59069020
vt 0.07520714 0.22642177
vt 0.38968098 0.65008026
vt 0.60555790 0.43639790
vt 0.75966970 0.25521666
vt 0.10559102 0.33125633
vt 0.75966970 0.19582665
vt 0.26360232 0.85317480
vt 0.64943844 0.98618360
vt 0.27935580 0.65486526
vt 0.70625660 0.74059770
vt 0.15646544 0.85320740
vt 0.72114020 0.88113970
vt 0.17321810 0.65728580
vt 0.77795840 0.63555384
vt 0.13107249 0.85321516
vt 0.70355904 0.36926818
vt 0.14806200 0.65785956
vt 0.07134470 0.21829855
vt 0.02393569 0.85324780
vt 0.59732150 0.44016433
vt 0.04192459 0.66028030
vt 0.10666638 0.34017020
vt 0.65162444 0.97865033
vt 0.82142860 0.40575057
vt 0.70844260 0.73306440
vt 0.76136360 0.40575057
vt 0.71489070 0.88596460
vt 0.01785714 0.48921764
vt 0.77170890 0.64037870
vt 0.07792208 0.48921770
vt 0.69594020 0.37142962
vt 0.39321002 0.59069020
vt 0.07106809 0.22613537
vt 0.39321008 0.65008026
vt 0.60220116 0.43398505
vt 0.75614060 0.25521672
vt 0.10223428 0.33366920
vt 0.75614060 0.19582665
vt 0.26468712 0.85691040
vt 0.64496350 0.98474675
vt 0.28034273 0.65114945
vt 0.70178170 0.73916090
vt 0.15538296 0.85694360
vt 0.71811575 0.87757796
vt 0.17205797 0.65361893
vt 0.77493393 0.63199210
vt 0.13215728 0.85695070
vt 0.70210594 0.36484355
vt 0.14904894 0.65414375
vt 0.06664233 0.21829855
vt 0.02285323 0.85698400
vt 0.59371930 0.43717384
vt 0.04076442 0.65661340
vt 0.10267854 0.34263557
vt 0.64767593 0.97738254
vt 0.82142860 0.40226114
vt 0.70449410 0.73179670
vt 0.76136360 0.40226114
vt 0.71222204 0.88282186
vt 0.01785715 0.48572820
vt 0.76904020 0.63723600
vt 0.07792208 0.48572826
vt 0.69465800 0.36752552
vt 0.39673913 0.59069020
vt 0.06691894 0.22613537
vt 0.39673916 0.65008026
vt 0.59902270 0.43134636
vt 0.75261150 0.25521672
vt 0.09871560 0.33584452
vt 0.75261150 0.19582665
vt 0.26550570 0.86071170
vt 0.64060086 0.98300505
vt 0.28106440 0.64737475
vt 0.69741905 0.73741910
vt 0.15456675 0.86074543
vt 0.71484720 0.87423337
vt 0.17116007 0.64988124
vt 0.77166540 0.62864750
vt 0.13297588 0.86075200
vt 0.70034440 0.36052996
vt 0.14977062 0.65036905
vt 0.06195142 0.21862310
vt 0.02203702 0.86078584
vt 0.59033670 0.43394202
vt 0.03986651 0.65287566
vt 0.09852660 0.34481972
vt 0.64382660 0.97584575
vt 0.82142860 0.39877170
vt 0.70064480 0.73025990
vt 0.76136360 0.39877170
vt 0.70933810 0.87987070
vt 0.01785715 0.48223883
vt 0.76615626 0.63428485
vt 0.07792208 0.48223883
vt 0.69310373 0.36371934
vt 0.40026820 0.59069020
vt 0.06277990 0.22642177
vt 0.40026820 0.65008026
vt 0.59603810 0.42849480
vt 0.74908245 0.25521672
vt 0.09505212 0.33777170
vt 0.74908245 0.19582665
vt 0.26605403 0.86456010
vt 0.63637185 0.98096680
vt 0.28151718 0.64355963
vt 0.69319004 0.73538095
vt 0.15402079 0.86459420
vt 0.71135056 0.87112224
vt 0.17052881 0.64609087
vt 0.76816875 0.62553630
vt 0.13352422 0.86460050
vt 0.69828300 0.35634840
vt 0.15022342 0.64655400
vt 0.05729482 0.21927059
vt 0.02149109 0.86463463
vt 0.58719020 0.43048465
vt 0.03923525 0.64908530
vt 0.09423078 0.34671200
vt 0.64009510 0.97404730
vt 0.82142860 0.39528227
vt 0.69691330 0.72846140
vt 0.76136360 0.39528227
vt 0.70625280 0.87712560
vt 0.01785715 0.47874940
vt 0.76307100 0.63153970
vt 0.07792208 0.47874940
vt 0.69128490 0.36002982
vt 0.40379730 0.59069020
vt 0.05867113 0.22699308
vt 0.40379730 0.65008026
vt 0.59326180 0.42544413
vt 0.74555340 0.25521672
vt 0.09126168 0.33944136
vt 0.74555340 0.19582665
vt 0.26632953 0.86843705
vt 0.63229700 0.97864205
vt 0.28169900 0.63972270
vt 0.68911517 0.73305620
vt 0.15374778 0.86847126
vt 0.70764280 0.86825967
vt 0.17016727 0.64226630
vt 0.76446100 0.62267380
vt 0.13379967 0.86847734
vt 0.69593180 0.35231930
vt 0.15040521 0.64271700
vt 0.05269521 0.22023785
vt 0.02121807 0.86851170
vt 0.58429510 0.42681855
vt 0.03887367 0.64526070
vt 0.08981200 0.34830326
vt 0.63649964 0.97199600
vt 0.82142860 0.39179290
vt 0.69331783 0.72641015
vt 0.76136360 0.39179283
vt 0.70298123 0.87459980
vt 0.01785715 0.47525996
vt 0.75979940 0.62901396
vt 0.07792208 0.47526002
vt 0.68921030 0.35647482
vt 0.40732634 0.59069020
vt 0.05461266 0.22784656
vt 0.40732640 0.65008026
vt 0.59070730 0.42220938
vt 0.74202424 0.25521672
vt 0.08736276 0.34084540
vt 0.74202424 0.19582665
vt 0.82142860 0.38830346
vt 0.63305770 0.96970195
vt 0.76136360 0.38830340
vt 0.68987590 0.72411610
vt 0.01785715 0.47177052
vt 0.69953930 0.87230575
vt 0.07792208 0.47177052
vt 0.75635750 0.62671983
vt 0.41085544 0.59069020
vt 0.68689007 0.35307150
vt 0.41085547 0.65008026
vt 0.05062424 0.22897804
vt 0.73849520 0.25521672
vt 0.58838713 0.41880614
vt 0.73849520 0.19582665
vt 0.08337434 0.34197688
vt 0.62839615 0.97604210
vt 0.26633075 0.87232350
vt 0.68521434 0.73045620
vt 0.28160894 0.63588260
vt 0.70374197 0.86565970
vt 0.15374897 0.87235770
vt 0.76056015 0.62007380
vt 0.17007715 0.63842620
vt 0.69330230 0.34846234
vt 0.13380090 0.87236380
vt 0.04817501 0.22152019
vt 0.15031512 0.63887690
vt 0.58166560 0.42296160
vt 0.02121929 0.87239814
vt 0.08529180 0.34958560
vt 0.03878354 0.64142060
vt 0.82142860 0.38481402
vt 0.62978620 0.96717614
vt 0.76136360 0.38481402
vt 0.68660440 0.72159030
vt 0.01785715 0.46828110
vt 0.69594383 0.87025446
vt 0.07792208 0.46828110
vt 0.75276200 0.62466860
vt 0.41438450 0.59069020
vt 0.68433565 0.34983670
vt 0.41438450 0.65008026
vt 0.04672532 0.23038203
vt 0.73496610 0.25521672
vt 0.58631253 0.41525108
vt 0.73496610 0.19582665
vt 0.07931588 0.34283036
vt 0.62468840 0.97317950
vt 0.26605770 0.87620060
vt 0.68150660 0.72759366
vt 0.28124732 0.63205800
vt 0.69966710 0.86333495
vt 0.15402444 0.87623465
vt 0.75648530 0.61774910
vt 0.17025897 0.63458920
vt 0.69040720 0.34479624
vt 0.13352786 0.87624090
vt 0.04375622 0.22311139
vt 0.14995357 0.63505230
vt 0.57931440 0.41893250
vt 0.02149474 0.87627506
vt 0.08069219 0.35055286
vt 0.03896531 0.63758370
vt 0.82142860 0.38132460
vt 0.62670090 0.96443105
vt 0.76136360 0.38132460
vt 0.68351907 0.71884520
vt 0.01785715 0.46479166
vt 0.69221240 0.86845600
vt 0.07792208 0.46479166
vt 0.74903060 0.62287020
vt 0.41791362 0.59069020
vt 0.68155930 0.34678608
vt 0.41791362 0.65008026
vt 0.04293488 0.23205167
vt 0.73143700 0.25521672
vt 0.58449364 0.41156150
vt 0.73143700 0.19582665
vt 0.07520710 0.34340167
vt 0.62119174 0.97006840
vt 0.26551180 0.88004940
vt 0.67800990 0.72448254
vt 0.28061610 0.62826760
vt 0.69543800 0.86129670
vt 0.15457280 0.88008310
vt 0.75225630 0.61571085
vt 0.17071179 0.63077414
vt 0.68726070 0.34133887
vt 0.13298193 0.88008970
vt 0.03946041 0.22500372
vt 0.14932232 0.63126194
vt 0.57725304 0.41475100
vt 0.02204309 0.88012350
vt 0.07603559 0.35120034
vt 0.03941812 0.63376856
vt 0.82142860 0.37783520
vt 0.62381690 0.96147996
vt 0.76136360 0.37783515
vt 0.68063510 0.71589410
vt 0.01785715 0.46130222
vt 0.68836300 0.86691920
vt 0.07792208 0.46130228
vt 0.74518120 0.62133336
vt 0.42144266 0.59069020
vt 0.67857460 0.34393454
vt 0.42144270 0.65008026
vt 0.03927140 0.23397893
vt 0.72790796 0.25521672
vt 0.58293940 0.40775537
vt 0.72790796 0.19582665
vt 0.07106806 0.34368800
vt 0.61792320 0.96672380
vt 0.26469560 0.88385120
vt 0.67474140 0.72113790
vt 0.27971820 0.62452984
vt 0.69107544 0.85955500
vt 0.15539137 0.88388440
vt 0.74789363 0.61396910
vt 0.17143343 0.62699950
vt 0.68387810 0.33810705
vt 0.13216572 0.88389146
vt 0.03530845 0.22718781
vt 0.14842442 0.62752426
vt 0.57549150 0.41043735
vt 0.02286167 0.88392480
vt 0.07134467 0.35152490
vt 0.04013978 0.62999386
vt 0.82142860 0.37434578
vt 0.62114820 0.95833720
vt 0.76136360 0.37434572
vt 0.67796640 0.71275127
vt 0.01785715 0.45781280
vt 0.68441450 0.86565150
vt 0.07792208 0.45781285
vt 0.74123270 0.62006557
vt 0.42497173 0.59069020
vt 0.67539620 0.34129584
vt 0.42497180 0.65008026
vt 0.03575273 0.23615426
vt 0.72437890 0.25521672
vt 0.58165723 0.40385127
vt 0.72437890 0.19582665
vt 0.06691892 0.34368800
vt 0.61489874 0.96316206
vt 0.26361310 0.88758740
vt 0.67171690 0.71757615
vt 0.27855808 0.62086296
vt 0.68660050 0.85811820
vt 0.15647620 0.88761990
vt 0.74341870 0.61253230
vt 0.17242040 0.62328360
vt 0.68027590 0.33511657
vt 0.13108322 0.88762770
vt 0.03132062 0.22965324
vt 0.14726427 0.62385740
vt 0.57403840 0.40601270
vt 0.02394650 0.88766030
vt 0.06664230 0.35152490
vt 0.04112670 0.62627804
vt 0.82142860 0.37085634
vt 0.61870795 0.95501816
vt 0.76136360 0.37085629
vt 0.67552610 0.70943230
vt 0.01785714 0.45432335
vt 0.68038610 0.86465895
vt 0.07792208 0.45432340
vt 0.73720430 0.61907303
vt 0.42850083 0.59069020
vt 0.67203945 0.33888298
vt 0.42850090 0.65008026
vt 0.03239600 0.23856705
vt 0.72084975 0.25521672
vt 0.58065340 0.39986813
vt 0.72084975 0.19582665
vt 0.06277987 0.34340167
vt 0.61213310 0.95940050
vt 0.26226962 0.89123994
vt 0.66895130 0.71381460
vt 0.27714130 0.61728483
vt 0.68203510 0.85699340
vt 0.15782195 0.89127165
vt 0.73885330 0.61140750
vt 0.17366782 0.61964476
vt 0.67647160 0.33238196
vt 0.12973972 0.89128020
vt 0.02751633 0.23238784
vt 0.14584751 0.62027920
vt 0.57290080 0.40149850
vt 0.02529228 0.89131200
vt 0.06195138 0.35120034
vt 0.04237413 0.62263906
vt 0.82142860 0.36736690
vt 0.61650790 0.95153904
vt 0.76136360 0.36736690
vt 0.67332610 0.70595320
vt 0.01785715 0.45083398
vt 0.67629755 0.86394656
vt 0.07792208 0.45083398
vt 0.73311573 0.61836070
vt 0.43202993 0.59069020
vt 0.66852087 0.33670765
vt 0.43202993 0.65008026
vt 0.02921757 0.24120575
vt 0.71732074 0.25521672
vt 0.57993300 0.39582550
vt 0.71732074 0.19582665
vt 0.05867111 0.34283036
vt 0.60963964 0.95545745
vt 0.26067168 0.89479090
vt 0.66645783 0.70987160
vt 0.27547488 0.61381280
vt 0.67740130 0.85618600
vt 0.15942213 0.89482160
vt 0.73421950 0.61060010
vt 0.17516968 0.61610050
vt 0.67248374 0.32991660
vt 0.12814175 0.89483110
vt 0.02391410 0.23537832
vt 0.14418107 0.61680720
vt 0.57208420 0.39691687
vt 0.02689245 0.89486200
vt 0.05729478 0.35055286
vt 0.04387596 0.61909485
vt 0.82142860 0.36387748
vt 0.61455876 0.94791675
vt 0.76136360 0.36387742
vt 0.67137694 0.70233080
vt 0.01785715 0.44734454
vt 0.67216860 0.86351776
vt 0.07792208 0.44734460
vt 0.72898680 0.61793184
vt 0.43555897 0.59069020
vt 0.66485730 0.33478045
vt 0.43555900 0.65008026
vt 0.02623292 0.24405736
vt 0.71379160 0.25521672
vt 0.57949930 0.39174300
vt 0.71379160 0.19582665
vt 0.05461263 0.34197688
vt 0.82142860 0.36038804
vt 0.61287016 0.94416887
vt 0.76136360 0.36038798
vt 0.66968834 0.69858300
vt 0.01785715 0.44385510
vt 0.66801950 0.86337460
vt 0.07792208 0.44385517
vt 0.72483766 0.61778870
vt 0.43908805 0.59069020
vt 0.66106695 0.33311075
vt 0.43908810 0.65008026
vt 0.02345660 0.24710798
vt 0.71026254 0.25521672
vt 0.57935447 0.38764048
vt 0.71026254 0.19582665
vt 0.05062421 0.34084540
vt 0.60743070 0.95135220
vt 0.25882700 0.89822300
vt 0.66424890 0.70576630
vt 0.27356680 0.61046400
vt 0.67272180 0.85570000
vt 0.16126892 0.89825255
vt 0.72954005 0.61011410
vt 0.17691861 0.61266816
vt 0.66833186 0.32773244
vt 0.12629713 0.89826320
vt 0.02053150 0.23861015
vt 0.14227305 0.61345834
vt 0.57159270 0.39229000
vt 0.02873922 0.89829296
vt 0.05269518 0.34958560
vt 0.04562488 0.61566250
vt 0.82142860 0.35689860
vt 0.61145020 0.94031376
vt 0.76136360 0.35689860
vt 0.66826840 0.69472790
vt 0.01785715 0.44036573
vt 0.66387033 0.86351776
vt 0.07792208 0.44036573
vt 0.72068850 0.61793184
vt 0.44261715 0.59069020
vt 0.65716803 0.33170676
vt 0.44261715 0.65008026
vt 0.02090213 0.25034280
vt 0.70673350 0.25521672
vt 0.57949930 0.38353790
vt 0.70673350 0.19582665
vt 0.04672528 0.33944136
vt 0.60551690 0.94710463
vt 0.25674468 0.90151950
vt 0.66233510 0.70151880
vt 0.27142650 0.60725440
vt 0.66801950 0.85553770
vt 0.16335328 0.90154780
vt 0.72483766 0.60995185
vt 0.17890611 0.60936450
vt 0.66403600 0.32584018
vt 0.12421483 0.90155977
vt 0.01738500 0.24206752
vt 0.14013273 0.61024880
vt 0.57142860 0.38764048
vt 0.03082360 0.90158820
vt 0.04817497 0.34830320
vt 0.04761239 0.61235887
vt 0.82142860 0.35340917
vt 0.61030585 0.93637020
vt 0.76136360 0.35340917
vt 0.66712403 0.69078430
vt 0.01785715 0.43687630
vt 0.65974140 0.86394656
vt 0.07792208 0.43687630
vt 0.71655960 0.61836070
vt 0.44614620 0.59069020
vt 0.65317960 0.33057530
vt 0.44614622 0.65008026
vt 0.01858195 0.25374603
vt 0.70320440 0.25521672
vt 0.57993300 0.37945540
vt 0.70320440 0.19582665
vt 0.04293486 0.33777170
vt 0.60390760 0.94273550
vt 0.25443482 0.90466440
vt 0.66072580 0.69714963
vt 0.26906430 0.60419990
vt 0.66331710 0.85570000
vt 0.16566510 0.90469134
vt 0.72013530 0.61011410
vt 0.18112253 0.60620550
vt 0.65961725 0.32424890
vt 0.12190497 0.90470470
vt 0.01448994 0.24573362
vt 0.13777055 0.60719430
vt 0.57159260 0.38299090
vt 0.03313543 0.90473170
vt 0.04375619 0.34671200
vt 0.04982876 0.60919994
vt 0.30519480 0.13964689
vt 0.82142860 0.34991974
vt 0.60944265 0.93235730
vt 0.30519482 0.19903690
vt 0.76136360 0.34991974
vt 0.66626084 0.68677140
vt 0.01785715 0.43338686
vt 0.38311687 0.13964689
vt 0.65565276 0.86465895
vt 0.07792208 0.43338686
vt 0.38311687 0.19903690
vt 0.71247095 0.61907315
vt 0.44967532 0.59069020
vt 0.79220780 0.86516860
vt 0.64912105 0.32972180
vt 0.44967532 0.65008026
vt 0.85227275 0.86516860
vt 0.01650737 0.25730110
vt 0.69967530 0.25521672
vt 0.79220780 0.94221510
vt 0.58065340 0.37541276
vt 0.69967530 0.19582665
vt 0.85227275 0.94221510
vt 0.03927137 0.33584452
vt 0.60261070 0.93826604
vt 0.25190870 0.90764236
vt 0.65942890 0.69268024
vt 0.26649180 0.60131530
vt 0.65863764 0.85618603
vt 0.16819312 0.90766776
vt 0.71545583 0.61060010
vt 0.18355703 0.60320675
vt 0.65509700 0.32296658
vt 0.11937881 0.90768266
vt 0.01186041 0.24959058
vt 0.13519803 0.60430970
vt 0.57208420 0.37836403
vt 0.03566346 0.90770810
vt 0.03946037 0.34481972
vt 0.05226328 0.60620110
vt 0.30873670 0.13964689
vt 0.60886484 0.92829470
vt 0.30873670 0.19903690
vt 0.66568303 0.68270886
vt 0.37957495 0.13964689
vt 0.65162440 0.86565150
vt 0.37957498 0.19903690
vt 0.70844257 0.62006557
vt 0.79220780 0.86867064
vt 0.64501230 0.32915050
vt 0.85227275 0.86867070
vt 0.01468851 0.26099062
vt 0.79220780 0.93871295
vt 0.58165723 0.37142956
vt 0.85227275 0.93871295
vt 0.03575271 0.33366920
vt 0.31227863 0.13964689
vt 0.60857520 0.92420214
vt 0.31227866 0.19903690
vt 0.66539340 0.67861630
vt 0.37603304 0.13964689
vt 0.64767593 0.86691920
vt 0.37603307 0.19903690
vt 0.70449410 0.62133336
vt 0.79220780 0.87217280
vt 0.64087330 0.32886416
vt 0.85227275 0.87217280
vt 0.01313421 0.26479680
vt 0.79220780 0.93521080
vt 0.58293940 0.36752552
vt 0.85227275 0.93521090
vt 0.03239597 0.33125633
vt 0.60163240 0.93371814
vt 0.24917853 0.91043890
vt 0.65845060 0.68813230
vt 0.26372150 0.59861470
vt 0.65400386 0.85699340
vt 0.17092498 0.91046260
vt 0.71082205 0.61140750
vt 0.18619776 0.60038270
vt 0.65049744 0.32199930
vt 0.11664870 0.91047920
vt 0.00950922 0.25361960
vt 0.13242768 0.60160900
vt 0.57290080 0.37378234
vt 0.03839536 0.91050300
vt 0.03530843 0.34263557
vt 0.05490399 0.60337710
vt 0.31582054 0.13964689
vt 0.60857520 0.92009960
vt 0.31582057 0.19903690
vt 0.66539340 0.67451376
vt 0.37249112 0.13964689
vt 0.64382654 0.86845607
vt 0.37249118 0.19903690
vt 0.70064473 0.62287020
vt 0.79220780 0.87567484
vt 0.63672420 0.32886416
vt 0.85227275 0.87567490
vt 0.01185205 0.26870084
vt 0.79220780 0.93170870
vt 0.58449370 0.36371934
vt 0.85227275 0.93170875
vt 0.02921755 0.32861763
vt 0.60097754 0.92911386
vt 0.24625771 0.91304034
vt 0.65779570 0.68352800
vt 0.26076680 0.59611110
vt 0.64943844 0.85811820
vt 0.17384745 0.91306220
vt 0.70625660 0.61253230
vt 0.18903185 0.59774720
vt 0.64584080 0.32135183
vt 0.11372788 0.91308060
vt 0.00744784 0.25780112
vt 0.12947302 0.59910550
vt 0.57403840 0.36926818
vt 0.04131779 0.91310257
vt 0.03132060 0.34017020
vt 0.05773807 0.60074150
vt 0.31936243 0.13964689
vt 0.60886484 0.91600710
vt 0.31936250 0.19903690
vt 0.66568303 0.67042124
vt 0.36894920 0.13964689
vt 0.64009510 0.87025446
vt 0.36894923 0.19903690
vt 0.69691330 0.62466860
vt 0.79220780 0.87917700
vt 0.63258510 0.32915050
vt 0.85227275 0.87917703
vt 0.01084828 0.27268398
vt 0.79220780 0.92820660
vt 0.58631260 0.36002982
vt 0.85227275 0.92820660
vt 0.02623289 0.32576603
vt 0.32290438 0.13964689
vt 0.60944265 0.91194450
vt 0.32290438 0.19903690
vt 0.66626084 0.66635860
vt 0.36540730 0.13964689
vt 0.63649964 0.87230575
vt 0.36540732 0.19903690
vt 0.69331783 0.62671983
vt 0.79220780 0.88267910
vt 0.62847630 0.32972180
vt 0.85227275 0.88267916
vt 0.01012779 0.27672666
vt 0.79220780 0.92470450
vt 0.58838713 0.35647476
vt 0.85227275 0.92470450
vt 0.02345657 0.32271540
vt 0.60064936 0.92447567
vt 0.24316044 0.91543400
vt 0.65746754 0.67888975
vt 0.25764218 0.59381690
vt 0.64496350 0.85955500
vt 0.17694621 0.91545403
vt 0.70178170 0.61396910
vt 0.19204554 0.59531295
vt 0.64114990 0.32102728
vt 0.11063059 0.91547430
vt 0.00568630 0.26211476
vt 0.12634842 0.59681130
vt 0.57549150 0.36484350
vt 0.04441658 0.91549440
vt 0.02751630 0.33743560
vt 0.06075173 0.59830740
vt 0.32644630 0.13964689
vt 0.61030585 0.90793160
vt 0.32644632 0.19903690
vt 0.66712403 0.66234577
vt 0.36186540 0.13964689
vt 0.63305770 0.87459990
vt 0.36186540 0.19903690
vt 0.68987590 0.62901400
vt 0.79220780 0.88618124
vt 0.62441784 0.33057530
vt 0.85227275 0.88618124
vt 0.00969408 0.28080916
vt 0.79220780 0.92120236
vt 0.59070730 0.35307150
vt 0.85227275 0.92120240
vt 0.02090210 0.31948066
vt 0.60064936 0.91982615
vt 0.23990180 0.91760830
vt 0.65746754 0.67424023
vt 0.25436290 0.59174323
vt 0.64060086 0.86129680
vt 0.18020620 0.91762630
vt 0.69741905 0.61571085
vt 0.19522406 0.59309196
vt 0.63644750 0.32102728
vt 0.10737199 0.91764855
vt 0.00423319 0.26653945
vt 0.12306913 0.59473750
vt 0.57725304 0.36052990
vt 0.04767655 0.91766670
vt 0.02391408 0.33444512
vt 0.06393027 0.59608626
vt 0.32998818 0.13964689
vt 0.61145020 0.90398800
vt 0.32998820 0.19903690
vt 0.66826840 0.65840214
vt 0.35832348 0.13964689
vt 0.62978613 0.87712560
vt 0.35832350 0.19903690
vt 0.68660430 0.63153970
vt 0.79220780 0.88968337
vt 0.62042946 0.33170676
vt 0.85227275 0.88968337
vt 0.00954928 0.28491170
vt 0.79220780 0.91770023
vt 0.59326180 0.34983670
vt 0.85227275 0.91770030
vt 0.01858194 0.31607735
vt 0.33353007 0.13964689
vt 0.61287016 0.90013290
vt 0.33353013 0.19903690
vt 0.66968834 0.65454704
vt 0.35478157 0.13964689
vt 0.62670090 0.87987070
vt 0.35478160 0.19903690
vt 0.68351907 0.63428485
vt 0.79220780 0.89318544
vt 0.61653050 0.33311075
vt 0.85227275 0.89318550
vt 0.00969408 0.28901422
vt 0.79220780 0.91419816
vt 0.59603810 0.34678608
vt 0.85227275 0.91419816
vt 0.01650736 0.31252235
vt 0.33707200 0.13964689
vt 0.61455876 0.89638510
vt 0.33707204 0.19903690
vt 0.67137694 0.65079916
vt 0.35123965 0.13964689
vt 0.62381685 0.88282186
vt 0.35123968 0.19903690
vt 0.68063504 0.63723600
vt 0.79220780 0.89668757
vt 0.61274004 0.33478045
vt 0.85227275 0.89668757
vt 0.01012778 0.29309672
vt 0.79220780 0.91069600
vt 0.59902275 0.34393448
vt 0.85227275 0.91069600
vt 0.01468849 0.30883276
vt 0.34061393 0.13964689
vt 0.61650790 0.89276270
vt 0.34061396 0.19903690
vt 0.67332610 0.64717686
vt 0.34769773 0.13964689
vt 0.62114820 0.88596460
vt 0.34769776 0.19903690
vt 0.67796640 0.64037870
vt 0.79220780 0.90018970
vt 0.60907660 0.33670765
vt 0.85227275 0.90018970
vt 0.01084827 0.29713940
vt 0.79220780 0.90719390
vt 0.60220116 0.34129584
vt 0.85227275 0.90719396
vt 0.01313420 0.30502665
vt 0.34415585 0.13964689
vt 0.61870795 0.88928360
vt 0.34415585 0.19903690
vt 0.67552610 0.64369774
vt 0.79220780 0.90369177
vt 0.60555790 0.33888298
vt 0.85227275 0.90369180
vt 0.01185205 0.30112255
vt 0.60097754 0.91518795
vt 0.23649770 0.91955256
vt 0.65779570 0.66960204
vt 0.25094488 0.58990000
vt 0.63637180 0.86333495
vt 0.18361154 0.91956850
vt 0.69319000 0.61774910
vt 0.19855200 0.59109500
vt 0.63175660 0.32135183
vt 0.10396787 0.91959286
vt 0.00309559 0.27105360
vt 0.11965112 0.59289443
vt 0.57931440 0.35634840
vt 0.05108189 0.91960883
vt 0.02053148 0.33121330
vt 0.06725820 0.59408930
vt 0.60163240 0.91058360
vt 0.23296465 0.92125740
vt 0.65845060 0.66499776
vt 0.24740480 0.58829650
vt 0.63229700 0.86565970
vt 0.18714560 0.92127115
vt 0.68911517 0.62007380
vt 0.20201309 0.58933175
vt 0.62710000 0.32199930
vt 0.10043479 0.92129755
vt 0.00227902 0.27563530
vt 0.11611103 0.59129083
vt 0.58166560 0.35231930
vt 0.05461596 0.92131144
vt 0.01738498 0.32775593
vt 0.07071930 0.59232610
vt 0.60261065 0.90603570
vt 0.22931993 0.92271435
vt 0.65942883 0.66044986
vt 0.24375990 0.58694030
vt 0.62839615 0.86825967
vt 0.19079123 0.92272590
vt 0.68521434 0.62267387
vt 0.20559053 0.58781080
vt 0.62250036 0.32296658
vt 0.09679007 0.92275450
vt 0.00178749 0.28026217
vt 0.11246610 0.58993470
vt 0.58429510 0.34846234
vt 0.05826162 0.92276620
vt 0.01448992 0.32408983
vt 0.07429674 0.59080520
vt 0.60390760 0.90156627
vt 0.22558127 0.92391646
vt 0.66072580 0.65598040
vt 0.24002789 0.58583810
vt 0.62468840 0.87112224
vt 0.19453064 0.92392576
vt 0.68150660 0.62553640
vt 0.20926686 0.58653975
vt 0.61798020 0.32424890
vt 0.09305141 0.92395663
vt 0.00162338 0.28491170
vt 0.10873412 0.58883250
vt 0.58719020 0.34479624
vt 0.06200103 0.92396605
vt 0.01186039 0.32023280
vt 0.07797305 0.58953404
vt 0.60551690 0.89719710
vt 0.22176693 0.92485785
vt 0.66233510 0.65161127
vt 0.23622704 0.58499527
vt 0.62119174 0.87423337
vt 0.19834559 0.92486480
vt 0.67800990 0.62864750
vt 0.21302417 0.58552444
vt 0.61356140 0.32584018
vt 0.08923706 0.92489800
vt 0.00178749 0.28956120
vt 0.10493323 0.58798970
vt 0.59033670 0.34133887
vt 0.06581598 0.92490510
vt 0.00950921 0.31620377
vt 0.08173034 0.58851886
vt 0.60743070 0.89294960
vt 0.21789543 0.92553390
vt 0.66424890 0.64736380
vt 0.23237580 0.58441590
vt 0.61792320 0.87757800
vt 0.20221750 0.92553850
vt 0.67474140 0.63199210
vt 0.21684407 0.58477020
vt 0.60926560 0.32773244
vt 0.08536554 0.92557410
vt 0.50324670 0.45499307
vt 0.00227902 0.29418808
vt 0.10108198 0.58741033
vt 0.59371930 0.33810705
vt 0.06968792 0.92557880
vt 0.00744783 0.31202227
vt 0.08555029 0.58776450
vt 0.60963964 0.88884430
vt 0.21398564 0.92594135
vt 0.66645783 0.64325845
vt 0.22849292 0.58410287
vt 0.61489874 0.88113976
vt 0.20612754 0.92594360
vt 0.67171690 0.63555390
vt 0.22070813 0.58428040
vt 0.60511360 0.32991660
vt 0.08145602 0.92598140
vt 0.50370395 0.45110905
vt 0.00309557 0.29876977
vt 0.09719913 0.58709730
vt 0.59732157 0.33511657
vt 0.07359793 0.92598380
vt 0.00568629 0.30770862
vt 0.08941430 0.58727485
vt 0.61213310 0.88490130
vt 0.21005663 0.92607814
vt 0.66895130 0.63931540
vt 0.22459736 0.58405757
vt 0.60112584 0.33238196
vt 0.07752703 0.92611825
vt 0.00423318 0.30328400
vt 0.09330358 0.58705200
vt 0.61684930 0.26423454
vt 0.61684930 0.26423454
vt 0.61684930 0.26423454
vt 0.61684930 0.26423454
vt 0.61658410 0.20477563
vt 0.61658410 0.20477563
vt 0.61658410 0.20477563
vt 0.61685765 0.26468354
vt 0.61685765 0.26468354
vt 0.61659050 0.20434314
vt 0.61659050 0.20434314
vt 0.61687430 0.26558352
vt 0.61687430 0.26558352
vt 0.61659575 0.20346636
vt 0.61659575 0.20346636
vt 0.61689630 0.26648940
vt 0.61689630 0.26648940
vt 0.61660874 0.20259362
vt 0.61660874 0.20259362
vt 0.29018337 0.92932910
vt 0.61691797 0.26740593
vt 0.29018337 0.92932910
vt 0.61691797 0.26740593
vt 0.61663190 0.20171887
vt 0.61663190 0.20171887
vt 0.61665330 0.20128512
vt 0.61665330 0.20128512
vt 0.28927898 0.92932934
vt 0.28927898 0.92932934
vt 0.61668870 0.20040351
vt 0.61668870 0.20040351
vt 0.28837454 0.92932963
vt 0.28837454 0.92932963
vt 0.61672634 0.19951129
vt 0.61672634 0.19951129
vt 0.28747013 0.92932990
vt 0.28747013 0.92932990
vt 0.61676455 0.19860673
vt 0.61676455 0.19860673
vt 0.28611480 0.92933030
vt 0.28611480 0.92933030
vt 0.61679270 0.19723248
vt 0.61679270 0.19723248
vt 0.28521037 0.92933060
vt 0.28521037 0.92933060
vt 0.61679924 0.19676137
vt 0.61679924 0.19676137
vt 0.61680380 0.19629031
vt 0.61680380 0.19629031
vt 0.28430596 0.92933095
vt 0.28430596 0.92933095
vt 0.29808265 0.57912636
vt 0.61680050 0.19582665
vt 0.29808265 0.57912636
vt 0.61680050 0.19582665
vt 0.28340158 0.92933120
vt 0.28340158 0.92933120
vt 0.29718265 0.57916075
vt 0.29718265 0.57916075
vt 0.28294912 0.92933130
vt 0.28294912 0.92933130
vt 0.28294912 0.92933130
vt 0.50712600 0.65130997
vt 0.50712600 0.65130997
vt 0.50712600 0.65130997
vt 0.29673305 0.57917446
vt 0.29673305 0.57917446
vt 0.29673305 0.57917446
vt 0.29673305 0.57917446
vt 0.00463665 0.92941600
vt 0.00463665 0.92941600
vt 0.50762110 0.37478858
vt 0.50762110 0.37478858
vt 0.00463665 0.92941600
vt 0.50762110 0.37478858
vt 0.02101606 0.58546270
vt 0.02101606 0.58546270
vt 0.02101606 0.58546270
vt 0.02101606 0.58546270
vt 0.02056374 0.58547115
vt 0.00373227 0.92941630
vt 0.00373227 0.92941630
vt 0.02010781 0.58547115
vt 0.01965944 0.58546925
vt 0.00282785 0.92941660
vt 0.00282785 0.92941660
vt 0.01921107 0.58546680
vt 0.00237536 0.92941670
vt 0.00237536 0.92941670
vt 0.00192289 0.92941690
vt 0.83603895 0.27037060
vt 0.00192289 0.92941690
vt 0.25324675 0.06261229
vt 0.83603895 0.27037060
vt 0.99837660 0.34835654
vt 0.01831494 0.58546185
vt 0.01786663 0.58546030
vt 0.83717287 0.27036774
vt 0.83717287 0.27036774
vt 0.01741830 0.58545690
vt 0.83773845 0.27036620
vt 0.83773845 0.27036620
vt 0.97402596 0.86998390
vt 0.01696998 0.58545357
vt 0.98701300 0.74959874
vt 0.83830340 0.27036762
vt 0.97321427 0.87158906
vt 0.01652166 0.58545030
vt 0.57954544 0.13162118
vt 0.98538960 0.74879610
vt 0.83886850 0.27036905
vt 0.83886850 0.27036905
vt 0.97240260 0.86998390
vt 0.01607394 0.58543956
vt 0.57954544 0.13001603
vt 0.98701300 0.74799360
vt 0.83943400 0.27037257
vt 0.83943400 0.27037257
vt 0.01562328 0.58542930
vt 0.01517438 0.58541490
vt 0.35798046 0.25449318
vt 0.84056900 0.27037920
vt 0.35798046 0.25449318
vt 0.84056900 0.27037920
vt 0.01472610 0.58539593
vt 0.77759740 0.12893897
vt 0.35798016 0.25495034
vt 0.35798016 0.25495034
vt 0.01426895 0.58536660
vt 0.77759380 0.12841094
vt 0.35798138 0.25540720
vt 0.35798138 0.25540720
vt 0.01381663 0.58533320
vt 0.35798368 0.25586300
vt 0.35798368 0.25586300
vt 0.01336938 0.58530270
vt 0.70779220 0.79935795
vt 0.35798648 0.25631815
vt 0.35798648 0.25631815
vt 0.01292205 0.58527040
vt 0.70779220 0.80016050
vt 0.35798950 0.25677323
vt 0.35798950 0.25677323
vt 0.01247479 0.58523670
vt 0.35849985 0.32033354
vt 0.70779220 0.80096304
vt 0.35799357 0.25722843
vt 0.35799357 0.25722843
vt 0.35849592 0.31987828
vt 0.35799828 0.25768370
vt 0.35799828 0.25768370
vt 0.35849205 0.31942326
vt 0.35800320 0.25813900
vt 0.35800320 0.25813900
vt 0.35848880 0.31896818
vt 0.35800755 0.25859320
vt 0.35800755 0.25859320
vt 0.35800755 0.25859320
vt 0.35800755 0.25859320
vt 0.35848520 0.31851482
vt 0.35848520 0.31851482
vt 0.61663336 0.20434433
vt 0.28339940 0.92937505
vt 0.00418663 0.92946250
vt 0.35853360 0.31896573
vt 0.61667585 0.20434964
vt 0.28339294 0.92941844
vt 0.00419315 0.92950590
vt 0.35857790 0.31895888
vt 0.35858074 0.31941830
vt 0.61671760 0.20435905
vt 0.28338224 0.92946100
vt 0.00420390 0.92954850
vt 0.35862110 0.31894773
vt 0.35862910 0.31987065
vt 0.61675805 0.20437253
vt 0.28336737 0.92950237
vt 0.00421911 0.92958975
vt 0.35866290 0.31893240
vt 0.35867646 0.32032323
vt 0.35866848 0.31940484
vt 0.61679710 0.20438999
vt 0.28334850 0.92954206
vt 0.00423837 0.92962930
vt 0.35870305 0.31891310
vt 0.00238612 0.92963290
vt 0.25193757 0.06260032
vt 1.00000000 0.34991974
vt 0.61683410 0.20441103
vt 0.28332123 0.92958270
vt 0.50739860 0.65168536
vt 0.00426139 0.92966690
vt 0.35874110 0.31888992
vt 0.00193479 0.92967270
vt 1.00000000 0.34831458
vt 0.01337617 0.58504960
vt 0.61686885 0.20443565
vt 0.28328654 0.92962440
vt 0.50743790 0.65165937
vt 0.00428805 0.92970200
vt 0.35877675 0.31886315
vt 0.01382397 0.58504105
vt 0.61690100 0.20446348
vt 0.28325754 0.92965764
vt 0.50747410 0.65163000
vt 0.00431806 0.92973440
vt 0.50797236 0.37447137
vt 0.35880950 0.31883293
vt 0.01427223 0.58503306
vt 0.35884080 0.31935160
vt 0.00286516 0.92977010
vt 0.61693007 0.20449412
vt 0.28322548 0.92968800
vt 0.50750700 0.65159750
vt 0.00446704 0.93994630
vt 0.50800496 0.37450410
vt 0.35883920 0.31879973
vt 0.61695610 0.20452756
vt 0.28319055 0.92971504
vt 0.50753623 0.65156233
vt 0.00450379 0.93997090
vt 0.50803390 0.37453955
vt 0.35886553 0.31876380
vt 0.35889015 0.31981720
vt 0.61697870 0.20456320
vt 0.28315315 0.92973864
vt 0.50756150 0.65152460
vt 0.00454279 0.93999183
vt 0.50805880 0.37457740
vt 0.35888815 0.31872547
vt 0.61699784 0.20460081
vt 0.28311360 0.92975855
vt 0.50758260 0.65148485
vt 0.00458370 0.94000894
vt 0.50807947 0.37461728
vt 0.35890690 0.31868505
vt 0.61700420 0.20400417
vt 0.00385459 0.93111700
vt 0.00385459 0.93111700
vt 0.50809103 0.37399680
vt 0.53856620 0.70706810
vt 0.61701316 0.20464009
vt 0.28307223 0.92977460
vt 0.50759930 0.65144350
vt 0.00462608 0.94002205
vt 0.50809580 0.37465888
vt 0.35892160 0.31864297
vt 0.00241962 0.92984810
vt 0.25162336 0.06279361
vt 0.01291456 0.58484524
vt 0.35894307 0.32074183
vt 0.61714690 0.19999987
vt 0.61702466 0.20468056
vt 0.28302953 0.92978650
vt 0.50761145 0.65140080
vt 0.00466953 0.94003100
vt 0.50810754 0.37470162
vt 0.35893210 0.31859976
vt 0.61703235 0.20472193
vt 0.28298584 0.92979430
vt 0.50761896 0.65135720
vt 0.00471365 0.94003576
vt 0.50811460 0.37474525
vt 0.35893828 0.31855565
vt 0.29672116 0.57873250
vt 0.00475804 0.94003630
vt 0.50811690 0.37478930
vt 0.50811690 0.37478930
vt 0.35894018 0.31851120
vt 0.35894018 0.31851120
vt 0.28835762 0.92979914
vt 0.01606611 0.58497530
vt 0.83940720 0.27084452
vt 0.35899740 0.31926626
vt 0.61725550 0.19910562
vt 0.83997214 0.27088052
vt 0.01336029 0.58479756
vt 0.15668282 0.05931854
vt 0.28926134 0.92985640
vt 0.35852072 0.25447482
vt 0.84054226 0.27091515
vt 0.15587187 0.05939007
vt 0.28971604 0.92988060
vt 0.61753150 0.26786882
vt 0.61735606 0.19819027
vt 0.01740765 0.58491420
vt 0.35906872 0.31921262
vt 0.35856342 0.25539386
vt 0.01380595 0.58474934
vt 0.61742944 0.19725615
vt 0.01830457 0.58487934
vt 0.35858518 0.25584936
vt 0.61752050 0.26647484
vt 0.35860450 0.25630438
vt 0.29850802 0.57848775
vt 0.61747430 0.19629002
vt 0.01920374 0.58485210
vt 0.34415585 0.97678270
vt 0.61751187 0.26557130
vt 0.01965556 0.58484720
vt 0.34424153 0.97634804
vt 0.35863500 0.25721580
vt 0.37500000 0.02889246
vt 0.35913450 0.31915230
vt 0.61750776 0.26512300
vt 0.29761230 0.57851660
vt 0.35864880 0.25767243
vt 0.37662336 0.02808988
vt 0.01248186 0.58419880
vt 0.01248186 0.58419880
vt 0.35915595 0.32068790
vt 0.49025974 0.07704657
vt 0.02055172 0.58483580
vt 0.35865924 0.25813043
vt 0.35865924 0.25813043
vt 0.37500000 0.02728730
vt 0.87012990 0.74290824
vt 0.87012990 0.74290824
vt 0.90746754 0.93739970
vt 0.61749816 0.26422906
vt 0.35866293 0.25858700
vt 0.61726020 0.20316553
vt 0.01166107 0.58351660
vt 0.35919106 0.32019222
vt 0.35919386 0.31908566
vt 0.83766186 0.27111012
vt 0.35924650 0.31901360
vt 0.28555160 0.93010557
vt 0.88474023 0.35152918
vt 0.01332100 0.58454746
vt 0.48958933 0.07544142
vt 0.35929180 0.31893682
vt 0.35932943 0.31885600
vt 0.87021980 0.68041120
vt 0.28454763 0.93016730
vt 0.00303580 0.93026054
vt 0.01166624 0.58334530
vt 0.35935092 0.32011652
vt 0.01210798 0.58355117
vt 0.35936275 0.32061410
vt 0.35936037 0.31956285
vt 0.87028223 0.67969060
vt 0.35935890 0.31877178
vt 0.87024570 0.68049740
vt 0.61758125 0.20007443
vt 0.28785902 0.93020314
vt 0.92207790 0.05052191
vt 0.01558369 0.58455944
vt 0.28600000 0.93020740
vt 0.88555294 0.35152490
vt 0.01376058 0.58446050
vt 0.35937998 0.31868505
vt 0.87026440 0.68058620
vt 0.35939243 0.31859678
vt 0.87027574 0.68067670
vt 0.61747650 0.20475530
vt 0.61747650 0.20475530
vt 0.28295603 0.93024504
vt 0.50811690 0.65131134
vt 0.28295603 0.93024504
vt 0.50811690 0.65131134
vt 0.02099534 0.58457920
vt 0.35891905 0.25858474
vt 0.35939610 0.31850773
vt 0.35939610 0.31850773
vt 0.61767420 0.19963187
vt 0.01602950 0.58451250
vt 0.61751680 0.20384145
vt 0.15746753 0.05778491
vt 0.28874728 0.93048710
vt 0.28874728 0.93048710
vt 0.92059594 0.05136436
vt 0.61776483 0.19918782
vt 0.01647511 0.58446383
vt 0.83989805 0.27138280
vt 0.61759317 0.20236659
vt 0.01255542 0.58358383
vt 0.48934516 0.07682878
vt 0.28381795 0.93036370
vt 0.35954937 0.31937110
vt 0.87044394 0.67988350
vt 0.61761546 0.20285511
vt 0.84046320 0.27145040
vt 0.15584415 0.05778491
vt 0.28957690 0.93111130
vt 0.61812484 0.26787597
vt 0.61794050 0.19826680
vt 0.61774910 0.20103568
vt 0.83757120 0.27147520
vt 0.01463965 0.58428880
vt 0.35962790 0.31926346
vt 0.87051210 0.67999315
vt 0.35964996 0.31991470
vt 0.87058485 0.67933870
vt 0.61801580 0.19779730
vt 0.35914457 0.25535154
vt 0.61775960 0.20196688
vt 0.01346096 0.58398940
vt 0.01346096 0.58398940
vt 0.08450860 0.07704657
vt 0.48863637 0.07544142
vt 0.01826653 0.58429784
vt 0.34457546 0.97777300
vt 0.00415017 0.94079757
vt 0.53934710 0.70726270
vt 0.35969564 0.31914872
vt 0.87057110 0.68011045
vt 0.28731236 0.93060946
vt 0.28731236 0.93060946
vt 0.88798700 0.35152918
vt 0.92205286 0.04975921
vt 0.01508054 0.58420850
vt 0.61814920 0.26647360
vt 0.61812800 0.19682300
vt 0.01871854 0.58426490
vt 0.34466863 0.97733796
vt 0.35922518 0.25626940
vt 0.87088895 0.74473450
vt 0.01256232 0.58333090
vt 0.35925480 0.25673014
vt 0.87083360 0.74428830
vt 0.35975190 0.31902796
vt 0.87062000 0.68023396
vt 0.00297080 0.93074370
vt 0.53946680 0.70663410
vt 0.83766234 0.02728730
vt 0.29804590 0.57788086
vt 0.41090348 0.70923305
vt 0.61820800 0.19582939
vt 0.35927978 0.25718898
vt 0.87078995 0.74383360
vt 0.61814950 0.26511675
vt 0.02009120 0.58421280
vt 0.34495574 0.97604160
vt 0.29714987 0.57789490
vt 0.41065022 0.71010580
vt 0.61814547 0.26422542
vt 0.35931800 0.25858140
vt 0.87073267 0.74243927
vt 0.06655844 0.01926166
vt 0.83867306 0.27167922
vt 0.01552177 0.58413010
vt 0.61792630 0.20156640
vt 0.00126862 0.93076116
vt 0.25324675 0.06420547
vt 0.83690080 0.27169680
vt 0.01412135 0.58405390
vt 0.08441559 0.07865167
vt 0.29670045 0.57784915
vt 0.41059098 0.71056380
vt 0.00479168 0.94092995
vt 0.53948780 0.70790553
vt 0.35985160 0.31850415
vt 0.87070940 0.68076724
vt 0.35985160 0.31850415
vt 0.87070940 0.68076724
vt 0.35990150 0.31966090
vt 0.87079930 0.67959440
vt 0.28812720 0.93109840
vt 0.92045456 0.05054975
vt 0.06818182 0.02006423
vt 0.83922505 0.27177894
vt 0.28470725 0.93073684
vt 0.01206697 0.58291554
vt 0.35993314 0.32027173
vt 0.87090020 0.67899346
vt 0.01301052 0.58332250
vt 0.08594599 0.07704657
vt 0.83744290 0.27183545
vt 0.01455521 0.58393204
vt 0.00234858 0.93088780
vt 0.01254611 0.58307827
vt 0.87088970 0.67973995
vt 0.61826974 0.19931418
vt 0.01640420 0.58397603
vt 0.06655844 0.02086675
vt 0.83978080 0.27188027
vt 0.00299435 0.93098900
vt 0.53981440 0.70633460
vt 0.83847404 0.02889246
vt 0.01201478 0.58270920
vt 0.87103987 0.67914440
vt 0.01684905 0.58390236
vt 0.93023040 0.71107540
vt 0.35960755 0.25437194
vt 0.84034204 0.27198082
vt 0.87096780 0.67989534
vt 0.61826354 0.20075393
vt 0.83798580 0.27197105
vt 0.01373982 0.58352280
vt 0.01373982 0.58352280
vt 0.08603896 0.07865167
vt 0.63149350 0.07544142
vt 0.28937462 0.93162300
vt 0.61852986 0.19839060
vt 0.01730789 0.58382260
vt 0.01730789 0.58382260
vt 0.71266234 0.07383627
vt 0.93019480 0.71268060
vt 0.35966307 0.25483012
vt 0.84090906 0.27207380
vt 0.87103290 0.68005920
vt 0.01250644 0.58282830
vt 0.28558737 0.93106306
vt 0.88534940 0.35294700
vt 0.01299181 0.58303090
vt 0.28979397 0.93179923
vt 0.61875260 0.26742572
vt 0.61865056 0.19790500
vt 0.01775732 0.58377470
vt 0.34504855 0.97833437
vt 0.71323085 0.07544142
vt 0.61826940 0.20423186
vt 0.28440380 0.93104506
vt 0.01194318 0.58250700
vt 0.87116635 0.67931090
vt 0.28752384 0.93132335
vt 0.92048573 0.04975921
vt 0.01542786 0.58370650
vt 0.01820203 0.58371860
vt 0.34515435 0.97790400
vt 0.35978475 0.25573868
vt 0.87114370 0.68058520
vt 0.61836230 0.20472717
vt 0.61836230 0.20472717
vt 0.28298968 0.93113863
vt 0.28298968 0.93113863
vt 0.53571427 0.98494774
vt 0.02097463 0.58369590
vt 0.34565210 0.97529006
vt 0.87115130 0.68076640
vt 0.87115130 0.68076640
vt 0.28653374 0.93125653
vt 0.88706340 0.35272230
vt 0.41175857 0.70855930
vt 0.61881685 0.19690216
vt 0.34526145 0.97747403
vt 0.01185437 0.58231306
vt 0.87127864 0.67949150
vt 0.61878790 0.26602030
vt 0.41163260 0.70898426
vt 0.61886920 0.19639337
vt 0.34537000 0.97704434
vt 0.83907050 0.27223950
vt 0.61842490 0.20290947
vt 0.00266326 0.93129826
vt 0.83928573 0.02728730
vt 0.01244433 0.58258270
vt 0.87141330 0.74383235
vt 0.61879190 0.26511650
vt 0.34557927 0.97618370
vt 0.70292210 0.02086675
vt 0.61850780 0.20187128
vt 0.28596100 0.93131550
vt 0.88613580 0.35313004
vt 0.02052269 0.58356977
vt 0.34568280 0.97575290
vt 0.87137455 0.74290560
vt 0.90584415 0.93942976
vt 0.61879280 0.26422423
vt 0.87136930 0.74243800
vt 0.00350549 0.93139480
vt 0.54018610 0.70687390
vt 0.01174804 0.58212780
vt 0.87137560 0.67968440
vt 0.28833160 0.93172586
vt 0.61877220 0.19947827
vt 0.61863290 0.20092255
vt 0.83781296 0.27235687
vt 0.01486803 0.58342970
vt 0.62987010 0.07476592
vt 0.01235977 0.58234380
vt 0.28385288 0.93138860
vt 0.01673866 0.58338740
vt 0.93178260 0.71107540
vt 0.36014460 0.25429243
vt 0.84016794 0.27250445
vt 0.01388456 0.58292603
vt 0.63140020 0.07484281
vt 0.87151990 0.68009960
vt 0.61883650 0.20051950
vt 0.83834450 0.27252215
vt 0.00232602 0.93160090
vt 0.01287463 0.58245610
vt 0.28913910 0.93212890
vt 0.61945240 0.26795990
vt 0.01718268 0.58327484
vt 0.93181820 0.71268060
vt 0.36022310 0.25474632
vt 0.87156590 0.68031800
vt 0.61875314 0.20328432
vt 0.87159383 0.68054070
vt 0.28301123 0.93159020
vt 0.53617960 0.98495436
vt 0.54041773 0.70792377
vt 0.87168103 0.74243740
vt 0.87160330 0.68076557
vt 0.87160330 0.68076557
vt 0.41257074 0.70786520
vt 0.61929864 0.19806117
vt 0.61904090 0.20010197
vt 0.83887440 0.27268934
vt 0.01573158 0.58315230
vt 0.28996506 0.93252230
vt 0.61940860 0.26697528
vt 0.01804634 0.58303905
vt 0.34572718 0.97805330
vt 0.71428573 0.07383627
vt 0.01212785 0.58189260
vt 0.87179240 0.67947850
vt 0.01277607 0.58217980
vt 0.34584993 0.97762734
vt 0.36045742 0.25610500
vt 0.87210697 0.74473226
vt 0.61926170 0.19968891
vt 0.01615829 0.58301675
vt 0.36057523 0.25373894
vt 0.83941050 0.27285630
vt 0.00141140 0.93192726
vt 0.83686690 0.27285945
vt 0.28553388 0.93183230
vt 0.01330447 0.58232620
vt 0.61900520 0.20371574
vt 0.28403980 0.93179610
vt 0.01197663 0.58168350
vt 0.87188830 0.67972050
vt 0.61942800 0.26602858
vt 0.41211830 0.70957480
vt 0.61943560 0.26511914
vt 0.34620390 0.97633314
vt 0.70454544 0.02006423
vt 0.87203920 0.74337006
vt 0.83812310 0.27292830
vt 0.87196410 0.67997250
vt 0.41189980 0.71043324
vt 0.00278553 0.93200140
vt 0.01265402 0.58191350
vt 0.61944020 0.26422513
vt 0.34641612 0.97547317
vt 0.51298700 0.02086675
vt 0.87202530 0.74243690
vt 0.87202530 0.74243690
vt 0.90746754 0.94060993
vt 0.28847700 0.93239033
vt 0.01658635 0.58288527
vt 0.87205190 0.68049720
vt 0.61925140 0.20468724
vt 0.61925140 0.20468724
vt 0.41190174 0.71088960
vt 0.61932266 0.20136118
vt 0.01426266 0.58247006
vt 0.63149350 0.07422012
vt 0.61926170 0.20251256
vt 0.01319210 0.58201530
vt 0.28886735 0.93262446
vt 0.62006277 0.26794690
vt 0.61969006 0.19880551
vt 0.36077702 0.25463682
vt 0.00303575 0.93216720
vt 0.54102963 0.70649440
vt 0.01250345 0.58164895
vt 0.01556336 0.58271470
vt 0.28585970 0.93214280
vt 0.00167033 0.93222535
vt 0.83661400 0.27317613
vt 0.01373256 0.58219490
vt 0.01744951 0.58261730
vt 0.34615463 0.97864366
vt 0.36087945 0.25508547
vt 0.87277627 0.74558985
vt 0.01233497 0.58140720
vt 0.87232700 0.67955816
vt 0.28781772 0.93258380
vt 0.01599264 0.58255180
vt 0.36107388 0.25361156
vt 0.83914930 0.27332819
vt 0.28502703 0.93227315
vt 0.00251453 0.93236333
vt 0.01305426 0.58171440
vt 0.62005603 0.26697183
vt 0.41303283 0.70842960
vt 0.62017700 0.19787401
vt 0.01787486 0.58247750
vt 0.34629420 0.97822280
vt 0.61960060 0.20100564
vt 0.28680888 0.93242920
vt 0.83786815 0.27331668
vt 0.95941556 0.53130020
vt 0.01479404 0.58240193
vt 0.01479404 0.58240193
vt 0.63081723 0.07383627
vt 0.87500000 0.41894060
vt 0.87241440 0.67984920
vt 0.62006370 0.26649767
vt 0.36107080 0.25598568
vt 0.87273750 0.74473130
vt 0.01360785 0.58184990
vt 0.01416112 0.58206230
vt 0.28365698 0.93239710
vt 0.87247765 0.68014920
vt 0.61997473 0.19953960
vt 0.01641498 0.58239450
vt 0.87272257 0.74428505
vt 0.87251590 0.68045510
vt 0.28472820 0.93246126
vt 0.42288154 0.34189410
vt 0.28306466 0.93248460
vt 0.28306466 0.93248460
vt 0.53710970 0.98496770
vt 0.00474342 0.95030400
vt 0.54134780 0.70793710
vt 0.87252900 0.68076410
vt 0.87252900 0.68076410
vt 0.62007670 0.26557654
vt 0.41273280 0.70972230
vt 0.87271076 0.74383026
vt 0.83835020 0.27354747
vt 0.96022725 0.52969503
vt 0.62008190 0.26512462
vt 0.34253278 0.08347446
vt 0.34682277 0.97650370
vt 0.34682277 0.97650370
vt 0.70292230 0.01926166
vt 0.99025977 0.43820202
vt 0.87270220 0.74336900
vt 0.41252598 0.71058350
vt 0.41242033 0.71101380
vt 0.31331170 0.01444620
vt 0.34415585 0.08346707
vt 0.34704378 0.97562367
vt 0.51461040 0.01984102
vt 0.87269455 0.74243580
vt 0.61983560 0.20251054
vt 0.01345486 0.58151610
vt 0.61993120 0.20192164
vt 0.28589400 0.93273395
vt 0.00164548 0.93282074
vt 0.83677300 0.27376187
vt 0.01402400 0.58168405
vt 0.28751770 0.93298477
vt 0.00001936 0.93309880
vt 0.83884114 0.27378315
vt 0.83884114 0.27378315
vt 0.96103895 0.53130020
vt 0.28892890 0.93335140
vt 0.62069170 0.26746280
vt 0.01725573 0.58208656
vt 0.00340025 0.93286840
vt 0.54168576 0.70694077
vt 0.01249411 0.58088520
vt 0.87286900 0.67973020
vt 0.01327400 0.58119434
vt 0.62069560 0.26697785
vt 0.41362068 0.70855236
vt 0.62080580 0.19823271
vt 0.87337536 0.74516606
vt 0.62004040 0.20397586
vt 0.28376213 0.93283314
vt 0.42370130 0.34028894
vt 0.54180026 0.70760360
vt 0.87298363 0.68041444
vt 0.62046160 0.19986820
vt 0.01621354 0.58190906
vt 0.36171672 0.25389194
vt 0.83934530 0.27401530
vt 0.87393100 0.74638844
vt 0.62045854 0.26422906
vt 0.62014960 0.20463806
vt 0.62014960 0.20463806
vt 0.28309315 0.93293200
vt 0.28309315 0.93293200
vt 0.51298700 0.01926166
vt 0.87307610 0.74243530
vt 0.87299840 0.68076336
vt 0.87299840 0.68076336
vt 0.01809446 0.58177230
vt 0.34700750 0.97799410
vt 0.62020210 0.20224446
vt 0.28557315 0.93299150
vt 0.42156430 0.34171247
vt 0.01385585 0.58131850
vt 0.01444019 0.58151746
vt 0.87503830 0.42048264
vt 0.62022400 0.20315379
vt 0.28457925 0.93304440
vt 0.42261234 0.34078437
vt 0.62071150 0.26604247
vt 0.41344047 0.70941925
vt 0.01851727 0.58161110
vt 0.34715778 0.97757680
vt 0.01663080 0.58173734
vt 0.62072060 0.26558470
vt 0.87337255 0.74382937
vt 0.62059680 0.20059305
vt 0.28719357 0.93336700
vt 0.01552668 0.58165467
vt 0.87609416 0.41965252
vt 0.62072796 0.26513278
vt 0.34253466 0.08427328
vt 0.99107140 0.43659710
vt 0.87337180 0.74336815
vt 0.01283900 0.58059657
vt 0.87332570 0.67961610
vt 0.87337106 0.74290250
vt 0.62074184 0.26423365
vt 0.31168830 0.01526660
vt 0.34767150 0.97577410
vt 0.87337040 0.74243486
vt 0.00230291 0.93331385
vt 0.01366000 0.58096720
vt 0.62131680 0.26745927
vt 0.36201298 0.25476438
vt 0.87397665 0.74558830
vt 0.62063130 0.20129603
vt 0.00103128 0.93348510
vt 0.83766156 0.27432610
vt 0.00356227 0.93343730
vt 0.23863636 0.00321025
vt 0.54221797 0.70719470
vt 0.87340486 0.67999210
vt 0.00167860 0.93343890
vt 0.01425643 0.58112000
vt 0.87500420 0.42125350
vt 0.28312325 0.93337930
vt 0.28312325 0.93337930
vt 0.31182370 0.01548100
vt 0.34783533 0.97581340
vt 0.87346930 0.68076280
vt 0.87346930 0.68076280
vt 0.01597030 0.58143140
vt 0.87662340 0.41962922
vt 0.00000000 0.93378460
vt 0.83898550 0.27447832
vt 0.87447810 0.74638796
vt 0.41421023 0.70866704
vt 0.62139356 0.19861817
vt 0.01745469 0.58138967
vt 0.87399540 0.74516535
vt 0.62064100 0.20295984
vt 0.28475034 0.93345950
vt 0.42210180 0.34028894
vt 0.87401134 0.74472970
vt 0.28682510 0.93372430
vt 0.94318180 0.35670137
vt 0.00072540 0.93381864
vt 0.28436372 0.93359804
vt 0.01318716 0.58031190
vt 0.87378230 0.67950740
vt 0.28787620 0.93395850
vt 0.62191150 0.26795918
vt 0.62125903 0.19985133
vt 0.28604263 0.93379647
vt 0.28604263 0.93379647
vt 0.42045453 0.34095687
vt 0.94318180 0.35779047
vt 0.62135625 0.26605207
vt 0.41405070 0.70953800
vt 0.84253246 0.08350068
vt 0.01828053 0.58104570
vt 0.62136763 0.26559436
vt 0.87403446 0.74382860
vt 0.62160754 0.19945150
vt 0.87457126 0.74558770
vt 0.62101316 0.20416653
vt 0.28356472 0.93378687
vt 0.01910460 0.58069750
vt 0.34253246 0.08507222
vt 0.34806445 0.97687376
vt 0.34806445 0.97687376
vt 0.99188310 0.43820226
vt 0.87404150 0.74336730
vt 0.62107040 0.20275909
vt 0.01380550 0.58037674
vt 0.87410694 0.67897270
vt 0.62106323 0.20458561
vt 0.62106323 0.20458561
vt 0.41364710 0.71130790
vt 0.00486773 0.95212775
vt 0.54274430 0.70793990
vt 0.31331170 0.01605135
vt 0.34415585 0.08504301
vt 0.34827210 0.97591810
vt 0.34827210 0.97591810
vt 0.95616883 0.28571427
vt 0.87393940 0.68076230
vt 0.87393940 0.68076230
vt 0.01575270 0.58096610
vt 0.87662340 0.42055380
vt 0.62138754 0.26468945
vt 0.18344156 0.00000000
vt 0.41378388 0.71086836
vt 0.84090906 0.08346707
vt 0.87404543 0.74290180
vt 0.62139410 0.26423967
vt 0.34830126 0.97592130
vt 0.95779220 0.28561400
vt 0.00178557 0.93407860
vt 0.01444174 0.58051825
vt 0.87545700 0.42215090
vt 0.00111241 0.93414366
vt 0.01507254 0.58071136
vt 0.87605710 0.42140967
vt 0.62195570 0.26700598
vt 0.41479498 0.70876133
vt 0.62196280 0.19905770
vt 0.87460960 0.74516475
vt 0.62124430 0.20318925
vt 0.23976213 0.00481540
vt 0.54305530 0.70662093
vt 0.62171460 0.20029229
vt 0.01615037 0.58075700
vt 0.01762238 0.58067070
vt 0.87464230 0.74472910
vt 0.62137854 0.20363957
vt 0.54313904 0.70705616
vt 0.87433040 0.67984950
vt 0.62150735 0.20254993
vt 0.28508958 0.93429030
vt 0.28364095 0.93423350
vt 0.87438715 0.68030345
vt 0.62174064 0.20108801
vt 0.01547875 0.58050585
vt 0.87658465 0.42147660
vt 0.62200010 0.26607192
vt 0.01802974 0.58048606
vt 0.87466925 0.74428284
vt 0.62152827 0.20454955
vt 0.62152827 0.20454955
vt 0.28315786 0.93429285
vt 0.28315786 0.93429285
vt 0.28315786 0.93429285
vt 0.54545456 0.98555380
vt 0.34871070 0.97601940
vt 0.95616883 0.28410918
vt 0.87448430 0.74243367
vt 0.87440660 0.68076180
vt 0.87440660 0.68076180
vt 0.28571868 0.93451260
vt 0.94213610 0.35794544
vt 0.01482203 0.58028555
vt 0.01654635 0.58054970
vt 0.00262855 0.93452924
vt 0.24025974 0.00321025
vt 0.54351490 0.70652580
vt 0.62203085 0.26515418
vt 0.18262732 0.00160515
vt 0.84144086 0.08427995
vt 0.01884579 0.58012090
vt 0.34872764 0.97693545
vt 0.44761470 0.39486355
vt 0.87470496 0.74336670
vt 0.87471366 0.74290115
vt 0.34892980 0.97607034
vt 0.87471610 0.74243350
vt 0.62258450 0.26704293
vt 0.01694170 0.58034120
vt 0.87521213 0.74516430
vt 0.62213620 0.20076823
vt 0.28678423 0.93495760
vt 0.28678423 0.93495760
vt 0.62309460 0.26805776
vt 0.94155840 0.35634030
vt 0.01587692 0.58028270
vt 0.01454592 0.57987440
vt 0.28418422 0.93457920
vt 0.28590754 0.93492013
vt 0.01520265 0.58005273
vt 0.28371876 0.93467880
vt 0.87484790 0.68027055
vt 0.41533230 0.70927680
vt 0.62286360 0.19919240
vt 0.90153670 0.29695022
vt 0.01735427 0.58013093
vt 0.87526137 0.74472860
vt 0.34914870 0.97612150
vt 0.87494640 0.74243330
vt 0.28680320 0.93551170
vt 0.62315820 0.26758182
vt 0.01626593 0.58005804
vt 0.00024407 0.93518996
vt 0.87572080 0.74558700
vt 0.93506490 0.42215090
vt 0.00243761 0.93493940
vt 0.01424684 0.57947963
vt 0.87513040 0.67921860
vt 0.62264866 0.26610154
vt 0.41534656 0.70981973
vt 0.41534656 0.70981973
vt 0.84253246 0.08505911
vt 0.90097404 0.29534513
vt 0.01558549 0.57981706
vt 0.41765714 0.70815240
vt 0.62241570 0.20210189
vt 0.00172943 0.93511260
vt 0.93649950 0.42215090
vt 0.01491232 0.57962036
vt 0.18181819 0.00000000
vt 0.41525805 0.71031760
vt 0.84199060 0.08507222
vt 0.01817150 0.57974017
vt 0.41561618 0.98670536
vt 0.44805196 0.39571416
vt 0.45454547 0.02247191
vt 0.87533330 0.74382746
vt 0.62232375 0.20340812
vt 0.87523680 0.67972434
vt 0.28700150 0.93591480
vt 0.48173702 0.70924120
vt 0.62321720 0.26709872
vt 0.41622537 0.70917195
vt 0.62295246 0.20009178
vt 0.90259740 0.29534513
vt 0.01665203 0.57983327
vt 0.87579720 0.74516404
vt 0.62270105 0.26471168
vt 0.41503500 0.71118500
vt 0.28380457 0.93512260
vt 0.87530140 0.68024015
vt 0.62270920 0.26425117
vt 0.41492814 0.71161497
vt 0.34955850 0.97621810
vt 0.87537307 0.74243295
vt 0.28324664 0.93524290
vt 0.28324664 0.93524290
vt 0.41495544 0.71162150
vt 0.00996182 0.99704015
vt 0.54414100 0.70792930
vt 0.34958583 0.97622460
vt 0.87532353 0.68076110
vt 0.87532353 0.68076110
vt 0.41817686 0.70825040
vt 0.62265180 0.20269519
vt 0.00224631 0.93534940
vt 0.54444534 0.70633860
vt 0.01459788 0.57920474
vt 0.87556547 0.67913630
vt 0.28627765 0.93575096
vt 0.48214287 0.70984610
vt 0.01596343 0.57957923
vt 0.01705206 0.57959880
vt 0.77759740 0.07385349
vt 0.41756058 0.70858610
vt 0.62288390 0.20182115
vt 0.28558248 0.93554246
vt 0.01527901 0.57936680
vt 0.48084185 0.70916610
vt 0.62330570 0.26614040
vt 0.01749104 0.57938550
vt 0.41626790 0.98711220
vt 0.77922076 0.07383627
vt 0.48131025 0.98888910
vt 0.87591594 0.74428200
vt 0.41870153 0.70832527
vt 0.62281580 0.20331192
vt 0.00274313 0.93555546
vt 0.54452556 0.70686495
vt 0.00740162 0.99920090
vt 0.48214287 0.98818564
vt 0.87635905 0.74516380
vt 0.93521833 0.42374742
vt 0.41922710 0.70837200
vt 0.62290460 0.20391327
vt 0.28386545 0.93559990
vt 0.54458160 0.70739216
vt 0.87574570 0.68021214
vt 0.41975453 0.70839080
vt 0.62292580 0.20450479
vt 0.41975453 0.70839080
vt 0.62292580 0.20450479
vt 0.28329366 0.93572366
vt 0.28329366 0.93572366
vt 0.41539213 0.71172620
vt 0.01006345 0.99747940
vt 0.54460720 0.70792150
vt 0.35002258 0.97632927
vt 0.87576890 0.68076086
vt 0.87576890 0.68076086
vt 0.41810286 0.70868707
vt 0.00527429 0.96699650
vt 0.00527429 0.96699650
vt 0.54490644 0.70626000
vt 0.93668830 0.42365146
vt 0.41746646 0.70901890
vt 0.62334406 0.20152420
vt 0.00796669 0.99871160
vt 0.93596214 0.42375600
vt 0.39861217 0.08667737
vt 0.47994635 0.70909550
vt 0.62336040 0.26519770
vt 0.44758874 0.39654136
vt 0.45616883 0.02167189
vt 0.87600530 0.74290030
vt 0.01671655 0.57909830
vt 0.48169590 0.98823190
vt 0.87643945 0.74472810
vt 0.39772728 0.08507222
vt 0.47899267 0.70909595
vt 0.62337660 0.26425654
vt 0.41555600 0.71176500
vt 0.35085133 0.97651470
vt 0.44667980 0.39652532
vt 0.87601084 0.74243265
vt 0.41864910 0.70876500
vt 0.28452367 0.93587923
vt 0.01460059 0.57851464
vt 0.85722650 0.99555360
vt 0.87610745 0.67961870
vt 0.41737425 0.70945230
vt 0.01600955 0.57885670
vt 0.48079840 0.70977724
vt 0.41658570 0.71018530
vt 0.01709276 0.57885530
vt 0.41688940 0.98708844
vt 0.77922076 0.07544142
vt 0.01530301 0.57865953
vt 0.41844678 0.99036920
vt 0.85876626 0.99518460
vt 0.41919878 0.70881380
vt 0.41975036 0.70883346
vt 0.41975036 0.70883346
vt 0.28339526 0.93616280
vt 0.28339526 0.93616280
vt 0.41582940 0.71182895
vt 0.35233253 0.97686420
vt 0.44667637 0.39689404
vt 0.84902596 0.61476725
vt 0.87628067 0.74243253
vt 0.90259740 0.54253614
vt 0.87620290 0.68076060
vt 0.87620290 0.68076060
vt 0.39935064 0.08507222
vt 0.48034143 0.70975290
vt 0.41648440 0.71061660
vt 0.48079073 0.98832310
vt 0.87655747 0.74382700
vt 0.28605628 0.93680070
vt 0.48122560 0.71039873
vt 0.01637524 0.57860090
vt 0.00804246 0.99961483
vt 0.48164317 0.98763460
vt 0.41859823 0.70920640
vt 0.41883117 0.28677590
vt 0.00913036 0.99857100
vt 0.54545456 0.70675564
vt 0.48034280 0.98835963
vt 0.84740570 0.61548140
vt 0.87659440 0.74336565
vt 0.41773462 0.28731942
vt 0.41795626 0.70956160
vt 0.28533460 0.93657590
vt 0.16650237 0.39486355
vt 0.41628720 0.71147990
vt 0.41684827 0.98576300
vt 0.44712760 0.39737839
vt 0.45454547 0.02086675
vt 0.47898665 0.70973220
vt 0.41618496 0.71191110
vt 0.47940287 0.98840797
vt 0.87662340 0.74243250
vt 0.90331110 0.54093100
vt 0.41917235 0.70925653
vt 0.41961780 0.99028116
vt 0.85722130 0.99695950
vt 0.87659810 0.68016430
vt 0.41974620 0.70927614
vt 0.41974620 0.70927614
vt 0.28349358 0.93660283
vt 0.28349358 0.93660283
vt 0.16695681 0.39497632
vt 0.41626704 0.71193000
vt 0.35312843 0.97705030
vt 0.44667210 0.39748390
vt 0.42019048 0.99025065
vt 0.87662340 0.68076056
vt 0.42019048 0.99025065
vt 0.87662340 0.68076056
vt 0.48077625 0.71038960
vt 0.01674398 0.57834697
vt 0.41751793 0.98707575
vt 0.28547680 0.93700147
vt 0.48122197 0.71099824
vt 0.01601187 0.57811890
vt 0.41833640 0.98949090
vt 0.48032686 0.71038180
vt 0.01711354 0.57809424
vt 0.41750723 0.98663320
vt 0.48074594 0.98770180
vt 0.41854963 0.28571427
vt 0.41911525 0.70971006
vt 0.16604479 0.39570390
vt 0.41701052 0.71118236
vt 0.41974205 0.70971880
vt 0.41974205 0.70971880
vt 0.01037569 0.99879280
vt 0.41737476 0.98530346
vt 0.44666898 0.39807385
vt 0.42017560 0.98980814
vt 0.42017560 0.98980814
vt 0.42017560 0.98980814
vt 0.85714287 0.99839485
vt 0.28561762 0.93742750
vt 0.48077253 0.71100223
vt 0.41629980 0.28682756
vt 0.41780245 0.71043350
vt 0.01637443 0.57784915
vt 0.01948052 0.07704657
vt 0.41823637 0.98838794
vt 0.41823637 0.98838794
vt 0.00871544 1.00000000
vt 0.48115575 0.98705775
vt 0.47942853 0.71037400
vt 0.47897914 0.71036840
vt 0.41748870 0.98530010
vt 0.28489040 0.93718140
vt 0.00926730 0.99946470
vt 0.16558442 0.39653373
vt 0.41558442 0.28657627
vt 0.41771040 0.71113370
vt 0.41771040 0.71113370
vt 0.28429413 0.93733567
vt 0.41955176 0.98939390
vt 0.85876626 0.99808030
vt 0.41973788 0.71016157
vt 0.41973788 0.71016157
vt 0.28369483 0.93748090
vt 0.28369483 0.93748090
vt 0.16695052 0.39615548
vt 0.41747814 0.71298856
vt 0.01047725 0.99923193
vt 0.41782582 0.98529910
vt 0.42016080 0.98936570
vt 0.42016080 0.98936570
vt 0.00933996 0.99990976
vt 0.48112997 0.98644560
vt 0.41890390 0.98899007
vt 0.01948052 0.07865167
vt 0.41813862 0.98618390
vt 0.48025855 0.98710320
vt 0.84740260 0.61796355
vt 0.98701300 0.99357945
vt 0.41813540 0.98574120
vt 0.47980946 0.98712190
vt 0.98782470 0.99518460
vt 0.47936030 0.98713770
vt 0.84902596 0.61797750
vt 0.90584415 0.54253614
vt 0.98863640 0.99357945
vt 0.00996153 0.99980120
vt 0.48111454 0.98583310
vt 0.41952460 0.98895055
vt 0.41600710 0.28571427
vt 0.41844243 0.71132940
vt 0.01867800 0.07783782
vt 0.41886967 0.98854870
vt 0.41973370 0.71060425
vt 0.91558440 0.99678975
vt 0.41973370 0.71060425
vt 0.28379637 0.93792003
vt 0.28379637 0.93792003
vt 0.01057882 0.99967104
vt 0.48111022 0.98522043
vt 0.42014600 0.98892320
vt 0.42014600 0.98892320
vt 0.47986612 0.71164155
vt 0.28452268 0.93820720
vt 0.48034757 0.71224463
vt 0.90314424 0.48796147
vt 0.47941670 0.71164190
vt 0.41971752 0.71140254
vt 0.91612350 0.99839485
vt 0.41971752 0.71140254
vt 0.28389900 0.93835890
vt 0.48150957 0.71290857
vt 0.90422076 0.48635638
vt 0.28389900 0.93835890
vt 0.48150957 0.71290857
vt 0.41872420 0.98529804
vt 0.90746754 0.10801971
vt 0.96266650 0.59229535
vt 0.42013118 0.98848075
vt 0.42013118 0.98848075
vt 0.47896725 0.71163934
vt 0.41843256 0.71298730
vt 0.41878040 0.98529790
vt 0.96428573 0.59209480
vt 0.41917148 0.71184325
vt 0.91720780 0.99678975
vt 0.48017496 0.71227400
vt 0.48017496 0.71227400
vt 0.90259740 0.48635632
vt 0.90746190 0.87800960
vt 0.01785714 0.07861465
vt 0.41944617 0.98712640
vt 0.41944617 0.98712640
vt 0.90642440 0.10914928
vt 0.47896530 0.71202670
vt 0.48106010 0.71290720
vt 0.90584990 0.87800960
vt 0.48106010 0.71290720
vt 0.48021182 0.98521775
vt 0.41917370 0.98529744
vt 0.41917370 0.98529744
vt 0.90706190 0.10754412
vt 0.96266234 0.59069020
vt 0.47932607 0.98611530
vt 0.42011523 0.98803830
vt 0.42011523 0.98803830
vt 0.90584415 0.10848397
vt 0.47941405 0.71227676
vt 0.90746754 0.87961480
vt 0.47976843 0.98585440
vt 0.47896457 0.71227574
vt 0.47931860 0.98586386
vt 0.41972187 0.71251050
vt 0.41972187 0.71251050
vt 0.47941380 0.71291150
vt 0.90584415 0.87961480
vt 0.47941380 0.71291150
vt 0.41996533 0.98630170
vt 0.41996533 0.98630170
vt 0.90604520 0.10754412
vt 0.47896433 0.71291210
vt 0.47896433 0.71291210
vt 0.47896433 0.71291210
vt 0.47896433 0.71291210
vt 0.41972297 0.71298575
vt 0.41972297 0.71298575
vt 0.41972297 0.71298575
vt 0.41972297 0.71298575
vt 0.47931343 0.98522270
vt 0.47931343 0.98522270
vt 0.47931343 0.98522270
vt 0.47931343 0.98522270
vt 0.42007208 0.98529637
vt 0.42007208 0.98529637
vt 0.42007208 0.98529637
vt 0.42007208 0.98529637
f 3371/3371/3371 3496/3496/3496 3461/3461/3461
f 3443/3443/3443 3499/3499/3499 3550/3550/3550
f 2872/2872/2872 3112/3112/3112 3196/3196/3196
f 2741/2741/2741 2748/2748/2748 2648/2648/2648
f 736/736/736 701/701/701 809/809/809
f 1229/1229/1229 1217/1217/1217 1215/1215/1215
f 1215/1215/1215 1227/1227/1227 1229/1229/1229
f 1223/1223/1223 1215/1215/1215 1217/1217/1217
f 1217/1217/1217 1225/1225/1225 1223/1223/1223
f 1245/1245/1245 1229/1229/1229 1227/1227/1227
f 1227/1227/1227 1243/1243/1243 1245/1245/1245
f 1261/1261/1261 1245/1245/1245 1243/1243/1243
f 1243/1243/1243 1259/1259/1259 1261/1261/1261
f 1277/1277/1277 1261/1261/1261 1259/1259/1259
f 1259/1259/1259 1275/1275/1275 1277/1277/1277
f 1309/1309/1309 1277/1277/1277 1275/1275/1275
f 1275/1275/1275 1307/1307/1307 1309/1309/1309
f 1239/1239/1239 1223/1223/1223 1225/1225/1225
f 1225/1225/1225 1241/1241/1241 1239/1239/1239
f 1255/1255/1255 1239/1239/1239 1241/1241/1241
f 1241/1241/1241 1257/1257/1257 1255/1255/1255
f 1271/1271/1271 1255/1255/1255 1257/1257/1257
f 1257/1257/1257 1273/1273/1273 1271/1271/1271
f 1303/1303/1303 1271/1271/1271 1273/1273/1273
f 1273/1273/1273 1305/1305/1305 1303/1303/1303
f 1341/1341/1341 1309/1309/1309 1307/1307/1307
f 1307/1307/1307 1339/1339/1339 1341/1341/1341
f 1335/1335/1335 1303/1303/1303 1305/1305/1305
f 1305/1305/1305 1337/1337/1337 1335/1335/1335
f 1351/1351/1351 1335/1335/1335 1337/1337/1337
f 1337/1337/1337 1353/1353/1353 1351/1351/1351
f 1357/1357/1357 1341/1341/1341 1339/1339/1339
f 1339/1339/1339 1355/1355/1355 1357/1357/1357
f 1389/1389/1389 1357/1357/1357 1355/1355/1355
f 1355/1355/1355 1387/1387/1387 1389/1389/1389
f 1383/1383/1383 1351/1351/1351 1353/1353/1353
f 1353/1353/1353 1385/1385/1385 1383/1383/1383
f 1415/1415/1415 1383/1383/1383 1385/1385/1385
f 1385/1385/1385 1417/1417/1417 1415/1415/1415
f 1421/1421/1421 1389/1389/1389 1387/1387/1387
f 1387/1387/1387 1419/1419/1419 1421/1421/1421
f 1437/1437/1437 1421/1421/1421 1419/1419/1419
f 1419/1419/1419 1435/1435/1435 1437/1437/1437
f 1431/1431/1431 1415/1415/1415 1417/1417/1417
f 1417/1417/1417 1433/1433/1433 1431/1431/1431
f 1464/1464/1464 1431/1431/1431 1433/1433/1433
f 1433/1433/1433 1467/1467/1467 1464/1464/1464
f 1474/1474/1474 1437/1437/1437 1435/1435/1435
f 1435/1435/1435 1471/1471/1471 1474/1474/1474
f 2412/2412/2412 2424/2424/2424 2426/2426/2426
f 2426/2426/2426 2414/2414/2414 2412/2412/2412
f 2410/2410/2410 2426/2426/2426 2424/2424/2424
f 2424/2424/2424 2408/2408/2408 2410/2410/2410
f 2396/2396/2396 2412/2412/2412 2414/2414/2414
f 2414/2414/2414 2398/2398/2398 2396/2396/2396
f 2380/2380/2380 2396/2396/2396 2398/2398/2398
f 2398/2398/2398 2382/2382/2382 2380/2380/2380
f 2364/2364/2364 2380/2380/2380 2382/2382/2382
f 2382/2382/2382 2366/2366/2366 2364/2364/2364
f 2332/2332/2332 2364/2364/2364 2366/2366/2366
f 2366/2366/2366 2334/2334/2334 2332/2332/2332
f 2394/2394/2394 2410/2410/2410 2408/2408/2408
f 2408/2408/2408 2392/2392/2392 2394/2394/2394
f 2378/2378/2378 2394/2394/2394 2392/2392/2392
f 2392/2392/2392 2376/2376/2376 2378/2378/2378
f 2362/2362/2362 2378/2378/2378 2376/2376/2376
f 2376/2376/2376 2360/2360/2360 2362/2362/2362
f 2330/2330/2330 2362/2362/2362 2360/2360/2360
f 2360/2360/2360 2328/2328/2328 2330/2330/2330
f 2300/2300/2300 2332/2332/2332 2334/2334/2334
f 2334/2334/2334 2302/2302/2302 2300/2300/2300
f 2298/2298/2298 2330/2330/2330 2328/2328/2328
f 2328/2328/2328 2296/2296/2296 2298/2298/2298
f 2282/2282/2282 2298/2298/2298 2296/2296/2296
f 2296/2296/2296 2280/2280/2280 2282/2282/2282
f 2284/2284/2284 2300/2300/2300 2302/2302/2302
f 2302/2302/2302 2286/2286/2286 2284/2284/2284
f 2252/2252/2252 2284/2284/2284 2286/2286/2286
f 2286/2286/2286 2254/2254/2254 2252/2252/2252
f 2250/2250/2250 2282/2282/2282 2280/2280/2280
f 2280/2280/2280 2248/2248/2248 2250/2250/2250
f 2218/2218/2218 2250/2250/2250 2248/2248/2248
f 2248/2248/2248 2216/2216/2216 2218/2218/2218
f 2220/2220/2220 2252/2252/2252 2254/2254/2254
f 2254/2254/2254 2222/2222/2222 2220/2220/2220
f 2204/2204/2204 2220/2220/2220 2222/2222/2222
f 2222/2222/2222 2206/2206/2206 2204/2204/2204
f 2202/2202/2202 2218/2218/2218 2216/2216/2216
f 2216/2216/2216 2200/2200/2200 2202/2202/2202
f 2163/2163/2163 2202/2202/2202 2200/2200/2200
f 2200/2200/2200 2160/2160/2160 2163/2163/2163
f 2167/2167/2167 2204/2204/2204 2206/2206/2206
f 2206/2206/2206 2170/2170/2170 2167/2167/2167
f 2418/2418/2418 2430/2430/2430 2428/2428/2428
f 2428/2428/2428 2416/2416/2416 2418/2418/2418
f 2420/2420/2420 2428/2428/2428 2430/2430/2430
f 2430/2430/2430 2422/2422/2422 2420/2420/2420
f 2402/2402/2402 2418/2418/2418 2416/2416/2416
f 2416/2416/2416 2400/2400/2400 2402/2402/2402
f 2386/2386/2386 2402/2402/2402 2400/2400/2400
f 2400/2400/2400 2384/2384/2384 2386/2386/2386
f 2370/2370/2370 2386/2386/2386 2384/2384/2384
f 2384/2384/2384 2368/2368/2368 2370/2370/2370
f 2338/2338/2338 2370/2370/2370 2368/2368/2368
f 2368/2368/2368 2336/2336/2336 2338/2338/2338
f 2404/2404/2404 2420/2420/2420 2422/2422/2422
f 2422/2422/2422 2406/2406/2406 2404/2404/2404
f 2388/2388/2388 2404/2404/2404 2406/2406/2406
f 2406/2406/2406 2390/2390/2390 2388/2388/2388
f 2372/2372/2372 2388/2388/2388 2390/2390/2390
f 2390/2390/2390 2374/2374/2374 2372/2372/2372
f 2340/2340/2340 2372/2372/2372 2374/2374/2374
f 2374/2374/2374 2342/2342/2342 2340/2340/2340
f 2306/2306/2306 2338/2338/2338 2336/2336/2336
f 2336/2336/2336 2304/2304/2304 2306/2306/2306
f 2308/2308/2308 2340/2340/2340 2342/2342/2342
f 2342/2342/2342 2310/2310/2310 2308/2308/2308
f 2292/2292/2292 2308/2308/2308 2310/2310/2310
f 2310/2310/2310 2294/2294/2294 2292/2292/2292
f 2290/2290/2290 2306/2306/2306 2304/2304/2304
f 2304/2304/2304 2288/2288/2288 2290/2290/2290
f 2258/2258/2258 2290/2290/2290 2288/2288/2288
f 2288/2288/2288 2256/2256/2256 2258/2258/2258
f 2260/2260/2260 2292/2292/2292 2294/2294/2294
f 2294/2294/2294 2262/2262/2262 2260/2260/2260
f 2228/2228/2228 2260/2260/2260 2262/2262/2262
f 2262/2262/2262 2230/2230/2230 2228/2228/2228
f 2226/2226/2226 2258/2258/2258 2256/2256/2256
f 2256/2256/2256 2224/2224/2224 2226/2226/2226
f 2210/2210/2210 2226/2226/2226 2224/2224/2224
f 2224/2224/2224 2208/2208/2208 2210/2210/2210
f 2212/2212/2212 2228/2228/2228 2230/2230/2230
f 2230/2230/2230 2214/2214/2214 2212/2212/2212
f 2179/2179/2179 2212/2212/2212 2214/2214/2214
f 2214/2214/2214 2182/2182/2182 2179/2179/2179
f 2176/2176/2176 2210/2210/2210 2208/2208/2208
f 2208/2208/2208 2173/2173/2173 2176/2176/2176
f 1231/1231/1231 1219/1219/1219 1221/1221/1221
f 1221/1221/1221 1233/1233/1233 1231/1231/1231
f 1237/1237/1237 1221/1221/1221 1219/1219/1219
f 1219/1219/1219 1235/1235/1235 1237/1237/1237
f 1247/1247/1247 1231/1231/1231 1233/1233/1233
f 1233/1233/1233 1249/1249/1249 1247/1247/1247
f 1263/1263/1263 1247/1247/1247 1249/1249/1249
f 1249/1249/1249 1265/1265/1265 1263/1263/1263
f 1279/1279/1279 1263/1263/1263 1265/1265/1265
f 1265/1265/1265 1281/1281/1281 1279/1279/1279
f 1311/1311/1311 1279/1279/1279 1281/1281/1281
f 1281/1281/1281 1313/1313/1313 1311/1311/1311
f 1253/1253/1253 1237/1237/1237 1235/1235/1235
f 1235/1235/1235 1251/1251/1251 1253/1253/1253
f 1269/1269/1269 1253/1253/1253 1251/1251/1251
f 1251/1251/1251 1267/1267/1267 1269/1269/1269
f 1285/1285/1285 1269/1269/1269 1267/1267/1267
f 1267/1267/1267 1283/1283/1283 1285/1285/1285
f 1317/1317/1317 1285/1285/1285 1283/1283/1283
f 1283/1283/1283 1315/1315/1315 1317/1317/1317
f 1343/1343/1343 1311/1311/1311 1313/1313/1313
f 1313/1313/1313 1345/1345/1345 1343/1343/1343
f 1349/1349/1349 1317/1317/1317 1315/1315/1315
f 1315/1315/1315 1347/1347/1347 1349/1349/1349
f 1365/1365/1365 1349/1349/1349 1347/1347/1347
f 1347/1347/1347 1363/1363/1363 1365/1365/1365
f 1359/1359/1359 1343/1343/1343 1345/1345/1345
f 1345/1345/1345 1361/1361/1361 1359/1359/1359
f 1391/1391/1391 1359/1359/1359 1361/1361/1361
f 1361/1361/1361 1393/1393/1393 1391/1391/1391
f 1397/1397/1397 1365/1365/1365 1363/1363/1363
f 1363/1363/1363 1395/1395/1395 1397/1397/1397
f 1429/1429/1429 1397/1397/1397 1395/1395/1395
f 1395/1395/1395 1427/1427/1427 1429/1429/1429
f 1423/1423/1423 1391/1391/1391 1393/1393/1393
f 1393/1393/1393 1425/1425/1425 1423/1423/1423
f 1439/1439/1439 1423/1423/1423 1425/1425/1425
f 1425/1425/1425 1441/1441/1441 1439/1439/1439
f 1445/1445/1445 1429/1429/1429 1427/1427/1427
f 1427/1427/1427 1443/1443/1443 1445/1445/1445
f 1486/1486/1486 1445/1445/1445 1443/1443/1443
f 1443/1443/1443 1483/1483/1483 1486/1486/1486
f 1477/1477/1477 1439/1439/1439 1441/1441/1441
f 1441/1441/1441 1480/1480/1480 1477/1477/1477
f 1811/1811/1811 1826/1826/1826 1824/1824/1824
f 1824/1824/1824 1809/1809/1809 1811/1811/1811
f 1779/1779/1779 1811/1811/1811 1809/1809/1809
f 1809/1809/1809 1777/1777/1777 1779/1779/1779
f 1747/1747/1747 1779/1779/1779 1777/1777/1777
f 1777/1777/1777 1745/1745/1745 1747/1747/1747
f 1715/1715/1715 1747/1747/1747 1745/1745/1745
f 1745/1745/1745 1713/1713/1713 1715/1715/1715
f 1683/1683/1683 1715/1715/1715 1713/1713/1713
f 1713/1713/1713 1681/1681/1681 1683/1683/1683
f 1651/1651/1651 1683/1683/1683 1681/1681/1681
f 1681/1681/1681 1649/1649/1649 1651/1651/1651
f 1856/1856/1856 1824/1824/1824 1826/1826/1826
f 1826/1826/1826 1858/1858/1858 1856/1856/1856
f 1888/1888/1888 1856/1856/1856 1858/1858/1858
f 1858/1858/1858 1890/1890/1890 1888/1888/1888
f 1920/1920/1920 1888/1888/1888 1890/1890/1890
f 1890/1890/1890 1922/1922/1922 1920/1920/1920
f 1952/1952/1952 1920/1920/1920 1922/1922/1922
f 1922/1922/1922 1954/1954/1954 1952/1952/1952
f 1984/1984/1984 1952/1952/1952 1954/1954/1954
f 1954/1954/1954 1986/1986/1986 1984/1984/1984
f 2016/2016/2016 1984/1984/1984 1986/1986/1986
f 1986/1986/1986 2018/2018/2018 2016/2016/2016
f 1619/1619/1619 1651/1651/1651 1649/1649/1649
f 1649/1649/1649 1617/1617/1617 1619/1619/1619
f 1587/1587/1587 1619/1619/1619 1617/1617/1617
f 1617/1617/1617 1585/1585/1585 1587/1587/1587
f 2048/2048/2048 2016/2016/2016 2018/2018/2018
f 2018/2018/2018 2050/2050/2050 2048/2048/2048
f 2064/2064/2064 2048/2048/2048 2050/2050/2050
f 2050/2050/2050 2066/2066/2066 2064/2064/2064
f 1571/1571/1571 1587/1587/1587 1585/1585/1585
f 1585/1585/1585 1569/1569/1569 1571/1571/1571
f 1539/1539/1539 1571/1571/1571 1569/1569/1569
f 1569/1569/1569 1537/1537/1537 1539/1539/1539
f 2096/2096/2096 2064/2064/2064 2066/2066/2066
f 2066/2066/2066 2098/2098/2098 2096/2096/2096
f 2128/2128/2128 2096/2096/2096 2098/2098/2098
f 2098/2098/2098 2130/2130/2130 2128/2128/2128
f 1507/1507/1507 1539/1539/1539 1537/1537/1537
f 1537/1537/1537 1505/1505/1505 1507/1507/1507
f 1468/1468/1468 1507/1507/1507 1505/1505/1505
f 1505/1505/1505 1465/1465/1465 1468/1468/1468
f 2161/2161/2161 2128/2128/2128 2130/2130/2130
f 2130/2130/2130 2164/2164/2164 2161/2161/2161
f 1838/1838/1838 1823/1823/1823 1821/1821/1821
f 1821/1821/1821 1836/1836/1836 1838/1838/1838
f 1870/1870/1870 1838/1838/1838 1836/1836/1836
f 1836/1836/1836 1868/1868/1868 1870/1870/1870
f 1902/1902/1902 1870/1870/1870 1868/1868/1868
f 1868/1868/1868 1900/1900/1900 1902/1902/1902
f 1934/1934/1934 1902/1902/1902 1900/1900/1900
f 1900/1900/1900 1932/1932/1932 1934/1934/1934
f 1966/1966/1966 1934/1934/1934 1932/1932/1932
f 1932/1932/1932 1964/1964/1964 1966/1966/1966
f 1998/1998/1998 1966/1966/1966 1964/1964/1964
f 1964/1964/1964 1996/1996/1996 1998/1998/1998
f 1789/1789/1789 1821/1821/1821 1823/1823/1823
f 1823/1823/1823 1791/1791/1791 1789/1789/1789
f 1757/1757/1757 1789/1789/1789 1791/1791/1791
f 1791/1791/1791 1759/1759/1759 1757/1757/1757
f 1725/1725/1725 1757/1757/1757 1759/1759/1759
f 1759/1759/1759 1727/1727/1727 1725/1725/1725
f 1693/1693/1693 1725/1725/1725 1727/1727/1727
f 1727/1727/1727 1695/1695/1695 1693/1693/1693
f 1661/1661/1661 1693/1693/1693 1695/1695/1695
f 1695/1695/1695 1663/1663/1663 1661/1661/1661
f 1629/1629/1629 1661/1661/1661 1663/1663/1663
f 1663/1663/1663 1631/1631/1631 1629/1629/1629
f 2030/2030/2030 1998/1998/1998 1996/1996/1996
f 1996/1996/1996 2028/2028/2028 2030/2030/2030
f 2062/2062/2062 2030/2030/2030 2028/2028/2028
f 2028/2028/2028 2060/2060/2060 2062/2062/2062
f 1597/1597/1597 1629/1629/1629 1631/1631/1631
f 1631/1631/1631 1599/1599/1599 1597/1597/1597
f 1581/1581/1581 1597/1597/1597 1599/1599/1599
f 1599/1599/1599 1583/1583/1583 1581/1581/1581
f 2078/2078/2078 2062/2062/2062 2060/2060/2060
f 2060/2060/2060 2076/2076/2076 2078/2078/2078
f 2110/2110/2110 2078/2078/2078 2076/2076/2076
f 2076/2076/2076 2108/2108/2108 2110/2110/2110
f 1549/1549/1549 1581/1581/1581 1583/1583/1583
f 1583/1583/1583 1551/1551/1551 1549/1549/1549
f 1517/1517/1517 1549/1549/1549 1551/1551/1551
f 1551/1551/1551 1519/1519/1519 1517/1517/1517
f 2142/2142/2142 2110/2110/2110 2108/2108/2108
f 2108/2108/2108 2140/2140/2140 2142/2142/2142
f 2181/2181/2181 2142/2142/2142 2140/2140/2140
f 2140/2140/2140 2178/2178/2178 2181/2181/2181
f 1482/1482/1482 1517/1517/1517 1519/1519/1519
f 1519/1519/1519 1485/1485/1485 1482/1482/1482
f 1830/1830/1830 1815/1815/1815 1813/1813/1813
f 1813/1813/1813 1828/1828/1828 1830/1830/1830
f 1862/1862/1862 1830/1830/1830 1828/1828/1828
f 1828/1828/1828 1860/1860/1860 1862/1862/1862
f 1894/1894/1894 1862/1862/1862 1860/1860/1860
f 1860/1860/1860 1892/1892/1892 1894/1894/1894
f 1926/1926/1926 1894/1894/1894 1892/1892/1892
f 1892/1892/1892 1924/1924/1924 1926/1926/1926
f 1781/1781/1781 1813/1813/1813 1815/1815/1815
f 1815/1815/1815 1783/1783/1783 1781/1781/1781
f 1749/1749/1749 1781/1781/1781 1783/1783/1783
f 1783/1783/1783 1751/1751/1751 1749/1749/1749
f 1717/1717/1717 1749/1749/1749 1751/1751/1751
f 1751/1751/1751 1719/1719/1719 1717/1717/1717
f 1685/1685/1685 1717/1717/1717 1719/1719/1719
f 1719/1719/1719 1687/1687/1687 1685/1685/1685
f 1958/1958/1958 1926/1926/1926 1924/1924/1924
f 1924/1924/1924 1956/1956/1956 1958/1958/1958
f 1990/1990/1990 1958/1958/1958 1956/1956/1956
f 1956/1956/1956 1988/1988/1988 1990/1990/1990
f 1653/1653/1653 1685/1685/1685 1687/1687/1687
f 1687/1687/1687 1655/1655/1655 1653/1653/1653
f 1621/1621/1621 1653/1653/1653 1655/1655/1655
f 1655/1655/1655 1623/1623/1623 1621/1621/1621
f 2022/2022/2022 1990/1990/1990 1988/1988/1988
f 1988/1988/1988 2020/2020/2020 2022/2022/2022
f 2054/2054/2054 2022/2022/2022 2020/2020/2020
f 2020/2020/2020 2052/2052/2052 2054/2054/2054
f 1589/1589/1589 1621/1621/1621 1623/1623/1623
f 1623/1623/1623 1591/1591/1591 1589/1589/1589
f 1573/1573/1573 1589/1589/1589 1591/1591/1591
f 1591/1591/1591 1575/1575/1575 1573/1573/1573
f 2070/2070/2070 2054/2054/2054 2052/2052/2052
f 2052/2052/2052 2068/2068/2068 2070/2070/2070
f 2102/2102/2102 2070/2070/2070 2068/2068/2068
f 2068/2068/2068 2100/2100/2100 2102/2102/2102
f 1541/1541/1541 1573/1573/1573 1575/1575/1575
f 1575/1575/1575 1543/1543/1543 1541/1541/1541
f 1509/1509/1509 1541/1541/1541 1543/1543/1543
f 1543/1543/1543 1511/1511/1511 1509/1509/1509
f 2134/2134/2134 2102/2102/2102 2100/2100/2100
f 2100/2100/2100 2132/2132/2132 2134/2134/2134
f 2169/2169/2169 2134/2134/2134 2132/2132/2132
f 2132/2132/2132 2166/2166/2166 2169/2169/2169
f 1470/1470/1470 1509/1509/1509 1511/1511/1511
f 1511/1511/1511 1473/1473/1473 1470/1470/1470
f 1819/1819/1819 1834/1834/1834 1832/1832/1832
f 1832/1832/1832 1817/1817/1817 1819/1819/1819
f 1787/1787/1787 1819/1819/1819 1817/1817/1817
f 1817/1817/1817 1785/1785/1785 1787/1787/1787
f 1755/1755/1755 1787/1787/1787 1785/1785/1785
f 1785/1785/1785 1753/1753/1753 1755/1755/1755
f 1723/1723/1723 1755/1755/1755 1753/1753/1753
f 1753/1753/1753 1721/1721/1721 1723/1723/1723
f 1864/1864/1864 1832/1832/1832 1834/1834/1834
f 1834/1834/1834 1866/1866/1866 1864/1864/1864
f 1896/1896/1896 1864/1864/1864 1866/1866/1866
f 1866/1866/1866 1898/1898/1898 1896/1896/1896
f 1928/1928/1928 1896/1896/1896 1898/1898/1898
f 1898/1898/1898 1930/1930/1930 1928/1928/1928
f 1960/1960/1960 1928/1928/1928 1930/1930/1930
f 1930/1930/1930 1962/1962/1962 1960/1960/1960
f 1691/1691/1691 1723/1723/1723 1721/1721/1721
f 1721/1721/1721 1689/1689/1689 1691/1691/1691
f 1659/1659/1659 1691/1691/1691 1689/1689/1689
f 1689/1689/1689 1657/1657/1657 1659/1659/1659
f 1992/1992/1992 1960/1960/1960 1962/1962/1962
f 1962/1962/1962 1994/1994/1994 1992/1992/1992
f 2024/2024/2024 1992/1992/1992 1994/1994/1994
f 1994/1994/1994 2026/2026/2026 2024/2024/2024
f 1627/1627/1627 1659/1659/1659 1657/1657/1657
f 1657/1657/1657 1625/1625/1625 1627/1627/1627
f 1595/1595/1595 1627/1627/1627 1625/1625/1625
f 1625/1625/1625 1593/1593/1593 1595/1595/1595
f 2056/2056/2056 2024/2024/2024 2026/2026/2026
f 2026/2026/2026 2058/2058/2058 2056/2056/2056
f 2072/2072/2072 2056/2056/2056 2058/2058/2058
f 2058/2058/2058 2074/2074/2074 2072/2072/2072
f 1579/1579/1579 1595/1595/1595 1593/1593/1593
f 1593/1593/1593 1577/1577/1577 1579/1579/1579
f 1547/1547/1547 1579/1579/1579 1577/1577/1577
f 1577/1577/1577 1545/1545/1545 1547/1547/1547
f 2104/2104/2104 2072/2072/2072 2074/2074/2074
f 2074/2074/2074 2106/2106/2106 2104/2104/2104
f 2136/2136/2136 2104/2104/2104 2106/2106/2106
f 2106/2106/2106 2138/2138/2138 2136/2136/2136
f 1515/1515/1515 1547/1547/1547 1545/1545/1545
f 1545/1545/1545 1513/1513/1513 1515/1515/1515
f 1479/1479/1479 1515/1515/1515 1513/1513/1513
f 1513/1513/1513 1476/1476/1476 1479/1479/1479
f 2172/2172/2172 2136/2136/2136 2138/2138/2138
f 2138/2138/2138 2175/2175/2175 2172/2172/2172
f 1935/1935/1935 1967/1967/1967 1982/1982/1982
f 1982/1982/1982 1950/1950/1950 1935/1935/1935
f 2014/2014/2014 1982/1982/1982 1967/1967/1967
f 1967/1967/1967 1999/1999/1999 2014/2014/2014
f 2046/2046/2046 2014/2014/2014 1999/1999/1999
f 1999/1999/1999 2031/2031/2031 2046/2046/2046
f 2094/2094/2094 2046/2046/2046 2031/2031/2031
f 2031/2031/2031 2063/2063/2063 2094/2094/2094
f 2126/2126/2126 2094/2094/2094 2063/2063/2063
f 2063/2063/2063 2079/2079/2079 2126/2126/2126
f 2158/2158/2158 2126/2126/2126 2079/2079/2079
f 2079/2079/2079 2111/2111/2111 2158/2158/2158
f 2198/2198/2198 2158/2158/2158 2111/2111/2111
f 2111/2111/2111 2143/2143/2143 2198/2198/2198
f 2246/2246/2246 2198/2198/2198 2143/2143/2143
f 2143/2143/2143 2183/2183/2183 2246/2246/2246
f 2278/2278/2278 2246/2246/2246 2183/2183/2183
f 2183/2183/2183 2215/2215/2215 2278/2278/2278
f 2326/2326/2326 2278/2278/2278 2215/2215/2215
f 2215/2215/2215 2231/2231/2231 2326/2326/2326
f 2358/2358/2358 2326/2326/2326 2231/2231/2231
f 2231/2231/2231 2263/2263/2263 2358/2358/2358
f 2446/2446/2446 2358/2358/2358 2263/2263/2263
f 2263/2263/2263 2295/2295/2295 2446/2446/2446
f 2462/2462/2462 2446/2446/2446 2295/2295/2295
f 2295/2295/2295 2311/2311/2311 2462/2462/2462
f 2478/2478/2478 2462/2462/2462 2311/2311/2311
f 2311/2311/2311 2343/2343/2343 2478/2478/2478
f 2494/2494/2494 2478/2478/2478 2343/2343/2343
f 2343/2343/2343 2375/2375/2375 2494/2494/2494
f 2510/2510/2510 2494/2494/2494 2375/2375/2375
f 2375/2375/2375 2391/2391/2391 2510/2510/2510
f 2527/2527/2527 2510/2510/2510 2391/2391/2391
f 2391/2391/2391 2407/2407/2407 2527/2527/2527
f 2544/2544/2544 2527/2527/2527 2407/2407/2407
f 2407/2407/2407 2423/2423/2423 2544/2544/2544
f 2552/2552/2552 2544/2544/2544 2423/2423/2423
f 2423/2423/2423 2431/2431/2431 2552/2552/2552
f 2540/2540/2540 2552/2552/2552 2431/2431/2431
f 2431/2431/2431 2419/2419/2419 2540/2540/2540
f 2523/2523/2523 2540/2540/2540 2419/2419/2419
f 2419/2419/2419 2403/2403/2403 2523/2523/2523
f 2506/2506/2506 2523/2523/2523 2403/2403/2403
f 2403/2403/2403 2387/2387/2387 2506/2506/2506
f 2490/2490/2490 2506/2506/2506 2387/2387/2387
f 2387/2387/2387 2371/2371/2371 2490/2490/2490
f 2474/2474/2474 2490/2490/2490 2371/2371/2371
f 2371/2371/2371 2339/2339/2339 2474/2474/2474
f 2458/2458/2458 2474/2474/2474 2339/2339/2339
f 2339/2339/2339 2307/2307/2307 2458/2458/2458
f 2442/2442/2442 2458/2458/2458 2307/2307/2307
f 2307/2307/2307 2291/2291/2291 2442/2442/2442
f 2354/2354/2354 2442/2442/2442 2291/2291/2291
f 2291/2291/2291 2259/2259/2259 2354/2354/2354
f 2322/2322/2322 2354/2354/2354 2259/2259/2259
f 2259/2259/2259 2227/2227/2227 2322/2322/2322
f 2274/2274/2274 2322/2322/2322 2227/2227/2227
f 2227/2227/2227 2211/2211/2211 2274/2274/2274
f 2242/2242/2242 2274/2274/2274 2211/2211/2211
f 2211/2211/2211 2177/2177/2177 2242/2242/2242
f 2194/2194/2194 2242/2242/2242 2177/2177/2177
f 2177/2177/2177 2139/2139/2139 2194/2194/2194
f 2154/2154/2154 2194/2194/2194 2139/2139/2139
f 2139/2139/2139 2107/2107/2107 2154/2154/2154
f 2122/2122/2122 2154/2154/2154 2107/2107/2107
f 2107/2107/2107 2075/2075/2075 2122/2122/2122
f 2090/2090/2090 2122/2122/2122 2075/2075/2075
f 2075/2075/2075 2059/2059/2059 2090/2090/2090
f 2042/2042/2042 2090/2090/2090 2059/2059/2059
f 2059/2059/2059 2027/2027/2027 2042/2042/2042
f 2010/2010/2010 2042/2042/2042 2027/2027/2027
f 2027/2027/2027 1995/1995/1995 2010/2010/2010
f 1978/1978/1978 2010/2010/2010 1995/1995/1995
f 1995/1995/1995 1963/1963/1963 1978/1978/1978
f 1946/1946/1946 1978/1978/1978 1963/1963/1963
f 1963/1963/1963 1931/1931/1931 1946/1946/1946
f 1914/1914/1914 1946/1946/1946 1931/1931/1931
f 1931/1931/1931 1899/1899/1899 1914/1914/1914
f 1882/1882/1882 1914/1914/1914 1899/1899/1899
f 1899/1899/1899 1867/1867/1867 1882/1882/1882
f 1850/1850/1850 1882/1882/1882 1867/1867/1867
f 1867/1867/1867 1835/1835/1835 1850/1850/1850
f 1803/1803/1803 1850/1850/1850 1835/1835/1835
f 1835/1835/1835 1818/1818/1818 1803/1803/1803
f 1771/1771/1771 1803/1803/1803 1818/1818/1818
f 1818/1818/1818 1786/1786/1786 1771/1771/1771
f 1739/1739/1739 1771/1771/1771 1786/1786/1786
f 1786/1786/1786 1754/1754/1754 1739/1739/1739
f 1707/1707/1707 1739/1739/1739 1754/1754/1754
f 1754/1754/1754 1722/1722/1722 1707/1707/1707
f 1675/1675/1675 1707/1707/1707 1722/1722/1722
f 1722/1722/1722 1690/1690/1690 1675/1675/1675
f 1643/1643/1643 1675/1675/1675 1690/1690/1690
f 1690/1690/1690 1658/1658/1658 1643/1643/1643
f 1611/1611/1611 1643/1643/1643 1658/1658/1658
f 1658/1658/1658 1626/1626/1626 1611/1611/1611
f 1563/1563/1563 1611/1611/1611 1626/1626/1626
f 1626/1626/1626 1594/1594/1594 1563/1563/1563
f 1531/1531/1531 1563/1563/1563 1594/1594/1594
f 1594/1594/1594 1578/1578/1578 1531/1531/1531
f 1499/1499/1499 1531/1531/1531 1578/1578/1578
f 1578/1578/1578 1546/1546/1546 1499/1499/1499
f 1458/1458/1458 1499/1499/1499 1546/1546/1546
f 1546/1546/1546 1514/1514/1514 1458/1458/1458
f 1409/1409/1409 1458/1458/1458 1514/1514/1514
f 1514/1514/1514 1478/1478/1478 1409/1409/1409
f 1377/1377/1377 1409/1409/1409 1478/1478/1478
f 1478/1478/1478 1440/1440/1440 1377/1377/1377
f 1329/1329/1329 1377/1377/1377 1440/1440/1440
f 1440/1440/1440 1424/1424/1424 1329/1329/1329
f 1297/1297/1297 1329/1329/1329 1424/1424/1424
f 1424/1424/1424 1392/1392/1392 1297/1297/1297
f 1209/1209/1209 1297/1297/1297 1392/1392/1392
f 1392/1392/1392 1360/1360/1360 1209/1209/1209
f 1193/1193/1193 1209/1209/1209 1360/1360/1360
f 1360/1360/1360 1344/1344/1344 1193/1193/1193
f 1177/1177/1177 1193/1193/1193 1344/1344/1344
f 1344/1344/1344 1312/1312/1312 1177/1177/1177
f 1161/1161/1161 1177/1177/1177 1312/1312/1312
f 1312/1312/1312 1280/1280/1280 1161/1161/1161
f 1143/1143/1143 1161/1161/1161 1280/1280/1280
f 1280/1280/1280 1264/1264/1264 1143/1143/1143
f 1127/1127/1127 1143/1143/1143 1264/1264/1264
f 1264/1264/1264 1248/1248/1248 1127/1127/1127
f 1111/1111/1111 1127/1127/1127 1248/1248/1248
f 1248/1248/1248 1232/1232/1232 1111/1111/1111
f 1097/1097/1097 1111/1111/1111 1232/1232/1232
f 1232/1232/1232 1220/1220/1220 1097/1097/1097
f 1115/1115/1115 1097/1097/1097 1220/1220/1220
f 1220/1220/1220 1236/1236/1236 1115/1115/1115
f 1131/1131/1131 1115/1115/1115 1236/1236/1236
f 1236/1236/1236 1252/1252/1252 1131/1131/1131
f 1147/1147/1147 1131/1131/1131 1252/1252/1252
f 1252/1252/1252 1268/1268/1268 1147/1147/1147
f 1165/1165/1165 1147/1147/1147 1268/1268/1268
f 1268/1268/1268 1284/1284/1284 1165/1165/1165
f 1181/1181/1181 1165/1165/1165 1284/1284/1284
f 1284/1284/1284 1316/1316/1316 1181/1181/1181
f 1197/1197/1197 1181/1181/1181 1316/1316/1316
f 1316/1316/1316 1348/1348/1348 1197/1197/1197
f 1213/1213/1213 1197/1197/1197 1348/1348/1348
f 1348/1348/1348 1364/1364/1364 1213/1213/1213
f 1301/1301/1301 1213/1213/1213 1364/1364/1364
f 1364/1364/1364 1396/1396/1396 1301/1301/1301
f 1333/1333/1333 1301/1301/1301 1396/1396/1396
f 1396/1396/1396 1428/1428/1428 1333/1333/1333
f 1381/1381/1381 1333/1333/1333 1428/1428/1428
f 1428/1428/1428 1444/1444/1444 1381/1381/1381
f 1413/1413/1413 1381/1381/1381 1444/1444/1444
f 1444/1444/1444 1484/1484/1484 1413/1413/1413
f 1462/1462/1462 1413/1413/1413 1484/1484/1484
f 1484/1484/1484 1518/1518/1518 1462/1462/1462
f 1503/1503/1503 1462/1462/1462 1518/1518/1518
f 1518/1518/1518 1550/1550/1550 1503/1503/1503
f 1535/1535/1535 1503/1503/1503 1550/1550/1550
f 1550/1550/1550 1582/1582/1582 1535/1535/1535
f 1567/1567/1567 1535/1535/1535 1582/1582/1582
f 1582/1582/1582 1598/1598/1598 1567/1567/1567
f 1615/1615/1615 1567/1567/1567 1598/1598/1598
f 1598/1598/1598 1630/1630/1630 1615/1615/1615
f 1647/1647/1647 1615/1615/1615 1630/1630/1630
f 1630/1630/1630 1662/1662/1662 1647/1647/1647
f 1679/1679/1679 1647/1647/1647 1662/1662/1662
f 1662/1662/1662 1694/1694/1694 1679/1679/1679
f 1711/1711/1711 1679/1679/1679 1694/1694/1694
f 1694/1694/1694 1726/1726/1726 1711/1711/1711
f 1743/1743/1743 1711/1711/1711 1726/1726/1726
f 1726/1726/1726 1758/1758/1758 1743/1743/1743
f 1775/1775/1775 1743/1743/1743 1758/1758/1758
f 1758/1758/1758 1790/1790/1790 1775/1775/1775
f 1807/1807/1807 1775/1775/1775 1790/1790/1790
f 1790/1790/1790 1822/1822/1822 1807/1807/1807
f 1854/1854/1854 1807/1807/1807 1822/1822/1822
f 1822/1822/1822 1839/1839/1839 1854/1854/1854
f 1886/1886/1886 1854/1854/1854 1839/1839/1839
f 1839/1839/1839 1871/1871/1871 1886/1886/1886
f 1918/1918/1918 1886/1886/1886 1871/1871/1871
f 1871/1871/1871 1903/1903/1903 1918/1918/1918
f 1950/1950/1950 1918/1918/1918 1903/1903/1903
f 1903/1903/1903 1935/1935/1935 1950/1950/1950
f 2415/2415/2415 2427/2427/2427 2548/2548/2548
f 2548/2548/2548 2535/2535/2535 2415/2415/2415
f 2531/2531/2531 2548/2548/2548 2427/2427/2427
f 2427/2427/2427 2411/2411/2411 2531/2531/2531
f 2514/2514/2514 2531/2531/2531 2411/2411/2411
f 2411/2411/2411 2395/2395/2395 2514/2514/2514
f 2498/2498/2498 2514/2514/2514 2395/2395/2395
f 2395/2395/2395 2379/2379/2379 2498/2498/2498
f 2482/2482/2482 2498/2498/2498 2379/2379/2379
f 2379/2379/2379 2363/2363/2363 2482/2482/2482
f 2466/2466/2466 2482/2482/2482 2363/2363/2363
f 2363/2363/2363 2331/2331/2331 2466/2466/2466
f 2450/2450/2450 2466/2466/2466 2331/2331/2331
f 2331/2331/2331 2299/2299/2299 2450/2450/2450
f 2434/2434/2434 2450/2450/2450 2299/2299/2299
f 2299/2299/2299 2283/2283/2283 2434/2434/2434
f 2346/2346/2346 2434/2434/2434 2283/2283/2283
f 2283/2283/2283 2251/2251/2251 2346/2346/2346
f 2314/2314/2314 2346/2346/2346 2251/2251/2251
f 2251/2251/2251 2219/2219/2219 2314/2314/2314
f 2266/2266/2266 2314/2314/2314 2219/2219/2219
f 2219/2219/2219 2203/2203/2203 2266/2266/2266
f 2234/2234/2234 2266/2266/2266 2203/2203/2203
f 2203/2203/2203 2165/2165/2165 2234/2234/2234
f 2186/2186/2186 2234/2234/2234 2165/2165/2165
f 2165/2165/2165 2131/2131/2131 2186/2186/2186
f 2146/2146/2146 2186/2186/2186 2131/2131/2131
f 2131/2131/2131 2099/2099/2099 2146/2146/2146
f 2114/2114/2114 2146/2146/2146 2099/2099/2099
f 2099/2099/2099 2067/2067/2067 2114/2114/2114
f 2082/2082/2082 2114/2114/2114 2067/2067/2067
f 2067/2067/2067 2051/2051/2051 2082/2082/2082
f 2034/2034/2034 2082/2082/2082 2051/2051/2051
f 2051/2051/2051 2019/2019/2019 2034/2034/2034
f 2002/2002/2002 2034/2034/2034 2019/2019/2019
f 2019/2019/2019 1987/1987/1987 2002/2002/2002
f 1970/1970/1970 2002/2002/2002 1987/1987/1987
f 1987/1987/1987 1955/1955/1955 1970/1970/1970
f 1938/1938/1938 1970/1970/1970 1955/1955/1955
f 1955/1955/1955 1923/1923/1923 1938/1938/1938
f 1906/1906/1906 1938/1938/1938 1923/1923/1923
f 1923/1923/1923 1891/1891/1891 1906/1906/1906
f 1874/1874/1874 1906/1906/1906 1891/1891/1891
f 1891/1891/1891 1859/1859/1859 1874/1874/1874
f 1842/1842/1842 1874/1874/1874 1859/1859/1859
f 1859/1859/1859 1827/1827/1827 1842/1842/1842
f 1795/1795/1795 1842/1842/1842 1827/1827/1827
f 1827/1827/1827 1810/1810/1810 1795/1795/1795
f 1763/1763/1763 1795/1795/1795 1810/1810/1810
f 1810/1810/1810 1778/1778/1778 1763/1763/1763
f 1731/1731/1731 1763/1763/1763 1778/1778/1778
f 1778/1778/1778 1746/1746/1746 1731/1731/1731
f 1699/1699/1699 1731/1731/1731 1746/1746/1746
f 1746/1746/1746 1714/1714/1714 1699/1699/1699
f 1667/1667/1667 1699/1699/1699 1714/1714/1714
f 1714/1714/1714 1682/1682/1682 1667/1667/1667
f 1635/1635/1635 1667/1667/1667 1682/1682/1682
f 1682/1682/1682 1650/1650/1650 1635/1635/1635
f 1603/1603/1603 1635/1635/1635 1650/1650/1650
f 1650/1650/1650 1618/1618/1618 1603/1603/1603
f 1555/1555/1555 1603/1603/1603 1618/1618/1618
f 1618/1618/1618 1586/1586/1586 1555/1555/1555
f 1523/1523/1523 1555/1555/1555 1586/1586/1586
f 1586/1586/1586 1570/1570/1570 1523/1523/1523
f 1490/1490/1490 1523/1523/1523 1570/1570/1570
f 1570/1570/1570 1538/1538/1538 1490/1490/1490
f 1449/1449/1449 1490/1490/1490 1538/1538/1538
f 1538/1538/1538 1506/1506/1506 1449/1449/1449
f 1401/1401/1401 1449/1449/1449 1506/1506/1506
f 1506/1506/1506 1466/1466/1466 1401/1401/1401
f 1369/1369/1369 1401/1401/1401 1466/1466/1466
f 1466/1466/1466 1432/1432/1432 1369/1369/1369
f 1321/1321/1321 1369/1369/1369 1432/1432/1432
f 1432/1432/1432 1416/1416/1416 1321/1321/1321
f 1289/1289/1289 1321/1321/1321 1416/1416/1416
f 1416/1416/1416 1384/1384/1384 1289/1289/1289
f 1201/1201/1201 1289/1289/1289 1384/1384/1384
f 1384/1384/1384 1352/1352/1352 1201/1201/1201
f 1185/1185/1185 1201/1201/1201 1352/1352/1352
f 1352/1352/1352 1336/1336/1336 1185/1185/1185
f 1169/1169/1169 1185/1185/1185 1336/1336/1336
f 1336/1336/1336 1304/1304/1304 1169/1169/1169
f 1151/1151/1151 1169/1169/1169 1304/1304/1304
f 1304/1304/1304 1272/1272/1272 1151/1151/1151
f 1135/1135/1135 1151/1151/1151 1272/1272/1272
f 1272/1272/1272 1256/1256/1256 1135/1135/1135
f 1119/1119/1119 1135/1135/1135 1256/1256/1256
f 1256/1256/1256 1240/1240/1240 1119/1119/1119
f 1101/1101/1101 1119/1119/1119 1240/1240/1240
f 1240/1240/1240 1224/1224/1224 1101/1101/1101
f 1093/1093/1093 1101/1101/1101 1224/1224/1224
f 1224/1224/1224 1216/1216/1216 1093/1093/1093
f 1105/1105/1105 1093/1093/1093 1216/1216/1216
f 1216/1216/1216 1228/1228/1228 1105/1105/1105
f 1123/1123/1123 1105/1105/1105 1228/1228/1228
f 1228/1228/1228 1244/1244/1244 1123/1123/1123
f 1139/1139/1139 1123/1123/1123 1244/1244/1244
f 1244/1244/1244 1260/1260/1260 1139/1139/1139
f 1157/1157/1157 1139/1139/1139 1260/1260/1260
f 1260/1260/1260 1276/1276/1276 1157/1157/1157
f 1173/1173/1173 1157/1157/1157 1276/1276/1276
f 1276/1276/1276 1308/1308/1308 1173/1173/1173
f 1189/1189/1189 1173/1173/1173 1308/1308/1308
f 1308/1308/1308 1340/1340/1340 1189/1189/1189
f 1205/1205/1205 1189/1189/1189 1340/1340/1340
f 1340/1340/1340 1356/1356/1356 1205/1205/1205
f 1293/1293/1293 1205/1205/1205 1356/1356/1356
f 1356/1356/1356 1388/1388/1388 1293/1293/1293
f 1325/1325/1325 1293/1293/1293 1388/1388/1388
f 1388/1388/1388 1420/1420/1420 1325/1325/1325
f 1373/1373/1373 1325/1325/1325 1420/1420/1420
f 1420/1420/1420 1436/1436/1436 1373/1373/1373
f 1405/1405/1405 1373/1373/1373 1436/1436/1436
f 1436/1436/1436 1472/1472/1472 1405/1405/1405
f 1453/1453/1453 1405/1405/1405 1472/1472/1472
f 1472/1472/1472 1510/1510/1510 1453/1453/1453
f 1494/1494/1494 1453/1453/1453 1510/1510/1510
f 1510/1510/1510 1542/1542/1542 1494/1494/1494
f 1527/1527/1527 1494/1494/1494 1542/1542/1542
f 1542/1542/1542 1574/1574/1574 1527/1527/1527
f 1559/1559/1559 1527/1527/1527 1574/1574/1574
f 1574/1574/1574 1590/1590/1590 1559/1559/1559
f 1607/1607/1607 1559/1559/1559 1590/1590/1590
f 1590/1590/1590 1622/1622/1622 1607/1607/1607
f 1639/1639/1639 1607/1607/1607 1622/1622/1622
f 1622/1622/1622 1654/1654/1654 1639/1639/1639
f 1671/1671/1671 1639/1639/1639 1654/1654/1654
f 1654/1654/1654 1686/1686/1686 1671/1671/1671
f 1703/1703/1703 1671/1671/1671 1686/1686/1686
f 1686/1686/1686 1718/1718/1718 1703/1703/1703
f 1735/1735/1735 1703/1703/1703 1718/1718/1718
f 1718/1718/1718 1750/1750/1750 1735/1735/1735
f 1767/1767/1767 1735/1735/1735 1750/1750/1750
f 1750/1750/1750 1782/1782/1782 1767/1767/1767
f 1799/1799/1799 1767/1767/1767 1782/1782/1782
f 1782/1782/1782 1814/1814/1814 1799/1799/1799
f 1846/1846/1846 1799/1799/1799 1814/1814/1814
f 1814/1814/1814 1831/1831/1831 1846/1846/1846
f 1878/1878/1878 1846/1846/1846 1831/1831/1831
f 1831/1831/1831 1863/1863/1863 1878/1878/1878
f 1910/1910/1910 1878/1878/1878 1863/1863/1863
f 1863/1863/1863 1895/1895/1895 1910/1910/1910
f 1942/1942/1942 1910/1910/1910 1895/1895/1895
f 1895/1895/1895 1927/1927/1927 1942/1942/1942
f 1974/1974/1974 1942/1942/1942 1927/1927/1927
f 1927/1927/1927 1959/1959/1959 1974/1974/1974
f 2006/2006/2006 1974/1974/1974 1959/1959/1959
f 1959/1959/1959 1991/1991/1991 2006/2006/2006
f 2038/2038/2038 2006/2006/2006 1991/1991/1991
f 1991/1991/1991 2023/2023/2023 2038/2038/2038
f 2086/2086/2086 2038/2038/2038 2023/2023/2023
f 2023/2023/2023 2055/2055/2055 2086/2086/2086
f 2118/2118/2118 2086/2086/2086 2055/2055/2055
f 2055/2055/2055 2071/2071/2071 2118/2118/2118
f 2150/2150/2150 2118/2118/2118 2071/2071/2071
f 2071/2071/2071 2103/2103/2103 2150/2150/2150
f 2190/2190/2190 2150/2150/2150 2103/2103/2103
f 2103/2103/2103 2135/2135/2135 2190/2190/2190
f 2238/2238/2238 2190/2190/2190 2135/2135/2135
f 2135/2135/2135 2171/2171/2171 2238/2238/2238
f 2270/2270/2270 2238/2238/2238 2171/2171/2171
f 2171/2171/2171 2207/2207/2207 2270/2270/2270
f 2318/2318/2318 2270/2270/2270 2207/2207/2207
f 2207/2207/2207 2223/2223/2223 2318/2318/2318
f 2350/2350/2350 2318/2318/2318 2223/2223/2223
f 2223/2223/2223 2255/2255/2255 2350/2350/2350
f 2438/2438/2438 2350/2350/2350 2255/2255/2255
f 2255/2255/2255 2287/2287/2287 2438/2438/2438
f 2454/2454/2454 2438/2438/2438 2287/2287/2287
f 2287/2287/2287 2303/2303/2303 2454/2454/2454
f 2399/2399/2399 2415/2415/2415 2535/2535/2535
f 2535/2535/2535 2518/2518/2518 2399/2399/2399
f 2470/2470/2470 2454/2454/2454 2303/2303/2303
f 2303/2303/2303 2335/2335/2335 2470/2470/2470
f 2486/2486/2486 2470/2470/2470 2335/2335/2335
f 2335/2335/2335 2367/2367/2367 2486/2486/2486
f 2502/2502/2502 2486/2486/2486 2367/2367/2367
f 2367/2367/2367 2383/2383/2383 2502/2502/2502
f 2518/2518/2518 2502/2502/2502 2383/2383/2383
f 2383/2383/2383 2399/2399/2399 2518/2518/2518
f 2381/2381/2381 2365/2365/2365 2484/2484/2484
f 2484/2484/2484 2500/2500/2500 2381/2381/2381
f 2468/2468/2468 2484/2484/2484 2365/2365/2365
f 2365/2365/2365 2333/2333/2333 2468/2468/2468
f 2452/2452/2452 2468/2468/2468 2333/2333/2333
f 2333/2333/2333 2301/2301/2301 2452/2452/2452
f 2436/2436/2436 2452/2452/2452 2301/2301/2301
f 2301/2301/2301 2285/2285/2285 2436/2436/2436
f 2348/2348/2348 2436/2436/2436 2285/2285/2285
f 2285/2285/2285 2253/2253/2253 2348/2348/2348
f 2316/2316/2316 2348/2348/2348 2253/2253/2253
f 2253/2253/2253 2221/2221/2221 2316/2316/2316
f 2268/2268/2268 2316/2316/2316 2221/2221/2221
f 2221/2221/2221 2205/2205/2205 2268/2268/2268
f 2236/2236/2236 2268/2268/2268 2205/2205/2205
f 2205/2205/2205 2168/2168/2168 2236/2236/2236
f 2188/2188/2188 2236/2236/2236 2168/2168/2168
f 2168/2168/2168 2133/2133/2133 2188/2188/2188
f 2148/2148/2148 2188/2188/2188 2133/2133/2133
f 2133/2133/2133 2101/2101/2101 2148/2148/2148
f 2116/2116/2116 2148/2148/2148 2101/2101/2101
f 2101/2101/2101 2069/2069/2069 2116/2116/2116
f 2084/2084/2084 2116/2116/2116 2069/2069/2069
f 2069/2069/2069 2053/2053/2053 2084/2084/2084
f 2036/2036/2036 2084/2084/2084 2053/2053/2053
f 2053/2053/2053 2021/2021/2021 2036/2036/2036
f 2004/2004/2004 2036/2036/2036 2021/2021/2021
f 2021/2021/2021 1989/1989/1989 2004/2004/2004
f 1972/1972/1972 2004/2004/2004 1989/1989/1989
f 1989/1989/1989 1957/1957/1957 1972/1972/1972
f 1940/1940/1940 1972/1972/1972 1957/1957/1957
f 1957/1957/1957 1925/1925/1925 1940/1940/1940
f 1908/1908/1908 1940/1940/1940 1925/1925/1925
f 1925/1925/1925 1893/1893/1893 1908/1908/1908
f 1876/1876/1876 1908/1908/1908 1893/1893/1893
f 1893/1893/1893 1861/1861/1861 1876/1876/1876
f 1844/1844/1844 1876/1876/1876 1861/1861/1861
f 1861/1861/1861 1829/1829/1829 1844/1844/1844
f 1797/1797/1797 1844/1844/1844 1829/1829/1829
f 1829/1829/1829 1812/1812/1812 1797/1797/1797
f 1765/1765/1765 1797/1797/1797 1812/1812/1812
f 1812/1812/1812 1780/1780/1780 1765/1765/1765
f 1733/1733/1733 1765/1765/1765 1780/1780/1780
f 1780/1780/1780 1748/1748/1748 1733/1733/1733
f 1701/1701/1701 1733/1733/1733 1748/1748/1748
f 1748/1748/1748 1716/1716/1716 1701/1701/1701
f 1669/1669/1669 1701/1701/1701 1716/1716/1716
f 1716/1716/1716 1684/1684/1684 1669/1669/1669
f 1637/1637/1637 1669/1669/1669 1684/1684/1684
f 1684/1684/1684 1652/1652/1652 1637/1637/1637
f 1605/1605/1605 1637/1637/1637 1652/1652/1652
f 1652/1652/1652 1620/1620/1620 1605/1605/1605
f 1557/1557/1557 1605/1605/1605 1620/1620/1620
f 1620/1620/1620 1588/1588/1588 1557/1557/1557
f 1525/1525/1525 1557/1557/1557 1588/1588/1588
f 1588/1588/1588 1572/1572/1572 1525/1525/1525
f 1492/1492/1492 1525/1525/1525 1572/1572/1572
f 1572/1572/1572 1540/1540/1540 1492/1492/1492
f 1451/1451/1451 1492/1492/1492 1540/1540/1540
f 1540/1540/1540 1508/1508/1508 1451/1451/1451
f 1403/1403/1403 1451/1451/1451 1508/1508/1508
f 1508/1508/1508 1469/1469/1469 1403/1403/1403
f 1371/1371/1371 1403/1403/1403 1469/1469/1469
f 1469/1469/1469 1434/1434/1434 1371/1371/1371
f 1323/1323/1323 1371/1371/1371 1434/1434/1434
f 1434/1434/1434 1418/1418/1418 1323/1323/1323
f 1291/1291/1291 1323/1323/1323 1418/1418/1418
f 1418/1418/1418 1386/1386/1386 1291/1291/1291
f 1203/1203/1203 1291/1291/1291 1386/1386/1386
f 1386/1386/1386 1354/1354/1354 1203/1203/1203
f 1187/1187/1187 1203/1203/1203 1354/1354/1354
f 1354/1354/1354 1338/1338/1338 1187/1187/1187
f 1171/1171/1171 1187/1187/1187 1338/1338/1338
f 1338/1338/1338 1306/1306/1306 1171/1171/1171
f 1153/1153/1153 1171/1171/1171 1306/1306/1306
f 1306/1306/1306 1274/1274/1274 1153/1153/1153
f 1137/1137/1137 1153/1153/1153 1274/1274/1274
f 1274/1274/1274 1258/1258/1258 1137/1137/1137
f 1121/1121/1121 1137/1137/1137 1258/1258/1258
f 1258/1258/1258 1242/1242/1242 1121/1121/1121
f 1103/1103/1103 1121/1121/1121 1242/1242/1242
f 1242/1242/1242 1226/1226/1226 1103/1103/1103
f 1091/1091/1091 1103/1103/1103 1226/1226/1226
f 1226/1226/1226 1214/1214/1214 1091/1091/1091
f 1099/1099/1099 1091/1091/1091 1214/1214/1214
f 1214/1214/1214 1222/1222/1222 1099/1099/1099
f 1117/1117/1117 1099/1099/1099 1222/1222/1222
f 1222/1222/1222 1238/1238/1238 1117/1117/1117
f 1133/1133/1133 1117/1117/1117 1238/1238/1238
f 1238/1238/1238 1254/1254/1254 1133/1133/1133
f 1149/1149/1149 1133/1133/1133 1254/1254/1254
f 1254/1254/1254 1270/1270/1270 1149/1149/1149
f 1167/1167/1167 1149/1149/1149 1270/1270/1270
f 1270/1270/1270 1302/1302/1302 1167/1167/1167
f 1183/1183/1183 1167/1167/1167 1302/1302/1302
f 1302/1302/1302 1334/1334/1334 1183/1183/1183
f 1199/1199/1199 1183/1183/1183 1334/1334/1334
f 1334/1334/1334 1350/1350/1350 1199/1199/1199
f 1287/1287/1287 1199/1199/1199 1350/1350/1350
f 1350/1350/1350 1382/1382/1382 1287/1287/1287
f 1319/1319/1319 1287/1287/1287 1382/1382/1382
f 1382/1382/1382 1414/1414/1414 1319/1319/1319
f 1367/1367/1367 1319/1319/1319 1414/1414/1414
f 1414/1414/1414 1430/1430/1430 1367/1367/1367
f 1399/1399/1399 1367/1367/1367 1430/1430/1430
f 1430/1430/1430 1463/1463/1463 1399/1399/1399
f 1447/1447/1447 1399/1399/1399 1463/1463/1463
f 1463/1463/1463 1504/1504/1504 1447/1447/1447
f 1488/1488/1488 1447/1447/1447 1504/1504/1504
f 1504/1504/1504 1536/1536/1536 1488/1488/1488
f 1521/1521/1521 1488/1488/1488 1536/1536/1536
f 1536/1536/1536 1568/1568/1568 1521/1521/1521
f 1553/1553/1553 1521/1521/1521 1568/1568/1568
f 1568/1568/1568 1584/1584/1584 1553/1553/1553
f 1601/1601/1601 1553/1553/1553 1584/1584/1584
f 1584/1584/1584 1616/1616/1616 1601/1601/1601
f 1633/1633/1633 1601/1601/1601 1616/1616/1616
f 1616/1616/1616 1648/1648/1648 1633/1633/1633
f 1665/1665/1665 1633/1633/1633 1648/1648/1648
f 1648/1648/1648 1680/1680/1680 1665/1665/1665
f 1697/1697/1697 1665/1665/1665 1680/1680/1680
f 1680/1680/1680 1712/1712/1712 1697/1697/1697
f 1729/1729/1729 1697/1697/1697 1712/1712/1712
f 1712/1712/1712 1744/1744/1744 1729/1729/1729
f 1761/1761/1761 1729/1729/1729 1744/1744/1744
f 1744/1744/1744 1776/1776/1776 1761/1761/1761
f 1793/1793/1793 1761/1761/1761 1776/1776/1776
f 1776/1776/1776 1808/1808/1808 1793/1793/1793
f 1840/1840/1840 1793/1793/1793 1808/1808/1808
f 1808/1808/1808 1825/1825/1825 1840/1840/1840
f 1872/1872/1872 1840/1840/1840 1825/1825/1825
f 1825/1825/1825 1857/1857/1857 1872/1872/1872
f 1904/1904/1904 1872/1872/1872 1857/1857/1857
f 1857/1857/1857 1889/1889/1889 1904/1904/1904
f 1936/1936/1936 1904/1904/1904 1889/1889/1889
f 1889/1889/1889 1921/1921/1921 1936/1936/1936
f 1968/1968/1968 1936/1936/1936 1921/1921/1921
f 1921/1921/1921 1953/1953/1953 1968/1968/1968
f 2000/2000/2000 1968/1968/1968 1953/1953/1953
f 1953/1953/1953 1985/1985/1985 2000/2000/2000
f 2032/2032/2032 2000/2000/2000 1985/1985/1985
f 1985/1985/1985 2017/2017/2017 2032/2032/2032
f 2080/2080/2080 2032/2032/2032 2017/2017/2017
f 2017/2017/2017 2049/2049/2049 2080/2080/2080
f 2112/2112/2112 2080/2080/2080 2049/2049/2049
f 2049/2049/2049 2065/2065/2065 2112/2112/2112
f 2144/2144/2144 2112/2112/2112 2065/2065/2065
f 2065/2065/2065 2097/2097/2097 2144/2144/2144
f 2184/2184/2184 2144/2144/2144 2097/2097/2097
f 2097/2097/2097 2129/2129/2129 2184/2184/2184
f 2232/2232/2232 2184/2184/2184 2129/2129/2129
f 2129/2129/2129 2162/2162/2162 2232/2232/2232
f 2264/2264/2264 2232/2232/2232 2162/2162/2162
f 2162/2162/2162 2201/2201/2201 2264/2264/2264
f 2312/2312/2312 2264/2264/2264 2201/2201/2201
f 2201/2201/2201 2217/2217/2217 2312/2312/2312
f 2344/2344/2344 2312/2312/2312 2217/2217/2217
f 2217/2217/2217 2249/2249/2249 2344/2344/2344
f 2432/2432/2432 2344/2344/2344 2249/2249/2249
f 2249/2249/2249 2281/2281/2281 2432/2432/2432
f 2448/2448/2448 2432/2432/2432 2281/2281/2281
f 2281/2281/2281 2297/2297/2297 2448/2448/2448
f 2464/2464/2464 2448/2448/2448 2297/2297/2297
f 2297/2297/2297 2329/2329/2329 2464/2464/2464
f 2480/2480/2480 2464/2464/2464 2329/2329/2329
f 2329/2329/2329 2361/2361/2361 2480/2480/2480
f 2496/2496/2496 2480/2480/2480 2361/2361/2361
f 2361/2361/2361 2377/2377/2377 2496/2496/2496
f 2512/2512/2512 2496/2496/2496 2377/2377/2377
f 2377/2377/2377 2393/2393/2393 2512/2512/2512
f 2529/2529/2529 2512/2512/2512 2393/2393/2393
f 2393/2393/2393 2409/2409/2409 2529/2529/2529
f 2546/2546/2546 2529/2529/2529 2409/2409/2409
f 2409/2409/2409 2425/2425/2425 2546/2546/2546
f 2533/2533/2533 2546/2546/2546 2425/2425/2425
f 2425/2425/2425 2413/2413/2413 2533/2533/2533
f 2516/2516/2516 2533/2533/2533 2413/2413/2413
f 2413/2413/2413 2397/2397/2397 2516/2516/2516
f 2500/2500/2500 2516/2516/2516 2397/2397/2397
f 2397/2397/2397 2381/2381/2381 2500/2500/2500
f 1262/1262/1262 1278/1278/1278 1159/1159/1159
f 1159/1159/1159 1141/1141/1141 1262/1262/1262
f 1175/1175/1175 1159/1159/1159 1278/1278/1278
f 1278/1278/1278 1310/1310/1310 1175/1175/1175
f 1191/1191/1191 1175/1175/1175 1310/1310/1310
f 1310/1310/1310 1342/1342/1342 1191/1191/1191
f 1207/1207/1207 1191/1191/1191 1342/1342/1342
f 1342/1342/1342 1358/1358/1358 1207/1207/1207
f 1295/1295/1295 1207/1207/1207 1358/1358/1358
f 1358/1358/1358 1390/1390/1390 1295/1295/1295
f 1327/1327/1327 1295/1295/1295 1390/1390/1390
f 1390/1390/1390 1422/1422/1422 1327/1327/1327
f 1375/1375/1375 1327/1327/1327 1422/1422/1422
f 1422/1422/1422 1438/1438/1438 1375/1375/1375
f 1407/1407/1407 1375/1375/1375 1438/1438/1438
f 1438/1438/1438 1475/1475/1475 1407/1407/1407
f 1455/1455/1455 1407/1407/1407 1475/1475/1475
f 1475/1475/1475 1512/1512/1512 1455/1455/1455
f 1496/1496/1496 1455/1455/1455 1512/1512/1512
f 1512/1512/1512 1544/1544/1544 1496/1496/1496
f 1529/1529/1529 1496/1496/1496 1544/1544/1544
f 1544/1544/1544 1576/1576/1576 1529/1529/1529
f 1561/1561/1561 1529/1529/1529 1576/1576/1576
f 1576/1576/1576 1592/1592/1592 1561/1561/1561
f 1609/1609/1609 1561/1561/1561 1592/1592/1592
f 1592/1592/1592 1624/1624/1624 1609/1609/1609
f 1641/1641/1641 1609/1609/1609 1624/1624/1624
f 1624/1624/1624 1656/1656/1656 1641/1641/1641
f 1673/1673/1673 1641/1641/1641 1656/1656/1656
f 1656/1656/1656 1688/1688/1688 1673/1673/1673
f 1705/1705/1705 1673/1673/1673 1688/1688/1688
f 1688/1688/1688 1720/1720/1720 1705/1705/1705
f 1737/1737/1737 1705/1705/1705 1720/1720/1720
f 1720/1720/1720 1752/1752/1752 1737/1737/1737
f 1769/1769/1769 1737/1737/1737 1752/1752/1752
f 1752/1752/1752 1784/1784/1784 1769/1769/1769
f 1801/1801/1801 1769/1769/1769 1784/1784/1784
f 1784/1784/1784 1816/1816/1816 1801/1801/1801
f 1848/1848/1848 1801/1801/1801 1816/1816/1816
f 1816/1816/1816 1833/1833/1833 1848/1848/1848
f 1880/1880/1880 1848/1848/1848 1833/1833/1833
f 1833/1833/1833 1865/1865/1865 1880/1880/1880
f 1912/1912/1912 1880/1880/1880 1865/1865/1865
f 1865/1865/1865 1897/1897/1897 1912/1912/1912
f 1944/1944/1944 1912/1912/1912 1897/1897/1897
f 1897/1897/1897 1929/1929/1929 1944/1944/1944
f 1976/1976/1976 1944/1944/1944 1929/1929/1929
f 1929/1929/1929 1961/1961/1961 1976/1976/1976
f 2008/2008/2008 1976/1976/1976 1961/1961/1961
f 1961/1961/1961 1993/1993/1993 2008/2008/2008
f 2040/2040/2040 2008/2008/2008 1993/1993/1993
f 1993/1993/1993 2025/2025/2025 2040/2040/2040
f 2088/2088/2088 2040/2040/2040 2025/2025/2025
f 2025/2025/2025 2057/2057/2057 2088/2088/2088
f 2120/2120/2120 2088/2088/2088 2057/2057/2057
f 2057/2057/2057 2073/2073/2073 2120/2120/2120
f 2152/2152/2152 2120/2120/2120 2073/2073/2073
f 2073/2073/2073 2105/2105/2105 2152/2152/2152
f 2192/2192/2192 2152/2152/2152 2105/2105/2105
f 2105/2105/2105 2137/2137/2137 2192/2192/2192
f 2240/2240/2240 2192/2192/2192 2137/2137/2137
f 2137/2137/2137 2174/2174/2174 2240/2240/2240
f 2272/2272/2272 2240/2240/2240 2174/2174/2174
f 2174/2174/2174 2209/2209/2209 2272/2272/2272
f 2320/2320/2320 2272/2272/2272 2209/2209/2209
f 2209/2209/2209 2225/2225/2225 2320/2320/2320
f 2352/2352/2352 2320/2320/2320 2225/2225/2225
f 2225/2225/2225 2257/2257/2257 2352/2352/2352
f 2440/2440/2440 2352/2352/2352 2257/2257/2257
f 2257/2257/2257 2289/2289/2289 2440/2440/2440
f 2456/2456/2456 2440/2440/2440 2289/2289/2289
f 2289/2289/2289 2305/2305/2305 2456/2456/2456
f 2472/2472/2472 2456/2456/2456 2305/2305/2305
f 2305/2305/2305 2337/2337/2337 2472/2472/2472
f 2488/2488/2488 2472/2472/2472 2337/2337/2337
f 2337/2337/2337 2369/2369/2369 2488/2488/2488
f 2504/2504/2504 2488/2488/2488 2369/2369/2369
f 2369/2369/2369 2385/2385/2385 2504/2504/2504
f 2520/2520/2520 2504/2504/2504 2385/2385/2385
f 2385/2385/2385 2401/2401/2401 2520/2520/2520
f 2537/2537/2537 2520/2520/2520 2401/2401/2401
f 2401/2401/2401 2417/2417/2417 2537/2537/2537
f 2550/2550/2550 2537/2537/2537 2417/2417/2417
f 2417/2417/2417 2429/2429/2429 2550/2550/2550
f 2542/2542/2542 2550/2550/2550 2429/2429/2429
f 2429/2429/2429 2421/2421/2421 2542/2542/2542
f 2525/2525/2525 2542/2542/2542 2421/2421/2421
f 2421/2421/2421 2405/2405/2405 2525/2525/2525
f 2508/2508/2508 2525/2525/2525 2405/2405/2405
f 2405/2405/2405 2389/2389/2389 2508/2508/2508
f 2492/2492/2492 2508/2508/2508 2389/2389/2389
f 2389/2389/2389 2373/2373/2373 2492/2492/2492
f 2476/2476/2476 2492/2492/2492 2373/2373/2373
f 2373/2373/2373 2341/2341/2341 2476/2476/2476
f 2460/2460/2460 2476/2476/2476 2341/2341/2341
f 2341/2341/2341 2309/2309/2309 2460/2460/2460
f 2444/2444/2444 2460/2460/2460 2309/2309/2309
f 2309/2309/2309 2293/2293/2293 2444/2444/2444
f 2356/2356/2356 2444/2444/2444 2293/2293/2293
f 2293/2293/2293 2261/2261/2261 2356/2356/2356
f 2324/2324/2324 2356/2356/2356 2261/2261/2261
f 2261/2261/2261 2229/2229/2229 2324/2324/2324
f 2276/2276/2276 2324/2324/2324 2229/2229/2229
f 2229/2229/2229 2213/2213/2213 2276/2276/2276
f 2244/2244/2244 2276/2276/2276 2213/2213/2213
f 2213/2213/2213 2180/2180/2180 2244/2244/2244
f 2196/2196/2196 2244/2244/2244 2180/2180/2180
f 2180/2180/2180 2141/2141/2141 2196/2196/2196
f 2156/2156/2156 2196/2196/2196 2141/2141/2141
f 2141/2141/2141 2109/2109/2109 2156/2156/2156
f 2124/2124/2124 2156/2156/2156 2109/2109/2109
f 2109/2109/2109 2077/2077/2077 2124/2124/2124
f 2092/2092/2092 2124/2124/2124 2077/2077/2077
f 2077/2077/2077 2061/2061/2061 2092/2092/2092
f 2044/2044/2044 2092/2092/2092 2061/2061/2061
f 2061/2061/2061 2029/2029/2029 2044/2044/2044
f 2012/2012/2012 2044/2044/2044 2029/2029/2029
f 2029/2029/2029 1997/1997/1997 2012/2012/2012
f 1980/1980/1980 2012/2012/2012 1997/1997/1997
f 1997/1997/1997 1965/1965/1965 1980/1980/1980
f 1948/1948/1948 1980/1980/1980 1965/1965/1965
f 1965/1965/1965 1933/1933/1933 1948/1948/1948
f 1916/1916/1916 1948/1948/1948 1933/1933/1933
f 1933/1933/1933 1901/1901/1901 1916/1916/1916
f 1884/1884/1884 1916/1916/1916 1901/1901/1901
f 1901/1901/1901 1869/1869/1869 1884/1884/1884
f 1852/1852/1852 1884/1884/1884 1869/1869/1869
f 1869/1869/1869 1837/1837/1837 1852/1852/1852
f 1805/1805/1805 1852/1852/1852 1837/1837/1837
f 1837/1837/1837 1820/1820/1820 1805/1805/1805
f 1773/1773/1773 1805/1805/1805 1820/1820/1820
f 1820/1820/1820 1788/1788/1788 1773/1773/1773
f 1741/1741/1741 1773/1773/1773 1788/1788/1788
f 1788/1788/1788 1756/1756/1756 1741/1741/1741
f 1709/1709/1709 1741/1741/1741 1756/1756/1756
f 1756/1756/1756 1724/1724/1724 1709/1709/1709
f 1677/1677/1677 1709/1709/1709 1724/1724/1724
f 1724/1724/1724 1692/1692/1692 1677/1677/1677
f 1645/1645/1645 1677/1677/1677 1692/1692/1692
f 1692/1692/1692 1660/1660/1660 1645/1645/1645
f 1613/1613/1613 1645/1645/1645 1660/1660/1660
f 1660/1660/1660 1628/1628/1628 1613/1613/1613
f 1565/1565/1565 1613/1613/1613 1628/1628/1628
f 1628/1628/1628 1596/1596/1596 1565/1565/1565
f 1533/1533/1533 1565/1565/1565 1596/1596/1596
f 1596/1596/1596 1580/1580/1580 1533/1533/1533
f 1501/1501/1501 1533/1533/1533 1580/1580/1580
f 1580/1580/1580 1548/1548/1548 1501/1501/1501
f 1460/1460/1460 1501/1501/1501 1548/1548/1548
f 1548/1548/1548 1516/1516/1516 1460/1460/1460
f 1411/1411/1411 1460/1460/1460 1516/1516/1516
f 1516/1516/1516 1481/1481/1481 1411/1411/1411
f 1379/1379/1379 1411/1411/1411 1481/1481/1481
f 1481/1481/1481 1442/1442/1442 1379/1379/1379
f 1331/1331/1331 1379/1379/1379 1442/1442/1442
f 1442/1442/1442 1426/1426/1426 1331/1331/1331
f 1299/1299/1299 1331/1331/1331 1426/1426/1426
f 1426/1426/1426 1394/1394/1394 1299/1299/1299
f 1211/1211/1211 1299/1299/1299 1394/1394/1394
f 1394/1394/1394 1362/1362/1362 1211/1211/1211
f 1195/1195/1195 1211/1211/1211 1362/1362/1362
f 1362/1362/1362 1346/1346/1346 1195/1195/1195
f 1179/1179/1179 1195/1195/1195 1346/1346/1346
f 1346/1346/1346 1314/1314/1314 1179/1179/1179
f 1163/1163/1163 1179/1179/1179 1314/1314/1314
f 1314/1314/1314 1282/1282/1282 1163/1163/1163
f 1145/1145/1145 1163/1163/1163 1282/1282/1282
f 1282/1282/1282 1266/1266/1266 1145/1145/1145
f 1129/1129/1129 1145/1145/1145 1266/1266/1266
f 1266/1266/1266 1250/1250/1250 1129/1129/1129
f 1113/1113/1113 1129/1129/1129 1250/1250/1250
f 1250/1250/1250 1234/1234/1234 1113/1113/1113
f 1095/1095/1095 1113/1113/1113 1234/1234/1234
f 1234/1234/1234 1218/1218/1218 1095/1095/1095
f 1107/1107/1107 1095/1095/1095 1218/1218/1218
f 1218/1218/1218 1230/1230/1230 1107/1107/1107
f 1125/1125/1125 1107/1107/1107 1230/1230/1230
f 1230/1230/1230 1246/1246/1246 1125/1125/1125
f 1141/1141/1141 1125/1125/1125 1246/1246/1246
f 1246/1246/1246 1262/1262/1262 1141/1141/1141
f 3572/3572/3572 3568/3568/3568 3651/3651/3651
f 3642/3642/3642 3651/3651/3651 3568/3568/3568
f 3572/3572/3572 3651/3651/3651 3622/3622/3622
f 3622/3622/3622 3481/3481/3481 3572/3572/3572
f 3480/3480/3480 3620/3620/3620 3615/3615/3615
f 3481/3481/3481 3447/3447/3447 3572/3572/3572
f 3572/3572/3572 3498/3498/3498 3568/3568/3568
f 3498/3498/3498 3572/3572/3572 3447/3447/3447
f 3568/3568/3568 3498/3498/3498 3642/3642/3642
f 3442/3442/3442 3498/3498/3498 3447/3447/3447
f 3480/3480/3480 3615/3615/3615 3607/3607/3607
f 3607/3607/3607 3558/3558/3558 3480/3480/3480
f 3558/3558/3558 3467/3467/3467 3480/3480/3480
f 3417/3417/3417 3480/3480/3480 3467/3467/3467
f 3481/3481/3481 3429/3429/3429 3447/3447/3447
f 3480/3480/3480 3417/3417/3417 3428/3428/3428
f 3442/3442/3442 3413/3413/3413 3498/3498/3498
f 3429/3429/3429 3358/3358/3358 3447/3447/3447
f 3442/3442/3442 3447/3447/3447 3358/3358/3358
f 3358/3358/3358 3429/3429/3429 3322/3322/3322
f 3321/3321/3321 3428/3428/3428 3310/3310/3310
f 3417/3417/3417 3310/3310/3310 3428/3428/3428
f 3310/3310/3310 3417/3417/3417 3467/3467/3467
f 3467/3467/3467 3337/3337/3337 3310/3310/3310
f 3337/3337/3337 3467/3467/3467 3392/3392/3392
f 3322/3322/3322 3320/3320/3320 3358/3358/3358
f 3358/3358/3358 3320/3320/3320 3442/3442/3442
f 3413/3413/3413 3442/3442/3442 3320/3320/3320
f 3320/3320/3320 3351/3351/3351 3413/3413/3413
f 3425/3425/3425 3392/3392/3392 3467/3467/3467
f 3351/3351/3351 3345/3345/3345 3413/3413/3413
f 3477/3477/3477 3498/3498/3498 3413/3413/3413
f 3351/3351/3351 3320/3320/3320 3272/3272/3272
f 3345/3345/3345 3351/3351/3351 3272/3272/3272
f 3272/3272/3272 3267/3267/3267 3345/3345/3345
f 3498/3498/3498 3477/3477/3477 3539/3539/3539
f 3413/3413/3413 3409/3409/3409 3477/3477/3477
f 3409/3409/3409 3413/3413/3413 3345/3345/3345
f 3345/3345/3345 3340/3340/3340 3409/3409/3409
f 3340/3340/3340 3345/3345/3345 3267/3267/3267
f 3320/3320/3320 3322/3322/3322 3201/3201/3201
f 3310/3310/3310 3200/3200/3200 3321/3321/3321
f 3201/3201/3201 3191/3191/3191 3320/3320/3320
f 3272/3272/3272 3320/3320/3320 3191/3191/3191
f 3191/3191/3191 3182/3182/3182 3272/3272/3272
f 3267/3267/3267 3272/3272/3272 3182/3182/3182
f 3310/3310/3310 3176/3176/3176 3200/3200/3200
f 3176/3176/3176 3310/3310/3310 3337/3337/3337
f 3498/3498/3498 3539/3539/3539 3600/3600/3600
f 3600/3600/3600 3642/3642/3642 3498/3498/3498
f 3467/3467/3467 3558/3558/3558 3585/3585/3585
f 3558/3558/3558 3607/3607/3607 3585/3585/3585
f 3585/3585/3585 3470/3470/3470 3467/3467/3467
f 3470/3470/3470 3460/3460/3460 3467/3467/3467
f 3467/3467/3467 3460/3460/3460 3425/3425/3425
f 3470/3470/3470 3425/3425/3425 3460/3460/3460
f 3337/3337/3337 3392/3392/3392 3331/3331/3331
f 3331/3331/3331 3286/3286/3286 3337/3337/3337
f 3176/3176/3176 3337/3337/3337 3286/3286/3286
f 3425/3425/3425 3331/3331/3331 3392/3392/3392
f 3176/3176/3176 3286/3286/3286 3206/3206/3206
f 3267/3267/3267 3247/3247/3247 3340/3340/3340
f 3247/3247/3247 3267/3267/3267 3182/3182/3182
f 3182/3182/3182 3180/3180/3180 3247/3247/3247
f 3206/3206/3206 3144/3144/3144 3176/3176/3176
f 3191/3191/3191 3201/3201/3201 3078/3078/3078
f 3077/3077/3077 3200/3200/3200 3176/3176/3176
f 3078/3078/3078 3113/3113/3113 3191/3191/3191
f 3182/3182/3182 3191/3191/3191 3113/3113/3113
f 3113/3113/3113 3103/3103/3103 3182/3182/3182
f 3180/3180/3180 3182/3182/3182 3093/3093/3093
f 3103/3103/3103 3093/3093/3093 3182/3182/3182
f 3306/3306/3306 3340/3340/3340 3247/3247/3247
f 3470/3470/3470 3585/3585/3585 3546/3546/3546
f 3340/3340/3340 3306/3306/3306 3364/3364/3364
f 3364/3364/3364 3409/3409/3409 3340/3340/3340
f 3456/3456/3456 3477/3477/3477 3409/3409/3409
f 3409/3409/3409 3364/3364/3364 3456/3456/3456
f 3477/3477/3477 3456/3456/3456 3508/3508/3508
f 3508/3508/3508 3539/3539/3539 3477/3477/3477
f 3539/3539/3539 3508/3508/3508 3600/3600/3600
f 3286/3286/3286 3331/3331/3331 3288/3288/3288
f 3425/3425/3425 3470/3470/3470 3367/3367/3367
f 3367/3367/3367 3288/3288/3288 3425/3425/3425
f 3331/3331/3331 3425/3425/3425 3288/3288/3288
f 3247/3247/3247 3233/3233/3233 3306/3306/3306
f 3233/3233/3233 3247/3247/3247 3180/3180/3180
f 3206/3206/3206 3098/3098/3098 3144/3144/3144
f 3180/3180/3180 3158/3158/3158 3233/3233/3233
f 3158/3158/3158 3180/3180/3180 3093/3093/3093
f 3474/3474/3474 3367/3367/3367 3470/3470/3470
f 3470/3470/3470 3546/3546/3546 3474/3474/3474
f 3206/3206/3206 3286/3286/3286 3203/3203/3203
f 3286/3286/3286 3288/3288/3288 3203/3203/3203
f 3367/3367/3367 3203/3203/3203 3288/3288/3288
f 3106/3106/3106 3098/3098/3098 3206/3206/3206
f 3206/3206/3206 3203/3203/3203 3106/3106/3106
f 3306/3306/3306 3299/3299/3299 3364/3364/3364
f 3299/3299/3299 3306/3306/3306 3233/3233/3233
f 3203/3203/3203 3367/3367/3367 3238/3238/3238
f 3562/3562/3562 3600/3600/3600 3508/3508/3508
f 3233/3233/3233 3209/3209/3209 3299/3299/3299
f 3209/3209/3209 3233/3233/3233 3158/3158/3158
f 3158/3158/3158 3139/3139/3139 3209/3209/3209
f 3403/3403/3403 3456/3456/3456 3364/3364/3364
f 3403/3403/3403 3364/3364/3364 3299/3299/3299
f 3511/3511/3511 3474/3474/3474 3546/3546/3546
f 3546/3546/3546 3596/3596/3596 3511/3511/3511
f 3456/3456/3456 3403/3403/3403 3531/3531/3531
f 3531/3531/3531 3508/3508/3508 3456/3456/3456
f 3531/3531/3531 3562/3562/3562 3508/3508/3508
f 3367/3367/3367 3474/3474/3474 3347/3347/3347
f 3596/3596/3596 3637/3637/3637 3511/3511/3511
f 3514/3514/3514 3531/3531/3531 3403/3403/3403
f 3463/3463/3463 3347/3347/3347 3474/3474/3474
f 3474/3474/3474 3511/3511/3511 3463/3463/3463
f 3315/3315/3315 3238/3238/3238 3367/3367/3367
f 3367/3367/3367 3347/3347/3347 3315/3315/3315
f 3564/3564/3564 3511/3511/3511 3637/3637/3637
f 3347/3347/3347 3463/3463/3463 3404/3404/3404
f 3347/3347/3347 3404/3404/3404 3315/3315/3315
f 3238/3238/3238 3315/3315/3315 3168/3168/3168
f 3168/3168/3168 3134/3134/3134 3238/3238/3238
f 3564/3564/3564 3415/3415/3415 3511/3511/3511
f 3415/3415/3415 3463/3463/3463 3511/3511/3511
f 3415/3415/3415 3404/3404/3404 3463/3463/3463
f 3415/3415/3415 3564/3564/3564 3458/3458/3458
f 3564/3564/3564 3524/3524/3524 3458/3458/3458
f 3134/3134/3134 3168/3168/3168 3154/3154/3154
f 917/917/917 2555/2555/2555 2559/2559/2559
f 2559/2559/2559 920/920/920 917/917/917
f 2556/2556/2556 918/918/918 924/924/924
f 924/924/924 2562/2562/2562 2556/2556/2556
f 920/920/920 2559/2559/2559 2563/2563/2563
f 2558/2558/2558 2715/2715/2715 2564/2564/2564
f 2558/2558/2558 2719/2719/2719 2715/2715/2715
f 2558/2558/2558 2724/2724/2724 2719/2719/2719
f 2558/2558/2558 2729/2729/2729 2724/2724/2724
f 2558/2558/2558 2735/2735/2735 2729/2729/2729
f 2558/2558/2558 2742/2742/2742 2735/2735/2735
f 2558/2558/2558 2750/2750/2750 2742/2742/2742
f 2558/2558/2558 2756/2756/2756 2750/2750/2750
f 2558/2558/2558 2765/2765/2765 2756/2756/2756
f 2558/2558/2558 2771/2771/2771 2765/2765/2765
f 2558/2558/2558 2778/2778/2778 2771/2771/2771
f 2558/2558/2558 2784/2784/2784 2778/2778/2778
f 2558/2558/2558 2795/2795/2795 2784/2784/2784
f 2558/2558/2558 2806/2806/2806 2795/2795/2795
f 2558/2558/2558 2812/2812/2812 2806/2806/2806
f 923/923/923 916/916/916 760/760/760
f 2563/2563/2563 925/925/925 920/920/920
f 919/919/919 922/922/922 720/720/720
f 720/720/720 760/760/760 919/919/919
f 2910/2910/2910 2560/2560/2560 2557/2557/2557
f 2558/2558/2558 2909/2909/2909 2812/2812/2812
f 2557/2557/2557 2873/2873/2873 2910/2910/2910
f 2858/2858/2858 2873/2873/2873 2554/2554/2554
f 2554/2554/2554 2561/2561/2561 2858/2858/2858
f 760/760/760 768/768/768 923/923/923
f 2790/2790/2790 2735/2735/2735 2742/2742/2742
f 2790/2790/2790 2729/2729/2729 2735/2735/2735
f 2790/2790/2790 2724/2724/2724 2729/2729/2729
f 2790/2790/2790 2742/2742/2742 2750/2750/2750
f 2790/2790/2790 2750/2750/2750 2756/2756/2756
f 2790/2790/2790 2719/2719/2719 2724/2724/2724
f 2790/2790/2790 2756/2756/2756 2765/2765/2765
f 2790/2790/2790 2715/2715/2715 2719/2719/2719
f 2715/2715/2715 2790/2790/2790 2564/2564/2564
f 2790/2790/2790 2765/2765/2765 2771/2771/2771
f 2790/2790/2790 2771/2771/2771 2778/2778/2778
f 2790/2790/2790 2778/2778/2778 2784/2784/2784
f 2812/2812/2812 2909/2909/2909 2790/2790/2790
f 2790/2790/2790 2806/2806/2806 2812/2812/2812
f 2790/2790/2790 2795/2795/2795 2806/2806/2806
f 2790/2790/2790 2784/2784/2784 2795/2795/2795
f 924/924/924 2566/2566/2566 2562/2562/2562
f 2566/2566/2566 924/924/924 928/928/928
f 2561/2561/2561 2565/2565/2565 2858/2858/2858
f 927/927/927 923/923/923 768/768/768
f 925/925/925 2563/2563/2563 2567/2567/2567
f 2568/2568/2568 2564/2564/2564 2790/2790/2790
f 2910/2910/2910 2873/2873/2873 2990/2990/2990
f 2873/2873/2873 2858/2858/2858 2990/2990/2990
f 656/656/656 760/760/760 720/720/720
f 656/656/656 768/768/768 760/760/760
f 2985/2985/2985 2990/2990/2990 2858/2858/2858
f 656/656/656 659/659/659 768/768/768
f 2852/2852/2852 2858/2858/2858 2565/2565/2565
f 2858/2858/2858 2852/2852/2852 2985/2985/2985
f 2990/2990/2990 3078/3078/3078 2910/2910/2910
f 3077/3077/3077 2790/2790/2790 2909/2909/2909
f 2790/2790/2790 3077/3077/3077 2921/2921/2921
f 2790/2790/2790 2921/2921/2921 2568/2568/2568
f 3066/3066/3066 2921/2921/2921 3077/3077/3077
f 2875/2875/2875 2568/2568/2568 2921/2921/2921
f 656/656/656 720/720/720 599/599/599
f 2567/2567/2567 929/929/929 925/925/925
f 926/926/926 930/930/930 859/859/859
f 859/859/859 744/744/744 926/926/926
f 903/903/903 926/926/926 744/744/744
f 926/926/926 903/903/903 908/908/908
f 921/921/921 908/908/908 903/903/903
f 921/921/921 903/903/903 898/898/898
f 744/744/744 898/898/898 903/903/903
f 921/921/921 898/898/898 892/892/892
f 744/744/744 892/892/892 898/898/898
f 921/921/921 892/892/892 888/888/888
f 744/744/744 888/888/888 892/892/892
f 921/921/921 888/888/888 881/881/881
f 744/744/744 881/881/881 888/888/888
f 921/921/921 881/881/881 874/874/874
f 744/744/744 874/874/874 881/881/881
f 921/921/921 874/874/874 868/868/868
f 744/744/744 868/868/868 874/874/874
f 921/921/921 868/868/868 862/862/862
f 744/744/744 862/862/862 868/868/868
f 921/921/921 862/862/862 854/854/854
f 744/744/744 854/854/854 862/862/862
f 921/921/921 854/854/854 844/844/844
f 854/854/854 744/744/744 844/844/844
f 921/921/921 844/844/844 838/838/838
f 921/921/921 838/838/838 826/826/826
f 921/921/921 826/826/826 821/821/821
f 921/921/921 821/821/821 721/721/721
f 721/721/721 821/821/821 826/826/826
f 721/721/721 826/826/826 838/838/838
f 838/838/838 844/844/844 721/721/721
f 721/721/721 844/844/844 744/744/744
f 921/921/921 912/912/912 908/908/908
f 921/921/921 926/926/926 912/912/912
f 926/926/926 908/908/908 912/912/912
f 744/744/744 859/859/859 715/715/715
f 859/859/859 930/930/930 715/715/715
f 744/744/744 715/715/715 642/642/642
f 744/744/744 642/642/642 721/721/721
f 768/768/768 778/778/778 927/927/927
f 778/778/778 768/768/768 659/659/659
f 721/721/721 571/571/571 600/600/600
f 571/571/571 721/721/721 642/642/642
f 599/599/599 573/573/573 656/656/656
f 2990/2990/2990 3113/3113/3113 3078/3078/3078
f 3103/3103/3103 3113/3113/3113 2990/2990/2990
f 2990/2990/2990 2985/2985/2985 3103/3103/3103
f 659/659/659 669/669/669 778/778/778
f 659/659/659 656/656/656 580/580/580
f 573/573/573 580/580/580 656/656/656
f 669/669/669 659/659/659 580/580/580
f 580/580/580 592/592/592 669/669/669
f 928/928/928 2570/2570/2570 2566/2566/2566
f 2570/2570/2570 928/928/928 932/932/932
f 931/931/931 927/927/927 778/778/778
f 2565/2565/2565 2569/2569/2569 2852/2852/2852
f 2846/2846/2846 2852/2852/2852 2569/2569/2569
f 929/929/929 2567/2567/2567 2571/2571/2571
f 2568/2568/2568 2875/2875/2875 2572/2572/2572
f 2935/2935/2935 2875/2875/2875 2921/2921/2921
f 2875/2875/2875 2935/2935/2935 2572/2572/2572
f 2966/2966/2966 2985/2985/2985 2852/2852/2852
f 2852/2852/2852 2846/2846/2846 2966/2966/2966
f 2985/2985/2985 2966/2966/2966 3093/3093/3093
f 3093/3093/3093 3103/3103/3103 2985/2985/2985
f 2921/2921/2921 3098/3098/3098 2935/2935/2935
f 2921/2921/2921 3176/3176/3176 3098/3098/3098
f 3176/3176/3176 2921/2921/2921 3066/3066/3066
f 3066/3066/3066 3077/3077/3077 3176/3176/3176
f 3176/3176/3176 3144/3144/3144 3098/3098/3098
f 741/741/741 715/715/715 930/930/930
f 490/490/490 600/600/600 571/571/571
f 586/586/586 642/642/642 715/715/715
f 642/642/642 586/586/586 571/571/571
f 715/715/715 741/741/741 586/586/586
f 494/494/494 573/573/573 599/599/599
f 494/494/494 580/580/580 573/573/573
f 778/778/778 782/782/782 931/931/931
f 782/782/782 778/778/778 669/669/669
f 669/669/669 684/684/684 782/782/782
f 684/684/684 669/669/669 592/592/592
f 592/592/592 603/603/603 684/684/684
f 2929/2929/2929 2572/2572/2572 2935/2935/2935
f 2935/2935/2935 3098/3098/3098 2929/2929/2929
f 494/494/494 501/501/501 580/580/580
f 592/592/592 580/580/580 501/501/501
f 501/501/501 505/505/505 592/592/592
f 599/599/599 434/434/434 494/494/494
f 436/436/436 600/600/600 490/490/490
f 2571/2571/2571 937/937/937 929/929/929
f 930/930/930 938/938/938 741/741/741
f 638/638/638 586/586/586 741/741/741
f 474/474/474 490/490/490 571/571/571
f 490/490/490 474/474/474 436/436/436
f 932/932/932 2576/2576/2576 2570/2570/2570
f 2576/2576/2576 932/932/932 936/936/936
f 934/934/934 931/931/931 782/782/782
f 2569/2569/2569 2574/2574/2574 2846/2846/2846
f 603/603/603 592/592/592 505/505/505
f 505/505/505 526/526/526 603/603/603
f 937/937/937 2571/2571/2571 2577/2577/2577
f 2578/2578/2578 2572/2572/2572 2929/2929/2929
f 571/571/571 485/485/485 474/474/474
f 485/485/485 571/571/571 586/586/586
f 418/418/418 494/494/494 434/434/434
f 501/501/501 494/494/494 426/426/426
f 418/418/418 426/426/426 494/494/494
f 505/505/505 501/501/501 426/426/426
f 426/426/426 445/445/445 505/505/505
f 2837/2837/2837 2846/2846/2846 2574/2574/2574
f 2939/2939/2939 2966/2966/2966 2846/2846/2846
f 2846/2846/2846 2837/2837/2837 2939/2939/2939
f 2950/2950/2950 2929/2929/2929 3098/3098/3098
f 2929/2929/2929 2950/2950/2950 2578/2578/2578
f 3106/3106/3106 2950/2950/2950 3098/3098/3098
f 750/750/750 741/741/741 938/938/938
f 741/741/741 750/750/750 638/638/638
f 3061/3061/3061 3093/3093/3093 2966/2966/2966
f 2966/2966/2966 2939/2939/2939 3061/3061/3061
f 3093/3093/3093 3061/3061/3061 3158/3158/3158
f 526/526/526 505/505/505 445/445/445
f 445/445/445 462/462/462 526/526/526
f 586/586/586 622/622/622 485/485/485
f 622/622/622 586/586/586 638/638/638
f 2843/2843/2843 2838/2838/2838 2940/2940/2940
f 2940/2940/2940 2948/2948/2948 2843/2843/2843
f 2838/2838/2838 2843/2843/2843 2596/2596/2596
f 2948/2948/2948 2967/2967/2967 2843/2843/2843
f 2600/2600/2600 2596/2596/2596 2843/2843/2843
f 2849/2849/2849 2843/2843/2843 2967/2967/2967
f 2843/2843/2843 2849/2849/2849 2602/2602/2602
f 2602/2602/2602 2600/2600/2600 2843/2843/2843
f 2967/2967/2967 2948/2948/2948 3062/3062/3062
f 3062/3062/3062 3089/3089/3089 2967/2967/2967
f 3048/3048/3048 3062/3062/3062 2948/2948/2948
f 2948/2948/2948 2940/2940/2940 3048/3048/3048
f 3089/3089/3089 3095/3095/3095 2967/2967/2967
f 2967/2967/2967 2982/2982/2982 2849/2849/2849
f 2982/2982/2982 2967/2967/2967 3095/3095/3095
f 3089/3089/3089 3062/3062/3062 3153/3153/3153
f 961/961/961 2595/2595/2595 2599/2599/2599
f 2595/2595/2595 961/961/961 957/957/957
f 961/961/961 2599/2599/2599 2601/2601/2601
f 957/957/957 2591/2591/2591 2595/2595/2595
f 2596/2596/2596 2592/2592/2592 2838/2838/2838
f 958/958/958 962/962/962 779/779/779
f 779/779/779 787/787/787 958/958/958
f 787/787/787 779/779/779 685/685/685
f 685/685/685 689/689/689 787/787/787
f 2591/2591/2591 957/957/957 953/953/953
f 954/954/954 958/958/958 787/787/787
f 787/787/787 792/792/792 954/954/954
f 792/792/792 787/787/787 694/694/694
f 689/689/689 694/694/694 787/787/787
f 774/774/774 779/779/779 962/962/962
f 2828/2828/2828 2838/2838/2838 2592/2592/2592
f 2838/2838/2838 2828/2828/2828 2940/2940/2940
f 2926/2926/2926 2940/2940/2940 2828/2828/2828
f 961/961/961 2601/2601/2601 2606/2606/2606
f 2606/2606/2606 968/968/968 961/961/961
f 962/962/962 969/969/969 774/774/774
f 2608/2608/2608 2602/2602/2602 2849/2849/2849
f 779/779/779 774/774/774 664/664/664
f 664/664/664 685/685/685 779/779/779
f 685/685/685 664/664/664 594/594/594
f 594/594/594 597/597/597 685/685/685
f 689/689/689 685/685/685 611/611/611
f 597/597/597 611/611/611 685/685/685
f 694/694/694 689/689/689 611/611/611
f 694/694/694 711/711/711 792/792/792
f 953/953/953 2587/2587/2587 2591/2591/2591
f 2592/2592/2592 2588/2588/2588 2828/2828/2828
f 711/711/711 694/694/694 626/626/626
f 611/611/611 626/626/626 694/694/694
f 2940/2940/2940 2926/2926/2926 3027/3027/3027
f 3027/3027/3027 3048/3048/3048 2940/2940/2940
f 2587/2587/2587 953/953/953 948/948/948
f 949/949/949 954/954/954 792/792/792
f 831/831/831 792/792/792 711/711/711
f 792/792/792 831/831/831 949/949/949
f 2919/2919/2919 2926/2926/2926 2828/2828/2828
f 2919/2919/2919 3027/3027/3027 2926/2926/2926
f 2805/2805/2805 2828/2828/2828 2588/2588/2588
f 2828/2828/2828 2805/2805/2805 2919/2919/2919
f 611/611/611 597/597/597 528/528/528
f 626/626/626 611/611/611 528/528/528
f 528/528/528 559/559/559 626/626/626
f 626/626/626 641/641/641 711/711/711
f 641/641/641 626/626/626 559/559/559
f 559/559/559 570/570/570 641/641/641
f 3210/3210/3210 3153/3153/3153 3062/3062/3062
f 3062/3062/3062 3048/3048/3048 3210/3210/3210
f 3048/3048/3048 3027/3027/3027 3210/3210/3210
f 3120/3120/3120 3210/3210/3210 3027/3027/3027
f 2898/2898/2898 2919/2919/2919 2805/2805/2805
f 737/737/737 711/711/711 641/641/641
f 711/711/711 737/737/737 831/831/831
f 948/948/948 2583/2583/2583 2587/2587/2587
f 2583/2583/2583 948/948/948 943/943/943
f 944/944/944 949/949/949 831/831/831
f 2588/2588/2588 2584/2584/2584 2805/2805/2805
f 944/944/944 831/831/831 737/737/737
f 559/559/559 528/528/528 476/476/476
f 570/570/570 588/588/588 641/641/641
f 641/641/641 680/680/680 737/737/737
f 680/680/680 641/641/641 588/588/588
f 2919/2919/2919 2898/2898/2898 3041/3041/3041
f 3041/3041/3041 3154/3154/3154 2919/2919/2919
f 3027/3027/3027 2919/2919/2919 3154/3154/3154
f 3154/3154/3154 3120/3120/3120 3027/3027/3027
f 3154/3154/3154 3041/3041/3041 3134/3134/3134
f 2583/2583/2583 943/943/943 941/941/941
f 944/944/944 737/737/737 942/942/942
f 2805/2805/2805 2584/2584/2584 2941/2941/2941
f 2941/2941/2941 2898/2898/2898 2805/2805/2805
f 2941/2941/2941 3041/3041/3041 2898/2898/2898
f 3210/3210/3210 3120/3120/3120 3168/3168/3168
f 3154/3154/3154 3168/3168/3168 3120/3120/3120
f 570/570/570 559/559/559 493/493/493
f 476/476/476 493/493/493 559/559/559
f 570/570/570 533/533/533 588/588/588
f 941/941/941 2579/2579/2579 2583/2583/2583
f 2584/2584/2584 2580/2580/2580 2941/2941/2941
f 737/737/737 750/750/750 942/942/942
f 750/750/750 737/737/737 680/680/680
f 508/508/508 528/528/528 597/597/597
f 597/597/597 594/594/594 508/508/508
f 3210/3210/3210 3168/3168/3168 3254/3254/3254
f 3210/3210/3210 3235/3235/3235 3153/3153/3153
f 533/533/533 530/530/530 588/588/588
f 680/680/680 588/588/588 530/530/530
f 3121/3121/3121 3134/3134/3134 3041/3041/3041
f 2579/2579/2579 941/941/941 937/937/937
f 938/938/938 942/942/942 750/750/750
f 680/680/680 622/622/622 750/750/750
f 530/530/530 622/622/622 680/680/680
f 937/937/937 2577/2577/2577 2579/2579/2579
f 2580/2580/2580 2578/2578/2578 2941/2941/2941
f 2941/2941/2941 2578/2578/2578 2950/2950/2950
f 2950/2950/2950 2996/2996/2996 2941/2941/2941
f 2941/2941/2941 2996/2996/2996 3106/3106/3106
f 3041/3041/3041 2941/2941/2941 3106/3106/3106
f 3106/3106/3106 3121/3121/3121 3041/3041/3041
f 2950/2950/2950 3106/3106/3106 2996/2996/2996
f 622/622/622 638/638/638 750/750/750
f 3134/3134/3134 3121/3121/3121 3203/3203/3203
f 3203/3203/3203 3238/3238/3238 3134/3134/3134
f 3106/3106/3106 3203/3203/3203 3121/3121/3121
f 3235/3235/3235 3210/3210/3210 3308/3308/3308
f 3254/3254/3254 3308/3308/3308 3210/3210/3210
f 3254/3254/3254 3168/3168/3168 3315/3315/3315
f 3315/3315/3315 3415/3415/3415 3254/3254/3254
f 3308/3308/3308 3254/3254/3254 3415/3415/3415
f 3415/3415/3415 3389/3389/3389 3308/3308/3308
f 3415/3415/3415 3315/3315/3315 3404/3404/3404
f 3415/3415/3415 3458/3458/3458 3389/3389/3389
f 2655/2655/2655 2665/2665/2665 2994/2994/2994
f 2665/2665/2665 2826/2826/2826 2994/2994/2994
f 2665/2665/2665 2671/2671/2671 2826/2826/2826
f 2928/2928/2928 2994/2994/2994 2826/2826/2826
f 2994/2994/2994 2928/2928/2928 3030/3030/3030
f 2826/2826/2826 2829/2829/2829 2928/2928/2928
f 2829/2829/2829 2826/2826/2826 2671/2671/2671
f 1033/1033/1033 2670/2670/2670 2664/2664/2664
f 2664/2664/2664 1027/1027/1027 1033/1033/1033
f 1027/1027/1027 2664/2664/2664 2659/2659/2659
f 2659/2659/2659 1022/1022/1022 1027/1027/1027
f 1034/1034/1034 1028/1028/1028 832/832/832
f 1028/1028/1028 1023/1023/1023 850/850/850
f 850/850/850 832/832/832 1028/1028/1028
f 2670/2670/2670 1033/1033/1033 1041/1041/1041
f 1041/1041/1041 2675/2675/2675 2670/2670/2670
f 1043/1043/1043 1034/1034/1034 832/832/832
f 832/832/832 795/795/795 1043/1043/1043
f 795/795/795 832/832/832 714/714/714
f 2644/2644/2644 1009/1009/1009 1016/1016/1016
f 1016/1016/1016 2651/2651/2651 2644/2644/2644
f 1017/1017/1017 1011/1011/1011 880/880/880
f 1016/1016/1016 2654/2654/2654 2651/2651/2651
f 880/880/880 867/867/867 1017/1017/1017
f 867/867/867 880/880/880 755/755/755
f 786/786/786 755/755/755 880/880/880
f 2654/2654/2654 1016/1016/1016 1022/1022/1022
f 1023/1023/1023 1017/1017/1017 867/867/867
f 1022/1022/1022 2659/2659/2659 2654/2654/2654
f 867/867/867 850/850/850 1023/1023/1023
f 2647/2647/2647 2652/2652/2652 2879/2879/2879
f 755/755/755 786/786/786 732/732/732
f 2647/2647/2647 2879/2879/2879 2942/2942/2942
f 850/850/850 867/867/867 740/740/740
f 755/755/755 740/740/740 867/867/867
f 2652/2652/2652 2655/2655/2655 2994/2994/2994
f 2994/2994/2994 2879/2879/2879 2652/2652/2652
f 832/832/832 850/850/850 740/740/740
f 2879/2879/2879 2994/2994/2994 3042/3042/3042
f 2942/2942/2942 2879/2879/2879 3042/3042/3042
f 740/740/740 719/719/719 832/832/832
f 719/719/719 740/740/740 654/654/654
f 681/681/681 654/654/654 740/740/740
f 3042/3042/3042 3022/3022/3022 2942/2942/2942
f 2647/2647/2647 2942/2942/2942 3022/3022/3022
f 3022/3022/3022 2999/2999/2999 2647/2647/2647
f 681/681/681 740/740/740 558/558/558
f 654/654/654 681/681/681 558/558/558
f 558/558/558 608/608/608 654/654/654
f 649/649/649 558/558/558 740/740/740
f 740/740/740 673/673/673 649/649/649
f 740/740/740 755/755/755 673/673/673
f 732/732/732 673/673/673 755/755/755
f 673/673/673 558/558/558 649/649/649
f 3022/3022/3022 3042/3042/3042 3122/3122/3122
f 2999/2999/2999 3022/3022/3022 3122/3122/3122
f 3122/3122/3122 3173/3173/3173 2999/2999/2999
f 719/719/719 714/714/714 832/832/832
f 3097/3097/3097 3042/3042/3042 2994/2994/2994
f 2994/2994/2994 3015/3015/3015 3097/3097/3097
f 3135/3135/3135 3122/3122/3122 3042/3042/3042
f 3155/3155/3155 3135/3135/3135 3042/3042/3042
f 3042/3042/3042 3097/3097/3097 3155/3155/3155
f 3122/3122/3122 3135/3135/3135 3186/3186/3186
f 535/535/535 608/608/608 558/558/558
f 558/558/558 480/480/480 535/535/535
f 3130/3130/3130 3097/3097/3097 3015/3015/3015
f 3015/3015/3015 3030/3030/3030 3130/3130/3130
f 3171/3171/3171 3155/3155/3155 3097/3097/3097
f 3097/3097/3097 3130/3130/3130 3171/3171/3171
f 3030/3030/3030 3039/3039/3039 3130/3130/3130
f 3039/3039/3039 3030/3030/3030 2928/2928/2928
f 2928/2928/2928 2936/2936/2936 3039/3039/3039
f 2936/2936/2936 2928/2928/2928 2829/2829/2829
f 2829/2829/2829 2834/2834/2834 2936/2936/2936
f 2834/2834/2834 2829/2829/2829 2671/2671/2671
f 2671/2671/2671 2677/2677/2677 2834/2834/2834
f 3054/3054/3054 3039/3039/3039 2936/2936/2936
f 3054/3054/3054 2936/2936/2936 2834/2834/2834
f 3186/3186/3186 3240/3240/3240 3122/3122/3122
f 480/480/480 558/558/558 456/456/456
f 3135/3135/3135 3155/3155/3155 3270/3270/3270
f 3270/3270/3270 3186/3186/3186 3135/3135/3135
f 3270/3270/3270 3240/3240/3240 3186/3186/3186
f 456/456/456 407/407/407 480/480/480
f 3155/3155/3155 3171/3171/3171 3229/3229/3229
f 3229/3229/3229 3270/3270/3270 3155/3155/3155
f 3369/3369/3369 3173/3173/3173 3122/3122/3122
f 3122/3122/3122 3240/3240/3240 3369/3369/3369
f 3369/3369/3369 3291/3291/3291 3173/3173/3173
f 3218/3218/3218 3173/3173/3173 3291/3291/3291
f 3270/3270/3270 3229/3229/3229 3296/3296/3296
f 407/407/407 456/456/456 379/379/379
f 3295/3295/3295 3369/3369/3369 3240/3240/3240
f 3318/3318/3318 3296/3296/3296 3229/3229/3229
f 3296/3296/3296 3318/3318/3318 3386/3386/3386
f 3195/3195/3195 3111/3111/3111 3149/3149/3149
f 3111/3111/3111 3114/3114/3114 3149/3149/3149
f 3195/3195/3195 3149/3149/3149 3150/3150/3150
f 3150/3150/3150 3149/3149/3149 3114/3114/3114
f 3150/3150/3150 3265/3265/3265 3195/3195/3195
f 3114/3114/3114 3084/3084/3084 3150/3150/3150
f 3266/3266/3266 3151/3151/3151 3145/3145/3145
f 3076/3076/3076 3145/3145/3145 3151/3151/3151
f 3151/3151/3151 3085/3085/3085 3076/3076/3076
f 3285/3285/3285 3195/3195/3195 3265/3265/3265
f 3145/3145/3145 3199/3199/3199 3266/3266/3266
f 3199/3199/3199 3145/3145/3145 3143/3143/3143
f 3199/3199/3199 3257/3257/3257 3266/3266/3266
f 3257/3257/3257 3199/3199/3199 3253/3253/3253
f 3143/3143/3143 3253/3253/3253 3199/3199/3199
f 3253/3253/3253 3143/3143/3143 3133/3133/3133
f 3133/3133/3133 3187/3187/3187 3253/3253/3253
f 3187/3187/3187 3246/3246/3246 3253/3253/3253
f 3285/3285/3285 3265/3265/3265 3327/3327/3327
f 3327/3327/3327 3326/3326/3326 3285/3285/3285
f 3328/3328/3328 3266/3266/3266 3257/3257/3257
f 3257/3257/3257 3314/3314/3314 3328/3328/3328
f 3314/3314/3314 3257/3257/3257 3253/3253/3253
f 3314/3314/3314 3253/3253/3253 3246/3246/3246
f 3246/3246/3246 3304/3304/3304 3314/3314/3314
f 3246/3246/3246 3187/3187/3187 3179/3179/3179
f 3179/3179/3179 3225/3225/3225 3246/3246/3246
f 3304/3304/3304 3246/3246/3246 3225/3225/3225
f 3118/3118/3118 3179/3179/3179 3187/3187/3187
f 3187/3187/3187 3133/3133/3133 3118/3118/3118
f 2976/2976/2976 3143/3143/3143 3145/3145/3145
f 3145/3145/3145 3076/3076/3076 2976/2976/2976
f 2976/2976/2976 3133/3133/3133 3143/3143/3143
f 3133/3133/3133 2976/2976/2976 3055/3055/3055
f 3055/3055/3055 3118/3118/3118 3133/3133/3133
f 3084/3084/3084 3114/3114/3114 2992/2992/2992
f 2992/2992/2992 3007/3007/3007 3084/3084/3084
f 3085/3085/3085 3009/3009/3009 3076/3076/3076
f 3118/3118/3118 3163/3163/3163 3179/3179/3179
f 3118/3118/3118 3055/3055/3055 3040/3040/3040
f 3055/3055/3055 2976/2976/2976 2960/2960/2960
f 2960/2960/2960 3040/3040/3040 3055/3055/3055
f 3114/3114/3114 3111/3111/3111 2871/2871/2871
f 2871/2871/2871 2992/2992/2992 3114/3114/3114
f 2887/2887/2887 2976/2976/2976 3076/3076/3076
f 3076/3076/3076 2897/2897/2897 2887/2887/2887
f 3076/3076/3076 2906/2906/2906 2897/2897/2897
f 3076/3076/3076 2908/2908/2908 2906/2906/2906
f 2908/2908/2908 3076/3076/3076 3009/3009/3009
f 3118/3118/3118 3040/3040/3040 3026/3026/3026
f 3026/3026/3026 3092/3092/3092 3118/3118/3118
f 3040/3040/3040 2960/2960/2960 2945/2945/2945
f 2945/2945/2945 3026/3026/3026 3040/3040/3040
f 3092/3092/3092 3026/3026/3026 3011/3011/3011
f 3011/3011/3011 3069/3069/3069 3092/3092/3092
f 2934/2934/2934 3011/3011/3011 3026/3026/3026
f 3026/3026/3026 2945/2945/2945 2934/2934/2934
f 3011/3011/3011 3035/3035/3035 3069/3069/3069
f 3035/3035/3035 3011/3011/3011 2947/2947/2947
f 2895/2895/2895 2947/2947/2947 3011/3011/3011
f 2947/2947/2947 3019/3019/3019 3035/3035/3035
f 3488/3488/3488 3361/3361/3361 3381/3381/3381
f 3381/3381/3381 3438/3438/3438 3488/3488/3488
f 3488/3488/3488 3438/3438/3438 3489/3489/3489
f 3357/3357/3357 3361/3361/3361 3488/3488/3488
f 3488/3488/3488 3446/3446/3446 3357/3357/3357
f 3382/3382/3382 3373/3373/3373 3439/3439/3439
f 3490/3490/3490 3439/3439/3439 3373/3373/3373
f 3373/3373/3373 3473/3473/3473 3490/3490/3490
f 3327/3327/3327 3381/3381/3381 3361/3361/3361
f 3314/3314/3314 3373/3373/3373 3382/3382/3382
f 3382/3382/3382 3328/3328/3328 3314/3314/3314
f 3361/3361/3361 3326/3326/3326 3327/3327/3327
f 3326/3326/3326 3361/3361/3361 3357/3357/3357
f 3473/3473/3473 3373/3373/3373 3469/3469/3469
f 3488/3488/3488 3505/3505/3505 3446/3446/3446
f 3354/3354/3354 3357/3357/3357 3446/3446/3446
f 3446/3446/3446 3424/3424/3424 3354/3354/3354
f 3424/3424/3424 3446/3446/3446 3505/3505/3505
f 3505/3505/3505 3504/3504/3504 3424/3424/3424
f 3507/3507/3507 3488/3488/3488 3489/3489/3489
f 3488/3488/3488 3507/3507/3507 3505/3505/3505
f 3373/3373/3373 3314/3314/3314 3304/3304/3304
f 3469/3469/3469 3373/3373/3373 3356/3356/3356
f 3304/3304/3304 3356/3356/3356 3373/3373/3373
f 3356/3356/3356 3401/3401/3401 3469/3469/3469
f 3357/3357/3357 3354/3354/3354 3278/3278/3278
f 3278/3278/3278 3194/3194/3194 3357/3357/3357
f 3326/3326/3326 3357/3357/3357 3194/3194/3194
f 3346/3346/3346 3354/3354/3354 3424/3424/3424
f 3269/3269/3269 3278/3278/3278 3354/3354/3354
f 3354/3354/3354 3346/3346/3346 3269/3269/3269
f 3424/3424/3424 3414/3414/3414 3346/3346/3346
f 3414/3414/3414 3424/3424/3424 3504/3504/3504
f 3194/3194/3194 3278/3278/3278 3185/3185/3185
f 3256/3256/3256 3269/3269/3269 3346/3346/3346
f 3395/3395/3395 3346/3346/3346 3414/3414/3414
f 3346/3346/3346 3395/3395/3395 3256/3256/3256
f 3167/3167/3167 3185/3185/3185 3278/3278/3278
f 3278/3278/3278 3269/3269/3269 3167/3167/3167
f 3269/3269/3269 3256/3256/3256 3167/3167/3167
f 3185/3185/3185 3167/3167/3167 3102/3102/3102
f 3102/3102/3102 2870/2870/2870 3185/3185/3185
f 3194/3194/3194 3185/3185/3185 2870/2870/2870
f 2870/2870/2870 3102/3102/3102 2984/2984/2984
f 3256/3256/3256 3249/3249/3249 3167/3167/3167
f 3249/3249/3249 3256/3256/3256 3395/3395/3395
f 3395/3395/3395 3309/3309/3309 3249/3249/3249
f 2974/2974/2974 2984/2984/2984 3102/3102/3102
f 2971/2971/2971 3102/3102/3102 3167/3167/3167
f 3102/3102/3102 2971/2971/2971 2974/2974/2974
f 3223/3223/3223 3249/3249/3249 3309/3309/3309
f 3395/3395/3395 3391/3391/3391 3309/3309/3309
f 3223/3223/3223 3309/3309/3309 3391/3391/3391
f 3391/3391/3391 3366/3366/3366 3223/3223/3223
f 3655/3655/3655 3629/3629/3629 3682/3682/3682
f 3629/3629/3629 3655/3655/3655 3575/3575/3575
f 3575/3575/3575 3582/3582/3582 3629/3629/3629
f 3655/3655/3655 3645/3645/3645 3575/3575/3575
f 3682/3682/3682 3680/3680/3680 3655/3655/3655
f 3645/3645/3645 3655/3655/3655 3680/3680/3680
f 3630/3630/3630 3583/3583/3583 3571/3571/3571
f 3571/3571/3571 3618/3618/3618 3630/3630/3630
f 3683/3683/3683 3630/3630/3630 3618/3618/3618
f 3575/3575/3575 3529/3529/3529 3582/3582/3582
f 3522/3522/3522 3571/3571/3571 3583/3583/3583
f 3575/3575/3575 3505/3505/3505 3529/3529/3529
f 3504/3504/3504 3505/3505/3505 3575/3575/3575
f 3582/3582/3582 3529/3529/3529 3507/3507/3507
f 3505/3505/3505 3507/3507/3507 3529/3529/3529
f 3507/3507/3507 3489/3489/3489 3582/3582/3582
f 3583/3583/3583 3490/3490/3490 3473/3473/3473
f 3473/3473/3473 3522/3522/3522 3583/3583/3583
f 3575/3575/3575 3557/3557/3557 3504/3504/3504
f 3557/3557/3557 3575/3575/3575 3645/3645/3645
f 3618/3618/3618 3571/3571/3571 3559/3559/3559
f 3522/3522/3522 3473/3473/3473 3469/3469/3469
f 3571/3571/3571 3522/3522/3522 3538/3538/3538
f 3538/3538/3538 3559/3559/3559 3571/3571/3571
f 3469/3469/3469 3538/3538/3538 3522/3522/3522
f 3712/3712/3712 3680/3680/3680 3682/3682/3682
f 3682/3682/3682 3727/3727/3727 3712/3712/3712
f 3683/3683/3683 3717/3717/3717 3729/3729/3729
f 3717/3717/3717 3683/3683/3683 3660/3660/3660
f 3589/3589/3589 3660/3660/3660 3683/3683/3683
f 3683/3683/3683 3618/3618/3618 3589/3589/3589
f 3559/3559/3559 3589/3589/3589 3618/3618/3618
f 3589/3589/3589 3559/3559/3559 3538/3538/3538
f 3680/3680/3680 3700/3700/3700 3645/3645/3645
f 3645/3645/3645 3700/3700/3700 3557/3557/3557
f 3414/3414/3414 3504/3504/3504 3557/3557/3557
f 3479/3479/3479 3414/3414/3414 3557/3557/3557
f 3557/3557/3557 3527/3527/3527 3479/3479/3479
f 3527/3527/3527 3557/3557/3557 3700/3700/3700
f 3700/3700/3700 3605/3605/3605 3527/3527/3527
f 3605/3605/3605 3700/3700/3700 3688/3688/3688
f 3401/3401/3401 3538/3538/3538 3469/3469/3469
f 3538/3538/3538 3401/3401/3401 3427/3427/3427
f 3466/3466/3466 3479/3479/3479 3527/3527/3527
f 3414/3414/3414 3479/3479/3479 3395/3395/3395
f 3479/3479/3479 3466/3466/3466 3395/3395/3395
f 3459/3459/3459 3466/3466/3466 3527/3527/3527
f 3527/3527/3527 3510/3510/3510 3459/3459/3459
f 3510/3510/3510 3527/3527/3527 3605/3605/3605
f 3605/3605/3605 3567/3567/3567 3510/3510/3510
f 3567/3567/3567 3605/3605/3605 3648/3648/3648
f 3648/3648/3648 3612/3612/3612 3567/3567/3567
f 3391/3391/3391 3395/3395/3395 3466/3466/3466
f 3466/3466/3466 3459/3459/3459 3391/3391/3391
f 3567/3567/3567 3534/3534/3534 3510/3510/3510
f 3534/3534/3534 3567/3567/3567 3612/3612/3612
f 3416/3416/3416 3459/3459/3459 3510/3510/3510
f 3366/3366/3366 3391/3391/3391 3459/3459/3459
f 3459/3459/3459 3416/3416/3416 3366/3366/3366
f 3387/3387/3387 3510/3510/3510 3534/3534/3534
f 3387/3387/3387 3416/3416/3416 3510/3510/3510
f 3319/3319/3319 3366/3366/3366 3416/3416/3416
f 3416/3416/3416 3387/3387/3387 3319/3319/3319
f 441/441/441 299/299/299 488/488/488
f 3556/3556/3556 3644/3644/3644 3708/3708/3708
f 191/191/191 225/225/225 264/264/264
f 569/569/569 492/492/492 416/416/416
f 249/249/249 289/289/289 335/335/335
f 335/335/335 308/308/308 249/249/249
f 308/308/308 335/335/335 387/387/387
f 387/387/387 350/350/350 308/308/308
f 350/350/350 387/387/387 416/416/416
f 432/432/432 387/387/387 335/335/335
f 335/335/335 391/391/391 432/432/432
f 391/391/391 335/335/335 289/289/289
f 432/432/432 416/416/416 387/387/387
f 391/391/391 289/289/289 278/278/278
f 265/265/265 278/278/278 289/289/289
f 289/289/289 249/249/249 265/265/265
f 342/342/342 391/391/391 278/278/278
f 404/404/404 432/432/432 391/391/391
f 391/391/391 342/342/342 404/404/404
f 402/402/402 404/404/404 342/342/342
f 342/342/342 278/278/278 251/251/251
f 202/202/202 251/251/251 278/278/278
f 278/278/278 265/265/265 202/202/202
f 187/187/187 265/265/265 249/249/249
f 164/164/164 202/202/202 265/265/265
f 265/265/265 187/187/187 164/164/164
f 251/251/251 202/202/202 200/200/200
f 167/167/167 200/200/200 202/202/202
f 202/202/202 164/164/164 167/167/167
f 251/251/251 301/301/301 342/342/342
f 200/200/200 301/301/301 251/251/251
f 301/301/301 200/200/200 208/208/208
f 353/353/353 342/342/342 301/301/301
f 342/342/342 353/353/353 402/402/402
f 249/249/249 206/206/206 187/187/187
f 206/206/206 249/249/249 308/308/308
f 308/308/308 262/262/262 206/206/206
f 262/262/262 308/308/308 350/350/350
f 350/350/350 328/328/328 262/262/262
f 141/141/141 164/164/164 187/187/187
f 121/121/121 167/167/167 164/164/164
f 164/164/164 141/141/141 121/121/121
f 158/158/158 187/187/187 206/206/206
f 187/187/187 158/158/158 141/141/141
f 167/167/167 121/121/121 96/96/96
f 96/96/96 128/128/128 167/167/167
f 200/200/200 167/167/167 128/128/128
f 128/128/128 208/208/208 200/200/200
f 208/208/208 128/128/128 136/136/136
f 93/93/93 121/121/121 141/141/141
f 121/121/121 93/93/93 96/96/96
f 141/141/141 118/118/118 93/93/93
f 118/118/118 141/141/141 158/158/158
f 328/328/328 350/350/350 384/384/384
f 416/416/416 384/384/384 350/350/350
f 384/384/384 416/416/416 475/475/475
f 416/416/416 432/432/432 569/569/569
f 532/532/532 569/569/569 432/432/432
f 432/432/432 404/404/404 529/529/529
f 529/529/529 532/532/532 432/432/432
f 492/492/492 475/475/475 416/416/416
f 312/312/312 328/328/328 384/384/384
f 515/515/515 404/404/404 402/402/402
f 484/484/484 402/402/402 353/353/353
f 402/402/402 484/484/484 515/515/515
f 475/475/475 446/446/446 384/384/384
f 446/446/446 475/475/475 527/527/527
f 404/404/404 515/515/515 621/621/621
f 621/621/621 529/529/529 404/404/404
f 515/515/515 484/484/484 621/621/621
f 527/527/527 506/506/506 446/446/446
f 321/321/321 274/274/274 239/239/239
f 239/239/239 272/272/272 321/321/321
f 272/272/272 239/239/239 186/186/186
f 186/186/186 237/237/237 272/272/272
f 237/237/237 186/186/186 163/163/163
f 163/163/163 203/203/203 237/237/237
f 166/166/166 186/186/186 239/239/239
f 239/239/239 205/205/205 166/166/166
f 186/186/186 166/166/166 132/132/132
f 132/132/132 163/163/163 186/186/186
f 205/205/205 239/239/239 274/274/274
f 274/274/274 261/261/261 205/205/205
f 261/261/261 274/274/274 327/327/327
f 274/274/274 321/321/321 369/369/369
f 369/369/369 327/327/327 274/274/274
f 327/327/327 369/369/369 393/393/393
f 327/327/327 311/311/311 261/261/261
f 184/184/184 205/205/205 261/261/261
f 261/261/261 245/245/245 184/184/184
f 245/245/245 261/261/261 311/311/311
f 205/205/205 184/184/184 166/166/166
f 146/146/146 166/166/166 184/184/184
f 311/311/311 327/327/327 373/373/373
f 393/393/393 373/373/373 327/327/327
f 311/311/311 305/305/305 245/245/245
f 305/305/305 311/311/311 373/373/373
f 117/117/117 132/132/132 166/166/166
f 166/166/166 146/146/146 117/117/117
f 373/373/373 360/360/360 305/305/305
f 414/414/414 393/393/393 369/369/369
f 212/212/212 184/184/184 245/245/245
f 184/184/184 212/212/212 146/146/146
f 140/140/140 146/146/146 212/212/212
f 285/285/285 245/245/245 305/305/305
f 285/285/285 212/212/212 245/245/245
f 285/285/285 305/305/305 360/360/360
f 163/163/163 132/132/132 99/99/99
f 99/99/99 135/135/135 163/163/163
f 203/203/203 163/163/163 135/135/135
f 132/132/132 117/117/117 89/89/89
f 89/89/89 99/99/99 132/132/132
f 110/110/110 146/146/146 140/140/140
f 110/110/110 117/117/117 146/146/146
f 175/175/175 140/140/140 212/212/212
f 140/140/140 175/175/175 102/102/102
f 110/110/110 140/140/140 102/102/102
f 103/103/103 176/176/176 161/161/161
f 161/161/161 109/109/109 103/103/103
f 161/161/161 176/176/176 228/228/228
f 109/109/109 161/161/161 136/136/136
f 228/228/228 136/136/136 161/161/161
f 136/136/136 228/228/228 208/208/208
f 212/212/212 293/293/293 175/175/175
f 212/212/212 285/285/285 293/293/293
f 269/269/269 228/228/228 176/176/176
f 176/176/176 294/294/294 269/269/269
f 269/269/269 208/208/208 228/228/228
f 102/102/102 78/78/78 110/110/110
f 78/78/78 89/89/89 110/110/110
f 117/117/117 110/110/110 89/89/89
f 78/78/78 102/102/102 60/60/60
f 61/61/61 103/103/103 109/109/109
f 208/208/208 269/269/269 301/301/301
f 346/346/346 269/269/269 294/294/294
f 136/136/136 75/75/75 109/109/109
f 75/75/75 136/136/136 128/128/128
f 47/47/47 109/109/109 75/75/75
f 109/109/109 47/47/47 61/61/61
f 60/60/60 50/50/50 78/78/78
f 89/89/89 78/78/78 50/50/50
f 50/50/50 55/55/55 89/89/89
f 337/337/337 293/293/293 285/285/285
f 294/294/294 338/338/338 346/346/346
f 285/285/285 356/356/356 337/337/337
f 360/360/360 356/356/356 285/285/285
f 99/99/99 89/89/89 83/83/83
f 55/55/55 83/83/83 89/89/89
f 128/128/128 96/96/96 75/75/75
f 269/269/269 346/346/346 353/353/353
f 353/353/353 301/301/301 269/269/269
f 135/135/135 99/99/99 83/83/83
f 83/83/83 113/113/113 135/135/135
f 397/397/397 353/353/353 346/346/346
f 397/397/397 346/346/346 338/338/338
f 337/337/337 356/356/356 417/417/417
f 425/425/425 417/417/417 356/356/356
f 356/356/356 360/360/360 425/425/425
f 417/417/417 433/433/433 337/337/337
f 360/360/360 373/373/373 425/425/425
f 444/444/444 425/425/425 373/373/373
f 338/338/338 435/435/435 473/473/473
f 473/473/473 397/397/397 338/338/338
f 460/460/460 444/444/444 373/373/373
f 373/373/373 393/393/393 460/460/460
f 353/353/353 397/397/397 484/484/484
f 473/473/473 484/484/484 397/397/397
f 135/135/135 168/168/168 203/203/203
f 168/168/168 135/135/135 113/113/113
f 113/113/113 150/150/150 168/168/168
f 324/324/324 272/272/272 237/237/237
f 237/237/237 279/279/279 324/324/324
f 279/279/279 237/237/237 203/203/203
f 364/364/364 321/321/321 272/272/272
f 272/272/272 324/324/324 364/364/364
f 203/203/203 252/252/252 279/279/279
f 252/252/252 203/203/203 168/168/168
f 168/168/168 232/232/232 252/252/252
f 232/232/232 168/168/168 150/150/150
f 150/150/150 209/209/209 232/232/232
f 7/7/7 13/13/13 9/9/9
f 9/9/9 2/2/2 7/7/7
f 3/3/3 10/10/10 17/17/17
f 17/17/17 14/14/14 3/3/3
f 12/12/12 6/6/6 16/16/16
f 18/18/18 11/11/11 20/20/20
f 16/16/16 23/23/23 12/12/12
f 9/9/9 13/13/13 25/25/25
f 24/24/24 12/12/12 23/23/23
f 25/25/25 20/20/20 9/9/9
f 21/21/21 5/5/5 1/1/1
f 16/16/16 8/8/8 22/22/22
f 1/1/1 19/19/19 21/21/21
f 27/27/27 19/19/19 4/4/4
f 4/4/4 15/15/15 27/27/27
f 22/22/22 26/26/26 16/16/16
f 20/20/20 28/28/28 18/18/18
f 17/17/17 32/32/32 14/14/14
f 15/15/15 33/33/33 27/27/27
f 32/32/32 17/17/17 34/34/34
f 35/35/35 18/18/18 28/28/28
f 23/23/23 37/37/37 24/24/24
f 37/37/37 23/23/23 36/36/36
f 21/21/21 19/19/19 29/29/29
f 19/19/19 27/27/27 38/38/38
f 38/38/38 29/29/29 19/19/19
f 16/16/16 26/26/26 39/39/39
f 40/40/40 28/28/28 20/20/20
f 16/16/16 41/41/41 23/23/23
f 39/39/39 41/41/41 16/16/16
f 29/29/29 30/30/30 21/21/21
f 22/22/22 31/31/31 26/26/26
f 40/40/40 20/20/20 53/53/53
f 36/36/36 46/46/46 37/37/37
f 71/71/71 53/53/53 20/20/20
f 20/20/20 25/25/25 71/71/71
f 69/69/69 24/24/24 37/37/37
f 41/41/41 51/51/51 23/23/23
f 36/36/36 23/23/23 51/51/51
f 47/47/47 26/26/26 31/31/31
f 28/28/28 49/49/49 35/35/35
f 49/49/49 28/28/28 40/40/40
f 40/40/40 44/44/44 49/49/49
f 48/48/48 27/27/27 33/33/33
f 59/59/59 38/38/38 27/27/27
f 27/27/27 48/48/48 59/59/59
f 42/42/42 39/39/39 26/26/26
f 26/26/26 47/47/47 42/42/42
f 29/29/29 50/50/50 30/30/30
f 55/55/55 50/50/50 29/29/29
f 29/29/29 38/38/38 55/55/55
f 51/51/51 54/54/54 36/36/36
f 46/46/46 36/36/36 54/54/54
f 53/53/53 58/58/58 40/40/40
f 44/44/44 40/40/40 58/58/58
f 39/39/39 56/56/56 41/41/41
f 39/39/39 42/42/42 56/56/56
f 60/60/60 30/30/30 50/50/50
f 31/31/31 61/61/61 47/47/47
f 34/34/34 62/62/62 32/32/32
f 62/62/62 34/34/34 64/64/64
f 33/33/33 63/63/63 48/48/48
f 65/65/65 35/35/35 49/49/49
f 37/37/37 73/73/73 69/69/69
f 73/73/73 37/37/37 46/46/46
f 71/71/71 67/67/67 53/53/53
f 38/38/38 59/59/59 83/83/83
f 83/83/83 55/55/55 38/38/38
f 44/44/44 77/77/77 49/49/49
f 75/75/75 42/42/42 47/47/47
f 54/54/54 85/85/85 46/46/46
f 85/85/85 54/54/54 90/90/90
f 90/90/90 94/94/94 85/85/85
f 49/49/49 92/92/92 65/65/65
f 92/92/92 49/49/49 77/77/77
f 91/91/91 48/48/48 63/63/63
f 98/98/98 59/59/59 48/48/48
f 48/48/48 91/91/91 98/98/98
f 42/42/42 75/75/75 96/96/96
f 96/96/96 56/56/56 42/42/42
f 56/56/56 96/96/96 93/93/93
f 64/64/64 104/104/104 62/62/62
f 104/104/104 64/64/64 106/106/106
f 63/63/63 105/105/105 91/91/91
f 107/107/107 65/65/65 92/92/92
f 59/59/59 98/98/98 113/113/113
f 113/113/113 83/83/83 59/59/59
f 126/126/126 91/91/91 105/105/105
f 91/91/91 126/126/126 137/137/137
f 137/137/137 98/98/98 91/91/91
f 98/98/98 137/137/137 150/150/150
f 150/150/150 113/113/113 98/98/98
f 92/92/92 127/127/127 107/107/107
f 77/77/77 139/139/139 92/92/92
f 127/127/127 92/92/92 139/139/139
f 139/139/139 77/77/77 115/115/115
f 115/115/115 130/130/130 139/139/139
f 106/106/106 151/151/151 104/104/104
f 151/151/151 106/106/106 154/154/154
f 105/105/105 152/152/152 126/126/126
f 155/155/155 107/107/107 127/127/127
f 181/181/181 126/126/126 152/152/152
f 193/193/193 137/137/137 126/126/126
f 126/126/126 181/181/181 193/193/193
f 139/139/139 130/130/130 170/170/170
f 139/139/139 196/196/196 127/127/127
f 127/127/127 196/196/196 155/155/155
f 137/137/137 193/193/193 209/209/209
f 209/209/209 150/150/150 137/137/137
f 154/154/154 213/213/213 151/151/151
f 213/213/213 154/154/154 218/218/218
f 152/152/152 215/215/215 181/181/181
f 220/220/220 155/155/155 196/196/196
f 196/196/196 267/267/267 220/220/220
f 196/196/196 230/230/230 267/267/267
f 270/270/270 193/193/193 181/181/181
f 270/270/270 181/181/181 215/215/215
f 270/270/270 209/209/209 193/193/193
f 422/422/422 297/297/297 339/339/339
f 339/339/339 419/419/419 422/422/422
f 362/362/362 297/297/297 422/422/422
f 427/427/427 419/419/419 339/339/339
f 339/339/339 361/361/361 427/427/427
f 422/422/422 430/430/430 362/362/362
f 361/361/361 339/339/339 288/288/288
f 240/240/240 339/339/339 297/297/297
f 339/339/339 240/240/240 288/288/288
f 297/297/297 257/257/257 240/240/240
f 257/257/257 297/297/297 243/243/243
f 297/297/297 362/362/362 243/243/243
f 313/313/313 243/243/243 362/362/362
f 240/240/240 242/242/242 288/288/288
f 288/288/288 312/312/312 361/361/361
f 312/312/312 288/288/288 242/242/242
f 247/247/247 243/243/243 313/313/313
f 257/257/257 177/177/177 240/240/240
f 177/177/177 257/257/257 243/243/243
f 177/177/177 243/243/243 183/183/183
f 198/198/198 183/183/183 243/243/243
f 243/243/243 247/247/247 198/198/198
f 182/182/182 242/242/242 240/240/240
f 153/153/153 240/240/240 177/177/177
f 240/240/240 153/153/153 182/182/182
f 242/242/242 262/262/262 312/312/312
f 262/262/262 242/242/242 182/182/182
f 182/182/182 206/206/206 262/262/262
f 263/263/263 247/247/247 313/313/313
f 247/247/247 263/263/263 198/198/198
f 206/206/206 182/182/182 147/147/147
f 153/153/153 147/147/147 182/182/182
f 147/147/147 158/158/158 206/206/206
f 183/183/183 198/198/198 159/159/159
f 159/159/159 148/148/148 183/183/183
f 183/183/183 148/148/148 177/177/177
f 108/108/108 177/177/177 148/148/148
f 177/177/177 108/108/108 111/111/111
f 111/111/111 153/153/153 177/177/177
f 147/147/147 153/153/153 111/111/111
f 108/108/108 148/148/148 119/119/119
f 148/148/148 159/159/159 119/119/119
f 118/118/118 147/147/147 111/111/111
f 158/158/158 147/147/147 118/118/118
f 224/224/224 198/198/198 263/263/263
f 328/328/328 312/312/312 262/262/262
f 133/133/133 119/119/119 159/159/159
f 133/133/133 159/159/159 198/198/198
f 111/111/111 108/108/108 80/80/80
f 80/80/80 108/108/108 119/119/119
f 80/80/80 79/79/79 111/111/111
f 118/118/118 111/111/111 79/79/79
f 119/119/119 90/90/90 80/80/80
f 198/198/198 224/224/224 143/143/143
f 143/143/143 133/133/133 198/198/198
f 94/94/94 90/90/90 119/119/119
f 101/101/101 94/94/94 119/119/119
f 119/119/119 133/133/133 101/101/101
f 143/143/143 101/101/101 133/133/133
f 79/79/79 93/93/93 118/118/118
f 93/93/93 79/79/79 56/56/56
f 90/90/90 54/54/54 80/80/80
f 190/190/190 143/143/143 224/224/224
f 54/54/54 51/51/51 80/80/80
f 41/41/41 79/79/79 80/80/80
f 79/79/79 41/41/41 56/56/56
f 80/80/80 51/51/51 41/41/41
f 313/313/313 333/333/333 263/263/263
f 333/333/333 313/313/313 362/362/362
f 362/362/362 376/376/376 333/333/333
f 430/430/430 376/376/376 362/362/362
f 276/276/276 263/263/263 333/333/333
f 263/263/263 276/276/276 189/189/189
f 384/384/384 361/361/361 312/312/312
f 361/361/361 384/384/384 446/446/446
f 446/446/446 427/427/427 361/361/361
f 94/94/94 101/101/101 85/85/85
f 430/430/430 422/422/422 499/499/499
f 3713/3713/3713 3799/3799/3799 3681/3681/3681
f 1019/1019/1019 1005/1005/1005 1012/1012/1012
f 1012/1012/1012 1014/1014/1014 1019/1019/1019
f 3433/3433/3433 3359/3359/3359 3379/3379/3379
f 3281/3281/3281 3359/3359/3359 3433/3433/3433
f 3353/3353/3353 3423/3423/3423 3277/3277/3277
f 3105/3105/3105 3184/3184/3184 3276/3276/3276
f 123/123/123 145/145/145 172/172/172
f 3193/3193/3193 3284/3284/3284 3325/3325/3325
f 3029/3029/3029 3014/3014/3014 2993/2993/2993
f 400/400/400 388/388/388 371/371/371
f 2979/2979/2979 3100/3100/3100 3033/3033/3033
f 2856/2856/2856 2861/2861/2861 2869/2869/2869
f 652/652/652 688/688/688 637/637/637
f 2658/2658/2658 2669/2669/2669 2663/2663/2663
f 3793/3793/3793 3800/3800/3800 3796/3796/3796
f 2666/2666/2666 2656/2656/2656 2660/2660/2660
f 812/812/812 834/834/834 853/853/853
f 345/345/345 320/320/320 282/282/282
f 287/287/287 358/358/358 386/386/386
f 3832/3832/3832 3838/3838/3838 3857/3857/3857
f 3437/3437/3437 3449/3449/3449 3487/3487/3487
f 497/497/497 469/469/469 552/552/552
f 565/565/565 497/497/497 552/552/552
f 281/281/281 380/380/380 344/344/344
f 380/380/380 281/281/281 392/392/392
f 392/392/392 408/408/408 380/380/380
f 383/383/383 344/344/344 380/380/380
f 380/380/380 403/403/403 383/383/383
f 403/403/403 380/380/380 408/408/408
f 344/344/344 383/383/383 355/355/355
f 413/413/413 383/383/383 403/403/403
f 319/319/319 344/344/344 355/355/355
f 355/355/355 284/284/284 319/319/319
f 281/281/281 319/319/319 284/284/284
f 403/403/403 478/478/478 413/413/413
f 478/478/478 403/403/403 459/459/459
f 408/408/408 459/459/459 403/403/403
f 478/478/478 459/459/459 486/486/486
f 486/486/486 517/517/517 478/478/478
f 401/401/401 459/459/459 408/408/408
f 408/408/408 392/392/392 401/401/401
f 392/392/392 281/281/281 401/401/401
f 486/486/486 459/459/459 500/500/500
f 389/389/389 401/401/401 281/281/281
f 281/281/281 336/336/336 389/389/389
f 281/281/281 292/292/292 336/336/336
f 459/459/459 401/401/401 537/537/537
f 537/537/537 500/500/500 459/459/459
f 471/471/471 537/537/537 401/401/401
f 537/537/537 554/554/554 500/500/500
f 486/486/486 500/500/500 554/554/554
f 554/554/554 567/567/567 486/486/486
f 517/517/517 486/486/486 567/567/567
f 537/537/537 471/471/471 519/519/519
f 469/469/469 413/413/413 478/478/478
f 372/372/372 389/389/389 336/336/336
f 443/443/443 355/355/355 383/383/383
f 383/383/383 413/413/413 443/443/443
f 413/413/413 469/469/469 443/443/443
f 478/478/478 552/552/552 469/469/469
f 552/552/552 478/478/478 517/517/517
f 517/517/517 548/548/548 552/552/552
f 284/284/284 227/227/227 281/281/281
f 281/281/281 227/227/227 292/292/292
f 227/227/227 284/284/284 236/236/236
f 227/227/227 204/204/204 292/292/292
f 309/309/309 336/336/336 292/292/292
f 336/336/336 309/309/309 351/351/351
f 351/351/351 372/372/372 336/336/336
f 236/236/236 201/201/201 227/227/227
f 204/204/204 227/227/227 201/201/201
f 292/292/292 204/204/204 188/188/188
f 292/292/292 188/188/188 309/309/309
f 537/537/537 519/519/519 590/590/590
f 372/372/372 351/351/351 398/398/398
f 372/372/372 519/519/519 471/471/471
f 519/519/519 372/372/372 561/561/561
f 464/464/464 561/561/561 372/372/372
f 372/372/372 398/398/398 464/464/464
f 332/332/332 351/351/351 309/309/309
f 309/309/309 275/275/275 332/332/332
f 275/275/275 309/309/309 188/188/188
f 332/332/332 398/398/398 351/351/351
f 398/398/398 332/332/332 464/464/464
f 188/188/188 204/204/204 149/149/149
f 481/481/481 443/443/443 469/469/469
f 469/469/469 497/497/497 481/481/481
f 149/149/149 142/142/142 188/188/188
f 375/375/375 464/464/464 332/332/332
f 524/524/524 481/481/481 497/497/497
f 481/481/481 524/524/524 512/512/512
f 443/443/443 481/481/481 512/512/512
f 497/497/497 572/572/572 524/524/524
f 372/372/372 471/471/471 401/401/401
f 512/512/512 555/555/555 601/601/601
f 575/575/575 495/495/495 544/544/544
f 495/495/495 489/489/489 544/544/544
f 495/495/495 575/575/575 576/576/576
f 543/543/543 487/487/487 491/491/491
f 489/489/489 495/495/495 423/423/423
f 423/423/423 442/442/442 489/489/489
f 424/424/424 423/423/423 495/495/495
f 491/491/491 601/601/601 543/543/543
f 495/495/495 576/576/576 504/504/504
f 495/495/495 504/504/504 424/424/424
f 576/576/576 583/583/583 504/504/504
f 431/431/431 424/424/424 504/504/504
f 601/601/601 491/491/491 512/512/512
f 458/458/458 491/491/491 487/487/487
f 458/458/458 512/512/512 491/491/491
f 423/423/423 385/385/385 442/442/442
f 385/385/385 423/423/423 424/424/424
f 726/726/726 575/575/575 544/544/544
f 576/576/576 575/575/575 726/726/726
f 726/726/726 544/544/544 728/728/728
f 726/726/726 658/658/658 576/576/576
f 583/583/583 576/576/576 658/658/658
f 601/601/601 646/646/646 543/543/543
f 727/727/727 543/543/543 646/646/646
f 646/646/646 601/601/601 606/606/606
f 606/606/606 601/601/601 555/555/555
f 555/555/555 610/610/610 606/606/606
f 646/646/646 606/606/606 610/610/610
f 610/610/610 657/657/657 646/646/646
f 657/657/657 610/610/610 617/617/617
f 512/512/512 617/617/617 610/610/610
f 610/610/610 555/555/555 512/512/512
f 617/617/617 512/512/512 572/572/572
f 572/572/572 634/634/634 617/617/617
f 617/617/617 634/634/634 657/657/657
f 524/524/524 572/572/572 512/512/512
f 646/646/646 729/729/729 727/727/727
f 646/646/646 730/730/730 729/729/729
f 730/730/730 646/646/646 657/657/657
f 657/657/657 733/733/733 730/730/730
f 411/411/411 512/512/512 458/458/458
f 512/512/512 411/411/411 443/443/443
f 315/315/315 359/359/359 349/349/349
f 359/359/359 315/315/315 304/304/304
f 304/304/304 377/377/377 359/359/359
f 377/377/377 304/304/304 355/355/355
f 315/315/315 231/231/231 304/304/304
f 246/246/246 304/304/304 231/231/231
f 231/231/231 315/315/315 307/307/307
f 307/307/307 268/268/268 231/231/231
f 304/304/304 246/246/246 236/236/236
f 304/304/304 236/236/236 284/284/284
f 284/284/284 355/355/355 304/304/304
f 246/246/246 211/211/211 236/236/236
f 211/211/211 246/246/246 231/231/231
f 231/231/231 197/197/197 211/211/211
f 268/268/268 197/197/197 231/231/231
f 268/268/268 307/307/307 298/298/298
f 298/298/298 259/259/259 268/268/268
f 197/197/197 268/268/268 259/259/259
f 259/259/259 222/222/222 197/197/197
f 222/222/222 178/178/178 197/197/197
f 162/162/162 197/197/197 178/178/178
f 174/174/174 211/211/211 197/197/197
f 197/197/197 165/165/165 174/174/174
f 197/197/197 162/162/162 165/165/165
f 211/211/211 174/174/174 201/201/201
f 201/201/201 236/236/236 211/211/211
f 241/241/241 223/223/223 260/260/260
f 260/260/260 258/258/258 241/241/241
f 286/286/286 258/258/258 260/260/260
f 260/260/260 300/300/300 286/286/286
f 241/241/241 221/221/221 223/223/223
f 244/244/244 241/241/241 258/258/258
f 221/221/221 241/241/241 244/244/244
f 286/286/286 244/244/244 258/258/258
f 223/223/223 221/221/221 180/180/180
f 180/180/180 179/179/179 223/223/223
f 300/300/300 357/357/357 286/286/286
f 185/185/185 180/180/180 221/221/221
f 221/221/221 244/244/244 185/185/185
f 357/357/357 300/300/300 442/442/442
f 157/157/157 179/179/179 180/180/180
f 178/178/178 156/156/156 162/162/162
f 442/442/442 385/385/385 357/357/357
f 244/244/244 199/199/199 185/185/185
f 307/307/307 487/487/487 298/298/298
f 487/487/487 307/307/307 315/315/315
f 315/315/315 349/349/349 487/487/487
f 349/349/349 359/359/359 487/487/487
f 359/359/359 458/458/458 487/487/487
f 458/458/458 359/359/359 377/377/377
f 377/377/377 411/411/411 458/458/458
f 125/125/125 157/157/157 180/180/180
f 124/124/124 162/162/162 156/156/156
f 411/411/411 377/377/377 443/443/443
f 355/355/355 443/443/443 377/377/377
f 180/180/180 81/81/81 125/125/125
f 81/81/81 180/180/180 185/185/185
f 199/199/199 244/244/244 286/286/286
f 81/81/81 185/185/185 112/112/112
f 171/171/171 192/192/192 122/122/122
f 173/173/173 122/122/122 192/192/192
f 122/122/122 173/173/173 169/169/169
f 122/122/122 169/169/169 129/129/129
f 129/129/129 114/114/114 122/122/122
f 114/114/114 97/97/97 122/122/122
f 226/226/226 169/169/169 173/173/173
f 226/226/226 173/173/173 238/238/238
f 192/192/192 238/238/238 173/173/173
f 238/238/238 192/192/192 250/250/250
f 250/250/250 273/273/273 238/238/238
f 97/97/97 86/86/86 122/122/122
f 95/95/95 122/122/122 86/86/86
f 122/122/122 95/95/95 120/120/120
f 250/250/250 192/192/192 277/277/277
f 207/207/207 192/192/192 171/171/171
f 199/199/199 207/207/207 171/171/171
f 171/171/171 160/160/160 199/199/199
f 160/160/160 171/171/171 134/134/134
f 144/144/144 134/134/134 171/171/171
f 134/134/134 144/144/144 122/122/122
f 120/120/120 134/134/134 122/122/122
f 134/134/134 120/120/120 160/160/160
f 86/86/86 74/74/74 95/95/95
f 316/316/316 277/277/277 192/192/192
f 192/192/192 207/207/207 316/316/316
f 185/185/185 199/199/199 160/160/160
f 185/185/185 160/160/160 120/120/120
f 207/207/207 199/199/199 248/248/248
f 248/248/248 316/316/316 207/207/207
f 316/316/316 329/329/329 277/277/277
f 120/120/120 112/112/112 185/185/185
f 112/112/112 120/120/120 95/95/95
f 95/95/95 82/82/82 112/112/112
f 74/74/74 57/57/57 95/95/95
f 82/82/82 95/95/95 57/57/57
f 273/273/273 291/291/291 238/238/238
f 86/86/86 97/97/97 76/76/76
f 97/97/97 114/114/114 76/76/76
f 74/74/74 86/86/86 43/43/43
f 76/76/76 43/43/43 86/86/86
f 57/57/57 74/74/74 43/43/43
f 81/81/81 112/112/112 82/82/82
f 57/57/57 52/52/52 82/82/82
f 82/82/82 52/52/52 66/66/66
f 66/66/66 81/81/81 82/82/82
f 316/316/316 248/248/248 314/314/314
f 306/306/306 314/314/314 248/248/248
f 248/248/248 199/199/199 306/306/306
f 286/286/286 306/306/306 199/199/199
f 81/81/81 66/66/66 70/70/70
f 70/70/70 88/88/88 81/81/81
f 88/88/88 125/125/125 81/81/81
f 124/124/124 87/87/87 72/72/72
f 87/87/87 68/68/68 72/72/72
f 124/124/124 72/72/72 131/131/131
f 162/162/162 124/124/124 131/131/131
f 131/131/131 165/165/165 162/162/162
f 131/131/131 72/72/72 116/116/116
f 84/84/84 116/116/116 72/72/72
f 45/45/45 84/84/84 72/72/72
f 165/165/165 131/131/131 149/149/149
f 149/149/149 204/204/204 165/165/165
f 142/142/142 149/149/149 131/131/131
f 131/131/131 116/116/116 142/142/142
f 116/116/116 84/84/84 142/142/142
f 100/100/100 142/142/142 84/84/84
f 174/174/174 165/165/165 204/204/204
f 204/204/204 201/201/201 174/174/174
f 286/286/286 363/363/363 306/306/306
f 314/314/314 306/306/306 363/363/363
f 363/363/363 368/368/368 314/314/314
f 316/316/316 314/314/314 368/368/368
f 368/368/368 329/329/329 316/316/316
f 363/363/363 286/286/286 424/424/424
f 424/424/424 286/286/286 385/385/385
f 424/424/424 431/431/431 363/363/363
f 368/368/368 363/363/363 431/431/431
f 431/431/431 504/504/504 368/368/368
f 329/329/329 368/368/368 504/504/504
f 504/504/504 448/448/448 329/329/329
f 256/256/256 226/226/226 238/238/238
f 318/318/318 238/238/238 291/291/291
f 238/238/238 318/318/318 256/256/256
f 226/226/226 256/256/256 235/235/235
f 226/226/226 235/235/235 195/195/195
f 195/195/195 138/138/138 226/226/226
f 169/169/169 226/226/226 138/138/138
f 235/235/235 303/303/303 195/195/195
f 1089/1089/1089 2714/2714/2714 2710/2710/2710
f 2710/2710/2710 1084/1084/1084 1089/1089/1089
f 1085/1085/1085 2711/2711/2711 2706/2706/2706
f 2706/2706/2706 1079/1079/1079 1085/1085/1085
f 2714/2714/2714 1089/1089/1089 1082/1082/1082
f 1082/1082/1082 2708/2708/2708 2714/2714/2714
f 2714/2714/2714 2708/2708/2708 2718/2718/2718
f 2714/2714/2714 2718/2718/2718 2722/2722/2722
f 2714/2714/2714 2722/2722/2722 2727/2727/2727
f 2714/2714/2714 2727/2727/2727 2732/2732/2732
f 2714/2714/2714 2732/2732/2732 2738/2738/2738
f 2714/2714/2714 2738/2738/2738 2746/2746/2746
f 2714/2714/2714 2746/2746/2746 2754/2754/2754
f 2714/2714/2714 2754/2754/2754 2761/2761/2761
f 2714/2714/2714 2761/2761/2761 2770/2770/2770
f 2714/2714/2714 2770/2770/2770 2776/2776/2776
f 1088/1088/1088 915/915/915 1081/1081/1081
f 1088/1088/1088 911/911/911 915/915/915
f 1088/1088/1088 906/906/906 911/911/911
f 1088/1088/1088 901/901/901 906/906/906
f 1088/1088/1088 895/895/895 901/901/901
f 1088/1088/1088 891/891/891 895/895/895
f 1088/1088/1088 885/885/885 891/891/891
f 1088/1088/1088 878/878/878 885/885/885
f 1088/1088/1088 872/872/872 878/878/878
f 1088/1088/1088 866/866/866 872/872/872
f 1088/1088/1088 858/858/858 866/866/866
f 2714/2714/2714 2776/2776/2776 2783/2783/2783
f 2714/2714/2714 2783/2783/2783 2789/2789/2789
f 1088/1088/1088 849/849/849 858/858/858
f 1088/1088/1088 842/842/842 849/849/849
f 2714/2714/2714 2789/2789/2789 2800/2800/2800
f 2714/2714/2714 2800/2800/2800 2811/2811/2811
f 1088/1088/1088 830/830/830 842/842/842
f 1088/1088/1088 825/825/825 830/830/830
f 2714/2714/2714 2811/2811/2811 2817/2817/2817
f 2714/2714/2714 2817/2817/2817 2823/2823/2823
f 2709/2709/2709 2713/2713/2713 2822/2822/2822
f 1088/1088/1088 819/819/819 825/825/825
f 820/820/820 1087/1087/1087 1083/1083/1083
f 2822/2822/2822 2874/2874/2874 2709/2709/2709
f 2707/2707/2707 2712/2712/2712 2874/2874/2874
f 1083/1083/1083 761/761/761 820/820/820
f 2874/2874/2874 2868/2868/2868 2707/2707/2707
f 766/766/766 761/761/761 1086/1086/1086
f 1086/1086/1086 1080/1080/1080 766/766/766
f 1079/1079/1079 2706/2706/2706 2703/2703/2703
f 2703/2703/2703 1075/1075/1075 1079/1079/1079
f 2704/2704/2704 2707/2707/2707 2868/2868/2868
f 2868/2868/2868 2860/2860/2860 2704/2704/2704
f 1080/1080/1080 1076/1076/1076 771/771/771
f 771/771/771 766/766/766 1080/1080/1080
f 2874/2874/2874 2822/2822/2822 2917/2917/2917
f 2918/2918/2918 2823/2823/2823 2817/2817/2817
f 728/728/728 820/820/820 761/761/761
f 2817/2817/2817 2907/2907/2907 2918/2918/2918
f 2907/2907/2907 2817/2817/2817 2811/2811/2811
f 2708/2708/2708 1082/1082/1082 1078/1078/1078
f 1078/1078/1078 2705/2705/2705 2708/2708/2708
f 2811/2811/2811 2905/2905/2905 2907/2907/2907
f 2905/2905/2905 2811/2811/2811 2800/2800/2800
f 2800/2800/2800 2896/2896/2896 2905/2905/2905
f 2896/2896/2896 2800/2800/2800 2789/2789/2789
f 2789/2789/2789 2886/2886/2886 2896/2896/2896
f 2886/2886/2886 2789/2789/2789 2783/2783/2783
f 2783/2783/2783 2885/2885/2885 2886/2886/2886
f 2885/2885/2885 2783/2783/2783 2776/2776/2776
f 2776/2776/2776 2880/2880/2880 2885/2885/2885
f 2880/2880/2880 2776/2776/2776 2770/2770/2770
f 2770/2770/2770 2878/2878/2878 2880/2880/2880
f 2878/2878/2878 2770/2770/2770 2761/2761/2761
f 2761/2761/2761 2857/2857/2857 2878/2878/2878
f 2857/2857/2857 2761/2761/2761 2754/2754/2754
f 2754/2754/2754 2840/2840/2840 2857/2857/2857
f 2840/2840/2840 2754/2754/2754 2746/2746/2746
f 2746/2746/2746 2827/2827/2827 2840/2840/2840
f 2827/2827/2827 2746/2746/2746 2738/2738/2738
f 729/729/729 825/825/825 819/819/819
f 819/819/819 727/727/727 729/729/729
f 825/825/825 729/729/729 730/730/730
f 730/730/730 830/830/830 825/825/825
f 733/733/733 842/842/842 830/830/830
f 830/830/830 730/730/730 733/733/733
f 1077/1077/1077 1081/1081/1081 915/915/915
f 915/915/915 907/907/907 1077/1077/1077
f 907/907/907 915/915/915 911/911/911
f 2708/2708/2708 2705/2705/2705 2723/2723/2723
f 2723/2723/2723 2718/2718/2718 2708/2708/2708
f 2718/2718/2718 2723/2723/2723 2734/2734/2734
f 2734/2734/2734 2722/2722/2722 2718/2718/2718
f 2763/2763/2763 2738/2738/2738 2732/2732/2732
f 2738/2738/2738 2763/2763/2763 2827/2827/2827
f 2763/2763/2763 2732/2732/2732 2727/2727/2727
f 2727/2727/2727 2722/2722/2722 2763/2763/2763
f 745/745/745 866/866/866 858/858/858
f 858/858/858 849/849/849 745/745/745
f 866/866/866 745/745/745 749/749/749
f 749/749/749 872/872/872 866/866/866
f 772/772/772 878/878/878 872/872/872
f 872/872/872 749/749/749 772/772/772
f 878/878/878 772/772/772 789/789/789
f 789/789/789 885/885/885 878/878/878
f 885/885/885 789/789/789 807/807/807
f 807/807/807 891/891/891 885/885/885
f 843/843/843 895/895/895 891/891/891
f 891/891/891 807/807/807 843/843/843
f 873/873/873 901/901/901 895/895/895
f 895/895/895 843/843/843 873/873/873
f 2917/2917/2917 2916/2916/2916 2874/2874/2874
f 2868/2868/2868 2874/2874/2874 2916/2916/2916
f 761/761/761 726/726/726 728/728/728
f 726/726/726 761/761/761 766/766/766
f 861/861/861 906/906/906 901/901/901
f 901/901/901 873/873/873 861/861/861
f 873/873/873 843/843/843 861/861/861
f 807/807/807 861/861/861 843/843/843
f 861/861/861 911/911/911 906/906/906
f 911/911/911 861/861/861 907/907/907
f 726/726/726 766/766/766 658/658/658
f 766/766/766 771/771/771 658/658/658
f 2991/2991/2991 2916/2916/2916 2917/2917/2917
f 2916/2916/2916 2991/2991/2991 2868/2868/2868
f 1075/1075/1075 2703/2703/2703 2700/2700/2700
f 2701/2701/2701 2704/2704/2704 2860/2860/2860
f 2860/2860/2860 2855/2855/2855 2701/2701/2701
f 2700/2700/2700 1071/1071/1071 1075/1075/1075
f 777/777/777 771/771/771 1076/1076/1076
f 1076/1076/1076 1072/1072/1072 777/777/777
f 771/771/771 777/777/777 658/658/658
f 2917/2917/2917 3006/3006/3006 2991/2991/2991
f 3008/3008/3008 2918/2918/2918 2907/2907/2907
f 2705/2705/2705 1078/1078/1078 1074/1074/1074
f 1074/1074/1074 2702/2702/2702 2705/2705/2705
f 2975/2975/2975 2886/2886/2886 2885/2885/2885
f 2885/2885/2885 2959/2959/2959 2975/2975/2975
f 2959/2959/2959 2885/2885/2885 2880/2880/2880
f 2880/2880/2880 2944/2944/2944 2959/2959/2959
f 2944/2944/2944 2880/2880/2880 2878/2878/2878
f 2878/2878/2878 2933/2933/2933 2944/2944/2944
f 2933/2933/2933 2878/2878/2878 2857/2857/2857
f 2728/2728/2728 2723/2723/2723 2705/2705/2705
f 2705/2705/2705 2702/2702/2702 2728/2728/2728
f 1073/1073/1073 1077/1077/1077 907/907/907
f 907/907/907 902/902/902 1073/1073/1073
f 902/902/902 907/907/907 861/861/861
f 861/861/861 886/886/886 902/902/902
f 2840/2840/2840 2894/2894/2894 2857/2857/2857
f 2894/2894/2894 2840/2840/2840 2827/2827/2827
f 2827/2827/2827 2763/2763/2763 2894/2894/2894
f 734/734/734 789/789/789 772/772/772
f 789/789/789 734/734/734 746/746/746
f 746/746/746 807/807/807 789/789/789
f 2723/2723/2723 2728/2728/2728 2777/2777/2777
f 2777/2777/2777 2734/2734/2734 2723/2723/2723
f 634/634/634 849/849/849 842/842/842
f 842/842/842 733/733/733 634/634/634
f 2777/2777/2777 2722/2722/2722 2734/2734/2734
f 2777/2777/2777 2763/2763/2763 2722/2722/2722
f 733/733/733 657/657/657 634/634/634
f 772/772/772 645/645/645 734/734/734
f 645/645/645 772/772/772 749/749/749
f 645/645/645 749/749/749 745/745/745
f 3010/3010/3010 2857/2857/2857 2894/2894/2894
f 3010/3010/3010 2933/2933/2933 2857/2857/2857
f 2891/2891/2891 2763/2763/2763 2777/2777/2777
f 666/666/666 734/734/734 645/645/645
f 2777/2777/2777 2877/2877/2877 2891/2891/2891
f 2763/2763/2763 2891/2891/2891 3018/3018/3018
f 1071/1071/1071 2700/2700/2700 2695/2695/2695
f 2696/2696/2696 2701/2701/2701 2855/2855/2855
f 2695/2695/2695 1065/1065/1065 1071/1071/1071
f 1072/1072/1072 1066/1066/1066 777/777/777
f 2702/2702/2702 1074/1074/1074 1069/1069/1069
f 1069/1069/1069 2698/2698/2698 2702/2702/2702
f 2702/2702/2702 2698/2698/2698 2733/2733/2733
f 2733/2733/2733 2728/2728/2728 2702/2702/2702
f 1068/1068/1068 1073/1073/1073 902/902/902
f 902/902/902 897/897/897 1068/1068/1068
f 897/897/897 902/902/902 886/886/886
f 886/886/886 861/861/861 897/897/897
f 716/716/716 746/746/746 734/734/734
f 734/734/734 666/666/666 716/716/716
f 746/746/746 716/716/716 735/735/735
f 735/735/735 807/807/807 746/746/746
f 745/745/745 692/692/692 645/645/645
f 692/692/692 634/634/634 645/645/645
f 849/849/849 634/634/634 692/692/692
f 692/692/692 745/745/745 849/849/849
f 670/670/670 658/658/658 777/777/777
f 2864/2864/2864 2777/2777/2777 2728/2728/2728
f 2728/2728/2728 2804/2804/2804 2864/2864/2864
f 2804/2804/2804 2728/2728/2728 2733/2733/2733
f 2804/2804/2804 2733/2733/2733 2698/2698/2698
f 2777/2777/2777 2864/2864/2864 2893/2893/2893
f 2893/2893/2893 2877/2877/2877 2777/2777/2777
f 2946/2946/2946 2894/2894/2894 2763/2763/2763
f 2763/2763/2763 3018/3018/3018 2946/2946/2946
f 658/658/658 670/670/670 596/596/596
f 596/596/596 585/585/585 658/658/658
f 585/585/585 583/583/583 658/658/658
f 1065/1065/1065 2695/2695/2695 2691/2691/2691
f 2691/2691/2691 1061/1061/1061 1065/1065/1065
f 1062/1062/1062 777/777/777 1066/1066/1066
f 609/609/609 645/645/645 634/634/634
f 645/645/645 609/609/609 630/630/630
f 630/630/630 666/666/666 645/645/645
f 666/666/666 630/630/630 640/640/640
f 666/666/666 640/640/640 677/677/677
f 677/677/677 716/716/716 666/666/666
f 716/716/716 677/677/677 699/699/699
f 699/699/699 735/735/735 716/716/716
f 2696/2696/2696 2847/2847/2847 2692/2692/2692
f 2847/2847/2847 2696/2696/2696 2973/2973/2973
f 2983/2983/2983 2973/2973/2973 2696/2696/2696
f 2696/2696/2696 2855/2855/2855 2983/2983/2983
f 2867/2867/2867 2983/2983/2983 2855/2855/2855
f 634/634/634 572/572/572 609/609/609
f 777/777/777 1062/1062/1062 679/679/679
f 679/679/679 670/670/670 777/777/777
f 2973/2973/2973 2970/2970/2970 2847/2847/2847
f 1061/1061/1061 2691/2691/2691 2687/2687/2687
f 2688/2688/2688 2692/2692/2692 2847/2847/2847
f 2847/2847/2847 2845/2845/2845 2688/2688/2688
f 2845/2845/2845 2847/2847/2847 2970/2970/2970
f 2687/2687/2687 1056/1056/1056 1061/1061/1061
f 609/609/609 565/565/565 630/630/630
f 565/565/565 609/609/609 572/572/572
f 497/497/497 565/565/565 572/572/572
f 334/334/334 352/352/352 310/310/310
f 310/310/310 277/277/277 334/334/334
f 329/329/329 334/334/334 277/277/277
f 352/352/352 334/334/334 395/395/395
f 277/277/277 310/310/310 250/250/250
f 273/273/273 250/250/250 310/310/310
f 291/291/291 273/273/273 310/310/310
f 310/310/310 390/390/390 291/291/291
f 390/390/390 310/310/310 449/449/449
f 477/477/477 449/449/449 310/310/310
f 310/310/310 352/352/352 477/477/477
f 395/395/395 477/477/477 352/352/352
f 477/477/477 483/483/483 449/449/449
f 367/367/367 291/291/291 390/390/390
f 367/367/367 390/390/390 449/449/449
f 449/449/449 472/472/472 367/367/367
f 483/483/483 563/563/563 449/449/449
f 472/472/472 449/449/449 563/563/563
f 477/477/477 563/563/563 483/483/483
f 563/563/563 521/521/521 472/472/472
f 457/457/457 477/477/477 395/395/395
f 334/334/334 329/329/329 448/448/448
f 448/448/448 395/395/395 334/334/334
f 395/395/395 448/448/448 457/457/457
f 477/477/477 457/457/457 523/523/523
f 563/563/563 477/477/477 612/612/612
f 612/612/612 620/620/620 563/563/563
f 605/605/605 612/612/612 477/477/477
f 598/598/598 605/605/605 477/477/477
f 477/477/477 523/523/523 598/598/598
f 509/509/509 523/523/523 457/457/457
f 457/457/457 448/448/448 509/509/509
f 479/479/479 472/472/472 521/521/521
f 521/521/521 534/534/534 479/479/479
f 472/472/472 479/479/479 406/406/406
f 406/406/406 367/367/367 472/472/472
f 521/521/521 607/607/607 534/534/534
f 607/607/607 521/521/521 633/633/633
f 620/620/620 633/633/633 521/521/521
f 521/521/521 563/563/563 620/620/620
f 633/633/633 620/620/620 698/698/698
f 695/695/695 698/698/698 620/620/620
f 633/633/633 653/653/653 607/607/607
f 698/698/698 713/713/713 633/633/633
f 653/653/653 633/633/633 718/718/718
f 713/713/713 718/718/718 633/633/633
f 596/596/596 598/598/598 523/523/523
f 523/523/523 509/509/509 596/596/596
f 605/605/605 598/598/598 679/679/679
f 679/679/679 612/612/612 605/605/605
f 504/504/504 509/509/509 448/448/448
f 698/698/698 695/695/695 791/791/791
f 791/791/791 794/794/794 698/698/698
f 713/713/713 698/698/698 794/794/794
f 788/788/788 791/791/791 695/695/695
f 1062/1062/1062 695/695/695 620/620/620
f 695/695/695 1062/1062/1062 788/788/788
f 620/620/620 612/612/612 1062/1062/1062
f 612/612/612 679/679/679 1062/1062/1062
f 670/670/670 679/679/679 598/598/598
f 598/598/598 596/596/596 670/670/670
f 585/585/585 596/596/596 509/509/509
f 509/509/509 504/504/504 585/585/585
f 788/788/788 1062/1062/1062 1057/1057/1057
f 791/791/791 788/788/788 1053/1053/1053
f 1053/1053/1053 1047/1047/1047 791/791/791
f 1057/1057/1057 1053/1053/1053 788/788/788
f 794/794/794 791/791/791 1047/1047/1047
f 1047/1047/1047 1042/1042/1042 794/794/794
f 583/583/583 585/585/585 504/504/504
f 2680/2680/2680 1046/1046/1046 1052/1052/1052
f 1052/1052/1052 2684/2684/2684 2680/2680/2680
f 1046/1046/1046 2680/2680/2680 2674/2674/2674
f 2674/2674/2674 1040/1040/1040 1046/1046/1046
f 2684/2684/2684 1052/1052/1052 1056/1056/1056
f 1056/1056/1056 2687/2687/2687 2684/2684/2684
f 2681/2681/2681 2685/2685/2685 2841/2841/2841
f 2845/2845/2845 2841/2841/2841 2685/2685/2685
f 2685/2685/2685 2688/2688/2688 2845/2845/2845
f 2676/2676/2676 2681/2681/2681 3053/3053/3053
f 2841/2841/2841 3053/3053/3053 2681/2681/2681
f 3053/3053/3053 2841/2841/2841 2949/2949/2949
f 2845/2845/2845 2949/2949/2949 2841/2841/2841
f 2949/2949/2949 2845/2845/2845 3075/3075/3075
f 3075/3075/3075 3053/3053/3053 2949/2949/2949
f 3053/3053/3053 2833/2833/2833 2676/2676/2676
f 3166/3166/3166 3053/3053/3053 3075/3075/3075
f 3166/3166/3166 3075/3075/3075 2845/2845/2845
f 2845/2845/2845 2970/2970/2970 3166/3166/3166
f 3053/3053/3053 3166/3166/3166 3248/3248/3248
f 3248/3248/3248 3222/3222/3222 3053/3053/3053
f 3142/3142/3142 3053/3053/3053 3222/3222/3222
f 3038/3038/3038 3053/3053/3053 3142/3142/3142
f 3142/3142/3142 3129/3129/3129 3038/3038/3038
f 3129/3129/3129 3142/3142/3142 3211/3211/3211
f 3222/3222/3222 3211/3211/3211 3142/3142/3142
f 3211/3211/3211 3170/3170/3170 3129/3129/3129
f 3222/3222/3222 3365/3365/3365 3211/3211/3211
f 3170/3170/3170 3211/3211/3211 3365/3365/3365
f 3365/3365/3365 3317/3317/3317 3170/3170/3170
f 3317/3317/3317 3228/3228/3228 3170/3170/3170
f 3241/3241/3241 3271/3271/3271 3297/3297/3297
f 531/531/531 518/518/518 470/470/470
f 518/518/518 531/531/531 623/623/623
f 623/623/623 568/568/568 518/518/518
f 623/623/623 631/631/631 568/568/568
f 550/550/550 568/568/568 631/631/631
f 631/631/631 618/618/618 550/550/550
f 618/618/618 631/631/631 710/710/710
f 482/482/482 518/518/518 568/568/568
f 568/568/568 550/550/550 482/482/482
f 631/631/631 623/623/623 738/738/738
f 738/738/738 710/710/710 631/631/631
f 531/531/531 470/470/470 399/399/399
f 710/710/710 693/693/693 618/618/618
f 602/602/602 618/618/618 693/693/693
f 693/693/693 683/683/683 602/602/602
f 647/647/647 623/623/623 531/531/531
f 683/683/683 693/693/693 790/790/790
f 790/790/790 781/781/781 683/683/683
f 781/781/781 790/790/790 933/933/933
f 939/939/939 933/933/933 790/790/790
f 2582/2582/2582 935/935/935 940/940/940
f 940/940/940 2586/2586/2586 2582/2582/2582
f 2586/2586/2586 940/940/940 947/947/947
f 947/947/947 2590/2590/2590 2586/2586/2586
f 2585/2585/2585 2589/2589/2589 2824/2824/2824
f 2590/2590/2590 947/947/947 952/952/952
f 935/935/935 2582/2582/2582 2575/2575/2575
f 2590/2590/2590 952/952/952 956/956/956
f 956/956/956 2594/2594/2594 2590/2590/2590
f 2594/2594/2594 956/956/956 960/960/960
f 960/960/960 2598/2598/2598 2594/2594/2594
f 2598/2598/2598 960/960/960 964/964/964
f 959/959/959 955/955/955 783/783/783
f 963/963/963 959/959/959 835/835/835
f 964/964/964 2604/2604/2604 2598/2598/2598
f 2604/2604/2604 964/964/964 966/966/966
f 966/966/966 2610/2610/2610 2604/2604/2604
f 2610/2610/2610 966/966/966 974/974/974
f 974/974/974 2613/2613/2613 2610/2610/2610
f 1841/1841/1841 2614/2614/2614 975/975/975
f 1841/1841/1841 1873/1873/1873 2614/2614/2614
f 2614/2614/2614 1873/1873/1873 1905/1905/1905
f 975/975/975 1792/1792/1792 1841/1841/1841
f 1905/1905/1905 1937/1937/1937 2614/2614/2614
f 1937/1937/1937 1969/1969/1969 2614/2614/2614
f 1969/1969/1969 2001/2001/2001 2614/2614/2614
f 2614/2614/2614 2001/2001/2001 2033/2033/2033
f 2033/2033/2033 2081/2081/2081 2614/2614/2614
f 2614/2614/2614 2081/2081/2081 2113/2113/2113
f 2614/2614/2614 2113/2113/2113 2145/2145/2145
f 2614/2614/2614 2145/2145/2145 2185/2185/2185
f 2185/2185/2185 2233/2233/2233 2614/2614/2614
f 2614/2614/2614 2233/2233/2233 2265/2265/2265
f 2614/2614/2614 2265/2265/2265 2313/2313/2313
f 2313/2313/2313 2345/2345/2345 2614/2614/2614
f 2345/2345/2345 2433/2433/2433 2614/2614/2614
f 2433/2433/2433 2449/2449/2449 2614/2614/2614
f 2614/2614/2614 2449/2449/2449 2465/2465/2465
f 2465/2465/2465 2481/2481/2481 2614/2614/2614
f 2481/2481/2481 2497/2497/2497 2614/2614/2614
f 2497/2497/2497 2513/2513/2513 2614/2614/2614
f 2614/2614/2614 2513/2513/2513 2530/2530/2530
f 2530/2530/2530 2547/2547/2547 2614/2614/2614
f 975/975/975 1760/1760/1760 1792/1792/1792
f 1728/1728/1728 1760/1760/1760 975/975/975
f 975/975/975 1696/1696/1696 1728/1728/1728
f 1664/1664/1664 1696/1696/1696 975/975/975
f 975/975/975 1632/1632/1632 1664/1664/1664
f 975/975/975 1600/1600/1600 1632/1632/1632
f 1552/1552/1552 1600/1600/1600 975/975/975
f 975/975/975 1520/1520/1520 1552/1552/1552
f 1487/1487/1487 1520/1520/1520 975/975/975
f 975/975/975 1446/1446/1446 1487/1487/1487
f 1398/1398/1398 1446/1446/1446 975/975/975
f 975/975/975 1366/1366/1366 1398/1398/1398
f 1318/1318/1318 1366/1366/1366 975/975/975
f 975/975/975 1286/1286/1286 1318/1318/1318
f 1198/1198/1198 1286/1286/1286 975/975/975
f 975/975/975 1182/1182/1182 1198/1198/1198
f 1166/1166/1166 1182/1182/1182 975/975/975
f 975/975/975 1148/1148/1148 1166/1166/1166
f 975/975/975 1132/1132/1132 1148/1148/1148
f 1116/1116/1116 1132/1132/1132 975/975/975
f 1098/1098/1098 1116/1116/1116 975/975/975
f 975/975/975 1090/1090/1090 1098/1098/1098
f 1102/1102/1102 1090/1090/1090 975/975/975
f 1102/1102/1102 975/975/975 984/984/984
f 984/984/984 1120/1120/1120 1102/1102/1102
f 1120/1120/1120 984/984/984 1094/1094/1094
f 1094/1094/1094 1106/1106/1106 1120/1120/1120
f 1120/1120/1120 1106/1106/1106 1124/1124/1124
f 982/982/982 973/973/973 722/722/722
f 722/722/722 724/724/724 982/982/982
f 724/724/724 722/722/722 538/538/538
f 538/538/538 540/540/540 724/724/724
f 1112/1112/1112 1094/1094/1094 984/984/984
f 1124/1124/1124 1140/1140/1140 1120/1120/1120
f 1120/1120/1120 1140/1140/1140 1158/1158/1158
f 1120/1120/1120 1158/1158/1158 1174/1174/1174
f 1174/1174/1174 1190/1190/1190 1120/1120/1120
f 1120/1120/1120 1190/1190/1190 1206/1206/1206
f 1206/1206/1206 1294/1294/1294 1120/1120/1120
f 1120/1120/1120 1294/1294/1294 1326/1326/1326
f 1326/1326/1326 1374/1374/1374 1120/1120/1120
f 984/984/984 1128/1128/1128 1112/1112/1112
f 1144/1144/1144 1128/1128/1128 984/984/984
f 984/984/984 1162/1162/1162 1144/1144/1144
f 1178/1178/1178 1162/1162/1162 984/984/984
f 538/538/538 439/439/439 540/540/540
f 439/439/439 538/538/538 437/437/437
f 438/438/438 539/539/539 510/510/510
f 437/437/437 340/340/340 439/439/439
f 340/340/340 437/437/437 295/295/295
f 295/295/295 217/217/217 340/340/340
f 341/341/341 219/219/219 266/266/266
f 217/217/217 295/295/295 214/214/214
f 216/216/216 296/296/296 271/271/271
f 271/271/271 296/296/296 347/347/347
f 271/271/271 347/347/347 330/330/330
f 210/210/210 271/271/271 330/330/330
f 510/510/510 539/539/539 625/625/625
f 1194/1194/1194 1178/1178/1178 984/984/984
f 984/984/984 1210/1210/1210 1194/1194/1194
f 1298/1298/1298 1210/1210/1210 984/984/984
f 984/984/984 1330/1330/1330 1298/1298/1298
f 1378/1378/1378 1330/1330/1330 984/984/984
f 984/984/984 1410/1410/1410 1378/1378/1378
f 984/984/984 1459/1459/1459 1410/1410/1410
f 1500/1500/1500 1459/1459/1459 984/984/984
f 1532/1532/1532 1500/1500/1500 984/984/984
f 984/984/984 1564/1564/1564 1532/1532/1532
f 1612/1612/1612 1564/1564/1564 984/984/984
f 984/984/984 1644/1644/1644 1612/1612/1612
f 1676/1676/1676 1644/1644/1644 984/984/984
f 1708/1708/1708 1676/1676/1676 984/984/984
f 984/984/984 1740/1740/1740 1708/1708/1708
f 984/984/984 1772/1772/1772 1740/1740/1740
f 1804/1804/1804 1772/1772/1772 984/984/984
f 1853/1853/1853 1804/1804/1804 984/984/984
f 984/984/984 2623/2623/2623 1853/1853/1853
f 2627/2627/2627 987/987/987 996/996/996
f 2623/2623/2623 1885/1885/1885 1853/1853/1853
f 1917/1917/1917 1885/1885/1885 2623/2623/2623
f 1949/1949/1949 1917/1917/1917 2623/2623/2623
f 2623/2623/2623 1981/1981/1981 1949/1949/1949
f 2623/2623/2623 2013/2013/2013 1981/1981/1981
f 2045/2045/2045 2013/2013/2013 2623/2623/2623
f 2093/2093/2093 2045/2045/2045 2623/2623/2623
f 2623/2623/2623 2125/2125/2125 2093/2093/2093
f 2157/2157/2157 2125/2125/2125 2623/2623/2623
f 2623/2623/2623 2197/2197/2197 2157/2157/2157
f 2623/2623/2623 2245/2245/2245 2197/2197/2197
f 2277/2277/2277 2245/2245/2245 2623/2623/2623
f 2623/2623/2623 2325/2325/2325 2277/2277/2277
f 2623/2623/2623 2357/2357/2357 2325/2325/2325
f 2445/2445/2445 2357/2357/2357 2623/2623/2623
f 2623/2623/2623 2461/2461/2461 2445/2445/2445
f 1136/1136/1136 1120/1120/1120 1374/1374/1374
f 1374/1374/1374 1406/1406/1406 1136/1136/1136
f 1152/1152/1152 1136/1136/1136 1406/1406/1406
f 1170/1170/1170 1152/1152/1152 1406/1406/1406
f 1186/1186/1186 1170/1170/1170 1406/1406/1406
f 1406/1406/1406 1202/1202/1202 1186/1186/1186
f 1290/1290/1290 1202/1202/1202 1406/1406/1406
f 1406/1406/1406 1322/1322/1322 1290/1290/1290
f 1370/1370/1370 1322/1322/1322 1406/1406/1406
f 1406/1406/1406 1402/1402/1402 1370/1370/1370
f 1450/1450/1450 1402/1402/1402 1406/1406/1406
f 1406/1406/1406 1491/1491/1491 1450/1450/1450
f 1524/1524/1524 1491/1491/1491 1406/1406/1406
f 1406/1406/1406 1556/1556/1556 1524/1524/1524
f 1556/1556/1556 1406/1406/1406 1454/1454/1454
f 1604/1604/1604 1556/1556/1556 1454/1454/1454
f 1604/1604/1604 1454/1454/1454 1495/1495/1495
f 1495/1495/1495 1636/1636/1636 1604/1604/1604
f 1636/1636/1636 1495/1495/1495 1528/1528/1528
f 1636/1636/1636 1528/1528/1528 1560/1560/1560
f 1560/1560/1560 1608/1608/1608 1636/1636/1636
f 1636/1636/1636 1608/1608/1608 1640/1640/1640
f 1636/1636/1636 1640/1640/1640 1672/1672/1672
f 1668/1668/1668 1636/1636/1636 1672/1672/1672
f 1700/1700/1700 1668/1668/1668 1672/1672/1672
f 1700/1700/1700 1672/1672/1672 1704/1704/1704
f 1704/1704/1704 1732/1732/1732 1700/1700/1700
f 1732/1732/1732 1704/1704/1704 1736/1736/1736
f 1732/1732/1732 1736/1736/1736 1768/1768/1768
f 1764/1764/1764 1732/1732/1732 1768/1768/1768
f 1764/1764/1764 1768/1768/1768 1800/1800/1800
f 1800/1800/1800 1796/1796/1796 1764/1764/1764
f 1796/1796/1796 1800/1800/1800 1849/1849/1849
f 1849/1849/1849 1845/1845/1845 1796/1796/1796
f 1845/1845/1845 1849/1849/1849 1881/1881/1881
f 1881/1881/1881 1877/1877/1877 1845/1845/1845
f 1881/1881/1881 1913/1913/1913 1877/1877/1877
f 1909/1909/1909 1877/1877/1877 1913/1913/1913
f 1913/1913/1913 1945/1945/1945 1909/1909/1909
f 1945/1945/1945 1941/1941/1941 1909/1909/1909
f 1941/1941/1941 1945/1945/1945 1977/1977/1977
f 1977/1977/1977 2009/2009/2009 1941/1941/1941
f 1973/1973/1973 1941/1941/1941 2009/2009/2009
f 2009/2009/2009 2041/2041/2041 1973/1973/1973
f 2005/2005/2005 1973/1973/1973 2041/2041/2041
f 2041/2041/2041 2037/2037/2037 2005/2005/2005
f 2037/2037/2037 2041/2041/2041 2089/2089/2089
f 2037/2037/2037 2089/2089/2089 2121/2121/2121
f 2121/2121/2121 2153/2153/2153 2037/2037/2037
f 2085/2085/2085 2037/2037/2037 2153/2153/2153
f 2153/2153/2153 2117/2117/2117 2085/2085/2085
f 2149/2149/2149 2117/2117/2117 2153/2153/2153
f 2189/2189/2189 2149/2149/2149 2153/2153/2153
f 2153/2153/2153 2237/2237/2237 2189/2189/2189
f 2269/2269/2269 2237/2237/2237 2153/2153/2153
f 2153/2153/2153 2317/2317/2317 2269/2269/2269
f 2349/2349/2349 2317/2317/2317 2153/2153/2153
f 2437/2437/2437 2349/2349/2349 2153/2153/2153
f 2477/2477/2477 2461/2461/2461 2623/2623/2623
f 2493/2493/2493 2477/2477/2477 2623/2623/2623
f 2623/2623/2623 2509/2509/2509 2493/2493/2493
f 2623/2623/2623 2526/2526/2526 2509/2509/2509
f 2543/2543/2543 2526/2526/2526 2623/2623/2623
f 2623/2623/2623 2551/2551/2551 2543/2543/2543
f 625/625/625 587/587/587 510/510/510
f 496/496/496 510/510/510 587/587/587
f 587/587/587 613/613/613 496/496/496
f 465/465/465 496/496/496 613/613/613
f 510/510/510 450/450/450 438/438/438
f 296/296/296 438/438/438 450/450/450
f 450/450/450 347/347/347 296/296/296
f 510/510/510 496/496/496 450/450/450
f 2153/2153/2153 2453/2453/2453 2437/2437/2437
f 2469/2469/2469 2453/2453/2453 2153/2153/2153
f 2153/2153/2153 2485/2485/2485 2469/2469/2469
f 2485/2485/2485 2153/2153/2153 2193/2193/2193
f 2193/2193/2193 2501/2501/2501 2485/2485/2485
f 2193/2193/2193 2241/2241/2241 2501/2501/2501
f 2501/2501/2501 2241/2241/2241 2273/2273/2273
f 341/341/341 266/266/266 229/229/229
f 229/229/229 323/323/323 341/341/341
f 587/587/587 625/625/625 674/674/674
f 996/996/996 2634/2634/2634 2627/2627/2627
f 539/539/539 723/723/723 667/667/667
f 667/667/667 625/625/625 539/539/539
f 370/370/370 399/399/399 470/470/470
f 783/783/783 704/704/704 959/959/959
f 835/835/835 959/959/959 704/704/704
f 613/613/613 587/587/587 705/705/705
f 674/674/674 705/705/705 587/587/587
f 330/330/330 233/233/233 210/210/210
f 531/531/531 577/577/577 647/647/647
f 996/996/996 2638/2638/2638 2634/2634/2634
f 2801/2801/2801 2635/2635/2635 2639/2639/2639
f 2638/2638/2638 996/996/996 1000/1000/1000
f 1001/1001/1001 997/997/997 800/800/800
f 1000/1000/1000 2641/2641/2641 2638/2638/2638
f 2641/2641/2641 1000/1000/1000 1008/1008/1008
f 800/800/800 767/767/767 1001/1001/1001
f 1010/1010/1010 1001/1001/1001 767/767/767
f 1008/1008/1008 2643/2643/2643 2641/2641/2641
f 2642/2642/2642 2645/2645/2645 2747/2747/2747
f 725/725/725 541/541/541 616/616/616
f 725/725/725 616/616/616 643/643/643
f 613/613/613 513/513/513 465/465/465
f 381/381/381 465/465/465 513/513/513
f 2589/2589/2589 2593/2593/2593 2902/2902/2902
f 2597/2597/2597 2902/2902/2902 2593/2593/2593
f 194/194/194 323/323/323 229/229/229
f 525/525/525 550/550/550 618/618/618
f 618/618/618 602/602/602 525/525/525
f 2581/2581/2581 2585/2585/2585 2832/2832/2832
f 2824/2824/2824 2832/2832/2832 2585/2585/2585
f 2273/2273/2273 2517/2517/2517 2501/2501/2501
f 2517/2517/2517 2273/2273/2273 2321/2321/2321
f 2517/2517/2517 2321/2321/2321 2353/2353/2353
f 2538/2538/2538 2551/2551/2551 2623/2623/2623
f 440/440/440 341/341/341 348/348/348
f 348/348/348 341/341/341 323/323/323
f 643/643/643 702/702/702 725/725/725
f 725/725/725 702/702/702 840/840/840
f 702/702/702 847/847/847 840/840/840
f 702/702/702 856/856/856 847/847/847
f 914/914/914 997/997/997 983/983/983
f 914/914/914 800/800/800 997/997/997
f 399/399/399 451/451/451 531/531/531
f 577/577/577 531/531/531 451/451/451
f 513/513/513 452/452/452 381/381/381
f 440/440/440 549/549/549 541/541/541
f 549/549/549 616/616/616 541/541/541
f 330/330/330 253/253/253 233/233/233
f 399/399/399 370/370/370 322/322/322
f 965/965/965 913/913/913 976/976/976
f 2899/2899/2899 2824/2824/2824 2589/2589/2589
f 2635/2635/2635 2717/2717/2717 2624/2624/2624
f 2716/2716/2716 2603/2603/2603 2609/2609/2609
f 2716/2716/2716 2609/2609/2609 2615/2615/2615
f 2739/2739/2739 2801/2801/2801 2639/2639/2639
f 2639/2639/2639 2642/2642/2642 2739/2739/2739
f 2747/2747/2747 2739/2739/2739 2642/2642/2642
f 965/965/965 909/909/909 913/913/913
f 913/913/913 909/909/909 976/976/976
f 2635/2635/2635 2801/2801/2801 2764/2764/2764
f 2801/2801/2801 2889/2889/2889 2764/2764/2764
f 2889/2889/2889 2635/2635/2635 2764/2764/2764
f 828/828/828 725/725/725 840/840/840
f 2614/2614/2614 2547/2547/2547 2534/2534/2534
f 2353/2353/2353 2534/2534/2534 2517/2517/2517
f 2534/2534/2534 2353/2353/2353 2441/2441/2441
f 2603/2603/2603 2716/2716/2716 2720/2720/2720
f 2720/2720/2720 2716/2716/2716 2615/2615/2615
f 702/702/702 864/864/864 856/856/856
f 702/702/702 870/870/870 864/864/864
f 725/725/725 823/823/823 985/985/985
f 725/725/725 828/828/828 823/823/823
f 2635/2635/2635 2721/2721/2721 2717/2717/2717
f 2717/2717/2717 2721/2721/2721 2624/2624/2624
f 2603/2603/2603 2720/2720/2720 2725/2725/2725
f 2725/2725/2725 2720/2720/2720 2615/2615/2615
f 702/702/702 876/876/876 870/870/870
f 2534/2534/2534 2457/2457/2457 2614/2614/2614
f 2534/2534/2534 2441/2441/2441 2457/2457/2457
f 2614/2614/2614 2457/2457/2457 2473/2473/2473
f 2473/2473/2473 2489/2489/2489 2614/2614/2614
f 2489/2489/2489 2505/2505/2505 2614/2614/2614
f 2505/2505/2505 2521/2521/2521 2614/2614/2614
f 822/822/822 723/723/723 976/976/976
f 723/723/723 822/822/822 827/827/827
f 827/827/827 822/822/822 976/976/976
f 2603/2603/2603 2725/2725/2725 2730/2730/2730
f 2730/2730/2730 2725/2725/2725 2615/2615/2615
f 910/910/910 914/914/914 983/983/983
f 910/910/910 800/800/800 914/914/914
f 2603/2603/2603 2730/2730/2730 2736/2736/2736
f 2736/2736/2736 2730/2730/2730 2615/2615/2615
f 2736/2736/2736 2932/2932/2932 2603/2603/2603
f 2888/2888/2888 2603/2603/2603 2932/2932/2932
f 2932/2932/2932 3067/3067/3067 2888/2888/2888
f 2932/2932/2932 3126/3126/3126 3067/3067/3067
f 3177/3177/3177 3067/3067/3067 3126/3126/3126
f 3126/3126/3126 2932/2932/2932 2911/2911/2911
f 2932/2932/2932 2766/2766/2766 2911/2911/2911
f 2772/2772/2772 2911/2911/2911 2766/2766/2766
f 2911/2911/2911 3079/3079/3079 3126/3126/3126
f 3177/3177/3177 3126/3126/3126 3146/3146/3146
f 3079/3079/3079 3146/3146/3146 3126/3126/3126
f 3016/3016/3016 2888/2888/2888 3067/3067/3067
f 3057/3057/3057 3016/3016/3016 3067/3067/3067
f 3067/3067/3067 3174/3174/3174 3057/3057/3057
f 3107/3107/3107 3057/3057/3057 3174/3174/3174
f 3216/3216/3216 3107/3107/3107 3174/3174/3174
f 3107/3107/3107 3216/3216/3216 3086/3086/3086
f 3216/3216/3216 3174/3174/3174 3230/3230/3230
f 3239/3239/3239 3086/3086/3086 3216/3216/3216
f 3086/3086/3086 3239/3239/3239 3070/3070/3070
f 3239/3239/3239 3216/3216/3216 3289/3289/3289
f 3239/3239/3239 3226/3226/3226 3070/3070/3070
f 3197/3197/3197 3070/3070/3070 3226/3226/3226
f 3070/3070/3070 3197/3197/3197 3119/3119/3119
f 3070/3070/3070 3119/3119/3119 3012/3012/3012
f 3047/3047/3047 3012/3012/3012 3119/3119/3119
f 3138/3138/3138 3119/3119/3119 3197/3197/3197
f 3119/3119/3119 3138/3138/3138 3047/3047/3047
f 3293/3293/3293 3226/3226/3226 3239/3239/3239
f 3293/3293/3293 3402/3402/3402 3226/3226/3226
f 3298/3298/3298 3226/3226/3226 3402/3402/3402
f 3239/3239/3239 3348/3348/3348 3293/3293/3293
f 3402/3402/3402 3293/3293/3293 3348/3348/3348
f 3012/3012/3012 3047/3047/3047 2938/2938/2938
f 3004/3004/3004 3080/3080/3080 2913/2913/2913
f 2913/2913/2913 2819/2819/2819 3004/3004/3004
f 3230/3230/3230 3332/3332/3332 3216/3216/3216
f 3289/3289/3289 3216/3216/3216 3332/3332/3332
f 2911/2911/2911 2772/2772/2772 2779/2779/2779
f 3004/3004/3004 2819/2819/2819 2815/2815/2815
f 3004/3004/3004 2815/2815/2815 2809/2809/2809
f 2932/2932/2932 2757/2757/2757 2766/2766/2766
f 2932/2932/2932 2751/2751/2751 2757/2757/2757
f 3004/3004/3004 2809/2809/2809 2798/2798/2798
f 3004/3004/3004 2798/2798/2798 2787/2787/2787
f 2787/2787/2787 2781/2781/2781 3004/3004/3004
f 2957/2957/2957 3004/3004/3004 2781/2781/2781
f 2774/2774/2774 2957/2957/2957 2781/2781/2781
f 2957/2957/2957 2774/2774/2774 2768/2768/2768
f 2911/2911/2911 2779/2779/2779 2785/2785/2785
f 905/905/905 910/910/910 983/983/983
f 800/800/800 910/910/910 905/905/905
f 2911/2911/2911 2785/2785/2785 2796/2796/2796
f 2911/2911/2911 2796/2796/2796 2807/2807/2807
f 2813/2813/2813 2911/2911/2911 2807/2807/2807
f 723/723/723 827/827/827 839/839/839
f 839/839/839 827/827/827 976/976/976
f 2743/2743/2743 2736/2736/2736 2615/2615/2615
f 2932/2932/2932 2736/2736/2736 2743/2743/2743
f 2932/2932/2932 2743/2743/2743 2751/2751/2751
f 2635/2635/2635 2726/2726/2726 2721/2721/2721
f 2721/2721/2721 2726/2726/2726 2624/2624/2624
f 965/965/965 904/904/904 909/909/909
f 909/909/909 904/904/904 976/976/976
f 900/900/900 905/905/905 983/983/983
f 800/800/800 905/905/905 900/900/900
f 323/323/323 194/194/194 302/302/302
f 348/348/348 323/323/323 302/302/302
f 348/348/348 511/511/511 440/440/440
f 549/549/549 440/440/440 511/511/511
f 904/904/904 965/965/965 747/747/747
f 2726/2726/2726 2731/2731/2731 2624/2624/2624
f 904/904/904 899/899/899 976/976/976
f 747/747/747 899/899/899 904/904/904
f 2731/2731/2731 2737/2737/2737 2624/2624/2624
f 2737/2737/2737 2745/2745/2745 2624/2624/2624
f 2745/2745/2745 2753/2753/2753 2624/2624/2624
f 2832/2832/2832 2824/2824/2824 2924/2924/2924
f 2899/2899/2899 2924/2924/2924 2824/2824/2824
f 2938/2938/2938 2923/2923/2923 3012/3012/3012
f 2753/2753/2753 2759/2759/2759 2624/2624/2624
f 894/894/894 900/900/900 983/983/983
f 800/800/800 900/900/900 894/894/894
f 899/899/899 893/893/893 976/976/976
f 747/747/747 893/893/893 899/899/899
f 800/800/800 671/671/671 767/767/767
f 767/767/767 671/671/671 731/731/731
f 767/767/767 731/731/731 785/785/785
f 890/890/890 894/894/894 983/983/983
f 800/800/800 894/894/894 890/890/890
f 3146/3146/3146 3260/3260/3260 3177/3177/3177
f 3252/3252/3252 3177/3177/3177 3260/3260/3260
f 3311/3311/3311 3252/3252/3252 3260/3260/3260
f 3260/3260/3260 3323/3323/3323 3311/3311/3311
f 3377/3377/3377 3311/3311/3311 3323/3323/3323
f 3311/3311/3311 3377/3377/3377 3399/3399/3399
f 3311/3311/3311 3399/3399/3399 3338/3338/3338
f 3338/3338/3338 3399/3399/3399 3393/3393/3393
f 3471/3471/3471 3393/3393/3393 3399/3399/3399
f 3399/3399/3399 3518/3518/3518 3471/3471/3471
f 3519/3519/3519 3471/3471/3471 3518/3518/3518
f 3518/3518/3518 3657/3657/3657 3519/3519/3519
f 3597/3597/3597 3519/3519/3519 3657/3657/3657
f 3703/3703/3703 3597/3597/3597 3657/3657/3657
f 3597/3597/3597 3703/3703/3703 3689/3689/3689
f 3703/3703/3703 3733/3733/3733 3689/3689/3689
f 3703/3703/3703 3767/3767/3767 3733/3733/3733
f 3754/3754/3754 3733/3733/3733 3767/3767/3767
f 3703/3703/3703 3657/3657/3657 3773/3773/3773
f 3767/3767/3767 3703/3703/3703 3773/3773/3773
f 3767/3767/3767 3773/3773/3773 3754/3754/3754
f 3597/3597/3597 3689/3689/3689 3590/3590/3590
f 3597/3597/3597 3590/3590/3590 3530/3530/3530
f 3560/3560/3560 3530/3530/3530 3590/3590/3590
f 3518/3518/3518 3399/3399/3399 3472/3472/3472
f 3657/3657/3657 3518/3518/3518 3570/3570/3570
f 3377/3377/3377 3418/3418/3418 3399/3399/3399
f 3472/3472/3472 3399/3399/3399 3418/3418/3418
f 3431/3431/3431 3378/3378/3378 3324/3324/3324
f 3472/3472/3472 3521/3521/3521 3518/3518/3518
f 3521/3521/3521 3570/3570/3570 3518/3518/3518
f 3519/3519/3519 3491/3491/3491 3471/3471/3471
f 3263/3263/3263 3324/3324/3324 3261/3261/3261
f 3324/3324/3324 3263/3263/3263 3431/3431/3431
f 738/738/738 804/804/804 710/710/710
f 693/693/693 710/710/710 804/804/804
f 804/804/804 790/790/790 693/693/693
f 790/790/790 804/804/804 939/939/939
f 945/945/945 939/939/939 804/804/804
f 2902/2902/2902 2962/2962/2962 2589/2589/2589
f 2899/2899/2899 2589/2589/2589 2962/2962/2962
f 3070/3070/3070 2961/2961/2961 3086/3086/3086
f 893/893/893 889/889/889 976/976/976
f 747/747/747 889/889/889 893/893/893
f 883/883/883 890/890/890 983/983/983
f 800/800/800 890/890/890 883/883/883
f 767/767/767 879/879/879 1010/1010/1010
f 767/767/767 785/785/785 879/879/879
f 3289/3289/3289 3396/3396/3396 3239/3239/3239
f 3348/3348/3348 3239/3239/3239 3396/3396/3396
f 889/889/889 882/882/882 976/976/976
f 747/747/747 882/882/882 889/889/889
f 2603/2603/2603 2881/2881/2881 2597/2597/2597
f 2902/2902/2902 2597/2597/2597 2881/2881/2881
f 2881/2881/2881 2603/2603/2603 2888/2888/2888
f 2888/2888/2888 3016/3016/3016 2881/2881/2881
f 3016/3016/3016 3057/3057/3057 2881/2881/2881
f 415/415/415 470/470/470 518/518/518
f 518/518/518 482/482/482 415/415/415
f 470/470/470 415/415/415 370/370/370
f 882/882/882 875/875/875 976/976/976
f 747/747/747 875/875/875 882/882/882
f 2573/2573/2573 2581/2581/2581 2836/2836/2836
f 2832/2832/2832 2836/2836/2836 2581/2581/2581
f 302/302/302 396/396/396 348/348/348
f 511/511/511 348/348/348 396/396/396
f 875/875/875 869/869/869 976/976/976
f 747/747/747 869/869/869 875/875/875
f 3258/3258/3258 3067/3067/3067 3177/3177/3177
f 3067/3067/3067 3258/3258/3258 3174/3174/3174
f 3230/3230/3230 3174/3174/3174 3258/3258/3258
f 3332/3332/3332 3230/3230/3230 3258/3258/3258
f 3177/3177/3177 3252/3252/3252 3258/3258/3258
f 3311/3311/3311 3258/3258/3258 3252/3252/3252
f 869/869/869 863/863/863 976/976/976
f 747/747/747 863/863/863 869/869/869
f 409/409/409 330/330/330 347/347/347
f 496/496/496 465/465/465 409/409/409
f 347/347/347 450/450/450 409/409/409
f 496/496/496 409/409/409 450/450/450
f 2889/2889/2889 2792/2792/2792 2635/2635/2635
f 2768/2768/2768 2791/2791/2791 2957/2957/2957
f 2726/2726/2726 2635/2635/2635 2792/2792/2792
f 2792/2792/2792 2731/2731/2731 2726/2726/2726
f 2792/2792/2792 2737/2737/2737 2731/2731/2731
f 2792/2792/2792 2745/2745/2745 2737/2737/2737
f 2792/2792/2792 2753/2753/2753 2745/2745/2745
f 2792/2792/2792 2759/2759/2759 2753/2753/2753
f 863/863/863 855/855/855 976/976/976
f 747/747/747 855/855/855 863/863/863
f 2889/2889/2889 2801/2801/2801 3024/3024/3024
f 2889/2889/2889 3024/3024/3024 3099/3099/3099
f 3136/3136/3136 3099/3099/3099 3024/3024/3024
f 3024/3024/3024 2801/2801/2801 2997/2997/2997
f 3024/3024/3024 2997/2997/2997 3136/3136/3136
f 3290/3290/3290 3099/3099/3099 3136/3136/3136
f 3136/3136/3136 3217/3217/3217 3290/3290/3290
f 3099/3099/3099 3290/3290/3290 3231/3231/3231
f 3362/3362/3362 3231/3231/3231 3290/3290/3290
f 3495/3495/3495 3362/3362/3362 3290/3290/3290
f 3231/3231/3231 3362/3362/3362 3370/3370/3370
f 3495/3495/3495 3370/3370/3370 3362/3362/3362
f 3290/3290/3290 3374/3374/3374 3495/3495/3495
f 3290/3290/3290 3368/3368/3368 3374/3374/3374
f 3453/3453/3453 3374/3374/3374 3368/3368/3368
f 3368/3368/3368 3398/3398/3398 3453/3453/3453
f 3398/3398/3398 3368/3368/3368 3294/3294/3294
f 3533/3533/3533 3453/3453/3453 3398/3398/3398
f 3398/3398/3398 3294/3294/3294 3533/3533/3533
f 3231/3231/3231 3189/3189/3189 3099/3099/3099
f 3031/3031/3031 3099/3099/3099 3189/3189/3189
f 3031/3031/3031 3189/3189/3189 3115/3115/3115
f 3231/3231/3231 3212/3212/3212 3189/3189/3189
f 3212/3212/3212 3115/3115/3115 3189/3189/3189
f 3773/3773/3773 3818/3818/3818 3754/3754/3754
f 3818/3818/3818 3773/3773/3773 3778/3778/3778
f 3778/3778/3778 3811/3811/3811 3818/3818/3818
f 3813/3813/3813 3812/3812/3812 3779/3779/3779
f 3779/3779/3779 3782/3782/3782 3813/3813/3813
f 3811/3811/3811 3825/3825/3825 3818/3818/3818
f 3813/3813/3813 3828/3828/3828 3812/3812/3812
f 3720/3720/3720 3778/3778/3778 3773/3773/3773
f 3782/3782/3782 3779/3779/3779 3721/3721/3721
f 3721/3721/3721 3747/3747/3747 3782/3782/3782
f 3696/3696/3696 3782/3782/3782 3747/3747/3747
f 3721/3721/3721 3626/3626/3626 3747/3747/3747
f 3747/3747/3747 3626/3626/3626 3696/3696/3696
f 3813/3813/3813 3782/3782/3782 3768/3768/3768
f 3696/3696/3696 3768/3768/3768 3782/3782/3782
f 3674/3674/3674 3720/3720/3720 3773/3773/3773
f 3626/3626/3626 3721/3721/3721 3675/3675/3675
f 3626/3626/3626 3675/3675/3675 3624/3624/3624
f 3768/3768/3768 3801/3801/3801 3813/3813/3813
f 3768/3768/3768 3786/3786/3786 3801/3801/3801
f 3786/3786/3786 3768/3768/3768 3762/3762/3762
f 3208/3208/3208 3197/3197/3197 3226/3226/3226
f 3197/3197/3197 3208/3208/3208 3138/3138/3138
f 3226/3226/3226 3298/3298/3298 3208/3208/3208
f 3332/3332/3332 3406/3406/3406 3289/3289/3289
f 3393/3393/3393 3471/3471/3471 3405/3405/3405
f 3491/3491/3491 3405/3405/3405 3471/3471/3471
f 3396/3396/3396 3289/3289/3289 3406/3406/3406
f 3294/3294/3294 3385/3385/3385 3533/3533/3533
f 667/667/667 723/723/723 845/845/845
f 723/723/723 839/839/839 845/845/845
f 845/845/845 839/839/839 976/976/976
f 855/855/855 845/845/845 976/976/976
f 855/855/855 747/747/747 845/845/845
f 3450/3450/3450 3495/3495/3495 3374/3374/3374
f 3374/3374/3374 3453/3453/3453 3450/3450/3450
f 3533/3533/3533 3450/3450/3450 3453/3453/3453
f 3495/3495/3495 3450/3450/3450 3536/3536/3536
f 3608/3608/3608 3495/3495/3495 3536/3536/3536
f 3586/3586/3586 3536/3536/3536 3450/3450/3450
f 3536/3536/3536 3586/3586/3586 3608/3608/3608
f 3172/3172/3172 3136/3136/3136 2997/2997/2997
f 3217/3217/3217 3136/3136/3136 3172/3172/3172
f 3570/3570/3570 3521/3521/3521 3576/3576/3576
f 3626/3626/3626 3624/3624/3624 3577/3577/3577
f 3577/3577/3577 3579/3579/3579 3626/3626/3626
f 461/461/461 482/482/482 550/550/550
f 550/550/550 525/525/525 461/461/461
f 545/545/545 643/643/643 616/616/616
f 616/616/616 549/549/549 545/545/545
f 511/511/511 545/545/545 549/549/549
f 751/751/751 738/738/738 623/623/623
f 623/623/623 647/647/647 751/751/751
f 955/955/955 950/950/950 752/752/752
f 752/752/752 783/783/783 955/955/955
f 3768/3768/3768 3696/3696/3696 3638/3638/3638
f 3638/3638/3638 3762/3762/3762 3768/3768/3768
f 835/835/835 796/796/796 963/963/963
f 965/965/965 963/963/963 796/796/796
f 674/674/674 625/625/625 797/797/797
f 625/625/625 667/667/667 797/797/797
f 796/796/796 747/747/747 965/965/965
f 396/396/396 302/302/302 354/354/354
f 343/343/343 396/396/396 354/354/354
f 317/317/317 343/343/343 354/354/354
f 396/396/396 343/343/343 378/378/378
f 343/343/343 317/317/317 378/378/378
f 283/283/283 354/354/354 302/302/302
f 354/354/354 283/283/283 317/317/317
f 3638/3638/3638 3692/3692/3692 3762/3762/3762
f 3692/3692/3692 3638/3638/3638 3610/3610/3610
f 3060/3060/3060 3047/3047/3047 3138/3138/3138
f 3047/3047/3047 3060/3060/3060 2938/2938/2938
f 3138/3138/3138 3157/3157/3157 3060/3060/3060
f 412/412/412 396/396/396 378/378/378
f 412/412/412 378/378/378 455/455/455
f 412/412/412 455/455/455 556/556/556
f 290/290/290 378/378/378 317/317/317
f 290/290/290 366/366/366 378/378/378
f 366/366/366 405/405/405 378/378/378
f 3450/3450/3450 3533/3533/3533 3547/3547/3547
f 3450/3450/3450 3547/3547/3547 3586/3586/3586
f 3370/3370/3370 3301/3301/3301 3231/3231/3231
f 3212/3212/3212 3231/3231/3231 3301/3301/3301
f 511/511/511 396/396/396 467/467/467
f 467/467/467 545/545/545 511/511/511
f 467/467/467 396/396/396 412/412/412
f 412/412/412 556/556/556 467/467/467
f 255/255/255 283/283/283 302/302/302
f 283/283/283 255/255/255 317/317/317
f 302/302/302 234/234/234 255/255/255
f 3402/3402/3402 3348/3348/3348 3513/3513/3513
f 3519/3519/3519 3597/3597/3597 3512/3512/3512
f 3530/3530/3530 3512/3512/3512 3597/3597/3597
f 3491/3491/3491 3519/3519/3519 3512/3512/3512
f 3396/3396/3396 3513/3513/3513 3348/3348/3348
f 394/394/394 415/415/415 482/482/482
f 482/482/482 461/461/461 394/394/394
f 3632/3632/3632 3638/3638/3638 3696/3696/3696
f 3633/3633/3633 3586/3586/3586 3547/3547/3547
f 3377/3377/3377 3482/3482/3482 3418/3418/3418
f 3472/3472/3472 3418/3418/3418 3482/3482/3482
f 3431/3431/3431 3483/3483/3483 3378/3378/3378
f 3521/3521/3521 3472/3472/3472 3482/3482/3482
f 3482/3482/3482 3576/3576/3576 3521/3521/3521
f 3579/3579/3579 3577/3577/3577 3484/3484/3484
f 3616/3616/3616 3773/3773/3773 3657/3657/3657
f 3570/3570/3570 3616/3616/3616 3657/3657/3657
f 3773/3773/3773 3616/3616/3616 3674/3674/3674
f 3623/3623/3623 3674/3674/3674 3616/3616/3616
f 3616/3616/3616 3570/3570/3570 3576/3576/3576
f 3576/3576/3576 3623/3623/3623 3616/3616/3616
f 451/451/451 399/399/399 365/365/365
f 322/322/322 365/365/365 399/399/399
f 451/451/451 365/365/365 325/325/325
f 2792/2792/2792 2889/2889/2889 2977/2977/2977
f 3099/3099/3099 2977/2977/2977 2889/2889/2889
f 453/453/453 514/514/514 578/578/578
f 614/614/614 578/578/578 514/514/514
f 578/578/578 614/614/614 784/784/784
f 784/784/784 648/648/648 578/578/578
f 784/784/784 754/754/754 648/648/648
f 706/706/706 784/784/784 614/614/614
f 326/326/326 382/382/382 454/454/454
f 382/382/382 326/326/326 280/280/280
f 382/382/382 280/280/280 254/254/254
f 254/254/254 331/331/331 382/382/382
f 466/466/466 382/382/382 331/331/331
f 331/331/331 410/410/410 466/466/466
f 805/805/805 739/739/739 946/946/946
f 951/951/951 946/946/946 739/739/739
f 739/739/739 753/753/753 951/951/951
f 2903/2903/2903 3087/3087/3087 2963/2963/2963
f 3087/3087/3087 2903/2903/2903 3108/3108/3108
f 3058/3058/3058 3108/3108/3108 2903/2903/2903
f 2903/2903/2903 2882/2882/2882 3058/3058/3058
f 707/707/707 675/675/675 836/836/836
f 799/799/799 836/836/836 675/675/675
f 2964/2964/2964 3071/3071/3071 2900/2900/2900
f 3013/3013/3013 2900/2900/2900 3071/3071/3071
f 2900/2900/2900 3013/3013/3013 2925/2925/2925
f 2922/2922/2922 2937/2937/2937 2831/2831/2831
f 2835/2835/2835 2831/2831/2831 2937/2937/2937
f 2802/2802/2802 2646/2646/2646 2998/2998/2998
f 2646/2646/2646 2802/2802/2802 2740/2740/2740
f 2794/2794/2794 2978/2978/2978 2958/2958/2958
f 2958/2958/2958 2978/2978/2978 3032/3032/3032
f 3116/3116/3116 2958/2958/2958 3032/3032/3032
f 2958/2958/2958 3116/3116/3116 3148/3148/3148
f 3213/3213/3213 3148/3148/3148 3116/3116/3116
f 3313/3313/3313 3148/3148/3148 3213/3213/3213
f 3148/3148/3148 3313/3313/3313 3264/3264/3264
f 3262/3262/3262 3148/3148/3148 3264/3264/3264
f 3302/3302/3302 3313/3313/3313 3213/3213/3213
f 3148/3148/3148 3262/3262/3262 3147/3147/3147
f 3148/3148/3148 3147/3147/3147 3081/3081/3081
f 3432/3432/3432 3264/3264/3264 3313/3313/3313
f 3432/3432/3432 3313/3313/3313 3302/3302/3302
f 3148/3148/3148 3005/3005/3005 2958/2958/2958
f 3081/3081/3081 3005/3005/3005 3148/3148/3148
f 3302/3302/3302 3372/3372/3372 3432/3432/3432
f 3468/3468/3468 3432/3432/3432 3372/3372/3372
f 3580/3580/3580 3432/3432/3432 3468/3468/3468
f 3485/3485/3485 3432/3432/3432 3580/3580/3580
f 3468/3468/3468 3617/3617/3617 3580/3580/3580
f 3617/3617/3617 3468/3468/3468 3497/3497/3497
f 3627/3627/3627 3580/3580/3580 3617/3617/3617
f 3617/3617/3617 3697/3697/3697 3627/3627/3627
f 3497/3497/3497 3609/3609/3609 3617/3617/3617
f 3697/3697/3697 3617/3617/3617 3609/3609/3609
f 3372/3372/3372 3462/3462/3462 3468/3468/3468
f 3497/3497/3497 3468/3468/3468 3462/3462/3462
f 3697/3697/3697 3609/3609/3609 3587/3587/3587
f 3587/3587/3587 3634/3634/3634 3697/3697/3697
f 672/672/672 801/801/801 644/644/644
f 644/644/644 546/546/546 672/672/672
f 557/557/557 672/672/672 546/546/546
f 557/557/557 546/546/546 468/468/468
f 644/644/644 801/801/801 703/703/703
f 877/877/877 703/703/703 801/801/801
f 801/801/801 884/884/884 877/877/877
f 877/877/877 884/884/884 986/986/986
f 871/871/871 877/877/877 986/986/986
f 865/865/865 871/871/871 986/986/986
f 857/857/857 865/865/865 986/986/986
f 848/848/848 857/857/857 986/986/986
f 841/841/841 848/848/848 986/986/986
f 829/829/829 841/841/841 986/986/986
f 824/824/824 829/829/829 986/986/986
f 3333/3333/3333 3259/3259/3259 3312/3312/3312
f 3312/3312/3312 3339/3339/3339 3333/3333/3333
f 3339/3339/3339 3394/3394/3394 3333/3333/3333
f 3407/3407/3407 3333/3333/3333 3394/3394/3394
f 3408/3408/3408 3492/3492/3492 3397/3397/3397
f 3515/3515/3515 3397/3397/3397 3492/3492/3492
f 3548/3548/3548 3639/3639/3639 3635/3635/3635
f 3639/3639/3639 3548/3548/3548 3535/3535/3535
f 3535/3535/3535 3613/3613/3613 3639/3639/3639
f 2617/2617/2617 2522/2522/2522 2539/2539/2539
f 2539/2539/2539 2625/2625/2625 2617/2617/2617
f 2618/2618/2618 2628/2628/2628 2820/2820/2820
f 2820/2820/2820 2914/2914/2914 2618/2618/2618
f 2912/2912/2912 2814/2814/2814 2616/2616/2616
f 2816/2816/2816 2821/2821/2821 2626/2626/2626
f 2810/2810/2810 2816/2816/2816 2626/2626/2626
f 2799/2799/2799 2810/2810/2810 2626/2626/2626
f 2814/2814/2814 2808/2808/2808 2616/2616/2616
f 2808/2808/2808 2797/2797/2797 2616/2616/2616
f 2797/2797/2797 2786/2786/2786 2616/2616/2616
f 2786/2786/2786 2780/2780/2780 2616/2616/2616
f 2780/2780/2780 2773/2773/2773 2616/2616/2616
f 2788/2788/2788 2799/2799/2799 2626/2626/2626
f 2773/2773/2773 2767/2767/2767 2616/2616/2616
f 2767/2767/2767 2758/2758/2758 2616/2616/2616
f 2758/2758/2758 2752/2752/2752 2616/2616/2616
f 2752/2752/2752 2744/2744/2744 2616/2616/2616
f 2782/2782/2782 2788/2788/2788 2626/2626/2626
f 2775/2775/2775 2782/2782/2782 2626/2626/2626
f 2769/2769/2769 2775/2775/2775 2626/2626/2626
f 2760/2760/2760 2769/2769/2769 2626/2626/2626
f 2793/2793/2793 2769/2769/2769 2760/2760/2760
f 668/668/668 846/846/846 748/748/748
f 748/748/748 798/798/798 668/668/668
f 3598/3598/3598 3549/3549/3549 3520/3520/3520
f 3493/3493/3493 3520/3520/3520 3549/3549/3549
f 3549/3549/3549 3598/3598/3598 3658/3658/3658
f 3658/3658/3658 3588/3588/3588 3549/3549/3549
f 3668/3668/3668 3658/3658/3658 3598/3598/3598
f 3520/3520/3520 3544/3544/3544 3598/3598/3598
f 3668/3668/3668 3598/3598/3598 3544/3544/3544
f 3549/3549/3549 3517/3517/3517 3493/3493/3493
f 3517/3517/3517 3549/3549/3549 3588/3588/3588
f 3520/3520/3520 3493/3493/3493 3454/3454/3454
f 3588/3588/3588 3537/3537/3537 3517/3517/3517
f 3375/3375/3375 3517/3517/3517 3537/3537/3537
f 3426/3426/3426 3375/3375/3375 3537/3537/3537
f 3363/3363/3363 3375/3375/3375 3426/3426/3426
f 3375/3375/3375 3363/3363/3363 3334/3334/3334
f 3287/3287/3287 3334/3334/3334 3363/3363/3363
f 3334/3334/3334 3287/3287/3287 3250/3250/3250
f 3207/3207/3207 3250/3250/3250 3287/3287/3287
f 3287/3287/3287 3232/3232/3232 3207/3207/3207
f 3164/3164/3164 3207/3207/3207 3232/3232/3232
f 3232/3232/3232 3190/3190/3190 3164/3164/3164
f 3125/3125/3125 3164/3164/3164 3190/3190/3190
f 3164/3164/3164 3125/3125/3125 3101/3101/3101
f 3034/3034/3034 3101/3101/3101 3125/3125/3125
f 3101/3101/3101 3034/3034/3034 3017/3017/3017
f 3017/3017/3017 3056/3056/3056 3101/3101/3101
f 3056/3056/3056 3017/3017/3017 2890/2890/2890
f 2890/2890/2890 3025/3025/3025 3056/3056/3056
f 3068/3068/3068 3125/3125/3125 3190/3190/3190
f 3125/3125/3125 3068/3068/3068 3034/3034/3034
f 3025/3025/3025 2890/2890/2890 2876/2876/2876
f 2876/2876/2876 2892/2892/2892 3025/3025/3025
f 2972/2972/2972 3025/3025/3025 2892/2892/2892
f 3059/3059/3059 3025/3025/3025 2972/2972/2972
f 2972/2972/2972 3020/3020/3020 3059/3059/3059
f 3250/3250/3250 3207/3207/3207 3175/3175/3175
f 3175/3175/3175 3219/3219/3219 3250/3250/3250
f 2892/2892/2892 2930/2930/2930 2972/2972/2972
f 3020/3020/3020 2972/2972/2972 2930/2930/2930
f 3207/3207/3207 3164/3164/3164 3137/3137/3137
f 3101/3101/3101 3137/3137/3137 3164/3164/3164
f 3137/3137/3137 3101/3101/3101 3056/3056/3056
f 3137/3137/3137 3175/3175/3175 3207/3207/3207
f 3305/3305/3305 3363/3363/3363 3426/3426/3426
f 3363/3363/3363 3305/3305/3305 3287/3287/3287
f 3232/3232/3232 3287/3287/3287 3305/3305/3305
f 3190/3190/3190 3232/3232/3232 3305/3305/3305
f 3375/3375/3375 3334/3334/3334 3292/3292/3292
f 3250/3250/3250 3292/3292/3292 3334/3334/3334
f 3292/3292/3292 3250/3250/3250 3219/3219/3219
f 3544/3544/3544 3592/3592/3592 3668/3668/3668
f 3662/3662/3662 3668/3668/3668 3592/3592/3592
f 3662/3662/3662 3592/3592/3592 3532/3532/3532
f 3735/3735/3735 3668/3668/3668 3662/3662/3662
f 3532/3532/3532 3566/3566/3566 3662/3662/3662
f 3566/3566/3566 3532/3532/3532 3494/3494/3494
f 3464/3464/3464 3494/3494/3494 3532/3532/3532
f 3494/3494/3494 3509/3509/3509 3566/3566/3566
f 3509/3509/3509 3494/3494/3494 3344/3344/3344
f 3344/3344/3344 3390/3390/3390 3509/3509/3509
f 3344/3344/3344 3300/3300/3300 3390/3390/3390
f 3390/3390/3390 3300/3300/3300 3220/3220/3220
f 3220/3220/3220 3300/3300/3300 3140/3140/3140
f 3198/3198/3198 3300/3300/3300 3344/3344/3344
f 3344/3344/3344 3255/3255/3255 3198/3198/3198
f 3169/3169/3169 3198/3198/3198 3255/3255/3255
f 3198/3198/3198 3169/3169/3169 2995/2995/2995
f 3169/3169/3169 3156/3156/3156 2995/2995/2995
f 3255/3255/3255 3227/3227/3227 3169/3169/3169
f 3156/3156/3156 3169/3169/3169 3227/3227/3227
f 3072/3072/3072 2995/2995/2995 3156/3156/3156
f 2965/2965/2965 2995/2995/2995 3072/3072/3072
f 2995/2995/2995 2965/2965/2965 2901/2901/2901
f 2901/2901/2901 2920/2920/2920 2995/2995/2995
f 2965/2965/2965 2943/2943/2943 2901/2901/2901
f 2678/2678/2678 2920/2920/2920 2901/2901/2901
f 3028/3028/3028 2995/2995/2995 2920/2920/2920
f 2920/2920/2920 2927/2927/2927 3028/3028/3028
f 2927/2927/2927 2920/2920/2920 2825/2825/2825
f 2825/2825/2825 2667/2667/2667 2927/2927/2927
f 2825/2825/2825 2920/2920/2920 2672/2672/2672
f 2672/2672/2672 2667/2667/2667 2825/2825/2825
f 2839/2839/2839 2927/2927/2927 2667/2667/2667
f 2667/2667/2667 2657/2657/2657 2839/2839/2839
f 2657/2657/2657 2653/2653/2653 2839/2839/2839
f 2955/2955/2955 2839/2839/2839 2653/2653/2653
f 1021/1021/1021 2653/2653/2653 2657/2657/2657
f 2653/2653/2653 1021/1021/1021 1015/1015/1015
f 2839/2839/2839 2955/2955/2955 3073/3073/3073
f 1021/1021/1021 2657/2657/2657 2661/2661/2661
f 2661/2661/2661 1025/1025/1025 1021/1021/1021
f 1018/1018/1018 1024/1024/1024 717/717/717
f 810/810/810 717/717/717 1024/1024/1024
f 851/851/851 717/717/717 810/810/810
f 717/717/717 851/851/851 655/655/655
f 3036/3036/3036 3028/3028/3028 2927/2927/2927
f 2927/2927/2927 2839/2839/2839 3036/3036/3036
f 655/655/655 589/589/589 717/717/717
f 589/589/589 655/655/655 624/624/624
f 589/589/589 624/624/624 553/553/553
f 566/566/566 553/553/553 624/624/624
f 516/516/516 566/566/566 624/624/624
f 624/624/624 636/636/636 516/516/516
f 516/516/516 636/636/636 579/579/579
f 516/516/516 579/579/579 547/547/547
f 615/615/615 579/579/579 636/636/636
f 615/615/615 547/547/547 579/579/579
f 3073/3073/3073 3063/3063/3063 2839/2839/2839
f 553/553/553 536/536/536 589/589/589
f 2842/2842/2842 2901/2901/2901 2943/2943/2943
f 2943/2943/2943 2904/2904/2904 2842/2842/2842
f 2901/2901/2901 2842/2842/2842 2762/2762/2762
f 2653/2653/2653 2650/2650/2650 2955/2955/2955
f 1015/1015/1015 2650/2650/2650 2653/2653/2653
f 2844/2844/2844 2955/2955/2955 2650/2650/2650
f 2650/2650/2650 2649/2649/2649 2844/2844/2844
f 2968/2968/2968 2955/2955/2955 2844/2844/2844
f 2844/2844/2844 2649/2649/2649 2968/2968/2968
f 2650/2650/2650 1015/1015/1015 1013/1013/1013
f 1013/1013/1013 2649/2649/2649 2650/2650/2650
f 2649/2649/2649 1013/1013/1013 1007/1007/1007
f 2649/2649/2649 1007/1007/1007 1003/1003/1003
f 1002/1002/1002 1004/1004/1004 780/780/780
f 780/780/780 1004/1004/1004 690/690/690
f 690/690/690 604/604/604 780/780/780
f 604/604/604 665/665/665 780/780/780
f 665/665/665 604/604/604 522/522/522
f 560/560/560 522/522/522 604/604/604
f 522/522/522 595/595/595 665/665/665
f 595/595/595 522/522/522 374/374/374
f 522/522/522 560/560/560 463/463/463
f 463/463/463 374/374/374 522/522/522
f 503/503/503 595/595/595 374/374/374
f 595/595/595 581/581/581 665/665/665
f 595/595/595 503/503/503 581/581/581
f 776/776/776 780/780/780 665/665/665
f 769/769/769 776/776/776 665/665/665
f 619/619/619 604/604/604 690/690/690
f 604/604/604 619/619/619 560/560/560
f 1003/1003/1003 2640/2640/2640 2649/2649/2649
f 998/998/998 1002/1002/1002 780/780/780
f 780/780/780 776/776/776 998/998/998
f 776/776/776 769/769/769 998/998/998
f 2640/2640/2640 1003/1003/1003 999/999/999
f 682/682/682 655/655/655 851/851/851
f 655/655/655 682/682/682 624/624/624
f 636/636/636 624/624/624 682/682/682
f 712/712/712 717/717/717 589/589/589
f 589/589/589 632/632/632 712/712/712
f 2830/2830/2830 2842/2842/2842 2904/2904/2904
f 2904/2904/2904 2883/2883/2883 2830/2830/2830
f 2803/2803/2803 2830/2830/2830 2883/2883/2883
f 2904/2904/2904 2943/2943/2943 3000/3000/3000
f 2755/2755/2755 2762/2762/2762 2842/2842/2842
f 2762/2762/2762 2755/2755/2755 2686/2686/2686
f 2689/2689/2689 2686/2686/2686 2755/2755/2755
f 1055/1055/1055 2686/2686/2686 2689/2689/2689
f 2689/2689/2689 1059/1059/1059 1055/1055/1055
f 1054/1054/1054 1058/1058/1058 887/887/887
f 860/860/860 887/887/887 1058/1058/1058
f 887/887/887 860/860/860 837/837/837
f 1058/1058/1058 1063/1063/1063 860/860/860
f 896/896/896 860/860/860 1063/1063/1063
f 1063/1063/1063 1067/1067/1067 896/896/896
f 2686/2686/2686 1055/1055/1055 1050/1050/1050
f 837/837/837 860/860/860 806/806/806
f 887/887/887 802/802/802 1054/1054/1054
f 837/837/837 802/802/802 887/887/887
f 1048/1048/1048 1054/1054/1054 802/802/802
f 802/802/802 837/837/837 806/806/806
f 2682/2682/2682 2678/2678/2678 2901/2901/2901
f 2901/2901/2901 2762/2762/2762 2682/2682/2682
f 2686/2686/2686 2682/2682/2682 2762/2762/2762
f 1050/1050/1050 2682/2682/2682 2686/2686/2686
f 2965/2965/2965 3023/3023/3023 2943/2943/2943
f 3023/3023/3023 3000/3000/3000 2943/2943/2943
f 3140/3140/3140 3159/3159/3159 3220/3220/3220
f 3220/3220/3220 3236/3236/3236 3390/3390/3390
f 3329/3329/3329 3390/3390/3390 3236/3236/3236
f 3390/3390/3390 3329/3329/3329 3465/3465/3465
f 3412/3412/3412 3465/3465/3465 3329/3329/3329
f 3465/3465/3465 3412/3412/3412 3478/3478/3478
f 3501/3501/3501 3478/3478/3478 3412/3412/3412
f 3478/3478/3478 3501/3501/3501 3553/3553/3553
f 3553/3553/3553 3601/3601/3601 3478/3478/3478
f 3526/3526/3526 3509/3509/3509 3390/3390/3390
f 3390/3390/3390 3465/3465/3465 3526/3526/3526
f 3478/3478/3478 3526/3526/3526 3465/3465/3465
f 3526/3526/3526 3478/3478/3478 3601/3601/3601
f 3329/3329/3329 3342/3342/3342 3412/3412/3412
f 3412/3412/3412 3342/3342/3342 3501/3501/3501
f 2842/2842/2842 2830/2830/2830 2749/2749/2749
f 2803/2803/2803 2749/2749/2749 2830/2830/2830
f 2749/2749/2749 2755/2755/2755 2842/2842/2842
f 2755/2755/2755 2749/2749/2749 2689/2689/2689
f 3646/3646/3646 3662/3662/3662 3566/3566/3566
f 3662/3662/3662 3691/3691/3691 3735/3735/3735
f 3662/3662/3662 3646/3646/3646 3691/3691/3691
f 717/717/717 793/793/793 1018/1018/1018
f 793/793/793 717/717/717 712/712/712
f 3592/3592/3592 3544/3544/3544 3516/3516/3516
f 3516/3516/3516 3532/3532/3532 3592/3592/3592
f 3532/3532/3532 3516/3516/3516 3464/3464/3464
f 999/999/999 2637/2637/2637 2640/2640/2640
f 2640/2640/2640 2637/2637/2637 2853/2853/2853
f 2866/2866/2866 2853/2853/2853 2637/2637/2637
f 999/999/999 2636/2636/2636 2637/2637/2637
f 2637/2637/2637 2636/2636/2636 2866/2866/2866
f 2853/2853/2853 2866/2866/2866 2986/2986/2986
f 2915/2915/2915 2986/2986/2986 2866/2866/2866
f 2986/2986/2986 2915/2915/2915 3109/3109/3109
f 3082/3082/3082 3109/3109/3109 2915/2915/2915
f 3082/3082/3082 2915/2915/2915 2818/2818/2818
f 2818/2818/2818 2915/2915/2915 2632/2632/2632
f 2818/2818/2818 3002/3002/3002 3082/3082/3082
f 2988/2988/2988 3002/3002/3002 2818/2818/2818
f 2612/2612/2612 2988/2988/2988 2818/2818/2818
f 2859/2859/2859 2988/2988/2988 2612/2612/2612
f 2980/2980/2980 2988/2988/2988 2859/2859/2859
f 2859/2859/2859 2848/2848/2848 2980/2980/2980
f 2612/2612/2612 2607/2607/2607 2859/2859/2859
f 2848/2848/2848 2859/2859/2859 2607/2607/2607
f 2632/2632/2632 2622/2622/2622 2818/2818/2818
f 2818/2818/2818 2621/2621/2621 2612/2612/2612
f 2536/2536/2536 2619/2619/2619 2629/2629/2629
f 2536/2536/2536 2549/2549/2549 2619/2619/2619
f 2629/2629/2629 2519/2519/2519 2536/2536/2536
f 2519/2519/2519 2629/2629/2629 2553/2553/2553
f 2553/2553/2553 2541/2541/2541 2519/2519/2519
f 2545/2545/2545 2553/2553/2553 2629/2629/2629
f 2629/2629/2629 2528/2528/2528 2545/2545/2545
f 2511/2511/2511 2528/2528/2528 2629/2629/2629
f 2519/2519/2519 2541/2541/2541 2524/2524/2524
f 2524/2524/2524 2507/2507/2507 2519/2519/2519
f 2519/2519/2519 2507/2507/2507 2491/2491/2491
f 2519/2519/2519 2491/2491/2491 2475/2475/2475
f 2475/2475/2475 2459/2459/2459 2519/2519/2519
f 2519/2519/2519 2459/2459/2459 2443/2443/2443
f 2443/2443/2443 2355/2355/2355 2519/2519/2519
f 2519/2519/2519 2355/2355/2355 2323/2323/2323
f 2323/2323/2323 2275/2275/2275 2519/2519/2519
f 2629/2629/2629 2495/2495/2495 2511/2511/2511
f 2479/2479/2479 2495/2495/2495 2629/2629/2629
f 2463/2463/2463 2479/2479/2479 2629/2629/2629
f 2629/2629/2629 2447/2447/2447 2463/2463/2463
f 2359/2359/2359 2447/2447/2447 2629/2629/2629
f 2629/2629/2629 2327/2327/2327 2359/2359/2359
f 2279/2279/2279 2327/2327/2327 2629/2629/2629
f 2629/2629/2629 2247/2247/2247 2279/2279/2279
f 2629/2629/2629 2199/2199/2199 2247/2247/2247
f 2159/2159/2159 2199/2199/2199 2629/2629/2629
f 2127/2127/2127 2159/2159/2159 2629/2629/2629
f 2629/2629/2629 2095/2095/2095 2127/2127/2127
f 2047/2047/2047 2095/2095/2095 2629/2629/2629
f 2629/2629/2629 2015/2015/2015 2047/2047/2047
f 1983/1983/1983 2015/2015/2015 2629/2629/2629
f 1951/1951/1951 1983/1983/1983 2629/2629/2629
f 2629/2629/2629 1919/1919/1919 1951/1951/1951
f 2629/2629/2629 1887/1887/1887 1919/1919/1919
f 1855/1855/1855 1887/1887/1887 2629/2629/2629
f 1806/1806/1806 1855/1855/1855 2629/2629/2629
f 2629/2629/2629 989/989/989 1806/1806/1806
f 989/989/989 1774/1774/1774 1806/1806/1806
f 1742/1742/1742 1774/1774/1774 989/989/989
f 1710/1710/1710 1742/1742/1742 989/989/989
f 989/989/989 1678/1678/1678 1710/1710/1710
f 989/989/989 1646/1646/1646 1678/1678/1678
f 1614/1614/1614 1646/1646/1646 989/989/989
f 1566/1566/1566 1614/1614/1614 989/989/989
f 989/989/989 1534/1534/1534 1566/1566/1566
f 1502/1502/1502 1534/1534/1534 989/989/989
f 989/989/989 1461/1461/1461 1502/1502/1502
f 989/989/989 1412/1412/1412 1461/1461/1461
f 1380/1380/1380 1412/1412/1412 989/989/989
f 989/989/989 1332/1332/1332 1380/1380/1380
f 989/989/989 1300/1300/1300 1332/1332/1332
f 1212/1212/1212 1300/1300/1300 989/989/989
f 989/989/989 1196/1196/1196 1212/1212/1212
f 1180/1180/1180 1196/1196/1196 989/989/989
f 1164/1164/1164 1180/1180/1180 989/989/989
f 989/989/989 1146/1146/1146 1164/1164/1164
f 989/989/989 1130/1130/1130 1146/1146/1146
f 1114/1114/1114 1130/1130/1130 989/989/989
f 989/989/989 1096/1096/1096 1114/1114/1114
f 2619/2619/2619 2549/2549/2549 2532/2532/2532
f 2532/2532/2532 2515/2515/2515 2619/2619/2619
f 2515/2515/2515 2499/2499/2499 2619/2619/2619
f 2619/2619/2619 2499/2499/2499 2483/2483/2483
f 2619/2619/2619 2483/2483/2483 2467/2467/2467
f 2467/2467/2467 2451/2451/2451 2619/2619/2619
f 2619/2619/2619 2451/2451/2451 2435/2435/2435
f 2435/2435/2435 2347/2347/2347 2619/2619/2619
f 2619/2619/2619 2347/2347/2347 2315/2315/2315
f 2315/2315/2315 2267/2267/2267 2619/2619/2619
f 2619/2619/2619 2267/2267/2267 2235/2235/2235
f 2235/2235/2235 2187/2187/2187 2619/2619/2619
f 2619/2619/2619 2187/2187/2187 2147/2147/2147
f 2147/2147/2147 2115/2115/2115 2619/2619/2619
f 2619/2619/2619 2115/2115/2115 2083/2083/2083
f 2083/2083/2083 2035/2035/2035 2619/2619/2619
f 2619/2619/2619 2035/2035/2035 2003/2003/2003
f 2619/2619/2619 2003/2003/2003 1971/1971/1971
f 1971/1971/1971 1939/1939/1939 2619/2619/2619
f 2619/2619/2619 1939/1939/1939 1907/1907/1907
f 1907/1907/1907 1875/1875/1875 2619/2619/2619
f 2619/2619/2619 1875/1875/1875 1843/1843/1843
f 2619/2619/2619 1843/1843/1843 1794/1794/1794
f 1794/1794/1794 978/978/978 2619/2619/2619
f 1794/1794/1794 1762/1762/1762 978/978/978
f 978/978/978 1762/1762/1762 1730/1730/1730
f 1730/1730/1730 1698/1698/1698 978/978/978
f 1698/1698/1698 1666/1666/1666 978/978/978
f 1666/1666/1666 1634/1634/1634 978/978/978
f 978/978/978 1634/1634/1634 1602/1602/1602
f 1602/1602/1602 1554/1554/1554 978/978/978
f 978/978/978 1554/1554/1554 1522/1522/1522
f 978/978/978 1522/1522/1522 1489/1489/1489
f 978/978/978 1489/1489/1489 1448/1448/1448
f 1448/1448/1448 1400/1400/1400 978/978/978
f 978/978/978 1400/1400/1400 1368/1368/1368
f 978/978/978 1368/1368/1368 1320/1320/1320
f 1320/1320/1320 1288/1288/1288 978/978/978
f 1288/1288/1288 1200/1200/1200 978/978/978
f 1200/1200/1200 1184/1184/1184 978/978/978
f 978/978/978 1184/1184/1184 1168/1168/1168
f 1168/1168/1168 1150/1150/1150 978/978/978
f 1150/1150/1150 1134/1134/1134 978/978/978
f 1134/1134/1134 1118/1118/1118 978/978/978
f 978/978/978 1118/1118/1118 1100/1100/1100
f 1100/1100/1100 1092/1092/1092 978/978/978
f 978/978/978 1092/1092/1092 1104/1104/1104
f 1104/1104/1104 1192/1192/1192 978/978/978
f 978/978/978 1192/1192/1192 1176/1176/1176
f 1176/1176/1176 1160/1160/1160 978/978/978
f 1160/1160/1160 1142/1142/1142 978/978/978
f 1142/1142/1142 1126/1126/1126 978/978/978
f 1104/1104/1104 1208/1208/1208 1192/1192/1192
f 1104/1104/1104 1296/1296/1296 1208/1208/1208
f 1296/1296/1296 1104/1104/1104 1122/1122/1122
f 1122/1122/1122 1328/1328/1328 1296/1296/1296
f 1122/1122/1122 1376/1376/1376 1328/1328/1328
f 1376/1376/1376 1122/1122/1122 1138/1138/1138
f 1138/1138/1138 1408/1408/1408 1376/1376/1376
f 1457/1457/1457 1408/1408/1408 1138/1138/1138
f 2503/2503/2503 2519/2519/2519 2275/2275/2275
f 2275/2275/2275 2243/2243/2243 2503/2503/2503
f 2487/2487/2487 2503/2503/2503 2243/2243/2243
f 2471/2471/2471 2487/2487/2487 2243/2243/2243
f 2455/2455/2455 2471/2471/2471 2243/2243/2243
f 2243/2243/2243 2439/2439/2439 2455/2455/2455
f 2351/2351/2351 2439/2439/2439 2243/2243/2243
f 2243/2243/2243 2319/2319/2319 2351/2351/2351
f 2271/2271/2271 2319/2319/2319 2243/2243/2243
f 2243/2243/2243 2239/2239/2239 2271/2271/2271
f 2191/2191/2191 2239/2239/2239 2243/2243/2243
f 2243/2243/2243 2151/2151/2151 2191/2191/2191
f 2119/2119/2119 2151/2151/2151 2243/2243/2243
f 2243/2243/2243 2087/2087/2087 2119/2119/2119
f 2087/2087/2087 2243/2243/2243 2195/2195/2195
f 2039/2039/2039 2087/2087/2087 2195/2195/2195
f 2039/2039/2039 2195/2195/2195 2155/2155/2155
f 2155/2155/2155 2007/2007/2007 2039/2039/2039
f 2007/2007/2007 2155/2155/2155 2123/2123/2123
f 2007/2007/2007 2123/2123/2123 2091/2091/2091
f 2091/2091/2091 2043/2043/2043 2007/2007/2007
f 2007/2007/2007 2043/2043/2043 2011/2011/2011
f 2007/2007/2007 2011/2011/2011 1979/1979/1979
f 1975/1975/1975 2007/2007/2007 1979/1979/1979
f 1943/1943/1943 1975/1975/1975 1979/1979/1979
f 1943/1943/1943 1979/1979/1979 1947/1947/1947
f 1947/1947/1947 1911/1911/1911 1943/1943/1943
f 1911/1911/1911 1947/1947/1947 1915/1915/1915
f 1911/1911/1911 1915/1915/1915 1883/1883/1883
f 1879/1879/1879 1911/1911/1911 1883/1883/1883
f 1879/1879/1879 1883/1883/1883 1851/1851/1851
f 1851/1851/1851 1847/1847/1847 1879/1879/1879
f 1847/1847/1847 1851/1851/1851 1802/1802/1802
f 1802/1802/1802 1798/1798/1798 1847/1847/1847
f 1798/1798/1798 1802/1802/1802 1770/1770/1770
f 1770/1770/1770 1766/1766/1766 1798/1798/1798
f 1770/1770/1770 1738/1738/1738 1766/1766/1766
f 1734/1734/1734 1766/1766/1766 1738/1738/1738
f 1738/1738/1738 1706/1706/1706 1734/1734/1734
f 1706/1706/1706 1702/1702/1702 1734/1734/1734
f 1702/1702/1702 1706/1706/1706 1674/1674/1674
f 1674/1674/1674 1642/1642/1642 1702/1702/1702
f 1670/1670/1670 1702/1702/1702 1642/1642/1642
f 1642/1642/1642 1610/1610/1610 1670/1670/1670
f 1638/1638/1638 1670/1670/1670 1610/1610/1610
f 1610/1610/1610 1606/1606/1606 1638/1638/1638
f 1606/1606/1606 1610/1610/1610 1562/1562/1562
f 1606/1606/1606 1562/1562/1562 1530/1530/1530
f 1530/1530/1530 1498/1498/1498 1606/1606/1606
f 1558/1558/1558 1606/1606/1606 1498/1498/1498
f 1498/1498/1498 1526/1526/1526 1558/1558/1558
f 1493/1493/1493 1526/1526/1526 1498/1498/1498
f 1452/1452/1452 1493/1493/1493 1498/1498/1498
f 1498/1498/1498 1404/1404/1404 1452/1452/1452
f 1372/1372/1372 1404/1404/1404 1498/1498/1498
f 1498/1498/1498 1324/1324/1324 1372/1372/1372
f 1292/1292/1292 1324/1324/1324 1498/1498/1498
f 1204/1204/1204 1292/1292/1292 1498/1498/1498
f 1498/1498/1498 1188/1188/1188 1204/1204/1204
f 1172/1172/1172 1188/1188/1188 1498/1498/1498
f 1457/1457/1457 1138/1138/1138 1155/1155/1155
f 1498/1498/1498 1156/1156/1156 1172/1172/1172
f 1108/1108/1108 1096/1096/1096 989/989/989
f 978/978/978 1126/1126/1126 1109/1109/1109
f 3190/3190/3190 3091/3091/3091 3068/3068/3068
f 3091/3091/3091 3190/3190/3190 3162/3162/3162
f 3162/3162/3162 3117/3117/3117 3091/3091/3091
f 2930/2930/2930 2952/2952/2952 3020/3020/3020
f 2883/2883/2883 2904/2904/2904 2951/2951/2951
f 3000/3000/3000 2951/2951/2951 2904/2904/2904
f 3451/3451/3451 3493/3493/3493 3517/3517/3517
f 3493/3493/3493 3451/3451/3451 3454/3454/3454
f 3517/3517/3517 3375/3375/3375 3451/3451/3451
f 2749/2749/2749 2803/2803/2803 2693/2693/2693
f 2693/2693/2693 2689/2689/2689 2749/2749/2749
f 2697/2697/2697 2693/2693/2693 2803/2803/2803
f 2636/2636/2636 2633/2633/2633 2866/2866/2866
f 2915/2915/2915 2866/2866/2866 2633/2633/2633
f 2633/2633/2633 2631/2631/2631 2915/2915/2915
f 992/992/992 2630/2630/2630 2633/2633/2633
f 2930/2930/2930 2892/2892/2892 2862/2862/2862
f 2883/2883/2883 2863/2863/2863 2803/2803/2803
f 2920/2920/2920 2678/2678/2678 2673/2673/2673
f 2673/2673/2673 2672/2672/2672 2920/2920/2920
f 1038/1038/1038 2673/2673/2673 2678/2678/2678
f 2649/2649/2649 2850/2850/2850 2968/2968/2968
f 2649/2649/2649 2640/2640/2640 2850/2850/2850
f 2853/2853/2853 2850/2850/2850 2640/2640/2640
f 635/635/635 615/615/615 636/636/636
f 639/639/639 615/615/615 635/635/635
f 615/615/615 639/639/639 629/629/629
f 635/635/635 676/676/676 639/639/639
f 636/636/636 686/686/686 635/635/635
f 676/676/676 635/635/635 686/686/686
f 806/806/806 742/742/742 802/802/802
f 806/806/806 708/708/708 742/742/742
f 1036/1036/1036 2672/2672/2672 2673/2673/2673
f 2673/2673/2673 1038/1038/1038 1036/1036/1036
f 3342/3342/3342 3419/3419/3419 3501/3501/3501
f 3219/3219/3219 3251/3251/3251 3292/3292/3292
f 3214/3214/3214 3305/3305/3305 3426/3426/3426
f 3305/3305/3305 3214/3214/3214 3190/3190/3190
f 3214/3214/3214 3162/3162/3162 3190/3190/3190
f 3292/3292/3292 3335/3335/3335 3375/3375/3375
f 3335/3335/3335 3292/3292/3292 3251/3251/3251
f 650/650/650 636/636/636 682/682/682
f 3050/3050/3050 3036/3036/3036 2839/2839/2839
f 3063/3063/3063 3050/3050/3050 2839/2839/2839
f 3159/3159/3159 3140/3140/3140 3049/3049/3049
f 547/547/547 615/615/615 551/551/551
f 629/629/629 551/551/551 615/615/615
f 551/551/551 629/629/629 564/564/564
f 3204/3204/3204 3056/3056/3056 3025/3025/3025
f 3025/3025/3025 3059/3059/3059 3204/3204/3204
f 3059/3059/3059 3020/3020/3020 3204/3204/3204
f 3219/3219/3219 3175/3175/3175 3204/3204/3204
f 3056/3056/3056 3204/3204/3204 3137/3137/3137
f 3175/3175/3175 3137/3137/3137 3204/3204/3204
f 3251/3251/3251 3219/3219/3219 3204/3204/3204
f 3227/3227/3227 3215/3215/3215 3156/3156/3156
f 3156/3156/3156 3215/3215/3215 3072/3072/3072
f 2965/2965/2965 3072/3072/3072 3215/3215/3215
f 3731/3731/3731 3691/3691/3691 3646/3646/3646
f 3758/3758/3758 3735/3735/3735 3691/3691/3691
f 3691/3691/3691 3731/3731/3731 3758/3758/3758
f 3646/3646/3646 3665/3665/3665 3731/3731/3731
f 3738/3738/3738 3731/3731/3731 3665/3665/3665
f 851/851/851 756/756/756 682/682/682
f 757/757/757 802/802/802 742/742/742
f 682/682/682 756/756/756 650/650/650
f 971/971/971 2611/2611/2611 2620/2620/2620
f 2620/2620/2620 980/980/980 971/971/971
f 3426/3426/3426 3224/3224/3224 3214/3214/3214
f 3162/3162/3162 3214/3214/3214 3224/3224/3224
f 967/967/967 2605/2605/2605 2611/2611/2611
f 2611/2611/2611 971/971/971 967/967/967
f 3440/3440/3440 3464/3464/3464 3516/3516/3516
f 1031/1031/1031 2667/2667/2667 2672/2672/2672
f 1024/1024/1024 1029/1029/1029 810/810/810
f 2672/2672/2672 1036/1036/1036 1031/1031/1031
f 3127/3127/3127 3140/3140/3140 3300/3300/3300
f 3300/3300/3300 3198/3198/3198 3127/3127/3127
f 2995/2995/2995 3127/3127/3127 3198/3198/3198
f 3127/3127/3127 2995/2995/2995 3028/3028/3028
f 3028/3028/3028 3036/3036/3036 3127/3127/3127
f 3023/3023/3023 2965/2965/2965 3123/3123/3123
f 3000/3000/3000 3023/3023/3023 3123/3123/3123
f 3215/3215/3215 3123/3123/3123 2965/2965/2965
f 3020/3020/3020 3131/3131/3131 3204/3204/3204
f 3494/3494/3494 3464/3464/3464 3316/3316/3316
f 3316/3316/3316 3344/3344/3344 3494/3494/3494
f 3344/3344/3344 3316/3316/3316 3255/3255/3255
f 3227/3227/3227 3255/3255/3255 3316/3316/3316
f 3123/3123/3123 3215/3215/3215 3349/3349/3349
f 3544/3544/3544 3520/3520/3520 3475/3475/3475
f 3454/3454/3454 3475/3475/3475 3520/3520/3520
f 3475/3475/3475 3516/3516/3516 3544/3544/3544
f 3516/3516/3516 3475/3475/3475 3440/3440/3440
f 3224/3224/3224 3426/3426/3426 3303/3303/3303
f 3355/3355/3355 3303/3303/3303 3426/3426/3426
f 3400/3400/3400 3355/3355/3355 3426/3426/3426
f 3123/3123/3123 3043/3043/3043 3000/3000/3000
f 3131/3131/3131 3020/3020/3020 3044/3044/3044
f 619/619/619 627/627/627 560/560/560
f 627/627/627 632/632/632 589/589/589
f 3224/3224/3224 3178/3178/3178 3162/3162/3162
f 993/993/993 998/998/998 769/769/769
f 2636/2636/2636 999/999/999 995/995/995
f 995/995/995 2633/2633/2633 2636/2636/2636
f 2633/2633/2633 995/995/995 992/992/992
f 3215/3215/3215 3227/3227/3227 3383/3383/3383
f 3464/3464/3464 3440/3440/3440 3383/3383/3383
f 3383/3383/3383 3316/3316/3316 3464/3464/3464
f 3316/3316/3316 3383/3383/3383 3227/3227/3227
f 3383/3383/3383 3349/3349/3349 3215/3215/3215
f 3593/3593/3593 3566/3566/3566 3509/3509/3509
f 3509/3509/3509 3526/3526/3526 3593/3593/3593
f 3601/3601/3601 3593/3593/3593 3526/3526/3526
f 3566/3566/3566 3593/3593/3593 3646/3646/3646
f 3665/3665/3665 3646/3646/3646 3593/3593/3593
f 661/661/661 665/665/665 581/581/581
f 665/665/665 661/661/661 769/769/769
f 764/764/764 769/769/769 661/661/661
f 498/498/498 503/503/503 374/374/374
f 503/503/503 498/498/498 581/581/581
f 374/374/374 429/429/429 498/498/498
f 3335/3335/3335 3251/3251/3251 3243/3243/3243
f 3204/3204/3204 3243/3243/3243 3251/3251/3251
f 3349/3349/3349 3242/3242/3242 3123/3123/3123
f 542/542/542 581/581/581 498/498/498
f 542/542/542 498/498/498 421/421/421
f 581/581/581 542/542/542 816/816/816
f 574/574/574 542/542/542 421/421/421
f 574/574/574 816/816/816 542/542/542
f 421/421/421 420/420/420 574/574/574
f 502/502/502 574/574/574 420/420/420
f 420/420/420 428/428/428 502/502/502
f 507/507/507 502/502/502 428/428/428
f 574/574/574 502/502/502 584/584/584
f 502/502/502 507/507/507 584/584/584
f 428/428/428 447/447/447 507/507/507
f 574/574/574 813/813/813 816/816/816
f 574/574/574 584/584/584 660/660/660
f 813/813/813 574/574/574 660/660/660
f 660/660/660 762/762/762 813/813/813
f 773/773/773 762/762/762 660/660/660
f 593/593/593 584/584/584 507/507/507
f 663/663/663 660/660/660 584/584/584
f 660/660/660 663/663/663 773/773/773
f 584/584/584 593/593/593 663/663/663
f 690/690/690 696/696/696 619/619/619
f 696/696/696 712/712/712 632/632/632
f 1018/1018/1018 793/793/793 696/696/696
f 712/712/712 696/696/696 793/793/793
f 627/627/627 619/619/619 696/696/696
f 632/632/632 627/627/627 696/696/696
f 3594/3594/3594 3603/3603/3603 3667/3667/3667
f 3336/3336/3336 3441/3441/3441 3476/3476/3476
f 3441/3441/3441 3336/3336/3336 3350/3350/3350
f 3476/3476/3476 3455/3455/3455 3336/3336/3336
f 3455/3455/3455 3376/3376/3376 3336/3336/3336
f 3376/3376/3376 3455/3455/3455 3452/3452/3452
f 3245/3245/3245 3350/3350/3350 3336/3336/3336
f 3350/3350/3350 3384/3384/3384 3441/3441/3441
f 3141/3141/3141 3128/3128/3128 3037/3037/3037
f 3037/3037/3037 3052/3052/3052 3141/3141/3141
f 3051/3051/3051 3065/3065/3065 3161/3161/3161
f 3132/3132/3132 3124/3124/3124 3205/3205/3205
f 3244/3244/3244 3205/3205/3205 3124/3124/3124
f 3046/3046/3046 3124/3124/3124 3132/3132/3132
f 697/697/697 691/691/691 1020/1020/1020
f 1006/1006/1006 1020/1020/1020 691/691/691
f 591/591/591 562/562/562 628/628/628
f 562/562/562 591/591/591 520/520/520
f 1045/1045/1045 2679/2679/2679 2683/2683/2683
f 2683/2683/2683 1051/1051/1051 1045/1045/1045
f 2679/2679/2679 1045/1045/1045 1039/1039/1039
f 1044/1044/1044 1049/1049/1049 852/852/852
f 1037/1037/1037 1044/1044/1044 852/852/852
f 803/803/803 852/852/852 1049/1049/1049
f 852/852/852 803/803/803 759/759/759
f 1035/1035/1035 1037/1037/1037 852/852/852
f 852/852/852 833/833/833 1035/1035/1035
f 1030/1030/1030 1035/1035/1035 833/833/833
f 833/833/833 811/811/811 1030/1030/1030
f 2668/2668/2668 1032/1032/1032 1026/1026/1026
f 1026/1026/1026 2662/2662/2662 2668/2668/2668
f 2954/2954/2954 2931/2931/2931 2884/2884/2884
f 2865/2865/2865 2884/2884/2884 2931/2931/2931
f 687/687/687 651/651/651 758/758/758
f 743/743/743 687/687/687 758/758/758
f 687/687/687 743/743/743 709/709/709
f 700/700/700 687/687/687 709/709/709
f 687/687/687 700/700/700 678/678/678
f 709/709/709 808/808/808 700/700/700
f 1060/1060/1060 2690/2690/2690 2694/2694/2694
f 2694/2694/2694 1064/1064/1064 1060/1060/1060
f 1064/1064/1064 2694/2694/2694 2699/2699/2699
f 2699/2699/2699 1070/1070/1070 1064/1064/1064
f 2953/2953/2953 3001/3001/3001 3045/3045/3045
f 3045/3045/3045 3021/3021/3021 2953/2953/2953
f 1110/1110/1110 991/991/991 979/979/979
f 977/977/977 988/988/988 817/817/817
f 817/817/817 815/815/815 977/977/977
f 818/818/818 990/990/990 994/994/994
f 972/972/972 981/981/981 814/814/814
f 814/814/814 763/763/763 972/972/972
f 994/994/994 765/765/765 818/818/818
f 970/970/970 972/972/972 763/763/763
f 763/763/763 775/775/775 970/970/970
f 662/662/662 818/818/818 765/765/765
f 770/770/770 765/765/765 994/994/994
f 818/818/818 662/662/662 582/582/582
f 1154/1154/1154 1497/1497/1497 1456/1456/1456
f 3834/3834/3834 3816/3816/3816 3803/3803/3803
f 3803/3803/3803 3807/3807/3807 3834/3834/3834
f 3807/3807/3807 3803/3803/3803 3788/3788/3788
f 3669/3669/3669 3788/3788/3788 3803/3803/3803
f 3788/3788/3788 3669/3669/3669 3736/3736/3736
f 3815/3815/3815 3833/3833/3833 3858/3858/3858
f 3858/3858/3858 3797/3797/3797 3815/3815/3815
f 3795/3795/3795 3797/3797/3797 3858/3858/3858
f 3858/3858/3858 3791/3791/3791 3795/3795/3795
f 3858/3858/3858 3864/3864/3864 3791/3791/3791
f 3864/3864/3864 3802/3802/3802 3791/3791/3791
f 3787/3787/3787 3791/3791/3791 3802/3802/3802
f 3791/3791/3791 3787/3787/3787 3763/3763/3763
f 3802/3802/3802 3864/3864/3864 3853/3853/3853
f 3884/3884/3884 3853/3853/3853 3864/3864/3864
f 3853/3853/3853 3814/3814/3814 3802/3802/3802
f 3829/3829/3829 3814/3814/3814 3853/3853/3853
f 3763/3763/3763 3740/3740/3740 3791/3791/3791
f 3853/3853/3853 3852/3852/3852 3829/3829/3829
f 3784/3784/3784 3815/3815/3815 3797/3797/3797
f 3784/3784/3784 3797/3797/3797 3711/3711/3711
f 3711/3711/3711 3750/3750/3750 3784/3784/3784
f 3711/3711/3711 3726/3726/3726 3750/3750/3750
f 3647/3647/3647 3740/3740/3740 3763/3763/3763
f 3763/3763/3763 3693/3693/3693 3647/3647/3647
f 3611/3611/3611 3647/3647/3647 3693/3693/3693
f 3860/3860/3860 3834/3834/3834 3807/3807/3807
f 3858/3858/3858 3833/3833/3833 3859/3859/3859
f 3791/3791/3791 3740/3740/3740 3687/3687/3687
f 3858/3858/3858 3866/3866/3866 3864/3864/3864
f 3864/3864/3864 3866/3866/3866 3884/3884/3884
f 3866/3866/3866 3858/3858/3858 3859/3859/3859
f 3871/3871/3871 3853/3853/3853 3885/3885/3885
f 3853/3853/3853 3871/3871/3871 3852/3852/3852
f 3885/3885/3885 3877/3877/3877 3871/3871/3871
f 3876/3876/3876 3883/3883/3883 3888/3888/3888
f 3888/3888/3888 3881/3881/3881 3876/3876/3876
f 3879/3879/3879 3887/3887/3887 3854/3854/3854
f 3854/3854/3854 3836/3836/3836 3879/3879/3879
f 3854/3854/3854 3837/3837/3837 3836/3836/3836
f 3781/3781/3781 3836/3836/3836 3837/3837/3837
f 3837/3837/3837 3830/3830/3830 3781/3781/3781
f 3781/3781/3781 3830/3830/3830 3783/3783/3783
f 3830/3830/3830 3794/3794/3794 3783/3783/3783
f 3783/3783/3783 3766/3766/3766 3781/3781/3781
f 3794/3794/3794 3766/3766/3766 3783/3783/3783
f 3869/3869/3869 3875/3875/3875 3865/3865/3865
f 3865/3865/3865 3862/3862/3862 3869/3869/3869
f 3862/3862/3862 3865/3865/3865 3849/3849/3849
f 3821/3821/3821 3862/3862/3862 3849/3849/3849
f 3849/3849/3849 3835/3835/3835 3821/3821/3821
f 3821/3821/3821 3835/3835/3835 3765/3765/3765
f 3764/3764/3764 3821/3821/3821 3765/3765/3765
f 3821/3821/3821 3764/3764/3764 3817/3817/3817
f 3810/3810/3810 3765/3765/3765 3835/3835/3835
f 3878/3878/3878 3882/3882/3882 3868/3868/3868
f 3867/3867/3867 3880/3880/3880 3836/3836/3836
f 3868/3868/3868 3865/3865/3865 3878/3878/3878
f 3765/3765/3765 3810/3810/3810 3777/3777/3777
f 3777/3777/3777 3746/3746/3746 3765/3765/3765
f 3805/3805/3805 3836/3836/3836 3781/3781/3781
f 3776/3776/3776 3808/3808/3808 3805/3805/3805
f 3774/3774/3774 3803/3803/3803 3816/3816/3816
f 3803/3803/3803 3774/3774/3774 3669/3669/3669
f 3816/3816/3816 3785/3785/3785 3774/3774/3774
f 3752/3752/3752 3774/3774/3774 3785/3785/3785
f 3790/3790/3790 3794/3794/3794 3830/3830/3830
f 3794/3794/3794 3790/3790/3790 3706/3706/3706
f 3687/3687/3687 3698/3698/3698 3791/3791/3791
f 3819/3819/3819 3817/3817/3817 3764/3764/3764
f 3764/3764/3764 3755/3755/3755 3819/3819/3819
f 3764/3764/3764 3737/3737/3737 3755/3755/3755
f 3737/3737/3737 3730/3730/3730 3755/3755/3755
f 3734/3734/3734 3755/3755/3755 3730/3730/3730
f 3764/3764/3764 3765/3765/3765 3709/3709/3709
f 3709/3709/3709 3765/3765/3765 3746/3746/3746
f 3746/3746/3746 3719/3719/3719 3709/3709/3709
f 3709/3709/3709 3719/3719/3719 3673/3673/3673
f 3673/3673/3673 3650/3650/3650 3709/3709/3709
f 3673/3673/3673 3621/3621/3621 3650/3650/3650
f 3619/3619/3619 3672/3672/3672 3671/3671/3671
f 3671/3671/3671 3614/3614/3614 3619/3619/3619
f 3739/3739/3739 3706/3706/3706 3790/3790/3790
f 3732/3732/3732 3739/3739/3739 3790/3790/3790
f 3666/3666/3666 3706/3706/3706 3739/3739/3739
f 3706/3706/3706 3666/3666/3666 3602/3602/3602
f 3672/3672/3672 3718/3718/3718 3714/3714/3714
f 3714/3714/3714 3671/3671/3671 3672/3672/3672
f 3751/3751/3751 3728/3728/3728 3715/3715/3715
f 3826/3826/3826 3850/3850/3850 3841/3841/3841
f 3842/3842/3842 3862/3862/3862 3821/3821/3821
f 3821/3821/3821 3817/3817/3817 3842/3842/3842
f 3819/3819/3819 3842/3842/3842 3817/3817/3817
f 3807/3807/3807 3788/3788/3788 3760/3760/3760
f 3736/3736/3736 3760/3760/3760 3788/3788/3788
f 3790/3790/3790 3761/3761/3761 3732/3732/3732
f 3730/3730/3730 3690/3690/3690 3734/3734/3734
f 3690/3690/3690 3730/3730/3730 3663/3663/3663
f 3663/3663/3663 3591/3591/3591 3690/3690/3690
f 3591/3591/3591 3663/3663/3663 3599/3599/3599
f 3599/3599/3599 3561/3561/3561 3591/3591/3591
f 3641/3641/3641 3599/3599/3599 3663/3663/3663
f 3614/3614/3614 3671/3671/3671 3656/3656/3656
f 3656/3656/3656 3606/3606/3606 3614/3614/3614
f 3606/3606/3606 3656/3656/3656 3631/3631/3631
f 3631/3631/3631 3656/3656/3656 3636/3636/3636
f 3661/3661/3661 3636/3636/3636 3656/3656/3656
f 3656/3656/3656 3702/3702/3702 3661/3661/3661
f 3757/3757/3757 3661/3661/3661 3702/3702/3702
f 3661/3661/3661 3757/3757/3757 3664/3664/3664
f 3686/3686/3686 3664/3664/3664 3757/3757/3757
f 3757/3757/3757 3744/3744/3744 3686/3686/3686
f 3705/3705/3705 3686/3686/3686 3744/3744/3744
f 3686/3686/3686 3705/3705/3705 3652/3652/3652
f 3652/3652/3652 3569/3569/3569 3686/3686/3686
f 3569/3569/3569 3652/3652/3652 3625/3625/3625
f 3636/3636/3636 3595/3595/3595 3631/3631/3631
f 3664/3664/3664 3686/3686/3686 3551/3551/3551
f 3569/3569/3569 3551/3551/3551 3686/3686/3686
f 3625/3625/3625 3578/3578/3578 3569/3569/3569
f 3676/3676/3676 3652/3652/3652 3705/3705/3705
f 3705/3705/3705 3710/3710/3710 3676/3676/3676
f 3676/3676/3676 3710/3710/3710 3724/3724/3724
f 3652/3652/3652 3676/3676/3676 3677/3677/3677
f 3724/3724/3724 3677/3677/3677 3676/3676/3676
f 3631/3631/3631 3584/3584/3584 3606/3606/3606
f 3584/3584/3584 3631/3631/3631 3595/3595/3595
f 3581/3581/3581 3578/3578/3578 3625/3625/3625
f 3625/3625/3625 3628/3628/3628 3581/3581/3581
f 3502/3502/3502 3581/3581/3581 3628/3628/3628
f 3602/3602/3602 3554/3554/3554 3706/3706/3706
f 3740/3740/3740 3647/3647/3647 3604/3604/3604
f 3687/3687/3687 3740/3740/3740 3604/3604/3604
f 3636/3636/3636 3661/3661/3661 3563/3563/3563
f 3664/3664/3664 3563/3563/3563 3661/3661/3661
f 3625/3625/3625 3652/3652/3652 3653/3653/3653
f 3677/3677/3677 3653/3653/3653 3652/3652/3652
f 3653/3653/3653 3628/3628/3628 3625/3625/3625
f 3628/3628/3628 3653/3653/3653 3502/3502/3502
f 3723/3723/3723 3710/3710/3710 3705/3705/3705
f 3710/3710/3710 3723/3723/3723 3724/3724/3724
f 3578/3578/3578 3573/3573/3573 3569/3569/3569
f 3573/3573/3573 3578/3578/3578 3581/3581/3581
f 3766/3766/3766 3748/3748/3748 3781/3781/3781
f 3748/3748/3748 3766/3766/3766 3794/3794/3794
f 3748/3748/3748 3794/3794/3794 3706/3706/3706
f 3502/3502/3502 3574/3574/3574 3581/3581/3581
f 3581/3581/3581 3574/3574/3574 3573/3573/3573
f 3528/3528/3528 3574/3574/3574 3502/3502/3502
f 3574/3574/3574 3528/3528/3528 3573/3573/3573
f 3807/3807/3807 3846/3846/3846 3860/3860/3860
f 3830/3830/3830 3847/3847/3847 3790/3790/3790
f 3737/3737/3737 3764/3764/3764 3685/3685/3685
f 3730/3730/3730 3737/3737/3737 3685/3685/3685
f 3709/3709/3709 3685/3685/3685 3764/3764/3764
f 3685/3685/3685 3709/3709/3709 3650/3650/3650
f 3685/3685/3685 3663/3663/3663 3730/3730/3730
f 3663/3663/3663 3685/3685/3685 3641/3641/3641
f 3671/3671/3671 3714/3714/3714 3694/3694/3694
f 3694/3694/3694 3656/3656/3656 3671/3671/3671
f 3702/3702/3702 3656/3656/3656 3694/3694/3694
f 3502/3502/3502 3506/3506/3506 3528/3528/3528
f 3528/3528/3528 3506/3506/3506 3573/3573/3573
f 3595/3595/3595 3545/3545/3545 3584/3584/3584
f 3486/3486/3486 3506/3506/3506 3502/3502/3502
f 3506/3506/3506 3486/3486/3486 3573/3573/3573
f 3430/3430/3430 3573/3573/3573 3486/3486/3486
f 3486/3486/3486 3448/3448/3448 3430/3430/3430
f 3486/3486/3486 3502/3502/3502 3436/3436/3436
f 3448/3448/3448 3435/3435/3435 3430/3430/3430
f 3430/3430/3430 3435/3435/3435 3380/3380/3380
f 3380/3380/3380 3360/3360/3360 3430/3430/3430
f 3280/3280/3280 3430/3430/3430 3360/3360/3360
f 3360/3360/3360 3283/3283/3283 3280/3280/3280
f 3283/3283/3283 3202/3202/3202 3280/3280/3280
f 3279/3279/3279 3280/3280/3280 3202/3202/3202
f 3202/3202/3202 3188/3188/3188 3279/3279/3279
f 3268/3268/3268 3279/3279/3279 3188/3188/3188
f 3188/3188/3188 3181/3181/3181 3268/3268/3268
f 3181/3181/3181 3094/3094/3094 3268/3268/3268
f 3234/3234/3234 3268/3268/3268 3094/3094/3094
f 3268/3268/3268 3234/3234/3234 3341/3341/3341
f 3341/3341/3341 3410/3410/3410 3268/3268/3268
f 3388/3388/3388 3410/3410/3410 3341/3341/3341
f 3410/3410/3410 3388/3388/3388 3457/3457/3457
f 3410/3410/3410 3457/3457/3457 3523/3523/3523
f 3094/3094/3094 3088/3088/3088 3234/3234/3234
f 3152/3152/3152 3234/3234/3234 3088/3088/3088
f 3094/3094/3094 3181/3181/3181 2981/2981/2981
f 3307/3307/3307 3341/3341/3341 3234/3234/3234
f 3341/3341/3341 3307/3307/3307 3388/3388/3388
f 3202/3202/3202 2989/2989/2989 3188/3188/3188
f 3181/3181/3181 3188/3188/3188 2989/2989/2989
f 2989/2989/2989 2981/2981/2981 3181/3181/3181
f 3283/3283/3283 3192/3192/3192 3202/3202/3202
f 3192/3192/3192 3083/3083/3083 3202/3202/3202
f 3083/3083/3083 3192/3192/3192 3110/3110/3110
f 3104/3104/3104 3110/3110/3110 3192/3192/3192
f 3110/3110/3110 3104/3104/3104 2987/2987/2987
f 3183/3183/3183 3192/3192/3192 3283/3283/3283
f 3192/3192/3192 3183/3183/3183 3104/3104/3104
f 2987/2987/2987 3104/3104/3104 2854/2854/2854
f 2851/2851/2851 2854/2854/2854 3104/3104/3104
f 3104/3104/3104 2969/2969/2969 2851/2851/2851
f 3104/3104/3104 3096/3096/3096 2969/2969/2969
f 3096/3096/3096 3090/3090/3090 2969/2969/2969
f 3096/3096/3096 3165/3165/3165 3090/3090/3090
f 3074/3074/3074 3090/3090/3090 3165/3165/3165
f 3165/3165/3165 3160/3160/3160 3074/3074/3074
f 3165/3165/3165 3237/3237/3237 3160/3160/3160
f 3237/3237/3237 3165/3165/3165 3330/3330/3330
f 3343/3343/3343 3330/3330/3330 3165/3165/3165
f 3237/3237/3237 3221/3221/3221 3160/3160/3160
f 3064/3064/3064 3074/3074/3074 3160/3160/3160
f 2956/2956/2956 2969/2969/2969 3090/3090/3090
f 3090/3090/3090 3074/3074/3074 2956/2956/2956
f 3283/3283/3283 3275/3275/3275 3183/3183/3183
f 3096/3096/3096 3104/3104/3104 3274/3274/3274
f 3274/3274/3274 3165/3165/3165 3096/3096/3096
f 3551/3551/3551 3540/3540/3540 3664/3664/3664
f 3563/3563/3563 3664/3664/3664 3540/3540/3540
f 3523/3523/3523 3541/3541/3541 3410/3410/3410
f 3886/3886/3886 3866/3866/3866 3872/3872/3872
f 3859/3859/3859 3872/3872/3872 3866/3866/3866
f 3872/3872/3872 3890/3890/3890 3886/3886/3886
f 3855/3855/3855 3889/3889/3889 3873/3873/3873
f 3202/3202/3202 3003/3003/3003 2989/2989/2989
f 3083/3083/3083 3003/3003/3003 3202/3202/3202
f 3824/3824/3824 3849/3849/3849 3865/3865/3865
f 3835/3835/3835 3849/3849/3849 3824/3824/3824
f 3835/3835/3835 3824/3824/3824 3810/3810/3810
f 3822/3822/3822 3867/3867/3867 3836/3836/3836
f 3865/3865/3865 3868/3868/3868 3824/3824/3824
f 3422/3422/3422 3436/3436/3436 3502/3502/3502
f 3421/3421/3421 3343/3343/3343 3165/3165/3165
f 3165/3165/3165 3274/3274/3274 3421/3421/3421
f 3551/3551/3551 3569/3569/3569 3444/3444/3444
f 3573/3573/3573 3444/3444/3444 3569/3569/3569
f 3573/3573/3573 3430/3430/3430 3444/3444/3444
f 3430/3430/3430 3280/3280/3280 3444/3444/3444
f 3444/3444/3444 3280/3280/3280 3279/3279/3279
f 3279/3279/3279 3268/3268/3268 3444/3444/3444
f 3410/3410/3410 3444/3444/3444 3268/3268/3268
f 3745/3745/3745 3776/3776/3776 3742/3742/3742
f 3805/3805/3805 3742/3742/3742 3776/3776/3776
f 3718/3718/3718 3745/3745/3745 3742/3742/3742
f 3742/3742/3742 3714/3714/3714 3718/3718/3718
f 3714/3714/3714 3742/3742/3742 3694/3694/3694
f 3781/3781/3781 3772/3772/3772 3805/3805/3805
f 3757/3757/3757 3771/3771/3771 3744/3744/3744
f 3836/3836/3836 3805/3805/3805 3839/3839/3839
f 3839/3839/3839 3805/3805/3805 3808/3808/3808
f 3836/3836/3836 3839/3839/3839 3822/3822/3822
f 3775/3775/3775 3753/3753/3753 3670/3670/3670
f 3753/3753/3753 3716/3716/3716 3670/3670/3670
f 3659/3659/3659 3670/3670/3670 3716/3716/3716
f 3798/3798/3798 3792/3792/3792 3699/3699/3699
f 3699/3699/3699 3679/3679/3679 3798/3798/3798
f 3759/3759/3759 3789/3789/3789 3806/3806/3806
f 3845/3845/3845 3806/3806/3806 3789/3789/3789
f 3678/3678/3678 3725/3725/3725 3707/3707/3707
f 3707/3707/3707 3725/3725/3725 3749/3749/3749
f 3707/3707/3707 3654/3654/3654 3678/3678/3678
f 3780/3780/3780 3749/3749/3749 3725/3725/3725
f 3725/3725/3725 3722/3722/3722 3780/3780/3780
f 3780/3780/3780 3722/3722/3722 3704/3704/3704
f 3743/3743/3743 3780/3780/3780 3704/3704/3704
f 3769/3769/3769 3780/3780/3780 3743/3743/3743
f 3643/3643/3643 3654/3654/3654 3707/3707/3707
f 3654/3654/3654 3643/3643/3643 3555/3555/3555
f 3555/3555/3555 3503/3503/3503 3654/3654/3654
f 3273/3273/3273 3282/3282/3282 3434/3434/3434
f 3434/3434/3434 3352/3352/3352 3273/3273/3273
f 3434/3434/3434 3420/3420/3420 3352/3352/3352
f 3445/3445/3445 3411/3411/3411 3500/3500/3500
f 3500/3500/3500 3411/3411/3411 3542/3542/3542
f 3542/3542/3542 3552/3552/3552 3500/3500/3500
f 3649/3649/3649 3640/3640/3640 3684/3684/3684
f 3804/3804/3804 3695/3695/3695 3741/3741/3741
f 3695/3695/3695 3804/3804/3804 3701/3701/3701
f 3756/3756/3756 3701/3701/3701 3804/3804/3804
f 3770/3770/3770 3756/3756/3756 3804/3804/3804
f 3809/3809/3809 3823/3823/3823 3840/3840/3840
f 3543/3543/3543 3525/3525/3525 3565/3565/3565
f 3874/3874/3874 3848/3848/3848 3856/3856/3856
f 3856/3856/3856 3848/3848/3848 3831/3831/3831
f 3874/3874/3874 3861/3861/3861 3848/3848/3848
f 3851/3851/3851 3870/3870/3870 3863/3863/3863
f 3863/3863/3863 3844/3844/3844 3851/3851/3851
f 3843/3843/3843 3820/3820/3820 3827/3827/3827

