# https://github.com/mikedh/trimesh
v -0.00685376 0.00013055 0.00726747
v -0.00659198 0.00013055 0.00726605
v -0.00659198 0.00039240 0.00725893
v -0.00685376 0.00039240 0.00725893
v -0.00711553 0.00013055 0.00721482
v -0.00685376 -0.00012988 0.00726747
v -0.00632996 0.00013055 0.00721340
v -0.00659198 -0.00012988 0.00726605
v -0.00632996 -0.00012988 0.00721482
v -0.00632996 0.00039240 0.00720486
v -0.00659198 0.00065425 0.00724043
v -0.00711553 0.00039240 0.00720486
v -0.00685376 0.00065425 0.00724043
v -0.00731890 0.00039240 0.00711664
v -0.00732423 0.00013055 0.00712091
v -0.00711553 -0.00012988 0.00721482
v -0.00685376 -0.00039173 0.00725893
v -0.00659198 -0.00039173 0.00725893
v -0.00612151 0.00013055 0.00712091
v -0.00612708 0.00039240 0.00711521
v -0.00632996 -0.00039173 0.00720486
v -0.00612684 -0.00039173 0.00711664
v -0.00612151 -0.00012988 0.00712091
v -0.00613872 0.00065425 0.00710668
v -0.00632996 0.00065425 0.00718494
v -0.00632996 0.00091610 0.00715648
v -0.00659198 0.00091610 0.00721055
v -0.00685376 0.00091610 0.00721197
v -0.00711553 0.00065425 0.00718636
v -0.00730702 0.00065425 0.00710668
v -0.00744978 0.00039240 0.00696722
v -0.00745512 0.00013055 0.00697292
v -0.00732398 -0.00012988 0.00712091
v -0.00731817 -0.00039173 0.00711521
v -0.00711553 -0.00039173 0.00720486
v -0.00685376 -0.00065358 0.00723901
v -0.00659198 -0.00065358 0.00723901
v -0.00632996 -0.00065358 0.00718636
v -0.00601389 0.00013055 0.00693734
v -0.00601922 0.00039240 0.00693734
v -0.00601365 -0.00012988 0.00693734
v -0.00603110 0.00065425 0.00693734
v -0.00613848 -0.00065358 0.00710668
v -0.00603086 -0.00065358 0.00693734
v -0.00601898 -0.00039173 0.00693734
v -0.00605194 0.00091610 0.00693734
v -0.00609363 0.00143981 0.00691742
v -0.00615956 0.00091610 0.00709245
v -0.00618089 0.00110822 0.00707964
v -0.00631227 0.00118792 0.00711094
v -0.00639225 0.00143981 0.00708960
v -0.00659198 0.00117796 0.00717213
v -0.00711553 0.00091610 0.00715648
v -0.00685376 0.00117796 0.00717356
v -0.00726484 0.00110395 0.00707964
v -0.00728617 0.00091610 0.00709245
v -0.00743791 0.00065425 0.00695584
v -0.00751911 0.00039240 0.00683631
v -0.00750747 0.00102568 0.00680358
v -0.00751159 0.00085064 0.00681497
v -0.00751547 0.00065425 0.00682493
v -0.00752129 0.00013055 0.00684200
v -0.00752129 -0.00012988 0.00684200
v -0.00745487 -0.00012988 0.00697292
v -0.00744930 -0.00039173 0.00696722
v -0.00730653 -0.00065358 0.00710668
v -0.00711553 -0.00065358 0.00718494
v -0.00711553 -0.00091544 0.00715648
v -0.00685376 -0.00091544 0.00720913
v -0.00659198 -0.00091544 0.00720913
v -0.00632996 -0.00091544 0.00715648
v -0.00618041 -0.00110755 0.00707964
v -0.00615908 -0.00091544 0.00709245
v -0.00598359 0.00117796 0.00667551
v -0.00598577 0.00143981 0.00667551
v -0.00599619 0.00170166 0.00667551
v -0.00598577 -0.00144056 0.00667551
v -0.00598359 -0.00117871 0.00667551
v -0.00609363 -0.00144056 0.00691742
v -0.00605146 -0.00091544 0.00693734
v -0.00599644 -0.00170241 0.00667551
v -0.00610381 0.00170166 0.00688754
v -0.00613290 0.00196351 0.00685339
v -0.00621289 0.00128184 0.00706399
v -0.00626137 0.00143981 0.00704833
v -0.00644267 0.00159350 0.00707395
v -0.00659198 0.00143981 0.00712375
v -0.00705227 0.00143981 0.00708960
v -0.00713226 0.00118649 0.00711094
v -0.00685376 0.00143981 0.00712517
v -0.00700379 0.00159493 0.00707395
v -0.00723067 0.00127900 0.00706256
v -0.00731259 0.00196351 0.00685339
v -0.00734410 0.00170166 0.00688754
v -0.00736083 0.00143981 0.00691600
v -0.00749196 0.00143981 0.00676516
v -0.00743476 0.00092891 0.00691600
v -0.00750262 0.00117796 0.00679077
v -0.00826929 0.00248722 0.00492099
v -0.00826929 0.00222536 0.00493237
v -0.00826929 0.00196351 0.00493522
v -0.00826929 -0.00012988 0.00494091
v -0.00826929 -0.00200269 0.00493522
v -0.00826929 -0.00228162 0.00493237
v -0.00751911 -0.00039173 0.00683631
v -0.00751547 -0.00065358 0.00682493
v -0.00751159 -0.00085140 0.00681497
v -0.00750747 -0.00102644 0.00680358
v -0.00743742 -0.00065358 0.00695584
v -0.00728642 -0.00091544 0.00709245
v -0.00726509 -0.00110755 0.00707964
v -0.00713347 -0.00118867 0.00711094
v -0.00705421 -0.00144056 0.00708960
v -0.00685376 -0.00117871 0.00717071
v -0.00659198 -0.00117871 0.00717071
v -0.00639128 -0.00144056 0.00708960
v -0.00631202 -0.00118867 0.00711094
v -0.00621289 -0.00128260 0.00706399
v -0.00613363 -0.00196427 0.00685196
v -0.00610406 -0.00170241 0.00688754
v -0.00579308 0.00013055 0.00340410
v -0.00579308 0.00033263 0.00337849
v -0.00579308 0.00065141 0.00332584
v -0.00579308 0.00091610 0.00326749
v -0.00579308 0.00115803 0.00320915
v -0.00598408 0.00222536 0.00641369
v -0.00602504 0.00196351 0.00667551
v -0.00599474 0.00248722 0.00641369
v -0.00598432 -0.00222612 0.00641369
v -0.00579308 -0.00114313 0.00321342
v -0.00579308 -0.00091544 0.00326749
v -0.00579308 -0.00090263 0.00327034
v -0.00579308 -0.00065216 0.00332584
v -0.00579308 -0.00039173 0.00336853
v -0.00579308 -0.00012988 0.00340410
v -0.00602577 -0.00196427 0.00667551
v -0.00599498 -0.00248797 0.00641369
v -0.00610260 0.00248722 0.00663567
v -0.00616877 0.00215136 0.00682493
v -0.00634523 0.00168885 0.00701987
v -0.00632996 0.00196351 0.00694161
v -0.00659198 0.00196351 0.00699853
v -0.00659198 0.00176285 0.00705118
v -0.00659198 0.00163193 0.00708391
v -0.00718316 0.00143981 0.00704691
v -0.00685376 0.00163335 0.00708391
v -0.00685376 0.00176428 0.00705118
v -0.00685376 0.00196351 0.00699853
v -0.00711553 0.00196351 0.00694161
v -0.00710075 0.00169027 0.00701845
v -0.00727672 0.00215278 0.00682493
v -0.00734701 0.00248722 0.00663567
v -0.00744372 0.00196351 0.00669828
v -0.00747499 0.00170166 0.00673528
v -0.00826929 0.00274907 0.00485838
v -0.00826929 -0.00248797 0.00492099
v -0.00750262 -0.00117871 0.00679077
v -0.00749196 -0.00144056 0.00676516
v -0.00743500 -0.00092967 0.00691600
v -0.00736083 -0.00144056 0.00691742
v -0.00734410 -0.00170241 0.00688754
v -0.00731259 -0.00196427 0.00685339
v -0.00723261 -0.00128260 0.00706399
v -0.00718534 -0.00144056 0.00704833
v -0.00700428 -0.00159426 0.00707395
v -0.00685376 -0.00144056 0.00712375
v -0.00659198 -0.00144056 0.00712375
v -0.00644146 -0.00159426 0.00707395
v -0.00626015 -0.00144056 0.00704833
v -0.00616950 -0.00215212 0.00682493
v -0.00610284 -0.00248797 0.00663709
v -0.00579308 0.00168601 0.00295586
v -0.00598989 0.00301092 0.00615186
v -0.00603643 0.00274907 0.00641369
v -0.00603037 0.00327419 0.00615186
v -0.00579308 -0.00115025 0.00321058
v -0.00598989 -0.00301167 0.00615186
v -0.00603595 -0.00274982 0.00641369
v -0.00603061 -0.00327352 0.00615186
v -0.00610866 0.00299669 0.00642080
v -0.00614429 0.00274907 0.00658444
v -0.00618356 0.00289992 0.00655456
v -0.00622816 0.00232640 0.00679647
v -0.00632123 0.00223390 0.00685765
v -0.00640268 0.00240894 0.00682635
v -0.00659198 0.00222536 0.00692027
v -0.00685376 0.00222536 0.00691884
v -0.00704379 0.00240894 0.00682493
v -0.00712474 0.00223390 0.00685765
v -0.00721830 0.00232783 0.00679647
v -0.00726169 0.00289992 0.00655314
v -0.00730047 0.00274907 0.00658444
v -0.00747790 0.00248722 0.00647772
v -0.00749826 0.00227233 0.00651756
v -0.00750432 0.00285295 0.00626997
v -0.00748735 0.00301092 0.00623155
v -0.00826929 0.00285865 0.00480004
v -0.00826929 -0.00259755 0.00489964
v -0.00747499 -0.00170241 0.00673528
v -0.00727672 -0.00215212 0.00682493
v -0.00744372 -0.00196427 0.00669828
v -0.00734774 -0.00248797 0.00663567
v -0.00710099 -0.00168961 0.00701987
v -0.00711553 -0.00196427 0.00694161
v -0.00685376 -0.00196427 0.00699711
v -0.00685376 -0.00176218 0.00705118
v -0.00685376 -0.00163126 0.00708391
v -0.00659198 -0.00163126 0.00708391
v -0.00659198 -0.00176218 0.00705118
v -0.00659198 -0.00196427 0.00699711
v -0.00640146 -0.00240970 0.00682635
v -0.00632996 -0.00196427 0.00694161
v -0.00634450 -0.00168961 0.00701987
v -0.00622695 -0.00232716 0.00679647
v -0.00618283 -0.00290209 0.00655456
v -0.00614381 -0.00274982 0.00658587
v -0.00610818 -0.00299744 0.00642080
v -0.00579308 0.00198059 0.00275949
v -0.00598529 0.00379790 0.00562821
v -0.00598359 0.00327419 0.00589003
v -0.00599401 0.00353605 0.00589003
v -0.00601534 0.00405975 0.00562821
v -0.00607958 0.00381782 0.00591280
v -0.00611060 0.00352181 0.00615471
v -0.00613823 0.00327419 0.00633258
v -0.00579308 -0.00167395 0.00296156
v -0.00599401 -0.00353538 0.00589003
v -0.00598505 -0.00379723 0.00562821
v -0.00598359 -0.00327352 0.00589003
v -0.00579308 -0.00168534 0.00295586
v -0.00613823 -0.00327352 0.00633258
v -0.00611036 -0.00352115 0.00615471
v -0.00607933 -0.00381858 0.00591280
v -0.00601534 -0.00405908 0.00562821
v -0.00632996 0.00308919 0.00651899
v -0.00632996 0.00295826 0.00658160
v -0.00632996 0.00274907 0.00666982
v -0.00618138 0.00342504 0.00629416
v -0.00632996 0.00327419 0.00642792
v -0.00632123 0.00249291 0.00676658
v -0.00659198 0.00245448 0.00684200
v -0.00647515 0.00313900 0.00654318
v -0.00659198 0.00274907 0.00672816
v -0.00659198 0.00258541 0.00679362
v -0.00685376 0.00245306 0.00684200
v -0.00685376 0.00258399 0.00679362
v -0.00685376 0.00274907 0.00672816
v -0.00711553 0.00274907 0.00666982
v -0.00712474 0.00249291 0.00676658
v -0.00711553 0.00295542 0.00658018
v -0.00711553 0.00308634 0.00651756
v -0.00711553 0.00327419 0.00642649
v -0.00726460 0.00342504 0.00629416
v -0.00730750 0.00327419 0.00633258
v -0.00734362 0.00299669 0.00642080
v -0.00744445 0.00275903 0.00640230
v -0.00744978 0.00328273 0.00614475
v -0.00748299 0.00353605 0.00595976
v -0.00750359 0.00337666 0.00600529
v -0.00826929 0.00292411 0.00476162
v -0.00826929 -0.00274982 0.00485838
v -0.00749850 -0.00227450 0.00651756
v -0.00730193 -0.00274982 0.00658587
v -0.00726266 -0.00290209 0.00655456
v -0.00721685 -0.00232574 0.00679647
v -0.00747863 -0.00248797 0.00647772
v -0.00712402 -0.00223323 0.00685765
v -0.00704233 -0.00240828 0.00682493
v -0.00685376 -0.00222612 0.00691884
v -0.00659198 -0.00222612 0.00691884
v -0.00632051 -0.00223466 0.00685765
v -0.00659198 -0.00245381 0.00684200
v -0.00659198 -0.00258474 0.00679362
v -0.00659198 -0.00274982 0.00672816
v -0.00647515 -0.00313975 0.00654318
v -0.00632996 -0.00274982 0.00667125
v -0.00632051 -0.00249224 0.00676801
v -0.00632996 -0.00295902 0.00658160
v -0.00632996 -0.00308994 0.00651899
v -0.00632996 -0.00327352 0.00642792
v -0.00618114 -0.00342437 0.00629416
v -0.00579308 0.00225525 0.00253324
v -0.00598359 0.00405975 0.00536638
v -0.00599135 0.00484530 0.00484273
v -0.00599329 0.00458345 0.00510455
v -0.00599959 0.00432160 0.00536638
v -0.00609048 0.00458915 0.00537492
v -0.00610672 0.00431306 0.00562821
v -0.00612320 0.00405975 0.00583738
v -0.00614114 0.00374524 0.00606933
v -0.00599959 -0.00432093 0.00536638
v -0.00579308 -0.00212365 0.00264566
v -0.00579308 -0.00197992 0.00275949
v -0.00579308 -0.00181484 0.00287333
v -0.00599329 -0.00458278 0.00510455
v -0.00599159 -0.00484464 0.00484273
v -0.00598359 -0.00405908 0.00536638
v -0.00614114 -0.00374600 0.00606933
v -0.00612296 -0.00405908 0.00583738
v -0.00610672 -0.00431382 0.00562678
v -0.00609048 -0.00458848 0.00537349
v -0.00632996 0.00360578 0.00624720
v -0.00632996 0.00347485 0.00632262
v -0.00621289 0.00392028 0.00601525
v -0.00664991 0.00315892 0.00655314
v -0.00657429 0.00303511 0.00660152
v -0.00652799 0.00365274 0.00627566
v -0.00657429 0.00325712 0.00649480
v -0.00678589 0.00315892 0.00655314
v -0.00686539 0.00303369 0.00660152
v -0.00696065 0.00313615 0.00654175
v -0.00711553 0.00347628 0.00632262
v -0.00730459 0.00374382 0.00606933
v -0.00734168 0.00352181 0.00615471
v -0.00711553 0.00360720 0.00624862
v -0.00723139 0.00391886 0.00601525
v -0.00740009 0.00380786 0.00589715
v -0.00746433 0.00407398 0.00563105
v -0.00749535 0.00387190 0.00572070
v -0.00826929 0.00300950 0.00464778
v -0.00750432 0.00417075 0.00548306
v -0.00747742 0.00432160 0.00542330
v -0.00750941 0.00445537 0.00523831
v -0.00748008 0.00463042 0.00516005
v -0.00748275 0.00490081 0.00489822
v -0.00748105 0.00516266 0.00462643
v -0.00750893 0.00523951 0.00445141
v -0.00750432 0.00548570 0.00416824
v -0.00826929 -0.00292344 0.00476162
v -0.00748275 -0.00353538 0.00595976
v -0.00750359 -0.00337741 0.00600529
v -0.00748735 -0.00301167 0.00623155
v -0.00750432 -0.00285229 0.00626997
v -0.00744566 -0.00275836 0.00640230
v -0.00734435 -0.00299744 0.00642080
v -0.00730750 -0.00327352 0.00633258
v -0.00711553 -0.00308852 0.00651899
v -0.00711553 -0.00295760 0.00658018
v -0.00711553 -0.00274982 0.00666840
v -0.00712402 -0.00249224 0.00676658
v -0.00726436 -0.00342437 0.00629416
v -0.00711553 -0.00327352 0.00642792
v -0.00685376 -0.00245239 0.00684200
v -0.00685376 -0.00274982 0.00672674
v -0.00685376 -0.00258332 0.00679362
v -0.00678783 -0.00315968 0.00655314
v -0.00664991 -0.00315968 0.00655314
v -0.00657429 -0.00303587 0.00660152
v -0.00657429 -0.00325787 0.00649480
v -0.00660386 -0.00355388 0.00634112
v -0.00652460 -0.00365349 0.00627566
v -0.00632996 -0.00347561 0.00632262
v -0.00632996 -0.00360653 0.00624862
v -0.00621289 -0.00391962 0.00601525
v -0.00579308 0.00251283 0.00227426
v -0.00598359 0.00536901 0.00405582
v -0.00599256 0.00510716 0.00458090
v -0.00608321 0.00511996 0.00485411
v -0.00608370 0.00485811 0.00511736
v -0.00614866 0.00450518 0.00553998
v -0.00614017 0.00477842 0.00529381
v -0.00616756 0.00422056 0.00578189
v -0.00608418 -0.00485744 0.00511736
v -0.00579308 -0.00227735 0.00251047
v -0.00608345 -0.00511930 0.00485411
v -0.00599256 -0.00510649 0.00458090
v -0.00579308 -0.00253636 0.00225149
v -0.00579308 -0.00239689 0.00239379
v -0.00616756 -0.00422131 0.00578189
v -0.00614866 -0.00450451 0.00553998
v -0.00614041 -0.00477917 0.00529238
v -0.00631202 0.00381782 0.00611344
v -0.00638741 0.00396867 0.00604798
v -0.00632996 0.00426895 0.00581746
v -0.00631202 0.00405690 0.00595976
v -0.00670275 0.00366982 0.00628562
v -0.00660604 0.00377370 0.00621163
v -0.00660604 0.00355312 0.00633969
v -0.00659198 0.00399998 0.00606933
v -0.00674444 0.00366982 0.00628562
v -0.00684067 0.00355455 0.00633969
v -0.00686539 0.00325712 0.00649480
v -0.00691920 0.00365416 0.00627566
v -0.00727745 0.00421914 0.00578046
v -0.00732544 0.00405975 0.00583596
v -0.00705663 0.00396867 0.00604798
v -0.00713274 0.00381782 0.00611486
v -0.00713274 0.00405690 0.00595834
v -0.00711553 0.00426895 0.00581746
v -0.00734507 0.00431306 0.00562678
v -0.00826929 0.00321015 0.00435891
v -0.00749584 0.00572336 0.00386799
v -0.00738846 0.00456780 0.00535215
v -0.00730532 0.00477842 0.00529238
v -0.00739403 0.00483961 0.00509886
v -0.00730799 0.00504169 0.00503910
v -0.00739452 0.00510146 0.00483703
v -0.00730629 0.00529643 0.00477585
v -0.00738894 0.00535478 0.00456382
v -0.00747766 0.00542451 0.00431765
v -0.00746360 0.00563371 0.00407147
v -0.00826929 -0.00305010 0.00458090
v -0.00749584 -0.00572412 0.00386799
v -0.00750432 -0.00548503 0.00416824
v -0.00750893 -0.00524026 0.00445141
v -0.00748105 -0.00516199 0.00462643
v -0.00748275 -0.00490014 0.00489822
v -0.00747960 -0.00462975 0.00515863
v -0.00750917 -0.00445470 0.00523689
v -0.00747717 -0.00432093 0.00542188
v -0.00750432 -0.00417151 0.00548306
v -0.00749535 -0.00387123 0.00572070
v -0.00739985 -0.00380861 0.00589715
v -0.00730411 -0.00374457 0.00606933
v -0.00734144 -0.00352115 0.00615471
v -0.00744954 -0.00328349 0.00614475
v -0.00696259 -0.00313691 0.00654175
v -0.00711553 -0.00360653 0.00624720
v -0.00711553 -0.00347561 0.00632262
v -0.00723236 -0.00391962 0.00601525
v -0.00686660 -0.00303444 0.00660152
v -0.00686660 -0.00325787 0.00649480
v -0.00684188 -0.00355388 0.00634112
v -0.00674662 -0.00367200 0.00628562
v -0.00669936 -0.00367200 0.00628562
v -0.00660386 -0.00377446 0.00621163
v -0.00659198 -0.00399931 0.00606933
v -0.00638765 -0.00396800 0.00604798
v -0.00631202 -0.00381858 0.00611344
v -0.00631202 -0.00405766 0.00595976
v -0.00579308 0.00254414 0.00223726
v -0.00598505 0.00563086 0.00379399
v -0.00599959 0.00536901 0.00431765
v -0.00609000 0.00537755 0.00458517
v -0.00613920 0.00529501 0.00477442
v -0.00613751 0.00504027 0.00503910
v -0.00624706 0.00495346 0.00521412
v -0.00626864 0.00468022 0.00546741
v -0.00632996 0.00439987 0.00571785
v -0.00613799 -0.00504102 0.00503910
v -0.00613920 -0.00529576 0.00477585
v -0.00608976 -0.00537830 0.00458517
v -0.00599959 -0.00536834 0.00431765
v -0.00598505 -0.00563161 0.00379399
v -0.00598359 -0.00536834 0.00405582
v -0.00579308 -0.00264878 0.00212200
v -0.00632996 -0.00426828 0.00581746
v -0.00632996 -0.00439920 0.00571785
v -0.00627009 -0.00467956 0.00546741
v -0.00624634 -0.00495279 0.00521412
v -0.00653987 0.00443972 0.00574916
v -0.00659198 0.00413090 0.00598110
v -0.00685376 0.00399998 0.00606933
v -0.00684067 0.00377370 0.00621305
v -0.00711553 0.00439987 0.00571785
v -0.00717710 0.00467880 0.00546741
v -0.00729684 0.00450518 0.00553856
v -0.00685376 0.00413090 0.00598110
v -0.00690611 0.00443972 0.00574916
v -0.00826929 0.00372390 0.00353644
v -0.00751450 0.00578171 0.00369439
v -0.00739985 0.00589983 0.00380538
v -0.00748251 0.00596102 0.00353217
v -0.00750384 0.00600941 0.00337422
v -0.00719746 0.00495346 0.00521412
v -0.00719649 0.00521531 0.00495087
v -0.00729684 0.00554405 0.00450263
v -0.00734410 0.00563086 0.00430911
v -0.00732447 0.00583863 0.00405582
v -0.00826929 -0.00324222 0.00430626
v -0.00751450 -0.00578104 0.00369439
v -0.00750384 -0.00600874 0.00337422
v -0.00748251 -0.00596178 0.00353217
v -0.00739985 -0.00589916 0.00380538
v -0.00732447 -0.00583939 0.00405582
v -0.00746360 -0.00563446 0.00407147
v -0.00747766 -0.00542526 0.00431765
v -0.00738894 -0.00535553 0.00456382
v -0.00730629 -0.00529576 0.00477585
v -0.00739452 -0.00510222 0.00483703
v -0.00730799 -0.00504102 0.00503910
v -0.00739379 -0.00483894 0.00509886
v -0.00730508 -0.00477917 0.00529238
v -0.00738798 -0.00456713 0.00535215
v -0.00734483 -0.00431239 0.00562678
v -0.00746433 -0.00407331 0.00563105
v -0.00732544 -0.00405908 0.00583738
v -0.00727745 -0.00421989 0.00578046
v -0.00692138 -0.00365349 0.00627566
v -0.00713323 -0.00381858 0.00611344
v -0.00705760 -0.00396800 0.00604798
v -0.00711553 -0.00426828 0.00581746
v -0.00713323 -0.00405766 0.00595976
v -0.00684188 -0.00377446 0.00621163
v -0.00685376 -0.00399931 0.00606933
v -0.00659198 -0.00413024 0.00598110
v -0.00654423 -0.00443905 0.00574916
v -0.00579308 0.00276188 0.00197686
v -0.00598359 0.00589271 0.00327034
v -0.00598965 0.00615456 0.00300851
v -0.00599426 0.00589271 0.00353217
v -0.00579308 0.00276472 0.00197259
v -0.00579308 0.00295826 0.00168088
v -0.00601752 0.00563086 0.00405582
v -0.00610866 0.00563086 0.00430911
v -0.00614866 0.00554405 0.00450121
v -0.00625022 0.00521531 0.00494945
v -0.00633602 0.00510431 0.00510171
v -0.00642158 0.00499189 0.00525112
v -0.00634523 0.00483819 0.00535926
v -0.00634547 0.00458915 0.00557271
v -0.00644315 0.00472149 0.00550441
v -0.00624900 -0.00521607 0.00495087
v -0.00614866 -0.00554338 0.00450263
v -0.00610818 -0.00563019 0.00430911
v -0.00601680 -0.00563161 0.00405582
v -0.00599426 -0.00589347 0.00353217
v -0.00598965 -0.00615532 0.00300851
v -0.00598359 -0.00589347 0.00327034
v -0.00579308 -0.00295760 0.00168088
v -0.00579308 -0.00295190 0.00169084
v -0.00579308 -0.00287505 0.00181037
v -0.00579308 -0.00276121 0.00197686
v -0.00644461 -0.00472083 0.00550298
v -0.00634644 -0.00458848 0.00557271
v -0.00634547 -0.00483752 0.00535926
v -0.00642110 -0.00499264 0.00525112
v -0.00661307 0.00455784 0.00566378
v -0.00671438 0.00445395 0.00576054
v -0.00661307 0.00434010 0.00583169
v -0.00659198 0.00473573 0.00551579
v -0.00700282 0.00472149 0.00550441
v -0.00710002 0.00458772 0.00557271
v -0.00710002 0.00483819 0.00535926
v -0.00673159 0.00445395 0.00576054
v -0.00683291 0.00434010 0.00583311
v -0.00683291 0.00455784 0.00566378
v -0.00685376 0.00473573 0.00551579
v -0.00826929 0.00375093 0.00349232
v -0.00730387 0.00607202 0.00374134
v -0.00734023 0.00615741 0.00351794
v -0.00744881 0.00614745 0.00328030
v -0.00748760 0.00623426 0.00300851
v -0.00750408 0.00627268 0.00284772
v -0.00826929 0.00551843 0.00032479
v -0.00826929 0.00453507 0.00217750
v -0.00702318 0.00499189 0.00524970
v -0.00710972 0.00510431 0.00510171
v -0.00702197 0.00525374 0.00498929
v -0.00709857 0.00536189 0.00483419
v -0.00717540 0.00547147 0.00467624
v -0.00727575 0.00578313 0.00421662
v -0.00826929 -0.00375027 0.00349232
v -0.00826929 -0.00453440 0.00217750
v -0.00826929 -0.00540249 0.00054962
v -0.00826929 -0.00551919 0.00032479
v -0.00750408 -0.00627201 0.00284772
v -0.00748760 -0.00623359 0.00300851
v -0.00744906 -0.00614820 0.00328030
v -0.00734047 -0.00615816 0.00351794
v -0.00730411 -0.00607278 0.00374277
v -0.00727575 -0.00578246 0.00421662
v -0.00734410 -0.00563019 0.00430911
v -0.00729684 -0.00554338 0.00450263
v -0.00719649 -0.00521607 0.00495087
v -0.00719916 -0.00495279 0.00521412
v -0.00729635 -0.00450451 0.00553998
v -0.00717710 -0.00467956 0.00546741
v -0.00711553 -0.00439920 0.00571785
v -0.00690151 -0.00443905 0.00574916
v -0.00685376 -0.00413024 0.00598110
v -0.00671875 -0.00445328 0.00575912
v -0.00661573 -0.00433943 0.00583169
v -0.00659198 -0.00473506 0.00551579
v -0.00598456 0.00641642 0.00222303
v -0.00599498 0.00641642 0.00248486
v -0.00603134 0.00615456 0.00327034
v -0.00579308 0.00296396 0.00166950
v -0.00579308 0.00321300 0.00114726
v -0.00607958 0.00591548 0.00381534
v -0.00612514 0.00583863 0.00405582
v -0.00617047 0.00578313 0.00421662
v -0.00627033 0.00547005 0.00467624
v -0.00634765 0.00536189 0.00483419
v -0.00642498 0.00525374 0.00498929
v -0.00659198 0.00514131 0.00513728
v -0.00659198 0.00501039 0.00526819
v -0.00659198 0.00486665 0.00539911
v -0.00642376 -0.00525307 0.00498929
v -0.00634693 -0.00536265 0.00483419
v -0.00627009 -0.00547080 0.00467624
v -0.00616974 -0.00578246 0.00421662
v -0.00612466 -0.00583939 0.00405582
v -0.00607958 -0.00591624 0.00381534
v -0.00603134 -0.00615532 0.00327034
v -0.00599474 -0.00641717 0.00248486
v -0.00598432 -0.00641717 0.00222303
v -0.00579308 -0.00321091 0.00115438
v -0.00659198 -0.00486598 0.00539911
v -0.00659198 -0.00501114 0.00526677
v -0.00659198 -0.00514207 0.00513728
v -0.00685376 0.00486665 0.00539768
v -0.00685376 0.00500896 0.00526677
v -0.00723115 0.00601795 0.00391637
v -0.00726266 0.00629545 0.00341975
v -0.00730653 0.00633530 0.00327034
v -0.00734289 0.00642353 0.00299428
v -0.00744372 0.00640645 0.00275522
v -0.00747814 0.00648046 0.00248486
v -0.00749753 0.00651888 0.00227284
v -0.00826929 0.00559528 0.00012699
v -0.00685376 0.00514131 0.00513728
v -0.00685376 0.00527081 0.00500637
v -0.00700113 0.00550563 0.00471893
v -0.00709905 0.00557536 0.00458517
v -0.00711553 0.00572194 0.00439591
v -0.00711553 0.00581871 0.00426500
v -0.00826929 -0.00555050 0.00025933
v -0.00747839 -0.00647979 0.00248486
v -0.00744397 -0.00640578 0.00275522
v -0.00734265 -0.00642429 0.00299428
v -0.00730678 -0.00633605 0.00327034
v -0.00723236 -0.00601870 0.00391637
v -0.00726290 -0.00629621 0.00342118
v -0.00711553 -0.00581946 0.00426642
v -0.00711553 -0.00572269 0.00439733
v -0.00717540 -0.00547080 0.00467624
v -0.00709857 -0.00536265 0.00483419
v -0.00702197 -0.00525307 0.00498929
v -0.00711044 -0.00510506 0.00510171
v -0.00702488 -0.00499264 0.00525112
v -0.00700258 -0.00472225 0.00550441
v -0.00710002 -0.00458848 0.00557271
v -0.00672699 -0.00445328 0.00575912
v -0.00683000 -0.00433943 0.00583169
v -0.00685376 -0.00473506 0.00551579
v -0.00598601 0.00667827 0.00143755
v -0.00579308 0.00321585 0.00113873
v -0.00599716 0.00667827 0.00169938
v -0.00602698 0.00667827 0.00196121
v -0.00603789 0.00641642 0.00274669
v -0.00611157 0.00615741 0.00351794
v -0.00610963 0.00642353 0.00299286
v -0.00613896 0.00633530 0.00327034
v -0.00614163 0.00607202 0.00374277
v -0.00621313 0.00601795 0.00391637
v -0.00632996 0.00581871 0.00426500
v -0.00632996 0.00572194 0.00439591
v -0.00634668 0.00557678 0.00458517
v -0.00644509 0.00550563 0.00471893
v -0.00659198 0.00527081 0.00500637
v -0.00659198 -0.00527015 0.00500637
v -0.00644461 -0.00550638 0.00471893
v -0.00634644 -0.00557611 0.00458517
v -0.00632996 -0.00572269 0.00439733
v -0.00632996 -0.00581946 0.00426642
v -0.00621313 -0.00601870 0.00391637
v -0.00614163 -0.00607278 0.00374277
v -0.00611157 -0.00615816 0.00351794
v -0.00613896 -0.00633605 0.00327034
v -0.00610963 -0.00642429 0.00299428
v -0.00603740 -0.00641717 0.00274669
v -0.00602625 -0.00667902 0.00196121
v -0.00599668 -0.00667902 0.00169938
v -0.00598601 -0.00667902 0.00143755
v -0.00579308 -0.00321375 0.00114726
v -0.00685376 -0.00486598 0.00539911
v -0.00685376 -0.00501114 0.00526819
v -0.00685376 -0.00514207 0.00513728
v -0.00713250 0.00596102 0.00405440
v -0.00705639 0.00605068 0.00396475
v -0.00713250 0.00611756 0.00381534
v -0.00711553 0.00625134 0.00360332
v -0.00711553 0.00632391 0.00347240
v -0.00711553 0.00643065 0.00327034
v -0.00711553 0.00652315 0.00308678
v -0.00726000 0.00655588 0.00289610
v -0.00729999 0.00658719 0.00274669
v -0.00734725 0.00663842 0.00248486
v -0.00744251 0.00670104 0.00196121
v -0.00747426 0.00673662 0.00169938
v -0.00750917 0.00655019 0.00209781
v -0.00826929 0.00559386 -0.00013341
v -0.00749123 0.00676650 0.00143755
v -0.00750214 0.00679212 0.00117572
v -0.00750699 0.00680635 0.00101635
v -0.00751159 0.00681773 0.00084133
v -0.00744784 0.00696716 0.00038882
v -0.00745318 0.00697285 0.00012699
v -0.00745318 0.00697285 -0.00013341
v -0.00685376 0.00540174 0.00486265
v -0.00685376 0.00551701 0.00473173
v -0.00683679 0.00566502 0.00455528
v -0.00691266 0.00575182 0.00443576
v -0.00826929 -0.00559461 0.00012699
v -0.00749778 -0.00651963 0.00227284
v -0.00744251 -0.00670037 0.00196121
v -0.00734750 -0.00663917 0.00248486
v -0.00730023 -0.00658794 0.00274669
v -0.00726000 -0.00655521 0.00289610
v -0.00711553 -0.00625209 0.00360474
v -0.00713323 -0.00611832 0.00381534
v -0.00705785 -0.00605001 0.00396617
v -0.00713323 -0.00596178 0.00405440
v -0.00711553 -0.00652390 0.00308678
v -0.00711553 -0.00643140 0.00327034
v -0.00711553 -0.00632467 0.00347383
v -0.00691484 -0.00575258 0.00443718
v -0.00700113 -0.00550638 0.00471893
v -0.00709905 -0.00557611 0.00458517
v -0.00685376 -0.00527015 0.00500637
v -0.00579308 0.00326992 0.00091247
v -0.00579308 0.00327277 0.00089967
v -0.00579308 0.00332685 0.00064353
v -0.00598359 0.00667827 0.00117572
v -0.00601510 0.00694012 0.00012699
v -0.00602043 0.00694012 0.00038882
v -0.00603231 0.00694012 0.00065065
v -0.00605340 0.00694012 0.00091247
v -0.00609388 0.00691877 0.00143755
v -0.00610503 0.00688889 0.00169938
v -0.00610284 0.00663842 0.00248486
v -0.00614550 0.00658719 0.00274669
v -0.00618550 0.00655588 0.00289610
v -0.00618259 0.00629545 0.00342118
v -0.00632996 0.00625276 0.00360474
v -0.00631227 0.00611756 0.00381534
v -0.00638765 0.00605068 0.00396617
v -0.00631227 0.00596102 0.00405440
v -0.00653211 0.00575182 0.00443718
v -0.00659198 0.00551701 0.00473173
v -0.00659198 0.00540174 0.00486265
v -0.00659198 -0.00540107 0.00486265
v -0.00659198 -0.00551777 0.00473173
v -0.00653114 -0.00575258 0.00443718
v -0.00638765 -0.00605001 0.00396617
v -0.00631227 -0.00596178 0.00405440
v -0.00631227 -0.00611832 0.00381534
v -0.00632996 -0.00625209 0.00360474
v -0.00618259 -0.00629621 0.00342118
v -0.00618550 -0.00655521 0.00289610
v -0.00614526 -0.00658794 0.00274669
v -0.00610236 -0.00663917 0.00248486
v -0.00613387 -0.00685549 0.00196121
v -0.00610454 -0.00688964 0.00169938
v -0.00609363 -0.00691953 0.00143755
v -0.00605340 -0.00694087 0.00091247
v -0.00603231 -0.00694087 0.00065065
v -0.00602043 -0.00694087 0.00038882
v -0.00598359 -0.00667902 0.00117572
v -0.00579308 -0.00332760 0.00064638
v -0.00579308 -0.00326783 0.00091959
v -0.00601510 -0.00694087 0.00012699
v -0.00685376 0.00598237 0.00412839
v -0.00685376 0.00607060 0.00399748
v -0.00693084 0.00627980 0.00365170
v -0.00697592 0.00654734 0.00313800
v -0.00711553 0.00658150 0.00295586
v -0.00711553 0.00666973 0.00274669
v -0.00712353 0.00676935 0.00248771
v -0.00721612 0.00679923 0.00232264
v -0.00727599 0.00682769 0.00214761
v -0.00731162 0.00685473 0.00196121
v -0.00734313 0.00689031 0.00169938
v -0.00736034 0.00692020 0.00143755
v -0.00826929 0.00554974 -0.00026432
v -0.00744784 0.00696716 -0.00039524
v -0.00751135 0.00681773 -0.00084632
v -0.00750699 0.00680492 -0.00101992
v -0.00750190 0.00679212 -0.00118072
v -0.00749099 0.00676650 -0.00144255
v -0.00747330 0.00673519 -0.00170437
v -0.00750893 0.00654876 -0.00210138
v -0.00749729 0.00651888 -0.00227641
v -0.00743306 0.00691877 0.00092244
v -0.00743621 0.00695720 0.00065065
v -0.00730532 0.00710805 0.00065065
v -0.00731671 0.00711801 0.00038882
v -0.00732205 0.00712228 0.00012699
v -0.00732229 0.00712228 -0.00013341
v -0.00731696 0.00711801 -0.00039524
v -0.00673814 0.00576463 0.00445141
v -0.00683679 0.00583579 0.00433615
v -0.00826929 -0.00559461 0.00002169
v -0.00745366 -0.00697360 0.00012699
v -0.00744833 -0.00696791 0.00038882
v -0.00751159 -0.00681706 0.00084133
v -0.00750699 -0.00680568 0.00101635
v -0.00750214 -0.00679287 0.00117572
v -0.00749147 -0.00676725 0.00143755
v -0.00747426 -0.00673595 0.00169938
v -0.00750917 -0.00654952 0.00209781
v -0.00731162 -0.00685549 0.00196121
v -0.00727599 -0.00682703 0.00214761
v -0.00721637 -0.00679856 0.00232264
v -0.00712377 -0.00677010 0.00248913
v -0.00711553 -0.00667191 0.00274669
v -0.00711553 -0.00658225 0.00295586
v -0.00693084 -0.00627913 0.00365170
v -0.00685376 -0.00607135 0.00399748
v -0.00685376 -0.00598312 0.00412839
v -0.00697592 -0.00654667 0.00313800
v -0.00683800 -0.00583512 0.00433757
v -0.00674008 -0.00576396 0.00445141
v -0.00683800 -0.00566577 0.00455528
v -0.00685376 -0.00551777 0.00473173
v -0.00685376 -0.00540107 0.00486265
v -0.00579308 0.00337239 0.00034186
v -0.00598359 0.00667827 -0.00118072
v -0.00579308 0.00340085 0.00012699
v -0.00601534 0.00694012 -0.00013341
v -0.00612296 0.00712228 -0.00013341
v -0.00612296 0.00712228 0.00012699
v -0.00612830 0.00711801 0.00038882
v -0.00614017 0.00710805 0.00065065
v -0.00616102 0.00709381 0.00091247
v -0.00618307 0.00708101 0.00110173
v -0.00621313 0.00706678 0.00127676
v -0.00613460 0.00685473 0.00196121
v -0.00617023 0.00682769 0.00214761
v -0.00622913 0.00679923 0.00232264
v -0.00632996 0.00667115 0.00274669
v -0.00632996 0.00658292 0.00295444
v -0.00632996 0.00652315 0.00308535
v -0.00632996 0.00643065 0.00327034
v -0.00632996 0.00632391 0.00347383
v -0.00646982 0.00654734 0.00313800
v -0.00651490 0.00627980 0.00365170
v -0.00659198 0.00607060 0.00399748
v -0.00659198 0.00598237 0.00412839
v -0.00660846 0.00583579 0.00433757
v -0.00670687 0.00576463 0.00445141
v -0.00670566 -0.00576396 0.00445141
v -0.00660773 -0.00566577 0.00455528
v -0.00660773 -0.00583512 0.00433757
v -0.00659198 -0.00598312 0.00412839
v -0.00659198 -0.00607135 0.00399748
v -0.00651490 -0.00627913 0.00365170
v -0.00632996 -0.00632467 0.00347383
v -0.00632996 -0.00643140 0.00327034
v -0.00632996 -0.00652390 0.00308678
v -0.00632996 -0.00658225 0.00295586
v -0.00632996 -0.00667191 0.00274669
v -0.00632172 -0.00677010 0.00248913
v -0.00622913 -0.00679856 0.00232264
v -0.00616950 -0.00682703 0.00214761
v -0.00621289 -0.00706753 0.00127676
v -0.00618307 -0.00708034 0.00110173
v -0.00616102 -0.00709457 0.00091247
v -0.00614017 -0.00710880 0.00065065
v -0.00612830 -0.00711734 0.00038882
v -0.00612296 -0.00712303 0.00012699
v -0.00598359 -0.00667902 -0.00118072
v -0.00579308 -0.00340018 0.00012699
v -0.00579308 -0.00336603 0.00038882
v -0.00601510 -0.00694087 -0.00013341
v -0.00675632 0.00628976 0.00367020
v -0.00684770 0.00621433 0.00377265
v -0.00684770 0.00634384 0.00355209
v -0.00687460 0.00649753 0.00325469
v -0.00680116 0.00655588 0.00315650
v -0.00687460 0.00660427 0.00303413
v -0.00685376 0.00672808 0.00274669
v -0.00685376 0.00679639 0.00257878
v -0.00704161 0.00682769 0.00240233
v -0.00712353 0.00685900 0.00223015
v -0.00711553 0.00694297 0.00196121
v -0.00718001 0.00705112 0.00143755
v -0.00723236 0.00706678 0.00127676
v -0.00726242 0.00708101 0.00110173
v -0.00728448 0.00709381 0.00091247
v -0.00826929 0.00551701 -0.00032836
v -0.00747790 0.00647903 -0.00249128
v -0.00750384 0.00627126 -0.00285271
v -0.00750335 0.00600798 -0.00337779
v -0.00743597 0.00695720 -0.00065706
v -0.00743257 0.00691877 -0.00092743
v -0.00728375 0.00709381 -0.00091889
v -0.00736010 0.00691877 -0.00144255
v -0.00734216 0.00688889 -0.00170437
v -0.00744106 0.00669961 -0.00196620
v -0.00711553 0.00718632 0.00065065
v -0.00711553 0.00720482 0.00038882
v -0.00711553 0.00721336 0.00012699
v -0.00711553 0.00721336 -0.00013341
v -0.00730484 0.00710805 -0.00065706
v -0.00711553 0.00720482 -0.00039524
v -0.00826929 -0.00559319 -0.00013341
v -0.00745342 -0.00697360 -0.00013341
v -0.00732253 -0.00712303 -0.00013341
v -0.00732253 -0.00712303 0.00012699
v -0.00731720 -0.00711734 0.00038882
v -0.00730532 -0.00710880 0.00065065
v -0.00743621 -0.00695795 0.00065065
v -0.00743306 -0.00691953 0.00092244
v -0.00728448 -0.00709457 0.00091247
v -0.00736034 -0.00691953 0.00143755
v -0.00734313 -0.00688964 0.00169938
v -0.00723261 -0.00706753 0.00127676
v -0.00718170 -0.00705045 0.00143755
v -0.00711553 -0.00694372 0.00196121
v -0.00712377 -0.00685976 0.00223015
v -0.00704185 -0.00682845 0.00240375
v -0.00684770 -0.00634317 0.00355209
v -0.00675632 -0.00628909 0.00367020
v -0.00684770 -0.00621509 0.00377265
v -0.00685376 -0.00679714 0.00258020
v -0.00685376 -0.00672883 0.00274669
v -0.00687460 -0.00660360 0.00303413
v -0.00680116 -0.00655663 0.00315650
v -0.00687460 -0.00649686 0.00325469
v -0.00598601 0.00667827 -0.00144255
v -0.00579308 0.00340085 -0.00013341
v -0.00579308 0.00336385 -0.00039524
v -0.00579308 0.00332685 -0.00065137
v -0.00602116 0.00694012 -0.00039524
v -0.00612878 0.00711801 -0.00039524
v -0.00632996 0.00721478 -0.00013341
v -0.00632996 0.00721336 0.00012699
v -0.00632996 0.00720482 0.00038882
v -0.00632996 0.00718632 0.00065065
v -0.00632996 0.00715643 0.00091247
v -0.00631227 0.00711089 0.00118426
v -0.00639492 0.00709239 0.00143755
v -0.00626403 0.00704970 0.00143755
v -0.00632996 0.00694297 0.00196121
v -0.00632172 0.00685900 0.00223015
v -0.00640365 0.00682769 0.00240375
v -0.00632172 0.00676935 0.00248913
v -0.00659198 0.00679639 0.00258020
v -0.00659198 0.00672950 0.00274669
v -0.00657113 0.00660427 0.00303413
v -0.00664458 0.00655588 0.00315650
v -0.00657113 0.00649753 0.00325469
v -0.00659804 0.00634384 0.00355209
v -0.00668942 0.00628976 0.00367020
v -0.00659804 0.00621433 0.00377265
v -0.00668942 -0.00628909 0.00367020
v -0.00659804 -0.00621509 0.00377265
v -0.00659804 -0.00634317 0.00355209
v -0.00646982 -0.00654667 0.00313800
v -0.00640365 -0.00682845 0.00240375
v -0.00632172 -0.00685976 0.00223015
v -0.00632996 -0.00694372 0.00196121
v -0.00626379 -0.00705045 0.00143755
v -0.00639492 -0.00709172 0.00143755
v -0.00631202 -0.00711307 0.00118426
v -0.00632996 -0.00715719 0.00091247
v -0.00632996 -0.00718565 0.00065065
v -0.00632996 -0.00720557 0.00038882
v -0.00632996 -0.00721553 0.00012699
v -0.00612296 -0.00712303 -0.00013341
v -0.00598601 -0.00667902 -0.00144255
v -0.00579308 -0.00333187 -0.00062007
v -0.00579308 -0.00337314 -0.00034686
v -0.00579308 -0.00340018 -0.00013341
v -0.00602068 -0.00694087 -0.00039524
v -0.00685376 0.00684335 0.00244786
v -0.00685376 0.00691877 0.00222303
v -0.00685376 0.00699847 0.00196121
v -0.00699773 0.00707531 0.00158412
v -0.00709711 0.00702124 0.00168230
v -0.00704912 0.00709097 0.00143755
v -0.00713323 0.00711232 0.00118426
v -0.00711553 0.00715785 0.00091247
v -0.00826929 0.00540174 -0.00055176
v -0.00734677 0.00663842 -0.00249128
v -0.00729878 0.00658577 -0.00275310
v -0.00744275 0.00640503 -0.00276022
v -0.00748687 0.00623283 -0.00301493
v -0.00826929 0.00453222 -0.00218107
v -0.00826929 0.00455641 -0.00213696
v -0.00748154 0.00595960 -0.00353858
v -0.00749511 0.00572194 -0.00387298
v -0.00751402 0.00578029 -0.00369796
v -0.00826929 0.00374951 -0.00349590
v -0.00711553 0.00718489 -0.00065706
v -0.00711553 0.00715643 -0.00091889
v -0.00726193 0.00707958 -0.00110530
v -0.00723091 0.00706678 -0.00127890
v -0.00730993 0.00685331 -0.00196620
v -0.00685376 0.00724040 0.00065065
v -0.00685376 0.00725890 0.00038882
v -0.00685376 0.00726886 0.00012699
v -0.00685376 0.00726743 -0.00013341
v -0.00685376 0.00725890 -0.00039524
v -0.00826929 -0.00551777 -0.00032836
v -0.00749729 -0.00651821 -0.00227641
v -0.00750893 -0.00654952 -0.00210281
v -0.00747354 -0.00673595 -0.00170437
v -0.00749099 -0.00676583 -0.00144255
v -0.00750190 -0.00679145 -0.00118072
v -0.00750699 -0.00680568 -0.00101992
v -0.00751135 -0.00681706 -0.00084632
v -0.00744809 -0.00696791 -0.00039524
v -0.00711553 -0.00721411 -0.00013341
v -0.00711553 -0.00721553 0.00012699
v -0.00731720 -0.00711734 -0.00039524
v -0.00711553 -0.00720557 0.00038882
v -0.00711553 -0.00718565 0.00065065
v -0.00711553 -0.00715719 0.00091247
v -0.00726242 -0.00708034 0.00110173
v -0.00713347 -0.00711307 0.00118426
v -0.00705057 -0.00709172 0.00143755
v -0.00699967 -0.00707607 0.00158696
v -0.00709808 -0.00702199 0.00168373
v -0.00685376 -0.00699922 0.00196121
v -0.00685376 -0.00692095 0.00222303
v -0.00685376 -0.00684410 0.00244929
v -0.00659198 -0.00679714 0.00258020
v -0.00659198 -0.00672883 0.00274669
v -0.00664458 -0.00655663 0.00315650
v -0.00579308 0.00326708 -0.00092601
v -0.00579308 0.00321158 -0.00115084
v -0.00598456 0.00641642 -0.00222803
v -0.00599523 0.00641642 -0.00249128
v -0.00599716 0.00667827 -0.00170437
v -0.00603352 0.00694012 -0.00065706
v -0.00614138 0.00710805 -0.00065706
v -0.00632996 0.00720482 -0.00039524
v -0.00659198 0.00725890 -0.00039524
v -0.00659198 0.00726743 -0.00013341
v -0.00659198 0.00726743 0.00012699
v -0.00659198 0.00725890 0.00038882
v -0.00659198 0.00723897 0.00065065
v -0.00659198 0.00721051 0.00091247
v -0.00659198 0.00717209 0.00117572
v -0.00644631 0.00707531 0.00158696
v -0.00634741 0.00702124 0.00168373
v -0.00659198 0.00699989 0.00196121
v -0.00659198 0.00692020 0.00222303
v -0.00659198 0.00684335 0.00244786
v -0.00657113 -0.00649686 0.00325469
v -0.00657113 -0.00660360 0.00303413
v -0.00659198 -0.00684410 0.00244929
v -0.00659198 -0.00692095 0.00222303
v -0.00659198 -0.00699922 0.00196121
v -0.00644631 -0.00707607 0.00158696
v -0.00634741 -0.00702199 0.00168373
v -0.00659198 -0.00717426 0.00117572
v -0.00659198 -0.00721269 0.00091247
v -0.00659198 -0.00724115 0.00065065
v -0.00659198 -0.00725965 0.00038882
v -0.00659198 -0.00726961 0.00012699
v -0.00632996 -0.00721411 -0.00013341
v -0.00612854 -0.00711734 -0.00039524
v -0.00599716 -0.00667902 -0.00170437
v -0.00599523 -0.00641717 -0.00249128
v -0.00598456 -0.00641717 -0.00222803
v -0.00579308 -0.00321518 -0.00114372
v -0.00579308 -0.00327210 -0.00090608
v -0.00579308 -0.00332618 -0.00065137
v -0.00603279 -0.00694087 -0.00065706
v -0.00685376 0.00705397 0.00175345
v -0.00685376 0.00708385 0.00162254
v -0.00685376 0.00712370 0.00143755
v -0.00685376 0.00717209 0.00117572
v -0.00685376 0.00721193 0.00091247
v -0.00727454 0.00682627 -0.00215119
v -0.00725878 0.00655446 -0.00289967
v -0.00730508 0.00633388 -0.00327676
v -0.00734144 0.00642353 -0.00299785
v -0.00721418 0.00679923 -0.00232621
v -0.00744760 0.00614745 -0.00328530
v -0.00733877 0.00615741 -0.00352293
v -0.00730314 0.00607202 -0.00374634
v -0.00739912 0.00589840 -0.00380895
v -0.00732229 0.00583721 -0.00406224
v -0.00746142 0.00563371 -0.00407505
v -0.00747620 0.00542309 -0.00432407
v -0.00750384 0.00548428 -0.00417181
v -0.00826929 0.00292269 -0.00476519
v -0.00826929 0.00304792 -0.00458589
v -0.00826929 0.00324004 -0.00430841
v -0.00685376 0.00723897 -0.00065706
v -0.00685376 0.00721051 -0.00091889
v -0.00685376 0.00717209 -0.00118072
v -0.00713226 0.00711232 -0.00118783
v -0.00704694 0.00709097 -0.00144255
v -0.00717783 0.00704970 -0.00144255
v -0.00659198 0.00724040 -0.00065706
v -0.00750335 -0.00600731 -0.00337779
v -0.00750384 -0.00627201 -0.00285271
v -0.00747790 -0.00647836 -0.00249128
v -0.00826929 -0.00453440 -0.00218249
v -0.00744178 -0.00670037 -0.00196620
v -0.00734265 -0.00688964 -0.00170437
v -0.00735986 -0.00691953 -0.00144255
v -0.00743257 -0.00691953 -0.00092743
v -0.00743597 -0.00695795 -0.00065706
v -0.00711553 -0.00720557 -0.00039524
v -0.00685376 -0.00726819 -0.00013341
v -0.00685376 -0.00726961 0.00012699
v -0.00730484 -0.00710738 -0.00065706
v -0.00685376 -0.00725965 0.00038882
v -0.00685376 -0.00724115 0.00065065
v -0.00685376 -0.00721269 0.00091247
v -0.00685376 -0.00717426 0.00117572
v -0.00685376 -0.00708461 0.00162538
v -0.00685376 -0.00705472 0.00175630
v -0.00685376 -0.00712588 0.00143755
v -0.00579308 0.00320873 -0.00115937
v -0.00598359 0.00615456 -0.00275310
v -0.00599014 0.00615456 -0.00301493
v -0.00603885 0.00641642 -0.00275310
v -0.00602698 0.00667827 -0.00196620
v -0.00603279 0.00615456 -0.00327676
v -0.00610503 0.00688889 -0.00170437
v -0.00609388 0.00691877 -0.00144255
v -0.00605437 0.00694012 -0.00091889
v -0.00616199 0.00709381 -0.00091889
v -0.00632996 0.00718489 -0.00065706
v -0.00659198 0.00712512 0.00143755
v -0.00659198 0.00708385 0.00162538
v -0.00659198 0.00705397 0.00175630
v -0.00659198 -0.00705472 0.00175630
v -0.00659198 -0.00708461 0.00162538
v -0.00659198 -0.00712588 0.00143755
v -0.00659198 -0.00726819 -0.00013341
v -0.00632996 -0.00720557 -0.00039524
v -0.00614066 -0.00710738 -0.00065706
v -0.00602698 -0.00667902 -0.00196620
v -0.00605388 -0.00694087 -0.00091889
v -0.00609388 -0.00691953 -0.00144255
v -0.00610503 -0.00688964 -0.00170437
v -0.00603885 -0.00641717 -0.00275310
v -0.00603279 -0.00615532 -0.00327676
v -0.00599014 -0.00615532 -0.00301493
v -0.00598359 -0.00615532 -0.00275310
v -0.00579308 -0.00321233 -0.00115084
v -0.00711553 0.00694012 -0.00196620
v -0.00711553 0.00666973 -0.00275310
v -0.00711553 0.00658150 -0.00295801
v -0.00711553 0.00652173 -0.00308893
v -0.00726145 0.00629545 -0.00342475
v -0.00712232 0.00685758 -0.00223514
v -0.00703967 0.00682769 -0.00240874
v -0.00712232 0.00676935 -0.00249412
v -0.00722921 0.00601652 -0.00391994
v -0.00727333 0.00578171 -0.00422019
v -0.00734168 0.00562944 -0.00431410
v -0.00729538 0.00554120 -0.00450621
v -0.00738773 0.00535335 -0.00456739
v -0.00748008 0.00515981 -0.00463000
v -0.00750844 0.00523808 -0.00445498
v -0.00826929 0.00274907 -0.00485768
v -0.00751086 0.00498619 -0.00472677
v -0.00748178 0.00489796 -0.00490179
v -0.00747887 0.00462757 -0.00516220
v -0.00750868 0.00445253 -0.00524188
v -0.00747596 0.00432160 -0.00542545
v -0.00750359 0.00416791 -0.00548663
v -0.00749462 0.00386905 -0.00572427
v -0.00748154 0.00353605 -0.00596191
v -0.00750311 0.00337381 -0.00601029
v -0.00659198 0.00721051 -0.00091889
v -0.00659198 0.00717209 -0.00118072
v -0.00685376 0.00712370 -0.00144255
v -0.00699628 0.00707531 -0.00158769
v -0.00709638 0.00701981 -0.00168730
v -0.00632996 0.00715643 -0.00091889
v -0.00751402 -0.00577962 -0.00369796
v -0.00749535 -0.00572269 -0.00387298
v -0.00748154 -0.00596035 -0.00353858
v -0.00748687 -0.00623359 -0.00301493
v -0.00826929 -0.00372180 -0.00354143
v -0.00744275 -0.00640578 -0.00276022
v -0.00729878 -0.00658652 -0.00275310
v -0.00734677 -0.00663775 -0.00249128
v -0.00731065 -0.00685406 -0.00196620
v -0.00723139 -0.00706611 -0.00128033
v -0.00726193 -0.00708034 -0.00110530
v -0.00728375 -0.00709315 -0.00091889
v -0.00711553 -0.00718565 -0.00065706
v -0.00685376 -0.00725965 -0.00039524
v -0.00579308 0.00295542 -0.00168587
v -0.00598359 0.00589271 -0.00327676
v -0.00598505 0.00563086 -0.00380041
v -0.00599498 0.00589271 -0.00353858
v -0.00611084 0.00642353 -0.00299785
v -0.00610284 0.00663842 -0.00249128
v -0.00601825 0.00563086 -0.00406224
v -0.00608006 0.00591548 -0.00382033
v -0.00611302 0.00615741 -0.00352293
v -0.00614066 0.00633388 -0.00327676
v -0.00613484 0.00685473 -0.00196620
v -0.00621434 0.00706678 -0.00128033
v -0.00618356 0.00707958 -0.00110530
v -0.00659198 -0.00725965 -0.00039524
v -0.00632996 -0.00718565 -0.00065706
v -0.00616174 -0.00709315 -0.00091889
v -0.00610284 -0.00663775 -0.00249128
v -0.00618356 -0.00708034 -0.00110530
v -0.00621410 -0.00706611 -0.00128033
v -0.00613484 -0.00685406 -0.00196620
v -0.00611084 -0.00642429 -0.00299785
v -0.00611302 -0.00615674 -0.00352293
v -0.00608006 -0.00591481 -0.00382033
v -0.00601825 -0.00563161 -0.00406224
v -0.00599498 -0.00589347 -0.00353858
v -0.00614066 -0.00633463 -0.00327676
v -0.00598505 -0.00563161 -0.00380041
v -0.00598359 -0.00589347 -0.00327676
v -0.00579308 -0.00295617 -0.00168587
v -0.00685376 0.00699704 -0.00196620
v -0.00696598 0.00654592 -0.00314015
v -0.00711553 0.00642780 -0.00327676
v -0.00711553 0.00632249 -0.00347455
v -0.00711553 0.00624991 -0.00360546
v -0.00685376 0.00679496 -0.00258235
v -0.00685376 0.00672665 -0.00275310
v -0.00685376 0.00691735 -0.00222803
v -0.00685376 0.00684335 -0.00245143
v -0.00713129 0.00611472 -0.00382033
v -0.00705469 0.00604925 -0.00396975
v -0.00713129 0.00595818 -0.00405939
v -0.00711553 0.00581586 -0.00426857
v -0.00711553 0.00572052 -0.00439948
v -0.00717128 0.00546863 -0.00467981
v -0.00730532 0.00529501 -0.00477942
v -0.00739355 0.00510004 -0.00484060
v -0.00747693 0.00248722 -0.00648129
v -0.00750020 0.00222536 -0.00652825
v -0.00750844 0.00209444 -0.00655102
v -0.00747305 0.00170166 -0.00673743
v -0.00826929 0.00259537 -0.00490037
v -0.00748638 0.00301092 -0.00623512
v -0.00750384 0.00284726 -0.00627354
v -0.00730702 0.00503885 -0.00504267
v -0.00739282 0.00483819 -0.00510243
v -0.00730411 0.00477700 -0.00529738
v -0.00738701 0.00456495 -0.00535714
v -0.00734289 0.00431164 -0.00563178
v -0.00746239 0.00407256 -0.00563605
v -0.00730338 0.00374240 -0.00607432
v -0.00733901 0.00352039 -0.00615970
v -0.00744736 0.00328131 -0.00614974
v -0.00732350 0.00405975 -0.00584095
v -0.00639686 0.00709097 -0.00144255
v -0.00644752 0.00707531 -0.00159053
v -0.00659198 0.00712370 -0.00144255
v -0.00659198 0.00708385 -0.00162611
v -0.00685376 0.00708385 -0.00162469
v -0.00685376 0.00705255 -0.00175560
v -0.00631299 0.00711089 -0.00118783
v -0.00826929 -0.00320806 -0.00436391
v -0.00750384 -0.00548361 -0.00417181
v -0.00747620 -0.00542242 -0.00432407
v -0.00746190 -0.00563304 -0.00407505
v -0.00732277 -0.00583654 -0.00406224
v -0.00739912 -0.00589916 -0.00380895
v -0.00826929 -0.00300740 -0.00465277
v -0.00730314 -0.00607135 -0.00374634
v -0.00733877 -0.00615674 -0.00352293
v -0.00744760 -0.00614678 -0.00328530
v -0.00730508 -0.00633463 -0.00327676
v -0.00734144 -0.00642429 -0.00299785
v -0.00725878 -0.00655521 -0.00289967
v -0.00721443 -0.00679856 -0.00232621
v -0.00727502 -0.00682703 -0.00215119
v -0.00717977 -0.00705045 -0.00144255
v -0.00704863 -0.00709172 -0.00144255
v -0.00713274 -0.00711165 -0.00118783
v -0.00711553 -0.00715719 -0.00091889
v -0.00685376 -0.00723973 -0.00065706
v -0.00579308 0.00294973 -0.00169583
v -0.00579308 0.00287288 -0.00181252
v -0.00579308 0.00276045 -0.00198043
v -0.00579308 0.00264660 -0.00212557
v -0.00579308 0.00253275 -0.00225649
v -0.00598359 0.00536901 -0.00406224
v -0.00599329 0.00510716 -0.00458589
v -0.00600056 0.00536901 -0.00432407
v -0.00614672 0.00658577 -0.00275310
v -0.00617047 0.00682769 -0.00215119
v -0.00611012 0.00562944 -0.00431410
v -0.00612611 0.00583721 -0.00406224
v -0.00609121 0.00537612 -0.00459016
v -0.00614235 0.00607202 -0.00374634
v -0.00618404 0.00629545 -0.00342475
v -0.00618671 0.00655446 -0.00289967
v -0.00626597 0.00704970 -0.00144255
v -0.00659198 -0.00723973 -0.00065706
v -0.00632996 -0.00715719 -0.00091889
v -0.00614672 -0.00658652 -0.00275310
v -0.00617047 -0.00682703 -0.00215119
v -0.00631275 -0.00711165 -0.00118783
v -0.00639686 -0.00709172 -0.00144255
v -0.00626573 -0.00705045 -0.00144255
v -0.00614235 -0.00607135 -0.00374634
v -0.00612611 -0.00583654 -0.00406224
v -0.00611012 -0.00563019 -0.00431410
v -0.00609121 -0.00537688 -0.00459016
v -0.00600056 -0.00536834 -0.00432407
v -0.00618671 -0.00655521 -0.00289967
v -0.00618404 -0.00629478 -0.00342475
v -0.00599329 -0.00510649 -0.00458589
v -0.00598359 -0.00536834 -0.00406224
v -0.00579308 -0.00251216 -0.00227641
v -0.00579308 -0.00275978 -0.00198043
v -0.00579308 -0.00276405 -0.00197474
v -0.00659198 0.00699704 -0.00196620
v -0.00659198 0.00691877 -0.00222803
v -0.00659198 0.00705255 -0.00175702
v -0.00686878 0.00660284 -0.00303770
v -0.00679122 0.00655588 -0.00316007
v -0.00686878 0.00649611 -0.00325968
v -0.00691532 0.00627695 -0.00365527
v -0.00659198 0.00679496 -0.00258235
v -0.00659198 0.00672665 -0.00275310
v -0.00659198 0.00684335 -0.00245143
v -0.00685376 0.00606918 -0.00399963
v -0.00685376 0.00598094 -0.00413054
v -0.00690296 0.00575182 -0.00444075
v -0.00699676 0.00550420 -0.00472250
v -0.00709663 0.00557394 -0.00459016
v -0.00709445 0.00536047 -0.00483776
v -0.00719213 0.00521389 -0.00495444
v -0.00744251 0.00275618 -0.00640730
v -0.00729853 0.00274907 -0.00658802
v -0.00734604 0.00248722 -0.00663924
v -0.00730944 0.00196351 -0.00685553
v -0.00745390 0.00198913 -0.00667197
v -0.00734216 0.00170166 -0.00689111
v -0.00749050 0.00143981 -0.00676873
v -0.00826929 0.00248579 -0.00492171
v -0.00734144 0.00299526 -0.00642580
v -0.00730508 0.00327419 -0.00633615
v -0.00719455 0.00495204 -0.00521769
v -0.00729538 0.00450376 -0.00554355
v -0.00727575 0.00421771 -0.00578546
v -0.00726218 0.00342220 -0.00629915
v -0.00722776 0.00391744 -0.00601883
v -0.00634814 0.00701981 -0.00168872
v -0.00632996 0.00694154 -0.00196620
v -0.00750844 -0.00523884 -0.00445498
v -0.00748008 -0.00516057 -0.00463000
v -0.00826929 -0.00292202 -0.00476519
v -0.00729538 -0.00554196 -0.00450621
v -0.00734192 -0.00563019 -0.00431410
v -0.00738773 -0.00535411 -0.00456739
v -0.00727405 -0.00578104 -0.00422019
v -0.00722921 -0.00601728 -0.00391994
v -0.00726145 -0.00629478 -0.00342475
v -0.00711553 -0.00652248 -0.00308893
v -0.00711553 -0.00658083 -0.00295801
v -0.00711553 -0.00666906 -0.00275310
v -0.00712256 -0.00676868 -0.00249412
v -0.00703967 -0.00682703 -0.00240874
v -0.00712256 -0.00685833 -0.00223514
v -0.00711553 -0.00694230 -0.00196620
v -0.00699822 -0.00707607 -0.00159053
v -0.00709735 -0.00702057 -0.00168872
v -0.00685376 -0.00717284 -0.00118072
v -0.00685376 -0.00721126 -0.00091889
v -0.00579308 0.00239471 -0.00239736
v -0.00599207 0.00484530 -0.00484772
v -0.00608442 0.00511854 -0.00485910
v -0.00623131 0.00679923 -0.00232621
v -0.00615011 0.00554120 -0.00450621
v -0.00617144 0.00578171 -0.00422019
v -0.00614017 0.00529501 -0.00477942
v -0.00621628 0.00601652 -0.00391994
v -0.00632996 0.00632249 -0.00347597
v -0.00632996 0.00642780 -0.00327676
v -0.00632996 0.00652173 -0.00308893
v -0.00632996 0.00624991 -0.00360689
v -0.00632996 0.00658150 -0.00295801
v -0.00632996 0.00666973 -0.00275310
v -0.00659198 -0.00721126 -0.00091889
v -0.00659198 -0.00717284 -0.00118072
v -0.00623107 -0.00679856 -0.00232621
v -0.00632996 -0.00694230 -0.00196620
v -0.00644752 -0.00707607 -0.00159053
v -0.00634814 -0.00702057 -0.00168872
v -0.00621628 -0.00601728 -0.00391994
v -0.00617144 -0.00578104 -0.00422019
v -0.00615011 -0.00554196 -0.00450621
v -0.00614017 -0.00529434 -0.00477942
v -0.00608442 -0.00511930 -0.00485910
v -0.00632317 -0.00676868 -0.00249412
v -0.00632996 -0.00666906 -0.00275310
v -0.00632996 -0.00658083 -0.00295801
v -0.00632996 -0.00652248 -0.00308893
v -0.00632996 -0.00642855 -0.00327676
v -0.00632996 -0.00632324 -0.00347597
v -0.00632996 -0.00625067 -0.00360689
v -0.00599207 -0.00484464 -0.00484772
v -0.00579308 -0.00225316 -0.00253539
v -0.00640583 0.00682769 -0.00240874
v -0.00665233 0.00655588 -0.00316007
v -0.00674056 0.00628834 -0.00367234
v -0.00683824 0.00634099 -0.00355566
v -0.00683824 0.00621149 -0.00377622
v -0.00647782 0.00654592 -0.00314158
v -0.00657574 0.00660284 -0.00303770
v -0.00659198 0.00606918 -0.00399963
v -0.00672844 0.00576321 -0.00445640
v -0.00683097 0.00583294 -0.00434256
v -0.00683097 0.00566359 -0.00456028
v -0.00685376 0.00551559 -0.00473530
v -0.00685376 0.00539889 -0.00486622
v -0.00685376 0.00526797 -0.00500994
v -0.00701761 0.00525089 -0.00499286
v -0.00710608 0.00510289 -0.00510528
v -0.00725975 0.00289707 -0.00655813
v -0.00727381 0.00214709 -0.00682992
v -0.00722679 0.00127188 -0.00706756
v -0.00726193 0.00109684 -0.00708321
v -0.00735962 0.00143981 -0.00692099
v -0.00743088 0.00092037 -0.00692099
v -0.00743427 0.00065425 -0.00695941
v -0.00750165 0.00117796 -0.00679435
v -0.00826929 0.00228798 -0.00493310
v -0.00750674 0.00101145 -0.00680858
v -0.00751086 0.00083641 -0.00681854
v -0.00751450 0.00065425 -0.00682850
v -0.00751814 0.00039240 -0.00683846
v -0.00702003 0.00499046 -0.00525469
v -0.00699846 0.00472007 -0.00550798
v -0.00717298 0.00467738 -0.00547240
v -0.00711553 0.00439703 -0.00572142
v -0.00711553 0.00426610 -0.00582103
v -0.00711553 0.00360293 -0.00625219
v -0.00711553 0.00347201 -0.00632619
v -0.00711553 0.00327419 -0.00643007
v -0.00713056 0.00405548 -0.00596191
v -0.00705324 0.00396582 -0.00605155
v -0.00713056 0.00381640 -0.00611701
v -0.00632317 0.00685758 -0.00223514
v -0.00748178 -0.00490014 -0.00490179
v -0.00739355 -0.00509937 -0.00484060
v -0.00730532 -0.00529434 -0.00477942
v -0.00826929 -0.00285655 -0.00480218
v -0.00748154 -0.00353538 -0.00596191
v -0.00749462 -0.00386838 -0.00572427
v -0.00750359 -0.00416866 -0.00548663
v -0.00747596 -0.00432093 -0.00542545
v -0.00750893 -0.00445328 -0.00524188
v -0.00747887 -0.00462832 -0.00516362
v -0.00719213 -0.00521464 -0.00495444
v -0.00717128 -0.00546938 -0.00467981
v -0.00711553 -0.00571985 -0.00439948
v -0.00711553 -0.00581662 -0.00426857
v -0.00713129 -0.00595893 -0.00405939
v -0.00705469 -0.00604858 -0.00396975
v -0.00713129 -0.00611547 -0.00382033
v -0.00711553 -0.00625067 -0.00360689
v -0.00711553 -0.00632324 -0.00347597
v -0.00711553 -0.00642855 -0.00327676
v -0.00696792 -0.00654525 -0.00314158
v -0.00685376 -0.00684268 -0.00245143
v -0.00685376 -0.00691810 -0.00222803
v -0.00685376 -0.00699780 -0.00196620
v -0.00685376 -0.00672741 -0.00275310
v -0.00685376 -0.00679572 -0.00258235
v -0.00685376 -0.00705330 -0.00175987
v -0.00685376 -0.00708461 -0.00162753
v -0.00685376 -0.00712445 -0.00144255
v -0.00579308 0.00227375 -0.00251547
v -0.00608491 0.00485669 -0.00512235
v -0.00598359 0.00405975 -0.00537137
v -0.00598529 0.00379790 -0.00563320
v -0.00599401 0.00458345 -0.00510955
v -0.00613848 0.00503885 -0.00504267
v -0.00632317 0.00676935 -0.00249412
v -0.00627421 0.00546863 -0.00467981
v -0.00632996 0.00571909 -0.00439948
v -0.00632996 0.00581729 -0.00426857
v -0.00625337 0.00521389 -0.00495444
v -0.00631421 0.00595960 -0.00405939
v -0.00639080 0.00604925 -0.00396975
v -0.00631421 0.00611472 -0.00382033
v -0.00652944 0.00627837 -0.00365527
v -0.00659198 -0.00712445 -0.00144255
v -0.00632317 -0.00685833 -0.00223514
v -0.00640583 -0.00682703 -0.00240874
v -0.00659198 -0.00699780 -0.00196620
v -0.00659198 -0.00705330 -0.00175987
v -0.00659198 -0.00708461 -0.00162753
v -0.00631421 -0.00611547 -0.00382033
v -0.00639080 -0.00604858 -0.00396975
v -0.00631421 -0.00595893 -0.00405939
v -0.00632996 -0.00581662 -0.00426857
v -0.00632996 -0.00571985 -0.00439948
v -0.00627421 -0.00546938 -0.00467981
v -0.00625337 -0.00521464 -0.00495444
v -0.00613848 -0.00503960 -0.00504267
v -0.00608491 -0.00485602 -0.00512235
v -0.00647782 -0.00654525 -0.00314158
v -0.00652532 -0.00627771 -0.00365527
v -0.00599401 -0.00458278 -0.00510955
v -0.00598529 -0.00379723 -0.00563320
v -0.00598359 -0.00405908 -0.00537137
v -0.00579308 -0.00198134 -0.00276022
v -0.00657574 0.00649611 -0.00325968
v -0.00670396 0.00628834 -0.00367234
v -0.00660677 0.00621291 -0.00377622
v -0.00659198 0.00598094 -0.00413054
v -0.00671778 0.00576321 -0.00445640
v -0.00659198 0.00551559 -0.00473530
v -0.00659198 0.00539889 -0.00486622
v -0.00659198 0.00526797 -0.00500994
v -0.00685376 0.00513847 -0.00514085
v -0.00711553 0.00308492 -0.00652256
v -0.00711553 0.00295399 -0.00658375
v -0.00711553 0.00274907 -0.00667055
v -0.00712159 0.00249006 -0.00677016
v -0.00721297 0.00232213 -0.00680146
v -0.00711553 0.00196351 -0.00694234
v -0.00709735 0.00168601 -0.00702202
v -0.00717613 0.00143981 -0.00705190
v -0.00704524 0.00143981 -0.00709317
v -0.00712983 0.00118223 -0.00711451
v -0.00711553 0.00091610 -0.00715720
v -0.00711553 0.00065425 -0.00718566
v -0.00728181 0.00091610 -0.00709459
v -0.00730314 0.00065425 -0.00711025
v -0.00744639 0.00039240 -0.00696937
v -0.00752008 0.00013055 -0.00684415
v -0.00826929 0.00222536 -0.00493452
v -0.00745221 0.00013055 -0.00697506
v -0.00685376 0.00500754 -0.00527034
v -0.00685376 0.00486381 -0.00540126
v -0.00685376 0.00473288 -0.00551936
v -0.00685376 0.00458345 -0.00564032
v -0.00685376 0.00443972 -0.00575558
v -0.00709760 0.00458772 -0.00557628
v -0.00685376 0.00430879 -0.00585376
v -0.00685376 0.00412664 -0.00598467
v -0.00690587 0.00365132 -0.00627923
v -0.00695386 0.00313473 -0.00654675
v -0.00685376 0.00399571 -0.00607290
v -0.00739282 -0.00483752 -0.00510385
v -0.00730702 -0.00503960 -0.00504267
v -0.00826929 -0.00274982 -0.00485910
v -0.00750311 -0.00337314 -0.00601029
v -0.00748638 -0.00301167 -0.00623512
v -0.00744736 -0.00328064 -0.00614974
v -0.00733901 -0.00351972 -0.00615970
v -0.00730338 -0.00374173 -0.00607432
v -0.00732350 -0.00405908 -0.00584095
v -0.00746239 -0.00407189 -0.00563605
v -0.00738701 -0.00456571 -0.00535714
v -0.00734289 -0.00431239 -0.00563178
v -0.00730411 -0.00477633 -0.00529738
v -0.00719455 -0.00495137 -0.00521769
v -0.00702003 -0.00499122 -0.00525469
v -0.00701761 -0.00525164 -0.00499286
v -0.00699676 -0.00550496 -0.00472250
v -0.00709663 -0.00557327 -0.00459016
v -0.00690296 -0.00575116 -0.00444075
v -0.00685376 -0.00598170 -0.00413054
v -0.00685376 -0.00606993 -0.00399963
v -0.00692041 -0.00627771 -0.00365527
v -0.00679340 -0.00655521 -0.00316007
v -0.00687000 -0.00660217 -0.00303770
v -0.00684139 -0.00634175 -0.00355708
v -0.00687000 -0.00649544 -0.00325968
v -0.00659198 -0.00684268 -0.00245143
v -0.00659198 -0.00691810 -0.00222803
v -0.00659198 -0.00672741 -0.00275310
v -0.00659198 -0.00679572 -0.00258235
v -0.00579308 0.00212148 -0.00264923
v -0.00600080 0.00432160 -0.00537137
v -0.00609194 0.00458772 -0.00537991
v -0.00614138 0.00477700 -0.00529738
v -0.00579308 0.00197632 -0.00276306
v -0.00579308 0.00197063 -0.00276733
v -0.00579308 0.00180982 -0.00287548
v -0.00579308 0.00168316 -0.00295801
v -0.00598359 0.00327419 -0.00589645
v -0.00599062 0.00301092 -0.00615828
v -0.00599474 0.00353605 -0.00589645
v -0.00625094 0.00495204 -0.00521769
v -0.00644897 0.00550420 -0.00472250
v -0.00634887 0.00557394 -0.00459016
v -0.00635105 0.00536047 -0.00483776
v -0.00654302 0.00575040 -0.00444075
v -0.00642813 0.00525089 -0.00499286
v -0.00633966 0.00510289 -0.00510528
v -0.00660677 0.00634099 -0.00355566
v -0.00659198 -0.00606993 -0.00399963
v -0.00659198 -0.00598170 -0.00413054
v -0.00654277 -0.00575116 -0.00444075
v -0.00644897 -0.00550496 -0.00472250
v -0.00634887 -0.00557327 -0.00459016
v -0.00642813 -0.00525164 -0.00499286
v -0.00642570 -0.00499122 -0.00525469
v -0.00625094 -0.00495137 -0.00521769
v -0.00614138 -0.00477633 -0.00529738
v -0.00609194 -0.00458705 -0.00537991
v -0.00600080 -0.00432093 -0.00537137
v -0.00657574 -0.00660217 -0.00303770
v -0.00665233 -0.00655521 -0.00316007
v -0.00657574 -0.00649544 -0.00325968
v -0.00660434 -0.00634175 -0.00355708
v -0.00670008 -0.00628767 -0.00367377
v -0.00660434 -0.00621224 -0.00377622
v -0.00599474 -0.00353538 -0.00589645
v -0.00599062 -0.00301167 -0.00615828
v -0.00598359 -0.00327352 -0.00589645
v -0.00579308 -0.00168249 -0.00295801
v -0.00579308 -0.00169245 -0.00295232
v -0.00579308 -0.00197707 -0.00276306
v -0.00661501 0.00583294 -0.00434114
v -0.00659198 0.00513847 -0.00514085
v -0.00685376 0.00274907 -0.00672889
v -0.00703821 0.00240325 -0.00682992
v -0.00712159 0.00223106 -0.00685980
v -0.00699798 0.00158639 -0.00707894
v -0.00685376 0.00117796 -0.00717286
v -0.00685376 0.00091610 -0.00721128
v -0.00685376 0.00065425 -0.00723974
v -0.00711553 0.00039240 -0.00720559
v -0.00731550 0.00039240 -0.00711878
v -0.00826929 0.00041375 -0.00494164
v -0.00826929 0.00146969 -0.00493879
v -0.00826929 0.00200763 -0.00493594
v -0.00752008 -0.00012988 -0.00684415
v -0.00732108 0.00013055 -0.00712448
v -0.00745221 -0.00012988 -0.00697506
v -0.00659198 0.00500754 -0.00527034
v -0.00659198 0.00486381 -0.00540126
v -0.00659198 0.00473288 -0.00551936
v -0.00659198 0.00458345 -0.00564032
v -0.00659198 0.00443972 -0.00575558
v -0.00659198 0.00430879 -0.00585376
v -0.00659198 0.00412664 -0.00598467
v -0.00683267 0.00377228 -0.00621520
v -0.00673111 0.00366839 -0.00628919
v -0.00683267 0.00355170 -0.00634326
v -0.00686151 0.00325427 -0.00649837
v -0.00677910 0.00315465 -0.00655671
v -0.00686151 0.00303369 -0.00660509
v -0.00659198 0.00399571 -0.00607290
v -0.00750384 -0.00284802 -0.00627354
v -0.00826929 -0.00248512 -0.00492171
v -0.00749050 -0.00144056 -0.00676873
v -0.00747305 -0.00170241 -0.00673743
v -0.00749996 -0.00222612 -0.00652825
v -0.00747693 -0.00248797 -0.00648129
v -0.00744251 -0.00275694 -0.00640730
v -0.00734144 -0.00299602 -0.00642580
v -0.00730508 -0.00327352 -0.00633615
v -0.00726218 -0.00342153 -0.00629915
v -0.00722776 -0.00391677 -0.00601883
v -0.00727575 -0.00421847 -0.00578546
v -0.00729538 -0.00450309 -0.00554355
v -0.00717298 -0.00467813 -0.00547240
v -0.00699846 -0.00472083 -0.00550798
v -0.00685376 -0.00500829 -0.00527034
v -0.00685376 -0.00513922 -0.00514085
v -0.00685376 -0.00526730 -0.00500994
v -0.00685376 -0.00539822 -0.00486622
v -0.00685376 -0.00551492 -0.00473530
v -0.00683097 -0.00566292 -0.00456028
v -0.00672844 -0.00576254 -0.00445640
v -0.00683097 -0.00583227 -0.00434256
v -0.00674565 -0.00628767 -0.00367377
v -0.00684139 -0.00621224 -0.00377622
v -0.00601728 0.00405975 -0.00563320
v -0.00610915 0.00431164 -0.00563178
v -0.00615035 0.00450376 -0.00554355
v -0.00579308 0.00167035 -0.00296513
v -0.00598359 0.00274907 -0.00615828
v -0.00598432 0.00222536 -0.00642010
v -0.00599619 0.00248722 -0.00642010
v -0.00603279 0.00327419 -0.00615828
v -0.00642570 0.00499046 -0.00525469
v -0.00627251 0.00467738 -0.00547240
v -0.00644728 0.00472007 -0.00550798
v -0.00671729 -0.00576254 -0.00445640
v -0.00661476 -0.00583227 -0.00434256
v -0.00661476 -0.00566292 -0.00456028
v -0.00659198 -0.00551492 -0.00473530
v -0.00659198 -0.00539822 -0.00486622
v -0.00659198 -0.00526730 -0.00500994
v -0.00659198 -0.00513922 -0.00514085
v -0.00659198 -0.00500829 -0.00527034
v -0.00644728 -0.00472083 -0.00550798
v -0.00627251 -0.00467813 -0.00547240
v -0.00615035 -0.00450309 -0.00554355
v -0.00610915 -0.00431239 -0.00563178
v -0.00601728 -0.00405908 -0.00563320
v -0.00603279 -0.00327352 -0.00615828
v -0.00599619 -0.00248797 -0.00642010
v -0.00598432 -0.00222612 -0.00642010
v -0.00598359 -0.00274982 -0.00615828
v -0.00579308 -0.00114598 -0.00321415
v -0.00659198 0.00274907 -0.00672889
v -0.00685376 0.00257687 -0.00679719
v -0.00685376 0.00244595 -0.00684557
v -0.00685376 0.00222536 -0.00691957
v -0.00685376 0.00196351 -0.00699783
v -0.00685376 0.00175289 -0.00705475
v -0.00685376 0.00162197 -0.00708748
v -0.00685376 0.00143981 -0.00712448
v -0.00659198 0.00117796 -0.00717286
v -0.00659198 0.00091610 -0.00721128
v -0.00659198 0.00065425 -0.00723974
v -0.00685376 0.00039240 -0.00725966
v -0.00711553 0.00013055 -0.00721555
v -0.00826929 -0.00012988 -0.00494164
v -0.00751814 -0.00039173 -0.00683846
v -0.00826929 -0.00222612 -0.00493310
v -0.00826929 -0.00196427 -0.00493594
v -0.00826929 -0.00144056 -0.00493879
v -0.00826929 -0.00091544 -0.00494021
v -0.00732108 -0.00012988 -0.00712448
v -0.00731550 -0.00039173 -0.00711878
v -0.00744639 -0.00039173 -0.00696937
v -0.00632996 0.00426610 -0.00582103
v -0.00639225 0.00396582 -0.00605155
v -0.00671463 0.00366839 -0.00628919
v -0.00666663 0.00315465 -0.00655671
v -0.00654011 0.00365132 -0.00627923
v -0.00661307 0.00377228 -0.00621520
v -0.00751450 -0.00065358 -0.00682850
v -0.00751086 -0.00083574 -0.00681854
v -0.00750674 -0.00101078 -0.00680858
v -0.00750165 -0.00117871 -0.00679435
v -0.00743427 -0.00065358 -0.00695941
v -0.00743088 -0.00092113 -0.00692099
v -0.00735962 -0.00144056 -0.00692099
v -0.00734216 -0.00170241 -0.00689111
v -0.00730944 -0.00196427 -0.00685553
v -0.00745390 -0.00198846 -0.00667197
v -0.00734580 -0.00248797 -0.00663924
v -0.00729853 -0.00274982 -0.00658802
v -0.00725975 -0.00289782 -0.00655813
v -0.00711553 -0.00327352 -0.00643007
v -0.00711553 -0.00347134 -0.00632619
v -0.00711553 -0.00360226 -0.00625219
v -0.00705324 -0.00396516 -0.00605155
v -0.00713056 -0.00405623 -0.00596191
v -0.00711553 -0.00426543 -0.00582103
v -0.00713056 -0.00381715 -0.00611701
v -0.00711553 -0.00439636 -0.00572142
v -0.00709760 -0.00458705 -0.00557628
v -0.00685376 -0.00473221 -0.00551936
v -0.00685376 -0.00444047 -0.00575558
v -0.00612490 0.00405975 -0.00584095
v -0.00608030 0.00381640 -0.00591780
v -0.00616974 0.00421771 -0.00578546
v -0.00579308 0.00114665 -0.00321415
v -0.00598626 0.00143981 -0.00668193
v -0.00599765 0.00170166 -0.00668193
v -0.00603934 0.00274907 -0.00642010
v -0.00602843 0.00196351 -0.00668193
v -0.00614066 0.00327419 -0.00633615
v -0.00611254 0.00352039 -0.00615970
v -0.00611060 0.00299526 -0.00642580
v -0.00632996 0.00439703 -0.00572142
v -0.00634790 0.00458772 -0.00557628
v -0.00659198 -0.00473221 -0.00551936
v -0.00659198 -0.00444047 -0.00575558
v -0.00632996 -0.00426543 -0.00582103
v -0.00632996 -0.00439636 -0.00572142
v -0.00634790 -0.00458705 -0.00557628
v -0.00616974 -0.00421847 -0.00578546
v -0.00612490 -0.00405908 -0.00584095
v -0.00608030 -0.00381715 -0.00591780
v -0.00611254 -0.00351972 -0.00615970
v -0.00614066 -0.00327352 -0.00633615
v -0.00611060 -0.00299602 -0.00642580
v -0.00603934 -0.00274982 -0.00642010
v -0.00602843 -0.00196427 -0.00668193
v -0.00599765 -0.00170241 -0.00668193
v -0.00598626 -0.00144056 -0.00668193
v -0.00579308 -0.00092255 -0.00326680
v -0.00658447 0.00303369 -0.00660509
v -0.00649212 0.00313473 -0.00654675
v -0.00632996 0.00274907 -0.00667055
v -0.00640728 0.00240325 -0.00682992
v -0.00659198 0.00257687 -0.00679719
v -0.00659198 0.00244595 -0.00684557
v -0.00659198 0.00222536 -0.00691957
v -0.00659198 0.00196351 -0.00699783
v -0.00659198 0.00175289 -0.00705475
v -0.00659198 0.00162197 -0.00708748
v -0.00659198 0.00143981 -0.00712448
v -0.00644776 0.00158639 -0.00707894
v -0.00640025 0.00143981 -0.00709317
v -0.00631566 0.00118223 -0.00711451
v -0.00632996 0.00091610 -0.00715720
v -0.00632996 0.00065425 -0.00718566
v -0.00659198 0.00039240 -0.00725966
v -0.00685376 0.00013055 -0.00726962
v -0.00711553 -0.00012988 -0.00721555
v -0.00711553 -0.00039173 -0.00720559
v -0.00730314 -0.00065358 -0.00711025
v -0.00621774 0.00391744 -0.00601883
v -0.00631493 0.00405548 -0.00596191
v -0.00631493 0.00381640 -0.00611701
v -0.00632996 0.00360293 -0.00625219
v -0.00661307 0.00355170 -0.00634326
v -0.00658447 0.00325427 -0.00649837
v -0.00632996 0.00347201 -0.00632619
v -0.00728181 -0.00091544 -0.00709459
v -0.00726193 -0.00109759 -0.00708321
v -0.00727381 -0.00214642 -0.00682992
v -0.00722679 -0.00127121 -0.00706756
v -0.00721297 -0.00232147 -0.00680146
v -0.00711553 -0.00274982 -0.00667055
v -0.00711553 -0.00295333 -0.00658375
v -0.00711553 -0.00308425 -0.00652256
v -0.00695386 -0.00313548 -0.00654675
v -0.00690587 -0.00365065 -0.00627923
v -0.00685376 -0.00399646 -0.00607290
v -0.00685376 -0.00412739 -0.00598467
v -0.00685376 -0.00430955 -0.00585376
v -0.00614235 0.00374240 -0.00607432
v -0.00579308 0.00090330 -0.00327249
v -0.00579308 0.00064571 -0.00332656
v -0.00598359 0.00117796 -0.00668193
v -0.00601656 0.00013055 -0.00694376
v -0.00602213 0.00039240 -0.00694376
v -0.00603449 0.00065425 -0.00694376
v -0.00605582 0.00091610 -0.00694376
v -0.00609388 0.00143981 -0.00692099
v -0.00610551 0.00170166 -0.00689111
v -0.00610381 0.00248722 -0.00663924
v -0.00618332 0.00342220 -0.00629915
v -0.00614696 0.00274907 -0.00658802
v -0.00618574 0.00289707 -0.00655813
v -0.00659198 -0.00430955 -0.00585376
v -0.00659198 -0.00412739 -0.00598467
v -0.00639225 -0.00396516 -0.00605155
v -0.00631493 -0.00405623 -0.00596191
v -0.00621774 -0.00391677 -0.00601883
v -0.00614235 -0.00374173 -0.00607432
v -0.00618332 -0.00342153 -0.00629915
v -0.00618574 -0.00289782 -0.00655813
v -0.00614696 -0.00274982 -0.00658802
v -0.00610381 -0.00248797 -0.00663924
v -0.00610551 -0.00170241 -0.00689111
v -0.00609388 -0.00144056 -0.00692099
v -0.00605582 -0.00091544 -0.00694376
v -0.00603449 -0.00065358 -0.00694376
v -0.00602213 -0.00039173 -0.00694376
v -0.00601656 -0.00012988 -0.00694376
v -0.00598359 -0.00117871 -0.00668193
v -0.00579308 -0.00064362 -0.00332656
v -0.00632996 0.00308492 -0.00652256
v -0.00632996 0.00295399 -0.00658375
v -0.00632996 0.00327419 -0.00643007
v -0.00632390 0.00249006 -0.00677016
v -0.00623252 0.00232213 -0.00680146
v -0.00632390 0.00223106 -0.00685980
v -0.00632996 0.00196351 -0.00694234
v -0.00634814 0.00168601 -0.00702202
v -0.00626936 0.00143981 -0.00705190
v -0.00621870 0.00127188 -0.00706756
v -0.00618356 0.00109684 -0.00708321
v -0.00616368 0.00091610 -0.00709459
v -0.00614235 0.00065425 -0.00711025
v -0.00632996 0.00039240 -0.00720559
v -0.00659198 0.00013055 -0.00726962
v -0.00685376 -0.00012988 -0.00726962
v -0.00685376 -0.00039173 -0.00725966
v -0.00711553 -0.00065358 -0.00718566
v -0.00711553 -0.00091544 -0.00715720
v -0.00712983 -0.00118156 -0.00711451
v -0.00717613 -0.00144056 -0.00705190
v -0.00709735 -0.00168534 -0.00702202
v -0.00711553 -0.00196427 -0.00694234
v -0.00704524 -0.00144056 -0.00709317
v -0.00712159 -0.00223039 -0.00685980
v -0.00703821 -0.00240401 -0.00682992
v -0.00712159 -0.00248939 -0.00677016
v -0.00685376 -0.00274982 -0.00672889
v -0.00686151 -0.00303302 -0.00660509
v -0.00677910 -0.00315541 -0.00655671
v -0.00686151 -0.00325502 -0.00649837
v -0.00683267 -0.00355245 -0.00634326
v -0.00673111 -0.00366773 -0.00628919
v -0.00683267 -0.00377161 -0.00621520
v -0.00659198 -0.00399646 -0.00607290
v -0.00579308 0.00061298 -0.00333225
v -0.00579308 0.00039240 -0.00336356
v -0.00579308 0.00013055 -0.00340056
v -0.00612442 0.00013055 -0.00712448
v -0.00612999 0.00039240 -0.00711878
v -0.00613605 0.00196351 -0.00685553
v -0.00617168 0.00214709 -0.00682992
v -0.00654011 -0.00365065 -0.00627923
v -0.00632996 -0.00360226 -0.00625219
v -0.00631493 -0.00381715 -0.00611701
v -0.00632996 -0.00347134 -0.00632619
v -0.00632996 -0.00327352 -0.00643007
v -0.00632996 -0.00308425 -0.00652256
v -0.00632996 -0.00295333 -0.00658375
v -0.00632996 -0.00274982 -0.00667055
v -0.00623252 -0.00232147 -0.00680146
v -0.00617168 -0.00214642 -0.00682992
v -0.00613605 -0.00196427 -0.00685553
v -0.00618356 -0.00109759 -0.00708321
v -0.00616368 -0.00091544 -0.00709459
v -0.00614235 -0.00065358 -0.00711025
v -0.00612999 -0.00039173 -0.00711878
v -0.00612442 -0.00012988 -0.00712448
v -0.00579308 -0.00012988 -0.00340056
v -0.00579308 -0.00035188 -0.00337067
v -0.00632996 0.00013055 -0.00721555
v -0.00659198 -0.00012988 -0.00726962
v -0.00659198 -0.00039173 -0.00725966
v -0.00685376 -0.00065358 -0.00723974
v -0.00685376 -0.00091544 -0.00721128
v -0.00685376 -0.00117871 -0.00717286
v -0.00699798 -0.00158714 -0.00707894
v -0.00685376 -0.00196427 -0.00699783
v -0.00685376 -0.00222612 -0.00691957
v -0.00685376 -0.00244670 -0.00684557
v -0.00685376 -0.00257763 -0.00679719
v -0.00659198 -0.00274982 -0.00672889
v -0.00666663 -0.00315541 -0.00655671
v -0.00671463 -0.00366773 -0.00628919
v -0.00661307 -0.00377161 -0.00621520
v -0.00661307 -0.00355245 -0.00634326
v -0.00658447 -0.00325502 -0.00649837
v -0.00649212 -0.00313548 -0.00654675
v -0.00640728 -0.00240401 -0.00682992
v -0.00632390 -0.00248939 -0.00677016
v -0.00632390 -0.00223039 -0.00685980
v -0.00632996 -0.00196427 -0.00694234
v -0.00634814 -0.00168534 -0.00702202
v -0.00626936 -0.00144056 -0.00705190
v -0.00621870 -0.00127121 -0.00706756
v -0.00632996 -0.00091544 -0.00715720
v -0.00632996 -0.00065358 -0.00718566
v -0.00631566 -0.00118156 -0.00711451
v -0.00632996 -0.00039173 -0.00720559
v -0.00632996 -0.00012988 -0.00721555
v -0.00659198 -0.00065358 -0.00723974
v -0.00659198 -0.00091544 -0.00721128
v -0.00659198 -0.00117871 -0.00717286
v -0.00685376 -0.00144056 -0.00712448
v -0.00685376 -0.00162130 -0.00708748
v -0.00685376 -0.00175222 -0.00705475
v -0.00659198 -0.00196427 -0.00699783
v -0.00659198 -0.00222612 -0.00691957
v -0.00659198 -0.00244670 -0.00684557
v -0.00659198 -0.00257763 -0.00679719
v -0.00658447 -0.00303302 -0.00660509
v -0.00644776 -0.00158714 -0.00707894
v -0.00640025 -0.00144056 -0.00709317
v -0.00659198 -0.00144056 -0.00712448
v -0.00659198 -0.00162130 -0.00708748
v -0.00659198 -0.00175222 -0.00705475
f 1 2 3
f 1 3 4
f 1 4 5
f 1 5 16
f 1 16 6
f 1 6 8
f 1 8 2
f 2 7 3
f 2 8 9
f 2 9 7
f 3 7 10
f 3 10 11
f 3 11 13
f 3 13 4
f 4 12 5
f 4 13 29
f 4 29 12
f 5 12 14
f 5 14 15
f 5 15 16
f 6 16 17
f 6 17 18
f 6 18 8
f 7 19 20
f 7 20 10
f 7 9 19
f 8 18 9
f 9 18 21
f 9 21 22
f 9 22 23
f 9 23 19
f 10 20 24
f 10 24 25
f 10 25 11
f 11 25 26
f 11 26 27
f 11 27 28
f 11 28 13
f 12 29 30
f 12 30 14
f 13 28 29
f 14 31 32
f 14 32 15
f 14 30 31
f 15 32 64
f 15 64 33
f 15 33 16
f 16 33 34
f 16 34 35
f 16 35 17
f 17 35 67
f 17 67 36
f 17 36 37
f 17 37 18
f 18 37 38
f 18 38 21
f 19 39 40
f 19 40 20
f 19 23 41
f 19 41 39
f 20 40 42
f 20 42 24
f 21 38 43
f 21 43 22
f 22 43 44
f 22 44 45
f 22 45 23
f 23 45 41
f 24 42 46
f 24 46 47
f 24 47 48
f 24 48 25
f 25 48 49
f 25 49 26
f 26 49 50
f 26 50 51
f 26 51 52
f 26 52 27
f 27 52 54
f 27 54 28
f 28 53 29
f 28 54 53
f 29 53 55
f 29 55 56
f 29 56 30
f 30 57 31
f 30 56 57
f 31 58 32
f 31 57 59
f 31 59 60
f 31 60 61
f 31 61 58
f 32 58 62
f 32 62 63
f 32 63 64
f 33 64 65
f 33 65 34
f 34 65 66
f 34 66 35
f 35 66 67
f 36 67 68
f 36 68 69
f 36 69 70
f 36 70 37
f 37 70 71
f 37 71 38
f 38 71 72
f 38 72 73
f 38 73 43
f 39 74 75
f 39 75 40
f 39 41 74
f 40 75 76
f 40 76 42
f 41 45 77
f 41 77 78
f 41 78 74
f 42 76 46
f 43 73 79
f 43 79 80
f 43 80 44
f 44 80 81
f 44 81 45
f 45 81 77
f 46 76 82
f 46 82 47
f 47 82 48
f 48 82 49
f 49 82 83
f 49 83 84
f 49 84 50
f 50 84 51
f 51 85 86
f 51 86 52
f 51 84 85
f 52 86 87
f 52 87 90
f 52 90 54
f 53 54 88
f 53 88 89
f 53 89 55
f 54 90 91
f 54 91 88
f 55 89 92
f 55 92 93
f 55 93 94
f 55 94 56
f 56 94 95
f 56 95 96
f 56 96 97
f 56 97 57
f 57 97 96
f 57 96 98
f 57 98 59
f 58 61 99
f 58 99 100
f 58 100 62
f 59 98 99
f 59 99 60
f 60 99 61
f 62 100 101
f 62 101 102
f 62 102 63
f 63 102 103
f 63 103 104
f 63 104 105
f 63 105 64
f 64 105 65
f 65 105 106
f 65 106 107
f 65 107 108
f 65 108 109
f 65 109 66
f 66 109 110
f 66 110 67
f 67 110 111
f 67 111 68
f 68 111 112
f 68 112 113
f 68 113 114
f 68 114 69
f 69 114 115
f 69 115 70
f 70 115 71
f 71 115 116
f 71 116 117
f 71 117 72
f 72 117 118
f 72 118 119
f 72 119 120
f 72 120 73
f 73 120 79
f 74 121 122
f 74 122 75
f 74 78 135
f 74 135 121
f 75 122 123
f 75 123 124
f 75 124 125
f 75 125 126
f 75 126 76
f 76 127 82
f 76 126 128
f 76 128 127
f 77 81 137
f 77 137 129
f 77 129 130
f 77 130 131
f 77 131 132
f 77 132 133
f 77 133 134
f 77 134 78
f 78 134 135
f 79 120 80
f 80 120 81
f 81 120 136
f 81 136 137
f 82 127 83
f 83 127 138
f 83 138 139
f 83 139 84
f 84 139 85
f 85 140 86
f 85 139 140
f 86 140 141
f 86 141 142
f 86 142 143
f 86 143 144
f 86 144 87
f 87 144 90
f 88 91 145
f 88 145 92
f 88 92 89
f 90 144 146
f 90 146 91
f 91 146 147
f 91 147 148
f 91 148 149
f 91 149 150
f 91 150 145
f 92 145 151
f 92 151 93
f 93 151 152
f 93 152 153
f 93 153 154
f 93 154 94
f 94 154 96
f 94 96 95
f 96 154 155
f 96 155 99
f 96 99 98
f 99 155 197
f 99 197 260
f 99 260 320
f 99 320 391
f 99 391 460
f 99 460 539
f 99 539 546
f 99 546 545
f 99 545 611
f 99 611 683
f 99 683 766
f 99 766 872
f 99 872 966
f 99 966 972
f 99 972 971
f 99 971 976
f 99 976 1074
f 99 1074 1073
f 99 1073 1072
f 99 1072 1146
f 99 1146 1226
f 99 1226 1326
f 99 1326 1414
f 99 1414 1521
f 99 1521 1619
f 99 1619 1618
f 99 1618 1617
f 99 1617 1704
f 99 1704 1709
f 99 1709 1708
f 99 1708 1707
f 99 1707 1706
f 99 1706 1638
f 99 1638 1536
f 99 1536 1434
f 99 1434 1338
f 99 1338 1252
f 99 1252 1246
f 99 1246 1166
f 99 1166 1085
f 99 1085 987
f 99 987 888
f 99 888 784
f 99 784 695
f 99 695 618
f 99 618 556
f 99 556 555
f 99 555 554
f 99 554 553
f 99 553 470
f 99 470 402
f 99 402 329
f 99 329 261
f 99 261 198
f 99 198 156
f 99 156 104
f 99 104 103
f 99 103 102
f 99 102 101
f 99 101 100
f 104 156 105
f 105 156 106
f 106 156 107
f 107 156 108
f 108 157 109
f 108 156 157
f 109 157 158
f 109 158 159
f 109 159 110
f 110 159 158
f 110 158 160
f 110 160 161
f 110 161 111
f 111 161 162
f 111 162 163
f 111 163 112
f 112 163 113
f 113 163 164
f 113 164 165
f 113 165 114
f 114 165 166
f 114 166 167
f 114 167 115
f 115 167 168
f 115 168 116
f 116 168 169
f 116 169 118
f 116 118 117
f 118 169 170
f 118 170 119
f 119 170 171
f 119 171 120
f 120 171 136
f 121 135 134
f 121 134 133
f 121 133 132
f 121 132 131
f 121 131 130
f 121 130 176
f 121 176 226
f 121 226 230
f 121 230 294
f 121 294 293
f 121 293 292
f 121 292 364
f 121 364 368
f 121 368 367
f 121 367 446
f 121 446 523
f 121 523 522
f 121 522 521
f 121 521 520
f 121 520 598
f 121 598 666
f 121 666 752
f 121 752 751
f 121 751 855
f 121 855 854
f 121 854 956
f 121 956 955
f 121 955 954
f 121 954 1052
f 121 1052 1051
f 121 1051 1050
f 121 1050 1130
f 121 1130 1204
f 121 1204 1301
f 121 1301 1300
f 121 1300 1299
f 121 1299 1389
f 121 1389 1495
f 121 1495 1605
f 121 1605 1604
f 121 1604 1603
f 121 1603 1690
f 121 1690 1771
f 121 1771 1844
f 121 1844 1904
f 121 1904 1903
f 121 1903 1882
f 121 1882 1881
f 121 1881 1880
f 121 1880 1815
f 121 1815 1814
f 121 1814 1746
f 121 1746 1665
f 121 1665 1571
f 121 1571 1570
f 121 1570 1569
f 121 1569 1568
f 121 1568 1564
f 121 1564 1460
f 121 1460 1356
f 121 1356 1270
f 121 1270 1269
f 121 1269 1268
f 121 1268 1267
f 121 1267 1266
f 121 1266 1176
f 121 1176 1102
f 121 1102 1014
f 121 1014 1013
f 121 1013 915
f 121 915 914
f 121 914 913
f 121 913 810
f 121 810 808
f 121 808 714
f 121 714 713
f 121 713 712
f 121 712 638
f 121 638 579
f 121 579 578
f 121 578 503
f 121 503 502
f 121 502 498
f 121 498 431
f 121 431 355
f 121 355 282
f 121 282 218
f 121 218 172
f 121 172 125
f 121 125 124
f 121 124 123
f 121 123 122
f 125 172 173
f 125 173 126
f 126 173 128
f 127 128 174
f 127 174 138
f 128 173 175
f 128 175 174
f 129 176 130
f 129 137 177
f 129 177 176
f 136 171 178
f 136 178 137
f 137 178 179
f 137 179 177
f 138 174 180
f 138 180 181
f 138 181 139
f 139 141 140
f 139 181 182
f 139 182 183
f 139 183 141
f 141 183 184
f 141 184 185
f 141 185 142
f 142 148 147
f 142 147 143
f 142 185 186
f 142 186 148
f 143 147 146
f 143 146 144
f 145 150 151
f 148 186 187
f 148 187 188
f 148 188 149
f 149 188 189
f 149 189 190
f 149 190 151
f 149 151 150
f 151 190 191
f 151 191 192
f 151 192 152
f 152 192 193
f 152 193 153
f 153 193 194
f 153 194 154
f 154 194 155
f 155 195 196
f 155 196 197
f 155 194 193
f 155 193 195
f 156 198 158
f 156 158 157
f 158 199 161
f 158 161 160
f 158 198 199
f 161 199 162
f 162 200 163
f 162 199 201
f 162 201 202
f 162 202 200
f 163 200 164
f 164 203 165
f 164 200 203
f 165 203 204
f 165 204 205
f 165 205 206
f 165 206 207
f 165 207 166
f 166 207 208
f 166 208 167
f 167 208 168
f 168 208 209
f 168 209 210
f 168 210 211
f 168 211 212
f 168 212 213
f 168 213 169
f 169 213 170
f 170 213 212
f 170 212 214
f 170 214 215
f 170 215 216
f 170 216 171
f 171 216 217
f 171 217 178
f 172 218 219
f 172 219 220
f 172 220 173
f 173 220 219
f 173 219 221
f 173 221 175
f 174 175 180
f 175 221 222
f 175 222 223
f 175 223 224
f 175 224 225
f 175 225 180
f 176 177 226
f 177 179 227
f 177 227 228
f 177 228 229
f 177 229 230
f 177 230 226
f 178 217 179
f 179 231 232
f 179 232 233
f 179 233 234
f 179 234 227
f 179 217 231
f 180 225 181
f 181 225 182
f 182 235 236
f 182 236 237
f 182 237 183
f 182 225 238
f 182 238 239
f 182 239 235
f 183 237 240
f 183 240 185
f 183 185 184
f 185 241 186
f 185 240 237
f 185 237 242
f 185 242 243
f 185 243 244
f 185 244 241
f 186 241 245
f 186 245 187
f 187 245 188
f 188 190 189
f 188 245 246
f 188 246 247
f 188 247 248
f 188 248 249
f 188 249 190
f 190 249 248
f 190 248 191
f 191 248 250
f 191 250 251
f 191 251 252
f 191 252 253
f 191 253 254
f 191 254 192
f 192 254 255
f 192 255 256
f 192 256 193
f 193 256 196
f 193 196 195
f 196 256 255
f 196 255 254
f 196 254 257
f 196 257 258
f 196 258 259
f 196 259 197
f 197 259 258
f 197 258 260
f 198 261 199
f 199 261 262
f 199 262 201
f 200 204 203
f 200 202 263
f 200 263 264
f 200 264 265
f 200 265 204
f 201 262 266
f 201 266 202
f 202 266 263
f 204 265 267
f 204 267 268
f 204 268 205
f 205 268 269
f 205 269 270
f 205 270 210
f 205 210 209
f 205 209 206
f 206 209 208
f 206 208 207
f 210 270 211
f 211 214 271
f 211 271 212
f 211 270 272
f 211 272 273
f 211 273 274
f 211 274 275
f 211 275 276
f 211 276 277
f 211 277 214
f 212 271 214
f 214 277 276
f 214 276 215
f 215 276 278
f 215 278 279
f 215 279 280
f 215 280 281
f 215 281 231
f 215 231 216
f 216 231 217
f 218 282 219
f 219 282 283
f 219 283 284
f 219 284 285
f 219 285 286
f 219 286 221
f 221 286 222
f 222 286 287
f 222 287 288
f 222 288 289
f 222 289 223
f 223 290 224
f 223 289 290
f 224 290 225
f 225 290 238
f 227 234 291
f 227 291 228
f 228 292 293
f 228 293 294
f 228 294 230
f 228 230 229
f 228 291 295
f 228 295 296
f 228 296 297
f 228 297 292
f 231 281 298
f 231 298 232
f 232 298 233
f 233 298 299
f 233 299 234
f 234 299 300
f 234 300 301
f 234 301 291
f 235 242 236
f 235 239 242
f 236 242 237
f 238 302 303
f 238 303 239
f 238 290 304
f 238 304 302
f 239 303 242
f 241 244 246
f 241 246 245
f 242 305 306
f 242 306 243
f 242 303 307
f 242 307 308
f 242 308 305
f 243 306 305
f 243 305 309
f 243 309 247
f 243 247 244
f 244 247 246
f 247 309 310
f 247 310 311
f 247 311 248
f 248 311 250
f 250 311 251
f 251 311 252
f 252 312 253
f 252 311 312
f 253 313 314
f 253 314 254
f 253 312 315
f 253 315 316
f 253 316 313
f 254 314 257
f 257 314 258
f 258 314 313
f 258 313 317
f 258 317 318
f 258 318 319
f 258 319 260
f 260 319 321
f 260 321 322
f 260 322 323
f 260 323 324
f 260 324 325
f 260 325 326
f 260 326 327
f 260 327 328
f 260 328 320
f 261 266 262
f 261 329 330
f 261 330 331
f 261 331 332
f 261 332 333
f 261 333 266
f 263 266 334
f 263 334 335
f 263 335 336
f 263 336 264
f 264 337 338
f 264 338 339
f 264 339 340
f 264 340 265
f 264 336 341
f 264 341 342
f 264 342 337
f 265 340 268
f 265 268 267
f 266 333 332
f 266 332 334
f 268 343 269
f 268 340 339
f 268 339 344
f 268 344 345
f 268 345 343
f 269 343 272
f 269 272 270
f 272 343 345
f 272 345 273
f 273 345 274
f 274 345 344
f 274 344 346
f 274 346 347
f 274 347 348
f 274 348 275
f 275 279 278
f 275 278 276
f 275 348 347
f 275 347 349
f 275 349 350
f 275 350 351
f 275 351 352
f 275 352 280
f 275 280 279
f 280 352 281
f 281 352 353
f 281 353 354
f 281 354 298
f 282 355 284
f 282 284 283
f 284 356 357
f 284 357 358
f 284 358 359
f 284 359 285
f 284 355 356
f 285 359 286
f 286 359 287
f 287 360 288
f 287 359 361
f 287 361 360
f 288 362 289
f 288 360 362
f 289 362 290
f 290 362 304
f 291 301 363
f 291 363 295
f 292 297 364
f 295 363 296
f 296 363 365
f 296 365 366
f 296 366 367
f 296 367 368
f 296 368 364
f 296 364 297
f 298 354 369
f 298 369 299
f 299 369 300
f 300 369 370
f 300 370 301
f 301 370 371
f 301 371 363
f 302 372 373
f 302 373 307
f 302 307 303
f 302 304 372
f 304 362 374
f 304 374 375
f 304 375 373
f 304 373 372
f 305 308 376
f 305 376 380
f 305 380 309
f 307 377 376
f 307 376 378
f 307 378 308
f 307 373 379
f 307 379 377
f 308 378 376
f 309 311 310
f 309 380 381
f 309 381 382
f 309 382 311
f 311 382 383
f 311 383 312
f 312 383 315
f 313 316 384
f 313 384 385
f 313 385 317
f 315 383 386
f 315 386 387
f 315 387 316
f 316 386 388
f 316 388 389
f 316 389 384
f 316 387 386
f 317 385 318
f 318 385 390
f 318 390 322
f 318 322 321
f 318 321 319
f 320 328 392
f 320 392 391
f 322 393 324
f 322 324 323
f 322 390 393
f 324 393 394
f 324 394 395
f 324 395 325
f 325 395 396
f 325 396 397
f 325 397 326
f 326 397 398
f 326 398 399
f 326 399 400
f 326 400 328
f 326 328 327
f 328 400 401
f 328 401 392
f 329 402 403
f 329 403 404
f 329 404 405
f 329 405 406
f 329 406 407
f 329 407 408
f 329 408 409
f 329 409 410
f 329 410 411
f 329 411 412
f 329 412 330
f 330 412 413
f 330 413 414
f 330 414 415
f 330 415 416
f 330 416 332
f 330 332 331
f 332 335 334
f 332 416 336
f 332 336 335
f 336 416 415
f 336 415 414
f 336 414 341
f 337 417 338
f 337 342 417
f 338 417 339
f 339 417 344
f 341 418 419
f 341 419 342
f 341 414 420
f 341 420 418
f 342 419 417
f 344 417 421
f 344 421 346
f 346 421 417
f 346 417 422
f 346 422 423
f 346 423 424
f 346 424 425
f 346 425 347
f 347 425 350
f 347 350 349
f 350 425 351
f 351 353 352
f 351 425 426
f 351 426 427
f 351 427 428
f 351 428 353
f 353 428 429
f 353 429 354
f 354 428 430
f 354 430 369
f 354 429 428
f 355 431 432
f 355 432 356
f 356 432 357
f 357 432 433
f 357 433 358
f 358 433 434
f 358 434 435
f 358 435 436
f 358 436 359
f 359 436 361
f 360 361 437
f 360 437 438
f 360 438 362
f 361 436 437
f 362 438 439
f 362 439 374
f 363 371 440
f 363 440 365
f 365 441 442
f 365 442 443
f 365 443 366
f 365 440 441
f 366 443 444
f 366 444 445
f 366 445 367
f 367 445 444
f 367 444 446
f 369 447 448
f 369 448 449
f 369 449 370
f 369 430 447
f 370 449 450
f 370 450 371
f 371 450 440
f 373 375 374
f 373 374 451
f 373 451 452
f 373 452 379
f 374 439 451
f 376 377 379
f 376 379 453
f 376 453 380
f 379 452 458
f 379 458 453
f 380 453 454
f 380 454 383
f 380 383 381
f 381 383 382
f 383 454 453
f 383 453 386
f 384 389 455
f 384 455 456
f 384 456 457
f 384 457 390
f 384 390 385
f 386 453 458
f 386 458 459
f 386 459 389
f 386 389 388
f 389 459 455
f 390 457 393
f 391 392 461
f 391 461 460
f 392 401 462
f 392 462 463
f 392 463 464
f 392 464 461
f 393 457 394
f 394 465 396
f 394 396 395
f 394 457 465
f 396 465 466
f 396 466 398
f 396 398 397
f 398 466 467
f 398 467 399
f 399 467 400
f 400 467 468
f 400 468 401
f 401 468 469
f 401 469 462
f 402 470 403
f 403 471 472
f 403 472 473
f 403 473 474
f 403 474 475
f 403 475 476
f 403 476 477
f 403 477 404
f 403 470 471
f 404 477 405
f 405 477 406
f 406 477 478
f 406 478 479
f 406 479 480
f 406 480 407
f 407 480 481
f 407 481 482
f 407 482 408
f 408 482 483
f 408 483 484
f 408 484 410
f 408 410 409
f 410 485 486
f 410 486 411
f 410 484 485
f 411 486 412
f 412 486 487
f 412 487 413
f 413 487 414
f 414 487 488
f 414 488 420
f 417 419 489
f 417 489 422
f 418 490 491
f 418 491 489
f 418 489 419
f 418 420 490
f 420 488 492
f 420 492 493
f 420 493 491
f 420 491 490
f 422 489 423
f 423 489 424
f 424 489 494
f 424 494 495
f 424 495 427
f 424 427 425
f 425 427 426
f 427 495 571
f 427 571 496
f 427 496 428
f 428 496 497
f 428 497 447
f 428 447 430
f 431 498 432
f 432 499 500
f 432 500 501
f 432 501 433
f 432 498 502
f 432 502 503
f 432 503 499
f 433 501 504
f 433 504 434
f 434 504 505
f 434 505 506
f 434 506 435
f 435 507 436
f 435 506 507
f 436 507 437
f 437 507 508
f 437 508 509
f 437 509 510
f 437 510 438
f 438 511 439
f 438 510 512
f 438 512 511
f 439 511 512
f 439 512 451
f 440 450 513
f 440 513 441
f 441 513 514
f 441 514 442
f 442 514 515
f 442 515 516
f 442 516 443
f 443 516 517
f 443 517 444
f 444 517 518
f 444 518 519
f 444 519 520
f 444 520 521
f 444 521 522
f 444 522 523
f 444 523 446
f 447 497 448
f 448 497 524
f 448 524 525
f 448 525 449
f 449 525 524
f 449 524 526
f 449 526 450
f 450 526 527
f 450 527 513
f 451 528 529
f 451 529 530
f 451 530 452
f 451 512 531
f 451 531 528
f 452 530 529
f 452 529 535
f 452 535 458
f 455 459 532
f 455 532 533
f 455 533 456
f 456 533 532
f 456 532 534
f 456 534 465
f 456 465 457
f 458 535 536
f 458 536 459
f 459 536 535
f 459 535 537
f 459 537 538
f 459 538 532
f 460 461 464
f 460 464 539
f 462 540 463
f 462 469 540
f 463 540 541
f 463 541 542
f 463 542 543
f 463 543 464
f 464 543 544
f 464 544 545
f 464 545 546
f 464 546 539
f 465 547 548
f 465 548 466
f 465 534 547
f 466 549 550
f 466 550 551
f 466 551 467
f 466 548 549
f 467 551 552
f 467 552 468
f 468 552 469
f 469 552 540
f 470 553 471
f 471 553 472
f 472 554 555
f 472 555 556
f 472 556 557
f 472 557 558
f 472 558 473
f 472 553 554
f 473 558 559
f 473 559 560
f 473 560 561
f 473 561 474
f 474 561 475
f 475 562 563
f 475 563 476
f 475 561 562
f 476 563 477
f 477 563 564
f 477 564 478
f 478 564 479
f 479 565 481
f 479 481 480
f 479 564 565
f 481 566 483
f 481 483 482
f 481 565 566
f 483 566 567
f 483 567 484
f 484 567 485
f 485 488 487
f 485 487 486
f 485 567 488
f 488 567 568
f 488 568 569
f 488 569 492
f 489 491 495
f 489 495 494
f 491 493 492
f 491 492 570
f 491 570 571
f 491 571 495
f 492 569 570
f 496 571 634
f 496 634 572
f 496 572 573
f 496 573 497
f 497 573 572
f 497 572 574
f 497 574 524
f 499 503 500
f 500 575 576
f 500 576 577
f 500 577 501
f 500 503 578
f 500 578 579
f 500 579 575
f 501 577 504
f 504 577 580
f 504 580 581
f 504 581 505
f 505 581 582
f 505 582 506
f 506 582 583
f 506 583 507
f 507 583 584
f 507 584 585
f 507 585 508
f 508 585 509
f 509 585 586
f 509 586 587
f 509 587 512
f 509 512 510
f 512 587 588
f 512 588 531
f 513 589 590
f 513 590 591
f 513 591 514
f 513 527 589
f 514 591 592
f 514 592 593
f 514 593 515
f 515 593 516
f 516 593 594
f 516 594 595
f 516 595 517
f 517 595 518
f 518 595 596
f 518 596 597
f 518 597 598
f 518 598 520
f 518 520 519
f 524 574 599
f 524 599 527
f 524 527 526
f 527 599 600
f 527 600 601
f 527 601 589
f 528 531 529
f 529 531 538
f 529 538 535
f 531 588 538
f 532 538 602
f 532 602 603
f 532 603 547
f 532 547 534
f 535 538 537
f 538 588 602
f 540 552 604
f 540 604 605
f 540 605 606
f 540 606 541
f 541 606 542
f 542 606 543
f 543 606 607
f 543 607 608
f 543 608 609
f 543 609 544
f 544 609 545
f 545 609 610
f 545 610 611
f 547 603 612
f 547 612 549
f 547 549 548
f 549 612 613
f 549 613 614
f 549 614 550
f 550 614 551
f 551 614 615
f 551 615 616
f 551 616 552
f 552 616 617
f 552 617 604
f 556 618 557
f 557 618 619
f 557 619 558
f 558 619 620
f 558 620 621
f 558 621 622
f 558 622 559
f 559 622 560
f 560 622 561
f 561 623 562
f 561 622 624
f 561 624 623
f 562 623 625
f 562 625 626
f 562 626 627
f 562 627 564
f 562 564 563
f 564 627 565
f 565 627 628
f 565 628 629
f 565 629 630
f 565 630 566
f 566 630 631
f 566 631 632
f 566 632 568
f 566 568 567
f 568 633 569
f 568 632 633
f 569 633 632
f 569 632 570
f 570 634 635
f 570 635 571
f 570 632 636
f 570 636 634
f 571 635 634
f 572 634 636
f 572 636 574
f 574 636 667
f 574 667 599
f 575 637 576
f 575 579 638
f 575 638 637
f 576 637 639
f 576 639 640
f 576 640 641
f 576 641 577
f 577 642 580
f 577 641 643
f 577 643 644
f 577 644 642
f 580 642 645
f 580 645 581
f 581 645 582
f 582 645 646
f 582 646 647
f 582 647 648
f 582 648 583
f 583 648 649
f 583 649 650
f 583 650 584
f 584 650 585
f 585 651 586
f 585 650 651
f 586 651 613
f 586 613 612
f 586 612 587
f 587 603 602
f 587 602 588
f 587 612 603
f 589 601 652
f 589 652 653
f 589 653 590
f 590 653 591
f 591 653 654
f 591 654 655
f 591 655 592
f 592 655 656
f 592 656 657
f 592 657 658
f 592 658 593
f 593 658 594
f 594 658 659
f 594 659 595
f 595 659 660
f 595 660 661
f 595 661 662
f 595 662 596
f 596 662 663
f 596 663 664
f 596 664 665
f 596 665 597
f 597 665 666
f 597 666 598
f 599 667 668
f 599 668 600
f 600 668 601
f 601 669 711
f 601 711 652
f 601 668 669
f 604 670 671
f 604 671 672
f 604 672 673
f 604 673 605
f 604 617 670
f 605 674 675
f 605 675 676
f 605 676 677
f 605 677 606
f 605 673 674
f 606 677 678
f 606 678 607
f 607 678 608
f 608 678 609
f 609 678 679
f 609 679 680
f 609 680 610
f 610 680 681
f 610 681 682
f 610 682 611
f 611 682 681
f 611 681 684
f 611 684 685
f 611 685 686
f 611 686 687
f 611 687 688
f 611 688 689
f 611 689 690
f 611 690 683
f 613 651 732
f 613 732 691
f 613 691 614
f 614 692 693
f 614 693 694
f 614 694 616
f 614 616 615
f 614 691 692
f 616 694 617
f 617 694 671
f 617 671 670
f 618 695 696
f 618 696 619
f 619 696 697
f 619 697 698
f 619 698 699
f 619 699 620
f 620 699 621
f 621 699 622
f 622 699 700
f 622 700 624
f 623 624 701
f 623 701 702
f 623 702 703
f 623 703 704
f 623 704 625
f 624 700 705
f 624 705 706
f 624 706 707
f 624 707 701
f 625 708 626
f 625 704 703
f 625 703 708
f 626 708 709
f 626 709 710
f 626 710 627
f 627 710 709
f 627 709 628
f 628 709 629
f 629 711 669
f 629 669 631
f 629 631 630
f 629 709 711
f 631 669 668
f 631 668 632
f 632 668 667
f 632 667 636
f 637 638 712
f 637 712 713
f 637 713 714
f 637 714 715
f 637 715 716
f 637 716 717
f 637 717 639
f 639 717 718
f 639 718 719
f 639 719 720
f 639 720 721
f 639 721 640
f 640 722 641
f 640 721 722
f 641 722 643
f 642 644 645
f 643 722 723
f 643 723 644
f 644 723 724
f 644 724 725
f 644 725 645
f 645 725 646
f 646 725 726
f 646 726 727
f 646 727 728
f 646 728 729
f 646 729 647
f 647 730 648
f 647 729 728
f 647 728 730
f 648 730 650
f 648 650 649
f 650 730 731
f 650 731 732
f 650 732 651
f 652 711 807
f 652 807 733
f 652 733 653
f 653 734 735
f 653 735 655
f 653 655 654
f 653 733 734
f 655 735 656
f 656 735 736
f 656 736 737
f 656 737 657
f 657 737 736
f 657 736 738
f 657 738 739
f 657 739 740
f 657 740 658
f 658 740 660
f 658 660 659
f 660 740 741
f 660 741 742
f 660 742 661
f 661 742 743
f 661 743 662
f 662 743 663
f 663 743 744
f 663 744 745
f 663 745 664
f 664 745 746
f 664 746 747
f 664 747 748
f 664 748 749
f 664 749 665
f 665 750 751
f 665 751 752
f 665 752 666
f 665 749 753
f 665 753 750
f 671 694 754
f 671 754 755
f 671 755 756
f 671 756 672
f 672 756 673
f 673 756 674
f 674 756 757
f 674 757 675
f 675 757 676
f 676 757 758
f 676 758 677
f 677 758 759
f 677 759 760
f 677 760 761
f 677 761 678
f 678 761 762
f 678 762 679
f 679 762 763
f 679 763 680
f 680 763 681
f 681 763 764
f 681 764 765
f 681 765 684
f 683 690 767
f 683 767 768
f 683 768 769
f 683 769 770
f 683 770 771
f 683 771 772
f 683 772 773
f 683 773 774
f 683 774 766
f 684 765 775
f 684 775 776
f 684 776 685
f 685 776 686
f 686 776 688
f 686 688 687
f 688 776 777
f 688 777 778
f 688 778 689
f 689 778 779
f 689 779 780
f 689 780 690
f 690 780 781
f 690 781 767
f 691 732 832
f 691 832 782
f 691 782 692
f 692 782 693
f 693 782 694
f 694 782 783
f 694 783 754
f 695 784 785
f 695 785 786
f 695 786 787
f 695 787 788
f 695 788 789
f 695 789 790
f 695 790 791
f 695 791 792
f 695 792 696
f 696 792 791
f 696 791 697
f 697 791 793
f 697 793 698
f 698 793 794
f 698 794 699
f 699 794 795
f 699 795 700
f 700 795 796
f 700 796 797
f 700 797 798
f 700 798 705
f 701 703 702
f 701 707 799
f 701 799 703
f 703 800 801
f 703 801 708
f 703 799 800
f 705 798 802
f 705 802 706
f 706 802 707
f 707 802 799
f 708 801 803
f 708 803 804
f 708 804 805
f 708 805 806
f 708 806 709
f 709 806 807
f 709 807 711
f 714 808 715
f 715 809 716
f 715 808 810
f 715 810 913
f 715 913 809
f 716 811 812
f 716 812 813
f 716 813 717
f 716 809 811
f 717 813 814
f 717 814 718
f 718 814 815
f 718 815 719
f 719 815 720
f 720 815 816
f 720 816 721
f 721 816 817
f 721 817 818
f 721 818 819
f 721 819 722
f 722 819 820
f 722 820 723
f 723 820 821
f 723 821 724
f 724 821 822
f 724 822 823
f 724 823 824
f 724 824 725
f 725 824 825
f 725 825 826
f 725 826 726
f 726 728 727
f 726 826 827
f 726 827 828
f 726 828 728
f 728 829 830
f 728 830 730
f 728 828 829
f 730 830 831
f 730 831 832
f 730 832 731
f 731 832 732
f 733 807 806
f 733 806 734
f 734 806 804
f 734 804 833
f 734 833 834
f 734 834 735
f 735 833 835
f 735 835 836
f 735 836 736
f 735 834 833
f 736 739 738
f 736 836 837
f 736 837 838
f 736 838 739
f 739 838 839
f 739 839 740
f 740 839 840
f 740 840 841
f 740 841 741
f 741 841 842
f 741 842 843
f 741 843 844
f 741 844 845
f 741 845 742
f 742 845 846
f 742 846 743
f 743 846 744
f 744 846 847
f 744 847 745
f 745 847 848
f 745 848 849
f 745 849 746
f 746 849 850
f 746 850 747
f 747 850 748
f 748 850 851
f 748 851 749
f 749 851 852
f 749 852 753
f 750 753 856
f 750 856 853
f 750 853 956
f 750 956 854
f 750 854 855
f 750 855 751
f 753 852 952
f 753 952 856
f 754 830 829
f 754 829 755
f 754 783 782
f 754 782 832
f 754 832 830
f 755 829 936
f 755 936 857
f 755 857 858
f 755 858 756
f 756 857 859
f 756 859 757
f 756 858 857
f 757 859 860
f 757 860 861
f 757 861 862
f 757 862 863
f 757 863 864
f 757 864 865
f 757 865 759
f 757 759 758
f 759 865 760
f 760 865 761
f 761 865 866
f 761 866 867
f 761 867 762
f 762 867 868
f 762 868 869
f 762 869 763
f 763 869 764
f 764 869 870
f 764 870 871
f 764 871 765
f 765 871 775
f 766 774 873
f 766 873 874
f 766 874 875
f 766 875 872
f 767 781 876
f 767 876 768
f 768 876 769
f 769 876 770
f 770 876 771
f 771 876 877
f 771 877 878
f 771 878 879
f 771 879 880
f 771 880 772
f 772 881 774
f 772 774 773
f 772 880 981
f 772 981 881
f 774 881 873
f 775 871 776
f 776 871 777
f 777 871 882
f 777 882 883
f 777 883 778
f 778 883 884
f 778 884 779
f 779 884 780
f 780 884 885
f 780 885 781
f 781 886 876
f 781 885 887
f 781 887 886
f 784 888 889
f 784 889 785
f 785 889 890
f 785 890 891
f 785 891 892
f 785 892 786
f 786 892 893
f 786 893 894
f 786 894 788
f 786 788 787
f 788 894 789
f 789 894 790
f 790 894 895
f 790 895 896
f 790 896 897
f 790 897 898
f 790 898 791
f 791 898 793
f 793 898 899
f 793 899 794
f 794 899 900
f 794 900 901
f 794 901 795
f 795 901 902
f 795 902 903
f 795 903 796
f 796 903 797
f 797 802 798
f 797 903 802
f 799 802 904
f 799 904 905
f 799 905 906
f 799 906 800
f 800 906 905
f 800 905 938
f 800 938 837
f 800 837 836
f 800 836 801
f 801 836 833
f 801 833 804
f 801 804 803
f 802 903 907
f 802 907 908
f 802 908 909
f 802 909 910
f 802 910 911
f 802 911 904
f 804 806 805
f 809 912 811
f 809 913 914
f 809 914 915
f 809 915 912
f 811 916 812
f 811 912 916
f 812 917 918
f 812 918 813
f 812 916 917
f 813 918 919
f 813 919 814
f 814 919 920
f 814 920 815
f 815 920 921
f 815 921 816
f 816 921 817
f 817 921 922
f 817 922 818
f 818 922 923
f 818 923 924
f 818 924 925
f 818 925 820
f 818 820 819
f 820 925 926
f 820 926 821
f 821 926 927
f 821 927 928
f 821 928 929
f 821 929 822
f 822 827 823
f 822 929 928
f 822 928 827
f 823 827 824
f 824 827 825
f 825 827 826
f 827 928 930
f 827 930 931
f 827 931 932
f 827 932 933
f 827 933 934
f 827 934 935
f 827 935 828
f 828 935 936
f 828 936 937
f 828 937 829
f 829 937 936
f 830 832 831
f 833 836 835
f 837 938 939
f 837 939 838
f 838 938 940
f 838 940 941
f 838 941 839
f 838 939 938
f 839 941 840
f 840 941 841
f 841 941 842
f 842 941 843
f 843 941 942
f 843 942 844
f 844 942 845
f 845 942 943
f 845 943 944
f 845 944 846
f 846 944 945
f 846 945 847
f 847 946 947
f 847 947 948
f 847 948 848
f 847 945 946
f 848 948 849
f 849 948 949
f 849 949 850
f 850 949 950
f 850 950 851
f 851 950 951
f 851 951 852
f 852 951 952
f 853 856 953
f 853 953 954
f 853 954 955
f 853 955 956
f 856 952 957
f 856 957 953
f 857 936 933
f 857 933 861
f 857 861 859
f 859 861 860
f 861 933 931
f 861 931 863
f 861 863 862
f 863 931 864
f 864 930 958
f 864 958 865
f 864 931 930
f 865 958 959
f 865 959 960
f 865 960 867
f 865 867 866
f 867 960 961
f 867 961 962
f 867 962 868
f 868 961 963
f 868 963 869
f 868 962 961
f 869 963 964
f 869 964 965
f 869 965 870
f 870 965 871
f 871 965 882
f 872 875 966
f 873 881 967
f 873 967 968
f 873 968 969
f 873 969 970
f 873 970 874
f 874 970 875
f 875 971 972
f 875 972 966
f 875 970 973
f 875 973 974
f 875 974 975
f 875 975 976
f 875 976 971
f 876 886 878
f 876 878 877
f 878 886 977
f 878 977 978
f 878 978 979
f 878 979 880
f 878 880 879
f 880 979 980
f 880 980 981
f 881 981 967
f 882 965 1058
f 882 1058 982
f 882 982 983
f 882 983 883
f 883 983 984
f 883 984 884
f 884 984 885
f 885 984 985
f 885 985 986
f 885 986 887
f 886 887 977
f 887 986 1075
f 887 1075 977
f 888 987 988
f 888 988 989
f 888 989 990
f 888 990 991
f 888 991 992
f 888 992 993
f 888 993 994
f 888 994 995
f 888 995 889
f 889 995 998
f 889 998 890
f 890 996 997
f 890 997 891
f 890 998 996
f 891 997 892
f 892 997 999
f 892 999 893
f 893 999 1000
f 893 1000 896
f 893 896 894
f 894 896 895
f 896 1000 1001
f 896 1001 1002
f 896 1002 898
f 896 898 897
f 898 1002 899
f 899 1002 1001
f 899 1001 1003
f 899 1003 1004
f 899 1004 900
f 900 1004 1005
f 900 1005 1006
f 900 1006 901
f 901 1006 1005
f 901 1005 1007
f 901 1007 903
f 901 903 902
f 903 1007 1008
f 903 1008 1009
f 903 1009 907
f 904 911 910
f 904 910 905
f 905 910 1012
f 905 1012 938
f 907 1009 1035
f 907 1035 1010
f 907 1010 1011
f 907 1011 908
f 908 1011 1012
f 908 1012 910
f 908 910 909
f 912 915 1013
f 912 1013 1014
f 912 1014 1015
f 912 1015 1016
f 912 1016 1017
f 912 1017 916
f 916 1018 917
f 916 1017 1018
f 917 1019 1020
f 917 1020 918
f 917 1018 1019
f 918 1021 1022
f 918 1022 1023
f 918 1023 919
f 918 1020 1021
f 919 1023 1024
f 919 1024 920
f 920 1024 921
f 921 1024 1025
f 921 1025 1026
f 921 1026 922
f 922 1026 1027
f 922 1027 924
f 922 924 923
f 924 1028 1029
f 924 1029 925
f 924 1027 1028
f 925 1029 926
f 926 1029 1028
f 926 1028 1030
f 926 1030 928
f 926 928 927
f 928 1030 1031
f 928 1031 1032
f 928 1032 930
f 930 1032 958
f 931 933 932
f 933 936 935
f 933 935 934
f 938 1012 940
f 940 1012 1033
f 940 1033 941
f 941 1012 1034
f 941 1034 1011
f 941 1011 1010
f 941 1010 942
f 941 1033 1012
f 942 1035 1036
f 942 1036 1037
f 942 1037 944
f 942 944 943
f 942 1010 1035
f 944 1037 1038
f 944 1038 1039
f 944 1039 945
f 945 1039 1038
f 945 1038 946
f 946 1038 1040
f 946 1040 947
f 947 1040 948
f 948 1040 1041
f 948 1041 1042
f 948 1042 949
f 949 1042 950
f 950 1042 1043
f 950 1043 1044
f 950 1044 951
f 951 1044 1119
f 951 1119 1045
f 951 1045 952
f 952 1045 1046
f 952 1046 957
f 953 1047 1048
f 953 1048 1049
f 953 1049 1050
f 953 1050 1051
f 953 1051 1052
f 953 1052 954
f 953 957 1047
f 957 1046 1053
f 957 1053 1047
f 958 1032 1031
f 958 1031 959
f 959 1031 1030
f 959 1030 960
f 960 1030 1054
f 960 1054 961
f 961 1054 1055
f 961 1055 1056
f 961 1056 1057
f 961 1057 963
f 963 1057 965
f 963 965 964
f 965 1057 1058
f 967 981 1059
f 967 1059 968
f 968 1060 1061
f 968 1061 1062
f 968 1062 969
f 968 1059 1063
f 968 1063 1060
f 969 1062 970
f 970 1064 973
f 970 1062 1061
f 970 1061 1064
f 973 1064 1065
f 973 1065 1066
f 973 1066 1067
f 973 1067 974
f 974 1067 1068
f 974 1068 1069
f 974 1069 1070
f 974 1070 1071
f 974 1071 1072
f 974 1072 1073
f 974 1073 1074
f 974 1074 975
f 975 1074 976
f 977 1075 1076
f 977 1076 978
f 978 1076 1077
f 978 1077 1078
f 978 1078 980
f 978 980 979
f 980 1078 1079
f 980 1079 1080
f 980 1080 1059
f 980 1059 981
f 982 1058 1026
f 982 1026 1025
f 982 1025 1024
f 982 1024 983
f 983 1024 984
f 984 1023 1022
f 984 1022 985
f 984 1024 1023
f 985 1022 1021
f 985 1021 986
f 986 1021 1081
f 986 1081 1075
f 987 1082 1083
f 987 1083 1084
f 987 1084 988
f 987 1085 1082
f 988 1084 1086
f 988 1086 990
f 988 990 989
f 990 1086 1087
f 990 1087 991
f 991 1087 1088
f 991 1088 1089
f 991 1089 1090
f 991 1090 992
f 992 1090 993
f 993 1090 995
f 993 995 994
f 995 1090 998
f 996 998 1091
f 996 1091 1175
f 996 1175 1092
f 996 1092 1093
f 996 1093 997
f 997 1093 1095
f 997 1095 999
f 998 1094 1091
f 998 1090 1094
f 999 1095 1096
f 999 1096 1000
f 1000 1096 1097
f 1000 1097 1001
f 1001 1097 1098
f 1001 1098 1003
f 1003 1098 1004
f 1004 1098 1005
f 1005 1099 1100
f 1005 1100 1007
f 1005 1098 1101
f 1005 1101 1099
f 1007 1037 1036
f 1007 1036 1008
f 1007 1100 1116
f 1007 1116 1037
f 1008 1036 1035
f 1008 1035 1009
f 1011 1034 1012
f 1014 1102 1015
f 1015 1103 1104
f 1015 1104 1016
f 1015 1102 1103
f 1016 1105 1106
f 1016 1106 1017
f 1016 1104 1107
f 1016 1107 1105
f 1017 1106 1108
f 1017 1108 1109
f 1017 1109 1110
f 1017 1110 1018
f 1018 1110 1019
f 1019 1111 1112
f 1019 1112 1020
f 1019 1110 1109
f 1019 1109 1111
f 1020 1112 1081
f 1020 1081 1021
f 1026 1058 1027
f 1027 1057 1113
f 1027 1113 1028
f 1027 1058 1057
f 1028 1113 1114
f 1028 1114 1115
f 1028 1115 1030
f 1030 1115 1054
f 1037 1116 1038
f 1038 1116 1117
f 1038 1117 1118
f 1038 1118 1040
f 1040 1118 1101
f 1040 1101 1098
f 1040 1098 1097
f 1040 1097 1041
f 1041 1097 1096
f 1041 1096 1042
f 1042 1096 1095
f 1042 1095 1043
f 1043 1095 1093
f 1043 1093 1044
f 1044 1093 1092
f 1044 1092 1119
f 1045 1120 1046
f 1045 1119 1189
f 1045 1189 1120
f 1046 1120 1121
f 1046 1121 1053
f 1047 1122 1048
f 1047 1053 1123
f 1047 1123 1124
f 1047 1124 1125
f 1047 1125 1122
f 1048 1122 1126
f 1048 1126 1127
f 1048 1127 1128
f 1048 1128 1049
f 1049 1128 1129
f 1049 1129 1130
f 1049 1130 1050
f 1053 1121 1123
f 1054 1115 1114
f 1054 1114 1055
f 1055 1114 1113
f 1055 1113 1056
f 1056 1113 1057
f 1059 1080 1131
f 1059 1131 1063
f 1060 1132 1133
f 1060 1133 1134
f 1060 1134 1135
f 1060 1135 1061
f 1060 1063 1132
f 1061 1135 1066
f 1061 1066 1065
f 1061 1065 1064
f 1063 1131 1136
f 1063 1136 1137
f 1063 1137 1138
f 1063 1138 1132
f 1066 1139 1140
f 1066 1140 1068
f 1066 1068 1067
f 1066 1135 1139
f 1068 1140 1141
f 1068 1141 1069
f 1069 1141 1070
f 1070 1141 1142
f 1070 1142 1143
f 1070 1143 1144
f 1070 1144 1071
f 1071 1144 1145
f 1071 1145 1072
f 1072 1145 1144
f 1072 1144 1147
f 1072 1147 1148
f 1072 1148 1149
f 1072 1149 1150
f 1072 1150 1151
f 1072 1151 1152
f 1072 1152 1153
f 1072 1153 1154
f 1072 1154 1155
f 1072 1155 1146
f 1075 1081 1076
f 1076 1081 1156
f 1076 1156 1157
f 1076 1157 1077
f 1077 1157 1241
f 1077 1241 1158
f 1077 1158 1159
f 1077 1159 1079
f 1077 1079 1078
f 1079 1159 1080
f 1080 1160 1131
f 1080 1159 1160
f 1081 1112 1161
f 1081 1161 1156
f 1082 1162 1163
f 1082 1163 1164
f 1082 1164 1165
f 1082 1165 1083
f 1082 1085 1166
f 1082 1166 1162
f 1083 1165 1084
f 1084 1165 1167
f 1084 1167 1168
f 1084 1168 1169
f 1084 1169 1086
f 1086 1169 1170
f 1086 1170 1087
f 1087 1170 1171
f 1087 1171 1172
f 1087 1172 1173
f 1087 1173 1088
f 1088 1173 1089
f 1089 1173 1090
f 1090 1173 1094
f 1091 1174 1265
f 1091 1265 1175
f 1091 1094 1174
f 1092 1175 1189
f 1092 1189 1119
f 1094 1173 1174
f 1099 1117 1116
f 1099 1116 1100
f 1099 1101 1118
f 1099 1118 1117
f 1102 1176 1103
f 1103 1176 1104
f 1104 1176 1177
f 1104 1177 1178
f 1104 1178 1179
f 1104 1179 1107
f 1105 1180 1181
f 1105 1181 1106
f 1105 1107 1180
f 1106 1181 1108
f 1107 1179 1182
f 1107 1182 1183
f 1107 1183 1184
f 1107 1184 1185
f 1107 1185 1180
f 1108 1186 1187
f 1108 1187 1188
f 1108 1188 1111
f 1108 1111 1109
f 1108 1181 1186
f 1111 1188 1161
f 1111 1161 1112
f 1120 1189 1283
f 1120 1283 1190
f 1120 1190 1121
f 1121 1190 1191
f 1121 1191 1124
f 1121 1124 1123
f 1122 1192 1126
f 1122 1125 1192
f 1124 1191 1125
f 1125 1191 1193
f 1125 1193 1194
f 1125 1194 1195
f 1125 1195 1192
f 1126 1192 1196
f 1126 1196 1127
f 1127 1197 1198
f 1127 1198 1199
f 1127 1199 1200
f 1127 1200 1128
f 1127 1196 1201
f 1127 1201 1197
f 1128 1200 1202
f 1128 1202 1203
f 1128 1203 1204
f 1128 1204 1129
f 1129 1204 1130
f 1131 1160 1159
f 1131 1159 1205
f 1131 1205 1137
f 1131 1137 1136
f 1132 1206 1133
f 1132 1138 1137
f 1132 1137 1206
f 1133 1206 1134
f 1134 1207 1135
f 1134 1206 1207
f 1135 1207 1208
f 1135 1208 1209
f 1135 1209 1139
f 1137 1210 1211
f 1137 1211 1206
f 1137 1205 1212
f 1137 1212 1213
f 1137 1213 1210
f 1139 1209 1214
f 1139 1214 1215
f 1139 1215 1216
f 1139 1216 1217
f 1139 1217 1140
f 1140 1217 1218
f 1140 1218 1219
f 1140 1219 1142
f 1140 1142 1141
f 1142 1219 1220
f 1142 1220 1143
f 1143 1220 1144
f 1144 1220 1221
f 1144 1221 1148
f 1144 1148 1147
f 1146 1222 1223
f 1146 1223 1224
f 1146 1224 1225
f 1146 1225 1226
f 1146 1155 1227
f 1146 1227 1228
f 1146 1228 1222
f 1148 1221 1229
f 1148 1229 1230
f 1148 1230 1149
f 1149 1230 1231
f 1149 1231 1232
f 1149 1232 1151
f 1149 1151 1150
f 1151 1233 1234
f 1151 1234 1152
f 1151 1232 1233
f 1152 1234 1153
f 1153 1234 1154
f 1154 1235 1236
f 1154 1236 1237
f 1154 1237 1227
f 1154 1227 1155
f 1154 1234 1238
f 1154 1238 1235
f 1156 1161 1157
f 1157 1161 1239
f 1157 1239 1240
f 1157 1240 1241
f 1158 1241 1242
f 1158 1242 1243
f 1158 1243 1159
f 1159 1243 1244
f 1159 1244 1205
f 1161 1188 1187
f 1161 1187 1245
f 1161 1245 1239
f 1162 1166 1246
f 1162 1246 1163
f 1163 1247 1248
f 1163 1248 1249
f 1163 1249 1250
f 1163 1250 1251
f 1163 1251 1164
f 1163 1246 1252
f 1163 1252 1247
f 1164 1251 1253
f 1164 1253 1254
f 1164 1254 1255
f 1164 1255 1165
f 1165 1255 1256
f 1165 1256 1257
f 1165 1257 1167
f 1167 1257 1168
f 1168 1257 1256
f 1168 1256 1258
f 1168 1258 1259
f 1168 1259 1260
f 1168 1260 1169
f 1169 1260 1170
f 1170 1260 1171
f 1171 1261 1262
f 1171 1262 1263
f 1171 1263 1264
f 1171 1264 1172
f 1171 1260 1261
f 1172 1264 1173
f 1173 1264 1174
f 1174 1264 1355
f 1174 1355 1265
f 1175 1265 1283
f 1175 1283 1189
f 1176 1266 1178
f 1176 1178 1177
f 1178 1266 1267
f 1178 1267 1268
f 1178 1268 1269
f 1178 1269 1270
f 1178 1270 1271
f 1178 1271 1272
f 1178 1272 1273
f 1178 1273 1179
f 1179 1273 1182
f 1180 1185 1274
f 1180 1274 1181
f 1181 1274 1275
f 1181 1275 1186
f 1182 1276 1277
f 1182 1277 1183
f 1182 1273 1278
f 1182 1278 1276
f 1183 1279 1184
f 1183 1277 1279
f 1184 1279 1185
f 1185 1280 1281
f 1185 1281 1274
f 1185 1279 1280
f 1186 1275 1187
f 1187 1239 1245
f 1187 1275 1282
f 1187 1282 1239
f 1190 1283 1370
f 1190 1370 1284
f 1190 1284 1191
f 1191 1284 1193
f 1192 1285 1196
f 1192 1195 1286
f 1192 1286 1285
f 1193 1284 1194
f 1194 1284 1287
f 1194 1287 1288
f 1194 1288 1289
f 1194 1289 1286
f 1194 1286 1195
f 1196 1285 1201
f 1197 1290 1198
f 1197 1201 1290
f 1198 1290 1291
f 1198 1291 1199
f 1199 1291 1292
f 1199 1292 1293
f 1199 1293 1294
f 1199 1294 1200
f 1200 1294 1202
f 1201 1285 1295
f 1201 1295 1296
f 1201 1296 1290
f 1202 1294 1297
f 1202 1297 1298
f 1202 1298 1299
f 1202 1299 1300
f 1202 1300 1301
f 1202 1301 1204
f 1202 1204 1203
f 1205 1302 1303
f 1205 1303 1212
f 1205 1244 1304
f 1205 1304 1302
f 1206 1211 1305
f 1206 1305 1306
f 1206 1306 1307
f 1206 1307 1308
f 1206 1308 1208
f 1206 1208 1207
f 1208 1308 1209
f 1209 1215 1214
f 1209 1308 1215
f 1210 1213 1311
f 1210 1311 1309
f 1210 1309 1310
f 1210 1310 1211
f 1211 1310 1391
f 1211 1391 1306
f 1211 1306 1305
f 1212 1303 1213
f 1213 1303 1311
f 1215 1312 1313
f 1215 1313 1314
f 1215 1314 1217
f 1215 1217 1216
f 1215 1308 1312
f 1217 1314 1218
f 1218 1314 1315
f 1218 1315 1316
f 1218 1316 1219
f 1219 1316 1315
f 1219 1315 1317
f 1219 1317 1318
f 1219 1318 1220
f 1220 1318 1229
f 1220 1229 1221
f 1222 1228 1227
f 1222 1227 1319
f 1222 1319 1320
f 1222 1320 1321
f 1222 1321 1322
f 1222 1322 1323
f 1222 1323 1225
f 1222 1225 1223
f 1223 1225 1224
f 1225 1323 1322
f 1225 1322 1324
f 1225 1324 1325
f 1225 1325 1226
f 1226 1325 1326
f 1227 1327 1319
f 1227 1237 1328
f 1227 1328 1327
f 1229 1329 1231
f 1229 1231 1230
f 1229 1318 1329
f 1231 1329 1330
f 1231 1330 1232
f 1232 1330 1233
f 1233 1331 1238
f 1233 1238 1234
f 1233 1330 1331
f 1235 1332 1328
f 1235 1328 1236
f 1235 1238 1331
f 1235 1331 1333
f 1235 1333 1332
f 1236 1328 1237
f 1239 1282 1240
f 1240 1304 1242
f 1240 1242 1241
f 1240 1282 1334
f 1240 1334 1335
f 1240 1335 1302
f 1240 1302 1304
f 1242 1304 1244
f 1242 1244 1243
f 1247 1336 1337
f 1247 1337 1248
f 1247 1252 1338
f 1247 1338 1336
f 1248 1339 1340
f 1248 1340 1249
f 1248 1337 1341
f 1248 1341 1339
f 1249 1340 1250
f 1250 1340 1342
f 1250 1342 1253
f 1250 1253 1251
f 1253 1342 1343
f 1253 1343 1344
f 1253 1344 1256
f 1253 1256 1254
f 1254 1256 1255
f 1256 1344 1258
f 1258 1345 1346
f 1258 1346 1347
f 1258 1347 1348
f 1258 1348 1259
f 1258 1344 1345
f 1259 1349 1350
f 1259 1350 1351
f 1259 1351 1260
f 1259 1348 1349
f 1260 1351 1261
f 1261 1352 1262
f 1261 1351 1353
f 1261 1353 1352
f 1262 1352 1354
f 1262 1354 1264
f 1262 1264 1263
f 1264 1354 1355
f 1265 1355 1370
f 1265 1370 1283
f 1270 1356 1357
f 1270 1357 1271
f 1271 1357 1272
f 1272 1357 1358
f 1272 1358 1273
f 1273 1358 1278
f 1274 1281 1359
f 1274 1359 1275
f 1275 1359 1335
f 1275 1335 1282
f 1276 1278 1360
f 1276 1360 1361
f 1276 1361 1277
f 1277 1361 1279
f 1278 1358 1362
f 1278 1362 1360
f 1279 1361 1363
f 1279 1363 1280
f 1280 1364 1365
f 1280 1365 1366
f 1280 1366 1281
f 1280 1363 1367
f 1280 1367 1364
f 1281 1366 1368
f 1281 1368 1369
f 1281 1369 1359
f 1282 1335 1334
f 1284 1370 1371
f 1284 1371 1288
f 1284 1288 1287
f 1285 1286 1372
f 1285 1372 1295
f 1286 1289 1373
f 1286 1373 1372
f 1288 1374 1289
f 1288 1371 1374
f 1289 1374 1375
f 1289 1375 1373
f 1290 1376 1377
f 1290 1377 1291
f 1290 1296 1376
f 1291 1377 1292
f 1292 1378 1293
f 1292 1377 1378
f 1293 1379 1380
f 1293 1380 1294
f 1293 1378 1379
f 1294 1380 1297
f 1295 1372 1381
f 1295 1381 1382
f 1295 1382 1383
f 1295 1383 1384
f 1295 1384 1296
f 1296 1384 1385
f 1296 1385 1386
f 1296 1386 1387
f 1296 1387 1376
f 1297 1380 1388
f 1297 1388 1298
f 1298 1388 1299
f 1299 1388 1389
f 1302 1335 1390
f 1302 1390 1303
f 1303 1390 1311
f 1306 1391 1497
f 1306 1497 1392
f 1306 1392 1307
f 1307 1392 1393
f 1307 1393 1308
f 1308 1393 1392
f 1308 1392 1394
f 1308 1394 1312
f 1309 1311 1390
f 1309 1390 1310
f 1310 1390 1395
f 1310 1395 1396
f 1310 1396 1391
f 1312 1397 1500
f 1312 1500 1398
f 1312 1398 1313
f 1312 1394 1392
f 1312 1392 1497
f 1312 1497 1397
f 1313 1398 1399
f 1313 1399 1314
f 1314 1398 1400
f 1314 1400 1401
f 1314 1401 1315
f 1314 1399 1398
f 1315 1401 1402
f 1315 1402 1403
f 1315 1403 1404
f 1315 1404 1317
f 1317 1404 1318
f 1318 1404 1405
f 1318 1405 1329
f 1319 1327 1320
f 1320 1327 1328
f 1320 1328 1406
f 1320 1406 1407
f 1320 1407 1321
f 1321 1407 1322
f 1322 1407 1408
f 1322 1408 1409
f 1322 1409 1324
f 1324 1410 1325
f 1324 1409 1410
f 1325 1410 1411
f 1325 1411 1412
f 1325 1412 1413
f 1325 1413 1326
f 1326 1413 1415
f 1326 1415 1416
f 1326 1416 1417
f 1326 1417 1418
f 1326 1418 1414
f 1328 1332 1406
f 1329 1405 1419
f 1329 1419 1420
f 1329 1420 1421
f 1329 1421 1330
f 1330 1421 1331
f 1331 1421 1422
f 1331 1422 1423
f 1331 1423 1333
f 1332 1424 1425
f 1332 1425 1426
f 1332 1426 1406
f 1332 1333 1424
f 1333 1423 1427
f 1333 1427 1428
f 1333 1428 1429
f 1333 1429 1424
f 1335 1359 1430
f 1335 1430 1390
f 1336 1338 1337
f 1337 1431 1432
f 1337 1432 1433
f 1337 1433 1341
f 1337 1338 1431
f 1338 1434 1435
f 1338 1435 1436
f 1338 1436 1437
f 1338 1437 1438
f 1338 1438 1439
f 1338 1439 1440
f 1338 1440 1431
f 1339 1341 1433
f 1339 1433 1441
f 1339 1441 1442
f 1339 1442 1342
f 1339 1342 1340
f 1342 1443 1444
f 1342 1444 1343
f 1342 1442 1443
f 1343 1445 1446
f 1343 1446 1447
f 1343 1447 1448
f 1343 1448 1344
f 1343 1444 1445
f 1344 1449 1450
f 1344 1450 1345
f 1344 1448 1449
f 1345 1451 1346
f 1345 1450 1451
f 1346 1451 1347
f 1347 1451 1349
f 1347 1349 1348
f 1349 1452 1453
f 1349 1453 1454
f 1349 1454 1351
f 1349 1351 1350
f 1349 1451 1455
f 1349 1455 1456
f 1349 1456 1452
f 1351 1454 1352
f 1351 1352 1353
f 1352 1454 1457
f 1352 1457 1458
f 1352 1458 1459
f 1352 1459 1354
f 1354 1459 1475
f 1354 1475 1371
f 1354 1371 1370
f 1354 1370 1355
f 1356 1460 1357
f 1357 1461 1358
f 1357 1460 1462
f 1357 1462 1463
f 1357 1463 1464
f 1357 1464 1461
f 1358 1461 1465
f 1358 1465 1362
f 1359 1390 1430
f 1359 1369 1466
f 1359 1466 1390
f 1360 1467 1361
f 1360 1362 1467
f 1361 1468 1469
f 1361 1469 1363
f 1361 1467 1468
f 1362 1465 1470
f 1362 1470 1467
f 1363 1471 1472
f 1363 1472 1473
f 1363 1473 1367
f 1363 1469 1471
f 1364 1367 1474
f 1364 1474 1395
f 1364 1395 1365
f 1365 1395 1366
f 1366 1395 1368
f 1367 1473 1472
f 1367 1472 1474
f 1368 1395 1369
f 1369 1395 1390
f 1369 1390 1466
f 1371 1475 1374
f 1372 1373 1476
f 1372 1476 1477
f 1372 1477 1381
f 1373 1375 1374
f 1373 1374 1478
f 1373 1478 1477
f 1373 1477 1476
f 1374 1479 1478
f 1374 1475 1480
f 1374 1480 1479
f 1376 1387 1481
f 1376 1481 1482
f 1376 1482 1483
f 1376 1483 1484
f 1376 1484 1377
f 1377 1484 1485
f 1377 1485 1486
f 1377 1486 1378
f 1378 1486 1487
f 1378 1487 1379
f 1379 1487 1488
f 1379 1488 1380
f 1380 1488 1489
f 1380 1489 1388
f 1381 1477 1382
f 1382 1490 1383
f 1382 1477 1490
f 1383 1490 1384
f 1384 1490 1385
f 1385 1490 1386
f 1386 1491 1387
f 1386 1490 1491
f 1387 1482 1481
f 1387 1491 1482
f 1388 1489 1492
f 1388 1492 1493
f 1388 1493 1494
f 1388 1494 1389
f 1389 1494 1493
f 1389 1493 1495
f 1391 1396 1395
f 1391 1395 1496
f 1391 1496 1497
f 1395 1474 1496
f 1397 1497 1498
f 1397 1498 1474
f 1397 1474 1472
f 1397 1472 1499
f 1397 1499 1500
f 1398 1500 1501
f 1398 1501 1401
f 1398 1401 1400
f 1401 1501 1502
f 1401 1502 1402
f 1402 1502 1503
f 1402 1503 1403
f 1403 1503 1607
f 1403 1607 1504
f 1403 1504 1404
f 1404 1504 1419
f 1404 1419 1405
f 1406 1505 1506
f 1406 1506 1507
f 1406 1507 1508
f 1406 1508 1509
f 1406 1509 1407
f 1406 1426 1505
f 1407 1510 1511
f 1407 1511 1512
f 1407 1512 1408
f 1407 1509 1510
f 1408 1512 1513
f 1408 1513 1514
f 1408 1514 1409
f 1409 1515 1516
f 1409 1516 1517
f 1409 1517 1410
f 1409 1514 1515
f 1410 1517 1412
f 1410 1412 1411
f 1412 1518 1519
f 1412 1519 1415
f 1412 1415 1413
f 1412 1517 1518
f 1414 1418 1520
f 1414 1520 1521
f 1415 1519 1416
f 1416 1519 1417
f 1417 1519 1418
f 1418 1519 1522
f 1418 1522 1520
f 1419 1504 1523
f 1419 1523 1420
f 1420 1523 1524
f 1420 1524 1525
f 1420 1525 1526
f 1420 1526 1527
f 1420 1527 1423
f 1420 1423 1422
f 1420 1422 1528
f 1420 1528 1421
f 1421 1528 1422
f 1423 1529 1530
f 1423 1530 1428
f 1423 1428 1427
f 1423 1527 1529
f 1424 1429 1428
f 1424 1428 1531
f 1424 1531 1425
f 1425 1531 1532
f 1425 1532 1426
f 1426 1532 1505
f 1428 1533 1531
f 1428 1530 1533
f 1431 1440 1534
f 1431 1534 1535
f 1431 1535 1432
f 1432 1535 1433
f 1433 1535 1441
f 1434 1536 1537
f 1434 1537 1435
f 1435 1537 1538
f 1435 1538 1539
f 1435 1539 1540
f 1435 1540 1541
f 1435 1541 1542
f 1435 1542 1543
f 1435 1543 1436
f 1436 1543 1437
f 1437 1543 1438
f 1438 1544 1440
f 1438 1440 1439
f 1438 1543 1545
f 1438 1545 1544
f 1440 1544 1546
f 1440 1546 1534
f 1441 1535 1547
f 1441 1547 1548
f 1441 1548 1549
f 1441 1549 1550
f 1441 1550 1442
f 1442 1550 1551
f 1442 1551 1443
f 1443 1552 1444
f 1443 1551 1550
f 1443 1550 1552
f 1444 1552 1446
f 1444 1446 1445
f 1446 1448 1447
f 1446 1552 1553
f 1446 1553 1554
f 1446 1554 1555
f 1446 1555 1448
f 1448 1555 1449
f 1449 1555 1451
f 1449 1451 1450
f 1451 1556 1557
f 1451 1557 1455
f 1451 1555 1558
f 1451 1558 1559
f 1451 1559 1556
f 1452 1456 1563
f 1452 1563 1560
f 1452 1560 1561
f 1452 1561 1453
f 1453 1561 1478
f 1453 1478 1454
f 1454 1478 1479
f 1454 1479 1457
f 1455 1557 1556
f 1455 1556 1595
f 1455 1595 1562
f 1455 1562 1563
f 1455 1563 1456
f 1457 1479 1480
f 1457 1480 1458
f 1458 1480 1475
f 1458 1475 1459
f 1460 1564 1462
f 1461 1464 1565
f 1461 1565 1566
f 1461 1566 1567
f 1461 1567 1465
f 1462 1564 1463
f 1463 1564 1568
f 1463 1568 1569
f 1463 1569 1570
f 1463 1570 1571
f 1463 1571 1572
f 1463 1572 1573
f 1463 1573 1574
f 1463 1574 1565
f 1463 1565 1464
f 1465 1567 1575
f 1465 1575 1470
f 1467 1576 1577
f 1467 1577 1468
f 1467 1470 1578
f 1467 1578 1576
f 1468 1579 1469
f 1468 1577 1576
f 1468 1576 1579
f 1469 1579 1472
f 1469 1472 1471
f 1470 1580 1578
f 1470 1575 1581
f 1470 1581 1580
f 1472 1579 1499
f 1474 1497 1582
f 1474 1582 1496
f 1474 1498 1497
f 1477 1478 1561
f 1477 1561 1560
f 1477 1560 1563
f 1477 1563 1562
f 1477 1562 1490
f 1482 1583 1584
f 1482 1584 1585
f 1482 1585 1484
f 1482 1484 1483
f 1482 1491 1583
f 1484 1585 1485
f 1485 1585 1586
f 1485 1586 1587
f 1485 1587 1486
f 1486 1587 1586
f 1486 1586 1487
f 1487 1588 1589
f 1487 1589 1590
f 1487 1590 1488
f 1487 1586 1588
f 1488 1590 1591
f 1488 1591 1489
f 1489 1591 1592
f 1489 1592 1593
f 1489 1593 1492
f 1490 1562 1594
f 1490 1594 1595
f 1490 1595 1596
f 1490 1596 1597
f 1490 1597 1491
f 1491 1597 1598
f 1491 1598 1599
f 1491 1599 1583
f 1492 1593 1493
f 1493 1600 1601
f 1493 1601 1602
f 1493 1602 1603
f 1493 1603 1604
f 1493 1604 1605
f 1493 1605 1495
f 1493 1593 1600
f 1496 1582 1497
f 1499 1579 1606
f 1499 1606 1500
f 1500 1606 1579
f 1500 1579 1501
f 1501 1579 1576
f 1501 1576 1502
f 1502 1576 1503
f 1503 1576 1580
f 1503 1580 1607
f 1504 1607 1623
f 1504 1623 1523
f 1505 1532 1506
f 1506 1532 1507
f 1507 1608 1609
f 1507 1609 1508
f 1507 1532 1608
f 1508 1609 1509
f 1509 1609 1610
f 1509 1610 1510
f 1510 1611 1511
f 1510 1610 1609
f 1510 1609 1611
f 1511 1611 1512
f 1512 1611 1513
f 1513 1611 1612
f 1513 1612 1514
f 1514 1612 1515
f 1515 1612 1613
f 1515 1613 1614
f 1515 1614 1516
f 1516 1518 1517
f 1516 1614 1702
f 1516 1702 1615
f 1516 1615 1518
f 1518 1615 1616
f 1518 1616 1519
f 1519 1616 1522
f 1520 1617 1618
f 1520 1618 1619
f 1520 1619 1521
f 1520 1522 1622
f 1520 1622 1620
f 1520 1620 1704
f 1520 1704 1617
f 1522 1616 1621
f 1522 1621 1710
f 1522 1710 1622
f 1523 1623 1624
f 1523 1624 1524
f 1524 1624 1625
f 1524 1625 1525
f 1525 1625 1626
f 1525 1626 1526
f 1526 1626 1627
f 1526 1627 1527
f 1527 1627 1628
f 1527 1628 1529
f 1529 1628 1629
f 1529 1629 1530
f 1530 1629 1636
f 1530 1636 1533
f 1531 1630 1631
f 1531 1631 1632
f 1531 1632 1633
f 1531 1633 1532
f 1531 1533 1630
f 1532 1634 1635
f 1532 1635 1608
f 1532 1633 1634
f 1533 1636 1715
f 1533 1715 1631
f 1533 1631 1630
f 1534 1546 1535
f 1535 1546 1547
f 1536 1637 1538
f 1536 1538 1537
f 1536 1638 1639
f 1536 1639 1640
f 1536 1640 1641
f 1536 1641 1642
f 1536 1642 1637
f 1538 1637 1642
f 1538 1642 1643
f 1538 1643 1644
f 1538 1644 1645
f 1538 1645 1539
f 1539 1645 1540
f 1540 1645 1541
f 1541 1645 1646
f 1541 1646 1647
f 1541 1647 1648
f 1541 1648 1542
f 1542 1648 1545
f 1542 1545 1543
f 1544 1545 1649
f 1544 1649 1546
f 1545 1648 1649
f 1546 1649 1547
f 1547 1649 1650
f 1547 1650 1651
f 1547 1651 1548
f 1548 1651 1652
f 1548 1652 1653
f 1548 1653 1549
f 1549 1653 1654
f 1549 1654 1550
f 1550 1654 1655
f 1550 1655 1656
f 1550 1656 1657
f 1550 1657 1552
f 1552 1657 1658
f 1552 1658 1659
f 1552 1659 1553
f 1553 1659 1658
f 1553 1658 1554
f 1554 1583 1598
f 1554 1598 1660
f 1554 1660 1661
f 1554 1661 1555
f 1554 1658 1673
f 1554 1673 1583
f 1555 1660 1558
f 1555 1661 1660
f 1556 1559 1558
f 1556 1558 1660
f 1556 1660 1598
f 1556 1598 1595
f 1562 1595 1594
f 1565 1662 1566
f 1565 1574 1662
f 1566 1662 1663
f 1566 1663 1664
f 1566 1664 1567
f 1567 1664 1575
f 1571 1665 1572
f 1572 1666 1573
f 1572 1665 1666
f 1573 1666 1667
f 1573 1667 1668
f 1573 1668 1669
f 1573 1669 1574
f 1574 1669 1662
f 1575 1670 1581
f 1575 1664 1671
f 1575 1671 1672
f 1575 1672 1670
f 1576 1578 1580
f 1580 1581 1670
f 1580 1670 1607
f 1583 1599 1598
f 1583 1673 1584
f 1584 1673 1674
f 1584 1674 1585
f 1585 1673 1675
f 1585 1675 1586
f 1585 1674 1673
f 1586 1676 1677
f 1586 1677 1678
f 1586 1678 1588
f 1586 1675 1676
f 1588 1678 1679
f 1588 1679 1589
f 1589 1680 1681
f 1589 1681 1590
f 1589 1679 1680
f 1590 1681 1682
f 1590 1682 1591
f 1591 1682 1683
f 1591 1683 1592
f 1592 1683 1684
f 1592 1684 1685
f 1592 1685 1593
f 1593 1685 1600
f 1595 1598 1597
f 1595 1597 1596
f 1600 1686 1601
f 1600 1685 1686
f 1601 1687 1688
f 1601 1688 1689
f 1601 1689 1602
f 1601 1686 1687
f 1602 1689 1603
f 1603 1689 1690
f 1607 1670 1623
f 1608 1635 1634
f 1608 1634 1716
f 1608 1716 1691
f 1608 1691 1776
f 1608 1776 1692
f 1608 1692 1609
f 1609 1693 1694
f 1609 1694 1695
f 1609 1695 1611
f 1609 1692 1693
f 1611 1695 1696
f 1611 1696 1697
f 1611 1697 1698
f 1611 1698 1612
f 1612 1699 1700
f 1612 1700 1613
f 1612 1698 1782
f 1612 1782 1699
f 1613 1700 1701
f 1613 1701 1614
f 1614 1701 1788
f 1614 1788 1702
f 1615 1702 1789
f 1615 1789 1703
f 1615 1703 1616
f 1616 1703 1621
f 1620 1622 1705
f 1620 1705 1706
f 1620 1706 1707
f 1620 1707 1708
f 1620 1708 1709
f 1620 1709 1704
f 1621 1703 1790
f 1621 1790 1710
f 1622 1710 1711
f 1622 1711 1712
f 1622 1712 1705
f 1623 1670 1672
f 1623 1672 1624
f 1624 1672 1625
f 1625 1672 1626
f 1626 1672 1627
f 1627 1713 1628
f 1627 1672 1713
f 1628 1713 1629
f 1629 1713 1714
f 1629 1714 1636
f 1631 1715 1716
f 1631 1716 1634
f 1631 1634 1633
f 1631 1633 1632
f 1636 1714 1717
f 1636 1717 1718
f 1636 1718 1715
f 1638 1706 1705
f 1638 1705 1719
f 1638 1719 1720
f 1638 1720 1721
f 1638 1721 1722
f 1638 1722 1639
f 1639 1722 1723
f 1639 1723 1724
f 1639 1724 1725
f 1639 1725 1726
f 1639 1726 1640
f 1640 1726 1727
f 1640 1727 1728
f 1640 1728 1642
f 1640 1642 1641
f 1642 1729 1730
f 1642 1730 1643
f 1642 1728 1727
f 1642 1727 1729
f 1643 1730 1644
f 1644 1730 1645
f 1645 1730 1731
f 1645 1731 1646
f 1646 1731 1732
f 1646 1732 1733
f 1646 1733 1734
f 1646 1734 1647
f 1647 1735 1736
f 1647 1736 1737
f 1647 1737 1648
f 1647 1734 1738
f 1647 1738 1735
f 1648 1737 1739
f 1648 1739 1650
f 1648 1650 1649
f 1650 1739 1740
f 1650 1740 1651
f 1651 1741 1652
f 1651 1740 1739
f 1651 1739 1737
f 1651 1737 1742
f 1651 1742 1741
f 1652 1741 1756
f 1652 1756 1680
f 1652 1680 1679
f 1652 1679 1653
f 1653 1679 1678
f 1653 1678 1654
f 1654 1678 1677
f 1654 1677 1655
f 1655 1677 1676
f 1655 1676 1656
f 1656 1676 1673
f 1656 1673 1658
f 1656 1658 1657
f 1662 1743 1663
f 1662 1669 1744
f 1662 1744 1743
f 1663 1743 1745
f 1663 1745 1664
f 1664 1745 1671
f 1665 1746 1666
f 1666 1746 1667
f 1667 1746 1747
f 1667 1747 1748
f 1667 1748 1668
f 1668 1749 1669
f 1668 1748 1750
f 1668 1750 1749
f 1669 1751 1752
f 1669 1752 1744
f 1669 1749 1753
f 1669 1753 1751
f 1671 1745 1754
f 1671 1754 1755
f 1671 1755 1672
f 1672 1755 1754
f 1672 1754 1713
f 1673 1676 1675
f 1680 1756 1681
f 1681 1756 1757
f 1681 1757 1758
f 1681 1758 1759
f 1681 1759 1760
f 1681 1760 1682
f 1682 1760 1759
f 1682 1759 1761
f 1682 1761 1683
f 1683 1761 1684
f 1684 1761 1762
f 1684 1762 1685
f 1685 1762 1763
f 1685 1763 1686
f 1686 1763 1764
f 1686 1764 1765
f 1686 1765 1766
f 1686 1766 1767
f 1686 1767 1687
f 1687 1767 1768
f 1687 1768 1769
f 1687 1769 1688
f 1688 1769 1770
f 1688 1770 1690
f 1688 1690 1689
f 1690 1770 1771
f 1691 1716 1772
f 1691 1772 1773
f 1691 1773 1774
f 1691 1774 1775
f 1691 1775 1776
f 1692 1776 1777
f 1692 1777 1693
f 1693 1777 1778
f 1693 1778 1694
f 1694 1778 1779
f 1694 1779 1695
f 1695 1779 1780
f 1695 1780 1696
f 1696 1780 1781
f 1696 1781 1697
f 1697 1781 1782
f 1697 1782 1698
f 1699 1782 1783
f 1699 1783 1784
f 1699 1784 1785
f 1699 1785 1786
f 1699 1786 1700
f 1700 1786 1787
f 1700 1787 1701
f 1701 1787 1858
f 1701 1858 1788
f 1702 1788 1859
f 1702 1859 1789
f 1703 1789 1860
f 1703 1860 1790
f 1705 1712 1719
f 1710 1790 1711
f 1711 1790 1791
f 1711 1791 1792
f 1711 1792 1712
f 1712 1792 1723
f 1712 1723 1721
f 1712 1721 1720
f 1712 1720 1719
f 1713 1745 1793
f 1713 1793 1794
f 1713 1794 1714
f 1713 1754 1745
f 1714 1793 1795
f 1714 1795 1796
f 1714 1796 1717
f 1714 1794 1793
f 1715 1718 1717
f 1715 1717 1797
f 1715 1797 1798
f 1715 1798 1716
f 1716 1798 1773
f 1716 1773 1772
f 1717 1796 1799
f 1717 1799 1773
f 1717 1773 1798
f 1717 1798 1797
f 1721 1723 1722
f 1723 1792 1800
f 1723 1800 1724
f 1724 1800 1725
f 1725 1800 1801
f 1725 1801 1726
f 1726 1801 1727
f 1727 1802 1729
f 1727 1801 1803
f 1727 1803 1802
f 1729 1802 1730
f 1730 1802 1731
f 1731 1802 1804
f 1731 1804 1805
f 1731 1805 1806
f 1731 1806 1807
f 1731 1807 1732
f 1732 1807 1808
f 1732 1808 1733
f 1733 1809 1734
f 1733 1808 1809
f 1734 1809 1735
f 1734 1735 1738
f 1735 1809 1810
f 1735 1810 1811
f 1735 1811 1737
f 1735 1737 1736
f 1737 1811 1812
f 1737 1812 1742
f 1741 1742 1757
f 1741 1757 1756
f 1742 1812 1827
f 1742 1827 1757
f 1743 1744 1813
f 1743 1813 1745
f 1744 1752 1813
f 1745 1813 1793
f 1746 1814 1747
f 1747 1814 1815
f 1747 1815 1816
f 1747 1816 1817
f 1747 1817 1818
f 1747 1818 1748
f 1748 1818 1819
f 1748 1819 1820
f 1748 1820 1821
f 1748 1821 1822
f 1748 1822 1750
f 1749 1750 1823
f 1749 1823 1753
f 1750 1822 1823
f 1751 1824 1813
f 1751 1813 1752
f 1751 1753 1825
f 1751 1825 1826
f 1751 1826 1824
f 1753 1823 1825
f 1757 1827 1758
f 1758 1827 1828
f 1758 1828 1829
f 1758 1829 1830
f 1758 1830 1831
f 1758 1831 1761
f 1758 1761 1759
f 1761 1831 1832
f 1761 1832 1762
f 1762 1832 1763
f 1763 1832 1764
f 1764 1832 1765
f 1765 1832 1833
f 1765 1833 1834
f 1765 1834 1835
f 1765 1835 1766
f 1766 1835 1836
f 1766 1836 1767
f 1767 1836 1768
f 1768 1837 1769
f 1768 1836 1837
f 1769 1837 1838
f 1769 1838 1839
f 1769 1839 1840
f 1769 1840 1841
f 1769 1841 1770
f 1770 1841 1842
f 1770 1842 1843
f 1770 1843 1844
f 1770 1844 1771
f 1773 1845 1846
f 1773 1846 1774
f 1773 1799 1847
f 1773 1847 1845
f 1774 1848 1775
f 1774 1846 1826
f 1774 1826 1848
f 1775 1849 1850
f 1775 1850 1851
f 1775 1851 1783
f 1775 1783 1779
f 1775 1779 1778
f 1775 1778 1777
f 1775 1777 1776
f 1775 1848 1849
f 1779 1783 1780
f 1780 1783 1781
f 1781 1783 1782
f 1783 1851 1852
f 1783 1852 1853
f 1783 1853 1784
f 1784 1853 1854
f 1784 1854 1785
f 1785 1854 1855
f 1785 1855 1786
f 1786 1855 1787
f 1787 1855 1856
f 1787 1856 1857
f 1787 1857 1858
f 1788 1858 1905
f 1788 1905 1859
f 1789 1859 1906
f 1789 1906 1860
f 1790 1860 1861
f 1790 1861 1791
f 1791 1861 1908
f 1791 1908 1862
f 1791 1862 1792
f 1792 1862 1800
f 1793 1813 1824
f 1793 1824 1796
f 1793 1796 1795
f 1796 1824 1799
f 1799 1824 1847
f 1800 1862 1801
f 1801 1862 1863
f 1801 1863 1864
f 1801 1864 1803
f 1802 1803 1865
f 1802 1865 1866
f 1802 1866 1867
f 1802 1867 1804
f 1803 1864 1868
f 1803 1868 1865
f 1804 1869 1870
f 1804 1870 1871
f 1804 1871 1805
f 1804 1867 1869
f 1805 1872 1808
f 1805 1808 1806
f 1805 1871 1870
f 1805 1870 1872
f 1806 1808 1807
f 1808 1872 1873
f 1808 1873 1874
f 1808 1874 1875
f 1808 1875 1809
f 1809 1875 1876
f 1809 1876 1877
f 1809 1877 1878
f 1809 1878 1810
f 1810 1879 1828
f 1810 1828 1811
f 1810 1878 1877
f 1810 1877 1918
f 1810 1918 1879
f 1811 1828 1827
f 1811 1827 1812
f 1815 1880 1816
f 1816 1880 1881
f 1816 1881 1882
f 1816 1882 1903
f 1816 1903 1843
f 1816 1843 1842
f 1816 1842 1817
f 1817 1883 1818
f 1817 1842 1902
f 1817 1902 1883
f 1818 1883 1884
f 1818 1884 1819
f 1819 1884 1857
f 1819 1857 1820
f 1820 1857 1821
f 1821 1857 1856
f 1821 1856 1822
f 1822 1885 1823
f 1822 1856 1855
f 1822 1855 1885
f 1823 1885 1886
f 1823 1886 1825
f 1824 1826 1847
f 1825 1886 1826
f 1826 1886 1849
f 1826 1849 1848
f 1826 1846 1845
f 1826 1845 1847
f 1828 1879 1829
f 1829 1879 1887
f 1829 1887 1888
f 1829 1888 1889
f 1829 1889 1831
f 1829 1831 1830
f 1831 1889 1888
f 1831 1888 1833
f 1831 1833 1832
f 1833 1888 1890
f 1833 1890 1891
f 1833 1891 1834
f 1834 1892 1893
f 1834 1893 1894
f 1834 1894 1895
f 1834 1895 1896
f 1834 1896 1835
f 1834 1891 1892
f 1835 1896 1836
f 1836 1896 1897
f 1836 1897 1837
f 1837 1897 1898
f 1837 1898 1899
f 1837 1899 1838
f 1838 1899 1900
f 1838 1900 1839
f 1839 1900 1840
f 1840 1900 1901
f 1840 1901 1841
f 1841 1901 1902
f 1841 1902 1842
f 1843 1903 1904
f 1843 1904 1844
f 1849 1886 1851
f 1849 1851 1850
f 1851 1886 1852
f 1852 1886 1853
f 1853 1886 1854
f 1854 1886 1885
f 1854 1885 1855
f 1857 1884 1858
f 1858 1884 1905
f 1859 1905 1934
f 1859 1934 1906
f 1860 1906 1907
f 1860 1907 1861
f 1861 1907 1935
f 1861 1935 1908
f 1862 1908 1909
f 1862 1909 1863
f 1863 1909 1910
f 1863 1910 1864
f 1864 1910 1868
f 1865 1868 1911
f 1865 1911 1866
f 1866 1911 1867
f 1867 1911 1870
f 1867 1870 1869
f 1868 1910 1911
f 1870 1911 1912
f 1870 1912 1913
f 1870 1913 1914
f 1870 1914 1915
f 1870 1915 1872
f 1872 1915 1944
f 1872 1944 1916
f 1872 1916 1917
f 1872 1917 1874
f 1872 1874 1873
f 1874 1917 1918
f 1874 1918 1877
f 1874 1877 1876
f 1874 1876 1875
f 1879 1918 1919
f 1879 1919 1887
f 1883 1905 1884
f 1883 1902 1934
f 1883 1934 1905
f 1887 1919 1918
f 1887 1918 1920
f 1887 1920 1921
f 1887 1921 1922
f 1887 1922 1890
f 1887 1890 1888
f 1890 1922 1891
f 1891 1922 1892
f 1892 1922 1893
f 1893 1922 1894
f 1894 1922 1916
f 1894 1916 1923
f 1894 1923 1924
f 1894 1924 1895
f 1895 1924 1923
f 1895 1923 1925
f 1895 1925 1926
f 1895 1926 1896
f 1896 1926 1927
f 1896 1927 1928
f 1896 1928 1929
f 1896 1929 1897
f 1897 1929 1898
f 1898 1930 1931
f 1898 1931 1899
f 1898 1929 1932
f 1898 1932 1930
f 1899 1931 1900
f 1900 1931 1933
f 1900 1933 1901
f 1901 1933 1934
f 1901 1934 1902
f 1906 1934 1933
f 1906 1933 1907
f 1907 1933 1931
f 1907 1931 1935
f 1908 1935 1936
f 1908 1936 1909
f 1909 1936 1937
f 1909 1937 1910
f 1910 1937 1948
f 1910 1948 1938
f 1910 1938 1911
f 1911 1939 1940
f 1911 1940 1912
f 1911 1938 1939
f 1912 1940 1950
f 1912 1950 1941
f 1912 1941 1942
f 1912 1942 1913
f 1913 1942 1943
f 1913 1943 1914
f 1914 1943 1944
f 1914 1944 1915
f 1916 1944 1923
f 1916 1922 1945
f 1916 1945 1917
f 1917 1945 1922
f 1917 1922 1921
f 1917 1921 1920
f 1917 1920 1918
f 1923 1943 1942
f 1923 1942 1941
f 1923 1941 1946
f 1923 1946 1926
f 1923 1926 1925
f 1923 1944 1943
f 1926 1946 1927
f 1927 1946 1928
f 1928 1946 1947
f 1928 1947 1929
f 1929 1947 1932
f 1930 1932 1937
f 1930 1937 1936
f 1930 1936 1935
f 1930 1935 1931
f 1932 1947 1937
f 1937 1947 1946
f 1937 1946 1948
f 1938 1948 1949
f 1938 1949 1939
f 1939 1949 1950
f 1939 1950 1940
f 1941 1950 1946
f 1946 1950 1949
f 1946 1949 1948

