# Aspose.3D Wavefront OBJ Exporter
# Copyright 2004-2024 Aspose Pty Ltd.
# File created: 10/07/2024 16:46:07

mtllib material.lib
g root

#
# object root
#

v -0.028355565 0.0060464796 0.0039999997
v -0.02835521 0.0060357447 -0.004
v -0.028350092 0.0059661344 0.0039999997
v -0.02834822 0.005950132 -0.004
v -0.028346255 0.0060467375 -0.0041361665
v -0.028346255 0.0060467375 0.0041361665
v -0.028344283 0.006142445 -0.0041361665
v -0.028344283 0.006142445 0.0041361665
v -0.028341372 0.0062443432 -0.004
v -0.028341372 0.0062443432 0.0039999997
v -0.02833898 0.0059512877 -0.0041361665
v -0.02833898 0.0059512877 0.0041361665
v -0.028334657 0.00604706 0.0042034565
v -0.028334657 0.00604706 0.0042034565
v -0.028333083 0.0062375143 0.0041361665
v -0.028332708 0.0061416454 -0.004203456
v -0.028332708 0.0061416454 -0.004203456
v -0.028325375 0.0058288276 -0.004
v -0.028325375 0.0058288276 0.0039999997
v -0.028322523 0.0058569857 -0.0041361665
v -0.028322523 0.0058569857 0.0041361665
v -0.028321758 0.0063334736 -0.004
v -0.028321642 0.0062356014 -0.004203456
v -0.028321642 0.0062356014 -0.004203456
v -0.02831658 0.006140532 0.0042697964
v -0.02831658 0.006140532 0.0042697964
v -0.028312763 0.0063310587 -0.0041361665
v -0.028312763 0.0063310587 -0.0041361665
v -0.028312763 0.0063310587 0.0041361665
v -0.028311426 0.0059547336 -0.004269797
v -0.028311426 0.0059547336 0.0042697964
v -0.028311206 0.0058595296 0.0042034565
v -0.028308105 0.006379832 0.0039999997
v -0.028305894 0.0057618017 -0.004
v -0.028305894 0.0057618017 -0.004
v -0.028305894 0.0057618017 0.0039999997
v -0.028305696 0.0062329364 0.0042697964
v -0.028305696 0.0062329364 0.0042697964
v -0.028303681 0.00576253 -0.0040682424
v -0.028297847 0.006048081 -0.0043348796
v -0.028297847 0.006048081 -0.0043348796
v -0.028297847 0.006048081 0.0043348796
v -0.028297847 0.006048081 0.0043348796
v -0.028295973 0.0061391094 0.0043348796
v -0.02829093 0.0059572966 -0.0043348796
v -0.028290045 0.006424658 0.0040682424
v -0.028286027 0.0057683364 -0.004203456
v -0.028286027 0.0057683364 0.0042034565
v -0.028285943 0.006323859 0.0042697964
v -0.028285943 0.006323859 0.0042697964
v -0.028285323 0.0062295315 -0.0043348796
v -0.028283507 0.006422206 -0.0041361665
v -0.028283507 0.006422206 -0.0041361665
v -0.02827528 0.005867604 -0.0043348796
v -0.02827528 0.005867604 0.0043348796
v -0.028272806 0.006048776 -0.004398401
v -0.028272806 0.006048776 -0.004398401
v -0.028272644 0.00641813 0.0042034565
v -0.028272644 0.00641813 0.0042034565
v -0.028270982 0.006137384 -0.004398401
v -0.028265996 0.0063185045 -0.0043348796
v -0.028265996 0.0063185045 -0.0043348796
v -0.028260615 0.006225403 0.004398401
v -0.028256303 0.006509372 0.0039999997
v -0.028256303 0.006509372 0.0039999997
v -0.028256303 0.006509372 0.0039999997
v -0.02824559 0.0065101036 -0.0041361665
v -0.02824559 0.0065101036 -0.0041361665
v -0.028243493 0.006049589 0.004460064
v -0.028236972 0.005964044 0.004460064
v -0.028236972 0.005964044 0.004460064
v -0.028235173 0.006504998 -0.004203456
v -0.028235173 0.006504998 0.0042034565
v -0.028235173 0.006504998 0.0042034565
v -0.02823169 0.006220569 -0.004460065
v -0.028227253 0.0057876664 -0.004398401
v -0.028227253 0.0057876664 0.004398401
v -0.028222226 0.005879527 -0.004460065
v -0.028214714 0.006396397 -0.004398401
v -0.028213477 0.0063044066 0.004460064
v -0.028208341 0.0061330595 -0.0045195837
v -0.028208341 0.0061330595 -0.0045195837
v -0.028208341 0.0061330595 0.0045195837
v -0.028208341 0.0061330595 0.0045195837
v -0.028207298 0.006598817 -0.004
v -0.028203769 0.0059681963 -0.0045195837
v -0.028202105 0.006488797 -0.0043348796
v -0.028202105 0.006488797 -0.0043348796
v -0.028199393 0.0057968283 -0.004460065
v -0.02819937 0.006593931 0.0041361665
v -0.02819937 0.006593931 0.0041361665
v -0.028198682 0.0062150527 0.0045195837
v -0.028198682 0.0062150527 0.0045195837
v -0.028189575 0.0058868653 0.0045195837
v -0.028189575 0.0058868653 0.0045195837
v -0.028189491 0.006587845 -0.004203456
v -0.028187258 0.006386096 0.004460064
v -0.02818698 0.006630442 -0.004
v -0.02818698 0.006630442 0.0039999997
v -0.02818698 0.006630442 0.0039999997
v -0.028181156 0.0062957304 -0.0045195837
v -0.028181156 0.0062957304 0.0045195837
v -0.028172605 0.0060515557 -0.0045766803
v -0.028167602 0.005807284 -0.0045195837
v -0.028166605 0.005972843 0.00457668
v -0.028166605 0.005972843 0.00457668
v -0.028158143 0.006568527 -0.0043348796
v -0.028158143 0.006568527 -0.0043348796
v -0.028158143 0.006568527 -0.0043348796
v -0.028153038 0.0058950773 -0.0045766803
v -0.028152693 0.0066785347 -0.004
v -0.028150836 0.0066771265 -0.0040682424
v -0.028146157 0.006687057 -0.004
v -0.028146157 0.006687057 0.0039999997
v -0.028146157 0.006687057 0.0039999997
v -0.028146157 0.006687057 0.0039999997
v -0.028136816 0.006555386 -0.004398401
v -0.028136028 0.006665895 -0.004203456
v -0.028136028 0.006665895 0.0042034565
v -0.028132027 0.0058189835 0.00457668
v -0.028131362 0.006052701 0.004631088
v -0.028131362 0.006052701 0.004631088
v -0.028123222 0.006450148 0.0045195837
v -0.028123146 0.006656125 -0.004269797
v -0.028123146 0.006656125 -0.004269797
v -0.02812105 0.0062020794 -0.004631088
v -0.02812105 0.0062020794 -0.004631088
v -0.02812086 0.0063611856 -0.0045766803
v -0.02812086 0.0063611856 -0.0045766803
v -0.028111847 0.006540002 -0.004460065
v -0.028111847 0.006540002 0.004460064
v -0.028106688 0.0066436417 0.0043348796
v -0.028105138 0.006275325 -0.004631088
v -0.028105138 0.006275325 -0.004631088
v -0.028105138 0.006275325 0.004631088
v -0.028105138 0.006275325 0.004631088
v -0.028101481 0.0067406865 -0.004
v -0.028090648 0.00675261 0.0039999997
v -0.028088933 0.006751029 -0.0040682424
v -0.028088933 0.006751029 -0.0040682424
v -0.028088933 0.006751029 0.0040682424
v -0.028088933 0.006751029 0.0040682424
v -0.028086731 0.006628504 -0.004398401
v -0.028086731 0.006628504 -0.004398401
v -0.028086504 0.0060539455 -0.004682553
v -0.028086504 0.0060539455 -0.004682553
v -0.028086504 0.0060539455 -0.004682553
v -0.028083805 0.006746292 -0.0041361665
v -0.028083805 0.006746292 -0.0041361665
v -0.028083356 0.006522445 0.0045195837
v -0.028082231 0.0063466933 0.004631088
v -0.028082231 0.0063466933 0.004631088
v -0.028081138 0.0059835315 0.0046825525
v -0.028076788 0.0061946823 0.0046825525
v -0.028075282 0.0067384215 -0.004203456
v -0.028075282 0.0067384215 -0.004203456
v -0.028075282 0.0067384215 0.0042034565
v -0.028053176 0.006791069 0.0039999997
v -0.028053176 0.006791069 0.0039999997
v -0.028053176 0.006791069 0.0039999997
v -0.02805254 0.0064155175 0.004631088
v -0.02805254 0.0064155175 0.004631088
v -0.028051479 0.0065027997 0.00457668
v -0.028050205 0.0058458927 -0.004682553
v -0.028050205 0.0058458927 -0.004682553
v -0.028050205 0.0058458927 0.0046825525
v -0.028038241 0.0060552848 -0.0047308356
v -0.028029166 0.0061867237 -0.0047308356
v -0.028021742 0.0068203523 0.0039999997
v -0.028021742 0.0068203523 0.0039999997
v -0.028021742 0.0068203523 0.0039999997
v -0.028016351 0.006481155 -0.004631088
v -0.028016351 0.006481155 -0.004631088
v -0.028015543 0.0068134023 0.0041361665
v -0.028012244 0.0063957726 -0.004682553
v -0.028001472 0.006837959 -0.004
v -0.028001472 0.006837959 -0.004
v -0.028001472 0.006837959 -0.004
v -0.028001472 0.006837959 0.0039999997
v -0.028001472 0.006837959 0.0039999997
v -0.027997054 0.006792683 -0.004269797
v -0.027986795 0.0060567115 0.0047757113
v -0.027983688 0.00665385 -0.0045195837
v -0.027983688 0.00665385 -0.0045195837
v -0.027983302 0.0067772707 0.0043348796
v -0.027973993 0.006542993 0.004631088
v -0.027973993 0.006542993 0.004631088
v -0.027966624 0.006758581 -0.004398401
v -0.027966624 0.006758581 0.004398401
v -0.027965458 0.0062378305 0.0047757113
v -0.027955448 0.0058770557 -0.0047757113
v -0.027955448 0.0058770557 0.0047757113
v -0.027947098 0.0067366995 0.004460064
v -0.027947098 0.0067366995 0.004460064
v -0.027946824 0.006295893 -0.0047757113
v -0.027946623 0.0068811276 -0.004
v -0.027946623 0.0068811276 -0.004
v -0.027946623 0.0068811276 0.0039999997
v -0.027945247 0.006879247 -0.0040682424
v -0.027945247 0.006879247 -0.0040682424
v -0.027945247 0.006879247 -0.0040682424
v -0.027941123 0.0068736114 0.0041361665
v -0.02793126 0.006113932 0.0048169694
v -0.027928172 0.0060026594 0.0048169694
v -0.027925864 0.0066004544 -0.004631088
v -0.027925864 0.0066004544 -0.004631088
v -0.027924819 0.00671173 0.0045195837
v -0.027924819 0.00671173 0.0045195837
v -0.027924743 0.006169272 -0.00481697
v -0.02792472 0.0068512047 -0.004269797
v -0.02792472 0.0068512047 0.0042697964
v -0.027918596 0.0059477664 -0.00481697
v -0.027912518 0.006834537 -0.0043348796
v -0.027903765 0.0058940533 0.0048169694
v -0.027899884 0.0066837873 0.00457668
v -0.027899884 0.0066837873 0.00457668
v -0.02789977 0.006486696 -0.0047308356
v -0.02789977 0.006486696 0.0047308365
v -0.027897721 0.0068143243 -0.004398401
v -0.027897721 0.0068143243 0.004398401
v -0.0278804 0.0067906613 -0.004460065
v -0.0278804 0.0067906613 0.004460064
v -0.027875334 0.0060598054 -0.0048544193
v -0.0278743 0.00611 0.0048544193
v -0.02786063 0.0067636566 -0.0045195837
v -0.02786063 0.0067636566 0.0045195837
v -0.027857421 0.0065372568 -0.0047308356
v -0.027857421 0.0065372568 -0.0047308356
v -0.027849527 0.005911891 -0.0048544193
v -0.027846904 0.0063767433 -0.00481697
v -0.027838513 0.006733439 -0.0045766803
v -0.02782254 0.006302826 0.0048544193
v -0.02782254 0.006302826 0.0048544193
v -0.02781961 0.0065023433 -0.0047757113
v -0.02781961 0.0065023433 -0.0047757113
v -0.027814142 0.006700147 -0.004631088
v -0.027814142 0.006700147 0.004631088
v -0.02781039 0.006583494 0.0047308365
v -0.02781039 0.006583494 0.0047308365
v -0.027798297 0.006346791 0.0048544193
v -0.027792986 0.0059304857 0.0048878854
v -0.027787635 0.0066639367 -0.004682553
v -0.027779635 0.006465433 -0.00481697
v -0.027779635 0.006465433 -0.00481697
v -0.027776124 0.006545094 0.0047757113
v -0.027776124 0.006545094 0.0047757113
v -0.027769925 0.0063882107 -0.0048544193
v -0.027754197 0.0060631665 0.004917212
v -0.027754197 0.0060631665 0.004917212
v -0.027753405 0.0061016544 -0.004917211
v -0.027740728 0.0061775055 0.004917212
v -0.027740728 0.0061775055 0.004917212
v -0.027739901 0.0065044984 -0.00481697
v -0.027739901 0.0065044984 0.0048169694
v -0.027739901 0.0065044984 0.0048169694
v -0.02773441 0.0059497505 -0.004917211
v -0.027728964 0.006214159 -0.004917211
v -0.027728716 0.006583449 -0.0047757113
v -0.027728716 0.006583449 0.0047757113
v -0.027722504 0.0063522425 0.0048878854
v -0.027722504 0.0063522425 0.0048878854
v -0.027701886 0.006461897 0.0048544193
v -0.027701886 0.006461897 0.0048544193
v -0.02769658 0.006539546 -0.00481697
v -0.02768824 0.006032664 -0.0049422607
v -0.02767938 0.0061610364 -0.0049422607
v -0.027674068 0.0059695956 -0.0049422607
v -0.027656673 0.0062215584 0.0049422607
v -0.027641047 0.0062498953 0.0049422607
v -0.027627695 0.006445448 0.0048878854
v -0.027621202 0.006371478 0.004917212
v -0.027612241 0.0059899283 0.004962917
v -0.027612241 0.0059899283 0.004962917
v -0.027612241 0.0059899283 0.004962917
v -0.027601985 0.006301397 -0.0049422607
v -0.027591275 0.006395691 -0.004917211
v -0.027591275 0.006395691 0.004917212
v -0.02758564 0.0062157526 0.004962917
v -0.02755892 0.006088229 0.0049790842
v -0.027549222 0.006010655 0.0049790842
v -0.027549222 0.006010655 0.0049790842
v -0.027546441 0.0061456827 -0.0049790842
v -0.02751531 0.006291919 0.004962917
v -0.0274853 0.006031676 -0.0049906857
v -0.0274853 0.006031676 0.0049906853
v -0.0274853 0.006031676 0.0049906853
v -0.0274853 0.006031676 0.0049906853
v -0.027476126 0.006238388 -0.0049790842
v -0.02743638 0.006184092 -0.0049906857
v -0.02743638 0.006184092 0.0049906853
v -0.02743638 0.006184092 0.0049906853
v -0.02743638 0.006184092 0.0049906853
v -0.027424166 0.0060723242 -0.004997669
v -0.027424166 0.0060723242 0.0049976683
v -0.02742403 0.006078917 -0.004997669
v -0.02742403 0.006078917 0.0049976683
v -0.02742403 0.006078917 0.0049976683
v -0.027423665 0.006065749 -0.004997669
v -0.027423665 0.006065749 0.0049976683
v -0.027423259 0.0060854657 -0.004997669
v -0.027423259 0.0060854657 0.0049976683
v -0.027423259 0.0060854657 0.0049976683
v -0.02742253 0.006059253 -0.004997669
v -0.02742253 0.006059253 0.0049976683
v -0.027421858 0.006091909 -0.004997669
v -0.027421858 0.006091909 0.0049976683
v -0.027421858 0.006091909 0.0049976683
v -0.027419843 0.0060981875 -0.004997669
v -0.027419843 0.0060981875 0.0049976683
v -0.027419843 0.0060981875 0.0049976683
v -0.027417231 0.0061042425 -0.004997669
v -0.027417231 0.0061042425 0.0049976683
v -0.027417231 0.0061042425 0.0049976683
v -0.027414046 0.0061100167 -0.004997669
v -0.027414046 0.0061100167 0.0049976683
v -0.027414046 0.0061100167 0.0049976683
v -0.027410321 0.006115457 -0.004997669
v -0.027410321 0.006115457 0.0049976683
v -0.027410321 0.006115457 0.0049976683
v -0.027406085 0.0061205127 -0.004997669
v -0.027406085 0.0061205127 0.0049976683
v -0.027401386 0.006125135 -0.004997669
v -0.027401386 0.006125135 0.0049976683
v -0.027355952 0.006074217 -0.005
v -0.027355952 0.006074217 -0.005
v -0.027355952 0.006074217 -0.005
v -0.027355952 0.006074217 -0.005
v -0.027355952 0.006074217 0.0049999994
v -0.027355952 0.006074217 0.0049999994
v -0.027355952 0.006074217 0.0049999994
v -0.027355952 0.006074217 0.0049999994
v -0.022468226 -0.0013754766 -0.005
v -0.022468226 -0.0013754766 -0.005
v -0.022468226 -0.0013754766 0.0049999994
v -0.022468226 -0.0013754766 0.0049999994
v -0.022449953 -0.0018986501 -0.005
v -0.022449953 -0.0018986501 -0.005
v -0.022449953 -0.0018986501 0.0049999994
v -0.022449953 -0.0018986501 0.0049999994
v -0.022449953 -0.0008523031 -0.005
v -0.022449953 -0.0008523031 -0.005
v -0.022449953 -0.0008523031 0.0049999994
v -0.022449953 -0.0008523031 0.0049999994
v -0.022395236 -0.002419275 -0.005
v -0.022395236 -0.002419275 -0.005
v -0.022395236 -0.002419275 0.0049999994
v -0.022395236 -0.002419275 0.0049999994
v -0.022395236 -0.00033167834 -0.005
v -0.022395236 -0.00033167834 -0.005
v -0.022395236 -0.00033167834 0.0049999994
v -0.022395236 -0.00033167834 0.0049999994
v -0.022304328 -0.0029348144 -0.005
v -0.022304328 -0.0029348144 -0.005
v -0.022304328 -0.0029348144 0.0049999994
v -0.022304328 -0.0029348144 0.0049999994
v -0.022304328 0.00018386108 -0.005
v -0.022304328 0.00018386108 -0.005
v -0.022304328 0.00018386108 0.0049999994
v -0.022304328 0.00018386108 0.0049999994
v -0.022177685 -0.0034427568 -0.005
v -0.022177685 -0.0034427568 -0.005
v -0.022177685 -0.0034427568 0.0049999994
v -0.022177685 -0.0034427568 0.0049999994
v -0.022177685 0.00069180364 -0.005
v -0.022177685 0.00069180364 -0.005
v -0.022177685 0.00069180364 0.0049999994
v -0.022177685 0.00069180364 0.0049999994
v -0.022015918 -0.0039406274 -0.005
v -0.022015918 -0.0039406274 -0.005
v -0.022015918 -0.0039406274 0.0049999994
v -0.022015918 -0.0039406274 0.0049999994
v -0.022015918 0.0011896744 -0.005
v -0.022015918 0.0011896744 -0.005
v -0.022015918 0.0011896744 0.0049999994
v -0.022015918 0.0011896744 0.0049999994
v -0.021968223 -0.0013754766 -0.0045
v -0.021968223 -0.0013754766 -0.0045
v -0.021968223 -0.0013754766 0.0044999993
v -0.021968223 -0.0013754766 0.0044999993
v -0.02195117 -0.001863772 -0.0045
v -0.02195117 -0.001863772 -0.0045
v -0.02195117 -0.001863772 0.0044999993
v -0.02195117 -0.001863772 0.0044999993
v -0.02195117 -0.00088718126 -0.0045
v -0.02195117 -0.00088718126 -0.0045
v -0.02195117 -0.00088718126 0.0044999993
v -0.02195117 -0.00088718126 0.0044999993
v -0.0219001 -0.0023496882 -0.0045
v -0.0219001 -0.0023496882 -0.0045
v -0.0219001 -0.0023496882 0.0044999993
v -0.0219001 -0.0023496882 0.0044999993
v -0.0219001 -0.0004012649 -0.0045
v -0.0219001 -0.0004012649 -0.0045
v -0.0219001 -0.0004012649 0.0044999993
v -0.0219001 -0.0004012649 0.0044999993
v -0.021819815 -0.004426001 -0.005
v -0.021819815 -0.004426001 -0.005
v -0.021819815 -0.004426001 0.0049999994
v -0.021819815 -0.004426001 0.0049999994
v -0.021819815 0.001675048 -0.005
v -0.021819815 0.001675048 -0.005
v -0.021819815 0.001675048 0.0049999994
v -0.021819815 0.001675048 0.0049999994
v -0.021815257 -0.0028308586 -0.0045
v -0.021815257 -0.0028308586 -0.0045
v -0.021815257 -0.0028308586 0.0044999993
v -0.021815257 -0.0028308586 0.0044999993
v -0.021815257 7.990523E-05 -0.0045
v -0.021815257 7.990523E-05 -0.0045
v -0.021815257 7.990523E-05 0.0044999993
v -0.021815257 7.990523E-05 0.0044999993
v -0.021697056 -0.003304938 -0.0045
v -0.021697056 -0.003304938 -0.0045
v -0.021697056 -0.003304938 0.0044999993
v -0.021697056 -0.003304938 0.0044999993
v -0.021697056 0.00055398484 -0.0045
v -0.021697056 0.00055398484 -0.0045
v -0.021697056 0.00055398484 0.0044999993
v -0.021697056 0.00055398484 0.0044999993
v -0.02159033 -0.0048965137 -0.005
v -0.02159033 -0.0048965137 -0.005
v -0.02159033 -0.0048965137 0.0049999994
v -0.02159033 -0.0048965137 0.0049999994
v -0.02159033 0.0021455602 -0.005
v -0.02159033 0.0021455602 -0.005
v -0.02159033 0.0021455602 0.0049999994
v -0.02159033 0.0021455602 0.0049999994
v -0.021546071 -0.0037696173 -0.0045
v -0.021546071 -0.0037696173 -0.0045
v -0.021546071 -0.0037696173 0.0044999993
v -0.021546071 -0.0037696173 0.0044999993
v -0.021546071 0.0010186643 -0.0045
v -0.021546071 0.0010186643 -0.0045
v -0.021546071 0.0010186643 0.0044999993
v -0.021546071 0.0010186643 0.0044999993
v -0.021363042 -0.004222633 -0.0045
v -0.021363042 -0.004222633 -0.0045
v -0.021363042 -0.004222633 0.0044999993
v -0.021363042 -0.004222633 0.0044999993
v -0.021363042 0.0014716799 -0.0045
v -0.021363042 0.0014716799 -0.0045
v -0.021363042 0.0014716799 0.0044999993
v -0.021363042 0.0014716799 0.0044999993
v -0.021328585 -0.0053498712 -0.005
v -0.021328585 -0.0053498712 -0.005
v -0.021328585 -0.0053498712 0.0049999994
v -0.021328585 -0.0053498712 0.0049999994
v -0.021328585 0.0025989176 -0.005
v -0.021328585 0.0025989176 -0.005
v -0.021328585 0.0025989176 0.0049999994
v -0.021328585 0.0025989176 0.0049999994
v -0.021148857 -0.0046617775 -0.0045
v -0.021148857 -0.0046617775 -0.0045
v -0.021148857 -0.0046617775 0.0044999993
v -0.021148857 -0.0046617775 0.0044999993
v -0.021148857 0.0019108242 -0.0045
v -0.021148857 0.0019108242 -0.0045
v -0.021148857 0.0019108242 0.0044999993
v -0.021148857 0.0019108242 0.0044999993
v -0.02103585 -0.0057838657 -0.005
v -0.02103585 -0.0057838657 -0.005
v -0.02103585 -0.0057838657 0.0049999994
v -0.02103585 -0.0057838657 0.0049999994
v -0.02103585 0.0030329127 -0.005
v -0.02103585 0.0030329127 -0.005
v -0.02103585 0.0030329127 0.0049999994
v -0.02103585 0.0030329127 0.0049999994
v -0.02090456 -0.0050849114 -0.0045
v -0.02090456 -0.0050849114 -0.0045
v -0.02090456 -0.0050849114 0.0044999993
v -0.02090456 -0.0050849114 0.0044999993
v -0.02090456 0.002333958 -0.0045
v -0.02090456 0.002333958 -0.0045
v -0.02090456 0.002333958 0.0044999993
v -0.02090456 0.002333958 0.0044999993
v -0.020713557 -0.0061963834 -0.005
v -0.020713557 -0.0061963834 -0.005
v -0.020713557 -0.0061963834 0.0049999994
v -0.020713557 -0.0061963834 0.0049999994
v -0.020713557 0.0034454302 -0.005
v -0.020713557 0.0034454302 -0.005
v -0.020713557 0.0034454302 0.0049999994
v -0.020713557 0.0034454302 0.0049999994
v -0.020631343 -0.005489974 -0.0045
v -0.020631343 -0.005489974 -0.0045
v -0.020631343 -0.005489974 0.0044999993
v -0.020631343 -0.005489974 0.0044999993
v -0.020631343 0.0027390202 -0.0045
v -0.020631343 0.0027390202 -0.0045
v -0.020631343 0.0027390202 0.0044999993
v -0.020631343 0.0027390202 0.0044999993
v -0.020363271 -0.006585414 -0.005
v -0.020363271 -0.006585414 -0.005
v -0.020363271 -0.006585414 0.0049999994
v -0.020363271 -0.006585414 0.0049999994
v -0.020363271 0.003834461 -0.005
v -0.020363271 0.003834461 -0.005
v -0.020363271 0.003834461 0.0049999994
v -0.020363271 0.003834461 0.0049999994
v -0.020330535 -0.00587499 -0.0045
v -0.020330535 -0.00587499 -0.0045
v -0.020330535 -0.00587499 0.0044999993
v -0.020330535 -0.00587499 0.0044999993
v -0.020330535 0.0031240364 -0.0045
v -0.020330535 0.0031240364 -0.0045
v -0.020330535 0.0031240364 0.0044999993
v -0.020330535 0.0031240364 0.0044999993
v -0.020003602 -0.0062380848 -0.0045
v -0.020003602 -0.0062380848 -0.0045
v -0.020003602 -0.0062380848 -0.0045
v -0.020003602 -0.0062380848 0.0044999993
v -0.020003602 -0.0062380848 0.0044999993
v -0.020003602 -0.0062380848 0.0044999993
v -0.020003602 0.0034871318 -0.0045
v -0.020003602 0.0034871318 -0.0045
v -0.020003602 0.0034871318 -0.0045
v -0.020003602 0.0034871318 0.0044999993
v -0.020003602 0.0034871318 0.0044999993
v -0.020003602 0.0034871318 0.0044999993
v -0.019986702 -0.0069490625 -0.005
v -0.019986702 -0.0069490625 -0.005
v -0.019986702 -0.0069490625 0.0049999994
v -0.019986702 -0.0069490625 0.0049999994
v -0.019986702 0.0041981093 -0.005
v -0.019986702 0.0041981093 -0.005
v -0.019986702 0.0041981093 0.0049999994
v -0.019986702 0.0041981093 0.0049999994
v -0.019972768 -0.016375475 -0.005
v -0.019972768 -0.016375475 -0.005
v -0.019972768 -0.016375475 0.0049999994
v -0.019972768 -0.016375475 0.0049999994
v -0.019652138 -0.0065774904 -0.0045
v -0.019652138 -0.0065774904 -0.0045
v -0.019652138 -0.0065774904 0.0044999993
v -0.019652138 -0.0065774904 0.0044999993
v -0.019652138 0.0038265372 -0.0045
v -0.019652138 0.0038265372 -0.0045
v -0.019652138 0.0038265372 0.0044999993
v -0.019652138 0.0038265372 0.0044999993
v -0.019585684 -0.0072855577 -0.005
v -0.019585684 -0.0072855577 -0.005
v -0.019585684 -0.0072855577 0.0049999994
v -0.019585684 -0.0072855577 0.0049999994
v -0.019585684 0.004534604 -0.005
v -0.019585684 0.004534604 -0.005
v -0.019585684 0.004534604 0.0049999994
v -0.019585684 0.004534604 0.0049999994
v -0.019277854 -0.006891552 -0.0045
v -0.019277854 -0.006891552 -0.0045
v -0.019277854 -0.006891552 0.0044999993
v -0.019277854 -0.006891552 0.0044999993
v -0.019277854 0.0041405982 -0.0045
v -0.019277854 0.0041405982 -0.0045
v -0.019277854 0.0041405982 0.0044999993
v -0.019277854 0.0041405982 0.0044999993
v -0.01916217 -0.0075932583 -0.005
v -0.01916217 -0.0075932583 -0.005
v -0.01916217 -0.0075932583 0.0049999994
v -0.01916217 -0.0075932583 0.0049999994
v -0.01916217 0.004842305 -0.005
v -0.01916217 0.004842305 -0.005
v -0.01916217 0.004842305 0.0049999994
v -0.01916217 0.004842305 0.0049999994
v -0.018882575 -0.0071787396 -0.0045
v -0.018882575 -0.0071787396 -0.0045
v -0.018882575 -0.0071787396 0.0044999993
v -0.018882575 -0.0071787396 0.0044999993
v -0.018882575 0.004427786 -0.0045
v -0.018882575 0.004427786 -0.0045
v -0.018882575 0.004427786 0.0044999993
v -0.018882575 0.004427786 0.0044999993
v -0.018718224 -0.007870667 -0.005
v -0.018718224 -0.007870667 -0.005
v -0.018718224 -0.007870667 0.0049999994
v -0.018718224 -0.007870667 0.0049999994
v -0.018718224 0.0051197135 -0.005
v -0.018718224 0.0051197135 -0.005
v -0.018718224 0.0051197135 0.0049999994
v -0.018718224 0.0051197135 0.0049999994
v -0.018468224 -0.0074376543 -0.0045
v -0.018468224 -0.0074376543 -0.0045
v -0.018468224 -0.0074376543 0.0044999993
v -0.018468224 -0.0074376543 0.0044999993
v -0.018468224 0.004686701 -0.0045
v -0.018468224 0.004686701 -0.0045
v -0.018468224 0.004686701 0.0044999993
v -0.018468224 0.004686701 0.0044999993
v -0.018256007 -0.0081164315 -0.005
v -0.018256007 -0.0081164315 -0.005
v -0.018256007 -0.0081164315 0.0049999994
v -0.018256007 -0.0081164315 0.0049999994
v -0.018256007 0.0053654783 -0.005
v -0.018256007 0.0053654783 -0.005
v -0.018256007 0.0053654783 0.0049999994
v -0.018256007 0.0053654783 0.0049999994
v -0.018036822 -0.007667035 -0.0045
v -0.018036822 -0.007667035 -0.0045
v -0.018036822 -0.007667035 0.0044999993
v -0.018036822 -0.007667035 0.0044999993
v -0.018036822 0.0049160817 -0.0045
v -0.018036822 0.0049160817 -0.0045
v -0.018036822 0.0049160817 0.0044999993
v -0.018036822 0.0049160817 0.0044999993
v -0.017777773 -0.008329355 -0.005
v -0.017777773 -0.008329355 -0.005
v -0.017777773 -0.008329355 0.0049999994
v -0.017777773 -0.008329355 0.0049999994
v -0.017777773 0.005578402 -0.005
v -0.017777773 0.005578402 -0.005
v -0.017777773 0.005578402 0.0049999994
v -0.017777773 0.005578402 0.0049999994
v -0.017741885 -0.02635969 -0.004
v -0.017741885 -0.02635969 -0.004
v -0.017741885 -0.02635969 -0.004
v -0.017741885 -0.02635969 0.0039999997
v -0.017733037 -0.026356783 -0.0041361665
v -0.017733037 -0.026356783 -0.0041361665
v -0.017733037 -0.026356783 -0.0041361665
v -0.017733037 -0.026356783 0.0041361665
v -0.017707298 -0.026449915 0.0039999997
v -0.017707298 -0.026449915 0.0039999997
v -0.017706659 -0.026348103 -0.004269797
v -0.017698772 -0.026446164 -0.0041361665
v -0.017698772 -0.026446164 -0.0041361665
v -0.017698772 -0.026446164 0.0041361665
v -0.01768916 -0.026488857 -0.004
v -0.01768916 -0.026488857 -0.004
v -0.017688151 -0.026441492 0.0042034565
v -0.017687036 -0.026341649 0.0043348796
v -0.017664164 -0.026536377 0.0039999997
v -0.017664164 -0.026536377 0.0039999997
v -0.01765604 -0.026531825 -0.0041361665
v -0.01765604 -0.026531825 -0.0041361665
v -0.01765604 -0.026531825 0.0041361665
v -0.017654445 -0.026426667 0.0043348796
v -0.01763538 -0.026324661 -0.004460065
v -0.01763538 -0.026324661 0.004460064
v -0.01763182 -0.026518242 -0.004269797
v -0.01763182 -0.026518242 0.0042697964
v -0.017631516 -0.026416583 -0.004398401
v -0.017613802 -0.02650814 0.0043348796
v -0.017612888 -0.026618278 -0.004
v -0.017612888 -0.026618278 -0.004
v -0.01760524 -0.02661296 0.0041361665
v -0.017604671 -0.02640477 0.004460064
v -0.017603591 -0.026314208 -0.0045195837
v -0.017595716 -0.026606334 -0.004203456
v -0.017590469 -0.007865763 -0.0045
v -0.017590469 -0.007865763 -0.0045
v -0.017590469 -0.007865763 0.0044999993
v -0.017590469 -0.007865763 0.0044999993
v -0.017590469 0.00511481 -0.0045
v -0.017590469 0.00511481 -0.0045
v -0.017590469 0.00511481 0.0044999993
v -0.017590469 0.00511481 0.0044999993
v -0.017582444 -0.026597103 0.0042697964
v -0.017574038 -0.026391298 -0.0045195837
v -0.017568016 -0.026302509 0.00457668
v -0.017566375 -0.026481545 -0.004460065
v -0.017566375 -0.026481545 0.004460064
v -0.017565485 -0.026585309 -0.0043348796
v -0.017553944 -0.026694845 0.0039999997
v -0.017553944 -0.026694845 0.0039999997
v -0.017546847 -0.026688814 -0.0041361665
v -0.017546847 -0.026688814 0.0041361665
v -0.017544921 -0.026571006 -0.004398401
v -0.017544921 -0.026571006 0.004398401
v -0.017509947 -0.026657455 -0.0043348796
v -0.017509947 -0.026657455 0.0043348796
v -0.01750452 -0.026446858 0.00457668
v -0.017501993 -0.026359607 -0.004631088
v -0.017501993 -0.026359607 0.004631088
v -0.017493373 -0.026535153 0.0045195837
v -0.017487887 -0.026765367 -0.004
v -0.017487887 -0.026765367 -0.004
v -0.017486194 -0.026275601 -0.004682553
v -0.017486194 -0.026275601 -0.004682553
v -0.017486194 -0.026275601 0.0046825525
v -0.017481405 -0.02675868 0.0041361665
v -0.01747333 -0.026750347 -0.004203456
v -0.017468512 -0.026622245 -0.004460065
v -0.017468512 -0.026622245 0.004460064
v -0.017468223 -0.016375475 -0.005
v -0.017468223 -0.016375475 -0.005
v -0.017468223 -0.016375475 0.0049999994
v -0.017468223 -0.016375475 0.0049999994
v -0.01746208 -0.026738739 0.0042697964
v -0.017449955 -0.01689865 -0.005
v -0.017449955 -0.01689865 -0.005
v -0.017449955 -0.01689865 0.0049999994
v -0.017449955 -0.01689865 0.0049999994
v -0.017449955 -0.015852302 -0.005
v -0.017449955 -0.015852302 -0.005
v -0.017449955 -0.015852302 0.0049999994
v -0.017449955 -0.015852302 0.0049999994
v -0.017447704 -0.026723905 -0.0043348796
v -0.017447704 -0.026723905 0.0043348796
v -0.017431984 -0.026815612 0.0039999997
v -0.017431984 -0.026815612 0.0039999997
v -0.017431984 -0.026815612 0.0039999997
v -0.017431984 -0.026815612 0.0039999997
v -0.017428758 -0.026490211 0.004631088
v -0.017414475 -0.02657632 -0.0045766803
v -0.017414475 -0.02657632 -0.0045766803
v -0.017414475 -0.02657632 0.00457668
v -0.017409861 -0.026684858 0.004460064
v -0.017409526 -0.0268219 -0.0041361665
v -0.017409526 -0.0268219 -0.0041361665
v -0.017409526 -0.0268219 0.0041361665
v -0.017395234 -0.017419275 -0.005
v -0.017395234 -0.017419275 -0.005
v -0.017395234 -0.017419275 0.0049999994
v -0.017395234 -0.017419275 0.0049999994
v -0.017395234 -0.015331679 -0.005
v -0.017395234 -0.015331679 -0.005
v -0.017395234 -0.015331679 0.0049999994
v -0.017395234 -0.015331679 0.0049999994
v -0.017392216 -0.026800187 -0.004269797
v -0.017392216 -0.026800187 -0.004269797
v -0.017391916 -0.026464585 -0.004682553
v -0.017391916 -0.026464585 -0.004682553
v -0.017391438 -0.026244434 -0.0047757113
v -0.017391438 -0.026244434 0.0047757113
v -0.017387278 -0.026381114 0.0047308365
v -0.01738657 -0.026660826 -0.0045195837
v -0.017379338 -0.026784034 0.0043348796
v -0.017379338 -0.026784034 0.0043348796
v -0.017379338 -0.026784034 0.0043348796
v -0.017363723 -0.026764452 0.004398401
v -0.017363723 -0.026764452 0.004398401
v -0.017360508 -0.026633935 0.00457668
v -0.01735228 -0.026437014 -0.0047308356
v -0.017345442 -0.026741521 -0.004460065
v -0.017336957 -0.0268857 -0.004
v -0.017336957 -0.0268857 -0.004
v -0.017336957 -0.0268857 -0.004
v -0.017336957 -0.0268857 -0.004
v -0.017331881 -0.02687789 -0.0041361665
v -0.017331881 -0.02687789 0.0041361665
v -0.017331881 -0.02687789 0.0041361665
v -0.017331794 -0.026604306 -0.004631088
v -0.017331794 -0.026604306 -0.004631088
v -0.017325558 -0.026868165 0.0042034565
v -0.017325558 -0.026868165 0.0042034565
v -0.017324578 -0.026715355 -0.0045195837
v -0.017316747 -0.026854606 -0.004269797
v -0.017316747 -0.026854606 -0.004269797
v -0.017312048 -0.026489276 0.0047308365
v -0.017304331 -0.017934814 -0.005
v -0.017304331 -0.017934814 -0.005
v -0.017304331 -0.017934814 0.0049999994
v -0.017304331 -0.017934814 0.0049999994
v -0.017304331 -0.014816138 -0.005
v -0.017304331 -0.014816138 -0.005
v -0.017304331 -0.014816138 0.0049999994
v -0.017304331 -0.014816138 0.0049999994
v -0.017294934 -0.026329333 0.0048169694
v -0.017291836 -0.026816286 -0.004398401
v -0.017291836 -0.026816286 -0.004398401
v -0.017291836 -0.026816286 0.004398401
v -0.017291836 -0.026816286 0.004398401
v -0.01728585 -0.0085084 -0.005
v -0.01728585 -0.0085084 -0.005
v -0.01728585 -0.0085084 0.0049999994
v -0.01728585 -0.0085084 0.0049999994
v -0.01728585 0.005757447 -0.005
v -0.01728585 0.005757447 -0.005
v -0.01728585 0.005757447 0.0049999994
v -0.01728585 0.005757447 0.0049999994
v -0.017285515 -0.026209602 0.0048544193
v -0.017275853 -0.026791701 0.004460064
v -0.017275853 -0.026791701 0.004460064
v -0.017257614 -0.02676364 -0.0045195837
v -0.017253494 -0.026934387 0.0039999997
v -0.017253494 -0.026934387 0.0039999997
v -0.017249195 -0.026926126 -0.0041361665
v -0.017249195 -0.026926126 0.0041361665
v -0.017237203 -0.026732242 -0.0045766803
v -0.017237203 -0.026732242 -0.0045766803
v -0.017237203 -0.026732242 0.00457668
v -0.017237203 -0.026732242 0.00457668
v -0.017231373 -0.026420716 0.0048169694
v -0.017228976 -0.026191005 -0.004887885
v -0.017226843 -0.026883168 -0.0043348796
v -0.017226843 -0.026883168 0.0043348796
v -0.017226843 -0.026883168 0.0043348796
v -0.017215282 -0.026860941 0.004398401
v -0.017215282 -0.026860941 0.004398401
v -0.017201746 -0.026834927 -0.004460065
v -0.017201746 -0.026834927 -0.004460065
v -0.017193219 -0.026272297 -0.004887885
v -0.017190259 -0.026660025 -0.004682553
v -0.017190259 -0.026660025 -0.004682553
v -0.017190259 -0.026660025 0.0046825525
v -0.017190259 -0.026660025 0.0046825525
v -0.017187865 -0.026383743 -0.0048544193
v -0.0171863 -0.02680524 0.0045195837
v -0.017185355 -0.026540728 -0.0047757113
v -0.017177686 -0.018442756 -0.005
v -0.017177686 -0.018442756 -0.005
v -0.017177686 -0.018442756 0.0049999994
v -0.017177686 -0.018442756 0.0049999994
v -0.017177686 -0.014308196 -0.005
v -0.017177686 -0.014308196 -0.005
v -0.017177686 -0.014308196 0.0049999994
v -0.017177686 -0.014308196 0.0049999994
v -0.017169628 -0.026309976 0.0048878854
v -0.01716572 -0.026974792 -0.004
v -0.01716572 -0.026974792 -0.004
v -0.01716572 -0.026974792 0.0039999997
v -0.01716572 -0.026974792 0.0039999997
v -0.01716224 -0.026966155 -0.0041361665
v -0.01716224 -0.026966155 0.0041361665
v -0.017153542 -0.026420385 0.0048544193
v -0.017151859 -0.026940398 -0.004269797
v -0.017151859 -0.026940398 0.0042697964
v -0.017149972 -0.026735418 -0.004631088
v -0.017149972 -0.026735418 -0.004631088
v -0.017149972 -0.026735418 -0.004631088
v -0.017144138 -0.026921239 -0.0043348796
v -0.017135894 -0.026576394 -0.0047757113
v -0.017135894 -0.026576394 0.0047757113
v -0.017135894 -0.026576394 0.0047757113
v -0.017134774 -0.026898004 0.004398401
v -0.017134774 -0.026898004 0.004398401
v -0.017131342 -0.008032872 -0.0045
v -0.017131342 -0.008032872 -0.0045
v -0.017131342 -0.008032872 0.0044999993
v -0.017131342 -0.008032872 0.0044999993
v -0.017131342 0.0052819187 -0.0045
v -0.017131342 0.0052819187 -0.0045
v -0.017131342 0.0052819187 0.0044999993
v -0.017131342 0.0052819187 0.0044999993
v -0.017123815 -0.026870804 -0.004460065
v -0.017111305 -0.026839763 0.0045195837
v -0.017110057 -0.026151896 -0.0049422607
v -0.017110057 -0.026151896 0.0049422607
v -0.017110057 -0.026151896 0.0049422607
v -0.01710624 -0.026530778 -0.00481697
v -0.017098473 -0.026182111 0.0049422607
v -0.017098473 -0.026182111 0.0049422607
v -0.017095523 -0.026305268 -0.004917211
v -0.01707874 -0.026407003 0.0048878854
v -0.01707874 -0.026407003 0.0048878854
v -0.017073799 -0.027004302 0.0040682424
v -0.017071826 -0.026997602 -0.0041361665
v -0.017068548 -0.026986472 -0.004203456
v -0.017065112 -0.02672514 -0.004682553
v -0.017065112 -0.02672514 -0.004682553
v -0.017065112 -0.02672514 0.0046825525
v -0.01706398 -0.026970966 0.0042697964
v -0.017058145 -0.026951151 0.0043348796
v -0.017058145 -0.026951151 0.0043348796
v -0.017051067 -0.026927123 -0.004398401
v -0.017042782 -0.02689899 0.004460064
v -0.017042782 -0.02689899 0.004460064
v -0.017033327 -0.026866885 -0.0045195837
v -0.017031755 -0.026508205 0.0048544193
v -0.017031755 -0.026508205 0.0048544193
v -0.017027827 -0.02663262 0.0047757113
v -0.017015917 -0.018940628 -0.005
v -0.017015917 -0.018940628 -0.005
v -0.017015917 -0.018940628 0.0049999994
v -0.017015917 -0.018940628 0.0049999994
v -0.017015917 -0.013810325 -0.005
v -0.017015917 -0.013810325 -0.005
v -0.017015917 -0.013810325 0.0049999994
v -0.017015917 -0.013810325 0.0049999994
v -0.017011091 -0.026791386 0.004631088
v -0.01700749 -0.026582154 -0.00481697
v -0.016998414 -0.026748339 -0.004682553
v -0.016998414 -0.026748339 -0.004682553
v -0.016996352 -0.02702616 -0.004
v -0.016996352 -0.02702616 -0.004
v -0.016985212 -0.026110837 -0.0049790842
v -0.016984772 -0.026702022 -0.0047308356
v -0.016980557 -0.027029328 0.0039999997
v -0.016980557 -0.027029328 0.0039999997
v -0.016978798 -0.027020179 -0.0041361665
v -0.016978798 -0.027020179 0.0041361665
v -0.016976612 -0.027008785 0.0042034565
v -0.016975822 -0.026400702 -0.004917211
v -0.016975822 -0.026400702 0.004917212
v -0.016975822 -0.026400702 0.004917212
v -0.01697356 -0.026992906 -0.004269797
v -0.016969666 -0.026972624 -0.0043348796
v -0.016968224 -0.016375475 -0.0045
v -0.016968224 -0.016375475 -0.0045
v -0.016968224 -0.016375475 -0.0045
v -0.016968224 -0.016375475 0.0044999993
v -0.016968224 -0.016375475 0.0044999993
v -0.016968224 -0.016375475 0.0044999993
v -0.01696494 -0.026948024 0.004398401
v -0.01696494 -0.026948024 0.004398401
v -0.01696013 -0.026258232 0.004962917
v -0.016959408 -0.026919223 0.004460064
v -0.016953098 -0.02688636 -0.0045195837
v -0.016951172 -0.01686377 -0.0045
v -0.016951172 -0.01686377 -0.0045
v -0.016951172 -0.01686377 0.0044999993
v -0.016951172 -0.01686377 0.0044999993
v -0.016951172 -0.01588718 -0.0045
v -0.016951172 -0.01588718 -0.0045
v -0.016951172 -0.01588718 0.0044999993
v -0.016951172 -0.01588718 0.0044999993
v -0.016946973 -0.026179027 -0.0049790842
v -0.01692757 -0.027038034 -0.004
v -0.01692757 -0.027038034 -0.004
v -0.01692129 -0.026089815 0.0049906853
v -0.01692068 -0.026717575 0.0047308365
v -0.01690071 -0.026613604 -0.00481697
v -0.0169001 -0.017349688 -0.0045
v -0.0169001 -0.017349688 -0.0045
v -0.0169001 -0.017349688 0.0044999993
v -0.0169001 -0.017349688 0.0044999993
v -0.0169001 -0.015401265 -0.0045
v -0.0169001 -0.015401265 -0.0045
v -0.0169001 -0.015401265 0.0044999993
v -0.0169001 -0.015401265 0.0044999993
v -0.016889941 -0.026557533 0.0048544193
v -0.016884029 -0.027033672 -0.0041361665
v -0.016884029 -0.027033672 0.0041361665
v -0.01688295 -0.02702212 -0.004203456
v -0.016881447 -0.027006023 0.0042697964
v -0.016879527 -0.026985459 -0.0043348796
v -0.016877199 -0.026960514 0.004398401
v -0.016877199 -0.026960514 0.004398401
v -0.016874472 -0.026931316 -0.004460065
v -0.016868161 -0.026306082 -0.004962917
v -0.01686788 -0.026860708 -0.0045766803
v -0.01686788 -0.026860708 0.00457668
v -0.016858129 -0.027045082 0.0039999997
v -0.016858129 -0.027045082 0.0039999997
v -0.016856765 -0.026068594 -0.004997669
v -0.016854405 -0.026074752 -0.004997669
v -0.016854405 -0.026074752 0.0049976683
v -0.016851462 -0.026080653 -0.004997669
v -0.016851462 -0.026080653 0.0049976683
v -0.016847963 -0.026086241 -0.004997669
v -0.016847963 -0.026086241 0.0049976683
v -0.016845545 -0.02662146 0.0048169694
v -0.01684394 -0.026091468 -0.004997669
v -0.01684394 -0.026091468 0.0049976683
v -0.016839432 -0.026096279 -0.004997669
v -0.016839432 -0.026096279 0.0049976683
v -0.01683448 -0.026100636 -0.004997669
v -0.01683448 -0.026100636 0.0049976683
v -0.016829133 -0.026104493 -0.004997669
v -0.016829133 -0.026104493 0.0049976683
v -0.016828973 -0.02644395 -0.004917211
v -0.016823437 -0.026107814 -0.004997669
v -0.016823437 -0.026107814 0.0049976683
v -0.016819814 -0.019426001 -0.005
v -0.016819814 -0.019426001 -0.005
v -0.016819814 -0.019426001 0.0049999994
v -0.016819814 -0.019426001 0.0049999994
v -0.016819814 -0.013324952 -0.005
v -0.016819814 -0.013324952 -0.005
v -0.016819814 -0.013324952 0.0049999994
v -0.016819814 -0.013324952 0.0049999994
v -0.016817447 -0.026110573 -0.004997669
v -0.016817447 -0.026110573 0.0049976683
v -0.016815256 -0.017830858 -0.0045
v -0.016815256 -0.017830858 -0.0045
v -0.016815256 -0.017830858 0.0044999993
v -0.016815256 -0.017830858 0.0044999993
v -0.016815256 -0.014920095 -0.0045
v -0.016815256 -0.014920095 -0.0045
v -0.016815256 -0.014920095 0.0044999993
v -0.016815256 -0.014920095 0.0044999993
v -0.016811218 -0.026112737 -0.004997669
v -0.016811218 -0.026112737 0.0049976683
v -0.01680481 -0.026114294 -0.004997669
v -0.01680481 -0.026114294 0.0049976683
v -0.016798282 -0.026115222 -0.004997669
v -0.016798282 -0.026115222 0.0049976683
v -0.01679194 -0.026047274 -0.005
v -0.01679194 -0.026047274 -0.005
v -0.01679194 -0.026047274 -0.005
v -0.01679194 -0.026047274 -0.005
v -0.01679194 -0.026047274 0.0049999994
v -0.01679194 -0.026047274 0.0049999994
v -0.01679194 -0.026047274 0.0049999994
v -0.01679194 -0.026047274 0.0049999994
v -0.016791452 -0.026183443 -0.0049906857
v -0.016791452 -0.026183443 0.0049906853
v -0.016790742 -0.026382152 -0.0049422607
v -0.016790742 -0.026382152 0.0049422607
v -0.016790515 -0.026445674 0.004917212
v -0.016790295 -0.026507337 -0.004887885
v -0.01679008 -0.026566856 0.0048544193
v -0.016789682 -0.02667836 -0.0047757113
v -0.016789682 -0.02667836 0.0047757113
v -0.0167895 -0.026729824 0.0047308365
v -0.016789326 -0.026778106 -0.004682553
v -0.016789326 -0.026778106 -0.004682553
v -0.016789166 -0.02682298 0.004631088
v -0.016788885 -0.026901688 -0.0045195837
v -0.016788885 -0.026901688 0.0045195837
v -0.01678866 -0.02696448 0.004398401
v -0.01678866 -0.02696448 0.004398401
v -0.01678857 -0.02698953 -0.0043348796
v -0.016788496 -0.027010186 0.0042697964
v -0.016788438 -0.027026355 -0.004203456
v -0.016788397 -0.027037954 0.0041361665
v -0.016788373 -0.027044937 -0.0040682424
v -0.016788363 -0.027047269 -0.004
v -0.016788363 -0.027047269 -0.004
v -0.016788363 -0.027047269 -0.004
v -0.016788363 -0.027047269 0.0039999997
v -0.016782638 -0.0086526945 -0.005
v -0.016782638 -0.0086526945 -0.005
v -0.016782638 -0.0086526945 0.0049999994
v -0.016782638 -0.0086526945 0.0049999994
v -0.016782638 0.0059017413 0.0049999994
v -0.016782638 0.0059017413 0.0049999994
v -0.016697055 -0.018304937 -0.0045
v -0.016697055 -0.018304937 -0.0045
v -0.016697055 -0.018304937 0.0044999993
v -0.016697055 -0.018304937 0.0044999993
v -0.016697055 -0.014446015 -0.0045
v -0.016697055 -0.014446015 -0.0045
v -0.016697055 -0.014446015 0.0044999993
v -0.016697055 -0.014446015 0.0044999993
v -0.016661676 -0.008167546 -0.0045
v -0.016661676 -0.008167546 -0.0045
v -0.016661676 -0.008167546 0.0044999993
v -0.016661676 -0.008167546 0.0044999993
v -0.016661676 0.005416593 -0.0045
v -0.016661676 0.005416593 -0.0045
v -0.016661676 0.005416593 0.0044999993
v -0.016661676 0.005416593 0.0044999993
v -0.01659033 -0.019896513 -0.005
v -0.01659033 -0.019896513 -0.005
v -0.01659033 -0.019896513 0.0049999994
v -0.01659033 -0.019896513 0.0049999994
v -0.01659033 -0.01285444 -0.005
v -0.01659033 -0.01285444 -0.005
v -0.01659033 -0.01285444 0.0049999994
v -0.01659033 -0.01285444 0.0049999994
v -0.016546072 -0.018769616 -0.0045
v -0.016546072 -0.018769616 -0.0045
v -0.016546072 -0.018769616 0.0044999993
v -0.016546072 -0.018769616 0.0044999993
v -0.016546072 -0.013981336 -0.0045
v -0.016546072 -0.013981336 -0.0045
v -0.016546072 -0.013981336 0.0044999993
v -0.016546072 -0.013981336 0.0044999993
v -0.016363041 -0.019222632 -0.0045
v -0.016363041 -0.019222632 -0.0045
v -0.016363041 -0.019222632 0.0044999993
v -0.016363041 -0.019222632 0.0044999993
v -0.016363041 -0.013528319 -0.0045
v -0.016363041 -0.013528319 -0.0045
v -0.016363041 -0.013528319 0.0044999993
v -0.016363041 -0.013528319 0.0044999993
v -0.016328584 -0.02034987 -0.005
v -0.016328584 -0.02034987 -0.005
v -0.016328584 -0.02034987 0.0049999994
v -0.016328584 -0.02034987 0.0049999994
v -0.016328584 -0.012401082 -0.005
v -0.016328584 -0.012401082 -0.005
v -0.016328584 -0.012401082 0.0049999994
v -0.016328584 -0.012401082 0.0049999994
v -0.016270585 -0.0087615345 -0.005
v -0.016270585 -0.0087615345 -0.005
v -0.016270585 -0.0087615345 0.0049999994
v -0.016270585 -0.0087615345 0.0049999994
v -0.016270585 0.0060105813 -0.005
v -0.016270585 0.0060105813 -0.005
v -0.016270585 0.0060105813 0.0049999994
v -0.016270585 0.0060105813 0.0049999994
v -0.01618376 -0.008269131 -0.0045
v -0.01618376 -0.008269131 -0.0045
v -0.01618376 -0.008269131 0.0044999993
v -0.01618376 -0.008269131 0.0044999993
v -0.01618376 0.005518178 -0.0045
v -0.01618376 0.005518178 -0.0045
v -0.01618376 0.005518178 0.0044999993
v -0.01618376 0.005518178 0.0044999993
v -0.016148856 -0.019661777 -0.0045
v -0.016148856 -0.019661777 -0.0045
v -0.016148856 -0.019661777 0.0044999993
v -0.016148856 -0.019661777 0.0044999993
v -0.016148856 -0.013089176 -0.0045
v -0.016148856 -0.013089176 -0.0045
v -0.016148856 -0.013089176 0.0044999993
v -0.016148856 -0.013089176 0.0044999993
v -0.016035851 -0.020783868 -0.005
v -0.016035851 -0.020783868 -0.005
v -0.016035851 -0.020783868 0.0049999994
v -0.016035851 -0.020783868 0.0049999994
v -0.016035851 -0.011967086 -0.005
v -0.016035851 -0.011967086 -0.005
v -0.016035851 -0.011967086 0.0049999994
v -0.016035851 -0.011967086 0.0049999994
v -0.01590456 -0.02008491 -0.0045
v -0.01590456 -0.02008491 -0.0045
v -0.01590456 -0.02008491 0.0044999993
v -0.01590456 -0.02008491 0.0044999993
v -0.01590456 -0.012666041 -0.0045
v -0.01590456 -0.012666041 -0.0045
v -0.01590456 -0.012666041 0.0044999993
v -0.01590456 -0.012666041 0.0044999993
v -0.015752187 -0.00883439 -0.005
v -0.015752187 -0.00883439 -0.005
v -0.015752187 -0.00883439 0.0049999994
v -0.015752187 -0.00883439 0.0049999994
v -0.015752187 0.0060834372 -0.005
v -0.015752187 0.0060834372 -0.005
v -0.015752187 0.0060834372 0.0049999994
v -0.015752187 0.0060834372 0.0049999994
v -0.015713556 -0.021196382 -0.005
v -0.015713556 -0.021196382 -0.005
v -0.015713556 -0.021196382 0.0049999994
v -0.015713556 -0.021196382 0.0049999994
v -0.015713556 -0.01155457 -0.005
v -0.015713556 -0.01155457 -0.005
v -0.015713556 -0.01155457 0.0049999994
v -0.015713556 -0.01155457 0.0049999994
v -0.015699923 -0.00833713 -0.0045
v -0.015699923 -0.00833713 -0.0045
v -0.015699923 -0.00833713 0.0044999993
v -0.015699923 -0.00833713 0.0044999993
v -0.015699923 0.0055861766 -0.0045
v -0.015699923 0.0055861766 -0.0045
v -0.015699923 0.0055861766 0.0044999993
v -0.015699923 0.0055861766 0.0044999993
v -0.015631342 -0.020489974 -0.0045
v -0.015631342 -0.020489974 -0.0045
v -0.015631342 -0.020489974 0.0044999993
v -0.015631342 -0.020489974 0.0044999993
v -0.015631342 -0.01226098 -0.0045
v -0.015631342 -0.01226098 -0.0045
v -0.015631342 -0.01226098 0.0044999993
v -0.015631342 -0.01226098 0.0044999993
v -0.015363271 -0.021585414 -0.005
v -0.015363271 -0.021585414 -0.005
v -0.015363271 -0.021585414 0.0049999994
v -0.015363271 -0.021585414 0.0049999994
v -0.015363271 -0.011165539 -0.005
v -0.015363271 -0.011165539 -0.005
v -0.015363271 -0.011165539 0.0049999994
v -0.015363271 -0.011165539 0.0049999994
v -0.015330534 -0.020874988 -0.0045
v -0.015330534 -0.020874988 -0.0045
v -0.015330534 -0.020874988 0.0044999993
v -0.015330534 -0.020874988 0.0044999993
v -0.015330534 -0.011875963 -0.0045
v -0.015330534 -0.011875963 -0.0045
v -0.015330534 -0.011875963 0.0044999993
v -0.015330534 -0.011875963 0.0044999993
v -0.015229969 -0.008870907 -0.005
v -0.015229969 -0.008870907 -0.005
v -0.015229969 -0.008870907 0.0049999994
v -0.015229969 -0.008870907 0.0049999994
v -0.015229969 0.006119955 -0.005
v -0.015229969 0.006119955 -0.005
v -0.015229969 0.006119955 0.0049999994
v -0.015229969 0.006119955 0.0049999994
v -0.01521252 -0.0083712125 -0.0045
v -0.01521252 -0.0083712125 -0.0045
v -0.01521252 -0.0083712125 0.0044999993
v -0.01521252 -0.0083712125 0.0044999993
v -0.01521252 0.0056202593 -0.0045
v -0.01521252 0.0056202593 -0.0045
v -0.01521252 0.0056202593 0.0044999993
v -0.01521252 0.0056202593 0.0044999993
v -0.015003602 -0.021238085 -0.0045
v -0.015003602 -0.021238085 -0.0045
v -0.015003602 -0.021238085 0.0044999993
v -0.015003602 -0.021238085 0.0044999993
v -0.015003602 -0.011512868 -0.0045
v -0.015003602 -0.011512868 -0.0045
v -0.015003602 -0.011512868 0.0044999993
v -0.015003602 -0.011512868 0.0044999993
v -0.014986703 -0.021949062 -0.005
v -0.014986703 -0.021949062 -0.005
v -0.014986703 -0.021949062 0.0049999994
v -0.014986703 -0.021949062 0.0049999994
v -0.014986703 -0.010801891 -0.005
v -0.014986703 -0.010801891 -0.005
v -0.014986703 -0.010801891 0.0049999994
v -0.014986703 -0.010801891 0.0049999994
v -0.014723928 -0.0083712125 -0.0045
v -0.014723928 -0.0083712125 -0.0045
v -0.014723928 -0.0083712125 0.0044999993
v -0.014723928 -0.0083712125 0.0044999993
v -0.014723928 0.0056202593 -0.0045
v -0.014723928 0.0056202593 -0.0045
v -0.014723928 0.0056202593 0.0044999993
v -0.014723928 0.0056202593 0.0044999993
v -0.014706477 -0.008870907 -0.005
v -0.014706477 -0.008870907 -0.005
v -0.014706477 -0.008870907 0.0049999994
v -0.014706477 -0.008870907 0.0049999994
v -0.014706477 0.006119955 -0.005
v -0.014706477 0.006119955 -0.005
v -0.014706477 0.006119955 0.0049999994
v -0.014706477 0.006119955 0.0049999994
v -0.014652139 -0.02157749 -0.0045
v -0.014652139 -0.02157749 -0.0045
v -0.014652139 -0.02157749 0.0044999993
v -0.014652139 -0.02157749 0.0044999993
v -0.014652139 -0.0111734625 -0.0045
v -0.014652139 -0.0111734625 -0.0045
v -0.014652139 -0.0111734625 0.0044999993
v -0.014652139 -0.0111734625 0.0044999993
v -0.014585684 -0.022285556 -0.005
v -0.014585684 -0.022285556 -0.005
v -0.014585684 -0.022285556 0.0049999994
v -0.014585684 -0.022285556 0.0049999994
v -0.014585684 -0.010465397 -0.005
v -0.014585684 -0.010465397 -0.005
v -0.014585684 -0.010465397 0.0049999994
v -0.014585684 -0.010465397 0.0049999994
v -0.014277855 -0.021891551 -0.0045
v -0.014277855 -0.021891551 -0.0045
v -0.014277855 -0.021891551 0.0044999993
v -0.014277855 -0.021891551 0.0044999993
v -0.014277855 -0.010859402 -0.0045
v -0.014277855 -0.010859402 -0.0045
v -0.014277855 -0.010859402 0.0044999993
v -0.014277855 -0.010859402 0.0044999993
v -0.014236524 -0.00833713 -0.0045
v -0.014236524 -0.00833713 -0.0045
v -0.014236524 -0.00833713 0.0044999993
v -0.014236524 -0.00833713 0.0044999993
v -0.014236524 0.0055861766 -0.0045
v -0.014236524 0.0055861766 -0.0045
v -0.014236524 0.0055861766 0.0044999993
v -0.014236524 0.0055861766 0.0044999993
v -0.01418426 -0.00883439 -0.005
v -0.01418426 -0.00883439 -0.005
v -0.01418426 -0.00883439 0.0049999994
v -0.01418426 -0.00883439 0.0049999994
v -0.01418426 0.0060834372 -0.005
v -0.01418426 0.0060834372 -0.005
v -0.01418426 0.0060834372 0.0049999994
v -0.01418426 0.0060834372 0.0049999994
v -0.01416217 -0.02259326 -0.005
v -0.01416217 -0.02259326 -0.005
v -0.01416217 -0.02259326 0.0049999994
v -0.01416217 -0.02259326 0.0049999994
v -0.01416217 -0.010157694 -0.005
v -0.01416217 -0.010157694 -0.005
v -0.01416217 -0.010157694 0.0049999994
v -0.01416217 -0.010157694 0.0049999994
v -0.013882575 -0.02217874 -0.0045
v -0.013882575 -0.02217874 -0.0045
v -0.013882575 -0.02217874 0.0044999993
v -0.013882575 -0.02217874 0.0044999993
v -0.013882575 -0.010572214 -0.0045
v -0.013882575 -0.010572214 -0.0045
v -0.013882575 -0.010572214 0.0044999993
v -0.013882575 -0.010572214 0.0044999993
v -0.013752686 -0.008269131 -0.0045
v -0.013752686 -0.008269131 -0.0045
v -0.013752686 -0.008269131 0.0044999993
v -0.013752686 -0.008269131 0.0044999993
v -0.013752686 0.005518178 -0.0045
v -0.013752686 0.005518178 -0.0045
v -0.013752686 0.005518178 0.0044999993
v -0.013752686 0.005518178 0.0044999993
v -0.013718223 -0.02287067 -0.005
v -0.013718223 -0.02287067 -0.005
v -0.013718223 -0.02287067 0.0049999994
v -0.013718223 -0.02287067 0.0049999994
v -0.013718223 -0.009880286 -0.005
v -0.013718223 -0.009880286 -0.005
v -0.013718223 -0.009880286 0.0049999994
v -0.013718223 -0.009880286 0.0049999994
v -0.013665862 -0.0087615345 -0.005
v -0.013665862 -0.0087615345 -0.005
v -0.013665862 -0.0087615345 0.0049999994
v -0.013665862 -0.0087615345 0.0049999994
v -0.013665862 0.0060105813 -0.005
v -0.013665862 0.0060105813 -0.005
v -0.013665862 0.0060105813 0.0049999994
v -0.013665862 0.0060105813 0.0049999994
v -0.013468225 -0.022437654 -0.0045
v -0.013468225 -0.022437654 -0.0045
v -0.013468225 -0.022437654 0.0044999993
v -0.013468225 -0.022437654 0.0044999993
v -0.013468225 -0.010313299 -0.0045
v -0.013468225 -0.010313299 -0.0045
v -0.013468225 -0.010313299 0.0044999993
v -0.013468225 -0.010313299 0.0044999993
v -0.01327477 -0.008167546 -0.0045
v -0.01327477 -0.008167546 -0.0045
v -0.01327477 -0.008167546 0.0044999993
v -0.01327477 -0.008167546 0.0044999993
v -0.01327477 0.005416593 -0.0045
v -0.01327477 0.005416593 -0.0045
v -0.01327477 0.005416593 0.0044999993
v -0.01327477 0.005416593 0.0044999993
v -0.013256007 -0.023116432 -0.005
v -0.013256007 -0.023116432 -0.005
v -0.013256007 -0.023116432 0.0049999994
v -0.013256007 -0.023116432 0.0049999994
v -0.013256007 -0.009634521 -0.005
v -0.013256007 -0.009634521 -0.005
v -0.013256007 -0.009634521 0.0049999994
v -0.013256007 -0.009634521 0.0049999994
v -0.01315381 -0.0086526945 -0.005
v -0.01315381 -0.0086526945 -0.005
v -0.01315381 -0.0086526945 0.0049999994
v -0.01315381 -0.0086526945 0.0049999994
v -0.01315381 0.0059017413 -0.005
v -0.01315381 0.0059017413 -0.005
v -0.01315381 0.0059017413 0.0049999994
v -0.01315381 0.0059017413 0.0049999994
v -0.013036821 -0.022667034 -0.0045
v -0.013036821 -0.022667034 -0.0045
v -0.013036821 -0.022667034 0.0044999993
v -0.013036821 -0.022667034 0.0044999993
v -0.013036821 -0.010083918 -0.0045
v -0.013036821 -0.010083918 -0.0045
v -0.013036821 -0.010083918 0.0044999993
v -0.013036821 -0.010083918 0.0044999993
v -0.012805105 -0.008032872 -0.0045
v -0.012805105 -0.008032872 -0.0045
v -0.012805105 -0.008032872 0.0044999993
v -0.012805105 -0.008032872 0.0044999993
v -0.012805105 0.0052819187 -0.0045
v -0.012805105 0.0052819187 -0.0045
v -0.012805105 0.0052819187 0.0044999993
v -0.012805105 0.0052819187 0.0044999993
v -0.012777773 -0.023329355 -0.005
v -0.012777773 -0.023329355 -0.005
v -0.012777773 -0.023329355 0.0049999994
v -0.012777773 -0.023329355 0.0049999994
v -0.012777773 -0.009421598 -0.005
v -0.012777773 -0.009421598 -0.005
v -0.012777773 -0.009421598 0.0049999994
v -0.012777773 -0.009421598 0.0049999994
v -0.012650597 -0.0085084 -0.005
v -0.012650597 -0.0085084 -0.005
v -0.012650597 -0.0085084 0.0049999994
v -0.012650597 -0.0085084 0.0049999994
v -0.012650597 0.005757447 -0.005
v -0.012650597 0.005757447 -0.005
v -0.012650597 0.005757447 0.0049999994
v -0.012650597 0.005757447 0.0049999994
v -0.01259047 -0.022865761 -0.0045
v -0.01259047 -0.022865761 -0.0045
v -0.01259047 -0.022865761 0.0044999993
v -0.01259047 -0.022865761 0.0044999993
v -0.01259047 -0.00988519 -0.0045
v -0.01259047 -0.00988519 -0.0045
v -0.01259047 -0.00988519 0.0044999993
v -0.01259047 -0.00988519 0.0044999993
v -0.012345977 -0.007865763 -0.0045
v -0.012345977 -0.007865763 -0.0045
v -0.012345977 -0.007865763 0.0044999993
v -0.012345977 -0.007865763 0.0044999993
v -0.012345977 0.00511481 -0.0045
v -0.012345977 0.00511481 -0.0045
v -0.012345977 0.00511481 0.0044999993
v -0.012345977 0.00511481 0.0044999993
v -0.012285851 -0.0235084 -0.005
v -0.012285851 -0.0235084 -0.005
v -0.012285851 -0.0235084 0.0049999994
v -0.012285851 -0.0235084 0.0049999994
v -0.012285851 -0.009242552 -0.005
v -0.012285851 -0.009242552 -0.005
v -0.012285851 -0.009242552 0.0049999994
v -0.012285851 -0.009242552 0.0049999994
v -0.012158674 -0.008329355 -0.005
v -0.012158674 -0.008329355 -0.005
v -0.012158674 -0.008329355 0.0049999994
v -0.012158674 -0.008329355 0.0049999994
v -0.012158674 0.005578402 -0.005
v -0.012158674 0.005578402 -0.005
v -0.012158674 0.005578402 0.0049999994
v -0.012158674 0.005578402 0.0049999994
v -0.012131343 -0.023032872 -0.0045
v -0.012131343 -0.023032872 -0.0045
v -0.012131343 -0.023032872 0.0044999993
v -0.012131343 -0.023032872 0.0044999993
v -0.012131343 -0.00971808 -0.0045
v -0.012131343 -0.00971808 -0.0045
v -0.012131343 -0.00971808 0.0044999993
v -0.012131343 -0.00971808 0.0044999993
v -0.011899626 -0.007667035 -0.0045
v -0.011899626 -0.007667035 -0.0045
v -0.011899626 -0.007667035 0.0044999993
v -0.011899626 -0.007667035 0.0044999993
v -0.011899626 0.0049160817 -0.0045
v -0.011899626 0.0049160817 -0.0045
v -0.011899626 0.0049160817 0.0044999993
v -0.011899626 0.0049160817 0.0044999993
v -0.011782639 -0.023652693 -0.005
v -0.011782639 -0.023652693 -0.005
v -0.011782639 -0.023652693 0.0049999994
v -0.011782639 -0.023652693 0.0049999994
v -0.011782639 -0.009098258 -0.005
v -0.011782639 -0.009098258 -0.005
v -0.011782639 -0.009098258 0.0049999994
v -0.011782639 -0.009098258 0.0049999994
v -0.01168044 -0.0081164315 -0.005
v -0.01168044 -0.0081164315 -0.005
v -0.01168044 -0.0081164315 0.0049999994
v -0.01168044 -0.0081164315 0.0049999994
v -0.01168044 0.0053654783 -0.005
v -0.01168044 0.0053654783 -0.005
v -0.01168044 0.0053654783 0.0049999994
v -0.01168044 0.0053654783 0.0049999994
v -0.011661677 -0.023167547 -0.0045
v -0.011661677 -0.023167547 -0.0045
v -0.011661677 -0.023167547 0.0044999993
v -0.011661677 -0.023167547 0.0044999993
v -0.011661677 -0.009583406 -0.0045
v -0.011661677 -0.009583406 -0.0045
v -0.011661677 -0.009583406 0.0044999993
v -0.011661677 -0.009583406 0.0044999993
v -0.011468224 -0.0074376543 -0.0045
v -0.011468224 -0.0074376543 -0.0045
v -0.011468224 -0.0074376543 0.0044999993
v -0.011468224 -0.0074376543 0.0044999993
v -0.011468224 0.004686701 -0.0045
v -0.011468224 0.004686701 -0.0045
v -0.011468224 0.004686701 0.0044999993
v -0.011468224 0.004686701 0.0044999993
v -0.011270585 -0.023761533 -0.005
v -0.011270585 -0.023761533 -0.005
v -0.011270585 -0.023761533 0.0049999994
v -0.011270585 -0.023761533 0.0049999994
v -0.011270585 -0.008989418 -0.005
v -0.011270585 -0.008989418 -0.005
v -0.011270585 -0.008989418 0.0049999994
v -0.011270585 -0.008989418 0.0049999994
v -0.011218224 -0.007870667 -0.005
v -0.011218224 -0.007870667 -0.005
v -0.011218224 -0.007870667 0.0049999994
v -0.011218224 -0.007870667 0.0049999994
v -0.011218224 0.0051197135 -0.005
v -0.011218224 0.0051197135 -0.005
v -0.011218224 0.0051197135 0.0049999994
v -0.011218224 0.0051197135 0.0049999994
v -0.011183761 -0.02326913 -0.0045
v -0.011183761 -0.02326913 -0.0045
v -0.011183761 -0.02326913 0.0044999993
v -0.011183761 -0.02326913 0.0044999993
v -0.011183761 -0.009481822 -0.0045
v -0.011183761 -0.009481822 -0.0045
v -0.011183761 -0.009481822 0.0044999993
v -0.011183761 -0.009481822 0.0044999993
v -0.011053874 -0.0071787396 -0.0045
v -0.011053874 -0.0071787396 -0.0045
v -0.011053874 -0.0071787396 0.0044999993
v -0.011053874 -0.0071787396 0.0044999993
v -0.011053874 0.004427786 -0.0045
v -0.011053874 0.004427786 -0.0045
v -0.011053874 0.004427786 0.0044999993
v -0.011053874 0.004427786 0.0044999993
v -0.010774277 -0.0075932583 -0.005
v -0.010774277 -0.0075932583 -0.005
v -0.010774277 -0.0075932583 0.0049999994
v -0.010774277 -0.0075932583 0.0049999994
v -0.010774277 0.004842305 -0.005
v -0.010774277 0.004842305 -0.005
v -0.010774277 0.004842305 0.0049999994
v -0.010774277 0.004842305 0.0049999994
v -0.010752187 -0.02383439 -0.005
v -0.010752187 -0.02383439 -0.005
v -0.010752187 -0.02383439 0.0049999994
v -0.010752187 -0.02383439 0.0049999994
v -0.010752187 -0.0089165615 -0.005
v -0.010752187 -0.0089165615 -0.005
v -0.010752187 -0.0089165615 0.0049999994
v -0.010752187 -0.0089165615 0.0049999994
v -0.010699922 -0.02333713 -0.0045
v -0.010699922 -0.02333713 -0.0045
v -0.010699922 -0.02333713 0.0044999993
v -0.010699922 -0.02333713 0.0044999993
v -0.010699922 -0.0094138235 -0.0045
v -0.010699922 -0.0094138235 -0.0045
v -0.010699922 -0.0094138235 0.0044999993
v -0.010699922 -0.0094138235 0.0044999993
v -0.010658593 -0.006891552 -0.0045
v -0.010658593 -0.006891552 -0.0045
v -0.010658593 -0.006891552 0.0044999993
v -0.010658593 -0.006891552 0.0044999993
v -0.010658593 0.0041405982 -0.0045
v -0.010658593 0.0041405982 -0.0045
v -0.010658593 0.0041405982 0.0044999993
v -0.010658593 0.0041405982 0.0044999993
v -0.010350762 -0.0072855577 -0.005
v -0.010350762 -0.0072855577 -0.005
v -0.010350762 -0.0072855577 0.0049999994
v -0.010350762 -0.0072855577 0.0049999994
v -0.010350762 0.004534604 -0.005
v -0.010350762 0.004534604 -0.005
v -0.010350762 0.004534604 0.0049999994
v -0.010350762 0.004534604 0.0049999994
v -0.01028431 -0.0065774904 -0.0045
v -0.01028431 -0.0065774904 -0.0045
v -0.01028431 -0.0065774904 0.0044999993
v -0.01028431 -0.0065774904 0.0044999993
v -0.01028431 0.0038265372 -0.0045
v -0.01028431 0.0038265372 -0.0045
v -0.01028431 0.0038265372 0.0044999993
v -0.01028431 0.0038265372 0.0044999993
v -0.010229969 -0.023870908 -0.005
v -0.010229969 -0.023870908 -0.005
v -0.010229969 -0.023870908 0.0049999994
v -0.010229969 -0.023870908 0.0049999994
v -0.010229969 -0.008880045 -0.005
v -0.010229969 -0.008880045 -0.005
v -0.010229969 -0.008880045 0.0049999994
v -0.010229969 -0.008880045 0.0049999994
v -0.01021252 -0.023371212 -0.0045
v -0.01021252 -0.023371212 -0.0045
v -0.01021252 -0.023371212 0.0044999993
v -0.01021252 -0.023371212 0.0044999993
v -0.01021252 -0.009379741 -0.0045
v -0.01021252 -0.009379741 -0.0045
v -0.01021252 -0.009379741 0.0044999993
v -0.01021252 -0.009379741 0.0044999993
v -0.009949744 -0.0069490625 -0.005
v -0.009949744 -0.0069490625 -0.005
v -0.009949744 -0.0069490625 0.0049999994
v -0.009949744 -0.0069490625 0.0049999994
v -0.009949744 0.0041981093 -0.005
v -0.009949744 0.0041981093 -0.005
v -0.009949744 0.0041981093 0.0049999994
v -0.009949744 0.0041981093 0.0049999994
v -0.009932845 -0.0062380848 -0.0045
v -0.009932845 -0.0062380848 -0.0045
v -0.009932845 -0.0062380848 -0.0045
v -0.009932845 -0.0062380848 0.0044999993
v -0.009932845 -0.0062380848 0.0044999993
v -0.009932845 -0.0062380848 0.0044999993
v -0.009932845 0.0034871318 -0.0045
v -0.009932845 0.0034871318 -0.0045
v -0.009932845 0.0034871318 -0.0045
v -0.009932845 0.0034871318 0.0044999993
v -0.009932845 0.0034871318 0.0044999993
v -0.009932845 0.0034871318 0.0044999993
v -0.009723928 -0.023371212 -0.0045
v -0.009723928 -0.023371212 -0.0045
v -0.009723928 -0.023371212 0.0044999993
v -0.009723928 -0.023371212 0.0044999993
v -0.009723928 -0.009379741 -0.0045
v -0.009723928 -0.009379741 -0.0045
v -0.009723928 -0.009379741 0.0044999993
v -0.009723928 -0.009379741 0.0044999993
v -0.009706477 -0.023870908 -0.005
v -0.009706477 -0.023870908 -0.005
v -0.009706477 -0.023870908 0.0049999994
v -0.009706477 -0.023870908 0.0049999994
v -0.009706477 -0.008880045 -0.005
v -0.009706477 -0.008880045 -0.005
v -0.009706477 -0.008880045 0.0049999994
v -0.009706477 -0.008880045 0.0049999994
v -0.0096059125 -0.00587499 -0.0045
v -0.0096059125 -0.00587499 -0.0045
v -0.0096059125 -0.00587499 0.0044999993
v -0.0096059125 -0.00587499 0.0044999993
v -0.0096059125 0.0031240364 -0.0045
v -0.0096059125 0.0031240364 -0.0045
v -0.0096059125 0.0031240364 0.0044999993
v -0.0096059125 0.0031240364 0.0044999993
v -0.009573175 -0.006585414 -0.005
v -0.009573175 -0.006585414 -0.005
v -0.009573175 -0.006585414 0.0049999994
v -0.009573175 -0.006585414 0.0049999994
v -0.009573175 0.003834461 -0.005
v -0.009573175 0.003834461 -0.005
v -0.009573175 0.003834461 0.0049999994
v -0.009573175 0.003834461 0.0049999994
v -0.009305105 -0.005489974 -0.0045
v -0.009305105 -0.005489974 -0.0045
v -0.009305105 -0.005489974 0.0044999993
v -0.009305105 -0.005489974 0.0044999993
v -0.009305105 0.0027390202 -0.0045
v -0.009305105 0.0027390202 -0.0045
v -0.009305105 0.0027390202 0.0044999993
v -0.009305105 0.0027390202 0.0044999993
v -0.009236524 -0.02333713 -0.0045
v -0.009236524 -0.02333713 -0.0045
v -0.009236524 -0.02333713 0.0044999993
v -0.009236524 -0.02333713 0.0044999993
v -0.009236524 -0.0094138235 -0.0045
v -0.009236524 -0.0094138235 -0.0045
v -0.009236524 -0.0094138235 0.0044999993
v -0.009236524 -0.0094138235 0.0044999993
v -0.009222891 -0.0061963834 -0.005
v -0.009222891 -0.0061963834 -0.005
v -0.009222891 -0.0061963834 0.0049999994
v -0.009222891 -0.0061963834 0.0049999994
v -0.009222891 0.0034454302 -0.005
v -0.009222891 0.0034454302 -0.005
v -0.009222891 0.0034454302 0.0049999994
v -0.009222891 0.0034454302 0.0049999994
v -0.009184261 -0.02383439 -0.005
v -0.009184261 -0.02383439 -0.005
v -0.009184261 -0.02383439 0.0049999994
v -0.009184261 -0.02383439 0.0049999994
v -0.009184261 -0.0089165615 -0.005
v -0.009184261 -0.0089165615 -0.005
v -0.009184261 -0.0089165615 0.0049999994
v -0.009184261 -0.0089165615 0.0049999994
v -0.009031886 -0.0050849114 -0.0045
v -0.009031886 -0.0050849114 -0.0045
v -0.009031886 -0.0050849114 0.0044999993
v -0.009031886 -0.0050849114 0.0044999993
v -0.009031886 0.002333958 -0.0045
v -0.009031886 0.002333958 -0.0045
v -0.009031886 0.002333958 0.0044999993
v -0.009031886 0.002333958 0.0044999993
v -0.008900596 -0.0057838657 -0.005
v -0.008900596 -0.0057838657 -0.005
v -0.008900596 -0.0057838657 0.0049999994
v -0.008900596 -0.0057838657 0.0049999994
v -0.008900596 0.0030329127 -0.005
v -0.008900596 0.0030329127 -0.005
v -0.008900596 0.0030329127 0.0049999994
v -0.008900596 0.0030329127 0.0049999994
v -0.00878759 -0.0046617775 -0.0045
v -0.00878759 -0.0046617775 -0.0045
v -0.00878759 -0.0046617775 0.0044999993
v -0.00878759 -0.0046617775 0.0044999993
v -0.00878759 0.0019108242 -0.0045
v -0.00878759 0.0019108242 -0.0045
v -0.00878759 0.0019108242 0.0044999993
v -0.00878759 0.0019108242 0.0044999993
v -0.008752686 -0.02326913 -0.0045
v -0.008752686 -0.02326913 -0.0045
v -0.008752686 -0.02326913 0.0044999993
v -0.008752686 -0.02326913 0.0044999993
v -0.008752686 -0.009481822 -0.0045
v -0.008752686 -0.009481822 -0.0045
v -0.008752686 -0.009481822 0.0044999993
v -0.008752686 -0.009481822 0.0044999993
v -0.008665862 -0.023761533 -0.005
v -0.008665862 -0.023761533 -0.005
v -0.008665862 -0.023761533 0.0049999994
v -0.008665862 -0.023761533 0.0049999994
v -0.008665862 -0.008989418 -0.005
v -0.008665862 -0.008989418 -0.005
v -0.008665862 -0.008989418 0.0049999994
v -0.008665862 -0.008989418 0.0049999994
v -0.0086078625 -0.0053498712 -0.005
v -0.0086078625 -0.0053498712 -0.005
v -0.0086078625 -0.0053498712 0.0049999994
v -0.0086078625 -0.0053498712 0.0049999994
v -0.0086078625 0.0025989176 -0.005
v -0.0086078625 0.0025989176 -0.005
v -0.0086078625 0.0025989176 0.0049999994
v -0.0086078625 0.0025989176 0.0049999994
v -0.008573405 -0.004222633 -0.0045
v -0.008573405 -0.004222633 -0.0045
v -0.008573405 -0.004222633 0.0044999993
v -0.008573405 -0.004222633 0.0044999993
v -0.008573405 0.0014716799 -0.0045
v -0.008573405 0.0014716799 -0.0045
v -0.008573405 0.0014716799 0.0044999993
v -0.008573405 0.0014716799 0.0044999993
v -0.0083903745 -0.0037696173 -0.0045
v -0.0083903745 -0.0037696173 -0.0045
v -0.0083903745 -0.0037696173 0.0044999993
v -0.0083903745 -0.0037696173 0.0044999993
v -0.0083903745 0.0010186643 -0.0045
v -0.0083903745 0.0010186643 -0.0045
v -0.0083903745 0.0010186643 0.0044999993
v -0.0083903745 0.0010186643 0.0044999993
v -0.008346116 -0.0048965137 -0.005
v -0.008346116 -0.0048965137 -0.005
v -0.008346116 -0.0048965137 0.0049999994
v -0.008346116 -0.0048965137 0.0049999994
v -0.008346116 0.0021455602 -0.005
v -0.008346116 0.0021455602 -0.005
v -0.008346116 0.0021455602 0.0049999994
v -0.008346116 0.0021455602 0.0049999994
v -0.00827477 -0.023167547 -0.0045
v -0.00827477 -0.023167547 -0.0045
v -0.00827477 -0.023167547 0.0044999993
v -0.00827477 -0.023167547 0.0044999993
v -0.00827477 -0.009583406 -0.0045
v -0.00827477 -0.009583406 -0.0045
v -0.00827477 -0.009583406 0.0044999993
v -0.00827477 -0.009583406 0.0044999993
v -0.008239391 -0.003304938 -0.0045
v -0.008239391 -0.003304938 -0.0045
v -0.008239391 -0.003304938 0.0044999993
v -0.008239391 -0.003304938 0.0044999993
v -0.008239391 0.00055398484 -0.0045
v -0.008239391 0.00055398484 -0.0045
v -0.008239391 0.00055398484 0.0044999993
v -0.008239391 0.00055398484 0.0044999993
v -0.008153809 -0.023652693 -0.005
v -0.008153809 -0.023652693 -0.005
v -0.008153809 -0.023652693 0.0049999994
v -0.008153809 -0.023652693 0.0049999994
v -0.008153809 -0.009098258 -0.005
v -0.008153809 -0.009098258 -0.005
v -0.008153809 -0.009098258 0.0049999994
v -0.008153809 -0.009098258 0.0049999994
v -0.008121191 -0.0028308586 -0.0045
v -0.008121191 -0.0028308586 -0.0045
v -0.008121191 -0.0028308586 0.0044999993
v -0.008121191 -0.0028308586 0.0044999993
v -0.008121191 7.990523E-05 -0.0045
v -0.008121191 7.990523E-05 -0.0045
v -0.008121191 7.990523E-05 0.0044999993
v -0.008121191 7.990523E-05 0.0044999993
v -0.008116633 -0.004426001 -0.005
v -0.008116633 -0.004426001 -0.005
v -0.008116633 -0.004426001 0.0049999994
v -0.008116633 -0.004426001 0.0049999994
v -0.008116633 0.001675048 -0.005
v -0.008116633 0.001675048 -0.005
v -0.008116633 0.001675048 0.0049999994
v -0.008116633 0.001675048 0.0049999994
v -0.008036347 -0.0023496882 -0.0045
v -0.008036347 -0.0023496882 -0.0045
v -0.008036347 -0.0023496882 0.0044999993
v -0.008036347 -0.0023496882 0.0044999993
v -0.008036347 -0.0004012649 -0.0045
v -0.008036347 -0.0004012649 -0.0045
v -0.008036347 -0.0004012649 0.0044999993
v -0.008036347 -0.0004012649 0.0044999993
v -0.007985275 -0.001863772 -0.0045
v -0.007985275 -0.001863772 -0.0045
v -0.007985275 -0.001863772 0.0044999993
v -0.007985275 -0.001863772 0.0044999993
v -0.007985275 -0.00088718126 -0.0045
v -0.007985275 -0.00088718126 -0.0045
v -0.007985275 -0.00088718126 0.0044999993
v -0.007985275 -0.00088718126 0.0044999993
v -0.007968224 -0.0013754766 -0.0045
v -0.007968224 -0.0013754766 -0.0045
v -0.007968224 -0.0013754766 0.0044999993
v -0.007968224 -0.0013754766 0.0044999993
v -0.00792053 -0.0039406274 -0.005
v -0.00792053 -0.0039406274 -0.005
v -0.00792053 -0.0039406274 0.0049999994
v -0.00792053 -0.0039406274 0.0049999994
v -0.00792053 0.0011896744 -0.005
v -0.00792053 0.0011896744 -0.005
v -0.00792053 0.0011896744 0.0049999994
v -0.00792053 0.0011896744 0.0049999994
v -0.007805105 -0.023032872 -0.0045
v -0.007805105 -0.023032872 -0.0045
v -0.007805105 -0.023032872 0.0044999993
v -0.007805105 -0.023032872 0.0044999993
v -0.007805105 -0.00971808 -0.0045
v -0.007805105 -0.00971808 -0.0045
v -0.007805105 -0.00971808 0.0044999993
v -0.007805105 -0.00971808 0.0044999993
v -0.0077587604 -0.0034427568 -0.005
v -0.0077587604 -0.0034427568 -0.005
v -0.0077587604 -0.0034427568 0.0049999994
v -0.0077587604 -0.0034427568 0.0049999994
v -0.0077587604 0.00069180364 -0.005
v -0.0077587604 0.00069180364 -0.005
v -0.0077587604 0.00069180364 0.0049999994
v -0.0077587604 0.00069180364 0.0049999994
v -0.007650596 -0.0235084 -0.005
v -0.007650596 -0.0235084 -0.005
v -0.007650596 -0.0235084 0.0049999994
v -0.007650596 -0.0235084 0.0049999994
v -0.007650596 -0.009242552 -0.005
v -0.007650596 -0.009242552 -0.005
v -0.007650596 -0.009242552 0.0049999994
v -0.007650596 -0.009242552 0.0049999994
v -0.007632117 -0.0029348144 -0.005
v -0.007632117 -0.0029348144 -0.005
v -0.007632117 -0.0029348144 0.0049999994
v -0.007632117 -0.0029348144 0.0049999994
v -0.007632117 0.00018386108 -0.005
v -0.007632117 0.00018386108 -0.005
v -0.007632117 0.00018386108 0.0049999994
v -0.007632117 0.00018386108 0.0049999994
v -0.007541213 -0.002419275 -0.005
v -0.007541213 -0.002419275 -0.005
v -0.007541213 -0.002419275 0.0049999994
v -0.007541213 -0.002419275 0.0049999994
v -0.007541213 -0.00033167834 -0.005
v -0.007541213 -0.00033167834 -0.005
v -0.007541213 -0.00033167834 0.0049999994
v -0.007541213 -0.00033167834 0.0049999994
v -0.007486493 -0.0018986501 -0.005
v -0.007486493 -0.0018986501 -0.005
v -0.007486493 -0.0018986501 0.0049999994
v -0.007486493 -0.0018986501 0.0049999994
v -0.007486493 -0.0008523031 -0.005
v -0.007486493 -0.0008523031 -0.005
v -0.007486493 -0.0008523031 0.0049999994
v -0.007486493 -0.0008523031 0.0049999994
v -0.0074682236 -0.0013754766 -0.005
v -0.0074682236 -0.0013754766 -0.005
v -0.0074682236 -0.0013754766 0.0049999994
v -0.0074682236 -0.0013754766 0.0049999994
v -0.0074682236 0.013624523 -0.005
v -0.0074682236 0.013624523 -0.005
v -0.0074682236 0.013624523 0.0049999994
v -0.0074682236 0.013624523 0.0049999994
v -0.0074499543 0.01310135 -0.005
v -0.0074499543 0.01310135 -0.005
v -0.0074499543 0.01310135 0.0049999994
v -0.0074499543 0.01310135 0.0049999994
v -0.0074499543 0.014147696 -0.005
v -0.0074499543 0.014147696 -0.005
v -0.0074499543 0.014147696 0.0049999994
v -0.0074499543 0.014147696 0.0049999994
v -0.007395234 0.012580725 -0.005
v -0.007395234 0.012580725 -0.005
v -0.007395234 0.012580725 0.0049999994
v -0.007395234 0.012580725 0.0049999994
v -0.007395234 0.014668321 -0.005
v -0.007395234 0.014668321 -0.005
v -0.007395234 0.014668321 0.0049999994
v -0.007395234 0.014668321 0.0049999994
v -0.0073459777 -0.022865761 -0.0045
v -0.0073459777 -0.022865761 -0.0045
v -0.0073459777 -0.022865761 0.0044999993
v -0.0073459777 -0.022865761 0.0044999993
v -0.0073459777 -0.00988519 -0.0045
v -0.0073459777 -0.00988519 -0.0045
v -0.0073459777 -0.00988519 0.0044999993
v -0.0073459777 -0.00988519 0.0044999993
v -0.0073043304 0.012065185 -0.005
v -0.0073043304 0.012065185 -0.005
v -0.0073043304 0.012065185 0.0049999994
v -0.0073043304 0.012065185 0.0049999994
v -0.0073043304 0.015183861 -0.005
v -0.0073043304 0.015183861 -0.005
v -0.0073043304 0.015183861 0.0049999994
v -0.0073043304 0.015183861 0.0049999994
v -0.0071776863 0.011557243 -0.005
v -0.0071776863 0.011557243 -0.005
v -0.0071776863 0.011557243 0.0049999994
v -0.0071776863 0.011557243 0.0049999994
v -0.0071776863 0.015691802 -0.005
v -0.0071776863 0.015691802 -0.005
v -0.0071776863 0.015691802 0.0049999994
v -0.0071776863 0.015691802 0.0049999994
v -0.0071586743 -0.023329355 -0.005
v -0.0071586743 -0.023329355 -0.005
v -0.0071586743 -0.023329355 0.0049999994
v -0.0071586743 -0.023329355 0.0049999994
v -0.0071586743 -0.009421598 -0.005
v -0.0071586743 -0.009421598 -0.005
v -0.0071586743 -0.009421598 0.0049999994
v -0.0071586743 -0.009421598 0.0049999994
v -0.007015918 0.011059371 -0.005
v -0.007015918 0.011059371 -0.005
v -0.007015918 0.011059371 0.0049999994
v -0.007015918 0.011059371 0.0049999994
v -0.007015918 0.016189676 -0.005
v -0.007015918 0.016189676 -0.005
v -0.007015918 0.016189676 0.0049999994
v -0.007015918 0.016189676 0.0049999994
v -0.0069682235 0.013624523 -0.0045
v -0.0069682235 0.013624523 -0.0045
v -0.0069682235 0.013624523 0.0044999993
v -0.0069682235 0.013624523 0.0044999993
v -0.006951172 0.013136227 -0.0045
v -0.006951172 0.013136227 -0.0045
v -0.006951172 0.013136227 0.0044999993
v -0.006951172 0.013136227 0.0044999993
v -0.006951172 0.014112818 -0.0045
v -0.006951172 0.014112818 -0.0045
v -0.006951172 0.014112818 0.0044999993
v -0.006951172 0.014112818 0.0044999993
v -0.0069000996 0.012650312 -0.0045
v -0.0069000996 0.012650312 -0.0045
v -0.0069000996 0.012650312 0.0044999993
v -0.0069000996 0.012650312 0.0044999993
v -0.0069000996 0.014598736 -0.0045
v -0.0069000996 0.014598736 -0.0045
v -0.0069000996 0.014598736 0.0044999993
v -0.0069000996 0.014598736 0.0044999993
v -0.006899625 -0.022667034 -0.0045
v -0.006899625 -0.022667034 -0.0045
v -0.006899625 -0.022667034 0.0044999993
v -0.006899625 -0.022667034 0.0044999993
v -0.006899625 -0.010083918 -0.0045
v -0.006899625 -0.010083918 -0.0045
v -0.006899625 -0.010083918 0.0044999993
v -0.006899625 -0.010083918 0.0044999993
v -0.0068198144 0.010573997 -0.005
v -0.0068198144 0.010573997 -0.005
v -0.0068198144 0.010573997 0.0049999994
v -0.0068198144 0.010573997 0.0049999994
v -0.0068198144 0.016675048 -0.005
v -0.0068198144 0.016675048 -0.005
v -0.0068198144 0.016675048 0.0049999994
v -0.0068198144 0.016675048 0.0049999994
v -0.0068152566 0.012169141 -0.0045
v -0.0068152566 0.012169141 -0.0045
v -0.0068152566 0.012169141 0.0044999993
v -0.0068152566 0.012169141 0.0044999993
v -0.0068152566 0.015079904 -0.0045
v -0.0068152566 0.015079904 -0.0045
v -0.0068152566 0.015079904 0.0044999993
v -0.0068152566 0.015079904 0.0044999993
v -0.0066970554 0.011695062 -0.0045
v -0.0066970554 0.011695062 -0.0045
v -0.0066970554 0.011695062 0.0044999993
v -0.0066970554 0.011695062 0.0044999993
v -0.0066970554 0.015553983 -0.0045
v -0.0066970554 0.015553983 -0.0045
v -0.0066970554 0.015553983 0.0044999993
v -0.0066970554 0.015553983 0.0044999993
v -0.0066804397 -0.023116432 -0.005
v -0.0066804397 -0.023116432 -0.005
v -0.0066804397 -0.023116432 0.0049999994
v -0.0066804397 -0.023116432 0.0049999994
v -0.0066804397 -0.009634521 -0.005
v -0.0066804397 -0.009634521 -0.005
v -0.0066804397 -0.009634521 0.0049999994
v -0.0066804397 -0.009634521 0.0049999994
v -0.00659033 0.0101034865 -0.005
v -0.00659033 0.0101034865 -0.005
v -0.00659033 0.0101034865 0.0049999994
v -0.00659033 0.0101034865 0.0049999994
v -0.00659033 0.01714556 -0.005
v -0.00659033 0.01714556 -0.005
v -0.00659033 0.01714556 0.0049999994
v -0.00659033 0.01714556 0.0049999994
v -0.0065460717 0.011230382 -0.0045
v -0.0065460717 0.011230382 -0.0045
v -0.0065460717 0.011230382 0.0044999993
v -0.0065460717 0.011230382 0.0044999993
v -0.0065460717 0.016018663 -0.0045
v -0.0065460717 0.016018663 -0.0045
v -0.0065460717 0.016018663 0.0044999993
v -0.0065460717 0.016018663 0.0044999993
v -0.0064682234 -0.022437654 -0.0045
v -0.0064682234 -0.022437654 -0.0045
v -0.0064682234 -0.022437654 0.0044999993
v -0.0064682234 -0.022437654 0.0044999993
v -0.0064682234 -0.010313299 -0.0045
v -0.0064682234 -0.010313299 -0.0045
v -0.0064682234 -0.010313299 0.0044999993
v -0.0064682234 -0.010313299 0.0044999993
v -0.006363042 0.010777366 -0.0045
v -0.006363042 0.010777366 -0.0045
v -0.006363042 0.010777366 0.0044999993
v -0.006363042 0.010777366 0.0044999993
v -0.006363042 0.016471678 -0.0045
v -0.006363042 0.016471678 -0.0045
v -0.006363042 0.016471678 0.0044999993
v -0.006363042 0.016471678 0.0044999993
v -0.0063285846 0.009650129 -0.005
v -0.0063285846 0.009650129 -0.005
v -0.0063285846 0.009650129 0.0049999994
v -0.0063285846 0.009650129 0.0049999994
v -0.0063285846 0.017598916 -0.005
v -0.0063285846 0.017598916 -0.005
v -0.0063285846 0.017598916 0.0049999994
v -0.0063285846 0.017598916 0.0049999994
v -0.006218224 -0.02287067 -0.005
v -0.006218224 -0.02287067 -0.005
v -0.006218224 -0.02287067 0.0049999994
v -0.006218224 -0.02287067 0.0049999994
v -0.006218224 -0.009880286 -0.005
v -0.006218224 -0.009880286 -0.005
v -0.006218224 -0.009880286 0.0049999994
v -0.006218224 -0.009880286 0.0049999994
v -0.006148857 0.010338223 -0.0045
v -0.006148857 0.010338223 -0.0045
v -0.006148857 0.010338223 0.0044999993
v -0.006148857 0.010338223 0.0044999993
v -0.006148857 0.016910823 -0.0045
v -0.006148857 0.016910823 -0.0045
v -0.006148857 0.016910823 0.0044999993
v -0.006148857 0.016910823 0.0044999993
v -0.0060538733 -0.02217874 -0.0045
v -0.0060538733 -0.02217874 -0.0045
v -0.0060538733 -0.02217874 0.0044999993
v -0.0060538733 -0.02217874 0.0044999993
v -0.0060538733 -0.010572214 -0.0045
v -0.0060538733 -0.010572214 -0.0045
v -0.0060538733 -0.010572214 0.0044999993
v -0.0060538733 -0.010572214 0.0044999993
v -0.0060358513 0.0092161335 -0.005
v -0.0060358513 0.0092161335 -0.005
v -0.0060358513 0.0092161335 0.0049999994
v -0.0060358513 0.0092161335 0.0049999994
v -0.0060358513 0.018032912 -0.005
v -0.0060358513 0.018032912 -0.005
v -0.0060358513 0.018032912 0.0049999994
v -0.0060358513 0.018032912 0.0049999994
v -0.00590456 0.009915088 -0.0045
v -0.00590456 0.009915088 -0.0045
v -0.00590456 0.009915088 0.0044999993
v -0.00590456 0.009915088 0.0044999993
v -0.00590456 0.017333956 -0.0045
v -0.00590456 0.017333956 -0.0045
v -0.00590456 0.017333956 0.0044999993
v -0.00590456 0.017333956 0.0044999993
v -0.0057742763 -0.02259326 -0.005
v -0.0057742763 -0.02259326 -0.005
v -0.0057742763 -0.02259326 0.0049999994
v -0.0057742763 -0.02259326 0.0049999994
v -0.0057742763 -0.010157694 -0.005
v -0.0057742763 -0.010157694 -0.005
v -0.0057742763 -0.010157694 0.0049999994
v -0.0057742763 -0.010157694 0.0049999994
v -0.0057135564 0.008803616 -0.005
v -0.0057135564 0.008803616 -0.005
v -0.0057135564 0.008803616 0.0049999994
v -0.0057135564 0.008803616 0.0049999994
v -0.0057135564 0.01844543 -0.005
v -0.0057135564 0.01844543 -0.005
v -0.0057135564 0.01844543 0.0049999994
v -0.0057135564 0.01844543 0.0049999994
v -0.0056585935 -0.021891551 -0.0045
v -0.0056585935 -0.021891551 -0.0045
v -0.0056585935 -0.021891551 0.0044999993
v -0.0056585935 -0.021891551 0.0044999993
v -0.0056585935 -0.010859402 -0.0045
v -0.0056585935 -0.010859402 -0.0045
v -0.0056585935 -0.010859402 0.0044999993
v -0.0056585935 -0.010859402 0.0044999993
v -0.0056313425 0.009510026 -0.0045
v -0.0056313425 0.009510026 -0.0045
v -0.0056313425 0.009510026 0.0044999993
v -0.0056313425 0.009510026 0.0044999993
v -0.0056313425 0.017739018 -0.0045
v -0.0056313425 0.017739018 -0.0045
v -0.0056313425 0.017739018 0.0044999993
v -0.0056313425 0.017739018 0.0044999993
v -0.005363272 0.008414585 -0.005
v -0.005363272 0.008414585 -0.005
v -0.005363272 0.008414585 0.0049999994
v -0.005363272 0.008414585 0.0049999994
v -0.005363272 0.01883446 -0.005
v -0.005363272 0.01883446 -0.005
v -0.005363272 0.01883446 0.0049999994
v -0.005363272 0.01883446 0.0049999994
v -0.005350762 -0.022285556 -0.005
v -0.005350762 -0.022285556 -0.005
v -0.005350762 -0.022285556 0.0049999994
v -0.005350762 -0.022285556 0.0049999994
v -0.005350762 -0.010465397 -0.005
v -0.005350762 -0.010465397 -0.005
v -0.005350762 -0.010465397 0.0049999994
v -0.005350762 -0.010465397 0.0049999994
v -0.0053305347 0.00912501 -0.0045
v -0.0053305347 0.00912501 -0.0045
v -0.0053305347 0.00912501 -0.0045
v -0.0053305347 0.00912501 0.0044999993
v -0.0053305347 0.00912501 0.0044999993
v -0.0053305347 0.00912501 0.0044999993
v -0.0053305347 0.018124035 -0.0045
v -0.0053305347 0.018124035 -0.0045
v -0.0053305347 0.018124035 0.0044999993
v -0.0053305347 0.018124035 0.0044999993
v -0.0052843094 -0.02157749 -0.0045
v -0.0052843094 -0.02157749 -0.0045
v -0.0052843094 -0.02157749 0.0044999993
v -0.0052843094 -0.02157749 0.0044999993
v -0.0052843094 -0.0111734625 -0.0045
v -0.0052843094 -0.0111734625 -0.0045
v -0.0052843094 -0.0111734625 0.0044999993
v -0.0052843094 -0.0111734625 0.0044999993
v -0.0050036022 0.008761914 -0.0045
v -0.0050036022 0.008761914 -0.0045
v -0.0050036022 0.008761914 0.0044999993
v -0.0050036022 0.008761914 0.0044999993
v -0.0050036022 0.018487131 -0.0045
v -0.0050036022 0.018487131 -0.0045
v -0.0050036022 0.018487131 -0.0045
v -0.0050036022 0.018487131 0.0044999993
v -0.0050036022 0.018487131 0.0044999993
v -0.0050036022 0.018487131 0.0044999993
v -0.0049867034 0.008050937 -0.005
v -0.0049867034 0.008050937 -0.005
v -0.0049867034 0.008050937 0.0049999994
v -0.0049867034 0.008050937 0.0049999994
v -0.0049867034 0.019198108 -0.005
v -0.0049867034 0.019198108 -0.005
v -0.0049867034 0.019198108 0.0049999994
v -0.0049867034 0.019198108 0.0049999994
v -0.0049497443 -0.021949062 -0.005
v -0.0049497443 -0.021949062 -0.005
v -0.0049497443 -0.021949062 0.0049999994
v -0.0049497443 -0.021949062 0.0049999994
v -0.0049497443 -0.010801891 -0.005
v -0.0049497443 -0.010801891 -0.005
v -0.0049497443 -0.010801891 0.0049999994
v -0.0049497443 -0.010801891 0.0049999994
v -0.0049328445 -0.021238085 -0.0045
v -0.0049328445 -0.021238085 -0.0045
v -0.0049328445 -0.021238085 -0.0045
v -0.0049328445 -0.021238085 0.0044999993
v -0.0049328445 -0.021238085 0.0044999993
v -0.0049328445 -0.021238085 0.0044999993
v -0.0049328445 -0.011512868 -0.0045
v -0.0049328445 -0.011512868 -0.0045
v -0.0049328445 -0.011512868 -0.0045
v -0.0049328445 -0.011512868 0.0044999993
v -0.0049328445 -0.011512868 0.0044999993
v -0.0049328445 -0.011512868 0.0044999993
v -0.0046521374 0.00842251 0.0044999993
v -0.0046521374 0.00842251 0.0044999993
v -0.0046521374 0.018826537 -0.0045
v -0.0046521374 0.018826537 -0.0045
v -0.0046521374 0.018826537 0.0044999993
v -0.0046521374 0.018826537 0.0044999993
v -0.0046059126 -0.020874988 -0.0045
v -0.0046059126 -0.020874988 -0.0045
v -0.0046059126 -0.020874988 0.0044999993
v -0.0046059126 -0.020874988 0.0044999993
v -0.0046059126 -0.011875963 -0.0045
v -0.0046059126 -0.011875963 -0.0045
v -0.0046059126 -0.011875963 0.0044999993
v -0.0046059126 -0.011875963 0.0044999993
v -0.0045856847 0.0077144424 -0.005
v -0.0045856847 0.0077144424 -0.005
v -0.0045856847 0.0077144424 0.0049999994
v -0.0045856847 0.0077144424 0.0049999994
v -0.0045856847 0.019534603 -0.005
v -0.0045856847 0.019534603 -0.005
v -0.0045856847 0.019534603 0.0049999994
v -0.0045856847 0.019534603 0.0049999994
v -0.004573175 -0.021585414 -0.005
v -0.004573175 -0.021585414 -0.005
v -0.004573175 -0.021585414 0.0049999994
v -0.004573175 -0.021585414 0.0049999994
v -0.004573175 -0.011165539 -0.005
v -0.004573175 -0.011165539 -0.005
v -0.004573175 -0.011165539 0.0049999994
v -0.004573175 -0.011165539 0.0049999994
v -0.0043051043 -0.020489974 -0.0045
v -0.0043051043 -0.020489974 -0.0045
v -0.0043051043 -0.020489974 0.0044999993
v -0.0043051043 -0.020489974 0.0044999993
v -0.0043051043 -0.01226098 -0.0045
v -0.0043051043 -0.01226098 -0.0045
v -0.0043051043 -0.01226098 0.0044999993
v -0.0043051043 -0.01226098 0.0044999993
v -0.004277854 0.008108448 -0.0045
v -0.004277854 0.008108448 -0.0045
v -0.004277854 0.008108448 0.0044999993
v -0.004277854 0.008108448 0.0044999993
v -0.004277854 0.0191406 -0.0045
v -0.004277854 0.0191406 -0.0045
v -0.004277854 0.0191406 0.0044999993
v -0.004277854 0.0191406 0.0044999993
v -0.0042228904 -0.021196382 -0.005
v -0.0042228904 -0.021196382 -0.005
v -0.0042228904 -0.021196382 0.0049999994
v -0.0042228904 -0.021196382 0.0049999994
v -0.0042228904 -0.01155457 -0.005
v -0.0042228904 -0.01155457 -0.005
v -0.0042228904 -0.01155457 0.0049999994
v -0.0042228904 -0.01155457 0.0049999994
v -0.0041621705 0.0074067414 -0.005
v -0.0041621705 0.0074067414 -0.005
v -0.0041621705 0.0074067414 0.0049999994
v -0.0041621705 0.0074067414 0.0049999994
v -0.0041621705 0.019842304 -0.005
v -0.0041621705 0.019842304 -0.005
v -0.0041621705 0.019842304 0.0049999994
v -0.0041621705 0.019842304 0.0049999994
v -0.0040318873 -0.02008491 -0.0045
v -0.0040318873 -0.02008491 -0.0045
v -0.0040318873 -0.02008491 0.0044999993
v -0.0040318873 -0.02008491 0.0044999993
v -0.0040318873 -0.012666041 -0.0045
v -0.0040318873 -0.012666041 -0.0045
v -0.0040318873 -0.012666041 0.0044999993
v -0.0040318873 -0.012666041 0.0044999993
v -0.0039005964 -0.020783868 -0.005
v -0.0039005964 -0.020783868 -0.005
v -0.0039005964 -0.020783868 0.0049999994
v -0.0039005964 -0.020783868 0.0049999994
v -0.0039005964 -0.011967086 -0.005
v -0.0039005964 -0.011967086 -0.005
v -0.0039005964 -0.011967086 0.0049999994
v -0.0039005964 -0.011967086 0.0049999994
v -0.0038825737 0.00782126 -0.0045
v -0.0038825737 0.00782126 -0.0045
v -0.0038825737 0.00782126 0.0044999993
v -0.0038825737 0.00782126 0.0044999993
v -0.0038825737 0.019427788 -0.0045
v -0.0038825737 0.019427788 -0.0045
v -0.0038825737 0.019427788 0.0044999993
v -0.0038825737 0.019427788 0.0044999993
v -0.0037875904 -0.019661777 -0.0045
v -0.0037875904 -0.019661777 -0.0045
v -0.0037875904 -0.019661777 0.0044999993
v -0.0037875904 -0.019661777 0.0044999993
v -0.0037875904 -0.013089176 -0.0045
v -0.0037875904 -0.013089176 -0.0045
v -0.0037875904 -0.013089176 0.0044999993
v -0.0037875904 -0.013089176 0.0044999993
v -0.0037182234 0.007129333 -0.005
v -0.0037182234 0.007129333 -0.005
v -0.0037182234 0.007129333 0.0049999994
v -0.0037182234 0.007129333 0.0049999994
v -0.0037182234 0.020119714 -0.005
v -0.0037182234 0.020119714 -0.005
v -0.0037182234 0.020119714 0.0049999994
v -0.0037182234 0.020119714 0.0049999994
v -0.003607863 -0.02034987 -0.005
v -0.003607863 -0.02034987 -0.005
v -0.003607863 -0.02034987 0.0049999994
v -0.003607863 -0.02034987 0.0049999994
v -0.003607863 -0.012401082 -0.005
v -0.003607863 -0.012401082 -0.005
v -0.003607863 -0.012401082 0.0049999994
v -0.003607863 -0.012401082 0.0049999994
v -0.0035734053 -0.019222632 -0.0045
v -0.0035734053 -0.019222632 -0.0045
v -0.0035734053 -0.019222632 0.0044999993
v -0.0035734053 -0.019222632 0.0044999993
v -0.0035734053 -0.013528319 -0.0045
v -0.0035734053 -0.013528319 -0.0045
v -0.0035734053 -0.013528319 0.0044999993
v -0.0035734053 -0.013528319 0.0044999993
v -0.0034682236 0.007562345 -0.0045
v -0.0034682236 0.007562345 -0.0045
v -0.0034682236 0.007562345 0.0044999993
v -0.0034682236 0.007562345 0.0044999993
v -0.0034682236 0.0196867 -0.0045
v -0.0034682236 0.0196867 -0.0045
v -0.0034682236 0.0196867 0.0044999993
v -0.0034682236 0.0196867 0.0044999993
v -0.0033903753 -0.018769616 -0.0045
v -0.0033903753 -0.018769616 -0.0045
v -0.0033903753 -0.018769616 0.0044999993
v -0.0033903753 -0.018769616 0.0044999993
v -0.0033903753 -0.013981336 -0.0045
v -0.0033903753 -0.013981336 -0.0045
v -0.0033903753 -0.013981336 0.0044999993
v -0.0033903753 -0.013981336 0.0044999993
v -0.0033461167 -0.019896513 -0.005
v -0.0033461167 -0.019896513 -0.005
v -0.0033461167 -0.019896513 0.0049999994
v -0.0033461167 -0.019896513 0.0049999994
v -0.0033461167 -0.01285444 -0.005
v -0.0033461167 -0.01285444 -0.005
v -0.0033461167 -0.01285444 0.0049999994
v -0.0033461167 -0.01285444 0.0049999994
v -0.0032560073 0.006883568 -0.005
v -0.0032560073 0.006883568 -0.005
v -0.0032560073 0.006883568 0.0049999994
v -0.0032560073 0.006883568 0.0049999994
v -0.0032560073 0.020365478 -0.005
v -0.0032560073 0.020365478 -0.005
v -0.0032560073 0.020365478 0.0049999994
v -0.0032560073 0.020365478 0.0049999994
v -0.0032393916 -0.018304937 -0.0045
v -0.0032393916 -0.018304937 -0.0045
v -0.0032393916 -0.018304937 0.0044999993
v -0.0032393916 -0.018304937 0.0044999993
v -0.0032393916 -0.014446015 -0.0045
v -0.0032393916 -0.014446015 -0.0045
v -0.0032393916 -0.014446015 0.0044999993
v -0.0032393916 -0.014446015 0.0044999993
v -0.0031211902 -0.017830858 -0.0045
v -0.0031211902 -0.017830858 -0.0045
v -0.0031211902 -0.017830858 0.0044999993
v -0.0031211902 -0.017830858 0.0044999993
v -0.0031211902 -0.014920095 -0.0045
v -0.0031211902 -0.014920095 -0.0045
v -0.0031211902 -0.014920095 0.0044999993
v -0.0031211902 -0.014920095 0.0044999993
v -0.0031166326 -0.019426001 -0.005
v -0.0031166326 -0.019426001 -0.005
v -0.0031166326 -0.019426001 0.0049999994
v -0.0031166326 -0.019426001 0.0049999994
v -0.0031166326 -0.013324952 -0.005
v -0.0031166326 -0.013324952 -0.005
v -0.0031166326 -0.013324952 0.0049999994
v -0.0031166326 -0.013324952 0.0049999994
v -0.0030368217 0.007332965 -0.0045
v -0.0030368217 0.007332965 -0.0045
v -0.0030368217 0.007332965 0.0044999993
v -0.0030368217 0.007332965 0.0044999993
v -0.0030368217 0.019916082 -0.0045
v -0.0030368217 0.019916082 -0.0045
v -0.0030368217 0.019916082 0.0044999993
v -0.0030368217 0.019916082 0.0044999993
v -0.0030363472 -0.017349688 -0.0045
v -0.0030363472 -0.017349688 -0.0045
v -0.0030363472 -0.017349688 0.0044999993
v -0.0030363472 -0.017349688 0.0044999993
v -0.0030363472 -0.015401265 -0.0045
v -0.0030363472 -0.015401265 -0.0045
v -0.0030363472 -0.015401265 0.0044999993
v -0.0030363472 -0.015401265 0.0044999993
v -0.0029852754 -0.01686377 -0.0045
v -0.0029852754 -0.01686377 -0.0045
v -0.0029852754 -0.01686377 0.0044999993
v -0.0029852754 -0.01686377 0.0044999993
v -0.0029852754 -0.01588718 -0.0045
v -0.0029852754 -0.01588718 -0.0045
v -0.0029852754 -0.01588718 0.0044999993
v -0.0029852754 -0.01588718 0.0044999993
v -0.0029682235 -0.016375475 -0.0045
v -0.0029682235 -0.016375475 -0.0045
v -0.0029682235 -0.016375475 0.0044999993
v -0.0029682235 -0.016375475 0.0044999993
v -0.002920529 -0.018940628 -0.005
v -0.002920529 -0.018940628 -0.005
v -0.002920529 -0.018940628 0.0049999994
v -0.002920529 -0.018940628 0.0049999994
v -0.002920529 -0.013810325 -0.005
v -0.002920529 -0.013810325 -0.005
v -0.002920529 -0.013810325 0.0049999994
v -0.002920529 -0.013810325 0.0049999994
v -0.002777773 0.0066706445 -0.005
v -0.002777773 0.0066706445 -0.005
v -0.002777773 0.0066706445 0.0049999994
v -0.002777773 0.0066706445 0.0049999994
v -0.002777773 0.020578401 -0.005
v -0.002777773 0.020578401 -0.005
v -0.002777773 0.020578401 0.0049999994
v -0.002777773 0.020578401 0.0049999994
v -0.002758761 -0.018442756 -0.005
v -0.002758761 -0.018442756 -0.005
v -0.002758761 -0.018442756 0.0049999994
v -0.002758761 -0.018442756 0.0049999994
v -0.002758761 -0.014308196 -0.005
v -0.002758761 -0.014308196 -0.005
v -0.002758761 -0.014308196 0.0049999994
v -0.002758761 -0.014308196 0.0049999994
v -0.0026321167 -0.017934814 -0.005
v -0.0026321167 -0.017934814 -0.005
v -0.0026321167 -0.017934814 0.0049999994
v -0.0026321167 -0.017934814 0.0049999994
v -0.0026321167 -0.014816138 -0.005
v -0.0026321167 -0.014816138 -0.005
v -0.0026321167 -0.014816138 0.0049999994
v -0.0026321167 -0.014816138 0.0049999994
v -0.0025904696 0.0071342364 -0.0045
v -0.0025904696 0.0071342364 -0.0045
v -0.0025904696 0.0071342364 0.0044999993
v -0.0025904696 0.0071342364 0.0044999993
v -0.0025904696 0.020114811 -0.0045
v -0.0025904696 0.020114811 -0.0045
v -0.0025904696 0.020114811 0.0044999993
v -0.0025904696 0.020114811 0.0044999993
v -0.0025412133 -0.017419275 -0.005
v -0.0025412133 -0.017419275 -0.005
v -0.0025412133 -0.017419275 0.0049999994
v -0.0025412133 -0.017419275 0.0049999994
v -0.0025412133 -0.015331679 -0.005
v -0.0025412133 -0.015331679 -0.005
v -0.0025412133 -0.015331679 0.0049999994
v -0.0025412133 -0.015331679 0.0049999994
v -0.0024864934 -0.01689865 -0.005
v -0.0024864934 -0.01689865 -0.005
v -0.0024864934 -0.01689865 0.0049999994
v -0.0024864934 -0.01689865 0.0049999994
v -0.0024864934 -0.015852302 -0.005
v -0.0024864934 -0.015852302 -0.005
v -0.0024864934 -0.015852302 0.0049999994
v -0.0024864934 -0.015852302 0.0049999994
v -0.0024682237 -0.016375475 -0.005
v -0.0024682237 -0.016375475 -0.005
v -0.0024682237 -0.016375475 0.0049999994
v -0.0024682237 -0.016375475 0.0049999994
v -0.0022858512 0.0064915996 -0.005
v -0.0022858512 0.0064915996 -0.005
v -0.0022858512 0.020757446 -0.005
v -0.0022858512 0.020757446 -0.005
v -0.0022858512 0.020757446 0.0049999994
v -0.0022858512 0.020757446 0.0049999994
v -0.0021313427 0.0069671273 -0.0045
v -0.0021313427 0.0069671273 -0.0045
v -0.0021313427 0.0069671273 0.0044999993
v -0.0021313427 0.0069671273 0.0044999993
v -0.0021313427 0.02028192 -0.0045
v -0.0021313427 0.02028192 -0.0045
v -0.0021313427 0.02028192 0.0044999993
v -0.0021313427 0.02028192 0.0044999993
v -0.0017826379 0.006347305 -0.005
v -0.0017826379 0.006347305 -0.005
v -0.0017826379 0.006347305 0.0049999994
v -0.0017826379 0.006347305 0.0049999994
v -0.0017826379 0.02090174 -0.005
v -0.0017826379 0.02090174 -0.005
v -0.0017826379 0.02090174 0.0049999994
v -0.0017826379 0.02090174 0.0049999994
v -0.001661677 0.006832454 -0.0045
v -0.001661677 0.006832454 -0.0045
v -0.001661677 0.006832454 0.0044999993
v -0.001661677 0.006832454 0.0044999993
v -0.001661677 0.020416593 -0.0045
v -0.001661677 0.020416593 -0.0045
v -0.001661677 0.020416593 0.0044999993
v -0.001661677 0.020416593 0.0044999993
v -0.001270585 0.006238465 0.0049999994
v -0.001270585 0.006238465 0.0049999994
v -0.001270585 0.02101058 -0.005
v -0.001270585 0.02101058 -0.005
v -0.001270585 0.02101058 0.0049999994
v -0.001270585 0.02101058 0.0049999994
v -0.0011837609 0.0067308685 -0.0045
v -0.0011837609 0.0067308685 -0.0045
v -0.0011837609 0.0067308685 0.0044999993
v -0.0011837609 0.0067308685 0.0044999993
v -0.0011837609 0.020518176 -0.0045
v -0.0011837609 0.020518176 -0.0045
v -0.0011837609 0.020518176 0.0044999993
v -0.0011837609 0.020518176 0.0044999993
v -0.00075218716 0.0061656088 -0.005
v -0.00075218716 0.0061656088 -0.005
v -0.00075218716 0.0061656088 0.0049999994
v -0.00075218716 0.0061656088 0.0049999994
v -0.00075218716 0.021083439 -0.005
v -0.00075218716 0.021083439 -0.005
v -0.00075218716 0.021083439 0.0049999994
v -0.00075218716 0.021083439 0.0049999994
v -0.0006999229 0.0066628703 -0.0045
v -0.0006999229 0.0066628703 -0.0045
v -0.0006999229 0.0066628703 0.0044999993
v -0.0006999229 0.0066628703 0.0044999993
v -0.0006999229 0.020586176 -0.0045
v -0.0006999229 0.020586176 -0.0045
v -0.0006999229 0.020586176 0.0044999993
v -0.0006999229 0.020586176 0.0044999993
v -0.0006617276 0.026854185 -0.004
v -0.0006617276 0.026854185 -0.004
v -0.0006617276 0.026854185 0.0039999997
v -0.0006603507 0.026852304 0.0040682424
v -0.00065622607 0.026846671 -0.0041361665
v -0.00065622607 0.026846671 -0.0041361665
v -0.00065622607 0.026846671 -0.0041361665
v -0.00065622607 0.026846671 0.0041361665
v -0.00064937316 0.026837308 -0.004203456
v -0.00064937316 0.026837308 0.0042034565
v -0.00063982385 0.026824262 -0.004269797
v -0.00063982385 0.026824262 0.0042697964
v -0.0006276227 0.026807597 -0.0043348796
v -0.0006276227 0.026807597 0.0043348796
v -0.00061282655 0.026787383 -0.004398401
v -0.0006040016 0.026893422 -0.004
v -0.0006040016 0.026893422 0.0039999997
v -0.00059550436 0.02676372 -0.004460065
v -0.00059550436 0.02676372 0.004460064
v -0.0005810921 0.026907427 -0.004
v -0.0005810921 0.026907427 0.0039999997
v -0.000579903 0.026905421 -0.0040682424
v -0.000579903 0.026905421 -0.0040682424
v -0.000579903 0.026905421 0.0040682424
v -0.000579903 0.026905421 0.0040682424
v -0.0005763415 0.026899414 -0.0041361665
v -0.0005763415 0.026899414 -0.0041361665
v -0.0005763415 0.026899414 -0.0041361665
v -0.0005763415 0.026899414 -0.0041361665
v -0.0005763415 0.026899414 -0.0041361665
v -0.0005763415 0.026899414 0.0041361665
v -0.0005763415 0.026899414 0.0041361665
v -0.000575737 0.026736714 -0.0045195837
v -0.00057042413 0.026889436 0.0042034565
v -0.0005621785 0.02687553 0.0042697964
v -0.00055361656 0.026706498 -0.0045766803
v -0.0005516429 0.026857762 0.0043348796
v -0.000543679 0.026928538 -0.004
v -0.000543679 0.026928538 -0.004
v -0.000543679 0.026928538 0.0039999997
v -0.000543679 0.026928538 0.0039999997
v -0.0005388667 0.026836216 -0.004398401
v -0.0005388667 0.026836216 0.004398401
v -0.0005292462 0.026673205 -0.004631088
v -0.0005292462 0.026673205 0.004631088
v -0.0005239092 0.02681099 -0.004460065
v -0.0005239092 0.02681099 0.004460064
v -0.0005068404 0.026782205 -0.0045195837
v -0.0005068404 0.026782205 0.0045195837
v -0.0005027395 0.026636994 -0.004682553
v -0.0005027395 0.026636994 0.0046825525
v -0.0004956944 0.026952637 -0.004
v -0.0004956944 0.026952637 0.0039999997
v -0.00049470447 0.026950525 -0.0040682424
v -0.00049470447 0.026950525 0.0040682424
v -0.00049470447 0.026950525 0.0040682424
v -0.00049173925 0.026944203 -0.0041361665
v -0.00049173925 0.026944203 -0.0041361665
v -0.00049173925 0.026944203 0.0041361665
v -0.00049173925 0.026944203 0.0041361665
v -0.00048773974 0.026749995 0.00457668
v -0.0004810539 0.02695936 -0.004
v -0.0004810539 0.02695936 0.0039999997
v -0.00047422014 0.026598036 -0.0047308356
v -0.00047117608 0.026900362 -0.0043348796
v -0.00047117608 0.026900362 -0.0043348796
v -0.00047117608 0.026900362 0.0043348796
v -0.0004666963 0.026714504 0.004631088
v -0.00046053895 0.026877685 -0.004398401
v -0.00046053895 0.026877685 -0.004398401
v -0.00046053895 0.026877685 0.004398401
v -0.00044808595 0.026851134 0.004460064
v -0.00044382102 0.026556509 0.0047757113
v -0.00041797245 0.02678693 -0.0045766803
v -0.00041797245 0.02678693 -0.0045766803
v -0.00041643126 0.026985738 -0.004
v -0.00041643126 0.026985738 0.0039999997
v -0.00041168387 0.026512606 0.0048169694
v -0.000406332 0.026989393 -0.004
v -0.000406332 0.026989393 0.0039999997
v -0.00040555035 0.026987197 -0.0040682424
v -0.00040320918 0.02698062 0.0041361665
v -0.00040320918 0.02698062 0.0041361665
v -0.00039931937 0.026969688 0.0042034565
v -0.00039931937 0.026969688 0.0042034565
v -0.00039389898 0.026954457 0.0042697964
v -0.00038697335 0.026934998 -0.0043348796
v -0.00038697335 0.026934998 0.0043348796
v -0.00038139647 0.026708946 0.0046825525
v -0.00037857474 0.026911397 -0.004398401
v -0.00037857474 0.026911397 -0.004398401
v -0.0003779585 0.026466532 0.0048544193
v -0.00036874236 0.026883768 -0.004460065
v -0.00036874236 0.026883768 -0.004460065
v -0.00036874236 0.026883768 0.004460064
v -0.00036518287 0.02654331 0.0048169694
v -0.00035752202 0.02685224 -0.0045195837
v -0.00035752202 0.02685224 -0.0045195837
v -0.00035012604 0.027007546 -0.004
v -0.00035012604 0.027007546 0.0039999997
v -0.00034496599 0.026816957 -0.0045766803
v -0.00034496599 0.026816957 -0.0045766803
v -0.00034280226 0.026418507 -0.004887885
v -0.00034280226 0.026418507 0.0048878854
v -0.0003311329 0.026778087 0.004631088
v -0.00031608721 0.026735809 -0.004682553
v -0.00031383918 0.027017355 0.0039999997
v -0.0003132732 0.027015094 -0.0040682424
v -0.00031157787 0.027008321 -0.0041361665
v -0.00031157787 0.027008321 -0.0041361665
v -0.00031157787 0.027008321 0.0041361665
v -0.00031157787 0.027008321 0.0041361665
v -0.00030570469 0.026443003 0.0048878854
v -0.00030483605 0.026981382 0.0042697964
v -0.00029989902 0.026690321 0.0047308365
v -0.00029989902 0.026690321 0.0047308365
v -0.00029373931 0.026937043 -0.004398401
v -0.00029373931 0.026937043 0.004398401
v -0.0002916903 0.026517687 0.0048544193
v -0.00028246114 0.027024673 -0.004
v -0.00028246114 0.027024673 0.0039999997
v -0.00027849438 0.02687613 0.0045195837
v -0.00027425372 0.02638996 0.004917212
v -0.00026940214 0.0268398 0.00457668
v -0.0002688585 0.026317494 -0.0049422607
v -0.0002644022 0.026590576 0.0048169694
v -0.0002644022 0.026590576 0.0048169694
v -0.00024525906 0.026536787 -0.0048544193
v -0.00024525906 0.026536787 0.0048544193
v -0.00024525906 0.026536787 0.0048544193
v -0.0002402312 0.026407974 0.004917212
v -0.00023676777 0.026709406 0.0047308365
v -0.0002304158 0.026264977 0.004962917
v -0.0002304158 0.026264977 0.004962917
v -0.00022996994 0.006129092 0.0049999994
v -0.00022996994 0.006129092 0.0049999994
v -0.00022427278 0.026659481 -0.0047757113
v -0.00022427278 0.026659481 0.0047757113
v -0.00021907953 0.027036259 0.0039999997
v -0.00021873447 0.027033953 0.0040682424
v -0.0002177008 0.027027046 -0.0041361665
v -0.0002177008 0.027027046 -0.0041361665
v -0.0002177008 0.027027046 -0.0041361665
v -0.0002177008 0.027027046 -0.0041361665
v -0.0002177008 0.027027046 0.0041361665
v -0.00021598344 0.027015574 -0.004203456
v -0.00021598344 0.027015574 -0.004203456
v -0.00021598344 0.027015574 -0.004203456
v -0.00021598344 0.027015574 0.0042034565
v -0.00021598344 0.027015574 0.0042034565
v -0.00021376634 0.027037041 -0.004
v -0.00021376634 0.027037041 0.0039999997
v -0.00021359036 0.026999583 -0.004269797
v -0.00021359036 0.026999583 -0.004269797
v -0.00021359036 0.026999583 0.0042697964
v -0.00021252017 0.006628787 -0.0045
v -0.00021252017 0.006628787 -0.0045
v -0.00021252017 0.006628787 0.0044999993
v -0.00021252017 0.006628787 0.0044999993
v -0.00021252017 0.02062026 -0.0045
v -0.00021252017 0.02062026 -0.0045
v -0.00021252017 0.02062026 0.0044999993
v -0.00021252017 0.02062026 0.0044999993
v -0.00021106342 0.026606703 0.0048169694
v -0.00020682468 0.02695438 0.004398401
v -0.00020248369 0.026925378 0.004460064
v -0.00019752988 0.026892282 0.0045195837
v -0.00019198639 0.026855247 -0.0045766803
v -0.00019198639 0.026855247 -0.0045766803
v -0.00018587908 0.026814442 -0.004631088
v -0.00018333172 0.026362771 -0.0049422607
v -0.00017923636 0.026770059 -0.004682553
v -0.00017923636 0.026770059 -0.004682553
v -0.0001644711 0.02667141 -0.0047757113
v -0.0001644711 0.02667141 -0.0047757113
v -0.0001644711 0.02667141 0.0047757113
v -0.0001644711 0.02667141 0.0047757113
v -0.0001564174 0.026617603 -0.00481697
v -0.0001564174 0.026617603 -0.00481697
v -0.0001564174 0.026617603 0.0048169694
v -0.0001564174 0.026617603 0.0048169694
v -0.00015148403 0.02615715 -0.0049906857
v -0.00015148403 0.02615715 0.0049906853
v -0.00015148403 0.02615715 0.0049906853
v -0.00015148403 0.02615715 0.0049906853
v -0.00014437623 0.027044585 -0.004
v -0.00013926829 0.026238954 -0.0049790842
v -0.00013915534 0.026502272 0.0048878854
v -0.00013002752 0.026441287 -0.004917211
v -0.00012293782 0.02704593 -0.004
v -0.00012281687 0.0270436 -0.0040682424
v -0.00012185263 0.027025042 -0.004203456
v -0.00012185263 0.027025042 -0.004203456
v -0.00012185263 0.027025042 0.0042034565
v -0.00012185263 0.027025042 0.0042034565
v -0.00012101382 0.027008895 -0.004269797
v -0.0001206247 0.026378466 -0.0049422607
v -0.000119942095 0.026988268 -0.0043348796
v -0.000119942095 0.026988268 0.0043348796
v -0.000119942095 0.026988268 0.0043348796
v -0.000119942095 0.026988268 0.0043348796
v -0.000118642434 0.02696325 0.004398401
v -0.000118642434 0.02696325 0.004398401
v -0.00011538453 0.026900543 -0.0045195837
v -0.000113441514 0.026863145 -0.0045766803
v -0.000113441514 0.026863145 -0.0045766803
v -0.000113441514 0.026863145 0.00457668
v -0.000113441514 0.026863145 0.00457668
v -0.000113441514 0.026863145 0.00457668
v -0.000113441514 0.026863145 0.00457668
v -0.000111300855 0.026821941 -0.004631088
v -0.00011099078 0.026314098 0.004962917
v -0.00010897255 0.026777126 0.0046825525
v -0.00010897255 0.026777126 0.0046825525
v -0.00010646745 0.02672891 0.0047308365
v -0.00010646745 0.02672891 0.0047308365
v -0.00010646745 0.02672891 0.0047308365
v -0.00010586019 0.026105974 -0.004997669
v -0.00010586019 0.026105974 0.0049976683
v -0.00010097437 0.02662318 0.0048169694
v -0.00010097437 0.02662318 0.0048169694
v -0.00010003245 0.026109058 -0.004997669
v -0.00010003245 0.026109058 0.0049976683
v -9.801197E-05 0.026566159 -0.0048544193
v -9.801197E-05 0.026566159 0.0048544193
v -9.801197E-05 0.026566159 0.0048544193
v -9.492391E-05 0.026506722 -0.004887885
v -9.393414E-05 0.02611157 -0.004997669
v -9.393414E-05 0.02611157 0.0049976683
v -9.172455E-05 0.026445141 0.004917212
v -8.7622204E-05 0.026113477 -0.004997669
v -8.7622204E-05 0.026113477 0.0049976683
v -8.115557E-05 0.026114766 -0.004997669
v -8.115557E-05 0.026114766 0.0049976683
v -7.462892E-05 0.027047269 -0.004
v -7.462892E-05 0.027047269 0.0039999997
v -7.459463E-05 0.026115427 -0.004997669
v -7.459463E-05 0.026115427 0.0049976683
v -7.105395E-05 0.026047274 -0.005
v -7.105395E-05 0.026047274 -0.005
v -7.105395E-05 0.026047274 -0.005
v -7.105395E-05 0.026047274 -0.005
v -7.105395E-05 0.026047274 0.0049999994
v -7.105395E-05 0.026047274 0.0049999994
v -7.105395E-05 0.026047274 0.0049999994
v -7.105395E-05 0.026047274 0.0049999994
v -6.8000634E-05 0.026115451 -0.004997669
v -6.8000634E-05 0.026115451 0.0049976683
v -6.195087E-05 0.026250526 -0.0049790842
v -6.143514E-05 0.026114838 -0.004997669
v -6.143514E-05 0.026114838 0.0049976683
v -5.607068E-05 0.026381819 -0.0049422607
v -5.495946E-05 0.026113594 -0.004997669
v -5.495946E-05 0.026113594 0.0049976683
v -5.0469593E-05 0.026506878 -0.004887885
v -5.0469593E-05 0.026506878 0.0048878854
v -5.0469593E-05 0.026506878 0.0048878854
v -4.863404E-05 0.026111731 -0.004997669
v -4.863404E-05 0.026111731 0.0049976683
v -4.780659E-05 0.026566338 -0.0048544193
v -4.525196E-05 0.026623378 -0.00481697
v -4.525196E-05 0.026623378 0.0048169694
v -4.525196E-05 0.026623378 0.0048169694
v -4.2817646E-05 0.026677731 -0.0047757113
v -4.2517957E-05 0.026109265 -0.004997669
v -4.2517957E-05 0.026109265 0.0049976683
v -4.2376694E-05 0.0262487 0.0049790842
v -4.2376694E-05 0.0262487 0.0049790842
v -3.6668305E-05 0.026106222 -0.004997669
v -3.6668305E-05 0.026106222 0.0049976683
v -3.6346868E-05 0.02682221 -0.004631088
v -3.4500863E-05 0.026863426 -0.0045766803
v -3.4500863E-05 0.026863426 -0.0045766803
v -3.4500863E-05 0.026863426 0.00457668
v -3.4500863E-05 0.026863426 0.00457668
v -3.282529E-05 0.026900839 -0.0045195837
v -3.1139694E-05 0.026102629 -0.004997669
v -3.1139694E-05 0.026102629 0.0049976683
v -3.0015839E-05 0.026963567 -0.004398401
v -2.8895058E-05 0.026988592 -0.0043348796
v -2.8895058E-05 0.026988592 0.0043348796
v -2.8895058E-05 0.026988592 0.0043348796
v -2.7970847E-05 0.02700923 0.0042697964
v -2.7970847E-05 0.02700923 0.0042697964
v -2.7247508E-05 0.027025377 -0.004203456
v -2.7247508E-05 0.027025377 0.0042034565
v -2.6728412E-05 0.027036969 0.0041361665
v -2.6415986E-05 0.027043946 -0.0040682424
v -2.6415986E-05 0.027043946 -0.0040682424
v -2.6415986E-05 0.027043946 0.0040682424
v -2.6318658E-05 0.026175883 0.0049906853
v -2.631168E-05 0.027046273 -0.004
v -7.4242635E-06 0.02630946 0.004962917
v -7.4242635E-06 0.02630946 0.004962917
v -6.2074796E-06 0.026502747 0.0048878854
v -6.2074796E-06 0.026502747 0.0048878854
v -4.8641923E-06 0.027045082 -0.004
v -4.8641923E-06 0.027045082 -0.004
v -4.8641923E-06 0.027045082 -0.004
v -4.8641923E-06 0.027045082 0.0039999997
v -4.8641923E-06 0.027045082 0.0039999997
v -4.2118554E-06 0.026239438 0.0049790842
v 7.92507E-06 0.026372708 -0.0049422607
v 1.4022471E-05 0.02623209 -0.0049790842
v 1.75833E-05 0.026302097 -0.004962917
v 1.75833E-05 0.026302097 0.004962917
v 1.75833E-05 0.026302097 0.004962917
v 3.1776293E-05 -0.025987132 -0.005
v 3.1776293E-05 -0.025987132 -0.005
v 3.1776293E-05 -0.025987132 0.0049999994
v 3.1776293E-05 -0.025987132 0.0049999994
v 3.1776293E-05 -0.016375475 -0.005
v 3.1776293E-05 -0.016375475 0.0049999994
v 3.1776293E-05 0.006124523 0.0049999994
v 3.1776293E-05 0.006124523 0.0049999994
v 3.1776293E-05 0.021124525 -0.005
v 3.1776293E-05 0.021124525 -0.005
v 3.1776293E-05 0.021124525 0.0049999994
v 3.1776293E-05 0.021124525 0.0049999994
v 3.1776293E-05 0.025973124 -0.005
v 3.1776293E-05 0.025973124 -0.005
v 3.1776293E-05 0.025973124 0.0049999994
v 3.1776293E-05 0.025973124 0.0049999994
v 4.176328E-05 0.026292352 0.004962917
v 4.176328E-05 0.026292352 0.004962917
v 4.4098495E-05 0.02685609 0.00457668
v 4.937703E-05 0.026893165 -0.0045195837
v 4.937703E-05 0.026893165 0.0045195837
v 5.1486306E-05 0.026552202 -0.0048544193
v 5.1486306E-05 0.026552202 0.0048544193
v 5.409406E-05 0.026926296 -0.004460065
v 5.822759E-05 0.02695533 -0.004398401
v 6.175835E-05 0.026980128 -0.0043348796
v 6.175835E-05 0.026980128 0.0043348796
v 6.4578075E-05 0.027038036 -0.004
v 6.4578075E-05 0.027038036 -0.004
v 6.4578075E-05 0.027038036 0.0039999997
v 6.4578075E-05 0.027038036 0.0039999997
v 6.4669875E-05 0.02700058 -0.004269797
v 6.4669875E-05 0.02700058 0.0042697964
v 6.4669875E-05 0.02700058 0.0042697964
v 6.6948596E-05 0.027016584 -0.004203456
v 6.858389E-05 0.02702807 -0.0041361665
v 6.858389E-05 0.02702807 -0.0041361665
v 6.8978086E-05 0.02635147 -0.0049422607
v 6.8978086E-05 0.02635147 0.0049422607
v 6.8978086E-05 0.02635147 0.0049422607
v 6.989671E-05 0.02703729 -0.004
v 6.989671E-05 0.02703729 -0.004
v 6.989671E-05 0.02703729 -0.004
v 6.989671E-05 0.02703729 -0.004
v 6.989671E-05 0.02703729 0.0039999997
v 6.989671E-05 0.02703729 0.0039999997
v 8.674728E-05 0.026266111 -0.004962917
v 8.674728E-05 0.026266111 0.004962917
v 8.992145E-05 0.026710574 -0.0047308356
v 8.992145E-05 0.026710574 0.0047308365
v 9.5539996E-05 0.026409173 0.004917212
v 9.5539996E-05 0.026409173 0.004917212
v 9.5539996E-05 0.026409173 0.004917212
v 9.964674E-05 0.026538018 0.0048544193
v 0.00011189216 0.026801104 -0.004631088
v 0.00011189216 0.026801104 0.004631088
v 0.00011189216 0.026801104 0.004631088
v 0.00011840481 0.026591947 0.0048169694
v 0.00012162271 0.026841199 -0.0045766803
v 0.00012162271 0.026841199 -0.0045766803
v 0.00012162271 0.026841199 0.00457668
v 0.00012481354 0.0263189 0.0049422607
v 0.00013045492 0.026877591 -0.0045195837
v 0.00013335956 0.02702616 -0.004
v 0.00013335956 0.02702616 -0.004
v 0.00013335956 0.02702616 0.0039999997
v 0.00013627952 0.026643334 -0.0047757113
v 0.00013627952 0.026643334 0.0047757113
v 0.0001383476 0.026910113 -0.004460065
v 0.0001383476 0.026910113 0.004460064
v 0.00014526396 0.026938612 -0.004398401
v 0.00014526396 0.026938612 0.004398401
v 0.00014621337 0.026519252 -0.0048544193
v 0.00015117173 0.026962955 -0.0043348796
v 0.00015318756 0.026691942 -0.0047308356
v 0.00015604339 0.02698303 -0.004269797
v 0.00015604339 0.02698303 0.0042697964
v 0.00015985621 0.026998742 0.0042034565
v 0.00016196659 0.026370423 -0.004917211
v 0.00016196659 0.026370423 0.004917212
v 0.00016196659 0.026370423 0.004917212
v 0.00016259243 0.027010014 -0.0041361665
v 0.00016259243 0.027010014 0.0041361665
v 0.00016259243 0.027010014 0.0041361665
v 0.00016478909 0.027019067 -0.004
v 0.00016478909 0.027019067 -0.004
v 0.00016478909 0.027019067 -0.004
v 0.00016478909 0.027019067 0.0039999997
v 0.00016478909 0.027019067 0.0039999997
v 0.00016905006 0.026737545 -0.004682553
v 0.00016905006 0.026737545 0.0046825525
v 0.00017008859 0.02657112 -0.00481697
v 0.00017008859 0.02657112 0.0048169694
v 0.0001837931 0.026779927 -0.004631088
v 0.0001837931 0.026779927 0.004631088
v 0.0001837931 0.026779927 0.004631088
v 0.00019075145 0.026496079 -0.0048544193
v 0.00019075145 0.026496079 0.0048544193
v 0.00019283948 0.02662054 0.0047757113
v 0.00019734795 0.026818898 -0.0045766803
v 0.00019734795 0.026818898 -0.0045766803
v 0.00019734795 0.026818898 0.00457668
v 0.00019803316 0.02642044 -0.004887885
v 0.00019803316 0.02642044 0.0048878854
v 0.00020114516 0.027009515 -0.004
v 0.00020114516 0.027009515 0.0039999997
v 0.00020965136 0.026854267 0.0045195837
v 0.00021436 0.02666729 0.0047308365
v 0.0002195209 0.026545398 0.0048169694
v 0.000220646 0.026885876 -0.004460065
v 0.000220646 0.026885876 0.004460064
v 0.00023028061 0.026913574 0.004398401
v 0.00023284512 0.026468718 0.0048544193
v 0.00023454975 0.02671115 -0.004682553
v 0.00023454975 0.02671115 0.0046825525
v 0.00023851024 0.026937233 0.0043348796
v 0.00024529654 0.026956744 -0.004269797
v 0.00024693552 0.026592394 -0.0047757113
v 0.00024693552 0.026592394 0.0047757113
v 0.00025060787 0.026972013 0.0042034565
v 0.00025331465 0.026751911 -0.004631088
v 0.00025331465 0.026751911 0.004631088
v 0.00025331465 0.026751911 0.004631088
v 0.0002544195 0.02698297 -0.0041361665
v 0.0002544195 0.02698297 0.0041361665
v 0.00025671357 0.026989564 -0.0040682424
v 0.00025671357 0.026989564 0.0040682424
v 0.00025747946 0.026991768 -0.004
v 0.00025747946 0.026991768 0.0039999997
v 0.00026624018 0.026515028 -0.00481697
v 0.00026624018 0.026515028 0.0048169694
v 0.00026760463 0.026988184 -0.004
v 0.00026760463 0.026988184 0.0039999997
v 0.0002705672 0.026789391 0.00457668
v 0.0002705672 0.026789391 0.00457668
v 0.0002728676 0.026636848 -0.0047308356
v 0.0002728676 0.026636848 0.0047308365
v 0.00027607277 0.006628787 -0.0045
v 0.00027607277 0.006628787 -0.0045
v 0.00027607277 0.006628787 0.0044999993
v 0.00027607277 0.006628787 0.0044999993
v 0.00027607277 0.02062026 -0.0045
v 0.00027607277 0.02062026 -0.0045
v 0.00027607277 0.02062026 0.0044999993
v 0.00027607277 0.02062026 0.0044999993
v 0.00028622695 0.026823409 -0.0045195837
v 0.00028622695 0.026823409 -0.0045195837
v 0.00028622695 0.026823409 0.0045195837
v 0.00029352252 0.006129092 -0.005
v 0.00029352252 0.006129092 -0.005
v 0.00029352252 0.021119954 -0.005
v 0.00029352252 0.021119954 -0.005
v 0.0002971961 0.026678553 0.0046825525
v 0.00029806263 0.02655916 0.0047757113
v 0.00030022088 0.02685381 -0.004460065
v 0.00030022088 0.02685381 0.004460064
v 0.00031248378 0.026880447 -0.004398401
v 0.00031248378 0.026880447 0.004398401
v 0.00031980764 0.026717316 -0.004631088
v 0.00031980764 0.026717316 0.004631088
v 0.00032816402 0.026600905 -0.0047308356
v 0.00033159603 0.026921965 -0.004269797
v 0.00033159603 0.026921965 0.0042697964
v 0.00033241417 0.026962271 -0.004
v 0.00033241417 0.026962271 -0.004
v 0.00033241417 0.026962271 0.0039999997
v 0.00033835627 0.02693665 -0.004203456
v 0.00033835627 0.02693665 0.0042034565
v 0.00034059683 0.026752956 -0.0045766803
v 0.00034059683 0.026752956 -0.0045766803
v 0.00034059683 0.026752956 0.00457668
v 0.00034059683 0.026752956 0.00457668
v 0.00034612758 0.026953531 0.0040682424
v 0.0003471024 0.02695565 -0.004
v 0.0003471024 0.02695565 -0.004
v 0.0003471024 0.02695565 0.0039999997
v 0.00035640414 0.026640067 0.0046825525
v 0.0003594667 0.026785305 -0.0045195837
v 0.0003594667 0.026785305 -0.0045195837
v 0.0003594667 0.026785305 0.0045195837
v 0.0003763293 0.02681421 -0.004460065
v 0.0003763293 0.02681421 0.004460064
v 0.00038265125 0.026676467 -0.004631088
v 0.00038265125 0.026676467 0.004631088
v 0.00039110598 0.02683954 -0.004398401
v 0.00039110598 0.02683954 0.004398401
v 0.0003952581 0.026931895 -0.004
v 0.0003952581 0.026931895 -0.004
v 0.0003952581 0.026931895 0.0039999997
v 0.00040678296 0.026709931 -0.0045766803
v 0.00040678296 0.026709931 0.00457668
v 0.00040678296 0.026709931 0.00457668
v 0.00041413607 0.02687902 -0.004269797
v 0.00042812803 0.026903007 -0.0041361665
v 0.00042812803 0.026903007 0.0041361665
v 0.0004286868 0.026740305 -0.0045195837
v 0.0004286868 0.026740305 -0.0045195837
v 0.0004286868 0.026740305 0.0045195837
v 0.0004286868 0.026740305 0.0045195837
v 0.00043164648 0.026909037 -0.0040682424
v 0.00043164648 0.026909037 0.0040682424
v 0.00043282114 0.026911054 -0.004
v 0.00043282114 0.026911054 0.0039999997
v 0.0004482606 0.02676745 0.004460064
v 0.00045583013 0.026897212 -0.004
v 0.00045583013 0.026897212 0.0039999997
v 0.00046541306 0.02679124 0.004398401
v 0.00048006434 0.026811557 -0.0043348796
v 0.00048006434 0.026811557 0.0043348796
v 0.00048006434 0.026811557 0.0043348796
v 0.000492146 0.02682831 -0.004269797
v 0.000492146 0.02682831 0.0042697964
v 0.000492146 0.02682831 0.0042697964
v 0.00050160184 0.026841423 -0.004203456
v 0.00050160184 0.026841423 0.0042034565
v 0.00050160184 0.026841423 0.0042034565
v 0.00050838763 0.026850833 -0.0041361665
v 0.00050838763 0.026850833 0.0041361665
v 0.0005124718 0.026856499 -0.0040682424
v 0.0005124718 0.026856499 0.0040682424
v 0.0005138353 0.02685839 -0.004
v 0.0005138353 0.02685839 -0.004
v 0.0005138353 0.02685839 0.0039999997
v 0.0007634755 0.0066628703 -0.0045
v 0.0007634755 0.0066628703 -0.0045
v 0.0007634755 0.0066628703 0.0044999993
v 0.0007634755 0.0066628703 0.0044999993
v 0.0007634755 0.020586176 -0.0045
v 0.0007634755 0.020586176 -0.0045
v 0.0007634755 0.020586176 0.0044999993
v 0.0007634755 0.020586176 0.0044999993
v 0.00081573974 0.0061656088 -0.005
v 0.00081573974 0.0061656088 -0.005
v 0.00081573974 0.0061656088 0.0049999994
v 0.00081573974 0.0061656088 0.0049999994
v 0.00081573974 0.021083439 -0.005
v 0.00081573974 0.021083439 -0.005
v 0.00081573974 0.021083439 0.0049999994
v 0.00081573974 0.021083439 0.0049999994
v 0.0012473135 0.0067308685 -0.0045
v 0.0012473135 0.0067308685 -0.0045
v 0.0012473135 0.0067308685 0.0044999993
v 0.0012473135 0.0067308685 0.0044999993
v 0.0012473135 0.020518176 -0.0045
v 0.0012473135 0.020518176 -0.0045
v 0.0012473135 0.020518176 0.0044999993
v 0.0012473135 0.020518176 0.0044999993
v 0.0013341376 0.006238465 -0.005
v 0.0013341376 0.006238465 -0.005
v 0.0013341376 0.006238465 0.0049999994
v 0.0013341376 0.006238465 0.0049999994
v 0.0013341376 0.02101058 -0.005
v 0.0013341376 0.02101058 -0.005
v 0.0013341376 0.02101058 0.0049999994
v 0.0013341376 0.02101058 0.0049999994
v 0.0017252294 0.006832454 -0.0045
v 0.0017252294 0.006832454 -0.0045
v 0.0017252294 0.006832454 0.0044999993
v 0.0017252294 0.006832454 0.0044999993
v 0.0017252294 0.020416593 -0.0045
v 0.0017252294 0.020416593 -0.0045
v 0.0017252294 0.020416593 0.0044999993
v 0.0017252294 0.020416593 0.0044999993
v 0.0018461904 0.006347305 -0.005
v 0.0018461904 0.006347305 -0.005
v 0.0018461904 0.006347305 0.0049999994
v 0.0018461904 0.006347305 0.0049999994
v 0.0018461904 0.02090174 -0.005
v 0.0018461904 0.02090174 -0.005
v 0.0018461904 0.02090174 0.0049999994
v 0.0018461904 0.02090174 0.0049999994
v 0.0021948952 0.0069671273 -0.0045
v 0.0021948952 0.0069671273 -0.0045
v 0.0021948952 0.0069671273 0.0044999993
v 0.0021948952 0.0069671273 0.0044999993
v 0.0021948952 0.02028192 -0.0045
v 0.0021948952 0.02028192 -0.0045
v 0.0021948952 0.02028192 0.0044999993
v 0.0021948952 0.02028192 0.0044999993
v 0.0023494037 0.0064915996 -0.005
v 0.0023494037 0.0064915996 -0.005
v 0.0023494037 0.0064915996 0.0049999994
v 0.0023494037 0.0064915996 0.0049999994
v 0.0023494037 0.020757446 -0.005
v 0.0023494037 0.020757446 -0.005
v 0.0023494037 0.020757446 0.0049999994
v 0.0023494037 0.020757446 0.0049999994
v 0.0025317762 -0.016375475 -0.005
v 0.0025317762 -0.016375475 -0.005
v 0.0025317762 -0.016375475 0.0049999994
v 0.0025317762 -0.016375475 0.0049999994
v 0.0025500457 -0.01689865 -0.005
v 0.0025500457 -0.01689865 -0.005
v 0.0025500457 -0.01689865 0.0049999994
v 0.0025500457 -0.01689865 0.0049999994
v 0.0025500457 -0.015852302 -0.005
v 0.0025500457 -0.015852302 -0.005
v 0.0025500457 -0.015852302 0.0049999994
v 0.0025500457 -0.015852302 0.0049999994
v 0.0026047658 -0.017419275 -0.005
v 0.0026047658 -0.017419275 -0.005
v 0.0026047658 -0.017419275 0.0049999994
v 0.0026047658 -0.017419275 0.0049999994
v 0.0026047658 -0.015331679 -0.005
v 0.0026047658 -0.015331679 -0.005
v 0.0026047658 -0.015331679 0.0049999994
v 0.0026047658 -0.015331679 0.0049999994
v 0.0026540223 0.0071342364 -0.0045
v 0.0026540223 0.0071342364 -0.0045
v 0.0026540223 0.0071342364 0.0044999993
v 0.0026540223 0.0071342364 0.0044999993
v 0.0026540223 0.020114811 -0.0045
v 0.0026540223 0.020114811 -0.0045
v 0.0026540223 0.020114811 0.0044999993
v 0.0026540223 0.020114811 0.0044999993
v 0.0026956692 -0.017934814 -0.005
v 0.0026956692 -0.017934814 -0.005
v 0.0026956692 -0.017934814 0.0049999994
v 0.0026956692 -0.017934814 0.0049999994
v 0.0026956692 -0.014816138 -0.005
v 0.0026956692 -0.014816138 -0.005
v 0.0026956692 -0.014816138 0.0049999994
v 0.0026956692 -0.014816138 0.0049999994
v 0.0028223132 -0.018442756 -0.005
v 0.0028223132 -0.018442756 -0.005
v 0.0028223132 -0.018442756 0.0049999994
v 0.0028223132 -0.018442756 0.0049999994
v 0.0028223132 -0.014308196 -0.005
v 0.0028223132 -0.014308196 -0.005
v 0.0028223132 -0.014308196 0.0049999994
v 0.0028223132 -0.014308196 0.0049999994
v 0.0028413257 0.0066706445 -0.005
v 0.0028413257 0.0066706445 -0.005
v 0.0028413257 0.0066706445 0.0049999994
v 0.0028413257 0.0066706445 0.0049999994
v 0.0028413257 0.020578401 0.0049999994
v 0.0028413257 0.020578401 0.0049999994
v 0.0029840814 -0.018940628 -0.005
v 0.0029840814 -0.018940628 -0.005
v 0.0029840814 -0.018940628 0.0049999994
v 0.0029840814 -0.018940628 0.0049999994
v 0.0029840814 -0.013810325 -0.005
v 0.0029840814 -0.013810325 -0.005
v 0.0029840814 -0.013810325 0.0049999994
v 0.0029840814 -0.013810325 0.0049999994
v 0.0030317763 -0.016375475 -0.0045
v 0.0030317763 -0.016375475 -0.0045
v 0.0030317763 -0.016375475 0.0044999993
v 0.0030317763 -0.016375475 0.0044999993
v 0.0030488279 -0.01686377 -0.0045
v 0.0030488279 -0.01686377 -0.0045
v 0.0030488279 -0.01686377 0.0044999993
v 0.0030488279 -0.01686377 0.0044999993
v 0.0030488279 -0.01588718 -0.0045
v 0.0030488279 -0.01588718 -0.0045
v 0.0030488279 -0.01588718 0.0044999993
v 0.0030488279 -0.01588718 0.0044999993
v 0.0030998995 -0.017349688 -0.0045
v 0.0030998995 -0.017349688 -0.0045
v 0.0030998995 -0.017349688 0.0044999993
v 0.0030998995 -0.017349688 0.0044999993
v 0.0030998995 -0.015401265 -0.0045
v 0.0030998995 -0.015401265 -0.0045
v 0.0030998995 -0.015401265 0.0044999993
v 0.0030998995 -0.015401265 0.0044999993
v 0.0031003742 0.007332965 -0.0045
v 0.0031003742 0.007332965 -0.0045
v 0.0031003742 0.007332965 0.0044999993
v 0.0031003742 0.007332965 0.0044999993
v 0.0031003742 0.019916082 -0.0045
v 0.0031003742 0.019916082 -0.0045
v 0.0031003742 0.019916082 0.0044999993
v 0.0031003742 0.019916082 0.0044999993
v 0.0031801853 -0.019426001 -0.005
v 0.0031801853 -0.019426001 -0.005
v 0.0031801853 -0.019426001 0.0049999994
v 0.0031801853 -0.019426001 0.0049999994
v 0.0031801853 -0.013324952 -0.005
v 0.0031801853 -0.013324952 -0.005
v 0.0031801853 -0.013324952 0.0049999994
v 0.0031801853 -0.013324952 0.0049999994
v 0.003184743 -0.017830858 -0.0045
v 0.003184743 -0.017830858 -0.0045
v 0.003184743 -0.017830858 0.0044999993
v 0.003184743 -0.017830858 0.0044999993
v 0.003184743 -0.014920095 -0.0045
v 0.003184743 -0.014920095 -0.0045
v 0.003184743 -0.014920095 0.0044999993
v 0.003184743 -0.014920095 0.0044999993
v 0.0033029444 -0.018304937 -0.0045
v 0.0033029444 -0.018304937 -0.0045
v 0.0033029444 -0.018304937 0.0044999993
v 0.0033029444 -0.018304937 0.0044999993
v 0.0033029444 -0.014446015 -0.0045
v 0.0033029444 -0.014446015 -0.0045
v 0.0033029444 -0.014446015 0.0044999993
v 0.0033029444 -0.014446015 0.0044999993
v 0.0033195596 0.006883568 -0.005
v 0.0033195596 0.006883568 -0.005
v 0.0033195596 0.006883568 0.0049999994
v 0.0033195596 0.006883568 0.0049999994
v 0.0033195596 0.020365478 -0.005
v 0.0033195596 0.020365478 -0.005
v 0.0033195596 0.020365478 0.0049999994
v 0.0033195596 0.020365478 0.0049999994
v 0.003409669 -0.019896513 -0.005
v 0.003409669 -0.019896513 -0.005
v 0.003409669 -0.019896513 0.0049999994
v 0.003409669 -0.019896513 0.0049999994
v 0.003409669 -0.01285444 -0.005
v 0.003409669 -0.01285444 -0.005
v 0.003409669 -0.01285444 0.0049999994
v 0.003409669 -0.01285444 0.0049999994
v 0.0034539278 -0.018769616 -0.0045
v 0.0034539278 -0.018769616 -0.0045
v 0.0034539278 -0.018769616 0.0044999993
v 0.0034539278 -0.018769616 0.0044999993
v 0.0034539278 -0.013981336 -0.0045
v 0.0034539278 -0.013981336 -0.0045
v 0.0034539278 -0.013981336 0.0044999993
v 0.0034539278 -0.013981336 0.0044999993
v 0.0035317764 0.007562345 -0.0045
v 0.0035317764 0.007562345 -0.0045
v 0.0035317764 0.007562345 0.0044999993
v 0.0035317764 0.007562345 0.0044999993
v 0.0035317764 0.0196867 -0.0045
v 0.0035317764 0.0196867 -0.0045
v 0.0035317764 0.0196867 0.0044999993
v 0.0035317764 0.0196867 0.0044999993
v 0.003636958 -0.019222632 -0.0045
v 0.003636958 -0.019222632 -0.0045
v 0.003636958 -0.019222632 0.0044999993
v 0.003636958 -0.019222632 0.0044999993
v 0.003636958 -0.013528319 -0.0045
v 0.003636958 -0.013528319 -0.0045
v 0.003636958 -0.013528319 0.0044999993
v 0.003636958 -0.013528319 0.0044999993
v 0.0036714156 -0.02034987 -0.005
v 0.0036714156 -0.02034987 -0.005
v 0.0036714156 -0.02034987 0.0049999994
v 0.0036714156 -0.02034987 0.0049999994
v 0.0036714156 -0.012401082 -0.005
v 0.0036714156 -0.012401082 -0.005
v 0.0036714156 -0.012401082 0.0049999994
v 0.0036714156 -0.012401082 0.0049999994
v 0.0037817762 0.007129333 -0.005
v 0.0037817762 0.007129333 -0.005
v 0.0037817762 0.007129333 0.0049999994
v 0.0037817762 0.007129333 0.0049999994
v 0.0037817762 0.020119714 -0.005
v 0.0037817762 0.020119714 -0.005
v 0.0037817762 0.020119714 0.0049999994
v 0.0037817762 0.020119714 0.0049999994
v 0.0038511432 -0.019661777 -0.0045
v 0.0038511432 -0.019661777 -0.0045
v 0.0038511432 -0.019661777 0.0044999993
v 0.0038511432 -0.019661777 0.0044999993
v 0.0038511432 -0.013089176 -0.0045
v 0.0038511432 -0.013089176 -0.0045
v 0.0038511432 -0.013089176 0.0044999993
v 0.0038511432 -0.013089176 0.0044999993
v 0.0039461264 0.00782126 -0.0045
v 0.0039461264 0.00782126 -0.0045
v 0.0039461264 0.00782126 -0.0045
v 0.0039461264 0.00782126 0.0044999993
v 0.0039461264 0.00782126 0.0044999993
v 0.0039461264 0.00782126 0.0044999993
v 0.0039461264 0.019427788 -0.0045
v 0.0039461264 0.019427788 -0.0045
v 0.0039461264 0.019427788 0.0044999993
v 0.0039461264 0.019427788 0.0044999993
v 0.003964149 -0.020783868 -0.005
v 0.003964149 -0.020783868 -0.005
v 0.003964149 -0.020783868 0.0049999994
v 0.003964149 -0.020783868 0.0049999994
v 0.003964149 -0.011967086 -0.005
v 0.003964149 -0.011967086 -0.005
v 0.003964149 -0.011967086 0.0049999994
v 0.003964149 -0.011967086 0.0049999994
v 0.00409544 -0.02008491 -0.0045
v 0.00409544 -0.02008491 -0.0045
v 0.00409544 -0.02008491 0.0044999993
v 0.00409544 -0.02008491 0.0044999993
v 0.00409544 -0.012666041 -0.0045
v 0.00409544 -0.012666041 -0.0045
v 0.00409544 -0.012666041 0.0044999993
v 0.00409544 -0.012666041 0.0044999993
v 0.004225723 0.0074067414 -0.005
v 0.004225723 0.0074067414 -0.005
v 0.004225723 0.0074067414 0.0049999994
v 0.004225723 0.0074067414 0.0049999994
v 0.004225723 0.019842304 -0.005
v 0.004225723 0.019842304 -0.005
v 0.004225723 0.019842304 0.0049999994
v 0.004225723 0.019842304 0.0049999994
v 0.004286443 -0.021196382 -0.005
v 0.004286443 -0.021196382 -0.005
v 0.004286443 -0.021196382 0.0049999994
v 0.004286443 -0.021196382 0.0049999994
v 0.004286443 -0.01155457 -0.005
v 0.004286443 -0.01155457 -0.005
v 0.004286443 -0.01155457 0.0049999994
v 0.004286443 -0.01155457 0.0049999994
v 0.0043414067 0.008108448 -0.0045
v 0.0043414067 0.008108448 -0.0045
v 0.0043414067 0.008108448 0.0044999993
v 0.0043414067 0.008108448 0.0044999993
v 0.0043414067 0.0191406 0.0044999993
v 0.0043414067 0.0191406 0.0044999993
v 0.0043686572 -0.020489974 -0.0045
v 0.0043686572 -0.020489974 -0.0045
v 0.0043686572 -0.020489974 0.0044999993
v 0.0043686572 -0.020489974 0.0044999993
v 0.0043686572 -0.01226098 -0.0045
v 0.0043686572 -0.01226098 -0.0045
v 0.0043686572 -0.01226098 0.0044999993
v 0.0043686572 -0.01226098 0.0044999993
v 0.0046367277 -0.021585414 -0.005
v 0.0046367277 -0.021585414 -0.005
v 0.0046367277 -0.021585414 0.0049999994
v 0.0046367277 -0.021585414 0.0049999994
v 0.0046367277 -0.011165539 -0.005
v 0.0046367277 -0.011165539 -0.005
v 0.0046367277 -0.011165539 0.0049999994
v 0.0046367277 -0.011165539 0.0049999994
v 0.0046492373 0.0077144424 -0.005
v 0.0046492373 0.0077144424 -0.005
v 0.0046492373 0.0077144424 0.0049999994
v 0.0046492373 0.0077144424 0.0049999994
v 0.0046492373 0.019534603 -0.005
v 0.0046492373 0.019534603 -0.005
v 0.0046492373 0.019534603 0.0049999994
v 0.0046492373 0.019534603 0.0049999994
v 0.004669465 -0.020874988 -0.0045
v 0.004669465 -0.020874988 -0.0045
v 0.004669465 -0.020874988 0.0044999993
v 0.004669465 -0.020874988 0.0044999993
v 0.004669465 -0.011875963 -0.0045
v 0.004669465 -0.011875963 -0.0045
v 0.004669465 -0.011875963 0.0044999993
v 0.004669465 -0.011875963 0.0044999993
v 0.0047156904 0.00842251 -0.0045
v 0.0047156904 0.00842251 -0.0045
v 0.0047156904 0.00842251 0.0044999993
v 0.0047156904 0.00842251 0.0044999993
v 0.0047156904 0.018826537 -0.0045
v 0.0047156904 0.018826537 -0.0045
v 0.0047156904 0.018826537 0.0044999993
v 0.0047156904 0.018826537 0.0044999993
v 0.0049963975 -0.021238085 -0.0045
v 0.0049963975 -0.021238085 -0.0045
v 0.0049963975 -0.021238085 -0.0045
v 0.0049963975 -0.021238085 0.0044999993
v 0.0049963975 -0.021238085 0.0044999993
v 0.0049963975 -0.021238085 0.0044999993
v 0.0049963975 -0.011512868 -0.0045
v 0.0049963975 -0.011512868 -0.0045
v 0.0049963975 -0.011512868 -0.0045
v 0.0049963975 -0.011512868 0.0044999993
v 0.0049963975 -0.011512868 0.0044999993
v 0.0049963975 -0.011512868 0.0044999993
v 0.005013297 -0.021949062 -0.005
v 0.005013297 -0.021949062 -0.005
v 0.005013297 -0.021949062 0.0049999994
v 0.005013297 -0.021949062 0.0049999994
v 0.005013297 -0.010801891 -0.005
v 0.005013297 -0.010801891 -0.005
v 0.005013297 -0.010801891 0.0049999994
v 0.005013297 -0.010801891 0.0049999994
v 0.005050256 0.008050937 -0.005
v 0.005050256 0.008050937 -0.005
v 0.005050256 0.008050937 0.0049999994
v 0.005050256 0.008050937 0.0049999994
v 0.005050256 0.019198108 0.0049999994
v 0.005050256 0.019198108 0.0049999994
v 0.0050671543 0.008761914 -0.0045
v 0.0050671543 0.008761914 -0.0045
v 0.0050671543 0.008761914 0.0044999993
v 0.0050671543 0.008761914 0.0044999993
v 0.0050671543 0.018487131 -0.0045
v 0.0050671543 0.018487131 -0.0045
v 0.0050671543 0.018487131 0.0044999993
v 0.0050671543 0.018487131 0.0044999993
v 0.005347862 -0.02157749 -0.0045
v 0.005347862 -0.02157749 -0.0045
v 0.005347862 -0.02157749 0.0044999993
v 0.005347862 -0.02157749 0.0044999993
v 0.005347862 -0.0111734625 -0.0045
v 0.005347862 -0.0111734625 -0.0045
v 0.005347862 -0.0111734625 0.0044999993
v 0.005347862 -0.0111734625 0.0044999993
v 0.005394087 0.00912501 -0.0045
v 0.005394087 0.00912501 -0.0045
v 0.005394087 0.00912501 0.0044999993
v 0.005394087 0.00912501 0.0044999993
v 0.005394087 0.018124035 -0.0045
v 0.005394087 0.018124035 -0.0045
v 0.005394087 0.018124035 -0.0045
v 0.005394087 0.018124035 0.0044999993
v 0.005394087 0.018124035 0.0044999993
v 0.005394087 0.018124035 0.0044999993
v 0.005414315 -0.022285556 -0.005
v 0.005414315 -0.022285556 -0.005
v 0.005414315 -0.022285556 0.0049999994
v 0.005414315 -0.022285556 0.0049999994
v 0.005414315 -0.010465397 -0.005
v 0.005414315 -0.010465397 -0.005
v 0.005414315 -0.010465397 0.0049999994
v 0.005414315 -0.010465397 0.0049999994
v 0.005426824 0.008414585 -0.005
v 0.005426824 0.008414585 -0.005
v 0.005426824 0.008414585 0.0049999994
v 0.005426824 0.008414585 0.0049999994
v 0.005426824 0.01883446 -0.005
v 0.005426824 0.01883446 -0.005
v 0.005426824 0.01883446 0.0049999994
v 0.005426824 0.01883446 0.0049999994
v 0.005694895 0.009510026 -0.0045
v 0.005694895 0.009510026 -0.0045
v 0.005694895 0.009510026 0.0044999993
v 0.005694895 0.009510026 0.0044999993
v 0.005694895 0.017739018 -0.0045
v 0.005694895 0.017739018 -0.0045
v 0.005694895 0.017739018 0.0044999993
v 0.005694895 0.017739018 0.0044999993
v 0.0057221455 -0.021891551 -0.0045
v 0.0057221455 -0.021891551 -0.0045
v 0.0057221455 -0.021891551 0.0044999993
v 0.0057221455 -0.021891551 0.0044999993
v 0.0057221455 -0.010859402 -0.0045
v 0.0057221455 -0.010859402 -0.0045
v 0.0057221455 -0.010859402 0.0044999993
v 0.0057221455 -0.010859402 0.0044999993
v 0.0057771094 0.008803616 -0.005
v 0.0057771094 0.008803616 -0.005
v 0.0057771094 0.008803616 0.0049999994
v 0.0057771094 0.008803616 0.0049999994
v 0.0057771094 0.01844543 -0.005
v 0.0057771094 0.01844543 -0.005
v 0.0057771094 0.01844543 0.0049999994
v 0.0057771094 0.01844543 0.0049999994
v 0.0058378293 -0.02259326 -0.005
v 0.0058378293 -0.02259326 -0.005
v 0.0058378293 -0.02259326 0.0049999994
v 0.0058378293 -0.02259326 0.0049999994
v 0.0058378293 -0.010157694 -0.005
v 0.0058378293 -0.010157694 -0.005
v 0.0058378293 -0.010157694 0.0049999994
v 0.0058378293 -0.010157694 0.0049999994
v 0.005968113 0.009915088 -0.0045
v 0.005968113 0.009915088 -0.0045
v 0.005968113 0.009915088 0.0044999993
v 0.005968113 0.009915088 0.0044999993
v 0.005968113 0.017333956 -0.0045
v 0.005968113 0.017333956 -0.0045
v 0.005968113 0.017333956 0.0044999993
v 0.005968113 0.017333956 0.0044999993
v 0.006099404 0.0092161335 -0.005
v 0.006099404 0.0092161335 -0.005
v 0.006099404 0.0092161335 0.0049999994
v 0.006099404 0.0092161335 0.0049999994
v 0.006099404 0.018032912 -0.005
v 0.006099404 0.018032912 -0.005
v 0.006099404 0.018032912 0.0049999994
v 0.006099404 0.018032912 0.0049999994
v 0.006117426 -0.02217874 -0.0045
v 0.006117426 -0.02217874 -0.0045
v 0.006117426 -0.02217874 0.0044999993
v 0.006117426 -0.02217874 0.0044999993
v 0.006117426 -0.010572214 -0.0045
v 0.006117426 -0.010572214 -0.0045
v 0.006117426 -0.010572214 0.0044999993
v 0.006117426 -0.010572214 0.0044999993
v 0.006212409 0.010338223 -0.0045
v 0.006212409 0.010338223 -0.0045
v 0.006212409 0.010338223 0.0044999993
v 0.006212409 0.010338223 0.0044999993
v 0.006212409 0.016910823 -0.0045
v 0.006212409 0.016910823 -0.0045
v 0.006212409 0.016910823 0.0044999993
v 0.006212409 0.016910823 0.0044999993
v 0.006281776 -0.02287067 -0.005
v 0.006281776 -0.02287067 -0.005
v 0.006281776 -0.02287067 0.0049999994
v 0.006281776 -0.02287067 0.0049999994
v 0.006281776 -0.009880286 -0.005
v 0.006281776 -0.009880286 -0.005
v 0.006281776 -0.009880286 0.0049999994
v 0.006281776 -0.009880286 0.0049999994
v 0.006392137 0.009650129 -0.005
v 0.006392137 0.009650129 -0.005
v 0.006392137 0.009650129 0.0049999994
v 0.006392137 0.009650129 0.0049999994
v 0.006392137 0.017598916 -0.005
v 0.006392137 0.017598916 -0.005
v 0.006392137 0.017598916 0.0049999994
v 0.006392137 0.017598916 0.0049999994
v 0.0064265947 0.010777366 -0.0045
v 0.0064265947 0.010777366 -0.0045
v 0.0064265947 0.010777366 0.0044999993
v 0.0064265947 0.010777366 0.0044999993
v 0.0064265947 0.016471678 -0.0045
v 0.0064265947 0.016471678 -0.0045
v 0.0064265947 0.016471678 0.0044999993
v 0.0064265947 0.016471678 0.0044999993
v 0.0065317764 -0.022437654 -0.0045
v 0.0065317764 -0.022437654 -0.0045
v 0.0065317764 -0.022437654 0.0044999993
v 0.0065317764 -0.022437654 0.0044999993
v 0.0065317764 -0.010313299 -0.0045
v 0.0065317764 -0.010313299 -0.0045
v 0.0065317764 -0.010313299 0.0044999993
v 0.0065317764 -0.010313299 0.0044999993
v 0.0066096247 0.011230382 -0.0045
v 0.0066096247 0.011230382 -0.0045
v 0.0066096247 0.011230382 0.0044999993
v 0.0066096247 0.011230382 0.0044999993
v 0.0066096247 0.016018663 -0.0045
v 0.0066096247 0.016018663 -0.0045
v 0.0066096247 0.016018663 0.0044999993
v 0.0066096247 0.016018663 0.0044999993
v 0.006653883 0.0101034865 -0.005
v 0.006653883 0.0101034865 -0.005
v 0.006653883 0.0101034865 0.0049999994
v 0.006653883 0.0101034865 0.0049999994
v 0.006653883 0.01714556 -0.005
v 0.006653883 0.01714556 -0.005
v 0.006653883 0.01714556 0.0049999994
v 0.006653883 0.01714556 0.0049999994
v 0.0067439927 -0.023116432 -0.005
v 0.0067439927 -0.023116432 -0.005
v 0.0067439927 -0.023116432 0.0049999994
v 0.0067439927 -0.023116432 0.0049999994
v 0.0067439927 -0.009634521 -0.005
v 0.0067439927 -0.009634521 -0.005
v 0.0067439927 -0.009634521 0.0049999994
v 0.0067439927 -0.009634521 0.0049999994
v 0.0067606075 0.011695062 -0.0045
v 0.0067606075 0.011695062 -0.0045
v 0.0067606075 0.011695062 0.0044999993
v 0.0067606075 0.011695062 0.0044999993
v 0.0067606075 0.015553983 -0.0045
v 0.0067606075 0.015553983 -0.0045
v 0.0067606075 0.015553983 0.0044999993
v 0.0067606075 0.015553983 0.0044999993
v 0.0068788095 0.012169141 -0.0045
v 0.0068788095 0.012169141 -0.0045
v 0.0068788095 0.012169141 0.0044999993
v 0.0068788095 0.012169141 0.0044999993
v 0.0068788095 0.015079904 0.0044999993
v 0.0068788095 0.015079904 0.0044999993
v 0.006883367 0.010573997 -0.005
v 0.006883367 0.010573997 -0.005
v 0.006883367 0.010573997 0.0049999994
v 0.006883367 0.010573997 0.0049999994
v 0.006883367 0.016675048 -0.005
v 0.006883367 0.016675048 -0.005
v 0.006883367 0.016675048 0.0049999994
v 0.006883367 0.016675048 0.0049999994
v 0.006963178 -0.022667034 -0.0045
v 0.006963178 -0.022667034 -0.0045
v 0.006963178 -0.022667034 0.0044999993
v 0.006963178 -0.022667034 0.0044999993
v 0.006963178 -0.010083918 -0.0045
v 0.006963178 -0.010083918 -0.0045
v 0.006963178 -0.010083918 0.0044999993
v 0.006963178 -0.010083918 0.0044999993
v 0.0069636526 0.012650312 -0.0045
v 0.0069636526 0.012650312 -0.0045
v 0.0069636526 0.012650312 0.0044999993
v 0.0069636526 0.012650312 0.0044999993
v 0.0069636526 0.014598736 -0.0045
v 0.0069636526 0.014598736 -0.0045
v 0.0069636526 0.014598736 0.0044999993
v 0.0069636526 0.014598736 0.0044999993
v 0.0070147244 0.013136227 -0.0045
v 0.0070147244 0.013136227 -0.0045
v 0.0070147244 0.013136227 0.0044999993
v 0.0070147244 0.013136227 0.0044999993
v 0.0070147244 0.014112818 -0.0045
v 0.0070147244 0.014112818 -0.0045
v 0.0070147244 0.014112818 0.0044999993
v 0.0070147244 0.014112818 0.0044999993
v 0.0070317765 0.013624523 -0.0045
v 0.0070317765 0.013624523 -0.0045
v 0.0070317765 0.013624523 0.0044999993
v 0.0070317765 0.013624523 0.0044999993
v 0.007079471 0.011059371 -0.005
v 0.007079471 0.011059371 -0.005
v 0.007079471 0.011059371 0.0049999994
v 0.007079471 0.011059371 0.0049999994
v 0.007079471 0.016189676 -0.005
v 0.007079471 0.016189676 -0.005
v 0.007079471 0.016189676 0.0049999994
v 0.007079471 0.016189676 0.0049999994
v 0.0072222264 -0.023329355 -0.005
v 0.0072222264 -0.023329355 -0.005
v 0.0072222264 -0.023329355 0.0049999994
v 0.0072222264 -0.023329355 0.0049999994
v 0.0072222264 -0.009421598 -0.005
v 0.0072222264 -0.009421598 -0.005
v 0.0072222264 -0.009421598 0.0049999994
v 0.0072222264 -0.009421598 0.0049999994
v 0.0072412384 0.011557243 -0.005
v 0.0072412384 0.011557243 -0.005
v 0.0072412384 0.011557243 0.0049999994
v 0.0072412384 0.011557243 0.0049999994
v 0.0072412384 0.015691802 -0.005
v 0.0072412384 0.015691802 -0.005
v 0.0072412384 0.015691802 0.0049999994
v 0.0072412384 0.015691802 0.0049999994
v 0.007367883 0.012065185 -0.005
v 0.007367883 0.012065185 -0.005
v 0.007367883 0.012065185 0.0049999994
v 0.007367883 0.012065185 0.0049999994
v 0.007367883 0.015183861 -0.005
v 0.007367883 0.015183861 -0.005
v 0.007367883 0.015183861 0.0049999994
v 0.007367883 0.015183861 0.0049999994
v 0.0074095298 -0.022865761 -0.0045
v 0.0074095298 -0.022865761 -0.0045
v 0.0074095298 -0.022865761 0.0044999993
v 0.0074095298 -0.022865761 0.0044999993
v 0.0074095298 -0.00988519 -0.0045
v 0.0074095298 -0.00988519 -0.0045
v 0.0074095298 -0.00988519 0.0044999993
v 0.0074095298 -0.00988519 0.0044999993
v 0.0074587865 0.012580725 -0.005
v 0.0074587865 0.012580725 -0.005
v 0.0074587865 0.012580725 0.0049999994
v 0.0074587865 0.012580725 0.0049999994
v 0.0074587865 0.014668321 -0.005
v 0.0074587865 0.014668321 -0.005
v 0.0074587865 0.014668321 0.0049999994
v 0.0074587865 0.014668321 0.0049999994
v 0.007513507 0.01310135 0.0049999994
v 0.007513507 0.01310135 0.0049999994
v 0.007513507 0.014147696 -0.005
v 0.007513507 0.014147696 -0.005
v 0.007513507 0.014147696 0.0049999994
v 0.007513507 0.014147696 0.0049999994
v 0.007531776 -0.0013754766 -0.005
v 0.007531776 -0.0013754766 -0.005
v 0.007531776 -0.0013754766 0.0049999994
v 0.007531776 -0.0013754766 0.0049999994
v 0.007531776 0.013624523 -0.005
v 0.007531776 0.013624523 -0.005
v 0.007531776 0.013624523 0.0049999994
v 0.007531776 0.013624523 0.0049999994
v 0.0075500454 -0.0018986501 -0.005
v 0.0075500454 -0.0018986501 -0.005
v 0.0075500454 -0.0018986501 0.0049999994
v 0.0075500454 -0.0018986501 0.0049999994
v 0.0075500454 -0.0008523031 -0.005
v 0.0075500454 -0.0008523031 -0.005
v 0.0075500454 -0.0008523031 0.0049999994
v 0.0075500454 -0.0008523031 0.0049999994
v 0.0076047657 -0.002419275 -0.005
v 0.0076047657 -0.002419275 -0.005
v 0.0076047657 -0.002419275 0.0049999994
v 0.0076047657 -0.002419275 0.0049999994
v 0.0076047657 -0.00033167834 -0.005
v 0.0076047657 -0.00033167834 -0.005
v 0.0076047657 -0.00033167834 0.0049999994
v 0.0076047657 -0.00033167834 0.0049999994
v 0.0076956693 -0.0029348144 -0.005
v 0.0076956693 -0.0029348144 -0.005
v 0.0076956693 -0.0029348144 0.0049999994
v 0.0076956693 -0.0029348144 0.0049999994
v 0.0076956693 0.00018386108 -0.005
v 0.0076956693 0.00018386108 -0.005
v 0.0076956693 0.00018386108 0.0049999994
v 0.0076956693 0.00018386108 0.0049999994
v 0.007714148 -0.0235084 -0.005
v 0.007714148 -0.0235084 -0.005
v 0.007714148 -0.0235084 0.0049999994
v 0.007714148 -0.0235084 0.0049999994
v 0.007714148 -0.009242552 -0.005
v 0.007714148 -0.009242552 -0.005
v 0.007714148 -0.009242552 0.0049999994
v 0.007714148 -0.009242552 0.0049999994
v 0.007822313 -0.0034427568 -0.005
v 0.007822313 -0.0034427568 -0.005
v 0.007822313 -0.0034427568 0.0049999994
v 0.007822313 -0.0034427568 0.0049999994
v 0.007822313 0.00069180364 -0.005
v 0.007822313 0.00069180364 -0.005
v 0.007822313 0.00069180364 0.0049999994
v 0.007822313 0.00069180364 0.0049999994
v 0.007868657 -0.023032872 -0.0045
v 0.007868657 -0.023032872 -0.0045
v 0.007868657 -0.023032872 0.0044999993
v 0.007868657 -0.023032872 0.0044999993
v 0.007868657 -0.00971808 -0.0045
v 0.007868657 -0.00971808 -0.0045
v 0.007868657 -0.00971808 0.0044999993
v 0.007868657 -0.00971808 0.0044999993
v 0.007984081 -0.0039406274 -0.005
v 0.007984081 -0.0039406274 -0.005
v 0.007984081 -0.0039406274 0.0049999994
v 0.007984081 -0.0039406274 0.0049999994
v 0.007984081 0.0011896744 -0.005
v 0.007984081 0.0011896744 -0.005
v 0.007984081 0.0011896744 0.0049999994
v 0.007984081 0.0011896744 0.0049999994
v 0.008031777 -0.0013754766 -0.0045
v 0.008031777 -0.0013754766 -0.0045
v 0.008031777 -0.0013754766 0.0044999993
v 0.008031777 -0.0013754766 0.0044999993
v 0.008048828 -0.001863772 -0.0045
v 0.008048828 -0.001863772 -0.0045
v 0.008048828 -0.001863772 0.0044999993
v 0.008048828 -0.001863772 0.0044999993
v 0.008048828 -0.00088718126 -0.0045
v 0.008048828 -0.00088718126 -0.0045
v 0.008048828 -0.00088718126 0.0044999993
v 0.008048828 -0.00088718126 0.0044999993
v 0.0080999 -0.0023496882 -0.0045
v 0.0080999 -0.0023496882 -0.0045
v 0.0080999 -0.0023496882 0.0044999993
v 0.0080999 -0.0023496882 0.0044999993
v 0.0080999 -0.0004012649 -0.0045
v 0.0080999 -0.0004012649 -0.0045
v 0.0080999 -0.0004012649 0.0044999993
v 0.0080999 -0.0004012649 0.0044999993
v 0.008180186 -0.004426001 -0.005
v 0.008180186 -0.004426001 -0.005
v 0.008180186 -0.004426001 0.0049999994
v 0.008180186 -0.004426001 0.0049999994
v 0.008180186 0.001675048 -0.005
v 0.008180186 0.001675048 -0.005
v 0.008180186 0.001675048 0.0049999994
v 0.008180186 0.001675048 0.0049999994
v 0.008184742 -0.0028308586 -0.0045
v 0.008184742 -0.0028308586 -0.0045
v 0.008184742 -0.0028308586 0.0044999993
v 0.008184742 -0.0028308586 0.0044999993
v 0.008184742 7.990523E-05 -0.0045
v 0.008184742 7.990523E-05 -0.0045
v 0.008184742 7.990523E-05 0.0044999993
v 0.008184742 7.990523E-05 0.0044999993
v 0.008217363 -0.023652693 -0.005
v 0.008217363 -0.023652693 -0.005
v 0.008217363 -0.023652693 0.0049999994
v 0.008217363 -0.023652693 0.0049999994
v 0.008217363 -0.009098258 -0.005
v 0.008217363 -0.009098258 -0.005
v 0.008217363 -0.009098258 0.0049999994
v 0.008217363 -0.009098258 0.0049999994
v 0.008302944 -0.003304938 -0.0045
v 0.008302944 -0.003304938 -0.0045
v 0.008302944 -0.003304938 0.0044999993
v 0.008302944 -0.003304938 0.0044999993
v 0.008302944 0.00055398484 -0.0045
v 0.008302944 0.00055398484 -0.0045
v 0.008302944 0.00055398484 0.0044999993
v 0.008302944 0.00055398484 0.0044999993
v 0.008338324 -0.023167547 -0.0045
v 0.008338324 -0.023167547 -0.0045
v 0.008338324 -0.023167547 0.0044999993
v 0.008338324 -0.023167547 0.0044999993
v 0.008338324 -0.009583406 -0.0045
v 0.008338324 -0.009583406 -0.0045
v 0.008338324 -0.009583406 0.0044999993
v 0.008338324 -0.009583406 0.0044999993
v 0.008409669 -0.0048965137 -0.005
v 0.008409669 -0.0048965137 -0.005
v 0.008409669 -0.0048965137 0.0049999994
v 0.008409669 -0.0048965137 0.0049999994
v 0.008409669 0.0021455602 -0.005
v 0.008409669 0.0021455602 -0.005
v 0.008409669 0.0021455602 0.0049999994
v 0.008409669 0.0021455602 0.0049999994
v 0.008453927 -0.0037696173 -0.0045
v 0.008453927 -0.0037696173 -0.0045
v 0.008453927 -0.0037696173 0.0044999993
v 0.008453927 -0.0037696173 0.0044999993
v 0.008453927 0.0010186643 -0.0045
v 0.008453927 0.0010186643 -0.0045
v 0.008453927 0.0010186643 0.0044999993
v 0.008453927 0.0010186643 0.0044999993
v 0.008636958 -0.004222633 -0.0045
v 0.008636958 -0.004222633 -0.0045
v 0.008636958 -0.004222633 0.0044999993
v 0.008636958 -0.004222633 0.0044999993
v 0.008636958 0.0014716799 -0.0045
v 0.008636958 0.0014716799 -0.0045
v 0.008636958 0.0014716799 0.0044999993
v 0.008636958 0.0014716799 0.0044999993
v 0.008671416 -0.0053498712 -0.005
v 0.008671416 -0.0053498712 -0.005
v 0.008671416 -0.0053498712 0.0049999994
v 0.008671416 -0.0053498712 0.0049999994
v 0.008671416 0.0025989176 -0.005
v 0.008671416 0.0025989176 -0.005
v 0.008671416 0.0025989176 0.0049999994
v 0.008671416 0.0025989176 0.0049999994
v 0.008729414 -0.023761533 -0.005
v 0.008729414 -0.023761533 -0.005
v 0.008729414 -0.023761533 0.0049999994
v 0.008729414 -0.023761533 0.0049999994
v 0.008729414 -0.008989418 -0.005
v 0.008729414 -0.008989418 -0.005
v 0.008729414 -0.008989418 0.0049999994
v 0.008729414 -0.008989418 0.0049999994
v 0.0088162385 -0.02326913 -0.0045
v 0.0088162385 -0.02326913 -0.0045
v 0.0088162385 -0.02326913 0.0044999993
v 0.0088162385 -0.02326913 0.0044999993
v 0.0088162385 -0.009481822 -0.0045
v 0.0088162385 -0.009481822 -0.0045
v 0.0088162385 -0.009481822 0.0044999993
v 0.0088162385 -0.009481822 0.0044999993
v 0.008851143 -0.0046617775 -0.0045
v 0.008851143 -0.0046617775 -0.0045
v 0.008851143 -0.0046617775 0.0044999993
v 0.008851143 -0.0046617775 0.0044999993
v 0.008851143 0.0019108242 -0.0045
v 0.008851143 0.0019108242 -0.0045
v 0.008851143 0.0019108242 0.0044999993
v 0.008851143 0.0019108242 0.0044999993
v 0.008964149 -0.0057838657 -0.005
v 0.008964149 -0.0057838657 -0.005
v 0.008964149 -0.0057838657 0.0049999994
v 0.008964149 -0.0057838657 0.0049999994
v 0.008964149 0.0030329127 -0.005
v 0.008964149 0.0030329127 -0.005
v 0.008964149 0.0030329127 0.0049999994
v 0.008964149 0.0030329127 0.0049999994
v 0.009095439 -0.0050849114 -0.0045
v 0.009095439 -0.0050849114 -0.0045
v 0.009095439 -0.0050849114 0.0044999993
v 0.009095439 -0.0050849114 0.0044999993
v 0.009095439 0.002333958 -0.0045
v 0.009095439 0.002333958 -0.0045
v 0.009095439 0.002333958 0.0044999993
v 0.009095439 0.002333958 0.0044999993
v 0.009247812 -0.02383439 -0.005
v 0.009247812 -0.02383439 -0.005
v 0.009247812 -0.02383439 0.0049999994
v 0.009247812 -0.02383439 0.0049999994
v 0.009247812 -0.0089165615 -0.005
v 0.009247812 -0.0089165615 -0.005
v 0.009247812 -0.0089165615 0.0049999994
v 0.009247812 -0.0089165615 0.0049999994
v 0.009286443 -0.0061963834 -0.005
v 0.009286443 -0.0061963834 -0.005
v 0.009286443 -0.0061963834 0.0049999994
v 0.009286443 -0.0061963834 0.0049999994
v 0.009286443 0.0034454302 -0.005
v 0.009286443 0.0034454302 -0.005
v 0.009286443 0.0034454302 0.0049999994
v 0.009286443 0.0034454302 0.0049999994
v 0.009300076 -0.02333713 -0.0045
v 0.009300076 -0.02333713 -0.0045
v 0.009300076 -0.02333713 0.0044999993
v 0.009300076 -0.02333713 0.0044999993
v 0.009300076 -0.0094138235 -0.0045
v 0.009300076 -0.0094138235 -0.0045
v 0.009300076 -0.0094138235 0.0044999993
v 0.009300076 -0.0094138235 0.0044999993
v 0.009368658 -0.005489974 -0.0045
v 0.009368658 -0.005489974 -0.0045
v 0.009368658 -0.005489974 0.0044999993
v 0.009368658 -0.005489974 0.0044999993
v 0.009368658 0.0027390202 -0.0045
v 0.009368658 0.0027390202 -0.0045
v 0.009368658 0.0027390202 0.0044999993
v 0.009368658 0.0027390202 0.0044999993
v 0.009636728 -0.006585414 -0.005
v 0.009636728 -0.006585414 -0.005
v 0.009636728 -0.006585414 0.0049999994
v 0.009636728 -0.006585414 0.0049999994
v 0.009636728 0.003834461 -0.005
v 0.009636728 0.003834461 -0.005
v 0.009636728 0.003834461 0.0049999994
v 0.009636728 0.003834461 0.0049999994
v 0.009669466 -0.00587499 -0.0045
v 0.009669466 -0.00587499 -0.0045
v 0.009669466 -0.00587499 0.0044999993
v 0.009669466 -0.00587499 0.0044999993
v 0.009669466 0.0031240364 -0.0045
v 0.009669466 0.0031240364 -0.0045
v 0.009669466 0.0031240364 0.0044999993
v 0.009669466 0.0031240364 0.0044999993
v 0.009770029 -0.023870908 -0.005
v 0.009770029 -0.023870908 -0.005
v 0.009770029 -0.023870908 0.0049999994
v 0.009770029 -0.023870908 0.0049999994
v 0.009770029 -0.008880045 -0.005
v 0.009770029 -0.008880045 -0.005
v 0.009770029 -0.008880045 0.0049999994
v 0.009770029 -0.008880045 0.0049999994
v 0.009787479 -0.023371212 -0.0045
v 0.009787479 -0.023371212 -0.0045
v 0.009787479 -0.023371212 0.0044999993
v 0.009787479 -0.023371212 0.0044999993
v 0.009787479 -0.009379741 -0.0045
v 0.009787479 -0.009379741 -0.0045
v 0.009787479 -0.009379741 0.0044999993
v 0.009787479 -0.009379741 0.0044999993
v 0.009996397 -0.0062380848 -0.0045
v 0.009996397 -0.0062380848 -0.0045
v 0.009996397 -0.0062380848 -0.0045
v 0.009996397 -0.0062380848 0.0044999993
v 0.009996397 -0.0062380848 0.0044999993
v 0.009996397 -0.0062380848 0.0044999993
v 0.009996397 0.0034871318 -0.0045
v 0.009996397 0.0034871318 -0.0045
v 0.009996397 0.0034871318 -0.0045
v 0.009996397 0.0034871318 0.0044999993
v 0.009996397 0.0034871318 0.0044999993
v 0.009996397 0.0034871318 0.0044999993
v 0.010013296 -0.0069490625 -0.005
v 0.010013296 -0.0069490625 -0.005
v 0.010013296 -0.0069490625 0.0049999994
v 0.010013296 -0.0069490625 0.0049999994
v 0.010013296 0.0041981093 -0.005
v 0.010013296 0.0041981093 -0.005
v 0.010013296 0.0041981093 0.0049999994
v 0.010013296 0.0041981093 0.0049999994
v 0.010276074 -0.023371212 -0.0045
v 0.010276074 -0.023371212 -0.0045
v 0.010276074 -0.023371212 0.0044999993
v 0.010276074 -0.023371212 0.0044999993
v 0.010276074 -0.009379741 -0.0045
v 0.010276074 -0.009379741 -0.0045
v 0.010276074 -0.009379741 0.0044999993
v 0.010276074 -0.009379741 0.0044999993
v 0.010293522 -0.023870908 -0.005
v 0.010293522 -0.023870908 -0.005
v 0.010293522 -0.023870908 0.0049999994
v 0.010293522 -0.023870908 0.0049999994
v 0.010293522 -0.008880045 -0.005
v 0.010293522 -0.008880045 -0.005
v 0.010293522 -0.008880045 0.0049999994
v 0.010293522 -0.008880045 0.0049999994
v 0.010347863 -0.0065774904 -0.0045
v 0.010347863 -0.0065774904 -0.0045
v 0.010347863 -0.0065774904 0.0044999993
v 0.010347863 -0.0065774904 0.0044999993
v 0.010347863 0.0038265372 -0.0045
v 0.010347863 0.0038265372 -0.0045
v 0.010347863 0.0038265372 0.0044999993
v 0.010347863 0.0038265372 0.0044999993
v 0.010414314 -0.0072855577 -0.005
v 0.010414314 -0.0072855577 -0.005
v 0.010414314 -0.0072855577 0.0049999994
v 0.010414314 -0.0072855577 0.0049999994
v 0.010414314 0.004534604 -0.005
v 0.010414314 0.004534604 -0.005
v 0.010414314 0.004534604 0.0049999994
v 0.010414314 0.004534604 0.0049999994
v 0.010722146 -0.006891552 -0.0045
v 0.010722146 -0.006891552 -0.0045
v 0.010722146 -0.006891552 0.0044999993
v 0.010722146 -0.006891552 0.0044999993
v 0.010722146 0.0041405982 -0.0045
v 0.010722146 0.0041405982 -0.0045
v 0.010722146 0.0041405982 0.0044999993
v 0.010722146 0.0041405982 0.0044999993
v 0.010763475 -0.02333713 -0.0045
v 0.010763475 -0.02333713 -0.0045
v 0.010763475 -0.02333713 0.0044999993
v 0.010763475 -0.02333713 0.0044999993
v 0.010763475 -0.0094138235 -0.0045
v 0.010763475 -0.0094138235 -0.0045
v 0.010763475 -0.0094138235 0.0044999993
v 0.010763475 -0.0094138235 0.0044999993
v 0.01081574 -0.02383439 -0.005
v 0.01081574 -0.02383439 -0.005
v 0.01081574 -0.02383439 0.0049999994
v 0.01081574 -0.02383439 0.0049999994
v 0.01081574 -0.0089165615 -0.005
v 0.01081574 -0.0089165615 -0.005
v 0.01081574 -0.0089165615 0.0049999994
v 0.01081574 -0.0089165615 0.0049999994
v 0.01083783 -0.0075932583 -0.005
v 0.01083783 -0.0075932583 -0.005
v 0.01083783 -0.0075932583 0.0049999994
v 0.01083783 -0.0075932583 0.0049999994
v 0.01083783 0.004842305 -0.005
v 0.01083783 0.004842305 -0.005
v 0.01083783 0.004842305 0.0049999994
v 0.01083783 0.004842305 0.0049999994
v 0.011117427 -0.0071787396 -0.0045
v 0.011117427 -0.0071787396 -0.0045
v 0.011117427 -0.0071787396 0.0044999993
v 0.011117427 -0.0071787396 0.0044999993
v 0.011117427 0.004427786 -0.0045
v 0.011117427 0.004427786 -0.0045
v 0.011117427 0.004427786 0.0044999993
v 0.011117427 0.004427786 0.0044999993
v 0.011247314 -0.02326913 -0.0045
v 0.011247314 -0.02326913 -0.0045
v 0.011247314 -0.02326913 0.0044999993
v 0.011247314 -0.02326913 0.0044999993
v 0.011247314 -0.009481822 -0.0045
v 0.011247314 -0.009481822 -0.0045
v 0.011247314 -0.009481822 0.0044999993
v 0.011247314 -0.009481822 0.0044999993
v 0.011281776 -0.007870667 -0.005
v 0.011281776 -0.007870667 -0.005
v 0.011281776 -0.007870667 0.0049999994
v 0.011281776 -0.007870667 0.0049999994
v 0.011281776 0.0051197135 -0.005
v 0.011281776 0.0051197135 -0.005
v 0.011281776 0.0051197135 0.0049999994
v 0.011281776 0.0051197135 0.0049999994
v 0.011334137 -0.023761533 -0.005
v 0.011334137 -0.023761533 -0.005
v 0.011334137 -0.023761533 0.0049999994
v 0.011334137 -0.023761533 0.0049999994
v 0.011334137 -0.008989418 -0.005
v 0.011334137 -0.008989418 -0.005
v 0.011334137 -0.008989418 0.0049999994
v 0.011334137 -0.008989418 0.0049999994
v 0.011531776 -0.0074376543 -0.0045
v 0.011531776 -0.0074376543 -0.0045
v 0.011531776 -0.0074376543 0.0044999993
v 0.011531776 -0.0074376543 0.0044999993
v 0.011531776 0.004686701 -0.0045
v 0.011531776 0.004686701 -0.0045
v 0.011531776 0.004686701 0.0044999993
v 0.011531776 0.004686701 0.0044999993
v 0.011725229 -0.023167547 -0.0045
v 0.011725229 -0.023167547 -0.0045
v 0.011725229 -0.023167547 0.0044999993
v 0.011725229 -0.023167547 0.0044999993
v 0.011725229 -0.009583406 -0.0045
v 0.011725229 -0.009583406 -0.0045
v 0.011725229 -0.009583406 0.0044999993
v 0.011725229 -0.009583406 0.0044999993
v 0.011743993 -0.0081164315 -0.005
v 0.011743993 -0.0081164315 -0.005
v 0.011743993 -0.0081164315 0.0049999994
v 0.011743993 -0.0081164315 0.0049999994
v 0.011743993 0.0053654783 -0.005
v 0.011743993 0.0053654783 -0.005
v 0.011743993 0.0053654783 0.0049999994
v 0.011743993 0.0053654783 0.0049999994
v 0.01184619 -0.023652693 -0.005
v 0.01184619 -0.023652693 -0.005
v 0.01184619 -0.023652693 0.0049999994
v 0.01184619 -0.023652693 0.0049999994
v 0.01184619 -0.009098258 -0.005
v 0.01184619 -0.009098258 -0.005
v 0.01184619 -0.009098258 0.0049999994
v 0.01184619 -0.009098258 0.0049999994
v 0.011963178 -0.007667035 -0.0045
v 0.011963178 -0.007667035 -0.0045
v 0.011963178 -0.007667035 0.0044999993
v 0.011963178 -0.007667035 0.0044999993
v 0.011963178 0.0049160817 -0.0045
v 0.011963178 0.0049160817 -0.0045
v 0.011963178 0.0049160817 0.0044999993
v 0.011963178 0.0049160817 0.0044999993
v 0.012194896 -0.023032872 -0.0045
v 0.012194896 -0.023032872 -0.0045
v 0.012194896 -0.023032872 0.0044999993
v 0.012194896 -0.023032872 0.0044999993
v 0.012194896 -0.00971808 -0.0045
v 0.012194896 -0.00971808 -0.0045
v 0.012194896 -0.00971808 0.0044999993
v 0.012194896 -0.00971808 0.0044999993
v 0.012222227 -0.008329355 -0.005
v 0.012222227 -0.008329355 -0.005
v 0.012222227 -0.008329355 0.0049999994
v 0.012222227 -0.008329355 0.0049999994
v 0.012222227 0.005578402 -0.005
v 0.012222227 0.005578402 -0.005
v 0.012222227 0.005578402 0.0049999994
v 0.012222227 0.005578402 0.0049999994
v 0.012349404 -0.0235084 -0.005
v 0.012349404 -0.0235084 -0.005
v 0.012349404 -0.0235084 0.0049999994
v 0.012349404 -0.0235084 0.0049999994
v 0.012349404 -0.009242552 -0.005
v 0.012349404 -0.009242552 -0.005
v 0.012349404 -0.009242552 0.0049999994
v 0.012349404 -0.009242552 0.0049999994
v 0.01240953 -0.007865763 -0.0045
v 0.01240953 -0.007865763 -0.0045
v 0.01240953 -0.007865763 0.0044999993
v 0.01240953 -0.007865763 0.0044999993
v 0.01240953 0.00511481 -0.0045
v 0.01240953 0.00511481 -0.0045
v 0.01240953 0.00511481 0.0044999993
v 0.01240953 0.00511481 0.0044999993
v 0.012654022 -0.022865761 -0.0045
v 0.012654022 -0.022865761 -0.0045
v 0.012654022 -0.022865761 0.0044999993
v 0.012654022 -0.022865761 0.0044999993
v 0.012654022 -0.00988519 -0.0045
v 0.012654022 -0.00988519 -0.0045
v 0.012654022 -0.00988519 0.0044999993
v 0.012654022 -0.00988519 0.0044999993
v 0.0127141485 -0.0085084 -0.005
v 0.0127141485 -0.0085084 -0.005
v 0.0127141485 -0.0085084 0.0049999994
v 0.0127141485 -0.0085084 0.0049999994
v 0.0127141485 0.005757447 -0.005
v 0.0127141485 0.005757447 -0.005
v 0.0127141485 0.005757447 0.0049999994
v 0.0127141485 0.005757447 0.0049999994
v 0.012841325 -0.023329355 -0.005
v 0.012841325 -0.023329355 -0.005
v 0.012841325 -0.023329355 0.0049999994
v 0.012841325 -0.023329355 0.0049999994
v 0.012841325 -0.009421598 -0.005
v 0.012841325 -0.009421598 -0.005
v 0.012841325 -0.009421598 0.0049999994
v 0.012841325 -0.009421598 0.0049999994
v 0.012868657 -0.008032872 -0.0045
v 0.012868657 -0.008032872 -0.0045
v 0.012868657 -0.008032872 0.0044999993
v 0.012868657 -0.008032872 0.0044999993
v 0.012868657 0.0052819187 -0.0045
v 0.012868657 0.0052819187 -0.0045
v 0.012868657 0.0052819187 0.0044999993
v 0.012868657 0.0052819187 0.0044999993
v 0.013100374 -0.022667034 -0.0045
v 0.013100374 -0.022667034 -0.0045
v 0.013100374 -0.022667034 0.0044999993
v 0.013100374 -0.022667034 0.0044999993
v 0.013100374 -0.010083918 -0.0045
v 0.013100374 -0.010083918 -0.0045
v 0.013100374 -0.010083918 0.0044999993
v 0.013100374 -0.010083918 0.0044999993
v 0.013217363 -0.0086526945 -0.005
v 0.013217363 -0.0086526945 -0.005
v 0.013217363 -0.0086526945 0.0049999994
v 0.013217363 -0.0086526945 0.0049999994
v 0.013217363 0.0059017413 -0.005
v 0.013217363 0.0059017413 -0.005
v 0.013217363 0.0059017413 0.0049999994
v 0.013217363 0.0059017413 0.0049999994
v 0.013319559 -0.023116432 -0.005
v 0.013319559 -0.023116432 -0.005
v 0.013319559 -0.023116432 0.0049999994
v 0.013319559 -0.023116432 0.0049999994
v 0.013319559 -0.009634521 -0.005
v 0.013319559 -0.009634521 -0.005
v 0.013319559 -0.009634521 0.0049999994
v 0.013319559 -0.009634521 0.0049999994
v 0.013338323 -0.008167546 -0.0045
v 0.013338323 -0.008167546 -0.0045
v 0.013338323 -0.008167546 0.0044999993
v 0.013338323 -0.008167546 0.0044999993
v 0.013338323 0.005416593 -0.0045
v 0.013338323 0.005416593 -0.0045
v 0.013338323 0.005416593 0.0044999993
v 0.013338323 0.005416593 0.0044999993
v 0.013531777 -0.022437654 -0.0045
v 0.013531777 -0.022437654 -0.0045
v 0.013531777 -0.022437654 0.0044999993
v 0.013531777 -0.022437654 0.0044999993
v 0.013531777 -0.010313299 -0.0045
v 0.013531777 -0.010313299 -0.0045
v 0.013531777 -0.010313299 0.0044999993
v 0.013531777 -0.010313299 0.0044999993
v 0.013729415 -0.0087615345 -0.005
v 0.013729415 -0.0087615345 -0.005
v 0.013729415 -0.0087615345 0.0049999994
v 0.013729415 -0.0087615345 0.0049999994
v 0.013729415 0.0060105813 -0.005
v 0.013729415 0.0060105813 -0.005
v 0.013729415 0.0060105813 0.0049999994
v 0.013729415 0.0060105813 0.0049999994
v 0.013781777 -0.02287067 -0.005
v 0.013781777 -0.02287067 -0.005
v 0.013781777 -0.02287067 0.0049999994
v 0.013781777 -0.02287067 0.0049999994
v 0.013781777 -0.009880286 -0.005
v 0.013781777 -0.009880286 -0.005
v 0.013781777 -0.009880286 0.0049999994
v 0.013781777 -0.009880286 0.0049999994
v 0.013816238 -0.008269131 -0.0045
v 0.013816238 -0.008269131 -0.0045
v 0.013816238 -0.008269131 0.0044999993
v 0.013816238 -0.008269131 0.0044999993
v 0.013816238 0.005518178 -0.0045
v 0.013816238 0.005518178 -0.0045
v 0.013816238 0.005518178 0.0044999993
v 0.013816238 0.005518178 0.0044999993
v 0.013946127 -0.02217874 -0.0045
v 0.013946127 -0.02217874 -0.0045
v 0.013946127 -0.02217874 0.0044999993
v 0.013946127 -0.02217874 0.0044999993
v 0.013946127 -0.010572214 -0.0045
v 0.013946127 -0.010572214 -0.0045
v 0.013946127 -0.010572214 0.0044999993
v 0.013946127 -0.010572214 0.0044999993
v 0.014225722 -0.02259326 -0.005
v 0.014225722 -0.02259326 -0.005
v 0.014225722 -0.02259326 0.0049999994
v 0.014225722 -0.02259326 0.0049999994
v 0.014225722 -0.010157694 -0.005
v 0.014225722 -0.010157694 -0.005
v 0.014225722 -0.010157694 0.0049999994
v 0.014225722 -0.010157694 0.0049999994
v 0.014247812 -0.00883439 -0.005
v 0.014247812 -0.00883439 -0.005
v 0.014247812 -0.00883439 0.0049999994
v 0.014247812 -0.00883439 0.0049999994
v 0.014247812 0.0060834372 -0.005
v 0.014247812 0.0060834372 -0.005
v 0.014247812 0.0060834372 0.0049999994
v 0.014247812 0.0060834372 0.0049999994
v 0.014300077 -0.00833713 -0.0045
v 0.014300077 -0.00833713 -0.0045
v 0.014300077 -0.00833713 0.0044999993
v 0.014300077 -0.00833713 0.0044999993
v 0.014300077 0.0055861766 -0.0045
v 0.014300077 0.0055861766 -0.0045
v 0.014300077 0.0055861766 0.0044999993
v 0.014300077 0.0055861766 0.0044999993
v 0.0143414065 -0.021891551 -0.0045
v 0.0143414065 -0.021891551 -0.0045
v 0.0143414065 -0.021891551 0.0044999993
v 0.0143414065 -0.021891551 0.0044999993
v 0.0143414065 -0.010859402 -0.0045
v 0.0143414065 -0.010859402 -0.0045
v 0.0143414065 -0.010859402 0.0044999993
v 0.0143414065 -0.010859402 0.0044999993
v 0.014649237 -0.022285556 -0.005
v 0.014649237 -0.022285556 -0.005
v 0.014649237 -0.022285556 0.0049999994
v 0.014649237 -0.022285556 0.0049999994
v 0.014649237 -0.010465397 -0.005
v 0.014649237 -0.010465397 -0.005
v 0.014649237 -0.010465397 0.0049999994
v 0.014649237 -0.010465397 0.0049999994
v 0.014715691 -0.02157749 -0.0045
v 0.014715691 -0.02157749 -0.0045
v 0.014715691 -0.02157749 0.0044999993
v 0.014715691 -0.02157749 0.0044999993
v 0.014715691 -0.0111734625 -0.0045
v 0.014715691 -0.0111734625 -0.0045
v 0.014715691 -0.0111734625 0.0044999993
v 0.014715691 -0.0111734625 0.0044999993
v 0.01477003 -0.008870907 -0.005
v 0.01477003 -0.008870907 -0.005
v 0.01477003 -0.008870907 0.0049999994
v 0.01477003 -0.008870907 0.0049999994
v 0.01477003 0.006119955 -0.005
v 0.01477003 0.006119955 -0.005
v 0.01477003 0.006119955 0.0049999994
v 0.01477003 0.006119955 0.0049999994
v 0.014787479 -0.0083712125 -0.0045
v 0.014787479 -0.0083712125 -0.0045
v 0.014787479 -0.0083712125 0.0044999993
v 0.014787479 -0.0083712125 0.0044999993
v 0.014787479 0.0056202593 -0.0045
v 0.014787479 0.0056202593 -0.0045
v 0.014787479 0.0056202593 0.0044999993
v 0.014787479 0.0056202593 0.0044999993
v 0.015050257 -0.021949062 -0.005
v 0.015050257 -0.021949062 -0.005
v 0.015050257 -0.021949062 0.0049999994
v 0.015050257 -0.021949062 0.0049999994
v 0.015050257 -0.010801891 -0.005
v 0.015050257 -0.010801891 -0.005
v 0.015050257 -0.010801891 0.0049999994
v 0.015050257 -0.010801891 0.0049999994
v 0.015067155 -0.021238085 -0.0045
v 0.015067155 -0.021238085 -0.0045
v 0.015067155 -0.021238085 0.0044999993
v 0.015067155 -0.021238085 0.0044999993
v 0.015067155 -0.011512868 -0.0045
v 0.015067155 -0.011512868 -0.0045
v 0.015067155 -0.011512868 0.0044999993
v 0.015067155 -0.011512868 0.0044999993
v 0.0152760735 -0.0083712125 -0.0045
v 0.0152760735 -0.0083712125 -0.0045
v 0.0152760735 -0.0083712125 0.0044999993
v 0.0152760735 -0.0083712125 0.0044999993
v 0.0152760735 0.0056202593 -0.0045
v 0.0152760735 0.0056202593 -0.0045
v 0.0152760735 0.0056202593 0.0044999993
v 0.0152760735 0.0056202593 0.0044999993
v 0.015293522 -0.008870907 -0.005
v 0.015293522 -0.008870907 -0.005
v 0.015293522 -0.008870907 0.0049999994
v 0.015293522 -0.008870907 0.0049999994
v 0.015293522 0.006119955 -0.005
v 0.015293522 0.006119955 -0.005
v 0.015293522 0.006119955 0.0049999994
v 0.015293522 0.006119955 0.0049999994
v 0.015394087 -0.020874988 -0.0045
v 0.015394087 -0.020874988 -0.0045
v 0.015394087 -0.020874988 0.0044999993
v 0.015394087 -0.020874988 0.0044999993
v 0.015394087 -0.011875963 -0.0045
v 0.015394087 -0.011875963 -0.0045
v 0.015394087 -0.011875963 0.0044999993
v 0.015394087 -0.011875963 0.0044999993
v 0.015426824 -0.021585414 -0.005
v 0.015426824 -0.021585414 -0.005
v 0.015426824 -0.021585414 0.0049999994
v 0.015426824 -0.021585414 0.0049999994
v 0.015426824 -0.011165539 -0.005
v 0.015426824 -0.011165539 -0.005
v 0.015426824 -0.011165539 0.0049999994
v 0.015426824 -0.011165539 0.0049999994
v 0.015694894 -0.020489974 -0.0045
v 0.015694894 -0.020489974 -0.0045
v 0.015694894 -0.020489974 0.0044999993
v 0.015694894 -0.020489974 0.0044999993
v 0.015694894 -0.01226098 -0.0045
v 0.015694894 -0.01226098 -0.0045
v 0.015694894 -0.01226098 0.0044999993
v 0.015694894 -0.01226098 0.0044999993
v 0.015763476 -0.00833713 -0.0045
v 0.015763476 -0.00833713 -0.0045
v 0.015763476 -0.00833713 0.0044999993
v 0.015763476 -0.00833713 0.0044999993
v 0.015763476 0.0055861766 -0.0045
v 0.015763476 0.0055861766 -0.0045
v 0.015763476 0.0055861766 0.0044999993
v 0.015763476 0.0055861766 0.0044999993
v 0.01577711 -0.021196382 -0.005
v 0.01577711 -0.021196382 -0.005
v 0.01577711 -0.021196382 0.0049999994
v 0.01577711 -0.021196382 0.0049999994
v 0.01577711 -0.01155457 -0.005
v 0.01577711 -0.01155457 -0.005
v 0.01577711 -0.01155457 0.0049999994
v 0.01577711 -0.01155457 0.0049999994
v 0.01581574 -0.00883439 -0.005
v 0.01581574 -0.00883439 -0.005
v 0.01581574 -0.00883439 0.0049999994
v 0.01581574 -0.00883439 0.0049999994
v 0.01581574 0.0060834372 -0.005
v 0.01581574 0.0060834372 -0.005
v 0.01581574 0.0060834372 0.0049999994
v 0.01581574 0.0060834372 0.0049999994
v 0.015968112 -0.02008491 -0.0045
v 0.015968112 -0.02008491 -0.0045
v 0.015968112 -0.02008491 0.0044999993
v 0.015968112 -0.02008491 0.0044999993
v 0.015968112 -0.012666041 -0.0045
v 0.015968112 -0.012666041 -0.0045
v 0.015968112 -0.012666041 0.0044999993
v 0.015968112 -0.012666041 0.0044999993
v 0.016099405 -0.020783868 -0.005
v 0.016099405 -0.020783868 -0.005
v 0.016099405 -0.020783868 0.0049999994
v 0.016099405 -0.020783868 0.0049999994
v 0.016099405 -0.011967086 -0.005
v 0.016099405 -0.011967086 -0.005
v 0.016099405 -0.011967086 0.0049999994
v 0.016099405 -0.011967086 0.0049999994
v 0.01621241 -0.019661777 -0.0045
v 0.01621241 -0.019661777 -0.0045
v 0.01621241 -0.019661777 0.0044999993
v 0.01621241 -0.019661777 0.0044999993
v 0.01621241 -0.013089176 -0.0045
v 0.01621241 -0.013089176 -0.0045
v 0.01621241 -0.013089176 0.0044999993
v 0.01621241 -0.013089176 0.0044999993
v 0.016247313 -0.008269131 -0.0045
v 0.016247313 -0.008269131 -0.0045
v 0.016247313 -0.008269131 0.0044999993
v 0.016247313 -0.008269131 0.0044999993
v 0.016247313 0.005518178 -0.0045
v 0.016247313 0.005518178 -0.0045
v 0.016247313 0.005518178 0.0044999993
v 0.016247313 0.005518178 0.0044999993
v 0.016334139 -0.0087615345 -0.005
v 0.016334139 -0.0087615345 -0.005
v 0.016334139 -0.0087615345 0.0049999994
v 0.016334139 -0.0087615345 0.0049999994
v 0.016334139 0.0060105813 -0.005
v 0.016334139 0.0060105813 -0.005
v 0.016334139 0.0060105813 0.0049999994
v 0.016334139 0.0060105813 0.0049999994
v 0.016392136 -0.02034987 -0.005
v 0.016392136 -0.02034987 -0.005
v 0.016392136 -0.02034987 0.0049999994
v 0.016392136 -0.02034987 0.0049999994
v 0.016392136 -0.012401082 -0.005
v 0.016392136 -0.012401082 -0.005
v 0.016392136 -0.012401082 0.0049999994
v 0.016392136 -0.012401082 0.0049999994
v 0.016426595 -0.019222632 -0.0045
v 0.016426595 -0.019222632 -0.0045
v 0.016426595 -0.019222632 0.0044999993
v 0.016426595 -0.019222632 0.0044999993
v 0.016426595 -0.013528319 -0.0045
v 0.016426595 -0.013528319 -0.0045
v 0.016426595 -0.013528319 0.0044999993
v 0.016426595 -0.013528319 0.0044999993
v 0.016609624 -0.018769616 -0.0045
v 0.016609624 -0.018769616 -0.0045
v 0.016609624 -0.018769616 0.0044999993
v 0.016609624 -0.018769616 0.0044999993
v 0.016609624 -0.013981336 -0.0045
v 0.016609624 -0.013981336 -0.0045
v 0.016609624 -0.013981336 0.0044999993
v 0.016609624 -0.013981336 0.0044999993
v 0.016653884 -0.019896513 -0.005
v 0.016653884 -0.019896513 -0.005
v 0.016653884 -0.019896513 0.0049999994
v 0.016653884 -0.019896513 0.0049999994
v 0.016653884 -0.01285444 -0.005
v 0.016653884 -0.01285444 -0.005
v 0.016653884 -0.01285444 0.0049999994
v 0.016653884 -0.01285444 0.0049999994
v 0.016725227 -0.008167546 -0.0045
v 0.016725227 -0.008167546 -0.0045
v 0.016725227 -0.008167546 0.0044999993
v 0.016725227 -0.008167546 0.0044999993
v 0.016725227 0.005416593 -0.0045
v 0.016725227 0.005416593 -0.0045
v 0.016725227 0.005416593 0.0044999993
v 0.016725227 0.005416593 0.0044999993
v 0.016760608 -0.018304937 -0.0045
v 0.016760608 -0.018304937 -0.0045
v 0.016760608 -0.018304937 0.0044999993
v 0.016760608 -0.018304937 0.0044999993
v 0.016760608 -0.014446015 -0.0045
v 0.016760608 -0.014446015 -0.0045
v 0.016760608 -0.014446015 0.0044999993
v 0.016760608 -0.014446015 0.0044999993
v 0.016846191 -0.0086526945 -0.005
v 0.016846191 -0.0086526945 -0.005
v 0.016846191 -0.0086526945 0.0049999994
v 0.016846191 -0.0086526945 0.0049999994
v 0.016846191 0.0059017413 -0.005
v 0.016846191 0.0059017413 -0.005
v 0.016878808 -0.017830858 -0.0045
v 0.016878808 -0.017830858 -0.0045
v 0.016878808 -0.017830858 0.0044999993
v 0.016878808 -0.017830858 0.0044999993
v 0.016878808 -0.014920095 -0.0045
v 0.016878808 -0.014920095 -0.0045
v 0.016878808 -0.014920095 0.0044999993
v 0.016878808 -0.014920095 0.0044999993
v 0.016883368 -0.019426001 0.0049999994
v 0.016883368 -0.019426001 0.0049999994
v 0.016883368 -0.013324952 -0.005
v 0.016883368 -0.013324952 -0.005
v 0.016883368 -0.013324952 0.0049999994
v 0.016883368 -0.013324952 0.0049999994
v 0.016963653 -0.017349688 -0.0045
v 0.016963653 -0.017349688 -0.0045
v 0.016963653 -0.017349688 0.0044999993
v 0.016963653 -0.017349688 0.0044999993
v 0.016963653 -0.015401265 -0.0045
v 0.016963653 -0.015401265 -0.0045
v 0.016963653 -0.015401265 0.0044999993
v 0.016963653 -0.015401265 0.0044999993
v 0.017014723 -0.01686377 0.0044999993
v 0.017014723 -0.01686377 0.0044999993
v 0.017014723 -0.01686377 0.0044999993
v 0.017014723 -0.01588718 -0.0045
v 0.017014723 -0.01588718 -0.0045
v 0.017014723 -0.01588718 0.0044999993
v 0.017014723 -0.01588718 0.0044999993
v 0.017021876 -0.02592639 -0.005
v 0.017021876 -0.02592639 -0.005
v 0.017021876 -0.02592639 -0.005
v 0.017021876 -0.02592639 -0.005
v 0.017021876 -0.02592639 0.0049999994
v 0.017021876 -0.02592639 0.0049999994
v 0.017021876 -0.02592639 0.0049999994
v 0.017021876 -0.02592639 0.0049999994
v 0.017022118 -0.02599463 -0.004997669
v 0.017022362 -0.026062557 0.0049906853
v 0.017022602 -0.026129846 -0.0049790842
v 0.017023072 -0.02626127 -0.0049422607
v 0.017023072 -0.02626127 0.0049422607
v 0.017023519 -0.026386453 -0.004887885
v 0.017023733 -0.026445972 0.0048544193
v 0.017024131 -0.026557475 -0.0047757113
v 0.017024131 -0.026557475 0.0047757113
v 0.017024485 -0.026657224 0.0046825525
v 0.017024647 -0.026702099 -0.004631088
v 0.017024647 -0.026702099 -0.004631088
v 0.017024647 -0.026702099 0.004631088
v 0.017024929 -0.026780805 -0.0045195837
v 0.017024929 -0.026780805 0.0045195837
v 0.017025154 -0.026843596 0.004398401
v 0.017025154 -0.026843596 0.004398401
v 0.017025243 -0.026868645 -0.0043348796
v 0.017025376 -0.02690547 -0.004203456
v 0.017025376 -0.02690547 0.0042034565
v 0.017025439 -0.026924053 -0.0040682424
v 0.017025439 -0.026924053 0.0040682424
v 0.017025448 -0.026926385 -0.004
v 0.017025448 -0.026926385 -0.004
v 0.017025448 -0.026926385 -0.004
v 0.017025448 -0.026926385 0.0039999997
v 0.017028704 -0.02599429 -0.004997669
v 0.017028704 -0.02599429 0.0049976683
v 0.017031778 -0.016375475 -0.0045
v 0.017031778 -0.016375475 -0.0045
v 0.017031778 -0.016375475 -0.0045
v 0.017035224 -0.025993316 -0.004997669
v 0.017035224 -0.025993316 0.0049976683
v 0.017041622 -0.025991714 -0.004997669
v 0.017041622 -0.025991714 0.0049976683
v 0.017047834 -0.025989503 -0.004997669
v 0.017047834 -0.025989503 0.0049976683
v 0.017053805 -0.025986703 -0.004997669
v 0.017053805 -0.025986703 0.0049976683
v 0.017059477 -0.02598334 -0.004997669
v 0.017059477 -0.02598334 0.0049976683
v 0.017064795 -0.025979444 -0.004997669
v 0.017064795 -0.025979444 0.0049976683
v 0.017069718 -0.025975054 -0.004997669
v 0.017069718 -0.025975054 0.0049976683
v 0.01707419 -0.02597021 -0.004997669
v 0.01707419 -0.02597021 0.0049976683
v 0.017074656 -0.026190974 0.004962917
v 0.017078176 -0.025964959 -0.004997669
v 0.017078176 -0.025964959 0.0049976683
v 0.01707947 -0.018940628 -0.005
v 0.01707947 -0.018940628 -0.005
v 0.01707947 -0.018940628 0.0049999994
v 0.01707947 -0.018940628 0.0049999994
v 0.01707947 -0.013810325 -0.005
v 0.01707947 -0.013810325 -0.005
v 0.01707947 -0.013810325 0.0049999994
v 0.01707947 -0.013810325 0.0049999994
v 0.017080748 -0.026121143 0.0049790842
v 0.017081633 -0.025959343 -0.004997669
v 0.017081633 -0.025959343 0.0049976683
v 0.017084537 -0.025953421 -0.004997669
v 0.017084537 -0.025953421 0.0049976683
v 0.017086852 -0.025947245 -0.004997669
v 0.017095197 -0.0269237 -0.004
v 0.017095197 -0.0269237 -0.004
v 0.017099502 -0.026698207 -0.004631088
v 0.017099502 -0.026698207 0.004631088
v 0.017099816 -0.026317092 -0.004917211
v 0.017103631 -0.02673926 0.00457668
v 0.017110728 -0.02680982 -0.004460065
v 0.017113661 -0.026838997 0.004398401
v 0.017113661 -0.026838997 0.004398401
v 0.017116167 -0.026863921 -0.0043348796
v 0.017119853 -0.02690056 -0.004203456
v 0.017119853 -0.02690056 0.0042034565
v 0.017121015 -0.026912104 -0.0041361665
v 0.017121015 -0.026912104 0.0041361665
v 0.017121946 -0.026921371 0.0039999997
v 0.017121946 -0.026921371 0.0039999997
v 0.017124506 -0.026175905 -0.004962917
v 0.017124506 -0.026175905 0.004962917
v 0.01713469 -0.026491929 0.0048169694
v 0.017145338 -0.026545286 -0.0047757113
v 0.017151527 -0.025968008 0.0049906853
v 0.017155403 -0.026595755 0.0047308365
v 0.01716451 -0.026071474 -0.0049790842
v 0.01716451 -0.026071474 0.0049790842
v 0.01716485 -0.026643107 -0.004682553
v 0.01716485 -0.026643107 -0.004682553
v 0.017172225 -0.026423745 -0.0048544193
v 0.017173428 -0.02629484 0.004917212
v 0.017189028 -0.0267643 0.0045195837
v 0.017194895 -0.008032872 -0.0045
v 0.017194895 -0.008032872 -0.0045
v 0.017194895 -0.008032872 0.0044999993
v 0.017194895 -0.008032872 0.0044999993
v 0.017194895 0.0052819187 -0.0045
v 0.017194895 0.0052819187 -0.0045
v 0.017194895 0.0052819187 0.0044999993
v 0.017194895 0.0052819187 0.0044999993
v 0.017195575 -0.02679712 -0.004460065
v 0.017195575 -0.02679712 -0.004460065
v 0.017195575 -0.02679712 0.004460064
v 0.017195575 -0.02679712 0.004460064
v 0.01720869 -0.026006976 0.0049790842
v 0.017210253 -0.0268707 -0.004269797
v 0.017210253 -0.0268707 0.0042697964
v 0.017213415 -0.026886554 0.0042034565
v 0.017215595 -0.025988568 -0.0049790842
v 0.017217051 -0.026904782 -0.0040682424
v 0.017232502 -0.026186736 0.0049422607
v 0.01723328 -0.026903791 -0.004
v 0.01723328 -0.026903791 -0.004
v 0.017233357 -0.02662596 0.0046825525
v 0.017241238 -0.018442756 -0.005
v 0.017241238 -0.018442756 -0.005
v 0.017241238 -0.018442756 0.0049999994
v 0.017241238 -0.018442756 0.0049999994
v 0.017241238 -0.014308196 0.0049999994
v 0.017241238 -0.014308196 0.0049999994
v 0.017241247 -0.026459716 0.0048169694
v 0.017241394 -0.026258858 -0.004917211
v 0.017246343 -0.026668916 0.004631088
v 0.01725828 -0.02670841 -0.0045766803
v 0.01725828 -0.02670841 -0.0045766803
v 0.01725828 -0.02670841 -0.0045766803
v 0.01726498 -0.026385594 0.0048544193
v 0.01727537 -0.026310317 0.0048878854
v 0.017278597 -0.026141418 -0.0049422607
v 0.017278763 -0.026008844 -0.004962917
v 0.017287286 -0.02680436 -0.004398401
v 0.017287286 -0.02680436 -0.004398401
v 0.017287286 -0.02680436 0.004398401
v 0.017287286 -0.02680436 0.004398401
v 0.017299885 -0.026602285 -0.004682553
v 0.017299885 -0.026602285 -0.004682553
v 0.017300515 -0.02684811 -0.004269797
v 0.017300515 -0.02684811 -0.004269797
v 0.017300515 -0.02684811 0.0042697964
v 0.017308166 -0.026359987 -0.0048544193
v 0.01731057 -0.026881376 0.0040682424
v 0.017311243 -0.026883608 -0.004
v 0.017311243 -0.026883608 -0.004
v 0.017317152 -0.026484141 -0.0047757113
v 0.017327294 -0.026182206 0.004917212
v 0.017327294 -0.026182206 0.004917212
v 0.017339624 -0.026407631 0.0048169694
v 0.017341232 -0.026529623 -0.0047308356
v 0.017341232 -0.026529623 -0.0047308356
v 0.017341232 -0.026529623 0.0047308365
v 0.01734441 -0.026254462 -0.004887885
v 0.0173469 -0.026716575 0.0045195837
v 0.017349403 -0.0085084 -0.005
v 0.017349403 -0.0085084 -0.005
v 0.017349403 -0.0085084 0.0049999994
v 0.017349403 -0.0085084 0.0049999994
v 0.017349403 0.005757447 -0.005
v 0.017349403 0.005757447 -0.005
v 0.017349403 0.005757447 0.0049999994
v 0.017349403 0.005757447 0.0049999994
v 0.017363822 -0.026572296 0.0046825525
v 0.017363822 -0.026572296 0.0046825525
v 0.017367251 -0.026864855 0.0039999997
v 0.017367251 -0.026864855 0.0039999997
v 0.017367885 -0.017934814 -0.005
v 0.017367885 -0.017934814 -0.005
v 0.017367885 -0.017934814 0.0049999994
v 0.017367885 -0.017934814 0.0049999994
v 0.017367885 -0.014816138 -0.005
v 0.017367885 -0.014816138 -0.005
v 0.017367885 -0.014816138 0.0049999994
v 0.017367885 -0.014816138 0.0049999994
v 0.017370755 -0.02611876 0.004917212
v 0.017370785 -0.026774647 0.004398401
v 0.017398736 -0.026842598 -0.0041361665
v 0.017401213 -0.02604815 -0.004917211
v 0.017404124 -0.026648419 -0.0045766803
v 0.017426165 -0.02633762 0.0048169694
v 0.017426165 -0.02633762 0.0048169694
v 0.017431876 -0.026838476 -0.004
v 0.017431876 -0.026838476 -0.004
v 0.017437303 -0.026711093 0.004460064
v 0.017437303 -0.026711093 0.004460064
v 0.017449291 -0.026573727 -0.004631088
v 0.017451026 -0.026737012 -0.004398401
v 0.017451026 -0.026737012 -0.004398401
v 0.017451178 -0.026457028 0.0047308365
v 0.017451178 -0.026457028 0.0047308365
v 0.017458787 -0.017419275 -0.005
v 0.017458787 -0.017419275 -0.005
v 0.017458787 -0.017419275 0.0049999994
v 0.017458787 -0.017419275 0.0049999994
v 0.017458787 -0.015331679 -0.005
v 0.017458787 -0.015331679 -0.005
v 0.017458787 -0.015331679 0.0049999994
v 0.017458787 -0.015331679 0.0049999994
v 0.017459927 -0.026066994 0.0048878854
v 0.017462745 -0.026759151 -0.0043348796
v 0.017462745 -0.026759151 -0.0043348796
v 0.017463967 -0.02629668 -0.00481697
v 0.017464308 -0.026376419 -0.0047757113
v 0.017472023 -0.026608156 -0.0045766803
v 0.01747241 -0.026777407 -0.004269797
v 0.01747241 -0.026777407 -0.004269797
v 0.01747241 -0.026777407 -0.004269797
v 0.01747241 -0.026777407 -0.004269797
v 0.01747241 -0.026777407 0.0042697964
v 0.017479975 -0.026791694 0.0042034565
v 0.017481547 -0.026494564 -0.004682553
v 0.0174854 -0.026801948 0.0041361665
v 0.01748867 -0.02680812 -0.0040682424
v 0.01748867 -0.02680812 0.0040682424
v 0.01749764 -0.026252287 0.0048169694
v 0.01750039 -0.026413118 -0.0047308356
v 0.01750039 -0.026413118 -0.0047308356
v 0.01750039 -0.026413118 0.0047308365
v 0.01750039 -0.026413118 0.0047308365
v 0.017511098 -0.026667336 -0.004460065
v 0.017513508 -0.01689865 -0.005
v 0.017513508 -0.01689865 -0.005
v 0.017513508 -0.01689865 0.0049999994
v 0.017513508 -0.01689865 0.0049999994
v 0.017513508 -0.015852302 -0.005
v 0.017513508 -0.015852302 -0.005
v 0.017513508 -0.015852302 0.0049999994
v 0.017513508 -0.015852302 0.0049999994
v 0.017516598 -0.026085183 -0.0048544193
v 0.017516598 -0.026085183 0.0048544193
v 0.017516598 -0.026085183 0.0048544193
v 0.017526872 -0.026204845 -0.00481697
v 0.017527258 -0.026691811 -0.004398401
v 0.017531777 -0.016375475 -0.005
v 0.017531777 -0.016375475 -0.005
v 0.017531777 -0.016375475 0.0049999994
v 0.017531777 -0.016375475 0.0049999994
v 0.017535724 -0.026561528 -0.0045766803
v 0.017545132 -0.026364662 0.0047308365
v 0.017545132 -0.026364662 0.0047308365
v 0.01755139 -0.026154805 -0.00481697
v 0.01755139 -0.026154805 0.0048169694
v 0.017552443 -0.02672995 -0.004269797
v 0.017552443 -0.02672995 -0.004269797
v 0.017552443 -0.02672995 0.0042697964
v 0.017559279 -0.026590645 -0.0045195837
v 0.017570963 -0.026102632 0.0048169694
v 0.017570963 -0.026102632 0.0048169694
v 0.017571589 -0.026758952 -0.0040682424
v 0.017572874 -0.026760897 -0.004
v 0.017572874 -0.026760897 -0.004
v 0.017572874 -0.026760897 0.0039999997
v 0.017572874 -0.026760897 0.0039999997
v 0.017580325 -0.02661666 0.004460064
v 0.017580325 -0.02661666 0.004460064
v 0.017580325 -0.02661666 0.004460064
v 0.017582146 -0.026395665 -0.004682553
v 0.017582146 -0.026395665 -0.004682553
v 0.017582146 -0.026395665 0.0046825525
v 0.017594624 -0.02650897 -0.0045766803
v 0.017598772 -0.026639462 -0.004398401
v 0.017598772 -0.026639462 -0.004398401
v 0.017601348 -0.026176356 -0.0047757113
v 0.017612549 -0.026733302 -0.004
v 0.017612549 -0.026733302 -0.004
v 0.017612549 -0.026733302 0.0039999997
v 0.017612549 -0.026733302 0.0039999997
v 0.017616548 -0.026424479 -0.004631088
v 0.017616548 -0.026424479 -0.004631088
v 0.017619587 -0.026255965 -0.0047308356
v 0.017620876 -0.026535675 0.0045195837
v 0.017620876 -0.026535675 0.0045195837
v 0.017622767 -0.02611926 0.0047757113
v 0.017627519 -0.026674991 0.0042697964
v 0.017637689 -0.026687562 -0.004203456
v 0.017637689 -0.026687562 -0.004203456
v 0.017637689 -0.026687562 0.0042034565
v 0.01764434 -0.026559541 -0.004460065
v 0.01764434 -0.026559541 0.004460064
v 0.01764434 -0.026559541 0.004460064
v 0.017644983 -0.026696581 -0.0041361665
v 0.017644983 -0.026696581 0.0041361665
v 0.017648606 -0.026196739 0.0047308365
v 0.017649377 -0.02670201 -0.0040682424
v 0.017649377 -0.02670201 0.0040682424
v 0.017650845 -0.026703821 0.0039999997
v 0.017650845 -0.026703821 0.0039999997
v 0.017654022 -0.007865763 -0.0045
v 0.017654022 -0.007865763 -0.0045
v 0.017654022 -0.007865763 0.0044999993
v 0.017654022 -0.007865763 0.0044999993
v 0.017654022 0.00511481 -0.0045
v 0.017654022 0.00511481 -0.0045
v 0.017654022 0.00511481 0.0044999993
v 0.017654022 0.00511481 0.0044999993
v 0.017661842 -0.02636476 0.004631088
v 0.017661842 -0.02636476 0.004631088
v 0.0176649 -0.026580453 -0.004398401
v 0.0176649 -0.026580453 0.004398401
v 0.017667398 -0.026690135 -0.004
v 0.017667398 -0.026690135 -0.004
v 0.017667398 -0.026690135 -0.004
v 0.017667398 -0.026690135 0.0039999997
v 0.017667398 -0.026690135 0.0039999997
v 0.017667398 -0.026690135 0.0039999997
v 0.017671771 -0.02613499 -0.0047308356
v 0.017682461 -0.026598314 -0.0043348796
v 0.017682461 -0.026598314 0.0043348796
v 0.017692938 -0.026215864 -0.004682553
v 0.017692938 -0.026215864 0.0046825525
v 0.017695881 -0.026388075 -0.0045766803
v 0.017695881 -0.026388075 -0.0045766803
v 0.017695881 -0.026388075 0.00457668
v 0.017695881 -0.026388075 0.00457668
v 0.017696941 -0.026613044 -0.004269797
v 0.017696941 -0.026613044 -0.004269797
v 0.017696941 -0.026613044 0.0042697964
v 0.017701164 -0.02630095 0.004631088
v 0.017708277 -0.026624573 0.0042034565
v 0.01771641 -0.026632845 -0.0041361665
v 0.017717743 -0.026149746 0.0046825525
v 0.017719101 -0.026643243 -0.004
v 0.017719101 -0.026643243 -0.004
v 0.017719101 -0.026643243 0.0039999997
v 0.017719101 -0.026643243 0.0039999997
v 0.01772294 -0.026639488 -0.004
v 0.01772294 -0.026639488 -0.004
v 0.01772294 -0.026639488 -0.004
v 0.01772294 -0.026639488 -0.004
v 0.01772294 -0.026639488 -0.004
v 0.01772294 -0.026639488 0.0039999997
v 0.01772294 -0.026639488 0.0039999997
v 0.01772294 -0.026639488 0.0039999997
v 0.017725023 -0.026515337 -0.004398401
v 0.017725023 -0.026515337 -0.004398401
v 0.017726777 -0.026409239 0.0045195837
v 0.017726777 -0.026409239 0.0045195837
v 0.017734142 -0.02623364 -0.004631088
v 0.017737294 -0.02632087 -0.0045766803
v 0.017744228 -0.026531424 -0.0043348796
v 0.017744228 -0.026531424 -0.0043348796
v 0.017744228 -0.026531424 -0.0043348796
v 0.017760063 -0.026544686 0.0042697964
v 0.017760063 -0.026544686 0.0042697964
v 0.017760063 -0.026544686 0.0042697964
v 0.017767407 -0.02659286 -0.004
v 0.017767407 -0.02659286 -0.004
v 0.017767407 -0.02659286 0.0039999997
v 0.017767407 -0.02659286 0.0039999997
v 0.017772457 -0.026555067 0.0042034565
v 0.017772457 -0.026555067 0.0042034565
v 0.017778583 -0.026444726 -0.004398401
v 0.017778583 -0.026444726 -0.004398401
v 0.017781349 -0.026562516 0.0041361665
v 0.017786702 -0.026566999 -0.0040682424
v 0.017786702 -0.026566999 -0.0040682424
v 0.017786702 -0.026566999 0.0040682424
v 0.01778849 -0.026568498 -0.004
v 0.01778849 -0.026568498 -0.004
v 0.01778849 -0.026568498 0.0039999997
v 0.01778849 -0.026568498 0.0039999997
v 0.017799396 -0.026355114 -0.004460065
v 0.017799396 -0.026355114 -0.004460065
v 0.017799396 -0.026355114 -0.004460065
v 0.017799756 -0.026176067 -0.0045766803
v 0.017799756 -0.026176067 -0.0045766803
v 0.017799756 -0.026176067 0.00457668
v 0.01781208 -0.026539233 -0.004
v 0.01781208 -0.026539233 -0.004
v 0.01781208 -0.026539233 0.0039999997
v 0.01781208 -0.026539233 0.0039999997
v 0.01781629 -0.026470553 -0.004269797
v 0.01781629 -0.026470553 -0.004269797
v 0.01781629 -0.026470553 0.0042697964
v 0.01781629 -0.026470553 0.0042697964
v 0.017825074 -0.026369274 -0.004398401
v 0.017829629 -0.02647969 -0.004203456
v 0.017829629 -0.02647969 -0.004203456
v 0.017835416 -0.026187515 0.0045195837
v 0.017837144 -0.026278071 -0.004460065
v 0.0178392 -0.026486246 -0.0041361665
v 0.0178392 -0.026486246 -0.0041361665
v 0.017841324 -0.008329355 -0.005
v 0.017841324 -0.008329355 -0.005
v 0.017841324 -0.008329355 0.0049999994
v 0.017841324 -0.008329355 0.0049999994
v 0.017841324 0.005578402 -0.005
v 0.017841324 0.005578402 -0.005
v 0.017841324 0.005578402 0.0049999994
v 0.017841324 0.005578402 0.0049999994
v 0.017846884 -0.02649151 -0.004
v 0.017846884 -0.02649151 -0.004
v 0.017846884 -0.02649151 0.0039999997
v 0.017846884 -0.02649151 0.0039999997
v 0.017846884 -0.02649151 0.0039999997
v 0.017847013 -0.026381368 -0.0043348796
v 0.017852904 -0.026482614 0.0039999997
v 0.017852904 -0.026482614 0.0039999997
v 0.017864069 -0.026289685 0.004398401
v 0.017865099 -0.02639134 0.0042697964
v 0.017867278 -0.026197743 -0.004460065
v 0.017867278 -0.026197743 0.004460064
v 0.017879259 -0.026399147 -0.004203456
v 0.017879259 -0.026399147 -0.004203456
v 0.01788707 -0.026299605 -0.0043348796
v 0.01788707 -0.026299605 0.0043348796
v 0.017889418 -0.02640475 -0.0041361665
v 0.017889418 -0.02640475 -0.0041361665
v 0.01788968 -0.026423292 0.0039999997
v 0.01788968 -0.026423292 0.0039999997
v 0.01788968 -0.026423292 0.0039999997
v 0.017895203 -0.026206704 -0.004398401
v 0.01789553 -0.026408121 -0.0040682424
v 0.01789553 -0.026408121 0.0040682424
v 0.01789553 -0.026408121 0.0040682424
v 0.017897574 -0.026409246 -0.004
v 0.017897574 -0.026409246 -0.004
v 0.017897574 -0.026409246 0.0039999997
v 0.017897574 -0.026409246 0.0039999997
v 0.017906038 -0.026307788 -0.004269797
v 0.017906038 -0.026307788 0.0042697964
v 0.017919054 -0.026214361 -0.0043348796
v 0.017920883 -0.026314192 -0.004203456
v 0.017920883 -0.026314192 0.0042034565
v 0.01792223 -0.026361546 -0.004
v 0.01792223 -0.026361546 -0.004
v 0.01792223 -0.026361546 0.0039999997
v 0.01792223 -0.026361546 0.0039999997
v 0.017931536 -0.026318789 -0.0041361665
v 0.017931536 -0.026318789 -0.0041361665
v 0.017931536 -0.026318789 0.0041361665
v 0.017931536 -0.026318789 0.0041361665
v 0.017931536 -0.026318789 0.0041361665
v 0.017937949 -0.026321553 -0.0040682424
v 0.017937949 -0.026321553 -0.0040682424
v 0.01794009 -0.026322473 -0.004
v 0.01794009 -0.026322473 -0.004
v 0.01794009 -0.026322473 -0.004
v 0.01794009 -0.026322473 -0.004
v 0.01794009 -0.026322473 0.0039999997
v 0.01794009 -0.026322473 0.0039999997
v 0.01794009 -0.026322473 0.0039999997
v 0.01794009 -0.026322473 0.0039999997
v 0.017950391 -0.026297681 -0.004
v 0.017950391 -0.026297681 -0.004
v 0.017954113 -0.026225613 0.0042034565
v 0.017965162 -0.02622916 -0.0041361665
v 0.017965162 -0.02622916 0.0041361665
v 0.017971808 -0.026231293 0.0040682424
v 0.01797403 -0.026232006 -0.004
v 0.01797403 -0.026232006 -0.004
v 0.01797403 -0.026232006 -0.004
v 0.01797403 -0.026232006 0.0039999997
v 0.018100375 -0.007667035 -0.0045
v 0.018100375 -0.007667035 -0.0045
v 0.018100375 -0.007667035 0.0044999993
v 0.018100375 -0.007667035 0.0044999993
v 0.018100375 0.0049160817 -0.0045
v 0.018100375 0.0049160817 -0.0045
v 0.018100375 0.0049160817 0.0044999993
v 0.018100375 0.0049160817 0.0044999993
v 0.018319558 -0.0081164315 -0.005
v 0.018319558 -0.0081164315 -0.005
v 0.018319558 -0.0081164315 0.0049999994
v 0.018319558 -0.0081164315 0.0049999994
v 0.018319558 0.0053654783 -0.005
v 0.018319558 0.0053654783 -0.005
v 0.018319558 0.0053654783 0.0049999994
v 0.018319558 0.0053654783 0.0049999994
v 0.018531777 -0.0074376543 -0.0045
v 0.018531777 -0.0074376543 -0.0045
v 0.018531777 -0.0074376543 0.0044999993
v 0.018531777 -0.0074376543 0.0044999993
v 0.018531777 0.004686701 0.0044999993
v 0.018531777 0.004686701 0.0044999993
v 0.018781776 -0.007870667 -0.005
v 0.018781776 -0.007870667 -0.005
v 0.018781776 -0.007870667 0.0049999994
v 0.018781776 -0.007870667 0.0049999994
v 0.018781776 0.0051197135 -0.005
v 0.018781776 0.0051197135 -0.005
v 0.018781776 0.0051197135 0.0049999994
v 0.018781776 0.0051197135 0.0049999994
v 0.018946126 -0.0071787396 -0.0045
v 0.018946126 -0.0071787396 -0.0045
v 0.018946126 -0.0071787396 0.0044999993
v 0.018946126 -0.0071787396 0.0044999993
v 0.018946126 0.004427786 -0.0045
v 0.018946126 0.004427786 -0.0045
v 0.018946126 0.004427786 0.0044999993
v 0.018946126 0.004427786 0.0044999993
v 0.019225724 -0.0075932583 -0.005
v 0.019225724 -0.0075932583 -0.005
v 0.019225724 -0.0075932583 0.0049999994
v 0.019225724 -0.0075932583 0.0049999994
v 0.019225724 0.004842305 -0.005
v 0.019225724 0.004842305 -0.005
v 0.019225724 0.004842305 0.0049999994
v 0.019225724 0.004842305 0.0049999994
v 0.019341407 -0.006891552 -0.0045
v 0.019341407 -0.006891552 -0.0045
v 0.019341407 -0.006891552 0.0044999993
v 0.019341407 -0.006891552 0.0044999993
v 0.019341407 0.0041405982 -0.0045
v 0.019341407 0.0041405982 -0.0045
v 0.019341407 0.0041405982 0.0044999993
v 0.019341407 0.0041405982 0.0044999993
v 0.019649236 -0.0072855577 -0.005
v 0.019649236 -0.0072855577 -0.005
v 0.019649236 -0.0072855577 0.0049999994
v 0.019649236 -0.0072855577 0.0049999994
v 0.019649236 0.004534604 -0.005
v 0.019649236 0.004534604 -0.005
v 0.019649236 0.004534604 0.0049999994
v 0.019649236 0.004534604 0.0049999994
v 0.019715691 -0.0065774904 -0.0045
v 0.019715691 -0.0065774904 -0.0045
v 0.019715691 -0.0065774904 0.0044999993
v 0.019715691 -0.0065774904 0.0044999993
v 0.019715691 0.0038265372 -0.0045
v 0.019715691 0.0038265372 -0.0045
v 0.019715691 0.0038265372 -0.0045
v 0.019715691 0.0038265372 0.0044999993
v 0.019715691 0.0038265372 0.0044999993
v 0.019715691 0.0038265372 0.0044999993
v 0.020050254 -0.0069490625 -0.005
v 0.020050254 -0.0069490625 -0.005
v 0.020050254 -0.0069490625 0.0049999994
v 0.020050254 -0.0069490625 0.0049999994
v 0.020050254 0.0041981093 -0.005
v 0.020050254 0.0041981093 -0.005
v 0.020050254 0.0041981093 0.0049999994
v 0.020050254 0.0041981093 0.0049999994
v 0.020067155 -0.0062380848 -0.0045
v 0.020067155 -0.0062380848 -0.0045
v 0.020067155 -0.0062380848 -0.0045
v 0.020067155 -0.0062380848 0.0044999993
v 0.020067155 -0.0062380848 0.0044999993
v 0.020067155 -0.0062380848 0.0044999993
v 0.020067155 0.0034871318 -0.0045
v 0.020067155 0.0034871318 -0.0045
v 0.020067155 0.0034871318 0.0044999993
v 0.020067155 0.0034871318 0.0044999993
v 0.020087449 -0.016375475 -0.005
v 0.020087449 -0.016375475 -0.005
v 0.020087449 -0.016375475 0.0049999994
v 0.020087449 -0.016375475 0.0049999994
v 0.020394087 -0.00587499 -0.0045
v 0.020394087 -0.00587499 -0.0045
v 0.020394087 -0.00587499 0.0044999993
v 0.020394087 -0.00587499 0.0044999993
v 0.020394087 0.0031240364 -0.0045
v 0.020394087 0.0031240364 -0.0045
v 0.020394087 0.0031240364 0.0044999993
v 0.020394087 0.0031240364 0.0044999993
v 0.020426825 -0.006585414 -0.005
v 0.020426825 -0.006585414 -0.005
v 0.020426825 -0.006585414 0.0049999994
v 0.020426825 -0.006585414 0.0049999994
v 0.020426825 0.003834461 -0.005
v 0.020426825 0.003834461 -0.005
v 0.020426825 0.003834461 0.0049999994
v 0.020426825 0.003834461 0.0049999994
v 0.020694895 -0.005489974 -0.0045
v 0.020694895 -0.005489974 -0.0045
v 0.020694895 -0.005489974 0.0044999993
v 0.020694895 -0.005489974 0.0044999993
v 0.020694895 0.0027390202 -0.0045
v 0.020694895 0.0027390202 -0.0045
v 0.020694895 0.0027390202 0.0044999993
v 0.020694895 0.0027390202 0.0044999993
v 0.020777108 -0.0061963834 -0.005
v 0.020777108 -0.0061963834 -0.005
v 0.020777108 -0.0061963834 0.0049999994
v 0.020777108 -0.0061963834 0.0049999994
v 0.020777108 0.0034454302 -0.005
v 0.020777108 0.0034454302 -0.005
v 0.020777108 0.0034454302 0.0049999994
v 0.020777108 0.0034454302 0.0049999994
v 0.020968113 -0.0050849114 -0.0045
v 0.020968113 -0.0050849114 -0.0045
v 0.020968113 -0.0050849114 0.0044999993
v 0.020968113 -0.0050849114 0.0044999993
v 0.020968113 0.002333958 -0.0045
v 0.020968113 0.002333958 -0.0045
v 0.020968113 0.002333958 0.0044999993
v 0.020968113 0.002333958 0.0044999993
v 0.021099404 -0.0057838657 -0.005
v 0.021099404 -0.0057838657 -0.005
v 0.021099404 -0.0057838657 0.0049999994
v 0.021099404 -0.0057838657 0.0049999994
v 0.021099404 0.0030329127 0.0049999994
v 0.021099404 0.0030329127 0.0049999994
v 0.021212408 -0.0046617775 -0.0045
v 0.021212408 -0.0046617775 -0.0045
v 0.021212408 -0.0046617775 0.0044999993
v 0.021212408 -0.0046617775 0.0044999993
v 0.021212408 0.0019108242 -0.0045
v 0.021212408 0.0019108242 -0.0045
v 0.021212408 0.0019108242 0.0044999993
v 0.021212408 0.0019108242 0.0044999993
v 0.021392135 -0.0053498712 -0.005
v 0.021392135 -0.0053498712 -0.005
v 0.021392135 -0.0053498712 0.0049999994
v 0.021392135 -0.0053498712 0.0049999994
v 0.021392135 0.0025989176 -0.005
v 0.021392135 0.0025989176 -0.005
v 0.021392135 0.0025989176 0.0049999994
v 0.021392135 0.0025989176 0.0049999994
v 0.021426594 -0.004222633 -0.0045
v 0.021426594 -0.004222633 -0.0045
v 0.021426594 -0.004222633 0.0044999993
v 0.021426594 -0.004222633 0.0044999993
v 0.021426594 0.0014716799 -0.0045
v 0.021426594 0.0014716799 -0.0045
v 0.021426594 0.0014716799 0.0044999993
v 0.021426594 0.0014716799 0.0044999993
v 0.021609623 -0.0037696173 -0.0045
v 0.021609623 -0.0037696173 -0.0045
v 0.021609623 -0.0037696173 0.0044999993
v 0.021609623 -0.0037696173 0.0044999993
v 0.021609623 0.0010186643 -0.0045
v 0.021609623 0.0010186643 -0.0045
v 0.021609623 0.0010186643 0.0044999993
v 0.021609623 0.0010186643 0.0044999993
v 0.021653883 -0.0048965137 -0.005
v 0.021653883 -0.0048965137 -0.005
v 0.021653883 -0.0048965137 0.0049999994
v 0.021653883 -0.0048965137 0.0049999994
v 0.021653883 0.0021455602 -0.005
v 0.021653883 0.0021455602 -0.005
v 0.021653883 0.0021455602 0.0049999994
v 0.021653883 0.0021455602 0.0049999994
v 0.021760609 -0.003304938 -0.0045
v 0.021760609 -0.003304938 -0.0045
v 0.021760609 -0.003304938 0.0044999993
v 0.021760609 -0.003304938 0.0044999993
v 0.021760609 0.00055398484 -0.0045
v 0.021760609 0.00055398484 -0.0045
v 0.021760609 0.00055398484 0.0044999993
v 0.021760609 0.00055398484 0.0044999993
v 0.02187881 -0.0028308586 -0.0045
v 0.02187881 -0.0028308586 -0.0045
v 0.02187881 -0.0028308586 0.0044999993
v 0.02187881 -0.0028308586 0.0044999993
v 0.02187881 7.990523E-05 -0.0045
v 0.02187881 7.990523E-05 -0.0045
v 0.02187881 7.990523E-05 0.0044999993
v 0.02187881 7.990523E-05 0.0044999993
v 0.021883368 -0.004426001 -0.005
v 0.021883368 -0.004426001 -0.005
v 0.021883368 -0.004426001 0.0049999994
v 0.021883368 -0.004426001 0.0049999994
v 0.021883368 0.001675048 -0.005
v 0.021883368 0.001675048 -0.005
v 0.021883368 0.001675048 0.0049999994
v 0.021883368 0.001675048 0.0049999994
v 0.021963654 -0.0023496882 -0.0045
v 0.021963654 -0.0023496882 -0.0045
v 0.021963654 -0.0023496882 0.0044999993
v 0.021963654 -0.0023496882 0.0044999993
v 0.021963654 -0.0004012649 -0.0045
v 0.021963654 -0.0004012649 -0.0045
v 0.021963654 -0.0004012649 0.0044999993
v 0.021963654 -0.0004012649 0.0044999993
v 0.022014726 -0.001863772 -0.0045
v 0.022014726 -0.001863772 -0.0045
v 0.022014726 -0.001863772 0.0044999993
v 0.022014726 -0.001863772 0.0044999993
v 0.022014726 -0.00088718126 -0.0045
v 0.022014726 -0.00088718126 -0.0045
v 0.022014726 -0.00088718126 0.0044999993
v 0.022014726 -0.00088718126 0.0044999993
v 0.022031777 -0.0013754766 -0.0045
v 0.022031777 -0.0013754766 -0.0045
v 0.022031777 -0.0013754766 0.0044999993
v 0.022031777 -0.0013754766 0.0044999993
v 0.02207947 -0.0039406274 -0.005
v 0.02207947 -0.0039406274 -0.005
v 0.02207947 -0.0039406274 0.0049999994
v 0.02207947 -0.0039406274 0.0049999994
v 0.02207947 0.0011896744 -0.005
v 0.02207947 0.0011896744 -0.005
v 0.02207947 0.0011896744 0.0049999994
v 0.02207947 0.0011896744 0.0049999994
v 0.022241239 -0.0034427568 -0.005
v 0.022241239 -0.0034427568 -0.005
v 0.022241239 -0.0034427568 0.0049999994
v 0.022241239 -0.0034427568 0.0049999994
v 0.022241239 0.00069180364 -0.005
v 0.022241239 0.00069180364 -0.005
v 0.022241239 0.00069180364 0.0049999994
v 0.022241239 0.00069180364 0.0049999994
v 0.022367883 -0.0029348144 -0.005
v 0.022367883 -0.0029348144 -0.005
v 0.022367883 -0.0029348144 0.0049999994
v 0.022367883 -0.0029348144 0.0049999994
v 0.022367883 0.00018386108 -0.005
v 0.022367883 0.00018386108 -0.005
v 0.022367883 0.00018386108 0.0049999994
v 0.022367883 0.00018386108 0.0049999994
v 0.022458786 -0.002419275 -0.005
v 0.022458786 -0.002419275 -0.005
v 0.022458786 -0.002419275 0.0049999994
v 0.022458786 -0.002419275 0.0049999994
v 0.022458786 -0.00033167834 -0.005
v 0.022458786 -0.00033167834 -0.005
v 0.022458786 -0.00033167834 0.0049999994
v 0.022458786 -0.00033167834 0.0049999994
v 0.022513507 -0.0018986501 -0.005
v 0.022513507 -0.0018986501 -0.005
v 0.022513507 -0.0018986501 0.0049999994
v 0.022513507 -0.0018986501 0.0049999994
v 0.022513507 -0.0008523031 -0.005
v 0.022513507 -0.0008523031 -0.005
v 0.022513507 -0.0008523031 0.0049999994
v 0.022513507 -0.0008523031 0.0049999994
v 0.022531776 -0.0013754766 -0.005
v 0.022531776 -0.0013754766 -0.005
v 0.022531776 -0.0013754766 0.0049999994
v 0.022531776 -0.0013754766 0.0049999994
v 0.02735595 0.0062698117 -0.005
v 0.02735595 0.0062698117 -0.005
v 0.02735595 0.0062698117 -0.005
v 0.02735595 0.0062698117 -0.005
v 0.02735595 0.0062698117 0.0049999994
v 0.02735595 0.0062698117 0.0049999994
v 0.02735595 0.0062698117 0.0049999994
v 0.02735595 0.0062698117 0.0049999994
v 0.02740102 0.0063210535 -0.004997669
v 0.02740102 0.0063210535 0.0049976683
v 0.027405756 0.006316465 -0.004997669
v 0.027405756 0.006316465 0.0049976683
v 0.027410025 0.0063114394 -0.004997669
v 0.027410025 0.0063114394 0.0049976683
v 0.02741379 0.006306026 -0.004997669
v 0.02741379 0.006306026 0.0049976683
v 0.027417015 0.0063002747 -0.004997669
v 0.027417015 0.0063002747 0.0049976683
v 0.02741967 0.006294239 -0.004997669
v 0.02741967 0.006294239 0.0049976683
v 0.027420929 0.0062489556 -0.004997669
v 0.02742173 0.006287975 -0.004997669
v 0.02742173 0.006287975 0.0049976683
v 0.027422635 0.0062553245 -0.004997669
v 0.027422635 0.0062553245 0.0049976683
v 0.027423177 0.006281541 -0.004997669
v 0.027423177 0.006281541 0.0049976683
v 0.027423723 0.006261829 -0.004997669
v 0.027423723 0.006261829 0.0049976683
v 0.027423995 0.006274998 -0.004997669
v 0.027423995 0.006274998 0.0049976683
v 0.027424177 0.0062684068 -0.004997669
v 0.027424177 0.0062684068 0.0049976683
v 0.027435593 0.006380258 -0.0049906857
v 0.027435593 0.006380258 0.0049906853
v 0.027491724 0.0062801605 -0.0049906857
v 0.027491724 0.0062801605 -0.0049906857
v 0.027513752 0.006488648 -0.004962917
v 0.027517168 0.0063939197 0.0049790842
v 0.027517168 0.0063939197 0.0049790842
v 0.027517168 0.0063939197 0.0049790842
v 0.027549671 0.0062076324 0.0049790842
v 0.027549671 0.0062076324 0.0049790842
v 0.027549671 0.0062076324 0.0049790842
v 0.027551817 0.0065414365 -0.0049422607
v 0.027552854 0.0064542526 0.004962917
v 0.027552854 0.0064542526 0.004962917
v 0.027554767 0.0062266197 -0.0049790842
v 0.027569737 0.0064343875 -0.004962917
v 0.027588971 0.0065929606 0.004917212
v 0.027588971 0.0065929606 0.004917212
v 0.027588971 0.0065929606 0.004917212
v 0.027600355 0.0064987456 0.0049422607
v 0.027600355 0.0064987456 0.0049422607
v 0.027600355 0.0064987456 0.0049422607
v 0.027612839 0.006187358 -0.004962917
v 0.027612839 0.006187358 0.004962917
v 0.027612839 0.006187358 0.004962917
v 0.027616017 0.0063416194 -0.004962917
v 0.027616017 0.0063416194 -0.004962917
v 0.027616017 0.0063416194 -0.004962917
v 0.027616017 0.0063416194 0.004962917
v 0.027619071 0.006568962 -0.004917211
v 0.027623894 0.006238249 -0.004962917
v 0.027623894 0.006238249 -0.004962917
v 0.027623894 0.006238249 -0.004962917
v 0.027623894 0.006238249 0.004962917
v 0.027625035 0.0066429772 0.0048878854
v 0.027625035 0.0066429772 0.0048878854
v 0.02765561 0.0064193 -0.0049422607
v 0.02765561 0.0064193 -0.0049422607
v 0.027659798 0.0066152634 -0.004887885
v 0.02765985 0.006691253 -0.0048544193
v 0.02765985 0.006691253 0.0048544193
v 0.02765985 0.006691253 0.0048544193
v 0.02765985 0.006691253 0.0048544193
v 0.02766864 0.006389681 -0.0049422607
v 0.02766864 0.006389681 -0.0049422607
v 0.027674805 0.006167467 0.0049422607
v 0.027674805 0.006167467 0.0049422607
v 0.027685847 0.0063273706 -0.0049422607
v 0.027690759 0.0062629166 -0.0049422607
v 0.027690759 0.0062629166 -0.0049422607
v 0.027693246 0.0067375647 0.0048169694
v 0.027693246 0.0067375647 0.0048169694
v 0.027699105 0.006659955 0.0048544193
v 0.027712455 0.006447655 0.004917212
v 0.027727954 0.006412418 0.004917212
v 0.02774589 0.0065139565 0.0048878854
v 0.027748423 0.006338289 -0.004917211
v 0.027748423 0.006338289 -0.004917211
v 0.027753199 0.006300091 0.004917212
v 0.027753199 0.006300091 0.004917212
v 0.027755167 0.006823439 -0.0047308356
v 0.027755167 0.006823439 -0.0047308356
v 0.027755167 0.006823439 -0.0047308356
v 0.027755167 0.006823439 -0.0047308356
v 0.027767634 0.006475182 0.0048878854
v 0.027772749 0.0067436807 0.0047757113
v 0.027772749 0.0067436807 0.0047757113
v 0.027783409 0.006862602 -0.004682553
v 0.027783409 0.006862602 -0.004682553
v 0.027783409 0.006862602 0.0046825525
v 0.027785532 0.00643449 -0.004887885
v 0.027785532 0.00643449 -0.004887885
v 0.027796337 0.006545541 0.0048544193
v 0.02779942 0.006392261 0.0048878854
v 0.027805528 0.0061721434 -0.004887885
v 0.027806737 0.006782325 0.0047308365
v 0.027809655 0.006899001 -0.004631088
v 0.027809655 0.006899001 -0.004631088
v 0.027809655 0.006899001 0.004631088
v 0.027809655 0.006899001 0.004631088
v 0.027812913 0.006621586 0.0048169694
v 0.027812913 0.006621586 0.0048169694
v 0.027814684 0.0063047768 -0.004887885
v 0.027814684 0.0063047768 -0.004887885
v 0.027814684 0.0063047768 -0.004887885
v 0.027814684 0.0063047768 -0.004887885
v 0.027814684 0.0063047768 -0.004887885
v 0.027814684 0.0063047768 -0.004887885
v 0.027814684 0.0063047768 0.0048878854
v 0.027814684 0.0063047768 0.0048878854
v 0.027816536 0.006701242 0.0047757113
v 0.027816536 0.006701242 0.0047757113
v 0.027820893 0.0065017496 -0.0048544193
v 0.027820893 0.0065017496 -0.0048544193
v 0.027820893 0.0065017496 -0.0048544193
v 0.027838623 0.0068185795 -0.004682553
v 0.027838623 0.0068185795 -0.004682553
v 0.027838623 0.0068185795 0.0046825525
v 0.027844729 0.006575841 0.0048169694
v 0.027850673 0.006111019 -0.0048544193
v 0.027850673 0.006111019 0.0048544193
v 0.027855689 0.0069628423 -0.0045195837
v 0.027855689 0.0069628423 -0.0045195837
v 0.027855689 0.0069628423 -0.0045195837
v 0.027856026 0.006654775 0.0047757113
v 0.027856026 0.006654775 0.0047757113
v 0.027871983 0.0065272376 -0.00481697
v 0.027871983 0.0065272376 -0.00481697
v 0.02787403 0.0063093 0.0048544193
v 0.02787403 0.0063093 0.0048544193
v 0.02787403 0.0063093 0.0048544193
v 0.02787403 0.0063093 0.0048544193
v 0.027875263 0.006989987 -0.004460065
v 0.027875423 0.0062591136 -0.0048544193
v 0.027875423 0.0062591136 -0.0048544193
v 0.027875423 0.0062591136 -0.0048544193
v 0.027889336 0.0067694327 0.0046825525
v 0.027889336 0.0067694327 0.0046825525
v 0.027890844 0.0066047134 0.0047757113
v 0.027890844 0.0066047134 0.0047757113
v 0.027892418 0.0070137735 -0.004398401
v 0.027892418 0.0070137735 0.004398401
v 0.027892418 0.0070137735 0.004398401
v 0.02789551 0.006883255 0.00457668
v 0.02790504 0.0060935696 -0.00481697
v 0.02790504 0.0060935696 0.0048169694
v 0.02790504 0.0060935696 0.0048169694
v 0.027907068 0.007034092 -0.0043348796
v 0.027907068 0.007034092 0.0043348796
v 0.027907068 0.007034092 0.0043348796
v 0.027911829 0.0064232983 -0.00481697
v 0.027911829 0.0064232983 0.0048169694
v 0.027919149 0.0070508467 -0.004269797
v 0.027919149 0.0070508467 0.0042697964
v 0.027919149 0.0070508467 0.0042697964
v 0.027919486 0.006147387 -0.00481697
v 0.027920246 0.0069113756 -0.0045195837
v 0.027920246 0.0069113756 0.0045195837
v 0.027920246 0.0069113756 0.0045195837
v 0.02792067 0.0065515256 -0.0047757113
v 0.02792067 0.0065515256 -0.0047757113
v 0.027922086 0.0068001105 -0.004631088
v 0.027924048 0.006368932 -0.00481697
v 0.027928606 0.0070639597 -0.004203456
v 0.027928606 0.0070639597 0.0042034565
v 0.027928606 0.0070639597 0.0042034565
v 0.027928669 0.0062023476 0.0048169694
v 0.027930962 0.006313639 -0.00481697
v 0.027930962 0.006313639 0.0048169694
v 0.027930962 0.006313639 0.0048169694
v 0.027932508 0.006257938 -0.00481697
v 0.027932508 0.006257938 -0.00481697
v 0.027934466 0.006632025 -0.0047308356
v 0.027934466 0.006632025 -0.0047308356
v 0.027935065 0.006715621 0.0046825525
v 0.027935065 0.006715621 0.0046825525
v 0.02793539 0.00707337 -0.0041361665
v 0.02793539 0.00707337 0.0041361665
v 0.027939474 0.007079034 -0.0040682424
v 0.027939474 0.007079034 0.0040682424
v 0.027940838 0.0070809247 -0.004
v 0.027940838 0.0070809247 -0.004
v 0.027940838 0.0070809247 -0.004
v 0.027940838 0.0070809247 0.0039999997
v 0.027942346 0.0069365036 0.004460064
v 0.027952198 0.0068283165 -0.0045766803
v 0.027952198 0.0068283165 -0.0045766803
v 0.027952198 0.0068283165 0.00457668
v 0.027952198 0.0068283165 0.00457668
v 0.027956843 0.0060769417 -0.0047757113
v 0.027964275 0.00643778 -0.0047757113
v 0.027964275 0.00643778 0.0047757113
v 0.027966723 0.0065744985 -0.0047308356
v 0.027966723 0.0065744985 -0.0047308356
v 0.027966723 0.0065744985 -0.0047308356
v 0.027972654 0.0061358367 -0.0047757113
v 0.027972654 0.0061358367 0.0047757113
v 0.027977645 0.006378283 0.0047757113
v 0.027978258 0.0069773337 -0.0043348796
v 0.027979529 0.006853918 -0.0045195837
v 0.027982704 0.006195983 0.0047757113
v 0.027985213 0.0063177743 -0.0047757113
v 0.027985213 0.0063177743 0.0047757113
v 0.027985213 0.0063177743 0.0047757113
v 0.027986903 0.006256818 -0.0047757113
v 0.027986903 0.006256818 -0.0047757113
v 0.027986903 0.006256818 0.0047757113
v 0.0279919 0.006992844 -0.004269797
v 0.027993279 0.0065141288 0.0047308365
v 0.027995996 0.0070381495 -0.004
v 0.027995996 0.0070381495 -0.004
v 0.027995996 0.0070381495 0.0039999997
v 0.027995996 0.0070381495 0.0039999997
v 0.028002577 0.007004983 0.0042034565
v 0.028002577 0.007004983 0.0042034565
v 0.028003318 0.0067681624 -0.0045766803
v 0.028003318 0.0067681624 0.00457668
v 0.028003318 0.0067681624 0.00457668
v 0.028003955 0.0068767965 -0.004460065
v 0.028003955 0.0068767965 0.004460064
v 0.028005848 0.006061213 0.0047308365
v 0.028005848 0.006061213 0.0047308365
v 0.028009927 0.006596052 -0.004682553
v 0.028010242 0.007013694 0.0041361665
v 0.028010242 0.007013694 0.0041361665
v 0.028013425 0.006681461 -0.004631088
v 0.028013425 0.006681461 -0.004631088
v 0.028013885 0.0064514764 0.0047308365
v 0.028014854 0.0070189377 0.0040682424
v 0.028014854 0.0070189377 0.0040682424
v 0.028016392 0.0070206886 -0.004
v 0.028016392 0.0070206886 -0.004
v 0.028016392 0.0070206886 0.0039999997
v 0.028016392 0.0070206886 0.0039999997
v 0.028016392 0.0070206886 0.0039999997
v 0.028022945 0.006124911 0.0047308365
v 0.028025357 0.006896844 -0.004398401
v 0.028025357 0.006896844 0.004398401
v 0.028028345 0.006387129 0.0047308365
v 0.028032994 0.006791007 -0.0045195837
v 0.028032994 0.006791007 -0.0045195837
v 0.028033817 0.006189962 0.0047308365
v 0.028036527 0.006321686 -0.0047308356
v 0.028036527 0.006321686 0.0047308365
v 0.028038358 0.006255758 -0.0047308356
v 0.028038358 0.006255758 -0.0047308356
v 0.028038358 0.006255758 0.0047308365
v 0.028038364 0.006531411 0.0046825525
v 0.028043639 0.0069139698 -0.0043348796
v 0.028043639 0.0069139698 -0.0043348796
v 0.028043639 0.0069139698 0.0043348796
v 0.028043639 0.0069139698 0.0043348796
v 0.028048031 0.0069916304 -0.004
v 0.028048031 0.0069916304 -0.004
v 0.028048031 0.0069916304 -0.004
v 0.028048031 0.0069916304 -0.004
v 0.028048031 0.0069916304 0.0039999997
v 0.028048031 0.0069916304 0.0039999997
v 0.028048031 0.0069916304 0.0039999997
v 0.028048031 0.0069916304 0.0039999997
v 0.028050084 0.006616084 -0.004631088
v 0.02805182 0.006046457 -0.004682553
v 0.02805182 0.006046457 -0.004682553
v 0.02805182 0.006046457 0.0046825525
v 0.028058715 0.00692809 0.0042697964
v 0.028058715 0.00692809 0.0042697964
v 0.02805951 0.0068114214 -0.004460065
v 0.02805951 0.0068114214 -0.004460065
v 0.02805951 0.0068114214 0.004460064
v 0.02805951 0.0068114214 0.004460064
v 0.028060423 0.0064643277 -0.004682553
v 0.028060423 0.0064643277 0.0046825525
v 0.028070128 0.006114661 0.0046825525
v 0.028070128 0.006114661 0.0046825525
v 0.028070513 0.006939142 -0.004203456
v 0.028070513 0.006939142 -0.004203456
v 0.028070513 0.006939142 0.0042034565
v 0.02807591 0.0063954275 0.0046825525
v 0.028078983 0.006947074 -0.0041361665
v 0.028078983 0.006947074 -0.0041361665
v 0.028080134 0.00672323 -0.0045195837
v 0.028080134 0.00672323 0.0045195837
v 0.028080134 0.00672323 0.0045195837
v 0.028080134 0.00672323 0.0045195837
v 0.028080266 0.0065474743 -0.004631088
v 0.028082749 0.00682931 -0.004398401
v 0.028082749 0.00682931 -0.004398401
v 0.028082749 0.00682931 0.004398401
v 0.028082749 0.00682931 0.004398401
v 0.028084671 0.0063253553 0.0046825525
v 0.028085778 0.0069534406 0.0039999997
v 0.028085778 0.0069534406 0.0039999997
v 0.02808663 0.006254764 0.0046825525
v 0.028087003 0.0066345017 0.00457668
v 0.028087003 0.0066345017 0.00457668
v 0.028087003 0.0066345017 0.00457668
v 0.028094547 0.0060327426 0.004631088
v 0.028096696 0.006941595 -0.004
v 0.028096696 0.006941595 -0.004
v 0.028096696 0.006941595 -0.004
v 0.028096696 0.006941595 0.0039999997
v 0.028096696 0.006941595 0.0039999997
v 0.028096696 0.006941595 0.0039999997
v 0.028096696 0.006941595 0.0039999997
v 0.028102601 0.0068445904 -0.0043348796
v 0.028102601 0.0068445904 -0.0043348796
v 0.028102601 0.0068445904 0.0043348796
v 0.028102601 0.0068445904 0.0043348796
v 0.028102601 0.0068445904 0.0043348796
v 0.02810368 0.0064762714 -0.004631088
v 0.028108502 0.006740989 -0.004460065
v 0.02811879 0.0065622428 -0.0045766803
v 0.02811879 0.0065622428 -0.0045766803
v 0.028120117 0.0064031407 0.004631088
v 0.028126335 0.0061790636 -0.004631088
v 0.028126335 0.0061790636 -0.004631088
v 0.028126335 0.0061790636 0.004631088
v 0.028126335 0.0061790636 0.004631088
v 0.028129417 0.006328766 -0.004631088
v 0.028129417 0.006328766 -0.004631088
v 0.028131496 0.00625384 -0.004631088
v 0.028131496 0.00625384 -0.004631088
v 0.028131496 0.00625384 -0.004631088
v 0.028131496 0.00625384 -0.004631088
v 0.028131496 0.00625384 -0.004631088
v 0.028131496 0.00625384 0.004631088
v 0.028131496 0.00625384 0.004631088
v 0.028131777 0.0068670525 -0.004203456
v 0.028131777 0.0068670525 -0.004203456
v 0.028133357 0.0067565516 0.004398401
v 0.02813383 0.0060201334 -0.0045766803
v 0.02813383 0.0060201334 0.00457668
v 0.028141754 0.0068882857 -0.004
v 0.028141754 0.0068882857 -0.004
v 0.028141754 0.0068882857 -0.004
v 0.028141754 0.0068882857 0.0039999997
v 0.028141754 0.0068882857 0.0039999997
v 0.02814345 0.006487252 -0.0045766803
v 0.028146505 0.006878389 0.0040682424
v 0.028148353 0.006879811 -0.004
v 0.028148353 0.006879811 -0.004
v 0.028148353 0.006879811 0.0039999997
v 0.028148353 0.006879811 0.0039999997
v 0.028150463 0.0066661574 0.004460064
v 0.02816076 0.0064102323 0.00457668
v 0.02816076 0.0064102323 0.00457668
v 0.02816731 0.006174237 -0.0045766803
v 0.02816731 0.006174237 0.00457668
v 0.02816731 0.006174237 0.00457668
v 0.028169489 0.0060086884 0.0045195837
v 0.028170556 0.0063319015 -0.0045766803
v 0.028170556 0.0063319015 -0.0045766803
v 0.028170556 0.0063319015 0.00457668
v 0.028170556 0.0063319015 0.00457668
v 0.028170556 0.0063319015 0.00457668
v 0.028172748 0.0062529906 0.00457668
v 0.028172748 0.0062529906 0.00457668
v 0.028172748 0.0062529906 0.00457668
v 0.02817955 0.0064972197 -0.0045195837
v 0.02817955 0.0064972197 0.0045195837
v 0.02817955 0.0064972197 0.0045195837
v 0.028182983 0.0068319645 -0.004
v 0.028182983 0.0068319645 -0.004
v 0.028182983 0.0068319645 0.0039999997
v 0.028182983 0.0068319645 0.0039999997
v 0.028185004 0.0065876264 0.004460064
v 0.0281858 0.0067893863 -0.004203456
v 0.0281858 0.0067893863 -0.004203456
v 0.0281858 0.0067893863 -0.004203456
v 0.028190894 0.0060884254 -0.0045195837
v 0.028190894 0.0060884254 -0.0045195837
v 0.028190894 0.0060884254 0.0045195837
v 0.028190894 0.0060884254 0.0045195837
v 0.02819563 0.0067955423 -0.0041361665
v 0.02819563 0.0067955423 -0.0041361665
v 0.02819563 0.0067955423 0.0041361665
v 0.028197654 0.006416669 -0.0045195837
v 0.028197654 0.006416669 0.0045195837
v 0.028201353 0.0059984606 -0.004460065
v 0.028201353 0.0059984606 -0.004460065
v 0.028201353 0.0059984606 -0.004460065
v 0.028201353 0.0059984606 -0.004460065
v 0.028201548 0.006799248 -0.0040682424
v 0.028201548 0.006799248 -0.0040682424
v 0.028201548 0.006799248 -0.0040682424
v 0.028201548 0.006799248 0.0040682424
v 0.028201548 0.006799248 0.0040682424
v 0.028203525 0.006800486 -0.004
v 0.028203525 0.006800486 -0.004
v 0.028203525 0.006800486 0.0039999997
v 0.028203525 0.006800486 0.0039999997
v 0.0282045 0.0061698556 -0.0045195837
v 0.0282045 0.0061698556 -0.0045195837
v 0.0282045 0.0061698556 0.0045195837
v 0.0282045 0.0061698556 0.0045195837
v 0.028207898 0.0063347477 -0.0045195837
v 0.028207898 0.0063347477 -0.0045195837
v 0.028207898 0.0063347477 0.0045195837
v 0.028207898 0.0063347477 0.0045195837
v 0.028207898 0.0063347477 0.0045195837
v 0.02821019 0.00625222 -0.0045195837
v 0.028211808 0.0065061273 -0.004460065
v 0.028211808 0.0065061273 0.004460064
v 0.028212387 0.0065981233 -0.004398401
v 0.028212387 0.0065981233 0.004398401
v 0.028217604 0.0066996515 -0.004269797
v 0.028217604 0.0066996515 0.0042697964
v 0.028217604 0.0066996515 0.0042697964
v 0.02822018 0.0067729047 0.0039999997
v 0.02822018 0.0067729047 0.0039999997
v 0.02822018 0.0067729047 0.0039999997
v 0.02822018 0.0067729047 0.0039999997
v 0.028223598 0.006081321 -0.004460065
v 0.028223598 0.006081321 0.004460064
v 0.028229278 0.005989498 -0.004398401
v 0.028229278 0.005989498 -0.004398401
v 0.028229278 0.005989498 0.004398401
v 0.028230622 0.0064224214 -0.004460065
v 0.028230622 0.0064224214 0.004460064
v 0.028232072 0.0067068683 -0.004203456
v 0.028232072 0.0067068683 0.0042034565
v 0.028232072 0.0067068683 0.0042034565
v 0.028235778 0.006607089 -0.0043348796
v 0.028235778 0.006607089 0.0043348796
v 0.028237738 0.006165941 -0.004460065
v 0.028237738 0.006165941 -0.004460065
v 0.028237738 0.006165941 -0.004460065
v 0.028237738 0.006165941 0.004460064
v 0.028240077 0.006513932 -0.004398401
v 0.028241267 0.006337291 0.004460064
v 0.028241267 0.006337291 0.004460064
v 0.028242452 0.0067120474 -0.0041361665
v 0.028242452 0.0067120474 0.0041361665
v 0.028242452 0.0067120474 0.0041361665
v 0.028242452 0.0067120474 0.0041361665
v 0.028243646 0.0062515303 0.004460064
v 0.028248701 0.006715164 -0.0040682424
v 0.028248701 0.006715164 -0.0040682424
v 0.028250787 0.006716205 0.0039999997
v 0.028250787 0.006716205 0.0039999997
v 0.028252253 0.006075095 0.004398401
v 0.028253129 0.0059818425 -0.0043348796
v 0.028253129 0.0059818425 0.0043348796
v 0.028253172 0.0067113936 -0.004
v 0.028253172 0.0067113936 -0.004
v 0.028253172 0.0067113936 0.0039999997
v 0.028253172 0.0067113936 0.0039999997
v 0.028253172 0.0067113936 0.0039999997
v 0.028253172 0.0067113936 0.0039999997
v 0.028255066 0.006614483 -0.004269797
v 0.028255066 0.006614483 0.0042697964
v 0.02825951 0.0064274617 -0.004398401
v 0.02825951 0.0064274617 0.004398401
v 0.028264225 0.006520599 -0.0043348796
v 0.028264225 0.006520599 0.0043348796
v 0.02827016 0.00662027 -0.004203456
v 0.02827016 0.00662027 0.0042034565
v 0.02827051 0.0063395198 -0.004398401
v 0.028272795 0.0059755296 -0.004269797
v 0.028272795 0.0059755296 0.0042697964
v 0.028272968 0.0062509268 -0.004398401
v 0.028272968 0.0062509268 -0.004398401
v 0.028272968 0.0062509268 0.004398401
v 0.028272968 0.0062509268 0.004398401
v 0.028276734 0.006069777 -0.0043348796
v 0.028276734 0.006069777 0.0043348796
v 0.028280994 0.006624423 -0.0041361665
v 0.028280994 0.006624423 -0.0041361665
v 0.028280994 0.006624423 0.0041361665
v 0.028280994 0.006624423 0.0041361665
v 0.028280994 0.006624423 0.0041361665
v 0.02828179 0.0066477307 -0.004
v 0.02828179 0.0066477307 -0.004
v 0.02828179 0.0066477307 0.0039999997
v 0.02828179 0.0066477307 0.0039999997
v 0.02828179 0.0066477307 0.0039999997
v 0.028284134 0.0065260967 -0.004269797
v 0.028284134 0.0065260967 0.0042697964
v 0.028284186 0.0064317673 -0.0043348796
v 0.028284186 0.0064317673 0.0043348796
v 0.028287515 0.0066269226 0.0040682424
v 0.028287515 0.0066269226 0.0040682424
v 0.02828819 0.005970589 -0.004203456
v 0.02828819 0.005970589 0.0042034565
v 0.028289692 0.006627757 -0.004
v 0.028289692 0.006627757 -0.004
v 0.028289692 0.006627757 0.0039999997
v 0.028289692 0.006627757 0.0039999997
v 0.02829174 0.0061595794 0.0043348796
v 0.028295485 0.0063414234 -0.0043348796
v 0.028295485 0.0063414234 0.0043348796
v 0.028296918 0.006065392 -0.004269797
v 0.028296918 0.006065392 0.0042697964
v 0.028296918 0.006065392 0.0042697964
v 0.028298011 0.006250411 -0.0043348796
v 0.028298011 0.006250411 -0.0043348796
v 0.028298011 0.006250411 0.0043348796
v 0.028298011 0.006250411 0.0043348796
v 0.028299237 0.0059670433 -0.0041361665
v 0.028299237 0.0059670433 0.0041361665
v 0.028299237 0.0059670433 0.0041361665
v 0.028299717 0.006530401 -0.004203456
v 0.028299717 0.006530401 0.0042034565
v 0.028304536 0.006435318 -0.004269797
v 0.028304536 0.006435318 0.0042697964
v 0.028305886 0.005964909 0.0040682424
v 0.028305886 0.005964909 0.0040682424
v 0.028305896 0.006582227 -0.004
v 0.028305896 0.006582227 -0.004
v 0.028305896 0.006582227 0.0039999997
v 0.028305896 0.006582227 0.0039999997
v 0.028308105 0.005964197 -0.004
v 0.028308105 0.005964197 -0.004
v 0.028308105 0.005964197 -0.004
v 0.028308105 0.005964197 0.0039999997
v 0.028310902 0.0065334877 -0.0041361665
v 0.028310902 0.0065334877 -0.0041361665
v 0.028310902 0.0065334877 0.0041361665
v 0.028312257 0.006157163 -0.004269797
v 0.028312257 0.006157163 -0.004269797
v 0.028312257 0.006157163 0.0042697964
v 0.028312718 0.00606196 0.0042034565
v 0.028312718 0.00606196 0.0042034565
v 0.02831608 0.0063429927 0.0042697964
v 0.028317632 0.0065353466 -0.0040682424
v 0.028317632 0.0065353466 -0.0040682424
v 0.028317632 0.0065353466 -0.0040682424
v 0.028317632 0.0065353466 -0.0040682424
v 0.028317632 0.0065353466 0.0040682424
v 0.028317632 0.0065353466 0.0040682424
v 0.028319879 0.006535967 0.0039999997
v 0.028319879 0.006535967 0.0039999997
v 0.028320462 0.006438097 -0.004203456
v 0.028324053 0.006059497 -0.0041361665
v 0.028324053 0.006059497 -0.0041361665
v 0.028325373 0.0065152016 -0.004
v 0.028325373 0.0065152016 -0.004
v 0.028325373 0.0065152016 -0.004
v 0.028325373 0.0065152016 0.0039999997
v 0.028325373 0.0065152016 0.0039999997
v 0.028325373 0.0065152016 0.0039999997
v 0.028327106 0.00603136 -0.004
v 0.028327106 0.00603136 -0.004
v 0.028327106 0.00603136 0.0039999997
v 0.028327106 0.00603136 0.0039999997
v 0.028327106 0.00603136 0.0039999997
v 0.028327106 0.00603136 0.0039999997
v 0.02832831 0.0061552715 0.0042034565
v 0.02832831 0.0061552715 0.0042034565
v 0.02833088 0.006058015 -0.0040682424
v 0.028331893 0.0064400914 -0.0041361665
v 0.028331893 0.0064400914 -0.0041361665
v 0.028331893 0.0064400914 0.0041361665
v 0.028331893 0.0064400914 0.0041361665
v 0.028332202 0.006344222 -0.004203456
v 0.028332202 0.006344222 0.0042034565
v 0.028332202 0.006344222 0.0042034565
v 0.028333155 0.0060575195 -0.004
v 0.028333155 0.0060575195 -0.004
v 0.028333155 0.0060575195 0.0039999997
v 0.028333155 0.0060575195 0.0039999997
v 0.028334824 0.0062496527 -0.004203456
v 0.028334824 0.0062496527 0.0042034565
v 0.028338771 0.0064412905 -0.0040682424
v 0.028338771 0.0064412905 -0.0040682424
v 0.028339831 0.0061539146 0.0041361665
v 0.028339831 0.0061539146 0.0041361665
v 0.028339831 0.0061539146 0.0041361665
v 0.028339831 0.0061539146 0.0041361665
v 0.02834013 0.006446979 -0.004
v 0.02834013 0.006446979 -0.004
v 0.02834013 0.006446979 -0.004
v 0.028341066 0.0064416924 -0.004
v 0.028341066 0.0064416924 -0.004
v 0.028341066 0.0064416924 0.0039999997
v 0.028341066 0.0064416924 0.0039999997
v 0.028341372 0.006099685 -0.004
v 0.028341372 0.006099685 -0.004
v 0.028341372 0.006099685 -0.004
v 0.028341372 0.006099685 0.0039999997
v 0.028341372 0.006099685 0.0039999997
v 0.02834377 0.006345104 0.0041361665
v 0.02834377 0.006345104 0.0041361665
v 0.028349085 0.006152824 -0.004
v 0.028349085 0.006152824 -0.004
v 0.028349085 0.006152824 0.0039999997
v 0.028349085 0.006152824 0.0039999997
v 0.02835009 0.006377895 -0.004
v 0.02835009 0.006377895 -0.004
v 0.02835009 0.006377895 0.0039999997
v 0.02835009 0.006377895 0.0039999997
v 0.028350731 0.0063456343 -0.0040682424
v 0.028350731 0.0063456343 -0.0040682424
v 0.028350731 0.0063456343 0.0040682424
v 0.02835084 0.006168839 -0.004
v 0.02835084 0.006168839 -0.004
v 0.02835084 0.006168839 0.0039999997
v 0.02835084 0.006168839 0.0039999997
v 0.02835084 0.006168839 0.0039999997
v 0.028353056 0.0063458118 -0.004
v 0.028353056 0.0063458118 -0.004
v 0.028353056 0.0063458118 0.0039999997
v 0.028353056 0.0063458118 0.0039999997
v 0.02835521 0.006308284 -0.004
v 0.02835521 0.006308284 -0.004
v 0.02835521 0.006308284 -0.004
v 0.02835521 0.006308284 0.0039999997
v 0.02835521 0.006308284 0.0039999997
v 0.02835546 0.006238485 -0.004
v 0.02835546 0.006238485 -0.004
v 0.02835546 0.006238485 -0.004
v 0.02835546 0.006238485 -0.004
v 0.02835546 0.006238485 -0.004
v 0.02835546 0.006238485 -0.004
v 0.02835546 0.006238485 -0.004
v 0.02835546 0.006238485 0.0039999997
v 0.02835546 0.006238485 0.0039999997
v 0.02835546 0.006238485 0.0039999997
v 0.02835546 0.006238485 0.0039999997
v 0.02835546 0.006238485 0.0039999997
v 0.028355736 0.0062492224 -0.004
v 0.028355736 0.0062492224 -0.004
v 0.028355736 0.0062492224 -0.004
# 5753 vertices

vn -0.99961525 -0.027737519 0
vn -0.99925965 -0.038472068 0
vn -0.9941419 -0.10808318 0
vn -0.9922716 -0.124084815 0
vn -0.99030477 -0.02747917 -0.13616665
vn -0.99030477 -0.02747917 0.13616665
vn -0.98833376 0.068227306 -0.13616665
vn -0.98833376 0.068227306 0.13616665
vn -0.98542225 0.17012641 0
vn -0.98542225 0.17012641 0
vn -0.98302954 -0.12292908 -0.13616665
vn -0.98302954 -0.12292908 0.13616665
vn -0.9787074 -0.027157363 0.20345601
vn -0.9787074 -0.027157363 0.20345601
vn -0.977135 0.16329677 0.13616665
vn -0.9767595 0.067428306 -0.20345601
vn -0.9767595 0.067428306 -0.20345601
vn -0.96942466 -0.24538913 0
vn -0.96942466 -0.24538913 0
vn -0.96657604 -0.21723124 -0.13616665
vn -0.96657604 -0.21723124 0.13616665
vn -0.9658086 0.2592563 0
vn -0.96569186 0.1613844 -0.20345601
vn -0.96569186 0.1613844 -0.20345601
vn -0.9606311 0.06631491 0.26979676
vn -0.9606311 0.06631491 0.26979676
vn -0.956813 0.25684157 -0.13616665
vn -0.956813 0.25684157 -0.13616665
vn -0.956813 0.25684157 0.13616665
vn -0.9554755 -0.11948341 -0.26979676
vn -0.9554755 -0.11948341 0.26979676
vn -0.9552565 -0.21468726 0.20345601
vn -0.9521552 0.305615 0
vn -0.9499457 -0.31241503 0
vn -0.9499457 -0.31241503 1.2246469E-16
vn -0.9499457 -0.31241503 0
vn -0.9497462 0.1587196 0.26979676
vn -0.9497462 0.1587196 0.26979676
vn -0.9477312 -0.3116867 -0.068242416
vn -0.9418984 -0.02613598 -0.3348796
vn -0.9418984 -0.02613598 -0.3348796
vn -0.9418984 -0.02613598 0.3348796
vn -0.9418984 -0.02613598 0.3348796
vn -0.9400237 0.06489234 0.3348796
vn -0.9349788 -0.11692027 -0.3348796
vn -0.93409526 0.3504411 0.068242416
vn -0.9300767 -0.30588058 -0.20345601
vn -0.9300767 -0.30588058 0.20345601
vn -0.92999375 0.24964237 0.26979676
vn -0.92999375 0.24964237 0.26979676
vn -0.9293724 0.15531477 -0.3348796
vn -0.9275574 0.3479883 -0.13616665
vn -0.9275574 0.3479883 -0.13616665
vn -0.9193295 -0.20661291 -0.3348796
vn -0.9193295 -0.20661291 0.3348796
vn -0.9168584 -0.025441166 -0.39840108
vn -0.9168584 -0.025441166 -0.39840108
vn -0.9166949 0.34391305 0.20345601
vn -0.9166949 0.34391305 0.20345601
vn -0.9150336 0.0631672 -0.39840108
vn -0.91004366 0.24428707 -0.3348796
vn -0.91004366 0.24428707 -0.3348796
vn -0.90466535 0.1511858 0.39840108
vn -0.90035546 0.43515518 0
vn -0.90035546 0.43515518 0
vn -0.90035546 0.43515518 0
vn -0.8896415 0.43588597 -0.13616665
vn -0.8896415 0.43588597 -0.13616665
vn -0.8875436 -0.024627732 0.46006504
vn -0.8810233 -0.11017308 0.46006504
vn -0.8810233 -0.11017308 0.46006504
vn -0.879223 0.43078133 -0.20345601
vn -0.879223 0.43078133 0.20345601
vn -0.879223 0.43078133 0.20345601
vn -0.8757404 0.14635192 -0.46006504
vn -0.87130094 -0.28655058 -0.39840108
vn -0.87130094 -0.28655058 0.39840108
vn -0.8662771 -0.19468977 -0.46006504
vn -0.8587647 0.32217962 -0.39840108
vn -0.85752714 0.23018983 0.46006504
vn -0.85239077 0.0588428 -0.51958394
vn -0.85239077 0.0588428 -0.51958394
vn -0.85239077 0.0588428 0.51958394
vn -0.85239077 0.0588428 0.51958394
vn -0.8513488 0.5246 0
vn -0.8478161 -0.10602047 -0.51958394
vn -0.8461556 0.41457975 -0.3348796
vn -0.8461556 0.41457975 -0.3348796
vn -0.84344274 -0.2773887 -0.46006504
vn -0.8434193 0.5197139 0.13616665
vn -0.8434193 0.5197139 0.13616665
vn -0.84273237 0.14083567 0.51958394
vn -0.84273237 0.14083567 0.51958394
vn -0.83362573 -0.18735158 0.51958394
vn -0.83362573 -0.18735158 0.51958394
vn -0.83354205 0.5136276 -0.20345601
vn -0.83130735 0.31187853 0.46006504
vn -0.8310314 0.55622554 0
vn -0.8310314 0.55622554 0
vn -0.8310314 0.55622554 0
vn -0.82520556 0.22151361 -0.51958394
vn -0.82520556 0.22151361 0.51958394
vn -0.8166556 -0.022660717 -0.5766803
vn -0.81165206 -0.26693344 -0.51958394
vn -0.810656 -0.10137356 0.5766803
vn -0.810656 -0.10137356 0.5766803
vn -0.8021927 0.4943101 -0.3348796
vn -0.8021927 0.4943101 -0.3348796
vn -0.8021927 0.4943101 -0.3348796
vn -0.7970876 -0.1791399 -0.5766803
vn -0.7967432 0.604318 0
vn -0.7948858 0.6029092 -0.068242416
vn -0.7902067 0.6128404 0
vn -0.7902067 0.6128404 0
vn -0.7902067 0.6128404 0
vn -0.7902067 0.6128404 0
vn -0.78086674 0.4811691 -0.39840108
vn -0.7800786 0.59167814 -0.20345601
vn -0.7800786 0.59167814 0.20345601
vn -0.77607703 -0.25523368 0.5766803
vn -0.77541286 -0.021516306 0.63108796
vn -0.77541286 -0.021516306 0.63108796
vn -0.7672734 0.37593088 0.51958394
vn -0.7671978 0.5819083 -0.26979676
vn -0.7671978 0.5819083 -0.26979676
vn -0.76510084 0.12786207 -0.63108796
vn -0.76510084 0.12786207 -0.63108796
vn -0.76491094 0.28696883 -0.5766803
vn -0.76491094 0.28696883 -0.5766803
vn -0.7559 0.46578464 -0.46006504
vn -0.7559 0.46578464 0.46006504
vn -0.75074 0.5694253 0.3348796
vn -0.7491886 0.20110804 -0.63108796
vn -0.7491886 0.20110804 -0.63108796
vn -0.7491886 0.20110804 0.63108796
vn -0.7491886 0.20110804 0.63108796
vn -0.7455322 0.66646963 0
vn -0.7346986 0.67839366 0
vn -0.73298585 0.6768122 -0.068242416
vn -0.73298585 0.6768122 -0.068242416
vn -0.73298585 0.6768122 0.068242416
vn -0.73298585 0.6768122 0.068242416
vn -0.73078185 0.5542873 -0.39840108
vn -0.73078185 0.5542873 -0.39840108
vn -0.73055476 -0.020271577 -0.6825532
vn -0.73055476 -0.020271577 -0.6825532
vn -0.73055476 -0.020271577 -0.6825532
vn -0.72785556 0.6720751 -0.13616665
vn -0.72785556 0.6720751 -0.13616665
vn -0.72740895 0.44822845 0.51958394
vn -0.7262814 0.27247632 0.63108796
vn -0.7262814 0.27247632 0.63108796
vn -0.7251878 -0.09068564 0.6825532
vn -0.7208393 0.12046517 0.6825532
vn -0.7193317 0.6642044 -0.20345601
vn -0.7193317 0.6642044 -0.20345601
vn -0.7193317 0.6642044 0.20345601
vn -0.6972256 0.71685183 0
vn -0.6972256 0.71685183 0
vn -0.6972256 0.71685183 0
vn -0.6965931 0.34130058 0.63108796
vn -0.6965931 0.34130058 0.63108796
vn -0.69552636 0.42858246 0.5766803
vn -0.6942545 -0.22832413 -0.6825532
vn -0.6942545 -0.22832413 -0.6825532
vn -0.6942545 -0.22832413 0.6825532
vn -0.68229055 -0.018932331 -0.730836
vn -0.67321694 0.11250661 -0.730836
vn -0.6657943 0.7461353 0
vn -0.6657943 0.7461353 0
vn -0.6657943 0.7461353 0
vn -0.66040087 0.4069382 -0.63108796
vn -0.66040087 0.4069382 -0.63108796
vn -0.6595931 0.73918575 0.13616665
vn -0.6562948 0.32155615 -0.6825532
vn -0.6455221 0.7637416 0
vn -0.6455221 0.7637416 0
vn -0.6455221 0.7637416 0
vn -0.6455221 0.7637416 0
vn -0.6455221 0.7637416 0
vn -0.6411049 0.7184666 -0.26979676
vn -0.6308451 -0.017504813 0.7757113
vn -0.62774074 0.5796327 -0.51958394
vn -0.62774074 0.5796327 -0.51958394
vn -0.627352 0.70305413 0.3348796
vn -0.6180427 0.46877632 0.63108796
vn -0.6180427 0.46877632 0.63108796
vn -0.6106741 0.6843637 -0.39840108
vn -0.6106741 0.6843637 0.39840108
vn -0.6095101 0.16361353 0.7757113
vn -0.5994993 -0.19716135 -0.7757113
vn -0.5994993 -0.19716135 0.7757113
vn -0.5911489 0.6624825 0.46006504
vn -0.5911489 0.6624825 0.46006504
vn -0.5908737 0.22167593 -0.7757113
vn -0.5906737 0.8069105 0
vn -0.5906737 0.8069105 1.2246469E-16
vn -0.5906737 0.8069105 0
vn -0.5892967 0.8050294 -0.068242416
vn -0.5892967 0.8050294 -0.068242416
vn -0.5892967 0.8050294 -0.068242416
vn -0.5851721 0.7993949 0.13616665
vn -0.5753111 0.039715257 0.8169699
vn -0.57222354 -0.07155727 0.8169699
vn -0.569914 0.5262376 -0.63108796
vn -0.569914 0.5262376 -0.63108796
vn -0.56886756 0.6375125 0.51958394
vn -0.56886756 0.6375125 0.51958394
vn -0.5687923 0.09505539 -0.8169699
vn -0.56876993 0.7769881 -0.26979676
vn -0.56876993 0.7769881 0.26979676
vn -0.5626459 -0.12645075 -0.8169699
vn -0.55656874 0.76032025 -0.3348796
vn -0.547815 -0.18016359 0.8169699
vn -0.5439339 0.6095701 0.5766803
vn -0.5439339 0.6095701 0.5766803
vn -0.54381955 0.41247916 -0.730836
vn -0.54381955 0.41247916 0.730836
vn -0.5417726 0.7401074 -0.39840108
vn -0.5417726 0.7401074 0.39840108
vn -0.5244505 0.7164439 -0.46006504
vn -0.5244505 0.7164439 0.46006504
vn -0.519384 -0.01441197 -0.8544194
vn -0.5183503 0.0357831 0.8544194
vn -0.5046831 0.68944 -0.51958394
vn -0.5046831 0.68944 0.51958394
vn -0.50147086 0.46303973 -0.730836
vn -0.50147086 0.46303973 -0.730836
vn -0.49357656 -0.16232583 -0.8544194
vn -0.4909561 0.30252653 -0.8169699
vn -0.48256263 0.6592216 -0.5766803
vn -0.4665893 0.22860864 0.8544194
vn -0.4665893 0.22860864 0.8544194
vn -0.46365944 0.42812607 -0.7757113
vn -0.46365944 0.42812607 -0.7757113
vn -0.45819226 0.6259296 -0.63108796
vn -0.45819226 0.6259296 0.63108796
vn -0.45444 0.509277 0.730836
vn -0.45444 0.509277 0.730836
vn -0.44234717 0.27257377 0.8544194
vn -0.4370368 -0.14373122 0.8878852
vn -0.4316856 0.58971924 -0.6825532
vn -0.42368624 0.39121628 -0.8169699
vn -0.42368624 0.39121628 -0.8169699
vn -0.42017478 0.470877 0.7757113
vn -0.42017478 0.470877 0.7757113
vn -0.41397497 0.31399396 -0.8544194
vn -0.3982478 -0.011050657 0.9172113
vn -0.3982478 -0.011050657 0.9172113
vn -0.3974552 0.027437387 -0.9172113
vn -0.38477919 0.10328799 0.9172113
vn -0.38477919 0.10328799 0.9172113
vn -0.38395047 0.43028155 -0.8169699
vn -0.38395047 0.43028155 0.8169699
vn -0.38395047 0.43028155 0.8169699
vn -0.3784594 -0.12446649 -0.9172113
vn -0.37301415 0.13994235 -0.9172113
vn -0.37276706 0.5092315 -0.7757113
vn -0.37276706 0.5092315 0.7757113
vn -0.3665537 0.2780256 0.8878852
vn -0.3665537 0.2780256 0.8878852
vn -0.34593606 0.38767993 0.8544194
vn -0.34593606 0.38767993 0.8544194
vn -0.3406299 0.4653294 -0.8169699
vn -0.33229154 -0.041553475 -0.9422609
vn -0.32342958 0.08681965 -0.9422609
vn -0.31811744 -0.10462142 -0.9422609
vn -0.30072376 0.14734167 0.9422609
vn -0.28509936 0.17567787 0.9422609
vn -0.27174833 0.37123132 0.8878852
vn -0.2652532 0.29726112 0.9172113
vn -0.25629228 -0.08428857 0.96291727
vn -0.25629228 -0.08428857 0.96291727
vn -0.25629228 -0.08428857 0.96291727
vn -0.24603558 0.22718021 -0.9422609
vn -0.23532505 0.32147402 -0.9172113
vn -0.23532505 0.32147402 0.9172113
vn -0.22969116 0.1415354 0.96291727
vn -0.20297295 0.014011763 0.9790841
vn -0.19327217 -0.06356271 0.9790841
vn -0.19327217 -0.06356271 0.9790841
vn -0.19049138 0.071465954 -0.9790841
vn -0.15936185 0.21770185 0.96291727
vn -0.12935093 -0.042540506 -0.99068594
vn -0.12935093 -0.042540506 0.99068594
vn -0.12935093 -0.042540506 0.99068594
vn -0.12935093 -0.042540506 0.99068594
vn -0.12017612 0.1641708 -0.9790841
vn -0.08043006 0.1098743 -0.99068594
vn -0.08043006 0.1098743 0.99068594
vn -0.08043006 0.1098743 0.99068594
vn -0.08043006 0.1098743 0.99068594
vn -0.06821616 -0.0018928752 -0.99766874
vn -0.06821616 -0.0018928752 0.99766874
vn -0.06808039 0.0046997704 -0.99766874
vn -0.06808039 0.0046997704 0.99766874
vn -0.06808039 0.0046997704 0.99766874
vn -0.06771501 -0.0084678475 -0.99766874
vn -0.06771501 -0.0084678475 0.99766874
vn -0.06730897 0.0112485355 -0.99766874
vn -0.06730897 0.0112485355 0.99766874
vn -0.06730897 0.0112485355 0.99766874
vn -0.06658163 -0.014963757 -0.99766874
vn -0.06658163 -0.014963757 0.99766874
vn -0.06590911 0.017692275 -0.99766874
vn -0.06590911 0.017692275 0.99766874
vn -0.06590911 0.017692275 0.99766874
vn -0.06389387 0.023970827 -0.99766874
vn -0.06389387 0.023970827 0.99766874
vn -0.06389387 0.023970827 0.99766874
vn -0.06128207 0.030025572 -0.99766874
vn -0.06128207 0.030025572 0.99766874
vn -0.06128207 0.030025572 0.99766874
vn -0.058098096 0.035799973 -0.99766874
vn -0.058098096 0.035799973 0.99766874
vn -0.058098096 0.035799973 0.99766874
vn -0.054371677 0.041240122 -0.99766874
vn -0.054371677 0.041240122 0.99766874
vn -0.054371677 0.041240122 0.99766874
vn -0.050137606 0.046295222 -0.99766874
vn -0.050137606 0.046295222 0.99766874
vn -0.04543541 0.050918076 -0.99766874
vn -0.04543541 0.050918076 0.99766874
vn -5.23683E-15 -1.7222714E-15 -1
vn -1.1577523E-15 1.5815881E-15 -1
vn 0 0 -1
vn 0 0 -1
vn -3.6168333E-17 4.940902E-17 1
vn 0 0 1
vn 0 0 1
vn 1.3010426E-15 0 1
vn 0 0 -1
vn 0.70710677 0 -0.70710677
vn 0 0 1
vn 0.70710677 1.5700924E-16 0.70710677
vn 0 0 -1
vn 0.7053843 0.049325276 -0.70710677
vn 0 0 1
vn 0.7053843 0.049325276 0.70710677
vn 0 0 -1
vn 0.7053843 -0.049325276 -0.70710677
vn 0 0 1
vn 0.7053843 -0.049325276 0.70710677
vn 0 0 -1
vn 0.7002253 0.09841024 -0.70710677
vn 0 0 1
vn 0.7002253 0.09841024 0.70710677
vn 0 0 -1
vn 0.7002253 -0.09841024 -0.70710677
vn 0 0 1
vn 0.7002253 -0.09841024 0.70710677
vn 0 0 -1
vn 0.6916548 0.14701577 -0.70710677
vn 0 0 1
vn 0.6916548 0.14701577 0.70710677
vn 0 0 -1
vn 0.6916548 -0.14701577 -0.70710677
vn 0 0 1
vn 0.6916548 -0.14701577 0.70710677
vn 0 0 -1
vn 0.6797147 0.19490504 -0.70710677
vn 0 0 1
vn 0.6797147 0.19490504 0.70710677
vn 0 0 -1
vn 0.6797147 -0.19490504 -0.70710677
vn 0 0 1
vn 0.6797147 -0.19490504 0.70710677
vn 0 0 -1
vn 0.66446304 0.24184476 -0.70710677
vn 0 0 1
vn 0.66446304 0.24184476 0.70710677
vn 0 0 -1
vn 0.66446304 -0.24184476 -0.70710677
vn 0 0 1
vn 0.66446304 -0.24184476 0.70710677
vn 0.70710677 0 -0.70710677
vn 1 2.4492937E-16 0
vn 0.70710677 1.5700924E-16 0.70710677
vn 1 2.4492937E-16 0
vn 0.7053843 0.049325276 -0.70710677
vn 0.9975641 0.06975647 0
vn 0.7053843 0.049325276 0.70710677
vn 0.9975641 0.06975647 0
vn 0.7053843 -0.049325276 -0.70710677
vn 0.9975641 -0.06975647 0
vn 0.7053843 -0.049325276 0.70710677
vn 0.9975641 -0.06975647 0
vn 0.7002253 0.09841024 -0.70710677
vn 0.99026805 0.1391731 0
vn 0.7002253 0.09841024 0.70710677
vn 0.99026805 0.1391731 0
vn 0.7002253 -0.09841024 -0.70710677
vn 0.99026805 -0.1391731 0
vn 0.7002253 -0.09841024 0.70710677
vn 0.99026805 -0.1391731 0
vn 0 0 -1
vn 0.64597416 0.28760624 -0.70710677
vn 0 0 1
vn 0.64597416 0.28760624 0.70710677
vn 0 0 -1
vn 0.64597416 -0.28760624 -0.70710677
vn 0 0 1
vn 0.64597416 -0.28760624 0.70710677
vn 0.6916548 0.14701577 -0.70710677
vn 0.9781476 0.20791169 0
vn 0.6916548 0.14701577 0.70710677
vn 0.9781476 0.20791169 0
vn 0.6916548 -0.14701577 -0.70710677
vn 0.9781476 -0.20791169 0
vn 0.6916548 -0.14701577 0.70710677
vn 0.9781476 -0.20791169 0
vn 0.6797147 0.19490504 -0.70710677
vn 0.9612617 0.27563736 0
vn 0.6797147 0.19490504 0.70710677
vn 0.9612617 0.27563736 0
vn 0.6797147 -0.19490504 -0.70710677
vn 0.9612617 -0.27563736 0
vn 0.6797147 -0.19490504 0.70710677
vn 0.9612617 -0.27563736 0
vn 0 0 -1
vn 0.6243382 0.33196652 -0.70710677
vn 0 0 1
vn 0.6243382 0.33196652 0.70710677
vn 0 0 -1
vn 0.6243382 -0.33196652 -0.70710677
vn 0 0 1
vn 0.6243382 -0.33196652 0.70710677
vn 0.66446304 0.24184476 -0.70710677
vn 0.9396926 0.34202015 0
vn 0.66446304 0.24184476 0.70710677
vn 0.9396926 0.34202015 0
vn 0.66446304 -0.24184476 -0.70710677
vn 0.9396926 -0.34202015 0
vn 0.66446304 -0.24184476 0.70710677
vn 0.9396926 -0.34202015 0
vn 0.64597416 0.28760624 -0.70710677
vn 0.9135454 0.40673664 0
vn 0.64597416 0.28760624 0.70710677
vn 0.9135454 0.40673664 0
vn 0.64597416 -0.28760624 -0.70710677
vn 0.9135454 -0.40673664 0
vn 0.64597416 -0.28760624 0.70710677
vn 0.9135454 -0.40673664 0
vn 0 0 -1
vn 0.5996606 0.37470952 -0.70710677
vn 0 0 1
vn 0.5996606 0.37470952 0.70710677
vn 0 0 -1
vn 0.5996606 -0.37470952 -0.70710677
vn 0 0 1
vn 0.5996606 -0.37470952 0.70710677
vn 0.6243382 0.33196652 -0.70710677
vn 0.88294756 0.46947157 0
vn 0.6243382 0.33196652 0.70710677
vn 0.88294756 0.46947157 0
vn 0.6243382 -0.33196652 -0.70710677
vn 0.88294756 -0.46947157 0
vn 0.6243382 -0.33196652 0.70710677
vn 0.88294756 -0.46947157 0
vn 0 0 -1
vn 0.5720614 0.41562694 -0.70710677
vn 0 0 1
vn 0.5720614 0.41562694 0.70710677
vn 0 0 -1
vn 0.5720614 -0.41562694 -0.70710677
vn 0 0 1
vn 0.5720614 -0.41562694 0.70710677
vn 0.5996606 0.37470952 -0.70710677
vn 0.8480481 0.52991927 0
vn 0.5996606 0.37470952 0.70710677
vn 0.8480481 0.52991927 0
vn 0.5996606 -0.37470952 -0.70710677
vn 0.8480481 -0.52991927 0
vn 0.5996606 -0.37470952 0.70710677
vn 0.8480481 -0.52991927 0
vn 0 0 -1
vn 0.5416752 0.45451948 -0.70710677
vn 0 0 1
vn 0.5416752 0.45451948 0.70710677
vn 0 0 -1
vn 0.5416752 -0.45451948 -0.70710677
vn 0 0 1
vn 0.5416752 -0.45451948 0.70710677
vn 0.5720614 0.41562694 -0.70710677
vn 0.809017 0.58778524 0
vn 0.5720614 0.41562694 0.70710677
vn 0.809017 0.58778524 0
vn 0.5720614 -0.41562694 -0.70710677
vn 0.809017 -0.58778524 0
vn 0.5720614 -0.41562694 0.70710677
vn 0.809017 -0.58778524 0
vn 0 0 -1
vn 0.50865006 0.49119765 -0.70710677
vn 0 0 1
vn 0.50865006 0.49119765 0.70710677
vn 0 0 -1
vn 0.50865006 -0.49119765 -0.70710677
vn 0 0 1
vn 0.50865006 -0.49119765 0.70710677
vn 0.5416752 0.45451948 -0.70710677
vn 0.76604444 0.64278764 0
vn 0.5416752 0.45451948 0.70710677
vn 0.76604444 0.64278764 0
vn 0.5416752 -0.45451948 -0.70710677
vn 0.76604444 -0.64278764 0
vn 0.5416752 -0.45451948 0.70710677
vn 0.76604444 -0.64278764 0
vn 0.50865006 0.49119765 -0.70710677
vn 0.7193398 0.6946584 0
vn 0.7193398 0.6946584 0
vn 0.50865006 0.49119765 0.70710677
vn 0.7193398 0.6946584 0
vn 0.7193398 0.6946584 0
vn 0.50865006 -0.49119765 -0.70710677
vn 0.7193398 -0.6946584 0
vn 0.7193398 -0.6946584 0
vn 0.50865006 -0.49119765 0.70710677
vn 0.7193398 -0.6946584 0
vn 0.7193398 -0.6946584 0
vn 0 0 -1
vn 0.4731468 0.5254828 -0.70710677
vn 0 0 1
vn 0.4731468 0.5254828 0.70710677
vn 0 0 -1
vn 0.4731468 -0.5254828 -0.70710677
vn 0 0 1
vn 0.4731468 -0.5254828 0.70710677
vn -5.23683E-15 -1.7222714E-15 -1
vn 0 0 -1
vn 0 0 1
vn 1.3010426E-15 0 1
vn 0.4731468 0.5254828 -0.70710677
vn 0.6691306 0.7431448 0
vn 0.4731468 0.5254828 0.70710677
vn 0.6691306 0.7431448 0
vn 0.4731468 -0.5254828 -0.70710677
vn 0.6691306 -0.7431448 0
vn 0.4731468 -0.5254828 0.70710677
vn 0.6691306 -0.7431448 0
vn 0 0 -1
vn 0.4353384 0.55720776 -0.70710677
vn 0 0 1
vn 0.4353384 0.55720776 0.70710677
vn 0 0 -1
vn 0.4353384 -0.55720776 -0.70710677
vn 0 0 1
vn 0.4353384 -0.55720776 0.70710677
vn 0.4353384 0.55720776 -0.70710677
vn 0.6156615 0.7880108 0
vn 0.4353384 0.55720776 0.70710677
vn 0.6156615 0.7880108 0
vn 0.4353384 -0.55720776 -0.70710677
vn 0.6156615 -0.7880108 0
vn 0.4353384 -0.55720776 0.70710677
vn 0.6156615 -0.7880108 0
vn 0 0 -1
vn 0.3954091 0.5862181 -0.70710677
vn 0 0 1
vn 0.3954091 0.5862181 0.70710677
vn 0 0 -1
vn 0.3954091 -0.5862181 -0.70710677
vn 0 0 1
vn 0.3954091 -0.5862181 0.70710677
vn 0.3954091 0.5862181 -0.70710677
vn 0.5591929 0.82903755 0
vn 0.3954091 0.5862181 0.70710677
vn 0.5591929 0.82903755 0
vn 0.3954091 -0.5862181 -0.70710677
vn 0.5591929 -0.82903755 0
vn 0.3954091 -0.5862181 0.70710677
vn 0.5591929 -0.82903755 0
vn 0 0 -1
vn 0.35355338 0.61237246 -0.70710677
vn 0 0 1
vn 0.35355338 0.61237246 0.70710677
vn 0 0 -1
vn 0.35355338 -0.61237246 -0.70710677
vn 0 0 1
vn 0.35355338 -0.61237246 0.70710677
vn 0.35355338 0.61237246 -0.70710677
vn 0.5 0.8660254 0
vn 0.35355338 0.61237246 0.70710677
vn 0.5 0.8660254 0
vn 0.35355338 -0.61237246 -0.70710677
vn 0.5 -0.8660254 0
vn 0.35355338 -0.61237246 0.70710677
vn 0.5 -0.8660254 0
vn 0 0 -1
vn 0.3099752 0.63554335 -0.70710677
vn 0 0 1
vn 0.3099752 0.63554335 0.70710677
vn 0 0 -1
vn 0.3099752 -0.63554335 -0.70710677
vn 0 0 1
vn 0.3099752 -0.63554335 0.70710677
vn 0.3099752 0.63554335 -0.70710677
vn 0.43837115 0.89879405 0
vn 0.3099752 0.63554335 0.70710677
vn 0.43837115 0.89879405 0
vn 0.3099752 -0.63554335 -0.70710677
vn 0.43837115 -0.89879405 0
vn 0.3099752 -0.63554335 0.70710677
vn 0.43837115 -0.89879405 0
vn 0 0 -1
vn 0.26488686 0.655618 -0.70710677
vn 0 0 1
vn 0.26488686 0.655618 0.70710677
vn 0 0 -1
vn 0.26488686 -0.655618 -0.70710677
vn 0 0 1
vn 0.26488686 -0.655618 0.70710677
vn -0.9499457 -0.31241503 0
vn -0.9499457 -0.31241503 0
vn -0.9499457 -0.31241503 1.2246469E-16
vn -0.9499457 -0.31241503 0
vn -0.94109786 -0.30950516 -0.13616665
vn -0.94109786 -0.30950516 -0.13616665
vn -0.94109786 -0.30950516 -0.13616665
vn -0.94109786 -0.30950516 0.13616665
vn -0.9153586 -0.40263954 -4.3368087E-16
vn -0.9153586 -0.40263954 0
vn -0.91471916 -0.30082983 -0.26979676
vn -0.90683293 -0.39888933 -0.13616665
vn -0.90683293 -0.39888933 -0.13616665
vn -0.90683293 -0.39888933 0.13616665
vn -0.89722115 -0.44158152 -4.3368087E-16
vn -0.89722115 -0.44158152 1.7347235E-15
vn -0.89621305 -0.39421797 0.20345601
vn -0.8950967 -0.29437646 0.3348796
vn -0.87222505 -0.48910472 -4.3368087E-16
vn -0.87222505 -0.48910472 0
vn -0.8641011 -0.48454916 -0.13616665
vn -0.8641011 -0.48454916 -0.13616665
vn -0.8641011 -0.48454916 0.13616665
vn -0.8625066 -0.3793915 0.3348796
vn -0.84344274 -0.2773887 -0.46006504
vn -0.84344274 -0.2773887 0.46006504
vn -0.8398806 -0.47096738 -0.26979676
vn -0.8398806 -0.47096738 0.26979676
vn -0.83957726 -0.36930552 -0.39840108
vn -0.8218636 -0.46086428 0.3348796
vn -0.82094777 -0.57100326 -4.3368087E-16
vn -0.82094777 -0.57100326 0
vn -0.81330144 -0.5656849 0.13616665
vn -0.8127334 -0.3574977 0.46006504
vn -0.81165206 -0.26693344 -0.51958394
vn -0.8037769 -0.5590602 -0.20345601
vn 0.26488686 0.655618 -0.70710677
vn 0.37460658 0.92718387 0
vn 0.26488686 0.655618 0.70710677
vn 0.37460658 0.92718387 0
vn 0.26488686 -0.655618 -0.70710677
vn 0.37460658 -0.92718387 0
vn 0.26488686 -0.655618 0.70710677
vn 0.37460658 -0.92718387 0
vn -0.7905048 -0.5498289 0.26979676
vn -0.78210014 -0.34402305 -0.51958394
vn -0.77607703 -0.25523368 0.5766803
vn -0.77443576 -0.43426886 -0.46006504
vn -0.77443576 -0.43426886 0.46006504
vn -0.773547 -0.5380341 -0.3348796
vn -0.76200557 -0.6475705 -4.3368087E-16
vn -0.76200557 -0.6475705 0
vn -0.7549082 -0.641539 -0.13616665
vn -0.7549082 -0.641539 0.13616665
vn -0.7529826 -0.52373064 -0.39840108
vn -0.7529826 -0.52373064 0.39840108
vn -0.71800804 -0.6101804 -0.3348796
vn -0.71800804 -0.6101804 0.3348796
vn -0.71258163 -0.39958382 0.5766803
vn -0.71005404 -0.31233203 -0.63108796
vn -0.71005404 -0.31233203 0.63108796
vn -0.7014337 -0.48787627 0.51958394
vn -0.69594866 -0.71809155 -4.3368087E-16
vn -0.69594866 -0.71809155 0
vn -0.6942545 -0.22832413 -0.6825532
vn -0.6942545 -0.22832413 -0.6825532
vn -0.6942545 -0.22832413 0.6825532
vn -0.68946654 -0.7114032 0.13616665
vn -0.68139225 -0.703072 -0.20345601
vn -0.67657346 -0.5749683 -0.46006504
vn -0.67657346 -0.5749683 0.46006504
vn 0 0 -1
vn 0.70710677 0 -0.70710677
vn 0 0 1
vn 0.70710677 1.5700924E-16 0.70710677
vn -0.670141 -0.69146276 0.26979676
vn 0 0 -1
vn 0.7053843 0.049325276 -0.70710677
vn 0 0 1
vn 0.7053843 0.049325276 0.70710677
vn 0 0 -1
vn 0.7053843 -0.049325276 -0.70710677
vn 0 0 1
vn 0.7053843 -0.049325276 0.70710677
vn -0.65576524 -0.6766296 -0.3348796
vn -0.65576524 -0.6766296 0.3348796
vn -0.6400449 -0.7683375 -4.3368087E-16
vn -0.6400449 -0.7683375 -4.3368087E-16
vn -0.6400449 -0.7683375 0
vn -0.6400449 -0.7683375 0
vn -0.63681847 -0.44293368 0.63108796
vn -0.6225356 -0.5290456 -0.5766803
vn -0.6225356 -0.5290456 -0.5766803
vn -0.6225356 -0.5290456 0.5766803
vn -0.61792254 -0.6375829 0.46006504
vn -0.61758757 -0.77462524 -0.13616665
vn -0.61758757 -0.77462524 -0.13616665
vn -0.61758757 -0.77462524 0.13616665
vn 0 0 -1
vn 0.7002253 0.09841024 -0.70710677
vn 0 0 1
vn 0.7002253 0.09841024 0.70710677
vn 0 0 -1
vn 0.7002253 -0.09841024 -0.70710677
vn 0 0 1
vn 0.7002253 -0.09841024 0.70710677
vn -0.60027677 -0.7529127 -0.26979676
vn -0.60027677 -0.7529127 -0.26979676
vn -0.59997815 -0.41730973 -0.6825532
vn -0.59997815 -0.41730973 -0.6825532
vn -0.5994993 -0.19716135 -0.7757113
vn -0.5994993 -0.19716135 0.7757113
vn -0.59533995 -0.33383995 0.730836
vn -0.594632 -0.6135514 -0.51958394
vn -0.5873997 -0.73676133 0.3348796
vn -0.5873997 -0.73676133 0.3348796
vn -0.5873997 -0.73676133 0.3348796
vn -0.5717839 -0.7171748 0.39840108
vn -0.5717839 -0.7171748 0.39840108
vn -0.5685691 -0.5866592 0.5766803
vn -0.5603405 -0.38974008 -0.730836
vn -0.5535022 -0.6942445 -0.46006504
vn -0.5450187 -0.8384239 -4.3368087E-16
vn -0.5450187 -0.8384239 -4.3368087E-16
vn -0.5450187 -0.8384239 0
vn -0.5450187 -0.8384239 0
vn -0.5399423 -0.8306148 -0.13616665
vn -0.5399423 -0.8306148 0.13616665
vn -0.5399423 -0.8306148 0.13616665
vn -0.53985524 -0.5570317 -0.63108796
vn -0.53985524 -0.5570317 -0.63108796
vn -0.5336191 -0.8208875 0.20345601
vn -0.5336191 -0.8208875 0.20345601
vn -0.5326398 -0.66807735 -0.51958394
vn -0.5248079 -0.8073329 -0.26979676
vn -0.5248079 -0.8073329 -0.26979676
vn -0.5201093 -0.44200128 0.730836
vn 0 0 -1
vn 0.6916548 0.14701577 -0.70710677
vn 0 0 1
vn 0.6916548 0.14701577 0.70710677
vn 0 0 -1
vn 0.6916548 -0.14701577 -0.70710677
vn 0 0 1
vn 0.6916548 -0.14701577 0.70710677
vn -0.502995 -0.28205708 0.8169699
vn -0.49989727 -0.7690119 -0.39840108
vn -0.49989727 -0.7690119 -0.39840108
vn -0.49989727 -0.7690119 0.39840108
vn -0.49989727 -0.7690119 0.39840108
vn 0 0 -1
vn 0.218508 0.6724985 -0.70710677
vn 0 0 1
vn 0.218508 0.6724985 0.70710677
vn 0 0 -1
vn 0.218508 -0.6724985 -0.70710677
vn 0 0 1
vn 0.218508 -0.6724985 0.70710677
vn -0.49357656 -0.16232583 0.8544194
vn -0.483914 -0.7444242 0.46006504
vn -0.483914 -0.7444242 0.46006504
vn -0.46567452 -0.7163657 -0.51958394
vn -0.46155474 -0.8871117 -4.3368087E-16
vn -0.46155474 -0.8871117 0
vn -0.45725578 -0.87884915 -0.13616665
vn -0.45725578 -0.87884915 0.13616665
vn -0.44526383 -0.6849671 -0.5766803
vn -0.44526383 -0.6849671 -0.5766803
vn -0.44526383 -0.6849671 0.5766803
vn -0.44526383 -0.6849671 0.5766803
vn -0.4394336 -0.37344116 0.8169699
vn -0.4370368 -0.14373122 -0.8878852
vn -0.434905 -0.8358907 -0.3348796
vn -0.434905 -0.8358907 0.3348796
vn -0.434905 -0.8358907 0.3348796
vn -0.4233432 -0.8136689 0.39840108
vn -0.4233432 -0.8136689 0.39840108
vn -0.40980762 -0.7876534 -0.46006504
vn -0.40980762 -0.7876534 -0.46006504
vn -0.40128025 -0.22501998 -0.8878852
vn -0.3983192 -0.61275035 -0.6825532
vn -0.3983192 -0.61275035 -0.6825532
vn -0.3983192 -0.61275035 0.6825532
vn -0.3983192 -0.61275035 0.6825532
vn -0.39592585 -0.33646724 -0.8544194
vn -0.39436132 -0.7579655 0.51958394
vn -0.39341637 -0.4934527 -0.7757113
vn 0 0 -1
vn 0.6797147 0.19490504 -0.70710677
vn 0 0 1
vn 0.6797147 0.19490504 0.70710677
vn 0 0 -1
vn 0.6797147 -0.19490504 -0.70710677
vn 0 0 1
vn 0.6797147 -0.19490504 0.70710677
vn -0.3776894 -0.26269865 0.8878852
vn -0.37378138 -0.9275168 -4.3368087E-16
vn -0.37378138 -0.9275168 0
vn -0.37378138 -0.9275168 -4.3368087E-16
vn -0.37378138 -0.9275168 0
vn -0.37029997 -0.9188779 -0.13616665
vn -0.37029997 -0.9188779 0.13616665
vn -0.36160374 -0.37310883 0.8544194
vn -0.35992056 -0.893122 -0.26979676
vn -0.35992056 -0.893122 0.26979676
vn -0.3580332 -0.6881426 -0.63108796
vn -0.3580332 -0.6881426 -0.63108796
vn -0.3580332 -0.6881426 -0.63108796
vn -0.35219958 -0.8739629 -0.3348796
vn -0.3439547 -0.52911925 -0.7757113
vn -0.3439547 -0.52911925 0.7757113
vn -0.3439547 -0.52911925 0.7757113
vn -0.3428365 -0.8507289 0.39840108
vn -0.3428365 -0.8507289 0.39840108
vn 0.218508 0.6724985 -0.70710677
vn 0.309017 0.95105654 0
vn 0.218508 0.6724985 0.70710677
vn 0.309017 0.95105654 0
vn 0.218508 -0.6724985 -0.70710677
vn 0.309017 -0.95105654 0
vn 0.218508 -0.6724985 0.70710677
vn 0.309017 -0.95105654 0
vn -0.33187497 -0.82352847 -0.46006504
vn -0.31936607 -0.7924884 0.51958394
vn -0.31811744 -0.10462142 -0.9422609
vn -0.31811744 -0.10462142 0.9422609
vn -0.31811744 -0.10462142 0.9422609
vn -0.31430152 -0.48350257 -0.8169699
vn -0.30653495 -0.13483578 0.9422609
vn -0.30653495 -0.13483578 0.9422609
vn -0.30358383 -0.2579928 -0.9172113
vn -0.28680173 -0.35972852 0.8878852
vn -0.28680173 -0.35972852 0.8878852
vn -0.28185955 -0.9570257 0.068242416
vn -0.27988675 -0.95032734 -0.13616665
vn -0.27660903 -0.93919814 -0.20345601
vn -0.2731729 -0.67786264 -0.6825532
vn -0.2731729 -0.67786264 -0.6825532
vn -0.2731729 -0.67786264 0.6825532
vn -0.27204162 -0.9236899 0.26979676
vn -0.26620582 -0.90387505 0.3348796
vn -0.26620582 -0.90387505 0.3348796
vn -0.25912884 -0.8798459 -0.39840108
vn -0.25084367 -0.8517145 0.46006504
vn -0.25084367 -0.8517145 0.46006504
vn -0.24138899 -0.819612 -0.51958394
vn -0.23981643 -0.46092904 0.8544194
vn -0.23981643 -0.46092904 0.8544194
vn -0.23588893 -0.5853447 0.7757113
vn 0 0 -1
vn 0.66446304 0.24184476 -0.70710677
vn 0 0 1
vn 0.66446304 0.24184476 0.70710677
vn 0 0 -1
vn 0.66446304 -0.24184476 -0.70710677
vn 0 0 1
vn 0.66446304 -0.24184476 0.70710677
vn -0.21915253 -0.74411035 0.63108796
vn -0.21555237 -0.5348807 -0.8169699
vn -0.20647442 -0.70106316 -0.6825532
vn -0.20647442 -0.70106316 -0.6825532
vn -0.20441352 -0.97888464 -4.3368087E-16
vn -0.20441352 -0.97888464 1.7347235E-15
vn -0.19327217 -0.06356271 -0.9790841
vn -0.19283365 -0.65474725 -0.730836
vn -0.18861713 -0.9820507 -4.3368087E-16
vn -0.18861713 -0.9820507 0
vn -0.18686032 -0.97290385 -0.13616665
vn -0.18686032 -0.97290385 0.13616665
vn -0.18467201 -0.96151024 0.20345601
vn -0.1838839 -0.35342628 -0.9172113
vn -0.1838839 -0.35342628 0.9172113
vn -0.1838839 -0.35342628 0.9172113
vn -0.18162268 -0.9456336 -0.26979676
vn -0.17772654 -0.925348 -0.3348796
vn 0.70710677 0 -0.70710677
vn 1 2.4492937E-16 0
vn 1 2.4492937E-16 0
vn 0.70710677 1.5700924E-16 0.70710677
vn 1 2.4492937E-16 0
vn 1 2.4492937E-16 0
vn -0.17300175 -0.900748 0.39840108
vn -0.17300175 -0.900748 0.39840108
vn -0.16818966 -0.21095625 0.96291727
vn -0.16747035 -0.8719483 0.46006504
vn -0.16115813 -0.8390832 -0.51958394
vn 0.7053843 0.049325276 -0.70710677
vn 0.9975641 0.06975647 0
vn 0.7053843 0.049325276 0.70710677
vn 0.9975641 0.06975647 0
vn 0.7053843 -0.049325276 -0.70710677
vn 0.9975641 -0.06975647 0
vn 0.7053843 -0.049325276 0.70710677
vn 0.9975641 -0.06975647 0
vn -0.15503462 -0.13175212 -0.9790841
vn -0.13563204 -0.99075925 -4.3368087E-16
vn -0.13563204 -0.99075925 1.7347235E-15
vn -0.12935093 -0.042540506 0.99068594
vn -0.1287412 -0.6703018 0.730836
vn -0.10877178 -0.5663293 -0.8169699
vn 0.7002253 0.09841024 -0.70710677
vn 0.99026805 0.1391731 0
vn 0.7002253 0.09841024 0.70710677
vn 0.99026805 0.1391731 0
vn 0.7002253 -0.09841024 -0.70710677
vn 0.99026805 -0.1391731 0
vn 0.7002253 -0.09841024 0.70710677
vn 0.99026805 -0.1391731 0
vn -0.09800243 -0.5102578 0.8544194
vn -0.092089236 -0.9863966 -0.13616665
vn -0.092089236 -0.9863966 0.13616665
vn -0.09101078 -0.97484493 -0.20345601
vn -0.089508 -0.95874816 0.26979676
vn -0.087587886 -0.9381812 -0.3348796
vn -0.08525939 -0.9132401 0.39840108
vn -0.08525939 -0.9132401 0.39840108
vn -0.08253339 -0.88404095 -0.46006504
vn -0.07622249 -0.25880578 -0.96291727
vn -0.07594145 -0.8134327 -0.5766803
vn -0.07594145 -0.8134327 0.5766803
vn -0.066189766 -0.997807 -4.3368087E-16
vn -0.066189766 -0.997807 0
vn -0.064826585 -0.021319956 -0.99766874
vn -0.062466282 -0.027477093 -0.99766874
vn -0.062466282 -0.027477093 0.99766874
vn -0.059522744 -0.033377685 -0.99766874
vn -0.059522744 -0.033377685 0.99766874
vn -0.05602346 -0.03896664 -0.99766874
vn -0.05602346 -0.03896664 0.99766874
vn -0.053605333 -0.57418346 0.8169699
vn -0.052001096 -0.044191774 -0.99766874
vn -0.052001096 -0.044191774 0.99766874
vn -0.047493216 -0.0490043 -0.99766874
vn -0.047493216 -0.0490043 0.99766874
vn -0.042541903 -0.053359285 -0.99766874
vn -0.042541903 -0.053359285 0.99766874
vn -0.037193388 -0.05721607 -0.99766874
vn -0.037193388 -0.05721607 0.99766874
vn -0.037033383 -0.39667612 -0.9172113
vn -0.03149761 -0.060538646 -0.99766874
vn -0.03149761 -0.060538646 0.99766874
vn 0 0 -1
vn 0.64597416 0.28760624 -0.70710677
vn 0 0 1
vn 0.64597416 0.28760624 0.70710677
vn 0 0 -1
vn 0.64597416 -0.28760624 -0.70710677
vn 0 0 1
vn 0.64597416 -0.28760624 0.70710677
vn -0.025507744 -0.06329599 -0.99766874
vn -0.025507744 -0.06329599 0.99766874
vn 0.6916548 0.14701577 -0.70710677
vn 0.9781476 0.20791169 0
vn 0.6916548 0.14701577 0.70710677
vn 0.9781476 0.20791169 0
vn 0.6916548 -0.14701577 -0.70710677
vn 0.9781476 -0.20791169 0
vn 0.6916548 -0.14701577 0.70710677
vn 0.9781476 -0.20791169 0
vn -0.01927972 -0.06546235 -0.99766874
vn -0.01927972 -0.06546235 0.99766874
vn -0.012871687 -0.06701751 -0.99766874
vn -0.012871687 -0.06701751 0.99766874
vn -0.006343475 -0.06794695 -0.99766874
vn -0.006343475 -0.06794695 0.99766874
vn -5.23683E-15 -1.7222714E-15 -1
vn -1.3552527E-17 4.2703695E-15 -1
vn 0 0 -1
vn 0 0 -1
vn 0 0 1
vn 0 0 1
vn 0 7.2622487E-16 1
vn 1.3010426E-15 0 1
vn 0.00048679195 -0.13616578 -0.99068594
vn 0.00048679195 -0.13616578 0.99068594
vn 0.0011971853 -0.33487746 -0.9422609
vn 0.0011971853 -0.33487746 0.9422609
vn 0.0014242727 -0.39839855 0.9172113
vn 0.0016447196 -0.4600621 -0.8878852
vn 0.0018574981 -0.5195806 0.8544194
vn 0.0022561217 -0.6310839 -0.7757113
vn 0.0022561217 -0.6310839 0.7757113
vn 0.0024401082 -0.68254876 0.730836
vn 0.0026127181 -0.73083127 -0.6825532
vn 0.0026127181 -0.73083127 -0.6825532
vn 0.0027731461 -0.77570635 0.63108796
vn 0.0030545255 -0.8544139 -0.51958394
vn 0.0030545255 -0.8544139 0.51958394
vn 0.0032790047 -0.91720545 0.39840108
vn 0.0032790047 -0.91720545 0.39840108
vn 0.0033685563 -0.9422549 -0.3348796
vn 0.0034424022 -0.9629111 0.26979676
vn 0.003500198 -0.9790778 -0.20345601
vn 0.0035416745 -0.9906796 0.13616665
vn 0.0035666379 -0.99766237 -0.068242416
vn 0.0035749718 -0.9999936 0
vn 0.0035749718 -0.9999936 0
vn 0.0035749718 -0.9999936 1.2246469E-16
vn 0.0035749718 -0.9999936 0
vn 0 0 -1
vn 0.17106462 0.6861027 -0.70710677
vn 0 0 1
vn 0.17106462 0.6861027 0.70710677
vn 0 0 1
vn 0.17106462 -0.6861027 0.70710677
vn 0.6797147 0.19490504 -0.70710677
vn 0.9612617 0.27563736 0
vn 0.6797147 0.19490504 0.70710677
vn 0.9612617 0.27563736 0
vn 0.6797147 -0.19490504 -0.70710677
vn 0.9612617 -0.27563736 0
vn 0.6797147 -0.19490504 0.70710677
vn 0.9612617 -0.27563736 0
vn 0.17106462 0.6861027 -0.70710677
vn 0.2419219 0.9702957 0
vn 0.17106462 0.6861027 0.70710677
vn 0.2419219 0.9702957 0
vn 0.17106462 -0.6861027 -0.70710677
vn 0.2419219 -0.9702957 0
vn 0.17106462 -0.6861027 0.70710677
vn 0.2419219 -0.9702957 0
vn 0 0 -1
vn 0.6243382 0.33196652 -0.70710677
vn 0 0 1
vn 0.6243382 0.33196652 0.70710677
vn 0 0 -1
vn 0.6243382 -0.33196652 -0.70710677
vn 0 0 1
vn 0.6243382 -0.33196652 0.70710677
vn 0.66446304 0.24184476 -0.70710677
vn 0.9396926 0.34202015 0
vn 0.66446304 0.24184476 0.70710677
vn 0.9396926 0.34202015 0
vn 0.66446304 -0.24184476 -0.70710677
vn 0.9396926 -0.34202015 0
vn 0.66446304 -0.24184476 0.70710677
vn 0.9396926 -0.34202015 0
vn 0.64597416 0.28760624 -0.70710677
vn 0.9135454 0.40673664 0
vn 0.64597416 0.28760624 0.70710677
vn 0.9135454 0.40673664 0
vn 0.64597416 -0.28760624 -0.70710677
vn 0.9135454 -0.40673664 0
vn 0.64597416 -0.28760624 0.70710677
vn 0.9135454 -0.40673664 0
vn 0 0 -1
vn 0.5996606 0.37470952 -0.70710677
vn 0 0 1
vn 0.5996606 0.37470952 0.70710677
vn 0 0 -1
vn 0.5996606 -0.37470952 -0.70710677
vn 0 0 1
vn 0.5996606 -0.37470952 0.70710677
vn 0 0 -1
vn 0.1227878 0.6963642 -0.70710677
vn 0 0 1
vn 0.1227878 0.6963642 0.70710677
vn 0 0 -1
vn 0.1227878 -0.6963642 -0.70710677
vn 0 0 1
vn 0.1227878 -0.6963642 0.70710677
vn 0.1227878 0.6963642 -0.70710677
vn 0.17364818 0.9848077 0
vn 0.1227878 0.6963642 0.70710677
vn 0.17364818 0.9848077 0
vn 0.1227878 -0.6963642 -0.70710677
vn 0.17364818 -0.9848077 0
vn 0.1227878 -0.6963642 0.70710677
vn 0.17364818 -0.9848077 0
vn 0.6243382 0.33196652 -0.70710677
vn 0.88294756 0.46947157 0
vn 0.6243382 0.33196652 0.70710677
vn 0.88294756 0.46947157 0
vn 0.6243382 -0.33196652 -0.70710677
vn 0.88294756 -0.46947157 0
vn 0.6243382 -0.33196652 0.70710677
vn 0.88294756 -0.46947157 0
vn 0 0 -1
vn 0.5720614 0.41562694 -0.70710677
vn 0 0 1
vn 0.5720614 0.41562694 0.70710677
vn 0 0 -1
vn 0.5720614 -0.41562694 -0.70710677
vn 0 0 1
vn 0.5720614 -0.41562694 0.70710677
vn 0.5996606 0.37470952 -0.70710677
vn 0.8480481 0.52991927 0
vn 0.5996606 0.37470952 0.70710677
vn 0.8480481 0.52991927 0
vn 0.5996606 -0.37470952 -0.70710677
vn 0.8480481 -0.52991927 0
vn 0.5996606 -0.37470952 0.70710677
vn 0.8480481 -0.52991927 0
vn 0 0 -1
vn 0.073912784 0.7032332 -0.70710677
vn 0 0 1
vn 0.073912784 0.7032332 0.70710677
vn 0 0 -1
vn 0.073912784 -0.7032332 -0.70710677
vn 0 0 1
vn 0.073912784 -0.7032332 0.70710677
vn 0 0 -1
vn 0.5416752 0.45451948 -0.70710677
vn 0 0 1
vn 0.5416752 0.45451948 0.70710677
vn 0 0 -1
vn 0.5416752 -0.45451948 -0.70710677
vn 0 0 1
vn 0.5416752 -0.45451948 0.70710677
vn 0.073912784 0.7032332 -0.70710677
vn 0.104528464 0.9945219 0
vn 0.073912784 0.7032332 0.70710677
vn 0.104528464 0.9945219 0
vn 0.073912784 -0.7032332 -0.70710677
vn 0.104528464 -0.9945219 0
vn 0.073912784 -0.7032332 0.70710677
vn 0.104528464 -0.9945219 0
vn 0.5720614 0.41562694 -0.70710677
vn 0.809017 0.58778524 0
vn 0.5720614 0.41562694 0.70710677
vn 0.809017 0.58778524 0
vn 0.5720614 -0.41562694 -0.70710677
vn 0.809017 -0.58778524 0
vn 0.5720614 -0.41562694 0.70710677
vn 0.809017 -0.58778524 0
vn 0 0 -1
vn 0.50865006 0.49119765 -0.70710677
vn 0 0 1
vn 0.50865006 0.49119765 0.70710677
vn 0 0 -1
vn 0.50865006 -0.49119765 -0.70710677
vn 0 0 1
vn 0.50865006 -0.49119765 0.70710677
vn 0.5416752 0.45451948 -0.70710677
vn 0.76604444 0.64278764 0
vn 0.5416752 0.45451948 0.70710677
vn 0.76604444 0.64278764 0
vn 0.5416752 -0.45451948 -0.70710677
vn 0.76604444 -0.64278764 0
vn 0.5416752 -0.45451948 0.70710677
vn 0.76604444 -0.64278764 0
vn 0 0 -1
vn 0.024677671 0.706676 -0.70710677
vn 0 0 1
vn 0.024677671 0.706676 0.70710677
vn 0 0 -1
vn 0.024677671 -0.706676 -0.70710677
vn 0 0 1
vn 0.024677671 -0.706676 0.70710677
vn 0.024677671 0.706676 -0.70710677
vn 0.034899496 0.99939084 0
vn 0.024677671 0.706676 0.70710677
vn 0.034899496 0.99939084 0
vn 0.024677671 -0.706676 -0.70710677
vn 0.034899496 -0.99939084 0
vn 0.024677671 -0.706676 0.70710677
vn 0.034899496 -0.99939084 0
vn 0.50865006 0.49119765 -0.70710677
vn 0.7193398 0.6946584 0
vn 0.50865006 0.49119765 0.70710677
vn 0.7193398 0.6946584 0
vn 0.50865006 -0.49119765 -0.70710677
vn 0.7193398 -0.6946584 0
vn 0.50865006 -0.49119765 0.70710677
vn 0.7193398 -0.6946584 0
vn 0 0 -1
vn 0.4731468 0.5254828 -0.70710677
vn 0 0 1
vn 0.4731468 0.5254828 0.70710677
vn 0 0 -1
vn 0.4731468 -0.5254828 -0.70710677
vn 0 0 1
vn 0.4731468 -0.5254828 0.70710677
vn -0.034899496 0.99939084 0
vn -0.024677671 0.706676 -0.70710677
vn -0.034899496 0.99939084 0
vn -0.024677671 0.706676 0.70710677
vn -0.034899496 -0.99939084 0
vn -0.024677671 -0.706676 -0.70710677
vn -0.034899496 -0.99939084 0
vn -0.024677671 -0.706676 0.70710677
vn -0.024677671 0.706676 -0.70710677
vn 0 0 -1
vn -0.024677671 0.706676 0.70710677
vn 0 0 1
vn -0.024677671 -0.706676 -0.70710677
vn 0 0 -1
vn -0.024677671 -0.706676 0.70710677
vn 0 0 1
vn 0.4731468 0.5254828 -0.70710677
vn 0.6691306 0.7431448 0
vn 0.4731468 0.5254828 0.70710677
vn 0.6691306 0.7431448 0
vn 0.4731468 -0.5254828 -0.70710677
vn 0.6691306 -0.7431448 0
vn 0.4731468 -0.5254828 0.70710677
vn 0.6691306 -0.7431448 0
vn 0 0 -1
vn 0.4353384 0.55720776 -0.70710677
vn 0 0 1
vn 0.4353384 0.55720776 0.70710677
vn 0 0 -1
vn 0.4353384 -0.55720776 -0.70710677
vn 0 0 1
vn 0.4353384 -0.55720776 0.70710677
vn 0.4353384 0.55720776 -0.70710677
vn 0.6156615 0.7880108 0
vn 0.4353384 0.55720776 0.70710677
vn 0.6156615 0.7880108 0
vn 0.4353384 -0.55720776 -0.70710677
vn 0.6156615 -0.7880108 0
vn 0.4353384 -0.55720776 0.70710677
vn 0.6156615 -0.7880108 0
vn -0.104528464 0.9945219 0
vn -0.073912784 0.7032332 -0.70710677
vn -0.104528464 0.9945219 0
vn -0.073912784 0.7032332 0.70710677
vn -0.104528464 -0.9945219 0
vn -0.073912784 -0.7032332 -0.70710677
vn -0.104528464 -0.9945219 0
vn -0.073912784 -0.7032332 0.70710677
vn -0.073912784 0.7032332 -0.70710677
vn 0 0 -1
vn -0.073912784 0.7032332 0.70710677
vn 0 0 1
vn -0.073912784 -0.7032332 -0.70710677
vn 0 0 -1
vn -0.073912784 -0.7032332 0.70710677
vn 0 0 1
vn 0 0 -1
vn 0.3954091 0.5862181 -0.70710677
vn 0 0 1
vn 0.3954091 0.5862181 0.70710677
vn 0 0 -1
vn 0.3954091 -0.5862181 -0.70710677
vn 0 0 1
vn 0.3954091 -0.5862181 0.70710677
vn 0.3954091 0.5862181 -0.70710677
vn 0.5591929 0.82903755 0
vn 0.3954091 0.5862181 0.70710677
vn 0.5591929 0.82903755 0
vn 0.3954091 -0.5862181 -0.70710677
vn 0.5591929 -0.82903755 0
vn 0.3954091 -0.5862181 0.70710677
vn 0.5591929 -0.82903755 0
vn -0.17364818 0.9848077 0
vn -0.1227878 0.6963642 -0.70710677
vn -0.17364818 0.9848077 0
vn -0.1227878 0.6963642 0.70710677
vn -0.17364818 -0.9848077 0
vn -0.1227878 -0.6963642 -0.70710677
vn -0.17364818 -0.9848077 0
vn -0.1227878 -0.6963642 0.70710677
vn 0 0 -1
vn 0.35355338 0.61237246 -0.70710677
vn 0 0 1
vn 0.35355338 0.61237246 0.70710677
vn 0 0 -1
vn 0.35355338 -0.61237246 -0.70710677
vn 0 0 1
vn 0.35355338 -0.61237246 0.70710677
vn -0.1227878 0.6963642 -0.70710677
vn 0 0 -1
vn -0.1227878 0.6963642 0.70710677
vn 0 0 1
vn -0.1227878 -0.6963642 -0.70710677
vn 0 0 -1
vn -0.1227878 -0.6963642 0.70710677
vn 0 0 1
vn 0.35355338 0.61237246 -0.70710677
vn 0.5 0.8660254 0
vn 0.35355338 0.61237246 0.70710677
vn 0.5 0.8660254 0
vn 0.35355338 -0.61237246 -0.70710677
vn 0.5 -0.8660254 0
vn 0.35355338 -0.61237246 0.70710677
vn 0.5 -0.8660254 0
vn -0.2419219 0.9702957 0
vn -0.17106462 0.6861027 -0.70710677
vn -0.2419219 0.9702957 0
vn -0.17106462 0.6861027 0.70710677
vn -0.2419219 -0.9702957 0
vn -0.17106462 -0.6861027 -0.70710677
vn -0.2419219 -0.9702957 0
vn -0.17106462 -0.6861027 0.70710677
vn 0 0 -1
vn 0.3099752 0.63554335 -0.70710677
vn 0 0 1
vn 0.3099752 0.63554335 0.70710677
vn 0 0 -1
vn 0.3099752 -0.63554335 -0.70710677
vn 0 0 1
vn 0.3099752 -0.63554335 0.70710677
vn -0.17106462 0.6861027 -0.70710677
vn 0 0 -1
vn -0.17106462 0.6861027 0.70710677
vn 0 0 1
vn -0.17106462 -0.6861027 -0.70710677
vn 0 0 -1
vn -0.17106462 -0.6861027 0.70710677
vn 0 0 1
vn 0.3099752 0.63554335 -0.70710677
vn 0.43837115 0.89879405 0
vn 0.3099752 0.63554335 0.70710677
vn 0.43837115 0.89879405 0
vn 0.3099752 -0.63554335 -0.70710677
vn 0.43837115 -0.89879405 0
vn 0.3099752 -0.63554335 0.70710677
vn 0.43837115 -0.89879405 0
vn -0.309017 0.95105654 0
vn -0.218508 0.6724985 -0.70710677
vn -0.309017 0.95105654 0
vn -0.218508 0.6724985 0.70710677
vn -0.309017 -0.95105654 0
vn -0.218508 -0.6724985 -0.70710677
vn -0.309017 -0.95105654 0
vn -0.218508 -0.6724985 0.70710677
vn 0 0 -1
vn 0.26488686 0.655618 -0.70710677
vn 0 0 1
vn 0.26488686 0.655618 0.70710677
vn 0 0 -1
vn 0.26488686 -0.655618 -0.70710677
vn 0 0 1
vn 0.26488686 -0.655618 0.70710677
vn -0.218508 0.6724985 -0.70710677
vn 0 0 -1
vn -0.218508 0.6724985 0.70710677
vn 0 0 1
vn -0.218508 -0.6724985 -0.70710677
vn 0 0 -1
vn -0.218508 -0.6724985 0.70710677
vn 0 0 1
vn 0.26488686 0.655618 -0.70710677
vn 0.37460658 0.92718387 0
vn 0.26488686 0.655618 0.70710677
vn 0.37460658 0.92718387 0
vn 0.26488686 -0.655618 -0.70710677
vn 0.37460658 -0.92718387 0
vn 0.26488686 -0.655618 0.70710677
vn 0.37460658 -0.92718387 0
vn -0.37460658 0.92718387 0
vn -0.26488686 0.655618 -0.70710677
vn -0.37460658 0.92718387 0
vn -0.26488686 0.655618 0.70710677
vn -0.37460658 -0.92718387 0
vn -0.26488686 -0.655618 -0.70710677
vn -0.37460658 -0.92718387 0
vn -0.26488686 -0.655618 0.70710677
vn 0 0 -1
vn 0.218508 0.6724985 -0.70710677
vn 0 0 1
vn 0.218508 0.6724985 0.70710677
vn 0 0 -1
vn 0.218508 -0.6724985 -0.70710677
vn 0 0 1
vn 0.218508 -0.6724985 0.70710677
vn -0.26488686 0.655618 -0.70710677
vn 0 0 -1
vn -0.26488686 0.655618 0.70710677
vn 0 0 1
vn -0.26488686 -0.655618 -0.70710677
vn 0 0 -1
vn -0.26488686 -0.655618 0.70710677
vn 0 0 1
vn 0.218508 0.6724985 -0.70710677
vn 0.309017 0.95105654 0
vn 0.218508 0.6724985 0.70710677
vn 0.309017 0.95105654 0
vn 0.218508 -0.6724985 -0.70710677
vn 0.309017 -0.95105654 0
vn 0.218508 -0.6724985 0.70710677
vn 0.309017 -0.95105654 0
vn -0.43837115 0.89879405 0
vn -0.3099752 0.63554335 -0.70710677
vn -0.43837115 0.89879405 0
vn -0.3099752 0.63554335 0.70710677
vn -0.43837115 -0.89879405 0
vn -0.3099752 -0.63554335 -0.70710677
vn -0.43837115 -0.89879405 0
vn -0.3099752 -0.63554335 0.70710677
vn 0 0 -1
vn 0.17106462 0.6861027 -0.70710677
vn 0 0 1
vn 0.17106462 0.6861027 0.70710677
vn 0 0 -1
vn 0.17106462 -0.6861027 -0.70710677
vn 0 0 1
vn 0.17106462 -0.6861027 0.70710677
vn -0.3099752 0.63554335 -0.70710677
vn 0 0 -1
vn -0.3099752 0.63554335 0.70710677
vn 0 0 1
vn -0.3099752 -0.63554335 -0.70710677
vn 0 0 -1
vn -0.3099752 -0.63554335 0.70710677
vn 0 0 1
vn 0.17106462 0.6861027 -0.70710677
vn 0.2419219 0.9702957 0
vn 0.17106462 0.6861027 0.70710677
vn 0.2419219 0.9702957 0
vn 0.17106462 -0.6861027 -0.70710677
vn 0.2419219 -0.9702957 0
vn 0.17106462 -0.6861027 0.70710677
vn 0.2419219 -0.9702957 0
vn -0.5 0.8660254 0
vn -0.35355338 0.61237246 -0.70710677
vn -0.5 0.8660254 0
vn -0.35355338 0.61237246 0.70710677
vn -0.5 -0.8660254 0
vn -0.35355338 -0.61237246 -0.70710677
vn -0.5 -0.8660254 0
vn -0.35355338 -0.61237246 0.70710677
vn 0 0 -1
vn 0.1227878 0.6963642 -0.70710677
vn 0 0 1
vn 0.1227878 0.6963642 0.70710677
vn 0 0 -1
vn 0.1227878 -0.6963642 -0.70710677
vn 0 0 1
vn 0.1227878 -0.6963642 0.70710677
vn -0.35355338 0.61237246 -0.70710677
vn 0 0 -1
vn -0.35355338 0.61237246 0.70710677
vn 0 0 1
vn -0.35355338 -0.61237246 -0.70710677
vn 0 0 -1
vn -0.35355338 -0.61237246 0.70710677
vn 0 0 1
vn 0.1227878 0.6963642 -0.70710677
vn 0.17364818 0.9848077 0
vn 0.1227878 0.6963642 0.70710677
vn 0.17364818 0.9848077 0
vn 0.1227878 -0.6963642 -0.70710677
vn 0.17364818 -0.9848077 0
vn 0.1227878 -0.6963642 0.70710677
vn 0.17364818 -0.9848077 0
vn -0.5591929 0.82903755 0
vn -0.3954091 0.5862181 -0.70710677
vn -0.5591929 0.82903755 0
vn -0.3954091 0.5862181 0.70710677
vn -0.5591929 -0.82903755 0
vn -0.3954091 -0.5862181 -0.70710677
vn -0.5591929 -0.82903755 0
vn -0.3954091 -0.5862181 0.70710677
vn -0.3954091 0.5862181 -0.70710677
vn 0 0 -1
vn -0.3954091 0.5862181 0.70710677
vn 0 0 1
vn -0.3954091 -0.5862181 -0.70710677
vn 0 0 -1
vn -0.3954091 -0.5862181 0.70710677
vn 0 0 1
vn 0 0 -1
vn 0.073912784 0.7032332 -0.70710677
vn 0 0 1
vn 0.073912784 0.7032332 0.70710677
vn 0 0 -1
vn 0.073912784 -0.7032332 -0.70710677
vn 0 0 1
vn 0.073912784 -0.7032332 0.70710677
vn 0.073912784 0.7032332 -0.70710677
vn 0.104528464 0.9945219 0
vn 0.073912784 0.7032332 0.70710677
vn 0.104528464 0.9945219 0
vn 0.073912784 -0.7032332 -0.70710677
vn 0.104528464 -0.9945219 0
vn 0.073912784 -0.7032332 0.70710677
vn 0.104528464 -0.9945219 0
vn -0.6156615 0.7880108 0
vn -0.4353384 0.55720776 -0.70710677
vn -0.6156615 0.7880108 0
vn -0.4353384 0.55720776 0.70710677
vn -0.6156615 -0.7880108 0
vn -0.4353384 -0.55720776 -0.70710677
vn -0.6156615 -0.7880108 0
vn -0.4353384 -0.55720776 0.70710677
vn -0.4353384 0.55720776 -0.70710677
vn 0 0 -1
vn -0.4353384 0.55720776 0.70710677
vn 0 0 1
vn -0.4353384 -0.55720776 -0.70710677
vn 0 0 -1
vn -0.4353384 -0.55720776 0.70710677
vn 0 0 1
vn -0.6691306 0.7431448 0
vn -0.4731468 0.5254828 -0.70710677
vn -0.6691306 0.7431448 0
vn -0.4731468 0.5254828 0.70710677
vn -0.6691306 -0.7431448 0
vn -0.4731468 -0.5254828 -0.70710677
vn -0.6691306 -0.7431448 0
vn -0.4731468 -0.5254828 0.70710677
vn 0 0 -1
vn 0.024677671 0.706676 -0.70710677
vn 0 0 1
vn 0.024677671 0.706676 0.70710677
vn 0 0 -1
vn 0.024677671 -0.706676 -0.70710677
vn 0 0 1
vn 0.024677671 -0.706676 0.70710677
vn 0.024677671 0.706676 -0.70710677
vn 0.034899496 0.99939084 0
vn 0.024677671 0.706676 0.70710677
vn 0.034899496 0.99939084 0
vn 0.024677671 -0.706676 -0.70710677
vn 0.034899496 -0.99939084 0
vn 0.024677671 -0.706676 0.70710677
vn 0.034899496 -0.99939084 0
vn -0.4731468 0.5254828 -0.70710677
vn 0 0 -1
vn -0.4731468 0.5254828 0.70710677
vn 0 0 1
vn -0.4731468 -0.5254828 -0.70710677
vn 0 0 -1
vn -0.4731468 -0.5254828 0.70710677
vn 0 0 1
vn -0.7193398 0.6946584 0
vn -0.7193398 0.6946584 0
vn -0.50865006 0.49119765 -0.70710677
vn -0.7193398 0.6946584 0
vn -0.7193398 0.6946584 0
vn -0.50865006 0.49119765 0.70710677
vn -0.7193398 -0.6946584 0
vn -0.7193398 -0.6946584 0
vn -0.50865006 -0.49119765 -0.70710677
vn -0.7193398 -0.6946584 0
vn -0.7193398 -0.6946584 0
vn -0.50865006 -0.49119765 0.70710677
vn -0.034899496 0.99939084 0
vn -0.024677671 0.706676 -0.70710677
vn -0.034899496 0.99939084 0
vn -0.024677671 0.706676 0.70710677
vn -0.034899496 -0.99939084 0
vn -0.024677671 -0.706676 -0.70710677
vn -0.034899496 -0.99939084 0
vn -0.024677671 -0.706676 0.70710677
vn -0.024677671 0.706676 -0.70710677
vn 0 0 -1
vn -0.024677671 0.706676 0.70710677
vn 0 0 1
vn -0.024677671 -0.706676 -0.70710677
vn 0 0 -1
vn -0.024677671 -0.706676 0.70710677
vn 0 0 1
vn -0.76604444 0.64278764 0
vn -0.5416752 0.45451948 -0.70710677
vn -0.76604444 0.64278764 0
vn -0.5416752 0.45451948 0.70710677
vn -0.76604444 -0.64278764 0
vn -0.5416752 -0.45451948 -0.70710677
vn -0.76604444 -0.64278764 0
vn -0.5416752 -0.45451948 0.70710677
vn -0.50865006 0.49119765 -0.70710677
vn 0 0 -1
vn -0.50865006 0.49119765 0.70710677
vn 0 0 1
vn -0.50865006 -0.49119765 -0.70710677
vn 0 0 -1
vn -0.50865006 -0.49119765 0.70710677
vn 0 0 1
vn -0.809017 0.58778524 0
vn -0.5720614 0.41562694 -0.70710677
vn -0.809017 0.58778524 0
vn -0.5720614 0.41562694 0.70710677
vn -0.809017 -0.58778524 0
vn -0.5720614 -0.41562694 -0.70710677
vn -0.809017 -0.58778524 0
vn -0.5720614 -0.41562694 0.70710677
vn -0.104528464 0.9945219 0
vn -0.073912784 0.7032332 -0.70710677
vn -0.104528464 0.9945219 0
vn -0.073912784 0.7032332 0.70710677
vn -0.104528464 -0.9945219 0
vn -0.073912784 -0.7032332 -0.70710677
vn -0.104528464 -0.9945219 0
vn -0.073912784 -0.7032332 0.70710677
vn -0.5416752 0.45451948 -0.70710677
vn 0 0 -1
vn -0.5416752 0.45451948 0.70710677
vn 0 0 1
vn -0.5416752 -0.45451948 -0.70710677
vn 0 0 -1
vn -0.5416752 -0.45451948 0.70710677
vn 0 0 1
vn -0.073912784 0.7032332 -0.70710677
vn 0 0 -1
vn -0.073912784 0.7032332 0.70710677
vn 0 0 1
vn -0.073912784 -0.7032332 -0.70710677
vn 0 0 -1
vn -0.073912784 -0.7032332 0.70710677
vn 0 0 1
vn -0.8480481 0.52991927 0
vn -0.5996606 0.37470952 -0.70710677
vn -0.8480481 0.52991927 0
vn -0.5996606 0.37470952 0.70710677
vn -0.8480481 -0.52991927 0
vn -0.5996606 -0.37470952 -0.70710677
vn -0.8480481 -0.52991927 0
vn -0.5996606 -0.37470952 0.70710677
vn -0.5720614 0.41562694 -0.70710677
vn 0 0 -1
vn -0.5720614 0.41562694 0.70710677
vn 0 0 1
vn -0.5720614 -0.41562694 -0.70710677
vn 0 0 -1
vn -0.5720614 -0.41562694 0.70710677
vn 0 0 1
vn -0.88294756 0.46947157 0
vn -0.6243382 0.33196652 -0.70710677
vn -0.88294756 0.46947157 0
vn -0.6243382 0.33196652 0.70710677
vn -0.88294756 -0.46947157 0
vn -0.6243382 -0.33196652 -0.70710677
vn -0.88294756 -0.46947157 0
vn -0.6243382 -0.33196652 0.70710677
vn -0.17364818 0.9848077 0
vn -0.1227878 0.6963642 -0.70710677
vn -0.17364818 0.9848077 0
vn -0.1227878 0.6963642 0.70710677
vn -0.17364818 -0.9848077 0
vn -0.1227878 -0.6963642 -0.70710677
vn -0.17364818 -0.9848077 0
vn -0.1227878 -0.6963642 0.70710677
vn -0.1227878 0.6963642 -0.70710677
vn 0 0 -1
vn -0.1227878 0.6963642 0.70710677
vn 0 0 1
vn -0.1227878 -0.6963642 -0.70710677
vn 0 0 -1
vn -0.1227878 -0.6963642 0.70710677
vn 0 0 1
vn -0.5996606 0.37470952 -0.70710677
vn 0 0 -1
vn -0.5996606 0.37470952 0.70710677
vn 0 0 1
vn -0.5996606 -0.37470952 -0.70710677
vn 0 0 -1
vn -0.5996606 -0.37470952 0.70710677
vn 0 0 1
vn -0.9135454 0.40673664 0
vn -0.64597416 0.28760624 -0.70710677
vn -0.9135454 0.40673664 0
vn -0.64597416 0.28760624 0.70710677
vn -0.9135454 -0.40673664 0
vn -0.64597416 -0.28760624 -0.70710677
vn -0.9135454 -0.40673664 0
vn -0.64597416 -0.28760624 0.70710677
vn -0.9396926 0.34202015 0
vn -0.66446304 0.24184476 -0.70710677
vn -0.9396926 0.34202015 0
vn -0.66446304 0.24184476 0.70710677
vn -0.9396926 -0.34202015 0
vn -0.66446304 -0.24184476 -0.70710677
vn -0.9396926 -0.34202015 0
vn -0.66446304 -0.24184476 0.70710677
vn -0.6243382 0.33196652 -0.70710677
vn 0 0 -1
vn -0.6243382 0.33196652 0.70710677
vn 0 0 1
vn -0.6243382 -0.33196652 -0.70710677
vn 0 0 -1
vn -0.6243382 -0.33196652 0.70710677
vn 0 0 1
vn -0.2419219 0.9702957 0
vn -0.17106462 0.6861027 -0.70710677
vn -0.2419219 0.9702957 0
vn -0.17106462 0.6861027 0.70710677
vn -0.2419219 -0.9702957 0
vn -0.17106462 -0.6861027 -0.70710677
vn -0.2419219 -0.9702957 0
vn -0.17106462 -0.6861027 0.70710677
vn -0.9612617 0.27563736 0
vn -0.6797147 0.19490504 -0.70710677
vn -0.9612617 0.27563736 0
vn -0.6797147 0.19490504 0.70710677
vn -0.9612617 -0.27563736 0
vn -0.6797147 -0.19490504 -0.70710677
vn -0.9612617 -0.27563736 0
vn -0.6797147 -0.19490504 0.70710677
vn -0.17106462 0.6861027 -0.70710677
vn 0 0 -1
vn -0.17106462 0.6861027 0.70710677
vn 0 0 1
vn -0.17106462 -0.6861027 -0.70710677
vn 0 0 -1
vn -0.17106462 -0.6861027 0.70710677
vn 0 0 1
vn -0.9781476 0.20791169 0
vn -0.6916548 0.14701577 -0.70710677
vn -0.9781476 0.20791169 0
vn -0.6916548 0.14701577 0.70710677
vn -0.9781476 -0.20791169 0
vn -0.6916548 -0.14701577 -0.70710677
vn -0.9781476 -0.20791169 0
vn -0.6916548 -0.14701577 0.70710677
vn -0.64597416 0.28760624 -0.70710677
vn 0 0 -1
vn -0.64597416 0.28760624 0.70710677
vn 0 0 1
vn -0.64597416 -0.28760624 -0.70710677
vn 0 0 -1
vn -0.64597416 -0.28760624 0.70710677
vn 0 0 1
vn -0.99026805 0.1391731 0
vn -0.7002253 0.09841024 -0.70710677
vn -0.99026805 0.1391731 0
vn -0.7002253 0.09841024 0.70710677
vn -0.99026805 -0.1391731 0
vn -0.7002253 -0.09841024 -0.70710677
vn -0.99026805 -0.1391731 0
vn -0.7002253 -0.09841024 0.70710677
vn -0.9975641 0.06975647 0
vn -0.7053843 0.049325276 -0.70710677
vn -0.9975641 0.06975647 0
vn -0.7053843 0.049325276 0.70710677
vn -0.9975641 -0.06975647 0
vn -0.7053843 -0.049325276 -0.70710677
vn -0.9975641 -0.06975647 0
vn -0.7053843 -0.049325276 0.70710677
vn -1 -1.2246469E-16 0
vn -0.70710677 1.5700924E-16 -0.70710677
vn -1 -1.2246469E-16 0
vn -0.70710677 0 0.70710677
vn -0.66446304 0.24184476 -0.70710677
vn 0 0 -1
vn -0.66446304 0.24184476 0.70710677
vn 0 0 1
vn -0.66446304 -0.24184476 -0.70710677
vn 0 0 -1
vn -0.66446304 -0.24184476 0.70710677
vn 0 0 1
vn -0.309017 0.95105654 0
vn -0.218508 0.6724985 -0.70710677
vn -0.309017 0.95105654 0
vn -0.218508 0.6724985 0.70710677
vn -0.309017 -0.95105654 0
vn -0.218508 -0.6724985 -0.70710677
vn -0.309017 -0.95105654 0
vn -0.218508 -0.6724985 0.70710677
vn -0.6797147 0.19490504 -0.70710677
vn 0 0 -1
vn -0.6797147 0.19490504 0.70710677
vn 0 0 1
vn -0.6797147 -0.19490504 -0.70710677
vn 0 0 -1
vn -0.6797147 -0.19490504 0.70710677
vn 0 0 1
vn -0.218508 0.6724985 -0.70710677
vn 0 0 -1
vn -0.218508 0.6724985 0.70710677
vn 0 0 1
vn -0.218508 -0.6724985 -0.70710677
vn 0 0 -1
vn -0.218508 -0.6724985 0.70710677
vn 0 0 1
vn -0.6916548 0.14701577 -0.70710677
vn 0 0 -1
vn -0.6916548 0.14701577 0.70710677
vn 0 0 1
vn -0.6916548 -0.14701577 -0.70710677
vn 0 0 -1
vn -0.6916548 -0.14701577 0.70710677
vn 0 0 1
vn -0.7002253 0.09841024 -0.70710677
vn 0 0 -1
vn -0.7002253 0.09841024 0.70710677
vn 0 0 1
vn -0.7002253 -0.09841024 -0.70710677
vn 0 0 -1
vn -0.7002253 -0.09841024 0.70710677
vn 0 0 1
vn -0.7053843 0.049325276 -0.70710677
vn 0 0 -1
vn -0.7053843 0.049325276 0.70710677
vn 0 0 1
vn -0.7053843 -0.049325276 -0.70710677
vn 0 0 -1
vn -0.7053843 -0.049325276 0.70710677
vn 0 0 1
vn -0.70710677 1.5700924E-16 -0.70710677
vn 0 0 -1
vn -0.70710677 0 0.70710677
vn 0 0 1
vn 0 0 -1
vn 0.70710677 0 -0.70710677
vn 0 0 1
vn 0.70710677 1.5700924E-16 0.70710677
vn 0 0 -1
vn 0.7053843 0.049325276 -0.70710677
vn 0 0 1
vn 0.7053843 0.049325276 0.70710677
vn 0 0 -1
vn 0.7053843 -0.049325276 -0.70710677
vn 0 0 1
vn 0.7053843 -0.049325276 0.70710677
vn 0 0 -1
vn 0.7002253 0.09841024 -0.70710677
vn 0 0 1
vn 0.7002253 0.09841024 0.70710677
vn 0 0 -1
vn 0.7002253 -0.09841024 -0.70710677
vn 0 0 1
vn 0.7002253 -0.09841024 0.70710677
vn -0.37460658 0.92718387 0
vn -0.26488686 0.655618 -0.70710677
vn -0.37460658 0.92718387 0
vn -0.26488686 0.655618 0.70710677
vn -0.37460658 -0.92718387 0
vn -0.26488686 -0.655618 -0.70710677
vn -0.37460658 -0.92718387 0
vn -0.26488686 -0.655618 0.70710677
vn 0 0 -1
vn 0.6916548 0.14701577 -0.70710677
vn 0 0 1
vn 0.6916548 0.14701577 0.70710677
vn 0 0 -1
vn 0.6916548 -0.14701577 -0.70710677
vn 0 0 1
vn 0.6916548 -0.14701577 0.70710677
vn 0 0 -1
vn 0.6797147 0.19490504 -0.70710677
vn 0 0 1
vn 0.6797147 0.19490504 0.70710677
vn 0 0 -1
vn 0.6797147 -0.19490504 -0.70710677
vn 0 0 1
vn 0.6797147 -0.19490504 0.70710677
vn -0.26488686 0.655618 -0.70710677
vn 0 0 -1
vn -0.26488686 0.655618 0.70710677
vn 0 0 1
vn -0.26488686 -0.655618 -0.70710677
vn 0 0 -1
vn -0.26488686 -0.655618 0.70710677
vn 0 0 1
vn 0 0 -1
vn 0.66446304 0.24184476 -0.70710677
vn 0 0 1
vn 0.66446304 0.24184476 0.70710677
vn 0 0 -1
vn 0.66446304 -0.24184476 -0.70710677
vn 0 0 1
vn 0.66446304 -0.24184476 0.70710677
vn 0.70710677 0 -0.70710677
vn 1 2.4492937E-16 0
vn 0.70710677 1.5700924E-16 0.70710677
vn 1 2.4492937E-16 0
vn 0.7053843 0.049325276 -0.70710677
vn 0.9975641 0.06975647 0
vn 0.7053843 0.049325276 0.70710677
vn 0.9975641 0.06975647 0
vn 0.7053843 -0.049325276 -0.70710677
vn 0.9975641 -0.06975647 0
vn 0.7053843 -0.049325276 0.70710677
vn 0.9975641 -0.06975647 0
vn 0.7002253 0.09841024 -0.70710677
vn 0.99026805 0.1391731 0
vn 0.7002253 0.09841024 0.70710677
vn 0.99026805 0.1391731 0
vn 0.7002253 -0.09841024 -0.70710677
vn 0.99026805 -0.1391731 0
vn 0.7002253 -0.09841024 0.70710677
vn 0.99026805 -0.1391731 0
vn -0.43837115 0.89879405 0
vn -0.3099752 0.63554335 -0.70710677
vn -0.43837115 0.89879405 0
vn -0.3099752 0.63554335 0.70710677
vn -0.43837115 -0.89879405 0
vn -0.3099752 -0.63554335 -0.70710677
vn -0.43837115 -0.89879405 0
vn -0.3099752 -0.63554335 0.70710677
vn 0 0 -1
vn 0.64597416 0.28760624 -0.70710677
vn 0 0 1
vn 0.64597416 0.28760624 0.70710677
vn 0 0 -1
vn 0.64597416 -0.28760624 -0.70710677
vn 0 0 1
vn 0.64597416 -0.28760624 0.70710677
vn 0.6916548 0.14701577 -0.70710677
vn 0.9781476 0.20791169 0
vn 0.6916548 0.14701577 0.70710677
vn 0.9781476 0.20791169 0
vn 0.6916548 -0.14701577 -0.70710677
vn 0.9781476 -0.20791169 0
vn 0.6916548 -0.14701577 0.70710677
vn 0.9781476 -0.20791169 0
vn 0.6797147 0.19490504 -0.70710677
vn 0.9612617 0.27563736 0
vn 0.6797147 0.19490504 0.70710677
vn 0.9612617 0.27563736 0
vn 0.6797147 -0.19490504 -0.70710677
vn 0.9612617 -0.27563736 0
vn 0.6797147 -0.19490504 0.70710677
vn 0.9612617 -0.27563736 0
vn -0.3099752 0.63554335 -0.70710677
vn 0 0 -1
vn -0.3099752 0.63554335 0.70710677
vn 0 0 1
vn -0.3099752 -0.63554335 -0.70710677
vn 0 0 -1
vn -0.3099752 -0.63554335 0.70710677
vn 0 0 1
vn 0 0 -1
vn 0.6243382 0.33196652 -0.70710677
vn 0 0 1
vn 0.6243382 0.33196652 0.70710677
vn 0 0 -1
vn 0.6243382 -0.33196652 -0.70710677
vn 0 0 1
vn 0.6243382 -0.33196652 0.70710677
vn 0.66446304 0.24184476 -0.70710677
vn 0.9396926 0.34202015 0
vn 0.66446304 0.24184476 0.70710677
vn 0.9396926 0.34202015 0
vn 0.66446304 -0.24184476 -0.70710677
vn 0.9396926 -0.34202015 0
vn 0.66446304 -0.24184476 0.70710677
vn 0.9396926 -0.34202015 0
vn -0.5 0.8660254 0
vn -0.35355338 0.61237246 -0.70710677
vn -0.5 0.8660254 0
vn -0.35355338 0.61237246 0.70710677
vn -0.5 -0.8660254 0
vn -0.35355338 -0.61237246 -0.70710677
vn -0.5 -0.8660254 0
vn -0.35355338 -0.61237246 0.70710677
vn 0.64597416 0.28760624 -0.70710677
vn 0.9135454 0.40673664 0
vn 0.64597416 0.28760624 0.70710677
vn 0.9135454 0.40673664 0
vn 0.64597416 -0.28760624 -0.70710677
vn 0.9135454 -0.40673664 0
vn 0.64597416 -0.28760624 0.70710677
vn 0.9135454 -0.40673664 0
vn 0 0 -1
vn 0.5996606 0.37470952 -0.70710677
vn 0 0 1
vn 0.5996606 0.37470952 0.70710677
vn 0 0 -1
vn 0.5996606 -0.37470952 -0.70710677
vn 0 0 1
vn 0.5996606 -0.37470952 0.70710677
vn -0.35355338 0.61237246 -0.70710677
vn 0 0 -1
vn -0.35355338 0.61237246 0.70710677
vn 0 0 1
vn -0.35355338 -0.61237246 -0.70710677
vn 0 0 -1
vn -0.35355338 -0.61237246 0.70710677
vn 0 0 1
vn 0.6243382 0.33196652 -0.70710677
vn 0.88294756 0.46947157 0
vn 0.6243382 0.33196652 0.70710677
vn 0.88294756 0.46947157 0
vn 0.6243382 -0.33196652 -0.70710677
vn 0.88294756 -0.46947157 0
vn 0.6243382 -0.33196652 0.70710677
vn 0.88294756 -0.46947157 0
vn -0.5591929 0.82903755 0
vn -0.3954091 0.5862181 -0.70710677
vn -0.5591929 0.82903755 0
vn -0.3954091 0.5862181 0.70710677
vn -0.5591929 -0.82903755 0
vn -0.3954091 -0.5862181 -0.70710677
vn -0.5591929 -0.82903755 0
vn -0.3954091 -0.5862181 0.70710677
vn 0 0 -1
vn 0.5720614 0.41562694 -0.70710677
vn 0 0 1
vn 0.5720614 0.41562694 0.70710677
vn 0 0 -1
vn 0.5720614 -0.41562694 -0.70710677
vn 0 0 1
vn 0.5720614 -0.41562694 0.70710677
vn 0.5996606 0.37470952 -0.70710677
vn 0.8480481 0.52991927 0
vn 0.5996606 0.37470952 0.70710677
vn 0.8480481 0.52991927 0
vn 0.5996606 -0.37470952 -0.70710677
vn 0.8480481 -0.52991927 0
vn 0.5996606 -0.37470952 0.70710677
vn 0.8480481 -0.52991927 0
vn -0.3954091 0.5862181 -0.70710677
vn 0 0 -1
vn -0.3954091 0.5862181 0.70710677
vn 0 0 1
vn -0.3954091 -0.5862181 -0.70710677
vn 0 0 -1
vn -0.3954091 -0.5862181 0.70710677
vn 0 0 1
vn 0 0 -1
vn 0.5416752 0.45451948 -0.70710677
vn 0 0 1
vn 0.5416752 0.45451948 0.70710677
vn 0 0 -1
vn 0.5416752 -0.45451948 -0.70710677
vn 0 0 1
vn 0.5416752 -0.45451948 0.70710677
vn -0.6156615 0.7880108 0
vn -0.4353384 0.55720776 -0.70710677
vn -0.6156615 0.7880108 0
vn -0.4353384 0.55720776 0.70710677
vn -0.6156615 -0.7880108 0
vn -0.4353384 -0.55720776 -0.70710677
vn -0.6156615 -0.7880108 0
vn -0.4353384 -0.55720776 0.70710677
vn 0.5720614 0.41562694 -0.70710677
vn 0.809017 0.58778524 0
vn 0.5720614 0.41562694 0.70710677
vn 0.809017 0.58778524 0
vn 0.5720614 -0.41562694 -0.70710677
vn 0.809017 -0.58778524 0
vn 0.5720614 -0.41562694 0.70710677
vn 0.809017 -0.58778524 0
vn 0 0 -1
vn 0.50865006 0.49119765 -0.70710677
vn 0 0 1
vn 0.50865006 0.49119765 0.70710677
vn 0 0 -1
vn 0.50865006 -0.49119765 -0.70710677
vn 0 0 1
vn 0.50865006 -0.49119765 0.70710677
vn -0.4353384 0.55720776 -0.70710677
vn 0 0 -1
vn -0.4353384 0.55720776 0.70710677
vn 0 0 1
vn -0.4353384 -0.55720776 -0.70710677
vn 0 0 -1
vn -0.4353384 -0.55720776 0.70710677
vn 0 0 1
vn 0.5416752 0.45451948 -0.70710677
vn 0.76604444 0.64278764 0
vn 0.76604444 0.64278764 0
vn 0.5416752 0.45451948 0.70710677
vn 0.76604444 0.64278764 0
vn 0.76604444 0.64278764 0
vn 0.5416752 -0.45451948 -0.70710677
vn 0.76604444 -0.64278764 0
vn 0.5416752 -0.45451948 0.70710677
vn 0.76604444 -0.64278764 0
vn -0.6691306 0.7431448 0
vn -0.4731468 0.5254828 -0.70710677
vn -0.6691306 0.7431448 0
vn -0.4731468 0.5254828 0.70710677
vn -0.6691306 -0.7431448 0
vn -0.4731468 -0.5254828 -0.70710677
vn -0.6691306 -0.7431448 0
vn -0.4731468 -0.5254828 0.70710677
vn 0.50865006 0.49119765 -0.70710677
vn 0.7193398 0.6946584 0
vn 0.50865006 0.49119765 0.70710677
vn 0.7193398 0.6946584 0
vn 0.50865006 -0.49119765 -0.70710677
vn 0.7193398 -0.6946584 0
vn 0.7193398 -0.6946584 0
vn 0.50865006 -0.49119765 0.70710677
vn 0.7193398 -0.6946584 0
vn 0.7193398 -0.6946584 0
vn 0 0 -1
vn 0.4731468 0.5254828 -0.70710677
vn 0 0 1
vn 0.4731468 0.5254828 0.70710677
vn 0 0 -1
vn 0.4731468 -0.5254828 -0.70710677
vn 0 0 1
vn 0.4731468 -0.5254828 0.70710677
vn -0.4731468 0.5254828 -0.70710677
vn 0 0 -1
vn -0.4731468 0.5254828 0.70710677
vn 0 0 1
vn -0.4731468 -0.5254828 -0.70710677
vn 0 0 -1
vn -0.4731468 -0.5254828 0.70710677
vn 0 0 1
vn -0.7193398 0.6946584 0
vn -0.7193398 0.6946584 0
vn -0.50865006 0.49119765 -0.70710677
vn -0.7193398 0.6946584 0
vn -0.7193398 0.6946584 0
vn -0.50865006 0.49119765 0.70710677
vn -0.7193398 -0.6946584 0
vn -0.7193398 -0.6946584 0
vn -0.50865006 -0.49119765 -0.70710677
vn -0.7193398 -0.6946584 0
vn -0.7193398 -0.6946584 0
vn -0.50865006 -0.49119765 0.70710677
vn 0.4731468 0.5254828 0.70710677
vn 0.6691306 0.7431448 0
vn 0.4731468 -0.5254828 -0.70710677
vn 0.6691306 -0.7431448 0
vn 0.4731468 -0.5254828 0.70710677
vn 0.6691306 -0.7431448 0
vn -0.76604444 0.64278764 0
vn -0.5416752 0.45451948 -0.70710677
vn -0.76604444 0.64278764 0
vn -0.5416752 0.45451948 0.70710677
vn -0.76604444 -0.64278764 0
vn -0.5416752 -0.45451948 -0.70710677
vn -0.76604444 -0.64278764 0
vn -0.5416752 -0.45451948 0.70710677
vn 0 0 -1
vn 0.4353384 0.55720776 -0.70710677
vn 0 0 1
vn 0.4353384 0.55720776 0.70710677
vn 0 0 -1
vn 0.4353384 -0.55720776 -0.70710677
vn 0 0 1
vn 0.4353384 -0.55720776 0.70710677
vn -0.50865006 0.49119765 -0.70710677
vn 0 0 -1
vn -0.50865006 0.49119765 0.70710677
vn 0 0 1
vn -0.50865006 -0.49119765 -0.70710677
vn 0 0 -1
vn -0.50865006 -0.49119765 0.70710677
vn 0 0 1
vn -0.809017 0.58778524 0
vn -0.5720614 0.41562694 -0.70710677
vn -0.809017 0.58778524 0
vn -0.5720614 0.41562694 0.70710677
vn -0.809017 -0.58778524 0
vn -0.5720614 -0.41562694 -0.70710677
vn -0.809017 -0.58778524 0
vn -0.5720614 -0.41562694 0.70710677
vn 0.4353384 0.55720776 -0.70710677
vn 0.6156615 0.7880108 0
vn 0.4353384 0.55720776 0.70710677
vn 0.6156615 0.7880108 0
vn 0.4353384 -0.55720776 -0.70710677
vn 0.6156615 -0.7880108 0
vn 0.4353384 -0.55720776 0.70710677
vn 0.6156615 -0.7880108 0
vn -0.5416752 0.45451948 -0.70710677
vn 0 0 -1
vn -0.5416752 0.45451948 0.70710677
vn 0 0 1
vn -0.5416752 -0.45451948 -0.70710677
vn 0 0 -1
vn -0.5416752 -0.45451948 0.70710677
vn 0 0 1
vn 0 0 -1
vn 0.3954091 0.5862181 -0.70710677
vn 0 0 1
vn 0.3954091 0.5862181 0.70710677
vn 0 0 -1
vn 0.3954091 -0.5862181 -0.70710677
vn 0 0 1
vn 0.3954091 -0.5862181 0.70710677
vn -0.8480481 0.52991927 0
vn -0.5996606 0.37470952 -0.70710677
vn -0.8480481 0.52991927 0
vn -0.5996606 0.37470952 0.70710677
vn -0.8480481 -0.52991927 0
vn -0.5996606 -0.37470952 -0.70710677
vn -0.8480481 -0.52991927 0
vn -0.5996606 -0.37470952 0.70710677
vn -0.5720614 0.41562694 -0.70710677
vn 0 0 -1
vn -0.5720614 0.41562694 0.70710677
vn 0 0 1
vn -0.5720614 -0.41562694 -0.70710677
vn 0 0 -1
vn -0.5720614 -0.41562694 0.70710677
vn 0 0 1
vn 0.3954091 0.5862181 -0.70710677
vn 0.5591929 0.82903755 0
vn 0.3954091 0.5862181 0.70710677
vn 0.5591929 0.82903755 0
vn 0.3954091 -0.5862181 -0.70710677
vn 0.5591929 -0.82903755 0
vn 0.3954091 -0.5862181 0.70710677
vn 0.5591929 -0.82903755 0
vn -0.88294756 0.46947157 0
vn -0.6243382 0.33196652 -0.70710677
vn -0.88294756 0.46947157 0
vn -0.6243382 0.33196652 0.70710677
vn -0.88294756 -0.46947157 0
vn -0.6243382 -0.33196652 -0.70710677
vn -0.88294756 -0.46947157 0
vn -0.6243382 -0.33196652 0.70710677
vn 0 0 -1
vn 0.35355338 0.61237246 -0.70710677
vn 0 0 1
vn 0.35355338 0.61237246 0.70710677
vn 0 0 -1
vn 0.35355338 -0.61237246 -0.70710677
vn 0 0 1
vn 0.35355338 -0.61237246 0.70710677
vn -0.5996606 0.37470952 -0.70710677
vn 0 0 -1
vn -0.5996606 0.37470952 0.70710677
vn 0 0 1
vn -0.5996606 -0.37470952 -0.70710677
vn 0 0 -1
vn -0.5996606 -0.37470952 0.70710677
vn 0 0 1
vn -0.9135454 0.40673664 0
vn -0.64597416 0.28760624 -0.70710677
vn -0.9135454 0.40673664 0
vn -0.64597416 0.28760624 0.70710677
vn -0.9135454 -0.40673664 0
vn -0.64597416 -0.28760624 -0.70710677
vn -0.9135454 -0.40673664 0
vn -0.64597416 -0.28760624 0.70710677
vn 0.35355338 0.61237246 -0.70710677
vn 0.5 0.8660254 0
vn 0.35355338 0.61237246 0.70710677
vn 0.5 0.8660254 0
vn 0.35355338 -0.61237246 -0.70710677
vn 0.5 -0.8660254 0
vn 0.35355338 -0.61237246 0.70710677
vn 0.5 -0.8660254 0
vn -0.9396926 0.34202015 0
vn -0.66446304 0.24184476 -0.70710677
vn -0.9396926 0.34202015 0
vn -0.66446304 0.24184476 0.70710677
vn -0.9396926 -0.34202015 0
vn -0.66446304 -0.24184476 -0.70710677
vn -0.9396926 -0.34202015 0
vn -0.66446304 -0.24184476 0.70710677
vn -0.6243382 0.33196652 -0.70710677
vn 0 0 -1
vn -0.6243382 0.33196652 0.70710677
vn 0 0 1
vn -0.6243382 -0.33196652 -0.70710677
vn 0 0 -1
vn -0.6243382 -0.33196652 0.70710677
vn 0 0 1
vn 0 0 -1
vn 0.3099752 0.63554335 -0.70710677
vn 0 0 1
vn 0.3099752 0.63554335 0.70710677
vn 0 0 -1
vn 0.3099752 -0.63554335 -0.70710677
vn 0 0 1
vn 0.3099752 -0.63554335 0.70710677
vn -0.9612617 0.27563736 0
vn -0.6797147 0.19490504 -0.70710677
vn -0.9612617 0.27563736 0
vn -0.6797147 0.19490504 0.70710677
vn -0.9612617 -0.27563736 0
vn -0.6797147 -0.19490504 -0.70710677
vn -0.9612617 -0.27563736 0
vn -0.6797147 -0.19490504 0.70710677
vn -0.9781476 0.20791169 0
vn -0.6916548 0.14701577 -0.70710677
vn -0.9781476 0.20791169 0
vn -0.6916548 0.14701577 0.70710677
vn -0.9781476 -0.20791169 0
vn -0.6916548 -0.14701577 -0.70710677
vn -0.9781476 -0.20791169 0
vn -0.6916548 -0.14701577 0.70710677
vn -0.64597416 0.28760624 -0.70710677
vn 0 0 -1
vn -0.64597416 0.28760624 0.70710677
vn 0 0 1
vn -0.64597416 -0.28760624 -0.70710677
vn 0 0 -1
vn -0.64597416 -0.28760624 0.70710677
vn 0 0 1
vn 0.3099752 0.63554335 -0.70710677
vn 0.43837115 0.89879405 0
vn 0.3099752 0.63554335 0.70710677
vn 0.43837115 0.89879405 0
vn 0.3099752 -0.63554335 -0.70710677
vn 0.43837115 -0.89879405 0
vn 0.3099752 -0.63554335 0.70710677
vn 0.43837115 -0.89879405 0
vn -0.99026805 0.1391731 0
vn -0.7002253 0.09841024 -0.70710677
vn -0.99026805 0.1391731 0
vn -0.7002253 0.09841024 0.70710677
vn -0.99026805 -0.1391731 0
vn -0.7002253 -0.09841024 -0.70710677
vn -0.99026805 -0.1391731 0
vn -0.7002253 -0.09841024 0.70710677
vn -0.9975641 0.06975647 0
vn -0.7053843 0.049325276 -0.70710677
vn -0.9975641 0.06975647 0
vn -0.7053843 0.049325276 0.70710677
vn -0.9975641 -0.06975647 0
vn -0.7053843 -0.049325276 -0.70710677
vn -0.9975641 -0.06975647 0
vn -0.7053843 -0.049325276 0.70710677
vn -1 -1.2246469E-16 0
vn -0.70710677 1.5700924E-16 -0.70710677
vn -1 -1.2246469E-16 0
vn -0.70710677 0 0.70710677
vn -0.66446304 0.24184476 -0.70710677
vn 0 0 -1
vn -0.66446304 0.24184476 0.70710677
vn 0 0 1
vn -0.66446304 -0.24184476 -0.70710677
vn 0 0 -1
vn -0.66446304 -0.24184476 0.70710677
vn 0 0 1
vn 0 0 -1
vn 0.26488686 0.655618 -0.70710677
vn 0 0 1
vn 0.26488686 0.655618 0.70710677
vn 0 0 -1
vn 0.26488686 -0.655618 -0.70710677
vn 0 0 1
vn 0.26488686 -0.655618 0.70710677
vn -0.6797147 0.19490504 -0.70710677
vn 0 0 -1
vn -0.6797147 0.19490504 0.70710677
vn 0 0 1
vn -0.6797147 -0.19490504 -0.70710677
vn 0 0 -1
vn -0.6797147 -0.19490504 0.70710677
vn 0 0 1
vn -0.6916548 0.14701577 -0.70710677
vn 0 0 -1
vn -0.6916548 0.14701577 0.70710677
vn 0 0 1
vn -0.6916548 -0.14701577 -0.70710677
vn 0 0 -1
vn -0.6916548 -0.14701577 0.70710677
vn 0 0 1
vn 0.26488686 0.655618 -0.70710677
vn 0.37460658 0.92718387 0
vn 0.26488686 0.655618 0.70710677
vn 0.37460658 0.92718387 0
vn 0.26488686 -0.655618 -0.70710677
vn 0.37460658 -0.92718387 0
vn 0.26488686 -0.655618 0.70710677
vn 0.37460658 -0.92718387 0
vn -0.7002253 0.09841024 -0.70710677
vn 0 0 -1
vn -0.7002253 0.09841024 0.70710677
vn 0 0 1
vn -0.7002253 -0.09841024 -0.70710677
vn 0 0 -1
vn -0.7002253 -0.09841024 0.70710677
vn 0 0 1
vn -0.7053843 0.049325276 -0.70710677
vn 0 0 -1
vn -0.7053843 0.049325276 0.70710677
vn 0 0 1
vn -0.7053843 -0.049325276 -0.70710677
vn 0 0 -1
vn -0.7053843 -0.049325276 0.70710677
vn 0 0 1
vn -0.70710677 1.5700924E-16 -0.70710677
vn 0 0 -1
vn -0.70710677 0 0.70710677
vn 0 0 1
vn 0 0 -1
vn 0.218508 0.6724985 -0.70710677
vn 0 0 -1
vn 0.218508 -0.6724985 -0.70710677
vn 0 0 1
vn 0.218508 -0.6724985 0.70710677
vn 0.218508 0.6724985 -0.70710677
vn 0.309017 0.95105654 0
vn 0.218508 0.6724985 0.70710677
vn 0.309017 0.95105654 0
vn 0.218508 -0.6724985 -0.70710677
vn 0.309017 -0.95105654 0
vn 0.218508 -0.6724985 0.70710677
vn 0.309017 -0.95105654 0
vn 0 0 -1
vn 0.17106462 0.6861027 -0.70710677
vn 0 0 1
vn 0.17106462 0.6861027 0.70710677
vn 0 0 -1
vn 0.17106462 -0.6861027 -0.70710677
vn 0 0 1
vn 0.17106462 -0.6861027 0.70710677
vn 0.17106462 0.6861027 -0.70710677
vn 0.2419219 0.9702957 0
vn 0.17106462 0.6861027 0.70710677
vn 0.2419219 0.9702957 0
vn 0.17106462 -0.6861027 -0.70710677
vn 0.2419219 -0.9702957 0
vn 0.17106462 -0.6861027 0.70710677
vn 0.2419219 -0.9702957 0
vn 0 0 1
vn 0.1227878 0.6963642 0.70710677
vn 0 0 -1
vn 0.1227878 -0.6963642 -0.70710677
vn 0 0 1
vn 0.1227878 -0.6963642 0.70710677
vn 0.1227878 0.6963642 -0.70710677
vn 0.17364818 0.9848077 0
vn 0.1227878 0.6963642 0.70710677
vn 0.17364818 0.9848077 0
vn 0.1227878 -0.6963642 -0.70710677
vn 0.17364818 -0.9848077 0
vn 0.1227878 -0.6963642 0.70710677
vn 0.17364818 -0.9848077 0
vn 0 0 -1
vn 0.073912784 0.7032332 -0.70710677
vn 0 0 1
vn 0.073912784 0.7032332 0.70710677
vn 0 0 -1
vn 0.073912784 -0.7032332 -0.70710677
vn 0 0 1
vn 0.073912784 -0.7032332 0.70710677
vn 0.073912784 0.7032332 -0.70710677
vn 0.104528464 0.9945219 0
vn 0.073912784 0.7032332 0.70710677
vn 0.104528464 0.9945219 0
vn 0.073912784 -0.7032332 -0.70710677
vn 0.104528464 -0.9945219 0
vn 0.073912784 -0.7032332 0.70710677
vn 0.104528464 -0.9945219 0
vn -0.5906737 0.8069105 0
vn -0.5906737 0.8069105 1.2246469E-16
vn -0.5906737 0.8069105 0
vn -0.5892967 0.8050294 0.068242416
vn -0.5851721 0.7993949 -0.13616665
vn -0.5851721 0.7993949 -0.13616665
vn -0.5851721 0.7993949 -0.13616665
vn -0.5851721 0.7993949 0.13616665
vn -0.57831925 0.7900332 -0.20345601
vn -0.57831925 0.7900332 0.20345601
vn -0.56876993 0.7769881 -0.26979676
vn -0.56876993 0.7769881 0.26979676
vn -0.55656874 0.76032025 -0.3348796
vn -0.55656874 0.76032025 0.3348796
vn -0.5417726 0.7401074 -0.39840108
vn -0.5329476 0.84614825 0
vn -0.5329476 0.84614825 0
vn -0.5244505 0.7164439 -0.46006504
vn -0.5244505 0.7164439 0.46006504
vn -0.51003814 0.86015177 0
vn -0.51003814 0.86015177 0
vn -0.50884914 0.8581466 -0.068242416
vn -0.50884914 0.8581466 -0.068242416
vn -0.50884914 0.8581466 0.068242416
vn -0.50884914 0.8581466 0.068242416
vn -0.5052876 0.8521403 -0.13616665
vn -0.5052876 0.8521403 -0.13616665
vn -0.5052876 0.8521403 -0.13616665
vn -0.5052876 0.8521403 -0.13616665
vn -0.5052876 0.8521403 -0.13616665
vn -0.5052876 0.8521403 0.13616665
vn -0.5052876 0.8521403 0.13616665
vn -0.5046831 0.68944 -0.51958394
vn -0.49937022 0.84216094 0.20345601
vn -0.49112454 0.82825506 0.26979676
vn -0.48256263 0.6592216 -0.5766803
vn -0.480589 0.81048745 0.3348796
vn -0.47262508 0.8812636 0
vn -0.47262508 0.8812636 0
vn -0.47262508 0.8812636 0
vn -0.47262508 0.8812636 0
vn -0.46781275 0.78894097 -0.39840108
vn -0.46781275 0.78894097 0.39840108
vn -0.45819226 0.6259296 -0.63108796
vn -0.45819226 0.6259296 0.63108796
vn -0.45285532 0.76371604 -0.46006504
vn -0.45285532 0.76371604 0.46006504
vn -0.4357865 0.7349304 -0.51958394
vn -0.4357865 0.7349304 0.51958394
vn -0.4316856 0.58971924 -0.6825532
vn -0.4316856 0.58971924 0.6825532
vn -0.42464048 0.90536207 0
vn -0.42464048 0.90536207 0
vn -0.42365053 0.90325147 -0.068242416
vn -0.42365053 0.90325147 0.068242416
vn -0.42365053 0.90325147 0.068242416
vn -0.42068535 0.8969295 -0.13616665
vn -0.42068535 0.8969295 -0.13616665
vn -0.42068535 0.8969295 0.13616665
vn -0.42068535 0.8969295 0.13616665
vn -0.4166858 0.70271814 0.5766803
vn -0.40999994 0.91208553 0
vn -0.40999994 0.91208553 0
vn -0.4031662 0.5507593 -0.730836
vn -0.4001221 0.8530873 -0.3348796
vn -0.4001221 0.8530873 -0.3348796
vn -0.4001221 0.8530873 0.3348796
vn -0.39564234 0.6672295 0.63108796
vn -0.38948503 0.83040833 -0.39840108
vn -0.38948503 0.83040833 -0.39840108
vn -0.38948503 0.83040833 0.39840108
vn -0.37703198 0.8038576 0.46006504
vn -0.37276706 0.5092315 0.7757113
vn -0.34691846 0.7396535 -0.5766803
vn -0.34691846 0.7396535 -0.5766803
vn -0.34537733 0.9384639 0
vn -0.34537733 0.9384639 0
vn -0.3406299 0.4653294 0.8169699
vn -0.33527803 0.94211924 0
vn -0.33527803 0.94211924 0
vn -0.33449644 0.9399229 -0.068242416
vn -0.33215526 0.93334424 0.13616665
vn -0.33215526 0.93334424 0.13616665
vn -0.3282654 0.92241395 0.20345601
vn -0.3282654 0.92241395 0.20345601
vn -0.322845 0.9071829 0.26979676
vn -0.3159194 0.88772213 -0.3348796
vn -0.3159194 0.88772213 0.3348796
vn -0.31034252 0.66167116 0.6825532
vn -0.3075208 0.8641224 -0.39840108
vn -0.3075208 0.8641224 -0.39840108
vn -0.30690458 0.41925776 0.8544194
vn -0.29768842 0.83649373 -0.46006504
vn -0.29768842 0.83649373 -0.46006504
vn -0.29768842 0.83649373 0.46006504
vn -0.29412895 0.49603263 0.8169699
vn -0.28646806 0.80496496 -0.51958394
vn -0.28646806 0.80496496 -0.51958394
vn -0.27907208 0.96027017 0
vn -0.27907208 0.96027017 0
vn -0.27391207 0.76968306 -0.5766803
vn -0.27391207 0.76968306 -0.5766803
vn -0.27174833 0.37123132 -0.8878852
vn -0.27174833 0.37123132 0.8878852
vn -0.26007897 0.7308125 0.63108796
vn -0.24503325 0.6885346 -0.6825532
vn -0.24278523 0.9700801 0
vn -0.24221924 0.96781856 -0.068242416
vn -0.2405239 0.96104467 -0.13616665
vn -0.2405239 0.96104467 -0.13616665
vn -0.2405239 0.96104467 0.13616665
vn -0.2405239 0.96104467 0.13616665
vn -0.23465072 0.39572576 0.8878852
vn -0.23378208 0.9341069 0.26979676
vn -0.22884509 0.64304644 0.730836
vn -0.22884509 0.64304644 0.730836
vn -0.22268535 0.8897684 -0.39840108
vn -0.22268535 0.8897684 0.39840108
vn -0.22063637 0.4704116 0.8544194
vn -0.21140721 0.9773981 0
vn -0.21140721 0.9773981 0
vn -0.2074404 0.8288552 0.51958394
vn -0.20319974 0.3426854 0.9172113
vn -0.19834822 0.7925262 0.5766803
vn -0.19780459 0.27021787 -0.9422609
vn -0.19334824 0.54330164 0.8169699
vn -0.19334824 0.54330164 0.8169699
vn -0.1742051 0.48951003 -0.8544194
vn -0.1742051 0.48951003 0.8544194
vn -0.1742051 0.48951003 0.8544194
vn -0.16917722 0.36069724 0.9172113
vn -0.16571382 0.6621312 0.730836
vn -0.15936185 0.21770185 0.96291727
vn -0.15936185 0.21770185 0.96291727
vn 0 0 1
vn 0.024677671 0.706676 0.70710677
vn -0.15321884 0.61220586 -0.7757113
vn -0.15321884 0.61220586 0.7757113
vn -0.14802559 0.9889835 0
vn -0.1476805 0.986678 0.068242416
vn -0.14664687 0.9797721 -0.13616665
vn -0.14664687 0.9797721 -0.13616665
vn -0.14664687 0.9797721 -0.13616665
vn -0.14664687 0.9797721 -0.13616665
vn -0.14664687 0.9797721 0.13616665
vn -0.1449295 0.968298 -0.20345601
vn -0.1449295 0.968298 -0.20345601
vn -0.1449295 0.968298 -0.20345601
vn -0.1449295 0.968298 0.20345601
vn -0.1449295 0.968298 0.20345601
vn -0.1427124 0.9897642 0
vn -0.1427124 0.9897642 0
vn -0.14253639 0.9523093 -0.26979676
vn -0.14253639 0.9523093 -0.26979676
vn -0.14253639 0.9523093 0.26979676
vn 0.024677671 0.706676 -0.70710677
vn 0.034899496 0.99939084 0
vn 0.024677671 0.706676 0.70710677
vn 0.034899496 0.99939084 0
vn 0.024677671 -0.706676 -0.70710677
vn 0.034899496 -0.99939084 0
vn 0.024677671 -0.706676 0.70710677
vn 0.034899496 -0.99939084 0
vn -0.14000946 0.55942607 0.8169699
vn -0.13577074 0.9071069 0.39840108
vn -0.13142973 0.87810385 0.46006504
vn -0.12647593 0.8450067 0.51958394
vn -0.120932445 0.80796975 -0.5766803
vn -0.120932445 0.80796975 -0.5766803
vn -0.114825115 0.7671657 -0.63108796
vn -0.11227778 0.31549653 -0.9422609
vn -0.10818242 0.72278476 -0.6825532
vn -0.10818242 0.72278476 -0.6825532
vn -0.09341716 0.6241356 -0.7757113
vn -0.09341716 0.6241356 -0.7757113
vn -0.09341716 0.6241356 0.7757113
vn -0.09341716 0.6241356 0.7757113
vn -0.08536344 0.57032734 -0.8169699
vn -0.08536344 0.57032734 -0.8169699
vn -0.08536344 0.57032734 0.8169699
vn -0.08536344 0.57032734 0.8169699
vn -0.08043006 0.1098743 -0.99068594
vn -0.08043006 0.1098743 0.99068594
vn -0.08043006 0.1098743 0.99068594
vn -0.08043006 0.1098743 0.99068594
vn -0.07332229 0.9973083 0
vn -0.068214335 0.19167982 -0.9790841
vn -0.0681014 0.45499673 0.8878852
vn -0.058973555 0.39401212 -0.9172113
vn -0.05188387 0.9986531 0
vn -0.051762916 0.996325 -0.068242416
vn -0.05079867 0.9777654 -0.20345601
vn -0.05079867 0.9777654 -0.20345601
vn -0.05079867 0.9777654 0.20345601
vn -0.05079867 0.9777654 0.20345601
vn -0.049959872 0.96162033 -0.26979676
vn -0.04957075 0.3311904 -0.9422609
vn -0.04888814 0.9409918 -0.3348796
vn -0.04888814 0.9409918 0.3348796
vn -0.04888814 0.9409918 0.3348796
vn -0.04888814 0.9409918 0.3348796
vn -0.04758847 0.9159759 0.39840108
vn -0.04758847 0.9159759 0.39840108
vn -0.044330582 0.8532686 -0.51958394
vn -0.042387556 0.8158695 -0.5766803
vn -0.042387556 0.8158695 -0.5766803
vn -0.042387556 0.8158695 0.5766803
vn -0.042387556 0.8158695 0.5766803
vn -0.042387556 0.8158695 0.5766803
vn -0.042387556 0.8158695 0.5766803
vn -0.040246904 0.7746665 -0.63108796
vn -0.039936826 0.26682457 0.96291727
vn -0.037918597 0.7298516 0.6825532
vn -0.037918597 0.7298516 0.6825532
vn -0.035413496 0.68163383 0.730836
vn -0.035413496 0.68163383 0.730836
vn -0.035413496 0.68163383 0.730836
vn -0.034806233 0.058698833 -0.99766874
vn -0.034806233 0.058698833 0.99766874
vn -0.029920405 0.5759036 0.8169699
vn -0.029920405 0.5759036 0.8169699
vn -0.02897849 0.061784092 -0.99766874
vn -0.02897849 0.061784092 0.99766874
vn -0.026958024 0.5188841 -0.8544194
vn -0.026958024 0.5188841 0.8544194
vn -0.026958024 0.5188841 0.8544194
vn -0.023869954 0.4594454 -0.8878852
vn -0.022880184 0.06429249 -0.99766874
vn -0.022880184 0.06429249 0.99766874
vn -0.020670589 0.3978645 0.9172113
vn -0.01656825 0.06620061 -0.99766874
vn -0.01656825 0.06620061 0.99766874
vn -0.010101623 0.06749062 -0.99766874
vn -0.010101623 0.06749062 0.99766874
vn -0.0035749718 0.9999936 0
vn -0.0035749718 0.9999936 0
vn -0.0035406803 0.0681505 -0.99766874
vn -0.0035406803 0.0681505 0.99766874
vn -1.1577523E-15 1.5815881E-15 -1
vn -4.1204362E-16 -5.7141414E-16 -1
vn -2.7105054E-17 0 -1
vn 0 0 -1
vn -1.7347235E-15 3.469447E-15 1
vn -3.6168333E-17 4.940902E-17 1
vn -2.7105054E-17 0 1
vn 0 0 1
vn 0.0030533208 0.06817407 -0.99766874
vn 0.0030533208 0.06817407 0.99766874
vn 0.009103085 0.20325227 -0.9790841
vn 0.009618814 0.06756112 -0.99766874
vn 0.009618814 0.06756112 0.99766874
vn 0.014983275 0.33454424 -0.9422609
vn 0.016094498 0.06631737 -0.99766874
vn 0.016094498 0.06631737 0.99766874
vn 0.020584356 0.45960432 -0.8878852
vn 0.020584356 0.45960432 0.8878852
vn 0.020584356 0.45960432 0.8878852
vn 0.022419913 0.06445444 -0.99766874
vn 0.022419913 0.06445444 0.99766874
vn 0.023247367 0.5190636 -0.8544194
vn 0.025801988 0.5761028 -0.8169699
vn 0.025801988 0.5761028 0.8169699
vn 0.025801988 0.5761028 0.8169699
vn 0.028236309 0.630456 -0.7757113
vn 0.028536 0.061989706 -0.99766874
vn 0.028536 0.061989706 0.99766874
vn 0.02867726 0.20142484 0.9790841
vn 0.02867726 0.20142484 0.9790841
vn 0.03438565 0.058946196 -0.99766874
vn 0.03438565 0.058946196 0.99766874
vn 0.034707088 0.7749345 -0.63108796
vn 0.036553092 0.81615174 -0.5766803
vn 0.036553092 0.81615174 -0.5766803
vn 0.036553092 0.81615174 0.5766803
vn 0.036553092 0.81615174 0.5766803
vn 0.03822867 0.8535638 -0.51958394
vn 0.039914258 0.05535232 -0.99766874
vn 0.039914258 0.05535232 0.99766874
vn 0.04103812 0.9162928 -0.39840108
vn 0.042158894 0.9413173 -0.3348796
vn 0.042158894 0.9413173 0.3348796
vn 0.042158894 0.9413173 0.3348796
vn 0.04308311 0.961953 0.26979676
vn 0.04308311 0.961953 0.26979676
vn 0.04380645 0.9781036 -0.20345601
vn 0.04380645 0.9781036 0.20345601
vn 0.04432554 0.9896938 0.13616665
vn 0.04463797 0.99666965 -0.068242416
vn 0.04463797 0.99666965 -0.068242416
vn 0.04463797 0.99666965 0.068242416
vn 0.044735294 0.12860836 0.99068594
vn 0.044742275 0.9989986 0
vn 0.063629694 0.2621861 0.96291727
vn 0.063629694 0.2621861 0.96291727
vn 0.06484648 0.45547202 0.8878852
vn 0.06484648 0.45547202 0.8878852
vn 0.066189766 0.997807 0
vn 0.066189766 0.997807 0
vn 0.066189766 0.997807 0
vn 0.066189766 0.997807 0
vn 0.066189766 0.997807 0
vn 0.0668421 0.19216265 0.9790841
vn 0.07897903 0.32543305 -0.9422609
vn 0.08507643 0.18481436 -0.9790841
vn 0.088637255 0.25482097 -0.96291727
vn 0.088637255 0.25482097 0.96291727
vn 0.088637255 0.25482097 0.96291727
vn -1.3552527E-17 4.2703695E-15 -1
vn 0 0 -1
vn 0 0 1
vn 0 7.2622487E-16 1
vn 0 0 -1
vn 0 0 1
vn 0 0 1
vn 1.298934E-16 0.70710677 0.70710677
vn 0 0 -1
vn 4.3297803E-17 -0.70710677 -0.70710677
vn -4.3297803E-17 -0.70710677 0.70710677
vn 0 0 1
vn -4.1204362E-16 -5.7141414E-16 -1
vn 0 0 -1
vn -1.7347235E-15 3.469447E-15 1
vn 0 0 1
vn 0.112817235 0.24507666 0.96291727
vn 0.112817235 0.24507666 0.96291727
vn 0.115152456 0.80881375 0.5766803
vn 0.12043098 0.8458894 -0.51958394
vn 0.12043098 0.8458894 0.51958394
vn 0.12254026 0.5049271 -0.8544194
vn 0.12254026 0.5049271 0.8544194
vn 0.12514801 0.8790211 -0.46006504
vn 0.12928155 0.9080544 -0.39840108
vn 0.1328123 0.932854 -0.3348796
vn 0.1328123 0.932854 0.3348796
vn 0.13563204 0.99075925 0
vn 0.13563204 0.99075925 0
vn 0.13563204 0.99075925 0
vn 0.13563204 0.99075925 0
vn 0.13572383 0.9533041 -0.26979676
vn 0.13572383 0.9533041 0.26979676
vn 0.13572383 0.9533041 0.26979676
vn 0.13800256 0.9693095 -0.20345601
vn 0.13963784 0.98079556 -0.13616665
vn 0.13963784 0.98079556 -0.13616665
vn 0.14003204 0.3041963 -0.9422609
vn 0.14003204 0.3041963 0.9422609
vn 0.14003204 0.3041963 0.9422609
vn 0.14095066 0.99001664 0
vn 0.14095066 0.99001664 0
vn 0.14095066 0.99001664 0
vn 0.14095066 0.99001664 0
vn 0.14095066 0.99001664 0
vn 0.14095066 0.99001664 0
vn 0.15780124 0.21883571 -0.96291727
vn 0.15780124 0.21883571 0.96291727
vn 0.16097541 0.6632991 -0.730836
vn 0.16097541 0.6632991 0.730836
vn 0.16659395 0.36189762 0.9172113
vn 0.16659395 0.36189762 0.9172113
vn 0.16659395 0.36189762 0.9172113
vn 0.17070068 0.49074307 0.8544194
vn 0.18294612 0.75382936 -0.63108796
vn 0.18294612 0.75382936 0.63108796
vn 0.18294612 0.75382936 0.63108796
vn 0.18945876 0.54467016 0.8169699
vn 0.19267666 0.7939241 -0.5766803
vn 0.19267666 0.7939241 -0.5766803
vn 0.19267666 0.7939241 0.5766803
vn 0.1958675 0.27162525 0.9422609
vn 0.20150888 0.8303172 -0.51958394
vn 0.20441352 0.97888464 0
vn 0.20441352 0.97888464 0
vn 0.20441352 0.97888464 0
vn 0.20733348 0.5960577 -0.7757113
vn 0.20733348 0.5960577 0.7757113
vn 0.20940155 0.862839 -0.46006504
vn 0.20940155 0.862839 0.46006504
vn 0.2163179 0.8913378 -0.39840108
vn 0.2163179 0.8913378 0.39840108
vn 0.21726733 0.4719771 -0.8544194
vn 0.22222568 0.9156808 -0.3348796
vn 0.22424152 0.6446662 -0.730836
vn 0.22709735 0.9357545 -0.26979676
vn 0.22709735 0.9357545 0.26979676
vn 0.23091017 0.95146525 0.20345601
vn 0.23302053 0.32314837 -0.9172113
vn 0.23302053 0.32314837 0.9172113
vn 0.23302053 0.32314837 0.9172113
vn 0.2336464 0.9627398 -0.13616665
vn 0.2336464 0.9627398 0.13616665
vn 0.2336464 0.9627398 0.13616665
vn 0.23584305 0.97179115 0
vn 0.23584305 0.97179115 0
vn 0.23584305 0.97179115 0
vn 0.23584305 0.97179115 0
vn 0.23584305 0.97179115 0
vn 0.24010403 0.690269 -0.6825532
vn 0.24010403 0.690269 0.6825532
vn 0.24114254 0.52384204 -0.8169699
vn 0.24114254 0.52384204 0.8169699
vn 0.25484708 0.7326534 -0.63108796
vn 0.25484708 0.7326534 0.63108796
vn 0.25484708 0.7326534 0.63108796
vn 0.26180542 0.4488044 -0.8544194
vn 0.26180542 0.4488044 0.8544194
vn 0.26389346 0.57326454 0.7757113
vn 0.26840192 0.7716218 -0.5766803
vn 0.26840192 0.7716218 -0.5766803
vn 0.26840192 0.7716218 0.5766803
vn 0.2690871 0.3731648 -0.8878852
vn 0.2690871 0.3731648 0.8878852
vn 0.27219912 0.96224093 0
vn 0.27219912 0.96224093 0
vn 0.28070533 0.8069926 0.51958394
vn 0.28541395 0.62001425 0.730836
vn 0.29057485 0.49812293 0.8169699
vn 0.29169998 0.8386008 -0.46006504
vn 0.29169998 0.8386008 0.46006504
vn 0.30133456 0.86629903 0.39840108
vn 0.30389908 0.42144138 0.8544194
vn 0.3056037 0.66387314 -0.6825532
vn 0.3056037 0.66387314 0.6825532
vn 0.3095642 0.8899582 0.3348796
vn 0.31635052 0.909468 -0.26979676
vn 0.3179895 0.5451189 -0.7757113
vn 0.3179895 0.5451189 0.7757113
vn 0.32166183 0.92473745 0.20345601
vn 0.32436863 0.7046368 -0.63108796
vn 0.32436863 0.7046368 0.63108796
vn 0.32436863 0.7046368 0.63108796
vn 0.32547343 0.9356953 -0.13616665
vn 0.32547343 0.9356953 0.13616665
vn 0.32776752 0.94229054 -0.068242416
vn 0.32776752 0.94229054 0.068242416
vn 0.3285334 0.94449234 0
vn 0.3285334 0.94449234 0
vn 0.33729413 0.467753 -0.8169699
vn 0.33729413 0.467753 0.8169699
vn 0.33865857 0.9409093 0
vn 0.33865857 0.9409093 0
vn 0.34162116 0.7421151 0.5766803
vn 0.34162116 0.7421151 0.5766803
vn 0.34392154 0.5895734 -0.730836
vn 0.34392154 0.5895734 0.730836
vn -0.034899496 0.99939084 0
vn -0.024677671 0.706676 -0.70710677
vn -0.034899496 0.99939084 0
vn -0.024677671 0.706676 0.70710677
vn -0.034899496 -0.99939084 0
vn -0.024677671 -0.706676 -0.70710677
vn -0.034899496 -0.99939084 0
vn -0.024677671 -0.706676 0.70710677
vn 0.3572809 0.7761333 -0.51958394
vn 0.3572809 0.7761333 -0.51958394
vn 0.3572809 0.7761333 0.51958394
vn -0.024677671 0.706676 -0.70710677
vn 0 0 -1
vn -0.024677671 -0.706676 -0.70710677
vn 0 0 -1
vn 0.36825004 0.63127893 0.6825532
vn 0.36911657 0.51188374 0.7757113
vn 0.37127486 0.8065328 -0.46006504
vn 0.37127486 0.8065328 0.46006504
vn 0.38353774 0.83317184 -0.39840108
vn 0.38353774 0.83317184 0.39840108
vn 0.3908616 0.6700412 -0.63108796
vn 0.3908616 0.6700412 0.63108796
vn 0.39921802 0.55362785 -0.730836
vn 0.40265 0.87469006 -0.26979676
vn 0.40265 0.87469006 0.26979676
vn 0.40346813 0.9149937 0
vn 0.40346813 0.9149937 0
vn 0.40346813 0.9149937 0
vn 0.40941024 0.88937557 -0.20345601
vn 0.40941024 0.88937557 0.20345601
vn 0.41165078 0.7056794 -0.5766803
vn 0.41165078 0.7056794 -0.5766803
vn 0.41165078 0.7056794 0.5766803
vn 0.41165078 0.7056794 0.5766803
vn 0.41718155 0.90625745 0.068242416
vn 0.41815636 0.9083751 0
vn 0.41815636 0.9083751 0
vn 0.41815636 0.9083751 0
vn 0.42745814 0.59279066 0.6825532
vn 0.43052065 0.73802745 -0.51958394
vn 0.43052065 0.73802745 -0.51958394
vn 0.43052065 0.73802745 0.51958394
vn 0.44738325 0.7669344 -0.46006504
vn 0.44738325 0.7669344 0.46006504
vn 0.45370522 0.6291896 -0.63108796
vn 0.45370522 0.6291896 0.63108796
vn 0.46215993 0.7922656 -0.39840108
vn 0.46215993 0.7922656 0.39840108
vn 0.46631205 0.8846203 0
vn 0.46631205 0.8846203 0
vn 0.46631205 0.8846203 0
vn 0.47783694 0.662655 -0.5766803
vn 0.47783694 0.662655 0.5766803
vn 0.47783694 0.662655 0.5766803
vn 0.48519003 0.8317453 -0.26979676
vn 0.499182 0.85573125 -0.13616665
vn 0.499182 0.85573125 0.13616665
vn 0.49974075 0.69303083 -0.51958394
vn 0.49974075 0.69303083 -0.51958394
vn 0.49974075 0.69303083 0.51958394
vn 0.49974075 0.69303083 0.51958394
vn 0.50270045 0.8617629 -0.068242416
vn 0.50270045 0.8617629 0.068242416
vn 0.5038751 0.8637765 0
vn 0.5038751 0.8637765 0
vn 0.5193145 0.7201754 0.46006504
vn 0.52688414 0.84993714 0
vn 0.52688414 0.84993714 0
vn 0.5364671 0.74396217 0.39840108
vn 0.5511183 0.7642802 -0.3348796
vn 0.5511183 0.7642802 0.3348796
vn 0.5511183 0.7642802 0.3348796
vn 0.5632 0.7810349 -0.26979676
vn 0.5632 0.7810349 0.26979676
vn 0.5632 0.7810349 0.26979676
vn 0.5726558 0.79414797 -0.20345601
vn 0.5726558 0.79414797 0.20345601
vn 0.5726558 0.79414797 0.20345601
vn 0.5794416 0.8035584 -0.13616665
vn 0.5794416 0.8035584 0.13616665
vn 0.5835258 0.8092222 -0.068242416
vn 0.5835258 0.8092222 0.068242416
vn 0.5848893 0.8111131 0
vn 0.5848893 0.8111131 1.2246469E-16
vn 0.5848893 0.8111131 0
vn -0.104528464 0.9945219 0
vn -0.073912784 0.7032332 -0.70710677
vn -0.104528464 0.9945219 0
vn -0.073912784 0.7032332 0.70710677
vn -0.104528464 -0.9945219 0
vn -0.073912784 -0.7032332 -0.70710677
vn -0.104528464 -0.9945219 0
vn -0.073912784 -0.7032332 0.70710677
vn -0.073912784 0.7032332 -0.70710677
vn 0 0 -1
vn -0.073912784 0.7032332 0.70710677
vn 0 0 1
vn -0.073912784 -0.7032332 -0.70710677
vn 0 0 -1
vn -0.073912784 -0.7032332 0.70710677
vn 0 0 1
vn -0.17364818 0.9848077 0
vn -0.1227878 0.6963642 -0.70710677
vn -0.17364818 0.9848077 0
vn -0.1227878 0.6963642 0.70710677
vn -0.17364818 -0.9848077 0
vn -0.1227878 -0.6963642 -0.70710677
vn -0.17364818 -0.9848077 0
vn -0.1227878 -0.6963642 0.70710677
vn -0.1227878 0.6963642 -0.70710677
vn 0 0 -1
vn -0.1227878 0.6963642 0.70710677
vn 0 0 1
vn -0.1227878 -0.6963642 -0.70710677
vn 0 0 -1
vn -0.1227878 -0.6963642 0.70710677
vn 0 0 1
vn -0.2419219 0.9702957 0
vn -0.17106462 0.6861027 -0.70710677
vn -0.2419219 0.9702957 0
vn -0.17106462 0.6861027 0.70710677
vn -0.2419219 -0.9702957 0
vn -0.17106462 -0.6861027 -0.70710677
vn -0.2419219 -0.9702957 0
vn -0.17106462 -0.6861027 0.70710677
vn -0.17106462 0.6861027 -0.70710677
vn 0 0 -1
vn -0.17106462 0.6861027 0.70710677
vn 0 0 1
vn -0.17106462 -0.6861027 -0.70710677
vn 0 0 -1
vn -0.17106462 -0.6861027 0.70710677
vn 0 0 1
vn -0.309017 0.95105654 0
vn -0.218508 0.6724985 -0.70710677
vn -0.309017 0.95105654 0
vn -0.218508 0.6724985 0.70710677
vn -0.309017 -0.95105654 0
vn -0.218508 -0.6724985 -0.70710677
vn -0.309017 -0.95105654 0
vn -0.218508 -0.6724985 0.70710677
vn -0.218508 0.6724985 -0.70710677
vn 0 0 -1
vn -0.218508 0.6724985 0.70710677
vn 0 0 1
vn -0.218508 -0.6724985 -0.70710677
vn 0 0 -1
vn -0.218508 -0.6724985 0.70710677
vn 0 0 1
vn 0 0 -1
vn 0.70710677 0 -0.70710677
vn 0 0 1
vn 0.70710677 1.5700924E-16 0.70710677
vn 0 0 -1
vn 0.7053843 0.049325276 -0.70710677
vn 0 0 1
vn 0.7053843 0.049325276 0.70710677
vn 0 0 -1
vn 0.7053843 -0.049325276 -0.70710677
vn 0 0 1
vn 0.7053843 -0.049325276 0.70710677
vn 0 0 -1
vn 0.7002253 0.09841024 -0.70710677
vn 0 0 1
vn 0.7002253 0.09841024 0.70710677
vn 0 0 -1
vn 0.7002253 -0.09841024 -0.70710677
vn 0 0 1
vn 0.7002253 -0.09841024 0.70710677
vn -0.37460658 0.92718387 0
vn -0.26488686 0.655618 -0.70710677
vn -0.37460658 0.92718387 0
vn -0.26488686 0.655618 0.70710677
vn -0.37460658 -0.92718387 0
vn -0.26488686 -0.655618 -0.70710677
vn -0.37460658 -0.92718387 0
vn -0.26488686 -0.655618 0.70710677
vn 0 0 -1
vn 0.6916548 0.14701577 -0.70710677
vn 0 0 1
vn 0.6916548 0.14701577 0.70710677
vn 0 0 -1
vn 0.6916548 -0.14701577 -0.70710677
vn 0 0 1
vn 0.6916548 -0.14701577 0.70710677
vn 0 0 -1
vn 0.6797147 0.19490504 -0.70710677
vn 0 0 1
vn 0.6797147 0.19490504 0.70710677
vn 0 0 -1
vn 0.6797147 -0.19490504 -0.70710677
vn 0 0 1
vn 0.6797147 -0.19490504 0.70710677
vn -0.26488686 0.655618 -0.70710677
vn 0 0 -1
vn -0.26488686 0.655618 0.70710677
vn 0 0 1
vn -0.26488686 -0.655618 0.70710677
vn 0 0 1
vn 0 0 -1
vn 0.66446304 0.24184476 -0.70710677
vn 0 0 1
vn 0.66446304 0.24184476 0.70710677
vn 0 0 -1
vn 0.66446304 -0.24184476 -0.70710677
vn 0 0 1
vn 0.66446304 -0.24184476 0.70710677
vn 0.70710677 0 -0.70710677
vn 1 2.4492937E-16 0
vn 0.70710677 1.5700924E-16 0.70710677
vn 1 2.4492937E-16 0
vn 0.7053843 0.049325276 -0.70710677
vn 0.9975641 0.06975647 0
vn 0.7053843 0.049325276 0.70710677
vn 0.9975641 0.06975647 0
vn 0.7053843 -0.049325276 -0.70710677
vn 0.9975641 -0.06975647 0
vn 0.7053843 -0.049325276 0.70710677
vn 0.9975641 -0.06975647 0
vn 0.7002253 0.09841024 -0.70710677
vn 0.99026805 0.1391731 0
vn 0.7002253 0.09841024 0.70710677
vn 0.99026805 0.1391731 0
vn 0.7002253 -0.09841024 -0.70710677
vn 0.99026805 -0.1391731 0
vn 0.7002253 -0.09841024 0.70710677
vn 0.99026805 -0.1391731 0
vn -0.43837115 0.89879405 0
vn -0.3099752 0.63554335 -0.70710677
vn -0.43837115 0.89879405 0
vn -0.3099752 0.63554335 0.70710677
vn -0.43837115 -0.89879405 0
vn -0.3099752 -0.63554335 -0.70710677
vn -0.43837115 -0.89879405 0
vn -0.3099752 -0.63554335 0.70710677
vn 0 0 -1
vn 0.64597416 0.28760624 -0.70710677
vn 0 0 1
vn 0.64597416 0.28760624 0.70710677
vn 0 0 -1
vn 0.64597416 -0.28760624 -0.70710677
vn 0 0 1
vn 0.64597416 -0.28760624 0.70710677
vn 0.6916548 0.14701577 -0.70710677
vn 0.9781476 0.20791169 0
vn 0.6916548 0.14701577 0.70710677
vn 0.9781476 0.20791169 0
vn 0.6916548 -0.14701577 -0.70710677
vn 0.9781476 -0.20791169 0
vn 0.6916548 -0.14701577 0.70710677
vn 0.9781476 -0.20791169 0
vn 0.6797147 0.19490504 -0.70710677
vn 0.9612617 0.27563736 0
vn 0.6797147 0.19490504 0.70710677
vn 0.9612617 0.27563736 0
vn 0.6797147 -0.19490504 -0.70710677
vn 0.9612617 -0.27563736 0
vn 0.6797147 -0.19490504 0.70710677
vn 0.9612617 -0.27563736 0
vn -0.3099752 0.63554335 -0.70710677
vn 0 0 -1
vn -0.3099752 0.63554335 0.70710677
vn 0 0 1
vn -0.3099752 -0.63554335 -0.70710677
vn 0 0 -1
vn -0.3099752 -0.63554335 0.70710677
vn 0 0 1
vn 0 0 -1
vn 0.6243382 0.33196652 -0.70710677
vn 0 0 1
vn 0.6243382 0.33196652 0.70710677
vn 0 0 -1
vn 0.6243382 -0.33196652 -0.70710677
vn 0 0 1
vn 0.6243382 -0.33196652 0.70710677
vn 0.66446304 0.24184476 -0.70710677
vn 0.9396926 0.34202015 0
vn 0.66446304 0.24184476 0.70710677
vn 0.9396926 0.34202015 0
vn 0.66446304 -0.24184476 -0.70710677
vn 0.9396926 -0.34202015 0
vn 0.66446304 -0.24184476 0.70710677
vn 0.9396926 -0.34202015 0
vn -0.5 0.8660254 0
vn -0.35355338 0.61237246 -0.70710677
vn -0.5 0.8660254 0
vn -0.35355338 0.61237246 0.70710677
vn -0.5 -0.8660254 0
vn -0.35355338 -0.61237246 -0.70710677
vn -0.5 -0.8660254 0
vn -0.35355338 -0.61237246 0.70710677
vn 0.64597416 0.28760624 -0.70710677
vn 0.9135454 0.40673664 0
vn 0.64597416 0.28760624 0.70710677
vn 0.9135454 0.40673664 0
vn 0.64597416 -0.28760624 -0.70710677
vn 0.9135454 -0.40673664 0
vn 0.64597416 -0.28760624 0.70710677
vn 0.9135454 -0.40673664 0
vn 0 0 -1
vn 0.5996606 0.37470952 -0.70710677
vn 0 0 1
vn 0.5996606 0.37470952 0.70710677
vn 0 0 -1
vn 0.5996606 -0.37470952 -0.70710677
vn 0 0 1
vn 0.5996606 -0.37470952 0.70710677
vn -0.35355338 0.61237246 -0.70710677
vn 0 0 -1
vn -0.35355338 0.61237246 0.70710677
vn 0 0 1
vn -0.35355338 -0.61237246 -0.70710677
vn 0 0 -1
vn -0.35355338 -0.61237246 0.70710677
vn 0 0 1
vn 0.6243382 0.33196652 -0.70710677
vn 0.88294756 0.46947157 0
vn 0.6243382 0.33196652 0.70710677
vn 0.88294756 0.46947157 0
vn 0.6243382 -0.33196652 -0.70710677
vn 0.88294756 -0.46947157 0
vn 0.6243382 -0.33196652 0.70710677
vn 0.88294756 -0.46947157 0
vn -0.5591929 0.82903755 0
vn -0.5591929 0.82903755 0
vn -0.3954091 0.5862181 -0.70710677
vn -0.5591929 0.82903755 0
vn -0.5591929 0.82903755 0
vn -0.3954091 0.5862181 0.70710677
vn -0.5591929 -0.82903755 0
vn -0.3954091 -0.5862181 -0.70710677
vn -0.5591929 -0.82903755 0
vn -0.3954091 -0.5862181 0.70710677
vn 0 0 -1
vn 0.5720614 0.41562694 -0.70710677
vn 0 0 1
vn 0.5720614 0.41562694 0.70710677
vn 0 0 -1
vn 0.5720614 -0.41562694 -0.70710677
vn 0 0 1
vn 0.5720614 -0.41562694 0.70710677
vn 0.5996606 0.37470952 -0.70710677
vn 0.8480481 0.52991927 0
vn 0.5996606 0.37470952 0.70710677
vn 0.8480481 0.52991927 0
vn 0.5996606 -0.37470952 -0.70710677
vn 0.8480481 -0.52991927 0
vn 0.5996606 -0.37470952 0.70710677
vn 0.8480481 -0.52991927 0
vn -0.3954091 0.5862181 -0.70710677
vn 0 0 -1
vn -0.3954091 0.5862181 0.70710677
vn 0 0 1
vn -0.3954091 -0.5862181 -0.70710677
vn 0 0 -1
vn -0.3954091 -0.5862181 0.70710677
vn 0 0 1
vn 0 0 -1
vn 0.5416752 0.45451948 -0.70710677
vn 0 0 1
vn 0.5416752 0.45451948 0.70710677
vn 0 0 -1
vn 0.5416752 -0.45451948 -0.70710677
vn 0 0 1
vn 0.5416752 -0.45451948 0.70710677
vn -0.6156615 0.7880108 0
vn -0.4353384 0.55720776 -0.70710677
vn -0.6156615 0.7880108 0
vn -0.4353384 0.55720776 0.70710677
vn -0.6156615 -0.7880108 0
vn -0.4353384 -0.55720776 0.70710677
vn 0.5720614 0.41562694 -0.70710677
vn 0.809017 0.58778524 0
vn 0.5720614 0.41562694 0.70710677
vn 0.809017 0.58778524 0
vn 0.5720614 -0.41562694 -0.70710677
vn 0.809017 -0.58778524 0
vn 0.5720614 -0.41562694 0.70710677
vn 0.809017 -0.58778524 0
vn 0 0 -1
vn 0.50865006 0.49119765 -0.70710677
vn 0 0 1
vn 0.50865006 0.49119765 0.70710677
vn 0 0 -1
vn 0.50865006 -0.49119765 -0.70710677
vn 0 0 1
vn 0.50865006 -0.49119765 0.70710677
vn -0.4353384 0.55720776 -0.70710677
vn 0 0 -1
vn -0.4353384 0.55720776 0.70710677
vn 0 0 1
vn -0.4353384 -0.55720776 -0.70710677
vn 0 0 -1
vn -0.4353384 -0.55720776 0.70710677
vn 0 0 1
vn 0.5416752 0.45451948 -0.70710677
vn 0.76604444 0.64278764 0
vn 0.5416752 0.45451948 0.70710677
vn 0.76604444 0.64278764 0
vn 0.5416752 -0.45451948 -0.70710677
vn 0.76604444 -0.64278764 0
vn 0.5416752 -0.45451948 0.70710677
vn 0.76604444 -0.64278764 0
vn -0.6691306 0.7431448 0
vn -0.4731468 0.5254828 -0.70710677
vn -0.6691306 0.7431448 0
vn -0.4731468 0.5254828 0.70710677
vn -0.6691306 -0.7431448 0
vn -0.4731468 -0.5254828 -0.70710677
vn -0.6691306 -0.7431448 0
vn -0.4731468 -0.5254828 0.70710677
vn 0.50865006 0.49119765 -0.70710677
vn 0.7193398 0.6946584 0
vn 0.7193398 0.6946584 0
vn 0.50865006 0.49119765 0.70710677
vn 0.7193398 0.6946584 0
vn 0.7193398 0.6946584 0
vn 0.50865006 -0.49119765 -0.70710677
vn 0.7193398 -0.6946584 0
vn 0.7193398 -0.6946584 0
vn 0.50865006 -0.49119765 0.70710677
vn 0.7193398 -0.6946584 0
vn 0.7193398 -0.6946584 0
vn 0 0 -1
vn 0.4731468 0.5254828 -0.70710677
vn 0 0 1
vn 0.4731468 0.5254828 0.70710677
vn 0 0 -1
vn 0.4731468 -0.5254828 -0.70710677
vn 0 0 1
vn 0.4731468 -0.5254828 0.70710677
vn -0.4731468 0.5254828 -0.70710677
vn 0 0 -1
vn -0.4731468 0.5254828 0.70710677
vn 0 0 1
vn -0.4731468 -0.5254828 0.70710677
vn 0 0 1
vn -0.7193398 0.6946584 0
vn -0.50865006 0.49119765 -0.70710677
vn -0.7193398 0.6946584 0
vn -0.50865006 0.49119765 0.70710677
vn -0.7193398 -0.6946584 0
vn -0.50865006 -0.49119765 -0.70710677
vn -0.7193398 -0.6946584 0
vn -0.50865006 -0.49119765 0.70710677
vn 0.4731468 0.5254828 -0.70710677
vn 0.6691306 0.7431448 0
vn 0.4731468 0.5254828 0.70710677
vn 0.6691306 0.7431448 0
vn 0.4731468 -0.5254828 -0.70710677
vn 0.6691306 -0.7431448 0
vn 0.4731468 -0.5254828 0.70710677
vn 0.6691306 -0.7431448 0
vn -0.76604444 0.64278764 0
vn -0.5416752 0.45451948 -0.70710677
vn -0.76604444 0.64278764 0
vn -0.5416752 0.45451948 0.70710677
vn -0.76604444 -0.64278764 0
vn -0.76604444 -0.64278764 0
vn -0.5416752 -0.45451948 -0.70710677
vn -0.76604444 -0.64278764 0
vn -0.76604444 -0.64278764 0
vn -0.5416752 -0.45451948 0.70710677
vn 0 0 -1
vn 0.4353384 0.55720776 -0.70710677
vn 0 0 1
vn 0.4353384 0.55720776 0.70710677
vn 0 0 -1
vn 0.4353384 -0.55720776 -0.70710677
vn 0 0 1
vn 0.4353384 -0.55720776 0.70710677
vn -0.50865006 0.49119765 -0.70710677
vn 0 0 -1
vn -0.50865006 0.49119765 0.70710677
vn 0 0 1
vn -0.50865006 -0.49119765 -0.70710677
vn 0 0 -1
vn -0.50865006 -0.49119765 0.70710677
vn 0 0 1
vn -0.809017 0.58778524 0
vn -0.5720614 0.41562694 -0.70710677
vn -0.809017 0.58778524 0
vn -0.5720614 0.41562694 0.70710677
vn -0.809017 -0.58778524 0
vn -0.5720614 -0.41562694 -0.70710677
vn -0.809017 -0.58778524 0
vn -0.5720614 -0.41562694 0.70710677
vn 0.4353384 0.55720776 -0.70710677
vn 0.6156615 0.7880108 0
vn 0.4353384 0.55720776 0.70710677
vn 0.6156615 0.7880108 0
vn 0.4353384 -0.55720776 -0.70710677
vn 0.6156615 -0.7880108 0
vn 0.4353384 -0.55720776 0.70710677
vn 0.6156615 -0.7880108 0
vn -0.5416752 0.45451948 -0.70710677
vn 0 0 -1
vn -0.5416752 0.45451948 0.70710677
vn 0 0 1
vn -0.5416752 -0.45451948 -0.70710677
vn 0 0 -1
vn -0.5416752 -0.45451948 0.70710677
vn 0 0 1
vn 0 0 -1
vn 0.3954091 0.5862181 -0.70710677
vn 0 0 1
vn 0.3954091 0.5862181 0.70710677
vn 0 0 -1
vn 0.3954091 -0.5862181 -0.70710677
vn 0 0 1
vn 0.3954091 -0.5862181 0.70710677
vn -0.8480481 0.52991927 0
vn -0.5996606 0.37470952 -0.70710677
vn -0.8480481 0.52991927 0
vn -0.5996606 0.37470952 0.70710677
vn -0.8480481 -0.52991927 0
vn -0.5996606 -0.37470952 -0.70710677
vn -0.8480481 -0.52991927 0
vn -0.5996606 -0.37470952 0.70710677
vn -0.5720614 0.41562694 -0.70710677
vn 0 0 -1
vn -0.5720614 0.41562694 0.70710677
vn 0 0 1
vn -0.5720614 -0.41562694 -0.70710677
vn 0 0 -1
vn -0.5720614 -0.41562694 0.70710677
vn 0 0 1
vn 0.3954091 0.5862181 -0.70710677
vn 0.5591929 0.82903755 0
vn 0.3954091 0.5862181 0.70710677
vn 0.5591929 0.82903755 0
vn 0.3954091 -0.5862181 -0.70710677
vn 0.5591929 -0.82903755 0
vn 0.3954091 -0.5862181 0.70710677
vn 0.5591929 -0.82903755 0
vn -0.88294756 0.46947157 0
vn -0.6243382 0.33196652 -0.70710677
vn -0.88294756 0.46947157 0
vn -0.6243382 0.33196652 0.70710677
vn -0.88294756 -0.46947157 0
vn -0.6243382 -0.33196652 -0.70710677
vn -0.88294756 -0.46947157 0
vn -0.6243382 -0.33196652 0.70710677
vn 0 0 -1
vn 0.35355338 0.61237246 -0.70710677
vn 0 0 1
vn 0.35355338 0.61237246 0.70710677
vn 0 0 -1
vn 0.35355338 -0.61237246 -0.70710677
vn 0 0 1
vn 0.35355338 -0.61237246 0.70710677
vn -0.5996606 0.37470952 -0.70710677
vn 0 0 -1
vn -0.5996606 0.37470952 0.70710677
vn 0 0 1
vn -0.5996606 -0.37470952 -0.70710677
vn 0 0 -1
vn -0.5996606 -0.37470952 0.70710677
vn 0 0 1
vn -0.9135454 0.40673664 0
vn -0.64597416 0.28760624 -0.70710677
vn -0.9135454 0.40673664 0
vn -0.64597416 0.28760624 0.70710677
vn -0.9135454 -0.40673664 0
vn -0.64597416 -0.28760624 -0.70710677
vn -0.9135454 -0.40673664 0
vn -0.64597416 -0.28760624 0.70710677
vn 0.35355338 0.61237246 -0.70710677
vn 0.5 0.8660254 0
vn 0.35355338 0.61237246 0.70710677
vn 0.5 0.8660254 0
vn 0.35355338 -0.61237246 -0.70710677
vn 0.5 -0.8660254 0
vn 0.35355338 -0.61237246 0.70710677
vn 0.5 -0.8660254 0
vn -0.9396926 0.34202015 0
vn -0.66446304 0.24184476 -0.70710677
vn -0.9396926 0.34202015 0
vn -0.66446304 0.24184476 0.70710677
vn -0.9396926 -0.34202015 0
vn -0.66446304 -0.24184476 -0.70710677
vn -0.9396926 -0.34202015 0
vn -0.66446304 -0.24184476 0.70710677
vn -0.6243382 0.33196652 -0.70710677
vn 0 0 -1
vn -0.6243382 0.33196652 0.70710677
vn 0 0 1
vn -0.6243382 -0.33196652 -0.70710677
vn 0 0 -1
vn -0.6243382 -0.33196652 0.70710677
vn 0 0 1
vn 0 0 -1
vn 0.3099752 0.63554335 -0.70710677
vn 0 0 1
vn 0.3099752 0.63554335 0.70710677
vn 0 0 -1
vn 0.3099752 -0.63554335 -0.70710677
vn 0 0 1
vn 0.3099752 -0.63554335 0.70710677
vn -0.9612617 0.27563736 0
vn -0.6797147 0.19490504 -0.70710677
vn -0.9612617 0.27563736 0
vn -0.6797147 0.19490504 0.70710677
vn -0.9612617 -0.27563736 0
vn -0.6797147 -0.19490504 -0.70710677
vn -0.9612617 -0.27563736 0
vn -0.6797147 -0.19490504 0.70710677
vn -0.9781476 0.20791169 0
vn -0.6916548 0.14701577 -0.70710677
vn -0.9781476 0.20791169 0
vn -0.6916548 0.14701577 0.70710677
vn -0.9781476 -0.20791169 0
vn -0.6916548 -0.14701577 0.70710677
vn -0.64597416 0.28760624 -0.70710677
vn 0 0 -1
vn -0.64597416 0.28760624 0.70710677
vn 0 0 1
vn -0.64597416 -0.28760624 -0.70710677
vn 0 0 -1
vn -0.64597416 -0.28760624 0.70710677
vn 0 0 1
vn 0.3099752 0.63554335 -0.70710677
vn 0.43837115 0.89879405 0
vn 0.3099752 0.63554335 0.70710677
vn 0.43837115 0.89879405 0
vn 0.3099752 -0.63554335 -0.70710677
vn 0.43837115 -0.89879405 0
vn 0.3099752 -0.63554335 0.70710677
vn 0.43837115 -0.89879405 0
vn -0.99026805 0.1391731 0
vn -0.7002253 0.09841024 -0.70710677
vn -0.99026805 0.1391731 0
vn -0.7002253 0.09841024 0.70710677
vn -0.99026805 -0.1391731 0
vn -0.7002253 -0.09841024 -0.70710677
vn -0.99026805 -0.1391731 0
vn -0.7002253 -0.09841024 0.70710677
vn -0.9975641 0.06975647 0
vn -0.7053843 0.049325276 -0.70710677
vn -0.9975641 0.06975647 0
vn -0.7053843 0.049325276 0.70710677
vn -0.9975641 -0.06975647 0
vn -0.7053843 -0.049325276 -0.70710677
vn -0.9975641 -0.06975647 0
vn -0.7053843 -0.049325276 0.70710677
vn -1 -1.2246469E-16 0
vn -0.70710677 1.5700924E-16 -0.70710677
vn -1 -1.2246469E-16 0
vn -0.70710677 0 0.70710677
vn -0.66446304 0.24184476 -0.70710677
vn 0 0 -1
vn -0.66446304 0.24184476 0.70710677
vn 0 0 1
vn -0.66446304 -0.24184476 -0.70710677
vn 0 0 -1
vn -0.66446304 -0.24184476 0.70710677
vn 0 0 1
vn 0 0 -1
vn 0.26488686 0.655618 -0.70710677
vn 0 0 1
vn 0.26488686 0.655618 0.70710677
vn 0 0 -1
vn 0.26488686 -0.655618 -0.70710677
vn 0 0 1
vn 0.26488686 -0.655618 0.70710677
vn -0.6797147 0.19490504 -0.70710677
vn 0 0 -1
vn -0.6797147 0.19490504 0.70710677
vn 0 0 1
vn -0.6797147 -0.19490504 -0.70710677
vn 0 0 -1
vn -0.6797147 -0.19490504 0.70710677
vn 0 0 1
vn -0.6916548 0.14701577 -0.70710677
vn 0 0 -1
vn -0.6916548 0.14701577 0.70710677
vn 0 0 1
vn -0.6916548 -0.14701577 -0.70710677
vn 0 0 -1
vn -0.6916548 -0.14701577 0.70710677
vn 0 0 1
vn 0.26488686 0.655618 -0.70710677
vn 0.37460658 0.92718387 0
vn 0.26488686 0.655618 0.70710677
vn 0.37460658 0.92718387 0
vn 0.26488686 -0.655618 -0.70710677
vn 0.37460658 -0.92718387 0
vn 0.26488686 -0.655618 0.70710677
vn 0.37460658 -0.92718387 0
vn -0.7002253 0.09841024 -0.70710677
vn 0 0 -1
vn -0.7002253 0.09841024 0.70710677
vn 0 0 1
vn -0.7002253 -0.09841024 -0.70710677
vn 0 0 -1
vn -0.7002253 -0.09841024 0.70710677
vn 0 0 1
vn -0.7053843 0.049325276 0.70710677
vn 0 0 1
vn -0.7053843 -0.049325276 -0.70710677
vn 0 0 -1
vn -0.7053843 -0.049325276 0.70710677
vn 0 0 1
vn 0 0 -1
vn 0.70710677 0 -0.70710677
vn 0 0 1
vn 0.70710677 1.5700924E-16 0.70710677
vn -0.70710677 1.5700924E-16 -0.70710677
vn 0 0 -1
vn -0.70710677 0 0.70710677
vn 0 0 1
vn 0 0 -1
vn 0.7053843 0.049325276 -0.70710677
vn 0 0 1
vn 0.7053843 0.049325276 0.70710677
vn 0 0 -1
vn 0.7053843 -0.049325276 -0.70710677
vn 0 0 1
vn 0.7053843 -0.049325276 0.70710677
vn 0 0 -1
vn 0.7002253 0.09841024 -0.70710677
vn 0 0 1
vn 0.7002253 0.09841024 0.70710677
vn 0 0 -1
vn 0.7002253 -0.09841024 -0.70710677
vn 0 0 1
vn 0.7002253 -0.09841024 0.70710677
vn 0 0 -1
vn 0.6916548 0.14701577 -0.70710677
vn 0 0 1
vn 0.6916548 0.14701577 0.70710677
vn 0 0 -1
vn 0.6916548 -0.14701577 -0.70710677
vn 0 0 1
vn 0.6916548 -0.14701577 0.70710677
vn 0 0 -1
vn 0.218508 0.6724985 -0.70710677
vn 0 0 1
vn 0.218508 0.6724985 0.70710677
vn 0 0 -1
vn 0.218508 -0.6724985 -0.70710677
vn 0 0 1
vn 0.218508 -0.6724985 0.70710677
vn 0 0 -1
vn 0.6797147 0.19490504 -0.70710677
vn 0 0 1
vn 0.6797147 0.19490504 0.70710677
vn 0 0 -1
vn 0.6797147 -0.19490504 -0.70710677
vn 0 0 1
vn 0.6797147 -0.19490504 0.70710677
vn 0.218508 0.6724985 -0.70710677
vn 0.309017 0.95105654 0
vn 0.218508 0.6724985 0.70710677
vn 0.309017 0.95105654 0
vn 0.218508 -0.6724985 -0.70710677
vn 0.309017 -0.95105654 0
vn 0.218508 -0.6724985 0.70710677
vn 0.309017 -0.95105654 0
vn 0 0 -1
vn 0.66446304 0.24184476 -0.70710677
vn 0 0 1
vn 0.66446304 0.24184476 0.70710677
vn 0 0 -1
vn 0.66446304 -0.24184476 -0.70710677
vn 0 0 1
vn 0.66446304 -0.24184476 0.70710677
vn 0.70710677 0 -0.70710677
vn 1 2.4492937E-16 0
vn 0.70710677 1.5700924E-16 0.70710677
vn 1 2.4492937E-16 0
vn 0.7053843 0.049325276 -0.70710677
vn 0.9975641 0.06975647 0
vn 0.7053843 0.049325276 0.70710677
vn 0.9975641 0.06975647 0
vn 0.7053843 -0.049325276 -0.70710677
vn 0.9975641 -0.06975647 0
vn 0.7053843 -0.049325276 0.70710677
vn 0.9975641 -0.06975647 0
vn 0.7002253 0.09841024 -0.70710677
vn 0.99026805 0.1391731 0
vn 0.7002253 0.09841024 0.70710677
vn 0.99026805 0.1391731 0
vn 0.7002253 -0.09841024 -0.70710677
vn 0.99026805 -0.1391731 0
vn 0.7002253 -0.09841024 0.70710677
vn 0.99026805 -0.1391731 0
vn 0 0 -1
vn 0.64597416 0.28760624 -0.70710677
vn 0 0 1
vn 0.64597416 0.28760624 0.70710677
vn 0 0 -1
vn 0.64597416 -0.28760624 -0.70710677
vn 0 0 1
vn 0.64597416 -0.28760624 0.70710677
vn 0.6916548 0.14701577 -0.70710677
vn 0.9781476 0.20791169 0
vn 0.6916548 0.14701577 0.70710677
vn 0.9781476 0.20791169 0
vn 0.6916548 -0.14701577 -0.70710677
vn 0.9781476 -0.20791169 0
vn 0.6916548 -0.14701577 0.70710677
vn 0.9781476 -0.20791169 0
vn 0 0 -1
vn 0.17106462 0.6861027 -0.70710677
vn 0 0 1
vn 0.17106462 0.6861027 0.70710677
vn 0 0 -1
vn 0.17106462 -0.6861027 -0.70710677
vn 0 0 1
vn 0.17106462 -0.6861027 0.70710677
vn 0.6797147 0.19490504 -0.70710677
vn 0.9612617 0.27563736 0
vn 0.6797147 0.19490504 0.70710677
vn 0.9612617 0.27563736 0
vn 0.6797147 -0.19490504 -0.70710677
vn 0.9612617 -0.27563736 0
vn 0.6797147 -0.19490504 0.70710677
vn 0.9612617 -0.27563736 0
vn 0.17106462 0.6861027 -0.70710677
vn 0.2419219 0.9702957 0
vn 0.17106462 0.6861027 0.70710677
vn 0.2419219 0.9702957 0
vn 0.17106462 -0.6861027 -0.70710677
vn 0.2419219 -0.9702957 0
vn 0.17106462 -0.6861027 0.70710677
vn 0.2419219 -0.9702957 0
vn 0 0 -1
vn 0.6243382 0.33196652 -0.70710677
vn 0 0 1
vn 0.6243382 0.33196652 0.70710677
vn 0 0 -1
vn 0.6243382 -0.33196652 -0.70710677
vn 0 0 1
vn 0.6243382 -0.33196652 0.70710677
vn 0.66446304 0.24184476 -0.70710677
vn 0.9396926 0.34202015 0
vn 0.66446304 0.24184476 0.70710677
vn 0.9396926 0.34202015 0
vn 0.66446304 -0.24184476 -0.70710677
vn 0.9396926 -0.34202015 0
vn 0.66446304 -0.24184476 0.70710677
vn 0.9396926 -0.34202015 0
vn 0.64597416 0.28760624 -0.70710677
vn 0.9135454 0.40673664 0
vn 0.64597416 0.28760624 0.70710677
vn 0.9135454 0.40673664 0
vn 0.64597416 -0.28760624 -0.70710677
vn 0.9135454 -0.40673664 0
vn 0.64597416 -0.28760624 0.70710677
vn 0.9135454 -0.40673664 0
vn 0 0 -1
vn 0.5996606 0.37470952 -0.70710677
vn 0 0 1
vn 0.5996606 0.37470952 0.70710677
vn 0 0 -1
vn 0.5996606 -0.37470952 -0.70710677
vn 0 0 1
vn 0.5996606 -0.37470952 0.70710677
vn 0 0 -1
vn 0.1227878 0.6963642 -0.70710677
vn 0 0 1
vn 0.1227878 0.6963642 0.70710677
vn 0 0 -1
vn 0.1227878 -0.6963642 -0.70710677
vn 0 0 1
vn 0.1227878 -0.6963642 0.70710677
vn 0.1227878 0.6963642 -0.70710677
vn 0.17364818 0.9848077 0
vn 0.1227878 0.6963642 0.70710677
vn 0.17364818 0.9848077 0
vn 0.1227878 -0.6963642 -0.70710677
vn 0.17364818 -0.9848077 0
vn 0.1227878 -0.6963642 0.70710677
vn 0.17364818 -0.9848077 0
vn 0.6243382 0.33196652 -0.70710677
vn 0.88294756 0.46947157 0
vn 0.6243382 0.33196652 0.70710677
vn 0.88294756 0.46947157 0
vn 0.6243382 -0.33196652 -0.70710677
vn 0.88294756 -0.46947157 0
vn 0.6243382 -0.33196652 0.70710677
vn 0.88294756 -0.46947157 0
vn 0 0 -1
vn 0.5720614 0.41562694 -0.70710677
vn 0 0 1
vn 0.5720614 0.41562694 0.70710677
vn 0 0 -1
vn 0.5720614 -0.41562694 -0.70710677
vn 0 0 1
vn 0.5720614 -0.41562694 0.70710677
vn 0.5996606 0.37470952 -0.70710677
vn 0.8480481 0.52991927 0
vn 0.5996606 0.37470952 0.70710677
vn 0.8480481 0.52991927 0
vn 0.5996606 -0.37470952 -0.70710677
vn 0.8480481 -0.52991927 0
vn 0.5996606 -0.37470952 0.70710677
vn 0.8480481 -0.52991927 0
vn 0 0 -1
vn 0.073912784 0.7032332 -0.70710677
vn 0 0 1
vn 0.073912784 0.7032332 0.70710677
vn 0 0 -1
vn 0.073912784 -0.7032332 -0.70710677
vn 0 0 1
vn 0.073912784 -0.7032332 0.70710677
vn 0 0 -1
vn 0.5416752 0.45451948 -0.70710677
vn 0 0 1
vn 0.5416752 0.45451948 0.70710677
vn 0 0 -1
vn 0.5416752 -0.45451948 -0.70710677
vn 0 0 1
vn 0.5416752 -0.45451948 0.70710677
vn 0.073912784 0.7032332 -0.70710677
vn 0.104528464 0.9945219 0
vn 0.073912784 0.7032332 0.70710677
vn 0.104528464 0.9945219 0
vn 0.073912784 -0.7032332 -0.70710677
vn 0.104528464 -0.9945219 0
vn 0.073912784 -0.7032332 0.70710677
vn 0.104528464 -0.9945219 0
vn 0.5720614 0.41562694 -0.70710677
vn 0.809017 0.58778524 0
vn 0.5720614 0.41562694 0.70710677
vn 0.809017 0.58778524 0
vn 0.5720614 -0.41562694 -0.70710677
vn 0.809017 -0.58778524 0
vn 0.5720614 -0.41562694 0.70710677
vn 0.809017 -0.58778524 0
vn 0 0 -1
vn 0.50865006 0.49119765 -0.70710677
vn 0 0 1
vn 0.50865006 0.49119765 0.70710677
vn 0 0 -1
vn 0.50865006 -0.49119765 -0.70710677
vn 0 0 1
vn 0.50865006 -0.49119765 0.70710677
vn 0.5416752 0.45451948 -0.70710677
vn 0.76604444 0.64278764 0
vn 0.5416752 0.45451948 0.70710677
vn 0.76604444 0.64278764 0
vn 0.5416752 -0.45451948 -0.70710677
vn 0.76604444 -0.64278764 0
vn 0.5416752 -0.45451948 0.70710677
vn 0.76604444 -0.64278764 0
vn 0 0 -1
vn 0.024677671 0.706676 -0.70710677
vn 0 0 1
vn 0.024677671 0.706676 0.70710677
vn 0 0 -1
vn 0.024677671 -0.706676 -0.70710677
vn 0 0 1
vn 0.024677671 -0.706676 0.70710677
vn 0.024677671 0.706676 -0.70710677
vn 0.034899496 0.99939084 0
vn 0.024677671 0.706676 0.70710677
vn 0.034899496 0.99939084 0
vn 0.024677671 -0.706676 -0.70710677
vn 0.034899496 -0.99939084 0
vn 0.024677671 -0.706676 0.70710677
vn 0.034899496 -0.99939084 0
vn 0.50865006 0.49119765 -0.70710677
vn 0.7193398 0.6946584 0
vn 0.7193398 0.6946584 0
vn 0.50865006 0.49119765 0.70710677
vn 0.7193398 0.6946584 0
vn 0.7193398 0.6946584 0
vn 0.50865006 -0.49119765 -0.70710677
vn 0.7193398 -0.6946584 0
vn 0.7193398 -0.6946584 0
vn 0.50865006 -0.49119765 0.70710677
vn 0.7193398 -0.6946584 0
vn 0.7193398 -0.6946584 0
vn 0 0 -1
vn 0.4731468 0.5254828 -0.70710677
vn 0 0 1
vn 0.4731468 0.5254828 0.70710677
vn 0 0 -1
vn 0.4731468 -0.5254828 -0.70710677
vn 0 0 1
vn 0.4731468 -0.5254828 0.70710677
vn -0.034899496 0.99939084 0
vn -0.024677671 0.706676 -0.70710677
vn -0.034899496 0.99939084 0
vn -0.024677671 0.706676 0.70710677
vn -0.034899496 -0.99939084 0
vn -0.024677671 -0.706676 -0.70710677
vn -0.034899496 -0.99939084 0
vn -0.024677671 -0.706676 0.70710677
vn -0.024677671 0.706676 -0.70710677
vn 0 0 -1
vn -0.024677671 0.706676 0.70710677
vn 0 0 1
vn -0.024677671 -0.706676 -0.70710677
vn 0 0 -1
vn -0.024677671 -0.706676 0.70710677
vn 0 0 1
vn 0.4731468 0.5254828 -0.70710677
vn 0.6691306 0.7431448 0
vn 0.4731468 0.5254828 0.70710677
vn 0.6691306 0.7431448 0
vn 0.4731468 -0.5254828 -0.70710677
vn 0.6691306 -0.7431448 0
vn 0.4731468 -0.5254828 0.70710677
vn 0.6691306 -0.7431448 0
vn 0 0 -1
vn 0.4353384 0.55720776 -0.70710677
vn 0 0 1
vn 0.4353384 0.55720776 0.70710677
vn 0 0 -1
vn 0.4353384 -0.55720776 -0.70710677
vn 0 0 1
vn 0.4353384 -0.55720776 0.70710677
vn 0.4353384 0.55720776 -0.70710677
vn 0.6156615 0.7880108 0
vn 0.4353384 0.55720776 0.70710677
vn 0.6156615 0.7880108 0
vn 0.4353384 -0.55720776 -0.70710677
vn 0.6156615 -0.7880108 0
vn 0.4353384 -0.55720776 0.70710677
vn 0.6156615 -0.7880108 0
vn -0.104528464 0.9945219 0
vn -0.073912784 0.7032332 -0.70710677
vn -0.104528464 0.9945219 0
vn -0.073912784 0.7032332 0.70710677
vn -0.104528464 -0.9945219 0
vn -0.073912784 -0.7032332 -0.70710677
vn -0.104528464 -0.9945219 0
vn -0.073912784 -0.7032332 0.70710677
vn -0.073912784 0.7032332 -0.70710677
vn 0 0 -1
vn -0.073912784 0.7032332 0.70710677
vn 0 0 1
vn -0.073912784 -0.7032332 -0.70710677
vn 0 0 -1
vn -0.073912784 -0.7032332 0.70710677
vn 0 0 1
vn 0 0 -1
vn 0.3954091 0.5862181 -0.70710677
vn 0 0 1
vn 0.3954091 0.5862181 0.70710677
vn 0 0 -1
vn 0.3954091 -0.5862181 -0.70710677
vn 0 0 1
vn 0.3954091 -0.5862181 0.70710677
vn 0.3954091 0.5862181 -0.70710677
vn 0.5591929 0.82903755 0
vn 0.3954091 0.5862181 0.70710677
vn 0.5591929 0.82903755 0
vn 0.3954091 -0.5862181 -0.70710677
vn 0.5591929 -0.82903755 0
vn 0.3954091 -0.5862181 0.70710677
vn 0.5591929 -0.82903755 0
vn -0.17364818 0.9848077 0
vn -0.1227878 0.6963642 -0.70710677
vn -0.17364818 0.9848077 0
vn -0.1227878 0.6963642 0.70710677
vn -0.17364818 -0.9848077 0
vn -0.1227878 -0.6963642 -0.70710677
vn -0.17364818 -0.9848077 0
vn -0.1227878 -0.6963642 0.70710677
vn 0 0 -1
vn 0.35355338 0.61237246 -0.70710677
vn 0 0 1
vn 0.35355338 0.61237246 0.70710677
vn 0 0 -1
vn 0.35355338 -0.61237246 -0.70710677
vn 0 0 1
vn 0.35355338 -0.61237246 0.70710677
vn -0.1227878 0.6963642 -0.70710677
vn 0 0 -1
vn -0.1227878 0.6963642 0.70710677
vn 0 0 1
vn -0.1227878 -0.6963642 -0.70710677
vn 0 0 -1
vn -0.1227878 -0.6963642 0.70710677
vn 0 0 1
vn 0.35355338 0.61237246 -0.70710677
vn 0.5 0.8660254 0
vn 0.35355338 0.61237246 0.70710677
vn 0.5 0.8660254 0
vn 0.35355338 -0.61237246 -0.70710677
vn 0.5 -0.8660254 0
vn 0.35355338 -0.61237246 0.70710677
vn 0.5 -0.8660254 0
vn -0.2419219 0.9702957 0
vn -0.17106462 0.6861027 -0.70710677
vn -0.2419219 0.9702957 0
vn -0.17106462 0.6861027 0.70710677
vn -0.2419219 -0.9702957 0
vn -0.17106462 -0.6861027 -0.70710677
vn -0.2419219 -0.9702957 0
vn -0.17106462 -0.6861027 0.70710677
vn 0 0 -1
vn 0.3099752 0.63554335 -0.70710677
vn 0 0 1
vn 0.3099752 0.63554335 0.70710677
vn 0 0 -1
vn 0.3099752 -0.63554335 -0.70710677
vn 0 0 1
vn 0.3099752 -0.63554335 0.70710677
vn -0.17106462 0.6861027 -0.70710677
vn 0 0 -1
vn -0.17106462 0.6861027 0.70710677
vn 0 0 1
vn -0.17106462 -0.6861027 -0.70710677
vn 0 0 -1
vn -0.17106462 -0.6861027 0.70710677
vn 0 0 1
vn 0.3099752 0.63554335 -0.70710677
vn 0.43837115 0.89879405 0
vn 0.3099752 0.63554335 0.70710677
vn 0.43837115 0.89879405 0
vn 0.3099752 -0.63554335 -0.70710677
vn 0.43837115 -0.89879405 0
vn 0.3099752 -0.63554335 0.70710677
vn 0.43837115 -0.89879405 0
vn -0.309017 0.95105654 0
vn -0.218508 0.6724985 -0.70710677
vn -0.309017 0.95105654 0
vn -0.218508 0.6724985 0.70710677
vn -0.309017 -0.95105654 0
vn -0.218508 -0.6724985 -0.70710677
vn -0.309017 -0.95105654 0
vn -0.218508 -0.6724985 0.70710677
vn 0 0 -1
vn 0.26488686 0.655618 -0.70710677
vn 0 0 1
vn 0.26488686 0.655618 0.70710677
vn 0 0 -1
vn 0.26488686 -0.655618 -0.70710677
vn 0 0 1
vn 0.26488686 -0.655618 0.70710677
vn -0.218508 0.6724985 -0.70710677
vn 0 0 -1
vn -0.218508 0.6724985 0.70710677
vn 0 0 1
vn -0.218508 -0.6724985 -0.70710677
vn 0 0 -1
vn -0.218508 -0.6724985 0.70710677
vn 0 0 1
vn 0.26488686 0.655618 -0.70710677
vn 0.37460658 0.92718387 0
vn 0.26488686 0.655618 0.70710677
vn 0.37460658 0.92718387 0
vn 0.26488686 -0.655618 -0.70710677
vn 0.37460658 -0.92718387 0
vn 0.26488686 -0.655618 0.70710677
vn 0.37460658 -0.92718387 0
vn -0.37460658 0.92718387 0
vn -0.26488686 0.655618 -0.70710677
vn -0.37460658 0.92718387 0
vn -0.26488686 0.655618 0.70710677
vn -0.37460658 -0.92718387 0
vn -0.26488686 -0.655618 -0.70710677
vn -0.37460658 -0.92718387 0
vn -0.26488686 -0.655618 0.70710677
vn 0 0 -1
vn 0.218508 0.6724985 -0.70710677
vn 0 0 1
vn 0.218508 0.6724985 0.70710677
vn 0 0 -1
vn 0.218508 -0.6724985 -0.70710677
vn 0 0 1
vn 0.218508 -0.6724985 0.70710677
vn -0.26488686 0.655618 -0.70710677
vn 0 0 -1
vn -0.26488686 0.655618 0.70710677
vn 0 0 1
vn -0.26488686 -0.655618 -0.70710677
vn 0 0 -1
vn -0.26488686 -0.655618 0.70710677
vn 0 0 1
vn 0.218508 0.6724985 -0.70710677
vn 0.309017 0.95105654 0
vn 0.218508 0.6724985 0.70710677
vn 0.309017 0.95105654 0
vn 0.218508 -0.6724985 -0.70710677
vn 0.309017 -0.95105654 0
vn 0.218508 -0.6724985 0.70710677
vn 0.309017 -0.95105654 0
vn -0.43837115 0.89879405 0
vn -0.3099752 0.63554335 -0.70710677
vn -0.43837115 0.89879405 0
vn -0.3099752 0.63554335 0.70710677
vn -0.43837115 -0.89879405 0
vn -0.3099752 -0.63554335 -0.70710677
vn -0.43837115 -0.89879405 0
vn -0.3099752 -0.63554335 0.70710677
vn 0 0 -1
vn 0.17106462 0.6861027 -0.70710677
vn 0 0 1
vn 0.17106462 0.6861027 0.70710677
vn 0 0 -1
vn 0.17106462 -0.6861027 -0.70710677
vn 0 0 1
vn 0.17106462 -0.6861027 0.70710677
vn -0.3099752 0.63554335 -0.70710677
vn 0 0 -1
vn -0.3099752 0.63554335 0.70710677
vn 0 0 1
vn -0.3099752 -0.63554335 -0.70710677
vn 0 0 -1
vn -0.3099752 -0.63554335 0.70710677
vn 0 0 1
vn 0.17106462 0.6861027 -0.70710677
vn 0.2419219 0.9702957 0
vn 0.17106462 0.6861027 0.70710677
vn 0.2419219 0.9702957 0
vn 0.17106462 -0.6861027 -0.70710677
vn 0.2419219 -0.9702957 0
vn 0.17106462 -0.6861027 0.70710677
vn 0.2419219 -0.9702957 0
vn -0.5 0.8660254 0
vn -0.35355338 0.61237246 -0.70710677
vn -0.5 0.8660254 0
vn -0.35355338 0.61237246 0.70710677
vn -0.5 -0.8660254 0
vn -0.35355338 -0.61237246 -0.70710677
vn -0.5 -0.8660254 0
vn -0.35355338 -0.61237246 0.70710677
vn 0 0 -1
vn 0.1227878 0.6963642 -0.70710677
vn 0 0 1
vn 0.1227878 0.6963642 0.70710677
vn 0 0 -1
vn 0.1227878 -0.6963642 -0.70710677
vn 0 0 1
vn 0.1227878 -0.6963642 0.70710677
vn -0.35355338 0.61237246 -0.70710677
vn 0 0 -1
vn -0.35355338 0.61237246 0.70710677
vn 0 0 1
vn -0.35355338 -0.61237246 -0.70710677
vn 0 0 -1
vn -0.35355338 -0.61237246 0.70710677
vn 0 0 1
vn 0.1227878 0.6963642 -0.70710677
vn 0.17364818 0.9848077 0
vn 0.1227878 0.6963642 0.70710677
vn 0.17364818 0.9848077 0
vn 0.1227878 -0.6963642 -0.70710677
vn 0.17364818 -0.9848077 0
vn 0.1227878 -0.6963642 0.70710677
vn 0.17364818 -0.9848077 0
vn -0.5591929 0.82903755 0
vn -0.3954091 0.5862181 -0.70710677
vn -0.5591929 0.82903755 0
vn -0.3954091 0.5862181 0.70710677
vn -0.5591929 -0.82903755 0
vn -0.3954091 -0.5862181 -0.70710677
vn -0.5591929 -0.82903755 0
vn -0.3954091 -0.5862181 0.70710677
vn -0.3954091 0.5862181 -0.70710677
vn 0 0 -1
vn -0.3954091 0.5862181 0.70710677
vn 0 0 1
vn -0.3954091 -0.5862181 -0.70710677
vn 0 0 -1
vn -0.3954091 -0.5862181 0.70710677
vn 0 0 1
vn 0 0 -1
vn 0.073912784 0.7032332 -0.70710677
vn 0 0 1
vn 0.073912784 0.7032332 0.70710677
vn 0 0 -1
vn 0.073912784 -0.7032332 -0.70710677
vn 0 0 1
vn 0.073912784 -0.7032332 0.70710677
vn 0.073912784 0.7032332 -0.70710677
vn 0.104528464 0.9945219 0
vn 0.073912784 0.7032332 0.70710677
vn 0.104528464 0.9945219 0
vn 0.073912784 -0.7032332 -0.70710677
vn 0.104528464 -0.9945219 0
vn 0.073912784 -0.7032332 0.70710677
vn 0.104528464 -0.9945219 0
vn -0.6156615 0.7880108 0
vn -0.4353384 0.55720776 -0.70710677
vn -0.6156615 0.7880108 0
vn -0.4353384 0.55720776 0.70710677
vn -0.6156615 -0.7880108 0
vn -0.4353384 -0.55720776 -0.70710677
vn -0.6156615 -0.7880108 0
vn -0.4353384 -0.55720776 0.70710677
vn -0.4353384 0.55720776 -0.70710677
vn 0 0 -1
vn -0.4353384 0.55720776 0.70710677
vn 0 0 1
vn -0.4353384 -0.55720776 -0.70710677
vn 0 0 -1
vn -0.4353384 -0.55720776 0.70710677
vn 0 0 1
vn -0.6691306 0.7431448 0
vn -0.4731468 0.5254828 -0.70710677
vn -0.6691306 0.7431448 0
vn -0.4731468 0.5254828 0.70710677
vn -0.6691306 -0.7431448 0
vn -0.4731468 -0.5254828 -0.70710677
vn -0.6691306 -0.7431448 0
vn -0.4731468 -0.5254828 0.70710677
vn 0 0 -1
vn 0.024677671 0.706676 -0.70710677
vn 0 0 1
vn 0.024677671 0.706676 0.70710677
vn 0 0 -1
vn 0.024677671 -0.706676 -0.70710677
vn 0 0 1
vn 0.024677671 -0.706676 0.70710677
vn 0.024677671 0.706676 -0.70710677
vn 0.034899496 0.99939084 0
vn 0.024677671 0.706676 0.70710677
vn 0.034899496 0.99939084 0
vn 0.024677671 -0.706676 -0.70710677
vn 0.034899496 -0.99939084 0
vn 0.024677671 -0.706676 0.70710677
vn 0.034899496 -0.99939084 0
vn -0.4731468 0.5254828 -0.70710677
vn 0 0 -1
vn -0.4731468 0.5254828 0.70710677
vn 0 0 1
vn -0.4731468 -0.5254828 -0.70710677
vn 0 0 -1
vn -0.4731468 -0.5254828 0.70710677
vn 0 0 1
vn -0.7193398 0.6946584 0
vn -0.50865006 0.49119765 -0.70710677
vn -0.7193398 0.6946584 0
vn -0.50865006 0.49119765 0.70710677
vn -0.7193398 -0.6946584 0
vn -0.50865006 -0.49119765 -0.70710677
vn -0.7193398 -0.6946584 0
vn -0.50865006 -0.49119765 0.70710677
vn -0.034899496 0.99939084 0
vn -0.024677671 0.706676 -0.70710677
vn -0.034899496 0.99939084 0
vn -0.024677671 0.706676 0.70710677
vn -0.034899496 -0.99939084 0
vn -0.024677671 -0.706676 -0.70710677
vn -0.034899496 -0.99939084 0
vn -0.024677671 -0.706676 0.70710677
vn -0.024677671 0.706676 -0.70710677
vn 0 0 -1
vn -0.024677671 0.706676 0.70710677
vn 0 0 1
vn -0.024677671 -0.706676 -0.70710677
vn 0 0 -1
vn -0.024677671 -0.706676 0.70710677
vn 0 0 1
vn -0.76604444 0.64278764 0
vn -0.5416752 0.45451948 -0.70710677
vn -0.76604444 0.64278764 0
vn -0.5416752 0.45451948 0.70710677
vn -0.76604444 -0.64278764 0
vn -0.5416752 -0.45451948 -0.70710677
vn -0.76604444 -0.64278764 0
vn -0.5416752 -0.45451948 0.70710677
vn -0.50865006 0.49119765 -0.70710677
vn 0 0 -1
vn -0.50865006 0.49119765 0.70710677
vn 0 0 1
vn -0.50865006 -0.49119765 -0.70710677
vn 0 0 -1
vn -0.50865006 -0.49119765 0.70710677
vn 0 0 1
vn -0.809017 0.58778524 0
vn -0.5720614 0.41562694 -0.70710677
vn -0.809017 0.58778524 0
vn -0.5720614 0.41562694 0.70710677
vn -0.809017 -0.58778524 0
vn -0.5720614 -0.41562694 -0.70710677
vn -0.809017 -0.58778524 0
vn -0.5720614 -0.41562694 0.70710677
vn -0.104528464 0.9945219 0
vn -0.073912784 0.7032332 -0.70710677
vn -0.104528464 0.9945219 0
vn -0.073912784 0.7032332 0.70710677
vn -0.104528464 -0.9945219 0
vn -0.073912784 -0.7032332 -0.70710677
vn -0.104528464 -0.9945219 0
vn -0.073912784 -0.7032332 0.70710677
vn -0.5416752 0.45451948 -0.70710677
vn 0 0 -1
vn -0.5416752 0.45451948 0.70710677
vn 0 0 1
vn -0.5416752 -0.45451948 -0.70710677
vn 0 0 -1
vn -0.5416752 -0.45451948 0.70710677
vn 0 0 1
vn -0.073912784 0.7032332 -0.70710677
vn 0 0 -1
vn -0.073912784 0.7032332 0.70710677
vn 0 0 1
vn -0.073912784 -0.7032332 -0.70710677
vn 0 0 -1
vn -0.073912784 -0.7032332 0.70710677
vn 0 0 1
vn -0.8480481 0.52991927 0
vn -0.5996606 0.37470952 -0.70710677
vn -0.8480481 0.52991927 0
vn -0.5996606 0.37470952 0.70710677
vn -0.8480481 -0.52991927 0
vn -0.5996606 -0.37470952 -0.70710677
vn -0.8480481 -0.52991927 0
vn -0.5996606 -0.37470952 0.70710677
vn -0.5720614 0.41562694 -0.70710677
vn 0 0 -1
vn -0.5720614 0.41562694 0.70710677
vn 0 0 1
vn -0.5720614 -0.41562694 -0.70710677
vn 0 0 -1
vn -0.5720614 -0.41562694 0.70710677
vn 0 0 1
vn -0.88294756 0.46947157 0
vn -0.6243382 0.33196652 -0.70710677
vn -0.88294756 0.46947157 0
vn -0.6243382 0.33196652 0.70710677
vn -0.88294756 -0.46947157 0
vn -0.6243382 -0.33196652 -0.70710677
vn -0.88294756 -0.46947157 0
vn -0.6243382 -0.33196652 0.70710677
vn -0.17364818 0.9848077 0
vn -0.1227878 0.6963642 -0.70710677
vn -0.17364818 0.9848077 0
vn -0.1227878 0.6963642 0.70710677
vn -0.17364818 -0.9848077 0
vn -0.1227878 -0.6963642 -0.70710677
vn -0.17364818 -0.9848077 0
vn -0.1227878 -0.6963642 0.70710677
vn -0.1227878 0.6963642 -0.70710677
vn 0 0 -1
vn -0.1227878 0.6963642 0.70710677
vn 0 0 1
vn -0.1227878 -0.6963642 -0.70710677
vn 0 0 -1
vn -0.1227878 -0.6963642 0.70710677
vn 0 0 1
vn -0.5996606 0.37470952 -0.70710677
vn 0 0 -1
vn -0.5996606 0.37470952 0.70710677
vn 0 0 1
vn -0.5996606 -0.37470952 -0.70710677
vn 0 0 -1
vn -0.5996606 -0.37470952 0.70710677
vn 0 0 1
vn -0.9135454 0.40673664 0
vn -0.64597416 0.28760624 -0.70710677
vn -0.9135454 0.40673664 0
vn -0.64597416 0.28760624 0.70710677
vn -0.9135454 -0.40673664 0
vn -0.64597416 -0.28760624 -0.70710677
vn -0.9135454 -0.40673664 0
vn -0.64597416 -0.28760624 0.70710677
vn -0.9396926 0.34202015 0
vn -0.66446304 0.24184476 -0.70710677
vn -0.9396926 0.34202015 0
vn -0.66446304 0.24184476 0.70710677
vn -0.9396926 -0.34202015 0
vn -0.66446304 -0.24184476 -0.70710677
vn -0.9396926 -0.34202015 0
vn -0.66446304 -0.24184476 0.70710677
vn -0.6243382 0.33196652 -0.70710677
vn 0 0 -1
vn -0.6243382 0.33196652 0.70710677
vn 0 0 1
vn -0.6243382 -0.33196652 -0.70710677
vn 0 0 -1
vn -0.6243382 -0.33196652 0.70710677
vn 0 0 1
vn -0.2419219 0.9702957 0
vn -0.17106462 0.6861027 -0.70710677
vn -0.2419219 0.9702957 0
vn -0.17106462 0.6861027 0.70710677
vn -0.2419219 -0.9702957 0
vn -0.17106462 -0.6861027 -0.70710677
vn -0.2419219 -0.9702957 0
vn -0.17106462 -0.6861027 0.70710677
vn -0.9612617 0.27563736 0
vn -0.6797147 0.19490504 -0.70710677
vn -0.9612617 0.27563736 0
vn -0.6797147 0.19490504 0.70710677
vn -0.9612617 -0.27563736 0
vn -0.6797147 -0.19490504 -0.70710677
vn -0.9612617 -0.27563736 0
vn -0.6797147 -0.19490504 0.70710677
vn -0.17106462 0.6861027 -0.70710677
vn 0 0 -1
vn -0.17106462 0.6861027 0.70710677
vn 0 0 1
vn -0.17106462 -0.6861027 -0.70710677
vn 0 0 -1
vn -0.9781476 0.20791169 0
vn -0.6916548 0.14701577 -0.70710677
vn -0.9781476 0.20791169 0
vn -0.6916548 0.14701577 0.70710677
vn -0.9781476 -0.20791169 0
vn -0.6916548 -0.14701577 -0.70710677
vn -0.9781476 -0.20791169 0
vn -0.6916548 -0.14701577 0.70710677
vn -0.64597416 0.28760624 0.70710677
vn 0 0 1
vn -0.64597416 -0.28760624 -0.70710677
vn 0 0 -1
vn -0.64597416 -0.28760624 0.70710677
vn 0 0 1
vn -0.99026805 0.1391731 0
vn -0.7002253 0.09841024 -0.70710677
vn -0.99026805 0.1391731 0
vn -0.7002253 0.09841024 0.70710677
vn -0.99026805 -0.1391731 0
vn -0.7002253 -0.09841024 -0.70710677
vn -0.99026805 -0.1391731 0
vn -0.7002253 -0.09841024 0.70710677
vn -0.9975641 0.06975647 0
vn -0.9975641 0.06975647 0
vn -0.7053843 0.049325276 0.70710677
vn -0.9975641 -0.06975647 0
vn -0.7053843 -0.049325276 -0.70710677
vn -0.9975641 -0.06975647 0
vn -0.7053843 -0.049325276 0.70710677
vn -2.6020852E-15 3.469447E-15 -1
vn -1.3552527E-17 4.2703695E-15 -1
vn 0 0 -1
vn 0 0 -1
vn 0 0 1
vn 0 0 1
vn 0 7.2622487E-16 1
vn 1.961091E-15 -6.29455E-16 1
vn 0.0002439647 -0.068241976 -0.99766874
vn 0.00048679195 -0.13616578 0.99068594
vn 0.00072734954 -0.20345472 -0.9790841
vn 0.0011971853 -0.33487746 -0.9422609
vn 0.0011971853 -0.33487746 0.9422609
vn 0.0016447196 -0.4600621 -0.8878852
vn 0.0018574981 -0.5195806 0.8544194
vn 0.0022561217 -0.6310839 -0.7757113
vn 0.0022561217 -0.6310839 0.7757113
vn 0.0026127181 -0.73083127 0.6825532
vn 0.0027731461 -0.77570635 -0.63108796
vn 0.0027731461 -0.77570635 -0.63108796
vn 0.0027731461 -0.77570635 0.63108796
vn 0.0030545255 -0.8544139 -0.51958394
vn 0.0030545255 -0.8544139 0.51958394
vn 0.0032790047 -0.91720545 0.39840108
vn 0.0032790047 -0.91720545 0.39840108
vn 0.0033685563 -0.9422549 -0.3348796
vn 0.003500198 -0.9790778 -0.20345601
vn 0.003500198 -0.9790778 0.20345601
vn 0.0035666379 -0.99766237 -0.068242416
vn 0.0035666379 -0.99766237 0.068242416
vn 0.0035749718 -0.9999936 0
vn 0.0035749718 -0.9999936 0
vn 0.0035749718 -0.9999936 1.2246469E-16
vn 0.0035749718 -0.9999936 0
vn 0.0068291267 -0.06789985 -0.99766874
vn 0.0068291267 -0.06789985 0.99766874
vn -1 -1.2246469E-16 0
vn -1 -1.2246469E-16 0
vn -0.70710677 1.5700924E-16 -0.70710677
vn 0.013350527 -0.06692377 -0.99766874
vn 0.013350527 -0.06692377 0.99766874
vn 0.019747276 -0.06532283 -0.99766874
vn 0.019747276 -0.06532283 0.99766874
vn 0.025959652 -0.06311199 -0.99766874
vn 0.025959652 -0.06311199 0.99766874
vn 0.03192965 -0.060311895 -0.99766874
vn 0.03192965 -0.060311895 0.99766874
vn 0.037601527 -0.05694868 -0.99766874
vn 0.037601527 -0.05694868 0.99766874
vn 0.04292233 -0.05305375 -0.99766874
vn 0.04292233 -0.05305375 0.99766874
vn 0.047842376 -0.048663475 -0.99766874
vn 0.047842376 -0.048663475 0.99766874
vn 0.052315734 -0.043818843 -0.99766874
vn 0.052315734 -0.043818843 0.99766874
vn 0.052781384 -0.2645835 0.96291727
vn 0.056300633 -0.038565084 -0.99766874
vn 0.056300633 -0.038565084 0.99766874
vn -0.66446304 0.24184476 -0.70710677
vn 0 0 -1
vn -0.66446304 0.24184476 0.70710677
vn 0 0 1
vn -0.66446304 -0.24184476 -0.70710677
vn 0 0 -1
vn -0.66446304 -0.24184476 0.70710677
vn 0 0 1
vn 0.058873974 -0.19475165 0.9790841
vn 0.05975987 -0.03295125 -0.99766874
vn 0.05975987 -0.03295125 0.99766874
vn 0.06266114 -0.027029764 -0.99766874
vn 0.06266114 -0.027029764 0.99766874
vn 0.06497736 -0.020855907 -0.99766874
vn 0.07332229 -0.9973083 -4.3368087E-16
vn 0.07332229 -0.9973083 1.7347235E-15
vn 0.07762666 -0.7718174 -0.63108796
vn 0.07762666 -0.7718174 0.63108796
vn 0.07794074 -0.39070278 -0.9172113
vn 0.081755474 -0.8128689 0.5766803
vn 0.088852085 -0.8834283 -0.46006504
vn 0.09178679 -0.91260713 0.39840108
vn 0.09178679 -0.91260713 0.39840108
vn 0.09429354 -0.937531 -0.3348796
vn 0.097978495 -0.9741693 -0.20345601
vn 0.097978495 -0.9741693 0.20345601
vn 0.09913951 -0.98571295 -0.13616665
vn 0.09913951 -0.98571295 0.13616665
vn 0.10007159 -0.9949802 -4.3368087E-16
vn 0.10007159 -0.9949802 0
vn 0.10263163 -0.24951363 -0.96291727
vn 0.10263163 -0.24951363 0.96291727
vn 0.1128182 -0.56553715 0.8169699
vn 0.12346217 -0.61889344 -0.7757113
vn 0.12965178 -0.041614573 0.99068594
vn 0.13353051 -0.66936415 0.730836
vn 0.14263593 -0.14508392 -0.9790841
vn 0.14263593 -0.14508392 0.9790841
vn 0.14297625 -0.716714 -0.6825532
vn 0.14297625 -0.716714 -0.6825532
vn 0.15035178 -0.49735484 -0.8544194
vn 0.15155315 -0.36844954 0.9172113
vn 0.16715337 -0.83790946 0.51958394
vn -0.309017 0.95105654 0
vn -0.218508 0.6724985 -0.70710677
vn -0.309017 0.95105654 0
vn -0.218508 0.6724985 0.70710677
vn -0.309017 -0.95105654 0
vn -0.218508 -0.6724985 -0.70710677
vn -0.309017 -0.95105654 0
vn -0.218508 -0.6724985 0.70710677
vn 0.1737004 -0.8707286 -0.46006504
vn 0.1737004 -0.8707286 -0.46006504
vn 0.1737004 -0.8707286 0.46006504
vn 0.1737004 -0.8707286 0.46006504
vn 0.18681617 -0.08058578 0.9790841
vn 0.18837923 -0.94431084 -0.26979676
vn 0.18837923 -0.94431084 0.26979676
vn 0.191542 -0.96016526 0.20345601
vn 0.1937217 -0.06217921 -0.9790841
vn 0.1951778 -0.9783908 -0.068242416
vn 0.21062873 -0.26034573 0.9422609
vn 0.21140721 -0.9773981 -3.469447E-15
vn 0.21140721 -0.9773981 1.7347235E-15
vn 0.21148168 -0.6995689 0.6825532
vn -0.6797147 0.19490504 -0.70710677
vn 0 0 -1
vn -0.6797147 0.19490504 0.70710677
vn 0 0 1
vn -0.6797147 -0.19490504 0.70710677
vn 0 0 1
vn 0.2193712 -0.53332585 0.8169699
vn 0.21951875 -0.33246797 -0.9172113
vn 0.22446723 -0.7425244 0.63108796
vn 0.2364062 -0.7820178 -0.5766803
vn 0.2364062 -0.7820178 -0.5766803
vn 0.2364062 -0.7820178 -0.5766803
vn 0.24310589 -0.4592026 0.8544194
vn 0.25349554 -0.38392687 0.8878852
vn 0.25672412 -0.2150281 -0.9422609
vn 0.2568884 -0.082453944 -0.96291727
vn 0.26541302 -0.8779707 -0.39840108
vn 0.26541302 -0.8779707 -0.39840108
vn 0.26541302 -0.8779707 0.39840108
vn 0.26541302 -0.8779707 0.39840108
vn 0.27801254 -0.6758922 -0.6825532
vn 0.27801254 -0.6758922 -0.6825532
vn 0.27863896 -0.9217212 -0.26979676
vn 0.27863896 -0.9217212 -0.26979676
vn 0.27863896 -0.9217212 0.26979676
vn 0.28629044 -0.43359575 -0.8544194
vn 0.28869498 -0.954986 0.068242416
vn 0.28936955 -0.95721745 -4.3368087E-16
vn 0.28936955 -0.95721745 0
vn 0.295277 -0.55774856 -0.7757113
vn 0.3054207 -0.2558156 0.9172113
vn 0.3054207 -0.2558156 0.9172113
vn 0.31775048 -0.48124298 0.8169699
vn 0.31935683 -0.603233 -0.730836
vn 0.31935683 -0.603233 -0.730836
vn 0.31935683 -0.603233 0.730836
vn 0.32253557 -0.32807112 -0.8878852
vn 0.32502413 -0.7901847 0.51958394
vn -0.218508 0.6724985 -0.70710677
vn 0 0 -1
vn -0.218508 0.6724985 0.70710677
vn 0 0 1
vn -0.218508 -0.6724985 -0.70710677
vn 0 0 -1
vn -0.218508 -0.6724985 0.70710677
vn 0 0 1
vn 0.34194767 -0.6459048 0.6825532
vn 0.34194767 -0.6459048 0.6825532
vn 0.34537733 -0.9384639 -4.3368087E-16
vn 0.34537733 -0.9384639 0
vn -0.6916548 0.14701577 -0.70710677
vn 0 0 -1
vn -0.6916548 0.14701577 0.70710677
vn 0 0 1
vn -0.6916548 -0.14701577 -0.70710677
vn 0 0 -1
vn -0.6916548 -0.14701577 0.70710677
vn 0 0 1
vn 0.34887975 -0.19237031 0.9172113
vn 0.34891036 -0.84825593 0.39840108
vn 0.37686038 -0.9162068 -0.13616665
vn 0.37933967 -0.12175736 -0.9172113
vn 0.38224852 -0.72202903 -0.5766803
vn 0.40429047 -0.41122913 0.8169699
vn 0.40429047 -0.41122913 0.8169699
vn 0.40999994 -0.91208553 -4.3368087E-16
vn 0.40999994 -0.91208553 1.7347235E-15
vn 0.4154288 -0.7847032 0.46006504
vn 0.4154288 -0.7847032 0.46006504
vn 0.4274164 -0.64733547 -0.63108796
vn 0.42915004 -0.81062126 -0.39840108
vn 0.42915004 -0.81062126 -0.39840108
vn 0.42930442 -0.5306378 0.730836
vn 0.42930442 -0.5306378 0.730836
vn -0.7002253 0.09841024 -0.70710677
vn 0 0 -1
vn -0.7002253 0.09841024 0.70710677
vn 0 0 1
vn -0.7002253 -0.09841024 -0.70710677
vn 0 0 -1
vn -0.7002253 -0.09841024 0.70710677
vn 0 0 1
vn 0.4380533 -0.14060278 0.8878852
vn 0.4408704 -0.83275986 -0.3348796
vn 0.4408704 -0.83275986 -0.3348796
vn 0.44209245 -0.3702897 -0.8169699
vn 0.44243377 -0.45002708 -0.7757113
vn 0.4501499 -0.681766 -0.5766803
vn 0.4505352 -0.8510157 -0.26979676
vn 0.4505352 -0.8510157 -0.26979676
vn 0.4505352 -0.8510157 -0.26979676
vn 0.4505352 -0.8510157 -0.26979676
vn 0.4505352 -0.8510157 0.26979676
vn 0.45809942 -0.86530375 0.20345601
vn 0.4596728 -0.56817436 -0.6825532
vn 0.46352777 -0.87555736 0.13616665
vn 0.46679494 -0.8817287 -0.068242416
vn 0.46679494 -0.8817287 0.068242416
vn 0.4757667 -0.32589298 0.8169699
vn 0.47851422 -0.48672676 -0.730836
vn 0.47851422 -0.48672676 -0.730836
vn 0.47851422 -0.48672676 0.730836
vn 0.47851422 -0.48672676 0.730836
vn 0.4892242 -0.7409452 -0.46006504
vn -0.7053843 0.049325276 -0.70710677
vn 0 0 -1
vn -0.7053843 0.049325276 0.70710677
vn 0 0 1
vn -0.7053843 -0.049325276 -0.70710677
vn 0 0 -1
vn -0.7053843 -0.049325276 0.70710677
vn 0 0 1
vn 0.49472454 -0.15879266 -0.8544194
vn 0.49472454 -0.15879266 0.8544194
vn 0.49472454 -0.15879266 0.8544194
vn 0.50499886 -0.2784535 -0.8169699
vn 0.50538284 -0.76541805 -0.39840108
vn -0.70710677 1.5700924E-16 -0.70710677
vn 0 0 -1
vn -0.70710677 0 0.70710677
vn 0 0 1
vn 0.51384836 -0.63513756 -0.5766803
vn 0.52325624 -0.43827125 0.730836
vn 0.52325624 -0.43827125 0.730836
vn 0.529516 -0.22841415 -0.8169699
vn 0.529516 -0.22841415 0.8169699
vn 0.5305668 -0.80355996 -0.26979676
vn 0.5305668 -0.80355996 -0.26979676
vn 0.5305668 -0.80355996 0.26979676
vn 0.5374029 -0.6642519 -0.51958394
vn 0.54908913 -0.17624217 0.8169699
vn 0.54908913 -0.17624217 0.8169699
vn 0.54971486 -0.83256024 -0.068242416
vn 0.55099934 -0.8345057 -4.3368087E-16
vn 0.55099934 -0.8345057 0
vn 0.55099934 -0.8345057 -4.3368087E-16
vn 0.55099934 -0.8345057 0
vn 0.55845183 -0.6902693 0.46006504
vn 0.55845183 -0.6902693 0.46006504
vn 0.55845183 -0.6902693 0.46006504
vn 0.56027067 -0.46927392 -0.6825532
vn 0.56027067 -0.46927392 -0.6825532
vn 0.56027067 -0.46927392 0.6825532
vn 0.57274914 -0.58257896 -0.5766803
vn 0.576897 -0.7130683 -0.39840108
vn 0.576897 -0.7130683 -0.39840108
vn 0.5794738 -0.24996416 -0.7757113
vn 0.5906737 -0.8069105 -4.3368087E-16
vn 0.5906737 -0.8069105 1.7347235E-15
vn 0.5906737 -0.8069105 -4.3368087E-16
vn 0.5906737 -0.8069105 0
vn 0.5946728 -0.49808863 -0.63108796
vn 0.5946728 -0.49808863 -0.63108796
vn 0.5977117 -0.32957482 -0.730836
vn 0.5990037 -0.6092841 0.51958394
vn 0.5990037 -0.6092841 0.51958394
vn 0.6008936 -0.19286996 0.7757113
vn 0.60564464 -0.74860156 0.26979676
vn 0.6158131 -0.7611701 -0.20345601
vn 0.6158131 -0.7611701 -0.20345601
vn 0.6158131 -0.7611701 0.20345601
vn 0.6224654 -0.6331485 -0.46006504
vn 0.6224654 -0.6331485 0.46006504
vn 0.6224654 -0.6331485 0.46006504
vn 0.62311023 -0.77018976 -0.13616665
vn 0.62311023 -0.77018976 0.13616665
vn 0.6267299 -0.27034873 0.730836
vn 0.62750226 -0.77561843 -0.068242416
vn 0.62750226 -0.77561843 0.068242416
vn 0.62896854 -0.7774308 -4.3368087E-16
vn 0.62896854 -0.7774308 0
vn -0.37460658 0.92718387 0
vn -0.26488686 0.655618 -0.70710677
vn -0.37460658 0.92718387 0
vn -0.26488686 0.655618 0.70710677
vn -0.37460658 -0.92718387 0
vn -0.26488686 -0.655618 -0.70710677
vn -0.37460658 -0.92718387 0
vn -0.26488686 -0.655618 0.70710677
vn 0.6399691 -0.43836915 0.63108796
vn 0.6399691 -0.43836915 0.63108796
vn 0.64302486 -0.65406084 -0.39840108
vn 0.64302486 -0.65406084 0.39840108
vn 0.6455221 -0.7637416 -3.469447E-15
vn 0.6455221 -0.7637416 1.7347235E-15
vn 0.6455221 -0.7637416 1.7347235E-15
vn 0.6455221 -0.7637416 -4.3368087E-16
vn 0.6455221 -0.7637416 0
vn 0.6455221 -0.7637416 0
vn 0.6498965 -0.2085985 -0.730836
vn 0.6605863 -0.67192364 -0.3348796
vn 0.6605863 -0.67192364 0.3348796
vn 0.67106384 -0.28947282 -0.6825532
vn 0.67106384 -0.28947282 0.6825532
vn 0.67400783 -0.46168518 -0.5766803
vn 0.67400783 -0.46168518 -0.5766803
vn 0.67400783 -0.46168518 0.5766803
vn 0.67400783 -0.46168518 0.5766803
vn 0.6750677 -0.6866537 -0.26979676
vn 0.6750677 -0.6866537 -0.26979676
vn 0.6750677 -0.6866537 0.26979676
vn 0.67929024 -0.37455678 0.63108796
vn 0.6864017 -0.69818217 0.20345601
vn 0.6945354 -0.7064554 -0.13616665
vn 0.69586927 -0.22335444 0.6825532
vn 0.6972256 -0.71685183 -4.3368087E-16
vn 0.6972256 -0.71685183 1.7347235E-15
vn 0.6972256 -0.71685183 -4.3368087E-16
vn 0.6972256 -0.71685183 0
vn 0.7010651 -0.7130972 -4.3368087E-16
vn 0.7010651 -0.7130972 0
vn 0.7010651 -0.7130972 0
vn 0.7010651 -0.7130972 0
vn 0.7010651 -0.7130972 0
vn 0.7010651 -0.7130972 -4.3368087E-16
vn 0.7010651 -0.7130972 0
vn 0.7010651 -0.7130972 0
vn 0.70314896 -0.5889466 -0.39840108
vn 0.70314896 -0.5889466 -0.39840108
vn 0.7049041 -0.4828486 0.51958394
vn 0.7049041 -0.4828486 0.51958394
vn 0.712269 -0.30724725 -0.63108796
vn 0.71542037 -0.39447874 -0.5766803
vn 0.72235245 -0.6050311 -0.3348796
vn 0.72235245 -0.6050311 -0.3348796
vn 0.72235245 -0.6050311 -0.3348796
vn 0.7381879 -0.61829466 0.26979676
vn 0.7381879 -0.61829466 0.26979676
vn 0.7381879 -0.61829466 0.26979676
vn 0.7455322 -0.66646963 -4.3368087E-16
vn 0.7455322 -0.66646963 1.7347235E-15
vn 0.7455322 -0.66646963 -4.3368087E-16
vn 0.7455322 -0.66646963 0
vn 0.7505817 -0.62867546 0.20345601
vn 0.7505817 -0.62867546 0.20345601
vn 0.75670797 -0.5183335 -0.39840108
vn 0.75670797 -0.5183335 -0.39840108
vn 0.7594758 -0.6361251 0.13616665
vn 0.764829 -0.6406088 -0.068242416
vn 0.764829 -0.6406088 -0.068242416
vn 0.764829 -0.6406088 0.068242416
vn 0.7666161 -0.6421057 -4.3368087E-16
vn 0.7666161 -0.6421057 0
vn 0.7666161 -0.6421057 -4.3368087E-16
vn 0.7666161 -0.6421057 0
vn 0.77752095 -0.42872062 -0.46006504
vn 0.77752095 -0.42872062 -0.46006504
vn 0.77752095 -0.42872062 -0.46006504
vn 0.7778821 -0.24967827 -0.5766803
vn 0.7778821 -0.24967827 -0.5766803
vn 0.7778821 -0.24967827 0.5766803
vn 0.7902067 -0.6128404 -4.3368087E-16
vn 0.7902067 -0.6128404 1.7347235E-15
vn 0.7902067 -0.6128404 -4.3368087E-16
vn 0.7902067 -0.6128404 0
vn 0.79441583 -0.5441628 -0.26979676
vn 0.79441583 -0.5441628 -0.26979676
vn 0.79441583 -0.5441628 0.26979676
vn 0.79441583 -0.5441628 0.26979676
vn 0.8032018 -0.4428809 -0.39840108
vn 0.8077536 -0.553299 -0.20345601
vn 0.8077536 -0.553299 -0.20345601
vn 0.81353986 -0.2611234 0.51958394
vn 0.8152687 -0.3516776 -0.46006504
vn 0.81732523 -0.5598554 -0.13616665
vn 0.81732523 -0.5598554 -0.13616665
vn -0.26488686 0.655618 -0.70710677
vn 0 0 -1
vn -0.26488686 0.655618 0.70710677
vn 0 0 1
vn -0.26488686 -0.655618 -0.70710677
vn 0 0 -1
vn -0.26488686 -0.655618 0.70710677
vn 0 0 1
vn 0.8250094 -0.56511897 -4.3368087E-16
vn 0.8250094 -0.56511897 0
vn 0.8250094 -0.56511897 -4.3368087E-16
vn 0.8250094 -0.56511897 0
vn 0.8250094 -0.56511897 0
vn 0.82513773 -0.45497623 -0.3348796
vn 0.8310314 -0.55622554 -4.3368087E-16
vn 0.8310314 -0.55622554 0
vn 0.8421963 -0.3632932 0.39840108
vn 0.8432265 -0.4649503 0.26979676
vn 0.8454045 -0.27135107 -0.46006504
vn 0.8454045 -0.27135107 0.46006504
vn 0.8573838 -0.47275653 -0.20345601
vn 0.8573838 -0.47275653 -0.20345601
vn 0.86519724 -0.37321496 -0.3348796
vn 0.86519724 -0.37321496 0.3348796
vn 0.8675435 -0.47835854 -0.13616665
vn 0.8675435 -0.47835854 -0.13616665
vn 0.8678073 -0.4969008 -4.3368087E-16
vn 0.8678073 -0.4969008 0
vn 0.8678073 -0.4969008 0
vn 0.8733275 -0.28031355 -0.39840108
vn 0.87365836 -0.48173025 -0.068242416
vn 0.87365836 -0.48173025 0.068242416
vn 0.87365836 -0.48173025 0.068242416
vn 0.8756998 -0.4828559 -4.3368087E-16
vn 0.8756998 -0.4828559 0
vn 0.8756998 -0.4828559 -4.3368087E-16
vn 0.8756998 -0.4828559 0
vn 0.8841642 -0.38139665 -0.26979676
vn 0.8841642 -0.38139665 0.26979676
vn 0.8971786 -0.28796908 -0.3348796
vn 0.89900875 -0.38780007 -0.20345601
vn 0.89900875 -0.38780007 0.20345601
vn 0.90035546 -0.43515518 -4.3368087E-16
vn 0.90035546 -0.43515518 1.7347235E-15
vn 0.90035546 -0.43515518 -4.3368087E-16
vn 0.90035546 -0.43515518 0
vn 0.90966177 -0.39239538 -0.13616665
vn 0.90966177 -0.39239538 -0.13616665
vn 0.90966177 -0.39239538 0.13616665
vn 0.90966177 -0.39239538 0.13616665
vn 0.90966177 -0.39239538 0.13616665
vn 0.9160735 -0.39516115 -0.068242416
vn 0.9160735 -0.39516115 -0.068242416
vn 0.9182141 -0.39608452 -4.3368087E-16
vn 0.9182141 -0.39608452 -4.3368087E-16
vn 0.9182141 -0.39608452 0
vn 0.9182141 -0.39608452 0
vn 0.9182141 -0.39608452 -4.3368087E-16
vn 0.9182141 -0.39608452 -4.3368087E-16
vn 0.9182141 -0.39608452 0
vn 0.9182141 -0.39608452 0
vn 0.92851716 -0.37128955 -3.469447E-15
vn 0.92851716 -0.37128955 1.7347235E-15
vn 0.93223995 -0.2992228 0.20345601
vn 0.9432867 -0.3027685 -0.13616665
vn 0.9432867 -0.3027685 0.13616665
vn 0.9499355 -0.30490255 0.068242416
vn 0.9521552 -0.305615 0
vn 0.9521552 -0.305615 0
vn 0.9521552 -0.305615 1.2246469E-16
vn 0.9521552 -0.305615 0
vn -0.43837115 0.89879405 0
vn -0.3099752 0.63554335 -0.70710677
vn -0.43837115 0.89879405 0
vn -0.3099752 0.63554335 0.70710677
vn -0.43837115 -0.89879405 0
vn -0.3099752 -0.63554335 -0.70710677
vn -0.43837115 -0.89879405 0
vn -0.3099752 -0.63554335 0.70710677
vn -0.3099752 0.63554335 -0.70710677
vn 0 0 -1
vn -0.3099752 0.63554335 0.70710677
vn 0 0 1
vn -0.3099752 -0.63554335 -0.70710677
vn 0 0 -1
vn -0.3099752 -0.63554335 0.70710677
vn 0 0 1
vn -0.5 0.8660254 0
vn -0.35355338 0.61237246 -0.70710677
vn -0.5 0.8660254 0
vn -0.35355338 0.61237246 0.70710677
vn -0.5 -0.8660254 0
vn -0.35355338 -0.61237246 0.70710677
vn -0.35355338 0.61237246 -0.70710677
vn 0 0 -1
vn -0.35355338 0.61237246 0.70710677
vn 0 0 1
vn -0.35355338 -0.61237246 -0.70710677
vn 0 0 -1
vn -0.35355338 -0.61237246 0.70710677
vn 0 0 1
vn -0.5591929 0.82903755 0
vn -0.3954091 0.5862181 -0.70710677
vn -0.5591929 0.82903755 0
vn -0.3954091 0.5862181 0.70710677
vn -0.5591929 -0.82903755 0
vn -0.3954091 -0.5862181 -0.70710677
vn -0.5591929 -0.82903755 0
vn -0.3954091 -0.5862181 0.70710677
vn -0.3954091 0.5862181 -0.70710677
vn 0 0 -1
vn -0.3954091 0.5862181 0.70710677
vn 0 0 1
vn -0.3954091 -0.5862181 -0.70710677
vn 0 0 -1
vn -0.3954091 -0.5862181 0.70710677
vn 0 0 1
vn -0.6156615 0.7880108 0
vn -0.4353384 0.55720776 -0.70710677
vn -0.6156615 0.7880108 0
vn -0.4353384 0.55720776 0.70710677
vn -0.6156615 -0.7880108 0
vn -0.4353384 -0.55720776 -0.70710677
vn -0.6156615 -0.7880108 0
vn -0.4353384 -0.55720776 0.70710677
vn -0.4353384 0.55720776 -0.70710677
vn 0 0 -1
vn -0.4353384 0.55720776 0.70710677
vn 0 0 1
vn -0.4353384 -0.55720776 -0.70710677
vn 0 0 -1
vn -0.4353384 -0.55720776 0.70710677
vn 0 0 1
vn -0.6691306 0.7431448 0
vn -0.4731468 0.5254828 -0.70710677
vn -0.6691306 0.7431448 0
vn -0.4731468 0.5254828 0.70710677
vn -0.6691306 -0.7431448 0
vn -0.6691306 -0.7431448 0
vn -0.4731468 -0.5254828 -0.70710677
vn -0.6691306 -0.7431448 0
vn -0.6691306 -0.7431448 0
vn -0.4731468 -0.5254828 0.70710677
vn -0.4731468 0.5254828 -0.70710677
vn 0 0 -1
vn -0.4731468 0.5254828 0.70710677
vn 0 0 1
vn -0.4731468 -0.5254828 -0.70710677
vn 0 0 -1
vn -0.4731468 -0.5254828 0.70710677
vn 0 0 1
vn -0.7193398 0.6946584 0
vn -0.7193398 0.6946584 0
vn -0.50865006 0.49119765 -0.70710677
vn -0.7193398 0.6946584 0
vn -0.7193398 0.6946584 0
vn -0.50865006 0.49119765 0.70710677
vn -0.7193398 -0.6946584 0
vn -0.50865006 -0.49119765 -0.70710677
vn -0.7193398 -0.6946584 0
vn -0.50865006 -0.49119765 0.70710677
vn -2.6020852E-15 3.469447E-15 -1
vn 0 0 -1
vn 0 0 1
vn 1.961091E-15 -6.29455E-16 1
vn -0.76604444 0.64278764 0
vn -0.5416752 0.45451948 -0.70710677
vn -0.76604444 0.64278764 0
vn -0.5416752 0.45451948 0.70710677
vn -0.76604444 -0.64278764 0
vn -0.5416752 -0.45451948 -0.70710677
vn -0.76604444 -0.64278764 0
vn -0.5416752 -0.45451948 0.70710677
vn -0.50865006 0.49119765 -0.70710677
vn 0 0 -1
vn -0.50865006 0.49119765 0.70710677
vn 0 0 1
vn -0.50865006 -0.49119765 -0.70710677
vn 0 0 -1
vn -0.50865006 -0.49119765 0.70710677
vn 0 0 1
vn -0.809017 0.58778524 0
vn -0.5720614 0.41562694 -0.70710677
vn -0.809017 0.58778524 0
vn -0.5720614 0.41562694 0.70710677
vn -0.809017 -0.58778524 0
vn -0.5720614 -0.41562694 -0.70710677
vn -0.809017 -0.58778524 0
vn -0.5720614 -0.41562694 0.70710677
vn -0.5416752 0.45451948 -0.70710677
vn 0 0 -1
vn -0.5416752 0.45451948 0.70710677
vn 0 0 1
vn -0.5416752 -0.45451948 -0.70710677
vn 0 0 -1
vn -0.5416752 -0.45451948 0.70710677
vn 0 0 1
vn -0.8480481 0.52991927 0
vn -0.5996606 0.37470952 -0.70710677
vn -0.8480481 0.52991927 0
vn -0.5996606 0.37470952 0.70710677
vn -0.8480481 -0.52991927 0
vn -0.5996606 -0.37470952 -0.70710677
vn -0.8480481 -0.52991927 0
vn -0.5996606 -0.37470952 0.70710677
vn -0.5720614 0.41562694 -0.70710677
vn 0 0 -1
vn -0.5720614 0.41562694 0.70710677
vn 0 0 1
vn -0.5720614 -0.41562694 0.70710677
vn 0 0 1
vn -0.88294756 0.46947157 0
vn -0.6243382 0.33196652 -0.70710677
vn -0.88294756 0.46947157 0
vn -0.6243382 0.33196652 0.70710677
vn -0.88294756 -0.46947157 0
vn -0.6243382 -0.33196652 -0.70710677
vn -0.88294756 -0.46947157 0
vn -0.6243382 -0.33196652 0.70710677
vn -0.5996606 0.37470952 -0.70710677
vn 0 0 -1
vn -0.5996606 0.37470952 0.70710677
vn 0 0 1
vn -0.5996606 -0.37470952 -0.70710677
vn 0 0 -1
vn -0.5996606 -0.37470952 0.70710677
vn 0 0 1
vn -0.9135454 0.40673664 0
vn -0.64597416 0.28760624 -0.70710677
vn -0.9135454 0.40673664 0
vn -0.64597416 0.28760624 0.70710677
vn -0.9135454 -0.40673664 0
vn -0.64597416 -0.28760624 -0.70710677
vn -0.9135454 -0.40673664 0
vn -0.64597416 -0.28760624 0.70710677
vn -0.9396926 0.34202015 0
vn -0.66446304 0.24184476 -0.70710677
vn -0.9396926 0.34202015 0
vn -0.66446304 0.24184476 0.70710677
vn -0.9396926 -0.34202015 0
vn -0.66446304 -0.24184476 -0.70710677
vn -0.9396926 -0.34202015 0
vn -0.66446304 -0.24184476 0.70710677
vn -0.6243382 0.33196652 -0.70710677
vn 0 0 -1
vn -0.6243382 0.33196652 0.70710677
vn 0 0 1
vn -0.6243382 -0.33196652 -0.70710677
vn 0 0 -1
vn -0.6243382 -0.33196652 0.70710677
vn 0 0 1
vn -0.9612617 0.27563736 0
vn -0.6797147 0.19490504 -0.70710677
vn -0.9612617 0.27563736 0
vn -0.6797147 0.19490504 0.70710677
vn -0.9612617 -0.27563736 0
vn -0.6797147 -0.19490504 -0.70710677
vn -0.9612617 -0.27563736 0
vn -0.6797147 -0.19490504 0.70710677
vn -0.9781476 0.20791169 0
vn -0.6916548 0.14701577 -0.70710677
vn -0.9781476 0.20791169 0
vn -0.6916548 0.14701577 0.70710677
vn -0.9781476 -0.20791169 0
vn -0.6916548 -0.14701577 -0.70710677
vn -0.9781476 -0.20791169 0
vn -0.6916548 -0.14701577 0.70710677
vn -0.64597416 0.28760624 -0.70710677
vn 0 0 -1
vn -0.64597416 0.28760624 0.70710677
vn 0 0 1
vn -0.64597416 -0.28760624 -0.70710677
vn 0 0 -1
vn -0.64597416 -0.28760624 0.70710677
vn 0 0 1
vn -0.99026805 0.1391731 0
vn -0.7002253 0.09841024 -0.70710677
vn -0.99026805 0.1391731 0
vn -0.7002253 0.09841024 0.70710677
vn -0.99026805 -0.1391731 0
vn -0.7002253 -0.09841024 -0.70710677
vn -0.99026805 -0.1391731 0
vn -0.7002253 -0.09841024 0.70710677
vn -0.9975641 0.06975647 0
vn -0.7053843 0.049325276 -0.70710677
vn -0.9975641 0.06975647 0
vn -0.7053843 0.049325276 0.70710677
vn -0.9975641 -0.06975647 0
vn -0.7053843 -0.049325276 -0.70710677
vn -0.9975641 -0.06975647 0
vn -0.7053843 -0.049325276 0.70710677
vn -1 -1.2246469E-16 0
vn -0.70710677 1.5700924E-16 -0.70710677
vn -1 -1.2246469E-16 0
vn -0.70710677 0 0.70710677
vn -0.66446304 0.24184476 -0.70710677
vn 0 0 -1
vn -0.66446304 0.24184476 0.70710677
vn 0 0 1
vn -0.66446304 -0.24184476 -0.70710677
vn 0 0 -1
vn -0.66446304 -0.24184476 0.70710677
vn 0 0 1
vn -0.6797147 0.19490504 -0.70710677
vn 0 0 -1
vn -0.6797147 0.19490504 0.70710677
vn 0 0 1
vn -0.6797147 -0.19490504 -0.70710677
vn 0 0 -1
vn -0.6797147 -0.19490504 0.70710677
vn 0 0 1
vn -0.6916548 0.14701577 -0.70710677
vn 0 0 -1
vn -0.6916548 0.14701577 0.70710677
vn 0 0 1
vn -0.6916548 -0.14701577 -0.70710677
vn 0 0 -1
vn -0.6916548 -0.14701577 0.70710677
vn 0 0 1
vn -0.7002253 0.09841024 -0.70710677
vn 0 0 -1
vn -0.7002253 0.09841024 0.70710677
vn 0 0 1
vn -0.7002253 -0.09841024 -0.70710677
vn 0 0 -1
vn -0.7002253 -0.09841024 0.70710677
vn 0 0 1
vn -0.7053843 0.049325276 -0.70710677
vn 0 0 -1
vn -0.7053843 0.049325276 0.70710677
vn 0 0 1
vn -0.7053843 -0.049325276 -0.70710677
vn 0 0 -1
vn -0.7053843 -0.049325276 0.70710677
vn 0 0 1
vn -0.70710677 1.5700924E-16 -0.70710677
vn 0 0 -1
vn -0.70710677 0 0.70710677
vn 0 0 1
vn -2.6020852E-15 3.469447E-15 -1
vn -4.1204362E-16 -5.7141414E-16 -1
vn 0 0 -1
vn 0 0 -1
vn -1.7347235E-15 3.469447E-15 1
vn 0 0 1
vn 0 0 1
vn 1.961091E-15 -6.29455E-16 1
vn 0.04507019 0.051241633 -0.99766874
vn 0.04507019 0.051241633 0.99766874
vn 0.049805317 0.04665252 -0.99766874
vn 0.049805317 0.04665252 0.99766874
vn 0.054075427 0.04162782 -0.99766874
vn 0.054075427 0.04162782 0.99766874
vn 0.057840645 0.036214452 -0.99766874
vn 0.057840645 0.036214452 0.99766874
vn 0.061065823 0.030462964 -0.99766874
vn 0.061065823 0.030462964 0.99766874
vn 0.063720845 0.024427049 -0.99766874
vn 0.063720845 0.024427049 0.99766874
vn 0.06497736 -0.020855907 -0.99766874
vn 0.06578092 0.018163066 -0.99766874
vn 0.06578092 0.018163066 0.99766874
vn 0.06668691 -0.014487323 -0.99766874
vn 0.06668691 -0.014487323 0.99766874
vn 0.06722683 0.011729499 -0.99766874
vn 0.06722683 0.011729499 0.99766874
vn 0.06777383 -0.007983476 -0.99766874
vn 0.06777383 -0.007983476 0.99766874
vn 0.06804504 0.005186418 -0.99766874
vn 0.06804504 0.005186418 0.99766874
vn 0.06822795 -0.0014050882 -0.99766874
vn 0.06822795 -0.0014050882 0.99766874
vn 0.079642415 0.11044656 -0.99068594
vn 0.079642415 0.11044656 0.99068594
vn 0.13577282 0.010348654 -0.99068594
vn 0.13577282 0.010348654 -0.99068594
vn 0.15780124 0.21883571 -0.96291727
vn 0.16121896 0.12410801 0.9790841
vn 0.16121896 0.12410801 0.9790841
vn 0.16121896 0.12410801 0.9790841
vn 0.1937217 -0.06217921 0.9790841
vn 0.1937217 -0.06217921 0.9790841
vn 0.1937217 -0.06217921 0.9790841
vn 0.1958675 0.27162525 -0.9422609
vn 0.19690561 0.18444099 0.96291727
vn 0.19690561 0.18444099 0.96291727
vn 0.19881849 -0.043192096 -0.9790841
vn 0.21378751 0.16457582 -0.96291727
vn 0.23302053 0.32314837 0.9172113
vn 0.23302053 0.32314837 0.9172113
vn 0.23302053 0.32314837 0.9172113
vn 0.24440497 0.22893353 0.9422609
vn 0.24440497 0.22893353 0.9422609
vn 0.24440497 0.22893353 0.9422609
vn 0.2568884 -0.082453944 -0.96291727
vn 0.2568884 -0.082453944 0.96291727
vn 0.2568884 -0.082453944 0.96291727
vn 0.26006526 0.07180779 -0.96291727
vn 0.26006526 0.07180779 -0.96291727
vn 0.26006526 0.07180779 -0.96291727
vn 0.26006526 0.07180779 0.96291727
vn 0.263121 0.29915005 -0.9172113
vn 0.2679442 -0.031562716 -0.96291727
vn 0.2679442 -0.031562716 -0.96291727
vn 0.2679442 -0.031562716 -0.96291727
vn 0.2679442 -0.031562716 0.96291727
vn 0.2690871 0.3731648 0.8878852
vn 0.2690871 0.3731648 0.8878852
vn 0.2996626 0.14948805 -0.9422609
vn 0.2996626 0.14948805 -0.9422609
vn 0.3038465 0.34545207 -0.8878852
vn 0.30389908 0.42144138 -0.8544194
vn 0.30389908 0.42144138 0.8544194
vn 0.30389908 0.42144138 0.8544194
vn 0.30389908 0.42144138 0.8544194
vn 0.31269136 0.11986858 -0.9422609
vn 0.31269136 0.11986858 -0.9422609
vn 0.31885734 -0.10234424 0.9422609
vn 0.31885734 -0.10234424 0.9422609
vn 0.3298959 0.057559077 -0.9422609
vn 0.33480862 -0.0068950583 -0.9422609
vn 0.33480862 -0.0068950583 -0.9422609
vn 0.33729413 0.467753 0.8169699
vn 0.33729413 0.467753 0.8169699
vn 0.34315532 0.39014342 0.8544194
vn 0.35650396 0.17784363 0.9172113
vn 0.37200406 0.14260578 0.9172113
vn 0.38994017 0.24414441 0.8878852
vn 0.39247206 0.06847715 -0.9172113
vn 0.39247206 0.06847715 -0.9172113
vn 0.39724883 0.03027845 0.9172113
vn 0.39724883 0.03027845 0.9172113
vn 0.39921802 0.55362785 -0.730836
vn 0.39921802 0.55362785 -0.730836
vn 0.39921802 0.55362785 -0.730836
vn 0.39921802 0.55362785 -0.730836
vn 0.41168314 0.20537001 0.8878852
vn 0.4167973 0.47386917 0.7757113
vn 0.4167973 0.47386917 0.7757113
vn 0.42745814 0.59279066 -0.6825532
vn 0.42745814 0.59279066 -0.6825532
vn 0.42745814 0.59279066 0.6825532
vn 0.4295823 0.16467811 -0.8878852
vn 0.4295823 0.16467811 -0.8878852
vn 0.44038698 0.27572954 0.8544194
vn 0.4434706 0.12244866 0.8878852
vn 0.44957843 -0.097668156 -0.8878852
vn 0.45078713 0.51251316 0.730836
vn 0.45370522 0.6291896 -0.63108796
vn 0.45370522 0.6291896 -0.63108796
vn 0.45370522 0.6291896 0.63108796
vn 0.45370522 0.6291896 0.63108796
vn 0.45696265 0.35177454 0.8169699
vn 0.45696265 0.35177454 0.8169699
vn 0.45873445 0.034964904 -0.8878852
vn 0.45873445 0.034964904 -0.8878852
vn 0.45873445 0.034964904 -0.8878852
vn 0.45873445 0.034964904 -0.8878852
vn 0.45873445 0.034964904 -0.8878852
vn 0.45873445 0.034964904 -0.8878852
vn 0.45873445 0.034964904 0.8878852
vn 0.45873445 0.034964904 0.8878852
vn 0.46058652 0.43143025 0.7757113
vn 0.46058652 0.43143025 0.7757113
vn 0.46494284 0.23193885 -0.8544194
vn 0.46494284 0.23193885 -0.8544194
vn 0.46494284 0.23193885 -0.8544194
vn 0.48267514 0.5487676 -0.6825532
vn 0.48267514 0.5487676 -0.6825532
vn 0.48267514 0.5487676 0.6825532
vn 0.48878053 0.30602908 0.8169699
vn 0.49472454 -0.15879266 -0.8544194
vn 0.49472454 -0.15879266 0.8544194
vn 0.49974075 0.69303083 -0.51958394
vn 0.49974075 0.69303083 -0.51958394
vn 0.49974075 0.69303083 -0.51958394
vn 0.50007534 0.38496315 0.7757113
vn 0.50007534 0.38496315 0.7757113
vn 0.5160348 0.2574263 -0.8169699
vn 0.5160348 0.2574263 -0.8169699
vn 0.51808125 0.039488338 0.8544194
vn 0.51808125 0.039488338 0.8544194
vn 0.51808125 0.039488338 0.8544194
vn 0.51808125 0.039488338 0.8544194
vn 0.5193145 0.7201754 -0.46006504
vn 0.5194738 -0.010698059 -0.8544194
vn 0.5194738 -0.010698059 -0.8544194
vn 0.5194738 -0.010698059 -0.8544194
vn 0.5333856 0.4996209 0.6825532
vn 0.5333856 0.4996209 0.6825532
vn 0.5348951 0.33490178 0.7757113
vn 0.5348951 0.33490178 0.7757113
vn 0.5364671 0.74396217 -0.39840108
vn 0.5364671 0.74396217 0.39840108
vn 0.5364671 0.74396217 0.39840108
vn 0.5395616 0.6134436 0.5766803
vn 0.54908913 -0.17624217 -0.8169699
vn 0.54908913 -0.17624217 0.8169699
vn 0.54908913 -0.17624217 0.8169699
vn 0.5511183 0.7642802 -0.3348796
vn 0.5511183 0.7642802 0.3348796
vn 0.5511183 0.7642802 0.3348796
vn 0.5558796 0.15348642 -0.8169699
vn 0.5558796 0.15348642 0.8169699
vn 0.5632 0.7810349 -0.26979676
vn 0.5632 0.7810349 0.26979676
vn 0.5632 0.7810349 0.26979676
vn 0.56353563 -0.12242466 -0.8169699
vn 0.5642949 0.64156353 -0.51958394
vn 0.5642949 0.64156353 0.51958394
vn 0.5642949 0.64156353 0.51958394
vn 0.56472075 0.28171352 -0.7757113
vn 0.56472075 0.28171352 -0.7757113
vn 0.5661369 0.530299 -0.63108796
vn 0.5680981 0.09911976 -0.8169699
vn 0.5726558 0.79414797 -0.20345601
vn 0.5726558 0.79414797 0.20345601
vn 0.5726558 0.79414797 0.20345601
vn 0.5727205 -0.067464106 0.8169699
vn 0.57501245 0.043827657 -0.8169699
vn 0.57501245 0.043827657 0.8169699
vn 0.57501245 0.043827657 0.8169699
vn 0.57655805 -0.011873653 -0.8169699
vn 0.57655805 -0.011873653 -0.8169699
vn 0.5785158 0.362213 -0.730836
vn 0.5785158 0.362213 -0.730836
vn 0.57911587 0.44580936 0.6825532
vn 0.57911587 0.44580936 0.6825532
vn 0.5794416 0.8035584 -0.13616665
vn 0.5794416 0.8035584 0.13616665
vn 0.5835258 0.8092222 -0.068242416
vn 0.5835258 0.8092222 0.068242416
vn 0.5848893 0.8111131 0
vn 0.5848893 0.8111131 0
vn 0.5848893 0.8111131 1.2246469E-16
vn 0.5848893 0.8111131 0
vn 0.5863972 0.66669226 0.46006504
vn 0.5962486 0.5585046 -0.5766803
vn 0.5962486 0.5585046 -0.5766803
vn 0.5962486 0.5585046 0.5766803
vn 0.5962486 0.5585046 0.5766803
vn 0.6008936 -0.19286996 -0.7757113
vn 0.60832477 0.16796727 -0.7757113
vn 0.60832477 0.16796727 0.7757113
vn 0.6107737 0.30468723 -0.730836
vn 0.6107737 0.30468723 -0.730836
vn 0.6107737 0.30468723 -0.730836
vn 0.6167031 -0.13397497 -0.7757113
vn 0.6167031 -0.13397497 0.7757113
vn 0.62169605 0.10847134 0.7757113
vn 0.62230915 0.7075217 -0.3348796
vn 0.6235804 0.5841062 -0.51958394
vn 0.6267545 -0.073829085 0.7757113
vn 0.62926275 0.047962632 -0.7757113
vn 0.62926275 0.047962632 0.7757113
vn 0.62926275 0.047962632 0.7757113
vn 0.63095415 -0.012993888 -0.7757113
vn 0.63095415 -0.012993888 -0.7757113
vn 0.63095415 -0.012993888 0.7757113
vn 0.6359515 0.72303206 -0.26979676
vn 0.6373289 0.24431667 0.730836
vn 0.6400449 0.7683375 -3.469447E-15
vn 0.6400449 0.7683375 1.7347235E-15
vn 0.6400449 0.7683375 -4.3368087E-16
vn 0.6400449 0.7683375 0
vn 0.64662874 0.7351713 0.20345601
vn 0.64662874 0.7351713 0.20345601
vn 0.6473686 0.498351 -0.5766803
vn 0.6473686 0.498351 0.5766803
vn 0.6473686 0.498351 0.5766803
vn 0.6480047 0.6069844 -0.46006504
vn 0.6480047 0.6069844 0.46006504
vn 0.6498965 -0.2085985 0.730836
vn 0.6498965 -0.2085985 0.730836
vn 0.65397894 0.32624036 -0.6825532
vn 0.6542911 0.7438829 0.13616665
vn 0.6542911 0.7438829 0.13616665
vn 0.65747446 0.41164958 -0.63108796
vn 0.65747446 0.41164958 -0.63108796
vn 0.6579336 0.181665 0.730836
vn 0.6589029 0.74912614 0.068242416
vn 0.6589029 0.74912614 0.068242416
vn 0.66044253 0.7508766 -4.3368087E-16
vn 0.66044253 0.7508766 0
vn 0.66044253 0.7508766 -4.3368087E-16
vn 0.66044253 0.7508766 0
vn 0.66044253 0.7508766 0
vn 0.6669952 -0.14490062 0.730836
vn 0.6694077 0.6270326 -0.39840108
vn 0.6694077 0.6270326 0.39840108
vn 0.67239535 0.11731717 0.730836
vn 0.6770437 0.5211952 -0.51958394
vn 0.6770437 0.5211952 -0.51958394
vn 0.67786634 -0.07984985 0.730836
vn 0.68057907 0.051873982 -0.730836
vn 0.68057907 0.051873982 0.730836
vn 0.68240845 -0.014053539 -0.730836
vn 0.68240845 -0.014053539 -0.730836
vn 0.68240845 -0.014053539 0.730836
vn 0.6824126 0.26159927 0.6825532
vn 0.6876897 0.64415723 -0.3348796
vn 0.6876897 0.64415723 -0.3348796
vn 0.6876897 0.64415723 0.3348796
vn 0.6876897 0.64415723 0.3348796
vn 0.6920823 0.72181857 -4.3368087E-16
vn 0.6920823 0.72181857 -4.3368087E-16
vn 0.6920823 0.72181857 1.7347235E-15
vn 0.6920823 0.72181857 1.7347235E-15
vn 0.6920823 0.72181857 -4.3368087E-16
vn 0.6920823 0.72181857 -4.3368087E-16
vn 0.6920823 0.72181857 0
vn 0.6920823 0.72181857 0
vn 0.694135 0.3462724 -0.63108796
vn 0.69586927 -0.22335444 -0.6825532
vn 0.69586927 -0.22335444 -0.6825532
vn 0.69586927 -0.22335444 0.6825532
vn 0.70276535 0.6582785 0.26979676
vn 0.70276535 0.6582785 0.26979676
vn 0.703562 0.5416093 -0.46006504
vn 0.703562 0.5416093 -0.46006504
vn 0.703562 0.5416093 0.46006504
vn 0.703562 0.5416093 0.46006504
vn 0.70447487 0.19451572 -0.6825532
vn 0.70447487 0.19451572 0.6825532
vn 0.7141775 -0.15515068 0.6825532
vn 0.7141775 -0.15515068 0.6825532
vn 0.7145643 0.6693306 -0.20345601
vn 0.7145643 0.6693306 -0.20345601
vn 0.7145643 0.6693306 0.20345601
vn 0.7199596 0.12561601 0.6825532
vn 0.7230317 0.677262 -0.13616665
vn 0.7230317 0.677262 -0.13616665
vn 0.7241856 0.4534179 -0.51958394
vn 0.7241856 0.4534179 0.51958394
vn 0.7241856 0.4534179 0.51958394
vn 0.7241856 0.4534179 0.51958394
vn 0.72431463 0.2776622 -0.63108796
vn 0.7268001 0.5594982 -0.39840108
vn 0.7268001 0.5594982 -0.39840108
vn 0.7268001 0.5594982 0.39840108
vn 0.7268001 0.5594982 0.39840108
vn 0.7287223 0.055543475 0.6825532
vn 0.7298294 0.68362933 -4.3368087E-16
vn 0.7298294 0.68362933 0
vn 0.73068106 -0.015047666 0.6825532
vn 0.7310547 0.36468998 0.5766803
vn 0.7310547 0.36468998 0.5766803
vn 0.7310547 0.36468998 0.5766803
vn 0.7385975 -0.23706903 0.63108796
vn 0.7407479 0.67178303 -4.3368087E-16
vn 0.7407479 0.67178303 -4.3368087E-16
vn 0.7407479 0.67178303 1.7347235E-15
vn 0.7407479 0.67178303 -4.3368087E-16
vn 0.7407479 0.67178303 -4.3368087E-16
vn 0.7407479 0.67178303 0
vn 0.7407479 0.67178303 0
vn 0.74664944 0.57477844 -0.3348796
vn 0.74664944 0.57477844 -0.3348796
vn 0.74664944 0.57477844 0.3348796
vn 0.74664944 0.57477844 0.3348796
vn 0.74664944 0.57477844 0.3348796
vn 0.74773157 0.20645952 -0.63108796
vn 0.75255036 0.47117734 -0.46006504
vn 0.76283956 0.29243052 -0.5766803
vn 0.76283956 0.29243052 -0.5766803
vn 0.7641671 0.13332918 0.63108796
vn 0.77038485 -0.09074814 -0.63108796
vn 0.77038485 -0.09074814 -0.63108796
vn 0.77038485 -0.09074814 0.63108796
vn 0.77038485 -0.09074814 0.63108796
vn 0.7734678 0.058953993 -0.63108796
vn 0.7734678 0.058953993 -0.63108796
vn 0.77554685 -0.015971635 -0.63108796
vn 0.77554685 -0.015971635 -0.63108796
vn 0.77554685 -0.015971635 -0.63108796
vn 0.77554685 -0.015971635 -0.63108796
vn 0.77554685 -0.015971635 -0.63108796
vn 0.77554685 -0.015971635 0.63108796
vn 0.77554685 -0.015971635 0.63108796
vn 0.7758282 0.5972405 -0.20345601
vn 0.7758282 0.5972405 -0.20345601
vn 0.77740645 0.4867399 0.39840108
vn 0.7778821 -0.24967827 -0.5766803
vn 0.7778821 -0.24967827 0.5766803
vn 0.78580475 0.61847466 -3.469447E-15
vn 0.78580475 0.61847466 1.7347235E-15
vn 0.78580475 0.61847466 1.7347235E-15
vn 0.78580475 0.61847466 -4.3368087E-16
vn 0.78580475 0.61847466 0
vn 0.787502 0.21744071 -0.5766803
vn 0.79055476 0.6085772 0.068242416
vn 0.792402 0.60999924 -4.3368087E-16
vn 0.792402 0.60999924 0
vn 0.792402 0.60999924 -4.3368087E-16
vn 0.792402 0.60999924 0
vn 0.7945124 0.39634612 0.46006504
vn 0.80481166 0.1404207 0.5766803
vn 0.80481166 0.1404207 0.5766803
vn 0.8113601 -0.09557486 -0.5766803
vn 0.8113601 -0.09557486 0.5766803
vn 0.8113601 -0.09557486 0.5766803
vn 0.81353986 -0.2611234 0.51958394
vn 0.8146071 0.062089644 -0.5766803
vn 0.8146071 0.062089644 -0.5766803
vn 0.8146071 0.062089644 0.5766803
vn 0.8146071 0.062089644 0.5766803
vn 0.8146071 0.062089644 0.5766803
vn 0.8167967 -0.016821135 0.5766803
vn 0.8167967 -0.016821135 0.5766803
vn 0.8167967 -0.016821135 0.5766803
vn 0.8236007 0.22740808 -0.51958394
vn 0.8236007 0.22740808 0.51958394
vn 0.8236007 0.22740808 0.51958394
vn 0.82703316 0.5621531 -4.3368087E-16
vn 0.82703316 0.5621531 1.7347235E-15
vn 0.82703316 0.5621531 -4.3368087E-16
vn 0.82703316 0.5621531 0
vn 0.8290562 0.31781432 0.46006504
vn 0.82984835 0.51957417 -0.20345601
vn 0.82984835 0.51957417 -0.20345601
vn 0.82984835 0.51957417 -0.20345601
vn 0.834944 -0.18138646 -0.51958394
vn 0.834944 -0.18138646 -0.51958394
vn 0.834944 -0.18138646 0.51958394
vn 0.834944 -0.18138646 0.51958394
vn 0.83968186 0.52573097 -0.13616665
vn 0.83968186 0.52573097 -0.13616665
vn 0.83968186 0.52573097 0.13616665
vn 0.84170383 0.14685753 -0.51958394
vn 0.84170383 0.14685753 0.51958394
vn 0.8454045 -0.27135107 -0.46006504
vn 0.8454045 -0.27135107 -0.46006504
vn 0.8454045 -0.27135107 -0.46006504
vn 0.8454045 -0.27135107 -0.46006504
vn 0.8456003 0.5294366 -0.068242416
vn 0.8456003 0.5294366 -0.068242416
vn 0.8456003 0.5294366 -0.068242416
vn 0.8456003 0.5294366 0.068242416
vn 0.8456003 0.5294366 0.068242416
vn 0.8475762 0.5306737 -4.3368087E-16
vn 0.8475762 0.5306737 0
vn 0.8475762 0.5306737 -4.3368087E-16
vn 0.8475762 0.5306737 0
vn 0.84855247 -0.09995597 -0.51958394
vn 0.84855247 -0.09995597 -0.51958394
vn 0.84855247 -0.09995597 0.51958394
vn 0.84855247 -0.09995597 0.51958394
vn 0.85194826 0.0649358 -0.51958394
vn 0.85194826 0.0649358 -0.51958394
vn 0.85194826 0.0649358 0.51958394
vn 0.85194826 0.0649358 0.51958394
vn 0.85194826 0.0649358 0.51958394
vn 0.8542383 -0.017592207 -0.51958394
vn 0.8558594 0.23631518 -0.46006504
vn 0.8558594 0.23631518 0.46006504
vn 0.85643923 0.32831144 -0.39840108
vn 0.85643923 0.32831144 0.39840108
vn 0.86165386 0.42983994 -0.26979676
vn 0.86165386 0.42983994 0.26979676
vn 0.86165386 0.42983994 0.26979676
vn 0.86423236 0.5030928 -4.3368087E-16
vn 0.86423236 0.5030928 0
vn 0.86423236 0.5030928 0
vn 0.86423236 0.5030928 0
vn 0.867647 -0.18849099 -0.46006504
vn 0.867647 -0.18849099 0.46006504
vn 0.8733275 -0.28031355 -0.39840108
vn 0.8733275 -0.28031355 -0.39840108
vn 0.8733275 -0.28031355 0.39840108
vn 0.87467164 0.15260963 -0.46006504
vn 0.87467164 0.15260963 0.46006504
vn 0.8761205 0.4370567 -0.20345601
vn 0.8761205 0.4370567 0.20345601
vn 0.8761205 0.4370567 0.20345601
vn 0.8798291 0.33727786 -0.3348796
vn 0.8798291 0.33727786 0.3348796
vn 0.8817885 -0.10387103 -0.46006504
vn 0.8817885 -0.10387103 -0.46006504
vn 0.8817885 -0.10387103 -0.46006504
vn 0.8817885 -0.10387103 0.46006504
vn 0.8841277 0.24412046 -0.39840108
vn 0.8853173 0.0674792 0.46006504
vn 0.8853173 0.0674792 0.46006504
vn 0.88650227 0.44223568 -0.13616665
vn 0.88650227 0.44223568 0.13616665
vn 0.88650227 0.44223568 0.13616665
vn 0.88650227 0.44223568 0.13616665
vn 0.887697 -0.018281257 0.46006504
vn 0.89275074 0.44535276 -0.068242416
vn 0.89275074 0.44535276 -0.068242416
vn 0.8948368 0.4463934 -4.3368087E-16
vn 0.8948368 0.4463934 0
vn 0.8963046 -0.19471668 0.39840108
vn 0.8971786 -0.28796908 -0.3348796
vn 0.8971786 -0.28796908 0.3348796
vn 0.89722115 0.44158152 -4.3368087E-16
vn 0.89722115 0.44158152 1.7347235E-15
vn 0.89722115 0.44158152 -4.3368087E-16
vn 0.89722115 0.44158152 0
vn 0.89722115 0.44158152 0
vn 0.89722115 0.44158152 0
vn 0.8991169 0.3446717 -0.26979676
vn 0.8991169 0.3446717 0.26979676
vn 0.9035613 0.15765019 -0.39840108
vn 0.9035613 0.15765019 0.39840108
vn 0.90827376 0.25078756 -0.3348796
vn 0.90827376 0.25078756 0.3348796
vn 0.91421247 0.35045853 -0.20345601
vn 0.91421247 0.35045853 0.20345601
vn 0.9145586 0.06970798 -0.39840108
vn 0.9168467 -0.294282 -0.26979676
vn 0.9168467 -0.294282 0.26979676
vn 0.91701686 -0.01888507 -0.39840108
vn 0.91701686 -0.01888507 -0.39840108
vn 0.91701686 -0.01888507 0.39840108
vn 0.91701686 -0.01888507 0.39840108
vn 0.9207833 -0.20003451 -0.3348796
vn 0.9207833 -0.20003451 0.3348796
vn 0.9250456 0.35461137 -0.13616665
vn 0.9250456 0.35461137 -0.13616665
vn 0.9250456 0.35461137 0.13616665
vn 0.9250456 0.35461137 0.13616665
vn 0.9250456 0.35461137 0.13616665
vn 0.9258387 0.37791887 -3.469447E-15
vn 0.9258387 0.37791887 1.7347235E-15
vn 0.9258387 0.37791887 -4.3368087E-16
vn 0.9258387 0.37791887 0
vn 0.9258387 0.37791887 0
vn 0.92818505 0.25628534 -0.26979676
vn 0.92818505 0.25628534 0.26979676
vn 0.9282381 0.16195571 -0.3348796
vn 0.9282381 0.16195571 0.3348796
vn 0.9315658 0.35711083 0.068242416
vn 0.9315658 0.35711083 0.068242416
vn 0.93223995 -0.2992228 -0.20345601
vn 0.93223995 -0.2992228 0.20345601
vn 0.9337426 0.35794526 -4.3368087E-16
vn 0.9337426 0.35794526 0
vn 0.9337426 0.35794526 -4.3368087E-16
vn 0.9337426 0.35794526 0
vn 0.93579084 -0.11023228 0.3348796
vn 0.93953574 0.071611755 -0.3348796
vn 0.93953574 0.071611755 0.3348796
vn 0.9409688 -0.2044197 -0.26979676
vn 0.9409688 -0.2044197 0.26979676
vn 0.9409688 -0.2044197 0.26979676
vn 0.9420612 -0.019400835 -0.3348796
vn 0.9420612 -0.019400835 -0.3348796
vn 0.9420612 -0.019400835 0.3348796
vn 0.9420612 -0.019400835 0.3348796
vn 0.9432867 -0.3027685 -0.13616665
vn 0.9432867 -0.3027685 0.13616665
vn 0.9432867 -0.3027685 0.13616665
vn 0.94376874 0.26058823 -0.20345601
vn 0.94376874 0.26058823 0.20345601
vn 0.94858706 0.16550614 -0.26979676
vn 0.94858706 0.16550614 0.26979676
vn 0.9499355 -0.30490255 0.068242416
vn 0.9499355 -0.30490255 0.068242416
vn 0.9499457 0.31241503 -4.3368087E-16
vn 0.9499457 0.31241503 1.7347235E-15
vn 0.9499457 0.31241503 -4.3368087E-16
vn 0.9499457 0.31241503 0
vn 0.9521552 -0.305615 0
vn 0.9521552 -0.305615 0
vn 0.9521552 -0.305615 1.2246469E-16
vn 0.9521552 -0.305615 0
vn 0.9549521 0.2636761 -0.13616665
vn 0.9549521 0.2636761 -0.13616665
vn 0.9549521 0.2636761 0.13616665
vn 0.9563054 -0.11264881 -0.26979676
vn 0.9563054 -0.11264881 -0.26979676
vn 0.9563054 -0.11264881 0.26979676
vn 0.9567671 -0.20785178 0.20345601
vn 0.9567671 -0.20785178 0.20345601
vn 0.96013236 0.07318164 0.26979676
vn 0.9616831 0.26553464 -0.068242416
vn 0.9616831 0.26553464 -0.068242416
vn 0.9616831 0.26553464 -0.068242416
vn 0.9616831 0.26553464 -0.068242416
vn 0.9616831 0.26553464 0.068242416
vn 0.9616831 0.26553464 0.068242416
vn 0.9639302 0.2661551 -4.3368087E-16
vn 0.9639302 0.2661551 0
vn 0.96451324 0.16828488 -0.20345601
vn 0.9681045 -0.21031477 -0.13616665
vn 0.9681045 -0.21031477 -0.13616665
vn 0.96942466 0.24538913 -4.3368087E-16
vn 0.96942466 0.24538913 1.7347235E-15
vn 0.96942466 0.24538913 1.7347235E-15
vn 0.96942466 0.24538913 -4.3368087E-16
vn 0.96942466 0.24538913 0
vn 0.96942466 0.24538913 0
vn 0.9711544 -0.23845157 -4.3368087E-16
vn 0.9711544 -0.23845157 1.7347235E-15
vn 0.9711544 -0.23845157 -4.3368087E-16
vn 0.9711544 -0.23845157 0
vn 0.9711544 -0.23845157 0
vn 0.9711544 -0.23845157 0
vn 0.97236115 -0.114540115 0.20345601
vn 0.97236115 -0.114540115 0.20345601
vn 0.97492814 -0.21179716 -0.068242416
vn 0.9759425 0.17027901 -0.13616665
vn 0.9759425 0.17027901 -0.13616665
vn 0.9759425 0.17027901 0.13616665
vn 0.9759425 0.17027901 0.13616665
vn 0.9762524 0.07441031 -0.20345601
vn 0.9762524 0.07441031 0.20345601
vn 0.9762524 0.07441031 0.20345601
vn 0.9772063 -0.21229208 -4.3368087E-16
vn 0.9772063 -0.21229208 0
vn 0.9772063 -0.21229208 -4.3368087E-16
vn 0.9772063 -0.21229208 0
vn 0.97887653 -0.020159012 -0.20345601
vn 0.97887653 -0.020159012 0.20345601
vn 0.98282135 0.17147921 -0.068242416
vn 0.98282135 0.17147921 -0.068242416
vn 0.9838833 -0.11589738 0.13616665
vn 0.9838833 -0.11589738 0.13616665
vn 0.9838833 -0.11589738 0.13616665
vn 0.9838833 -0.11589738 0.13616665
vn 0.9841807 0.17716773 -3.469447E-15
vn 0.9841807 0.17716773 1.7347235E-15
vn 0.9841807 0.17716773 1.7347235E-15
vn 0.9851179 0.1718799 -4.3368087E-16
vn 0.9851179 0.1718799 0
vn 0.9851179 0.1718799 -4.3368087E-16
vn 0.9851179 0.1718799 0
vn 0.98542225 -0.17012641 -4.3368087E-16
vn 0.98542225 -0.17012641 1.7347235E-15
vn 0.98542225 -0.17012641 1.7347235E-15
vn 0.98542225 -0.17012641 -4.3368087E-16
vn 0.98542225 -0.17012641 0
vn 0.9878207 0.07529205 0.13616665
vn 0.9878207 0.07529205 0.13616665
vn 0.9931334 -0.116987005 -4.3368087E-16
vn 0.9931334 -0.116987005 0
vn 0.9931334 -0.116987005 -4.3368087E-16
vn 0.9931334 -0.116987005 0
vn 0.9941419 0.10808318 -4.3368087E-16
vn 0.9941419 0.10808318 1.7347235E-15
vn 0.9941419 0.10808318 -4.3368087E-16
vn 0.9941419 0.10808318 0
vn 0.99478334 0.07582275 -0.068242416
vn 0.99478334 0.07582275 -0.068242416
vn 0.99478334 0.07582275 0.068242416
vn 0.9948892 -0.10097241 -3.469447E-15
vn 0.9948892 -0.10097241 1.7347235E-15
vn 0.9948892 -0.10097241 -4.3368087E-16
vn 0.9948892 -0.10097241 -4.3368087E-16
vn 0.9948892 -0.10097241 0
vn 0.9971078 0.075999916 -4.3368087E-16
vn 0.9971078 0.075999916 0
vn 0.9971078 0.075999916 -4.3368087E-16
vn 0.9971078 0.075999916 0
vn 0.99925965 0.038472068 -4.3368087E-16
vn 0.99925965 0.038472068 1.7347235E-15
vn 0.99925965 0.038472068 1.7347235E-15
vn 0.99925965 0.038472068 -4.3368087E-16
vn 0.99925965 0.038472068 0
vn 0.9995092 -0.03132648 -4.3368087E-16
vn 0.9995092 -0.03132648 -4.3368087E-16
vn 0.9995092 -0.03132648 1.7347235E-15
vn 0.9995092 -0.03132648 1.7347235E-15
vn 0.9995092 -0.03132648 1.7347235E-15
vn 0.9995092 -0.03132648 1.7347235E-15
vn 0.9995092 -0.03132648 1.7347235E-15
vn 0.9995092 -0.03132648 -4.3368087E-16
vn 0.9995092 -0.03132648 -4.3368087E-16
vn 0.9995092 -0.03132648 0
vn 0.9995092 -0.03132648 0
vn 0.9995092 -0.03132648 0
vn 0.999788 -0.020589663 -4.3368087E-16
vn 0.999788 -0.020589663 -4.3368087E-16
vn 0.999788 -0.020589663 0
# 5753 vertex normals

vt 0.37611517 0.3612669 0
vt 0.42151543 0.36139768 0
vt 0.37611812 0.3617211 0
vt 0.42151004 0.36188167 0
vt 0.42229134 0.36134535 0
vt 0.3753358 0.36127192 0
vt 0.42230257 0.36079586 0
vt 0.37533748 0.36072236 0
vt 0.42152146 0.36021262 0
vt 0.37611353 0.360143 0
vt 0.4222813 0.36189085 0
vt 0.3753447 0.36181724 0
vt 0.3749366 0.36127698 0
vt 0.47720248 0.73165333 0
vt 0.37533733 0.36017603 0
vt 0.422706 0.36080307 0
vt 0.5782313 0.05697608 0
vt 0.42150497 0.36257702 0
vt 0.3761209 0.36250842 0
vt 0.42227396 0.3624305 0
vt 0.37535045 0.36235934 0
vt 0.42152336 0.35969627 0
vt 0.42270073 0.36024088 0
vt 0.57823306 0.057566226 0
vt 0.3745475 0.36071932 0
vt 0.47702745 0.7310075 0
vt 0.18775511 0.01100409 0
vt 0.4222995 0.35969806 0
vt 0.37533528 0.35963076 0
vt 0.42306134 0.36191243 0
vt 0.37456375 0.3618374 0
vt 0.37496454 0.36236238 0
vt 0.3761112 0.35935187 0
vt 0.42150316 0.36296988 0
vt 0.42150316 0.36296988 0
vt 0.37612155 0.36290127 0
vt 0.37455013 0.3601771 0
vt 0.47719964 0.73049986 0
vt 0.42188755 0.36296928 0
vt 0.42348543 0.36139446 0
vt 0.57926494 0.056396127 0
vt 0.3741383 0.36132997 0
vt 0.4764671 0.7313646 0
vt 0.47665575 0.7308761 0
vt 0.4234527 0.3619274 0
vt 0.3757213 0.35908097 0
vt 0.4226568 0.36296737 0
vt 0.37496525 0.36289644 0
vt 0.37454942 0.35963714 0
vt 0.4773513 0.7299869 0
vt 0.5792377 0.05752021 0
vt 0.18843538 0.009628594 0
vt 0.42229927 0.35915297 0
vt 0.42343166 0.36244833 0
vt 0.37418994 0.36237526 0
vt 0.42389432 0.3614397 0
vt 0.579775 0.05640906 0
vt 0.37493747 0.3590889 0
vt 0.47785878 0.729558 0
vt 0.57974684 0.05695051 0
vt 0.4234756 0.3596751 0
vt 0.57927 0.058094442 0
vt 0.47645083 0.73026377 0
vt 0.25034013 0.0027510524 0
vt 0.37610862 0.35855848 0
vt 0.47918352 0.7292074 0
vt 0.18911564 0.01100409 0
vt 0.42229977 0.3586111 0
vt 0.475737 0.7310663 0
vt 0.3733857 0.36190194 0
vt 0.47553754 0.73151803 0
vt 0.4226872 0.35861427 0
vt 0.37493178 0.35854405 0
vt 0.4779708 0.72902966 0
vt 0.58026177 0.05749041 0
vt 0.42381236 0.36296362 0
vt 0.3738059 0.3628897 0
vt 0.42420754 0.3624751 0
vt 0.57984084 0.05862212 0
vt 0.47622105 0.7296776 0
vt 0.42476562 0.36107928 0
vt 0.5807736 0.05696678 0
vt 0.37274283 0.36095357 0
vt 0.47554475 0.73047304 0
vt 0.42152897 0.35805827 0
vt 0.4246258 0.36202103 0
vt 0.42347217 0.35862577 0
vt 0.5794248 0.05924052 0
vt 0.4242017 0.3629607 0
vt 0.3753132 0.3579896 0
vt 0.47844824 0.7285538 0
vt 0.37258202 0.36050504 0
vt 0.47570026 0.73002195 0
vt 0.37301895 0.3624103 0
vt 0.47496477 0.73177445 0
vt 0.4226946 0.35807574 0
vt 0.476346 0.7292097 0
vt 0.42153218 0.3578452 0
vt 0.25170067 0.0036684275 0
vt 0.37610993 0.35776764 0
vt 0.5808044 0.058002353 0
vt 0.4758439 0.72956944 0
vt 0.42507276 0.36161023 0
vt 0.42458797 0.36295712 0
vt 0.37258142 0.3619842 0
vt 0.47482246 0.73118174 0
vt 0.00018901177 0.8846166 0
vt 0.42348152 0.35809594 0
vt 0.5795459 0.05980158 0
vt 0.42498103 0.36250746 0
vt 0.42153612 0.3575101 0
vt 0.42192563 0.35751498 0
vt 0.42153803 0.35744822 0
vt 0.25034013 0.0041265488 0
vt 0.37611055 0.3573718 0
vt 0.47931248 0.7280092 0
vt 0.5800485 0.059724033 0
vt 0.4227074 0.35753405 0
vt 0.4781303 0.72796214 0
vt 0.37264413 0.362886 0
vt 0.37211487 0.36161184 0
vt 0.4746438 0.7306166 0
vt 0.4760699 0.7286597 0
vt 0.00029020765 0.8852674 0
vt 0.42310247 0.35754764 0
vt 0.0009929683 0.88134456 0
vt 0.58179253 0.057476997 0
vt 0.0008847425 0.8824122 0
vt 0.58136845 0.058473766 0
vt 0.5805522 0.05964017 0
vt 0.47653535 0.72826207 0
vt 0.47736526 0.72787607 0
vt 0.0011092362 0.8818095 0
vt 0.5818191 0.057949662 0
vt 0.3716782 0.36039406 0
vt 0.4750882 0.72934186 0
vt 0.42154276 0.35705125 0
vt 0.37611148 0.3568849 0
vt 0 0.8865236 0
vt 0.4219354 0.35696304 0
vt 0.37572384 0.35688454 0
vt 0.4789614 0.72747755 0
vt 0.00082949427 0.88467085 0
vt 0.5801934 0.060255647 0
vt 0.0013195038 0.88037956 0
vt 0.42585033 0.36173975 0
vt 0.58231294 0.056609035 0
vt 0.0002352293 0.8862174 0
vt 0.42233032 0.35697407 0
vt 0.4761554 0.72820115 0
vt 0.37147656 0.36001438 0
vt 0.47520506 0.72892296 0
vt 0.3718068 0.3620929 0
vt 0.37149018 0.36093473 0
vt 0.00047057794 0.8859091 0
vt 0.42272627 0.35698897 0
vt 0.4781772 0.7274283 0
vt 0.37611175 0.3565808 0
vt 0.4793688 0.7271804 0
vt 0.57278913 0.69876206 0
vt 0.37124592 0.35965043 0
vt 0.47530347 0.7284974 0
vt 0.47577724 0.7281329 0
vt 0.0015302697 0.87910926 0
vt 0.4257514 0.36295187 0
vt 0.37186798 0.36289054 0
vt 0.0017318284 0.880389 0
vt 0.0018071518 0.88118464 0
vt 0.37611216 0.35633618 0
vt 0.479381 0.7269287 0
vt 0.5719518 0.6973865 0
vt 0.0016866593 0.8830861 0
vt 0.5820463 0.05935502 0
vt 0.4785927 0.7269106 0
vt 0.0018248111 0.882487 0
vt 0.0003186985 0.8872555 0
vt 0.42154565 0.35625857 0
vt 0.5247843 0.72667915 0
vt 0.47938067 0.7267767 0
vt 0.5714286 0.69876206 0
vt 0.0011254991 0.88593686 0
vt 0.37097716 0.36187494 0
vt 0.0017103987 0.8844054 0
vt 0.5813483 0.060522676 0
vt 0.4774407 0.72686714 0
vt 0.37070575 0.35898054 0
vt 0.47544685 0.72764575 0
vt 0.0015999568 0.8853262 0
vt 0.47705954 0.7268523 0
vt 0.37063187 0.36090988 0
vt 0.0022851645 0.8793305 0
vt 0.37109688 0.36289364 0
vt 0.47667885 0.7268376 0
vt 0.5564626 0.009628594 0
vt 0.0023977268 0.8817941 0
vt 0.5247834 0.72628546 0
vt 0.5247834 0.72628546 0
vt 0.47938263 0.726377 0
vt 0.0008630688 0.8871838 0
vt 0.5251701 0.72628474 0
vt 0.5251701 0.72628474 0
vt 0.4786059 0.72637 0
vt 0.37051952 0.36166167 0
vt 0.37066302 0.3622691 0
vt 0.002251442 0.8838085 0
vt 0.58231294 0.060237825 0
vt 0.47629693 0.7268277 0
vt 0.55714285 0.01100409 0
vt 0.0025881606 0.8810368 0
vt 0.001542238 0.8862538 0
vt 0.47783554 0.7263633 0
vt 0.002587491 0.8797524 0
vt 0.0017697393 0.88594365 0
vt 0.37070864 0.36289304 0
vt 0.475913 0.72681296 0
vt 0.5578231 0.009628594 0
vt 0.0025940123 0.88295877 0
vt 0.37013534 0.35951167 0
vt 0.0019975053 0.88563335 0
vt 0.4770676 0.7263615 0
vt 0.0022237455 0.88532203 0
vt 0.47668475 0.7263634 0
vt 0.0029176362 0.88039434 0
vt 0.3701516 0.36177927 0
vt 0.0024520874 0.8850107 0
vt 0.47630158 0.72636795 0
vt 0.0028459614 0.88325435 0
vt 0.5578231 0.9931224 0
vt 0.0030294873 0.87954795 0
vt 0.0030419927 0.8822181 0
vt 0.0026836682 0.8846998 0
vt 0.36964083 0.36076236 0
vt 0.47327346 0.72777236 0
vt 0.0031350972 0.8829882 0
vt 0.5564626 0.9938102 0
vt 0.002925097 0.8843908 0
vt 0.47553092 0.72637725 0
vt 0.36958253 0.35899907 0
vt 0.4747491 0.72676563 0
vt 0.3694706 0.36052668 0
vt 0.36993495 0.3628875 0
vt 0.0031654774 0.8840817 0
vt 0.003423426 0.8827276 0
vt 0.5578231 0.99449795 0
vt 0.36932924 0.35929728 0
vt 0.47435826 0.7267347 0
vt 0.0035280448 0.8822508 0
vt 0.3694685 0.36223078 0
vt 0.47188625 0.7282692 0
vt 0.0036871047 0.8806102 0
vt 0.36924136 0.3616054 0
vt 0.4723494 0.7278074 0
vt 0.0036433965 0.88295275 0
vt 0.36909696 0.3596121 0
vt 0.47397017 0.7267047 0
vt 0.0037649376 0.8797605 0
vt 0.0038316713 0.8812341 0
vt 0.0036423092 0.8834631 0
vt 0.47437155 0.7263875 0
vt 0.36899534 0.3605752 0
vt 0.4731061 0.7271334 0
vt 0.3688568 0.35992151 0
vt 0.47358298 0.7266743 0
vt 0.003882277 0.88316226 0
vt 0.004065035 0.88021904 0
vt 0.0041246843 0.88093007 0
vt 0.0041330843 0.87986505 0
vt 0.47222993 0.7272657 0
vt 0.4723023 0.72709894 0
vt 0.47320828 0.7263888 0
vt 0.47281143 0.72660404 0
vt 0.16398455 0.6478679 0
vt 0.36877084 0.3628803 0
vt 0.47102958 0.727869 0
vt 0.0045473683 0.88170695 0
vt 0.004576194 0.88225245 0
vt 0.4728218 0.72638786 0
vt 0.4719424 0.7269615 0
vt 0.4712693 0.72727597 0
vt 0.16376106 0.6475574 0
vt 0.47087926 0.7275117 0
vt 0.0048773526 0.8808337 0
vt 0.47204736 0.72638875 0
vt 0.0052129994 0.88020486 0
vt 0.16353434 0.6472423 0
vt 0.16353434 0.6472423 0
vt 0.47075382 0.7271451 0
vt 0.0052585835 0.88134205 0
vt 0.0054830643 0.881043 0
vt 0.16264096 0.6472426 0
vt 0.16264096 0.6472426 0
vt 0.4712741 0.7263931 0
vt 0.0055531925 0.880427 0
vt 0.16321233 0.6469842 0
vt 0.0055541215 0.88046306 0
vt 0.16317731 0.6469949 0
vt 0.4707483 0.72670424 0
vt 0.005555689 0.880391 0
vt 0.16324617 0.6469703 0
vt 0.0055584395 0.8804989 0
vt 0.16314156 0.6470019 0
vt 0.4707759 0.7266772 0
vt 0.0055615534 0.8803555 0
vt 0.16327845 0.646953 0
vt 0.0055661444 0.8805342 0
vt 0.16310531 0.6470053 0
vt 0.4708009 0.72664773 0
vt 0.005577134 0.8805685 0
vt 0.16306892 0.6470053 0
vt 0.47082317 0.7266164 0
vt 0.0055913185 0.88060164 0
vt 0.16303267 0.64700186 0
vt 0.4708424 0.7265831 0
vt 0.0056086015 0.88063323 0
vt 0.1629969 0.64699477 0
vt 0.47085845 0.72654843 0
vt 0.0056292685 0.88066286 0
vt 0.16296196 0.64698434 0
vt 0.47087124 0.72651255 0
vt 0.005652699 0.8806904 0
vt 0.16292816 0.6469704 0
vt 0.005678626 0.88071555 0
vt 0.16289587 0.6469532 0
vt 0.0059346156 0.8804342 0
vt 0.0059346156 0.8804342 0
vt 0.0059346156 0.8804342 0
vt 0.0059346156 0.8804342 0
vt 0.16308673 0.6466208 0
vt 0.16308673 0.6466208 0
vt 0.16308673 0.6466208 0
vt 0.16308673 0.6466208 0
vt 0.033304602 0.8384066 0
vt 0.1171118 0.24156058 0
vt 0.19426538 0.60748684 0
vt 0.5370033 0.35461968 0
vt 0.03340887 0.83545387 0
vt 0.11638083 0.24499261 0
vt 0.19701049 0.6064836 0
vt 0.5404147 0.35547906 0
vt 0.033404823 0.8413595 0
vt 0.11808091 0.23818791 0
vt 0.19145778 0.6082938 0
vt 0.53354084 0.35400283 0
vt 0.03371712 0.83251536 0
vt 0.1158915 0.24846709 0
vt 0.19967926 0.60528934 0
vt 0.54375845 0.3565768 0
vt 0.03370896 0.84429795 0
vt 0.11928337 0.23489082 0
vt 0.18860142 0.6089006 0
vt 0.5300443 0.3536315 0
vt 0.0342281 0.82960427 0
vt 0.11564626 0.25196713 0
vt 0.20225967 0.60390925 0
vt 0.54701823 0.35790753 0
vt 0.034215573 0.84720767 0
vt 0.12071341 0.23168558 0
vt 0.18571012 0.6093043 0
vt 0.52653056 0.35350758 0
vt 0.034938782 0.8267376 0
vt 0.11564626 0.2554757 0
vt 0.20473836 0.60235065 0
vt 0.55017823 0.35946482 0
vt 0.034922138 0.8500744 0
vt 0.122364 0.22858763 0
vt 0.18279803 0.60950303 0
vt 0.5230169 0.3536315 0
vt 0.035845783 0.8239261 0
vt 0.1158915 0.25897574 0
vt 0.20710401 0.6006206 0
vt 0.5532231 0.36124098 0
vt 0.035825223 0.8528842 0
vt 0.1242271 0.2256121 0
vt 0.17987937 0.60949564 0
vt 0.51952034 0.35400283 0
vt 0.12037005 0.24237084 0
vt 0.89931977 0.30880332 0
vt 0.53630507 0.35793847 0
vt 0.8489796 0.30880332 0
vt 0.1196878 0.245574 0
vt 0.89931977 0.3059898 0
vt 0.5394891 0.35874057 0
vt 0.8489796 0.30598974 0
vt 0.121274546 0.23922294 0
vt 0.89931977 0.3116169 0
vt 0.5330735 0.35736275 0
vt 0.8489796 0.3116169 0
vt 0.11923111 0.24881685 0
vt 0.89931977 0.30317622 0
vt 0.54260993 0.3597651 0
vt 0.8489796 0.30317616 0
vt 0.12239685 0.2361458 0
vt 0.89931977 0.31443048 0
vt 0.52981 0.3570162 0
vt 0.8489796 0.31443036 0
vt 0.03694415 0.8211876 0
vt 0.11638082 0.26245034 0
vt 0.20934382 0.5987284 0
vt 0.5561378 0.36322743 0
vt 0.036920425 0.85562325 0
vt 0.12629364 0.22277361 0
vt 0.1769683 0.60928226 0
vt 0.5160579 0.35461968 0
vt 0.119002216 0.2520836 0
vt 0.89931977 0.30036265 0
vt 0.5456524 0.36100715 0
vt 0.8489796 0.30036265 0
vt 0.12373154 0.23315412 0
vt 0.89931977 0.31724393 0
vt 0.52653056 0.35690045 0
vt 0.8489796 0.31724393 0
vt 0.1190022 0.25535834 0
vt 0.89931977 0.29754907 0
vt 0.54860175 0.3624606 0
vt 0.8489796 0.29754907 0
vt 0.12527208 0.2302627 0
vt 0.89931977 0.3200575 0
vt 0.5232512 0.3570162 0
vt 0.8489796 0.3200575 0
vt 0.038287163 0.8184136 0
vt 0.1171118 0.26588225 0
vt 0.21145032 0.5966802 0
vt 0.55890834 0.3654145 0
vt 0.038202368 0.8582782 0
vt 0.1285536 0.22008586 0
vt 0.17407906 0.60886395 0
vt 0.5126465 0.35547912 0
vt 0.1192311 0.25862503 0
vt 0.89931977 0.29473555 0
vt 0.5514436 0.36411834 0
vt 0.8489796 0.2947355 0
vt 0.12701099 0.22748566 0
vt 0.89931977 0.3228711 0
vt 0.5199877 0.35736275 0
vt 0.8489796 0.3228711 0
vt 0.11968778 0.26186782 0
vt 0.89931977 0.29192197 0
vt 0.554164 0.3659724 0
vt 0.8489796 0.29192197 0
vt 0.12893976 0.22483629 0
vt 0.89931977 0.32568467 0
vt 0.5167561 0.35793847 0
vt 0.8489796 0.3256846 0
vt 0.039747525 0.81586516 0
vt 0.11808089 0.26925492 0
vt 0.2134085 0.5944905 0
vt 0.5615211 0.36779147 0
vt 0.039664827 0.86083627 0
vt 0.1309959 0.21756196 0
vt 0.17122568 0.60824263 0
vt 0.50930274 0.3565768 0
vt 0.12037005 0.26507103 0
vt 0.89931977 0.2891084 0
vt 0.5567498 0.36801362 0
vt 0.8489796 0.2891084 0
vt 0.13104904 0.22232771 0
vt 0.89931977 0.32849818 0
vt 0.5135721 0.35874057 0
vt 0.8489796 0.32849818 0
vt 0.041405223 0.81338906 0
vt 0.11928339 0.27255195 0
vt 0.21521075 0.5921682 0
vt 0.5639634 0.37034678 0
vt 0.041300654 0.86328477 0
vt 0.13360868 0.21521425 0
vt 0.16842207 0.60742146 0
vt 0.50604296 0.3579076 0
vt 0.121274546 0.26821887 0
vt 0.89931977 0.28629494 0
vt 0.5591884 0.37023216 0
vt 0.8489796 0.28629482 0
vt 0.13332854 0.21997213 0
vt 0.89931977 0.33131176 0
vt 0.5104513 0.35976517 0
vt 0.8489796 0.3313117 0
vt 0.043211885 0.8110592 0
vt 0.12071338 0.27575725 0
vt 0.21685037 0.5897217 0
vt 0.5662234 0.3730681 0
vt 0.043101836 0.8656119 0
vt 0.13637918 0.21305406 0
vt 0.16568197 0.6064044 0
vt 0.50288296 0.35946482 0
vt 0.122396834 0.27129614 0
vt 0.89931977 0.28348136 0
vt 0.5614679 0.37261713 0
vt 0.8489796 0.28348124 0
vt 0.13576712 0.21778089 0
vt 0.89931977 0.33412528 0
vt 0.50740874 0.36100715 0
vt 0.8489796 0.33412522 0
vt 0.04517639 0.80886096 0
vt 0.12236398 0.2788552 0
vt 0.21831693 0.587166 0
vt 0.56828994 0.375942 0
vt 0.045059647 0.8678064 0
vt 0.13929394 0.21109211 0
vt 0.16301861 0.60519636 0
vt 0.4998381 0.36124104 0
vt 0.12373153 0.2742877 0
vt 0.89931977 0.28066778 0
vt 0.5635772 0.375157 0
vt 0.8489796 0.28066778 0
vt 0.13835293 0.21576482 0
vt 0.89931977 0.3369388 0
vt 0.50445944 0.3624606 0
vt 0.8489796 0.3369388 0
vt 0.12527208 0.27717912 0
vt 0.82448983 0.7799175 0
vt 0.89931977 0.2778542 0
vt 0.5655059 0.37783933 0
vt 0.82448983 0.72902346 0
vt 0.8489796 0.2778542 0
vt 0.14107338 0.21393359 0
vt 0.84761906 0.41403025 0
vt 0.89931977 0.33975238 0
vt 0.50161767 0.3641184 0
vt 0.8489796 0.33975238 0
vt 0.8979592 0.41403025 0
vt 0.04727657 0.8068176 0
vt 0.12422708 0.28183073 0
vt 0.2196026 0.58451545 0
vt 0.570153 0.3789546 0
vt 0.047164507 0.86985743 0
vt 0.14233874 0.20933783 0
vt 0.16044499 0.6038032 0
vt 0.4969234 0.3632275 0
vt 0.0473066 0.75375736 0
vt 0.0473066 0.75375736 0
vt 0.26960084 0.56813717 0
vt 0.26960084 0.56813717 0
vt 0.12701099 0.27995622 0
vt 0.82727003 0.7799175 0
vt 0.5672448 0.38065106 0
vt 0.82727003 0.72902346 0
vt 0.14391519 0.21229625 0
vt 0.84761906 0.4168411 0
vt 0.4988972 0.3659724 0
vt 0.8979592 0.4168411 0
vt 0.049513273 0.80492675 0
vt 0.12629364 0.28466922 0
vt 0.22070244 0.58178055 0
vt 0.57180357 0.3820911 0
vt 0.049406175 0.8717552 0
vt 0.14549875 0.20779979 0
vt 0.15797369 0.60223186 0
vt 0.49415284 0.36541456 0
vt 0.12893975 0.28260553 0
vt 0.8300503 0.7799175 0
vt 0.56878537 0.38357848 0
vt 0.8300503 0.72902346 0
vt 0.14686453 0.21086067 0
vt 0.84761906 0.41965193 0
vt 0.49631137 0.36801368 0
vt 0.8979592 0.41965193 0
vt 0.05187546 0.80319786 0
vt 0.12855355 0.28735697 0
vt 0.22161111 0.57897437 0
vt 0.57323366 0.38533634 0
vt 0.05177365 0.87349033 0
vt 0.14875858 0.20648539 0
vt 0.15561678 0.60049 0
vt 0.49154007 0.36779153 0
vt 0.13104902 0.2851141 0
vt 0.83283055 0.7799175 0
vt 0.5701201 0.38660735 0
vt 0.83283055 0.72902346 0
vt 0.14990702 0.209634 0
vt 0.84761906 0.42246276 0
vt 0.4938728 0.37023222 0
vt 0.8979592 0.42246276 0
vt 0.054351605 0.8016395 0
vt 0.13099585 0.28988087 0
vt 0.22232418 0.57611084 0
vt 0.5744361 0.3886745 0
vt 0.054255553 0.8750546 0
vt 0.1521023 0.20540118 0
vt 0.15338561 0.5985858 0
vt 0.4890978 0.3703469 0
vt 0.13332851 0.2874698 0
vt 0.83561075 0.7799175 0
vt 0.5712424 0.38972294 0
vt 0.83561075 0.72902346 0
vt 0.15302789 0.20862204 0
vt 0.84761906 0.4252736 0
vt 0.4915933 0.3726172 0
vt 0.8979592 0.4252736 0
vt 0.056929618 0.8002591 0
vt 0.13360864 0.29222858 0
vt 0.22283809 0.573204 0
vt 0.5754052 0.3920892 0
vt 0.05683978 0.8764403 0
vt 0.15551372 0.20455241 0
vt 0.1512912 0.5965288 0
vt 0.48683783 0.3730681 0
vt 0.1357671 0.289661 0
vt 0.83839107 0.7799175 0
vt 0.5721469 0.39291006 0
vt 0.83839107 0.72902346 0
vt 0.15621184 0.20782983 0
vt 0.84761906 0.42808443 0
vt 0.489484 0.37515706 0
vt 0.8979592 0.42808443 0
vt 0.059597 0.7990637 0
vt 0.13637915 0.29438877 0
vt 0.22315033 0.5702679 0
vt 0.5761362 0.39556396 0
vt 0.05951358 0.8776407 0
vt 0.15897615 0.20394307 0
vt 0.14934349 0.5943288 0
vt 0.4847713 0.37594205 0
vt 0.42121264 0.554446 0
vt 0.42121264 0.554446 0
vt 0.42121264 0.554446 0
vt 0.37583104 0.5543771 0
vt 0.42197844 0.55445075 0
vt 0.42197844 0.55445075 0
vt 0.99863946 0.027510285 0
vt 0.37506586 0.554373 0
vt 0.37582135 0.55492187 0
vt 0.37582135 0.55492187 0
vt 0.4227413 0.5544605 0
vt 0.42197666 0.5549836 0
vt 1 0.026822567 0
vt 0.37505713 0.55490685 0
vt 0.4212183 0.5552286 0
vt 0.4212183 0.5552286 0
vt 0.37467685 0.55489814 0
vt 0.37392145 0.55437195 0
vt 0.37580758 0.5554668 0
vt 0.37580758 0.5554668 0
vt 0.42198494 0.5555166 0
vt 0.99863946 0.026134789 0
vt 0.37504035 0.5554422 0
vt 0.37391552 0.55487823 0
vt 0.4238945 0.5544796 0
vt 0.37315887 0.5543754 0
vt 0.42274773 0.5554969 0
vt 0.3742758 0.55540705 0
vt 0.4235022 0.55497026 0
vt 0.37389344 0.55538535 0
vt 0.42123106 0.5560721 0
vt 0.42123106 0.5560721 0
vt 0.37501892 0.5559801 0
vt 0.3731528 0.554854 0
vt 0.42428216 0.5544937 0
vt 0.42238098 0.55603683 0
vt 0.13835292 0.29167712 0
vt 0.84117126 0.7799175 0
vt 0.5728291 0.39615315 0
vt 0.84117126 0.7290234 0
vt 0.15944342 0.20726109 0
vt 0.84761906 0.43089527 0
vt 0.48755527 0.37783933 0
vt 0.8979592 0.43089527 0
vt 0.3742433 0.5559305 0
vt 0.42427522 0.55496097 0
vt 0.37239024 0.55438197 0
vt 0.4238963 0.55545247 0
vt 0.3731269 0.55533326 0
vt 0.42315078 0.55599713 0
vt 0.3757813 0.55656326 0
vt 0.3757813 0.55656326 0
vt 0.42201656 0.5565927 0
vt 0.37498882 0.5565271 0
vt 0.4235397 0.5559708 0
vt 0.37346774 0.5558609 0
vt 0.42318818 0.55651695 0
vt 0.37380156 0.5564219 0
vt 0.37235788 0.5552676 0
vt 0.42505977 0.5549437 0
vt 0.37200102 0.554808 0
vt 0.37269297 0.55576706 0
vt 0.42125195 0.55716634 0
vt 0.42125195 0.55716634 0
vt 0.0607765 0.69771063 0
vt 0.4254504 0.55451334 0
vt 0.37161884 0.55439305 0
vt 0.37495402 0.55707896 0
vt 0.4224373 0.5571183 0
vt 0.42398173 0.556435 0
vt 0.3730103 0.5563071 0
vt 0.061318234 0.75376093 0
vt 0.58803046 0.6345855 0
vt 0.26531816 0.5546864 0
vt 0.63973105 0.4819032 0
vt 0.37413788 0.5570049 0
vt 0.061418712 0.75081056 0
vt 0.5854176 0.63220847 0
vt 0.26806363 0.5536825 0
vt 0.63711834 0.47952616 0
vt 0.061422057 0.7567123 0
vt 0.5908009 0.6367725 0
vt 0.26251042 0.55549407 0
vt 0.6425016 0.48409027 0
vt 0.42323884 0.55704427 0
vt 0.37372848 0.55695724 0
vt 0.37575737 0.5575568 0
vt 0.45847526 0.79092157 0
vt 0.37575737 0.5575568 0
vt 0.45847526 0.79092157 0
vt 0.37191826 0.5556517 0
vt 0.060997095 0.6956898 0
vt 0.4247861 0.55632484 0
vt 0.3722287 0.55615973 0
vt 0.37291685 0.5568043 0
vt 0.42206118 0.5577055 0
vt 0.5040566 0.7910242 0
vt 0.37491435 0.5576518 0
vt 0.061723016 0.7478756 0
vt 0.5829753 0.6296531 0
vt 0.27073354 0.55248713 0
vt 0.634676 0.47697085 0
vt 0.061729662 0.7596503 0
vt 0.59371567 0.638759 0
vt 0.25965407 0.5561014 0
vt 0.6454164 0.4860767 0
vt 0.4228957 0.5576428 0
vt 0.5048708 0.79109156 0
vt 0.061345793 0.6965706 0
vt 0.42551976 0.5557645 0
vt 0.061511237 0.69798017 0
vt 0.3708462 0.5544081 0
vt 0.37119997 0.5551449 0
vt 0.42444497 0.5568776 0
vt 0.32240823 0.5359148 0
vt 0.3736436 0.5575197 0
vt 0.456483 0.79113346 0
vt 0.3220165 0.5358841 0
vt 0.37319937 0.5574261 0
vt 0.3721227 0.55661035 0
vt 0.061679848 0.69680995 0
vt 0.42412466 0.5574416 0
vt 0.42126483 0.5582736 0
vt 0.50321895 0.7915709 0
vt 0.42126483 0.5582736 0
vt 0.50321895 0.7915709 0
vt 0.5040236 0.79159784 0
vt 0.37486655 0.5582415 0
vt 0.45770624 0.7916005 0
vt 0.061616246 0.6956305 0
vt 0.42525738 0.55674124 0
vt 0.37443218 0.5581975 0
vt 0.45730776 0.791616 0
vt 0.4245295 0.55736506 0
vt 0.4229971 0.558204 0
vt 0.50483096 0.7916554 0
vt 0.3710651 0.5558866 0
vt 0.062229786 0.7449702 0
vt 0.5807154 0.62693185 0
vt 0.2733147 0.5511063 0
vt 0.63241607 0.4742496 0
vt 0.06223946 0.76256037 0
vt 0.5967605 0.6405352 0
vt 0.25676298 0.55650556 0
vt 0.64846116 0.48785293 0
vt 0.3704249 0.5550513 0
vt 0.42381933 0.55804217 0
vt 0.5056502 0.79176456 0
vt 0.32204682 0.535369 0
vt 0.45613036 0.79168856 0
vt 0.062340826 0.798059 0
vt 0.13929391 0.29635072 0
vt 0.2232594 0.56731695 0
vt 0.57662547 0.3990817 0
vt 0.06226576 0.8786504 0
vt 0.16247272 0.20357633 0
vt 0.14755195 0.59199643 0
vt 0.48290822 0.3789546 0
vt 0.37006885 0.5544239 0
vt 0.32165417 0.53535354 0
vt 0.37262014 0.55780804 0
vt 0.42463663 0.55785394 0
vt 0.45848194 0.7921426 0
vt 0.45848194 0.7921426 0
vt 0.50399214 0.792158 0
vt 0.45771632 0.79215336 0
vt 0.06212261 0.69464195 0
vt 0.42504534 0.55775225 0
vt 0.32087007 0.5353128 0
vt 0.37181708 0.5575136 0
vt 0.37029395 0.55568147 0
vt 0.0625955 0.6983727 0
vt 0.5051767 0.7922499 0
vt 0.322449 0.53485316 0
vt 0.45654663 0.79219633 0
vt 0.32205606 0.534853 0
vt 0.45615172 0.79221845 0
vt 0.4243603 0.5584594 0
vt 0.5059869 0.7923579 0
vt 0.06281145 0.69792575 0
vt 0.062562466 0.6953689 0
vt 0.42585033 0.5575243 0
vt 0.32008812 0.5352552 0
vt 0.37104398 0.5571712 0
vt 0.06281355 0.697271 0
vt 0.32127422 0.53485703 0
vt 0.06273141 0.6962668 0
vt 0.062936604 0.74210817 0
vt 0.5786488 0.62405795 0
vt 0.27579457 0.5495466 0
vt 0.6303495 0.4713757 0
vt 0.06294903 0.76542807 0
vt 0.5999205 0.6420924 0
vt 0.25385123 0.55670446 0
vt 0.65162116 0.48941016 0
vt 0.36959884 0.55519676 0
vt 0.5032 0.79267764 0
vt 0.5032 0.79267764 0
vt 0.45848826 0.79269016 0
vt 0.45848826 0.79269016 0
vt 0.50396836 0.79270434 0
vt 0.45772552 0.79270047 0
vt 0.36981517 0.55584973 0
vt 0.5047395 0.7927539 0
vt 0.45695445 0.7927198 0
vt 0.06274821 0.6947608 0
vt 0.42557275 0.5581075 0
vt 0.5071797 0.79262936 0
vt 0.505125 0.7927838 0
vt 0.06301599 0.6960552 0
vt 0.31930697 0.535172 0
vt 0.37029213 0.55680454 0
vt 0.32204074 0.53433704 0
vt 0.45617092 0.79273915 0
vt 0.14107335 0.29350835 0
vt 0.84395146 0.7799175 0
vt 0.5732858 0.3994364 0
vt 0.84395146 0.7290234 0
vt 0.1627069 0.20691884 0
vt 0.84761906 0.4337061 0
vt 0.48581636 0.38065106 0
vt 0.8979592 0.4337061 0
vt 0.50590974 0.792868 0
vt 0.32126188 0.53438115 0
vt 0.06331044 0.6986331 0
vt 0.31663626 0.5358618 0
vt 0.36889634 0.554437 0
vt 0.06323491 0.69638675 0
vt 0.31678587 0.5357434 0
vt 0.3688797 0.5546283 0
vt 0.06338463 0.6977718 0
vt 0.31806436 0.5352298 0
vt 0.36932278 0.55594206 0
vt 0.45811236 0.7932402 0
vt 0.5039476 0.7932459 0
vt 0.5043251 0.7932631 0
vt 0.06333423 0.69495726 0
vt 0.507483 0.79314077 0
vt 0.32010788 0.53444433 0
vt 0.45696238 0.79325765 0
vt 0.32238454 0.53378206 0
vt 0.45656922 0.79326814 0
vt 0.50546956 0.793334 0
vt 0.32160497 0.53386 0
vt 0.45578232 0.7933116 0
vt 0.5062409 0.7934087 0
vt 0.31855693 0.5347723 0
vt 0.36939988 0.55665994 0
vt 0.31934118 0.53447115 0
vt 0.063839965 0.73930323 0
vt 0.57678574 0.62104535 0
vt 0.27816093 0.5478157 0
vt 0.6284864 0.4683631 0
vt 0.06385253 0.7682319 0
vt 0.6031803 0.64342314 0
vt 0.2509326 0.5566971 0
vt 0.654881 0.4907409 0
vt 0.32045755 0.5340024 0
vt 0.06379905 0.6960864 0
vt 0.06375529 0.6948087 0
vt 0.5074204 0.7935585 0
vt 0.5031823 0.79367816 0
vt 0.5031823 0.79367816 0
vt 0.064020984 0.6988847 0
vt 0.06386873 0.6952063 0
vt 0.45849398 0.79378206 0
vt 0.45849398 0.79378206 0
vt 0.50393176 0.79378325 0
vt 0.4577362 0.79378664 0
vt 0.45735583 0.79378843 0
vt 0.06404708 0.6972428 0
vt 0.31776747 0.5346831 0
vt 0.36870748 0.55611527 0
vt 0.5046837 0.7938061 0
vt 0.50506127 0.7938207 0
vt 0.5901889 0.6319864 0
vt 0.7537415 0.19257212 0
vt 0.85578233 0.22558457 0
vt 0.6418896 0.47930408 0
vt 0.7537415 0.1416781 0
vt 0.8054422 0.22558457 0
vt 0.32190797 0.53329337 0
vt 0.45619372 0.7938086 0
vt 0.31693158 0.5348474 0
vt 0.32152614 0.5333705 0
vt 0.5062024 0.79388195 0
vt 0.5877503 0.6297678 0
vt 0.85578233 0.2227931 0
vt 0.639451 0.47708553 0
vt 0.8054422 0.2227931 0
vt 0.59277475 0.6340276 0
vt 0.7509805 0.19257212 0
vt 0.6444754 0.4813453 0
vt 0.7509804 0.1416781 0
vt 0.064233676 0.69851255 0
vt 0.5031743 0.79406875 0
vt 0.5031743 0.79406875 0
vt 0.31595716 0.5349331 0
vt 0.3196498 0.5337188 0
vt 0.06440667 0.6958957 0
vt 0.58547086 0.6273828 0
vt 0.85578233 0.22000158 0
vt 0.63717157 0.47470057 0
vt 0.8054422 0.22000158 0
vt 0.59549516 0.6358816 0
vt 0.74821925 0.19257212 0
vt 0.6471958 0.48319936 0
vt 0.74821925 0.1416781 0
vt 0.3185231 0.53391147 0
vt 0.5039228 0.7943171 0
vt 0.457738 0.7943263 0
vt 0.5042973 0.7943214 0
vt 0.45697483 0.7943269 0
vt 0.50504845 0.79433024 0
vt 0.3217934 0.5327923 0
vt 0.45620006 0.79433036 0
vt 0.50580543 0.7943456 0
vt 0.0646594 0.6978009 0
vt 0.5065677 0.79436374 0
vt 0.3206782 0.5330778 0
vt 0.4584956 0.79447794 0
vt 0.4584956 0.79447794 0
vt 0.064740345 0.6991328 0
vt 0.06475227 0.6990988 0
vt 0.31575975 0.5345988 0
vt 0.064767405 0.6990663 0
vt 0.31578532 0.5345731 0
vt 0.06478558 0.69903535 0
vt 0.3158083 0.53454494 0
vt 0.31883737 0.5335407 0
vt 0.06480663 0.69900644 0
vt 0.31582844 0.53451467 0
vt 0.064830296 0.69897974 0
vt 0.31584555 0.5344826 0
vt 0.06485635 0.6989554 0
vt 0.3158597 0.5344494 0
vt 0.06488452 0.69893384 0
vt 0.31587088 0.53441405 0
vt 0.06485511 0.6969869 0
vt 0.06491461 0.69891506 0
vt 0.31587854 0.5343778 0
vt 0.064935386 0.7365689 0
vt 0.5751352 0.61790884 0
vt 0.28040227 0.5459219 0
vt 0.6268358 0.46522653 0
vt 0.0649478 0.77096546 0
vt 0.6065241 0.6445209 0
vt 0.24802151 0.55648375 0
vt 0.6582247 0.49183863 0
vt 0.064947575 0.6989002 0
vt 0.31588286 0.534341 0
vt 0.58336157 0.624843 0
vt 0.85578233 0.21721011 0
vt 0.6350623 0.4721607 0
vt 0.8054422 0.21721011 0
vt 0.598337 0.6375394 0
vt 0.7454582 0.19257224 0
vt 0.65003765 0.48485708 0
vt 0.7454582 0.1416781 0
vt 0.0649818 0.69888866 0
vt 0.3158836 0.534304 0
vt 0.065017015 0.69888043 0
vt 0.3158808 0.5342671 0
vt 0.06505287 0.69887567 0
vt 0.31587452 0.5342307 0
vt 0.06509416 0.69925654 0
vt 0.06509416 0.69925654 0
vt 0.06509416 0.69925654 0
vt 0.06509416 0.69925654 0
vt 0.3155041 0.53431225 0
vt 0.3155041 0.53431225 0
vt 0.3155041 0.53431225 0
vt 0.3155041 0.53431225 0
vt 0.06508778 0.6984935 0
vt 0.31622422 0.53407395 0
vt 0.06507564 0.69735175 0
vt 0.3173089 0.5337168 0
vt 0.31766942 0.53359747 0
vt 0.06505729 0.69658625 0
vt 0.31839114 0.5333593 0
vt 0.06503088 0.6954248 0
vt 0.31911236 0.5331198 0
vt 0.3194746 0.5330003 0
vt 0.06501195 0.6946355 0
vt 0.50734204 0.79480475 0
vt 0.3201982 0.5327655 0
vt 0.5061898 0.7948225 0
vt 0.3209227 0.5325334 0
vt 0.32165253 0.53230006 0
vt 0.45620248 0.79484946 0
vt 0.50505054 0.79483896 0
vt 0.45697108 0.79485804 0
vt 0.5042973 0.7948481 0
vt 0.4577346 0.79486644 0
vt 0.5035445 0.7948524 0
vt 0.5031671 0.7948538 0
vt 0.5031671 0.7948538 0
vt 0.5031671 0.7948538 0
vt 0.45849574 0.7948709 0
vt 0.0651478 0.79725 0
vt 0.1423387 0.298105 0
vt 0.2231648 0.5643655 0
vt 0.57687074 0.40262544 0
vt 0.14592582 0.5895438 0
vt 0.48125762 0.38209116 0
vt 0.5814328 0.6221607 0
vt 0.85578233 0.21441859 0
vt 0.6331335 0.46947837 0
vt 0.8054422 0.21441859 0
vt 0.6012863 0.6389928 0
vt 0.74269706 0.19257212 0
vt 0.652987 0.48631054 0
vt 0.74269706 0.1416781 0
vt 0.14391518 0.2951457 0
vt 0.8467318 0.7799175 0
vt 0.57351476 0.40274388 0
vt 0.8467318 0.7290234 0
vt 0.16598636 0.20680457 0
vt 0.84761906 0.43651694 0
vt 0.48427582 0.38357854 0
vt 0.8979592 0.43651694 0
vt 0.06621893 0.7339184 0
vt 0.57370514 0.6146636 0
vt 0.28250805 0.54387504 0
vt 0.62540585 0.4619813 0
vt 0.06622962 0.7736157 0
vt 0.60993546 0.64538026 0
vt 0.24513233 0.5560653 0
vt 0.6616361 0.492698 0
vt 0.5796939 0.6193489 0
vt 0.85578233 0.21162713 0
vt 0.63139457 0.46666664 0
vt 0.8054422 0.21162713 0
vt 0.6043288 0.6402348 0
vt 0.73993593 0.19257224 0
vt 0.6560295 0.48755258 0
vt 0.739936 0.1416781 0
vt 0.5781534 0.61642146 0
vt 0.85578233 0.20883566 0
vt 0.629854 0.46373922 0
vt 0.8054422 0.2088356 0
vt 0.60744965 0.6412594 0
vt 0.7371748 0.19257224 0
vt 0.65915036 0.48857713 0
vt 0.7371748 0.1416781 0
vt 0.067682885 0.7313646 0
vt 0.5725027 0.61132544 0
vt 0.2844674 0.5416846 0
vt 0.6242034 0.4586432 0
vt 0.067690544 0.7761675 0
vt 0.6133979 0.64599717 0
vt 0.242279 0.5554441 0
vt 0.66509855 0.49331486 0
vt 0.0680044 0.79664063 0
vt 0.14549871 0.29964316 0
vt 0.22286695 0.56142783 0
vt 0.57687074 0.40617782 0
vt 0.06794471 0.88007784 0
vt 0.1695001 0.20357633 0
vt 0.14447314 0.5869831 0
vt 0.47982758 0.3853364 0
vt 0.1468645 0.2965812 0
vt 0.849512 0.7799175 0
vt 0.57351476 0.40605938 0
vt 0.849512 0.7290234 0
vt 0.16926579 0.20691884 0
vt 0.84761906 0.43932778 0
vt 0.48294115 0.3866074 0
vt 0.8979592 0.43932778 0
vt 0.5768187 0.6133926 0
vt 0.85578233 0.2060442 0
vt 0.62851936 0.4607103 0
vt 0.8054422 0.20604408 0
vt 0.6106337 0.6420615 0
vt 0.7344138 0.19257212 0
vt 0.6623343 0.48937923 0
vt 0.7344138 0.1416781 0
vt 0.06932016 0.72891974 0
vt 0.57153356 0.6079107 0
vt 0.28627092 0.53936136 0
vt 0.6232342 0.45522845 0
vt 0.069324 0.7786097 0
vt 0.6168945 0.6463685 0
vt 0.23947561 0.554623 0
vt 0.66859514 0.4936862 0
vt 0.5756964 0.61027694 0
vt 0.85578233 0.20325267 0
vt 0.627397 0.45759475 0
vt 0.8054422 0.20325267 0
vt 0.61386526 0.64263725 0
vt 0.7316527 0.19257224 0
vt 0.6655659 0.48995495 0
vt 0.7316527 0.1416781 0
vt 0.07089657 0.7962343 0
vt 0.14875855 0.30095744 0
vt 0.22236735 0.5585183 0
vt 0.57662547 0.4097215 0
vt 0.070844874 0.88048863 0
vt 0.17299668 0.20394307 0
vt 0.14320019 0.5843252 0
vt 0.47862512 0.3886745 0
vt 0.071122855 0.7265958 0
vt 0.5708026 0.604436 0
vt 0.28790978 0.5369166 0
vt 0.6225033 0.45175374 0
vt 0.07112246 0.78093076 0
vt 0.6204081 0.6464924 0
vt 0.23673582 0.55360603 0
vt 0.6721088 0.49381018 0
vt 0.149907 0.29780787 0
vt 0.8522922 0.7799175 0
vt 0.5732859 0.40936685 0
vt 0.8522922 0.7290234 0
vt 0.17252924 0.20726109 0
vt 0.84761906 0.4421386 0
vt 0.4818188 0.389723 0
vt 0.8979592 0.4421386 0
vt 0.5747919 0.6070899 0
vt 0.85578233 0.20046121 0
vt 0.62649256 0.45440763 0
vt 0.8054422 0.20046109 0
vt 0.61712873 0.6429838 0
vt 0.72889155 0.19257224 0
vt 0.6688294 0.49030155 0
vt 0.72889155 0.1416781 0
vt 0.07308215 0.7244042 0
vt 0.5703133 0.6009182 0
vt 0.2893761 0.5343622 0
vt 0.6220139 0.44823593 0
vt 0.07307729 0.78312016 0
vt 0.6239219 0.6463685 0
vt 0.23407272 0.55239815 0
vt 0.67562246 0.4936862 0
vt 0.5741096 0.6038468 0
vt 0.85578233 0.19766968 0
vt 0.6258103 0.45116454 0
vt 0.8054422 0.19766968 0
vt 0.6204081 0.6430995 0
vt 0.7261304 0.19257224 0
vt 0.6721088 0.49041724 0
vt 0.7261304 0.1416781 0
vt 0.07381046 0.7960331 0
vt 0.1521023 0.30204177 0
vt 0.22166838 0.55565107 0
vt 0.5761362 0.4132393 0
vt 0.0737662 0.88069445 0
vt 0.17645909 0.20455241 0
vt 0.14211358 0.58158416 0
vt 0.47765604 0.39208925 0
vt 0.15302785 0.2988199 0
vt 0.8550725 0.7799175 0
vt 0.5728291 0.4126501 0
vt 0.8550725 0.7290234 0
vt 0.17576085 0.20782983 0
vt 0.84761906 0.44494945 0
vt 0.48091432 0.39291006 0
vt 0.8979592 0.44494945 0
vt 0.573653 0.6005635 0
vt 0.85578233 0.19487822 0
vt 0.6253536 0.44788128 0
vt 0.8054422 0.19487822 0
vt 0.62368757 0.6429838 0
vt 0.72336936 0.19257224 0
vt 0.6753882 0.49030155 0
vt 0.72336936 0.1416781 0
vt 0.07518857 0.72235537 0
vt 0.57006806 0.5973745 0
vt 0.2906626 0.5317106 0
vt 0.6217687 0.44469225 0
vt 0.07517892 0.78516746 0
vt 0.6274184 0.64599717 0
vt 0.23149943 0.5510051 0
vt 0.6791191 0.49331486 0
vt 0.8578527 0.7799175 0
vt 0.15621181 0.2996121 0
vt 0.8578527 0.7290234 0
vt 0.57214695 0.4158932 0
vt 0.84761906 0.44776028 0
vt 0.17894483 0.20862204 0
vt 0.8979592 0.44776028 0
vt 0.4802321 0.39615315 0
vt 0.1555137 0.30289054 0
vt 0.07673215 0.79603803 0
vt 0.5754052 0.416714 0
vt 0.22077349 0.5528401 0
vt 0.17987049 0.20540118 0
vt 0.07669497 0.8806943 0
vt 0.47692502 0.39556402 0
vt 0.14121854 0.5787729 0
vt 0.57342404 0.59725606 0
vt 0.85578233 0.1920867 0
vt 0.6251247 0.44457382 0
vt 0.8054422 0.1920867 0
vt 0.62695104 0.64263725 0
vt 0.72060823 0.19257224 0
vt 0.67865175 0.48995495 0
vt 0.72060823 0.1416781 0
vt 0.07743186 0.72045934 0
vt 0.57006806 0.5938221 0
vt 0.29176307 0.52897483 0
vt 0.6217687 0.44113988 0
vt 0.07741731 0.78706294 0
vt 0.63088083 0.64538026 0
vt 0.22902846 0.5494338 0
vt 0.6825815 0.492698 0
vt 0.57342404 0.5939405 0
vt 0.85578233 0.18929529 0
vt 0.62512475 0.4412583 0
vt 0.8054422 0.18929517 0
vt 0.6301826 0.6420615 0
vt 0.71784717 0.19257224 0
vt 0.6818833 0.48937923 0
vt 0.71784717 0.1416781 0
vt 0.8606329 0.7799175 0
vt 0.15944341 0.30018073 0
vt 0.8606329 0.7290234 0
vt 0.57124245 0.41908026 0
vt 0.84761906 0.45057112 0
vt 0.18206565 0.209634 0
vt 0.8979592 0.45057112 0
vt 0.4797754 0.3994364 0
vt 0.15897611 0.30349976 0
vt 0.07964759 0.79624957 0
vt 0.5744361 0.42012876 0
vt 0.21968701 0.55009913 0
vt 0.18321423 0.20648539 0
vt 0.079616375 0.8804882 0
vt 0.47643575 0.39908177 0
vt 0.14051948 0.57590544 0
vt 0.07980106 0.71872526 0
vt 0.5703133 0.5902784 0
vt 0.2926721 0.52616817 0
vt 0.622014 0.43759614 0
vt 0.07978196 0.7887975 0
vt 0.63429224 0.6445209 0
vt 0.22667177 0.54769194 0
vt 0.6859929 0.49183863 0
vt 0.573653 0.5906331 0
vt 0.85578233 0.18650377 0
vt 0.6253536 0.43795085 0
vt 0.8054422 0.18650371 0
vt 0.6333666 0.64125943 0
vt 0.7150861 0.19257224 0
vt 0.6850673 0.48857713 0
vt 0.7150861 0.1416781 0
vt 0.8634132 0.7799175 0
vt 0.16270688 0.3005231 0
vt 0.8634132 0.7290234 0
vt 0.5701201 0.42219585 0
vt 0.84761906 0.45338196 0
vt 0.18510817 0.21086067 0
vt 0.8979592 0.45338196 0
vt 0.47954652 0.40274394 0
vt 0.082284674 0.71716166 0
vt 0.5708026 0.58676064 0
vt 0.2933852 0.52330434 0
vt 0.6225033 0.4340784 0
vt 0.08226142 0.7903629 0
vt 0.637636 0.6434232 0
vt 0.2244409 0.5457878 0
vt 0.68933666 0.4907409 0
vt 0.16247268 0.3038665 0
vt 0.08254276 0.79666674 0
vt 0.57323366 0.42346686 0
vt 0.21841425 0.5474415 0
vt 0.18647407 0.20779979 0
vt 0.0825165 0.88007724 0
vt 0.47619048 0.4026255 0
vt 0.14001983 0.5729956 0
vt 0.5741096 0.58734983 0
vt 0.85578233 0.1837123 0
vt 0.62581027 0.4346676 0
vt 0.8054422 0.1837123 0
vt 0.6364875 0.6402348 0
vt 0.712325 0.19257224 0
vt 0.6881881 0.48755258 0
vt 0.712325 0.1416781 0
vt 0.8661934 0.7799175 0
vt 0.16598631 0.30063736 0
vt 0.8661934 0.72902334 0
vt 0.5687854 0.42522472 0
vt 0.84761906 0.4561928 0
vt 0.1880575 0.21229625 0
vt 0.8979592 0.4561928 0
vt 0.47954652 0.40605944 0
vt 0.084870614 0.7157762 0
vt 0.57153356 0.5832859 0
vt 0.29389903 0.5203972 0
vt 0.6232343 0.43060362 0
vt 0.08484381 0.79175174 0
vt 0.6408958 0.64209247 0
vt 0.22234674 0.54373074 0
vt 0.6925965 0.48941016 0
vt 0.16598637 0.303989 0
vt 0.08540373 0.7972879 0
vt 0.5718036 0.4267121 0
vt 0.21696138 0.5448799 0
vt 0.18963407 0.20933783 0
vt 0.085381284 0.8794633 0
vt 0.47619048 0.40617782 0
vt 0.13972197 0.5700575 0
vt 0.5747919 0.5841068 0
vt 0.85578233 0.18092078 0
vt 0.62649256 0.4314245 0
vt 0.8054422 0.18092078 0
vt 0.63952994 0.63899285 0
vt 0.70956385 0.19257224 0
vt 0.69123065 0.4863106 0
vt 0.70956385 0.1416781 0
vt 0.86897373 0.7799175 0
vt 0.16926575 0.3005231 0
vt 0.86897373 0.72902334 0
vt 0.5672449 0.4281522 0
vt 0.84761906 0.45900363 0
vt 0.19089933 0.21393359 0
vt 0.8979592 0.45900363 0
vt 0.4797754 0.4093669 0
vt 0.08754622 0.7145755 0
vt 0.57250273 0.5798712 0
vt 0.29421097 0.51746094 0
vt 0.6242034 0.42718893 0
vt 0.08751683 0.7929572 0
vt 0.6440558 0.6405352 0
vt 0.22039945 0.54153085 0
vt 0.69575644 0.48785293 0
vt 0.16950007 0.30386657 0
vt 0.08821662 0.7981097 0
vt 0.570153 0.42984867 0
vt 0.2153355 0.54242706 0
vt 0.19267885 0.21109211 0
vt 0.088196635 0.8786494 0
vt 0.47643575 0.40972155 0
vt 0.13962743 0.56710565 0
vt 0.5756964 0.5809197 0
vt 0.85578233 0.17812932 0
vt 0.62739706 0.42823738 0
vt 0.8054422 0.17812932 0
vt 0.6424793 0.6375394 0
vt 0.7068027 0.19257224 0
vt 0.69418 0.48485708 0
vt 0.7068027 0.1416781 0
vt 0.87175393 0.7799175 0
vt 0.17252924 0.3001808 0
vt 0.87175393 0.72902334 0
vt 0.565506 0.43096393 0
vt 0.84761906 0.46181446 0
vt 0.19361976 0.21576482 0
vt 0.8979592 0.46181446 0
vt 0.4802321 0.41265017 0
vt 0.09029845 0.7135656 0
vt 0.5737052 0.5765331 0
vt 0.2943196 0.5145099 0
vt 0.62540585 0.42385077 0
vt 0.090267606 0.7939731 0
vt 0.6471006 0.638759 0
vt 0.21860854 0.53919864 0
vt 0.69880134 0.48607677 0
vt 0.17299664 0.30349976 0
vt 0.09096756 0.7991279 0
vt 0.56828994 0.43286127 0
vt 0.21354446 0.540095 0
vt 0.19559364 0.21305418 0
vt 0.09094885 0.8776396 0
vt 0.47692508 0.4132393 0
vt 0.13973658 0.5641543 0
vt 0.5768187 0.577804 0
vt 0.85578233 0.17533779 0
vt 0.62851936 0.42512178 0
vt 0.8054422 0.17533779 0
vt 0.64532113 0.63588166 0
vt 0.7040416 0.19257224 0
vt 0.69702184 0.48319936 0
vt 0.7040416 0.1416781 0
vt 0.87453413 0.7799175 0
vt 0.1757608 0.2996121 0
vt 0.87453413 0.72902334 0
vt 0.56357723 0.43364626 0
vt 0.84761906 0.46462536 0
vt 0.19620557 0.21778089 0
vt 0.8979592 0.4646253 0
vt 0.48091435 0.4158932 0
vt 0.09311388 0.7127515 0
vt 0.5751352 0.57328784 0
vt 0.29422438 0.5115584 0
vt 0.6268359 0.42060554 0
vt 0.09308263 0.79479367 0
vt 0.65001535 0.6367726 0
vt 0.21698272 0.5367458 0
vt 0.70171607 0.48409033 0
vt 0.17645906 0.30289054 0
vt 0.09364293 0.8003367 0
vt 0.5662234 0.43573517 0
vt 0.211597 0.5378949 0
vt 0.19836414 0.21521425 0
vt 0.093624555 0.87643874 0
vt 0.47765604 0.416714 0
vt 0.14004895 0.56121784 0
vt 0.57815343 0.57477516 0
vt 0.85578233 0.17254627 0
vt 0.629854 0.4220929 0
vt 0.8054422 0.17254627 0
vt 0.64804155 0.6340276 0
vt 0.7012805 0.19257224 0
vt 0.69974226 0.4813453 0
vt 0.7012805 0.1416781 0
vt 0.8773144 0.7799174 0
vt 0.17894478 0.2988199 0
vt 0.8773144 0.72902334 0
vt 0.56146795 0.43618608 0
vt 0.84761906 0.46743613 0
vt 0.19864415 0.21997213 0
vt 0.8979592 0.46743613 0
vt 0.48181883 0.41908032 0
vt 0.09597879 0.7121371 0
vt 0.5767858 0.57015127 0
vt 0.2939258 0.5086208 0
vt 0.62848645 0.41746902 0
vt 0.09594798 0.79541415 0
vt 0.6527859 0.6345855 0
vt 0.21552984 0.534184 0
vt 0.70448655 0.48190325 0
vt 0.17987044 0.30204177 0
vt 0.096229285 0.80173 0
vt 0.5639634 0.43845642 0
vt 0.20950255 0.5358377 0
vt 0.2009769 0.21756202 0
vt 0.09621087 0.8750526 0
vt 0.47862512 0.42012882 0
vt 0.14056298 0.5583106 0
vt 0.579694 0.57184774 0
vt 0.85578233 0.1697548 0
vt 0.63139457 0.4191655 0
vt 0.8054422 0.1697548 0
vt 0.6506274 0.6319864 0
vt 0.6985194 0.19257224 0
vt 0.7023281 0.47930408 0
vt 0.6985194 0.1416781 0
vt 0.88009465 0.7799174 0
vt 0.18206564 0.29780787 0
vt 0.88009465 0.72902334 0
vt 0.5591885 0.4385711 0
vt 0.84761906 0.47024697 0
vt 0.20092362 0.22232783 0
vt 0.8979592 0.47024697 0
vt 0.48294115 0.4221959 0
vt 0.18321422 0.30095744 0
vt 0.098713756 0.80330074 0
vt 0.5615212 0.44101173 0
vt 0.20727137 0.5339334 0
vt 0.20341922 0.22008586 0
vt 0.09869513 0.8734879 0
vt 0.47982758 0.42346692 0
vt 0.14127615 0.55544674 0
vt 0.09887935 0.71172535 0
vt 0.57864887 0.5671387 0
vt 0.2934254 0.5057113 0
vt 0.6303496 0.41445643 0
vt 0.09884931 0.7958311 0
vt 0.65539867 0.6322085 0
vt 0.214257 0.53152585 0
vt 0.7070994 0.47952628 0
vt 0.5814329 0.569036 0
vt 0.85578233 0.16696328 0
vt 0.63313353 0.41635376 0
vt 0.8054422 0.16696328 0
vt 0.653066 0.62976784 0
vt 0.6957583 0.19257224 0
vt 0.70476663 0.4770856 0
vt 0.6957583 0.1416781 0
vt 0.88287485 0.7799174 0
vt 0.18510813 0.2965812 0
vt 0.88287485 0.72902334 0
vt 0.5567499 0.44078958 0
vt 0.84761906 0.47305787 0
vt 0.20303291 0.22483641 0
vt 0.8979592 0.47305787 0
vt 0.48427585 0.42522478 0
vt 0.18647403 0.29964316 0
vt 0.101084 0.8050413 0
vt 0.5589084 0.44338876 0
vt 0.2049143 0.5321913 0
vt 0.20567913 0.22277361 0
vt 0.10106521 0.8717524 0
vt 0.48125765 0.42671216 0
vt 0.14218499 0.55264014 0
vt 0.88565516 0.7799174 0
vt 0.18805745 0.2951457 0
vt 0.88565516 0.72902334 0
vt 0.55416405 0.44283086 0
vt 0.84761906 0.47586864 0
vt 0.20496166 0.22748566 0
vt 0.8979592 0.47586864 0
vt 0.4858164 0.4281522 0
vt 0.101801224 0.7115185 0
vt 0.5807154 0.5642648 0
vt 0.29272553 0.50284433 0
vt 0.6324161 0.41158253 0
vt 0.101772204 0.79604214 0
vt 0.65784097 0.62965316 0
vt 0.21317044 0.52878445 0
vt 0.7095417 0.4769709 0
vt 0.5833617 0.5663537 0
vt 0.85578233 0.16417187 0
vt 0.6350623 0.41367143 0
vt 0.8054422 0.16417181 0
vt 0.65534544 0.6273829 0
vt 0.6929972 0.19257224 0
vt 0.70704615 0.47470057 0
vt 0.6929972 0.1416781 0
vt 0.18963405 0.29810512 0
vt 0.103328235 0.8069434 0
vt 0.55613786 0.44557583 0
vt 0.20244293 0.53061986 0
vt 0.2077457 0.22561222 0
vt 0.10330954 0.86985445 0
vt 0.48290822 0.42984873 0
vt 0.14328508 0.5499046 0
vt 0.35918367 0.9353508 0
vt 0.88843536 0.7799174 0
vt 0.19089928 0.29350835 0
vt 0.40952381 0.9353508 0
vt 0.88843536 0.72902334 0
vt 0.5514436 0.44468486 0
vt 0.35918367 0.99724895 0
vt 0.84761906 0.47867948 0
vt 0.20670058 0.23026282 0
vt 0.40952381 0.99724895 0
vt 0.8979592 0.47867948 0
vt 0.48755527 0.43096393 0
vt 0.85578233 0.16138041 0
vt 0.5854709 0.5638138 0
vt 0.8054422 0.16138029 0
vt 0.63717157 0.41113162 0
vt 0.69023615 0.19257224 0
vt 0.6574547 0.624843 0
vt 0.69023615 0.1416781 0
vt 0.70915544 0.47216076 0
vt 0.5829753 0.56154346 0
vt 0.10473097 0.7115176 0
vt 0.63467604 0.40886122 0
vt 0.29182953 0.500033 0
vt 0.6601009 0.6269319 0
vt 0.104702234 0.7960465 0
vt 0.7118015 0.4742496 0
vt 0.21227542 0.525973 0
vt 0.35918367 0.9381643 0
vt 0.19361973 0.29167712 0
vt 0.40952381 0.93816435 0
vt 0.5486018 0.44634265 0
vt 0.35918367 0.99443537 0
vt 0.20824112 0.23315418 0
vt 0.40952381 0.9944354 0
vt 0.48948407 0.43364632 0
vt 0.19267885 0.29635078 0
vt 0.10543562 0.808998 0
vt 0.55322313 0.44756228 0
vt 0.19986922 0.52922666 0
vt 0.20960881 0.22858763 0
vt 0.10541724 0.8678032 0
vt 0.4847713 0.43286127 0
vt 0.14457113 0.5472533 0
vt 0.35918367 0.9409779 0
vt 0.19620554 0.289661 0
vt 0.40952381 0.9409779 0
vt 0.54565245 0.4477961 0
vt 0.35918367 0.99162185 0
vt 0.2095758 0.2361458 0
vt 0.40952381 0.99162185 0
vt 0.49159336 0.43618613 0
vt 0.85578233 0.15858889 0
vt 0.5877504 0.56142884 0
vt 0.8054422 0.15858889 0
vt 0.6394511 0.4087466 0
vt 0.687475 0.19257224 0
vt 0.65938354 0.6221607 0
vt 0.687475 0.1416781 0
vt 0.7110842 0.46947843 0
vt 0.1955936 0.29438877 0
vt 0.107395925 0.81119525 0
vt 0.5501783 0.44933844 0
vt 0.1972057 0.52801865 0
vt 0.2112594 0.23168558 0
vt 0.10737802 0.8656088 0
vt 0.4868379 0.43573517 0
vt 0.14603679 0.54469925 0
vt 0.5854177 0.55898815 0
vt 0.107651524 0.711723 0
vt 0.63711834 0.4063059 0
vt 0.29074198 0.49729192 0
vt 0.6621675 0.624058 0
vt 0.107625045 0.79584426 0
vt 0.7138681 0.4713757 0
vt 0.21157631 0.5231054 0
vt 0.35918367 0.9437914 0
vt 0.19864413 0.2874698 0
vt 0.40952381 0.94379145 0
vt 0.54260993 0.4490381 0
vt 0.35918367 0.9888083 0
vt 0.21069814 0.23922306 0
vt 0.40952381 0.9888083 0
vt 0.49387282 0.43857116 0
vt 0.19836411 0.29222858 0
vt 0.109199554 0.81352454 0
vt 0.54701835 0.45089573 0
vt 0.1944654 0.5270016 0
vt 0.21268941 0.23489088 0
vt 0.10918231 0.86328185 0
vt 0.48909783 0.43845648 0
vt 0.14767493 0.54225487 0
vt 0.35918367 0.94660497 0
vt 0.2009236 0.28511417 0
vt 0.40952381 0.946605 0
vt 0.53948915 0.45006263 0
vt 0.35918367 0.9859947 0
vt 0.21160261 0.24237084 0
vt 0.40952381 0.98599476 0
vt 0.4963114 0.44078964 0
vt 0.85578233 0.15579742 0
vt 0.590189 0.5592103 0
vt 0.8054422 0.15579742 0
vt 0.64188963 0.40652806 0
vt 0.6847139 0.19257224 0
vt 0.6611224 0.61934894 0
vt 0.6847139 0.14167821 0
vt 0.7128231 0.4666667 0
vt 0.58803046 0.5566112 0
vt 0.1105509 0.71213347 0
vt 0.63973117 0.40392888 0
vt 0.28946802 0.4946338 0
vt 0.66403055 0.62104535 0
vt 0.110526435 0.79543644 0
vt 0.7157312 0.4683631 0
vt 0.21107666 0.52019536 0
vt 0.2009769 0.28988087 0
vt 0.110837676 0.8159746 0
vt 0.54375845 0.4522264 0
vt 0.19166167 0.5261805 0
vt 0.2138919 0.23818791 0
vt 0.11082135 0.8608336 0
vt 0.4915401 0.44101185 0
vt 0.14947765 0.53993213 0
vt 0.35918367 0.94941854 0
vt 0.20303287 0.2826056 0
vt 0.40952381 0.94941854 0
vt 0.5363051 0.4508648 0
vt 0.35918367 0.9831812 0
vt 0.21228486 0.24557406 0
vt 0.40952381 0.9831812 0
vt 0.49889722 0.44283086 0
vt 0.35918367 0.95223206 0
vt 0.20496166 0.27995622 0
vt 0.40952381 0.9522321 0
vt 0.53307354 0.4514405 0
vt 0.35918367 0.9803676 0
vt 0.21274157 0.2488169 0
vt 0.40952381 0.98036766 0
vt 0.50161767 0.44468492 0
vt 0.2034192 0.28735703 0
vt 0.11230231 0.81853366 0
vt 0.54041475 0.4533242 0
vt 0.18880819 0.52555925 0
vt 0.21486099 0.24156058 0
vt 0.112287074 0.85827607 0
vt 0.49415293 0.44338882 0
vt 0.15143609 0.53774226 0
vt 0.85578233 0.1530059 0
vt 0.59277475 0.5571691 0
vt 0.8054422 0.1530059 0
vt 0.64447546 0.40448684 0
vt 0.6819528 0.19257224 0
vt 0.6626629 0.61642146 0
vt 0.6819528 0.1416781 0
vt 0.71436363 0.46373922 0
vt 0.35918367 0.95504564 0
vt 0.20670058 0.27717918 0
vt 0.40952381 0.95504564 0
vt 0.5298101 0.4517871 0
vt 0.35918367 0.9775541 0
vt 0.21297047 0.2520836 0
vt 0.40952381 0.9775541 0
vt 0.5044595 0.4463427 0
vt 0.590801 0.55442417 0
vt 0.11341477 0.71274686 0
vt 0.64250165 0.40174186 0
vt 0.28801402 0.49207222 0
vt 0.6656811 0.61790884 0
vt 0.11339228 0.7948252 0
vt 0.71738183 0.46522665 0
vt 0.21077874 0.5172572 0
vt 0.35918367 0.95785916 0
vt 0.20824112 0.27428776 0
vt 0.40952381 0.9578592 0
vt 0.5265307 0.4519028 0
vt 0.35918367 0.9747405 0
vt 0.21297047 0.25535834 0
vt 0.40952381 0.97474056 0
vt 0.50740886 0.4477961 0
vt 0.20567913 0.28466922 0
vt 0.1135863 0.8211892 0
vt 0.53700334 0.45418358 0
vt 0.1859188 0.525141 0
vt 0.21559197 0.24499261 0
vt 0.113572404 0.85562164 0
vt 0.49692342 0.44557583 0
vt 0.15354073 0.5356959 0
vt 0.35918367 0.96067274 0
vt 0.2095758 0.27129614 0
vt 0.40952381 0.9606728 0
vt 0.5232512 0.4517871 0
vt 0.35918367 0.9719269 0
vt 0.21274155 0.2586251 0
vt 0.40952381 0.971927 0
vt 0.5104513 0.4490381 0
vt 0.35918367 0.9634863 0
vt 0.21069814 0.26821893 0
vt 0.40952381 0.9634863 0
vt 0.51998776 0.4514405 0
vt 0.35918367 0.9691134 0
vt 0.21228486 0.26186794 0
vt 0.40952381 0.9691134 0
vt 0.51357216 0.4500627 0
vt 0.35918367 0.96629983 0
vt 0.21160261 0.26507103 0
vt 0.40952381 0.9662999 0
vt 0.5167562 0.4508648 0
vt 0.2077457 0.28183073 0
vt 0.11468476 0.8239343 0
vt 0.5335409 0.45480043 0
vt 0.18300754 0.5249276 0
vt 0.21608128 0.24846709 0
vt 0.11467099 0.85288334 0
vt 0.49983817 0.44756228 0
vt 0.15578134 0.5338031 0
vt 0.85578233 0.15021437 0
vt 0.5954952 0.555315 0
vt 0.8054422 0.15021437 0
vt 0.6471959 0.40263277 0
vt 0.67919165 0.19257224 0
vt 0.66399765 0.6133926 0
vt 0.67919165 0.14167821 0
vt 0.71569836 0.46071035 0
vt 0.20960881 0.27885526 0
vt 0.11558885 0.82674456 0
vt 0.5300443 0.45517176 0
vt 0.18008912 0.52492034 0
vt 0.21632653 0.25196713 0
vt 0.11557754 0.8500744 0
vt 0.50288296 0.44933844 0
vt 0.1581469 0.53207314 0
vt 0.5937157 0.55243766 0
vt 0.11622927 0.7135602 0
vt 0.6454164 0.39975542 0
vt 0.2863872 0.48961955 0
vt 0.6671112 0.61466366 0
vt 0.1162095 0.7940132 0
vt 0.71881187 0.46198142 0
vt 0.21068412 0.51430535 0
vt 0.21125937 0.2757573 0
vt 0.11629623 0.8296112 0
vt 0.5265307 0.45529574 0
vt 0.17717688 0.52511895 0
vt 0.21632653 0.25547576 0
vt 0.116287604 0.84720856 0
vt 0.50604296 0.45089573 0
vt 0.16062605 0.53051436 0
vt 0.2126894 0.272552 0
vt 0.116803385 0.8325197 0
vt 0.5230169 0.45517176 0
vt 0.17428544 0.5255227 0
vt 0.21608128 0.25897586 0
vt 0.11679766 0.84429985 0
vt 0.5093028 0.45222646 0
vt 0.16320664 0.5291343 0
vt 0.2138919 0.26925492 0
vt 0.117108166 0.8354576 0
vt 0.5195204 0.45480043 0
vt 0.17142911 0.5261295 0
vt 0.21559195 0.26245034 0
vt 0.11710529 0.8413623 0
vt 0.51264656 0.4533242 0
vt 0.1658762 0.5279397 0
vt 0.21486099 0.26588225 0
vt 0.11720899 0.8384099 0
vt 0.51605797 0.45418358 0
vt 0.16862145 0.5269365 0
vt 0.11718171 0.9230192 0
vt 0.7516464 0.28682536 0
vt 0.0890161 0.55288494 0
vt 0.7662729 0.81085646 0
vt 0.117284276 0.92006946 0
vt 0.75091547 0.2833464 0
vt 0.09176136 0.5518819 0
vt 0.7650704 0.8141987 0
vt 0.11728356 0.92596895 0
vt 0.75213575 0.29034752 0
vt 0.08620844 0.5536916 0
vt 0.767242 0.80743754 0
vt 0.117590815 0.9171339 0
vt 0.74994636 0.27992755 0
vt 0.094430774 0.55068755 0
vt 0.76364034 0.8174479 0
vt 0.11758935 0.9289045 0
vt 0.75238097 0.29389554 0
vt 0.08335192 0.5542983 0
vt 0.7679729 0.8039586 0
vt 0.85578233 0.14742291 0
vt 0.59833705 0.5536573 0
vt 0.8054422 0.14742291 0
vt 0.6500377 0.40097505 0
vt 0.6764306 0.19257224 0
vt 0.66511995 0.61027706 0
vt 0.6764306 0.14167821 0
vt 0.71682066 0.4575948 0
vt 0.118099794 0.91422725 0
vt 0.74874383 0.27658528 0
vt 0.09701134 0.54930776 0
vt 0.76198983 0.82058823 0
vt 0.11809756 0.9318112 0
vt 0.75238097 0.2974522 0
vt 0.08046079 0.5547018 0
vt 0.7684623 0.8004365 0
vt 0.11880873 0.91136336 0
vt 0.7473138 0.27333617 0
vt 0.09949053 0.54774916 0
vt 0.7601267 0.82360446 0
vt 0.11880572 0.93467516 0
vt 0.75213575 0.30100018 0
vt 0.077548325 0.5549003 0
vt 0.7687075 0.79688853 0
vt 0.5967605 0.55066156 0
vt 0.118980676 0.7145697 0
vt 0.6484612 0.39797926 0
vt 0.28459522 0.48728758 0
vt 0.6683137 0.6113255 0
vt 0.11896357 0.7930051 0
vt 0.72001433 0.45864326 0
vt 0.21079324 0.51135385 0
vt 0.11971433 0.90855634 0
vt 0.7456633 0.27019572 0
vt 0.101856224 0.5460194 0
vt 0.75806016 0.82648194 0
vt 0.11971023 0.93748164 0
vt 0.7516464 0.30452228 0
vt 0.074629575 0.55489266 0
vt 0.7687075 0.7933318 0
vt 0.74833894 0.28741515 0
vt 0.90204084 0.19334096 0
vt 0.7630794 0.80980676 0
vt 0.9551018 0.19334096 0
vt 0.7476567 0.28416812 0
vt 0.90204084 0.19627553 0
vt 0.761957 0.8129261 0
vt 0.9551018 0.19627553 0
vt 0.74879557 0.29070246 0
vt 0.90204084 0.19039953 0
vt 0.7639838 0.80661577 0
vt 0.9551018 0.19039953 0
vt 0.7467522 0.28097713 0
vt 0.90204084 0.19918883 0
vt 0.7606224 0.81595874 0
vt 0.9551019 0.19918883 0
vt 0.74902445 0.29401392 0
vt 0.90204084 0.18746555 0
vt 0.7646661 0.80336875 0
vt 0.9551018 0.18746555 0
vt 0.85578233 0.1446315 0
vt 0.6012864 0.5522039 0
vt 0.8054422 0.14463139 0
vt 0.65298706 0.3995216 0
vt 0.67366946 0.19257224 0
vt 0.66602445 0.60709 0
vt 0.67366946 0.14167821 0
vt 0.7177251 0.45440763 0
vt 0.12081204 0.9058199 0
vt 0.74380016 0.2671795 0
vt 0.104096904 0.54412675 0
vt 0.7558002 0.8292065 0
vt 0.120807 0.9402183 0
vt 0.75091547 0.30800122 0
vt 0.0717194 0.55467916 0
vt 0.7684622 0.7897838 0
vt 0.7456299 0.27785778 0
vt 0.90204084 0.20206684 0
vt 0.7590818 0.81888974 0
vt 0.9551019 0.20206684 0
vt 0.74902445 0.29733348 0
vt 0.90204084 0.18455327 0
vt 0.7651228 0.8000815 0
vt 0.9551018 0.18455327 0
vt 0.7442952 0.27482516 0
vt 0.9020409 0.20489538 0
vt 0.75734293 0.82170486 0
vt 0.9551019 0.20489538 0
vt 0.74879557 0.300645 0
vt 0.90204084 0.18167698 0
vt 0.76535165 0.79677 0
vt 0.9551019 0.18167698 0
vt 0.5999205 0.5491042 0
vt 0.12165574 0.7157703 0
vt 0.6516212 0.39642197 0
vt 0.28264692 0.4850877 0
vt 0.66928273 0.60791075 0
vt 0.1216411 0.7918058 0
vt 0.7209835 0.4552285 0
vt 0.21110559 0.5084176 0
vt 0.12209662 0.9031673 0
vt 0.7417336 0.26430213 0
vt 0.1062016 0.54208064 0
vt 0.7533578 0.83176494 0
vt 0.122090824 0.9428718 0
vt 0.74994636 0.31142014 0
vt 0.06883007 0.5542606 0
vt 0.7679729 0.78626174 0
vt 0.7427546 0.27189422 0
vt 0.9020409 0.20766068 0
vt 0.7554141 0.8243905 0
vt 0.9551019 0.20766068 0
vt 0.74833894 0.30393225 0
vt 0.90204084 0.17885053 0
vt 0.76535165 0.7934504 0
vt 0.9551019 0.17885053 0
vt 0.85578233 0.14183998 0
vt 0.6043289 0.55096185 0
vt 0.8054422 0.14183992 0
vt 0.6560296 0.39827955 0
vt 0.6709084 0.19257224 0
vt 0.6667067 0.6038469 0
vt 0.6709084 0.14167821 0
vt 0.7184074 0.4511646 0
vt 0.74101573 0.2690791 0
vt 0.9020409 0.21034938 0
vt 0.7533049 0.82693344 0
vt 0.9551019 0.21034938 0
vt 0.7476567 0.30717927 0
vt 0.9020409 0.17608786 0
vt 0.7651228 0.7901389 0
vt 0.9551019 0.17608786 0
vt 0.123561755 0.9006115 0
vt 0.73947364 0.26157755 0
vt 0.108160056 0.539891 0
vt 0.7507451 0.83414483 0
vt 0.12355487 0.9454281 0
vt 0.74874383 0.31476235 0
vt 0.06597629 0.55363905 0
vt 0.7672419 0.7827828 0
vt 0.60318035 0.5477735 0
vt 0.12424125 0.7171563 0
vt 0.65488106 0.3950913 0
vt 0.28055182 0.48303062 0
vt 0.6700137 0.60443604 0
vt 0.12422898 0.7904211 0
vt 0.72171444 0.45175374 0
vt 0.2116196 0.50551033 0
vt 0.7390869 0.26639342 0
vt 0.9020409 0.21294832 0
vt 0.7510254 0.8293213 0
vt 0.95510197 0.21294832 0
vt 0.7467522 0.31037033 0
vt 0.9020409 0.17340231 0
vt 0.7646661 0.78685164 0
vt 0.9551019 0.17340231 0
vt 0.85578233 0.13904852 0
vt 0.60744977 0.54993725 0
vt 0.8054422 0.13904852 0
vt 0.65915036 0.39725506 0
vt 0.6681473 0.19257224 0
vt 0.6671634 0.60056365 0
vt 0.66814727 0.14167821 0
vt 0.7188641 0.44788134 0
vt 0.12520038 0.89816487 0
vt 0.73703134 0.25901908 0
vt 0.10996277 0.53756833 0
vt 0.74797463 0.8363346 0
vt 0.12519324 0.94787663 0
vt 0.7473138 0.31801152 0
vt 0.06317254 0.55281764 0
vt 0.76627284 0.7793639 0
vt 0.7369777 0.2638505 0
vt 0.902041 0.21544486 0
vt 0.74858683 0.83154255 0
vt 0.95510197 0.21544486 0
vt 0.7456299 0.31348968 0
vt 0.9020409 0.170807 0
vt 0.7639838 0.7836046 0
vt 0.95510197 0.170807 0
vt 0.6065241 0.5466758 0
vt 0.12672468 0.71872085 0
vt 0.6582248 0.3939935 0
vt 0.27832016 0.48112655 0
vt 0.670503 0.6009183 0
vt 0.12671469 0.78885794 0
vt 0.7222038 0.448236 0
vt 0.21233274 0.5026463 0
vt 0.1270045 0.89583945 0
vt 0.7344185 0.25663912 0
vt 0.11160091 0.5351241 0
vt 0.7450599 0.8383235 0
vt 0.12699746 0.95020443 0
vt 0.7456633 0.3211519 0
vt 0.06043339 0.5518008 0
vt 0.7650703 0.77602166 0
vt 0.85578233 0.136257 0
vt 0.61063373 0.5491352 0
vt 0.8054422 0.136257 0
vt 0.6623344 0.3964529 0
vt 0.6653862 0.19257224 0
vt 0.6673923 0.5972561 0
vt 0.6653862 0.1416781 0
vt 0.71909297 0.44457388 0
vt 0.7346982 0.26146257 0
vt 0.902041 0.21782672 0
vt 0.746001 0.83358634 0
vt 0.955102 0.21782672 0
vt 0.7442952 0.31652224 0
vt 0.902041 0.16831458 0
vt 0.7630793 0.7804136 0
vt 0.95510197 0.16831458 0
vt 0.12896535 0.8936464 0
vt 0.731648 0.25444943 0
vt 0.11306659 0.5325702 0
vt 0.74201506 0.8401018 0
vt 0.12895665 0.9523976 0
vt 0.74380016 0.32416815 0
vt 0.057769883 0.55059254 0
vt 0.76364034 0.77277243 0
vt 0.6099355 0.5458164 0
vt 0.12909399 0.72045654 0
vt 0.66163623 0.39313418 0
vt 0.27596286 0.47938448 0
vt 0.6707483 0.59737456 0
vt 0.12908603 0.7871237 0
vt 0.722449 0.44469225 0
vt 0.2132416 0.49983972 0
vt 0.73225963 0.25924134 0
vt 0.9020411 0.22008252 0
vt 0.95238096 0.09490746 0
vt 0.7432806 0.8354426 0
vt 0.90204114 0.09491056 0
vt 0.955102 0.22008252 0
vt 0.7427546 0.31945324 0
vt 0.902041 0.16593713 0
vt 0.761957 0.7772943 0
vt 0.955102 0.16593713 0
vt 0.85578233 0.13346547 0
vt 0.61386526 0.5485594 0
vt 0.8054422 0.13346547 0
vt 0.66556597 0.39587718 0
vt 0.6626251 0.19257224 0
vt 0.6673923 0.5939406 0
vt 0.66262513 0.1416781 0
vt 0.71909297 0.44125837 0
vt 0.72967374 0.25719762 0
vt 0.9523808 0.092090964 0
vt 0.74043876 0.83710235 0
vt 0.902041 0.092094064 0
vt 0.74101573 0.32226837 0
vt 0.41496643 0.16506189 0
vt 0.9020411 0.1636864 0
vt 0.76062226 0.77426165 0
vt 0.414966 0.11416829 0
vt 0.955102 0.1636864 0
vt 0.13107333 0.8915967 0
vt 0.7287333 0.25246054 0
vt 0.114352606 0.529919 0
vt 0.73885506 0.841661 0
vt 0.1310631 0.95444787 0
vt 0.7417336 0.32704556 0
vt 0.055193648 0.5491979 0
vt 0.7619897 0.7696321 0
vt 0.61339796 0.5451995 0
vt 0.13133766 0.7223547 0
vt 0.6650986 0.39251727 0
vt 0.27349138 0.47781312 0
vt 0.6707483 0.59382224 0
vt 0.1313315 0.785227 0
vt 0.722449 0.44113994 0
vt 0.21434179 0.49710387 0
vt 0.65578234 0.09078401 0
vt 0.85578233 0.130674 0
vt 0.61712873 0.5482129 0
vt 0.65578234 0.03988993 0
vt 0.8054422 0.130674 0
vt 0.66882944 0.39553064 0
vt 0.65986395 0.19257224 0
vt 0.7170068 0.09078401 0
vt 0.66716343 0.59063315 0
vt 0.65986395 0.14167821 0
vt 0.7170068 0.03988993 0
vt 0.7188641 0.43795085 0
vt 0.7374894 0.8385576 0
vt 0.90204084 0.089277565 0
vt 0.7390869 0.32495403 0
vt 0.41774422 0.16506189 0
vt 0.7590818 0.77133065 0
vt 0.41774374 0.11416823 0
vt 0.6585653 0.09078401 0
vt 0.62040824 0.54809725 0
vt 0.6585653 0.03988993 0
vt 0.6721089 0.39541495 0
vt 0.71422386 0.09078401 0
vt 0.6667067 0.5873499 0
vt 0.71422386 0.03988993 0
vt 0.7184074 0.4346676 0
vt 0.1333182 0.88970006 0
vt 0.7256885 0.25068223 0
vt 0.1154527 0.52718353 0
vt 0.7355952 0.8429933 0
vt 0.13330649 0.95634526 0
vt 0.73947364 0.32977015 0
vt 0.052722126 0.5476264 0
vt 0.7601266 0.76661587 0
vt 0.6168945 0.5448282 0
vt 0.13344477 0.72440624 0
vt 0.6685952 0.392146 0
vt 0.2709178 0.47642004 0
vt 0.670503 0.5902785 0
vt 0.13344008 0.7831771 0
vt 0.7222038 0.43759626 0
vt 0.21562782 0.49445248 0
vt 0.66134816 0.09078401 0
vt 0.6236876 0.5482129 0
vt 0.66134816 0.03988993 0
vt 0.67538834 0.39553064 0
vt 0.7114409 0.09078401 0
vt 0.6660245 0.5841068 0
vt 0.7114409 0.03988993 0
vt 0.7177251 0.4314245 0
vt 0.72411156 0.2536816 0
vt 0.95238066 0.086461365 0
vt 0.73444694 0.83980113 0
vt 0.90204084 0.08646095 0
vt 0.7369777 0.32749695 0
vt 0.420522 0.16506183 0
vt 0.75734293 0.76851547 0
vt 0.42052156 0.11416823 0
vt 0.62040824 0.54470426 0
vt 0.13540505 0.7266011 0
vt 0.6721089 0.392022 0
vt 0.2682546 0.47521204 0
vt 0.6700137 0.58676076 0
vt 0.13540159 0.7809839 0
vt 0.72171444 0.43407845 0
vt 0.2170936 0.49189812 0
vt 0.13568904 0.8879659 0
vt 0.72252846 0.2491231 0
vt 0.11636147 0.5243771 0
vt 0.73225147 0.84409237 0
vt 0.13567549 0.9580801 0
vt 0.73703134 0.33232862 0
vt 0.050365027 0.5458844 0
vt 0.75806004 0.7637384 0
vt 0.66413116 0.09078401 0
vt 0.62695116 0.5485594 0
vt 0.6641311 0.03988993 0
vt 0.6786518 0.39587718 0
vt 0.70865804 0.09078401 0
vt 0.66512 0.5809197 0
vt 0.70865804 0.03988993 0
vt 0.71682066 0.42823744 0
vt 0.6239219 0.5448282 0
vt 0.1372089 0.7289286 0
vt 0.6756226 0.392146 0
vt 0.26551488 0.47419494 0
vt 0.66928273 0.583286 0
vt 0.13720655 0.778658 0
vt 0.7209835 0.43060374 0
vt 0.21873176 0.48945367 0
vt 0.7211622 0.2522263 0
vt 0.95238066 0.08364475 0
vt 0.7313261 0.8408269 0
vt 0.90204084 0.08364445 0
vt 0.7346982 0.32988483 0
vt 0.4232998 0.16506183 0
vt 0.7554141 0.7658299 0
vt 0.4232993 0.11416823 0
vt 0.66691405 0.09078401 0
vt 0.63018274 0.5491352 0
vt 0.66691405 0.03988993 0
vt 0.68188334 0.39645296 0
vt 0.7058751 0.09078401 0
vt 0.66399765 0.5778041 0
vt 0.7058751 0.03988993 0
vt 0.71569836 0.42512184 0
vt 0.13817424 0.88640267 0
vt 0.7192687 0.2477907 0
vt 0.117074534 0.5215133 0
vt 0.72884005 0.8449528 0
vt 0.13815887 0.95964426 0
vt 0.7344185 0.3347085 0
vt 0.04813369 0.5439801 0
vt 0.75580007 0.76101387 0
vt 0.6274185 0.54519963 0
vt 0.13884753 0.7313774 0
vt 0.67911917 0.39251727 0
vt 0.2627118 0.47337383 0
vt 0.6683137 0.5798713 0
vt 0.13884605 0.77621084 0
vt 0.7200144 0.427189 0
vt 0.22053444 0.48713088 0
vt 0.669697 0.09078401 0
vt 0.6333667 0.54993737 0
vt 0.669697 0.03988993 0
vt 0.6850673 0.39725506 0
vt 0.7030921 0.09078401 0
vt 0.662663 0.5747752 0
vt 0.7030921 0.03988993 0
vt 0.7143637 0.42209297 0
vt 0.7181196 0.25098276 0
vt 0.9523807 0.08082825 0
vt 0.72814214 0.84163 0
vt 0.9020409 0.08082789 0
vt 0.73225963 0.3321061 0
vt 0.42607754 0.16506183 0
vt 0.7533048 0.76328695 0
vt 0.4260771 0.11416823 0
vt 0.6724799 0.09078401 0
vt 0.6364875 0.55096185 0
vt 0.6724799 0.03988993 0
vt 0.6881882 0.3982796 0
vt 0.7003093 0.09078401 0
vt 0.66112244 0.5718478 0
vt 0.7003093 0.03988993 0
vt 0.7128231 0.4191655 0
vt 0.6308809 0.5458164 0
vt 0.140313 0.7339357 0
vt 0.68258154 0.39313418 0
vt 0.25985914 0.47275257 0
vt 0.6671112 0.57653314 0
vt 0.14031205 0.7736545 0
vt 0.71881187 0.4238509 0
vt 0.22249289 0.48494083 0
vt 0.14076173 0.88501793 0
vt 0.71592486 0.24669164 0
vt 0.117588416 0.51860607 0
vt 0.7253777 0.84557045 0
vt 0.14074436 0.96103 0
vt 0.7316481 0.3368982 0
vt 0.04603903 0.54192305 0
vt 0.7533578 0.7584554 0
vt 0.6752628 0.09078401 0
vt 0.63953 0.5522039 0
vt 0.6752628 0.03988993 0
vt 0.6912307 0.3995216 0
vt 0.6975263 0.09078401 0
vt 0.65938354 0.569036 0
vt 0.6975263 0.03988993 0
vt 0.71108425 0.41635376 0
vt 0.6780458 0.09078401 0
vt 0.64247936 0.5536573 0
vt 0.6780458 0.03988993 0
vt 0.69418 0.40097505 0
vt 0.69474334 0.09078401 0
vt 0.6574548 0.56635374 0
vt 0.69474334 0.03988993 0
vt 0.70915544 0.4136715 0
vt 0.6342923 0.5466758 0
vt 0.14159808 0.73659074 0
vt 0.68599296 0.39399356 0
vt 0.25697064 0.4723342 0
vt 0.6656812 0.57328784 0
vt 0.14159761 0.7710012 0
vt 0.71738183 0.4206056 0
vt 0.2245975 0.48289448 0
vt 0.7149989 0.24995703 0
vt 0.9523807 0.07801175 0
vt 0.7249105 0.8422065 0
vt 0.9020409 0.07801139 0
vt 0.7296738 0.33414978 0
vt 0.42885536 0.16506183 0
vt 0.7510253 0.76089907 0
vt 0.42885488 0.11416817 0
vt 0.68082863 0.09078401 0
vt 0.6453212 0.55531514 0
vt 0.68082863 0.03988993 0
vt 0.69702184 0.40263283 0
vt 0.69196045 0.09078401 0
vt 0.6553455 0.5638139 0
vt 0.69196045 0.03988993 0
vt 0.7070462 0.41113162 0
vt 0.68361163 0.09078401 0
vt 0.6480416 0.5571691 0
vt 0.68361163 0.03988993 0
vt 0.69974226 0.40448684 0
vt 0.6891775 0.09078401 0
vt 0.653066 0.5614289 0
vt 0.6891775 0.03988993 0
vt 0.70476675 0.40874666 0
vt 0.6863946 0.09078401 0
vt 0.65062743 0.55921036 0
vt 0.6863946 0.03988993 0
vt 0.70232815 0.40652812 0
vt 0.637636 0.5477736 0
vt 0.14269648 0.7393297 0
vt 0.6893367 0.3950913 0
vt 0.25406054 0.47212088 0
vt 0.6640306 0.5701513 0
vt 0.14269634 0.76826394 0
vt 0.7157313 0.41746902 0
vt 0.22683835 0.48100138 0
vt 0.14343917 0.88381827 0
vt 0.71251345 0.24583119 0
vt 0.117900625 0.5156697 0
vt 0.7218811 0.84594226 0
vt 0.1434195 0.96223056 0
vt 0.7287333 0.3388871 0
vt 0.044091277 0.5397232 0
vt 0.75074506 0.7560755 0
vt 0.6408959 0.54910433 0
vt 0.14360291 0.74213946 0
vt 0.69259655 0.39642203 0
vt 0.25114283 0.47211343 0
vt 0.6621675 0.5671388 0
vt 0.14360346 0.76545626 0
vt 0.7138682 0.4144565 0
vt 0.22920415 0.4792711 0
vt 0.64405584 0.55066156 0
vt 0.1443134 0.7450043 0
vt 0.69575655 0.39797926 0
vt 0.24823168 0.4723128 0
vt 0.66010094 0.5642649 0
vt 0.14431386 0.76259184 0
vt 0.71180165 0.41158253 0
vt 0.23168339 0.47771186 0
vt 0.7118148 0.24915391 0
vt 0.9523807 0.07519519 0
vt 0.7216471 0.84255344 0
vt 0.9020409 0.075194895 0
vt 0.7269533 0.3360061 0
vt 0.4316331 0.16506171 0
vt 0.7485867 0.75867784 0
vt 0.43163267 0.11416817 0
vt 0.6471007 0.5524377 0
vt 0.14482358 0.74791193 0
vt 0.6988014 0.39975548 0
vt 0.2453412 0.47271723 0
vt 0.65784097 0.5615436 0
vt 0.1448239 0.75968456 0
vt 0.7095417 0.40886134 0
vt 0.23426402 0.4763313 0
vt 0.6500154 0.55442417 0
vt 0.1451308 0.750848 0
vt 0.7017161 0.40174192 0
vt 0.24248542 0.47332472 0
vt 0.6553987 0.5589882 0
vt 0.14513096 0.7567487 0
vt 0.7070994 0.40630597 0
vt 0.2369333 0.47513616 0
vt 0.65278596 0.55661124 0
vt 0.14523345 0.7537984 0
vt 0.7044866 0.403929 0
vt 0.23967823 0.47413236 0
vt 0.14619343 0.88280964 0
vt 0.7090511 0.24521357 0
vt 0.14617126 0.96324027 0
vt 0.7256885 0.34066546 0
vt 0.042299896 0.53739125 0
vt 0.7479746 0.7538858 0
vt 0.7085833 0.24857748 0
vt 0.9523807 0.072378695 0
vt 0.7183676 0.8426693 0
vt 0.9020409 0.07237828 0
vt 0.72411156 0.33766592 0
vt 0.43441087 0.16506171 0
vt 0.74600095 0.75663406 0
vt 0.43441045 0.11416817 0
vt 0.14901082 0.8819971 0
vt 0.70555454 0.24484181 0
vt 0.117914975 0.50976664 0
vt 0.7148537 0.84594226 0
vt 0.14898628 0.9640541 0
vt 0.7225285 0.3422246 0
vt 0.040673662 0.53493863 0
vt 0.7450597 0.7518969 0
vt 0.70531976 0.24823046 0
vt 0.9523808 0.06956208 0
vt 0.7150881 0.84255344 0
vt 0.9020409 0.06956178 0
vt 0.7211622 0.3391211 0
vt 0.43718868 0.16506171 0
vt 0.7432805 0.7547778 0
vt 0.43718824 0.11416817 0
vt 0.11761695 0.50682855 0
vt 0.7113571 0.84557045 0
vt 0.15185073 0.9646683 0
vt 0.7192687 0.34355694 0
vt 0.039220475 0.5323772 0
vt 0.74201494 0.7501186 0
vt 0.7020403 0.24811465 0
vt 0.9523808 0.06674558 0
vt 0.71182466 0.8422065 0
vt 0.902041 0.06674528 0
vt 0.71811974 0.34036463 0
vt 0.43996644 0.16506171 0
vt 0.74043864 0.75311804 0
vt 0.439966 0.11416805 0
vt 0.15477917 0.880975 0
vt 0.6985271 0.24484181 0
vt 0.11711714 0.5039188 0
vt 0.70789474 0.8449528 0
vt 0.15475073 0.96507967 0
vt 0.715925 0.34465605 0
vt 0.03794741 0.5297195 0
vt 0.738855 0.7485594 0
vt 0.69876087 0.24823046 0
vt 0.9523808 0.06392908 0
vt 0.7085931 0.84163 0
vt 0.902041 0.06392872 0
vt 0.7149989 0.34139043 0
vt 0.44274423 0.16506165 0
vt 0.7374893 0.75166285 0
vt 0.44274375 0.11416805 0
vt 0.5243941 0.53549397 0
vt 0.5243941 0.53549397 0
vt 0.47899336 0.5355855 0
vt 0.47860545 0.5355873 0
vt 0.15393308 0.9996794 0
vt 0.52516955 0.53549206 0
vt 0.52516955 0.53549206 0
vt 0.47821695 0.5355901 0
vt 0.15415919 0.9993657 0
vt 0.47782794 0.5355954 0
vt 0.15438466 0.9990517 0
vt 0.47743934 0.53560156 0
vt 0.15461318 0.9987362 0
vt 0.47705787 0.53560877 0
vt 0.15483984 0.9984228 0
vt 0.5243936 0.5350999 0
vt 0.47899273 0.53519017 0
vt 0.15506525 0.9981074 0
vt 0.47628468 0.535619 0
vt 0.52439356 0.5349482 0
vt 0.47899225 0.535038 0
vt 0.52478176 0.5349486 0
vt 0.9175891 0.98899585 0
vt 0.4786022 0.53503853 0
vt 0.8709395 0.98899585 0
vt 0.15437591 1 0
vt 0.28435373 0.9903714 0
vt 0.5251701 0.53495085 0
vt 0.62068766 0.94635487 0
vt 0.9179831 0.98900384 0
vt 0.47820884 0.53504074 0
vt 0.8705456 0.98900676 0
vt 0.15528955 0.9977898 0
vt 0.4778137 0.53505695 0
vt 0.477423 0.53507626 0
vt 0.1555123 0.99747 0
vt 0.47703633 0.5350964 0
vt 0.5243935 0.5347056 0
vt 0.91719276 0.98929846 0
vt 0.47899172 0.53479487 0
vt 0.8713416 0.9893007 0
vt 0.15525393 0.99871564 0
vt 0.47665152 0.53511775 0
vt 0.15573548 0.9971501 0
vt 0.4751313 0.53562397 0
vt 0.1554689 0.99838805 0
vt 0.47626695 0.5351396 0
vt 0.15568215 0.9980573 0
vt 0.47588444 0.5351629 0
vt 0.15595032 0.9968234 0
vt 0.47474864 0.53562295 0
vt 0.9171914 0.98968196 0
vt 0.8713425 0.98968405 0
vt 0.9175835 0.9896858 0
vt 0.47860125 0.53449154 0
vt 0.8709491 0.9896872 0
vt 0.2829932 0.9910559 0
vt 0.9179768 0.9896905 0
vt 0.47817189 0.53447914 0
vt 0.87055516 0.9896932 0
vt 0.4755012 0.5351849 0
vt 0.91719085 0.98979694 0
vt 0.8713431 0.98979867 0
vt 0.15616609 0.9964933 0
vt 0.15546837 0.999329 0
vt 0.6216318 0.945464 0
vt 0.47699472 0.53458273 0
vt 0.47511873 0.5352069 0
vt 0.15568341 0.99899626 0
vt 0.62200665 0.9453366 0
vt 0.4766108 0.5346223 0
vt 0.47622997 0.53466237 0
vt 0.47397885 0.5356202 0
vt 0.15631606 0.9979643 0
vt 0.62312925 0.9448793 0
vt 0.9171894 0.9902944 0
vt 0.87134504 0.99029684 0
vt 0.4735946 0.5356164 0
vt 0.91718906 0.9903718 0
vt 0.8713451 0.9903739 0
vt 0.91758007 0.9903732 0
vt 0.4781212 0.53392005 0
vt 0.8705592 0.9903798 0
vt 0.47772032 0.53395927 0
vt 0.8701653 0.99038583 0
vt 0.47732392 0.53401303 0
vt 0.6214754 0.94496125 0
vt 0.476931 0.53406835 0
vt 0.47470093 0.53483486 0
vt 0.15614106 0.9992536 0
vt 0.6218508 0.9448444 0
vt 0.4732061 0.5356134 0
vt 0.15633367 0.99889857 0
vt 0.6222259 0.94471395 0
vt 0.47615975 0.53418565 0
vt 0.4735854 0.535303 0
vt 0.15652291 0.99853873 0
vt 0.622597 0.9445837 0
vt 0.9171887 0.9907924 0
vt 0.87134606 0.9907948 0
vt 0.15676342 0.99816096 0
vt 0.6229675 0.9444528 0
vt 0.15703565 0.99523085 0
vt 0.47282106 0.5356092 0
vt 0.4750201 0.53437567 0
vt 0.15705101 0.9973879 0
vt 0.8713466 0.99106145 0
vt 0.91758007 0.9910601 0
vt 0.2829932 0.9924379 0
vt 0.9179727 0.9910599 0
vt 0.4780224 0.5333382 0
vt 0.8705615 0.9910664 0
vt 0.47281408 0.53535986 0
vt 0.47723335 0.5334832 0
vt 0.4742543 0.5345185 0
vt 0.96734697 0.9917469 0
vt 0.6216994 0.9443559 0
vt 0.47645432 0.5336299 0
vt 0.47316852 0.53504777 0
vt 0.9171886 0.9912892 0
vt 0.8713473 0.9912901 0
vt 0.4756911 0.5337888 0
vt 0.47242913 0.53539073 0
vt 0.4753122 0.5338725 0
vt 0.15746203 0.9946085 0
vt 0.47349435 0.5346738 0
vt 0.96643955 0.9903714 0
vt 0.1575662 0.995917 0
vt 0.47311386 0.53476804 0
vt 0.96598643 0.9917469 0
vt 0.47240382 0.5351765 0
vt 0.47416943 0.5341512 0
vt 0.009532804 0.53588533 0
vt 0.47165868 0.53560483 0
vt 0.11641793 0.5010514 0
vt 0.70448333 0.8440924 0
vt 0.15764664 0.9967449 0
vt 0.4737892 0.5342545 0
vt 0.87134784 0.991749 0
vt 0.87095743 0.99174887 0
vt 0.00952381 0.013755143 0
vt 0.28435373 0.9931224 0
vt 0.62004846 0.9442463 0
vt 0.91797245 0.9917463 0
vt 0.8705663 0.9917535 0
vt 0.008843543 0.015130639 0
vt 0.6204199 0.944131 0
vt 0.9183651 0.9917483 0
vt 0.4775154 0.5328658 0
vt 0.87017274 0.9917574 0
vt 0.9171884 0.9917856 0
vt 0.8713482 0.9917854 0
vt 0.008163266 0.013755143 0
vt 0.62080866 0.94404554 0
vt 0.47712266 0.5329534 0
vt 0.69549745 0.24857748 0
vt 0.9523808 0.061112583 0
vt 0.7054091 0.8408269 0
vt 0.902041 0.061112225 0
vt 0.71181494 0.34219354 0
vt 0.445522 0.16506165 0
vt 0.7344468 0.75041926 0
vt 0.44552156 0.11416805 0
vt 0.47340843 0.5343679 0
vt 0.47634235 0.5331327 0
vt 0.47595868 0.53323054 0
vt 0.47557664 0.53333217 0
vt 0.15771264 0.99844414 0
vt 0.6227125 0.94357765 0
vt 0.15779066 0.9980215 0
vt 0.15793188 0.99484885 0
vt 0.1578644 0.9976121 0
vt 0.9768708 0.9270977 0
vt 0.15799646 0.9968137 0
vt 0.97596335 0.9257221 0
vt 0.47367865 0.5339123 0
vt 0.8004555 0.2755068 0
vt 0.15804431 0.99642414 0
vt 0.97551024 0.9270977 0
vt 0.4732928 0.5340638 0
vt 0.8008309 0.27572358 0
vt 0.1581159 0.99368477 0
vt 0.009993843 0.5352736 0
vt 0.009993843 0.5352736 0
vt 0.47088316 0.5356064 0
vt 0.9171894 0.9922828 0
vt 0.15817925 0.99414206 0
vt 0.47256762 0.534385 0
vt 0.15821752 0.99530274 0
vt 0.9171901 0.9924362 0
vt 0.917581 0.992433 0
vt 0.62030834 0.9435881 0
vt 0.9183674 0.9924246 0
vt 0.47738093 0.5323246 0
vt 0.87017584 0.9924368 0
vt 0.62069714 0.9435157 0
vt 0.15827118 0.99493384 0
vt 0.6210809 0.9434416 0
vt 0.47660157 0.53252804 0
vt 0.5717329 0.9432707 0
vt 0.86938775 0.9924552 0
vt 0.47620758 0.53263247 0
vt 0.5713511 0.9431809 0
vt 0.62222916 0.9432069 0
vt 0.1582256 0.9985109 0
vt 0.62261516 0.9431282 0
vt 0.47505498 0.5329993 0
vt 0.5702124 0.942889 0
vt 0.7986572 0.27510315 0
vt 0.9809524 0.81430537 0
vt 0.15825565 0.99807423 0
vt 0.471501 0.53488016 0
vt 0.4743081 0.5332744 0
vt 0.97959185 0.81522274 0
vt 0.4739336 0.5334234 0
vt 0.7998464 0.2755834 0
vt 0.9809524 0.81568086 0
vt 0.15836596 0.9933989 0
vt 0.010184554 0.5349364 0
vt 0.47314885 0.533774 0
vt 0.80063695 0.2759617 0
vt 0.15839778 0.9934167 0
vt 0.01015844 0.5349103 0
vt 0.15838158 0.9960731 0
vt 0.47279918 0.5339637 0
vt 0.8010259 0.27616566 0
vt 0.15840463 0.99569774 0
vt 0.15843067 0.9934312 0
vt 0.010134888 0.5348819 0
vt 0.47210872 0.534351 0
vt 0.15846446 0.9934414 0
vt 0.010114141 0.53485125 0
vt 0.15849917 0.9934483 0
vt 0.010096395 0.53481877 0
vt 0.9171914 0.9927806 0
vt 0.87134904 0.9927783 0
vt 0.15853438 0.99345183 0
vt 0.0100818295 0.53478473 0
vt 0.15855353 0.99306685 0
vt 0.15855353 0.99306685 0
vt 0.15855353 0.99306685 0
vt 0.15855353 0.99306685 0
vt 0.01044009 0.5346481 0
vt 0.01044009 0.5346481 0
vt 0.01044009 0.5346481 0
vt 0.01044009 0.5346481 0
vt 0.1585698 0.9934519 0
vt 0.0100705465 0.5347495 0
vt 0.1585992 0.9942087 0
vt 0.15860508 0.9934485 0
vt 0.010062683 0.53471327 0
vt 0.15861875 0.9949546 0
vt 0.15863971 0.99344116 0
vt 0.010058316 0.53467643 0
vt 0.15864785 0.99569976 0
vt 0.4723137 0.5339383 0
vt 0.8012712 0.2765836 0
vt 0.15867351 0.9934305 0
vt 0.010057436 0.53463936 0
vt 0.1586611 0.9960775 0
vt 0.15867439 0.9964635 0
vt 0.4729818 0.53349686 0
vt 0.80046487 0.276219 0
vt 0.15868767 0.99685425 0
vt 0.15870619 0.99341655 0
vt 0.01006032 0.534601 0
vt 0.009312945 0.5348416 0
vt 0.4709573 0.53476477 0
vt 0.15873738 0.99339944 0
vt 0.010066794 0.53456426 0
vt 0.15872334 0.9980789 0
vt 0.15874091 0.99851483 0
vt 0.622533 0.9426727 0
vt 0.5703141 0.9424445 0
vt 0.79841346 0.27546775 0
vt 0.6221434 0.94273883 0
vt 0.15876548 0.9933794 0
vt 0.0100766765 0.53452873 0
vt 0.6213744 0.9428662 0
vt 0.6209927 0.9429275 0
vt 0.57184803 0.94275755 0
vt 0.8693908 0.9931088 0
vt 0.57223594 0.9428294 0
vt 0.869785 0.9931136 0
vt 0.6202224 0.94304436 0
vt 0.8701778 0.99311316 0
vt 0.8705685 0.99311566 0
vt 0.61940396 0.94313294 0
vt 0.9175864 0.9931212 0
vt 0.87095857 0.9931188 0
vt 0.009677322 0.5346272 0
vt 0.9171928 0.9931253 0
vt 0.008920921 0.5347564 0
vt 0.47114903 0.5343962 0
vt 0.47215173 0.5337354 0
vt 0.80115277 0.27680242 0
vt 0.61900127 0.94303703 0
vt 0.767347 0.52819806 0
vt 0.91719335 0.9932778 0
vt 0.0013605442 0.61760664 0
vt 0.8713476 0.9932749 0
vt 0.009297245 0.534617 0
vt 0.158984 0.99490416 0
vt 0.1590161 0.99411017 0
vt 0.15903407 0.99450475 0
vt 0.008916728 0.5346085 0
vt 0.4710358 0.5342965 0
vt 0.15920277 0.6995671 0
vt 0.15920277 0.6995671 0
vt 0.28639567 0.4440784 0
vt 0.28639567 0.4440784 0
vt 0.15922578 0.75379884 0
vt 0.23540345 0.4607098 0
vt 0.11599461 0.49963814 0
vt 0.702802 0.8435724 0
vt 0.15913598 0.9653124 0
vt 0.7107876 0.3458559 0
vt 0.73393273 0.74664795 0
vt 0.036388986 0.5255809 0
vt 0.15912361 0.9926512 0
vt 0.15912361 0.9926512 0
vt 0.0106586125 0.5339662 0
vt 0.0106586125 0.5339662 0
vt 0.008926942 0.5344608 0
vt 0.47091386 0.5342076 0
vt 0.57039803 0.9419943 0
vt 0.62207353 0.9422683 0
vt 0.5707832 0.94205755 0
vt 0.1592155 0.99600315 0
vt 0.8006262 0.27690446 0
vt 0.62168795 0.94231796 0
vt 0.62130404 0.9423668 0
vt 0.62092155 0.9424145 0
vt 0.57193786 0.94224006 0
vt 0.7687075 0.5269208 0
vt 0.91719335 0.99377525 0
vt 0.0027210885 0.61888385 0
vt 0.87134594 0.9937736 0
vt 0.6205376 0.94246006 0
vt 0.5723255 0.9422966 0
vt 0.86978245 0.9937817 0
vt 0.6201502 0.94250375 0
vt 0.61975825 0.9425476 0
vt 0.9179957 0.99379283 0
vt 0.15931293 0.99480015 0
vt 0.0085451715 0.53441215 0
vt 0.4711221 0.5338725 0
vt 0.6189709 0.9426011 0
vt 0.767347 0.52682257 0
vt 0.91719335 0.9938094 0
vt 0.9469388 0.45254153 0
vt 0.001377552 0.6189821 0
vt 0.8713444 0.99380887 0
vt 0.15941586 0.9943163 0
vt 0.008990255 0.53417206 0
vt 0.15947013 0.997145 0
vt 0.7993213 0.27655387 0
vt 0.008163266 0.53436065 0
vt 0.47135282 0.5335523 0
vt 0.80136055 0.2775857 0
vt 0.8005387 0.27717477 0
vt 0.15964065 0.99796313 0
vt 0.57006806 0.9414963 0
vt 0.79845476 0.27635348 0
vt 0.80009615 0.2770816 0
vt 0.15973644 0.9983863 0
vt 0.622415 0.94175774 0
vt 0.5704609 0.9415421 0
vt 0.008624304 0.5340519 0
vt 0.6220224 0.9417944 0
vt 0.91719335 0.9942684 0
vt 0.94784594 0.4511692 0
vt 0.8713416 0.9942678 0
vt 0.15971822 0.9966788 0
vt 0.7996514 0.27699292 0
vt 0.62163454 0.9418308 0
vt 0.5712345 0.94163364 0
vt 0.62125105 0.94186825 0
vt 0.57161874 0.9416793 0
vt 0.15974964 0.9958369 0
vt 0.6208693 0.94190353 0
vt 0.15983807 0.9970489 0
vt 0.6204879 0.9419374 0
vt 0.5723892 0.94176453 0
vt 0.57277673 0.94180095 0
vt 0.15983625 0.9949428 0
vt 0.008258034 0.5339324 0
vt 0.8013217 0.2780226 0
vt 0.61971617 0.94199795 0
vt 0.5731703 0.9418346 0
vt 0.8705529 0.9944791 0
vt 0.6189351 0.94204044 0
vt 0.91719335 0.99449795 0
vt 0.94829935 0.4525447 0
vt 0.573961 0.94186604 0
vt 0.8713398 0.9944978 0
vt 0.15996233 0.9974353 0
vt 0.7987633 0.27683026 0
vt 0.15990037 0.99618953 0
vt 0.8000262 0.27739042 0
vt 0.16008593 0.9978346 0
vt 0.5701084 0.9410583 0
vt 0.79832417 0.27675706 0
vt 0.16000244 0.9957186 0
vt 0.8004376 0.27773649 0
vt 0.79957473 0.27733082 0
vt 0.16023253 0.9982421 0
vt 0.62237954 0.94129926 0
vt 0.5705038 0.9410863 0
vt 0.16003376 0.99526113 0
vt 0.80087626 0.2780227 0
vt 0.61892754 0.94182426 0
vt 0.573966 0.94165117 0
vt 0.5708941 0.94111663 0
vt 0.7991235 0.2772745 0
vt 0.799984 0.2777052 0
vt 0.6215975 0.94134474 0
vt 0.57128114 0.94114757 0
vt 0.57166517 0.94117814 0
vt 0.80042493 0.27802277 0
vt 0.16036043 0.997276 0
vt 0.7986746 0.27722156 0
vt 0.5720484 0.94120854 0
vt 0.62045294 0.94141513 0
vt 0.16036431 0.9964 0
vt 0.7995286 0.2776752 0
vt 0.5728167 0.9412631 0
vt 0.16052446 0.9976545 0
vt 0.5701291 0.94061834 0
vt 0.79823005 0.2771725 0
vt 0.6196851 0.94145644 0
vt 0.57320166 0.94128394 0
vt 0.6193018 0.94147164 0
vt 0.5735871 0.9412996 0
vt 0.618919 0.94148725 0
vt 0.5739737 0.94131404 0
vt 0.16045214 0.9958996 0
vt 0.79996985 0.27802277 0
vt 0.6189157 0.9414243 0
vt 0.57397634 0.9412516 0
vt 0.570528 0.94062555 0
vt 0.79779196 0.2771272 0
vt 0.16054758 0.9967461 0
vt 0.7990736 0.27764702 0
vt 0.9523808 0.058296025 0
vt 0.6922659 0.24915391 0
vt 0.902041 0.058295727 0
vt 0.70228827 0.83980113 0
vt 0.4482998 0.16506165 0
vt 0.7085833 0.34276998 0
vt 0.44829932 0.11416799 0
vt 0.731326 0.74939346 0
vt 0.16088216 0.99843234 0
vt 0.6219708 0.9408405 0
vt 0.5709226 0.9406424 0
vt 0.69156814 0.24583119 0
vt 0.16063261 0.880772 0
vt 0.7090511 0.34613413 0
vt 0.16060083 0.9652874 0
vt 0.7986211 0.27762043 0
vt 0.79951316 0.27802294 0
vt 0.6215781 0.9408534 0
vt 0.571311 0.94066024 0
vt 0.62119186 0.9408679 0
vt 0.57169574 0.94067836 0
vt 0.16093032 0.9974431 0
vt 0.79817325 0.27759576 0
vt 0.16087447 0.9965468 0
vt 0.6204248 0.9408953 0
vt 0.5724614 0.94071424 0
vt 0.45714286 0.27372766 0
vt 0.6189093 0.9410298 0
vt 0.5739843 0.9408566 0
vt 0.62004685 0.940908 0
vt 0.5728416 0.9407305 0
vt 0.16114262 0.997803 0
vt 0.62235713 0.9403525 0
vt 0.5705412 0.94016176 0
vt 0.79773206 0.2775731 0
vt 0.57360494 0.9407555 0
vt 0.4585034 0.2734102 0
vt 0.61890495 0.9409395 0
vt 0.5739874 0.9407652 0
vt 0.79860324 0.278023 0
vt 0.16136749 0.998139 0
vt 0.6219565 0.9403537 0
vt 0.5709365 0.9401658 0
vt 0.62156636 0.9403629 0
vt 0.5713252 0.9401716 0
vt 0.16130678 0.9972043 0
vt 0.79815435 0.278023 0
vt 0.62118137 0.9403686 0
vt 0.5717104 0.9401782 0
vt 0.45714286 0.2723521 0
vt 0.61890143 0.9406369 0
vt 0.57399285 0.9404621 0
vt 0.16153175 0.99753195 0
vt 0.5705386 0.93969905 0
vt 0.79771215 0.27802312 0
vt 0.620416 0.940377 0
vt 0.6196576 0.940385 0
vt 0.5732363 0.940207 0
vt 0.16176318 0.99785423 0
vt 0.6219537 0.9398773 0
vt 0.57093626 0.9396862 0
vt 0.79727894 0.27802318 0
vt 0.61927825 0.9403896 0
vt 0.57361615 0.9402138 0
vt 0.61889833 0.9403945 0
vt 0.5739967 0.94021994 0
vt 0.5713234 0.9396815 0
vt 0.6188966 0.9402427 0
vt 0.57399905 0.94006836 0
vt 0.5717106 0.9396768 0
vt 0.6208022 0.93986446 0
vt 0.05170068 0.6478679 0
vt 0.57209575 0.9396739 0
vt 0.620421 0.93985754 0
vt 0.052380957 0.6464924 0
vt 0.5724754 0.9396723 0
vt 0.6200381 0.9398529 0
vt 0.053061225 0.6478665 0
vt 0.5728606 0.93967074 0
vt 0.6196555 0.9398507 0
vt 0.5732412 0.9396716 0
vt 0.61927575 0.93985 0
vt 0.57362163 0.93967324 0
vt 0.61889553 0.9398495 0
vt 0.61889553 0.9398495 0
vt 0.5740023 0.93967515 0
vt 0.9523809 0.055479527 0
vt 0.68908185 0.24995703 0
vt 0.902041 0.05547911 0
vt 0.69924575 0.8385576 0
vt 0.45107755 0.16506153 0
vt 0.70531976 0.34311694 0
vt 0.4510771 0.11416799 0
vt 0.728142 0.7485904 0
vt 0.6881567 0.24669164 0
vt 0.16355579 0.88097954 0
vt 0.69787973 0.841661 0
vt 0.114435844 0.49549943 0
vt 0.70555454 0.34650588 0
vt 0.16352263 0.965083 0
vt 0.72884 0.7452675 0
vt 0.03526683 0.5213004 0
vt 0.9523809 0.05266303 0
vt 0.68596107 0.25098276 0
vt 0.9020411 0.05266261 0
vt 0.69629645 0.8371024 0
vt 0.45385537 0.16506153 0
vt 0.70204043 0.3432328 0
vt 0.4538549 0.11416799 0
vt 0.72491044 0.748014 0
vt 0.68481296 0.2477907 0
vt 0.16645744 0.881392 0
vt 0.6947198 0.84010184 0
vt 0.113162614 0.4928419 0
vt 0.70204085 0.34662998 0
vt 0.16642319 0.9646738 0
vt 0.7253776 0.74465 0
vt 0.034767214 0.518391 0
vt 0.9523809 0.04984641 0
vt 0.68291855 0.2522263 0
vt 0.9020411 0.049846053 0
vt 0.6934546 0.83544266 0
vt 0.45663312 0.16506153 0
vt 0.6987609 0.343117 0
vt 0.45663267 0.11416799 0
vt 0.72164696 0.74766695 0
vt 0.6815532 0.2491231 0
vt 0.1693235 0.8820074 0
vt 0.6916749 0.8383235 0
vt 0.11170918 0.49028063 0
vt 0.6985271 0.34650588 0
vt 0.16928832 0.9640619 0
vt 0.721881 0.7442782 0
vt 0.034469366 0.51545346 0
vt 0.9523809 0.047029912 0
vt 0.6799692 0.2536816 0
vt 0.9020411 0.047029555 0
vt 0.69073415 0.83358634 0
vt 0.45941088 0.16506153 0
vt 0.69549745 0.34276998 0
vt 0.45941043 0.11416787 0
vt 0.7183675 0.7475511 0
vt 0.6783931 0.25068223 0
vt 0.17213982 0.88282275 0
vt 0.68876016 0.83633465 0
vt 0.11008265 0.48782814 0
vt 0.69503057 0.34613413 0
vt 0.1721041 0.9632502 0
vt 0.7183673 0.7441541 0
vt 0.034374792 0.5125021 0
vt 0.17321828 0.75379914 0
vt 0.7175724 0.63989663 0
vt 0.23112881 0.44728726 0
vt 0.7507451 0.9046167 0
vt 0.17332023 0.7508459 0
vt 0.7167328 0.63644767 0
vt 0.23387346 0.44628453 0
vt 0.7533578 0.90699375 0
vt 0.17332025 0.7567524 0
vt 0.7186448 0.64327717 0
vt 0.22832143 0.44809377 0
vt 0.74797463 0.9024297 0
vt 0.17362568 0.74790716 0
vt 0.71613014 0.63294715 0
vt 0.23654209 0.44509053 0
vt 0.7558002 0.90954906 0
vt 0.17362574 0.75969124 0
vt 0.7199449 0.6465728 0
vt 0.22546512 0.44870013 0
vt 0.7450598 0.9004432 0
vt 0.9523809 0.044213355 0
vt 0.67712736 0.25534135 0
vt 0.9020411 0.044213057 0
vt 0.6881484 0.8315426 0
vt 0.4621887 0.16506147 0
vt 0.6922659 0.34219354 0
vt 0.4621882 0.11416787 0
vt 0.71508807 0.747667 0
vt 0.17413324 0.74499714 0
vt 0.71576744 0.6294121 0
vt 0.23912168 0.44371098 0
vt 0.75806016 0.9122703 0
vt 0.1741333 0.76260144 0
vt 0.7214662 0.64976764 0
vt 0.22257368 0.44910353 0
vt 0.74201506 0.89866704 0
vt 0.1748406 0.74213016 0
vt 0.71564627 0.62585974 0
vt 0.24159974 0.44215262 0
vt 0.7601267 0.91514426 0
vt 0.17484067 0.7654686 0
vt 0.72320145 0.652846 0
vt 0.21966138 0.44930184 0
vt 0.73885506 0.8971098 0
vt 0.67534834 0.25246054 0
vt 0.17489275 0.88383394 0
vt 0.6859897 0.8341449 0
vt 0.108290985 0.48549646 0
vt 0.71485364 0.7442782 0
vt 0.03448397 0.5095513 0
vt 0.17574538 0.7393222 0
vt 0.7157673 0.6223074 0
vt 0.24396512 0.4404229 0
vt 0.76198983 0.91815686 0
vt 0.17574446 0.76827896 0
vt 0.7251421 0.6557928 0
vt 0.21674243 0.4492942 0
vt 0.7355952 0.8957791 0
vt 0.7207592 0.63896084 0
vt 0.82244897 0.030261338 0
vt 0.74858683 0.90721554 0
vt 0.82244897 0.08115542 0
vt 0.7199756 0.63574183 0
vt 0.82523185 0.030261338 0
vt 0.7510254 0.9094341 0
vt 0.82523197 0.08115542 0
vt 0.72176015 0.64211595 0
vt 0.819666 0.030261338 0
vt 0.746001 0.9051743 0
vt 0.819666 0.08115542 0
vt 0.71941316 0.63247466 0
vt 0.8280148 0.030261338 0
vt 0.7533049 0.9118191 0
vt 0.8280149 0.08115542 0
vt 0.7229736 0.64519197 0
vt 0.8168831 0.030261338 0
vt 0.7432806 0.9033203 0
vt 0.81688315 0.08115542 0
vt 0.95238096 0.041396856 0
vt 0.67440695 0.25719762 0
vt 0.9020411 0.04139644 0
vt 0.6857097 0.8293214 0
vt 0.46496645 0.16506147 0
vt 0.68908197 0.34139043 0
vt 0.464966 0.11416787 0
vt 0.71182454 0.748014 0
vt 0.17684259 0.7365844 0
vt 0.71613014 0.6187724 0
vt 0.24620545 0.43853056 0
vt 0.76364034 0.9212934 0
vt 0.17684212 0.7710186 0
vt 0.72727865 0.6585938 0
vt 0.21383137 0.44908065 0
vt 0.73225147 0.89468133 0
vt 0.71907455 0.6291753 0
vt 0.8307978 0.030261338 0
vt 0.7554142 0.9143589 0
vt 0.8307978 0.08115542 0
vt 0.7243935 0.64817375 0
vt 0.8141002 0.030261338 0
vt 0.74043876 0.9016625 0
vt 0.8141002 0.08115542 0
vt 0.71896154 0.62585974 0
vt 0.83358073 0.030261338 0
vt 0.75734293 0.91704124 0
vt 0.83358073 0.08115542 0
vt 0.726013 0.6510469 0
vt 0.81131727 0.030261338 0
vt 0.7374894 0.90020907 0
vt 0.81131727 0.08115542 0
vt 0.67243356 0.25444943 0
vt 0.17756896 0.8850361 0
vt 0.68337685 0.83176506 0
vt 0.1063431 0.48329717 0
vt 0.6881568 0.34465605 0
vt 0.17753248 0.9610437 0
vt 0.71135706 0.74465 0
vt 0.03479628 0.5066155 0
vt 0.17812683 0.73393047 0
vt 0.7167328 0.61527187 0
vt 0.24830985 0.43648475 0
vt 0.7650704 0.9245386 0
vt 0.17812654 0.77367437 0
vt 0.7296009 0.66123533 0
vt 0.21094224 0.44866204 0
vt 0.72884005 0.89382195 0
vt 0.71907455 0.62254417 0
vt 0.8363636 0.030261338 0
vt 0.7590819 0.919853 0
vt 0.8363637 0.08115542 0
vt 0.7278242 0.6537972 0
vt 0.8085343 0.030261338 0
vt 0.73444694 0.898967 0
vt 0.8085344 0.08115542 0
vt 0.95238096 0.03858024 0
vt 0.6718212 0.25924134 0
vt 0.90204114 0.03857994 0
vt 0.68343025 0.8269335 0
vt 0.4677442 0.16506147 0
vt 0.68596107 0.34036463 0
vt 0.46774375 0.11416781 0
vt 0.708593 0.74859047 0
vt 0.7194131 0.6192448 0
vt 0.83914655 0.030261338 0
vt 0.7606224 0.9227804 0
vt 0.83914655 0.08115542 0
vt 0.72981846 0.6564115 0
vt 0.8057513 0.030261338 0
vt 0.7313261 0.8979425 0
vt 0.80575144 0.08115542 0
vt 0.17959197 0.7313731 0
vt 0.71757233 0.61182296 0
vt 0.250268 0.43429565 0
vt 0.76627284 0.9278767 0
vt 0.17959155 0.77623343 0
vt 0.73209727 0.6637045 0
vt 0.20808955 0.44804066 0
vt 0.7253777 0.89320505 0
vt 0.6696631 0.25663912 0
vt 0.18015535 0.8864234 0
vt 0.68093455 0.8292065 0
vt 0.104248576 0.48124063 0
vt 0.68481296 0.343557 0
vt 0.18011916 0.9596599 0
vt 0.7078946 0.7452676 0
vt 0.035310265 0.50370896 0
vt 0.7199756 0.61597764 0
vt 0.8419295 0.030261338 0
vt 0.7619571 0.9258093 0
vt 0.8419295 0.08115542 0
vt 0.7319858 0.6588769 0
vt 0.8029685 0.030261338 0
vt 0.72814214 0.8971404 0
vt 0.8029685 0.08115542 0
vt 0.59727794 0.15818429 0
vt 0.95238096 0.03576374 0
vt 0.6693825 0.26146257 0
vt 0.5972789 0.10729116 0
vt 0.90204114 0.035763383 0
vt 0.681321 0.82439053 0
vt 0.47052202 0.16506147 0
vt 0.68291855 0.3391211 0
vt 0.47052157 0.11416781 0
vt 0.70540905 0.7493935 0
vt 0.18123086 0.72892475 0
vt 0.71864474 0.6084423 0
vt 0.25207046 0.43197381 0
vt 0.767242 0.93129146 0
vt 0.18123005 0.77868336 0
vt 0.7347558 0.6659893 0
vt 0.205286 0.4472192 0
vt 0.7218811 0.8928337 0
vt 0.7207592 0.61275864 0
vt 0.84471244 0.030261338 0
vt 0.7630794 0.92892486 0
vt 0.84471244 0.08115542 0
vt 0.7343158 0.66118145 0
vt 0.8001855 0.030261338 0
vt 0.7249105 0.89656466 0
vt 0.8001855 0.08115542 0
vt 0.6670503 0.25901908 0
vt 0.18263935 0.887989 0
vt 0.67867464 0.826482 0
vt 0.10201739 0.47933698 0
vt 0.6815532 0.3422246 0
vt 0.18260376 0.9580976 0
vt 0.7044832 0.7461281 0
vt 0.036023356 0.50084597 0
vt 0.18303552 0.7265974 0
vt 0.7199448 0.6051467 0
vt 0.25370833 0.42953056 0
vt 0.7679729 0.9347662 0
vt 0.18303399 0.7810123 0
vt 0.73756343 0.66807854 0
vt 0.20254588 0.4462018 0
vt 0.71836734 0.89270973 0
vt 0.5945002 0.15818423 0
vt 0.66710305 0.2638505 0
vt 0.59450114 0.10729104 0
vt 0.6793922 0.821705 0
vt 0.47329932 0.11416781 0
vt 0.7022882 0.7504193 0
vt 0.7217601 0.6096035 0
vt 0.8474953 0.030261338 0
vt 0.76398385 0.932112 0
vt 0.84749544 0.08115542 0
vt 0.7367971 0.663314 0
vt 0.79740256 0.030261338 0
vt 0.7216471 0.8962181 0
vt 0.7974027 0.08115542 0
vt 0.18499723 0.7244023 0
vt 0.7214661 0.60195184 0
vt 0.25517374 0.42697787 0
vt 0.7684623 0.938284 0
vt 0.1849948 0.783209 0
vt 0.74050653 0.66996217 0
vt 0.19988212 0.44499332 0
vt 0.71485364 0.8928337 0
vt 0.664608 0.26157755 0
vt 0.1850088 0.88972527 0
vt 0.6766081 0.8236046 0
vt 0.09966037 0.47759545 0
vt 0.6783931 0.34066546 0
vt 0.1849735 0.9563649 0
vt 0.7011395 0.7472271 0
vt 0.03693216 0.49804008 0
vt 0.72297347 0.6065275 0
vt 0.85027826 0.030261338 0
vt 0.76466614 0.93535507 0
vt 0.85027826 0.08115542 0
vt 0.7394175 0.665264 0
vt 0.7946197 0.030261338 0
vt 0.7183676 0.89610237 0
vt 0.7946197 0.08115542 0
vt 0.59172237 0.15818423 0
vt 0.6649938 0.26639342 0
vt 0.5917233 0.10729104 0
vt 0.6776533 0.8188898 0
vt 0.4760742 0.16506153 0
vt 0.6771274 0.3360061 0
vt 0.47607708 0.11416799 0
vt 0.6992457 0.75166285 0
vt 0.72439337 0.60354567 0
vt 0.85306126 0.030261338 0
vt 0.86938775 0.9298487 0
vt 0.7651228 0.9386383 0
vt 0.8190478 0.9298487 0
vt 0.85306126 0.08115542 0
vt 0.74216443 0.667022 0
vt 0.006802781 0.17193949 0
vt 0.79183674 0.030261338 0
vt 0.7150881 0.89621806 0
vt 0.05714274 0.17193949 0
vt 0.79183674 0.08115542 0
vt 0.18710643 0.72235024 0
vt 0.72320133 0.5988736 0
vt 0.2564595 0.4243281 0
vt 0.7687075 0.9418277 0
vt 0.18710262 0.7852625 0
vt 0.74357074 0.67163086 0
vt 0.19730864 0.4436 0
vt 0.7113571 0.89320505 0
vt 0.6623481 0.26430213 0
vt 0.1872522 0.8916238 0
vt 0.67474496 0.82058835 0
vt 0.097189 0.4760245 0
vt 0.6978796 0.7485595 0
vt 0.038031787 0.4953063 0
vt 0.5889446 0.15818417 0
vt 0.663065 0.2690791 0
vt 0.58894557 0.10729098 0
vt 0.6761128 0.8159588 0
vt 0.47885194 0.16506171 0
vt 0.67440695 0.33414984 0
vt 0.4788549 0.11416817 0
vt 0.6962964 0.7531181 0
vt 0.72601295 0.6006726 0
vt 0.86938775 0.9270571 0
vt 0.7653517 0.9419458 0
vt 0.8190478 0.9270571 0
vt 0.7450244 0.66857946 0
vt 0.006802773 0.17472988 0
vt 0.7118247 0.89656466 0
vt 0.057142723 0.17472988 0
vt 0.58616686 0.15818405 0
vt 0.6613261 0.27189422 0
vt 0.5861678 0.10729092 0
vt 0.6747781 0.8129262 0
vt 0.48162976 0.16506189 0
vt 0.5306147 0.15818429 0
vt 0.6718212 0.3321061 0
vt 0.48163265 0.11416829 0
vt 0.53061223 0.10729116 0
vt 0.69345456 0.75477785 0
vt 0.18935284 0.7204512 0
vt 0.725142 0.59592676 0
vt 0.25755936 0.42159414 0
vt 0.7687075 0.94538003 0
vt 0.18934725 0.7871629 0
vt 0.7467412 0.6730766 0
vt 0.19483735 0.44202834 0
vt 0.70789474 0.89382195 0
vt 0.66028154 0.2671795 0
vt 0.1893586 0.8936753 0
vt 0.6730944 0.81744796 0
vt 0.09461536 0.4746318 0
vt 0.6724336 0.3368982 0
vt 0.18932576 0.95242035 0
vt 0.6947197 0.7501186 0
vt 0.03931782 0.49265552 0
vt 0.58338904 0.15818405 0
vt 0.65978557 0.27482516 0
vt 0.58339 0.10729092 0
vt 0.67365575 0.8098068 0
vt 0.5333925 0.15818417 0
vt 0.6693826 0.32988483 0
vt 0.53339005 0.10729098 0
vt 0.69073415 0.7566341 0
vt 0.72782415 0.5979222 0
vt 0.86938775 0.9242655 0
vt 0.7653517 0.9452613 0
vt 0.8190478 0.9242655 0
vt 0.74798346 0.66992885 0
vt 0.006802781 0.1775204 0
vt 0.7085931 0.8971404 0
vt 0.05714274 0.1775204 0
vt 0.6584184 0.27019572 0
vt 0.19131777 0.8958698 0
vt 0.67166436 0.81419873 0
vt 0.09195197 0.47342408 0
vt 0.6696631 0.3347085 0
vt 0.19128661 0.95022815 0
vt 0.6916748 0.751897 0
vt 0.040783037 0.49010283 0
vt 0.1917255 0.71871436 0
vt 0.7272786 0.5931257 0
vt 0.2584679 0.4187895 0
vt 0.7684623 0.94892377 0
vt 0.19171792 0.78890103 0
vt 0.7500023 0.6742924 0
vt 0.19248058 0.44028628 0
vt 0.70448333 0.89468133 0
vt 0.5806113 0.15818399 0
vt 0.6584509 0.27785778 0
vt 0.58061224 0.107290804 0
vt 0.67275125 0.8066158 0
vt 0.53617024 0.15818405 0
vt 0.66710305 0.32749695 0
vt 0.5361678 0.10729092 0
vt 0.6881483 0.7586779 0
vt 0.6567678 0.27333617 0
vt 0.19312009 0.8981965 0
vt 0.67046183 0.8108566 0
vt 0.08921185 0.47240734 0
vt 0.6670503 0.33232868 0
vt 0.19309162 0.9479026 0
vt 0.6887601 0.75388587 0
vt 0.04242256 0.48765725 0
vt 0.7298184 0.59530795 0
vt 0.86938775 0.9214739 0
vt 0.7651228 0.94856876 0
vt 0.8190478 0.9214739 0
vt 0.75102717 0.67106354 0
vt 0.006802773 0.18031079 0
vt 0.7054091 0.8979425 0
vt 0.057142723 0.18031079 0
vt 0.57783353 0.15818399 0
vt 0.65732855 0.28097713 0
vt 0.5778344 0.107290745 0
vt 0.672069 0.8033688 0
vt 0.53894806 0.15818387 0
vt 0.6649938 0.32495403 0
vt 0.5389456 0.107290745 0
vt 0.6857097 0.7608991 0
vt 0.19421281 0.71714824 0
vt 0.7296007 0.5904842 0
vt 0.25918084 0.4159276 0
vt 0.7679729 0.9524416 0
vt 0.1942032 0.7904685 0
vt 0.7533383 0.6752721 0
vt 0.19024949 0.43838197 0
vt 0.7011395 0.895779 0
vt 0.6553378 0.27658528 0
vt 0.19475684 0.9006441 0
vt 0.6694928 0.80743766 0
vt 0.086408325 0.47158635 0
vt 0.664608 0.32977015 0
vt 0.19473071 0.94545674 0
vt 0.68598956 0.75607556 0
vt 0.044226486 0.48533368 0
vt 0.5750557 0.15818387 0
vt 0.65642405 0.28416818 0
vt 0.5750567 0.107290745 0
vt 0.6716123 0.80008155 0
vt 0.5417258 0.15818381 0
vt 0.663065 0.32226843 0
vt 0.5417234 0.107290626 0
vt 0.68343025 0.763287 0
vt 0.73198575 0.5928425 0
vt 0.86938775 0.91868234 0
vt 0.76466614 0.951852 0
vt 0.8190478 0.91868234 0
vt 0.7541408 0.67197794 0
vt 0.006802773 0.18310118 0
vt 0.70228827 0.898967 0
vt 0.057142723 0.18310118 0
vt 0.57227796 0.15818381 0
vt 0.6557418 0.2874152 0
vt 0.5722789 0.107290626 0
vt 0.6713834 0.79677004 0
vt 0.54450357 0.15818363 0
vt 0.66132617 0.31945324 0
vt 0.5445011 0.10729051 0
vt 0.6813209 0.76583 0
vt 0.65413535 0.27992755 0
vt 0.1962201 0.90320086 0
vt 0.6687618 0.80395865 0
vt 0.08355507 0.4709652 0
vt 0.6623481 0.32704556 0
vt 0.19619593 0.9429026 0
vt 0.68337685 0.75845546 0
vt 0.04618489 0.4831444 0
vt 0.19680259 0.71576065 0
vt 0.7320972 0.58801496 0
vt 0.25969458 0.41302246 0
vt 0.767242 0.9559163 0
vt 0.19679058 0.79185754 0
vt 0.7567329 0.67601115 0
vt 0.188155 0.4363246 0
vt 0.69787973 0.8971098 0
vt 0.5695002 0.15818381 0
vt 0.6552852 0.29070246 0
vt 0.5695011 0.107290566 0
vt 0.6713834 0.7934505 0
vt 0.5472814 0.15818357 0
vt 0.65978557 0.31652224 0
vt 0.54727894 0.10729039 0
vt 0.6793922 0.7685156 0
vt 0.5667224 0.15818375 0
vt 0.65505624 0.29401398 0
vt 0.56672335 0.107290566 0
vt 0.6716123 0.79013896 0
vt 0.5500567 0.10729021 0
vt 0.67765325 0.7713307 0
vt 0.65316623 0.2833464 0
vt 0.19750267 0.90585405 0
vt 0.6682725 0.8004366 0
vt 0.08066595 0.47054702 0
vt 0.66028154 0.32416815 0
vt 0.19748141 0.9402506 0
vt 0.68093455 0.7610139 0
vt 0.04828996 0.48109835 0
vt 0.7343157 0.59053797 0
vt 0.86938775 0.91589075 0
vt 0.76398385 0.9550951 0
vt 0.8190478 0.91589075 0
vt 0.757309 0.67266774 0
vt 0.006802768 0.18589157 0
vt 0.6992458 0.90020907 0
vt 0.057142723 0.18589157 0
vt 0.56394464 0.15818363 0
vt 0.65505624 0.29733354 0
vt 0.5639456 0.10729051 0
vt 0.672069 0.7868517 0
vt 0.55283356 0.15818346 0
vt 0.6573286 0.31037033 0
vt 0.55283445 0.10729033 0
vt 0.6761128 0.7742617 0
vt 0.5611669 0.15818363 0
vt 0.6552852 0.300645 0
vt 0.56116784 0.10729039 0
vt 0.67275125 0.7836047 0
vt 0.5556113 0.15818346 0
vt 0.65642405 0.30717927 0
vt 0.55561227 0.10729033 0
vt 0.67477804 0.77729434 0
vt 0.55838907 0.15818357 0
vt 0.6557418 0.30393225 0
vt 0.55839 0.10729039 0
vt 0.67365575 0.78041375 0
vt 0.65243524 0.28682542 0
vt 0.19859841 0.908591 0
vt 0.6680272 0.7968886 0
vt 0.07775501 0.47033364 0
vt 0.6584184 0.3211519 0
vt 0.19857955 0.93751633 0
vt 0.6786746 0.7637385 0
vt 0.050530452 0.4792062 0
vt 0.19948228 0.7145582 0
vt 0.7347557 0.5857302 0
vt 0.26000667 0.4100883 0
vt 0.7662729 0.95933104 0
vt 0.19946763 0.7930613 0
vt 0.76016957 0.6765058 0
vt 0.18620734 0.4341244 0
vt 0.6947197 0.89866704 0
vt 0.65194595 0.29034752 0
vt 0.19950192 0.9113982 0
vt 0.6680272 0.79333186 0
vt 0.0748365 0.47032624 0
vt 0.65676785 0.31801152 0
vt 0.19948639 0.93470967 0
vt 0.676608 0.7666159 0
vt 0.052895986 0.47747678 0
vt 0.6517007 0.29389554 0
vt 0.20020886 0.914262 0
vt 0.6682725 0.7897839 0
vt 0.07192466 0.4705249 0
vt 0.6553378 0.3147624 0
vt 0.20019688 0.9318461 0
vt 0.6747449 0.76963216 0
vt 0.055375025 0.4759184 0
vt 0.736797 0.5884055 0
vt 0.86938775 0.91309917 0
vt 0.7630794 0.95828223 0
vt 0.8190478 0.91309917 0
vt 0.7605166 0.67312944 0
vt 0.006802773 0.18868208 0
vt 0.69629645 0.90166247 0
vt 0.05714274 0.18868208 0
vt 0.6517007 0.2974522 0
vt 0.20071575 0.9171685 0
vt 0.66876173 0.7862618 0
vt 0.06903356 0.47092843 0
vt 0.65413535 0.31142014 0
vt 0.20070739 0.9289395 0
vt 0.67309433 0.77277255 0
vt 0.057955418 0.47453886 0
vt 0.6694928 0.78278285 0
vt 0.066177234 0.4715351 0
vt 0.65316623 0.30800128 0
vt 0.20101562 0.92600423 0
vt 0.67166436 0.7760217 0
vt 0.060624775 0.47334468 0
vt 0.20116892 0.8384596 0
vt 0.33229756 0.3012663 0
vt 0.14296953 0.44638813 0
vt 0.6026161 0.2700088 0
vt 0.65243524 0.30452228 0
vt 0.20111996 0.9230544 0
vt 0.67046183 0.77936393 0
vt 0.063369766 0.47234184 0
vt 0.2012734 0.83550805 0
vt 0.33521232 0.30322838 0
vt 0.1457151 0.44538456 0
vt 0.601647 0.27338147 0
vt 0.20126902 0.8414111 0
vt 0.32952702 0.29910618 0
vt 0.14016137 0.4471956 0
vt 0.60334706 0.2665769 0
vt 0.20158191 0.8325708 0
vt 0.33825713 0.30498266 0
vt 0.14838466 0.4441898 0
vt 0.60044456 0.27667856 0
vt 0.20157309 0.8443482 0
vt 0.32691428 0.29675847 0
vt 0.13730468 0.44780278 0
vt 0.60383636 0.2631024 0
vt 0.20209289 0.8296627 0
vt 0.34141713 0.30652076 0
vt 0.15096466 0.44280982 0
vt 0.59901446 0.27988386 0
vt 0.20207964 0.84725684 0
vt 0.32447198 0.29423463 0
vt 0.13441326 0.44820684 0
vt 0.60408163 0.2596023 0
vt 0.20223883 0.7135469 0
vt 0.7375633 0.58364093 0
vt 0.26011565 0.4071393 0
vt 0.7650704 0.96266913 0
vt 0.2022214 0.7940742 0
vt 0.7636315 0.67675376 0
vt 0.18441609 0.43179208 0
vt 0.6916749 0.9004432 0
vt 0.20280388 0.82679754 0
vt 0.34467694 0.30783504 0
vt 0.15344408 0.44125062 0
vt 0.5973639 0.2829818 0
vt 0.20278625 0.8501227 0
vt 0.32221204 0.29154682 0
vt 0.13150094 0.44840598 0
vt 0.60408163 0.25609368 0
vt 0.73941743 0.58645546 0
vt 0.86938775 0.9103076 0
vt 0.7619571 0.96139777 0
vt 0.8190478 0.9103076 0
vt 0.7637478 0.6733608 0
vt 0.006802768 0.19147247 0
vt 0.6934546 0.90332025 0
vt 0.057142723 0.19147247 0
vt 0.20371042 0.82399046 0
vt 0.34802073 0.3089193 0
vt 0.15580985 0.4395203 0
vt 0.5955008 0.28595728 0
vt 0.20368947 0.8529318 0
vt 0.32014546 0.28870827 0
vt 0.12858199 0.44839907 0
vt 0.60383636 0.25259364 0
vt 0.3342715 0.29855502 0
vt 0.06122449 0.09284729 0
vt 0.5993577 0.26919758 0
vt 0.010884357 0.09284729 0
vt 0.3369919 0.30038625 0
vt 0.06122449 0.09003383 0
vt 0.5984532 0.27234548 0
vt 0.010884357 0.09003371 0
vt 0.3316857 0.29653895 0
vt 0.06122449 0.095660865 0
vt 0.60003996 0.2659945 0
vt 0.010884354 0.095660865 0
vt 0.33983374 0.3020236 0
vt 0.06122449 0.08722025 0
vt 0.5973309 0.2754227 0
vt 0.010884357 0.08722013 0
vt 0.3292471 0.2943477 0
vt 0.06122449 0.09847444 0
vt 0.60049665 0.26275164 0
vt 0.010884354 0.09847438 0
vt 0.20480926 0.82125366 0
vt 0.35143214 0.30976808 0
vt 0.15805525 0.43762332 0
vt 0.5934343 0.28879577 0
vt 0.20478489 0.8556706 0
vt 0.31828237 0.28573287 0
vt 0.1256707 0.44818616 0
vt 0.60334706 0.24911916 0
vt 0.34278306 0.30345917 0
vt 0.06122449 0.084406674 0
vt 0.5959962 0.2784143 0
vt 0.010884354 0.084406674 0
vt 0.32696763 0.29199213 0
vt 0.06122449 0.10128796 0
vt 0.6007256 0.2594849 0
vt 0.010884354 0.10128796 0
vt 0.20505872 0.7127316 0
vt 0.7405064 0.5817573 0
vt 0.260021 0.40418977 0
vt 0.76364034 0.96591437 0
vt 0.20503919 0.7948906 0
vt 0.767102 0.67675376 0
vt 0.18278995 0.42933893 0
vt 0.68876016 0.9024297 0
vt 0.34582558 0.3046859 0
vt 0.06122449 0.081593096 0
vt 0.5944557 0.28130573 0
vt 0.010884354 0.081593096 0
vt 0.32485834 0.28948355 0
vt 0.06122449 0.10410154 0
vt 0.6007256 0.25621015 0
vt 0.010884354 0.10410154 0
vt 0.7421643 0.5846975 0
vt 0.86938775 0.907516 0
vt 0.7606224 0.9644267 0
vt 0.8190478 0.907516 0
vt 0.7669869 0.6733608 0
vt 0.006802768 0.19426286 0
vt 0.6907342 0.90517426 0
vt 0.05714271 0.19426286 0
vt 0.20609495 0.8186011 0
vt 0.35489452 0.31037736 0
vt 0.16015972 0.43557632 0
vt 0.5911743 0.29148358 0
vt 0.20606713 0.8583255 0
vt 0.3166318 0.2826349 0
vt 0.122781195 0.44776845 0
vt 0.60261613 0.24568713 0
vt 0.34894642 0.3056978 0
vt 0.06122449 0.07877958 0
vt 0.5927168 0.28408277 0
vt 0.010884357 0.07877952 0
vt 0.32292953 0.28683418 0
vt 0.06122449 0.10691512 0
vt 0.60049665 0.25294346 0
vt 0.010884354 0.10691506 0
vt 0.3521304 0.30649 0
vt 0.06122449 0.075966 0
vt 0.590788 0.28673208 0
vt 0.010884357 0.075966 0
vt 0.32119066 0.28405708 0
vt 0.06122449 0.109728634 0
vt 0.60003996 0.2497006 0
vt 0.010884354 0.109728634 0
vt 0.20756133 0.8160455 0
vt 0.3583911 0.31074417 0
vt 0.16211806 0.43338573 0
vt 0.588732 0.29400742 0
vt 0.20752998 0.8608837 0
vt 0.31520176 0.2794296 0
vt 0.11992766 0.4471478 0
vt 0.601647 0.24231446 0
vt 0.20792823 0.7121165 0
vt 0.7435706 0.5800885 0
vt 0.2597232 0.40125424 0
vt 0.76198983 0.9690509 0
vt 0.2079076 0.7955074 0
vt 0.77056396 0.6765058 0
vt 0.18133745 0.42677712 0
vt 0.6859897 0.9046167 0
vt 0.74502426 0.5831399 0
vt 0.86938775 0.9047244 0
vt 0.7590818 0.9673541 0
vt 0.8190478 0.9047244 0
vt 0.770218 0.67312944 0
vt 0.006802752 0.19705337 0
vt 0.6881484 0.90721554 0
vt 0.05714271 0.19705337 0
vt 0.355362 0.3070587 0
vt 0.06122449 0.07315242 0
vt 0.5886787 0.28924072 0
vt 0.010884357 0.07315242 0
vt 0.3196501 0.28116572 0
vt 0.06122449 0.11254221 0
vt 0.5993577 0.2464974 0
vt 0.010884354 0.11254221 0
vt 0.2092013 0.81359965 0
vt 0.3619048 0.3108666 0
vt 0.16392067 0.4310621 0
vt 0.58611923 0.29635513 0
vt 0.20916624 0.86333275 0
vt 0.31399927 0.27613252 0
vt 0.117123894 0.44632733 0
vt 0.60044456 0.23901743 0
vt 0.35862547 0.307401 0
vt 0.06122449 0.070338964 0
vt 0.58639926 0.29159635 0
vt 0.010884354 0.070338845 0
vt 0.31831542 0.27817404 0
vt 0.06122449 0.11535579 0
vt 0.5984532 0.24334961 0
vt 0.010884354 0.11535579 0
vt 0.21083352 0.7117044 0
vt 0.74674106 0.5786428 0
vt 0.25922364 0.39834672 0
vt 0.7601267 0.9720635 0
vt 0.21081215 0.7959218 0
vt 0.7740006 0.6760111 0
vt 0.18006521 0.42411876 0
vt 0.68337685 0.9069937 0
vt 0.21100709 0.81127536 0
vt 0.3654185 0.3107441 0
vt 0.16555892 0.42861682 0
vt 0.5833487 0.29851532 0
vt 0.21096797 0.86566067 0
vt 0.31303018 0.2727598 0
vt 0.114383645 0.445311 0
vt 0.59901446 0.23581213 0
vt 0.7479833 0.58179057 0
vt 0.86938775 0.90193284 0
vt 0.75734293 0.97016585 0
vt 0.8190478 0.90193284 0
vt 0.7734256 0.6726677 0
vt 0.00680276 0.19984376 0
vt 0.68570983 0.9094341 0
vt 0.05714271 0.19984376 0
vt 0.36190492 0.30751526 0
vt 0.06122449 0.06752539 0
vt 0.58396065 0.29378754 0
vt 0.010884354 0.06752527 0
vt 0.31719312 0.27509683 0
vt 0.06122449 0.11816937 0
vt 0.5973309 0.24027234 0
vt 0.010884357 0.11816925 0
vt 0.21297012 0.80908394 0
vt 0.36891505 0.31037736 0
vt 0.16702488 0.42606163 0
vt 0.58043396 0.30047733 0
vt 0.21292633 0.8678562 0
vt 0.3122992 0.26932788 0
vt 0.111720204 0.44410378 0
vt 0.5973639 0.23271418 0
vt 0.36518434 0.307401 0
vt 0.06122449 0.06471181 0
vt 0.5813748 0.29580367 0
vt 0.010884354 0.06471181 0
vt 0.31628862 0.271949 0
vt 0.06122449 0.120982826 0
vt 0.5959962 0.23728073 0
vt 0.010884357 0.120982826 0
vt 0.21376021 0.7114974 0
vt 0.75000215 0.5774271 0
vt 0.25852484 0.39548177 0
vt 0.75806016 0.97493744 0
vt 0.21373884 0.79613227 0
vt 0.77739525 0.6752721 0
vt 0.17897943 0.4213767 0
vt 0.68093455 0.90954906 0
vt 0.75102705 0.5806558 0
vt 0.86938775 0.89914125 0
vt 0.7554141 0.9728482 0
vt 0.8190478 0.8991412 0
vt 0.7765939 0.67197794 0
vt 0.006802752 0.20263422 0
vt 0.6834303 0.91181904 0
vt 0.057142723 0.20263422 0
vt 0.3684478 0.3070587 0
vt 0.06122449 0.06189823 0
vt 0.292517 0.11141676 0
vt 0.5786544 0.29763484 0
vt 0.010884354 0.06189823 0
vt 0.29251707 0.16231084 0
vt 0.31560636 0.26874584 0
vt 0.06122449 0.1237964 0
vt 0.91156465 0.561211 0
vt 0.5944557 0.23438936 0
vt 0.010884357 0.1237964 0
vt 0.861225 0.56121045 0
vt 0.21508086 0.8070364 0
vt 0.37237746 0.30976808 0
vt 0.16831148 0.42340916 0
vt 0.5773892 0.30223167 0
vt 0.2150318 0.8699086 0
vt 0.3118099 0.26585346 0
vt 0.10914659 0.44271147 0
vt 0.5955008 0.22973877 0
vt 0.86938775 0.89634967 0
vt 0.7541406 0.5797415 0
vt 0.8190478 0.8963496 0
vt 0.7533049 0.97538805 0
vt 0.006802752 0.2054246 0
vt 0.77970743 0.6710635 0
vt 0.057142694 0.2054246 0
vt 0.681321 0.9143589 0
vt 0.75333816 0.57644725 0
vt 0.21668847 0.7114961 0
vt 0.7558002 0.9776587 0
vt 0.25762933 0.39267242 0
vt 0.78073114 0.6742923 0
vt 0.21667367 0.7961378 0
vt 0.67867464 0.9122703 0
vt 0.17808549 0.41856438 0
vt 0.3716794 0.30649 0
vt 0.29529727 0.11141676 0
vt 0.5758126 0.29927224 0
vt 0.2952973 0.16231084 0
vt 0.31514966 0.265503 0
vt 0.91156465 0.56402445 0
vt 0.5927168 0.2316122 0
vt 0.8612249 0.56402403 0
vt 0.2173293 0.80514276 0
vt 0.37578887 0.3089193 0
vt 0.16941248 0.42067218 0
vt 0.5742291 0.3037697 0
vt 0.21727413 0.87180793 0
vt 0.31156462 0.26235336 0
vt 0.10667533 0.441141 0
vt 0.5934343 0.22690016 0
vt 0.37486342 0.3056978 0
vt 0.2980775 0.11141676 0
vt 0.5728632 0.30070776 0
vt 0.29807752 0.16231084 0
vt 0.31492078 0.26223624 0
vt 0.9115645 0.566838 0
vt 0.590788 0.22896296 0
vt 0.8612249 0.56683755 0
vt 0.86938775 0.893558 0
vt 0.75730884 0.57905173 0
vt 0.8190478 0.893558 0
vt 0.7510254 0.977773 0
vt 0.00680276 0.20821512 0
vt 0.7827512 0.6699288 0
vt 0.05714271 0.20821512 0
vt 0.6793922 0.9170412 0
vt 0.7567328 0.57570827 0
vt 0.21960962 0.7117014 0
vt 0.7533578 0.980214 0
vt 0.25654268 0.38993424 0
vt 0.78399235 0.6730766 0
vt 0.21960223 0.79593885 0
vt 0.6766081 0.9151442 0
vt 0.17738776 0.41569543 0
vt 0.21970463 0.8034127 0
vt 0.37913263 0.30783504 0
vt 0.1703226 0.41786397 0
vt 0.57096934 0.305084 0
vt 0.21964233 0.8735448 0
vt 0.31156462 0.25884473 0
vt 0.104318455 0.4393999 0
vt 0.5911743 0.22421241 0
vt 0.3779842 0.30468583 0
vt 0.30085772 0.11141676 0
vt 0.56982076 0.30193442 0
vt 0.30085778 0.16231084 0
vt 0.31492078 0.2589615 0
vt 0.9115645 0.5696516 0
vt 0.5886787 0.22645438 0
vt 0.8612249 0.5696511 0
vt 0.86938775 0.89076644 0
vt 0.76051646 0.57859 0
vt 0.8190478 0.89076644 0
vt 0.74858683 0.97999156 0
vt 0.006802752 0.21100551 0
vt 0.7857102 0.66857946 0
vt 0.05714271 0.21100551 0
vt 0.6776533 0.919853 0
vt 0.22219527 0.80185515 0
vt 0.38239244 0.30652076 0
vt 0.17103754 0.41499823 0
vt 0.5676256 0.30616832 0
vt 0.22212493 0.8751109 0
vt 0.3118099 0.25534463 0
vt 0.10208744 0.43749672 0
vt 0.588732 0.22168857 0
vt 0.7601694 0.57521355 0
vt 0.22250941 0.7121124 0
vt 0.75074506 0.982591 0
vt 0.25526977 0.38727945 0
vt 0.7871628 0.67163086 0
vt 0.2225106 0.79553664 0
vt 0.67474496 0.9181568 0
vt 0.17688973 0.41278392 0
vt 0.38102672 0.30345917 0
vt 0.30363798 0.11141676 0
vt 0.56669986 0.30294645 0
vt 0.303638 0.16231084 0
vt 0.31514966 0.2556948 0
vt 0.9115645 0.5724652 0
vt 0.58639926 0.22409868 0
vt 0.86122483 0.5724647 0
vt 0.86938775 0.88797486 0
vt 0.76374763 0.57835853 0
vt 0.8190478 0.88797486 0
vt 0.746001 0.9820328 0
vt 0.006802752 0.2137959 0
vt 0.78857017 0.6670219 0
vt 0.05714271 0.2137959 0
vt 0.6761128 0.9227804 0
vt 0.22478937 0.8004776 0
vt 0.38555244 0.3049826 0
vt 0.17155392 0.4120891 0
vt 0.56421417 0.3070171 0
vt 0.22470969 0.8764987 0
vt 0.3122992 0.25187016 0
vt 0.09999317 0.43544066 0
vt 0.58611923 0.2193408 0
vt 0.76363146 0.5749656 0
vt 0.22537373 0.7127273 0
vt 0.7479746 0.98477805 0
vt 0.25381666 0.38472086 0
vt 0.790227 0.66996205 0
vt 0.22538462 0.7949331 0
vt 0.6730944 0.9212933 0
vt 0.17659381 0.40984446 0
vt 0.38397607 0.3020236 0
vt 0.3064182 0.11141676 0
vt 0.56351596 0.30373865 0
vt 0.30641824 0.16231084 0
vt 0.31560636 0.25245196 0
vt 0.9115645 0.57527876 0
vt 0.58396065 0.22190744 0
vt 0.86122483 0.5752782 0
vt 0.86938775 0.8851833 0
vt 0.7669867 0.57835853 0
vt 0.8190478 0.8851833 0
vt 0.7432806 0.98388684 0
vt 0.0068027447 0.21658629 0
vt 0.79131705 0.6652639 0
vt 0.057142694 0.21658629 0
vt 0.6747781 0.92580926 0
vt 0.22747406 0.79928666 0
vt 0.38859722 0.30322826 0
vt 0.17186925 0.40915114 0
vt 0.56075174 0.3076263 0
vt 0.22738418 0.8777012 0
vt 0.31303018 0.24843818 0
vt 0.0980459 0.4332419 0
vt 0.58334875 0.21718073 0
vt 0.7671018 0.5749656 0
vt 0.22818853 0.7135433 0
vt 0.7450598 0.9867645 0
vt 0.25219053 0.38227093 0
vt 0.79317003 0.6680785 0
vt 0.22820985 0.7941308 0
vt 0.67166436 0.9245386 0
vt 0.1765012 0.40689176 0
vt 0.38681787 0.30038625 0
vt 0.30919847 0.11141676 0
vt 0.5602844 0.30430728 0
vt 0.3091985 0.16231084 0
vt 0.31628862 0.24924874 0
vt 0.91156447 0.5780922 0
vt 0.5813749 0.21989137 0
vt 0.86122483 0.5780918 0
vt 0.86938775 0.8823917 0
vt 0.77021796 0.5785899 0
vt 0.8190478 0.8823917 0
vt 0.74043876 0.98554456 0
vt 0.006802752 0.2193768 0
vt 0.7939375 0.66331387 0
vt 0.05714271 0.2193768 0
vt 0.6736558 0.92892486 0
vt 0.23023558 0.79828787 0
vt 0.391512 0.3012663 0
vt 0.17198186 0.40619904 0
vt 0.55725515 0.30799305 0
vt 0.23013528 0.8787128 0
vt 0.31399927 0.24506545 0
vt 0.09625506 0.43091106 0
vt 0.58043396 0.21521866 0
vt 0.7705638 0.57521355 0
vt 0.23094013 0.7145567 0
vt 0.74201506 0.98854065 0
vt 0.25039917 0.37994164 0
vt 0.79597765 0.66598916 0
vt 0.23097177 0.7931331 0
vt 0.67046183 0.9278767 0
vt 0.1766121 0.40394056 0
vt 0.38953832 0.29855502 0
vt 0.31197873 0.11141676 0
vt 0.5570209 0.30464965 0
vt 0.31197873 0.16231084 0
vt 0.3171931 0.24610096 0
vt 0.91156447 0.5809058 0
vt 0.5786544 0.21806014 0
vt 0.8612248 0.5809053 0
vt 0.86938775 0.8796001 0
vt 0.77342546 0.5790516 0
vt 0.8190478 0.8796001 0
vt 0.7374894 0.986998 0
vt 0.0068027447 0.2221672 0
vt 0.7964188 0.6611814 0
vt 0.057142694 0.2221672 0
vt 0.6727513 0.932112 0
vt 0.23305953 0.79748535 0
vt 0.39428252 0.29910618 0
vt 0.17189103 0.40324754 0
vt 0.5537415 0.30811554 0
vt 0.23294963 0.87952846 0
vt 0.31520173 0.24176848 0
vt 0.09462928 0.42845935 0
vt 0.5773892 0.21346438 0
vt 0.77400047 0.57570827 0
vt 0.23361532 0.715763 0
vt 0.738855 0.99009794 0
vt 0.24845129 0.37774426 0
vt 0.79863626 0.6637044 0
vt 0.23365597 0.79194427 0
vt 0.6694928 0.93129146 0
vt 0.17692555 0.40100557 0
vt 0.39212415 0.29653895 0
vt 0.31475893 0.11141676 0
vt 0.5537414 0.3047639 0
vt 0.31475896 0.16231084 0
vt 0.31831542 0.2430237 0
vt 0.91156447 0.5837194 0
vt 0.5758126 0.21642274 0
vt 0.8612248 0.5837189 0
vt 0.86938775 0.8768085 0
vt 0.77659374 0.57974136 0
vt 0.8190478 0.8768085 0
vt 0.73444694 0.98824 0
vt 0.0068027447 0.22495759 0
vt 0.79874873 0.6588768 0
vt 0.05714271 0.22495759 0
vt 0.672069 0.935355 0
vt 0.23593132 0.7968824 0
vt 0.39689526 0.29675847 0
vt 0.17159706 0.40031135 0
vt 0.55022776 0.30799305 0
vt 0.23581354 0.88014424 0
vt 0.31663176 0.23856318 0
vt 0.09317653 0.42589885 0
vt 0.5742291 0.21192634 0
vt 0.77739507 0.57644725 0
vt 0.2362012 0.7171565 0
vt 0.7355952 0.9914287 0
vt 0.24635632 0.37568945 0
vt 0.8011326 0.6612352 0
vt 0.23624901 0.79056966 0
vt 0.6687618 0.9347662 0
vt 0.17743987 0.39810115 0
vt 0.39456272 0.2943477 0
vt 0.3175392 0.11141676 0
vt 0.550462 0.30464965 0
vt 0.31753922 0.16231084 0
vt 0.31965008 0.24003214 0
vt 0.9115644 0.58653295 0
vt 0.5728633 0.21498722 0
vt 0.8612248 0.5865325 0
vt 0.86938775 0.87401694 0
vt 0.7797074 0.5806558 0
vt 0.8190478 0.87401694 0
vt 0.7313261 0.9892646 0
vt 0.006802737 0.2277481 0
vt 0.80091614 0.65641135 0
vt 0.057142675 0.2277481 0
vt 0.6716123 0.9386383 0
vt 0.7807311 0.577427 0
vt 0.23868527 0.7187306 0
vt 0.7322514 0.9925264 0
vt 0.24412446 0.37378705 0
vt 0.80345476 0.65859365 0
vt 0.23873821 0.7890157 0
vt 0.6682725 0.938284 0
vt 0.17815237 0.39524132 0
vt 0.23883665 0.79648113 0
vt 0.3993376 0.2942345 0
vt 0.17110139 0.39740467 0
vt 0.5467313 0.3076263 0
vt 0.23871294 0.8805572 0
vt 0.31828234 0.23546523 0
vt 0.09190394 0.4232421 0
vt 0.57096934 0.21061194 0
vt 0.3968422 0.29199213 0
vt 0.32031944 0.11141676 0
vt 0.54719853 0.30430728 0
vt 0.32031947 0.16231084 0
vt 0.32119066 0.23714072 0
vt 0.9115644 0.58934647 0
vt 0.56982076 0.21376055 0
vt 0.8612248 0.58934605 0
vt 0.86938775 0.87122536 0
vt 0.7827511 0.5817905 0
vt 0.8190478 0.87122536 0
vt 0.72814214 0.99006665 0
vt 0.0068027447 0.23053849 0
vt 0.80291027 0.6537971 0
vt 0.057142694 0.23053849 0
vt 0.6713835 0.9419458 0
vt 0.7839922 0.5786427 0
vt 0.2410557 0.7204778 0
vt 0.72884 0.9933858 0
vt 0.24176657 0.37204653 0
vt 0.8055914 0.65579265 0
vt 0.24111192 0.78728956 0
vt 0.6680272 0.94182765 0
vt 0.17905971 0.39243966 0
vt 0.86938775 0.8684338 0
vt 0.78571016 0.5831399 0
vt 0.8190478 0.8684337 0
vt 0.7249105 0.9906424 0
vt 0.006802737 0.23332894 0
vt 0.80472153 0.65104675 0
vt 0.057142694 0.23332894 0
vt 0.67138344 0.9452613 0
vt 0.24176158 0.7962835 0
vt 0.40159756 0.29154682 0
vt 0.17040657 0.3945415 0
vt 0.5432688 0.3070171 0
vt 0.24163395 0.8807652 0
vt 0.32014546 0.23248976 0
vt 0.09081767 0.4205019 0
vt 0.5676256 0.20952773 0
vt 0.39895144 0.28948343 0
vt 0.32309964 0.11141676 0
vt 0.5439669 0.30373865 0
vt 0.3230997 0.16231084 0
vt 0.32292953 0.23436356 0
vt 0.9115644 0.59216005 0
vt 0.5666999 0.21274859 0
vt 0.86122465 0.59215957 0
vt 0.7871626 0.5800885 0
vt 0.24330075 0.72238946 0
vt 0.7253776 0.99400264 0
vt 0.23929404 0.3704762 0
vt 0.807532 0.6528458 0
vt 0.24335873 0.78540033 0
vt 0.6680272 0.94538003 0
vt 0.18015762 0.38970977 0
vt 0.86938775 0.8656422 0
vt 0.7885701 0.58469737 0
vt 0.8190478 0.8656422 0
vt 0.7216471 0.99098897 0
vt 0.006802737 0.23611933 0
vt 0.8063411 0.64817363 0
vt 0.057142694 0.23611933 0
vt 0.6716123 0.94856876 0
vt 0.3258799 0.11141676 0
vt 0.40088025 0.28683418 0
vt 0.32587996 0.16231084 0
vt 0.5407829 0.30294645 0
vt 0.9115643 0.5949736 0
vt 0.3248583 0.23171431 0
vt 0.86122465 0.59497315 0
vt 0.56351596 0.21195638 0
vt 0.40366405 0.28870827 0
vt 0.24469215 0.79629034 0
vt 0.53985745 0.30616832 0
vt 0.16951601 0.39173555 0
vt 0.322212 0.22965121 0
vt 0.244562 0.88076735 0
vt 0.56421417 0.20867896 0
vt 0.08992302 0.4176919 0
vt 0.86938775 0.86285055 0
vt 0.7913169 0.5864554 0
vt 0.8190478 0.86285055 0
vt 0.7183676 0.99110466 0
vt 0.006802729 0.23890972 0
vt 0.807761 0.64519185 0
vt 0.057142694 0.23890972 0
vt 0.6720691 0.951852 0
vt 0.7902268 0.5817572 0
vt 0.24540943 0.7244563 0
vt 0.7218811 0.994374 0
vt 0.23671909 0.36908376 0
vt 0.8092672 0.6497675 0
vt 0.24546798 0.7833576 0
vt 0.6682725 0.9489237 0
vt 0.18144058 0.38706452 0
vt 0.86938775 0.860059 0
vt 0.79393744 0.5884054 0
vt 0.8190478 0.860059 0
vt 0.7150881 0.99098897 0
vt 0.006802737 0.24170023 0
vt 0.8089743 0.64211583 0
vt 0.057142694 0.24170023 0
vt 0.6727513 0.9550951 0
vt 0.32866016 0.11141676 0
vt 0.40261915 0.28405702 0
vt 0.3286602 0.16231084 0
vt 0.5376621 0.30193442 0
vt 0.9115643 0.59778714 0
vt 0.32696757 0.22920573 0
vt 0.86122465 0.59778666 0
vt 0.5602844 0.21138775 0
vt 0.79317 0.5836408 0
vt 0.24737142 0.726668 0
vt 0.71836734 0.99449795 0
vt 0.23405418 0.3678761 0
vt 0.81078863 0.6465727 0
vt 0.24742985 0.7811703 0
vt 0.6687618 0.9524415 0
vt 0.18290244 0.38451654 0
vt 0.40552717 0.28573275 0
vt 0.24761434 0.79650193 0
vt 0.5365136 0.305084 0
vt 0.16843417 0.38900024 0
vt 0.32447195 0.22696346 0
vt 0.24748309 0.8805635 0
vt 0.5607518 0.20806968 0
vt 0.089224294 0.41482538 0
vt 0.86938775 0.8572674 0
vt 0.7964187 0.5905379 0
vt 0.8190478 0.8572674 0
vt 0.71182466 0.9906424 0
vt 0.006802729 0.24449062 0
vt 0.8099753 0.6389607 0
vt 0.057142675 0.24449062 0
vt 0.6736558 0.9582822 0
vt 0.7959776 0.58573014 0
vt 0.24917701 0.72901344 0
vt 0.71485364 0.994374 0
vt 0.23131245 0.36685914 0
vt 0.8120886 0.64327705 0
vt 0.24923499 0.7788502 0
vt 0.6694928 0.9559162 0
vt 0.18453614 0.3820783 0
vt 0.86938775 0.85447586 0
vt 0.7987487 0.59284246 0
vt 0.8190478 0.8544758 0
vt 0.7085931 0.99006665 0
vt 0.006802729 0.24728101 0
vt 0.8107589 0.6357417 0
vt 0.057142694 0.24728101 0
vt 0.6747781 0.96139777 0
vt 0.33144042 0.11141676 0
vt 0.4041597 0.2811656 0
vt 0.33144042 0.16231084 0
vt 0.5346196 0.30070776 0
vt 0.9115643 0.6006007 0
vt 0.32924706 0.22685003 0
vt 0.8612246 0.60060024 0
vt 0.5570209 0.21104544 0
vt 0.40717778 0.28263485 0
vt 0.25051406 0.79691744 0
vt 0.53325385 0.3037697 0
vt 0.16716637 0.3863486 0
vt 0.32691428 0.22443962 0
vt 0.25038302 0.88015485 0
vt 0.5572552 0.20770288 0
vt 0.0887249 0.41191632 0
vt 0.7986361 0.58801496 0
vt 0.25081718 0.7314811 0
vt 0.71135706 0.99400264 0
vt 0.22850713 0.36603785 0
vt 0.813161 0.6398965 0
vt 0.2508747 0.77640873 0
vt 0.67046183 0.959331 0
vt 0.18633471 0.37976092 0
vt 0.86938775 0.8516842 0
vt 0.800916 0.5953078 0
vt 0.8190478 0.8516842 0
vt 0.7054091 0.9892646 0
vt 0.006802737 0.25007153 0
vt 0.8113213 0.63247454 0
vt 0.057142694 0.25007153 0
vt 0.6761128 0.96442664 0
vt 0.86938775 0.8488926 0
vt 0.80291027 0.59792215 0
vt 0.8190478 0.8488926 0
vt 0.70228827 0.98824 0
vt 0.006802737 0.25286192 0
vt 0.81166 0.6291752 0
vt 0.057142694 0.25286192 0
vt 0.6776533 0.9673541 0
vt 0.8011325 0.5904841 0
vt 0.25228366 0.7340586 0
vt 0.7078946 0.9933858 0
vt 0.22565219 0.3654163 0
vt 0.81400067 0.63644755 0
vt 0.25234106 0.7738579 0
vt 0.67166436 0.96266913 0
vt 0.18828902 0.3775757 0
vt 0.33422062 0.11141676 0
vt 0.40549436 0.27817404 0
vt 0.33422062 0.16231084 0
vt 0.5316703 0.29927224 0
vt 0.9115643 0.6034143 0
vt 0.33168563 0.2246589 0
vt 0.8612246 0.6034138 0
vt 0.55374146 0.21093112 0
vt 0.86938775 0.84610105 0
vt 0.8047215 0.6006725 0
vt 0.8190478 0.84610105 0
vt 0.69924575 0.986998 0
vt 0.006802729 0.2556523 0
vt 0.811773 0.6258596 0
vt 0.057142694 0.2556523 0
vt 0.6793922 0.97016585 0
vt 0.40860778 0.2794295 0
vt 0.2533775 0.797535 0
vt 0.53009385 0.30223155 0
vt 0.16571869 0.3837934 0
vt 0.32952702 0.2220918 0
vt 0.25324678 0.87954336 0
vt 0.86938775 0.84330946 0
vt 0.80634105 0.6035456 0
vt 0.8190478 0.84330946 0
vt 0.69629645 0.98554456 0
vt 0.006802729 0.25844276 0
vt 0.8116599 0.62254405 0
vt 0.057142675 0.25844276 0
vt 0.681321 0.9728482 0
vt 0.70448333 0.9925264 0
vt 0.22276115 0.36499757 0
vt 0.81460327 0.632947 0
vt 0.25362712 0.77121025 0
vt 0.67309433 0.96591437 0
vt 0.19038886 0.37553406 0
vt 0.86938775 0.8405179 0
vt 0.80776095 0.6065274 0
vt 0.8190478 0.8405179 0
vt 0.6934546 0.9838868 0
vt 0.006802729 0.2612332 0
vt 0.8113213 0.6192447 0
vt 0.057142675 0.2612332 0
vt 0.6834303 0.975388 0
vt 0.057142857 0.2696011 0
vt 0.81904763 0.8377263 0
vt 0.69073415 0.9820328 0
vt 0.006802729 0.26402366 0
vt 0.8107589 0.6159775 0
vt 0.057142694 0.26402366 0
vt 0.68570983 0.977773 0
vt 0.25439033 0.6998737 0
vt 0.25439033 0.6998737 0
vt 0.25439033 0.6998737 0
vt 0.25439033 0.6998737 0
vt 0.25702962 0.3530109 0
vt 0.25702962 0.3530109 0
vt 0.25702962 0.3530109 0
vt 0.25702962 0.3530109 0
vt 0.25439724 0.69949144 0
vt 0.2577474 0.3527754 0
vt 0.25440675 0.69872797 0
vt 0.25442258 0.69796807 0
vt 0.25882578 0.3524189 0
vt 0.2544436 0.6972054 0
vt 0.2599035 0.3520602 0
vt 0.2544753 0.6960479 0
vt 0.26062283 0.35181773 0
vt 0.26134363 0.35157275 0
vt 0.2544943 0.6948787 0
vt 0.50705534 0.98654604 0
vt 0.26170558 0.3514468 0
vt 0.5062901 0.98654324 0
vt 0.2624273 0.35119957 0
vt 0.2631547 0.3509525 0
vt 0.4562781 0.98657423 0
vt 0.50514394 0.98653656 0
vt 0.5043823 0.9865292 0
vt 0.45742735 0.986557 0
vt 0.503623 0.98652375 0
vt 0.45818818 0.98654485 0
vt 0.5032414 0.98652196 0
vt 0.5032414 0.98652196 0
vt 0.5032414 0.98652196 0
vt 0.45857024 0.98653966 0
vt 0.25443316 0.6994922 0
vt 0.2573755 0.3528561 0
vt 0.006802721 0.26681405 0
vt 0.86938775 0.8349381 0
vt 0.8099752 0.6127585 0
vt 0.25446874 0.6994966 0
vt 0.25735956 0.35282266 0
vt 0.2545037 0.6995043 0
vt 0.25734055 0.352791 0
vt 0.25453773 0.69951534 0
vt 0.2573189 0.35276175 0
vt 0.25457045 0.6995296 0
vt 0.2572945 0.35273468 0
vt 0.2546017 0.6995469 0
vt 0.2572676 0.35271007 0
vt 0.25463066 0.69956857 0
vt 0.25723854 0.35268825 0
vt 0.25465745 0.6995928 0
vt 0.25720745 0.3526693 0
vt 0.25468177 0.69961965 0
vt 0.25717476 0.3526535 0
vt 0.25835133 0.35227007 0
vt 0.25470346 0.6996486 0
vt 0.25714058 0.35264105 0
vt 0.80559134 0.59592664 0
vt 0.2546747 0.7394861 0
vt 0.7011395 0.9914287 0
vt 0.21984899 0.36478359 0
vt 0.814966 0.629412 0
vt 0.2547266 0.76847863 0
vt 0.6747449 0.9690509 0
vt 0.19262405 0.37364578 0
vt 0.25796437 0.35236055 0
vt 0.25472122 0.6996796 0
vt 0.2571054 0.352632 0
vt 0.25473598 0.6997123 0
vt 0.2570699 0.3526268 0
vt 0.2547475 0.69974613 0
vt 0.503243 0.9869157 0
vt 0.503243 0.9869157 0
vt 0.50706613 0.986977 0
vt 0.26155654 0.35105222 0
vt 0.25485414 0.6976393 0
vt 0.2619092 0.3509035 0
vt 0.50591415 0.98703396 0
vt 0.26298362 0.35046852 0
vt 0.45627633 0.98710024 0
vt 0.5051455 0.9870543 0
vt 0.50438106 0.9870643 0
vt 0.45743757 0.9870929 0
vt 0.504002 0.98706484 0
vt 0.4578158 0.9870893 0
vt 0.4585717 0.9870822 0
vt 0.4585717 0.9870822 0
vt 0.25496984 0.69846714 0
vt 0.2581892 0.35202843 0
vt 0.26002014 0.35136276 0
vt 0.25516605 0.696124 0
vt 0.25703564 0.3522401 0
vt 0.26069796 0.35101002 0
vt 0.25518194 0.6990526 0
vt 0.2575645 0.35199577 0
vt 0.2553071 0.6953374 0
vt 0.507483 0.9873642 0
vt 0.25528598 0.6969616 0
vt 0.25877938 0.35154253 0
vt 0.26207605 0.35032225 0
vt 0.33700088 0.11141676 0
vt 0.4066167 0.27509683 0
vt 0.33700088 0.16231084 0
vt 0.52882844 0.29763484 0
vt 0.91156423 0.6062278 0
vt 0.33427146 0.22264272 0
vt 0.8612246 0.6062273 0
vt 0.550462 0.21104544 0
vt 0.3951385 0.88815993 0
vt 0.5059424 0.98753065 0
vt 0.26242986 0.3501538 0
vt 0.45588425 0.9876295 0
vt 0.25715205 0.3518663 0
vt 0.50477344 0.98759466 0
vt 0.457059 0.98762786 0
vt 0.4574407 0.98762727 0
vt 0.25546524 0.69950753 0
vt 0.50362575 0.9876091 0
vt 0.2580831 0.35141128 0
vt 0.5032463 0.9877033 0
vt 0.5032463 0.9877033 0
vt 0.26084787 0.35048157 0
vt 0.807532 0.59887344 0
vt 0.25558677 0.742314 0
vt 0.69787973 0.99009794 0
vt 0.21692917 0.3647756 0
vt 0.676608 0.9720635 0
vt 0.19498402 0.37191975 0
vt 0.2596865 0.35083002 0
vt 0.25563532 0.6979693 0
vt 0.26118153 0.3502884 0
vt 0.25593686 0.6946355 0
vt 0.3960808 0.8883437 0
vt 0.50677294 0.98789656 0
vt 0.25919822 0.35084718 0
vt 0.25873423 0.3509351 0
vt 0.25582567 0.69864166 0
vt 0.25582048 0.6993833 0
vt 0.39514562 0.8873702 0
vt 0.5055859 0.9880724 0
vt 0.26253724 0.34951103 0
vt 0.45627403 0.98816 0
vt 0.25612876 0.6955619 0
vt 0.39700294 0.88858324 0
vt 0.39455783 0.8866994 0
vt 0.5047927 0.9881367 0
vt 0.4570592 0.98815995 0
vt 0.2560563 0.6973275 0
vt 0.45819646 0.9881659 0
vt 0.50324935 0.9881585 0
vt 0.50324935 0.9881585 0
vt 0.25617978 0.69647074 0
vt 0.25791642 0.35086453 0
vt 0.41088435 0.8133862 0
vt 0.25926274 0.35034972 0
vt 0.25636917 0.6961028 0
vt 0.39758646 0.8885615 0
vt 0.26008153 0.3500626 0
vt 0.2562324 0.69796586 0
vt 0.26161203 0.349491 0
vt 0.40981027 0.27613252 0
vt 0.2561908 0.7983519 0
vt 0.52704906 0.30047727 0
vt 0.16409841 0.38134706 0
vt 0.33229753 0.21993172 0
vt 0.25606203 0.87873185 0
vt 0.5502278 0.20770288 0
vt 0.088332966 0.40602833 0
vt 0.26038992 0.34980333 0
vt 0.4091973 0.81568086 0
vt 0.45857045 0.9885009 0
vt 0.45857045 0.9885009 0
vt 0.8092672 0.6019517 0
vt 0.2563024 0.7451972 0
vt 0.6947197 0.98854065 0
vt 0.21401593 0.36497355 0
vt 0.814966 0.6223073 0
vt 0.25634518 0.7628156 0
vt 0.6786746 0.9749374 0
vt 0.19746281 0.37036234 0
vt 0.2574867 0.35074323 0
vt 0.4562765 0.9886851 0
vt 0.50402117 0.9886932 0
vt 0.25653332 0.69913614 0
vt 0.39672884 0.8875293 0
vt 0.25875172 0.34994227 0
vt 0.40993103 0.81402063 0
vt 0.5032557 0.9888885 0
vt 0.5032557 0.9888885 0
vt 0.26166505 0.3488618 0
vt 0.45587865 0.98919463 0
vt 0.3973522 0.88751537 0
vt 0.3958732 0.8864559 0
vt 0.40952381 0.03301239 0
vt 0.25953248 0.34951347 0
vt 0.40929836 0.8147848 0
vt 0.8107885 0.6051465 0
vt 0.25681832 0.7481208 0
vt 0.6916749 0.9867645 0
vt 0.21112368 0.36537653 0
vt 0.81460327 0.61877227 0
vt 0.25684777 0.7599143 0
vt 0.68093455 0.9776586 0
vt 0.20004319 0.36898363 0
vt 0.25704437 0.350317 0
vt 0.39559463 0.88609666 0
vt 0.41020408 0.031636834 0
vt 0.25698975 0.6976463 0
vt 0.2570578 0.69711876 0
vt 0.39708266 0.88714516 0
vt 0.3953216 0.8857395 0
vt 0.3953216 0.8857395 0
vt 0.41088435 0.03301239 0
vt 0.50480855 0.9892232 0
vt 0.45704806 0.98922414 0
vt 0.45742828 0.9892329 0
vt 0.3979495 0.8875555 0
vt 0.4578057 0.9892418 0
vt 0.5036425 0.98924834 0
vt 0.45818532 0.9892506 0
vt 0.40973154 0.8134476 0
vt 0.25735486 0.69683003 0
vt 0.39850926 0.88765216 0
vt 0.2592247 0.34927315 0
vt 0.40919667 0.8144082 0
vt 0.39654046 0.886398 0
vt 0.8120886 0.6084422 0
vt 0.2571322 0.75106925 0
vt 0.68876016 0.98477805 0
vt 0.2082664 0.3659824 0
vt 0.81400055 0.6152717 0
vt 0.25714704 0.7569804 0
vt 0.68337685 0.980214 0
vt 0.20271263 0.3677904 0
vt 0.25725275 0.6988797 0
vt 0.25704432 0.34992397 0
vt 0.41000956 0.8125476 0
vt 0.25734332 0.6981789 0
vt 0.3962704 0.8860246 0
vt 0.813161 0.6118228 0
vt 0.25724193 0.75402737 0
vt 0.68598956 0.982591 0
vt 0.20545812 0.3667884 0
vt 0.39745194 0.8867812 0
vt 0.25889537 0.34906393 0
vt 0.40911433 0.81398124 0
vt 0.25748906 0.69846094 0
vt 0.40964472 0.8128472 0
vt 0.39573863 0.88528675 0
vt 0.5048145 0.9897686 0
vt 0.4570381 0.9897543 0
vt 0.39719787 0.8863915 0
vt 0.25704393 0.3495342 0
vt 0.40963563 0.81254363 0
vt 0.5036492 0.989801 0
vt 0.50326276 0.989803 0
vt 0.50326276 0.989803 0
vt 0.45856038 0.98980415 0
vt 0.45856038 0.98980415 0
vt 0.26103592 0.34808397 0
vt 0.40735805 0.8153089 0
vt 0.4558357 0.9901999 0
vt 0.25794473 0.69689274 0
vt 0.39863947 0.8869705 0
vt 0.4086777 0.81411403 0
vt 0.39783335 0.8864409 0
vt 0.39668506 0.885616 0
vt 0.5055961 0.9902917 0
vt 0.25784233 0.69830465 0
vt 0.50326526 0.99007803 0
vt 0.50326526 0.99007803 0
vt 0.45855257 0.9900783 0
vt 0.45855257 0.9900783 0
vt 0.25828803 0.69666463 0
vt 0.39843524 0.88654894 0
vt 0.2580338 0.6977985 0
vt 0.26041257 0.34800547 0
vt 0.4076203 0.8147731 0
vt 0.4092617 0.8125404 0
vt 0.45701045 0.9902872 0
vt 0.39592198 0.8844896 0
vt 0.50442797 0.9903499 0
vt 0.45739597 0.99030775 0
vt 0.39735636 0.88563263 0
vt 0.40725082 0.8148494 0
vt 0.45578742 0.9907095 0
vt 0.504039 0.99035007 0
vt 0.45777833 0.9903245 0
vt 0.40889898 0.8128977 0
vt 0.50365114 0.9903514 0
vt 0.45816174 0.99033934 0
vt 0.4585453 0.99035305 0
vt 0.4585453 0.99035305 0
vt 0.3397811 0.11141676 0
vt 0.4075212 0.271949 0
vt 0.33978114 0.16231084 0
vt 0.526108 0.29580367 0
vt 0.91156423 0.6090414 0
vt 0.3369919 0.22081149 0
vt 0.8612246 0.60904086 0
vt 0.54719853 0.21138775 0
vt 0.30068028 0.015130639 0
vt 0.4082178 0.8137681 0
vt 0.39711326 0.88523394 0
vt 0.45618454 0.9907503 0
vt 0.5032671 0.99047506 0
vt 0.26666668 0.28471458 0
vt 0.5032671 0.99047506 0
vt 0.45854032 0.99047565 0
vt 0.45854032 0.99047565 0
vt 0.8176871 0.9766162 0
vt 0.25833613 0.69850534 0
vt 0.39686856 0.8848413 0
vt 0.45657736 0.99079055 0
vt 0.25855803 0.69799626 0
vt 0.408526 0.8129246 0
vt 0.2588828 0.6968436 0
vt 0.39861804 0.8858435 0
vt 0.29931974 0.015818417 0
vt 0.40784183 0.81382364 0
vt 0.39662346 0.8844567 0
vt 0.5048085 0.9908965 0
vt 0.45697358 0.9908259 0
vt 0.40818495 0.8133667 0
vt 0.45736766 0.99085355 0
vt 0.5040327 0.99089897 0
vt 0.4085142 0.81253684 0
vt 0.5032675 0.9908726 0
vt 0.26540327 0.28335625 0
vt 0.45853359 0.990874 0
vt 0.81904763 0.97533894 0
vt 0.50326794 0.99090105 0
vt 0.26530612 0.28473175 0
vt 0.50326794 0.99090105 0
vt 0.50326794 0.99090105 0
vt 0.6176871 0.69325995 0
vt 0.45852688 0.99090326 0
vt 0.45852688 0.99090326 0
vt 0.8176871 0.9752407 0
vt 0.25972068 0.69582194 0
vt 0.397551 0.8848819 0
vt 0.30068028 0.016506195 0
vt 0.40747756 0.8138774 0
vt 0.25891763 0.6978462 0
vt 0.25909415 0.6972655 0
vt 0.35836604 0.8142801 0
vt 0.39731827 0.88447964 0
vt 0.5051953 0.9914284 0
vt 0.21120678 0.056396127 0
vt 0.40605244 0.8145587 0
vt 0.45692688 0.9913775 0
vt 0.5032708 0.9912666 0
vt 0.5032708 0.9912666 0
vt 0.45851701 0.991271 0
vt 0.45851701 0.991271 0
vt 0.2122449 0.056518376 0
vt 0.4573345 0.9914114 0
vt 0.35805082 0.8137477 0
vt 0.3979942 0.8845632 0
vt 0.4577306 0.9914259 0
vt 0.5036559 0.99144524 0
vt 0.61904764 0.6939488 0
vt 0.4581208 0.9914415 0
vt 0.50327283 0.99144924 0
vt 0.50327283 0.99144924 0
vt 0.45851058 0.99145603 0
vt 0.45851058 0.99145603 0
vt 0.25985503 0.6969315 0
vt 0.3577217 0.8132408 0
vt 0.39863947 0.8847101 0
vt 0.2594401 0.6981375 0
vt 0.35699618 0.8123274 0
vt 0.40776667 0.8125334 0
vt 0.5032747 0.9916625 0
vt 0.5032747 0.9916625 0
vt 0.4585044 0.9916722 0
vt 0.4585044 0.9916722 0
vt 0.35879815 0.8138229 0
vt 0.50482005 0.99196863 0
vt 0.21088436 0.057210743 0
vt 0.40595302 0.81405455 0
vt 0.35809472 0.81326675 0
vt 0.35917744 0.8138523 0
vt 0.50443226 0.991982 0
vt 0.40739268 0.8125316 0
vt 0.35774475 0.8127739 0
vt 0.5040455 0.9919903 0
vt 0.6176871 0.6946355 0
vt 0.41077936 0.2727598 0
vt 0.25894037 0.7993642 0
vt 0.5241343 0.29851532 0
vt 0.16231345 0.37902135 0
vt 0.33521232 0.21796972 0
vt 0.2588153 0.87772363 0
vt 0.5467313 0.20806968 0
vt 0.08844239 0.40307474 0
vt 0.5032771 0.9919987 0
vt 0.5032771 0.9919987 0
vt 0.45849752 0.9920125 0
vt 0.45849752 0.9920125 0
vt 0.8870748 0.6781206 0
vt 0.35846782 0.81329125 0
vt 0.45849794 0.99207735 0
vt 0.8872562 0.67675376 0
vt 0.4066524 0.8130117 0
vt 0.40592203 0.8135432 0
vt 0.3577464 0.8123064 0
vt 0.40701866 0.81252986 0
vt 0.3592185 0.8133341 0
vt 0.50444186 0.99252915 0
vt 0.3584918 0.8127957 0
vt 0.4062782 0.8130238 0
vt 0.35959208 0.81335217 0
vt 0.50405294 0.99253947 0
vt 0.45849854 0.99247783 0
vt 0.45849854 0.99247783 0
vt 0.88843536 0.6781293 0
vt 0.35812533 0.8122993 0
vt 0.50366604 0.9925448 0
vt 0.40478137 0.8135694 0
vt 0.45811063 0.9925754 0
vt 0.50328076 0.9925486 0
vt 0.50328076 0.9925486 0
vt 0.4584982 0.9925708 0
vt 0.4584982 0.9925708 0
vt 0.3588656 0.81280816 0
vt 0.40590388 0.81303215 0
vt 0.3585013 0.8122996 0
vt 0.3592394 0.81281894 0
vt 0.40552887 0.8130384 0
vt 0.50328267 0.9928552 0
vt 0.50328267 0.9928552 0
vt 0.45849925 0.99287766 0
vt 0.45849925 0.99287766 0
vt 0.35961324 0.8128294 0
vt 0.5040593 0.99309146 0
vt 0.2122449 0.05914718 0
vt 0.4051541 0.81304276 0
vt 0.45765936 0.9930933 0
vt 0.3599883 0.81283706 0
vt 0.50367147 0.9930981 0
vt 0.3604955 0.8129001 0
vt 0.50328386 0.99310076 0
vt 0.3604955 0.8129001 0
vt 0.50328386 0.99310076 0
vt 0.4044031 0.81304413 0
vt 0.45850012 0.9931224 0
vt 0.4044031 0.81304413 0
vt 0.45850012 0.9931224 0
vt 0.3605127 0.81273085 0
vt 0.3605127 0.81273085 0
vt 0.40552709 0.8125228 0
vt 0.35962152 0.81230617 0
vt 0.40515313 0.81252104 0
vt 0.40477914 0.81251925 0
vt 0.36058912 0.81231153 0
vt 0.36058912 0.81231153 0
vt 0.36058912 0.81231153 0
vt 0.40440518 0.8125175 0
vt 0.34256136 0.11141676 0
vt 0.40820342 0.26874578 0
vt 0.3425614 0.16231084 0
vt 0.5235222 0.29378754 0
vt 0.91156423 0.6118549 0
vt 0.3398337 0.21917415 0
vt 0.8612245 0.61185443 0
vt 0.54396695 0.21195638 0
vt 0.41151032 0.26932788 0
vt 0.26161295 0.8005672 0
vt 0.5213638 0.29635513 0
vt 0.16037245 0.37682742 0
vt 0.3382571 0.21621537 0
vt 0.2614927 0.8765242 0
vt 0.5432688 0.20867896 0
vt 0.08875469 0.40013885 0
vt 0.34534162 0.11141676 0
vt 0.4086601 0.26550293 0
vt 0.34534165 0.16231084 0
vt 0.52108365 0.29159635 0
vt 0.8612245 0.614668 0
vt 0.5407829 0.21274859 0
vt 0.41199964 0.26585335 0
vt 0.2641956 0.8019551 0
vt 0.518751 0.29400742 0
vt 0.15828489 0.37477607 0
vt 0.3414171 0.21467733 0
vt 0.2640806 0.8751398 0
vt 0.53985745 0.20952773 0
vt 0.08926861 0.39723217 0
vt 0.34812182 0.11141676 0
vt 0.408889 0.26223624 0
vt 0.34812185 0.16231084 0
vt 0.51880413 0.28924066 0
vt 0.9115643 0.6174786 0
vt 0.34582558 0.2165119 0
vt 0.86122465 0.6174816 0
vt 0.53766215 0.21376055 0
vt 0.41224492 0.2623533 0
vt 0.26667586 0.8035209 0
vt 0.51630867 0.29148352 0
vt 0.15606092 0.37287718 0
vt 0.3446769 0.21336293 0
vt 0.26656646 0.87357706 0
vt 0.5365136 0.21061194 0
vt 0.08998168 0.3943689 0
vt 0.35090208 0.11141676 0
vt 0.408889 0.2589615 0
vt 0.3509021 0.16231084 0
vt 0.51669484 0.28673208 0
vt 0.91156447 0.6202922 0
vt 0.3489464 0.21549994 0
vt 0.86122483 0.62029517 0
vt 0.5346196 0.21498722 0
vt 0.41224492 0.25884473 0
vt 0.2690415 0.80525714 0
vt 0.51404876 0.28879577 0
vt 0.15371145 0.37114006 0
vt 0.34802067 0.21227878 0
vt 0.26893833 0.8718436 0
vt 0.53325385 0.21192634 0
vt 0.09089038 0.391563 0
vt 0.35368234 0.11141676 0
vt 0.4086601 0.25569475 0
vt 0.35368234 0.16231084 0
vt 0.5147661 0.28408277 0
vt 0.20952381 0.15818429 0
vt 0.91156465 0.62310576 0
vt 0.35213038 0.21470773 0
vt 0.20952381 0.10729021 0
vt 0.861225 0.6231086 0
vt 0.5316703 0.21642274 0
vt 0.41199964 0.25534463 0
vt 0.27128112 0.8071552 0
vt 0.5119822 0.28595728 0
vt 0.15124798 0.36957306 0
vt 0.35143206 0.21142995 0
vt 0.27118456 0.8699479 0
vt 0.53009385 0.21346438 0
vt 0.091990344 0.38882792 0
vt 0.14557824 0.15818429 0
vt 0.3564626 0.11141676 0
vt 0.40820342 0.2524519 0
vt 0.14557825 0.10729021 0
vt 0.3564626 0.16231084 0
vt 0.5130272 0.28130567 0
vt 0.20674355 0.15818429 0
vt 0.35536197 0.2141391 0
vt 0.20674358 0.10729021 0
vt 0.5288285 0.21806014 0
vt 0.27156344 0.7540482 0
vt 0.27156344 0.7540482 0
vt 0.20109054 0.35306424 0
vt 0.20109054 0.35306424 0
vt 0.14835846 0.15818429 0
vt 0.4075212 0.24924874 0
vt 0.14835848 0.10729021 0
vt 0.51148665 0.27841425 0
vt 0.2039633 0.15818429 0
vt 0.35862544 0.21379673 0
vt 0.20396334 0.10729021 0
vt 0.526108 0.21989137 0
vt 0.41151032 0.2518701 0
vt 0.2733842 0.80920625 0
vt 0.5101191 0.28298175 0
vt 0.14868225 0.36818373 0
vt 0.3548945 0.21082062 0
vt 0.27329427 0.86789936 0
vt 0.52704906 0.21521866 0
vt 0.09327617 0.3861773 0
vt 0.15113871 0.15818429 0
vt 0.4066167 0.2461009 0
vt 0.15113871 0.10729021 0
vt 0.510152 0.2754227 0
vt 0.20118307 0.15818429 0
vt 0.36190486 0.21368247 0
vt 0.2011831 0.10729021 0
vt 0.5235222 0.22190744 0
vt 0.41077936 0.24843818 0
vt 0.27534002 0.81140006 0
vt 0.5084685 0.2798838 0
vt 0.14601272 0.36697233 0
vt 0.35839105 0.21045393 0
vt 0.2752571 0.865708 0
vt 0.5241343 0.21718073 0
vt 0.0947416 0.38362402 0
vt 0.15391895 0.15818429 0
vt 0.40549436 0.2430237 0
vt 0.15391895 0.10729021 0
vt 0.5090296 0.27234542 0
vt 0.1984028 0.15818429 0
vt 0.3651843 0.21379673 0
vt 0.19840285 0.10729021 0
vt 0.52108365 0.22409868 0
vt 0.40981027 0.24506545 0
vt 0.27713925 0.81372577 0
vt 0.5070385 0.27667856 0
vt 0.14326788 0.36595297 0
vt 0.5213638 0.2193408 0
vt 0.09637949 0.38118035 0
vt 0.15669921 0.15818429 0
vt 0.40415967 0.24003202 0
vt 0.1566992 0.10729021 0
vt 0.5081252 0.26919758 0
vt 0.1956226 0.15818429 0
vt 0.36844778 0.2141391 0
vt 0.19562262 0.10729021 0
vt 0.51880413 0.22645438 0
vt 0.40860775 0.24176842 0
vt 0.2787731 0.81616974 0
vt 0.505836 0.27338147 0
vt 0.14047651 0.36513484 0
vt 0.36541843 0.21045393 0
vt 0.27870232 0.8609399 0
vt 0.518751 0.22168857 0
vt 0.09818183 0.3788584 0
vt 0.15947945 0.15818429 0
vt 0.40261912 0.23714066 0
vt 0.15947945 0.10729021 0
vt 0.5074429 0.26599437 0
vt 0.19284236 0.15818429 0
vt 0.37167937 0.21470773 0
vt 0.19284236 0.10729021 0
vt 0.5166949 0.22896296 0
vt 0.1622597 0.15818429 0
vt 0.40088025 0.23436356 0
vt 0.1622597 0.10729021 0
vt 0.5069862 0.26275158 0
vt 0.19006214 0.15818429 0
vt 0.37486333 0.21549994 0
vt 0.19006214 0.10729021 0
vt 0.5147661 0.2316122 0
vt 0.40717775 0.23856318 0
vt 0.2802336 0.8187225 0
vt 0.5048669 0.2700088 0
vt 0.13763683 0.36451608 0
vt 0.36891502 0.21082062 0
vt 0.28017047 0.8583865 0
vt 0.51630867 0.22421241 0
vt 0.100139916 0.3766693 0
vt 0.16503994 0.15818429 0
vt 0.39895144 0.23171431 0
vt 0.16503996 0.10729021 0
vt 0.5067573 0.2594849 0
vt 0.18728188 0.15818429 0
vt 0.37798417 0.21651185 0
vt 0.18728189 0.10729021 0
vt 0.5130272 0.23438925 0
vt 0.16782019 0.15818429 0
vt 0.39684215 0.22920567 0
vt 0.16782019 0.10729021 0
vt 0.5067573 0.25621015 0
vt 0.18450163 0.15818429 0
vt 0.38102672 0.21773857 0
vt 0.18450163 0.10729021 0
vt 0.51148665 0.23728067 0
vt 0.40552717 0.23546523 0
vt 0.28151456 0.82137376 0
vt 0.5041359 0.2665769 0
vt 0.13461848 0.3640784 0
vt 0.37237746 0.2114299 0
vt 0.28145832 0.8557366 0
vt 0.51404876 0.22690016 0
vt 0.10224415 0.37462378 0
vt 0.17060043 0.15818429 0
vt 0.3945627 0.22685003 0
vt 0.17060044 0.10729021 0
vt 0.5069862 0.25294334 0
vt 0.18172139 0.15818429 0
vt 0.38397604 0.21917415 0
vt 0.1817214 0.10729021 0
vt 0.510152 0.24027234 0
vt 0.17338066 0.15818429 0
vt 0.39212412 0.22465885 0
vt 0.17338069 0.10729021 0
vt 0.5074429 0.24970055 0
vt 0.17894115 0.15818429 0
vt 0.3868178 0.22081149 0
vt 0.17894118 0.10729021 0
vt 0.5090296 0.2433495 0
vt 0.17616092 0.15818429 0
vt 0.3895383 0.22264272 0
vt 0.17616092 0.10729021 0
vt 0.5081252 0.2464974 0
vt 0.40366402 0.2324897 0
vt 0.28260896 0.8241091 0
vt 0.5036466 0.2631024 0
vt 0.13170879 0.36386448 0
vt 0.3757888 0.21227878 0
vt 0.28255948 0.85300314 0
vt 0.5119822 0.22973865 0
vt 0.10448429 0.37273186 0
vt 0.4015975 0.22965121 0
vt 0.2835083 0.82691354 0
vt 0.50340134 0.2596023 0
vt 0.1287871 0.3638565 0
vt 0.37913257 0.21336293 0
vt 0.28346884 0.8501994 0
vt 0.5101191 0.23271418 0
vt 0.106849425 0.37100273 0
vt 0.3993376 0.22696346 0
vt 0.28421143 0.82977504 0
vt 0.50340134 0.25609368 0
vt 0.1258752 0.36405444 0
vt 0.3823924 0.21467727 0
vt 0.28418177 0.8473389 0
vt 0.5084685 0.23581213 0
vt 0.109328024 0.36944473 0
vt 0.39689526 0.2244395 0
vt 0.28471464 0.83267874 0
vt 0.5036466 0.25259364 0
vt 0.12298421 0.36445743 0
vt 0.38555244 0.21621537 0
vt 0.2846949 0.84443575 0
vt 0.5070385 0.23901743 0
vt 0.11190801 0.3680656 0
vt 0.39428252 0.2220918 0
vt 0.2850156 0.8356112 0
vt 0.50413597 0.24911916 0
vt 0.1201284 0.36506355 0
vt 0.38859722 0.21796972 0
vt 0.28500575 0.841504 0
vt 0.505836 0.24231446 0
vt 0.114576735 0.366872 0
vt 0.39151198 0.21993166 0
vt 0.28511286 0.83855766 0
vt 0.5048669 0.24568713 0
vt 0.11732134 0.36586964 0
vt 0.3120267 0.88165855 0
vt 0.3120267 0.88165855 0
vt 0.3120267 0.88165855 0
vt 0.3120267 0.88165855 0
vt 0.06851288 0.353185 0
vt 0.06851288 0.353185 0
vt 0.06851288 0.353185 0
vt 0.06851288 0.353185 0
vt 0.31227997 0.88194525 0
vt 0.06816467 0.35302818 0
vt 0.31230637 0.881919 0
vt 0.06818035 0.35299557 0
vt 0.31233 0.88189125 0
vt 0.06819907 0.3529647 0
vt 0.31235096 0.8818612 0
vt 0.068221234 0.35293597 0
vt 0.3123689 0.88182926 0
vt 0.06824601 0.3529095 0
vt 0.3123837 0.88179576 0
vt 0.06827319 0.35288554 0
vt 0.31239057 0.8815405 0
vt 0.3123954 0.88176066 0
vt 0.06830249 0.35286438 0
vt 0.31240037 0.88157654 0
vt 0.06846986 0.35280383 0
vt 0.31240365 0.8817245 0
vt 0.068333685 0.35284615 0
vt 0.31240672 0.8816134 0
vt 0.06843482 0.35280937 0
vt 0.3124084 0.88168776 0
vt 0.06836639 0.35283053 0
vt 0.31240952 0.8816507 0
vt 0.06840043 0.3528183 0
vt 0.31247216 0.88228214 0
vt 0.06779171 0.35294247 0
vt 0.3127906 0.8817192 0
vt 0.6043394 0.99724895 0
vt 0.31291866 0.88290685 0
vt 0.067582235 0.3525306 0
vt 0.11564626 0.0013754964 0
vt 0.9959184 0.51444304 0
vt 0.068508126 0.3520376 0
vt 0.068508126 0.3520376 0
vt 0.9972789 0.104539216 0
vt 0.313144 0.8832209 0
vt 0.114947885 0 0
vt 0.99522 0.5158184 0
vt 0.31314832 0.88141507 0
vt 0.31323358 0.8826014 0
vt 0.066349536 0.35245574 0
vt 0.80136055 0.47101015 0
vt 0.9605442 0.6616231 0
vt 0.066866785 0.352246 0
vt 0.114285715 0.0013754964 0
vt 0.99455786 0.5144429 0
vt 0.31348416 0.88119066 0
vt 0.06850269 0.35165608 0
vt 0.99863946 0.10385144 0
vt 0.31350148 0.8820795 0
vt 0.60408163 0.9984119 0
vt 0.9972789 0.32462174 0
vt 0.06768878 0.35190898 0
vt 0.3135393 0.88339585 0
vt 0.31354663 0.88147986 0
vt 0.60544217 0.9982042 0
vt 0.6068027 0.0041265488 0
vt 0.068218105 0.35168928 0
vt 0.8009151 0.4710102 0
vt 0.95986396 0.66024756 0
vt 0.3137462 0.8825318 0
vt 0.49356395 0.041265488 0
vt 0.31378528 0.8836918 0
vt 0.31381255 0.8841584 0
vt 0.0656125 0.35215908 0
vt 0.80046386 0.47101033 0
vt 0.9591837 0.6616224 0
vt 0.31382567 0.8823549 0
vt 0.4936987 0.04113257 0
vt 0.0684973 0.35127467 0
vt 0.9972789 0.10316366 0
vt 0.60456985 0.9989522 0
vt 0.60541815 0.9988226 0
vt 0.60544217 0.004598677 0
vt 0.065245464 0.35200125 0
vt 0.8000087 0.4710104 0
vt 0.06573426 0.35189188 0
vt 0.06694257 0.35153323 0
vt 0.067103855 0.35139406 0
vt 0.06650648 0.3514306 0
vt 0.60471046 0.9995141 0
vt 0.9959184 0.32373768 0
vt 0.06122449 0.015130639 0
vt 0.06765694 0.35107028 0
vt 0.0013605442 0.66712517 0
vt 0.31448707 0.8850915 0
vt 0.4906363 0.041108787 0
vt 0.4906363 0.041108787 0
vt 0.066681825 0.35125118 0
vt 0.06503161 0.35152006 0
vt 0.79956764 0.47135812 0
vt 0.31470984 0.8854033 0
vt 0.4902522 0.04093033 0
vt 0.7986421 0.47101063 0
vt 0.31453615 0.8826908 0
vt 0.49315605 0.040548146 0
vt 0.06621918 0.35116565 0
vt 0.06707799 0.35094672 0
vt 0.31464344 0.8810834 0
vt 0.7991126 0.4713865 0
vt 0.31493577 0.88571966 0
vt 0.48989105 0.040762663 0
vt 0.5709005 0.7488595 0
vt 0.7981932 0.47101063 0
vt 0.06572203 0.35113847 0
vt 0.80013543 0.47195148 0
vt 0.31471175 0.88183683 0
vt 0.31471175 0.88183683 0
vt 0.4937987 0.040107667 0
vt 0.60544217 1 0
vt 0.6068027 0.005502045 0
vt 0.9972789 0.32324624 0
vt 0.06258503 0.015818417 0
vt 0.06752088 0.35071212 0
vt 0.065206535 0.35120702 0
vt 0.79961395 0.47170246 0
vt 0.31475642 0.8831125 0
vt 0.49267632 0.040456057 0
vt 0.99455786 0.46217328 0
vt 0.31502163 0.8851602 0
vt 0.49046373 0.040581048 0
vt 0.79866016 0.47141314 0
vt 0.065937586 0.35089254 0
vt 0.3149383 0.880722 0
vt 0.068484366 0.3501215 0
vt 0.31538272 0.8863455 0
vt 0.4892077 0.040356576 0
vt 0.62270576 0.7490555 0
vt 0.0654182 0.35087514 0
vt 0.79969066 0.47204036 0
vt 0.49238476 0.040181458 0
vt 0.995011 0.46354812 0
vt 0.06122449 0.016506195 0
vt 0.06737679 0.3503582 0
vt 0.06737679 0.3503582 0
vt 0.9442177 0.50481427 0
vt 0.6223181 0.7490564 0
vt 0.14013606 0.04814303 0
vt 0.31509918 0.8815611 0
vt 0.49387756 0.039630532 0
vt 0.06456893 0.35063994 0
vt 0.7987138 0.47181195 0
vt 0.06566046 0.35061002 0
vt 0.79979706 0.4723686 0
vt 0.6219311 0.7490561 0
vt 0.57242936 0.7488665 0
vt 0.99455786 0.72627234 0
vt 0.7977712 0.4714607 0
vt 0.31530505 0.8806037 0
vt 0.06847614 0.34973073 0
vt 0.41088435 0.6282667 0
vt 0.62154466 0.74905485 0
vt 0.5728161 0.7488674 0
vt 0.995011 0.7276479 0
vt 0.49287364 0.039755046 0
vt 0.06667761 0.35028875 0
vt 0.6211617 0.74905384 0
vt 0.57319725 0.7488682 0
vt 0.9954652 0.7276479 0
vt 0.31538683 0.88090706 0
vt 0.62270856 0.7485846 0
vt 0.57165474 0.7483926 0
vt 0.7973389 0.47148138 0
vt 0.49209696 0.03990388 0
vt 0.9954652 0.46354884 0
vt 0.4903709 0.040015638 0
vt 0.49314082 0.039570868 0
vt 0.62077606 0.7490528 0
vt 0.57358396 0.74886906 0
vt 0.9959184 0.72627234 0
vt 0.06782917 0.34981894 0
vt 0.49342203 0.03940761 0
vt 0.067236476 0.35000396 0
vt 0.94285715 0.50412655 0
vt 0.13922964 0.048690677 0
vt 0.49371725 0.039265573 0
vt 0.3155396 0.88404787 0
vt 0.49153396 0.03989631 0
vt 0.064824924 0.35032082 0
vt 0.7988026 0.47220325 0
vt 0.62039346 0.749051 0
vt 0.5739699 0.7488698 0
vt 0.620011 0.74904853 0
vt 0.5743527 0.7488704 0
vt 0.6196286 0.7490457 0
vt 0.6196286 0.7490457 0
vt 0.6196286 0.7490457 0
vt 0.57473534 0.7488713 0
vt 0.5720391 0.74837947 0
vt 0.49005124 0.03978139 0
vt 0.62312925 0.7481501 0
vt 0.5712451 0.7479532 0
vt 0.79783124 0.47190648 0
vt 0.31566834 0.88048726 0
vt 0.49263388 0.039443493 0
vt 0.06647845 0.34995818 0
vt 0.3157343 0.88372916 0
vt 0.4918103 0.039625943 0
vt 0.9959184 0.46217328 0
vt 0.31575683 0.88081783 0
vt 0.068103164 0.34936875 0
vt 0.06678015 0.34979022 0
vt 0.6215542 0.7485374 0
vt 0.6227428 0.74811524 0
vt 0.06776125 0.3494354 0
vt 0.49322996 0.03906107 0
vt 0.067095324 0.3496443 0
vt 0.9442177 0.50343883 0
vt 0.13877551 0.0492422 0
vt 0.49355096 0.038901627 0
vt 0.06742093 0.34952557 0
vt 0.62116843 0.7485272 0
vt 0.06596367 0.34983438 0
vt 0.6196312 0.7486509 0
vt 0.6196312 0.7486509 0
vt 0.5747366 0.74847686 0
vt 0.5747366 0.74847686 0
vt 0.40724874 0.6217891 0
vt 0.57357943 0.7483318 0
vt 0.49034512 0.039426208 0
vt 0.5712001 0.74750566 0
vt 0.79793054 0.47234392 0
vt 0.6223559 0.74808073 0
vt 0.5720149 0.7478938 0
vt 0.068426184 0.34892958 0
vt 0.40976742 0.6282557 0
vt 0.49153414 0.039342165 0
vt 0.4068807 0.6217246 0
vt 0.57396674 0.7483268 0
vt 0 0.6653292 0
vt 0.49095735 0.03936118 0
vt 0.066277765 0.34962463 0
vt 0.40651238 0.6216619 0
vt 0.57435226 0.7483249 0
vt 0.61963266 0.74849916 0
vt 0.61963266 0.74849916 0
vt 0.5747369 0.7483251 0
vt 0.40614372 0.62160087 0
vt 0.5747369 0.7483251 0
vt 0.06804425 0.3489731 0
vt 0.6219698 0.7480488 0
vt 0.57239914 0.74786466 0
vt 0.066606045 0.34943998 0
vt 0.49004123 0.039165616 0
vt 0.62279505 0.74764526 0
vt 0.06766942 0.34904778 0
vt 0.4930352 0.03871721 0
vt 0.066948086 0.34928143 0
vt 0.13877551 0.049794912 0
vt 0.49337944 0.0385406 0
vt 0.067302495 0.34915012 0
vt 0.06573927 0.34951216 0
vt 0.48879203 0.038734376 0
vt 0.6215824 0.74801844 0
vt 0.4078973 0.6224359 0
vt 0.57278466 0.74783725 0
vt 0.6196352 0.74825597 0
vt 0.9278912 0.941023 0
vt 0.6196352 0.74825597 0
vt 0.9278912 0.941023 0
vt 0.57473785 0.74808264 0
vt 0.92983526 0.8954608 0
vt 0.40610534 0.62183166 0
vt 0.6734694 0.69737893 0
vt 0.49126202 0.039060295 0
vt 0.31639785 0.8802569 0
vt 0.35102043 0.6274072 0
vt 0.40939343 0.62825394 0
vt 0.40752926 0.6223699 0
vt 0.5731707 0.7478149 0
vt 0.4897431 0.03889686 0
vt 0.6224082 0.7475927 0
vt 0.57196724 0.74740803 0
vt 0.9340333 0.8363136 0
vt 0.49215376 0.03881967 0
vt 0.06607668 0.3492887 0
vt 0.06797967 0.34857446 0
vt 0.409408 0.6278693 0
vt 0.6207995 0.7479814 0
vt 0.9284438 0.9421958 0
vt 0.40716308 0.62229717 0
vt 0.06642988 0.3490876 0
vt 0.6204133 0.7479682 0
vt 0.9284537 0.9418068 0
vt 0.49037224 0.038819134 0
vt 0.57151335 0.74699223 0
vt 0.79764956 0.47284955 0
vt 0.9332565 0.8362949 0
vt 0.49158135 0.03877604 0
vt 0.48945147 0.03862834 0
vt 0.62202114 0.747544 0
vt 0.57235205 0.74736255 0
vt 0.9343669 0.8359753 0
vt 0.06679846 0.34891605 0
vt 0.9304329 0.89546746 0
vt 0.67242277 0.696011 0
vt 0.067179464 0.34877115 0
vt 0.064921215 0.34914333 0
vt 0.7982431 0.47317743 0
vt 0.93249387 0.8363017 0
vt 0.40901947 0.62825215 0
vt 0.36237162 0.6148555 0
vt 0.9286681 0.9410317 0
vt 0.9286681 0.9410317 0
vt 0.40604404 0.6222068 0
vt 0.93061227 0.8954695 0
vt 0.40604404 0.6222068 0
vt 0.6721088 0.6973865 0
vt 0.48916233 0.038356125 0
vt 0.6216339 0.7474983 0
vt 0.40781587 0.6229255 0
vt 0.5727372 0.7473199 0
vt 0.9346939 0.83562887 0
vt 0.49191797 0.038509846 0
vt 0.49009287 0.038543046 0
vt 0.0013605442 0.6643741 0
vt 0.49132726 0.03848183 0
vt 0.06624984 0.3487342 0
vt 0.007650103 0.32599723 0
vt 0.49342304 0.03763348 0
vt 0.06747748 0.34826678 0
vt 0.40907526 0.6274375 0
vt 0.49264 0.038035452 0
vt 0.95782316 0.58734524 0
vt 0.008163266 0.32462174 0
vt 0.14013606 0.05089408 0
vt 0.3170068 0.88139755 0
vt 0.35125935 0.62617576 0
vt 0.49302635 0.03782767 0
vt 0.06705346 0.3483876 0
vt 0.409139 0.6270337 0
vt 0.6208345 0.7474423 0
vt 0.92949677 0.94220936 0
vt 0.93389654 0.83560234 0
vt 0.3517706 0.62738615 0
vt 0.40864548 0.62825036 0
vt 0.36251643 0.6159246 0
vt 0.36251643 0.6159246 0
vt 0.92944497 0.9410415 0
vt 0.40597957 0.62258595 0
vt 0.40597957 0.62258595 0
vt 0.49168164 0.038202107 0
vt 0.40634027 0.62270063 0
vt 0.36261332 0.6163287 0
vt 0.36261332 0.6163287 0
vt 0.40597034 0.62264585 0
vt 0.40597034 0.62264585 0
vt 0.93310016 0.83559835 0
vt 0.06606663 0.34837824 0
vt 0.9310924 0.83539134 0
vt 0.4932545 0.03727138 0
vt 0.2983748 0.06602478 0
vt 0.40870407 0.6273905 0
vt 0.40827146 0.62824863 0
vt 0.4924369 0.037700593 0
vt 0.9571429 0.58596975 0
vt 0.06648558 0.3481776 0
vt 0.29663768 0.06602478 0
vt 0.93061227 0.8351198 0
vt 0.06691731 0.34800547 0
vt 0.29750627 0.06598419 0
vt 0.40877113 0.6269653 0
vt 0.49144566 0.037893534 0
vt 0.06546131 0.34827006 0
vt 0.9318294 0.8353045 0
vt 0.3625622 0.61667675 0
vt 0.3625622 0.61667675 0
vt 0.40592298 0.62296426 0
vt 0.40592298 0.62296426 0
vt 0.9326043 0.83525425 0
vt 0.48898587 0.03741944 0
vt 0.62088966 0.7469051 0
vt 0.9305494 0.9422283 0
vt 0.4935273 0.036716223 0
vt 0.9477925 0.34387892 0
vt 0.29931974 0.0647797 0
vt 0.40828747 0.6277967 0
vt 0.48870957 0.037127256 0
vt 0.93058246 0.9418397 0
vt 0.40663373 0.6232728 0
vt 0.4918312 0.037620842 0
vt 0.931331 0.83500195 0
vt 0.005442177 0.32462174 0
vt 0.3525208 0.6273652 0
vt 0.49387756 0.036186516 0
vt 0.94711673 0.3434233 0
vt 0.36216247 0.6168256 0
vt 0.4884354 0.03683281 0
vt 0.93061227 0.941451 0
vt 0.40626347 0.62322044 0
vt 0.955102 0.2655623 0
vt 0.36253253 0.61687946 0
vt 0.36253253 0.61687946 0
vt 0.40589336 0.62316704 0
vt 0.40589336 0.62316704 0
vt 0.49308127 0.036911488 0
vt 0.94829935 0.3434611 0
vt 0.29841387 0.064649224 0
vt 0.40831897 0.62734276 0
vt 0.49223223 0.037365794 0
vt 0.9564626 0.58734524 0
vt 0.29659864 0.064649224 0
vt 0.40843275 0.6264503 0
vt 0.9308288 0.8347179 0
vt 0.4926486 0.03712833 0
vt 0.49120963 0.03758508 0
vt 0.93209505 0.83492345 0
vt 0.4905736 0.037588775 0
vt 0.9328907 0.83488095 0
vt 0.48966 0.03734064 0
vt 0.40731534 0.62387145 0
vt 0.93400073 0.8345003 0
vt 0.40586796 0.6233408 0
vt 0.020408163 0.99724895 0
vt 0.40586796 0.6233408 0
vt 0.9542203 0.26547456 0
vt 0.9476327 0.34294206 0
vt 0.40791062 0.6277796 0
vt 0.35702795 0.6273911 0
vt 0.9469388 0.34250343 0
vt 0.40752393 0.62824506 0
vt 0.4916091 0.037300766 0
vt 0.931577 0.834609 0
vt 0.4893952 0.037047565 0
vt 0.40694344 0.62383187 0
vt 0.934293 0.83412963 0
vt 0.4903225 0.037291527 0
vt 0.9331774 0.83450466 0
vt 0.35883272 0.6270462 0
vt 0.49290282 0.036552727 0
vt 0.948156 0.34250343 0
vt 0.40794384 0.6273132 0
vt 0.49097237 0.03727734 0
vt 0.40806404 0.62638605 0
vt 0.9310552 0.83431387 0
vt 0.48912853 0.03675139 0
vt 0.40656713 0.62379026 0
vt 0.93457896 0.8337595 0
vt 0.955102 0.2663356 0
vt 0.40799424 0.62684834 0
vt 0.36208513 0.61734533 0
vt 0.48885936 0.036453605 0
vt 0.40580392 0.62377 0
vt 0.021768708 0.9985187 0
vt 0.40753707 0.6277622 0
vt 0.3595945 0.6280158 0
vt 0.40714997 0.6282433 0
vt 0.3624507 0.6174293 0
vt 0.3624507 0.6174293 0
vt 0.4057864 0.6238806 0
vt 0.0204268 0.9986245 0
vt 0.4057864 0.6238806 0
vt 0.9537415 0.26584834 0
vt 0.49007013 0.03699231 0
vt 0.933463 0.8341271 0
vt 0.49138528 0.03698176 0
vt 0.93182945 0.8342143 0
vt 0.4907338 0.036969483 0
vt 0.93263686 0.83415353 0
vt 0.4898156 0.036690116 0
vt 0.9337462 0.8337501 0
vt 0.4918138 0.036701202 0
vt 0.35996845 0.628018 0
vt 0.40677595 0.62824154 0
vt 0.35918048 0.6265483 0
vt 0.4922592 0.036437154 0
vt 0.40762335 0.6268008 0
vt 0.93075246 0.83362746 0
vt 0.3595924 0.62751627 0
vt 0.40716195 0.6277448 0
vt 0.3616057 0.61783934 0
vt 0.4895573 0.036383986 0
vt 0.40656167 0.62458026 0
vt 0.93402565 0.8333755 0
vt 0.95445037 0.26685005 0
vt 0.36239356 0.6178055 0
vt 0.36239356 0.6178055 0
vt 0.4057195 0.62431896 0
vt 0.4057195 0.62431896 0
vt 0.9346939 0.83272505 0
vt 0.4904932 0.036660194 0
vt 0.9329107 0.83376837 0
vt 0.49115893 0.036663234 0
vt 0.9320871 0.83381987 0
vt 0.40613025 0.6245181 0
vt 0.9343001 0.83300495 0
vt 0.36034244 0.6280211 0
vt 0.40640196 0.6282398 0
vt 0.36237583 0.61792123 0
vt 0.36237583 0.61792123 0
vt 0.40570194 0.6244347 0
vt 0.9345682 0.8326401 0
vt 0.40719783 0.6272482 0
vt 0.4915988 0.036372066 0
vt 0.93153346 0.83350664 0
vt 0.35996813 0.6275101 0
vt 0.2612245 0.22558457 0
vt 0.40678507 0.6277294 0
vt 0.35955516 0.6265212 0
vt 0.49205193 0.036091685 0
vt 0.40725222 0.626755 0
vt 0.9309807 0.8332169 0
vt 0.36071646 0.62802327 0
vt 0.36055323 0.031636834 0
vt 0.406028 0.6282381 0
vt 0.49025032 0.036348224 0
vt 0.9331846 0.83338535 0
vt 0.4909291 0.03634423 0
vt 0.9323489 0.8334273 0
vt 0.36054423 0.032321274 0
vt 0.40565398 0.6282363 0
vt 0.3623354 0.6181815 0
vt 0.3623354 0.6181815 0
vt 0.40566242 0.6246952 0
vt 0.934283 0.8324517 0
vt 0.36146393 0.6280286 0
vt 0.36146393 0.6280286 0
vt 0.36146393 0.6280286 0
vt 0.40528 0.62823457 0
vt 0.3615173 0.61854494 0
vt 0.49000406 0.036031723 0
vt 0.93345743 0.8330064 0
vt 0.35995734 0.6270021 0
vt 0.49230093 0.035472512 0
vt 0.4068254 0.6272143 0
vt 0.2615679 0.22696012 0
vt 0.4064103 0.6277243 0
vt 0.93178296 0.8331073 0
vt 0.3619129 0.61845434 0
vt 0.3619129 0.61845434 0
vt 0.4897505 0.035716534 0
vt 0.95238096 0.4030261 0
vt 0.40599275 0.62501204 0
vt 0.93372786 0.83263314 0
vt 0.40562284 0.62495565 0
vt 0.9339947 0.83226746 0
vt 0.49069825 0.036023438 0
vt 0.3607169 0.6275016 0
vt 0.49236327 0.034509897 0
vt 0.3622783 0.6185577 0
vt 0.3622783 0.6185577 0
vt 0.9526823 0.40440166 0
vt 0.4056053 0.62507135 0
vt 0.4056053 0.62507135 0
vt 0.93386567 0.83218706 0
vt 0.36146578 0.6276482 0
vt 0.36146578 0.6276482 0
vt 0.405282 0.6278542 0
vt 0.36121988 0.03301239 0
vt 0.405282 0.6278542 0
vt 0.98911566 0.87207705 0
vt 0.26223218 0.22558457 0
vt 0.4064487 0.62717843 0
vt 0.36109218 0.627501 0
vt 0.3614462 0.6190619 0
vt 0.49046582 0.03569734 0
vt 0.40628323 0.6255857 0
vt 0.93287945 0.83265555 0
vt 0.49115562 0.035717726 0
vt 0.4065783 0.6261554 0
vt 0.932038 0.8327132 0
vt 0.36146632 0.62750185 0
vt 0.36146632 0.62750185 0
vt 0.4052827 0.62770784 0
vt 0.98928964 0.87144184 0
vt 0.49162078 0.035422385 0
vt 0.40650836 0.62666625 0
vt 0.3618165 0.61911416 0
vt 0.9537415 0.4030261 0
vt 0.26258504 0.22694063 0
vt 0.36242428 0.031636834 0
vt 0.4060586 0.6271767 0
vt 0.4060586 0.6271767 0
vt 0.36220098 0.61907035 0
vt 0.36220098 0.61907035 0
vt 0.95366746 0.40440118 0
vt 0.3621866 0.61916757 0
vt 0.3621866 0.61916757 0
vt 0.40554377 0.6254765 0
vt 0.40554377 0.6254765 0
vt 0.36146706 0.6272677 0
vt 0.36146706 0.6272677 0
vt 0.4585034 0.21595597 0
vt 0.4052838 0.6274737 0
vt 0.9895688 0.8708141 0
vt 0.40620816 0.6261021 0
vt 0.93229717 0.83232623 0
vt 0.36146843 0.62697506 0
vt 0.45798025 0.21465325 0
vt 0.40528524 0.62718105 0
vt 0.98991823 0.8707015 0
vt 0.36213553 0.61951506 0
vt 0.36213553 0.61951506 0
vt 0.40549272 0.6258239 0
vt 0.40549272 0.6258239 0
vt 0.36173975 0.6196339 0
vt 0.4906916 0.035048723 0
vt 0.40583774 0.6260506 0
vt 0.36146885 0.62688726 0
vt 0.45782313 0.21458048 0
vt 0.40528566 0.62709326 0
vt 0.9469388 0.7579092 0
vt 0.9900231 0.8708141 0
vt 0.36210984 0.61968875 0
vt 0.36210984 0.61968875 0
vt 0.40546733 0.6259977 0
vt 0.40546733 0.6259977 0
vt 0.3620794 0.61989146 0
vt 0.29387754 0.6382393 0
vt 0.3620794 0.61989146 0
vt 0.40543732 0.6262362 0
vt 0.40543732 0.6262362 0
vt 0.36160308 0.6249455 0
vt 0.94808996 0.71251726 0
vt 0.2952381 0.6382393 0
vt 0.36160308 0.6249455 0
vt 0.36160308 0.6249455 0
vt 0.45714286 0.21595597 0
vt 0.4910288 0.034387887 0
vt 0.40538982 0.6265811 0
vt 0.94829935 0.7579087 0
vt 0.3632653 0.03300202 0
vt 0.40538982 0.6265811 0
vt 0.9904762 0.87207705 0
vt 0.36385724 0.6206608 0
vt 0.94829935 0.7125172 0
vt 0.2950288 0.6368638 0
# 5753 texture coords

usemtl material_0
s 1
f 5442/5442/5442 5356/5356/5356 5211/5211/5211
f 5452/5452/5452 5264/5264/5264 5301/5301/5301
f 5301/5301/5301 5335/5335/5335 5452/5452/5452
f 5335/5335/5335 5375/5375/5375 5452/5452/5452
f 624/624/624 633/633/633 618/618/618
f 5509/5509/5509 5451/5451/5451 5445/5445/5445
f 5161/5161/5161 5175/5175/5175 5197/5197/5197
f 5171/5171/5171 5163/5163/5163 5157/5157/5157
f 5172/5172/5172 5158/5158/5158 5164/5164/5164
f 5178/5178/5178 5238/5238/5238 5208/5208/5208
f 5250/5250/5250 4625/4625/4625 4574/4574/4574
f 4574/4574/4574 5173/5173/5173 5250/5250/5250
f 5173/5173/5173 4574/4574/4574 4528/4528/4528
f 4574/4574/4574 4527/4527/4527 4528/4528/4528
f 4549/4549/4549 4527/4527/4527 4574/4574/4574
f 4628/4628/4628 4549/4549/4549 4574/4574/4574
f 4574/4574/4574 4637/4637/4637 4628/4628/4628
f 4637/4637/4637 4574/4574/4574 4625/4625/4625
f 4625/4625/4625 5250/5250/5250 5275/5275/5275
f 5173/5173/5173 5225/5225/5225 5250/5250/5250
f 5225/5225/5225 5275/5275/5275 5250/5250/5250
f 5225/5225/5225 5173/5173/5173 5233/5233/5233
f 5181/5181/5181 5233/5233/5233 5173/5173/5173
f 5233/5233/5233 5265/5265/5265 5225/5225/5225
f 5275/5275/5275 5225/5225/5225 5265/5265/5265
f 5286/5286/5286 5275/5275/5275 5265/5265/5265
f 4549/4549/4549 4628/4628/4628 4598/4598/4598
f 4625/4625/4625 5275/5275/5275 5320/5320/5320
f 5320/5320/5320 4702/4702/4702 4625/4625/4625
f 5320/5320/5320 5275/5275/5275 5286/5286/5286
f 5286/5286/5286 5326/5326/5326 5320/5320/5320
f 5326/5326/5326 5286/5286/5286 5265/5265/5265
f 4625/4625/4625 4702/4702/4702 4659/4659/4659
f 4659/4659/4659 4637/4637/4637 4625/4625/4625
f 4659/4659/4659 4628/4628/4628 4637/4637/4637
f 4666/4666/4666 4628/4628/4628 4659/4659/4659
f 4702/4702/4702 5320/5320/5320 5392/5392/5392
f 4659/4659/4659 4705/4705/4705 4666/4666/4666
f 4705/4705/4705 4659/4659/4659 4702/4702/4702
f 4628/4628/4628 4666/4666/4666 4612/4612/4612
f 5392/5392/5392 5320/5320/5320 5453/5453/5453
f 5326/5326/5326 5453/5453/5453 5320/5320/5320
f 5265/5265/5265 5453/5453/5453 5326/5326/5326
f 4612/4612/4612 4599/4599/4599 4628/4628/4628
f 4599/4599/4599 4598/4598/4598 4628/4628/4628
f 4549/4549/4549 4598/4598/4598 4599/4599/4599
f 4549/4549/4549 4599/4599/4599 4538/4538/4538
f 4527/4527/4527 4549/4549/4549 4538/4538/4538
f 4538/4538/4538 4520/4520/4520 4527/4527/4527
f 4653/4653/4653 4612/4612/4612 4666/4666/4666
f 4666/4666/4666 4705/4705/4705 4653/4653/4653
f 5392/5392/5392 4761/4761/4761 4702/4702/4702
f 4702/4702/4702 4761/4761/4761 4705/4705/4705
f 4734/4734/4734 4705/4705/4705 4761/4761/4761
f 4664/4664/4664 4653/4653/4653 4705/4705/4705
f 4705/4705/4705 4734/4734/4734 4664/4664/4664
f 4735/4735/4735 4664/4664/4664 4734/4734/4734
f 4664/4664/4664 4735/4735/4735 4707/4707/4707
f 4761/4761/4761 4735/4735/4735 4734/4734/4734
f 4538/4538/4538 4599/4599/4599 4542/4542/4542
f 4546/4546/4546 4542/4542/4542 4599/4599/4599
f 4599/4599/4599 4612/4612/4612 4546/4546/4546
f 4520/4520/4520 4538/4538/4538 4488/4488/4488
f 4542/4542/4542 4488/4488/4488 4538/4538/4538
f 4488/4488/4488 4466/4466/4466 4520/4520/4520
f 4488/4488/4488 4542/4542/4542 4481/4481/4481
f 4533/4533/4533 4481/4481/4481 4542/4542/4542
f 4542/4542/4542 4546/4546/4546 4533/4533/4533
f 4730/4730/4730 4707/4707/4707 4735/4735/4735
f 4735/4735/4735 4761/4761/4761 4730/4730/4730
f 4758/4758/4758 4730/4730/4730 4761/4761/4761
f 4481/4481/4481 4533/4533/4533 4486/4486/4486
f 4522/4522/4522 4486/4486/4486 4533/4533/4533
f 4481/4481/4481 4486/4486/4486 4405/4405/4405
f 4408/4408/4408 4405/4405/4405 4486/4486/4486
f 995/995/995 4405/4405/4405 4408/4408/4408
f 5218/5218/5218 2890/2890/2890 2912/2912/2912
f 2912/2912/2912 5227/5227/5227 5218/5218/5218
f 2890/2890/2890 5218/5218/5218 5212/5212/5212
f 5212/5212/5212 5218/5218/5218 5246/5246/5246
f 2912/2912/2912 2890/2890/2890 2843/2843/2843
f 2843/2843/2843 2888/2888/2888 2912/2912/2912
f 2865/2865/2865 2843/2843/2843 2890/2890/2890
f 5227/5227/5227 2912/2912/2912 2919/2919/2919
f 2919/2919/2919 2912/2912/2912 2888/2888/2888
f 2888/2888/2888 2898/2898/2898 2919/2919/2919
f 2919/2919/2919 5252/5252/5252 5227/5227/5227
f 2843/2843/2843 2850/2850/2850 2888/2888/2888
f 2898/2898/2898 2888/2888/2888 2850/2850/2850
f 2847/2847/2847 2865/2865/2865 2890/2890/2890
f 5252/5252/5252 2919/2919/2919 2925/2925/2925
f 2925/2925/2925 2919/2919/2919 2898/2898/2898
f 2898/2898/2898 2907/2907/2907 2925/2925/2925
f 2890/2890/2890 2859/2859/2859 2847/2847/2847
f 2850/2850/2850 2843/2843/2843 2819/2819/2819
f 2819/2819/2819 2823/2823/2823 2850/2850/2850
f 2898/2898/2898 2850/2850/2850 2823/2823/2823
f 2823/2823/2823 2829/2829/2829 2898/2898/2898
f 5190/5190/5190 2859/2859/2859 2890/2890/2890
f 2890/2890/2890 5212/5212/5212 5190/5190/5190
f 2804/2804/2804 2819/2819/2819 2843/2843/2843
f 2796/2796/2796 2804/2804/2804 2843/2843/2843
f 2821/2821/2821 2847/2847/2847 2859/2859/2859
f 2826/2826/2826 2821/2821/2821 2859/2859/2859
f 5190/5190/5190 5212/5212/5212 5323/5323/5323
f 2821/2821/2821 2826/2826/2826 2802/2802/2802
f 2751/2751/2751 2843/2843/2843 2865/2865/2865
f 2843/2843/2843 2751/2751/2751 2796/2796/2796
f 2865/2865/2865 2847/2847/2847 2751/2751/2751
f 2821/2821/2821 2751/2751/2751 2847/2847/2847
f 2821/2821/2821 2802/2802/2802 2751/2751/2751
f 5190/5190/5190 2832/2832/2832 2859/2859/2859
f 2859/2859/2859 2832/2832/2832 2826/2826/2826
f 2826/2826/2826 2832/2832/2832 2802/2802/2802
f 5189/5189/5189 5190/5190/5190 5323/5323/5323
f 2875/2875/2875 2898/2898/2898 2829/2829/2829
f 2832/2832/2832 5190/5190/5190 5162/5162/5162
f 5162/5162/5162 2808/2808/2808 2832/2832/2832
f 5162/5162/5162 5190/5190/5190 5189/5189/5189
f 5189/5189/5189 5180/5180/5180 5162/5162/5162
f 5323/5323/5323 5180/5180/5180 5189/5189/5189
f 5180/5180/5180 5323/5323/5323 5243/5243/5243
f 2767/2767/2767 2802/2802/2802 2832/2832/2832
f 2802/2802/2802 2725/2725/2725 2751/2751/2751
f 2727/2727/2727 2725/2725/2725 2802/2802/2802
f 2802/2802/2802 2767/2767/2767 2727/2727/2727
f 5180/5180/5180 5243/5243/5243 5221/5221/5221
f 5221/5221/5221 5187/5187/5187 5180/5180/5180
f 5162/5162/5162 2776/2776/2776 2808/2808/2808
f 2808/2808/2808 2776/2776/2776 2726/2726/2726
f 5303/5303/5303 5323/5323/5323 5212/5212/5212
f 2726/2726/2726 2832/2832/2832 2808/2808/2808
f 107/107/107 124/124/124 155/155/155
f 2804/2804/2804 2796/2796/2796 2751/2751/2751
f 2751/2751/2751 2778/2778/2778 2804/2804/2804
f 2751/2751/2751 2686/2686/2686 2778/2778/2778
f 2683/2683/2683 2686/2686/2686 2751/2751/2751
f 2682/2682/2682 2683/2683/2683 2751/2751/2751
f 2683/2683/2683 2682/2682/2682 2646/2646/2646
f 2646/2646/2646 2686/2686/2686 2683/2683/2683
f 2686/2686/2686 2646/2646/2646 2600/2600/2600
f 2677/2677/2677 2682/2682/2682 2751/2751/2751
f 2682/2682/2682 2677/2677/2677 2649/2649/2649
f 2649/2649/2649 2646/2646/2646 2682/2682/2682
f 2646/2646/2646 2649/2649/2649 2600/2600/2600
f 2594/2594/2594 2686/2686/2686 2600/2600/2600
f 2693/2693/2693 2686/2686/2686 2594/2594/2594
f 2594/2594/2594 2633/2633/2633 2693/2693/2693
f 2784/2784/2784 2686/2686/2686 2693/2693/2693
f 2686/2686/2686 2784/2784/2784 2823/2823/2823
f 2819/2819/2819 2804/2804/2804 2778/2778/2778
f 2823/2823/2823 2819/2819/2819 2686/2686/2686
f 2778/2778/2778 2686/2686/2686 2819/2819/2819
f 2594/2594/2594 2592/2592/2592 2633/2633/2633
f 2788/2788/2788 2784/2784/2784 2693/2693/2693
f 2693/2693/2693 2694/2694/2694 2788/2788/2788
f 2694/2694/2694 2693/2693/2693 2633/2633/2633
f 2633/2633/2633 2627/2627/2627 2694/2694/2694
f 2627/2627/2627 2633/2633/2633 2592/2592/2592
f 2592/2592/2592 2590/2590/2590 2627/2627/2627
f 2829/2829/2829 2823/2823/2823 2784/2784/2784
f 2784/2784/2784 2788/2788/2788 2829/2829/2829
f 2592/2592/2592 2594/2594/2594 2528/2528/2528
f 2594/2594/2594 2596/2596/2596 2528/2528/2528
f 2559/2559/2559 2528/2528/2528 2596/2596/2596
f 2596/2596/2596 2600/2600/2600 2559/2559/2559
f 2528/2528/2528 2523/2523/2523 2592/2592/2592
f 2590/2590/2590 2592/2592/2592 2523/2523/2523
f 2611/2611/2611 2600/2600/2600 2649/2649/2649
f 2649/2649/2649 2677/2677/2677 2611/2611/2611
f 2674/2674/2674 2677/2677/2677 2751/2751/2751
f 242/242/242 2472/2472/2472 2486/2486/2486
f 2486/2486/2486 258/258/258 242/242/242
f 242/242/242 258/258/258 227/227/227
f 2472/2472/2472 242/242/242 236/236/236
f 236/236/236 2466/2466/2466 2472/2472/2472
f 236/236/236 242/242/242 227/227/227
f 234/234/234 227/227/227 258/258/258
f 2486/2486/2486 264/264/264 258/258/258
f 253/253/253 234/234/234 258/258/258
f 258/258/258 264/264/264 253/253/253
f 264/264/264 2486/2486/2486 2525/2525/2525
f 2525/2525/2525 2486/2486/2486 2550/2550/2550
f 234/234/234 253/253/253 243/243/243
f 2559/2559/2559 2550/2550/2550 2486/2486/2486
f 2528/2528/2528 2559/2559/2559 2486/2486/2486
f 2525/2525/2525 276/276/276 264/264/264
f 276/276/276 253/253/253 264/264/264
f 247/247/247 243/243/243 253/253/253
f 253/253/253 276/276/276 247/247/247
f 247/247/247 230/230/230 243/243/243
f 227/227/227 243/243/243 230/230/230
f 2559/2559/2559 2600/2600/2600 2550/2550/2550
f 2496/2496/2496 2486/2486/2486 2472/2472/2472
f 2472/2472/2472 2466/2466/2466 2496/2496/2496
f 2486/2486/2486 2496/2496/2496 2523/2523/2523
f 2523/2523/2523 2528/2528/2528 2486/2486/2486
f 2593/2593/2593 2525/2525/2525 2550/2550/2550
f 276/276/276 2525/2525/2525 2547/2547/2547
f 2525/2525/2525 2593/2593/2593 2547/2547/2547
f 275/275/275 247/247/247 276/276/276
f 2593/2593/2593 2550/2550/2550 2611/2611/2611
f 2600/2600/2600 2611/2611/2611 2550/2550/2550
f 2458/2458/2458 231/231/231 225/225/225
f 225/225/225 2455/2455/2455 2458/2458/2458
f 2455/2455/2455 225/225/225 221/221/221
f 221/221/221 2440/2440/2440 2455/2455/2455
f 2458/2458/2458 2455/2455/2455 2470/2470/2470
f 2468/2468/2468 2470/2470/2470 2455/2455/2455
f 2455/2455/2455 2440/2440/2440 2468/2468/2468
f 2440/2440/2440 221/221/221 219/219/219
f 219/219/219 2437/2437/2437 2440/2440/2440
f 2464/2464/2464 2468/2468/2468 2440/2440/2440
f 2440/2440/2440 2437/2437/2437 2464/2464/2464
f 221/221/221 225/225/225 183/183/183
f 231/231/231 183/183/183 225/225/225
f 219/219/219 221/221/221 183/183/183
f 183/183/183 188/188/188 219/219/219
f 231/231/231 2458/2458/2458 2466/2466/2466
f 2466/2466/2466 236/236/236 231/231/231
f 183/183/183 231/231/231 205/205/205
f 2437/2437/2437 219/219/219 213/213/213
f 213/213/213 219/219/219 188/188/188
f 213/213/213 2435/2435/2435 2437/2437/2437
f 2437/2437/2437 2435/2435/2435 2464/2464/2464
f 2468/2468/2468 2464/2464/2464 2491/2491/2491
f 2468/2468/2468 2519/2519/2519 2470/2470/2470
f 2470/2470/2470 2519/2519/2519 2458/2458/2458
f 2466/2466/2466 2458/2458/2458 2519/2519/2519
f 2519/2519/2519 2468/2468/2468 2515/2515/2515
f 2512/2512/2512 2515/2515/2515 2468/2468/2468
f 2468/2468/2468 2491/2491/2491 2512/2512/2512
f 2487/2487/2487 2491/2491/2491 2464/2464/2464
f 227/227/227 231/231/231 236/236/236
f 231/231/231 227/227/227 217/217/217
f 217/217/217 205/205/205 231/231/231
f 2519/2519/2519 2496/2496/2496 2466/2466/2466
f 199/199/199 148/148/148 176/176/176
f 176/176/176 148/148/148 139/139/139
f 199/199/199 210/210/210 148/148/148
f 181/181/181 148/148/148 210/210/210
f 148/148/148 181/181/181 155/155/155
f 2427/2427/2427 210/210/210 199/199/199
f 210/210/210 2427/2427/2427 2431/2431/2431
f 2431/2431/2431 2427/2427/2427 2448/2448/2448
f 210/210/210 2431/2431/2431 2433/2433/2433
f 2433/2433/2433 2431/2431/2431 2448/2448/2448
f 210/210/210 2433/2433/2433 2435/2435/2435
f 2435/2435/2435 213/213/213 210/210/210
f 210/210/210 213/213/213 188/188/188
f 188/188/188 181/181/181 210/210/210
f 2435/2435/2435 2433/2433/2433 2464/2464/2464
f 2448/2448/2448 2464/2464/2464 2433/2433/2433
f 2448/2448/2448 2487/2487/2487 2464/2464/2464
f 155/155/155 181/181/181 107/107/107
f 143/143/143 107/107/107 181/181/181
f 181/181/181 183/183/183 143/143/143
f 183/183/183 181/181/181 188/188/188
f 327/327/327 344/344/344 352/352/352
f 327/327/327 352/352/352 360/360/360
f 2738/2738/2738 2664/2664/2664 2743/2743/2743
f 2881/2881/2881 2738/2738/2738 2743/2743/2743
f 2743/2743/2743 2966/2966/2966 2881/2881/2881
f 2982/2982/2982 2966/2966/2966 2743/2743/2743
f 2743/2743/2743 2998/2998/2998 2982/2982/2982
f 3014/3014/3014 2998/2998/2998 2743/2743/2743
f 2743/2743/2743 3132/3132/3132 3014/3014/3014
f 2743/2743/2743 3180/3180/3180 3132/3132/3132
f 3222/3222/3222 3180/3180/3180 2743/2743/2743
f 2743/2743/2743 3260/3260/3260 3222/3222/3222
f 3344/3344/3344 3260/3260/3260 2743/2743/2743
f 3344/3344/3344 2743/2743/2743 5121/5121/5121
f 3368/3368/3368 3344/3344/3344 5121/5121/5121
f 5121/5121/5121 3392/3392/3392 3368/3368/3368
f 3424/3424/3424 3392/3392/3392 5121/5121/5121
f 5121/5121/5121 3456/3456/3456 3424/3424/3424
f 3486/3486/3486 3456/3456/3456 5121/5121/5121
f 5121/5121/5121 3522/3522/3522 3486/3486/3486
f 3538/3538/3538 3522/3522/3522 5121/5121/5121
f 5121/5121/5121 3546/3546/3546 3538/3538/3538
f 5121/5121/5121 3562/3562/3562 3546/3546/3546
f 3568/3568/3568 3562/3562/3562 5121/5121/5121
f 5121/5121/5121 3576/3576/3576 3568/3568/3568
f 5121/5121/5121 3558/3558/3558 3576/3576/3576
f 3558/3558/3558 5121/5121/5121 4556/4556/4556
f 4556/4556/4556 4360/4360/4360 3558/3558/3558
f 4360/4360/4360 3542/3542/3542 3558/3558/3558
f 3542/3542/3542 4360/4360/4360 4304/4304/4304
f 4304/4304/4304 4264/4264/4264 3542/3542/3542
f 3542/3542/3542 4264/4264/4264 4216/4216/4216
f 3542/3542/3542 4216/4216/4216 4175/4175/4175
f 4175/4175/4175 4135/4135/4135 3542/3542/3542
f 3542/3542/3542 4135/4135/4135 4095/4095/4095
f 4095/4095/4095 4063/4063/4063 3542/3542/3542
f 3542/3542/3542 4063/4063/4063 4031/4031/4031
f 3542/3542/3542 4031/4031/4031 3999/3999/3999
f 3999/3999/3999 3967/3967/3967 3542/3542/3542
f 3534/3534/3534 3542/3542/3542 3967/3967/3967
f 3518/3518/3518 3534/3534/3534 3967/3967/3967
f 3518/3518/3518 3967/3967/3967 3935/3935/3935
f 3482/3482/3482 3518/3518/3518 3935/3935/3935
f 3935/3935/3935 3911/3911/3911 3482/3482/3482
f 3452/3452/3452 3482/3482/3482 3911/3911/3911
f 3420/3420/3420 3452/3452/3452 3911/3911/3911
f 3911/3911/3911 3388/3388/3388 3420/3420/3420
f 3364/3364/3364 3388/3388/3388 3911/3911/3911
f 3364/3364/3364 3911/3911/3911 3879/3879/3879
f 3364/3364/3364 3879/3879/3879 3847/3847/3847
f 3847/3847/3847 3340/3340/3340 3364/3364/3364
f 3340/3340/3340 3847/3847/3847 3803/3803/3803
f 3803/3803/3803 3300/3300/3300 3340/3340/3340
f 3300/3300/3300 3803/3803/3803 3779/3779/3779
f 3779/3779/3779 3256/3256/3256 3300/3300/3300
f 3779/3779/3779 3755/3755/3755 3256/3256/3256
f 3755/3755/3755 3723/3723/3723 3256/3256/3256
f 3218/3218/3218 3256/3256/3256 3723/3723/3723
f 3723/3723/3723 3699/3699/3699 3218/3218/3218
f 3699/3699/3699 3176/3176/3176 3218/3218/3218
f 3699/3699/3699 3659/3659/3659 3176/3176/3176
f 3128/3128/3128 3176/3176/3176 3659/3659/3659
f 3659/3659/3659 3062/3062/3062 3128/3128/3128
f 3062/3062/3062 3659/3659/3659 3631/3631/3631
f 3062/3062/3062 3631/3631/3631 3615/3615/3615
f 3615/3615/3615 3599/3599/3599 3062/3062/3062
f 3599/3599/3599 3591/3591/3591 3062/3062/3062
f 3062/3062/3062 3591/3591/3591 3583/3583/3583
f 3583/3583/3583 3571/3571/3571 3062/3062/3062
f 3010/3010/3010 3062/3062/3062 3571/3571/3571
f 2994/2994/2994 3010/3010/3010 3571/3571/3571
f 3571/3571/3571 2978/2978/2978 2994/2994/2994
f 3571/3571/3571 2962/2962/2962 2978/2978/2978
f 2879/2879/2879 2962/2962/2962 3571/3571/3571
f 2879/2879/2879 3571/3571/3571 3579/3579/3579
f 2879/2879/2879 3579/3579/3579 3587/3587/3587
f 3587/3587/3587 3595/3595/3595 2879/2879/2879
f 3595/3595/3595 3611/3611/3611 2879/2879/2879
f 3607/3607/3607 2879/2879/2879 3611/3611/3611
f 3611/3611/3611 3675/3675/3675 3607/3607/3607
f 3675/3675/3675 3611/3611/3611 3627/3627/3627
f 3627/3627/3627 3655/3655/3655 3675/3675/3675
f 3675/3675/3675 3655/3655/3655 3695/3695/3695
f 3695/3695/3695 3719/3719/3719 3675/3675/3675
f 3675/3675/3675 3719/3719/3719 3751/3751/3751
f 3751/3751/3751 3775/3775/3775 3675/3675/3675
f 3675/3675/3675 3775/3775/3775 3799/3799/3799
f 3731/3731/3731 3675/3675/3675 3799/3799/3799
f 3731/3731/3731 3799/3799/3799 3843/3843/3843
f 3771/3771/3771 3731/3731/3731 3843/3843/3843
f 3843/3843/3843 3875/3875/3875 3771/3771/3771
f 3819/3819/3819 3771/3771/3771 3875/3875/3875
f 3875/3875/3875 3907/3907/3907 3819/3819/3819
f 3864/3864/3864 3819/3819/3819 3907/3907/3907
f 3904/3904/3904 3864/3864/3864 3907/3907/3907
f 3904/3904/3904 3907/3907/3907 3931/3931/3931
f 3944/3944/3944 3904/3904/3904 3931/3931/3931
f 3931/3931/3931 3963/3963/3963 3944/3944/3944
f 3976/3976/3976 3944/3944/3944 3963/3963/3963
f 3963/3963/3963 3995/3995/3995 3976/3976/3976
f 4008/4008/4008 3976/3976/3976 3995/3995/3995
f 3995/3995/3995 4027/4027/4027 4008/4008/4008
f 4040/4040/4040 4008/4008/4008 4027/4027/4027
f 4027/4027/4027 4059/4059/4059 4040/4040/4040
f 4072/4072/4072 4040/4040/4040 4059/4059/4059
f 4059/4059/4059 4091/4091/4091 4072/4072/4072
f 4091/4091/4091 4104/4104/4104 4072/4072/4072
f 4104/4104/4104 4091/4091/4091 4131/4131/4131
f 4131/4131/4131 4128/4128/4128 4104/4104/4104
f 4131/4131/4131 4171/4171/4171 4128/4128/4128
f 4171/4171/4171 4212/4212/4212 4128/4128/4128
f 4160/4160/4160 4128/4128/4128 4212/4212/4212
f 4212/4212/4212 4260/4260/4260 4160/4160/4160
f 4192/4192/4192 4160/4160/4160 4260/4260/4260
f 4260/4260/4260 4232/4232/4232 4192/4192/4192
f 4232/4232/4232 4260/4260/4260 4300/4300/4300
f 4232/4232/4232 4300/4300/4300 4356/4356/4356
f 4356/4356/4356 4552/4552/4552 4232/4232/4232
f 4232/4232/4232 4552/4552/4552 4780/4780/4780
f 4780/4780/4780 4859/4859/4859 4232/4232/4232
f 4859/4859/4859 4873/4873/4873 4232/4232/4232
f 4256/4256/4256 4232/4232/4232 4873/4873/4873
f 4873/4873/4873 4889/4889/4889 4256/4256/4256
f 4889/4889/4889 4905/4905/4905 4256/4256/4256
f 4905/4905/4905 4280/4280/4280 4256/4256/4256
f 4280/4280/4280 4905/4905/4905 4923/4923/4923
f 4923/4923/4923 4953/4953/4953 4280/4280/4280
f 4953/4953/4953 4969/4969/4969 4280/4280/4280
f 4312/4312/4312 4280/4280/4280 4969/4969/4969
f 4969/4969/4969 4985/4985/4985 4312/4312/4312
f 4985/4985/4985 4336/4336/4336 4312/4312/4312
f 4372/4372/4372 4336/4336/4336 4985/4985/4985
f 4985/4985/4985 4453/4453/4453 4372/4372/4372
f 4568/4568/4568 4453/4453/4453 4985/4985/4985
f 4568/4568/4568 4985/4985/4985 4941/4941/4941
f 4592/4592/4592 4568/4568/4568 4941/4941/4941
f 4941/4941/4941 4622/4622/4622 4592/4592/4592
f 4941/4941/4941 4631/4631/4631 4622/4622/4622
f 4618/4618/4618 4631/4631/4631 4941/4941/4941
f 4941/4941/4941 4588/4588/4588 4618/4618/4618
f 4564/4564/4564 4588/4588/4588 4941/4941/4941
f 4941/4941/4941 4514/4514/4514 4564/4564/4564
f 4449/4449/4449 4514/4514/4514 4941/4941/4941
f 4332/4332/4332 4449/4449/4449 4941/4941/4941
f 4941/4941/4941 4393/4393/4393 4332/4332/4332
f 4308/4308/4308 4332/4332/4332 4393/4393/4393
f 4393/4393/4393 4276/4276/4276 4308/4308/4308
f 4252/4252/4252 4276/4276/4276 4393/4393/4393
f 4228/4228/4228 4252/4252/4252 4393/4393/4393
f 4393/4393/4393 4188/4188/4188 4228/4228/4228
f 4393/4393/4393 4156/4156/4156 4188/4188/4188
f 4124/4124/4124 4156/4156/4156 4393/4393/4393
f 4393/4393/4393 4100/4100/4100 4124/4124/4124
f 4393/4393/4393 4068/4068/4068 4100/4100/4100
f 4393/4393/4393 4036/4036/4036 4068/4068/4068
f 4393/4393/4393 4004/4004/4004 4036/4036/4036
f 3972/3972/3972 4004/4004/4004 4393/4393/4393
f 3940/3940/3940 3972/3972/3972 4393/4393/4393
f 4393/4393/4393 3900/3900/3900 3940/3940/3940
f 3860/3860/3860 3900/3900/3900 4393/4393/4393
f 3815/3815/3815 3860/3860/3860 4393/4393/4393
f 4393/4393/4393 2731/2731/2731 3815/3815/3815
f 3767/3767/3767 3815/3815/3815 2731/2731/2731
f 2731/2731/2731 3727/3727/3727 3767/3767/3767
f 3671/3671/3671 3727/3727/3727 2731/2731/2731
f 2731/2731/2731 3603/3603/3603 3671/3671/3671
f 3525/3525/3525 3603/3603/3603 2731/2731/2731
f 3459/3459/3459 3525/3525/3525 2731/2731/2731
f 2731/2731/2731 3411/3411/3411 3459/3459/3459
f 2731/2731/2731 3371/3371/3371 3411/3411/3411
f 3331/3331/3331 3371/3371/3371 2731/2731/2731
f 2731/2731/2731 3291/3291/3291 3331/3331/3331
f 3247/3247/3247 3291/3291/3291 2731/2731/2731
f 2731/2731/2731 3225/3225/3225 3247/3247/3247
f 2731/2731/2731 3201/3201/3201 3225/3225/3225
f 3167/3167/3167 3201/3201/3201 2731/2731/2731
f 2731/2731/2731 3135/3135/3135 3167/3167/3167
f 3103/3103/3103 3135/3135/3135 2731/2731/2731
f 3067/3067/3067 3103/3103/3103 2731/2731/2731
f 3053/3053/3053 3067/3067/3067 2731/2731/2731
f 2731/2731/2731 2734/2734/2734 3053/3053/3053
f 3045/3045/3045 3053/3053/3053 2734/2734/2734
f 3029/3029/3029 3045/3045/3045 2734/2734/2734
f 2734/2734/2734 3021/3021/3021 3029/3029/3029
f 2734/2734/2734 3017/3017/3017 3021/3021/3021
f 3025/3025/3025 3017/3017/3017 2734/2734/2734
f 2734/2734/2734 3033/3033/3033 3025/3025/3025
f 2734/2734/2734 3049/3049/3049 3033/3033/3033
f 3057/3057/3057 3049/3049/3049 2734/2734/2734
f 2734/2734/2734 3071/3071/3071 3057/3057/3057
f 3071/3071/3071 2734/2734/2734 2879/2879/2879
f 2879/2879/2879 3107/3107/3107 3071/3071/3071
f 2879/2879/2879 3139/3139/3139 3107/3107/3107
f 3171/3171/3171 3139/3139/3139 2879/2879/2879
f 2879/2879/2879 3205/3205/3205 3171/3171/3171
f 3229/3229/3229 3205/3205/3205 2879/2879/2879
f 2879/2879/2879 3251/3251/3251 3229/3229/3229
f 3295/3295/3295 3251/3251/3251 2879/2879/2879
f 2879/2879/2879 3335/3335/3335 3295/3295/3295
f 3375/3375/3375 3335/3335/3335 2879/2879/2879
f 2879/2879/2879 3415/3415/3415 3375/3375/3375
f 3463/3463/3463 3415/3415/3415 2879/2879/2879
f 2879/2879/2879 3529/3529/3529 3463/3463/3463
f 2879/2879/2879 2734/2734/2734 2308/2308/2308
f 2308/2308/2308 2272/2272/2272 2879/2879/2879
f 2272/2272/2272 2240/2240/2240 2879/2879/2879
f 2879/2879/2879 2240/2240/2240 2208/2208/2208
f 2208/2208/2208 2176/2176/2176 2879/2879/2879
f 2176/2176/2176 2407/2407/2407 2879/2879/2879
f 2407/2407/2407 2176/2176/2176 2152/2152/2152
f 2152/2152/2152 2377/2377/2377 2407/2407/2407
f 2377/2377/2377 2152/2152/2152 2128/2128/2128
f 2377/2377/2377 2128/2128/2128 2086/2086/2086
f 2086/2086/2086 2042/2042/2042 2377/2377/2377
f 2377/2377/2377 2042/2042/2042 2002/2002/2002
f 2377/2377/2377 2002/2002/2002 1962/1962/1962
f 1962/1962/1962 1914/1914/1914 2377/2377/2377
f 2377/2377/2377 1914/1914/1914 1846/1846/1846
f 2363/2363/2363 2377/2377/2377 1846/1846/1846
f 1846/1846/1846 1766/1766/1766 2363/2363/2363
f 2311/2311/2311 2363/2363/2363 1766/1766/1766
f 1766/1766/1766 1698/1698/1698 2311/2311/2311
f 1698/1698/1698 2243/2243/2243 2311/2311/2311
f 1710/1710/1710 2243/2243/2243 1698/1698/1698
f 1698/1698/1698 1670/1670/1670 1710/1710/1710
f 1646/1646/1646 1670/1670/1670 1698/1698/1698
f 1698/1698/1698 1614/1614/1614 1646/1646/1646
f 1590/1590/1590 1614/1614/1614 1698/1698/1698
f 1590/1590/1590 1698/1698/1698 1642/1642/1642
f 2243/2243/2243 1710/1710/1710 1738/1738/1738
f 1738/1738/1738 1754/1754/1754 2243/2243/2243
f 1754/1754/1754 1770/1770/1770 2243/2243/2243
f 2243/2243/2243 1770/1770/1770 1778/1778/1778
f 1778/1778/1778 1786/1786/1786 2243/2243/2243
f 2243/2243/2243 1786/1786/1786 1794/1794/1794
f 2243/2243/2243 1794/1794/1794 1790/1790/1790
f 1790/1790/1790 1782/1782/1782 2243/2243/2243
f 2243/2243/2243 1782/1782/1782 1774/1774/1774
f 2243/2243/2243 1774/1774/1774 1758/1758/1758
f 1758/1758/1758 1742/1742/1742 2243/2243/2243
f 2195/2195/2195 2243/2243/2243 1742/1742/1742
f 2195/2195/2195 1742/1742/1742 1714/1714/1714
f 1714/1714/1714 2155/2155/2155 2195/2195/2195
f 2155/2155/2155 1714/1714/1714 1674/1674/1674
f 2155/2155/2155 1674/1674/1674 1650/1650/1650
f 1650/1650/1650 1618/1618/1618 2155/2155/2155
f 2155/2155/2155 1618/1618/1618 1594/1594/1594
f 2115/2115/2115 2155/2155/2155 1594/1594/1594
f 2073/2073/2073 2115/2115/2115 1594/1594/1594
f 1594/1594/1594 1570/1570/1570 2073/2073/2073
f 2029/2029/2029 2073/2073/2073 1570/1570/1570
f 1570/1570/1570 1526/1526/1526 2029/2029/2029
f 1526/1526/1526 2005/2005/2005 2029/2029/2029
f 2005/2005/2005 1526/1526/1526 1494/1494/1494
f 1494/1494/1494 1462/1462/1462 2005/2005/2005
f 1462/1462/1462 1981/1981/1981 2005/2005/2005
f 1949/1949/1949 1981/1981/1981 1462/1462/1462
f 1462/1462/1462 1917/1917/1917 1949/1949/1949
f 1462/1462/1462 1885/1885/1885 1917/1917/1917
f 1885/1885/1885 1462/1462/1462 1438/1438/1438
f 1438/1438/1438 1849/1849/1849 1885/1885/1885
f 1438/1438/1438 1406/1406/1406 1849/1849/1849
f 1406/1406/1406 1833/1833/1833 1849/1849/1849
f 1833/1833/1833 1406/1406/1406 1374/1374/1374
f 1833/1833/1833 1374/1374/1374 1342/1342/1342
f 2324/2324/2324 2308/2308/2308 2734/2734/2734
f 2734/2734/2734 2332/2332/2332 2324/2324/2324
f 2348/2348/2348 2332/2332/2332 2734/2734/2734
f 2320/2320/2320 2734/2734/2734 2731/2731/2731
f 2731/2731/2731 2304/2304/2304 2320/2320/2320
f 2731/2731/2731 2268/2268/2268 2304/2304/2304
f 2731/2731/2731 2236/2236/2236 2268/2268/2268
f 2204/2204/2204 2236/2236/2236 2731/2731/2731
f 2731/2731/2731 2172/2172/2172 2204/2204/2204
f 2731/2731/2731 2148/2148/2148 2172/2172/2172
f 2124/2124/2124 2148/2148/2148 2731/2731/2731
f 2731/2731/2731 2082/2082/2082 2124/2124/2124
f 2731/2731/2731 2038/2038/2038 2082/2082/2082
f 1998/1998/1998 2038/2038/2038 2731/2731/2731
f 2731/2731/2731 1958/1958/1958 1998/1998/1998
f 1910/1910/1910 1958/1958/1958 2731/2731/2731
f 2731/2731/2731 1842/1842/1842 1910/1910/1910
f 1762/1762/1762 1842/1842/1842 2731/2731/2731
f 1694/1694/1694 1762/1762/1762 2731/2731/2731
f 1638/1638/1638 1694/1694/1694 2731/2731/2731
f 2731/2731/2731 1598/1598/1598 1638/1638/1638
f 1550/1550/1550 1598/1598/1598 2731/2731/2731
f 2731/2731/2731 980/980/980 1550/1550/1550
f 980/980/980 1505/1505/1505 1550/1550/1550
f 1465/1465/1465 1505/1505/1505 980/980/980
f 980/980/980 1425/1425/1425 1465/1465/1465
f 1393/1393/1393 1425/1425/1425 980/980/980
f 980/980/980 1361/1361/1361 1393/1393/1393
f 1329/1329/1329 1361/1361/1361 980/980/980
f 1297/1297/1297 1329/1329/1329 980/980/980
f 980/980/980 1265/1265/1265 1297/1297/1297
f 980/980/980 1241/1241/1241 1265/1265/1265
f 1209/1209/1209 1241/1241/1241 980/980/980
f 980/980/980 1177/1177/1177 1209/1209/1209
f 1137/1137/1137 1177/1177/1177 980/980/980
f 980/980/980 1113/1113/1113 1137/1137/1137
f 980/980/980 1089/1089/1089 1113/1113/1113
f 1057/1057/1057 1089/1089/1089 980/980/980
f 980/980/980 1033/1033/1033 1057/1057/1057
f 953/953/953 1033/1033/1033 980/980/980
f 953/953/953 980/980/980 529/529/529
f 529/529/529 861/861/861 953/953/953
f 529/529/529 799/799/799 861/861/861
f 749/749/749 799/799/799 529/529/529
f 529/529/529 710/710/710 749/749/749
f 688/688/688 710/710/710 529/529/529
f 529/529/529 683/683/683 688/688/688
f 692/692/692 683/683/683 529/529/529
f 529/529/529 714/714/714 692/692/692
f 753/753/753 714/714/714 529/529/529
f 803/803/803 753/753/753 529/529/529
f 529/529/529 396/396/396 803/803/803
f 803/803/803 396/396/396 420/420/420
f 420/420/420 865/865/865 803/803/803
f 420/420/420 957/957/957 865/865/865
f 957/957/957 420/420/420 444/444/444
f 444/444/444 1037/1037/1037 957/957/957
f 1037/1037/1037 444/444/444 460/460/460
f 460/460/460 1061/1061/1061 1037/1037/1037
f 1061/1061/1061 460/460/460 476/476/476
f 476/476/476 1093/1093/1093 1061/1061/1061
f 1093/1093/1093 476/476/476 492/492/492
f 492/492/492 520/520/520 1093/1093/1093
f 520/520/520 540/540/540 1093/1093/1093
f 540/540/540 556/556/556 1093/1093/1093
f 1093/1093/1093 556/556/556 572/572/572
f 572/572/572 588/588/588 1093/1093/1093
f 1093/1093/1093 588/588/588 604/604/604
f 1093/1093/1093 604/604/604 762/762/762
f 762/762/762 1011/1011/1011 1093/1093/1093
f 1011/1011/1011 1065/1065/1065 1093/1093/1093
f 1117/1117/1117 1093/1093/1093 1065/1065/1065
f 1065/1065/1065 1141/1141/1141 1117/1117/1117
f 1181/1181/1181 1141/1141/1141 1065/1065/1065
f 1181/1181/1181 1065/1065/1065 1105/1105/1105
f 1105/1105/1105 1213/1213/1213 1181/1181/1181
f 1213/1213/1213 1105/1105/1105 1153/1153/1153
f 1213/1213/1213 1153/1153/1153 1194/1194/1194
f 1245/1245/1245 1213/1213/1213 1194/1194/1194
f 1245/1245/1245 1194/1194/1194 1234/1234/1234
f 1234/1234/1234 1269/1269/1269 1245/1245/1245
f 1269/1269/1269 1234/1234/1234 1274/1274/1274
f 1301/1301/1301 1269/1269/1269 1274/1274/1274
f 1301/1301/1301 1274/1274/1274 1306/1306/1306
f 1306/1306/1306 1333/1333/1333 1301/1301/1301
f 1333/1333/1333 1306/1306/1306 1338/1338/1338
f 1338/1338/1338 1365/1365/1365 1333/1333/1333
f 1365/1365/1365 1338/1338/1338 1370/1370/1370
f 1370/1370/1370 1397/1397/1397 1365/1365/1365
f 1397/1397/1397 1370/1370/1370 1402/1402/1402
f 1402/1402/1402 1429/1429/1429 1397/1397/1397
f 1429/1429/1429 1402/1402/1402 1434/1434/1434
f 1434/1434/1434 1469/1469/1469 1429/1429/1429
f 1434/1434/1434 1458/1458/1458 1469/1469/1469
f 1509/1509/1509 1469/1469/1469 1458/1458/1458
f 1458/1458/1458 1490/1490/1490 1509/1509/1509
f 1490/1490/1490 1554/1554/1554 1509/1509/1509
f 1490/1490/1490 1602/1602/1602 1554/1554/1554
f 1602/1602/1602 1490/1490/1490 1522/1522/1522
f 1522/1522/1522 1642/1642/1642 1602/1602/1602
f 1522/1522/1522 1566/1566/1566 1642/1642/1642
f 1566/1566/1566 1590/1590/1590 1642/1642/1642
f 368/368/368 396/396/396 529/529/529
f 529/529/529 360/360/360 368/368/368
f 360/360/360 529/529/529 327/327/327
f 2320/2320/2320 2328/2328/2328 2734/2734/2734
f 2734/2734/2734 2328/2328/2328 2344/2344/2344
f 2344/2344/2344 2352/2352/2352 2734/2734/2734
f 2352/2352/2352 2360/2360/2360 2734/2734/2734
f 2734/2734/2734 2360/2360/2360 2356/2356/2356
f 2356/2356/2356 2348/2348/2348 2734/2734/2734
f 4941/4941/4941 4985/4985/4985 4999/4999/4999
f 4999/4999/4999 5023/5023/5023 4941/4941/4941
f 4941/4941/4941 5023/5023/5023 5047/5047/5047
f 4941/4941/4941 5047/5047/5047 5075/5075/5075
f 5121/5121/5121 4941/4941/4941 5075/5075/5075
f 5075/5075/5075 5083/5083/5083 5121/5121/5121
f 5121/5121/5121 5083/5083/5083 5091/5091/5091
f 5091/5091/5091 5099/5099/5099 5121/5121/5121
f 5121/5121/5121 5099/5099/5099 5107/5107/5107
f 5107/5107/5107 5115/5115/5115 5121/5121/5121
f 5121/5121/5121 5115/5115/5115 5111/5111/5111
f 5121/5121/5121 5111/5111/5111 5103/5103/5103
f 5103/5103/5103 5095/5095/5095 5121/5121/5121
f 5121/5121/5121 5095/5095/5095 5087/5087/5087
f 5087/5087/5087 5079/5079/5079 5121/5121/5121
f 5121/5121/5121 5079/5079/5079 5051/5051/5051
f 5051/5051/5051 5027/5027/5027 5121/5121/5121
f 5121/5121/5121 5027/5027/5027 5003/5003/5003
f 5121/5121/5121 5003/5003/5003 4973/4973/4973
f 4973/4973/4973 4957/4957/4957 5121/5121/5121
f 5121/5121/5121 4957/4957/4957 4927/4927/4927
f 5121/5121/5121 4927/4927/4927 4909/4909/4909
f 4909/4909/4909 4893/4893/4893 5121/5121/5121
f 5121/5121/5121 4893/4893/4893 4877/4877/4877
f 4877/4877/4877 4863/4863/4863 5121/5121/5121
f 5121/5121/5121 4863/4863/4863 4784/4784/4784
f 3607/3607/3607 3529/3529/3529 2879/2879/2879
f 5121/5121/5121 4784/4784/4784 4556/4556/4556
f 2738/2738/2738 2411/2411/2411 2664/2664/2664
f 2411/2411/2411 2395/2395/2395 2664/2664/2664
f 2664/2664/2664 2395/2395/2395 2381/2381/2381
f 2664/2664/2664 2381/2381/2381 2365/2365/2365
f 2365/2365/2365 2315/2315/2315 2664/2664/2664
f 2664/2664/2664 2315/2315/2315 2247/2247/2247
f 2247/2247/2247 2199/2199/2199 2664/2664/2664
f 2664/2664/2664 2199/2199/2199 2159/2159/2159
f 2159/2159/2159 2119/2119/2119 2664/2664/2664
f 2664/2664/2664 2119/2119/2119 2077/2077/2077
f 2077/2077/2077 2033/2033/2033 2664/2664/2664
f 2033/2033/2033 2009/2009/2009 2664/2664/2664
f 1069/1069/1069 2664/2664/2664 2009/2009/2009
f 2009/2009/2009 1985/1985/1985 1069/1069/1069
f 1069/1069/1069 1985/1985/1985 1953/1953/1953
f 1953/1953/1953 1921/1921/1921 1069/1069/1069
f 1069/1069/1069 1921/1921/1921 1889/1889/1889
f 1889/1889/1889 1853/1853/1853 1069/1069/1069
f 1069/1069/1069 1853/1853/1853 1837/1837/1837
f 1837/1837/1837 1829/1829/1829 1069/1069/1069
f 1829/1829/1829 1813/1813/1813 1069/1069/1069
f 1069/1069/1069 1813/1813/1813 1805/1805/1805
f 1069/1069/1069 1805/1805/1805 1797/1797/1797
f 1797/1797/1797 1801/1801/1801 1069/1069/1069
f 1069/1069/1069 1801/1801/1801 1809/1809/1809
f 1809/1809/1809 1825/1825/1825 1069/1069/1069
f 1825/1825/1825 1833/1833/1833 1069/1069/1069
f 1833/1833/1833 1109/1109/1109 1069/1069/1069
f 1157/1157/1157 1109/1109/1109 1833/1833/1833
f 1833/1833/1833 1198/1198/1198 1157/1157/1157
f 1238/1238/1238 1198/1198/1198 1833/1833/1833
f 1278/1278/1278 1238/1238/1238 1833/1833/1833
f 1833/1833/1833 1310/1310/1310 1278/1278/1278
f 1342/1342/1342 1310/1310/1310 1833/1833/1833
f 2664/2664/2664 1069/1069/1069 766/766/766
f 2664/2664/2664 766/766/766 608/608/608
f 327/327/327 2664/2664/2664 608/608/608
f 608/608/608 592/592/592 327/327/327
f 327/327/327 592/592/592 576/576/576
f 576/576/576 560/560/560 327/327/327
f 327/327/327 560/560/560 544/544/544
f 327/327/327 544/544/544 524/524/524
f 524/524/524 496/496/496 327/327/327
f 327/327/327 496/496/496 480/480/480
f 480/480/480 464/464/464 327/327/327
f 327/327/327 464/464/464 448/448/448
f 448/448/448 424/424/424 327/327/327
f 424/424/424 400/400/400 327/327/327
f 327/327/327 400/400/400 372/372/372
f 372/372/372 364/364/364 327/327/327
f 364/364/364 356/356/356 327/327/327
f 356/356/356 348/348/348 327/327/327
f 327/327/327 348/348/348 340/340/340
f 340/340/340 332/332/332 327/327/327
f 327/327/327 332/332/332 336/336/336
f 336/336/336 344/344/344 327/327/327
f 4940/4940/4940 5118/5118/5118 5138/5138/5138
f 2730/2730/2730 4391/4391/4391 4398/4398/4398
f 528/528/528 977/977/977 934/934/934
f 4461/4461/4461 4390/4390/4390 4940/4940/4940
f 5138/5138/5138 4461/4461/4461 4940/4940/4940
f 5141/5141/5141 5138/5138/5138 5120/5120/5120
f 4461/4461/4461 4459/4459/4459 4392/4392/4392
f 4424/4424/4424 4398/4398/4398 4392/4392/4392
f 4429/4429/4429 4424/4424/4424 4392/4392/4392
f 4431/4431/4431 4429/4429/4429 4392/4392/4392
f 4433/4433/4433 4431/4431/4431 4392/4392/4392
f 4435/4435/4435 4433/4433/4433 4392/4392/4392
f 4437/4437/4437 4435/4435/4435 4392/4392/4392
f 4439/4439/4439 4437/4437/4437 4392/4392/4392
f 4459/4459/4459 4457/4457/4457 4392/4392/4392
f 4457/4457/4457 4446/4446/4446 4392/4392/4392
f 4446/4446/4446 4443/4443/4443 4392/4392/4392
f 4443/4443/4443 4441/4441/4441 4392/4392/4392
f 4441/4441/4441 4439/4439/4439 4392/4392/4392
f 5145/5145/5145 5141/5141/5141 5120/5120/5120
f 5149/5149/5149 5145/5145/5145 5120/5120/5120
f 5147/5147/5147 5149/5149/5149 5120/5120/5120
f 5143/5143/5143 5147/5147/5147 5120/5120/5120
f 5139/5139/5139 5143/5143/5143 5120/5120/5120
f 5136/5136/5136 5139/5139/5139 5120/5120/5120
f 5134/5134/5134 5136/5136/5136 5120/5120/5120
f 5132/5132/5132 5134/5134/5134 5120/5120/5120
f 5130/5130/5130 5132/5132/5132 5120/5120/5120
f 5128/5128/5128 5130/5130/5130 5120/5120/5120
f 5126/5126/5126 5128/5128/5128 5120/5120/5120
f 935/935/935 934/934/934 979/979/979
f 937/937/937 935/935/935 979/979/979
f 939/939/939 937/937/937 979/979/979
f 942/942/942 939/939/939 979/979/979
f 944/944/944 942/942/942 979/979/979
f 946/946/946 944/944/944 979/979/979
f 948/948/948 946/946/946 979/979/979
f 951/951/951 948/948/948 979/979/979
f 961/961/961 951/951/951 979/979/979
f 971/971/971 961/961/961 979/979/979
f 973/973/973 971/971/971 979/979/979
f 975/975/975 973/973/973 979/979/979
f 2742/2742/2742 2662/2662/2662 2699/2699/2699
f 2691/2691/2691 2699/2699/2699 2663/2663/2663
f 2687/2687/2687 2691/2691/2691 2663/2663/2663
f 2680/2680/2680 2687/2687/2687 2663/2663/2663
f 2675/2675/2675 2680/2680/2680 2663/2663/2663
f 2672/2672/2672 2675/2675/2675 2663/2663/2663
f 2669/2669/2669 2672/2672/2672 2663/2663/2663
f 2659/2659/2659 2669/2669/2669 2663/2663/2663
f 2655/2655/2655 2659/2659/2659 2663/2663/2663
f 2653/2653/2653 2655/2655/2655 2663/2663/2663
f 2650/2650/2650 2653/2653/2653 2663/2663/2663
f 2644/2644/2644 2650/2650/2650 2663/2663/2663
f 2640/2640/2640 2644/2644/2644 2663/2663/2663
f 2742/2742/2742 2699/2699/2699 5151/5151/5151
f 5151/5151/5151 5119/5119/5119 2742/2742/2742
f 5151/5151/5151 5126/5126/5126 5120/5120/5120
f 5126/5126/5126 5151/5151/5151 5128/5128/5128
f 528/528/528 934/934/934 284/284/284
f 284/284/284 324/324/324 528/528/528
f 2661/2661/2661 325/325/325 289/289/289
f 289/289/289 2604/2604/2604 2661/2661/2661
f 2604/2604/2604 2640/2640/2640 2663/2663/2663
f 2604/2604/2604 2644/2644/2644 2640/2640/2640
f 985/985/985 978/978/978 2730/2730/2730
f 985/985/985 975/975/975 979/979/979
f 985/985/985 973/973/973 975/975/975
f 985/985/985 971/971/971 973/973/973
f 985/985/985 961/961/961 971/971/971
f 961/961/961 985/985/985 951/951/951
f 4398/4398/4398 985/985/985 2730/2730/2730
f 5147/5147/5147 5153/5153/5153 5149/5149/5149
f 5153/5153/5153 5147/5147/5147 5143/5143/5143
f 5153/5153/5153 5143/5143/5143 5139/5139/5139
f 5139/5139/5139 5136/5136/5136 5153/5153/5153
f 5138/5138/5138 4507/4507/4507 4461/4461/4461
f 4507/4507/4507 4459/4459/4459 4461/4461/4461
f 4507/4507/4507 4457/4457/4457 4459/4459/4459
f 985/985/985 4398/4398/4398 4400/4400/4400
f 4424/4424/4424 4400/4400/4400 4398/4398/4398
f 4400/4400/4400 4424/4424/4424 4429/4429/4429
f 4400/4400/4400 4429/4429/4429 4431/4431/4431
f 4400/4400/4400 4431/4431/4431 4433/4433/4433
f 4400/4400/4400 4433/4433/4433 4435/4435/4435
f 4400/4400/4400 4435/4435/4435 4437/4437/4437
f 284/284/284 934/934/934 875/875/875
f 875/875/875 934/934/934 935/935/935
f 875/875/875 935/935/935 937/937/937
f 875/875/875 937/937/937 939/939/939
f 875/875/875 939/939/939 942/942/942
f 875/875/875 942/942/942 944/944/944
f 875/875/875 944/944/944 946/946/946
f 875/875/875 946/946/946 948/948/948
f 4484/4484/4484 4439/4439/4439 4441/4441/4441
f 4484/4484/4484 4441/4441/4441 4443/4443/4443
f 4484/4484/4484 4443/4443/4443 4446/4446/4446
f 4457/4457/4457 4507/4507/4507 4446/4446/4446
f 4484/4484/4484 4446/4446/4446 4507/4507/4507
f 4484/4484/4484 4437/4437/4437 4439/4439/4439
f 4437/4437/4437 4484/4484/4484 4400/4400/4400
f 5141/5141/5141 5165/5165/5165 5138/5138/5138
f 5165/5165/5165 5141/5141/5141 5145/5145/5145
f 5165/5165/5165 5145/5145/5145 5149/5149/5149
f 2687/2687/2687 2726/2726/2726 2691/2691/2691
f 2726/2726/2726 2687/2687/2687 2680/2680/2680
f 2726/2726/2726 2680/2680/2680 2675/2675/2675
f 2726/2726/2726 2675/2675/2675 2672/2672/2672
f 2671/2671/2671 2672/2672/2672 2669/2669/2669
f 2672/2672/2672 2671/2671/2671 2726/2726/2726
f 2671/2671/2671 2669/2669/2669 2659/2659/2659
f 2655/2655/2655 2671/2671/2671 2659/2659/2659
f 2671/2671/2671 2655/2655/2655 2653/2653/2653
f 2671/2671/2671 2653/2653/2653 2650/2650/2650
f 2609/2609/2609 2650/2650/2650 2644/2644/2644
f 2650/2650/2650 2609/2609/2609 2671/2671/2671
f 2644/2644/2644 2604/2604/2604 2609/2609/2609
f 906/906/906 951/951/951 985/985/985
f 906/906/906 875/875/875 951/951/951
f 875/875/875 948/948/948 951/951/951
f 4507/4507/4507 5138/5138/5138 5173/5173/5173
f 5173/5173/5173 5138/5138/5138 5165/5165/5165
f 5151/5151/5151 2699/2699/2699 2776/2776/2776
f 2776/2776/2776 2699/2699/2699 2691/2691/2691
f 2691/2691/2691 2726/2726/2726 2776/2776/2776
f 2604/2604/2604 289/289/289 288/288/288
f 5134/5134/5134 5176/5176/5176 5136/5136/5136
f 5136/5136/5136 5176/5176/5176 5153/5153/5153
f 5176/5176/5176 5134/5134/5134 5132/5132/5132
f 5176/5176/5176 5132/5132/5132 5130/5130/5130
f 5176/5176/5176 5130/5130/5130 5128/5128/5128
f 5128/5128/5128 5166/5166/5166 5176/5176/5176
f 5166/5166/5166 5128/5128/5128 5151/5151/5151
f 289/289/289 282/282/282 288/288/288
f 314/314/314 282/282/282 289/289/289
f 289/289/289 317/317/317 314/314/314
f 314/314/314 317/317/317 326/326/326
f 317/317/317 320/320/320 326/326/326
f 289/289/289 320/320/320 317/317/317
f 320/320/320 322/322/322 326/326/326
f 322/322/322 289/289/289 326/326/326
f 289/289/289 322/322/322 320/320/320
f 311/311/311 314/314/314 326/326/326
f 282/282/282 314/314/314 311/311/311
f 308/308/308 311/311/311 326/326/326
f 282/282/282 311/311/311 308/308/308
f 305/305/305 308/308/308 326/326/326
f 282/282/282 308/308/308 305/305/305
f 300/300/300 305/305/305 326/326/326
f 282/282/282 305/305/305 300/300/300
f 295/295/295 300/300/300 326/326/326
f 282/282/282 300/300/300 295/295/295
f 293/293/293 295/295/295 326/326/326
f 295/295/295 293/293/293 282/282/282
f 298/298/298 293/293/293 326/326/326
f 298/298/298 282/282/282 293/293/293
f 303/303/303 298/298/298 326/326/326
f 284/284/284 303/303/303 326/326/326
f 282/282/282 298/298/298 303/303/303
f 303/303/303 284/284/284 282/282/282
f 929/929/929 906/906/906 985/985/985
f 4478/4478/4478 4400/4400/4400 4484/4484/4484
f 2776/2776/2776 5155/5155/5155 5151/5151/5151
f 5151/5151/5151 5155/5155/5155 5166/5166/5166
f 2727/2727/2727 2726/2726/2726 2671/2671/2671
f 265/265/265 282/282/282 284/284/284
f 288/288/288 2547/2547/2547 2604/2604/2604
f 2604/2604/2604 2547/2547/2547 2609/2609/2609
f 5173/5173/5173 4528/4528/4528 4507/4507/4507
f 875/875/875 267/267/267 284/284/284
f 265/265/265 284/284/284 267/267/267
f 4400/4400/4400 987/987/987 985/985/985
f 985/985/985 987/987/987 929/929/929
f 5165/5165/5165 5181/5181/5181 5173/5173/5173
f 5181/5181/5181 5165/5165/5165 5149/5149/5149
f 5181/5181/5181 5149/5149/5149 5153/5153/5153
f 4507/4507/4507 4528/4528/4528 4527/4527/4527
f 4527/4527/4527 4484/4484/4484 4507/4507/4507
f 282/282/282 275/275/275 288/288/288
f 2619/2619/2619 2671/2671/2671 2609/2609/2609
f 282/282/282 265/265/265 266/266/266
f 282/282/282 266/266/266 275/275/275
f 267/267/267 875/875/875 836/836/836
f 836/836/836 875/875/875 906/906/906
f 987/987/987 4400/4400/4400 4401/4401/4401
f 4401/4401/4401 4400/4400/4400 4478/4478/4478
f 2609/2609/2609 2593/2593/2593 2619/2619/2619
f 2593/2593/2593 2609/2609/2609 2547/2547/2547
f 2671/2671/2671 2619/2619/2619 2674/2674/2674
f 2767/2767/2767 2726/2726/2726 2727/2727/2727
f 2725/2725/2725 2727/2727/2727 2671/2671/2671
f 4484/4484/4484 4527/4527/4527 4520/4520/4520
f 4520/4520/4520 4478/4478/4478 4484/4484/4484
f 2547/2547/2547 288/288/288 276/276/276
f 288/288/288 275/275/275 276/276/276
f 2776/2776/2776 5162/5162/5162 5155/5155/5155
f 906/906/906 842/842/842 836/836/836
f 906/906/906 882/882/882 842/842/842
f 882/882/882 906/906/906 929/929/929
f 929/929/929 987/987/987 882/882/882
f 4478/4478/4478 4466/4466/4466 4401/4401/4401
f 4478/4478/4478 4520/4520/4520 4466/4466/4466
f 5180/5180/5180 5155/5155/5155 5162/5162/5162
f 5180/5180/5180 5166/5166/5166 5155/5155/5155
f 5166/5166/5166 5180/5180/5180 5176/5176/5176
f 5176/5176/5176 5180/5180/5180 5187/5187/5187
f 5176/5176/5176 5187/5187/5187 5194/5194/5194
f 987/987/987 950/950/950 882/882/882
f 2832/2832/2832 2726/2726/2726 2767/2767/2767
f 5234/5234/5234 5176/5176/5176 5194/5194/5194
f 2611/2611/2611 2619/2619/2619 2593/2593/2593
f 2619/2619/2619 2611/2611/2611 2677/2677/2677
f 2677/2677/2677 2674/2674/2674 2619/2619/2619
f 4401/4401/4401 990/990/990 987/987/987
f 987/987/987 990/990/990 950/950/950
f 950/950/950 990/990/990 882/882/882
f 990/990/990 4401/4401/4401 4403/4403/4403
f 4403/4403/4403 4401/4401/4401 4466/4466/4466
f 2751/2751/2751 2671/2671/2671 2674/2674/2674
f 2751/2751/2751 2725/2725/2725 2671/2671/2671
f 4466/4466/4466 4488/4488/4488 4403/4403/4403
f 990/990/990 4403/4403/4403 4405/4405/4405
f 4405/4405/4405 992/992/992 990/990/990
f 4405/4405/4405 4403/4403/4403 4488/4488/4488
f 990/990/990 992/992/992 911/911/911
f 4488/4488/4488 4481/4481/4481 4405/4405/4405
f 172/172/172 175/175/175 133/133/133
f 133/133/133 128/128/128 172/172/172
f 195/195/195 133/133/133 175/175/175
f 133/133/133 195/195/195 168/168/168
f 168/168/168 126/126/126 133/133/133
f 175/175/175 230/230/230 195/195/195
f 230/230/230 175/175/175 217/217/217
f 172/172/172 217/217/217 175/175/175
f 209/209/209 168/168/168 195/195/195
f 195/195/195 230/230/230 209/209/209
f 205/205/205 217/217/217 172/172/172
f 217/217/217 227/227/227 230/230/230
f 257/257/257 209/209/209 230/230/230
f 257/257/257 230/230/230 247/247/247
f 168/168/168 209/209/209 167/167/167
f 126/126/126 168/168/168 167/167/167
f 167/167/167 145/145/145 126/126/126
f 209/209/209 257/257/257 250/250/250
f 250/250/250 223/223/223 209/209/209
f 167/167/167 209/209/209 223/223/223
f 223/223/223 212/212/212 167/167/167
f 247/247/247 275/275/275 257/257/257
f 266/266/266 250/250/250 257/257/257
f 266/266/266 257/257/257 275/275/275
f 223/223/223 250/250/250 256/256/256
f 229/229/229 212/212/212 223/223/223
f 256/256/256 229/229/229 223/223/223
f 250/250/250 266/266/266 265/265/265
f 265/265/265 267/267/267 250/250/250
f 267/267/267 256/256/256 250/250/250
f 212/212/212 191/191/191 167/167/167
f 229/229/229 191/191/191 212/212/212
f 145/145/145 167/167/167 191/191/191
f 191/191/191 164/164/164 145/145/145
f 783/783/783 229/229/229 256/256/256
f 229/229/229 783/783/783 722/722/722
f 722/722/722 191/191/191 229/229/229
f 256/256/256 836/836/836 783/783/783
f 791/791/791 722/722/722 783/783/783
f 836/836/836 791/791/791 783/783/783
f 836/836/836 256/256/256 267/267/267
f 791/791/791 796/796/796 722/722/722
f 791/791/791 836/836/836 842/842/842
f 842/842/842 796/796/796 791/791/791
f 796/796/796 732/732/732 722/722/722
f 676/676/676 164/164/164 191/191/191
f 191/191/191 722/722/722 676/676/676
f 676/676/676 722/722/722 732/732/732
f 796/796/796 798/798/798 732/732/732
f 796/796/796 842/842/842 882/882/882
f 798/798/798 796/796/796 839/839/839
f 882/882/882 839/839/839 796/796/796
f 732/732/732 720/720/720 676/676/676
f 720/720/720 732/732/732 798/798/798
f 798/798/798 741/741/741 720/720/720
f 839/839/839 821/821/821 798/798/798
f 882/882/882 870/870/870 839/839/839
f 821/821/821 839/839/839 870/870/870
f 798/798/798 792/792/792 741/741/741
f 792/792/792 798/798/798 821/821/821
f 703/703/703 720/720/720 741/741/741
f 882/882/882 911/911/911 870/870/870
f 911/911/911 882/882/882 990/990/990
f 870/870/870 876/876/876 821/821/821
f 876/876/876 870/870/870 911/911/911
f 792/792/792 821/821/821 848/848/848
f 848/848/848 821/821/821 876/876/876
f 876/876/876 871/871/871 848/848/848
f 778/778/778 792/792/792 848/848/848
f 911/911/911 995/995/995 876/876/876
f 871/871/871 876/876/876 995/995/995
f 995/995/995 911/911/911 992/992/992
f 4405/4405/4405 995/995/995 992/992/992
f 848/848/848 817/817/817 778/778/778
f 5230/5230/5230 2921/2921/2921 2913/2913/2913
f 5230/5230/5230 2913/2913/2913 2906/2906/2906
f 2906/2906/2906 5220/5220/5220 5230/5230/5230
f 2906/2906/2906 2913/2913/2913 2889/2889/2889
f 2889/2889/2889 2882/2882/2882 2906/2906/2906
f 5230/5230/5230 5220/5220/5220 5248/5248/5248
f 5220/5220/5220 2906/2906/2906 2883/2883/2883
f 2883/2883/2883 2906/2906/2906 2882/2882/2882
f 5226/5226/5226 5248/5248/5248 5220/5220/5220
f 2882/2882/2882 2866/2866/2866 2883/2883/2883
f 2883/2883/2883 5202/5202/5202 5220/5220/5220
f 5217/5217/5217 5226/5226/5226 5220/5220/5220
f 5220/5220/5220 5202/5202/5202 5217/5217/5217
f 2866/2866/2866 2848/2848/2848 2883/2883/2883
f 2866/2866/2866 2882/2882/2882 2844/2844/2844
f 2844/2844/2844 2837/2837/2837 2866/2866/2866
f 2848/2848/2848 2866/2866/2866 2837/2837/2837
f 2837/2837/2837 2828/2828/2828 2848/2848/2848
f 5226/5226/5226 5217/5217/5217 5242/5242/5242
f 5202/5202/5202 2883/2883/2883 2860/2860/2860
f 2860/2860/2860 2883/2883/2883 2848/2848/2848
f 2848/2848/2848 2838/2838/2838 2860/2860/2860
f 2838/2838/2838 2848/2848/2848 2828/2828/2828
f 2828/2828/2828 2822/2822/2822 2838/2838/2838
f 2882/2882/2882 2889/2889/2889 2852/2852/2852
f 2852/2852/2852 2844/2844/2844 2882/2882/2882
f 2837/2837/2837 2797/2797/2797 2828/2828/2828
f 2822/2822/2822 2828/2828/2828 2797/2797/2797
f 2797/2797/2797 2787/2787/2787 2822/2822/2822
f 5202/5202/5202 2860/2860/2860 2842/2842/2842
f 2842/2842/2842 5192/5192/5192 5202/5202/5202
f 2842/2842/2842 2860/2860/2860 2838/2838/2838
f 2838/2838/2838 2827/2827/2827 2842/2842/2842
f 2827/2827/2827 2838/2838/2838 2822/2822/2822
f 2822/2822/2822 2787/2787/2787 2827/2827/2827
f 5242/5242/5242 5256/5256/5256 5226/5226/5226
f 5248/5248/5248 5226/5226/5226 5256/5256/5256
f 5256/5256/5256 5268/5268/5268 5248/5248/5248
f 5232/5232/5232 5256/5256/5256 5242/5242/5242
f 2837/2837/2837 2844/2844/2844 2820/2820/2820
f 2797/2797/2797 2837/2837/2837 2779/2779/2779
f 2837/2837/2837 2820/2820/2820 2779/2779/2779
f 2797/2797/2797 2779/2779/2779 2787/2787/2787
f 5192/5192/5192 2842/2842/2842 2833/2833/2833
f 2833/2833/2833 2842/2842/2842 2827/2827/2827
f 2833/2833/2833 5185/5185/5185 5192/5192/5192
f 5319/5319/5319 5248/5248/5248 5268/5268/5268
f 5248/5248/5248 5319/5319/5319 5230/5230/5230
f 5319/5319/5319 5274/5274/5274 5230/5230/5230
f 2901/2901/2901 2889/2889/2889 2913/2913/2913
f 2913/2913/2913 2921/2921/2921 2901/2901/2901
f 2825/2825/2825 2820/2820/2820 2844/2844/2844
f 2844/2844/2844 2852/2852/2852 2825/2825/2825
f 2864/2864/2864 2852/2852/2852 2889/2889/2889
f 2889/2889/2889 2901/2901/2901 2864/2864/2864
f 5319/5319/5319 5268/5268/5268 5306/5306/5306
f 5306/5306/5306 5348/5348/5348 5319/5319/5319
f 5268/5268/5268 5256/5256/5256 5270/5270/5270
f 5230/5230/5230 2928/2928/2928 2921/2921/2921
f 5274/5274/5274 5289/5289/5289 5230/5230/5230
f 5289/5289/5289 5274/5274/5274 5319/5319/5319
f 2820/2820/2820 2825/2825/2825 2786/2786/2786
f 2786/2786/2786 2779/2779/2779 2820/2820/2820
f 2787/2787/2787 2782/2782/2782 2827/2827/2827
f 2782/2782/2782 2787/2787/2787 2783/2783/2783
f 2827/2827/2827 2782/2782/2782 2810/2810/2810
f 2810/2810/2810 2833/2833/2833 2827/2827/2827
f 5185/5185/5185 2833/2833/2833 2810/2810/2810
f 2810/2810/2810 5168/5168/5168 5185/5185/5185
f 2782/2782/2782 2783/2783/2783 2752/2752/2752
f 2779/2779/2779 2752/2752/2752 2783/2783/2783
f 2783/2783/2783 2787/2787/2787 2779/2779/2779
f 2752/2752/2752 2779/2779/2779 2685/2685/2685
f 2752/2752/2752 2718/2718/2718 2782/2782/2782
f 2718/2718/2718 2752/2752/2752 2685/2685/2685
f 2685/2685/2685 2679/2679/2679 2718/2718/2718
f 2679/2679/2679 2685/2685/2685 2648/2648/2648
f 5306/5306/5306 5413/5413/5413 5348/5348/5348
f 5413/5413/5413 5306/5306/5306 5425/5425/5425
f 2779/2779/2779 2786/2786/2786 2697/2697/2697
f 2685/2685/2685 2779/2779/2779 2643/2643/2643
f 2638/2638/2638 2643/2643/2643 2779/2779/2779
f 2631/2631/2631 2638/2638/2638 2779/2779/2779
f 2779/2779/2779 2697/2697/2697 2631/2631/2631
f 2638/2638/2638 2599/2599/2599 2643/2643/2643
f 2599/2599/2599 2603/2603/2603 2643/2643/2643
f 3080/3080/3080 3076/3076/3076 3078/3078/3078
f 3078/3078/3078 3082/3082/3082 3080/3080/3080
f 3088/3088/3088 3080/3080/3080 3082/3082/3082
f 3082/3082/3082 3090/3090/3090 3088/3088/3088
f 3086/3086/3086 3078/3078/3078 3076/3076/3076
f 3076/3076/3076 3084/3084/3084 3086/3086/3086
f 3094/3094/3094 3086/3086/3086 3084/3084/3084
f 3084/3084/3084 3092/3092/3092 3094/3094/3094
f 3118/3118/3118 3094/3094/3094 3092/3092/3092
f 3092/3092/3092 3116/3116/3116 3118/3118/3118
f 3112/3112/3112 3088/3088/3088 3090/3090/3090
f 3090/3090/3090 3114/3114/3114 3112/3112/3112
f 3126/3126/3126 3118/3118/3118 3116/3116/3116
f 3116/3116/3116 3124/3124/3124 3126/3126/3126
f 3120/3120/3120 3112/3112/3112 3114/3114/3114
f 3114/3114/3114 3122/3122/3122 3120/3120/3120
f 3144/3144/3144 3120/3120/3120 3122/3122/3122
f 3122/3122/3122 3146/3146/3146 3144/3144/3144
f 3150/3150/3150 3126/3126/3126 3124/3124/3124
f 3124/3124/3124 3148/3148/3148 3150/3150/3150
f 3166/3166/3166 3150/3150/3150 3148/3148/3148
f 3148/3148/3148 3164/3164/3164 3166/3166/3166
f 3160/3160/3160 3144/3144/3144 3146/3146/3146
f 3146/3146/3146 3162/3162/3162 3160/3160/3160
f 3184/3184/3184 3160/3160/3160 3162/3162/3162
f 3162/3162/3162 3186/3186/3186 3184/3184/3184
f 3190/3190/3190 3166/3166/3166 3164/3164/3164
f 3164/3164/3164 3188/3188/3188 3190/3190/3190
f 3216/3216/3216 3190/3190/3190 3188/3188/3188
f 3188/3188/3188 3214/3214/3214 3216/3216/3216
f 3210/3210/3210 3184/3184/3184 3186/3186/3186
f 3186/3186/3186 3212/3212/3212 3210/3210/3210
f 3240/3240/3240 3210/3210/3210 3212/3212/3212
f 3212/3212/3212 3242/3242/3242 3240/3240/3240
f 3246/3246/3246 3216/3216/3216 3214/3214/3214
f 3214/3214/3214 3244/3244/3244 3246/3246/3246
f 3270/3270/3270 3246/3246/3246 3244/3244/3244
f 3244/3244/3244 3268/3268/3268 3270/3270/3270
f 3264/3264/3264 3240/3240/3240 3242/3242/3242
f 3242/3242/3242 3266/3266/3266 3264/3264/3264
f 3280/3280/3280 3264/3264/3264 3266/3266/3266
f 3266/3266/3266 3284/3284/3284 3280/3280/3280
f 3290/3290/3290 3270/3270/3270 3268/3268/3268
f 3268/3268/3268 3287/3287/3287 3290/3290/3290
f 2293/2293/2293 2301/2301/2301 2299/2299/2299
f 2299/2299/2299 2291/2291/2291 2293/2293/2293
f 2285/2285/2285 2293/2293/2293 2291/2291/2291
f 2291/2291/2291 2283/2283/2283 2285/2285/2285
f 2295/2295/2295 2299/2299/2299 2301/2301/2301
f 2301/2301/2301 2297/2297/2297 2295/2295/2295
f 2287/2287/2287 2295/2295/2295 2297/2297/2297
f 2297/2297/2297 2289/2289/2289 2287/2287/2287
f 2263/2263/2263 2287/2287/2287 2289/2289/2289
f 2289/2289/2289 2265/2265/2265 2263/2263/2263
f 2255/2255/2255 2263/2263/2263 2265/2265/2265
f 2265/2265/2265 2257/2257/2257 2255/2255/2255
f 2261/2261/2261 2285/2285/2285 2283/2283/2283
f 2283/2283/2283 2259/2259/2259 2261/2261/2261
f 2253/2253/2253 2261/2261/2261 2259/2259/2259
f 2259/2259/2259 2251/2251/2251 2253/2253/2253
f 2229/2229/2229 2253/2253/2253 2251/2251/2251
f 2251/2251/2251 2227/2227/2227 2229/2229/2229
f 2231/2231/2231 2255/2255/2255 2257/2257/2257
f 2257/2257/2257 2233/2233/2233 2231/2231/2231
f 2215/2215/2215 2231/2231/2231 2233/2233/2233
f 2233/2233/2233 2217/2217/2217 2215/2215/2215
f 2213/2213/2213 2229/2229/2229 2227/2227/2227
f 2227/2227/2227 2211/2211/2211 2213/2213/2213
f 2189/2189/2189 2213/2213/2213 2211/2211/2211
f 2211/2211/2211 2187/2187/2187 2189/2189/2189
f 2191/2191/2191 2215/2215/2215 2217/2217/2217
f 2217/2217/2217 2193/2193/2193 2191/2191/2191
f 2167/2167/2167 2191/2191/2191 2193/2193/2193
f 2193/2193/2193 2169/2169/2169 2167/2167/2167
f 2165/2165/2165 2189/2189/2189 2187/2187/2187
f 2187/2187/2187 2163/2163/2163 2165/2165/2165
f 2133/2133/2133 2165/2165/2165 2163/2163/2163
f 2163/2163/2163 2131/2131/2131 2133/2133/2133
f 2135/2135/2135 2167/2167/2167 2169/2169/2169
f 2169/2169/2169 2137/2137/2137 2135/2135/2135
f 2111/2111/2111 2135/2135/2135 2137/2137/2137
f 2137/2137/2137 2113/2113/2113 2111/2111/2111
f 2109/2109/2109 2133/2133/2133 2131/2131/2131
f 2131/2131/2131 2107/2107/2107 2109/2109/2109
f 2092/2092/2092 2109/2109/2109 2107/2107/2107
f 2107/2107/2107 2089/2089/2089 2092/2092/2092
f 2096/2096/2096 2111/2111/2111 2113/2113/2113
f 2113/2113/2113 2099/2099/2099 2096/2096/2096
f 4021/4021/4021 4053/4053/4053 4051/4051/4051
f 4051/4051/4051 4019/4019/4019 4021/4021/4021
f 4083/4083/4083 4051/4051/4051 4053/4053/4053
f 4053/4053/4053 4085/4085/4085 4083/4083/4083
f 3989/3989/3989 4021/4021/4021 4019/4019/4019
f 4019/4019/4019 3987/3987/3987 3989/3989/3989
f 3957/3957/3957 3989/3989/3989 3987/3987/3987
f 3987/3987/3987 3955/3955/3955 3957/3957/3957
f 3925/3925/3925 3957/3957/3957 3955/3955/3955
f 3955/3955/3955 3923/3923/3923 3925/3925/3925
f 3893/3893/3893 3925/3925/3925 3923/3923/3923
f 3923/3923/3923 3891/3891/3891 3893/3893/3893
f 3853/3853/3853 3893/3893/3893 3891/3891/3891
f 3891/3891/3891 3851/3851/3851 3853/3853/3853
f 3826/3826/3826 3853/3853/3853 3851/3851/3851
f 3851/3851/3851 3824/3824/3824 3826/3826/3826
f 3786/3786/3786 3826/3826/3826 3824/3824/3824
f 3824/3824/3824 3784/3784/3784 3786/3786/3786
f 3738/3738/3738 3786/3786/3786 3784/3784/3784
f 3784/3784/3784 3736/3736/3736 3738/3738/3738
f 3690/3690/3690 3738/3738/3738 3736/3736/3736
f 3736/3736/3736 3688/3688/3688 3690/3690/3690
f 3622/3622/3622 3690/3690/3690 3688/3688/3688
f 3688/3688/3688 3620/3620/3620 3622/3622/3622
f 3552/3552/3552 3622/3622/3622 3620/3620/3620
f 3620/3620/3620 3550/3550/3550 3552/3552/3552
f 3492/3492/3492 3552/3552/3552 3550/3550/3550
f 3550/3550/3550 3490/3490/3490 3492/3492/3492
f 3438/3438/3438 3492/3492/3492 3490/3490/3490
f 3490/3490/3490 3436/3436/3436 3438/3438/3438
f 3398/3398/3398 3438/3438/3438 3436/3436/3436
f 3436/3436/3436 3396/3396/3396 3398/3398/3398
f 4115/4115/4115 4083/4083/4083 4085/4085/4085
f 4085/4085/4085 4117/4117/4117 4115/4115/4115
f 4147/4147/4147 4115/4115/4115 4117/4117/4117
f 4117/4117/4117 4149/4149/4149 4147/4147/4147
f 3358/3358/3358 3398/3398/3398 3396/3396/3396
f 3396/3396/3396 3356/3356/3356 3358/3358/3358
f 3316/3316/3316 3358/3358/3358 3356/3356/3356
f 3356/3356/3356 3314/3314/3314 3316/3316/3316
f 4163/4163/4163 4147/4147/4147 4149/4149/4149
f 4149/4149/4149 4165/4165/4165 4163/4163/4163
f 4195/4195/4195 4163/4163/4163 4165/4165/4165
f 4165/4165/4165 4197/4197/4197 4195/4195/4195
f 3283/3283/3283 3316/3316/3316 3314/3314/3314
f 3314/3314/3314 3281/3281/3281 3283/3283/3283
f 4219/4219/4219 4195/4195/4195 4197/4197/4197
f 4197/4197/4197 4221/4221/4221 4219/4219/4219
f 4235/4235/4235 4219/4219/4219 4221/4221/4221
f 4221/4221/4221 4237/4237/4237 4235/4235/4235
f 4267/4267/4267 4235/4235/4235 4237/4237/4237
f 4237/4237/4237 4269/4269/4269 4267/4267/4267
f 4283/4283/4283 4267/4267/4267 4269/4269/4269
f 4269/4269/4269 4285/4285/4285 4283/4283/4283
f 4315/4315/4315 4283/4283/4283 4285/4285/4285
f 4285/4285/4285 4317/4317/4317 4315/4315/4315
f 4323/4323/4323 4315/4315/4315 4317/4317/4317
f 4317/4317/4317 4325/4325/4325 4323/4323/4323
f 4347/4347/4347 4323/4323/4323 4325/4325/4325
f 4325/4325/4325 4349/4349/4349 4347/4347/4347
f 4361/4361/4361 4347/4347/4347 4349/4349/4349
f 4349/4349/4349 4363/4363/4363 4361/4361/4361
f 4375/4375/4375 4361/4361/4361 4363/4363/4363
f 4363/4363/4363 4377/4377/4377 4375/4375/4375
f 4427/4427/4427 4375/4375/4375 4377/4377/4377
f 4377/4377/4377 4384/4384/4384 4427/4427/4427
f 1284/1284/1284 1316/1316/1316 1314/1314/1314
f 1346/1346/1346 1314/1314/1314 1316/1316/1316
f 1316/1316/1316 1348/1348/1348 1346/1346/1346
f 1314/1314/1314 1282/1282/1282 1284/1284/1284
f 1378/1378/1378 1346/1346/1346 1348/1348/1348
f 1348/1348/1348 1380/1380/1380 1378/1378/1378
f 1410/1410/1410 1378/1378/1378 1380/1380/1380
f 1380/1380/1380 1412/1412/1412 1410/1410/1410
f 1442/1442/1442 1410/1410/1410 1412/1412/1412
f 1412/1412/1412 1444/1444/1444 1442/1442/1442
f 1474/1474/1474 1442/1442/1442 1444/1444/1444
f 1444/1444/1444 1476/1476/1476 1474/1474/1474
f 1514/1514/1514 1474/1474/1474 1476/1476/1476
f 1476/1476/1476 1516/1516/1516 1514/1514/1514
f 1541/1541/1541 1514/1514/1514 1516/1516/1516
f 1516/1516/1516 1543/1543/1543 1541/1541/1541
f 1581/1581/1581 1541/1541/1541 1543/1543/1543
f 1543/1543/1543 1583/1583/1583 1581/1581/1581
f 1629/1629/1629 1581/1581/1581 1583/1583/1583
f 1583/1583/1583 1631/1631/1631 1629/1629/1629
f 1677/1677/1677 1629/1629/1629 1631/1631/1631
f 1631/1631/1631 1679/1679/1679 1677/1677/1677
f 1745/1745/1745 1677/1677/1677 1679/1679/1679
f 1679/1679/1679 1747/1747/1747 1745/1745/1745
f 1817/1817/1817 1745/1745/1745 1747/1747/1747
f 1747/1747/1747 1819/1819/1819 1817/1817/1817
f 1877/1877/1877 1817/1817/1817 1819/1819/1819
f 1819/1819/1819 1879/1879/1879 1877/1877/1877
f 1933/1933/1933 1877/1877/1877 1879/1879/1879
f 1879/1879/1879 1935/1935/1935 1933/1933/1933
f 1973/1973/1973 1933/1933/1933 1935/1935/1935
f 1935/1935/1935 1975/1975/1975 1973/1973/1973
f 1252/1252/1252 1284/1284/1284 1282/1282/1282
f 1282/1282/1282 1250/1250/1250 1252/1252/1252
f 1220/1220/1220 1252/1252/1252 1250/1250/1250
f 1250/1250/1250 1218/1218/1218 1220/1220/1220
f 2013/2013/2013 1973/1973/1973 1975/1975/1975
f 1975/1975/1975 2015/2015/2015 2013/2013/2013
f 2055/2055/2055 2013/2013/2013 2015/2015/2015
f 2015/2015/2015 2057/2057/2057 2055/2055/2055
f 1204/1204/1204 1220/1220/1220 1218/1218/1218
f 1218/1218/1218 1202/1202/1202 1204/1204/1204
f 1172/1172/1172 1204/1204/1204 1202/1202/1202
f 1202/1202/1202 1170/1170/1170 1172/1172/1172
f 2090/2090/2090 2055/2055/2055 2057/2057/2057
f 2057/2057/2057 2093/2093/2093 2090/2090/2090
f 1148/1148/1148 1172/1172/1172 1170/1170/1170
f 1170/1170/1170 1146/1146/1146 1148/1148/1148
f 1132/1132/1132 1148/1148/1148 1146/1146/1146
f 1146/1146/1146 1130/1130/1130 1132/1132/1132
f 1100/1100/1100 1132/1132/1132 1130/1130/1130
f 1130/1130/1130 1098/1098/1098 1100/1100/1100
f 1084/1084/1084 1100/1100/1100 1098/1098/1098
f 1098/1098/1098 1082/1082/1082 1084/1084/1084
f 1052/1052/1052 1084/1084/1084 1082/1082/1082
f 1082/1082/1082 1050/1050/1050 1052/1052/1052
f 1044/1044/1044 1052/1052/1052 1050/1050/1050
f 1050/1050/1050 1042/1042/1042 1044/1044/1044
f 1020/1020/1020 1044/1044/1044 1042/1042/1042
f 1042/1042/1042 1018/1018/1018 1020/1020/1020
f 966/966/966 1020/1020/1020 1018/1018/1018
f 1018/1018/1018 964/964/964 966/966/966
f 915/915/915 966/966/966 964/964/964
f 964/964/964 913/913/913 915/915/915
f 901/901/901 915/915/915 913/913/913
f 913/913/913 899/899/899 901/901/901
f 892/892/892 901/901/901 899/899/899
f 899/899/899 889/889/889 892/892/892
f 1191/1191/1191 1168/1168/1168 1166/1166/1166
f 1166/1166/1166 1189/1189/1189 1191/1191/1191
f 1231/1231/1231 1191/1191/1191 1189/1189/1189
f 1189/1189/1189 1229/1229/1229 1231/1231/1231
f 1263/1263/1263 1231/1231/1231 1229/1229/1229
f 1229/1229/1229 1261/1261/1261 1263/1263/1263
f 1295/1295/1295 1263/1263/1263 1261/1261/1261
f 1261/1261/1261 1293/1293/1293 1295/1295/1295
f 1126/1126/1126 1166/1166/1166 1168/1168/1168
f 1168/1168/1168 1128/1128/1128 1126/1126/1126
f 1078/1078/1078 1126/1126/1126 1128/1128/1128
f 1128/1128/1128 1080/1080/1080 1078/1078/1078
f 1030/1030/1030 1078/1078/1078 1080/1080/1080
f 1080/1080/1080 1032/1032/1032 1030/1030/1030
f 831/831/831 1030/1030/1030 1032/1032/1032
f 1032/1032/1032 833/833/833 831/831/831
f 1327/1327/1327 1295/1295/1295 1293/1293/1293
f 1293/1293/1293 1325/1325/1325 1327/1327/1327
f 1359/1359/1359 1327/1327/1327 1325/1325/1325
f 1325/1325/1325 1357/1357/1357 1359/1359/1359
f 653/653/653 831/831/831 833/833/833
f 833/833/833 655/655/655 653/653/653
f 601/601/601 653/653/653 655/655/655
f 655/655/655 603/603/603 601/601/601
f 1391/1391/1391 1359/1359/1359 1357/1357/1357
f 1357/1357/1357 1389/1389/1389 1391/1391/1391
f 1423/1423/1423 1391/1391/1391 1389/1389/1389
f 1389/1389/1389 1421/1421/1421 1423/1423/1423
f 585/585/585 601/601/601 603/603/603
f 603/603/603 587/587/587 585/585/585
f 569/569/569 585/585/585 587/587/587
f 587/587/587 571/571/571 569/569/569
f 1455/1455/1455 1423/1423/1423 1421/1421/1421
f 1421/1421/1421 1453/1453/1453 1455/1455/1455
f 1487/1487/1487 1455/1455/1455 1453/1453/1453
f 1453/1453/1453 1485/1485/1485 1487/1487/1487
f 553/553/553 569/569/569 571/571/571
f 571/571/571 555/555/555 553/553/553
f 537/537/537 553/553/553 555/555/555
f 555/555/555 539/539/539 537/537/537
f 1503/1503/1503 1487/1487/1487 1485/1485/1485
f 1485/1485/1485 1501/1501/1501 1503/1503/1503
f 1539/1539/1539 1503/1503/1503 1501/1501/1501
f 1501/1501/1501 1536/1536/1536 1539/1539/1539
f 515/515/515 537/537/537 539/539/539
f 539/539/539 519/519/519 515/515/515
f 1185/1185/1185 1162/1162/1162 1164/1164/1164
f 1164/1164/1164 1187/1187/1187 1185/1185/1185
f 1225/1225/1225 1185/1185/1185 1187/1187/1187
f 1187/1187/1187 1227/1227/1227 1225/1225/1225
f 1124/1124/1124 1164/1164/1164 1162/1162/1162
f 1162/1162/1162 1122/1122/1122 1124/1124/1124
f 1076/1076/1076 1124/1124/1124 1122/1122/1122
f 1122/1122/1122 1074/1074/1074 1076/1076/1076
f 1257/1257/1257 1225/1225/1225 1227/1227/1227
f 1227/1227/1227 1259/1259/1259 1257/1257/1257
f 1289/1289/1289 1257/1257/1257 1259/1259/1259
f 1259/1259/1259 1291/1291/1291 1289/1289/1289
f 1028/1028/1028 1076/1076/1076 1074/1074/1074
f 1074/1074/1074 1026/1026/1026 1028/1028/1028
f 829/829/829 1028/1028/1028 1026/1026/1026
f 1026/1026/1026 827/827/827 829/829/829
f 1321/1321/1321 1289/1289/1289 1291/1291/1291
f 1291/1291/1291 1323/1323/1323 1321/1321/1321
f 1353/1353/1353 1321/1321/1321 1323/1323/1323
f 1323/1323/1323 1355/1355/1355 1353/1353/1353
f 651/651/651 829/829/829 827/827/827
f 827/827/827 649/649/649 651/651/651
f 599/599/599 651/651/651 649/649/649
f 649/649/649 597/597/597 599/599/599
f 1385/1385/1385 1353/1353/1353 1355/1355/1355
f 1355/1355/1355 1387/1387/1387 1385/1385/1385
f 1417/1417/1417 1385/1385/1385 1387/1387/1387
f 1387/1387/1387 1419/1419/1419 1417/1417/1417
f 583/583/583 599/599/599 597/597/597
f 597/597/597 581/581/581 583/583/583
f 1449/1449/1449 1417/1417/1417 1419/1419/1419
f 1419/1419/1419 1451/1451/1451 1449/1449/1449
f 567/567/567 583/583/583 581/581/581
f 581/581/581 565/565/565 567/567/567
f 1481/1481/1481 1449/1449/1449 1451/1451/1451
f 1451/1451/1451 1483/1483/1483 1481/1481/1481
f 551/551/551 567/567/567 565/565/565
f 565/565/565 549/549/549 551/551/551
f 535/535/535 551/551/551 549/549/549
f 549/549/549 533/533/533 535/535/535
f 1497/1497/1497 1481/1481/1481 1483/1483/1483
f 1483/1483/1483 1499/1499/1499 1497/1497/1497
f 1530/1530/1530 1497/1497/1497 1499/1499/1499
f 1499/1499/1499 1533/1533/1533 1530/1530/1530
f 512/512/512 535/535/535 533/533/533
f 533/533/533 509/509/509 512/512/512
f 3646/3646/3646 3638/3638/3638 3636/3636/3636
f 3636/3636/3636 3644/3644/3644 3646/3646/3646
f 3640/3640/3640 3636/3636/3636 3638/3638/3638
f 3638/3638/3638 3642/3642/3642 3640/3640/3640
f 3648/3648/3648 3640/3640/3640 3642/3642/3642
f 3642/3642/3642 3650/3650/3650 3648/3648/3648
f 3664/3664/3664 3648/3648/3648 3650/3650/3650
f 3650/3650/3650 3666/3666/3666 3664/3664/3664
f 3680/3680/3680 3664/3664/3664 3666/3666/3666
f 3666/3666/3666 3682/3682/3682 3680/3680/3680
f 3704/3704/3704 3680/3680/3680 3682/3682/3682
f 3682/3682/3682 3706/3706/3706 3704/3704/3704
f 3654/3654/3654 3646/3646/3646 3644/3644/3644
f 3644/3644/3644 3652/3652/3652 3654/3654/3654
f 3670/3670/3670 3654/3654/3654 3652/3652/3652
f 3652/3652/3652 3668/3668/3668 3670/3670/3670
f 3686/3686/3686 3670/3670/3670 3668/3668/3668
f 3668/3668/3668 3684/3684/3684 3686/3686/3686
f 3710/3710/3710 3686/3686/3686 3684/3684/3684
f 3684/3684/3684 3708/3708/3708 3710/3710/3710
f 3718/3718/3718 3710/3710/3710 3708/3708/3708
f 3708/3708/3708 3716/3716/3716 3718/3718/3718
f 3712/3712/3712 3704/3704/3704 3706/3706/3706
f 3706/3706/3706 3714/3714/3714 3712/3712/3712
f 3744/3744/3744 3712/3712/3712 3714/3714/3714
f 3714/3714/3714 3746/3746/3746 3744/3744/3744
f 3750/3750/3750 3718/3718/3718 3716/3716/3716
f 3716/3716/3716 3748/3748/3748 3750/3750/3750
f 3766/3766/3766 3750/3750/3750 3748/3748/3748
f 3748/3748/3748 3764/3764/3764 3766/3766/3766
f 3760/3760/3760 3744/3744/3744 3746/3746/3746
f 3746/3746/3746 3762/3762/3762 3760/3760/3760
f 3792/3792/3792 3760/3760/3760 3762/3762/3762
f 3762/3762/3762 3794/3794/3794 3792/3792/3792
f 3798/3798/3798 3766/3766/3766 3764/3764/3764
f 3764/3764/3764 3796/3796/3796 3798/3798/3798
f 3814/3814/3814 3798/3798/3798 3796/3796/3796
f 3796/3796/3796 3812/3812/3812 3814/3814/3814
f 3808/3808/3808 3792/3792/3792 3794/3794/3794
f 3794/3794/3794 3810/3810/3810 3808/3808/3808
f 3841/3841/3841 3814/3814/3814 3812/3812/3812
f 3812/3812/3812 3838/3838/3838 3841/3841/3841
f 3832/3832/3832 3808/3808/3808 3810/3810/3810
f 3810/3810/3810 3835/3835/3835 3832/3832/3832
f 4852/4852/4852 4868/4868/4868 4866/4866/4866
f 4866/4866/4866 4850/4850/4850 4852/4852/4852
f 4880/4880/4880 4866/4866/4866 4868/4868/4868
f 4868/4868/4868 4882/4882/4882 4880/4880/4880
f 4686/4686/4686 4852/4852/4852 4850/4850/4850
f 4850/4850/4850 4684/4684/4684 4686/4686/4686
f 4493/4493/4493 4686/4686/4686 4684/4684/4684
f 4684/4684/4684 4491/4491/4491 4493/4493/4493
f 4341/4341/4341 4493/4493/4493 4491/4491/4491
f 4491/4491/4491 4339/4339/4339 4341/4341/4341
f 4293/4293/4293 4341/4341/4341 4339/4339/4339
f 4339/4339/4339 4291/4291/4291 4293/4293/4293
f 4245/4245/4245 4293/4293/4293 4291/4291/4291
f 4291/4291/4291 4243/4243/4243 4245/4245/4245
f 4205/4205/4205 4245/4245/4245 4243/4243/4243
f 4243/4243/4243 4203/4203/4203 4205/4205/4205
f 4182/4182/4182 4205/4205/4205 4203/4203/4203
f 4203/4203/4203 4180/4180/4180 4182/4182/4182
f 4142/4142/4142 4182/4182/4182 4180/4180/4180
f 4180/4180/4180 4140/4140/4140 4142/4142/4142
f 4110/4110/4110 4142/4142/4142 4140/4140/4140
f 4140/4140/4140 4108/4108/4108 4110/4110/4110
f 4078/4078/4078 4110/4110/4110 4108/4108/4108
f 4108/4108/4108 4076/4076/4076 4078/4078/4078
f 4046/4046/4046 4078/4078/4078 4076/4076/4076
f 4076/4076/4076 4044/4044/4044 4046/4046/4046
f 4014/4014/4014 4046/4046/4046 4044/4044/4044
f 4044/4044/4044 4012/4012/4012 4014/4014/4014
f 3982/3982/3982 4014/4014/4014 4012/4012/4012
f 4012/4012/4012 3980/3980/3980 3982/3982/3982
f 3950/3950/3950 3982/3982/3982 3980/3980/3980
f 3980/3980/3980 3948/3948/3948 3950/3950/3950
f 3918/3918/3918 3950/3950/3950 3948/3948/3948
f 3948/3948/3948 3916/3916/3916 3918/3918/3918
f 3886/3886/3886 3918/3918/3918 3916/3916/3916
f 3916/3916/3916 3884/3884/3884 3886/3886/3886
f 4896/4896/4896 4880/4880/4880 4882/4882/4882
f 4882/4882/4882 4898/4898/4898 4896/4896/4896
f 4912/4912/4912 4896/4896/4896 4898/4898/4898
f 4898/4898/4898 4914/4914/4914 4912/4912/4912
f 3870/3870/3870 3886/3886/3886 3884/3884/3884
f 3884/3884/3884 3868/3868/3868 3870/3870/3870
f 3836/3836/3836 3870/3870/3870 3868/3868/3868
f 3868/3868/3868 3833/3833/3833 3836/3836/3836
f 4931/4931/4931 4912/4912/4912 4914/4914/4914
f 4914/4914/4914 4934/4934/4934 4931/4931/4931
f 4870/4870/4870 4856/4856/4856 4854/4854/4854
f 4854/4854/4854 4884/4884/4884 4870/4870/4870
f 4886/4886/4886 4870/4870/4870 4884/4884/4884
f 4688/4688/4688 4854/4854/4854 4856/4856/4856
f 4856/4856/4856 4690/4690/4690 4688/4688/4688
f 4902/4902/4902 4886/4886/4886 4884/4884/4884
f 4884/4884/4884 4900/4900/4900 4902/4902/4902
f 4495/4495/4495 4688/4688/4688 4690/4690/4690
f 4690/4690/4690 4497/4497/4497 4495/4495/4495
f 4920/4920/4920 4902/4902/4902 4900/4900/4900
f 4900/4900/4900 4917/4917/4917 4920/4920/4920
f 4343/4343/4343 4495/4495/4495 4497/4497/4497
f 4497/4497/4497 4345/4345/4345 4343/4343/4343
f 4295/4295/4295 4343/4343/4343 4345/4345/4345
f 4345/4345/4345 4297/4297/4297 4295/4295/4295
f 4247/4247/4247 4295/4295/4295 4297/4297/4297
f 4297/4297/4297 4249/4249/4249 4247/4247/4247
f 4207/4207/4207 4247/4247/4247 4249/4249/4249
f 4249/4249/4249 4209/4209/4209 4207/4207/4207
f 4184/4184/4184 4207/4207/4207 4209/4209/4209
f 4209/4209/4209 4186/4186/4186 4184/4184/4184
f 4144/4144/4144 4184/4184/4184 4186/4186/4186
f 4186/4186/4186 4146/4146/4146 4144/4144/4144
f 4112/4112/4112 4144/4144/4144 4146/4146/4146
f 4146/4146/4146 4114/4114/4114 4112/4112/4112
f 4080/4080/4080 4112/4112/4112 4114/4114/4114
f 4114/4114/4114 4082/4082/4082 4080/4080/4080
f 4048/4048/4048 4080/4080/4080 4082/4082/4082
f 4082/4082/4082 4050/4050/4050 4048/4048/4048
f 4016/4016/4016 4048/4048/4048 4050/4050/4050
f 4050/4050/4050 4018/4018/4018 4016/4016/4016
f 3984/3984/3984 4016/4016/4016 4018/4018/4018
f 4018/4018/4018 3986/3986/3986 3984/3984/3984
f 3952/3952/3952 3984/3984/3984 3986/3986/3986
f 3986/3986/3986 3954/3954/3954 3952/3952/3952
f 3920/3920/3920 3952/3952/3952 3954/3954/3954
f 3954/3954/3954 3922/3922/3922 3920/3920/3920
f 3888/3888/3888 3920/3920/3920 3922/3922/3922
f 3922/3922/3922 3890/3890/3890 3888/3888/3888
f 3872/3872/3872 3888/3888/3888 3890/3890/3890
f 3890/3890/3890 3874/3874/3874 3872/3872/3872
f 3839/3839/3839 3872/3872/3872 3874/3874/3874
f 3874/3874/3874 3842/3842/3842 3839/3839/3839
f 3499/3499/3499 3507/3507/3507 3505/3505/3505
f 3505/3505/3505 3497/3497/3497 3499/3499/3499
f 3513/3513/3513 3505/3505/3505 3507/3507/3507
f 3507/3507/3507 3515/3515/3515 3513/3513/3513
f 3509/3509/3509 3513/3513/3513 3515/3515/3515
f 3515/3515/3515 3511/3511/3511 3509/3509/3509
f 3501/3501/3501 3509/3509/3509 3511/3511/3511
f 3511/3511/3511 3503/3503/3503 3501/3501/3501
f 3477/3477/3477 3499/3499/3499 3497/3497/3497
f 3497/3497/3497 3475/3475/3475 3477/3477/3477
f 3469/3469/3469 3477/3477/3477 3475/3475/3475
f 3475/3475/3475 3467/3467/3467 3469/3469/3469
f 3503/3503/3503 3479/3479/3479 3501/3501/3501
f 3471/3471/3471 3501/3501/3501 3479/3479/3479
f 3479/3479/3479 3473/3473/3473 3471/3471/3471
f 3445/3445/3445 3469/3469/3469 3467/3467/3467
f 3467/3467/3467 3443/3443/3443 3445/3445/3445
f 3429/3429/3429 3445/3445/3445 3443/3443/3443
f 3443/3443/3443 3427/3427/3427 3429/3429/3429
f 3405/3405/3405 3429/3429/3429 3427/3427/3427
f 3427/3427/3427 3403/3403/3403 3405/3405/3405
f 3381/3381/3381 3405/3405/3405 3403/3403/3403
f 3403/3403/3403 3379/3379/3379 3381/3381/3381
f 3349/3349/3349 3381/3381/3381 3379/3379/3379
f 3379/3379/3379 3347/3347/3347 3349/3349/3349
f 3323/3323/3323 3349/3349/3349 3347/3347/3347
f 3347/3347/3347 3321/3321/3321 3323/3323/3323
f 3307/3307/3307 3323/3323/3323 3321/3321/3321
f 3321/3321/3321 3305/3305/3305 3307/3307/3307
f 3273/3273/3273 3307/3307/3307 3305/3305/3305
f 3305/3305/3305 3271/3271/3271 3273/3273/3273
f 3235/3235/3235 3273/3273/3273 3271/3271/3271
f 3271/3271/3271 3233/3233/3233 3235/3235/3235
f 3194/3194/3194 3235/3235/3235 3233/3233/3233
f 3233/3233/3233 3191/3191/3191 3194/3194/3194
f 3447/3447/3447 3471/3471/3471 3473/3473/3473
f 3473/3473/3473 3449/3449/3449 3447/3447/3447
f 3431/3431/3431 3447/3447/3447 3449/3449/3449
f 3449/3449/3449 3433/3433/3433 3431/3431/3431
f 3407/3407/3407 3431/3431/3431 3433/3433/3433
f 3433/3433/3433 3409/3409/3409 3407/3407/3407
f 3383/3383/3383 3407/3407/3407 3409/3409/3409
f 3409/3409/3409 3385/3385/3385 3383/3383/3383
f 3351/3351/3351 3383/3383/3383 3385/3385/3385
f 3385/3385/3385 3353/3353/3353 3351/3351/3351
f 3326/3326/3326 3351/3351/3351 3353/3353/3353
f 3353/3353/3353 3329/3329/3329 3326/3326/3326
f 4087/4087/4087 4119/4119/4119 4121/4121/4121
f 4153/4153/4153 4121/4121/4121 4119/4119/4119
f 4119/4119/4119 4151/4151/4151 4153/4153/4153
f 4121/4121/4121 4089/4089/4089 4087/4087/4087
f 4055/4055/4055 4087/4087/4087 4089/4089/4089
f 4089/4089/4089 4057/4057/4057 4055/4055/4055
f 4169/4169/4169 4153/4153/4153 4151/4151/4151
f 4151/4151/4151 4167/4167/4167 4169/4169/4169
f 4023/4023/4023 4055/4055/4055 4057/4057/4057
f 4057/4057/4057 4025/4025/4025 4023/4023/4023
f 3991/3991/3991 4023/4023/4023 4025/4025/4025
f 4025/4025/4025 3993/3993/3993 3991/3991/3991
f 3959/3959/3959 3991/3991/3991 3993/3993/3993
f 3993/3993/3993 3961/3961/3961 3959/3959/3959
f 3927/3927/3927 3959/3959/3959 3961/3961/3961
f 3961/3961/3961 3929/3929/3929 3927/3927/3927
f 3895/3895/3895 3927/3927/3927 3929/3929/3929
f 3929/3929/3929 3897/3897/3897 3895/3895/3895
f 3855/3855/3855 3895/3895/3895 3897/3897/3897
f 3897/3897/3897 3857/3857/3857 3855/3855/3855
f 3828/3828/3828 3855/3855/3855 3857/3857/3857
f 3857/3857/3857 3830/3830/3830 3828/3828/3828
f 3788/3788/3788 3828/3828/3828 3830/3830/3830
f 3830/3830/3830 3790/3790/3790 3788/3788/3788
f 3740/3740/3740 3788/3788/3788 3790/3790/3790
f 3790/3790/3790 3742/3742/3742 3740/3740/3740
f 3692/3692/3692 3740/3740/3740 3742/3742/3742
f 3742/3742/3742 3694/3694/3694 3692/3692/3692
f 3624/3624/3624 3692/3692/3692 3694/3694/3694
f 3694/3694/3694 3626/3626/3626 3624/3624/3624
f 3554/3554/3554 3624/3624/3624 3626/3626/3626
f 3626/3626/3626 3556/3556/3556 3554/3554/3554
f 3494/3494/3494 3554/3554/3554 3556/3556/3556
f 3556/3556/3556 3496/3496/3496 3494/3494/3494
f 3440/3440/3440 3494/3494/3494 3496/3496/3496
f 3496/3496/3496 3442/3442/3442 3440/3440/3440
f 3400/3400/3400 3440/3440/3440 3442/3442/3442
f 3442/3442/3442 3402/3402/3402 3400/3400/3400
f 3360/3360/3360 3400/3400/3400 3402/3402/3402
f 3402/3402/3402 3362/3362/3362 3360/3360/3360
f 3318/3318/3318 3360/3360/3360 3362/3362/3362
f 3362/3362/3362 3320/3320/3320 3318/3318/3318
f 4201/4201/4201 4169/4169/4169 4167/4167/4167
f 4167/4167/4167 4199/4199/4199 4201/4201/4201
f 3286/3286/3286 3318/3318/3318 3320/3320/3320
f 3320/3320/3320 3289/3289/3289 3286/3286/3286
f 4225/4225/4225 4201/4201/4201 4199/4199/4199
f 4199/4199/4199 4223/4223/4223 4225/4225/4225
f 4241/4241/4241 4225/4225/4225 4223/4223/4223
f 4223/4223/4223 4239/4239/4239 4241/4241/4241
f 4273/4273/4273 4241/4241/4241 4239/4239/4239
f 4239/4239/4239 4271/4271/4271 4273/4273/4273
f 4289/4289/4289 4273/4273/4273 4271/4271/4271
f 4271/4271/4271 4287/4287/4287 4289/4289/4289
f 4321/4321/4321 4289/4289/4289 4287/4287/4287
f 4287/4287/4287 4319/4319/4319 4321/4321/4321
f 4329/4329/4329 4321/4321/4321 4319/4319/4319
f 4319/4319/4319 4327/4327/4327 4329/4329/4329
f 4353/4353/4353 4329/4329/4329 4327/4327/4327
f 4327/4327/4327 4351/4351/4351 4353/4353/4353
f 4367/4367/4367 4353/4353/4353 4351/4351/4351
f 4351/4351/4351 4365/4365/4365 4367/4367/4367
f 4381/4381/4381 4367/4367/4367 4365/4365/4365
f 4365/4365/4365 4379/4379/4379 4381/4381/4381
f 4388/4388/4388 4381/4381/4381 4379/4379/4379
f 4379/4379/4379 4386/4386/4386 4388/4388/4388
f 4386/4386/4386 4426/4426/4426 4388/4388/4388
f 4383/4383/4383 4388/4388/4388 4426/4426/4426
f 1254/1254/1254 1286/1286/1286 1288/1288/1288
f 1320/1320/1320 1288/1288/1288 1286/1286/1286
f 1286/1286/1286 1318/1318/1318 1320/1320/1320
f 1288/1288/1288 1256/1256/1256 1254/1254/1254
f 1222/1222/1222 1254/1254/1254 1256/1256/1256
f 1256/1256/1256 1224/1224/1224 1222/1222/1222
f 1206/1206/1206 1222/1222/1222 1224/1224/1224
f 1224/1224/1224 1208/1208/1208 1206/1206/1206
f 1352/1352/1352 1320/1320/1320 1318/1318/1318
f 1318/1318/1318 1350/1350/1350 1352/1352/1352
f 1384/1384/1384 1352/1352/1352 1350/1350/1350
f 1350/1350/1350 1382/1382/1382 1384/1384/1384
f 1416/1416/1416 1384/1384/1384 1382/1382/1382
f 1382/1382/1382 1414/1414/1414 1416/1416/1416
f 1448/1448/1448 1416/1416/1416 1414/1414/1414
f 1414/1414/1414 1446/1446/1446 1448/1448/1448
f 1480/1480/1480 1448/1448/1448 1446/1446/1446
f 1446/1446/1446 1478/1478/1478 1480/1480/1480
f 1520/1520/1520 1480/1480/1480 1478/1478/1478
f 1478/1478/1478 1518/1518/1518 1520/1520/1520
f 1547/1547/1547 1520/1520/1520 1518/1518/1518
f 1518/1518/1518 1545/1545/1545 1547/1547/1547
f 1587/1587/1587 1547/1547/1547 1545/1545/1545
f 1545/1545/1545 1585/1585/1585 1587/1587/1587
f 1635/1635/1635 1587/1587/1587 1585/1585/1585
f 1585/1585/1585 1633/1633/1633 1635/1635/1635
f 1683/1683/1683 1635/1635/1635 1633/1633/1633
f 1633/1633/1633 1681/1681/1681 1683/1683/1683
f 1751/1751/1751 1683/1683/1683 1681/1681/1681
f 1681/1681/1681 1749/1749/1749 1751/1751/1751
f 1823/1823/1823 1751/1751/1751 1749/1749/1749
f 1749/1749/1749 1821/1821/1821 1823/1823/1823
f 1883/1883/1883 1823/1823/1823 1821/1821/1821
f 1821/1821/1821 1881/1881/1881 1883/1883/1883
f 1939/1939/1939 1883/1883/1883 1881/1881/1881
f 1881/1881/1881 1937/1937/1937 1939/1939/1939
f 1979/1979/1979 1939/1939/1939 1937/1937/1937
f 1937/1937/1937 1977/1977/1977 1979/1979/1979
f 2019/2019/2019 1979/1979/1979 1977/1977/1977
f 1977/1977/1977 2017/2017/2017 2019/2019/2019
f 2061/2061/2061 2019/2019/2019 2017/2017/2017
f 2017/2017/2017 2059/2059/2059 2061/2061/2061
f 1174/1174/1174 1206/1206/1206 1208/1208/1208
f 1208/1208/1208 1176/1176/1176 1174/1174/1174
f 2098/2098/2098 2061/2061/2061 2059/2059/2059
f 2059/2059/2059 2095/2095/2095 2098/2098/2098
f 1150/1150/1150 1174/1174/1174 1176/1176/1176
f 1176/1176/1176 1152/1152/1152 1150/1150/1150
f 1134/1134/1134 1150/1150/1150 1152/1152/1152
f 1152/1152/1152 1136/1136/1136 1134/1134/1134
f 1102/1102/1102 1134/1134/1134 1136/1136/1136
f 1136/1136/1136 1104/1104/1104 1102/1102/1102
f 1086/1086/1086 1102/1102/1102 1104/1104/1104
f 1104/1104/1104 1088/1088/1088 1086/1086/1086
f 1054/1054/1054 1086/1086/1086 1088/1088/1088
f 1088/1088/1088 1056/1056/1056 1054/1054/1054
f 1046/1046/1046 1054/1054/1054 1056/1056/1056
f 1056/1056/1056 1048/1048/1048 1046/1046/1046
f 1022/1022/1022 1046/1046/1046 1048/1048/1048
f 1048/1048/1048 1024/1024/1024 1022/1022/1022
f 968/968/968 1022/1022/1022 1024/1024/1024
f 1024/1024/1024 970/970/970 968/968/968
f 917/917/917 968/968/968 970/970/970
f 970/970/970 919/919/919 917/917/917
f 903/903/903 917/917/917 919/919/919
f 919/919/919 905/905/905 903/903/903
f 888/888/888 903/903/903 905/905/905
f 905/905/905 891/891/891 888/888/888
f 381/381/381 377/377/377 379/379/379
f 379/379/379 383/383/383 381/381/381
f 389/389/389 381/381/381 383/383/383
f 383/383/383 391/391/391 389/389/389
f 387/387/387 379/379/379 377/377/377
f 377/377/377 385/385/385 387/387/387
f 395/395/395 387/387/387 385/385/385
f 385/385/385 393/393/393 395/395/395
f 411/411/411 395/395/395 393/393/393
f 393/393/393 409/409/409 411/411/411
f 405/405/405 389/389/389 391/391/391
f 391/391/391 407/407/407 405/405/405
f 413/413/413 405/405/405 407/407/407
f 407/407/407 415/415/415 413/413/413
f 429/429/429 413/413/413 415/415/415
f 415/415/415 431/431/431 429/429/429
f 419/419/419 411/411/411 409/409/409
f 409/409/409 417/417/417 419/419/419
f 435/435/435 419/419/419 417/417/417
f 417/417/417 433/433/433 435/435/435
f 443/443/443 435/435/435 433/433/433
f 433/433/433 441/441/441 443/443/443
f 437/437/437 429/429/429 431/431/431
f 431/431/431 439/439/439 437/437/437
f 459/459/459 443/443/443 441/441/441
f 441/441/441 457/457/457 459/459/459
f 453/453/453 437/437/437 439/439/439
f 439/439/439 455/455/455 453/453/453
f 475/475/475 459/459/459 457/457/457
f 457/457/457 473/473/473 475/475/475
f 469/469/469 453/453/453 455/455/455
f 455/455/455 471/471/471 469/469/469
f 485/485/485 469/469/469 471/471/471
f 471/471/471 487/487/487 485/485/485
f 491/491/491 475/475/475 473/473/473
f 473/473/473 489/489/489 491/491/491
f 507/507/507 491/491/491 489/489/489
f 489/489/489 505/505/505 507/507/507
f 501/501/501 485/485/485 487/487/487
f 487/487/487 503/503/503 501/501/501
f 518/518/518 507/507/507 505/505/505
f 505/505/505 516/516/516 518/518/518
f 510/510/510 501/501/501 503/503/503
f 503/503/503 513/513/513 510/510/510
f 2280/2280/2280 2340/2340/2340 2342/2342/2342
f 2376/2376/2376 2342/2342/2342 2340/2340/2340
f 2340/2340/2340 2374/2374/2374 2376/2376/2376
f 2342/2342/2342 2282/2282/2282 2280/2280/2280
f 2392/2392/2392 2376/2376/2376 2374/2374/2374
f 2374/2374/2374 2390/2390/2390 2392/2392/2392
f 2406/2406/2406 2392/2392/2392 2390/2390/2390
f 2390/2390/2390 2404/2404/2404 2406/2406/2406
f 2422/2422/2422 2406/2406/2406 2404/2404/2404
f 2404/2404/2404 2420/2420/2420 2422/2422/2422
f 2585/2585/2585 2422/2422/2422 2420/2420/2420
f 2420/2420/2420 2583/2583/2583 2585/2585/2585
f 2873/2873/2873 2585/2585/2585 2583/2583/2583
f 2583/2583/2583 2871/2871/2871 2873/2873/2873
f 2959/2959/2959 2873/2873/2873 2871/2871/2871
f 2871/2871/2871 2957/2957/2957 2959/2959/2959
f 2975/2975/2975 2959/2959/2959 2957/2957/2957
f 2957/2957/2957 2973/2973/2973 2975/2975/2975
f 2991/2991/2991 2975/2975/2975 2973/2973/2973
f 2973/2973/2973 2989/2989/2989 2991/2991/2991
f 3007/3007/3007 2991/2991/2991 2989/2989/2989
f 2989/2989/2989 3005/3005/3005 3007/3007/3007
f 3043/3043/3043 3007/3007/3007 3005/3005/3005
f 3005/3005/3005 3041/3041/3041 3043/3043/3043
f 3101/3101/3101 3043/3043/3043 3041/3041/3041
f 3041/3041/3041 3099/3099/3099 3101/3101/3101
f 3157/3157/3157 3101/3101/3101 3099/3099/3099
f 3099/3099/3099 3155/3155/3155 3157/3157/3157
f 2224/2224/2224 2280/2280/2280 2282/2282/2282
f 2282/2282/2282 2226/2226/2226 2224/2224/2224
f 2184/2184/2184 2224/2224/2224 2226/2226/2226
f 2226/2226/2226 2186/2186/2186 2184/2184/2184
f 3199/3199/3199 3157/3157/3157 3155/3155/3155
f 3155/3155/3155 3197/3197/3197 3199/3199/3199
f 2144/2144/2144 2184/2184/2184 2186/2186/2186
f 2186/2186/2186 2146/2146/2146 2144/2144/2144
f 3237/3237/3237 3199/3199/3199 3197/3197/3197
f 3197/3197/3197 3275/3275/3275 3237/3237/3237
f 3277/3277/3277 3237/3237/3237 3275/3275/3275
f 2104/2104/2104 2144/2144/2144 2146/2146/2146
f 2146/2146/2146 2106/2106/2106 2104/2104/2104
f 2068/2068/2068 2104/2104/2104 2106/2106/2106
f 2106/2106/2106 2071/2071/2071 2068/2068/2068
f 3311/3311/3311 3277/3277/3277 3275/3275/3275
f 3275/3275/3275 3309/3309/3309 3311/3311/3311
f 3328/3328/3328 3311/3311/3311 3309/3309/3309
f 3309/3309/3309 3325/3325/3325 3328/3328/3328
f 2276/2276/2276 2220/2220/2220 2222/2222/2222
f 2222/2222/2222 2278/2278/2278 2276/2276/2276
f 2336/2336/2336 2276/2276/2276 2278/2278/2278
f 2278/2278/2278 2338/2338/2338 2336/2336/2336
f 2370/2370/2370 2336/2336/2336 2338/2338/2338
f 2338/2338/2338 2372/2372/2372 2370/2370/2370
f 2386/2386/2386 2370/2370/2370 2372/2372/2372
f 2372/2372/2372 2388/2388/2388 2386/2386/2386
f 2400/2400/2400 2386/2386/2386 2388/2388/2388
f 2388/2388/2388 2402/2402/2402 2400/2400/2400
f 2416/2416/2416 2400/2400/2400 2402/2402/2402
f 2402/2402/2402 2418/2418/2418 2416/2416/2416
f 2579/2579/2579 2416/2416/2416 2418/2418/2418
f 2418/2418/2418 2581/2581/2581 2579/2579/2579
f 2867/2867/2867 2579/2579/2579 2581/2581/2581
f 2581/2581/2581 2869/2869/2869 2867/2867/2867
f 2953/2953/2953 2867/2867/2867 2869/2869/2869
f 2869/2869/2869 2955/2955/2955 2953/2953/2953
f 2969/2969/2969 2953/2953/2953 2955/2955/2955
f 2955/2955/2955 2971/2971/2971 2969/2969/2969
f 2985/2985/2985 2969/2969/2969 2971/2971/2971
f 2971/2971/2971 2987/2987/2987 2985/2985/2985
f 3001/3001/3001 2985/2985/2985 2987/2987/2987
f 2987/2987/2987 3003/3003/3003 3001/3001/3001
f 3037/3037/3037 3001/3001/3001 3003/3003/3003
f 3003/3003/3003 3039/3039/3039 3037/3037/3037
f 3095/3095/3095 3037/3037/3037 3039/3039/3039
f 3039/3039/3039 3097/3097/3097 3095/3095/3095
f 3151/3151/3151 3095/3095/3095 3097/3097/3097
f 3097/3097/3097 3153/3153/3153 3151/3151/3151
f 3192/3192/3192 3151/3151/3151 3153/3153/3153
f 3153/3153/3153 3195/3195/3195 3192/3192/3192
f 2182/2182/2182 2222/2222/2222 2220/2220/2220
f 2220/2220/2220 2180/2180/2180 2182/2182/2182
f 2142/2142/2142 2182/2182/2182 2180/2180/2180
f 2180/2180/2180 2140/2140/2140 2142/2142/2142
f 2102/2102/2102 2142/2142/2142 2140/2140/2140
f 2140/2140/2140 2064/2064/2064 2102/2102/2102
f 2066/2066/2066 2102/2102/2102 2064/2064/2064
f 2049/2049/2049 2066/2066/2066 2064/2064/2064
f 2064/2064/2064 2047/2047/2047 2049/2049/2049
f 1729/1729/1729 1733/1733/1733 1735/1735/1735
f 1735/1735/1735 1731/1731/1731 1729/1729/1729
f 1721/1721/1721 1729/1729/1729 1731/1731/1731
f 1731/1731/1731 1723/1723/1723 1721/1721/1721
f 1727/1727/1727 1735/1735/1735 1733/1733/1733
f 1733/1733/1733 1725/1725/1725 1727/1727/1727
f 1719/1719/1719 1727/1727/1727 1725/1725/1725
f 1725/1725/1725 1717/1717/1717 1719/1719/1719
f 1703/1703/1703 1719/1719/1719 1717/1717/1717
f 1717/1717/1717 1701/1701/1701 1703/1703/1703
f 1687/1687/1687 1703/1703/1703 1701/1701/1701
f 1701/1701/1701 1685/1685/1685 1687/1687/1687
f 1663/1663/1663 1687/1687/1687 1685/1685/1685
f 1685/1685/1685 1661/1661/1661 1663/1663/1663
f 1705/1705/1705 1721/1721/1721 1723/1723/1723
f 1723/1723/1723 1707/1707/1707 1705/1705/1705
f 1689/1689/1689 1705/1705/1705 1707/1707/1707
f 1707/1707/1707 1691/1691/1691 1689/1689/1689
f 1665/1665/1665 1689/1689/1689 1691/1691/1691
f 1691/1691/1691 1667/1667/1667 1665/1665/1665
f 1657/1657/1657 1665/1665/1665 1667/1667/1667
f 1667/1667/1667 1659/1659/1659 1657/1657/1657
f 1655/1655/1655 1663/1663/1663 1661/1661/1661
f 1661/1661/1661 1653/1653/1653 1655/1655/1655
f 1623/1623/1623 1655/1655/1655 1653/1653/1653
f 1653/1653/1653 1621/1621/1621 1623/1623/1623
f 1625/1625/1625 1657/1657/1657 1659/1659/1659
f 1659/1659/1659 1627/1627/1627 1625/1625/1625
f 1609/1609/1609 1625/1625/1625 1627/1627/1627
f 1627/1627/1627 1611/1611/1611 1609/1609/1609
f 1607/1607/1607 1623/1623/1623 1621/1621/1621
f 1621/1621/1621 1605/1605/1605 1607/1607/1607
f 1575/1575/1575 1607/1607/1607 1605/1605/1605
f 1605/1605/1605 1573/1573/1573 1575/1575/1575
f 1577/1577/1577 1609/1609/1609 1611/1611/1611
f 1611/1611/1611 1579/1579/1579 1577/1577/1577
f 1561/1561/1561 1577/1577/1577 1579/1579/1579
f 1579/1579/1579 1563/1563/1563 1561/1561/1561
f 1559/1559/1559 1575/1575/1575 1573/1573/1573
f 1573/1573/1573 1557/1557/1557 1559/1559/1559
f 1535/1535/1535 1561/1561/1561 1563/1563/1563
f 1563/1563/1563 1538/1538/1538 1535/1535/1535
f 1532/1532/1532 1559/1559/1559 1557/1557/1557
f 1557/1557/1557 1529/1529/1529 1532/1532/1532
f 1868/1868/1868 1860/1860/1860 1858/1858/1858
f 1858/1858/1858 1866/1866/1866 1868/1868/1868
f 1862/1862/1862 1858/1858/1858 1860/1860/1860
f 1860/1860/1860 1864/1864/1864 1862/1862/1862
f 1876/1876/1876 1868/1868/1868 1866/1866/1866
f 1866/1866/1866 1874/1874/1874 1876/1876/1876
f 1870/1870/1870 1862/1862/1862 1864/1864/1864
f 1864/1864/1864 1872/1872/1872 1870/1870/1870
f 1894/1894/1894 1870/1870/1870 1872/1872/1872
f 1872/1872/1872 1896/1896/1896 1894/1894/1894
f 1902/1902/1902 1894/1894/1894 1896/1896/1896
f 1896/1896/1896 1904/1904/1904 1902/1902/1902
f 1926/1926/1926 1902/1902/1902 1904/1904/1904
f 1904/1904/1904 1928/1928/1928 1926/1926/1926
f 1900/1900/1900 1876/1876/1876 1874/1874/1874
f 1874/1874/1874 1898/1898/1898 1900/1900/1900
f 1908/1908/1908 1900/1900/1900 1898/1898/1898
f 1898/1898/1898 1906/1906/1906 1908/1908/1908
f 1932/1932/1932 1908/1908/1908 1906/1906/1906
f 1906/1906/1906 1930/1930/1930 1932/1932/1932
f 1948/1948/1948 1932/1932/1932 1930/1930/1930
f 1930/1930/1930 1946/1946/1946 1948/1948/1948
f 1942/1942/1942 1926/1926/1926 1928/1928/1928
f 1928/1928/1928 1944/1944/1944 1942/1942/1942
f 1972/1972/1972 1948/1948/1948 1946/1946/1946
f 1946/1946/1946 1970/1970/1970 1972/1972/1972
f 1966/1966/1966 1942/1942/1942 1944/1944/1944
f 1944/1944/1944 1968/1968/1968 1966/1966/1966
f 1996/1996/1996 1972/1972/1972 1970/1970/1970
f 1970/1970/1970 1994/1994/1994 1996/1996/1996
f 1990/1990/1990 1966/1966/1966 1968/1968/1968
f 1968/1968/1968 1992/1992/1992 1990/1990/1990
f 2022/2022/2022 1990/1990/1990 1992/1992/1992
f 1992/1992/1992 2024/2024/2024 2022/2022/2022
f 2028/2028/2028 1996/1996/1996 1994/1994/1994
f 1994/1994/1994 2026/2026/2026 2028/2028/2028
f 2054/2054/2054 2028/2028/2028 2026/2026/2026
f 2026/2026/2026 2052/2052/2052 2054/2054/2054
f 2046/2046/2046 2022/2022/2022 2024/2024/2024
f 2024/2024/2024 2050/2050/2050 2046/2046/2046
f 2072/2072/2072 2054/2054/2054 2052/2052/2052
f 2052/2052/2052 2069/2069/2069 2072/2072/2072
f 5066/5066/5066 5070/5070/5070 5072/5072/5072
f 5072/5072/5072 5068/5068/5068 5066/5066/5066
f 5058/5058/5058 5066/5066/5066 5068/5068/5068
f 5068/5068/5068 5060/5060/5060 5058/5058/5058
f 5064/5064/5064 5072/5072/5072 5070/5070/5070
f 5070/5070/5070 5062/5062/5062 5064/5064/5064
f 5056/5056/5056 5064/5064/5064 5062/5062/5062
f 5062/5062/5062 5054/5054/5054 5056/5056/5056
f 5040/5040/5040 5056/5056/5056 5054/5054/5054
f 5054/5054/5054 5038/5038/5038 5040/5040/5040
f 5042/5042/5042 5058/5058/5058 5060/5060/5060
f 5060/5060/5060 5044/5044/5044 5042/5042/5042
f 5034/5034/5034 5042/5042/5042 5044/5044/5044
f 5044/5044/5044 5036/5036/5036 5034/5034/5034
f 5018/5018/5018 5034/5034/5034 5036/5036/5036
f 5036/5036/5036 5020/5020/5020 5018/5018/5018
f 5032/5032/5032 5040/5040/5040 5038/5038/5038
f 5038/5038/5038 5030/5030/5030 5032/5032/5032
f 5016/5016/5016 5032/5032/5032 5030/5030/5030
f 5030/5030/5030 5014/5014/5014 5016/5016/5016
f 5008/5008/5008 5016/5016/5016 5014/5014/5014
f 5014/5014/5014 5006/5006/5006 5008/5008/5008
f 5010/5010/5010 5018/5018/5018 5020/5020/5020
f 5020/5020/5020 5012/5012/5012 5010/5010/5010
f 4994/4994/4994 5010/5010/5010 5012/5012/5012
f 5012/5012/5012 4996/4996/4996 4994/4994/4994
f 4992/4992/4992 5008/5008/5008 5006/5006/5006
f 5006/5006/5006 4990/4990/4990 4992/4992/4992
f 4980/4980/4980 4994/4994/4994 4996/4996/4996
f 4996/4996/4996 4982/4982/4982 4980/4980/4980
f 4978/4978/4978 4992/4992/4992 4990/4990/4990
f 4990/4990/4990 4976/4976/4976 4978/4978/4978
f 4962/4962/4962 4978/4978/4978 4976/4976/4976
f 4976/4976/4976 4960/4960/4960 4962/4962/4962
f 4964/4964/4964 4980/4980/4980 4982/4982/4982
f 4982/4982/4982 4966/4966/4966 4964/4964/4964
f 4948/4948/4948 4964/4964/4964 4966/4966/4966
f 4966/4966/4966 4950/4950/4950 4948/4948/4948
f 4946/4946/4946 4962/4962/4962 4960/4960/4960
f 4960/4960/4960 4944/4944/4944 4946/4946/4946
f 4936/4936/4936 4948/4948/4948 4950/4950/4950
f 4950/4950/4950 4938/4938/4938 4936/4936/4936
f 4933/4933/4933 4946/4946/4946 4944/4944/4944
f 4944/4944/4944 4930/4930/4930 4933/4933/4933
f 4916/4916/4916 4936/4936/4936 4938/4938/4938
f 4938/4938/4938 4919/4919/4919 4916/4916/4916
f 4407/4407/4407 994/994/994 997/997/997
f 994/994/994 4407/4407/4407 4406/4406/4406
f 4406/4406/4406 993/993/993 994/994/994
f 4407/4407/4407 4483/4483/4483 4406/4406/4406
f 997/997/997 4410/4410/4410 4407/4407/4407
f 4465/4465/4465 4483/4483/4483 4407/4407/4407
f 4407/4407/4407 4410/4410/4410 4465/4465/4465
f 994/994/994 931/931/931 997/997/997
f 931/931/931 994/994/994 910/910/910
f 4467/4467/4467 4465/4465/4465 4410/4410/4410
f 910/910/910 869/869/869 931/931/931
f 997/997/997 4412/4412/4412 4410/4410/4410
f 4410/4410/4410 4412/4412/4412 4467/4467/4467
f 4412/4412/4412 997/997/997 999/999/999
f 999/999/999 997/997/997 931/931/931
f 4483/4483/4483 4465/4465/4465 4521/4521/4521
f 4521/4521/4521 4512/4512/4512 4483/4483/4483
f 941/941/941 910/910/910 994/994/994
f 994/994/994 993/993/993 941/941/941
f 4483/4483/4483 4480/4480/4480 4406/4406/4406
f 4465/4465/4465 4490/4490/4490 4521/4521/4521
f 4465/4465/4465 4467/4467/4467 4490/4490/4490
f 869/869/869 910/910/910 850/850/850
f 993/993/993 4406/4406/4406 4404/4404/4404
f 4404/4404/4404 991/991/991 993/993/993
f 993/993/993 991/991/991 941/941/941
f 4404/4404/4404 4406/4406/4406 4480/4480/4480
f 910/910/910 941/941/941 860/860/860
f 860/860/860 850/850/850 910/910/910
f 4480/4480/4480 4483/4483/4483 4519/4519/4519
f 4512/4512/4512 4519/4519/4519 4483/4483/4483
f 941/941/941 920/920/920 860/860/860
f 920/920/920 941/941/941 991/991/991
f 4519/4519/4519 4512/4512/4512 4548/4548/4548
f 920/920/920 858/858/858 860/860/860
f 4404/4404/4404 989/989/989 991/991/991
f 991/991/991 989/989/989 920/920/920
f 4480/4480/4480 4489/4489/4489 4404/4404/4404
f 4519/4519/4519 4525/4525/4525 4480/4480/4480
f 4489/4489/4489 4480/4480/4480 4525/4525/4525
f 989/989/989 4404/4404/4404 4402/4402/4402
f 4402/4402/4402 4404/4404/4404 4489/4489/4489
f 4559/4559/4559 4548/4548/4548 4512/4512/4512
f 4512/4512/4512 4521/4521/4521 4559/4559/4559
f 920/920/920 989/989/989 883/883/883
f 920/920/920 883/883/883 843/843/843
f 843/843/843 858/858/858 920/920/920
f 4525/4525/4525 4519/4519/4519 4545/4545/4545
f 4402/4402/4402 988/988/988 989/989/989
f 988/988/988 883/883/883 989/989/989
f 4525/4525/4525 4526/4526/4526 4489/4489/4489
f 4545/4545/4545 4526/4526/4526 4525/4525/4525
f 860/860/860 858/858/858 822/822/822
f 850/850/850 860/860/860 822/822/822
f 4489/4489/4489 4445/4445/4445 4402/4402/4402
f 4585/4585/4585 4545/4545/4545 4519/4519/4519
f 4519/4519/4519 4548/4548/4548 4585/4585/4585
f 4559/4559/4559 4585/4585/4585 4548/4548/4548
f 4489/4489/4489 4479/4479/4479 4445/4445/4445
f 822/822/822 794/794/794 850/850/850
f 4526/4526/4526 4509/4509/4509 4489/4489/4489
f 4545/4545/4545 4576/4576/4576 4526/4526/4526
f 4509/4509/4509 4526/4526/4526 4543/4543/4543
f 4576/4576/4576 4543/4543/4543 4526/4526/4526
f 869/869/869 896/896/896 931/931/931
f 869/869/869 855/855/855 896/896/896
f 4550/4550/4550 4521/4521/4521 4490/4490/4490
f 4550/4550/4550 4559/4559/4559 4521/4521/4521
f 855/855/855 869/869/869 835/835/835
f 850/850/850 835/835/835 869/869/869
f 850/850/850 797/797/797 835/835/835
f 794/794/794 780/780/780 850/850/850
f 797/797/797 850/850/850 780/780/780
f 926/926/926 931/931/931 896/896/896
f 931/931/931 926/926/926 999/999/999
f 4501/4501/4501 4490/4490/4490 4467/4467/4467
f 4467/4467/4467 4469/4469/4469 4501/4501/4501
f 4469/4469/4469 4467/4467/4467 4412/4412/4412
f 999/999/999 4413/4413/4413 4412/4412/4412
f 4413/4413/4413 999/999/999 1000/1000/1000
f 4412/4412/4412 4413/4413/4413 4469/4469/4469
f 1000/1000/1000 999/999/999 926/926/926
f 4490/4490/4490 4501/4501/4501 4531/4531/4531
f 4531/4531/4531 4550/4550/4550 4490/4490/4490
f 4635/4635/4635 4576/4576/4576 4545/4545/4545
f 4585/4585/4585 4635/4635/4635 4545/4545/4545
f 896/896/896 893/893/893 926/926/926
f 893/893/893 896/896/896 855/855/855
f 4559/4559/4559 4550/4550/4550 4580/4580/4580
f 4550/4550/4550 4531/4531/4531 4580/4580/4580
f 4559/4559/4559 4580/4580/4580 4667/4667/4667
f 4650/4650/4650 4667/4667/4667 4580/4580/4580
f 797/797/797 787/787/787 835/835/835
f 824/824/824 835/835/835 787/787/787
f 835/835/835 824/824/824 852/852/852
f 852/852/852 855/855/855 835/835/835
f 780/780/780 771/771/771 797/797/797
f 787/787/787 797/797/797 771/771/771
f 771/771/771 760/760/760 787/787/787
f 785/785/785 787/787/787 760/760/760
f 760/760/760 771/771/771 729/729/729
f 729/729/729 726/726/726 760/760/760
f 4635/4635/4635 4585/4585/4585 4614/4614/4614
f 2768/2768/2768 2746/2746/2746 2777/2777/2777
f 2724/2724/2724 2777/2777/2777 2746/2746/2746
f 2724/2724/2724 2746/2746/2746 2728/2728/2728
f 2724/2724/2724 2728/2728/2728 2715/2715/2715
f 2724/2724/2724 2692/2692/2692 2777/2777/2777
f 2700/2700/2700 2777/2777/2777 2692/2692/2692
f 5152/5152/5152 2777/2777/2777 2700/2700/2700
f 2777/2777/2777 5152/5152/5152 5167/5167/5167
f 5167/5167/5167 2791/2791/2791 2777/2777/2777
f 5152/5152/5152 5156/5156/5156 5167/5167/5167
f 5156/5156/5156 5170/5170/5170 5167/5167/5167
f 2777/2777/2777 2791/2791/2791 2780/2780/2780
f 2777/2777/2777 2780/2780/2780 2768/2768/2768
f 5167/5167/5167 2809/2809/2809 2791/2791/2791
f 2791/2791/2791 2809/2809/2809 2780/2780/2780
f 5131/5131/5131 5156/5156/5156 5152/5152/5152
f 5156/5156/5156 5131/5131/5131 5133/5133/5133
f 5156/5156/5156 5133/5133/5133 5135/5135/5135
f 5129/5129/5129 5131/5131/5131 5152/5152/5152
f 5156/5156/5156 5135/5135/5135 5137/5137/5137
f 5152/5152/5152 5127/5127/5127 5129/5129/5129
f 5156/5156/5156 5137/5137/5137 5140/5140/5140
f 5156/5156/5156 5140/5140/5140 5144/5144/5144
f 5144/5144/5144 5179/5179/5179 5156/5156/5156
f 5156/5156/5156 5179/5179/5179 5205/5205/5205
f 5156/5156/5156 5205/5205/5205 5170/5170/5170
f 5215/5215/5215 5204/5204/5204 5205/5205/5205
f 5204/5204/5204 5215/5215/5215 5206/5206/5206
f 5223/5223/5223 5206/5206/5206 5215/5215/5215
f 5223/5223/5223 5203/5203/5203 5206/5206/5206
f 5204/5204/5204 5206/5206/5206 5203/5203/5203
f 5203/5203/5203 5170/5170/5170 5204/5204/5204
f 5204/5204/5204 5170/5170/5170 5205/5205/5205
f 5170/5170/5170 5203/5203/5203 5167/5167/5167
f 5167/5167/5167 5203/5203/5203 5191/5191/5191
f 5201/5201/5201 5191/5191/5191 5203/5203/5203
f 5203/5203/5203 5223/5223/5223 5201/5201/5201
f 5216/5216/5216 5201/5201/5201 5223/5223/5223
f 5223/5223/5223 5241/5241/5241 5216/5216/5216
f 5241/5241/5241 5223/5223/5223 5231/5231/5231
f 330/330/330 318/318/318 315/315/315
f 330/330/330 315/315/315 312/312/312
f 330/330/330 321/321/321 318/318/318
f 330/330/330 312/312/312 309/309/309
f 330/330/330 323/323/323 321/321/321
f 291/291/291 321/321/321 323/323/323
f 291/291/291 318/318/318 321/321/321
f 330/330/330 291/291/291 323/323/323
f 330/330/330 306/306/306 301/301/301
f 330/330/330 301/301/301 296/296/296
f 330/330/330 296/296/296 294/294/294
f 330/330/330 309/309/309 306/306/306
f 330/330/330 294/294/294 299/299/299
f 330/330/330 299/299/299 304/304/304
f 285/285/285 304/304/304 299/299/299
f 285/285/285 299/299/299 294/294/294
f 294/294/294 296/296/296 285/285/285
f 330/330/330 304/304/304 285/285/285
f 5333/5333/5333 5261/5261/5261 5297/5297/5297
f 5240/5240/5240 5260/5260/5260 5328/5328/5328
f 5260/5260/5260 5299/5299/5299 5328/5328/5328
f 5299/5299/5299 5333/5333/5333 5328/5328/5328
f 5369/5369/5369 5328/5328/5328 5333/5333/5333
f 5328/5328/5328 5369/5369/5369 5358/5358/5358
f 5358/5358/5358 5322/5322/5322 5328/5328/5328
f 5322/5322/5322 5282/5282/5282 5328/5328/5328
f 5333/5333/5333 5374/5374/5374 5369/5369/5369
f 5322/5322/5322 5358/5358/5358 5339/5339/5339
f 5282/5282/5282 5322/5322/5322 5339/5339/5339
f 5339/5339/5339 5269/5269/5269 5282/5282/5282
f 5224/5224/5224 5282/5282/5282 5269/5269/5269
f 5269/5269/5269 5215/5215/5215 5224/5224/5224
f 5378/5378/5378 5339/5339/5339 5358/5358/5358
f 5358/5358/5358 5402/5402/5402 5378/5378/5378
f 5402/5402/5402 5358/5358/5358 5369/5369/5369
f 5369/5369/5369 5408/5408/5408 5402/5402/5402
f 5408/5408/5408 5369/5369/5369 5374/5374/5374
f 5215/5215/5215 5269/5269/5269 5249/5249/5249
f 5215/5215/5215 5249/5249/5249 5223/5223/5223
f 5223/5223/5223 5249/5249/5249 5231/5231/5231
f 5249/5249/5249 5269/5269/5269 5255/5255/5255
f 5255/5255/5255 5231/5231/5231 5249/5249/5249
f 5339/5339/5339 5378/5378/5378 5305/5305/5305
f 5374/5374/5374 5420/5420/5420 5408/5408/5408
f 5374/5374/5374 5333/5333/5333 5337/5337/5337
f 5337/5337/5337 5377/5377/5377 5374/5374/5374
f 5420/5420/5420 5374/5374/5374 5377/5377/5377
f 5337/5337/5337 5333/5333/5333 5297/5297/5297
f 5282/5282/5282 5224/5224/5224 5210/5210/5210
f 5210/5210/5210 5328/5328/5328 5282/5282/5282
f 5328/5328/5328 5210/5210/5210 5240/5240/5240
f 5210/5210/5210 5224/5224/5224 5215/5215/5215
f 5215/5215/5215 5205/5205/5205 5210/5210/5210
f 5297/5297/5297 5331/5331/5331 5337/5337/5337
f 5377/5377/5377 5423/5423/5423 5420/5420/5420
f 5377/5377/5377 5337/5337/5337 5331/5331/5331
f 5331/5331/5331 5372/5372/5372 5377/5377/5377
f 5423/5423/5423 5377/5377/5377 5372/5372/5372
f 5444/5444/5444 5408/5408/5408 5420/5420/5420
f 5408/5408/5408 5444/5444/5444 5424/5424/5424
f 5424/5424/5424 5402/5402/5402 5408/5408/5408
f 5424/5424/5424 5378/5378/5378 5402/5402/5402
f 5378/5378/5378 5424/5424/5424 5305/5305/5305
f 5269/5269/5269 5339/5339/5339 5267/5267/5267
f 5305/5305/5305 5267/5267/5267 5339/5339/5339
f 5444/5444/5444 5475/5475/5475 5424/5424/5424
f 5475/5475/5475 5444/5444/5444 5420/5420/5420
f 5490/5490/5490 5424/5424/5424 5475/5475/5475
f 5420/5420/5420 5483/5483/5483 5475/5475/5475
f 5423/5423/5423 5456/5456/5456 5420/5420/5420
f 5483/5483/5483 5420/5420/5420 5456/5456/5456
f 5372/5372/5372 5331/5331/5331 5327/5327/5327
f 5327/5327/5327 5366/5366/5366 5372/5372/5372
f 5372/5372/5372 5366/5366/5366 5423/5423/5423
f 5456/5456/5456 5423/5423/5423 5366/5366/5366
f 5366/5366/5366 5447/5447/5447 5456/5456/5456
f 5447/5447/5447 5366/5366/5366 5403/5403/5403
f 5327/5327/5327 5331/5331/5331 5276/5276/5276
f 5251/5251/5251 5276/5276/5276 5331/5331/5331
f 5196/5196/5196 5251/5251/5251 5331/5331/5331
f 5196/5196/5196 5331/5331/5331 5297/5297/5297
f 5196/5196/5196 5297/5297/5297 5261/5261/5261
f 5261/5261/5261 5210/5210/5210 5196/5196/5196
f 5456/5456/5456 5486/5486/5486 5483/5483/5483
f 5366/5366/5366 5327/5327/5327 5351/5351/5351
f 5403/5403/5403 5366/5366/5366 5351/5351/5351
f 5276/5276/5276 5351/5351/5351 5327/5327/5327
f 4643/4643/4643 5276/5276/5276 5251/5251/5251
f 5251/5251/5251 4626/4626/4626 4643/4643/4643
f 4626/4626/4626 5251/5251/5251 5196/5196/5196
f 2681/2681/2681 2715/2715/2715 2689/2689/2689
f 3817/3817/3817 3769/3769/3769 2732/2732/2732
f 2732/2732/2732 3769/3769/3769 3729/3729/3729
f 4370/4370/4370 4394/4394/4394 4942/4942/4942
f 4942/4942/4942 4451/4451/4451 4370/4370/4370
f 4942/4942/4942 4516/4516/4516 4451/4451/4451
f 4566/4566/4566 4516/4516/4516 4942/4942/4942
f 4942/4942/4942 4590/4590/4590 4566/4566/4566
f 4620/4620/4620 4590/4590/4590 4942/4942/4942
f 4942/4942/4942 4633/4633/4633 4620/4620/4620
f 4624/4624/4624 4633/4633/4633 4942/4942/4942
f 4942/4942/4942 4594/4594/4594 4624/4624/4624
f 4570/4570/4570 4594/4594/4594 4942/4942/4942
f 4518/4518/4518 4570/4570/4570 4942/4942/4942
f 4942/4942/4942 5049/5049/5049 4518/4518/4518
f 4518/4518/4518 5049/5049/5049 5025/5025/5025
f 5025/5025/5025 4455/4455/4455 4518/4518/4518
f 5025/5025/5025 4374/4374/4374 4455/4455/4455
f 4374/4374/4374 5025/5025/5025 5001/5001/5001
f 5001/5001/5001 4338/4338/4338 4374/4374/4374
f 4338/4338/4338 5001/5001/5001 4987/4987/4987
f 4987/4987/4987 4314/4314/4314 4338/4338/4338
f 4314/4314/4314 4987/4987/4987 4971/4971/4971
f 4971/4971/4971 4282/4282/4282 4314/4314/4314
f 4282/4282/4282 4971/4971/4971 4955/4955/4955
f 4955/4955/4955 4925/4925/4925 4282/4282/4282
f 4925/4925/4925 4907/4907/4907 4282/4282/4282
f 4907/4907/4907 4891/4891/4891 4282/4282/4282
f 4282/4282/4282 4891/4891/4891 4875/4875/4875
f 4875/4875/4875 4861/4861/4861 4282/4282/4282
f 4282/4282/4282 4861/4861/4861 4782/4782/4782
f 4282/4282/4282 4782/4782/4782 4554/4554/4554
f 4554/4554/4554 4358/4358/4358 4282/4282/4282
f 4358/4358/4358 4302/4302/4302 4282/4282/4282
f 4258/4258/4258 4282/4282/4282 4302/4302/4302
f 4302/4302/4302 4234/4234/4234 4258/4258/4258
f 4194/4194/4194 4234/4234/4234 4302/4302/4302
f 4194/4194/4194 4302/4302/4302 4262/4262/4262
f 4262/4262/4262 4162/4162/4162 4194/4194/4194
f 4162/4162/4162 4262/4262/4262 4214/4214/4214
f 4162/4162/4162 4214/4214/4214 4173/4173/4173
f 4130/4130/4130 4162/4162/4162 4173/4173/4173
f 4130/4130/4130 4173/4173/4173 4133/4133/4133
f 4133/4133/4133 4106/4106/4106 4130/4130/4130
f 4106/4106/4106 4133/4133/4133 4093/4093/4093
f 4074/4074/4074 4106/4106/4106 4093/4093/4093
f 5077/5077/5077 5049/5049/5049 4942/4942/4942
f 4942/4942/4942 5085/5085/5085 5077/5077/5077
f 5085/5085/5085 4942/4942/4942 5123/5123/5123
f 5123/5123/5123 5093/5093/5093 5085/5085/5085
f 5123/5123/5123 5101/5101/5101 5093/5093/5093
f 5109/5109/5109 5101/5101/5101 5123/5123/5123
f 5123/5123/5123 5117/5117/5117 5109/5109/5109
f 5113/5113/5113 5117/5117/5117 5123/5123/5123
f 4370/4370/4370 4334/4334/4334 4394/4394/4394
f 4394/4394/4394 4334/4334/4334 4310/4310/4310
f 4310/4310/4310 4278/4278/4278 4394/4394/4394
f 4394/4394/4394 4278/4278/4278 4254/4254/4254
f 4394/4394/4394 4254/4254/4254 4230/4230/4230
f 4230/4230/4230 4190/4190/4190 4394/4394/4394
f 4394/4394/4394 4190/4190/4190 4158/4158/4158
f 4158/4158/4158 4126/4126/4126 4394/4394/4394
f 4394/4394/4394 4126/4126/4126 4102/4102/4102
f 4394/4394/4394 4102/4102/4102 4070/4070/4070
f 4070/4070/4070 4038/4038/4038 4394/4394/4394
f 4038/4038/4038 4006/4006/4006 4394/4394/4394
f 4394/4394/4394 4006/4006/4006 3974/3974/3974
f 3974/3974/3974 3942/3942/3942 4394/4394/4394
f 4394/4394/4394 3942/3942/3942 3902/3902/3902
f 3902/3902/3902 3862/3862/3862 4394/4394/4394
f 4394/4394/4394 3862/3862/3862 3817/3817/3817
f 3817/3817/3817 2732/2732/2732 4394/4394/4394
f 3729/3729/3729 3673/3673/3673 2732/2732/2732
f 2732/2732/2732 3137/3137/3137 3105/3105/3105
f 3169/3169/3169 3137/3137/3137 2732/2732/2732
f 2732/2732/2732 3203/3203/3203 3169/3169/3169
f 2732/2732/2732 3227/3227/3227 3203/3203/3203
f 3249/3249/3249 3227/3227/3227 2732/2732/2732
f 2732/2732/2732 3293/3293/3293 3249/3249/3249
f 2732/2732/2732 3333/3333/3333 3293/3293/3293
f 3373/3373/3373 3333/3333/3333 2732/2732/2732
f 2732/2732/2732 3413/3413/3413 3373/3373/3373
f 3461/3461/3461 3413/3413/3413 2732/2732/2732
f 2732/2732/2732 3527/3527/3527 3461/3461/3461
f 3605/3605/3605 3527/3527/3527 2732/2732/2732
f 3673/3673/3673 3605/3605/3605 2732/2732/2732
f 5123/5123/5123 5105/5105/5105 5113/5113/5113
f 4306/4306/4306 3458/3458/3458 3488/3488/3488
f 3488/3488/3488 3524/3524/3524 4306/4306/4306
f 4306/4306/4306 3524/3524/3524 3540/3540/3540
f 3540/3540/3540 3548/3548/3548 4306/4306/4306
f 3548/3548/3548 3564/3564/3564 4306/4306/4306
f 4306/4306/4306 3564/3564/3564 3570/3570/3570
f 4306/4306/4306 3570/3570/3570 3578/3578/3578
f 3578/3578/3578 3566/3566/3566 4306/4306/4306
f 4306/4306/4306 3566/3566/3566 3560/3560/3560
f 3560/3560/3560 3544/3544/3544 4306/4306/4306
f 3544/3544/3544 3536/3536/3536 4306/4306/4306
f 3536/3536/3536 4266/4266/4266 4306/4306/4306
f 4218/4218/4218 4266/4266/4266 3536/3536/3536
f 3536/3536/3536 4177/4177/4177 4218/4218/4218
f 4137/4137/4137 4177/4177/4177 3536/3536/3536
f 4097/4097/4097 4137/4137/4137 3536/3536/3536
f 3536/3536/3536 4065/4065/4065 4097/4097/4097
f 4033/4033/4033 4065/4065/4065 3536/3536/3536
f 3426/3426/3426 3458/3458/3458 4306/4306/4306
f 4306/4306/4306 3394/3394/3394 3426/3426/3426
f 3370/3370/3370 3394/3394/3394 4306/4306/4306
f 4306/4306/4306 2745/2745/2745 3370/3370/3370
f 3346/3346/3346 3370/3370/3370 2745/2745/2745
f 3304/3304/3304 3346/3346/3346 2745/2745/2745
f 2745/2745/2745 3262/3262/3262 3304/3304/3304
f 3224/3224/3224 3262/3262/3262 2745/2745/2745
f 2745/2745/2745 3182/3182/3182 3224/3224/3224
f 3134/3134/3134 3182/3182/3182 2745/2745/2745
f 2745/2745/2745 3066/3066/3066 3134/3134/3134
f 3016/3016/3016 3066/3066/3066 2745/2745/2745
f 2745/2745/2745 3000/3000/3000 3016/3016/3016
f 2745/2745/2745 2984/2984/2984 3000/3000/3000
f 2968/2968/2968 2984/2984/2984 2745/2745/2745
f 2745/2745/2745 2741/2741/2741 2968/2968/2968
f 2745/2745/2745 2668/2668/2668 2741/2741/2741
f 2668/2668/2668 2413/2413/2413 2741/2741/2741
f 2397/2397/2397 2413/2413/2413 2668/2668/2668
f 2668/2668/2668 2383/2383/2383 2397/2397/2397
f 2367/2367/2367 2383/2383/2383 2668/2668/2668
f 2668/2668/2668 2317/2317/2317 2367/2367/2367
f 2249/2249/2249 2317/2317/2317 2668/2668/2668
f 2668/2668/2668 2201/2201/2201 2249/2249/2249
f 2161/2161/2161 2201/2201/2201 2668/2668/2668
f 2668/2668/2668 2121/2121/2121 2161/2161/2161
f 2079/2079/2079 2121/2121/2121 2668/2668/2668
f 2079/2079/2079 2668/2668/2668 329/329/329
f 329/329/329 2035/2035/2035 2079/2079/2079
f 2011/2011/2011 2035/2035/2035 329/329/329
f 329/329/329 1987/1987/1987 2011/2011/2011
f 1955/1955/1955 1987/1987/1987 329/329/329
f 329/329/329 1923/1923/1923 1955/1955/1955
f 1891/1891/1891 1923/1923/1923 329/329/329
f 329/329/329 1855/1855/1855 1891/1891/1891
f 1839/1839/1839 1855/1855/1855 329/329/329
f 329/329/329 1831/1831/1831 1839/1839/1839
f 329/329/329 1815/1815/1815 1831/1831/1831
f 768/768/768 1815/1815/1815 329/329/329
f 329/329/329 610/610/610 768/768/768
f 329/329/329 594/594/594 610/610/610
f 768/768/768 1015/1015/1015 1815/1815/1815
f 1807/1807/1807 1815/1815/1815 1015/1015/1015
f 1015/1015/1015 1799/1799/1799 1807/1807/1807
f 1015/1015/1015 1803/1803/1803 1799/1799/1799
f 1811/1811/1811 1803/1803/1803 1015/1015/1015
f 1015/1015/1015 1827/1827/1827 1811/1811/1811
f 1827/1827/1827 1015/1015/1015 1071/1071/1071
f 1071/1071/1071 1111/1111/1111 1827/1827/1827
f 1827/1827/1827 1111/1111/1111 1159/1159/1159
f 1827/1827/1827 1159/1159/1159 1200/1200/1200
f 1200/1200/1200 1240/1240/1240 1827/1827/1827
f 1827/1827/1827 1240/1240/1240 1280/1280/1280
f 1280/1280/1280 1312/1312/1312 1827/1827/1827
f 1827/1827/1827 1312/1312/1312 1344/1344/1344
f 1827/1827/1827 1344/1344/1344 1376/1376/1376
f 1376/1376/1376 1408/1408/1408 1827/1827/1827
f 1835/1835/1835 1827/1827/1827 1408/1408/1408
f 1851/1851/1851 1835/1835/1835 1408/1408/1408
f 1851/1851/1851 1408/1408/1408 1440/1440/1440
f 1887/1887/1887 1851/1851/1851 1440/1440/1440
f 1440/1440/1440 1464/1464/1464 1887/1887/1887
f 1919/1919/1919 1887/1887/1887 1464/1464/1464
f 1951/1951/1951 1919/1919/1919 1464/1464/1464
f 1464/1464/1464 1983/1983/1983 1951/1951/1951
f 2007/2007/2007 1983/1983/1983 1464/1464/1464
f 2007/2007/2007 1464/1464/1464 1496/1496/1496
f 2007/2007/2007 1496/1496/1496 1528/1528/1528
f 1528/1528/1528 2031/2031/2031 2007/2007/2007
f 2031/2031/2031 1528/1528/1528 1572/1572/1572
f 1572/1572/1572 2075/2075/2075 2031/2031/2031
f 2075/2075/2075 1572/1572/1572 1596/1596/1596
f 1596/1596/1596 2117/2117/2117 2075/2075/2075
f 1596/1596/1596 1620/1620/1620 2117/2117/2117
f 1620/1620/1620 1652/1652/1652 2117/2117/2117
f 2157/2157/2157 2117/2117/2117 1652/1652/1652
f 1652/1652/1652 1676/1676/1676 2157/2157/2157
f 1676/1676/1676 2197/2197/2197 2157/2157/2157
f 1676/1676/1676 1716/1716/1716 2197/2197/2197
f 2245/2245/2245 2197/2197/2197 1716/1716/1716
f 1716/1716/1716 2313/2313/2313 2245/2245/2245
f 2313/2313/2313 1716/1716/1716 1744/1744/1744
f 2313/2313/2313 1744/1744/1744 1760/1760/1760
f 1760/1760/1760 1776/1776/1776 2313/2313/2313
f 1776/1776/1776 1784/1784/1784 2313/2313/2313
f 2313/2313/2313 1784/1784/1784 1792/1792/1792
f 1792/1792/1792 1796/1796/1796 2313/2313/2313
f 2379/2379/2379 2313/2313/2313 1796/1796/1796
f 1796/1796/1796 2393/2393/2393 2379/2379/2379
f 1796/1796/1796 2409/2409/2409 2393/2393/2393
f 2557/2557/2557 2409/2409/2409 1796/1796/1796
f 1796/1796/1796 2736/2736/2736 2557/2557/2557
f 2736/2736/2736 1796/1796/1796 1788/1788/1788
f 2736/2736/2736 1788/1788/1788 1780/1780/1780
f 1780/1780/1780 1772/1772/1772 2736/2736/2736
f 1772/1772/1772 1756/1756/1756 2736/2736/2736
f 1768/1768/1768 2736/2736/2736 1756/1756/1756
f 1756/1756/1756 1700/1700/1700 1768/1768/1768
f 1700/1700/1700 1756/1756/1756 1740/1740/1740
f 1740/1740/1740 1712/1712/1712 1700/1700/1700
f 1700/1700/1700 1712/1712/1712 1672/1672/1672
f 1672/1672/1672 1648/1648/1648 1700/1700/1700
f 1700/1700/1700 1648/1648/1648 1616/1616/1616
f 1616/1616/1616 1592/1592/1592 1700/1700/1700
f 1700/1700/1700 1592/1592/1592 1568/1568/1568
f 1644/1644/1644 1700/1700/1700 1568/1568/1568
f 1644/1644/1644 1568/1568/1568 1524/1524/1524
f 1604/1604/1604 1644/1644/1644 1524/1524/1524
f 1524/1524/1524 1492/1492/1492 1604/1604/1604
f 1556/1556/1556 1604/1604/1604 1492/1492/1492
f 1492/1492/1492 1460/1460/1460 1556/1556/1556
f 1511/1511/1511 1556/1556/1556 1460/1460/1460
f 1471/1471/1471 1511/1511/1511 1460/1460/1460
f 1471/1471/1471 1460/1460/1460 1436/1436/1436
f 1431/1431/1431 1471/1471/1471 1436/1436/1436
f 1436/1436/1436 1404/1404/1404 1431/1431/1431
f 1399/1399/1399 1431/1431/1431 1404/1404/1404
f 1404/1404/1404 1372/1372/1372 1399/1399/1399
f 1367/1367/1367 1399/1399/1399 1372/1372/1372
f 1372/1372/1372 1340/1340/1340 1367/1367/1367
f 1335/1335/1335 1367/1367/1367 1340/1340/1340
f 1340/1340/1340 1308/1308/1308 1335/1335/1335
f 1303/1303/1303 1335/1335/1335 1308/1308/1308
f 1308/1308/1308 1276/1276/1276 1303/1303/1303
f 1276/1276/1276 1271/1271/1271 1303/1303/1303
f 1271/1271/1271 1276/1276/1276 1236/1236/1236
f 1236/1236/1236 1247/1247/1247 1271/1271/1271
f 1236/1236/1236 1196/1196/1196 1247/1247/1247
f 1196/1196/1196 1155/1155/1155 1247/1247/1247
f 1215/1215/1215 1247/1247/1247 1155/1155/1155
f 1155/1155/1155 1107/1107/1107 1215/1215/1215
f 1183/1183/1183 1215/1215/1215 1107/1107/1107
f 1107/1107/1107 1143/1143/1143 1183/1183/1183
f 1143/1143/1143 1107/1107/1107 1067/1067/1067
f 1143/1143/1143 1067/1067/1067 1013/1013/1013
f 1013/1013/1013 764/764/764 1143/1143/1143
f 1143/1143/1143 764/764/764 606/606/606
f 606/606/606 590/590/590 1143/1143/1143
f 590/590/590 574/574/574 1143/1143/1143
f 1119/1119/1119 1143/1143/1143 574/574/574
f 574/574/574 558/558/558 1119/1119/1119
f 558/558/558 542/542/542 1119/1119/1119
f 542/542/542 1095/1095/1095 1119/1119/1119
f 1095/1095/1095 542/542/542 522/522/522
f 522/522/522 494/494/494 1095/1095/1095
f 494/494/494 478/478/478 1095/1095/1095
f 1063/1063/1063 1095/1095/1095 478/478/478
f 478/478/478 462/462/462 1063/1063/1063
f 462/462/462 1039/1039/1039 1063/1063/1063
f 959/959/959 1039/1039/1039 462/462/462
f 462/462/462 867/867/867 959/959/959
f 805/805/805 867/867/867 462/462/462
f 805/805/805 462/462/462 530/530/530
f 530/530/530 755/755/755 805/805/805
f 716/716/716 755/755/755 530/530/530
f 530/530/530 694/694/694 716/716/716
f 530/530/530 685/685/685 694/694/694
f 690/690/690 685/685/685 530/530/530
f 530/530/530 712/712/712 690/690/690
f 751/751/751 712/712/712 530/530/530
f 530/530/530 801/801/801 751/751/751
f 863/863/863 801/801/801 530/530/530
f 955/955/955 863/863/863 530/530/530
f 530/530/530 981/981/981 955/955/955
f 981/981/981 1035/1035/1035 955/955/955
f 1059/1059/1059 1035/1035/1035 981/981/981
f 981/981/981 1091/1091/1091 1059/1059/1059
f 1115/1115/1115 1091/1091/1091 981/981/981
f 1139/1139/1139 1115/1115/1115 981/981/981
f 981/981/981 1179/1179/1179 1139/1139/1139
f 981/981/981 1211/1211/1211 1179/1179/1179
f 1243/1243/1243 1211/1211/1211 981/981/981
f 981/981/981 1267/1267/1267 1243/1243/1243
f 981/981/981 1299/1299/1299 1267/1267/1267
f 981/981/981 1331/1331/1331 1299/1299/1299
f 981/981/981 1363/1363/1363 1331/1331/1331
f 1395/1395/1395 1363/1363/1363 981/981/981
f 1427/1427/1427 1395/1395/1395 981/981/981
f 981/981/981 1467/1467/1467 1427/1427/1427
f 1507/1507/1507 1467/1467/1467 981/981/981
f 981/981/981 1552/1552/1552 1507/1507/1507
f 1552/1552/1552 981/981/981 2732/2732/2732
f 2732/2732/2732 1600/1600/1600 1552/1552/1552
f 2732/2732/2732 1640/1640/1640 1600/1600/1600
f 1696/1696/1696 1640/1640/1640 2732/2732/2732
f 530/530/530 462/462/462 446/446/446
f 446/446/446 422/422/422 530/530/530
f 530/530/530 422/422/422 398/398/398
f 530/530/530 398/398/398 370/370/370
f 329/329/329 530/530/530 370/370/370
f 370/370/370 362/362/362 329/329/329
f 329/329/329 362/362/362 354/354/354
f 354/354/354 346/346/346 329/329/329
f 329/329/329 346/346/346 338/338/338
f 338/338/338 334/334/334 329/329/329
f 334/334/334 342/342/342 329/329/329
f 329/329/329 342/342/342 350/350/350
f 350/350/350 358/358/358 329/329/329
f 329/329/329 358/358/358 366/366/366
f 366/366/366 374/374/374 329/329/329
f 329/329/329 374/374/374 402/402/402
f 402/402/402 426/426/426 329/329/329
f 329/329/329 426/426/426 450/450/450
f 450/450/450 466/466/466 329/329/329
f 329/329/329 466/466/466 482/482/482
f 482/482/482 498/498/498 329/329/329
f 329/329/329 498/498/498 526/526/526
f 329/329/329 526/526/526 546/546/546
f 546/546/546 562/562/562 329/329/329
f 329/329/329 562/562/562 578/578/578
f 578/578/578 594/594/594 329/329/329
f 1768/1768/1768 1848/1848/1848 2736/2736/2736
f 2736/2736/2736 1848/1848/1848 1916/1916/1916
f 1916/1916/1916 1964/1964/1964 2736/2736/2736
f 2736/2736/2736 1964/1964/1964 2004/2004/2004
f 2004/2004/2004 2044/2044/2044 2736/2736/2736
f 2736/2736/2736 2044/2044/2044 2088/2088/2088
f 2088/2088/2088 2130/2130/2130 2736/2736/2736
f 2736/2736/2736 2130/2130/2130 2154/2154/2154
f 2154/2154/2154 2178/2178/2178 2736/2736/2736
f 2736/2736/2736 2178/2178/2178 2210/2210/2210
f 2210/2210/2210 2242/2242/2242 2736/2736/2736
f 2736/2736/2736 2242/2242/2242 2274/2274/2274
f 2736/2736/2736 2274/2274/2274 2310/2310/2310
f 2310/2310/2310 2735/2735/2735 2736/2736/2736
f 2736/2736/2736 2735/2735/2735 3073/3073/3073
f 3073/3073/3073 3109/3109/3109 2736/2736/2736
f 3109/3109/3109 3141/3141/3141 2736/2736/2736
f 2736/2736/2736 3141/3141/3141 3173/3173/3173
f 3173/3173/3173 3207/3207/3207 2736/2736/2736
f 3207/3207/3207 2964/2964/2964 2736/2736/2736
f 2964/2964/2964 3207/3207/3207 3231/3231/3231
f 3231/3231/3231 2980/2980/2980 2964/2964/2964
f 2980/2980/2980 3231/3231/3231 3253/3253/3253
f 2980/2980/2980 3253/3253/3253 3297/3297/3297
f 3297/3297/3297 3337/3337/3337 2980/2980/2980
f 2980/2980/2980 3337/3337/3337 3377/3377/3377
f 2980/2980/2980 3377/3377/3377 3417/3417/3417
f 3417/3417/3417 3465/3465/3465 2980/2980/2980
f 2980/2980/2980 3465/3465/3465 3531/3531/3531
f 2996/2996/2996 2980/2980/2980 3531/3531/3531
f 3012/3012/3012 2996/2996/2996 3531/3531/3531
f 3531/3531/3531 3609/3609/3609 3012/3012/3012
f 3064/3064/3064 3012/3012/3012 3609/3609/3609
f 3609/3609/3609 3677/3677/3677 3064/3064/3064
f 3677/3677/3677 3130/3130/3130 3064/3064/3064
f 3657/3657/3657 3130/3130/3130 3677/3677/3677
f 3677/3677/3677 3697/3697/3697 3657/3657/3657
f 3721/3721/3721 3697/3697/3697 3677/3677/3677
f 3677/3677/3677 3753/3753/3753 3721/3721/3721
f 3777/3777/3777 3753/3753/3753 3677/3677/3677
f 3777/3777/3777 3677/3677/3677 3733/3733/3733
f 3801/3801/3801 3777/3777/3777 3733/3733/3733
f 3845/3845/3845 3801/3801/3801 3733/3733/3733
f 3845/3845/3845 3733/3733/3733 3773/3773/3773
f 3773/3773/3773 3877/3877/3877 3845/3845/3845
f 3877/3877/3877 3773/3773/3773 3821/3821/3821
f 3877/3877/3877 3821/3821/3821 3866/3866/3866
f 3909/3909/3909 3877/3877/3877 3866/3866/3866
f 3866/3866/3866 3906/3906/3906 3909/3909/3909
f 3933/3933/3933 3909/3909/3909 3906/3906/3906
f 3933/3933/3933 3906/3906/3906 3946/3946/3946
f 3946/3946/3946 3965/3965/3965 3933/3933/3933
f 3965/3965/3965 3946/3946/3946 3978/3978/3978
f 3978/3978/3978 3997/3997/3997 3965/3965/3965
f 3997/3997/3997 3978/3978/3978 4010/4010/4010
f 4010/4010/4010 4029/4029/4029 3997/3997/3997
f 4029/4029/4029 4010/4010/4010 4042/4042/4042
f 4042/4042/4042 4061/4061/4061 4029/4029/4029
f 4061/4061/4061 4042/4042/4042 4074/4074/4074
f 4074/4074/4074 4093/4093/4093 4061/4061/4061
f 3059/3059/3059 3073/3073/3073 2735/2735/2735
f 2735/2735/2735 3051/3051/3051 3059/3059/3059
f 3035/3035/3035 3051/3051/3051 2735/2735/2735
f 3027/3027/3027 3035/3035/3035 2735/2735/2735
f 2735/2735/2735 3019/3019/3019 3027/3027/3027
f 3023/3023/3023 3019/3019/3019 2735/2735/2735
f 3031/3031/3031 3023/3023/3023 2735/2735/2735
f 2735/2735/2735 3047/3047/3047 3031/3031/3031
f 3055/3055/3055 3047/3047/3047 2735/2735/2735
f 3055/3055/3055 2735/2735/2735 2732/2732/2732
f 2732/2732/2732 3069/3069/3069 3055/3055/3055
f 2732/2732/2732 3105/3105/3105 3069/3069/3069
f 2732/2732/2732 2735/2735/2735 2322/2322/2322
f 2322/2322/2322 2306/2306/2306 2732/2732/2732
f 2306/2306/2306 2270/2270/2270 2732/2732/2732
f 2270/2270/2270 2238/2238/2238 2732/2732/2732
f 2732/2732/2732 2238/2238/2238 2206/2206/2206
f 2206/2206/2206 2174/2174/2174 2732/2732/2732
f 2732/2732/2732 2174/2174/2174 2150/2150/2150
f 2732/2732/2732 2150/2150/2150 2126/2126/2126
f 2126/2126/2126 2084/2084/2084 2732/2732/2732
f 2732/2732/2732 2084/2084/2084 2040/2040/2040
f 2040/2040/2040 2000/2000/2000 2732/2732/2732
f 2732/2732/2732 2000/2000/2000 1960/1960/1960
f 2732/2732/2732 1960/1960/1960 1912/1912/1912
f 1912/1912/1912 1844/1844/1844 2732/2732/2732
f 1844/1844/1844 1764/1764/1764 2732/2732/2732
f 2732/2732/2732 1764/1764/1764 1696/1696/1696
f 2330/2330/2330 2322/2322/2322 2735/2735/2735
f 2346/2346/2346 2330/2330/2330 2735/2735/2735
f 2735/2735/2735 2354/2354/2354 2346/2346/2346
f 2735/2735/2735 2362/2362/2362 2354/2354/2354
f 2358/2358/2358 2362/2362/2362 2735/2735/2735
f 2735/2735/2735 2350/2350/2350 2358/2358/2358
f 2735/2735/2735 2334/2334/2334 2350/2350/2350
f 2326/2326/2326 2334/2334/2334 2735/2735/2735
f 2735/2735/2735 2310/2310/2310 2326/2326/2326
f 2745/2745/2745 4306/4306/4306 4558/4558/4558
f 2745/2745/2745 4558/4558/4558 4786/4786/4786
f 5123/5123/5123 2745/2745/2745 4786/4786/4786
f 4786/4786/4786 4865/4865/4865 5123/5123/5123
f 5123/5123/5123 4865/4865/4865 4879/4879/4879
f 4879/4879/4879 4895/4895/4895 5123/5123/5123
f 5123/5123/5123 4895/4895/4895 4911/4911/4911
f 5123/5123/5123 4911/4911/4911 4929/4929/4929
f 4929/4929/4929 4959/4959/4959 5123/5123/5123
f 5123/5123/5123 4959/4959/4959 4975/4975/4975
f 4975/4975/4975 4989/4989/4989 5123/5123/5123
f 5123/5123/5123 4989/4989/4989 5005/5005/5005
f 5005/5005/5005 5029/5029/5029 5123/5123/5123
f 5029/5029/5029 5053/5053/5053 5123/5123/5123
f 5123/5123/5123 5053/5053/5053 5081/5081/5081
f 5081/5081/5081 5089/5089/5089 5123/5123/5123
f 5089/5089/5089 5097/5097/5097 5123/5123/5123
f 5097/5097/5097 5105/5105/5105 5123/5123/5123
f 3130/3130/3130 3657/3657/3657 3629/3629/3629
f 3629/3629/3629 3613/3613/3613 3130/3130/3130
f 3613/3613/3613 3597/3597/3597 3130/3130/3130
f 3130/3130/3130 3597/3597/3597 3589/3589/3589
f 3589/3589/3589 3581/3581/3581 3130/3130/3130
f 3130/3130/3130 3581/3581/3581 3573/3573/3573
f 3130/3130/3130 3573/3573/3573 3585/3585/3585
f 3585/3585/3585 3593/3593/3593 3130/3130/3130
f 3130/3130/3130 3593/3593/3593 3601/3601/3601
f 3130/3130/3130 3601/3601/3601 3617/3617/3617
f 3617/3617/3617 3633/3633/3633 3130/3130/3130
f 3178/3178/3178 3130/3130/3130 3633/3633/3633
f 3178/3178/3178 3633/3633/3633 3661/3661/3661
f 3661/3661/3661 3220/3220/3220 3178/3178/3178
f 3220/3220/3220 3661/3661/3661 3701/3701/3701
f 3220/3220/3220 3701/3701/3701 3725/3725/3725
f 3725/3725/3725 3757/3757/3757 3220/3220/3220
f 3220/3220/3220 3757/3757/3757 3781/3781/3781
f 3258/3258/3258 3220/3220/3220 3781/3781/3781
f 3302/3302/3302 3258/3258/3258 3781/3781/3781
f 3781/3781/3781 3805/3805/3805 3302/3302/3302
f 3342/3342/3342 3302/3302/3302 3805/3805/3805
f 3805/3805/3805 3849/3849/3849 3342/3342/3342
f 3849/3849/3849 3366/3366/3366 3342/3342/3342
f 3366/3366/3366 3849/3849/3849 3881/3881/3881
f 3881/3881/3881 3913/3913/3913 3366/3366/3366
f 3913/3913/3913 3390/3390/3390 3366/3366/3366
f 3422/3422/3422 3390/3390/3390 3913/3913/3913
f 3913/3913/3913 3454/3454/3454 3422/3422/3422
f 3913/3913/3913 3484/3484/3484 3454/3454/3454
f 3484/3484/3484 3913/3913/3913 3937/3937/3937
f 3937/3937/3937 3520/3520/3520 3484/3484/3484
f 3937/3937/3937 3969/3969/3969 3520/3520/3520
f 3969/3969/3969 3536/3536/3536 3520/3520/3520
f 3536/3536/3536 3969/3969/3969 4001/4001/4001
f 3536/3536/3536 4001/4001/4001 4033/4033/4033
f 2700/2700/2700 2665/2665/2665 2744/2744/2744
f 5152/5152/5152 2700/2700/2700 2744/2744/2744
f 2744/2744/2744 5122/5122/5122 5152/5152/5152
f 2667/2667/2667 2700/2700/2700 2692/2692/2692
f 2667/2667/2667 2692/2692/2692 2688/2688/2688
f 2667/2667/2667 2688/2688/2688 2681/2681/2681
f 2667/2667/2667 2681/2681/2681 2676/2676/2676
f 2667/2667/2667 2676/2676/2676 2673/2673/2673
f 2667/2667/2667 2673/2673/2673 2670/2670/2670
f 2667/2667/2667 2670/2670/2670 2660/2660/2660
f 2667/2667/2667 2660/2660/2660 2656/2656/2656
f 2667/2667/2667 2656/2656/2656 2654/2654/2654
f 2667/2667/2667 2654/2654/2654 2651/2651/2651
f 2667/2667/2667 2651/2651/2651 2645/2645/2645
f 2667/2667/2667 2645/2645/2645 2641/2641/2641
f 328/328/328 2666/2666/2666 2605/2605/2605
f 2605/2605/2605 290/290/290 328/328/328
f 2667/2667/2667 2641/2641/2641 2606/2606/2606
f 531/531/531 331/331/331 286/286/286
f 286/286/286 909/909/909 531/531/531
f 909/909/909 984/984/984 531/531/531
f 2733/2733/2733 983/983/983 986/986/986
f 4399/4399/4399 4396/4396/4396 2733/2733/2733
f 986/986/986 4399/4399/4399 2733/2733/2733
f 4943/4943/4943 4397/4397/4397 4482/4482/4482
f 4943/4943/4943 4482/4482/4482 5160/5160/5160
f 5160/5160/5160 5125/5125/5125 4943/4943/4943
f 2713/2713/2713 2681/2681/2681 2688/2688/2688
f 2689/2689/2689 2670/2670/2670 2673/2673/2673
f 2689/2689/2689 2673/2673/2673 2676/2676/2676
f 2676/2676/2676 2681/2681/2681 2689/2689/2689
f 2689/2689/2689 2660/2660/2660 2670/2670/2670
f 2689/2689/2689 2656/2656/2656 2660/2660/2660
f 2689/2689/2689 2654/2654/2654 2656/2656/2656
f 2689/2689/2689 2651/2651/2651 2654/2654/2654
f 2689/2689/2689 2645/2645/2645 2651/2651/2651
f 2645/2645/2645 2689/2689/2689 2641/2641/2641
f 2724/2724/2724 2688/2688/2688 2692/2692/2692
f 2688/2688/2688 2724/2724/2724 2713/2713/2713
f 909/909/909 286/286/286 280/280/280
f 2641/2641/2641 2689/2689/2689 2555/2555/2555
f 2555/2555/2555 2606/2606/2606 2641/2641/2641
f 909/909/909 280/280/280 272/272/272
f 272/272/272 837/837/837 909/909/909
f 4399/4399/4399 986/986/986 988/988/988
f 988/988/988 4402/4402/4402 4399/4399/4399
f 4482/4482/4482 5174/5174/5174 5160/5160/5160
f 840/840/840 909/909/909 837/837/837
f 840/840/840 895/895/895 909/909/909
f 895/895/895 945/945/945 909/909/909
f 943/943/943 909/909/909 945/945/945
f 982/982/982 943/943/943 945/945/945
f 982/982/982 940/940/940 943/943/943
f 909/909/909 943/943/943 940/940/940
f 982/982/982 938/938/938 940/940/940
f 909/909/909 940/940/940 938/938/938
f 982/982/982 936/936/936 938/938/938
f 982/982/982 909/909/909 936/936/936
f 909/909/909 938/938/938 936/936/936
f 982/982/982 945/945/945 947/947/947
f 895/895/895 947/947/947 945/945/945
f 982/982/982 947/947/947 949/949/949
f 982/982/982 949/949/949 952/952/952
f 982/982/982 952/952/952 962/962/962
f 982/982/982 962/962/962 972/972/972
f 982/982/982 972/972/972 974/974/974
f 982/982/982 974/974/974 976/976/976
f 982/982/982 976/976/976 986/986/986
f 986/986/986 976/976/976 974/974/974
f 986/986/986 974/974/974 972/972/972
f 986/986/986 972/972/972 962/962/962
f 952/952/952 986/986/986 962/962/962
f 986/986/986 952/952/952 949/949/949
f 986/986/986 949/949/949 947/947/947
f 895/895/895 986/986/986 947/947/947
f 4402/4402/4402 4445/4445/4445 4399/4399/4399
f 2713/2713/2713 2724/2724/2724 2715/2715/2715
f 4445/4445/4445 4425/4425/4425 4399/4399/4399
f 4395/4395/4395 4399/4399/4399 4425/4425/4425
f 4395/4395/4395 4425/4425/4425 4430/4430/4430
f 4395/4395/4395 4430/4430/4430 4432/4432/4432
f 4395/4395/4395 4432/4432/4432 4434/4434/4434
f 4395/4395/4395 4434/4434/4434 4436/4436/4436
f 4395/4395/4395 4436/4436/4436 4438/4438/4438
f 4395/4395/4395 4438/4438/4438 4440/4440/4440
f 4395/4395/4395 4440/4440/4440 4442/4442/4442
f 4395/4395/4395 4442/4442/4442 4444/4444/4444
f 4395/4395/4395 4444/4444/4444 4447/4447/4447
f 4395/4395/4395 4447/4447/4447 4458/4458/4458
f 4395/4395/4395 4458/4458/4458 4460/4460/4460
f 4395/4395/4395 4460/4460/4460 4482/4482/4482
f 4460/4460/4460 4458/4458/4458 4482/4482/4482
f 4430/4430/4430 4456/4456/4456 4432/4432/4432
f 4456/4456/4456 4430/4430/4430 4425/4425/4425
f 4425/4425/4425 4445/4445/4445 4456/4456/4456
f 4485/4485/4485 4442/4442/4442 4440/4440/4440
f 4485/4485/4485 4444/4444/4444 4442/4442/4442
f 4485/4485/4485 4440/4440/4440 4438/4438/4438
f 4485/4485/4485 4438/4438/4438 4436/4436/4436
f 4436/4436/4436 4434/4434/4434 4485/4485/4485
f 4503/4503/4503 4458/4458/4458 4447/4447/4447
f 4458/4458/4458 4503/4503/4503 4482/4482/4482
f 4503/4503/4503 4447/4447/4447 4444/4444/4444
f 4444/4444/4444 4485/4485/4485 4503/4503/4503
f 4479/4479/4479 4434/4434/4434 4432/4432/4432
f 4432/4432/4432 4456/4456/4456 4479/4479/4479
f 4479/4479/4479 4485/4485/4485 4434/4434/4434
f 4456/4456/4456 4445/4445/4445 4479/4479/4479
f 986/986/986 883/883/883 988/988/988
f 883/883/883 986/986/986 895/895/895
f 895/895/895 840/840/840 883/883/883
f 4509/4509/4509 4485/4485/4485 4479/4479/4479
f 4503/4503/4503 4485/4485/4485 4509/4509/4509
f 5174/5174/5174 4482/4482/4482 4595/4595/4595
f 4503/4503/4503 4595/4595/4595 4482/4482/4482
f 4595/4595/4595 5196/5196/5196 5174/5174/5174
f 4509/4509/4509 4543/4543/4543 4503/4503/4503
f 4571/4571/4571 4503/4503/4503 4543/4543/4543
f 4571/4571/4571 4595/4595/4595 4503/4503/4503
f 4479/4479/4479 4489/4489/4489 4509/4509/4509
f 5124/5124/5124 5127/5127/5127 5152/5152/5152
f 5124/5124/5124 5129/5129/5129 5127/5127/5127
f 5124/5124/5124 5131/5131/5131 5129/5129/5129
f 5124/5124/5124 5133/5133/5133 5131/5131/5131
f 5124/5124/5124 5135/5135/5135 5133/5133/5133
f 5124/5124/5124 5137/5137/5137 5135/5135/5135
f 5124/5124/5124 5140/5140/5140 5137/5137/5137
f 5124/5124/5124 5144/5144/5144 5140/5140/5140
f 5124/5124/5124 5148/5148/5148 5144/5144/5144
f 5124/5124/5124 5150/5150/5150 5148/5148/5148
f 5124/5124/5124 5146/5146/5146 5150/5150/5150
f 5124/5124/5124 5142/5142/5142 5146/5146/5146
f 5124/5124/5124 5159/5159/5159 5142/5142/5142
f 5184/5184/5184 5146/5146/5146 5142/5142/5142
f 5142/5142/5142 5159/5159/5159 5184/5184/5184
f 5146/5146/5146 5184/5184/5184 5150/5150/5150
f 5179/5179/5179 5144/5144/5144 5148/5148/5148
f 5148/5148/5148 5150/5150/5150 5179/5179/5179
f 5150/5150/5150 5184/5184/5184 5179/5179/5179
f 5184/5184/5184 5159/5159/5159 5196/5196/5196
f 5210/5210/5210 5179/5179/5179 5184/5184/5184
f 5210/5210/5210 5184/5184/5184 5196/5196/5196
f 5179/5179/5179 5210/5210/5210 5205/5205/5205
f 4571/4571/4571 4543/4543/4543 4595/4595/4595
f 2715/2715/2715 2681/2681/2681 2713/2713/2713
f 5196/5196/5196 4595/4595/4595 4626/4626/4626
f 4626/4626/4626 4595/4595/4595 4543/4543/4543
f 5641/5641/5641 5618/5618/5618 5612/5612/5612
f 5612/5612/5612 5660/5660/5660 5641/5641/5641
f 5660/5660/5660 5662/5662/5662 5641/5641/5641
f 5648/5648/5648 5660/5660/5660 5612/5612/5612
f 5612/5612/5612 5600/5600/5600 5648/5648/5648
f 5671/5671/5671 5662/5662/5662 5660/5660/5660
f 5612/5612/5612 5618/5618/5618 5606/5606/5606
f 5660/5660/5660 5648/5648/5648 5684/5684/5684
f 5633/5633/5633 5648/5648/5648 5600/5600/5600
f 5600/5600/5600 5587/5587/5587 5633/5633/5633
f 5587/5587/5587 5600/5600/5600 5564/5564/5564
f 5564/5564/5564 5552/5552/5552 5587/5587/5587
f 5608/5608/5608 5633/5633/5633 5587/5587/5587
f 5587/5587/5587 5581/5581/5581 5608/5608/5608
f 5581/5581/5581 5587/5587/5587 5552/5552/5552
f 5552/5552/5552 5538/5538/5538 5581/5581/5581
f 5635/5635/5635 5684/5684/5684 5648/5648/5648
f 5648/5648/5648 5633/5633/5633 5635/5635/5635
f 5633/5633/5633 5608/5608/5608 5635/5635/5635
f 5585/5585/5585 5608/5608/5608 5581/5581/5581
f 5608/5608/5608 5585/5585/5585 5610/5610/5610
f 5610/5610/5610 5635/5635/5635 5608/5608/5608
f 5581/5581/5581 5554/5554/5554 5585/5585/5585
f 5554/5554/5554 5581/5581/5581 5538/5538/5538
f 5684/5684/5684 5635/5635/5635 5687/5687/5687
f 5687/5687/5687 5713/5713/5713 5684/5684/5684
f 5654/5654/5654 5687/5687/5687 5635/5635/5635
f 5621/5621/5621 5654/5654/5654 5635/5635/5635
f 5635/5635/5635 5610/5610/5610 5621/5621/5621
f 5583/5583/5583 5610/5610/5610 5585/5585/5585
f 5585/5585/5585 5554/5554/5554 5583/5583/5583
f 5549/5549/5549 5583/5583/5583 5554/5554/5554
f 5554/5554/5554 5533/5533/5533 5549/5549/5549
f 5533/5533/5533 5554/5554/5554 5535/5535/5535
f 5535/5535/5535 5496/5496/5496 5533/5533/5533
f 5561/5561/5561 5621/5621/5621 5610/5610/5610
f 5610/5610/5610 5583/5583/5583 5561/5561/5561
f 5583/5583/5583 5549/5549/5549 5561/5561/5561
f 5654/5654/5654 5621/5621/5621 5628/5628/5628
f 5628/5628/5628 5687/5687/5687 5654/5654/5654
f 5621/5621/5621 5561/5561/5561 5594/5594/5594
f 5594/5594/5594 5628/5628/5628 5621/5621/5621
f 5508/5508/5508 5549/5549/5549 5533/5533/5533
f 5533/5533/5533 5491/5491/5491 5508/5508/5508
f 5491/5491/5491 5533/5533/5533 5496/5496/5496
f 5530/5530/5530 5561/5561/5561 5549/5549/5549
f 5549/5549/5549 5508/5508/5508 5530/5530/5530
f 5535/5535/5535 5554/5554/5554 5439/5439/5439
f 5538/5538/5538 5439/5439/5439 5554/5554/5554
f 5439/5439/5439 5496/5496/5496 5535/5535/5535
f 5476/5476/5476 5508/5508/5508 5491/5491/5491
f 5485/5485/5485 5530/5530/5530 5508/5508/5508
f 5508/5508/5508 5476/5476/5476 5485/5485/5485
f 5496/5496/5496 5426/5426/5426 5491/5491/5491
f 5426/5426/5426 5496/5496/5496 5474/5474/5474
f 5474/5474/5474 5496/5496/5496 5460/5460/5460
f 5439/5439/5439 5460/5460/5460 5496/5496/5496
f 5460/5460/5460 5414/5414/5414 5474/5474/5474
f 5426/5426/5426 5474/5474/5474 5414/5414/5414
f 5439/5439/5439 5419/5419/5419 5460/5460/5460
f 5414/5414/5414 5460/5460/5460 5400/5400/5400
f 5419/5419/5419 5400/5400/5400 5460/5460/5460
f 1897/1897/1897 1873/1873/1873 1814/1814/1814
f 1814/1814/1814 1830/1830/1830 1897/1897/1897
f 1905/1905/1905 1897/1897/1897 1830/1830/1830
f 1830/1830/1830 1838/1838/1838 1905/1905/1905
f 1806/1806/1806 1814/1814/1814 1873/1873/1873
f 1873/1873/1873 1865/1865/1865 1806/1806/1806
f 1798/1798/1798 1806/1806/1806 1865/1865/1865
f 1865/1865/1865 1857/1857/1857 1798/1798/1798
f 1802/1802/1802 1798/1798/1798 1857/1857/1857
f 1857/1857/1857 1861/1861/1861 1802/1802/1802
f 1810/1810/1810 1802/1802/1802 1861/1861/1861
f 1861/1861/1861 1869/1869/1869 1810/1810/1810
f 1826/1826/1826 1810/1810/1810 1869/1869/1869
f 1869/1869/1869 1893/1893/1893 1826/1826/1826
f 1834/1834/1834 1826/1826/1826 1893/1893/1893
f 1893/1893/1893 1901/1901/1901 1834/1834/1834
f 1850/1850/1850 1834/1834/1834 1901/1901/1901
f 1901/1901/1901 1925/1925/1925 1850/1850/1850
f 1886/1886/1886 1850/1850/1850 1925/1925/1925
f 1925/1925/1925 1941/1941/1941 1886/1886/1886
f 1918/1918/1918 1886/1886/1886 1941/1941/1941
f 1941/1941/1941 1965/1965/1965 1918/1918/1918
f 1950/1950/1950 1918/1918/1918 1965/1965/1965
f 1965/1965/1965 1989/1989/1989 1950/1950/1950
f 1982/1982/1982 1950/1950/1950 1989/1989/1989
f 1989/1989/1989 2021/2021/2021 1982/1982/1982
f 2006/2006/2006 1982/1982/1982 2021/2021/2021
f 2021/2021/2021 2045/2045/2045 2006/2006/2006
f 2030/2030/2030 2006/2006/2006 2045/2045/2045
f 2045/2045/2045 2063/2063/2063 2030/2030/2030
f 2074/2074/2074 2030/2030/2030 2063/2063/2063
f 2116/2116/2116 2074/2074/2074 2063/2063/2063
f 2063/2063/2063 2139/2139/2139 2116/2116/2116
f 2156/2156/2156 2116/2116/2116 2139/2139/2139
f 2139/2139/2139 2179/2179/2179 2156/2156/2156
f 2196/2196/2196 2156/2156/2156 2179/2179/2179
f 2179/2179/2179 2219/2219/2219 2196/2196/2196
f 2244/2244/2244 2196/2196/2196 2219/2219/2219
f 2219/2219/2219 2275/2275/2275 2244/2244/2244
f 2312/2312/2312 2244/2244/2244 2275/2275/2275
f 2275/2275/2275 2335/2335/2335 2312/2312/2312
f 2364/2364/2364 2312/2312/2312 2335/2335/2335
f 2335/2335/2335 2369/2369/2369 2364/2364/2364
f 2378/2378/2378 2364/2364/2364 2369/2369/2369
f 2369/2369/2369 2385/2385/2385 2378/2378/2378
f 2385/2385/2385 2399/2399/2399 2378/2378/2378
f 1929/1929/1929 1905/1905/1905 1838/1838/1838
f 1838/1838/1838 1854/1854/1854 1929/1929/1929
f 1945/1945/1945 1929/1929/1929 1854/1854/1854
f 1854/1854/1854 1890/1890/1890 1945/1945/1945
f 1969/1969/1969 1945/1945/1945 1890/1890/1890
f 1890/1890/1890 1922/1922/1922 1969/1969/1969
f 1993/1993/1993 1969/1969/1969 1922/1922/1922
f 1922/1922/1922 1954/1954/1954 1993/1993/1993
f 2025/2025/2025 1993/1993/1993 1954/1954/1954
f 1954/1954/1954 1986/1986/1986 2025/2025/2025
f 2051/2051/2051 2025/2025/2025 1986/1986/1986
f 1986/1986/1986 2010/2010/2010 2051/2051/2051
f 2067/2067/2067 2051/2051/2051 2010/2010/2010
f 2010/2010/2010 2034/2034/2034 2067/2067/2067
f 2103/2103/2103 2067/2067/2067 2034/2034/2034
f 2034/2034/2034 2078/2078/2078 2103/2103/2103
f 2143/2143/2143 2103/2103/2103 2078/2078/2078
f 2078/2078/2078 2120/2120/2120 2143/2143/2143
f 2183/2183/2183 2143/2143/2143 2120/2120/2120
f 2120/2120/2120 2160/2160/2160 2183/2183/2183
f 2223/2223/2223 2183/2183/2183 2160/2160/2160
f 2160/2160/2160 2200/2200/2200 2223/2223/2223
f 2279/2279/2279 2223/2223/2223 2200/2200/2200
f 2200/2200/2200 2248/2248/2248 2279/2279/2279
f 2339/2339/2339 2279/2279/2279 2248/2248/2248
f 2248/2248/2248 2316/2316/2316 2339/2339/2339
f 2373/2373/2373 2339/2339/2339 2316/2316/2316
f 2316/2316/2316 2366/2366/2366 2373/2373/2373
f 2389/2389/2389 2373/2373/2373 2366/2366/2366
f 2366/2366/2366 2382/2382/2382 2389/2389/2389
f 2403/2403/2403 2389/2389/2389 2382/2382/2382
f 2382/2382/2382 2396/2396/2396 2403/2403/2403
f 2419/2419/2419 2403/2403/2403 2396/2396/2396
f 2396/2396/2396 2412/2412/2412 2419/2419/2419
f 2582/2582/2582 2419/2419/2419 2412/2412/2412
f 2412/2412/2412 2739/2739/2739 2582/2582/2582
f 2872/2872/2872 2582/2582/2582 2739/2739/2739
f 2739/2739/2739 2880/2880/2880 2872/2872/2872
f 2958/2958/2958 2872/2872/2872 2880/2880/2880
f 2880/2880/2880 2965/2965/2965 2958/2958/2958
f 2974/2974/2974 2958/2958/2958 2965/2965/2965
f 2965/2965/2965 2981/2981/2981 2974/2974/2974
f 2990/2990/2990 2974/2974/2974 2981/2981/2981
f 2981/2981/2981 2997/2997/2997 2990/2990/2990
f 3006/3006/3006 2990/2990/2990 2997/2997/2997
f 2997/2997/2997 3013/3013/3013 3006/3006/3006
f 3042/3042/3042 3006/3006/3006 3013/3013/3013
f 2408/2408/2408 2378/2378/2378 2399/2399/2399
f 2399/2399/2399 2415/2415/2415 2408/2408/2408
f 2878/2878/2878 2408/2408/2408 2415/2415/2415
f 3013/3013/3013 3131/3131/3131 3042/3042/3042
f 3100/3100/3100 3042/3042/3042 3131/3131/3131
f 3156/3156/3156 3100/3100/3100 3131/3131/3131
f 3131/3131/3131 3179/3179/3179 3156/3156/3156
f 3198/3198/3198 3156/3156/3156 3179/3179/3179
f 3179/3179/3179 3221/3221/3221 3198/3198/3198
f 3276/3276/3276 3198/3198/3198 3221/3221/3221
f 3221/3221/3221 3259/3259/3259 3276/3276/3276
f 3259/3259/3259 3343/3343/3343 3276/3276/3276
f 3310/3310/3310 3276/3276/3276 3343/3343/3343
f 3327/3327/3327 3310/3310/3310 3343/3343/3343
f 3343/3343/3343 3367/3367/3367 3327/3327/3327
f 3352/3352/3352 3327/3327/3327 3367/3367/3367
f 3367/3367/3367 3391/3391/3391 3352/3352/3352
f 3384/3384/3384 3352/3352/3352 3391/3391/3391
f 3391/3391/3391 3423/3423/3423 3384/3384/3384
f 3408/3408/3408 3384/3384/3384 3423/3423/3423
f 3423/3423/3423 3455/3455/3455 3408/3408/3408
f 3432/3432/3432 3408/3408/3408 3455/3455/3455
f 3455/3455/3455 3485/3485/3485 3432/3432/3432
f 3448/3448/3448 3432/3432/3432 3485/3485/3485
f 3485/3485/3485 3521/3521/3521 3448/3448/3448
f 3472/3472/3472 3448/3448/3448 3521/3521/3521
f 3521/3521/3521 3537/3537/3537 3472/3472/3472
f 3502/3502/3502 3472/3472/3472 3537/3537/3537
f 3537/3537/3537 3545/3545/3545 3502/3502/3502
f 3545/3545/3545 3561/3561/3561 3502/3502/3502
f 3510/3510/3510 3502/3502/3502 3561/3561/3561
f 3561/3561/3561 3567/3567/3567 3510/3510/3510
f 3514/3514/3514 3510/3510/3510 3567/3567/3567
f 3567/3567/3567 3575/3575/3575 3514/3514/3514
f 3506/3506/3506 3514/3514/3514 3575/3575/3575
f 3575/3575/3575 3557/3557/3557 3506/3506/3506
f 3498/3498/3498 3506/3506/3506 3557/3557/3557
f 3476/3476/3476 3498/3498/3498 3557/3557/3557
f 3557/3557/3557 3541/3541/3541 3476/3476/3476
f 3468/3468/3468 3476/3476/3476 3541/3541/3541
f 3541/3541/3541 3533/3533/3533 3468/3468/3468
f 3444/3444/3444 3468/3468/3468 3533/3533/3533
f 3533/3533/3533 3517/3517/3517 3444/3444/3444
f 3428/3428/3428 3444/3444/3444 3517/3517/3517
f 3517/3517/3517 3481/3481/3481 3428/3428/3428
f 3404/3404/3404 3428/3428/3428 3481/3481/3481
f 3481/3481/3481 3451/3451/3451 3404/3404/3404
f 3380/3380/3380 3404/3404/3404 3451/3451/3451
f 3451/3451/3451 3419/3419/3419 3380/3380/3380
f 3348/3348/3348 3380/3380/3380 3419/3419/3419
f 3419/3419/3419 3387/3387/3387 3348/3348/3348
f 3322/3322/3322 3348/3348/3348 3387/3387/3387
f 3387/3387/3387 3363/3363/3363 3322/3322/3322
f 3306/3306/3306 3322/3322/3322 3363/3363/3363
f 3363/3363/3363 3339/3339/3339 3306/3306/3306
f 3272/3272/3272 3306/3306/3306 3339/3339/3339
f 3339/3339/3339 3299/3299/3299 3272/3272/3272
f 3234/3234/3234 3272/3272/3272 3299/3299/3299
f 3299/3299/3299 3255/3255/3255 3234/3234/3234
f 3193/3193/3193 3234/3234/3234 3255/3255/3255
f 3255/3255/3255 3217/3217/3217 3193/3193/3193
f 3152/3152/3152 3193/3193/3193 3217/3217/3217
f 3217/3217/3217 3175/3175/3175 3152/3152/3152
f 3096/3096/3096 3152/3152/3152 3175/3175/3175
f 3175/3175/3175 3127/3127/3127 3096/3096/3096
f 3038/3038/3038 3096/3096/3096 3127/3127/3127
f 3127/3127/3127 3061/3061/3061 3038/3038/3038
f 3002/3002/3002 3038/3038/3038 3061/3061/3061
f 3061/3061/3061 3009/3009/3009 3002/3002/3002
f 2986/2986/2986 3002/3002/3002 3009/3009/3009
f 3009/3009/3009 2993/2993/2993 2986/2986/2986
f 2970/2970/2970 2986/2986/2986 2993/2993/2993
f 2993/2993/2993 2977/2977/2977 2970/2970/2970
f 2954/2954/2954 2970/2970/2970 2977/2977/2977
f 2977/2977/2977 2961/2961/2961 2954/2954/2954
f 2868/2868/2868 2954/2954/2954 2961/2961/2961
f 2961/2961/2961 2878/2878/2878 2868/2868/2868
f 2578/2578/2578 2868/2868/2868 2878/2878/2878
f 2415/2415/2415 2578/2578/2578 2878/2878/2878
f 3079/3079/3079 3087/3087/3087 3030/3030/3030
f 3030/3030/3030 3022/3022/3022 3079/3079/3079
f 3075/3075/3075 3079/3079/3079 3022/3022/3022
f 3022/3022/3022 3018/3018/3018 3075/3075/3075
f 3046/3046/3046 3030/3030/3030 3087/3087/3087
f 3087/3087/3087 3111/3111/3111 3046/3046/3046
f 3054/3054/3054 3046/3046/3046 3111/3111/3111
f 3111/3111/3111 3119/3119/3119 3054/3054/3054
f 3068/3068/3068 3054/3054/3054 3119/3119/3119
f 3119/3119/3119 3143/3143/3143 3068/3068/3068
f 3104/3104/3104 3068/3068/3068 3143/3143/3143
f 3143/3143/3143 3159/3159/3159 3104/3104/3104
f 3136/3136/3136 3104/3104/3104 3159/3159/3159
f 3159/3159/3159 3183/3183/3183 3136/3136/3136
f 3168/3168/3168 3136/3136/3136 3183/3183/3183
f 3183/3183/3183 3209/3209/3209 3168/3168/3168
f 3202/3202/3202 3168/3168/3168 3209/3209/3209
f 3209/3209/3209 3239/3239/3239 3202/3202/3202
f 3226/3226/3226 3202/3202/3202 3239/3239/3239
f 3239/3239/3239 3263/3263/3263 3226/3226/3226
f 3248/3248/3248 3226/3226/3226 3263/3263/3263
f 3263/3263/3263 3279/3279/3279 3248/3248/3248
f 3292/3292/3292 3248/3248/3248 3279/3279/3279
f 3279/3279/3279 3313/3313/3313 3292/3292/3292
f 3332/3332/3332 3292/3292/3292 3313/3313/3313
f 3313/3313/3313 3355/3355/3355 3332/3332/3332
f 3372/3372/3372 3332/3332/3332 3355/3355/3355
f 3355/3355/3355 3395/3395/3395 3372/3372/3372
f 3412/3412/3412 3372/3372/3372 3395/3395/3395
f 3395/3395/3395 3435/3435/3435 3412/3412/3412
f 3460/3460/3460 3412/3412/3412 3435/3435/3435
f 3435/3435/3435 3489/3489/3489 3460/3460/3460
f 3526/3526/3526 3460/3460/3460 3489/3489/3489
f 3489/3489/3489 3549/3549/3549 3526/3526/3526
f 3604/3604/3604 3526/3526/3526 3549/3549/3549
f 3549/3549/3549 3619/3619/3619 3604/3604/3604
f 3672/3672/3672 3604/3604/3604 3619/3619/3619
f 3619/3619/3619 3687/3687/3687 3672/3672/3672
f 3728/3728/3728 3672/3672/3672 3687/3687/3687
f 3687/3687/3687 3735/3735/3735 3728/3728/3728
f 3768/3768/3768 3728/3728/3728 3735/3735/3735
f 3735/3735/3735 3783/3783/3783 3768/3768/3768
f 3816/3816/3816 3768/3768/3768 3783/3783/3783
f 3783/3783/3783 3823/3823/3823 3816/3816/3816
f 3859/3859/3859 3816/3816/3816 3823/3823/3823
f 3823/3823/3823 3852/3852/3852 3859/3859/3859
f 3899/3899/3899 3859/3859/3859 3852/3852/3852
f 3852/3852/3852 3892/3892/3892 3899/3899/3899
f 3939/3939/3939 3899/3899/3899 3892/3892/3892
f 3892/3892/3892 3924/3924/3924 3939/3939/3939
f 3971/3971/3971 3939/3939/3939 3924/3924/3924
f 3924/3924/3924 3956/3956/3956 3971/3971/3971
f 4003/4003/4003 3971/3971/3971 3956/3956/3956
f 3956/3956/3956 3988/3988/3988 4003/4003/4003
f 4035/4035/4035 4003/4003/4003 3988/3988/3988
f 3988/3988/3988 4020/4020/4020 4035/4035/4035
f 4067/4067/4067 4035/4035/4035 4020/4020/4020
f 4020/4020/4020 4052/4052/4052 4067/4067/4067
f 4099/4099/4099 4067/4067/4067 4052/4052/4052
f 4052/4052/4052 4084/4084/4084 4099/4099/4099
f 4123/4123/4123 4099/4099/4099 4084/4084/4084
f 4084/4084/4084 4116/4116/4116 4123/4123/4123
f 4155/4155/4155 4123/4123/4123 4116/4116/4116
f 4116/4116/4116 4148/4148/4148 4155/4155/4155
f 4187/4187/4187 4155/4155/4155 4148/4148/4148
f 4148/4148/4148 4164/4164/4164 4187/4187/4187
f 4227/4227/4227 4187/4187/4187 4164/4164/4164
f 4164/4164/4164 4196/4196/4196 4227/4227/4227
f 4251/4251/4251 4227/4227/4227 4196/4196/4196
f 4196/4196/4196 4220/4220/4220 4251/4251/4251
f 4275/4275/4275 4251/4251/4251 4220/4220/4220
f 4220/4220/4220 4236/4236/4236 4275/4275/4275
f 4307/4307/4307 4275/4275/4275 4236/4236/4236
f 4236/4236/4236 4268/4268/4268 4307/4307/4307
f 4331/4331/4331 4307/4307/4307 4268/4268/4268
f 4268/4268/4268 4284/4284/4284 4331/4331/4331
f 4284/4284/4284 4316/4316/4316 4331/4331/4331
f 3083/3083/3083 3075/3075/3075 3018/3018/3018
f 3018/3018/3018 3026/3026/3026 3083/3083/3083
f 3091/3091/3091 3083/3083/3083 3026/3026/3026
f 3026/3026/3026 3034/3034/3034 3091/3091/3091
f 3115/3115/3115 3091/3091/3091 3034/3034/3034
f 3034/3034/3034 3050/3050/3050 3115/3115/3115
f 3123/3123/3123 3115/3115/3115 3050/3050/3050
f 3050/3050/3050 3058/3058/3058 3123/3123/3123
f 3147/3147/3147 3123/3123/3123 3058/3058/3058
f 3058/3058/3058 3072/3072/3072 3147/3147/3147
f 3163/3163/3163 3147/3147/3147 3072/3072/3072
f 3072/3072/3072 3108/3108/3108 3163/3163/3163
f 3187/3187/3187 3163/3163/3163 3108/3108/3108
f 3108/3108/3108 3140/3140/3140 3187/3187/3187
f 3213/3213/3213 3187/3187/3187 3140/3140/3140
f 3140/3140/3140 3172/3172/3172 3213/3213/3213
f 3243/3243/3243 3213/3213/3213 3172/3172/3172
f 3172/3172/3172 3206/3206/3206 3243/3243/3243
f 3267/3267/3267 3243/3243/3243 3206/3206/3206
f 3206/3206/3206 3230/3230/3230 3267/3267/3267
f 3285/3285/3285 3267/3267/3267 3230/3230/3230
f 3230/3230/3230 3252/3252/3252 3285/3285/3285
f 3317/3317/3317 3285/3285/3285 3252/3252/3252
f 3252/3252/3252 3296/3296/3296 3317/3317/3317
f 3359/3359/3359 3317/3317/3317 3296/3296/3296
f 3296/3296/3296 3336/3336/3336 3359/3359/3359
f 3399/3399/3399 3359/3359/3359 3336/3336/3336
f 3336/3336/3336 3376/3376/3376 3399/3399/3399
f 3439/3439/3439 3399/3399/3399 3376/3376/3376
f 3376/3376/3376 3416/3416/3416 3439/3439/3439
f 3493/3493/3493 3439/3439/3439 3416/3416/3416
f 3416/3416/3416 3464/3464/3464 3493/3493/3493
f 3553/3553/3553 3493/3493/3493 3464/3464/3464
f 3464/3464/3464 3530/3530/3530 3553/3553/3553
f 3623/3623/3623 3553/3553/3553 3530/3530/3530
f 3530/3530/3530 3608/3608/3608 3623/3623/3623
f 3691/3691/3691 3623/3623/3623 3608/3608/3608
f 3608/3608/3608 3676/3676/3676 3691/3691/3691
f 3739/3739/3739 3691/3691/3691 3676/3676/3676
f 3676/3676/3676 3732/3732/3732 3739/3739/3739
f 3787/3787/3787 3739/3739/3739 3732/3732/3732
f 3732/3732/3732 3772/3772/3772 3787/3787/3787
f 3827/3827/3827 3787/3787/3787 3772/3772/3772
f 3772/3772/3772 3820/3820/3820 3827/3827/3827
f 3856/3856/3856 3827/3827/3827 3820/3820/3820
f 3820/3820/3820 3863/3863/3863 3856/3856/3856
f 3896/3896/3896 3856/3856/3856 3863/3863/3863
f 3863/3863/3863 3903/3903/3903 3896/3896/3896
f 3928/3928/3928 3896/3896/3896 3903/3903/3903
f 3903/3903/3903 3943/3943/3943 3928/3928/3928
f 3960/3960/3960 3928/3928/3928 3943/3943/3943
f 3943/3943/3943 3975/3975/3975 3960/3960/3960
f 3992/3992/3992 3960/3960/3960 3975/3975/3975
f 3975/3975/3975 4007/4007/4007 3992/3992/3992
f 4024/4024/4024 3992/3992/3992 4007/4007/4007
f 4007/4007/4007 4039/4039/4039 4024/4024/4024
f 4056/4056/4056 4024/4024/4024 4039/4039/4039
f 4039/4039/4039 4071/4071/4071 4056/4056/4056
f 4088/4088/4088 4056/4056/4056 4071/4071/4071
f 4071/4071/4071 4103/4103/4103 4088/4088/4088
f 4120/4120/4120 4088/4088/4088 4103/4103/4103
f 4103/4103/4103 4127/4127/4127 4120/4120/4120
f 4152/4152/4152 4120/4120/4120 4127/4127/4127
f 4127/4127/4127 4159/4159/4159 4152/4152/4152
f 4168/4168/4168 4152/4152/4152 4159/4159/4159
f 4159/4159/4159 4191/4191/4191 4168/4168/4168
f 4200/4200/4200 4168/4168/4168 4191/4191/4191
f 4191/4191/4191 4231/4231/4231 4200/4200/4200
f 4224/4224/4224 4200/4200/4200 4231/4231/4231
f 4231/4231/4231 4255/4255/4255 4224/4224/4224
f 4240/4240/4240 4224/4224/4224 4255/4255/4255
f 4255/4255/4255 4279/4279/4279 4240/4240/4240
f 4272/4272/4272 4240/4240/4240 4279/4279/4279
f 4279/4279/4279 4311/4311/4311 4272/4272/4272
f 4288/4288/4288 4272/4272/4272 4311/4311/4311
f 4311/4311/4311 4335/4335/4335 4288/4288/4288
f 4320/4320/4320 4288/4288/4288 4335/4335/4335
f 4335/4335/4335 4371/4371/4371 4320/4320/4320
f 4328/4328/4328 4320/4320/4320 4371/4371/4371
f 4371/4371/4371 4452/4452/4452 4328/4328/4328
f 4352/4352/4352 4328/4328/4328 4452/4452/4452
f 4448/4448/4448 4331/4331/4331 4316/4316/4316
f 4316/4316/4316 4324/4324/4324 4448/4448/4448
f 4513/4513/4513 4448/4448/4448 4324/4324/4324
f 4324/4324/4324 4348/4348/4348 4513/4513/4513
f 4563/4563/4563 4513/4513/4513 4348/4348/4348
f 4348/4348/4348 4362/4362/4362 4563/4563/4563
f 4587/4587/4587 4563/4563/4563 4362/4362/4362
f 4362/4362/4362 4376/4376/4376 4587/4587/4587
f 4617/4617/4617 4587/4587/4587 4376/4376/4376
f 4376/4376/4376 4428/4428/4428 4617/4617/4617
f 4630/4630/4630 4617/4617/4617 4428/4428/4428
f 4621/4621/4621 4630/4630/4630 4428/4428/4428
f 4428/4428/4428 4387/4387/4387 4621/4621/4621
f 4591/4591/4591 4621/4621/4621 4387/4387/4387
f 4387/4387/4387 4380/4380/4380 4591/4591/4591
f 4567/4567/4567 4591/4591/4591 4380/4380/4380
f 4380/4380/4380 4366/4366/4366 4567/4567/4567
f 4366/4366/4366 4352/4352/4352 4567/4567/4567
f 4452/4452/4452 4567/4567/4567 4352/4352/4352
f 3500/3500/3500 3478/3478/3478 3543/3543/3543
f 3543/3543/3543 3559/3559/3559 3500/3500/3500
f 3535/3535/3535 3543/3543/3543 3478/3478/3478
f 3478/3478/3478 3470/3470/3470 3535/3535/3535
f 3508/3508/3508 3500/3500/3500 3559/3559/3559
f 3559/3559/3559 3565/3565/3565 3508/3508/3508
f 3519/3519/3519 3535/3535/3535 3470/3470/3470
f 3470/3470/3470 3446/3446/3446 3519/3519/3519
f 3483/3483/3483 3519/3519/3519 3446/3446/3446
f 3446/3446/3446 3430/3430/3430 3483/3483/3483
f 3453/3453/3453 3483/3483/3483 3430/3430/3430
f 3430/3430/3430 3406/3406/3406 3453/3453/3453
f 3421/3421/3421 3453/3453/3453 3406/3406/3406
f 3406/3406/3406 3382/3382/3382 3421/3421/3421
f 3389/3389/3389 3421/3421/3421 3382/3382/3382
f 3382/3382/3382 3350/3350/3350 3389/3389/3389
f 3365/3365/3365 3389/3389/3389 3350/3350/3350
f 3350/3350/3350 3324/3324/3324 3365/3365/3365
f 3341/3341/3341 3365/3365/3365 3324/3324/3324
f 3324/3324/3324 3308/3308/3308 3341/3341/3341
f 3301/3301/3301 3341/3341/3341 3308/3308/3308
f 3308/3308/3308 3274/3274/3274 3301/3301/3301
f 3257/3257/3257 3301/3301/3301 3274/3274/3274
f 3274/3274/3274 3236/3236/3236 3257/3257/3257
f 3219/3219/3219 3257/3257/3257 3236/3236/3236
f 3236/3236/3236 3196/3196/3196 3219/3219/3219
f 3177/3177/3177 3219/3219/3219 3196/3196/3196
f 3196/3196/3196 3154/3154/3154 3177/3177/3177
f 3129/3129/3129 3177/3177/3177 3154/3154/3154
f 3154/3154/3154 3098/3098/3098 3129/3129/3129
f 3063/3063/3063 3129/3129/3129 3098/3098/3098
f 3098/3098/3098 3040/3040/3040 3063/3063/3063
f 3011/3011/3011 3063/3063/3063 3040/3040/3040
f 3040/3040/3040 3004/3004/3004 3011/3011/3011
f 2995/2995/2995 3011/3011/3011 3004/3004/3004
f 3004/3004/3004 2988/2988/2988 2995/2995/2995
f 2979/2979/2979 2995/2995/2995 2988/2988/2988
f 2988/2988/2988 2972/2972/2972 2979/2979/2979
f 2963/2963/2963 2979/2979/2979 2972/2972/2972
f 2972/2972/2972 2956/2956/2956 2963/2963/2963
f 2737/2737/2737 2963/2963/2963 2956/2956/2956
f 3516/3516/3516 3508/3508/3508 3565/3565/3565
f 3565/3565/3565 3577/3577/3577 3516/3516/3516
f 3512/3512/3512 3516/3516/3516 3577/3577/3577
f 3577/3577/3577 3569/3569/3569 3512/3512/3512
f 3504/3504/3504 3512/3512/3512 3569/3569/3569
f 3569/3569/3569 3563/3563/3563 3504/3504/3504
f 3480/3480/3480 3504/3504/3504 3563/3563/3563
f 3563/3563/3563 3547/3547/3547 3480/3480/3480
f 3474/3474/3474 3480/3480/3480 3547/3547/3547
f 3547/3547/3547 3539/3539/3539 3474/3474/3474
f 3450/3450/3450 3474/3474/3474 3539/3539/3539
f 3539/3539/3539 3523/3523/3523 3450/3450/3450
f 3434/3434/3434 3450/3450/3450 3523/3523/3523
f 3523/3523/3523 3487/3487/3487 3434/3434/3434
f 3410/3410/3410 3434/3434/3434 3487/3487/3487
f 3487/3487/3487 3457/3457/3457 3410/3410/3410
f 3386/3386/3386 3410/3410/3410 3457/3457/3457
f 3457/3457/3457 3425/3425/3425 3386/3386/3386
f 3354/3354/3354 3386/3386/3386 3425/3425/3425
f 3425/3425/3425 3393/3393/3393 3354/3354/3354
f 3330/3330/3330 3354/3354/3354 3393/3393/3393
f 3393/3393/3393 3369/3369/3369 3330/3330/3330
f 3312/3312/3312 3330/3330/3330 3369/3369/3369
f 3369/3369/3369 3345/3345/3345 3312/3312/3312
f 3278/3278/3278 3312/3312/3312 3345/3345/3345
f 3345/3345/3345 3303/3303/3303 3278/3278/3278
f 3238/3238/3238 3278/3278/3278 3303/3303/3303
f 3303/3303/3303 3261/3261/3261 3238/3238/3238
f 3200/3200/3200 3238/3238/3238 3261/3261/3261
f 3261/3261/3261 3223/3223/3223 3200/3200/3200
f 3158/3158/3158 3200/3200/3200 3223/3223/3223
f 3223/3223/3223 3181/3181/3181 3158/3158/3158
f 3102/3102/3102 3158/3158/3158 3181/3181/3181
f 3181/3181/3181 3133/3133/3133 3102/3102/3102
f 3044/3044/3044 3102/3102/3102 3133/3133/3133
f 3133/3133/3133 3065/3065/3065 3044/3044/3044
f 3008/3008/3008 3044/3044/3044 3065/3065/3065
f 3065/3065/3065 3015/3015/3015 3008/3008/3008
f 2992/2992/2992 3008/3008/3008 3015/3015/3015
f 3015/3015/3015 2999/2999/2999 2992/2992/2992
f 2976/2976/2976 2992/2992/2992 2999/2999/2999
f 2999/2999/2999 2983/2983/2983 2976/2976/2976
f 2960/2960/2960 2976/2976/2976 2983/2983/2983
f 2983/2983/2983 2967/2967/2967 2960/2960/2960
f 2874/2874/2874 2960/2960/2960 2967/2967/2967
f 2874/2874/2874 2967/2967/2967 2740/2740/2740
f 2584/2584/2584 2874/2874/2874 2740/2740/2740
f 2956/2956/2956 2870/2870/2870 2737/2737/2737
f 2870/2870/2870 2580/2580/2580 2737/2737/2737
f 2580/2580/2580 2558/2558/2558 2737/2737/2737
f 2410/2410/2410 2558/2558/2558 2580/2580/2580
f 2580/2580/2580 2417/2417/2417 2410/2410/2410
f 2394/2394/2394 2410/2410/2410 2417/2417/2417
f 2417/2417/2417 2401/2401/2401 2394/2394/2394
f 2380/2380/2380 2394/2394/2394 2401/2401/2401
f 2401/2401/2401 2387/2387/2387 2380/2380/2380
f 2387/2387/2387 2371/2371/2371 2380/2380/2380
f 2421/2421/2421 2584/2584/2584 2740/2740/2740
f 2740/2740/2740 2414/2414/2414 2421/2421/2421
f 2405/2405/2405 2421/2421/2421 2414/2414/2414
f 2414/2414/2414 2398/2398/2398 2405/2405/2405
f 2391/2391/2391 2405/2405/2405 2398/2398/2398
f 2398/2398/2398 2384/2384/2384 2391/2391/2391
f 2375/2375/2375 2391/2391/2391 2384/2384/2384
f 2384/2384/2384 2368/2368/2368 2375/2375/2375
f 2341/2341/2341 2375/2375/2375 2368/2368/2368
f 2368/2368/2368 2318/2318/2318 2341/2341/2341
f 2281/2281/2281 2341/2341/2341 2318/2318/2318
f 2318/2318/2318 2250/2250/2250 2281/2281/2281
f 2225/2225/2225 2281/2281/2281 2250/2250/2250
f 2250/2250/2250 2202/2202/2202 2225/2225/2225
f 2185/2185/2185 2225/2225/2225 2202/2202/2202
f 2202/2202/2202 2162/2162/2162 2185/2185/2185
f 2145/2145/2145 2185/2185/2185 2162/2162/2162
f 2162/2162/2162 2122/2122/2122 2145/2145/2145
f 2105/2105/2105 2145/2145/2145 2122/2122/2122
f 2122/2122/2122 2080/2080/2080 2105/2105/2105
f 2070/2070/2070 2105/2105/2105 2080/2080/2080
f 2080/2080/2080 2036/2036/2036 2070/2070/2070
f 2053/2053/2053 2070/2070/2070 2036/2036/2036
f 2036/2036/2036 2012/2012/2012 2053/2053/2053
f 2027/2027/2027 2053/2053/2053 2012/2012/2012
f 2012/2012/2012 1988/1988/1988 2027/2027/2027
f 1995/1995/1995 2027/2027/2027 1988/1988/1988
f 1988/1988/1988 1956/1956/1956 1995/1995/1995
f 1971/1971/1971 1995/1995/1995 1956/1956/1956
f 1956/1956/1956 1924/1924/1924 1971/1971/1971
f 1947/1947/1947 1971/1971/1971 1924/1924/1924
f 1924/1924/1924 1892/1892/1892 1947/1947/1947
f 1931/1931/1931 1947/1947/1947 1892/1892/1892
f 1892/1892/1892 1856/1856/1856 1931/1931/1931
f 1907/1907/1907 1931/1931/1931 1856/1856/1856
f 1856/1856/1856 1840/1840/1840 1907/1907/1907
f 1899/1899/1899 1907/1907/1907 1840/1840/1840
f 1840/1840/1840 1832/1832/1832 1899/1899/1899
f 1875/1875/1875 1899/1899/1899 1832/1832/1832
f 1832/1832/1832 1816/1816/1816 1875/1875/1875
f 1867/1867/1867 1875/1875/1875 1816/1816/1816
f 1816/1816/1816 1808/1808/1808 1867/1867/1867
f 1859/1859/1859 1867/1867/1867 1808/1808/1808
f 1808/1808/1808 1800/1800/1800 1859/1859/1859
f 1863/1863/1863 1859/1859/1859 1800/1800/1800
f 1800/1800/1800 1804/1804/1804 1863/1863/1863
f 1871/1871/1871 1863/1863/1863 1804/1804/1804
f 1804/1804/1804 1812/1812/1812 1871/1871/1871
f 1895/1895/1895 1871/1871/1871 1812/1812/1812
f 1812/1812/1812 1828/1828/1828 1895/1895/1895
f 1903/1903/1903 1895/1895/1895 1828/1828/1828
f 1828/1828/1828 1836/1836/1836 1903/1903/1903
f 1927/1927/1927 1903/1903/1903 1836/1836/1836
f 1836/1836/1836 1852/1852/1852 1927/1927/1927
f 1943/1943/1943 1927/1927/1927 1852/1852/1852
f 1852/1852/1852 1888/1888/1888 1943/1943/1943
f 1967/1967/1967 1943/1943/1943 1888/1888/1888
f 1888/1888/1888 1920/1920/1920 1967/1967/1967
f 1991/1991/1991 1967/1967/1967 1920/1920/1920
f 1920/1920/1920 1952/1952/1952 1991/1991/1991
f 2023/2023/2023 1991/1991/1991 1952/1952/1952
f 1952/1952/1952 1984/1984/1984 2023/2023/2023
f 2048/2048/2048 2023/2023/2023 1984/1984/1984
f 1984/1984/1984 2008/2008/2008 2048/2048/2048
f 2065/2065/2065 2048/2048/2048 2008/2008/2008
f 2008/2008/2008 2032/2032/2032 2065/2065/2065
f 2101/2101/2101 2065/2065/2065 2032/2032/2032
f 2032/2032/2032 2076/2076/2076 2101/2101/2101
f 2141/2141/2141 2101/2101/2101 2076/2076/2076
f 2076/2076/2076 2118/2118/2118 2141/2141/2141
f 2181/2181/2181 2141/2141/2141 2118/2118/2118
f 2118/2118/2118 2158/2158/2158 2181/2181/2181
f 2221/2221/2221 2181/2181/2181 2158/2158/2158
f 2158/2158/2158 2198/2198/2198 2221/2221/2221
f 2277/2277/2277 2221/2221/2221 2198/2198/2198
f 2198/2198/2198 2246/2246/2246 2277/2277/2277
f 2337/2337/2337 2277/2277/2277 2246/2246/2246
f 2246/2246/2246 2314/2314/2314 2337/2337/2337
f 2371/2371/2371 2337/2337/2337 2314/2314/2314
f 2314/2314/2314 2380/2380/2380 2371/2371/2371
f 1258/1258/1258 1290/1290/1290 1305/1305/1305
f 1305/1305/1305 1273/1273/1273 1258/1258/1258
f 1226/1226/1226 1258/1258/1258 1273/1273/1273
f 1273/1273/1273 1233/1233/1233 1226/1226/1226
f 1186/1186/1186 1226/1226/1226 1233/1233/1233
f 1233/1233/1233 1193/1193/1193 1186/1186/1186
f 1337/1337/1337 1305/1305/1305 1290/1290/1290
f 1290/1290/1290 1322/1322/1322 1337/1337/1337
f 1369/1369/1369 1337/1337/1337 1322/1322/1322
f 1322/1322/1322 1354/1354/1354 1369/1369/1369
f 1401/1401/1401 1369/1369/1369 1354/1354/1354
f 1354/1354/1354 1386/1386/1386 1401/1401/1401
f 1433/1433/1433 1401/1401/1401 1386/1386/1386
f 1386/1386/1386 1418/1418/1418 1433/1433/1433
f 1457/1457/1457 1433/1433/1433 1418/1418/1418
f 1418/1418/1418 1450/1450/1450 1457/1457/1457
f 1489/1489/1489 1457/1457/1457 1450/1450/1450
f 1450/1450/1450 1482/1482/1482 1489/1489/1489
f 1521/1521/1521 1489/1489/1489 1482/1482/1482
f 1482/1482/1482 1498/1498/1498 1521/1521/1521
f 1565/1565/1565 1521/1521/1521 1498/1498/1498
f 1498/1498/1498 1531/1531/1531 1565/1565/1565
f 1589/1589/1589 1565/1565/1565 1531/1531/1531
f 1531/1531/1531 1558/1558/1558 1589/1589/1589
f 1613/1613/1613 1589/1589/1589 1558/1558/1558
f 1558/1558/1558 1574/1574/1574 1613/1613/1613
f 1645/1645/1645 1613/1613/1613 1574/1574/1574
f 1574/1574/1574 1606/1606/1606 1645/1645/1645
f 1669/1669/1669 1645/1645/1645 1606/1606/1606
f 1606/1606/1606 1622/1622/1622 1669/1669/1669
f 1709/1709/1709 1669/1669/1669 1622/1622/1622
f 1622/1622/1622 1654/1654/1654 1709/1709/1709
f 1737/1737/1737 1709/1709/1709 1654/1654/1654
f 1654/1654/1654 1662/1662/1662 1737/1737/1737
f 1753/1753/1753 1737/1737/1737 1662/1662/1662
f 1662/1662/1662 1686/1686/1686 1753/1753/1753
f 1769/1769/1769 1753/1753/1753 1686/1686/1686
f 1686/1686/1686 1702/1702/1702 1769/1769/1769
f 1777/1777/1777 1769/1769/1769 1702/1702/1702
f 1702/1702/1702 1718/1718/1718 1777/1777/1777
f 1785/1785/1785 1777/1777/1777 1718/1718/1718
f 1718/1718/1718 1726/1726/1726 1785/1785/1785
f 1793/1793/1793 1785/1785/1785 1726/1726/1726
f 1726/1726/1726 1734/1734/1734 1793/1793/1793
f 1789/1789/1789 1793/1793/1793 1734/1734/1734
f 1734/1734/1734 1730/1730/1730 1789/1789/1789
f 1781/1781/1781 1789/1789/1789 1730/1730/1730
f 1730/1730/1730 1722/1722/1722 1781/1781/1781
f 1773/1773/1773 1781/1781/1781 1722/1722/1722
f 1722/1722/1722 1706/1706/1706 1773/1773/1773
f 1757/1757/1757 1773/1773/1773 1706/1706/1706
f 1706/1706/1706 1690/1690/1690 1757/1757/1757
f 1741/1741/1741 1757/1757/1757 1690/1690/1690
f 1690/1690/1690 1666/1666/1666 1741/1741/1741
f 1713/1713/1713 1741/1741/1741 1666/1666/1666
f 1666/1666/1666 1658/1658/1658 1713/1713/1713
f 1673/1673/1673 1713/1713/1713 1658/1658/1658
f 1658/1658/1658 1626/1626/1626 1673/1673/1673
f 1649/1649/1649 1673/1673/1673 1626/1626/1626
f 1626/1626/1626 1610/1610/1610 1649/1649/1649
f 1617/1617/1617 1649/1649/1649 1610/1610/1610
f 1610/1610/1610 1578/1578/1578 1617/1617/1617
f 1593/1593/1593 1617/1617/1617 1578/1578/1578
f 1578/1578/1578 1562/1562/1562 1593/1593/1593
f 1569/1569/1569 1593/1593/1593 1562/1562/1562
f 1562/1562/1562 1537/1537/1537 1569/1569/1569
f 1525/1525/1525 1569/1569/1569 1537/1537/1537
f 1537/1537/1537 1502/1502/1502 1525/1525/1525
f 1493/1493/1493 1525/1525/1525 1502/1502/1502
f 1502/1502/1502 1486/1486/1486 1493/1493/1493
f 1461/1461/1461 1493/1493/1493 1486/1486/1486
f 1486/1486/1486 1454/1454/1454 1461/1461/1461
f 1437/1437/1437 1461/1461/1461 1454/1454/1454
f 1454/1454/1454 1422/1422/1422 1437/1437/1437
f 1405/1405/1405 1437/1437/1437 1422/1422/1422
f 1422/1422/1422 1390/1390/1390 1405/1405/1405
f 1373/1373/1373 1405/1405/1405 1390/1390/1390
f 1390/1390/1390 1358/1358/1358 1373/1373/1373
f 1341/1341/1341 1373/1373/1373 1358/1358/1358
f 1358/1358/1358 1326/1326/1326 1341/1341/1341
f 1309/1309/1309 1341/1341/1341 1326/1326/1326
f 1326/1326/1326 1294/1294/1294 1309/1309/1309
f 1277/1277/1277 1309/1309/1309 1294/1294/1294
f 1294/1294/1294 1262/1262/1262 1277/1277/1277
f 1237/1237/1237 1277/1277/1277 1262/1262/1262
f 1262/1262/1262 1230/1230/1230 1237/1237/1237
f 1197/1197/1197 1237/1237/1237 1230/1230/1230
f 1230/1230/1230 1190/1190/1190 1197/1197/1197
f 1158/1158/1158 1197/1197/1197 1190/1190/1190
f 1190/1190/1190 1165/1165/1165 1158/1158/1158
f 1110/1110/1110 1158/1158/1158 1165/1165/1165
f 1165/1165/1165 1125/1125/1125 1110/1110/1110
f 1070/1070/1070 1110/1110/1110 1125/1125/1125
f 1125/1125/1125 1077/1077/1077 1070/1070/1070
f 1077/1077/1077 1029/1029/1029 1070/1070/1070
f 1161/1161/1161 1186/1186/1186 1193/1193/1193
f 1193/1193/1193 1154/1154/1154 1161/1161/1161
f 1121/1121/1121 1161/1161/1161 1154/1154/1154
f 1154/1154/1154 1106/1106/1106 1121/1121/1121
f 1073/1073/1073 1121/1121/1121 1106/1106/1106
f 1106/1106/1106 1066/1066/1066 1073/1073/1073
f 1025/1025/1025 1073/1073/1073 1066/1066/1066
f 1066/1066/1066 1012/1012/1012 1025/1025/1025
f 826/826/826 1025/1025/1025 1012/1012/1012
f 1012/1012/1012 763/763/763 826/826/826
f 648/648/648 826/826/826 763/763/763
f 763/763/763 605/605/605 648/648/648
f 596/596/596 648/648/648 605/605/605
f 605/605/605 589/589/589 596/596/596
f 580/580/580 596/596/596 589/589/589
f 589/589/589 573/573/573 580/580/580
f 564/564/564 580/580/580 573/573/573
f 573/573/573 557/557/557 564/564/564
f 548/548/548 564/564/564 557/557/557
f 557/557/557 541/541/541 548/548/548
f 532/532/532 548/548/548 541/541/541
f 541/541/541 521/521/521 532/532/532
f 508/508/508 532/532/532 521/521/521
f 521/521/521 493/493/493 508/508/508
f 500/500/500 508/508/508 493/493/493
f 493/493/493 477/477/477 500/500/500
f 484/484/484 500/500/500 477/477/477
f 477/477/477 461/461/461 484/484/484
f 468/468/468 484/484/484 461/461/461
f 461/461/461 445/445/445 468/468/468
f 452/452/452 468/468/468 445/445/445
f 445/445/445 421/421/421 452/452/452
f 436/436/436 452/452/452 421/421/421
f 421/421/421 397/397/397 436/436/436
f 428/428/428 436/436/436 397/397/397
f 397/397/397 369/369/369 428/428/428
f 412/412/412 428/428/428 369/369/369
f 369/369/369 361/361/361 412/412/412
f 404/404/404 412/412/412 361/361/361
f 361/361/361 353/353/353 404/404/404
f 388/388/388 404/404/404 353/353/353
f 353/353/353 345/345/345 388/388/388
f 380/380/380 388/388/388 345/345/345
f 345/345/345 337/337/337 380/380/380
f 376/376/376 380/380/380 337/337/337
f 337/337/337 333/333/333 376/376/376
f 384/384/384 376/376/376 333/333/333
f 333/333/333 341/341/341 384/384/384
f 392/392/392 384/384/384 341/341/341
f 341/341/341 349/349/349 392/392/392
f 408/408/408 392/392/392 349/349/349
f 349/349/349 357/357/357 408/408/408
f 416/416/416 408/408/408 357/357/357
f 357/357/357 365/365/365 416/416/416
f 432/432/432 416/416/416 365/365/365
f 365/365/365 373/373/373 432/432/432
f 440/440/440 432/432/432 373/373/373
f 373/373/373 401/401/401 440/440/440
f 456/456/456 440/440/440 401/401/401
f 401/401/401 425/425/425 456/456/456
f 472/472/472 456/456/456 425/425/425
f 425/425/425 449/449/449 472/472/472
f 488/488/488 472/472/472 449/449/449
f 449/449/449 465/465/465 488/488/488
f 504/504/504 488/488/488 465/465/465
f 465/465/465 481/481/481 504/504/504
f 514/514/514 504/504/504 481/481/481
f 481/481/481 497/497/497 514/514/514
f 536/536/536 514/514/514 497/497/497
f 497/497/497 525/525/525 536/536/536
f 552/552/552 536/536/536 525/525/525
f 525/525/525 545/545/545 552/552/552
f 568/568/568 552/552/552 545/545/545
f 545/545/545 561/561/561 568/568/568
f 584/584/584 568/568/568 561/561/561
f 561/561/561 577/577/577 584/584/584
f 600/600/600 584/584/584 577/577/577
f 577/577/577 593/593/593 600/600/600
f 652/652/652 600/600/600 593/593/593
f 593/593/593 609/609/609 652/652/652
f 830/830/830 652/652/652 609/609/609
f 609/609/609 767/767/767 830/830/830
f 1029/1029/1029 830/830/830 767/767/767
f 767/767/767 1070/1070/1070 1029/1029/1029
f 4109/4109/4109 4077/4077/4077 4062/4062/4062
f 4062/4062/4062 4094/4094/4094 4109/4109/4109
f 4141/4141/4141 4109/4109/4109 4094/4094/4094
f 4094/4094/4094 4134/4134/4134 4141/4141/4141
f 4030/4030/4030 4062/4062/4062 4077/4077/4077
f 4077/4077/4077 4045/4045/4045 4030/4030/4030
f 3998/3998/3998 4030/4030/4030 4045/4045/4045
f 4045/4045/4045 4013/4013/4013 3998/3998/3998
f 3966/3966/3966 3998/3998/3998 4013/4013/4013
f 4013/4013/4013 3981/3981/3981 3966/3966/3966
f 3934/3934/3934 3966/3966/3966 3981/3981/3981
f 3981/3981/3981 3949/3949/3949 3934/3934/3934
f 3910/3910/3910 3934/3934/3934 3949/3949/3949
f 3949/3949/3949 3917/3917/3917 3910/3910/3910
f 3878/3878/3878 3910/3910/3910 3917/3917/3917
f 3917/3917/3917 3885/3885/3885 3878/3878/3878
f 3846/3846/3846 3878/3878/3878 3885/3885/3885
f 3885/3885/3885 3869/3869/3869 3846/3846/3846
f 3802/3802/3802 3846/3846/3846 3869/3869/3869
f 3869/3869/3869 3834/3834/3834 3802/3802/3802
f 3778/3778/3778 3802/3802/3802 3834/3834/3834
f 3834/3834/3834 3809/3809/3809 3778/3778/3778
f 3754/3754/3754 3778/3778/3778 3809/3809/3809
f 3809/3809/3809 3793/3793/3793 3754/3754/3754
f 3722/3722/3722 3754/3754/3754 3793/3793/3793
f 3793/3793/3793 3761/3761/3761 3722/3722/3722
f 3698/3698/3698 3722/3722/3722 3761/3761/3761
f 3761/3761/3761 3745/3745/3745 3698/3698/3698
f 3658/3658/3658 3698/3698/3698 3745/3745/3745
f 3745/3745/3745 3713/3713/3713 3658/3658/3658
f 3630/3630/3630 3658/3658/3658 3713/3713/3713
f 3713/3713/3713 3705/3705/3705 3630/3630/3630
f 3614/3614/3614 3630/3630/3630 3705/3705/3705
f 3705/3705/3705 3681/3681/3681 3614/3614/3614
f 3598/3598/3598 3614/3614/3614 3681/3681/3681
f 3681/3681/3681 3665/3665/3665 3598/3598/3598
f 3590/3590/3590 3598/3598/3598 3665/3665/3665
f 3665/3665/3665 3649/3649/3649 3590/3590/3590
f 3582/3582/3582 3590/3590/3590 3649/3649/3649
f 3649/3649/3649 3641/3641/3641 3582/3582/3582
f 3574/3574/3574 3582/3582/3582 3641/3641/3641
f 3641/3641/3641 3637/3637/3637 3574/3574/3574
f 3586/3586/3586 3574/3574/3574 3637/3637/3637
f 3637/3637/3637 3645/3645/3645 3586/3586/3586
f 3594/3594/3594 3586/3586/3586 3645/3645/3645
f 3645/3645/3645 3653/3653/3653 3594/3594/3594
f 3602/3602/3602 3594/3594/3594 3653/3653/3653
f 3653/3653/3653 3669/3669/3669 3602/3602/3602
f 3618/3618/3618 3602/3602/3602 3669/3669/3669
f 3669/3669/3669 3685/3685/3685 3618/3618/3618
f 3634/3634/3634 3618/3618/3618 3685/3685/3685
f 3685/3685/3685 3709/3709/3709 3634/3634/3634
f 3662/3662/3662 3634/3634/3634 3709/3709/3709
f 3709/3709/3709 3717/3717/3717 3662/3662/3662
f 3702/3702/3702 3662/3662/3662 3717/3717/3717
f 3717/3717/3717 3749/3749/3749 3702/3702/3702
f 3726/3726/3726 3702/3702/3702 3749/3749/3749
f 3749/3749/3749 3765/3765/3765 3726/3726/3726
f 3758/3758/3758 3726/3726/3726 3765/3765/3765
f 3765/3765/3765 3797/3797/3797 3758/3758/3758
f 3782/3782/3782 3758/3758/3758 3797/3797/3797
f 3797/3797/3797 3813/3813/3813 3782/3782/3782
f 3806/3806/3806 3782/3782/3782 3813/3813/3813
f 3813/3813/3813 3840/3840/3840 3806/3806/3806
f 3850/3850/3850 3806/3806/3806 3840/3840/3840
f 3840/3840/3840 3873/3873/3873 3850/3850/3850
f 3882/3882/3882 3850/3850/3850 3873/3873/3873
f 3873/3873/3873 3889/3889/3889 3882/3882/3882
f 3914/3914/3914 3882/3882/3882 3889/3889/3889
f 3889/3889/3889 3921/3921/3921 3914/3914/3914
f 3938/3938/3938 3914/3914/3914 3921/3921/3921
f 3921/3921/3921 3953/3953/3953 3938/3938/3938
f 3970/3970/3970 3938/3938/3938 3953/3953/3953
f 3953/3953/3953 3985/3985/3985 3970/3970/3970
f 4002/4002/4002 3970/3970/3970 3985/3985/3985
f 3985/3985/3985 4017/4017/4017 4002/4002/4002
f 4034/4034/4034 4002/4002/4002 4017/4017/4017
f 4017/4017/4017 4049/4049/4049 4034/4034/4034
f 4066/4066/4066 4034/4034/4034 4049/4049/4049
f 4049/4049/4049 4081/4081/4081 4066/4066/4066
f 4098/4098/4098 4066/4066/4066 4081/4081/4081
f 4081/4081/4081 4113/4113/4113 4098/4098/4098
f 4138/4138/4138 4098/4098/4098 4113/4113/4113
f 4113/4113/4113 4145/4145/4145 4138/4138/4138
f 4178/4178/4178 4138/4138/4138 4145/4145/4145
f 4145/4145/4145 4185/4185/4185 4178/4178/4178
f 4217/4217/4217 4178/4178/4178 4185/4185/4185
f 4185/4185/4185 4210/4210/4210 4217/4217/4217
f 4265/4265/4265 4217/4217/4217 4210/4210/4210
f 4210/4210/4210 4250/4250/4250 4265/4265/4265
f 4305/4305/4305 4265/4265/4265 4250/4250/4250
f 4250/4250/4250 4298/4298/4298 4305/4305/4305
f 4298/4298/4298 4346/4346/4346 4305/4305/4305
f 4181/4181/4181 4141/4141/4141 4134/4134/4134
f 4134/4134/4134 4174/4174/4174 4181/4181/4181
f 4206/4206/4206 4181/4181/4181 4174/4174/4174
f 4174/4174/4174 4213/4213/4213 4206/4206/4206
f 4246/4246/4246 4206/4206/4206 4213/4213/4213
f 4213/4213/4213 4261/4261/4261 4246/4246/4246
f 4294/4294/4294 4246/4246/4246 4261/4261/4261
f 4261/4261/4261 4301/4301/4301 4294/4294/4294
f 4342/4342/4342 4294/4294/4294 4301/4301/4301
f 4301/4301/4301 4357/4357/4357 4342/4342/4342
f 4494/4494/4494 4342/4342/4342 4357/4357/4357
f 4357/4357/4357 4553/4553/4553 4494/4494/4494
f 4687/4687/4687 4494/4494/4494 4553/4553/4553
f 4553/4553/4553 4781/4781/4781 4687/4687/4687
f 4853/4853/4853 4687/4687/4687 4781/4781/4781
f 4781/4781/4781 4860/4860/4860 4853/4853/4853
f 4869/4869/4869 4853/4853/4853 4860/4860/4860
f 4860/4860/4860 4874/4874/4874 4869/4869/4869
f 4883/4883/4883 4869/4869/4869 4874/4874/4874
f 4874/4874/4874 4890/4890/4890 4883/4883/4883
f 4899/4899/4899 4883/4883/4883 4890/4890/4890
f 4890/4890/4890 4906/4906/4906 4899/4899/4899
f 4915/4915/4915 4899/4899/4899 4906/4906/4906
f 4906/4906/4906 4924/4924/4924 4915/4915/4915
f 4935/4935/4935 4915/4915/4915 4924/4924/4924
f 4924/4924/4924 4954/4954/4954 4935/4935/4935
f 4947/4947/4947 4935/4935/4935 4954/4954/4954
f 4954/4954/4954 4970/4970/4970 4947/4947/4947
f 4963/4963/4963 4947/4947/4947 4970/4970/4970
f 4970/4970/4970 4986/4986/4986 4963/4963/4963
f 4979/4979/4979 4963/4963/4963 4986/4986/4986
f 4986/4986/4986 5000/5000/5000 4979/4979/4979
f 4993/4993/4993 4979/4979/4979 5000/5000/5000
f 5000/5000/5000 5024/5024/5024 4993/4993/4993
f 5009/5009/5009 4993/4993/4993 5024/5024/5024
f 5024/5024/5024 5048/5048/5048 5009/5009/5009
f 5017/5017/5017 5009/5009/5009 5048/5048/5048
f 5048/5048/5048 5076/5076/5076 5017/5017/5017
f 5033/5033/5033 5017/5017/5017 5076/5076/5076
f 5076/5076/5076 5084/5084/5084 5033/5033/5033
f 5041/5041/5041 5033/5033/5033 5084/5084/5084
f 5084/5084/5084 5092/5092/5092 5041/5041/5041
f 5057/5057/5057 5041/5041/5041 5092/5092/5092
f 5092/5092/5092 5100/5100/5100 5057/5057/5057
f 5065/5065/5065 5057/5057/5057 5100/5100/5100
f 5100/5100/5100 5108/5108/5108 5065/5065/5065
f 5073/5073/5073 5065/5065/5065 5108/5108/5108
f 5108/5108/5108 5116/5116/5116 5073/5073/5073
f 5069/5069/5069 5073/5073/5073 5116/5116/5116
f 5116/5116/5116 5112/5112/5112 5069/5069/5069
f 5061/5061/5061 5069/5069/5069 5112/5112/5112
f 5112/5112/5112 5104/5104/5104 5061/5061/5061
f 5045/5045/5045 5061/5061/5061 5104/5104/5104
f 5104/5104/5104 5096/5096/5096 5045/5045/5045
f 5037/5037/5037 5045/5045/5045 5096/5096/5096
f 5096/5096/5096 5088/5088/5088 5037/5037/5037
f 5021/5021/5021 5037/5037/5037 5088/5088/5088
f 5088/5088/5088 5080/5080/5080 5021/5021/5021
f 5013/5013/5013 5021/5021/5021 5080/5080/5080
f 5080/5080/5080 5052/5052/5052 5013/5013/5013
f 4997/4997/4997 5013/5013/5013 5052/5052/5052
f 5052/5052/5052 5028/5028/5028 4997/4997/4997
f 4983/4983/4983 4997/4997/4997 5028/5028/5028
f 5028/5028/5028 5004/5004/5004 4983/4983/4983
f 4967/4967/4967 4983/4983/4983 5004/5004/5004
f 5004/5004/5004 4988/4988/4988 4967/4967/4967
f 4951/4951/4951 4967/4967/4967 4988/4988/4988
f 4988/4988/4988 4974/4974/4974 4951/4951/4951
f 4939/4939/4939 4951/4951/4951 4974/4974/4974
f 4974/4974/4974 4958/4958/4958 4939/4939/4939
f 4921/4921/4921 4939/4939/4939 4958/4958/4958
f 4958/4958/4958 4928/4928/4928 4921/4921/4921
f 4903/4903/4903 4921/4921/4921 4928/4928/4928
f 4928/4928/4928 4910/4910/4910 4903/4903/4903
f 4887/4887/4887 4903/4903/4903 4910/4910/4910
f 4910/4910/4910 4894/4894/4894 4887/4887/4887
f 4871/4871/4871 4887/4887/4887 4894/4894/4894
f 4894/4894/4894 4878/4878/4878 4871/4871/4871
f 4857/4857/4857 4871/4871/4871 4878/4878/4878
f 4878/4878/4878 4864/4864/4864 4857/4857/4857
f 4691/4691/4691 4857/4857/4857 4864/4864/4864
f 4864/4864/4864 4785/4785/4785 4691/4691/4691
f 4498/4498/4498 4691/4691/4691 4785/4785/4785
f 4785/4785/4785 4557/4557/4557 4498/4498/4498
f 4346/4346/4346 4498/4498/4498 4557/4557/4557
f 4557/4557/4557 4305/4305/4305 4346/4346/4346
f 3639/3639/3639 3647/3647/3647 3588/3588/3588
f 3588/3588/3588 3580/3580/3580 3639/3639/3639
f 3596/3596/3596 3588/3588/3588 3647/3647/3647
f 3647/3647/3647 3663/3663/3663 3596/3596/3596
f 3612/3612/3612 3596/3596/3596 3663/3663/3663
f 3663/3663/3663 3679/3679/3679 3612/3612/3612
f 3628/3628/3628 3612/3612/3612 3679/3679/3679
f 3679/3679/3679 3703/3703/3703 3628/3628/3628
f 3656/3656/3656 3628/3628/3628 3703/3703/3703
f 3703/3703/3703 3711/3711/3711 3656/3656/3656
f 3696/3696/3696 3656/3656/3656 3711/3711/3711
f 3711/3711/3711 3743/3743/3743 3696/3696/3696
f 3720/3720/3720 3696/3696/3696 3743/3743/3743
f 3743/3743/3743 3759/3759/3759 3720/3720/3720
f 3752/3752/3752 3720/3720/3720 3759/3759/3759
f 3759/3759/3759 3791/3791/3791 3752/3752/3752
f 3776/3776/3776 3752/3752/3752 3791/3791/3791
f 3791/3791/3791 3807/3807/3807 3776/3776/3776
f 3800/3800/3800 3776/3776/3776 3807/3807/3807
f 3807/3807/3807 3831/3831/3831 3800/3800/3800
f 3844/3844/3844 3800/3800/3800 3831/3831/3831
f 3831/3831/3831 3867/3867/3867 3844/3844/3844
f 3876/3876/3876 3844/3844/3844 3867/3867/3867
f 3867/3867/3867 3883/3883/3883 3876/3876/3876
f 3908/3908/3908 3876/3876/3876 3883/3883/3883
f 3883/3883/3883 3915/3915/3915 3908/3908/3908
f 3932/3932/3932 3908/3908/3908 3915/3915/3915
f 3915/3915/3915 3947/3947/3947 3932/3932/3932
f 3964/3964/3964 3932/3932/3932 3947/3947/3947
f 3947/3947/3947 3979/3979/3979 3964/3964/3964
f 3996/3996/3996 3964/3964/3964 3979/3979/3979
f 3979/3979/3979 4011/4011/4011 3996/3996/3996
f 4028/4028/4028 3996/3996/3996 4011/4011/4011
f 4011/4011/4011 4043/4043/4043 4028/4028/4028
f 4060/4060/4060 4028/4028/4028 4043/4043/4043
f 4043/4043/4043 4075/4075/4075 4060/4060/4060
f 4092/4092/4092 4060/4060/4060 4075/4075/4075
f 4075/4075/4075 4107/4107/4107 4092/4092/4092
f 4132/4132/4132 4092/4092/4092 4107/4107/4107
f 4107/4107/4107 4139/4139/4139 4132/4132/4132
f 4172/4172/4172 4132/4132/4132 4139/4139/4139
f 4139/4139/4139 4179/4179/4179 4172/4172/4172
f 4211/4211/4211 4172/4172/4172 4179/4179/4179
f 4179/4179/4179 4204/4204/4204 4211/4211/4211
f 4259/4259/4259 4211/4211/4211 4204/4204/4204
f 4204/4204/4204 4244/4244/4244 4259/4259/4259
f 4299/4299/4299 4259/4259/4259 4244/4244/4244
f 4244/4244/4244 4292/4292/4292 4299/4299/4299
f 4355/4355/4355 4299/4299/4299 4292/4292/4292
f 4292/4292/4292 4340/4340/4340 4355/4355/4355
f 4551/4551/4551 4355/4355/4355 4340/4340/4340
f 4340/4340/4340 4492/4492/4492 4551/4551/4551
f 4779/4779/4779 4551/4551/4551 4492/4492/4492
f 4492/4492/4492 4685/4685/4685 4779/4779/4779
f 4858/4858/4858 4779/4779/4779 4685/4685/4685
f 4685/4685/4685 4851/4851/4851 4858/4858/4858
f 4872/4872/4872 4858/4858/4858 4851/4851/4851
f 4851/4851/4851 4867/4867/4867 4872/4872/4872
f 4888/4888/4888 4872/4872/4872 4867/4867/4867
f 4867/4867/4867 4881/4881/4881 4888/4888/4888
f 4904/4904/4904 4888/4888/4888 4881/4881/4881
f 4881/4881/4881 4897/4897/4897 4904/4904/4904
f 4922/4922/4922 4904/4904/4904 4897/4897/4897
f 4897/4897/4897 4913/4913/4913 4922/4922/4922
f 4952/4952/4952 4922/4922/4922 4913/4913/4913
f 4913/4913/4913 4932/4932/4932 4952/4952/4952
f 4968/4968/4968 4952/4952/4952 4932/4932/4932
f 4932/4932/4932 4945/4945/4945 4968/4968/4968
f 4984/4984/4984 4968/4968/4968 4945/4945/4945
f 4945/4945/4945 4961/4961/4961 4984/4984/4984
f 4998/4998/4998 4984/4984/4984 4961/4961/4961
f 4961/4961/4961 4977/4977/4977 4998/4998/4998
f 5022/5022/5022 4998/4998/4998 4977/4977/4977
f 4977/4977/4977 4991/4991/4991 5022/5022/5022
f 5046/5046/5046 5022/5022/5022 4991/4991/4991
f 4991/4991/4991 5007/5007/5007 5046/5046/5046
f 5074/5074/5074 5046/5046/5046 5007/5007/5007
f 5007/5007/5007 5015/5015/5015 5074/5074/5074
f 5082/5082/5082 5074/5074/5074 5015/5015/5015
f 5015/5015/5015 5031/5031/5031 5082/5082/5082
f 5090/5090/5090 5082/5082/5082 5031/5031/5031
f 5031/5031/5031 5039/5039/5039 5090/5090/5090
f 5098/5098/5098 5090/5090/5090 5039/5039/5039
f 5039/5039/5039 5055/5055/5055 5098/5098/5098
f 5106/5106/5106 5098/5098/5098 5055/5055/5055
f 5055/5055/5055 5063/5063/5063 5106/5106/5106
f 5114/5114/5114 5106/5106/5106 5063/5063/5063
f 5063/5063/5063 5071/5071/5071 5114/5114/5114
f 5110/5110/5110 5114/5114/5114 5071/5071/5071
f 5071/5071/5071 5067/5067/5067 5110/5110/5110
f 5102/5102/5102 5110/5110/5110 5067/5067/5067
f 5067/5067/5067 5059/5059/5059 5102/5102/5102
f 5094/5094/5094 5102/5102/5102 5059/5059/5059
f 5059/5059/5059 5043/5043/5043 5094/5094/5094
f 5086/5086/5086 5094/5094/5094 5043/5043/5043
f 5043/5043/5043 5035/5035/5035 5086/5086/5086
f 5078/5078/5078 5086/5086/5086 5035/5035/5035
f 5035/5035/5035 5019/5019/5019 5078/5078/5078
f 5050/5050/5050 5078/5078/5078 5019/5019/5019
f 5019/5019/5019 5011/5011/5011 5050/5050/5050
f 5026/5026/5026 5050/5050/5050 5011/5011/5011
f 5011/5011/5011 4995/4995/4995 5026/5026/5026
f 5002/5002/5002 5026/5026/5026 4995/4995/4995
f 4995/4995/4995 4981/4981/4981 5002/5002/5002
f 4981/4981/4981 4965/4965/4965 5002/5002/5002
f 3635/3635/3635 3639/3639/3639 3580/3580/3580
f 3580/3580/3580 3572/3572/3572 3635/3635/3635
f 3643/3643/3643 3635/3635/3635 3572/3572/3572
f 3572/3572/3572 3584/3584/3584 3643/3643/3643
f 3651/3651/3651 3643/3643/3643 3584/3584/3584
f 3584/3584/3584 3592/3592/3592 3651/3651/3651
f 3667/3667/3667 3651/3651/3651 3592/3592/3592
f 3592/3592/3592 3600/3600/3600 3667/3667/3667
f 3683/3683/3683 3667/3667/3667 3600/3600/3600
f 3600/3600/3600 3616/3616/3616 3683/3683/3683
f 3707/3707/3707 3683/3683/3683 3616/3616/3616
f 3616/3616/3616 3632/3632/3632 3707/3707/3707
f 3715/3715/3715 3707/3707/3707 3632/3632/3632
f 3632/3632/3632 3660/3660/3660 3715/3715/3715
f 3747/3747/3747 3715/3715/3715 3660/3660/3660
f 3660/3660/3660 3700/3700/3700 3747/3747/3747
f 3763/3763/3763 3747/3747/3747 3700/3700/3700
f 3700/3700/3700 3724/3724/3724 3763/3763/3763
f 3795/3795/3795 3763/3763/3763 3724/3724/3724
f 3724/3724/3724 3756/3756/3756 3795/3795/3795
f 3811/3811/3811 3795/3795/3795 3756/3756/3756
f 3756/3756/3756 3780/3780/3780 3811/3811/3811
f 3837/3837/3837 3811/3811/3811 3780/3780/3780
f 3780/3780/3780 3804/3804/3804 3837/3837/3837
f 3871/3871/3871 3837/3837/3837 3804/3804/3804
f 3804/3804/3804 3848/3848/3848 3871/3871/3871
f 3887/3887/3887 3871/3871/3871 3848/3848/3848
f 3848/3848/3848 3880/3880/3880 3887/3887/3887
f 3919/3919/3919 3887/3887/3887 3880/3880/3880
f 3880/3880/3880 3912/3912/3912 3919/3919/3919
f 3951/3951/3951 3919/3919/3919 3912/3912/3912
f 3912/3912/3912 3936/3936/3936 3951/3951/3951
f 3983/3983/3983 3951/3951/3951 3936/3936/3936
f 3936/3936/3936 3968/3968/3968 3983/3983/3983
f 4015/4015/4015 3983/3983/3983 3968/3968/3968
f 3968/3968/3968 4000/4000/4000 4015/4015/4015
f 4047/4047/4047 4015/4015/4015 4000/4000/4000
f 4000/4000/4000 4032/4032/4032 4047/4047/4047
f 4079/4079/4079 4047/4047/4047 4032/4032/4032
f 4032/4032/4032 4064/4064/4064 4079/4079/4079
f 4111/4111/4111 4079/4079/4079 4064/4064/4064
f 4064/4064/4064 4096/4096/4096 4111/4111/4111
f 4143/4143/4143 4111/4111/4111 4096/4096/4096
f 4096/4096/4096 4136/4136/4136 4143/4143/4143
f 4183/4183/4183 4143/4143/4143 4136/4136/4136
f 4136/4136/4136 4176/4176/4176 4183/4183/4183
f 4208/4208/4208 4183/4183/4183 4176/4176/4176
f 4176/4176/4176 4215/4215/4215 4208/4208/4208
f 4248/4248/4248 4208/4208/4208 4215/4215/4215
f 4215/4215/4215 4263/4263/4263 4248/4248/4248
f 4296/4296/4296 4248/4248/4248 4263/4263/4263
f 4263/4263/4263 4303/4303/4303 4296/4296/4296
f 4344/4344/4344 4296/4296/4296 4303/4303/4303
f 4303/4303/4303 4359/4359/4359 4344/4344/4344
f 4496/4496/4496 4344/4344/4344 4359/4359/4359
f 4359/4359/4359 4555/4555/4555 4496/4496/4496
f 4689/4689/4689 4496/4496/4496 4555/4555/4555
f 4555/4555/4555 4783/4783/4783 4689/4689/4689
f 4855/4855/4855 4689/4689/4689 4783/4783/4783
f 4783/4783/4783 4862/4862/4862 4855/4855/4855
f 4885/4885/4885 4855/4855/4855 4862/4862/4862
f 4862/4862/4862 4876/4876/4876 4885/4885/4885
f 4876/4876/4876 4892/4892/4892 4885/4885/4885
f 4901/4901/4901 4885/4885/4885 4892/4892/4892
f 4892/4892/4892 4908/4908/4908 4901/4901/4901
f 4918/4918/4918 4901/4901/4901 4908/4908/4908
f 4908/4908/4908 4926/4926/4926 4918/4918/4918
f 4937/4937/4937 4918/4918/4918 4926/4926/4926
f 4926/4926/4926 4956/4956/4956 4937/4937/4937
f 4949/4949/4949 4937/4937/4937 4956/4956/4956
f 4956/4956/4956 4972/4972/4972 4949/4949/4949
f 4965/4965/4965 4949/4949/4949 4972/4972/4972
f 4972/4972/4972 5002/5002/5002 4965/4965/4965
f 4318/4318/4318 4286/4286/4286 4333/4333/4333
f 4333/4333/4333 4369/4369/4369 4318/4318/4318
f 4309/4309/4309 4333/4333/4333 4286/4286/4286
f 4286/4286/4286 4270/4270/4270 4309/4309/4309
f 4277/4277/4277 4309/4309/4309 4270/4270/4270
f 4270/4270/4270 4238/4238/4238 4277/4277/4277
f 4253/4253/4253 4277/4277/4277 4238/4238/4238
f 4238/4238/4238 4222/4222/4222 4253/4253/4253
f 4229/4229/4229 4253/4253/4253 4222/4222/4222
f 4222/4222/4222 4198/4198/4198 4229/4229/4229
f 4189/4189/4189 4229/4229/4229 4198/4198/4198
f 4198/4198/4198 4166/4166/4166 4189/4189/4189
f 4157/4157/4157 4189/4189/4189 4166/4166/4166
f 4166/4166/4166 4150/4150/4150 4157/4157/4157
f 4125/4125/4125 4157/4157/4157 4150/4150/4150
f 4150/4150/4150 4118/4118/4118 4125/4125/4125
f 4101/4101/4101 4125/4125/4125 4118/4118/4118
f 4118/4118/4118 4086/4086/4086 4101/4101/4101
f 4069/4069/4069 4101/4101/4101 4086/4086/4086
f 4086/4086/4086 4054/4054/4054 4069/4069/4069
f 4037/4037/4037 4069/4069/4069 4054/4054/4054
f 4054/4054/4054 4022/4022/4022 4037/4037/4037
f 4005/4005/4005 4037/4037/4037 4022/4022/4022
f 4022/4022/4022 3990/3990/3990 4005/4005/4005
f 3973/3973/3973 4005/4005/4005 3990/3990/3990
f 3990/3990/3990 3958/3958/3958 3973/3973/3973
f 3941/3941/3941 3973/3973/3973 3958/3958/3958
f 3958/3958/3958 3926/3926/3926 3941/3941/3941
f 3901/3901/3901 3941/3941/3941 3926/3926/3926
f 3926/3926/3926 3894/3894/3894 3901/3901/3901
f 3861/3861/3861 3901/3901/3901 3894/3894/3894
f 3894/3894/3894 3854/3854/3854 3861/3861/3861
f 3818/3818/3818 3861/3861/3861 3854/3854/3854
f 3854/3854/3854 3825/3825/3825 3818/3818/3818
f 3770/3770/3770 3818/3818/3818 3825/3825/3825
f 3825/3825/3825 3785/3785/3785 3770/3770/3770
f 3730/3730/3730 3770/3770/3770 3785/3785/3785
f 3785/3785/3785 3737/3737/3737 3730/3730/3730
f 3674/3674/3674 3730/3730/3730 3737/3737/3737
f 3737/3737/3737 3689/3689/3689 3674/3674/3674
f 3606/3606/3606 3674/3674/3674 3689/3689/3689
f 3689/3689/3689 3621/3621/3621 3606/3606/3606
f 3528/3528/3528 3606/3606/3606 3621/3621/3621
f 3621/3621/3621 3551/3551/3551 3528/3528/3528
f 3462/3462/3462 3528/3528/3528 3551/3551/3551
f 3551/3551/3551 3491/3491/3491 3462/3462/3462
f 3414/3414/3414 3462/3462/3462 3491/3491/3491
f 3491/3491/3491 3437/3437/3437 3414/3414/3414
f 3374/3374/3374 3414/3414/3414 3437/3437/3437
f 3437/3437/3437 3397/3397/3397 3374/3374/3374
f 3334/3334/3334 3374/3374/3374 3397/3397/3397
f 3397/3397/3397 3357/3357/3357 3334/3334/3334
f 3294/3294/3294 3334/3334/3334 3357/3357/3357
f 3357/3357/3357 3315/3315/3315 3294/3294/3294
f 3250/3250/3250 3294/3294/3294 3315/3315/3315
f 3315/3315/3315 3282/3282/3282 3250/3250/3250
f 3228/3228/3228 3250/3250/3250 3282/3282/3282
f 3282/3282/3282 3265/3265/3265 3228/3228/3228
f 3204/3204/3204 3228/3228/3228 3265/3265/3265
f 3265/3265/3265 3241/3241/3241 3204/3204/3204
f 3170/3170/3170 3204/3204/3204 3241/3241/3241
f 3241/3241/3241 3211/3211/3211 3170/3170/3170
f 3138/3138/3138 3170/3170/3170 3211/3211/3211
f 3211/3211/3211 3185/3185/3185 3138/3138/3138
f 3106/3106/3106 3138/3138/3138 3185/3185/3185
f 3185/3185/3185 3161/3161/3161 3106/3106/3106
f 3070/3070/3070 3106/3106/3106 3161/3161/3161
f 3161/3161/3161 3145/3145/3145 3070/3070/3070
f 3056/3056/3056 3070/3070/3070 3145/3145/3145
f 3145/3145/3145 3121/3121/3121 3056/3056/3056
f 3048/3048/3048 3056/3056/3056 3121/3121/3121
f 3121/3121/3121 3113/3113/3113 3048/3048/3048
f 3032/3032/3032 3048/3048/3048 3113/3113/3113
f 3113/3113/3113 3089/3089/3089 3032/3032/3032
f 3024/3024/3024 3032/3032/3032 3089/3089/3089
f 3089/3089/3089 3081/3081/3081 3024/3024/3024
f 3020/3020/3020 3024/3024/3024 3081/3081/3081
f 3081/3081/3081 3077/3077/3077 3020/3020/3020
f 3028/3028/3028 3020/3020/3020 3077/3077/3077
f 3077/3077/3077 3085/3085/3085 3028/3028/3028
f 3036/3036/3036 3028/3028/3028 3085/3085/3085
f 3085/3085/3085 3093/3093/3093 3036/3036/3036
f 3052/3052/3052 3036/3036/3036 3093/3093/3093
f 3093/3093/3093 3117/3117/3117 3052/3052/3052
f 3060/3060/3060 3052/3052/3052 3117/3117/3117
f 3117/3117/3117 3125/3125/3125 3060/3060/3060
f 3074/3074/3074 3060/3060/3060 3125/3125/3125
f 3125/3125/3125 3149/3149/3149 3074/3074/3074
f 3110/3110/3110 3074/3074/3074 3149/3149/3149
f 3149/3149/3149 3165/3165/3165 3110/3110/3110
f 3142/3142/3142 3110/3110/3110 3165/3165/3165
f 3165/3165/3165 3189/3189/3189 3142/3142/3142
f 3174/3174/3174 3142/3142/3142 3189/3189/3189
f 3189/3189/3189 3215/3215/3215 3174/3174/3174
f 3208/3208/3208 3174/3174/3174 3215/3215/3215
f 3215/3215/3215 3245/3245/3245 3208/3208/3208
f 3232/3232/3232 3208/3208/3208 3245/3245/3245
f 3245/3245/3245 3269/3269/3269 3232/3232/3232
f 3254/3254/3254 3232/3232/3232 3269/3269/3269
f 3269/3269/3269 3288/3288/3288 3254/3254/3254
f 3298/3298/3298 3254/3254/3254 3288/3288/3288
f 3288/3288/3288 3319/3319/3319 3298/3298/3298
f 3338/3338/3338 3298/3298/3298 3319/3319/3319
f 3319/3319/3319 3361/3361/3361 3338/3338/3338
f 3378/3378/3378 3338/3338/3338 3361/3361/3361
f 3361/3361/3361 3401/3401/3401 3378/3378/3378
f 3418/3418/3418 3378/3378/3378 3401/3401/3401
f 3401/3401/3401 3441/3441/3441 3418/3418/3418
f 3466/3466/3466 3418/3418/3418 3441/3441/3441
f 3441/3441/3441 3495/3495/3495 3466/3466/3466
f 3532/3532/3532 3466/3466/3466 3495/3495/3495
f 3495/3495/3495 3555/3555/3555 3532/3532/3532
f 3610/3610/3610 3532/3532/3532 3555/3555/3555
f 3555/3555/3555 3625/3625/3625 3610/3610/3610
f 3678/3678/3678 3610/3610/3610 3625/3625/3625
f 3625/3625/3625 3693/3693/3693 3678/3678/3678
f 3734/3734/3734 3678/3678/3678 3693/3693/3693
f 3693/3693/3693 3741/3741/3741 3734/3734/3734
f 3774/3774/3774 3734/3734/3734 3741/3741/3741
f 3741/3741/3741 3789/3789/3789 3774/3774/3774
f 3822/3822/3822 3774/3774/3774 3789/3789/3789
f 3789/3789/3789 3829/3829/3829 3822/3822/3822
f 3865/3865/3865 3822/3822/3822 3829/3829/3829
f 3829/3829/3829 3858/3858/3858 3865/3865/3865
f 3905/3905/3905 3865/3865/3865 3858/3858/3858
f 3858/3858/3858 3898/3898/3898 3905/3905/3905
f 3945/3945/3945 3905/3905/3905 3898/3898/3898
f 3898/3898/3898 3930/3930/3930 3945/3945/3945
f 3977/3977/3977 3945/3945/3945 3930/3930/3930
f 3930/3930/3930 3962/3962/3962 3977/3977/3977
f 4009/4009/4009 3977/3977/3977 3962/3962/3962
f 3962/3962/3962 3994/3994/3994 4009/4009/4009
f 4041/4041/4041 4009/4009/4009 3994/3994/3994
f 3994/3994/3994 4026/4026/4026 4041/4041/4041
f 4073/4073/4073 4041/4041/4041 4026/4026/4026
f 4026/4026/4026 4058/4058/4058 4073/4073/4073
f 4105/4105/4105 4073/4073/4073 4058/4058/4058
f 4058/4058/4058 4090/4090/4090 4105/4105/4105
f 4129/4129/4129 4105/4105/4105 4090/4090/4090
f 4090/4090/4090 4122/4122/4122 4129/4129/4129
f 4161/4161/4161 4129/4129/4129 4122/4122/4122
f 4122/4122/4122 4154/4154/4154 4161/4161/4161
f 4193/4193/4193 4161/4161/4161 4154/4154/4154
f 4154/4154/4154 4170/4170/4170 4193/4193/4193
f 4233/4233/4233 4193/4193/4193 4170/4170/4170
f 4170/4170/4170 4202/4202/4202 4233/4233/4233
f 4257/4257/4257 4233/4233/4233 4202/4202/4202
f 4202/4202/4202 4226/4226/4226 4257/4257/4257
f 4281/4281/4281 4257/4257/4257 4226/4226/4226
f 4226/4226/4226 4242/4242/4242 4281/4281/4281
f 4313/4313/4313 4281/4281/4281 4242/4242/4242
f 4242/4242/4242 4274/4274/4274 4313/4313/4313
f 4337/4337/4337 4313/4313/4313 4274/4274/4274
f 4274/4274/4274 4290/4290/4290 4337/4337/4337
f 4373/4373/4373 4337/4337/4337 4290/4290/4290
f 4290/4290/4290 4322/4322/4322 4373/4373/4373
f 4454/4454/4454 4373/4373/4373 4322/4322/4322
f 4322/4322/4322 4330/4330/4330 4454/4454/4454
f 4517/4517/4517 4454/4454/4454 4330/4330/4330
f 4330/4330/4330 4354/4354/4354 4517/4517/4517
f 4569/4569/4569 4517/4517/4517 4354/4354/4354
f 4354/4354/4354 4368/4368/4368 4569/4569/4569
f 4593/4593/4593 4569/4569/4569 4368/4368/4368
f 4368/4368/4368 4382/4382/4382 4593/4593/4593
f 4623/4623/4623 4593/4593/4593 4382/4382/4382
f 4382/4382/4382 4389/4389/4389 4623/4623/4623
f 4632/4632/4632 4623/4623/4623 4389/4389/4389
f 4619/4619/4619 4632/4632/4632 4389/4389/4389
f 4326/4326/4326 4318/4318/4318 4369/4369/4369
f 4369/4369/4369 4450/4450/4450 4326/4326/4326
f 4350/4350/4350 4326/4326/4326 4450/4450/4450
f 4450/4450/4450 4515/4515/4515 4350/4350/4350
f 4364/4364/4364 4350/4350/4350 4515/4515/4515
f 4515/4515/4515 4565/4565/4565 4364/4364/4364
f 4378/4378/4378 4364/4364/4364 4565/4565/4565
f 4565/4565/4565 4589/4589/4589 4378/4378/4378
f 4385/4385/4385 4378/4378/4378 4589/4589/4589
f 4589/4589/4589 4619/4619/4619 4385/4385/4385
f 4389/4389/4389 4385/4385/4385 4619/4619/4619
f 1103/1103/1103 1135/1135/1135 1096/1096/1096
f 1096/1096/1096 1064/1064/1064 1103/1103/1103
f 1120/1120/1120 1096/1096/1096 1135/1135/1135
f 1135/1135/1135 1151/1151/1151 1120/1120/1120
f 1144/1144/1144 1120/1120/1120 1151/1151/1151
f 1151/1151/1151 1175/1175/1175 1144/1144/1144
f 1184/1184/1184 1144/1144/1144 1175/1175/1175
f 1175/1175/1175 1207/1207/1207 1184/1184/1184
f 1216/1216/1216 1184/1184/1184 1207/1207/1207
f 1207/1207/1207 1223/1223/1223 1216/1216/1216
f 1248/1248/1248 1216/1216/1216 1223/1223/1223
f 1223/1223/1223 1255/1255/1255 1248/1248/1248
f 1272/1272/1272 1248/1248/1248 1255/1255/1255
f 1255/1255/1255 1287/1287/1287 1272/1272/1272
f 1304/1304/1304 1272/1272/1272 1287/1287/1287
f 1287/1287/1287 1319/1319/1319 1304/1304/1304
f 1336/1336/1336 1304/1304/1304 1319/1319/1319
f 1319/1319/1319 1351/1351/1351 1336/1336/1336
f 1368/1368/1368 1336/1336/1336 1351/1351/1351
f 1351/1351/1351 1383/1383/1383 1368/1368/1368
f 1400/1400/1400 1368/1368/1368 1383/1383/1383
f 1383/1383/1383 1415/1415/1415 1400/1400/1400
f 1432/1432/1432 1400/1400/1400 1415/1415/1415
f 1415/1415/1415 1447/1447/1447 1432/1432/1432
f 1472/1472/1472 1432/1432/1432 1447/1447/1447
f 1447/1447/1447 1479/1479/1479 1472/1472/1472
f 1512/1512/1512 1472/1472/1472 1479/1479/1479
f 1479/1479/1479 1519/1519/1519 1512/1512/1512
f 1555/1555/1555 1512/1512/1512 1519/1519/1519
f 1519/1519/1519 1548/1548/1548 1555/1555/1555
f 1603/1603/1603 1555/1555/1555 1548/1548/1548
f 1548/1548/1548 1588/1588/1588 1603/1603/1603
f 1643/1643/1643 1603/1603/1603 1588/1588/1588
f 1588/1588/1588 1636/1636/1636 1643/1643/1643
f 1699/1699/1699 1643/1643/1643 1636/1636/1636
f 1636/1636/1636 1684/1684/1684 1699/1699/1699
f 1767/1767/1767 1699/1699/1699 1684/1684/1684
f 1684/1684/1684 1752/1752/1752 1767/1767/1767
f 1847/1847/1847 1767/1767/1767 1752/1752/1752
f 1752/1752/1752 1824/1824/1824 1847/1847/1847
f 1915/1915/1915 1847/1847/1847 1824/1824/1824
f 1824/1824/1824 1884/1884/1884 1915/1915/1915
f 1963/1963/1963 1915/1915/1915 1884/1884/1884
f 1884/1884/1884 1940/1940/1940 1963/1963/1963
f 2003/2003/2003 1963/1963/1963 1940/1940/1940
f 1940/1940/1940 1980/1980/1980 2003/2003/2003
f 2043/2043/2043 2003/2003/2003 1980/1980/1980
f 1980/1980/1980 2020/2020/2020 2043/2043/2043
f 2087/2087/2087 2043/2043/2043 2020/2020/2020
f 2020/2020/2020 2062/2062/2062 2087/2087/2087
f 2129/2129/2129 2087/2087/2087 2062/2062/2062
f 2062/2062/2062 2100/2100/2100 2129/2129/2129
f 2153/2153/2153 2129/2129/2129 2100/2100/2100
f 2100/2100/2100 2114/2114/2114 2153/2153/2153
f 2177/2177/2177 2153/2153/2153 2114/2114/2114
f 2114/2114/2114 2138/2138/2138 2177/2177/2177
f 2209/2209/2209 2177/2177/2177 2138/2138/2138
f 2138/2138/2138 2170/2170/2170 2209/2209/2209
f 2241/2241/2241 2209/2209/2209 2170/2170/2170
f 2170/2170/2170 2194/2194/2194 2241/2241/2241
f 2273/2273/2273 2241/2241/2241 2194/2194/2194
f 2194/2194/2194 2218/2218/2218 2273/2273/2273
f 2309/2309/2309 2273/2273/2273 2218/2218/2218
f 2218/2218/2218 2234/2234/2234 2309/2309/2309
f 2325/2325/2325 2309/2309/2309 2234/2234/2234
f 2234/2234/2234 2258/2258/2258 2325/2325/2325
f 2333/2333/2333 2325/2325/2325 2258/2258/2258
f 2258/2258/2258 2266/2266/2266 2333/2333/2333
f 2349/2349/2349 2333/2333/2333 2266/2266/2266
f 2266/2266/2266 2290/2290/2290 2349/2349/2349
f 2357/2357/2357 2349/2349/2349 2290/2290/2290
f 2290/2290/2290 2298/2298/2298 2357/2357/2357
f 2361/2361/2361 2357/2357/2357 2298/2298/2298
f 2298/2298/2298 2302/2302/2302 2361/2361/2361
f 2353/2353/2353 2361/2361/2361 2302/2302/2302
f 2302/2302/2302 2294/2294/2294 2353/2353/2353
f 2345/2345/2345 2353/2353/2353 2294/2294/2294
f 2294/2294/2294 2286/2286/2286 2345/2345/2345
f 2329/2329/2329 2345/2345/2345 2286/2286/2286
f 2286/2286/2286 2262/2262/2262 2329/2329/2329
f 2321/2321/2321 2329/2329/2329 2262/2262/2262
f 2262/2262/2262 2254/2254/2254 2321/2321/2321
f 2305/2305/2305 2321/2321/2321 2254/2254/2254
f 2254/2254/2254 2230/2230/2230 2305/2305/2305
f 2269/2269/2269 2305/2305/2305 2230/2230/2230
f 2230/2230/2230 2214/2214/2214 2269/2269/2269
f 2237/2237/2237 2269/2269/2269 2214/2214/2214
f 2214/2214/2214 2190/2190/2190 2237/2237/2237
f 2205/2205/2205 2237/2237/2237 2190/2190/2190
f 2190/2190/2190 2166/2166/2166 2205/2205/2205
f 2173/2173/2173 2205/2205/2205 2166/2166/2166
f 2166/2166/2166 2134/2134/2134 2173/2173/2173
f 2149/2149/2149 2173/2173/2173 2134/2134/2134
f 2134/2134/2134 2110/2110/2110 2149/2149/2149
f 2125/2125/2125 2149/2149/2149 2110/2110/2110
f 2110/2110/2110 2094/2094/2094 2125/2125/2125
f 2083/2083/2083 2125/2125/2125 2094/2094/2094
f 2094/2094/2094 2058/2058/2058 2083/2083/2083
f 2039/2039/2039 2083/2083/2083 2058/2058/2058
f 2058/2058/2058 2016/2016/2016 2039/2039/2039
f 1999/1999/1999 2039/2039/2039 2016/2016/2016
f 2016/2016/2016 1976/1976/1976 1999/1999/1999
f 1959/1959/1959 1999/1999/1999 1976/1976/1976
f 1976/1976/1976 1936/1936/1936 1959/1959/1959
f 1911/1911/1911 1959/1959/1959 1936/1936/1936
f 1936/1936/1936 1880/1880/1880 1911/1911/1911
f 1843/1843/1843 1911/1911/1911 1880/1880/1880
f 1880/1880/1880 1820/1820/1820 1843/1843/1843
f 1763/1763/1763 1843/1843/1843 1820/1820/1820
f 1820/1820/1820 1748/1748/1748 1763/1763/1763
f 1695/1695/1695 1763/1763/1763 1748/1748/1748
f 1748/1748/1748 1680/1680/1680 1695/1695/1695
f 1639/1639/1639 1695/1695/1695 1680/1680/1680
f 1680/1680/1680 1632/1632/1632 1639/1639/1639
f 1599/1599/1599 1639/1639/1639 1632/1632/1632
f 1632/1632/1632 1584/1584/1584 1599/1599/1599
f 1551/1551/1551 1599/1599/1599 1584/1584/1584
f 1584/1584/1584 1544/1544/1544 1551/1551/1551
f 1508/1508/1508 1551/1551/1551 1544/1544/1544
f 1544/1544/1544 1515/1515/1515 1508/1508/1508
f 1468/1468/1468 1508/1508/1508 1515/1515/1515
f 1515/1515/1515 1475/1475/1475 1468/1468/1468
f 1428/1428/1428 1468/1468/1468 1475/1475/1475
f 1475/1475/1475 1443/1443/1443 1428/1428/1428
f 1396/1396/1396 1428/1428/1428 1443/1443/1443
f 1443/1443/1443 1411/1411/1411 1396/1396/1396
f 1364/1364/1364 1396/1396/1396 1411/1411/1411
f 1411/1411/1411 1379/1379/1379 1364/1364/1364
f 1332/1332/1332 1364/1364/1364 1379/1379/1379
f 1379/1379/1379 1347/1347/1347 1332/1332/1332
f 1300/1300/1300 1332/1332/1332 1347/1347/1347
f 1347/1347/1347 1315/1315/1315 1300/1300/1300
f 1268/1268/1268 1300/1300/1300 1315/1315/1315
f 1315/1315/1315 1283/1283/1283 1268/1268/1268
f 1244/1244/1244 1268/1268/1268 1283/1283/1283
f 1283/1283/1283 1251/1251/1251 1244/1244/1244
f 1212/1212/1212 1244/1244/1244 1251/1251/1251
f 1251/1251/1251 1219/1219/1219 1212/1212/1212
f 1180/1180/1180 1212/1212/1212 1219/1219/1219
f 1219/1219/1219 1203/1203/1203 1180/1180/1180
f 1140/1140/1140 1180/1180/1180 1203/1203/1203
f 1203/1203/1203 1171/1171/1171 1140/1140/1140
f 1116/1116/1116 1140/1140/1140 1171/1171/1171
f 1171/1171/1171 1147/1147/1147 1116/1116/1116
f 1092/1092/1092 1116/1116/1116 1147/1147/1147
f 1147/1147/1147 1131/1131/1131 1092/1092/1092
f 1060/1060/1060 1092/1092/1092 1131/1131/1131
f 1131/1131/1131 1099/1099/1099 1060/1060/1060
f 1036/1036/1036 1060/1060/1060 1099/1099/1099
f 1099/1099/1099 1083/1083/1083 1036/1036/1036
f 956/956/956 1036/1036/1036 1083/1083/1083
f 1083/1083/1083 1051/1051/1051 956/956/956
f 864/864/864 956/956/956 1051/1051/1051
f 1051/1051/1051 1043/1043/1043 864/864/864
f 802/802/802 864/864/864 1043/1043/1043
f 1043/1043/1043 1019/1019/1019 802/802/802
f 752/752/752 802/802/802 1019/1019/1019
f 1019/1019/1019 965/965/965 752/752/752
f 713/713/713 752/752/752 965/965/965
f 965/965/965 914/914/914 713/713/713
f 691/691/691 713/713/713 914/914/914
f 914/914/914 900/900/900 691/691/691
f 686/686/686 691/691/691 900/900/900
f 900/900/900 890/890/890 686/686/686
f 695/695/695 686/686/686 890/890/890
f 890/890/890 904/904/904 695/695/695
f 717/717/717 695/695/695 904/904/904
f 904/904/904 918/918/918 717/717/717
f 756/756/756 717/717/717 918/918/918
f 918/918/918 969/969/969 756/756/756
f 806/806/806 756/756/756 969/969/969
f 969/969/969 1023/1023/1023 806/806/806
f 868/868/868 806/806/806 1023/1023/1023
f 1023/1023/1023 1047/1047/1047 868/868/868
f 960/960/960 868/868/868 1047/1047/1047
f 1047/1047/1047 1055/1055/1055 960/960/960
f 1040/1040/1040 960/960/960 1055/1055/1055
f 1055/1055/1055 1087/1087/1087 1040/1040/1040
f 1064/1064/1064 1040/1040/1040 1087/1087/1087
f 1087/1087/1087 1103/1103/1103 1064/1064/1064
f 1097/1097/1097 1129/1129/1129 1090/1090/1090
f 1090/1090/1090 1058/1058/1058 1097/1097/1097
f 1081/1081/1081 1097/1097/1097 1058/1058/1058
f 1058/1058/1058 1034/1034/1034 1081/1081/1081
f 1114/1114/1114 1090/1090/1090 1129/1129/1129
f 1129/1129/1129 1145/1145/1145 1114/1114/1114
f 1138/1138/1138 1114/1114/1114 1145/1145/1145
f 1145/1145/1145 1169/1169/1169 1138/1138/1138
f 1178/1178/1178 1138/1138/1138 1169/1169/1169
f 1169/1169/1169 1201/1201/1201 1178/1178/1178
f 1210/1210/1210 1178/1178/1178 1201/1201/1201
f 1201/1201/1201 1217/1217/1217 1210/1210/1210
f 1242/1242/1242 1210/1210/1210 1217/1217/1217
f 1217/1217/1217 1249/1249/1249 1242/1242/1242
f 1266/1266/1266 1242/1242/1242 1249/1249/1249
f 1249/1249/1249 1281/1281/1281 1266/1266/1266
f 1298/1298/1298 1266/1266/1266 1281/1281/1281
f 1281/1281/1281 1313/1313/1313 1298/1298/1298
f 1330/1330/1330 1298/1298/1298 1313/1313/1313
f 1313/1313/1313 1345/1345/1345 1330/1330/1330
f 1362/1362/1362 1330/1330/1330 1345/1345/1345
f 1345/1345/1345 1377/1377/1377 1362/1362/1362
f 1394/1394/1394 1362/1362/1362 1377/1377/1377
f 1377/1377/1377 1409/1409/1409 1394/1394/1394
f 1426/1426/1426 1394/1394/1394 1409/1409/1409
f 1409/1409/1409 1441/1441/1441 1426/1426/1426
f 1466/1466/1466 1426/1426/1426 1441/1441/1441
f 1441/1441/1441 1473/1473/1473 1466/1466/1466
f 1506/1506/1506 1466/1466/1466 1473/1473/1473
f 1473/1473/1473 1513/1513/1513 1506/1506/1506
f 1549/1549/1549 1506/1506/1506 1513/1513/1513
f 1513/1513/1513 1542/1542/1542 1549/1549/1549
f 1597/1597/1597 1549/1549/1549 1542/1542/1542
f 1542/1542/1542 1582/1582/1582 1597/1597/1597
f 1637/1637/1637 1597/1597/1597 1582/1582/1582
f 1582/1582/1582 1630/1630/1630 1637/1637/1637
f 1693/1693/1693 1637/1637/1637 1630/1630/1630
f 1630/1630/1630 1678/1678/1678 1693/1693/1693
f 1761/1761/1761 1693/1693/1693 1678/1678/1678
f 1678/1678/1678 1746/1746/1746 1761/1761/1761
f 1841/1841/1841 1761/1761/1761 1746/1746/1746
f 1746/1746/1746 1818/1818/1818 1841/1841/1841
f 1909/1909/1909 1841/1841/1841 1818/1818/1818
f 1818/1818/1818 1878/1878/1878 1909/1909/1909
f 1957/1957/1957 1909/1909/1909 1878/1878/1878
f 1878/1878/1878 1934/1934/1934 1957/1957/1957
f 1997/1997/1997 1957/1957/1957 1934/1934/1934
f 1934/1934/1934 1974/1974/1974 1997/1997/1997
f 2037/2037/2037 1997/1997/1997 1974/1974/1974
f 1974/1974/1974 2014/2014/2014 2037/2037/2037
f 2081/2081/2081 2037/2037/2037 2014/2014/2014
f 2014/2014/2014 2056/2056/2056 2081/2081/2081
f 2123/2123/2123 2081/2081/2081 2056/2056/2056
f 2056/2056/2056 2091/2091/2091 2123/2123/2123
f 2147/2147/2147 2123/2123/2123 2091/2091/2091
f 2091/2091/2091 2108/2108/2108 2147/2147/2147
f 2171/2171/2171 2147/2147/2147 2108/2108/2108
f 2108/2108/2108 2132/2132/2132 2171/2171/2171
f 2203/2203/2203 2171/2171/2171 2132/2132/2132
f 2132/2132/2132 2164/2164/2164 2203/2203/2203
f 2235/2235/2235 2203/2203/2203 2164/2164/2164
f 2164/2164/2164 2188/2188/2188 2235/2235/2235
f 2267/2267/2267 2235/2235/2235 2188/2188/2188
f 2188/2188/2188 2212/2212/2212 2267/2267/2267
f 2303/2303/2303 2267/2267/2267 2212/2212/2212
f 2212/2212/2212 2228/2228/2228 2303/2303/2303
f 2319/2319/2319 2303/2303/2303 2228/2228/2228
f 2228/2228/2228 2252/2252/2252 2319/2319/2319
f 2327/2327/2327 2319/2319/2319 2252/2252/2252
f 2252/2252/2252 2260/2260/2260 2327/2327/2327
f 2343/2343/2343 2327/2327/2327 2260/2260/2260
f 2260/2260/2260 2284/2284/2284 2343/2343/2343
f 2351/2351/2351 2343/2343/2343 2284/2284/2284
f 2284/2284/2284 2292/2292/2292 2351/2351/2351
f 2359/2359/2359 2351/2351/2351 2292/2292/2292
f 2292/2292/2292 2300/2300/2300 2359/2359/2359
f 2355/2355/2355 2359/2359/2359 2300/2300/2300
f 2300/2300/2300 2296/2296/2296 2355/2355/2355
f 2347/2347/2347 2355/2355/2355 2296/2296/2296
f 2296/2296/2296 2288/2288/2288 2347/2347/2347
f 2331/2331/2331 2347/2347/2347 2288/2288/2288
f 2288/2288/2288 2264/2264/2264 2331/2331/2331
f 2323/2323/2323 2331/2331/2331 2264/2264/2264
f 2264/2264/2264 2256/2256/2256 2323/2323/2323
f 2307/2307/2307 2323/2323/2323 2256/2256/2256
f 2256/2256/2256 2232/2232/2232 2307/2307/2307
f 2271/2271/2271 2307/2307/2307 2232/2232/2232
f 2232/2232/2232 2216/2216/2216 2271/2271/2271
f 2239/2239/2239 2271/2271/2271 2216/2216/2216
f 2216/2216/2216 2192/2192/2192 2239/2239/2239
f 2207/2207/2207 2239/2239/2239 2192/2192/2192
f 2192/2192/2192 2168/2168/2168 2207/2207/2207
f 2175/2175/2175 2207/2207/2207 2168/2168/2168
f 2168/2168/2168 2136/2136/2136 2175/2175/2175
f 2151/2151/2151 2175/2175/2175 2136/2136/2136
f 2136/2136/2136 2112/2112/2112 2151/2151/2151
f 2127/2127/2127 2151/2151/2151 2112/2112/2112
f 2112/2112/2112 2097/2097/2097 2127/2127/2127
f 2085/2085/2085 2127/2127/2127 2097/2097/2097
f 2097/2097/2097 2060/2060/2060 2085/2085/2085
f 2041/2041/2041 2085/2085/2085 2060/2060/2060
f 2060/2060/2060 2018/2018/2018 2041/2041/2041
f 2001/2001/2001 2041/2041/2041 2018/2018/2018
f 2018/2018/2018 1978/1978/1978 2001/2001/2001
f 1961/1961/1961 2001/2001/2001 1978/1978/1978
f 1978/1978/1978 1938/1938/1938 1961/1961/1961
f 1913/1913/1913 1961/1961/1961 1938/1938/1938
f 1938/1938/1938 1882/1882/1882 1913/1913/1913
f 1845/1845/1845 1913/1913/1913 1882/1882/1882
f 1882/1882/1882 1822/1822/1822 1845/1845/1845
f 1765/1765/1765 1845/1845/1845 1822/1822/1822
f 1822/1822/1822 1750/1750/1750 1765/1765/1765
f 1697/1697/1697 1765/1765/1765 1750/1750/1750
f 1750/1750/1750 1682/1682/1682 1697/1697/1697
f 1641/1641/1641 1697/1697/1697 1682/1682/1682
f 1682/1682/1682 1634/1634/1634 1641/1641/1641
f 1601/1601/1601 1641/1641/1641 1634/1634/1634
f 1634/1634/1634 1586/1586/1586 1601/1601/1601
f 1553/1553/1553 1601/1601/1601 1586/1586/1586
f 1586/1586/1586 1546/1546/1546 1553/1553/1553
f 1510/1510/1510 1553/1553/1553 1546/1546/1546
f 1546/1546/1546 1517/1517/1517 1510/1510/1510
f 1470/1470/1470 1510/1510/1510 1517/1517/1517
f 1517/1517/1517 1477/1477/1477 1470/1470/1470
f 1430/1430/1430 1470/1470/1470 1477/1477/1477
f 1477/1477/1477 1445/1445/1445 1430/1430/1430
f 1398/1398/1398 1430/1430/1430 1445/1445/1445
f 1445/1445/1445 1413/1413/1413 1398/1398/1398
f 1366/1366/1366 1398/1398/1398 1413/1413/1413
f 1413/1413/1413 1381/1381/1381 1366/1366/1366
f 1334/1334/1334 1366/1366/1366 1381/1381/1381
f 1381/1381/1381 1349/1349/1349 1334/1334/1334
f 1302/1302/1302 1334/1334/1334 1349/1349/1349
f 1349/1349/1349 1317/1317/1317 1302/1302/1302
f 1270/1270/1270 1302/1302/1302 1317/1317/1317
f 1317/1317/1317 1285/1285/1285 1270/1270/1270
f 1246/1246/1246 1270/1270/1270 1285/1285/1285
f 1285/1285/1285 1253/1253/1253 1246/1246/1246
f 1214/1214/1214 1246/1246/1246 1253/1253/1253
f 1253/1253/1253 1221/1221/1221 1214/1214/1214
f 1182/1182/1182 1214/1214/1214 1221/1221/1221
f 1221/1221/1221 1205/1205/1205 1182/1182/1182
f 1142/1142/1142 1182/1182/1182 1205/1205/1205
f 1205/1205/1205 1173/1173/1173 1142/1142/1142
f 1118/1118/1118 1142/1142/1142 1173/1173/1173
f 1173/1173/1173 1149/1149/1149 1118/1118/1118
f 1094/1094/1094 1118/1118/1118 1149/1149/1149
f 1149/1149/1149 1133/1133/1133 1094/1094/1094
f 1062/1062/1062 1094/1094/1094 1133/1133/1133
f 1133/1133/1133 1101/1101/1101 1062/1062/1062
f 1038/1038/1038 1062/1062/1062 1101/1101/1101
f 1101/1101/1101 1085/1085/1085 1038/1038/1038
f 958/958/958 1038/1038/1038 1085/1085/1085
f 1085/1085/1085 1053/1053/1053 958/958/958
f 866/866/866 958/958/958 1053/1053/1053
f 1053/1053/1053 1045/1045/1045 866/866/866
f 804/804/804 866/866/866 1045/1045/1045
f 1045/1045/1045 1021/1021/1021 804/804/804
f 754/754/754 804/804/804 1021/1021/1021
f 1021/1021/1021 967/967/967 754/754/754
f 715/715/715 754/754/754 967/967/967
f 967/967/967 916/916/916 715/715/715
f 693/693/693 715/715/715 916/916/916
f 916/916/916 902/902/902 693/693/693
f 684/684/684 693/693/693 902/902/902
f 902/902/902 887/887/887 684/684/684
f 689/689/689 684/684/684 887/887/887
f 887/887/887 898/898/898 689/689/689
f 711/711/711 689/689/689 898/898/898
f 898/898/898 912/912/912 711/711/711
f 750/750/750 711/711/711 912/912/912
f 912/912/912 963/963/963 750/750/750
f 800/800/800 750/750/750 963/963/963
f 963/963/963 1017/1017/1017 800/800/800
f 862/862/862 800/800/800 1017/1017/1017
f 1017/1017/1017 1041/1041/1041 862/862/862
f 1049/1049/1049 1081/1081/1081 1034/1034/1034
f 1034/1034/1034 954/954/954 1049/1049/1049
f 954/954/954 862/862/862 1041/1041/1041
f 1041/1041/1041 1049/1049/1049 954/954/954
f 486/486/486 470/470/470 447/447/447
f 447/447/447 463/463/463 486/486/486
f 423/423/423 447/447/447 470/470/470
f 470/470/470 454/454/454 423/423/423
f 399/399/399 423/423/423 454/454/454
f 454/454/454 438/438/438 399/399/399
f 371/371/371 399/399/399 438/438/438
f 438/438/438 430/430/430 371/371/371
f 363/363/363 371/371/371 430/430/430
f 430/430/430 414/414/414 363/363/363
f 355/355/355 363/363/363 414/414/414
f 414/414/414 406/406/406 355/355/355
f 347/347/347 355/355/355 406/406/406
f 406/406/406 390/390/390 347/347/347
f 339/339/339 347/347/347 390/390/390
f 390/390/390 382/382/382 339/339/339
f 335/335/335 339/339/339 382/382/382
f 382/382/382 378/378/378 335/335/335
f 343/343/343 335/335/335 378/378/378
f 378/378/378 386/386/386 343/343/343
f 351/351/351 343/343/343 386/386/386
f 386/386/386 394/394/394 351/351/351
f 359/359/359 351/351/351 394/394/394
f 394/394/394 410/410/410 359/359/359
f 367/367/367 359/359/359 410/410/410
f 410/410/410 418/418/418 367/367/367
f 375/375/375 367/367/367 418/418/418
f 418/418/418 434/434/434 375/375/375
f 403/403/403 375/375/375 434/434/434
f 434/434/434 442/442/442 403/403/403
f 427/427/427 403/403/403 442/442/442
f 442/442/442 458/458/458 427/427/427
f 451/451/451 427/427/427 458/458/458
f 458/458/458 474/474/474 451/451/451
f 467/467/467 451/451/451 474/474/474
f 474/474/474 490/490/490 467/467/467
f 483/483/483 467/467/467 490/490/490
f 490/490/490 506/506/506 483/483/483
f 499/499/499 483/483/483 506/506/506
f 506/506/506 517/517/517 499/499/499
f 527/527/527 499/499/499 517/517/517
f 517/517/517 538/538/538 527/527/527
f 547/547/547 527/527/527 538/538/538
f 538/538/538 554/554/554 547/547/547
f 563/563/563 547/547/547 554/554/554
f 554/554/554 570/570/570 563/563/563
f 579/579/579 563/563/563 570/570/570
f 570/570/570 586/586/586 579/579/579
f 595/595/595 579/579/579 586/586/586
f 586/586/586 602/602/602 595/595/595
f 611/611/611 595/595/595 602/602/602
f 602/602/602 654/654/654 611/611/611
f 769/769/769 611/611/611 654/654/654
f 654/654/654 832/832/832 769/769/769
f 1016/1016/1016 769/769/769 832/832/832
f 832/832/832 1031/1031/1031 1016/1016/1016
f 1072/1072/1072 1016/1016/1016 1031/1031/1031
f 1031/1031/1031 1079/1079/1079 1072/1072/1072
f 1112/1112/1112 1072/1072/1072 1079/1079/1079
f 1079/1079/1079 1127/1127/1127 1112/1112/1112
f 1160/1160/1160 1112/1112/1112 1127/1127/1127
f 1127/1127/1127 1167/1167/1167 1160/1160/1160
f 1199/1199/1199 1160/1160/1160 1167/1167/1167
f 1167/1167/1167 1192/1192/1192 1199/1199/1199
f 1239/1239/1239 1199/1199/1199 1192/1192/1192
f 1192/1192/1192 1232/1232/1232 1239/1239/1239
f 1279/1279/1279 1239/1239/1239 1232/1232/1232
f 1232/1232/1232 1264/1264/1264 1279/1279/1279
f 1311/1311/1311 1279/1279/1279 1264/1264/1264
f 1264/1264/1264 1296/1296/1296 1311/1311/1311
f 1343/1343/1343 1311/1311/1311 1296/1296/1296
f 1296/1296/1296 1328/1328/1328 1343/1343/1343
f 1375/1375/1375 1343/1343/1343 1328/1328/1328
f 1328/1328/1328 1360/1360/1360 1375/1375/1375
f 1407/1407/1407 1375/1375/1375 1360/1360/1360
f 1360/1360/1360 1392/1392/1392 1407/1407/1407
f 1439/1439/1439 1407/1407/1407 1392/1392/1392
f 1392/1392/1392 1424/1424/1424 1439/1439/1439
f 1463/1463/1463 1439/1439/1439 1424/1424/1424
f 1424/1424/1424 1456/1456/1456 1463/1463/1463
f 1495/1495/1495 1463/1463/1463 1456/1456/1456
f 1456/1456/1456 1488/1488/1488 1495/1495/1495
f 1527/1527/1527 1495/1495/1495 1488/1488/1488
f 1488/1488/1488 1504/1504/1504 1527/1527/1527
f 1571/1571/1571 1527/1527/1527 1504/1504/1504
f 1504/1504/1504 1540/1540/1540 1571/1571/1571
f 1595/1595/1595 1571/1571/1571 1540/1540/1540
f 1540/1540/1540 1564/1564/1564 1595/1595/1595
f 1619/1619/1619 1595/1595/1595 1564/1564/1564
f 1564/1564/1564 1580/1580/1580 1619/1619/1619
f 1651/1651/1651 1619/1619/1619 1580/1580/1580
f 1580/1580/1580 1612/1612/1612 1651/1651/1651
f 1675/1675/1675 1651/1651/1651 1612/1612/1612
f 1612/1612/1612 1628/1628/1628 1675/1675/1675
f 1715/1715/1715 1675/1675/1675 1628/1628/1628
f 1628/1628/1628 1660/1660/1660 1715/1715/1715
f 1743/1743/1743 1715/1715/1715 1660/1660/1660
f 1660/1660/1660 1668/1668/1668 1743/1743/1743
f 1759/1759/1759 1743/1743/1743 1668/1668/1668
f 1668/1668/1668 1692/1692/1692 1759/1759/1759
f 1775/1775/1775 1759/1759/1759 1692/1692/1692
f 1692/1692/1692 1708/1708/1708 1775/1775/1775
f 1783/1783/1783 1775/1775/1775 1708/1708/1708
f 1708/1708/1708 1724/1724/1724 1783/1783/1783
f 1791/1791/1791 1783/1783/1783 1724/1724/1724
f 1724/1724/1724 1732/1732/1732 1791/1791/1791
f 1795/1795/1795 1791/1791/1791 1732/1732/1732
f 1732/1732/1732 1736/1736/1736 1795/1795/1795
f 1787/1787/1787 1795/1795/1795 1736/1736/1736
f 1736/1736/1736 1728/1728/1728 1787/1787/1787
f 1779/1779/1779 1787/1787/1787 1728/1728/1728
f 1728/1728/1728 1720/1720/1720 1779/1779/1779
f 1771/1771/1771 1779/1779/1779 1720/1720/1720
f 1720/1720/1720 1704/1704/1704 1771/1771/1771
f 1755/1755/1755 1771/1771/1771 1704/1704/1704
f 1704/1704/1704 1688/1688/1688 1755/1755/1755
f 1739/1739/1739 1755/1755/1755 1688/1688/1688
f 1688/1688/1688 1664/1664/1664 1739/1739/1739
f 1711/1711/1711 1739/1739/1739 1664/1664/1664
f 1664/1664/1664 1656/1656/1656 1711/1711/1711
f 1671/1671/1671 1711/1711/1711 1656/1656/1656
f 1656/1656/1656 1624/1624/1624 1671/1671/1671
f 1647/1647/1647 1671/1671/1671 1624/1624/1624
f 1624/1624/1624 1608/1608/1608 1647/1647/1647
f 1615/1615/1615 1647/1647/1647 1608/1608/1608
f 1608/1608/1608 1576/1576/1576 1615/1615/1615
f 1591/1591/1591 1615/1615/1615 1576/1576/1576
f 1576/1576/1576 1560/1560/1560 1591/1591/1591
f 1567/1567/1567 1591/1591/1591 1560/1560/1560
f 1560/1560/1560 1534/1534/1534 1567/1567/1567
f 1523/1523/1523 1567/1567/1567 1534/1534/1534
f 1534/1534/1534 1500/1500/1500 1523/1523/1523
f 1491/1491/1491 1523/1523/1523 1500/1500/1500
f 1500/1500/1500 1484/1484/1484 1491/1491/1491
f 1459/1459/1459 1491/1491/1491 1484/1484/1484
f 1484/1484/1484 1452/1452/1452 1459/1459/1459
f 1435/1435/1435 1459/1459/1459 1452/1452/1452
f 1452/1452/1452 1420/1420/1420 1435/1435/1435
f 1403/1403/1403 1435/1435/1435 1420/1420/1420
f 1420/1420/1420 1388/1388/1388 1403/1403/1403
f 1371/1371/1371 1403/1403/1403 1388/1388/1388
f 1388/1388/1388 1356/1356/1356 1371/1371/1371
f 1339/1339/1339 1371/1371/1371 1356/1356/1356
f 1356/1356/1356 1324/1324/1324 1339/1339/1339
f 1307/1307/1307 1339/1339/1339 1324/1324/1324
f 1324/1324/1324 1292/1292/1292 1307/1307/1307
f 1275/1275/1275 1307/1307/1307 1292/1292/1292
f 1292/1292/1292 1260/1260/1260 1275/1275/1275
f 1235/1235/1235 1275/1275/1275 1260/1260/1260
f 1260/1260/1260 1228/1228/1228 1235/1235/1235
f 1195/1195/1195 1235/1235/1235 1228/1228/1228
f 1228/1228/1228 1188/1188/1188 1195/1195/1195
f 1156/1156/1156 1195/1195/1195 1188/1188/1188
f 1188/1188/1188 1163/1163/1163 1156/1156/1156
f 1108/1108/1108 1156/1156/1156 1163/1163/1163
f 1163/1163/1163 1123/1123/1123 1108/1108/1108
f 1068/1068/1068 1108/1108/1108 1123/1123/1123
f 1123/1123/1123 1075/1075/1075 1068/1068/1068
f 1014/1014/1014 1068/1068/1068 1075/1075/1075
f 1075/1075/1075 1027/1027/1027 1014/1014/1014
f 765/765/765 1014/1014/1014 1027/1027/1027
f 1027/1027/1027 828/828/828 765/765/765
f 607/607/607 765/765/765 828/828/828
f 828/828/828 650/650/650 607/607/607
f 591/591/591 607/607/607 650/650/650
f 650/650/650 598/598/598 591/591/591
f 575/575/575 591/591/591 598/598/598
f 598/598/598 582/582/582 575/575/575
f 559/559/559 575/575/575 582/582/582
f 582/582/582 566/566/566 559/559/559
f 502/502/502 486/486/486 463/463/463
f 463/463/463 479/479/479 502/502/502
f 543/543/543 559/559/559 566/566/566
f 566/566/566 550/550/550 543/543/543
f 523/523/523 543/543/543 550/550/550
f 550/550/550 534/534/534 523/523/523
f 495/495/495 523/523/523 534/534/534
f 534/534/534 511/511/511 495/495/495
f 511/511/511 502/502/502 479/479/479
f 479/479/479 495/495/495 511/511/511
f 2565/2565/2565 2576/2576/2576 2451/2451/2451
f 2488/2488/2488 2451/2451/2451 2576/2576/2576
f 2576/2576/2576 2509/2509/2509 2488/2488/2488
f 2492/2492/2492 2488/2488/2488 2509/2509/2509
f 2509/2509/2509 2513/2513/2513 2492/2492/2492
f 2513/2513/2513 2509/2509/2509 2576/2576/2576
f 2576/2576/2576 2539/2539/2539 2513/2513/2513
f 2516/2516/2516 2513/2513/2513 2539/2539/2539
f 2753/2753/2753 2749/2749/2749 2698/2698/2698
f 2695/2695/2695 2698/2698/2698 2749/2749/2749
f 2698/2698/2698 2695/2695/2695 2628/2628/2628
f 2628/2628/2628 2626/2626/2626 2698/2698/2698
f 2698/2698/2698 2626/2626/2626 2753/2753/2753
f 2754/2754/2754 2753/2753/2753 2626/2626/2626
f 2626/2626/2626 2701/2701/2701 2754/2754/2754
f 2701/2701/2701 2626/2626/2626 2620/2620/2620
f 2702/2702/2702 2701/2701/2701 2620/2620/2620
f 2701/2701/2701 2702/2702/2702 2755/2755/2755
f 2755/2755/2755 2754/2754/2754 2701/2701/2701
f 2753/2753/2753 2754/2754/2754 2800/2800/2800
f 2800/2800/2800 2798/2798/2798 2753/2753/2753
f 2749/2749/2749 2753/2753/2753 2798/2798/2798
f 2798/2798/2798 2792/2792/2792 2749/2749/2749
f 2695/2695/2695 2749/2749/2749 2792/2792/2792
f 2792/2792/2792 2789/2789/2789 2695/2695/2695
f 2803/2803/2803 2800/2800/2800 2754/2754/2754
f 2754/2754/2754 2755/2755/2755 2803/2803/2803
f 2761/2761/2761 2755/2755/2755 2702/2702/2702
f 2702/2702/2702 2620/2620/2620 2761/2761/2761
f 2805/2805/2805 2803/2803/2803 2755/2755/2755
f 2755/2755/2755 2761/2761/2761 2805/2805/2805
f 2792/2792/2792 2798/2798/2798 2839/2839/2839
f 2839/2839/2839 2789/2789/2789 2792/2792/2792
f 2846/2846/2846 2839/2839/2839 2798/2798/2798
f 2798/2798/2798 2800/2800/2800 2846/2846/2846
f 2800/2800/2800 2803/2803/2803 2846/2846/2846
f 2803/2803/2803 2805/2805/2805 2846/2846/2846
f 2839/2839/2839 2846/2846/2846 2886/2886/2886
f 2764/2764/2764 2805/2805/2805 2761/2761/2761
f 2764/2764/2764 2761/2761/2761 2620/2620/2620
f 2620/2620/2620 2707/2707/2707 2764/2764/2764
f 2707/2707/2707 2620/2620/2620 2618/2618/2618
f 2618/2618/2618 2614/2614/2614 2707/2707/2707
f 2618/2618/2618 2620/2620/2620 2576/2576/2576
f 2765/2765/2765 2764/2764/2764 2707/2707/2707
f 2765/2765/2765 2707/2707/2707 2614/2614/2614
f 2576/2576/2576 2620/2620/2620 2539/2539/2539
f 2614/2614/2614 2618/2618/2618 2576/2576/2576
f 2576/2576/2576 2569/2569/2569 2614/2614/2614
f 2626/2626/2626 2628/2628/2628 2591/2591/2591
f 2620/2620/2620 2626/2626/2626 2520/2520/2520
f 2591/2591/2591 2520/2520/2520 2626/2626/2626
f 2520/2520/2520 2516/2516/2516 2620/2620/2620
f 2539/2539/2539 2620/2620/2620 2516/2516/2516
f 2520/2520/2520 2591/2591/2591 2524/2524/2524
f 2520/2520/2520 2524/2524/2524 2497/2497/2497
f 2770/2770/2770 2710/2710/2710 2719/2719/2719
f 2765/2765/2765 2710/2710/2710 2770/2770/2770
f 2765/2765/2765 2770/2770/2770 2814/2814/2814
f 2814/2814/2814 2811/2811/2811 2765/2765/2765
f 2811/2811/2811 2814/2814/2814 2855/2855/2855
f 2855/2855/2855 2814/2814/2814 2834/2834/2834
f 2855/2855/2855 2853/2853/2853 2811/2811/2811
f 2764/2764/2764 2765/2765/2765 2811/2811/2811
f 2834/2834/2834 2857/2857/2857 2855/2855/2855
f 2835/2835/2835 2834/2834/2834 2814/2814/2814
f 2814/2814/2814 2817/2817/2817 2835/2835/2835
f 2834/2834/2834 2835/2835/2835 2858/2858/2858
f 2858/2858/2858 2857/2857/2857 2834/2834/2834
f 2835/2835/2835 2817/2817/2817 2812/2812/2812
f 2835/2835/2835 2812/2812/2812 2856/2856/2856
f 2856/2856/2856 2858/2858/2858 2835/2835/2835
f 2854/2854/2854 2856/2856/2856 2812/2812/2812
f 2857/2857/2857 2858/2858/2858 2862/2862/2862
f 2862/2862/2862 2858/2858/2858 2856/2856/2856
f 2862/2862/2862 2861/2861/2861 2857/2857/2857
f 2855/2855/2855 2857/2857/2857 2861/2861/2861
f 2861/2861/2861 2862/2862/2862 2895/2895/2895
f 2895/2895/2895 2894/2894/2894 2861/2861/2861
f 2855/2855/2855 2861/2861/2861 2894/2894/2894
f 2895/2895/2895 2862/2862/2862 2856/2856/2856
f 2856/2856/2856 2902/2902/2902 2895/2895/2895
f 2894/2894/2894 2895/2895/2895 2905/2905/2905
f 2905/2905/2905 2904/2904/2904 2894/2894/2894
f 2902/2902/2902 2905/2905/2905 2895/2895/2895
f 2856/2856/2856 2854/2854/2854 2924/2924/2924
f 2924/2924/2924 2902/2902/2902 2856/2856/2856
f 2897/2897/2897 2924/2924/2924 2854/2854/2854
f 2853/2853/2853 2855/2855/2855 2917/2917/2917
f 2894/2894/2894 2917/2917/2917 2855/2855/2855
f 2917/2917/2917 2896/2896/2896 2853/2853/2853
f 2764/2764/2764 2811/2811/2811 2853/2853/2853
f 2853/2853/2853 2896/2896/2896 2764/2764/2764
f 2805/2805/2805 2764/2764/2764 2896/2896/2896
f 2896/2896/2896 2846/2846/2846 2805/2805/2805
f 2896/2896/2896 2917/2917/2917 2929/2929/2929
f 2950/2950/2950 2952/2952/2952 5314/5314/5314
f 5314/5314/5314 5311/5311/5311 2950/2950/2950
f 5314/5314/5314 2952/2952/2952 2949/2949/2949
f 2949/2949/2949 5310/5310/5310 5314/5314/5314
f 2951/2951/2951 5313/5313/5313 5309/5309/5309
f 5309/5309/5309 2948/2948/2948 2951/2951/2951
f 5311/5311/5311 5314/5314/5314 5342/5342/5342
f 5342/5342/5342 5340/5340/5340 5311/5311/5311
f 5343/5343/5343 5314/5314/5314 5310/5310/5310
f 5309/5309/5309 5312/5312/5312 5341/5341/5341
f 2952/2952/2952 2950/2950/2950 2934/2934/2934
f 2934/2934/2934 2935/2935/2935 2952/2952/2952
f 2934/2934/2934 2950/2950/2950 2948/2948/2948
f 2949/2949/2949 2952/2952/2952 2935/2935/2935
f 5310/5310/5310 5360/5360/5360 5343/5343/5343
f 2935/2935/2935 2930/2930/2930 2949/2949/2949
f 2948/2948/2948 2929/2929/2929 2934/2934/2934
f 2935/2935/2935 2934/2934/2934 2931/2931/2931
f 2931/2931/2931 2932/2932/2932 2935/2935/2935
f 2929/2929/2929 2931/2931/2931 2934/2934/2934
f 2935/2935/2935 2932/2932/2932 2930/2930/2930
f 5361/5361/5361 5340/5340/5340 5342/5342/5342
f 5342/5342/5342 5363/5363/5363 5361/5361/5361
f 5360/5360/5360 5365/5365/5365 5343/5343/5343
f 2948/2948/2948 5309/5309/5309 5307/5307/5307
f 5307/5307/5307 2946/2946/2946 2948/2948/2948
f 5310/5310/5310 2949/2949/2949 2947/2947/2947
f 2947/2947/2947 2949/2949/2949 2930/2930/2930
f 2947/2947/2947 5308/5308/5308 5310/5310/5310
f 5355/5355/5355 5360/5360/5360 5310/5310/5310
f 5310/5310/5310 5308/5308/5308 5355/5355/5355
f 2930/2930/2930 2924/2924/2924 2947/2947/2947
f 2923/2923/2923 2929/2929/2929 2948/2948/2948
f 2948/2948/2948 2946/2946/2946 2923/2923/2923
f 2932/2932/2932 2931/2931/2931 2917/2917/2917
f 2917/2917/2917 2918/2918/2918 2932/2932/2932
f 2930/2930/2930 2932/2932/2932 2918/2918/2918
f 2917/2917/2917 2931/2931/2931 2929/2929/2929
f 5361/5361/5361 5363/5363/5363 5387/5387/5387
f 5387/5387/5387 5383/5383/5383 5361/5361/5361
f 5341/5341/5341 5409/5409/5409 5309/5309/5309
f 5307/5307/5307 5309/5309/5309 5409/5409/5409
f 5341/5341/5341 5362/5362/5362 5409/5409/5409
f 5409/5409/5409 5362/5362/5362 5385/5385/5385
f 2902/2902/2902 2930/2930/2930 2918/2918/2918
f 2924/2924/2924 2930/2930/2930 2902/2902/2902
f 2918/2918/2918 2917/2917/2917 2904/2904/2904
f 2904/2904/2904 2905/2905/2905 2918/2918/2918
f 2918/2918/2918 2905/2905/2905 2902/2902/2902
f 2946/2946/2946 5307/5307/5307 5294/5294/5294
f 5294/5294/5294 5307/5307/5307 5409/5409/5409
f 5409/5409/5409 5405/5405/5405 5294/5294/5294
f 5294/5294/5294 2943/2943/2943 2946/2946/2946
f 2946/2946/2946 2943/2943/2943 2922/2922/2922
f 2922/2922/2922 2923/2923/2923 2946/2946/2946
f 2929/2929/2929 2923/2923/2923 2896/2896/2896
f 2923/2923/2923 2922/2922/2922 2896/2896/2896
f 5330/5330/5330 5317/5317/5317 5254/5254/5254
f 5317/5317/5317 5330/5330/5330 5371/5371/5371
f 5398/5398/5398 5371/5371/5371 5330/5330/5330
f 5330/5330/5330 5349/5349/5349 5398/5398/5398
f 5349/5349/5349 5330/5330/5330 5287/5287/5287
f 5254/5254/5254 5287/5287/5287 5330/5330/5330
f 5349/5349/5349 5287/5287/5287 5254/5254/5254
f 5254/5254/5254 5263/5263/5263 5349/5349/5349
f 5367/5367/5367 5349/5349/5349 5263/5263/5263
f 5263/5263/5263 5271/5271/5271 5367/5367/5367
f 5329/5329/5329 5367/5367/5367 5271/5271/5271
f 5349/5349/5349 5367/5367/5367 5417/5417/5417
f 5417/5417/5417 5398/5398/5398 5349/5349/5349
f 5367/5367/5367 5329/5329/5329 5380/5380/5380
f 5271/5271/5271 5278/5278/5278 5329/5329/5329
f 5436/5436/5436 5417/5417/5417 5367/5367/5367
f 5367/5367/5367 5380/5380/5380 5436/5436/5436
f 2937/2937/2937 5271/5271/5271 5263/5263/5263
f 2937/2937/2937 5278/5278/5278 5271/5271/5271
f 2937/2937/2937 5263/5263/5263 5254/5254/5254
f 5254/5254/5254 2926/2926/2926 2937/2937/2937
f 2937/2937/2937 2926/2926/2926 2908/2908/2908
f 2908/2908/2908 2910/2910/2910 2937/2937/2937
f 2910/2910/2910 2914/2914/2914 2937/2937/2937
f 2914/2914/2914 2910/2910/2910 2884/2884/2884
f 2876/2876/2876 2884/2884/2884 2910/2910/2910
f 2910/2910/2910 2908/2908/2908 2876/2876/2876
f 2884/2884/2884 2886/2886/2886 2914/2914/2914
f 2937/2937/2937 2914/2914/2914 2886/2886/2886
f 5278/5278/5278 2937/2937/2937 2940/2940/2940
f 2940/2940/2940 5283/5283/5283 5278/5278/5278
f 5338/5338/5338 5329/5329/5329 5278/5278/5278
f 5278/5278/5278 5283/5283/5283 5338/5338/5338
f 2937/2937/2937 2922/2922/2922 2940/2940/2940
f 2937/2937/2937 2891/2891/2891 2922/2922/2922
f 2899/2899/2899 2876/2876/2876 2908/2908/2908
f 5283/5283/5283 2940/2940/2940 2943/2943/2943
f 2943/2943/2943 5294/5294/5294 5283/5283/5283
f 2943/2943/2943 2940/2940/2940 2922/2922/2922
f 2937/2937/2937 2886/2886/2886 2846/2846/2846
f 2891/2891/2891 2937/2937/2937 2846/2846/2846
f 5283/5283/5283 5294/5294/5294 5405/5405/5405
f 5405/5405/5405 5338/5338/5338 5283/5283/5283
f 5405/5405/5405 5329/5329/5329 5338/5338/5338
f 2886/2886/2886 2884/2884/2884 2839/2839/2839
f 2891/2891/2891 2896/2896/2896 2922/2922/2922
f 2896/2896/2896 2891/2891/2891 2846/2846/2846
f 5329/5329/5329 5405/5405/5405 5458/5458/5458
f 2789/2789/2789 2839/2839/2839 2884/2884/2884
f 2884/2884/2884 2876/2876/2876 2789/2789/2789
f 5458/5458/5458 5498/5498/5498 5329/5329/5329
f 5380/5380/5380 5329/5329/5329 5498/5498/5498
f 2830/2830/2830 2789/2789/2789 2876/2876/2876
f 2942/2942/2942 5284/5284/5284 5295/5295/5295
f 5284/5284/5284 2942/2942/2942 2939/2939/2939
f 2939/2939/2939 5279/5279/5279 5284/5284/5284
f 5295/5295/5295 2945/2945/2945 2942/2942/2942
f 2945/2945/2945 5295/5295/5295 5308/5308/5308
f 5308/5308/5308 2947/2947/2947 2945/2945/2945
f 2945/2945/2945 2947/2947/2947 2924/2924/2924
f 5308/5308/5308 5295/5295/5295 5345/5345/5345
f 5345/5345/5345 5355/5355/5355 5308/5308/5308
f 2924/2924/2924 2939/2939/2939 2945/2945/2945
f 2924/2924/2924 2897/2897/2897 2939/2939/2939
f 5345/5345/5345 5295/5295/5295 5396/5396/5396
f 5382/5382/5382 5396/5396/5396 5295/5295/5295
f 5295/5295/5295 5272/5272/5272 5382/5382/5382
f 5279/5279/5279 2939/2939/2939 2936/2936/2936
f 2936/2936/2936 5272/5272/5272 5279/5279/5279
f 2939/2939/2939 2915/2915/2915 2936/2936/2936
f 5368/5368/5368 5382/5382/5382 5272/5272/5272
f 2939/2939/2939 2887/2887/2887 2915/2915/2915
f 2887/2887/2887 2939/2939/2939 2845/2845/2845
f 2762/2762/2762 2756/2756/2756 2841/2841/2841
f 2801/2801/2801 2841/2841/2841 2756/2756/2756
f 2841/2841/2841 2806/2806/2806 2762/2762/2762
f 2806/2806/2806 2841/2841/2841 2845/2845/2845
f 2840/2840/2840 2841/2841/2841 2801/2801/2801
f 2801/2801/2801 2799/2799/2799 2840/2840/2840
f 2806/2806/2806 2807/2807/2807 2762/2762/2762
f 2845/2845/2845 2841/2841/2841 2887/2887/2887
f 2845/2845/2845 2892/2892/2892 2806/2806/2806
f 2807/2807/2807 2806/2806/2806 2892/2892/2892
f 2892/2892/2892 2849/2849/2849 2807/2807/2807
f 2892/2892/2892 2897/2897/2897 2849/2849/2849
f 2885/2885/2885 2887/2887/2887 2841/2841/2841
f 2841/2841/2841 2840/2840/2840 2885/2885/2885
f 2812/2812/2812 2807/2807/2807 2849/2849/2849
f 2849/2849/2849 2854/2854/2854 2812/2812/2812
f 2854/2854/2854 2849/2849/2849 2897/2897/2897
f 2807/2807/2807 2812/2812/2812 2762/2762/2762
f 2836/2836/2836 2840/2840/2840 2799/2799/2799
f 2877/2877/2877 2885/2885/2885 2840/2840/2840
f 2840/2840/2840 2836/2836/2836 2877/2877/2877
f 2892/2892/2892 2845/2845/2845 2939/2939/2939
f 2897/2897/2897 2892/2892/2892 2939/2939/2939
f 2887/2887/2887 2885/2885/2885 2911/2911/2911
f 2911/2911/2911 2915/2915/2915 2887/2887/2887
f 2909/2909/2909 2911/2911/2911 2885/2885/2885
f 2885/2885/2885 2877/2877/2877 2909/2909/2909
f 2915/2915/2915 2911/2911/2911 2933/2933/2933
f 2933/2933/2933 2936/2936/2936 2915/2915/2915
f 2911/2911/2911 2909/2909/2909 2927/2927/2927
f 2927/2927/2927 2933/2933/2933 2911/2911/2911
f 2863/2863/2863 2877/2877/2877 2836/2836/2836
f 2836/2836/2836 2831/2831/2831 2863/2863/2863
f 2877/2877/2877 2863/2863/2863 2900/2900/2900
f 2900/2900/2900 2909/2909/2909 2877/2877/2877
f 2920/2920/2920 2927/2927/2927 2909/2909/2909
f 2909/2909/2909 2900/2900/2900 2920/2920/2920
f 2836/2836/2836 2790/2790/2790 2831/2831/2831
f 2790/2790/2790 2836/2836/2836 2750/2750/2750
f 2836/2836/2836 2799/2799/2799 2750/2750/2750
f 2703/2703/2703 2750/2750/2750 2799/2799/2799
f 2799/2799/2799 2801/2801/2801 2703/2703/2703
f 2756/2756/2756 2703/2703/2703 2801/2801/2801
f 2750/2750/2750 2748/2748/2748 2790/2790/2790
f 2851/2851/2851 2863/2863/2863 2831/2831/2831
f 2831/2831/2831 2824/2824/2824 2851/2851/2851
f 2824/2824/2824 2831/2831/2831 2790/2790/2790
f 2790/2790/2790 2785/2785/2785 2824/2824/2824
f 2785/2785/2785 2790/2790/2790 2748/2748/2748
f 2756/2756/2756 2762/2762/2762 2705/2705/2705
f 2705/2705/2705 2703/2703/2703 2756/2756/2756
f 2750/2750/2750 2696/2696/2696 2748/2748/2748
f 2748/2748/2748 2696/2696/2696 2785/2785/2785
f 2696/2696/2696 2750/2750/2750 2625/2625/2625
f 2622/2622/2622 2625/2625/2625 2750/2750/2750
f 2750/2750/2750 2703/2703/2703 2622/2622/2622
f 2625/2625/2625 2630/2630/2630 2696/2696/2696
f 5272/5272/5272 2936/2936/2936 2933/2933/2933
f 2933/2933/2933 5229/5229/5229 5272/5272/5272
f 5229/5229/5229 2933/2933/2933 2927/2927/2927
f 5272/5272/5272 5229/5229/5229 5315/5315/5315
f 5272/5272/5272 5315/5315/5315 5350/5350/5350
f 5350/5350/5350 5368/5368/5368 5272/5272/5272
f 5288/5288/5288 5315/5315/5315 5229/5229/5229
f 5315/5315/5315 5288/5288/5288 5350/5350/5350
f 5368/5368/5368 5350/5350/5350 5399/5399/5399
f 5399/5399/5399 5418/5418/5418 5368/5368/5368
f 5382/5382/5382 5368/5368/5368 5418/5418/5418
f 5418/5418/5418 5438/5438/5438 5382/5382/5382
f 5318/5318/5318 5350/5350/5350 5288/5288/5288
f 5350/5350/5350 5318/5318/5318 5347/5347/5347
f 5347/5347/5347 5399/5399/5399 5350/5350/5350
f 5399/5399/5399 5347/5347/5347 5412/5412/5412
f 2758/2758/2758 2760/2760/2760 2775/2775/2775
f 2760/2760/2760 2758/2758/2758 2721/2721/2721
f 2721/2721/2721 2723/2723/2723 2760/2760/2760
f 2723/2723/2723 2721/2721/2721 2714/2714/2714
f 2775/2775/2775 2772/2772/2772 2758/2758/2758
f 2772/2772/2772 2775/2775/2775 2795/2795/2795
f 2795/2795/2795 2793/2793/2793 2772/2772/2772
f 2711/2711/2711 2714/2714/2714 2721/2721/2721
f 2723/2723/2723 2714/2714/2714 2657/2657/2657
f 2657/2657/2657 2714/2714/2714 2711/2711/2711
f 2657/2657/2657 2658/2658/2658 2723/2723/2723
f 2712/2712/2712 2723/2723/2723 2658/2658/2658
f 2723/2723/2723 2712/2712/2712 2775/2775/2775
f 2711/2711/2711 2613/2613/2613 2657/2657/2657
f 2658/2658/2658 2657/2657/2657 2612/2612/2612
f 2613/2613/2613 2612/2612/2612 2657/2657/2657
f 2775/2775/2775 2813/2813/2813 2795/2795/2795
f 2793/2793/2793 2795/2795/2795 2818/2818/2818
f 2818/2818/2818 2815/2815/2815 2793/2793/2793
f 2813/2813/2813 2818/2818/2818 2795/2795/2795
f 2775/2775/2775 2763/2763/2763 2813/2813/2813
f 2763/2763/2763 2775/2775/2775 2712/2712/2712
f 2712/2712/2712 2709/2709/2709 2763/2763/2763
f 2658/2658/2658 2612/2612/2612 2608/2608/2608
f 2608/2608/2608 2612/2612/2612 2613/2613/2613
f 2608/2608/2608 2574/2574/2574 2658/2658/2658
f 2574/2574/2574 2712/2712/2712 2658/2658/2658
f 2709/2709/2709 2712/2712/2712 2574/2574/2574
f 2574/2574/2574 2567/2567/2567 2709/2709/2709
f 2709/2709/2709 2708/2708/2708 2763/2763/2763
f 2708/2708/2708 2709/2709/2709 2567/2567/2567
f 2567/2567/2567 2617/2617/2617 2708/2708/2708
f 2567/2567/2567 2572/2572/2572 2617/2617/2617
f 2566/2566/2566 2613/2613/2613 2711/2711/2711
f 2711/2711/2711 2766/2766/2766 2566/2566/2566
f 2615/2615/2615 2566/2566/2566 2766/2766/2766
f 2566/2566/2566 2615/2615/2615 2570/2570/2570
f 2706/2706/2706 2708/2708/2708 2617/2617/2617
f 2708/2708/2708 2706/2706/2706 2763/2763/2763
f 2704/2704/2704 2706/2706/2706 2617/2617/2617
f 2617/2617/2617 2623/2623/2623 2704/2704/2704
f 2567/2567/2567 2574/2574/2574 2562/2562/2562
f 2461/2461/2461 2463/2463/2463 2475/2475/2475
f 2475/2475/2475 2474/2474/2474 2461/2461/2461
f 2474/2474/2474 2475/2475/2475 2485/2485/2485
f 2485/2485/2485 2484/2484/2484 2474/2474/2474
f 2484/2484/2484 2485/2485/2485 2499/2499/2499
f 2499/2499/2499 2498/2498/2498 2484/2484/2484
f 2476/2476/2476 2474/2474/2474 2484/2484/2484
f 2461/2461/2461 2474/2474/2474 2476/2476/2476
f 2485/2485/2485 2475/2475/2475 2478/2478/2478
f 2478/2478/2478 2475/2475/2475 2463/2463/2463
f 2484/2484/2484 2498/2498/2498 2503/2503/2503
f 2503/2503/2503 2476/2476/2476 2484/2484/2484
f 2498/2498/2498 2499/2499/2499 2502/2502/2502
f 2502/2502/2502 2501/2501/2501 2498/2498/2498
f 2498/2498/2498 2501/2501/2501 2503/2503/2503
f 2501/2501/2501 2502/2502/2502 2522/2522/2522
f 2522/2522/2522 2521/2521/2521 2501/2501/2501
f 2503/2503/2503 2501/2501/2501 2521/2521/2521
f 2485/2485/2485 2478/2478/2478 2534/2534/2534
f 2534/2534/2534 2499/2499/2499 2485/2485/2485
f 2534/2534/2534 2502/2502/2502 2499/2499/2499
f 2522/2522/2522 2502/2502/2502 2534/2534/2534
f 2505/2505/2505 2534/2534/2534 2478/2478/2478
f 2521/2521/2521 2530/2530/2530 2503/2503/2503
f 2521/2521/2521 2522/2522/2522 2529/2529/2529
f 2534/2534/2534 2529/2529/2529 2522/2522/2522
f 2530/2530/2530 2521/2521/2521 2542/2542/2542
f 2521/2521/2521 2529/2529/2529 2543/2543/2543
f 2543/2543/2543 2529/2529/2529 2534/2534/2534
f 2543/2543/2543 2542/2542/2542 2521/2521/2521
f 2532/2532/2532 2503/2503/2503 2530/2530/2530
f 2478/2478/2478 2482/2482/2482 2505/2505/2505
f 2480/2480/2480 2476/2476/2476 2503/2503/2503
f 2503/2503/2503 2532/2532/2532 2480/2480/2480
f 2543/2543/2543 2534/2534/2534 2562/2562/2562
f 2542/2542/2542 2543/2543/2543 2561/2561/2561
f 2562/2562/2562 2561/2561/2561 2543/2543/2543
f 2561/2561/2561 2573/2573/2573 2542/2542/2542
f 2542/2542/2542 2573/2573/2573 2530/2530/2530
f 2567/2567/2567 2562/2562/2562 2534/2534/2534
f 2530/2530/2530 2566/2566/2566 2532/2532/2532
f 2573/2573/2573 2561/2561/2561 2574/2574/2574
f 2574/2574/2574 2561/2561/2561 2562/2562/2562
f 2566/2566/2566 2530/2530/2530 2613/2613/2613
f 2608/2608/2608 2613/2613/2613 2530/2530/2530
f 2530/2530/2530 2573/2573/2573 2608/2608/2608
f 2574/2574/2574 2608/2608/2608 2573/2573/2573
f 2505/2505/2505 2507/2507/2507 2534/2534/2534
f 2572/2572/2572 2567/2567/2567 2534/2534/2534
f 2476/2476/2476 2445/2445/2445 2461/2461/2461
f 2452/2452/2452 2445/2445/2445 2476/2476/2476
f 2476/2476/2476 2480/2480/2480 2452/2452/2452
f 2482/2482/2482 2478/2478/2478 2447/2447/2447
f 2447/2447/2447 2454/2454/2454 2482/2482/2482
f 5304/5304/5304 5357/5357/5357 5391/5391/5391
f 5391/5391/5391 5353/5353/5353 5304/5304/5304
f 5353/5353/5353 5324/5324/5324 5304/5304/5304
f 5353/5353/5353 5391/5391/5391 5415/5415/5415
f 5415/5415/5415 5324/5324/5324 5353/5353/5353
f 5443/5443/5443 5415/5415/5415 5391/5391/5391
f 5443/5443/5443 5391/5391/5391 5357/5357/5357
f 5324/5324/5324 5415/5415/5415 5440/5440/5440
f 5440/5440/5440 5401/5401/5401 5324/5324/5324
f 5468/5468/5468 5440/5440/5440 5415/5415/5415
f 5415/5415/5415 5443/5443/5443 5468/5468/5468
f 5290/5290/5290 5324/5324/5324 5401/5401/5401
f 5489/5489/5489 5468/5468/5468 5443/5443/5443
f 5401/5401/5401 5440/5440/5440 5449/5449/5449
f 5440/5440/5440 5468/5468/5468 5449/5449/5449
f 5449/5449/5449 5373/5373/5373 5401/5401/5401
f 5290/5290/5290 5401/5401/5401 5373/5373/5373
f 5507/5507/5507 5449/5449/5449 5468/5468/5468
f 5468/5468/5468 5489/5489/5489 5507/5507/5507
f 5449/5449/5449 5507/5507/5507 5526/5526/5526
f 5373/5373/5373 5449/5449/5449 5455/5455/5455
f 5455/5455/5455 5376/5376/5376 5373/5373/5373
f 5332/5332/5332 5373/5373/5373 5376/5376/5376
f 5376/5376/5376 5336/5336/5336 5332/5332/5332
f 5373/5373/5373 5332/5332/5332 5293/5293/5293
f 5373/5373/5373 5293/5293/5293 5321/5321/5321
f 5321/5321/5321 5290/5290/5290 5373/5373/5373
f 5281/5281/5281 5321/5321/5321 5293/5293/5293
f 5281/5281/5281 5290/5290/5290 5321/5321/5321
f 5290/5290/5290 5281/5281/5281 5257/5257/5257
f 5332/5332/5332 5298/5298/5298 5293/5293/5293
f 5298/5298/5298 5332/5332/5332 5336/5336/5336
f 5336/5336/5336 5302/5302/5302 5298/5298/5298
f 5244/5244/5244 5257/5257/5257 5281/5281/5281
f 5235/5235/5235 5293/5293/5293 5298/5298/5298
f 5235/5235/5235 5298/5298/5298 5302/5302/5302
f 5235/5235/5235 5281/5281/5281 5293/5293/5293
f 5281/5281/5281 5235/5235/5235 5244/5244/5244
f 5222/5222/5222 5244/5244/5244 5235/5235/5235
f 5302/5302/5302 5266/5266/5266 5235/5235/5235
f 5195/5195/5195 5222/5222/5222 5235/5235/5235
f 5222/5222/5222 5195/5195/5195 5188/5188/5188
f 5304/5304/5304 5214/5214/5214 5357/5357/5357
f 5219/5219/5219 5228/5228/5228 5253/5253/5253
f 5446/5446/5446 5477/5477/5477 5511/5511/5511
f 5477/5477/5477 5446/5446/5446 5455/5455/5455
f 5455/5455/5455 5481/5481/5481 5477/5477/5477
f 5522/5522/5522 5477/5477/5477 5481/5481/5481
f 5477/5477/5477 5522/5522/5522 5500/5500/5500
f 5500/5500/5500 5511/5511/5511 5477/5477/5477
f 5481/5481/5481 5531/5531/5531 5522/5522/5522
f 5556/5556/5556 5522/5522/5522 5531/5531/5531
f 5531/5531/5531 5592/5592/5592 5556/5556/5556
f 5481/5481/5481 5526/5526/5526 5531/5531/5531
f 5592/5592/5592 5531/5531/5531 5526/5526/5526
f 5481/5481/5481 5455/5455/5455 5449/5449/5449
f 5559/5559/5559 5532/5532/5532 5534/5534/5534
f 5584/5584/5584 5559/5559/5559 5534/5534/5534
f 5534/5534/5534 5553/5553/5553 5584/5584/5584
f 5559/5559/5559 5584/5584/5584 5609/5609/5609
f 5609/5609/5609 5582/5582/5582 5559/5559/5559
f 5532/5532/5532 5559/5559/5559 5582/5582/5582
f 5582/5582/5582 5548/5548/5548 5532/5532/5532
f 5634/5634/5634 5609/5609/5609 5584/5584/5584
f 5584/5584/5584 5607/5607/5607 5634/5634/5634
f 5607/5607/5607 5584/5584/5584 5553/5553/5553
f 5553/5553/5553 5580/5580/5580 5607/5607/5607
f 5582/5582/5582 5609/5609/5609 5620/5620/5620
f 5620/5620/5620 5588/5588/5588 5582/5582/5582
f 5548/5548/5548 5582/5582/5582 5588/5588/5588
f 5663/5663/5663 5634/5634/5634 5607/5607/5607
f 5607/5607/5607 5632/5632/5632 5663/5663/5663
f 5632/5632/5632 5607/5607/5607 5580/5580/5580
f 5580/5580/5580 5586/5586/5586 5632/5632/5632
f 5634/5634/5634 5663/5663/5663 5685/5685/5685
f 5682/5682/5682 5663/5663/5663 5632/5632/5632
f 5632/5632/5632 5647/5647/5647 5682/5682/5682
f 5682/5682/5682 5685/5685/5685 5663/5663/5663
f 5692/5692/5692 5620/5620/5620 5609/5609/5609
f 5609/5609/5609 5634/5634/5634 5692/5692/5692
f 5685/5685/5685 5692/5692/5692 5634/5634/5634
f 5588/5588/5588 5620/5620/5620 5626/5626/5626
f 5626/5626/5626 5592/5592/5592 5588/5588/5588
f 5620/5620/5620 5692/5692/5692 5650/5650/5650
f 5650/5650/5650 5626/5626/5626 5620/5620/5620
f 5489/5489/5489 5532/5532/5532 5548/5548/5548
f 5548/5548/5548 5507/5507/5507 5489/5489/5489
f 5588/5588/5588 5507/5507/5507 5548/5548/5548
f 5507/5507/5507 5588/5588/5588 5592/5592/5592
f 5526/5526/5526 5507/5507/5507 5592/5592/5592
f 5745/5745/5745 5692/5692/5692 5685/5685/5685
f 5685/5685/5685 5682/5682/5682 5745/5745/5745
f 5745/5745/5745 5650/5650/5650 5692/5692/5692
f 5650/5650/5650 5745/5745/5745 5665/5665/5665
f 5682/5682/5682 5723/5723/5723 5745/5745/5745
f 5253/5253/5253 5247/5247/5247 5219/5219/5219
f 5247/5247/5247 5253/5253/5253 5292/5292/5292
f 5316/5316/5316 5292/5292/5292 5253/5253/5253
f 5292/5292/5292 5316/5316/5316 5346/5346/5346
f 5370/5370/5370 5346/5346/5346 5316/5316/5316
f 5346/5346/5346 5370/5370/5370 5411/5411/5411
f 5441/5441/5441 5411/5411/5411 5370/5370/5370
f 5370/5370/5370 5397/5397/5397 5441/5441/5441
f 5411/5411/5411 5443/5443/5443 5346/5346/5346
f 5441/5441/5441 5443/5443/5443 5411/5411/5411
f 5443/5443/5443 5441/5441/5441 5534/5534/5534
f 5443/5443/5443 5534/5534/5534 5532/5532/5532
f 5532/5532/5532 5489/5489/5489 5443/5443/5443
f 5213/5213/5213 5346/5346/5346 5443/5443/5443
f 5346/5346/5346 5213/5213/5213 5292/5292/5292
f 5292/5292/5292 5213/5213/5213 5247/5247/5247
f 5536/5536/5536 5497/5497/5497 5550/5550/5550
f 5562/5562/5562 5550/5550/5550 5497/5497/5497
f 5497/5497/5497 5504/5504/5504 5562/5562/5562
f 5568/5568/5568 5562/5562/5562 5504/5504/5504
f 5504/5504/5504 5514/5514/5514 5568/5568/5568
f 5550/5550/5550 5562/5562/5562 5598/5598/5598
f 5568/5568/5568 5598/5598/5598 5562/5562/5562
f 5598/5598/5598 5586/5586/5586 5550/5550/5550
f 5536/5536/5536 5550/5550/5550 5586/5586/5586
f 5586/5586/5586 5580/5580/5580 5536/5536/5536
f 5580/5580/5580 5553/5553/5553 5536/5536/5536
f 5586/5586/5586 5598/5598/5598 5647/5647/5647
f 5647/5647/5647 5632/5632/5632 5586/5586/5586
f 5657/5657/5657 5647/5647/5647 5598/5598/5598
f 5435/5435/5435 5497/5497/5497 5536/5536/5536
f 5553/5553/5553 5534/5534/5534 5536/5536/5536
f 5441/5441/5441 5536/5536/5536 5534/5534/5534
f 5416/5416/5416 5435/5435/5435 5536/5536/5536
f 5536/5536/5536 5441/5441/5441 5397/5397/5397
f 5397/5397/5397 5416/5416/5416 5536/5536/5536
f 5497/5497/5497 5435/5435/5435 5379/5379/5379
f 59/59/59 50/50/50 97/97/97
f 97/97/97 74/74/74 59/59/59
f 74/74/74 97/97/97 132/132/132
f 131/131/131 132/132/132 97/97/97
f 50/50/50 80/80/80 97/97/97
f 91/91/91 74/74/74 132/132/132
f 132/132/132 119/119/119 91/91/91
f 150/150/150 131/131/131 97/97/97
f 97/97/97 123/123/123 150/150/150
f 80/80/80 50/50/50 63/63/63
f 80/80/80 102/102/102 97/97/97
f 102/102/102 80/80/80 63/63/63
f 38/38/38 63/63/63 50/50/50
f 63/63/63 93/93/93 102/102/102
f 152/152/152 97/97/97 102/102/102
f 97/97/97 152/152/152 123/123/123
f 163/163/163 150/150/150 123/123/123
f 162/162/162 123/123/123 152/152/152
f 102/102/102 136/136/136 152/152/152
f 136/136/136 102/102/102 93/93/93
f 123/123/123 162/162/162 187/187/187
f 187/187/187 163/163/163 123/123/123
f 187/187/187 150/150/150 163/163/163
f 193/193/193 132/132/132 131/131/131
f 215/215/215 193/193/193 131/131/131
f 131/131/131 150/150/150 215/215/215
f 150/150/150 187/187/187 215/215/215
f 93/93/93 63/63/63 84/84/84
f 63/63/63 38/38/38 26/26/26
f 26/26/26 44/44/44 63/63/63
f 44/44/44 84/84/84 63/63/63
f 84/84/84 44/44/44 43/43/43
f 43/43/43 69/69/69 84/84/84
f 14/14/14 43/43/43 44/44/44
f 44/44/44 26/26/26 14/14/14
f 122/122/122 84/84/84 69/69/69
f 122/122/122 69/69/69 106/106/106
f 69/69/69 43/43/43 71/71/71
f 71/71/71 106/106/106 69/69/69
f 106/106/106 71/71/71 95/95/95
f 119/119/119 116/116/116 66/66/66
f 116/116/116 119/119/119 142/142/142
f 157/157/157 142/142/142 119/119/119
f 142/142/142 157/157/157 174/174/174
f 132/132/132 157/157/157 119/119/119
f 66/66/66 91/91/91 119/119/119
f 2747/2747/2747 2769/2769/2769 2781/2781/2781
f 2489/2489/2489 2493/2493/2493 2510/2510/2510
f 2517/2517/2517 2510/2510/2510 2493/2493/2493
f 2517/2517/2517 2540/2540/2540 2510/2510/2510
f 2493/2493/2493 2494/2494/2494 2517/2517/2517
f 2508/2508/2508 2489/2489/2489 2510/2510/2510
f 2540/2540/2540 2508/2508/2508 2510/2510/2510
f 2493/2493/2493 2489/2489/2489 2459/2459/2459
f 2459/2459/2459 2465/2465/2465 2493/2493/2493
f 2494/2494/2494 2493/2493/2493 2465/2465/2465
f 2465/2465/2465 2469/2469/2469 2494/2494/2494
f 2457/2457/2457 2459/2459/2459 2489/2489/2489
f 2489/2489/2489 2508/2508/2508 2457/2457/2457
f 2456/2456/2456 2457/2457/2457 2508/2508/2508
f 2508/2508/2508 2481/2481/2481 2456/2456/2456
f 2508/2508/2508 2506/2506/2506 2481/2481/2481
f 2506/2506/2506 2508/2508/2508 2536/2536/2536
f 2506/2506/2506 2504/2504/2504 2481/2481/2481
f 2453/2453/2453 2456/2456/2456 2481/2481/2481
f 2536/2536/2536 2533/2533/2533 2506/2506/2506
f 2508/2508/2508 2540/2540/2540 2587/2587/2587
f 2587/2587/2587 2621/2621/2621 2508/2508/2508
f 2536/2536/2536 2508/2508/2508 2621/2621/2621
f 2621/2621/2621 2577/2577/2577 2536/2536/2536
f 2533/2533/2533 2536/2536/2536 2577/2577/2577
f 2577/2577/2577 2571/2571/2571 2533/2533/2533
f 2588/2588/2588 2587/2587/2587 2540/2540/2540
f 2540/2540/2540 2517/2517/2517 2588/2588/2588
f 2589/2589/2589 2588/2588/2588 2517/2517/2517
f 2517/2517/2517 2544/2544/2544 2589/2589/2589
f 2621/2621/2621 2587/2587/2587 2624/2624/2624
f 2587/2587/2587 2588/2588/2588 2624/2624/2624
f 2588/2588/2588 2589/2589/2589 2624/2624/2624
f 2571/2571/2571 2577/2577/2577 2616/2616/2616
f 2621/2621/2621 2616/2616/2616 2577/2577/2577
f 2546/2546/2546 2544/2544/2544 2517/2517/2517
f 2517/2517/2517 2527/2527/2527 2546/2546/2546
f 2527/2527/2527 2517/2517/2517 2471/2471/2471
f 2471/2471/2471 2483/2483/2483 2527/2527/2527
f 2544/2544/2544 2546/2546/2546 2629/2629/2629
f 2629/2629/2629 2589/2589/2589 2544/2544/2544
f 2629/2629/2629 2624/2624/2624 2589/2589/2589
f 2527/2527/2527 2629/2629/2629 2546/2546/2546
f 2483/2483/2483 2490/2490/2490 2527/2527/2527
f 2629/2629/2629 2527/2527/2527 2635/2635/2635
f 2511/2511/2511 2527/2527/2527 2490/2490/2490
f 2537/2537/2537 2527/2527/2527 2511/2511/2511
f 2527/2527/2527 2537/2537/2537 2554/2554/2554
f 2527/2527/2527 2554/2554/2554 2637/2637/2637
f 2527/2527/2527 2637/2637/2637 2635/2635/2635
f 2598/2598/2598 2637/2637/2637 2554/2554/2554
f 2560/2560/2560 2554/2554/2554 2537/2537/2537
f 2554/2554/2554 2560/2560/2560 2598/2598/2598
f 2602/2602/2602 2598/2598/2598 2560/2560/2560
f 2560/2560/2560 2586/2586/2586 2602/2602/2602
f 2517/2517/2517 2494/2494/2494 2469/2469/2469
f 220/220/220 2441/2441/2441 2436/2436/2436
f 2441/2441/2441 220/220/220 222/222/222
f 2436/2436/2436 2441/2441/2441 2465/2465/2465
f 2469/2469/2469 2465/2465/2465 2441/2441/2441
f 222/222/222 220/220/220 189/189/189
f 189/189/189 193/193/193 222/222/222
f 2465/2465/2465 2459/2459/2459 2436/2436/2436
f 185/185/185 189/189/189 220/220/220
f 220/220/220 211/211/211 185/185/185
f 220/220/220 2436/2436/2436 2434/2434/2434
f 2434/2434/2434 211/211/211 220/220/220
f 2434/2434/2434 2436/2436/2436 2459/2459/2459
f 2459/2459/2459 2457/2457/2457 2434/2434/2434
f 2441/2441/2441 222/222/222 226/226/226
f 226/226/226 222/222/222 193/193/193
f 193/193/193 207/207/207 226/226/226
f 2471/2471/2471 2469/2469/2469 2441/2441/2441
f 211/211/211 2434/2434/2434 2432/2432/2432
f 2432/2432/2432 2434/2434/2434 2457/2457/2457
f 2457/2457/2457 2456/2456/2456 2432/2432/2432
f 174/174/174 185/185/185 211/211/211
f 185/185/185 174/174/174 157/157/157
f 211/211/211 202/202/202 174/174/174
f 2430/2430/2430 202/202/202 211/211/211
f 211/211/211 2432/2432/2432 2430/2430/2430
f 2430/2430/2430 2432/2432/2432 2456/2456/2456
f 2456/2456/2456 2453/2453/2453 2430/2430/2430
f 157/157/157 132/132/132 185/185/185
f 189/189/189 185/185/185 132/132/132
f 193/193/193 189/189/189 132/132/132
f 226/226/226 2467/2467/2467 2441/2441/2441
f 2441/2441/2441 2467/2467/2467 2471/2471/2471
f 2483/2483/2483 2471/2471/2471 2467/2467/2467
f 2469/2469/2469 2471/2471/2471 2517/2517/2517
f 2467/2467/2467 226/226/226 237/237/237
f 237/237/237 226/226/226 207/207/207
f 207/207/207 215/215/215 237/237/237
f 2490/2490/2490 2483/2483/2483 2467/2467/2467
f 237/237/237 2473/2473/2473 2467/2467/2467
f 215/215/215 239/239/239 237/237/237
f 239/239/239 215/215/215 187/187/187
f 2467/2467/2467 2473/2473/2473 2537/2537/2537
f 2537/2537/2537 2490/2490/2490 2467/2467/2467
f 2473/2473/2473 237/237/237 259/259/259
f 259/259/259 237/237/237 239/239/239
f 259/259/259 2495/2495/2495 2473/2473/2473
f 2473/2473/2473 2518/2518/2518 2537/2537/2537
f 2518/2518/2518 2473/2473/2473 2495/2495/2495
f 239/239/239 246/246/246 259/259/259
f 2490/2490/2490 2537/2537/2537 2511/2511/2511
f 274/274/274 287/287/287 279/279/279
f 297/297/297 279/279/279 287/287/287
f 279/279/279 297/297/297 302/302/302
f 279/279/279 302/302/302 307/307/307
f 310/310/310 279/279/279 307/307/307
f 279/279/279 310/310/310 313/313/313
f 279/279/279 313/313/313 316/316/316
f 316/316/316 319/319/319 279/279/279
f 278/278/278 279/279/279 319/319/319
f 319/319/319 292/292/292 278/278/278
f 292/292/292 283/283/283 278/278/278
f 279/279/279 278/278/278 268/268/268
f 278/278/278 269/269/269 268/268/268
f 278/278/278 283/283/283 269/269/269
f 2556/2556/2556 283/283/283 292/292/292
f 292/292/292 2607/2607/2607 2556/2556/2556
f 2556/2556/2556 277/277/277 283/283/283
f 271/271/271 283/283/283 277/277/277
f 277/277/277 2556/2556/2556 2526/2526/2526
f 283/283/283 271/271/271 261/261/261
f 261/261/261 269/269/269 283/283/283
f 2526/2526/2526 2556/2556/2556 2545/2545/2545
f 2556/2556/2556 2553/2553/2553 2545/2545/2545
f 2553/2553/2553 2556/2556/2556 2634/2634/2634
f 2634/2634/2634 2556/2556/2556 2690/2690/2690
f 2526/2526/2526 270/270/270 277/277/277
f 2545/2545/2545 2535/2535/2535 2526/2526/2526
f 2535/2535/2535 2545/2545/2545 2553/2553/2553
f 279/279/279 268/268/268 252/252/252
f 279/279/279 252/252/252 274/274/274
f 268/268/268 269/269/269 252/252/252
f 249/249/249 274/274/274 252/252/252
f 263/263/263 277/277/277 270/270/270
f 271/271/271 277/277/277 263/263/263
f 263/263/263 261/261/261 271/271/271
f 233/233/233 252/252/252 269/269/269
f 269/269/269 261/261/261 233/233/233
f 2553/2553/2553 2541/2541/2541 2535/2535/2535
f 2541/2541/2541 2553/2553/2553 2551/2551/2551
f 2634/2634/2634 2551/2551/2551 2553/2553/2553
f 2551/2551/2551 2634/2634/2634 2610/2610/2610
f 2634/2634/2634 2652/2652/2652 2610/2610/2610
f 2652/2652/2652 2634/2634/2634 2690/2690/2690
f 2716/2716/2716 2652/2652/2652 2690/2690/2690
f 270/270/270 2526/2526/2526 2514/2514/2514
f 2514/2514/2514 2526/2526/2526 2535/2535/2535
f 2518/2518/2518 2535/2535/2535 2541/2541/2541
f 2535/2535/2535 2518/2518/2518 2500/2500/2500
f 2500/2500/2500 2514/2514/2514 2535/2535/2535
f 259/259/259 2514/2514/2514 2500/2500/2500
f 2514/2514/2514 259/259/259 270/270/270
f 270/270/270 259/259/259 263/263/263
f 255/255/255 263/263/263 259/259/259
f 2716/2716/2716 2717/2717/2717 2652/2652/2652
f 2678/2678/2678 2652/2652/2652 2717/2717/2717
f 2647/2647/2647 2652/2652/2652 2678/2678/2678
f 2652/2652/2652 2647/2647/2647 2602/2602/2602
f 2602/2602/2602 2610/2610/2610 2652/2652/2652
f 2610/2610/2610 2602/2602/2602 2548/2548/2548
f 2548/2548/2548 2551/2551/2551 2610/2610/2610
f 2717/2717/2717 2716/2716/2716 2729/2729/2729
f 2729/2729/2729 2781/2781/2781 2717/2717/2717
f 2781/2781/2781 2729/2729/2729 2747/2747/2747
f 2586/2586/2586 2548/2548/2548 2602/2602/2602
f 259/259/259 2500/2500/2500 2495/2495/2495
f 2495/2495/2495 2500/2500/2500 2518/2518/2518
f 246/246/246 255/255/255 259/259/259
f 2541/2541/2541 2537/2537/2537 2518/2518/2518
f 2537/2537/2537 2541/2541/2541 2551/2551/2551
f 2647/2647/2647 2642/2642/2642 2602/2602/2602
f 2586/2586/2586 2560/2560/2560 2548/2548/2548
f 2642/2642/2642 2647/2647/2647 2684/2684/2684
f 2537/2537/2537 2548/2548/2548 2560/2560/2560
f 274/274/274 281/281/281 287/287/287
f 2425/2425/2425 2423/2423/2423 196/196/196
f 196/196/196 198/198/198 2425/2425/2425
f 198/198/198 196/196/196 178/178/178
f 178/178/178 179/179/179 198/198/198
f 2423/2423/2423 2425/2425/2425 2439/2439/2439
f 2439/2439/2439 2438/2438/2438 2423/2423/2423
f 178/178/178 196/196/196 201/201/201
f 2439/2439/2439 2425/2425/2425 2426/2426/2426
f 2425/2425/2425 198/198/198 202/202/202
f 202/202/202 198/198/198 179/179/179
f 202/202/202 2426/2426/2426 2425/2425/2425
f 2426/2426/2426 2446/2446/2446 2439/2439/2439
f 197/197/197 2424/2424/2424 2429/2429/2429
f 2428/2428/2428 2423/2423/2423 2438/2438/2438
f 2429/2429/2429 200/200/200 197/197/197
f 2438/2438/2438 2444/2444/2444 2428/2428/2428
f 2438/2438/2438 2439/2439/2439 2443/2443/2443
f 2443/2443/2443 2442/2442/2442 2438/2438/2438
f 2438/2438/2438 2442/2442/2442 2444/2444/2444
f 2446/2446/2446 2443/2443/2443 2439/2439/2439
f 178/178/178 170/170/170 179/179/179
f 179/179/179 174/174/174 202/202/202
f 202/202/202 2430/2430/2430 2426/2426/2426
f 2426/2426/2426 2430/2430/2430 2453/2453/2453
f 2453/2453/2453 2446/2446/2446 2426/2426/2426
f 2444/2444/2444 2450/2450/2450 2428/2428/2428
f 2442/2442/2442 2443/2443/2443 2462/2462/2462
f 2462/2462/2462 2443/2443/2443 2446/2446/2446
f 2462/2462/2462 2460/2460/2460 2442/2442/2442
f 2444/2444/2444 2442/2442/2442 2460/2460/2460
f 174/174/174 179/179/179 142/142/142
f 142/142/142 179/179/179 159/159/159
f 2462/2462/2462 2446/2446/2446 2477/2477/2477
f 4656/4656/4656 4674/4674/4674 4642/4642/4642
f 4642/4642/4642 4634/4634/4634 4656/4656/4656
f 4634/4634/4634 4642/4642/4642 4600/4600/4600
f 4616/4616/4616 4600/4600/4600 4642/4642/4642
f 4616/4616/4616 4642/4642/4642 4674/4674/4674
f 4657/4657/4657 4616/4616/4616 4674/4674/4674
f 4616/4616/4616 4657/4657/4657 4629/4629/4629
f 4674/4674/4674 4694/4694/4694 4657/4657/4657
f 4694/4694/4694 4703/4703/4703 4657/4657/4657
f 4694/4694/4694 4674/4674/4674 4731/4731/4731
f 4703/4703/4703 4694/4694/4694 4731/4731/4731
f 4731/4731/4731 4737/4737/4737 4703/4703/4703
f 4708/4708/4708 4731/4731/4731 4674/4674/4674
f 4665/4665/4665 4708/4708/4708 4674/4674/4674
f 4665/4665/4665 4674/4674/4674 4656/4656/4656
f 4665/4665/4665 4656/4656/4656 4634/4634/4634
f 4665/4665/4665 4634/4634/4634 4600/4600/4600
f 4600/4600/4600 4582/4582/4582 4665/4665/4665
f 4607/4607/4607 4665/4665/4665 4582/4582/4582
f 4665/4665/4665 4607/4607/4607 4613/4613/4613
f 4665/4665/4665 4613/4613/4613 4654/4654/4654
f 4582/4582/4582 4600/4600/4600 4575/4575/4575
f 4583/4583/4583 4575/4575/4575 4600/4600/4600
f 4600/4600/4600 4616/4616/4616 4583/4583/4583
f 4616/4616/4616 4629/4629/4629 4583/4583/4583
f 4639/4639/4639 4629/4629/4629 4657/4657/4657
f 4596/4596/4596 4583/4583/4583 4629/4629/4629
f 4629/4629/4629 4639/4639/4639 4596/4596/4596
f 4703/4703/4703 4711/4711/4711 4657/4657/4657
f 4711/4711/4711 4703/4703/4703 4737/4737/4737
f 4671/4671/4671 4657/4657/4657 4711/4711/4711
f 4737/4737/4737 4731/4731/4731 4749/4749/4749
f 4760/4760/4760 4749/4749/4749 4731/4731/4731
f 4602/4602/4602 4596/4596/4596 4639/4639/4639
f 4575/4575/4575 4534/4534/4534 4582/4582/4582
f 4582/4582/4582 4547/4547/4547 4607/4607/4607
f 4547/4547/4547 4582/4582/4582 4534/4534/4534
f 4613/4613/4613 4607/4607/4607 4547/4547/4547
f 4534/4534/4534 4575/4575/4575 4523/4523/4523
f 4499/4499/4499 4523/4523/4523 4575/4575/4575
f 4575/4575/4575 4583/4583/4583 4499/4499/4499
f 4529/4529/4529 4499/4499/4499 4583/4583/4583
f 4583/4583/4583 4601/4601/4601 4529/4529/4529
f 4535/4535/4535 4529/4529/4529 4601/4601/4601
f 130/130/130 144/144/144 184/184/184
f 173/173/173 130/130/130 184/184/184
f 184/184/184 206/206/206 173/173/173
f 173/173/173 129/129/129 130/130/130
f 130/130/130 117/117/117 144/144/144
f 129/129/129 79/79/79 130/130/130
f 117/117/117 130/130/130 79/79/79
f 79/79/79 129/129/129 101/101/101
f 109/109/109 117/117/117 79/79/79
f 109/109/109 144/144/144 117/117/117
f 79/79/79 88/88/88 109/109/109
f 134/134/134 101/101/101 129/129/129
f 101/101/101 62/62/62 79/79/79
f 88/88/88 79/79/79 62/62/62
f 62/62/62 101/101/101 75/75/75
f 101/101/101 134/134/134 127/127/127
f 127/127/127 75/75/75 101/101/101
f 75/75/75 127/127/127 82/82/82
f 75/75/75 51/51/51 62/62/62
f 51/51/51 75/75/75 82/82/82
f 82/82/82 60/60/60 51/51/51
f 51/51/51 24/24/24 62/62/62
f 24/24/24 51/51/51 60/60/60
f 60/60/60 17/17/17 24/24/24
f 60/60/60 82/82/82 57/57/57
f 17/17/17 60/60/60 41/41/41
f 57/57/57 41/41/41 60/60/60
f 82/82/82 127/127/127 147/147/147
f 46/46/46 58/58/58 73/73/73
f 46/46/46 73/73/73 90/90/90
f 90/90/90 65/65/65 46/46/46
f 58/58/58 46/46/46 29/29/29
f 29/29/29 49/49/49 58/58/58
f 49/49/49 29/29/29 15/15/15
f 15/15/15 37/37/37 49/49/49
f 37/37/37 15/15/15 8/8/8
f 8/8/8 25/25/25 37/37/37
f 10/10/10 8/8/8 15/15/15
f 10/10/10 1/1/1 8/8/8
f 2/2/2 1/1/1 10/10/10
f 10/10/10 9/9/9 2/2/2
f 7/7/7 2/2/2 9/9/9
f 5/5/5 2/2/2 7/7/7
f 6/6/6 8/8/8 1/1/1
f 25/25/25 8/8/8 6/6/6
f 6/6/6 13/13/13 25/25/25
f 7/7/7 16/16/16 5/5/5
f 16/16/16 7/7/7 23/23/23
f 85/85/85 65/65/65 100/100/100
f 85/85/85 33/33/33 65/65/65
f 33/33/33 85/85/85 22/22/22
f 53/53/53 22/22/22 85/85/85
f 68/68/68 53/53/53 85/85/85
f 46/46/46 65/65/65 33/33/33
f 53/53/53 28/28/28 22/22/22
f 29/29/29 46/46/46 33/33/33
f 68/68/68 85/85/85 112/112/112
f 33/33/33 22/22/22 9/9/9
f 22/22/22 28/28/28 9/9/9
f 9/9/9 10/10/10 33/33/33
f 33/33/33 10/10/10 15/15/15
f 15/15/15 29/29/29 33/33/33
f 23/23/23 9/9/9 28/28/28
f 9/9/9 23/23/23 7/7/7
f 28/28/28 61/61/61 23/23/23
f 28/28/28 87/87/87 61/61/61
f 87/87/87 28/28/28 72/72/72
f 68/68/68 72/72/72 28/28/28
f 115/115/115 111/111/111 98/98/98
f 98/98/98 100/100/100 115/115/115
f 100/100/100 98/98/98 85/85/85
f 115/115/115 113/113/113 111/111/111
f 98/98/98 111/111/111 112/112/112
f 112/112/112 111/111/111 113/113/113
f 112/112/112 85/85/85 98/98/98
f 113/113/113 115/115/115 138/138/138
f 138/138/138 137/137/137 113/113/113
f 112/112/112 113/113/113 137/137/137
f 115/115/115 141/141/141 138/138/138
f 137/137/137 140/140/140 112/112/112
f 158/158/158 138/138/138 141/141/141
f 138/138/138 177/177/177 137/137/137
f 137/137/137 177/177/177 140/140/140
f 177/177/177 138/138/138 158/158/158
f 177/177/177 158/158/158 169/169/169
f 118/118/118 112/112/112 140/140/140
f 140/140/140 149/149/149 118/118/118
f 149/149/149 156/156/156 118/118/118
f 112/112/112 118/118/118 68/68/68
f 96/96/96 68/68/68 118/118/118
f 68/68/68 96/96/96 72/72/72
f 125/125/125 118/118/118 156/156/156
f 118/118/118 125/125/125 108/108/108
f 108/108/108 96/96/96 118/118/118
f 96/96/96 108/108/108 87/87/87
f 87/87/87 72/72/72 96/96/96
f 36/36/36 34/34/34 613/613/613
f 613/613/613 615/615/615 36/36/36
f 614/614/614 35/35/35 39/39/39
f 34/34/34 36/36/36 19/19/19
f 19/19/19 18/18/18 34/34/34
f 39/39/39 34/34/34 18/18/18
f 39/39/39 616/616/616 614/614/614
f 36/36/36 615/615/615 619/619/619
f 615/615/615 613/613/613 626/626/626
f 627/627/627 612/612/612 617/617/617
f 626/626/626 620/620/620 615/615/615
f 619/619/619 615/615/615 621/621/621
f 621/621/621 625/625/625 619/619/619
f 18/18/18 20/20/20 39/39/39
f 619/619/619 48/48/48 36/36/36
f 19/19/19 36/36/36 48/48/48
f 48/48/48 21/21/21 19/19/19
f 19/19/19 4/4/4 18/18/18
f 18/18/18 4/4/4 20/20/20
f 617/617/617 632/632/632 627/627/627
f 616/616/616 39/39/39 47/47/47
f 47/47/47 39/39/39 20/20/20
f 4/4/4 19/19/19 3/3/3
f 3/3/3 19/19/19 21/21/21
f 626/626/626 630/630/630 620/620/620
f 3/3/3 21/21/21 12/12/12
f 11/11/11 20/20/20 4/4/4
f 634/634/634 625/625/625 621/621/621
f 621/621/621 631/631/631 634/634/634
f 32/32/32 21/21/21 48/48/48
f 625/625/625 628/628/628 619/619/619
f 628/628/628 625/625/625 634/634/634
f 630/630/630 626/626/626 642/642/642
f 627/627/627 632/632/632 643/643/643
f 48/48/48 619/619/619 629/629/629
f 629/629/629 619/619/619 628/628/628
f 2/2/2 11/11/11 4/4/4
f 1/1/1 2/2/2 4/4/4
f 4/4/4 3/3/3 1/1/1
f 31/31/31 12/12/12 21/21/21
f 21/21/21 32/32/32 31/31/31
f 2/2/2 5/5/5 11/11/11
f 3/3/3 12/12/12 6/6/6
f 6/6/6 1/1/1 3/3/3
f 634/634/634 639/639/639 628/628/628
f 628/628/628 635/635/635 629/629/629
f 635/635/635 628/628/628 639/639/639
f 55/55/55 32/32/32 48/48/48
f 32/32/32 55/55/55 31/31/31
f 642/642/642 662/662/662 630/630/630
f 663/663/663 634/634/634 631/631/631
f 663/663/663 644/644/644 634/634/634
f 639/639/639 634/634/634 644/644/644
f 644/644/644 656/656/656 639/639/639
f 13/13/13 6/6/6 12/12/12
f 12/12/12 31/31/31 13/13/13
f 629/629/629 77/77/77 48/48/48
f 48/48/48 77/77/77 55/55/55
f 647/647/647 643/643/643 632/632/632
f 643/643/643 647/647/647 664/664/664
f 639/639/639 641/641/641 635/635/635
f 641/641/641 639/639/639 656/656/656
f 663/663/663 665/665/665 644/644/644
f 656/656/656 644/644/644 665/665/665
f 42/42/42 13/13/13 31/31/31
f 662/662/662 642/642/642 674/674/674
f 664/664/664 675/675/675 643/643/643
f 77/77/77 629/629/629 637/637/637
f 637/637/637 629/629/629 635/635/635
f 635/635/635 645/645/645 637/637/637
f 645/645/645 635/635/635 641/641/641
f 31/31/31 70/70/70 42/42/42
f 70/70/70 31/31/31 55/55/55
f 656/656/656 667/667/667 641/641/641
f 641/641/641 660/660/660 645/645/645
f 660/660/660 641/641/641 667/667/667
f 55/55/55 94/94/94 70/70/70
f 94/94/94 55/55/55 77/77/77
f 665/665/665 669/669/669 656/656/656
f 667/667/667 656/656/656 669/669/669
f 669/669/669 665/665/665 687/687/687
f 674/674/674 698/698/698 662/662/662
f 665/665/665 663/663/663 700/700/700
f 700/700/700 679/679/679 665/665/665
f 679/679/679 687/687/687 665/665/665
f 680/680/680 675/675/675 664/664/664
f 675/675/675 680/680/680 707/707/707
f 687/687/687 697/697/697 669/669/669
f 700/700/700 709/709/709 679/679/679
f 687/687/687 679/679/679 709/709/709
f 669/669/669 682/682/682 667/667/667
f 682/682/682 669/669/669 697/697/697
f 697/697/697 706/706/706 682/682/682
f 698/698/698 674/674/674 734/734/734
f 707/707/707 736/736/736 675/675/675
f 697/697/697 687/687/687 727/727/727
f 709/709/709 727/727/727 687/687/687
f 727/727/727 709/709/709 743/743/743
f 709/709/709 700/700/700 739/739/739
f 739/739/739 743/743/743 709/709/709
f 706/706/706 697/697/697 730/730/730
f 727/727/727 730/730/730 697/697/697
f 151/151/151 135/135/135 218/218/218
f 218/218/218 161/161/161 151/151/151
f 190/190/190 218/218/218 135/135/135
f 190/190/190 135/135/135 154/154/154
f 240/240/240 218/218/218 190/190/190
f 232/232/232 240/240/240 190/190/190
f 218/218/218 186/186/186 161/161/161
f 218/218/218 240/240/240 254/254/254
f 186/186/186 218/218/218 254/254/254
f 254/254/254 238/238/238 186/186/186
f 262/262/262 254/254/254 240/240/240
f 190/190/190 224/224/224 232/232/232
f 224/224/224 190/190/190 203/203/203
f 154/154/154 203/203/203 190/190/190
f 240/240/240 260/260/260 262/262/262
f 232/232/232 260/260/260 240/240/240
f 224/224/224 251/251/251 232/232/232
f 203/203/203 154/154/154 182/182/182
f 251/251/251 224/224/224 248/248/248
f 182/182/182 204/204/204 203/203/203
f 224/224/224 203/203/203 204/204/204
f 204/204/204 248/248/248 224/224/224
f 182/182/182 154/154/154 153/153/153
f 121/121/121 153/153/153 154/154/154
f 154/154/154 135/135/135 121/121/121
f 204/204/204 241/241/241 248/248/248
f 135/135/135 92/92/92 121/121/121
f 83/83/83 121/121/121 92/92/92
f 204/204/204 182/182/182 192/192/192
f 153/153/153 192/192/192 182/182/182
f 192/192/192 214/214/214 204/204/204
f 241/241/241 204/204/204 214/214/214
f 166/166/166 192/192/192 153/153/153
f 105/105/105 153/153/153 121/121/121
f 770/770/770 241/241/241 214/214/214
f 241/241/241 770/770/770 838/838/838
f 838/838/838 273/273/273 241/241/241
f 273/273/273 248/248/248 241/241/241
f 770/770/770 807/807/807 838/838/838
f 841/841/841 838/838/838 807/807/807
f 214/214/214 723/723/723 770/770/770
f 782/782/782 807/807/807 770/770/770
f 770/770/770 757/757/757 782/782/782
f 770/770/770 723/723/723 757/757/757
f 723/723/723 214/214/214 192/192/192
f 807/807/807 884/884/884 841/841/841
f 844/844/844 884/884/884 807/807/807
f 782/782/782 814/814/814 807/807/807
f 807/807/807 814/814/814 844/844/844
f 724/724/724 757/757/757 723/723/723
f 757/757/757 724/724/724 748/748/748
f 748/748/748 782/782/782 757/757/757
f 678/678/678 192/192/192 166/166/166
f 192/192/192 678/678/678 723/723/723
f 723/723/723 678/678/678 724/724/724
f 844/844/844 814/814/814 859/859/859
f 823/823/823 814/814/814 782/782/782
f 823/823/823 859/859/859 814/814/814
f 782/782/782 748/748/748 823/823/823
f 672/672/672 724/724/724 678/678/678
f 702/702/702 748/748/748 724/724/724
f 724/724/724 670/670/670 702/702/702
f 670/670/670 724/724/724 672/672/672
f 678/678/678 166/166/166 120/120/120
f 120/120/120 658/658/658 678/678/678
f 166/166/166 105/105/105 120/120/120
f 105/105/105 166/166/166 153/153/153
f 678/678/678 658/658/658 672/672/672
f 795/795/795 823/823/823 748/748/748
f 705/705/705 748/748/748 702/702/702
f 748/748/748 705/705/705 731/731/731
f 748/748/748 731/731/731 795/795/795
f 105/105/105 94/94/94 120/120/120
f 673/673/673 702/702/702 670/670/670
f 672/672/672 645/645/645 670/670/670
f 645/645/645 672/672/672 658/658/658
f 120/120/120 637/637/637 658/658/658
f 658/658/658 637/637/637 645/645/645
f 660/660/660 670/670/670 645/645/645
f 670/670/670 660/660/660 673/673/673
f 682/682/682 705/705/705 702/702/702
f 702/702/702 673/673/673 682/682/682
f 637/637/637 120/120/120 77/77/77
f 77/77/77 120/120/120 94/94/94
f 781/781/781 795/795/795 731/731/731
f 705/705/705 682/682/682 706/706/706
f 706/706/706 731/731/731 705/705/705
f 731/731/731 706/706/706 781/781/781
f 667/667/667 673/673/673 660/660/660
f 673/673/673 667/667/667 682/682/682
f 730/730/730 781/781/781 706/706/706
f 781/781/781 730/730/730 772/772/772
f 245/245/245 238/238/238 254/254/254
f 622/622/622 47/47/47 76/76/76
f 76/76/76 636/636/636 622/622/622
f 76/76/76 47/47/47 54/54/54
f 622/622/622 636/636/636 640/640/640
f 636/636/636 76/76/76 89/89/89
f 54/54/54 78/78/78 76/76/76
f 89/89/89 76/76/76 78/78/78
f 640/640/640 638/638/638 622/622/622
f 47/47/47 622/622/622 616/616/616
f 638/638/638 623/623/623 622/622/622
f 616/616/616 622/622/622 623/623/623
f 20/20/20 54/54/54 47/47/47
f 54/54/54 20/20/20 30/30/30
f 30/30/30 45/45/45 54/54/54
f 78/78/78 54/54/54 45/45/45
f 11/11/11 30/30/30 20/20/20
f 638/638/638 632/632/632 623/623/623
f 657/657/657 640/640/640 636/636/636
f 659/659/659 638/638/638 640/640/640
f 640/640/640 657/657/657 659/659/659
f 638/638/638 659/659/659 666/666/666
f 666/666/666 661/661/661 638/638/638
f 632/632/632 638/638/638 661/661/661
f 661/661/661 647/647/647 632/632/632
f 636/636/636 89/89/89 104/104/104
f 104/104/104 646/646/646 636/636/636
f 636/636/636 646/646/646 657/657/657
f 104/104/104 89/89/89 78/78/78
f 45/45/45 86/86/86 78/78/78
f 86/86/86 45/45/45 56/56/56
f 45/45/45 30/30/30 40/40/40
f 40/40/40 56/56/56 45/45/45
f 78/78/78 110/110/110 104/104/104
f 110/110/110 78/78/78 86/86/86
f 30/30/30 11/11/11 5/5/5
f 5/5/5 40/40/40 30/30/30
f 40/40/40 5/5/5 16/16/16
f 671/671/671 657/657/657 646/646/646
f 671/671/671 659/659/659 657/657/657
f 646/646/646 104/104/104 165/165/165
f 165/165/165 677/677/677 646/646/646
f 646/646/646 677/677/677 671/671/671
f 165/165/165 104/104/104 110/110/110
f 681/681/681 666/666/666 659/659/659
f 661/661/661 666/666/666 681/681/681
f 110/110/110 86/86/86 103/103/103
f 56/56/56 103/103/103 86/86/86
f 103/103/103 56/56/56 81/81/81
f 659/659/659 671/671/671 704/704/704
f 704/704/704 681/681/681 659/659/659
f 681/681/681 668/668/668 661/661/661
f 647/647/647 661/661/661 668/668/668
f 721/721/721 704/704/704 671/671/671
f 671/671/671 677/677/677 721/721/721
f 103/103/103 146/146/146 110/110/110
f 110/110/110 146/146/146 165/165/165
f 146/146/146 103/103/103 81/81/81
f 668/668/668 681/681/681 696/696/696
f 668/668/668 664/664/664 647/647/647
f 664/664/664 668/668/668 680/680/680
f 696/696/696 680/680/680 668/668/668
f 725/725/725 696/696/696 681/681/681
f 742/742/742 725/725/725 681/681/681
f 681/681/681 704/704/704 742/742/742
f 696/696/696 725/725/725 733/733/733
f 745/745/745 733/733/733 725/725/725
f 725/725/725 742/742/742 745/745/745
f 680/680/680 696/696/696 718/718/718
f 733/733/733 718/718/718 696/696/696
f 718/718/718 733/733/733 758/758/758
f 718/718/718 707/707/707 680/680/680
f 733/733/733 745/745/745 773/773/773
f 773/773/773 758/758/758 733/733/733
f 779/779/779 773/773/773 745/745/745
f 745/745/745 793/793/793 779/779/779
f 793/793/793 745/745/745 742/742/742
f 758/758/758 746/746/746 718/718/718
f 758/758/758 773/773/773 789/789/789
f 818/818/818 789/789/789 773/773/773
f 773/773/773 779/779/779 818/818/818
f 5236/5236/5236 5199/5199/5199 5198/5198/5198
f 5198/5198/5198 5207/5207/5207 5236/5236/5236
f 5182/5182/5182 5198/5198/5198 5199/5199/5199
f 5198/5198/5198 5182/5182/5182 5177/5177/5177
f 5207/5207/5207 5198/5198/5198 5177/5177/5177
f 5182/5182/5182 5154/5154/5154 5177/5177/5177
f 2531/2531/2531 2564/2564/2564 2449/2449/2449
f 2449/2449/2449 2479/2479/2479 2531/2531/2531
f 4678/4678/4678 4681/4681/4681 4728/4728/4728
f 4728/4728/4728 4715/4715/4715 4678/4678/4678
f 4715/4715/4715 4728/4728/4728 4753/4753/4753
f 4753/4753/4753 4750/4750/4750 4715/4715/4715
f 4728/4728/4728 4681/4681/4681 4700/4700/4700
f 4673/4673/4673 4678/4678/4678 4715/4715/4715
f 4750/4750/4750 4747/4747/4747 4715/4715/4715
f 4681/4681/4681 4683/4683/4683 4700/4700/4700
f 4663/4663/4663 4683/4683/4683 4681/4681/4681
f 4670/4670/4670 4673/4673/4673 4715/4715/4715
f 4715/4715/4715 4713/4713/4713 4670/4670/4670
f 4713/4713/4713 4715/4715/4715 4747/4747/4747
f 4747/4747/4747 4741/4741/4741 4713/4713/4713
f 4673/4673/4673 4670/4670/4670 4641/4641/4641
f 4704/4704/4704 4670/4670/4670 4713/4713/4713
f 4704/4704/4704 4713/4713/4713 4741/4741/4741
f 4670/4670/4670 4704/4704/4704 4641/4641/4641
f 4678/4678/4678 4673/4673/4673 4605/4605/4605
f 4641/4641/4641 4605/4605/4605 4673/4673/4673
f 4605/4605/4605 4606/4606/4606 4678/4678/4678
f 4681/4681/4681 4678/4678/4678 4606/4606/4606
f 4606/4606/4606 4663/4663/4663 4681/4681/4681
f 4663/4663/4663 4606/4606/4606 4608/4608/4608
f 4608/4608/4608 4610/4610/4610 4663/4663/4663
f 4649/4649/4649 4663/4663/4663 4610/4610/4610
f 4652/4652/4652 4641/4641/4641 4704/4704/4704
f 4704/4704/4704 4695/4695/4695 4652/4652/4652
f 4695/4695/4695 4704/4704/4704 4741/4741/4741
f 4572/4572/4572 4605/4605/4605 4641/4641/4641
f 4641/4641/4641 4652/4652/4652 4572/4572/4572
f 4581/4581/4581 4572/4572/4572 4652/4652/4652
f 4695/4695/4695 4676/4676/4676 4652/4652/4652
f 4676/4676/4676 4695/4695/4695 4741/4741/4741
f 4605/4605/4605 4537/4537/4537 4606/4606/4606
f 4608/4608/4608 4606/4606/4606 4537/4537/4537
f 4532/4532/4532 4537/4537/4537 4605/4605/4605
f 4605/4605/4605 4572/4572/4572 4532/4532/4532
f 4572/4572/4572 4581/4581/4581 4532/4532/4532
f 4537/4537/4537 4539/4539/4539 4608/4608/4608
f 4562/4562/4562 4608/4608/4608 4539/4539/4539
f 4608/4608/4608 4562/4562/4562 4610/4610/4610
f 4610/4610/4610 4562/4562/4562 4649/4649/4649
f 4646/4646/4646 4648/4648/4648 4561/4561/4561
f 4561/4561/4561 4578/4578/4578 4646/4646/4646
f 4609/4609/4609 4647/4647/4647 4579/4579/4579
f 4561/4561/4561 4540/4540/4540 4578/4578/4578
f 4579/4579/4579 4541/4541/4541 4609/4609/4609
f 4573/4573/4573 4609/4609/4609 4541/4541/4541
f 4609/4609/4609 4573/4573/4573 4645/4645/4645
f 4640/4640/4640 4645/4645/4645 4573/4573/4573
f 4573/4573/4573 4604/4604/4604 4640/4640/4640
f 4604/4604/4604 4573/4573/4573 4536/4536/4536
f 4541/4541/4541 4536/4536/4536 4573/4573/4573
f 4536/4536/4536 4541/4541/4541 4508/4508/4508
f 4539/4539/4539 4537/4537/4537 4506/4506/4506
f 4645/4645/4645 4640/4640/4640 4658/4658/4658
f 4658/4658/4658 4672/4672/4672 4645/4645/4645
f 4722/4722/4722 4727/4727/4727 4720/4720/4720
f 4744/4744/4744 4727/4727/4727 4722/4722/4722
f 4722/4722/4722 4742/4742/4742 4744/4744/4744
f 4744/4744/4744 4742/4742/4742 4754/4754/4754
f 4754/4754/4754 4756/4756/4756 4744/4744/4744
f 4766/4766/4766 4756/4756/4756 4754/4754/4754
f 4754/4754/4754 4764/4764/4764 4766/4766/4766
f 4745/4745/4745 4757/4757/4757 4753/4753/4753
f 4753/4753/4753 4757/4757/4757 4767/4767/4767
f 4745/4745/4745 4753/4753/4753 4728/4728/4728
f 4751/4751/4751 4755/4755/4755 4743/4743/4743
f 4765/4765/4765 4755/4755/4755 4751/4751/4751
f 4725/4725/4725 4751/4751/4751 4743/4743/4743
f 4720/4720/4720 4718/4718/4718 4722/4722/4722
f 4766/4766/4766 4764/4764/4764 4787/4787/4787
f 4787/4787/4787 4789/4789/4789 4766/4766/4766
f 4790/4790/4790 4753/4753/4753 4767/4767/4767
f 4777/4777/4777 4765/4765/4765 4751/4751/4751
f 4718/4718/4718 4720/4720/4720 4699/4699/4699
f 4699/4699/4699 4696/4696/4696 4718/4718/4718
f 4750/4750/4750 4753/4753/4753 4790/4790/4790
f 4660/4660/4660 4696/4696/4696 4699/4699/4699
f 4699/4699/4699 4682/4682/4682 4660/4660/4660
f 4698/4698/4698 4661/4661/4661 4680/4680/4680
f 4698/4698/4698 4680/4680/4680 4724/4724/4724
f 4716/4716/4716 4724/4724/4724 4680/4680/4680
f 4774/4774/4774 4724/4724/4724 4716/4716/4716
f 4680/4680/4680 4677/4677/4677 4716/4716/4716
f 4660/4660/4660 4682/4682/4682 4662/4662/4662
f 4774/4774/4774 4777/4777/4777 4724/4724/4724
f 4645/4645/4645 4680/4680/4680 4661/4661/4661
f 4677/4677/4677 4680/4680/4680 4645/4645/4645
f 4646/4646/4646 4660/4660/4660 4662/4662/4662
f 4661/4661/4661 4647/4647/4647 4645/4645/4645
f 4662/4662/4662 4648/4648/4648 4646/4646/4646
f 4609/4609/4609 4645/4645/4645 4647/4647/4647
f 4672/4672/4672 4677/4677/4677 4645/4645/4645
f 4677/4677/4677 4672/4672/4672 4774/4774/4774
f 4774/4774/4774 4716/4716/4716 4677/4677/4677
f 4712/4712/4712 4774/4774/4774 4672/4672/4672
f 4738/4738/4738 4774/4774/4774 4712/4712/4712
f 4774/4774/4774 4738/4738/4738 4769/4769/4769
f 4790/4790/4790 4829/4829/4829 4750/4750/4750
f 4747/4747/4747 4750/4750/4750 4829/4829/4829
f 4822/4822/4822 4813/4813/4813 4809/4809/4809
f 4806/4806/4806 4811/4811/4811 4790/4790/4790
f 4806/4806/4806 4815/4815/4815 4811/4811/4811
f 4811/4811/4811 4815/4815/4815 4824/4824/4824
f 4812/4812/4812 4814/4814/4814 4805/4805/4805
f 4805/4805/4805 4787/4787/4787 4812/4812/4812
f 4823/4823/4823 4814/4814/4814 4812/4812/4812
f 4787/4787/4787 4805/4805/4805 4793/4793/4793
f 4812/4812/4812 4821/4821/4821 4823/4823/4823
f 4809/4809/4809 4813/4813/4813 4788/4788/4788
f 4793/4793/4793 4789/4789/4789 4787/4787/4787
f 4823/4823/4823 4821/4821/4821 4833/4833/4833
f 4833/4833/4833 4837/4837/4837 4823/4823/4823
f 4824/4824/4824 4839/4839/4839 4811/4811/4811
f 4831/4831/4831 4835/4835/4835 4822/4822/4822
f 4809/4809/4809 4831/4831/4831 4822/4822/4822
f 4826/4826/4826 4831/4831/4831 4809/4809/4809
f 4809/4809/4809 4804/4804/4804 4826/4826/4826
f 4804/4804/4804 4809/4809/4809 4765/4765/4765
f 4765/4765/4765 4809/4809/4809 4788/4788/4788
f 4765/4765/4765 4777/4777/4777 4804/4804/4804
f 4800/4800/4800 4804/4804/4804 4777/4777/4777
f 4777/4777/4777 4774/4774/4774 4800/4800/4800
f 4421/4421/4421 4423/4423/4423 1010/1010/1010
f 1010/1010/1010 1007/1007/1007 4421/4421/4421
f 4422/4422/4422 1009/1009/1009 1006/1006/1006
f 1006/1006/1006 4418/4418/4418 4422/4422/4422
f 1010/1010/1010 4423/4423/4423 4419/4419/4419
f 1007/1007/1007 1010/1010/1010 932/932/932
f 4423/4423/4423 4421/4421/4421 4462/4462/4462
f 4463/4463/4463 4420/4420/4420 4418/4418/4418
f 4462/4462/4462 4476/4476/4476 4423/4423/4423
f 4419/4419/4419 4423/4423/4423 4477/4477/4477
f 4419/4419/4419 1005/1005/1005 1010/1010/1010
f 933/933/933 1010/1010/1010 1005/1005/1005
f 932/932/932 907/907/907 1007/1007/1007
f 1006/1006/1006 1008/1008/1008 908/908/908
f 1005/1005/1005 922/922/922 933/933/933
f 908/908/908 921/921/921 1006/1006/1006
f 4477/4477/4477 4475/4475/4475 4419/4419/4419
f 4418/4418/4418 4474/4474/4474 4463/4463/4463
f 907/907/907 932/932/932 877/877/877
f 878/878/878 933/933/933 922/922/922
f 1005/1005/1005 4419/4419/4419 4417/4417/4417
f 4417/4417/4417 4419/4419/4419 4475/4475/4475
f 1006/1006/1006 4416/4416/4416 4418/4418/4418
f 4416/4416/4416 1006/1006/1006 1004/1004/1004
f 4418/4418/4418 4416/4416/4416 4474/4474/4474
f 1004/1004/1004 1006/1006/1006 921/921/921
f 4462/4462/4462 4510/4510/4510 4476/4476/4476
f 4511/4511/4511 4463/4463/4463 4474/4474/4474
f 4511/4511/4511 4474/4474/4474 4508/4508/4508
f 878/878/878 922/922/922 880/880/880
f 879/879/879 921/921/921 908/908/908
f 873/873/873 907/907/907 877/877/877
f 908/908/908 874/874/874 879/879/879
f 921/921/921 923/923/923 1004/1004/1004
f 923/923/923 921/921/921 879/879/879
f 4472/4472/4472 4474/4474/4474 4416/4416/4416
f 4475/4475/4475 4473/4473/4473 4417/4417/4417
f 4417/4417/4417 1003/1003/1003 1005/1005/1005
f 1005/1005/1005 1003/1003/1003 922/922/922
f 924/924/924 922/922/922 1003/1003/1003
f 881/881/881 880/880/880 922/922/922
f 922/922/922 924/924/924 881/881/881
f 4473/4473/4473 4475/4475/4475 4506/4506/4506
f 4477/4477/4477 4506/4506/4506 4475/4475/4475
f 4506/4506/4506 4477/4477/4477 4539/4539/4539
f 878/878/878 880/880/880 845/845/845
f 4477/4477/4477 4562/4562/4562 4539/4539/4539
f 4540/4540/4540 4561/4561/4561 4476/4476/4476
f 4476/4476/4476 4510/4510/4510 4540/4540/4540
f 4511/4511/4511 4508/4508/4508 4541/4541/4541
f 846/846/846 879/879/879 874/874/874
f 4504/4504/4504 4508/4508/4508 4474/4474/4474
f 4474/4474/4474 4472/4472/4472 4504/4504/4504
f 879/879/879 885/885/885 923/923/923
f 885/885/885 879/879/879 846/846/846
f 846/846/846 847/847/847 885/885/885
f 1004/1004/1004 4415/4415/4415 4416/4416/4416
f 4416/4416/4416 4415/4415/4415 4472/4472/4472
f 4471/4471/4471 4472/4472/4472 4415/4415/4415
f 4472/4472/4472 4471/4471/4471 4504/4504/4504
f 4415/4415/4415 1004/1004/1004 1002/1002/1002
f 1002/1002/1002 1004/1004/1004 923/923/923
f 923/923/923 925/925/925 1002/1002/1002
f 925/925/925 923/923/923 885/885/885
f 4506/4506/4506 4505/4505/4505 4473/4473/4473
f 873/873/873 877/877/877 810/810/810
f 811/811/811 878/878/878 845/845/845
f 4508/4508/4508 4504/4504/4504 4536/4536/4536
f 810/810/810 808/808/808 873/873/873
f 846/846/846 874/874/874 809/809/809
f 1003/1003/1003 4417/4417/4417 4414/4414/4414
f 4414/4414/4414 4417/4417/4417 4473/4473/4473
f 4473/4473/4473 4470/4470/4470 4414/4414/4414
f 4470/4470/4470 4473/4473/4473 4505/4505/4505
f 851/851/851 845/845/845 880/880/880
f 880/880/880 881/881/881 851/851/851
f 4505/4505/4505 4506/4506/4506 4537/4537/4537
f 885/885/885 886/886/886 925/925/925
f 886/886/886 885/885/885 847/847/847
f 4414/4414/4414 1001/1001/1001 1003/1003/1003
f 1003/1003/1003 1001/1001/1001 924/924/924
f 927/927/927 924/924/924 1001/1001/1001
f 809/809/809 812/812/812 846/846/846
f 847/847/847 846/846/846 812/812/812
f 853/853/853 851/851/851 881/881/881
f 881/881/881 894/894/894 853/853/853
f 894/894/894 881/881/881 924/924/924
f 924/924/924 927/927/927 894/894/894
f 845/845/845 813/813/813 811/811/811
f 816/816/816 813/813/813 845/845/845
f 845/845/845 851/851/851 816/816/816
f 4468/4468/4468 4471/4471/4471 4415/4415/4415
f 4537/4537/4537 4532/4532/4532 4505/4505/4505
f 812/812/812 815/815/815 847/847/847
f 4530/4530/4530 4536/4536/4536 4504/4504/4504
f 4502/4502/4502 4505/4505/4505 4532/4532/4532
f 4505/4505/4505 4502/4502/4502 4470/4470/4470
f 854/854/854 847/847/847 815/815/815
f 847/847/847 854/854/854 886/886/886
f 815/815/815 820/820/820 854/854/854
f 4504/4504/4504 4500/4500/4500 4530/4530/4530
f 4500/4500/4500 4504/4504/4504 4471/4471/4471
f 4471/4471/4471 4468/4468/4468 4500/4500/4500
f 928/928/928 925/925/925 886/886/886
f 925/925/925 928/928/928 998/998/998
f 998/998/998 1002/1002/1002 925/925/925
f 810/810/810 774/774/774 808/808/808
f 811/811/811 813/813/813 777/777/777
f 777/777/777 775/775/775 811/811/811
f 813/813/813 816/816/816 777/777/777
f 4415/4415/4415 1002/1002/1002 998/998/998
f 998/998/998 4411/4411/4411 4415/4415/4415
f 4415/4415/4415 4411/4411/4411 4468/4468/4468
f 825/825/825 816/816/816 851/851/851
f 851/851/851 853/853/853 825/825/825
f 815/815/815 812/812/812 776/776/776
f 737/737/737 776/776/776 812/812/812
f 737/737/737 812/812/812 809/809/809
f 774/774/774 735/735/735 808/808/808
f 897/897/897 886/886/886 854/854/854
f 886/886/886 897/897/897 928/928/928
f 856/856/856 853/853/853 894/894/894
f 816/816/816 825/825/825 786/786/786
f 786/786/786 777/777/777 816/816/816
f 820/820/820 815/815/815 784/784/784
f 776/776/776 784/784/784 815/815/815
f 854/854/854 857/857/857 897/897/897
f 777/777/777 786/786/786 744/744/744
f 776/776/776 737/737/737 738/738/738
f 784/784/784 776/776/776 738/738/738
f 738/738/738 747/747/747 784/784/784
f 777/777/777 740/740/740 775/775/775
f 744/744/744 740/740/740 777/777/777
f 820/820/820 834/834/834 854/854/854
f 857/857/857 854/854/854 834/834/834
f 834/834/834 820/820/820 784/784/784
f 784/784/784 790/790/790 834/834/834
f 928/928/928 930/930/930 998/998/998
f 930/930/930 928/928/928 897/897/897
f 788/788/788 786/786/786 825/825/825
f 4464/4464/4464 4468/4468/4468 4411/4411/4411
f 735/735/735 774/774/774 699/699/699
f 701/701/701 775/775/775 740/740/740
f 4468/4468/4468 4464/4464/4464 4524/4524/4524
f 4524/4524/4524 4500/4500/4500 4468/4468/4468
f 998/998/998 4409/4409/4409 4411/4411/4411
f 4411/4411/4411 4409/4409/4409 4464/4464/4464
f 708/708/708 738/738/738 737/737/737
f 747/747/747 738/738/738 708/708/708
f 708/708/708 719/719/719 747/747/747
f 790/790/790 784/784/784 759/759/759
f 747/747/747 759/759/759 784/784/784
f 4409/4409/4409 998/998/998 996/996/996
f 996/996/996 998/998/998 930/930/930
f 761/761/761 744/744/744 786/786/786
f 744/744/744 761/761/761 728/728/728
f 897/897/897 872/872/872 930/930/930
f 996/996/996 930/930/930 872/872/872
f 872/872/872 897/897/897 857/857/857
f 4487/4487/4487 4524/4524/4524 4464/4464/4464
f 4487/4487/4487 4464/4464/4464 4409/4409/4409
f 834/834/834 819/819/819 857/857/857
f 872/872/872 857/857/857 819/819/819
f 819/819/819 834/834/834 790/790/790
f 819/819/819 849/849/849 872/872/872
f 4829/4829/4829 4790/4790/4790 4811/4811/4811
f 5711/5711/5711 5717/5717/5717 5750/5750/5750
f 5750/5750/5750 5717/5717/5717 5729/5729/5729
f 5677/5677/5677 5691/5691/5691 5750/5750/5750
f 5750/5750/5750 5691/5691/5691 5711/5711/5711
f 5273/5273/5273 5296/5296/5296 5285/5285/5285
f 5285/5285/5285 5280/5280/5280 5273/5273/5273
f 5245/5245/5245 5325/5325/5325 5258/5258/5258
f 5291/5291/5291 5258/5258/5258 5325/5325/5325
f 5237/5237/5237 5183/5183/5183 5200/5200/5200
f 99/99/99 64/64/64 114/114/114
f 2639/2639/2639 2632/2632/2632 2636/2636/2636
f 2552/2552/2552 2549/2549/2549 2538/2538/2538
f 2601/2601/2601 2597/2597/2597 2595/2595/2595
f 27/27/27 52/52/52 67/67/67
f 5726/5726/5726 5715/5715/5715 5744/5744/5744
f 5744/5744/5744 5715/5715/5715 5709/5709/5709
f 2575/2575/2575 2563/2563/2563 2568/2568/2568
f 194/194/194 216/216/216 208/208/208
f 4732/4732/4732 4692/4692/4692 4709/4709/4709
f 5259/5259/5259 5239/5239/5239 5209/5209/5209
f 5527/5527/5527 5482/5482/5482 5450/5450/5450
f 5193/5193/5193 5186/5186/5186 5169/5169/5169
f 244/244/244 228/228/228 235/235/235
f 2941/2941/2941 2944/2944/2944 2938/2938/2938
f 2794/2794/2794 2816/2816/2816 2773/2773/2773
f 180/180/180 171/171/171 160/160/160
f 5434/5434/5434 5422/5422/5422 5390/5390/5390
f 2893/2893/2893 2903/2903/2903 2916/2916/2916
f 4791/4791/4791 4794/4794/4794 4807/4807/4807
f 5735/5735/5735 5753/5753/5753 5741/5741/5741
f 2720/2720/2720 2757/2757/2757 2771/2771/2771
f 2774/2774/2774 2759/2759/2759 2722/2722/2722
f 4723/4723/4723 4719/4719/4719 4697/4697/4697
f 4701/4701/4701 4721/4721/4721 4729/4729/4729
f 5577/5577/5577 5570/5570/5570 5540/5540/5540
f 4752/4752/4752 4726/4726/4726 4778/4778/4778
f 5262/5262/5262 5334/5334/5334 5300/5300/5300
f 4584/4584/4584 4597/4597/4597 4603/4603/4603
f 5389/5389/5389 5359/5359/5359 5433/5433/5433
f 5389/5389/5389 5364/5364/5364 5359/5359/5359
f 5359/5359/5359 5354/5354/5354 5433/5433/5433
f 5407/5407/5407 5433/5433/5433 5354/5354/5354
f 5354/5354/5354 5344/5344/5344 5407/5407/5407
f 5433/5433/5433 5407/5407/5407 5395/5395/5395
f 5395/5395/5395 5407/5407/5407 5344/5344/5344
f 5395/5395/5395 5469/5469/5469 5433/5433/5433
f 5469/5469/5469 5395/5395/5395 5506/5506/5506
f 5506/5506/5506 5516/5516/5516 5469/5469/5469
f 5469/5469/5469 5516/5516/5516 5495/5495/5495
f 5516/5516/5516 5521/5521/5521 5495/5495/5495
f 5494/5494/5494 5520/5520/5520 5518/5518/5518
f 5518/5518/5518 5492/5492/5492 5494/5494/5494
f 5493/5493/5493 5519/5519/5519 5513/5513/5513
f 5567/5567/5567 5513/5513/5513 5519/5519/5519
f 5567/5567/5567 5519/5519/5519 5575/5575/5575
f 5567/5567/5567 5575/5575/5575 5603/5603/5603
f 5604/5604/5604 5602/5602/5602 5574/5574/5574
f 5603/5603/5603 5616/5616/5616 5567/5567/5567
f 5615/5615/5615 5602/5602/5602 5604/5604/5604
f 5604/5604/5604 5617/5617/5617 5615/5615/5615
f 5615/5615/5615 5617/5617/5617 5640/5640/5640
f 5576/5576/5576 5574/5574/5574 5518/5518/5518
f 5574/5574/5574 5576/5576/5576 5604/5604/5604
f 5495/5495/5495 5473/5473/5473 5469/5469/5469
f 5541/5541/5541 5521/5521/5521 5516/5516/5516
f 5518/5518/5518 5520/5520/5520 5539/5539/5539
f 5494/5494/5494 5492/5492/5492 5470/5470/5470
f 5513/5513/5513 5471/5471/5471 5493/5493/5493
f 5470/5470/5470 5472/5472/5472 5494/5494/5494
f 5506/5506/5506 5395/5395/5395 5551/5551/5551
f 5537/5537/5537 5551/5551/5551 5395/5395/5395
f 5437/5437/5437 5537/5537/5537 5395/5395/5395
f 5516/5516/5516 5506/5506/5506 5563/5563/5563
f 5551/5551/5551 5563/5563/5563 5506/5506/5506
f 5395/5395/5395 5381/5381/5381 5437/5437/5437
f 5518/5518/5518 5569/5569/5569 5576/5576/5576
f 5539/5539/5539 5569/5569/5569 5518/5518/5518
f 5469/5469/5469 5467/5467/5467 5433/5433/5433
f 5469/5469/5469 5473/5473/5473 5467/5467/5467
f 5466/5466/5466 5472/5472/5472 5470/5470/5470
f 5567/5567/5567 5616/5616/5616 5639/5639/5639
f 5640/5640/5640 5638/5638/5638 5615/5615/5615
f 5640/5640/5640 5661/5661/5661 5638/5638/5638
f 5638/5638/5638 5661/5661/5661 5669/5669/5669
f 5669/5669/5669 5666/5666/5666 5638/5638/5638
f 5666/5666/5666 5669/5669/5669 5705/5705/5705
f 5683/5683/5683 5706/5706/5706 5670/5670/5670
f 5721/5721/5721 5706/5706/5706 5683/5683/5683
f 5683/5683/5683 5724/5724/5724 5721/5721/5721
f 5703/5703/5703 5705/5705/5705 5720/5720/5720
f 5720/5720/5720 5718/5718/5718 5703/5703/5703
f 5694/5694/5694 5704/5704/5704 5719/5719/5719
f 5719/5719/5719 5722/5722/5722 5694/5694/5694
f 5681/5681/5681 5694/5694/5694 5722/5722/5722
f 5694/5694/5694 5681/5681/5681 5646/5646/5646
f 5730/5730/5730 5718/5718/5718 5720/5720/5720
f 5719/5719/5719 5731/5731/5731 5722/5722/5722
f 5724/5724/5724 5733/5733/5733 5721/5721/5721
f 5720/5720/5720 5732/5732/5732 5730/5730/5730
f 5670/5670/5670 5659/5659/5659 5683/5683/5683
f 5712/5712/5712 5724/5724/5724 5683/5683/5683
f 5724/5724/5724 5712/5712/5712 5749/5749/5749
f 5693/5693/5693 5749/5749/5749 5712/5712/5712
f 5712/5712/5712 5686/5686/5686 5693/5693/5693
f 5693/5693/5693 5686/5686/5686 5651/5651/5651
f 5749/5749/5749 5693/5693/5693 5679/5679/5679
f 5651/5651/5651 5679/5679/5679 5693/5693/5693
f 5619/5619/5619 5651/5651/5651 5686/5686/5686
f 5686/5686/5686 5627/5627/5627 5619/5619/5619
f 5619/5619/5619 5627/5627/5627 5571/5571/5571
f 5544/5544/5544 5571/5571/5571 5627/5627/5627
f 5627/5627/5627 5558/5558/5558 5544/5544/5544
f 5558/5558/5558 5627/5627/5627 5593/5593/5593
f 5593/5593/5593 5566/5566/5566 5558/5558/5558
f 5566/5566/5566 5593/5593/5593 5560/5560/5560
f 5525/5525/5525 5558/5558/5558 5566/5566/5566
f 5525/5525/5525 5566/5566/5566 5560/5560/5560
f 5571/5571/5571 5544/5544/5544 5480/5480/5480
f 5480/5480/5480 5547/5547/5547 5571/5571/5571
f 4798/4798/4798 5547/5547/5547 5480/5480/5480
f 4798/4798/4798 5573/5573/5573 5547/5547/5547
f 4798/4798/4798 5590/5590/5590 5573/5573/5573
f 5590/5590/5590 4798/4798/4798 4842/4842/4842
f 4842/4842/4842 5614/5614/5614 5590/5590/5590
f 5590/5590/5590 5614/5614/5614 5653/5653/5653
f 5614/5614/5614 4842/4842/4842 4844/4844/4844
f 4844/4844/4844 4842/4842/4842 4820/4820/4820
f 4844/4844/4844 5631/5631/5631 5614/5614/5614
f 5631/5631/5631 4844/4844/4844 4845/4845/4845
f 4845/4845/4845 5637/5637/5637 5631/5631/5631
f 5637/5637/5637 4845/4845/4845 4849/4849/4849
f 4849/4849/4849 5645/5645/5645 5637/5637/5637
f 5642/5642/5642 5645/5645/5645 4849/4849/4849
f 5645/5645/5645 5642/5642/5642 5672/5672/5672
f 5673/5673/5673 5643/5643/5643 5629/5629/5629
f 4849/4849/4849 4846/4846/4846 5642/5642/5642
f 4843/4843/4843 5629/5629/5629 5644/5644/5644
f 5644/5644/5644 4848/4848/4848 4843/4843/4843
f 4843/4843/4843 5613/5613/5613 5629/5629/5629
f 5629/5629/5629 5613/5613/5613 5622/5622/5622
f 5629/5629/5629 5680/5680/5680 5673/5673/5673
f 4838/4838/4838 4849/4849/4849 4845/4845/4845
f 4846/4846/4846 4849/4849/4849 4836/4836/4836
f 5480/5480/5480 4775/4775/4775 4798/4798/4798
f 4775/4775/4775 5480/5480/5480 5462/5462/5462
f 5462/5462/5462 4763/4763/4763 4775/4775/4775
f 4763/4763/4763 5462/5462/5462 5427/5427/5427
f 5427/5427/5427 4717/4717/4717 4763/4763/4763
f 4717/4717/4717 5427/5427/5427 5394/5394/5394
f 4717/4717/4717 5394/5394/5394 5352/5352/5352
f 5352/5352/5352 4669/4669/4669 4717/4717/4717
f 4717/4717/4717 4669/4669/4669 4679/4679/4679
f 4638/4638/4638 4679/4679/4679 4669/4669/4669
f 4638/4638/4638 4611/4611/4611 4679/4679/4679
f 4669/4669/4669 4644/4644/4644 4638/4638/4638
f 4627/4627/4627 4638/4638/4638 4644/4644/4644
f 4544/4544/4544 4638/4638/4638 4627/4627/4627
f 4679/4679/4679 4706/4706/4706 4717/4717/4717
f 4706/4706/4706 4679/4679/4679 4611/4611/4611
f 4669/4669/4669 5352/5352/5352 5277/5277/5277
f 5277/5277/5277 4644/4644/4644 4669/4669/4669
f 5427/5427/5427 5404/5404/5404 5394/5394/5394
f 5352/5352/5352 5394/5394/5394 5404/5404/5404
f 5613/5613/5613 4843/4843/4843 4818/4818/4818
f 5637/5637/5637 5645/5645/5645 5676/5676/5676
f 5672/5672/5672 5674/5674/5674 5645/5645/5645
f 5680/5680/5680 5689/5689/5689 5673/5673/5673
f 5674/5674/5674 5672/5672/5672 5688/5688/5688
f 5688/5688/5688 5690/5690/5690 5674/5674/5674
f 5710/5710/5710 5690/5690/5690 5688/5688/5688
f 4820/4820/4820 4828/4828/4828 4844/4844/4844
f 4845/4845/4845 4844/4844/4844 4828/4828/4828
f 4818/4818/4818 4843/4843/4843 4819/4819/4819
f 4819/4819/4819 4816/4816/4816 4818/4818/4818
f 4816/4816/4816 4801/4801/4801 4818/4818/4818
f 4816/4816/4816 4792/4792/4792 4801/4801/4801
f 4792/4792/4792 4772/4772/4772 4801/4801/4801
f 4776/4776/4776 4801/4801/4801 4772/4772/4772
f 4772/4772/4772 4759/4759/4759 4776/4776/4776
f 4759/4759/4759 4772/4772/4772 4748/4748/4748
f 4762/4762/4762 4776/4776/4776 4759/4759/4759
f 4801/4801/4801 4776/4776/4776 4797/4797/4797
f 4762/4762/4762 4797/4797/4797 4776/4776/4776
f 4792/4792/4792 4816/4816/4816 4768/4768/4768
f 4772/4772/4772 4792/4792/4792 4768/4768/4768
f 4768/4768/4768 4748/4748/4748 4772/4772/4772
f 4842/4842/4842 4798/4798/4798 4817/4817/4817
f 4817/4817/4817 4820/4820/4820 4842/4842/4842
f 5613/5613/5613 5589/5589/5589 5622/5622/5622
f 4818/4818/4818 5589/5589/5589 5613/5613/5613
f 4818/4818/4818 5572/5572/5572 5589/5589/5589
f 4816/4816/4816 4819/4819/4819 4799/4799/4799
f 4803/4803/4803 4799/4799/4799 4819/4819/4819
f 4825/4825/4825 4819/4819/4819 4843/4843/4843
f 4819/4819/4819 4825/4825/4825 4803/4803/4803
f 5651/5651/5651 5619/5619/5619 5596/5596/5596
f 5571/5571/5571 5596/5596/5596 5619/5619/5619
f 5596/5596/5596 5571/5571/5571 5547/5547/5547
f 5547/5547/5547 5573/5573/5573 5596/5596/5596
f 5622/5622/5622 5664/5664/5664 5629/5629/5629
f 5664/5664/5664 5680/5680/5680 5629/5629/5629
f 5705/5705/5705 5700/5700/5700 5666/5666/5666
f 5703/5703/5703 5700/5700/5700 5705/5705/5705
f 5701/5701/5701 5704/5704/5704 5694/5694/5694
f 4577/4577/4577 4611/4611/4611 4638/4638/4638
f 4544/4544/4544 4577/4577/4577 4638/4638/4638
f 4577/4577/4577 4636/4636/4636 4611/4611/4611
f 5708/5708/5708 5689/5689/5689 5680/5680/5680
f 5688/5688/5688 5707/5707/5707 5710/5710/5710
f 5710/5710/5710 5707/5707/5707 5714/5714/5714
f 5714/5714/5714 5716/5716/5716 5710/5710/5710
f 5727/5727/5727 5716/5716/5716 5714/5714/5714
f 5714/5714/5714 5725/5725/5725 5727/5727/5727
f 5722/5722/5722 5731/5731/5731 5736/5736/5736
f 5738/5738/5738 5733/5733/5733 5724/5724/5724
f 5730/5730/5730 5732/5732/5732 5737/5737/5737
f 5738/5738/5738 5724/5724/5724 5749/5749/5749
f 5737/5737/5737 5734/5734/5734 5730/5730/5730
f 5655/5655/5655 5567/5567/5567 5639/5639/5639
f 5655/5655/5655 5639/5639/5639 5667/5667/5667
f 5646/5646/5646 5656/5656/5656 5694/5694/5694
f 5404/5404/5404 5427/5427/5427 5448/5448/5448
f 5479/5479/5479 5448/5448/5448 5427/5427/5427
f 5448/5448/5448 5479/5479/5479 5488/5488/5488
f 5488/5488/5488 5457/5457/5457 5448/5448/5448
f 4845/4845/4845 4810/4810/4810 4838/4838/4838
f 4828/4828/4828 4810/4810/4810 4845/4845/4845
f 5560/5560/5560 5529/5529/5529 5525/5525/5525
f 4802/4802/4802 4817/4817/4817 4798/4798/4798
f 4795/4795/4795 4802/4802/4802 4798/4798/4798
f 4795/4795/4795 4798/4798/4798 4733/4733/4733
f 4693/4693/4693 4733/4733/4733 4798/4798/4798
f 4802/4802/4802 4795/4795/4795 4740/4740/4740
f 4733/4733/4733 4740/4740/4740 4795/4795/4795
f 5664/5664/5664 5622/5622/5622 5649/5649/5649
f 5625/5625/5625 5649/5649/5649 5622/5622/5622
f 5595/5595/5595 5622/5622/5622 5589/5589/5589
f 5589/5589/5589 5572/5572/5572 5595/5595/5595
f 5622/5622/5622 5595/5595/5595 5625/5625/5625
f 4808/4808/4808 4818/4818/4818 4801/4801/4801
f 4797/4797/4797 4808/4808/4808 4801/4801/4801
f 5572/5572/5572 4818/4818/4818 4808/4808/4808
f 4830/4830/4830 4825/4825/4825 4843/4843/4843
f 5679/5679/5679 5698/5698/5698 5749/5749/5749
f 5699/5699/5699 5653/5653/5653 5614/5614/5614
f 5614/5614/5614 5631/5631/5631 5699/5699/5699
f 5680/5680/5680 5664/5664/5664 5743/5743/5743
f 5708/5708/5708 5680/5680/5680 5743/5743/5743
f 5727/5727/5727 5725/5725/5725 5739/5739/5739
f 5742/5742/5742 5722/5722/5722 5736/5736/5736
f 4796/4796/4796 4828/4828/4828 4820/4820/4820
f 4820/4820/4820 4817/4817/4817 4796/4796/4796
f 4817/4817/4817 4802/4802/4802 4796/4796/4796
f 4740/4740/4740 4796/4796/4796 4802/4802/4802
f 4773/4773/4773 4768/4768/4768 4816/4816/4816
f 4816/4816/4816 4799/4799/4799 4773/4773/4773
f 5510/5510/5510 4797/4797/4797 4762/4762/4762
f 4762/4762/4762 5461/5461/5461 5510/5510/5510
f 4762/4762/4762 5393/5393/5393 5461/5461/5461
f 5454/5454/5454 5510/5510/5510 5461/5461/5461
f 5461/5461/5461 5393/5393/5393 5454/5454/5454
f 5555/5555/5555 5625/5625/5625 5595/5595/5595
f 5625/5625/5625 5555/5555/5555 5591/5591/5591
f 4748/4748/4748 4768/4768/4768 4736/4736/4736
f 5503/5503/5503 5544/5544/5544 5558/5558/5558
f 5558/5558/5558 5525/5525/5525 5503/5503/5503
f 5544/5544/5544 5503/5503/5503 5480/5480/5480
f 5462/5462/5462 5480/5480/5480 5503/5503/5503
f 5427/5427/5427 5462/5462/5462 5503/5503/5503
f 5427/5427/5427 5503/5503/5503 5479/5479/5479
f 4714/4714/4714 4798/4798/4798 4775/4775/4775
f 4775/4775/4775 4763/4763/4763 4714/4714/4714
f 4763/4763/4763 4717/4717/4717 4714/4714/4714
f 4706/4706/4706 4714/4714/4714 4717/4717/4717
f 4611/4611/4611 4714/4714/4714 4706/4706/4706
f 4714/4714/4714 4611/4611/4611 4636/4636/4636
f 4798/4798/4798 4714/4714/4714 4693/4693/4693
f 4733/4733/4733 4675/4675/4675 4740/4740/4740
f 4675/4675/4675 4733/4733/4733 4668/4668/4668
f 4668/4668/4668 4651/4651/4651 4675/4675/4675
f 4828/4828/4828 4796/4796/4796 4771/4771/4771
f 4740/4740/4740 4771/4771/4771 4796/4796/4796
f 5428/5428/5428 5431/5431/5431 5466/5466/5466
f 5679/5679/5679 5651/5651/5651 5624/5624/5624
f 5573/5573/5573 5590/5590/5590 5624/5624/5624
f 5653/5653/5653 5624/5624/5624 5590/5590/5590
f 5596/5596/5596 5624/5624/5624 5651/5651/5651
f 5624/5624/5624 5596/5596/5596 5573/5573/5573
f 5545/5545/5545 5595/5595/5595 5572/5572/5572
f 5545/5545/5545 4808/4808/4808 4797/4797/4797
f 4808/4808/4808 5545/5545/5545 5572/5572/5572
f 4797/4797/4797 5510/5510/5510 5545/5545/5545
f 5595/5595/5595 5545/5545/5545 5555/5555/5555
f 5464/5464/5464 5471/5471/5471 5513/5513/5513
f 5470/5470/5470 5463/5463/5463 5466/5466/5466
f 5466/5466/5466 5463/5463/5463 5428/5428/5428
f 4636/4636/4636 4655/4655/4655 4714/4714/4714
f 4655/4655/4655 4693/4693/4693 4714/4714/4714
f 4733/4733/4733 4655/4655/4655 4668/4668/4668
f 4710/4710/4710 4693/4693/4693 4655/4655/4655
f 4655/4655/4655 4733/4733/4733 4710/4710/4710
f 5597/5597/5597 5567/5567/5567 5655/5655/5655
f 5737/5737/5737 5746/5746/5746 5751/5751/5751
f 5751/5751/5751 5734/5734/5734 5737/5737/5737
f 5578/5578/5578 5611/5611/5611 5605/5605/5605
f 5599/5599/5599 5611/5611/5611 5578/5578/5578
f 4655/4655/4655 4636/4636/4636 4615/4615/4615
f 4615/4615/4615 4668/4668/4668 4655/4655/4655
f 4668/4668/4668 4615/4615/4615 4560/4560/4560
f 4586/4586/4586 4560/4560/4560 4615/4615/4615
f 4843/4843/4843 4847/4847/4847 4841/4841/4841
f 4836/4836/4836 4840/4840/4840 4846/4846/4846
f 4841/4841/4841 4830/4830/4830 4843/4843/4843
f 4832/4832/4832 4840/4840/4840 4836/4836/4836
f 4841/4841/4841 4834/4834/4834 4830/4830/4830
f 5429/5429/5429 5421/5421/5421 5432/5432/5432
f 5388/5388/5388 5421/5421/5421 5429/5429/5429
f 5429/5429/5429 5384/5384/5384 5388/5388/5388
f 5386/5386/5386 5430/5430/5430 5410/5410/5410
f 5515/5515/5515 5410/5410/5410 5430/5430/5430
f 5430/5430/5430 5465/5465/5465 5515/5515/5515
f 5515/5515/5515 5406/5406/5406 5410/5410/5410
f 5515/5515/5515 5505/5505/5505 5406/5406/5406
f 5459/5459/5459 5406/5406/5406 5505/5505/5505
f 5505/5505/5505 5499/5499/5499 5459/5459/5459
f 5668/5668/5668 5702/5702/5702 5695/5695/5695
f 5695/5695/5695 5658/5658/5658 5668/5668/5668
f 5747/5747/5747 5740/5740/5740 5752/5752/5752
f 5740/5740/5740 5747/5747/5747 5728/5728/5728
f 5542/5542/5542 5517/5517/5517 5579/5579/5579
f 5565/5565/5565 5579/5579/5579 5517/5517/5517
f 5579/5579/5579 5565/5565/5565 5601/5601/5601
f 5630/5630/5630 5636/5636/5636 5748/5748/5748
f 5675/5675/5675 5748/5748/5748 5636/5636/5636
f 5748/5748/5748 5697/5697/5697 5630/5630/5630
f 5696/5696/5696 5678/5678/5678 5652/5652/5652
f 5623/5623/5623 5652/5652/5652 5678/5678/5678
f 4770/4770/4770 4739/4739/4739 4827/4827/4827
f 4827/4827/4827 4739/4739/4739 4746/4746/4746
f 5524/5524/5524 5478/5478/5478 5502/5502/5502
f 5524/5524/5524 5487/5487/5487 5478/5478/5478
f 5487/5487/5487 5524/5524/5524 5528/5528/5528
f 5528/5528/5528 5484/5484/5484 5487/5487/5487
f 5546/5546/5546 5512/5512/5512 5543/5543/5543
f 5546/5546/5546 5543/5543/5543 5557/5557/5557
f 5501/5501/5501 5543/5543/5543 5512/5512/5512
f 5523/5523/5523 5557/5557/5557 5543/5543/5543
f 5543/5543/5543 5501/5501/5501 5523/5523/5523
#6536 polygons

