# https://github.com/mikedh/trimesh
v -0.02466815 -0.00437939 -0.00393652
v -0.02466815 -0.00437939 0.00393652
v -0.02466234 -0.00437939 -0.00406155
v -0.02465267 -0.00443870 -0.00406155
v -0.02463331 -0.00454941 -0.00406155
v -0.02458685 -0.00481431 -0.00406155
v -0.02459072 -0.00481431 -0.00393652
v -0.02463331 -0.00454941 0.00406155
v -0.02465267 -0.00443870 0.00406155
v -0.02466234 -0.00437939 0.00406155
v -0.02459072 -0.00481431 0.00393652
v -0.02458685 -0.00481431 0.00406155
v -0.02465460 -0.00437939 -0.00412803
v -0.02462750 -0.00452568 -0.00414689
v -0.02452685 -0.00506339 -0.00418658
v -0.02449975 -0.00525515 -0.00413002
v -0.02454233 -0.00506339 -0.00406155
v -0.02454620 -0.00506339 -0.00393652
v -0.02462750 -0.00452568 0.00414490
v -0.02465460 -0.00437939 0.00412208
v -0.02454620 -0.00506339 0.00393652
v -0.02454233 -0.00506339 0.00406155
v -0.02449975 -0.00525515 0.00413002
v -0.02464686 -0.00437939 -0.00418757
v -0.02450749 -0.00506339 -0.00427589
v -0.02449975 -0.00513258 -0.00425505
v -0.02449200 -0.00521759 -0.00421337
v -0.02444361 -0.00543900 -0.00418658
v -0.02437586 -0.00575530 -0.00413002
v -0.02445910 -0.00543900 -0.00406155
v -0.02450168 -0.00526504 -0.00406155
v -0.02451910 -0.00518794 -0.00406155
v -0.02452297 -0.00518794 -0.00393652
v -0.02454814 -0.00493885 0.00418658
v -0.02464492 -0.00437939 0.00418658
v -0.02452297 -0.00518794 0.00393652
v -0.02451910 -0.00518794 0.00406155
v -0.02450168 -0.00526504 0.00406155
v -0.02445910 -0.00543900 0.00406155
v -0.02437586 -0.00575530 0.00413002
v -0.02444361 -0.00543900 0.00418658
v -0.02447845 -0.00530260 0.00417765
v -0.02449200 -0.00521561 0.00421337
v -0.02450555 -0.00518003 0.00417765
v -0.02462944 -0.00437939 -0.00426696
v -0.02462750 -0.00439719 -0.00426200
v -0.02461202 -0.00437939 -0.00432749
v -0.02449587 -0.00497839 -0.00436222
v -0.02448813 -0.00506339 -0.00433841
v -0.02447652 -0.00518003 -0.00430268
v -0.02444361 -0.00531446 -0.00431161
v -0.02437780 -0.00564064 -0.00426100
v -0.02441264 -0.00556354 -0.00418658
v -0.02433521 -0.00593915 -0.00406155
v -0.02412615 -0.00675560 -0.00413101
v -0.02425391 -0.00626731 -0.00406155
v -0.02450555 -0.00527492 -0.00393652
v -0.02462750 -0.00439126 0.00425902
v -0.02461976 -0.00447428 0.00422826
v -0.02449975 -0.00513258 0.00425406
v -0.02463525 -0.00437939 0.00423223
v -0.02450555 -0.00527492 0.00393652
v -0.02433521 -0.00593915 0.00406155
v -0.02441264 -0.00556354 0.00418658
v -0.02425391 -0.00626731 0.00406155
v -0.02412615 -0.00675560 0.00413101
v -0.02437780 -0.00564064 0.00426001
v -0.02444167 -0.00531446 0.00431161
v -0.02458685 -0.00437939 -0.00439497
v -0.02450942 -0.00481431 -0.00439894
v -0.02444748 -0.00506339 -0.00443664
v -0.02442425 -0.00518794 -0.00443664
v -0.02437586 -0.00550424 -0.00437711
v -0.02441264 -0.00543900 -0.00431161
v -0.02424036 -0.00608939 -0.00434436
v -0.02412615 -0.00650651 -0.00437711
v -0.02410293 -0.00668246 -0.00430566
v -0.02425198 -0.00613881 -0.00426100
v -0.02411648 -0.00672002 -0.00421437
v -0.02424230 -0.00622184 -0.00421337
v -0.02410293 -0.00680502 -0.00417864
v -0.02406421 -0.00693945 -0.00418658
v -0.02408163 -0.00693945 -0.00406155
v -0.02411261 -0.00683072 -0.00406155
v -0.02418423 -0.00656384 -0.00393652
v -0.02462557 -0.00437939 0.00427390
v -0.02447458 -0.00518003 0.00430169
v -0.02448620 -0.00506339 0.00433543
v -0.02461008 -0.00437939 0.00432451
v -0.02460621 -0.00443475 0.00430566
v -0.02418423 -0.00656384 0.00393652
v -0.02424230 -0.00622184 0.00421337
v -0.02411261 -0.00683072 0.00406155
v -0.02408163 -0.00693945 0.00406155
v -0.02406421 -0.00693945 0.00418658
v -0.02410293 -0.00680502 0.00417864
v -0.02411648 -0.00672002 0.00421437
v -0.02425004 -0.00600241 0.00437512
v -0.02438747 -0.00556354 0.00428879
v -0.02412615 -0.00663699 0.00426001
v -0.02410293 -0.00668246 0.00430566
v -0.02411454 -0.00658954 0.00434337
v -0.02437392 -0.00550028 0.00437413
v -0.02438360 -0.00541725 0.00439894
v -0.02439328 -0.00530655 0.00443863
v -0.02442038 -0.00518794 0.00443664
v -0.02456750 -0.00437939 -0.00443664
v -0.02455782 -0.00443870 -0.00443664
v -0.02452104 -0.00468779 -0.00442275
v -0.02449781 -0.00462255 -0.00449817
v -0.02439715 -0.00506339 -0.00453687
v -0.02438360 -0.00518794 -0.00451702
v -0.02437586 -0.00526108 -0.00450412
v -0.02439522 -0.00530655 -0.00443962
v -0.02438360 -0.00543900 -0.00439497
v -0.02436618 -0.00534411 -0.00448328
v -0.02424230 -0.00584624 -0.00448328
v -0.02402163 -0.00680898 -0.00444061
v -0.02401001 -0.00691375 -0.00440092
v -0.02406808 -0.00681293 -0.00431161
v -0.02412615 -0.00663699 -0.00426001
v -0.02401001 -0.00703434 -0.00428680
v -0.02399646 -0.00711737 -0.00423719
v -0.02402163 -0.00706992 -0.00419253
v -0.02400614 -0.00714505 -0.00415383
v -0.02411454 -0.00683863 -0.00393652
v -0.02404292 -0.00706399 -0.00406155
v -0.02408550 -0.00693945 -0.00393652
v -0.02444555 -0.00506339 0.00443664
v -0.02450168 -0.00488943 0.00438008
v -0.02456750 -0.00437939 0.00443664
v -0.02411454 -0.00683863 0.00393652
v -0.02408550 -0.00693945 0.00393652
v -0.02404292 -0.00706399 0.00406155
v -0.02400614 -0.00714505 0.00415383
v -0.02406808 -0.00681293 0.00431161
v -0.02399646 -0.00711737 0.00423719
v -0.02401001 -0.00703434 0.00428680
v -0.02402743 -0.00694934 0.00432253
v -0.02425778 -0.00593915 0.00439397
v -0.02412422 -0.00650454 0.00437710
v -0.02413390 -0.00643930 0.00439497
v -0.02401001 -0.00691375 0.00439993
v -0.02436618 -0.00534411 0.00448229
v -0.02437586 -0.00526108 0.00450313
v -0.02454620 -0.00437939 -0.00448229
v -0.02450555 -0.00453952 -0.00451008
v -0.02437392 -0.00487361 -0.00462419
v -0.02435650 -0.00506339 -0.00459938
v -0.02434489 -0.00518794 -0.00457954
v -0.02424617 -0.00548842 -0.00462022
v -0.02425198 -0.00576123 -0.00450412
v -0.02400227 -0.00676351 -0.00450412
v -0.02411648 -0.00634639 -0.00448428
v -0.02399065 -0.00684654 -0.00448428
v -0.02398098 -0.00694934 -0.00444061
v -0.02399840 -0.00699678 -0.00437016
v -0.02402550 -0.00694934 -0.00432154
v -0.02375837 -0.00780335 -0.00429970
v -0.02374869 -0.00787649 -0.00425009
v -0.02388226 -0.00752461 -0.00415979
v -0.02388806 -0.00754240 -0.00406155
v -0.02401388 -0.00716877 -0.00393652
v -0.02404679 -0.00706399 -0.00393652
v -0.02449200 -0.00468779 0.00448328
v -0.02448039 -0.00481431 0.00445848
v -0.02438360 -0.00518794 0.00451603
v -0.02449781 -0.00461860 0.00449718
v -0.02450555 -0.00453557 0.00450908
v -0.02451910 -0.00437939 0.00453191
v -0.02404679 -0.00706399 0.00393652
v -0.02401388 -0.00716877 0.00393652
v -0.02388806 -0.00754240 0.00406155
v -0.02388226 -0.00752461 0.00415979
v -0.02374869 -0.00787649 0.00425009
v -0.02399840 -0.00699678 0.00437016
v -0.02398872 -0.00706992 0.00432253
v -0.02402163 -0.00680700 0.00443962
v -0.02399065 -0.00684456 0.00448328
v -0.02398098 -0.00694934 0.00443962
v -0.02411648 -0.00634441 0.00448328
v -0.02425198 -0.00576123 0.00450412
v -0.02433327 -0.00530655 0.00455175
v -0.02434295 -0.00518794 0.00457855
v -0.02426165 -0.00568809 0.00451801
v -0.02451910 -0.00437939 -0.00453191
v -0.02429456 -0.00506339 -0.00467877
v -0.02447845 -0.00437939 -0.00459442
v -0.02444555 -0.00437939 -0.00463808
v -0.02441070 -0.00443870 -0.00466984
v -0.02436425 -0.00437939 -0.00473831
v -0.02428101 -0.00518794 -0.00466389
v -0.02426746 -0.00531446 -0.00464702
v -0.02399646 -0.00648872 -0.00462022
v -0.02398678 -0.00656384 -0.00460633
v -0.02395968 -0.00680898 -0.00455275
v -0.02391129 -0.00693945 -0.00456862
v -0.02389387 -0.00706399 -0.00453290
v -0.02388032 -0.00714702 -0.00451107
v -0.02386677 -0.00723203 -0.00448626
v -0.02377966 -0.00756612 -0.00444260
v -0.02388806 -0.00729133 -0.00440291
v -0.02375063 -0.00775392 -0.00437611
v -0.02373708 -0.00783695 -0.00433344
v -0.02362481 -0.00825605 -0.00425406
v -0.02363255 -0.00827582 -0.00418658
v -0.02359577 -0.00843792 -0.00406155
v -0.02362287 -0.00837071 -0.00393652
v -0.02439522 -0.00506339 0.00453389
v -0.02447458 -0.00443870 0.00458549
v -0.02447845 -0.00437939 0.00459442
v -0.02362287 -0.00837071 0.00393652
v -0.02362094 -0.00836478 0.00406155
v -0.02358028 -0.00843792 0.00418658
v -0.02362481 -0.00825605 0.00425406
v -0.02387451 -0.00737634 0.00437413
v -0.02400227 -0.00675955 0.00450313
v -0.02388032 -0.00714702 0.00451008
v -0.02389387 -0.00706399 0.00452992
v -0.02390935 -0.00693550 0.00456763
v -0.02395775 -0.00680700 0.00455175
v -0.02386677 -0.00723005 0.00448527
v -0.02360738 -0.00806429 0.00446344
v -0.02374288 -0.00760763 0.00448824
v -0.02425585 -0.00539946 0.00463213
v -0.02412035 -0.00598660 0.00461923
v -0.02426553 -0.00531446 0.00464602
v -0.02428101 -0.00518794 0.00466388
v -0.02435457 -0.00506339 0.00459641
v -0.02409518 -0.00618824 0.00458053
v -0.02424036 -0.00506339 -0.00474129
v -0.02433908 -0.00437939 -0.00476113
v -0.02429650 -0.00443870 -0.00479090
v -0.02428488 -0.00456324 -0.00478197
v -0.02424810 -0.00499025 -0.00474724
v -0.02422681 -0.00518794 -0.00472640
v -0.02421133 -0.00531446 -0.00470953
v -0.02412615 -0.00550819 -0.00475121
v -0.02399065 -0.00609137 -0.00474129
v -0.02397904 -0.00618824 -0.00472739
v -0.02385322 -0.00668839 -0.00472839
v -0.02401775 -0.00631278 -0.00464702
v -0.02390742 -0.00668839 -0.00466587
v -0.02389193 -0.00681293 -0.00464702
v -0.02388032 -0.00689794 -0.00463312
v -0.02386677 -0.00698097 -0.00461526
v -0.02385322 -0.00706399 -0.00459542
v -0.02377192 -0.00743762 -0.00453488
v -0.02375643 -0.00752461 -0.00451305
v -0.02350866 -0.00827977 -0.00451504
v -0.02349511 -0.00836280 -0.00449023
v -0.02362674 -0.00813151 -0.00437810
v -0.02354738 -0.00843792 -0.00431161
v -0.02351060 -0.00855456 -0.00430169
v -0.02349898 -0.00862770 -0.00425207
v -0.02353576 -0.00856444 -0.00418658
v -0.02357835 -0.00843792 -0.00418658
v -0.02355319 -0.00856444 -0.00406155
v -0.02355706 -0.00856444 -0.00393652
v -0.02440683 -0.00493885 0.00455076
v -0.02436618 -0.00493885 0.00461328
v -0.02437199 -0.00486966 0.00462320
v -0.02437973 -0.00478663 0.00463312
v -0.02438941 -0.00468779 0.00464404
v -0.02441264 -0.00437939 0.00468075
v -0.02440102 -0.00456324 0.00465694
v -0.02355706 -0.00856444 0.00393652
v -0.02355319 -0.00856444 0.00406155
v -0.02353576 -0.00856444 0.00418658
v -0.02349898 -0.00862770 0.00425207
v -0.02354738 -0.00843792 0.00431161
v -0.02373708 -0.00783695 0.00433344
v -0.02375063 -0.00775392 0.00437611
v -0.02396936 -0.00668839 0.00458053
v -0.02349511 -0.00836478 0.00449221
v -0.02350866 -0.00828175 0.00451504
v -0.02364803 -0.00781323 0.00453488
v -0.02385128 -0.00706399 0.00459244
v -0.02337123 -0.00849130 0.00462022
v -0.02387838 -0.00689201 0.00463114
v -0.02386483 -0.00697503 0.00461328
v -0.02389000 -0.00681293 0.00464503
v -0.02348350 -0.00843792 0.00446641
v -0.02414164 -0.00581263 0.00464602
v -0.02415713 -0.00568809 0.00466488
v -0.02398485 -0.00656384 0.00460435
v -0.02390548 -0.00668839 0.00466488
v -0.02386677 -0.00659350 0.00474128
v -0.02421326 -0.00531446 0.00470854
v -0.02422681 -0.00518794 0.00472640
v -0.02424036 -0.00506339 0.00474029
v -0.02429263 -0.00506339 0.00467778
v -0.02417842 -0.00506339 -0.00479586
v -0.02416487 -0.00518794 -0.00478594
v -0.02414938 -0.00531446 -0.00477304
v -0.02430617 -0.00437939 -0.00479090
v -0.02426553 -0.00437939 -0.00482563
v -0.02425391 -0.00490722 -0.00475518
v -0.02401001 -0.00593915 -0.00475915
v -0.02387645 -0.00650849 -0.00475121
v -0.02377386 -0.00681293 -0.00477106
v -0.02374675 -0.00699283 -0.00474724
v -0.02383580 -0.00681293 -0.00470953
v -0.02373514 -0.00706399 -0.00473533
v -0.02379128 -0.00706399 -0.00467282
v -0.02364803 -0.00756414 -0.00465198
v -0.02361900 -0.00773613 -0.00461824
v -0.02360738 -0.00781323 -0.00459938
v -0.02364803 -0.00781323 -0.00453687
v -0.02341769 -0.00844583 -0.00457160
v -0.02339833 -0.00856444 -0.00453687
v -0.02346027 -0.00855456 -0.00442771
v -0.02350092 -0.00850909 -0.00438008
v -0.02348544 -0.00859212 -0.00433543
v -0.02348156 -0.00870678 -0.00418658
v -0.02350673 -0.00864352 -0.00418658
v -0.02346414 -0.00867713 -0.00430169
v -0.02324928 -0.00925240 -0.00425108
v -0.02351447 -0.00866526 -0.00406155
v -0.02351641 -0.00867120 -0.00393652
v -0.02438554 -0.00437939 0.00471251
v -0.02351641 -0.00867120 0.00393652
v -0.02351447 -0.00866526 0.00406155
v -0.02350673 -0.00864352 0.00418658
v -0.02348156 -0.00870678 0.00418658
v -0.02324928 -0.00925042 0.00424711
v -0.02346414 -0.00867713 0.00430070
v -0.02351060 -0.00855456 0.00430070
v -0.02350092 -0.00850711 0.00438008
v -0.02338284 -0.00864747 0.00451305
v -0.02339833 -0.00856444 0.00453786
v -0.02341769 -0.00844583 0.00457160
v -0.02346801 -0.00831931 0.00455870
v -0.02349511 -0.00811174 0.00461824
v -0.02328606 -0.00855258 0.00468968
v -0.02333251 -0.00844583 0.00468175
v -0.02338478 -0.00840827 0.00463709
v -0.02335768 -0.00856444 0.00460038
v -0.02325509 -0.00876411 0.00463114
v -0.02378934 -0.00706399 0.00467282
v -0.02374675 -0.00699480 0.00474724
v -0.02383580 -0.00681293 0.00470755
v -0.02385322 -0.00668839 0.00472739
v -0.02346027 -0.00855456 0.00442771
v -0.02376031 -0.00691177 0.00475915
v -0.02377386 -0.00681293 0.00477205
v -0.02379128 -0.00668839 0.00478594
v -0.02387645 -0.00651047 0.00475121
v -0.02400227 -0.00601032 0.00475220
v -0.02412615 -0.00550819 0.00475121
v -0.02414938 -0.00531446 0.00477304
v -0.02416487 -0.00518794 0.00478594
v -0.02417842 -0.00506339 0.00479685
v -0.02425391 -0.00490524 0.00475419
v -0.02436231 -0.00437939 0.00473831
v -0.02420939 -0.00456324 -0.00484449
v -0.02410099 -0.00506339 -0.00485838
v -0.02408938 -0.00518794 -0.00484846
v -0.02407389 -0.00531446 -0.00483556
v -0.02404098 -0.00568809 -0.00478594
v -0.02402550 -0.00581263 -0.00477304
v -0.02422488 -0.00437939 -0.00485739
v -0.02379128 -0.00668839 -0.00478495
v -0.02369643 -0.00681293 -0.00483357
v -0.02362481 -0.00688212 -0.00487525
v -0.02368675 -0.00693747 -0.00481174
v -0.02367320 -0.00706399 -0.00478991
v -0.02363642 -0.00728738 -0.00476014
v -0.02362287 -0.00737041 -0.00474823
v -0.02340026 -0.00831338 -0.00465495
v -0.02352415 -0.00793777 -0.00465396
v -0.02338478 -0.00840827 -0.00463709
v -0.02337123 -0.00849130 -0.00462022
v -0.02348350 -0.00818884 -0.00460038
v -0.02335768 -0.00856444 -0.00459938
v -0.02288150 -0.00989488 -0.00451008
v -0.02338091 -0.00864550 -0.00451206
v -0.02336542 -0.00872852 -0.00448130
v -0.02338671 -0.00877992 -0.00439794
v -0.02336929 -0.00886493 -0.00436024
v -0.02337316 -0.00899936 -0.00411712
v -0.02325509 -0.00926624 -0.00418658
v -0.02312346 -0.00962207 -0.00410819
v -0.02335381 -0.00894005 -0.00431558
v -0.02313314 -0.00952125 -0.00427390
v -0.02288150 -0.01014199 -0.00426894
v -0.02299764 -0.00987314 -0.00424314
v -0.02298215 -0.00993640 -0.00419551
v -0.02346027 -0.00881353 -0.00393652
v -0.02335574 -0.00905669 -0.00407048
v -0.02312733 -0.00963196 -0.00402483
v -0.02346027 -0.00881353 0.00393652
v -0.02348931 -0.00872852 0.00406155
v -0.02337510 -0.00900133 0.00412704
v -0.02339059 -0.00893807 0.00417567
v -0.02323379 -0.00931368 0.00419849
v -0.02299764 -0.00987314 0.00424215
v -0.02288150 -0.01014199 0.00427093
v -0.02289892 -0.01006687 0.00431260
v -0.02336929 -0.00886295 0.00435924
v -0.02348544 -0.00859014 0.00433543
v -0.02310217 -0.00956277 0.00431360
v -0.02338478 -0.00877992 0.00439894
v -0.02340220 -0.00868899 0.00443962
v -0.02336542 -0.00873050 0.00448229
v -0.02324928 -0.00899936 0.00449916
v -0.02288150 -0.00989488 0.00451107
v -0.02312152 -0.00911797 0.00462022
v -0.02324928 -0.00850316 0.00475022
v -0.02321250 -0.00868899 0.00471052
v -0.02336155 -0.00821256 0.00473632
v -0.02340026 -0.00831338 0.00465495
v -0.02275374 -0.01001152 0.00462915
v -0.02301893 -0.00931368 0.00464701
v -0.02371578 -0.00718854 0.00471152
v -0.02373514 -0.00706399 0.00473533
v -0.02361319 -0.00743762 0.00473632
v -0.02362287 -0.00737436 0.00474823
v -0.02367320 -0.00706399 0.00479090
v -0.02369643 -0.00681293 0.00483456
v -0.02352996 -0.00756414 0.00477602
v -0.02371385 -0.00668839 0.00484846
v -0.02383967 -0.00618824 0.00484945
v -0.02407389 -0.00531446 0.00483555
v -0.02408744 -0.00518794 0.00484846
v -0.02410099 -0.00506339 0.00485937
v -0.02412228 -0.00486373 0.00487326
v -0.02428488 -0.00456324 0.00478197
v -0.02426165 -0.00481431 0.00476212
v -0.02430617 -0.00437939 0.00478991
v -0.02411261 -0.00493885 -0.00486731
v -0.02402550 -0.00518794 -0.00489212
v -0.02400227 -0.00538760 -0.00487624
v -0.02374288 -0.00647488 -0.00486929
v -0.02394420 -0.00605579 -0.00478991
v -0.02419197 -0.00437939 -0.00487922
v -0.02415713 -0.00443870 -0.00489609
v -0.02414745 -0.00456324 -0.00488914
v -0.02412809 -0.00477477 -0.00487723
v -0.02412035 -0.00485780 -0.00487227
v -0.02371385 -0.00668839 -0.00484746
v -0.02356673 -0.00692957 -0.00490006
v -0.02351254 -0.00718854 -0.00488319
v -0.02350092 -0.00725970 -0.00487624
v -0.02361126 -0.00696515 -0.00486532
v -0.02363448 -0.00681293 -0.00488219
v -0.02347188 -0.00743762 -0.00485441
v -0.02320476 -0.00831338 -0.00484052
v -0.02354931 -0.00743762 -0.00479189
v -0.02351254 -0.00766496 -0.00476113
v -0.02336348 -0.00818884 -0.00473831
v -0.02334219 -0.00831338 -0.00471747
v -0.02331703 -0.00845374 -0.00469266
v -0.02323573 -0.00856444 -0.00473632
v -0.02329380 -0.00856444 -0.00467381
v -0.02326864 -0.00868899 -0.00464702
v -0.02313701 -0.00903099 -0.00463908
v -0.02276535 -0.00993837 -0.00464404
v -0.02275180 -0.01000559 -0.00462717
v -0.02273438 -0.01009059 -0.00460534
v -0.02277890 -0.01005501 -0.00456267
v -0.02276342 -0.01015781 -0.00452198
v -0.02286407 -0.00997791 -0.00447832
v -0.02299764 -0.00962405 -0.00449718
v -0.02324734 -0.00899936 -0.00449817
v -0.02295892 -0.00980395 -0.00442672
v -0.02313507 -0.00940264 -0.00439695
v -0.02288343 -0.01002338 -0.00439497
v -0.02311765 -0.00948567 -0.00435726
v -0.02323573 -0.00921681 -0.00433444
v -0.02300538 -0.00989291 -0.00415979
v -0.02294924 -0.01006292 -0.00406155
v -0.02286601 -0.01010641 -0.00435230
v -0.02284665 -0.01018548 -0.00431161
v -0.02275955 -0.01039503 -0.00427688
v -0.02286214 -0.01022502 -0.00418658
v -0.02293182 -0.01006292 -0.00418658
v -0.02324154 -0.00935519 -0.00393652
v -0.02298990 -0.00997791 -0.00393652
v -0.02335187 -0.00907052 0.00406155
v -0.02324154 -0.00935519 0.00393652
v -0.02312733 -0.00963196 0.00402781
v -0.02312346 -0.00962405 0.00411116
v -0.02293182 -0.01006292 0.00418658
v -0.02286794 -0.01010839 0.00435428
v -0.02286214 -0.01022502 0.00418658
v -0.02275955 -0.01039503 0.00427787
v -0.02278277 -0.01031991 0.00431657
v -0.02325121 -0.00913378 0.00438107
v -0.02300151 -0.00975650 0.00437909
v -0.02326670 -0.00906262 0.00440985
v -0.02321056 -0.00918123 0.00442871
v -0.02311571 -0.00935322 0.00448130
v -0.02299764 -0.00962405 0.00449817
v -0.02286407 -0.00997791 0.00448031
v -0.02276342 -0.01015781 0.00452298
v -0.02277890 -0.01005699 0.00456366
v -0.02311571 -0.00885702 0.00474128
v -0.02299957 -0.00912588 0.00474922
v -0.02313314 -0.00877202 0.00475716
v -0.02315056 -0.00868899 0.00477105
v -0.02318927 -0.00855258 0.00478296
v -0.02326089 -0.00843792 0.00476014
v -0.02337510 -0.00812953 0.00475022
v -0.02284859 -0.00956277 0.00472243
v -0.02298215 -0.00920891 0.00473235
v -0.02273438 -0.01009455 0.00460633
v -0.02263179 -0.01026851 0.00463312
v -0.02265115 -0.01018944 0.00465297
v -0.02261243 -0.01010048 0.00473732
v -0.02262985 -0.01001745 0.00475617
v -0.02270922 -0.00993837 0.00470755
v -0.02357448 -0.00718854 0.00483754
v -0.02359383 -0.00706399 0.00485342
v -0.02361126 -0.00696120 0.00486532
v -0.02362481 -0.00687817 0.00487525
v -0.02328219 -0.00831338 0.00477800
v -0.02345059 -0.00756414 0.00483853
v -0.02365191 -0.00668839 0.00489212
v -0.02374095 -0.00647093 0.00486929
v -0.02363448 -0.00681293 0.00488120
v -0.02385515 -0.00606369 0.00486136
v -0.02399259 -0.00547458 0.00486929
v -0.02400227 -0.00538958 0.00487723
v -0.02401195 -0.00531446 0.00488219
v -0.02402550 -0.00518794 0.00489212
v -0.02403905 -0.00506339 0.00490006
v -0.02405260 -0.00493885 0.00490601
v -0.02416293 -0.00437939 0.00489906
v -0.02422488 -0.00437939 0.00485739
v -0.02420939 -0.00456324 0.00484449
v -0.02403905 -0.00506339 -0.00489906
v -0.02393646 -0.00518794 -0.00493975
v -0.02391710 -0.00556354 -0.00490105
v -0.02388613 -0.00581263 -0.00488319
v -0.02375256 -0.00639186 -0.00487723
v -0.02416293 -0.00437939 -0.00489807
v -0.02406227 -0.00456324 -0.00493677
v -0.02406227 -0.00437939 -0.00495364
v -0.02356093 -0.00681293 -0.00492288
v -0.02343704 -0.00718854 -0.00492486
v -0.02328606 -0.00781323 -0.00489708
v -0.02338865 -0.00756414 -0.00488418
v -0.02325315 -0.00801289 -0.00487723
v -0.02323960 -0.00809592 -0.00486830
v -0.02336348 -0.00772032 -0.00486731
v -0.02356093 -0.00668839 -0.00494173
v -0.02366739 -0.00656384 -0.00490105
v -0.02312927 -0.00838850 -0.00487723
v -0.02311378 -0.00847153 -0.00486731
v -0.02318927 -0.00844385 -0.00481472
v -0.02326283 -0.00841618 -0.00476212
v -0.02328025 -0.00831338 -0.00477800
v -0.02324734 -0.00849921 -0.00474922
v -0.02314862 -0.00868899 -0.00477106
v -0.02274793 -0.00974859 -0.00474922
v -0.02298602 -0.00918914 -0.00473533
v -0.02273438 -0.00981383 -0.00473533
v -0.02279052 -0.00981383 -0.00467282
v -0.02270922 -0.00993837 -0.00470655
v -0.02261243 -0.01010048 -0.00473831
v -0.02264921 -0.01018944 -0.00465297
v -0.02261050 -0.01034759 -0.00460732
v -0.02271696 -0.01019537 -0.00456267
v -0.02264147 -0.01041085 -0.00452397
v -0.02274406 -0.01024281 -0.00449023
v -0.02284665 -0.01006489 -0.00443664
v -0.02278664 -0.01019537 -0.00444359
v -0.02286988 -0.01024281 -0.00408437
v -0.02287375 -0.01025072 -0.00400102
v -0.02290279 -0.01018944 -0.00393652
v -0.02295505 -0.01006292 -0.00393652
v -0.02276342 -0.01028037 -0.00440688
v -0.02274406 -0.01036538 -0.00436024
v -0.02276922 -0.01041875 -0.00418658
v -0.02281955 -0.01031398 -0.00418658
v -0.02272470 -0.01043852 -0.00431558
v -0.02251177 -0.01090111 -0.00428383
v -0.02264727 -0.01067180 -0.00418658
v -0.02298990 -0.00997791 0.00393652
v -0.02294924 -0.01006292 0.00406155
v -0.02286988 -0.01024281 0.00408437
v -0.02276535 -0.01028235 0.00440787
v -0.02278858 -0.01019537 0.00444458
v -0.02284859 -0.01006687 0.00443764
v -0.02288343 -0.01002536 0.00439695
v -0.02281955 -0.01031398 0.00418658
v -0.02251177 -0.01090111 0.00428383
v -0.02276922 -0.01041875 0.00418658
v -0.02264727 -0.01067180 0.00418658
v -0.02236660 -0.01123718 0.00421437
v -0.02274406 -0.01036538 0.00436123
v -0.02237240 -0.01112450 0.00437115
v -0.02274406 -0.01024281 0.00449122
v -0.02261243 -0.01035154 0.00460831
v -0.02274793 -0.00974859 0.00474823
v -0.02288150 -0.00939671 0.00475716
v -0.02276535 -0.00966556 0.00476312
v -0.02267244 -0.00981383 0.00478892
v -0.02259114 -0.00981383 0.00485143
v -0.02295505 -0.00893807 0.00484349
v -0.02309249 -0.00856444 0.00485242
v -0.02311184 -0.00846955 0.00486632
v -0.02320282 -0.00831338 0.00484052
v -0.02199300 -0.01161279 0.00461526
v -0.02238402 -0.01077262 0.00463610
v -0.02197558 -0.01143882 0.00472541
v -0.02248855 -0.01035549 0.00473930
v -0.02259114 -0.01018944 0.00471548
v -0.02250984 -0.01027049 0.00475815
v -0.02252920 -0.01018944 0.00477403
v -0.02256597 -0.01006094 0.00478991
v -0.02247500 -0.01006292 0.00485838
v -0.02255630 -0.00994233 0.00483754
v -0.02264727 -0.00993837 0.00476907
v -0.02348737 -0.00733878 0.00486632
v -0.02353189 -0.00706399 0.00489509
v -0.02356673 -0.00692759 0.00490006
v -0.02337704 -0.00763333 0.00487624
v -0.02338865 -0.00756414 0.00488319
v -0.02356093 -0.00668839 0.00494273
v -0.02368675 -0.00631278 0.00492586
v -0.02376224 -0.00631278 0.00488319
v -0.02356093 -0.00681293 0.00492288
v -0.02394420 -0.00543505 0.00490402
v -0.02379321 -0.00606369 0.00490105
v -0.02393646 -0.00531446 0.00492486
v -0.02393646 -0.00506339 0.00495364
v -0.02393646 -0.00518794 0.00493975
v -0.02406227 -0.00468779 0.00492586
v -0.02406227 -0.00437939 0.00495364
v -0.02393646 -0.00506339 -0.00495364
v -0.02375450 -0.00539551 -0.00500127
v -0.02367707 -0.00593717 -0.00497547
v -0.02381063 -0.00556354 -0.00495563
v -0.02368675 -0.00618824 -0.00494074
v -0.02368675 -0.00631278 -0.00492486
v -0.02379321 -0.00606369 -0.00490105
v -0.02376224 -0.00631278 -0.00488319
v -0.02392484 -0.00492699 -0.00497250
v -0.02397711 -0.00437939 -0.00499135
v -0.02388032 -0.00481431 -0.00500226
v -0.02343704 -0.00706399 -0.00494570
v -0.02318734 -0.00781323 -0.00494868
v -0.02316217 -0.00818884 -0.00489708
v -0.02326476 -0.00793777 -0.00488517
v -0.02346221 -0.00668839 -0.00498639
v -0.02344672 -0.00681293 -0.00497845
v -0.02342543 -0.00692957 -0.00497150
v -0.02369449 -0.00643535 -0.00490403
v -0.02356093 -0.00656384 -0.00495662
v -0.02314088 -0.00831338 -0.00488517
v -0.02306732 -0.00843397 -0.00490204
v -0.02303248 -0.00856444 -0.00489410
v -0.02301312 -0.00866131 -0.00488319
v -0.02287956 -0.00901517 -0.00487823
v -0.02262985 -0.00963789 -0.00487823
v -0.02298215 -0.00881353 -0.00486334
v -0.02284472 -0.00918914 -0.00485342
v -0.02309442 -0.00856444 -0.00485342
v -0.02317379 -0.00856444 -0.00479090
v -0.02303635 -0.00893807 -0.00478098
v -0.02289892 -0.00931368 -0.00477006
v -0.02276535 -0.00966556 -0.00476312
v -0.02264727 -0.00993837 -0.00476808
v -0.02262985 -0.01001745 -0.00475518
v -0.02252920 -0.01018944 -0.00477304
v -0.02248855 -0.01035549 -0.00473930
v -0.02259114 -0.01018944 -0.00471549
v -0.02256791 -0.01006094 -0.00479090
v -0.02243628 -0.01056307 -0.00468770
v -0.02240337 -0.01068761 -0.00465793
v -0.02238402 -0.01077064 -0.00463511
v -0.02236273 -0.01085367 -0.00461030
v -0.02251758 -0.01066389 -0.00452496
v -0.02224852 -0.01125102 -0.00449916
v -0.02249629 -0.01074692 -0.00449519
v -0.02272857 -0.01031991 -0.00444359
v -0.02229691 -0.01120160 -0.00444954
v -0.02262211 -0.01074889 -0.00410819
v -0.02272277 -0.01055318 -0.00405758
v -0.02287375 -0.01025072 0.00400102
v -0.02274987 -0.01050376 -0.00401193
v -0.02222723 -0.01157918 -0.00393652
v -0.02272083 -0.01056702 -0.00393652
v -0.02290279 -0.01018944 0.00393652
v -0.02295505 -0.01006292 0.00393652
v -0.02237240 -0.01112252 -0.00437016
v -0.02212463 -0.01162663 -0.00437413
v -0.02238789 -0.01115218 -0.00428680
v -0.02211883 -0.01173931 -0.00421734
v -0.02224271 -0.01148825 -0.00421337
v -0.02236660 -0.01123718 -0.00420841
v -0.02249823 -0.01099996 -0.00411811
v -0.02245564 -0.01106322 -0.00418658
v -0.02237434 -0.01125102 -0.00412506
v -0.02272277 -0.01055318 0.00405758
v -0.02262211 -0.01074889 0.00410918
v -0.02224852 -0.01137556 0.00437512
v -0.02226400 -0.01131428 0.00440588
v -0.02220013 -0.01142696 0.00442474
v -0.02224271 -0.01148825 0.00421933
v -0.02238789 -0.01115218 0.00428780
v -0.02230078 -0.01131428 0.00431161
v -0.02249823 -0.01099996 0.00412406
v -0.02237434 -0.01125300 0.00413101
v -0.02252339 -0.01092681 0.00418658
v -0.02214980 -0.01169384 0.00418360
v -0.02224852 -0.01125102 0.00449916
v -0.02214012 -0.01143882 0.00452397
v -0.02249242 -0.00998582 0.00487029
v -0.02250984 -0.00990279 0.00488219
v -0.02262792 -0.00963393 0.00487624
v -0.02312733 -0.00838653 0.00487723
v -0.02287762 -0.00901122 0.00487723
v -0.02301119 -0.00865736 0.00488319
v -0.02325315 -0.00801092 0.00487624
v -0.02212463 -0.01150208 0.00450015
v -0.02201623 -0.01168791 0.00452397
v -0.02199881 -0.01175117 0.00450015
v -0.02193106 -0.01180257 0.00455473
v -0.02186138 -0.01185594 0.00460831
v -0.02188654 -0.01177094 0.00463709
v -0.02190977 -0.01168791 0.00466190
v -0.02186912 -0.01161674 0.00474525
v -0.02194074 -0.01157325 0.00469266
v -0.02213625 -0.01127672 0.00463808
v -0.02211689 -0.01111264 0.00474327
v -0.02226207 -0.01077657 0.00476014
v -0.02219432 -0.01081611 0.00479685
v -0.02218464 -0.01069947 0.00484647
v -0.02235305 -0.01031398 0.00486036
v -0.02243435 -0.01019537 0.00484250
v -0.02237047 -0.01024281 0.00487128
v -0.02238983 -0.01015978 0.00488418
v -0.02343704 -0.00718854 0.00492486
v -0.02328412 -0.00781323 0.00489708
v -0.02326476 -0.00793777 0.00488418
v -0.02343704 -0.00706399 0.00494570
v -0.02344672 -0.00681293 0.00497845
v -0.02346414 -0.00668839 0.00498738
v -0.02356093 -0.00656384 0.00495761
v -0.02381063 -0.00568809 0.00494173
v -0.02393646 -0.00493885 0.00496456
v -0.02382225 -0.00531446 0.00497944
v -0.02383773 -0.00518794 0.00498539
v -0.02397130 -0.00443870 0.00498936
v -0.02397711 -0.00437939 0.00499135
v -0.02395001 -0.00468779 0.00497944
v -0.02386483 -0.00496060 -0.00499631
v -0.02376224 -0.00531446 -0.00500524
v -0.02350479 -0.00639581 -0.00500127
v -0.02355125 -0.00643732 -0.00497547
v -0.02394613 -0.00437939 -0.00500326
v -0.02381063 -0.00481431 -0.00502211
v -0.02381838 -0.00492699 -0.00501318
v -0.02378934 -0.00506339 -0.00501318
v -0.02391516 -0.00437939 -0.00501318
v -0.02317572 -0.00768276 -0.00497349
v -0.02306152 -0.00818884 -0.00494967
v -0.02306152 -0.00831338 -0.00492784
v -0.02337510 -0.00688014 -0.00500028
v -0.02312733 -0.00763729 -0.00500127
v -0.02320089 -0.00756414 -0.00497944
v -0.02293569 -0.00856444 -0.00494372
v -0.02292021 -0.00881353 -0.00490105
v -0.02289504 -0.00893807 -0.00488716
v -0.02269760 -0.00932159 -0.00490998
v -0.02256210 -0.00956277 -0.00492983
v -0.02244596 -0.00994628 -0.00490799
v -0.02249435 -0.00999175 -0.00487227
v -0.02255630 -0.00994628 -0.00483853
v -0.02267244 -0.00981383 -0.00478892
v -0.02224077 -0.01085960 -0.00474228
v -0.02236466 -0.01060656 -0.00474129
v -0.02237240 -0.01024677 -0.00487326
v -0.02224852 -0.01049981 -0.00487426
v -0.02231820 -0.01056504 -0.00479487
v -0.02199300 -0.01136370 -0.00474426
v -0.02234530 -0.01068761 -0.00472045
v -0.02213625 -0.01127474 -0.00463808
v -0.02211496 -0.01135777 -0.00461228
v -0.02222529 -0.01120160 -0.00456664
v -0.02239370 -0.01091495 -0.00452695
v -0.02212463 -0.01150208 -0.00450015
v -0.02237821 -0.01125695 -0.00406155
v -0.02252726 -0.01095054 -0.00407048
v -0.02250210 -0.01100786 -0.00403476
v -0.02272083 -0.01056702 0.00393652
v -0.02222723 -0.01157918 0.00393652
v -0.02274987 -0.01050376 0.00401193
v -0.02213431 -0.01176896 -0.00393652
v -0.02217690 -0.01156337 -0.00431161
v -0.02199881 -0.01175117 -0.00450015
v -0.02201430 -0.01177885 -0.00443664
v -0.02199688 -0.01186978 -0.00436619
v -0.02210334 -0.01171163 -0.00431161
v -0.02198720 -0.01198049 -0.00418658
v -0.02208979 -0.01180257 -0.00418063
v -0.02212657 -0.01175315 -0.00413399
v -0.02214786 -0.01169384 -0.00418063
v -0.02201043 -0.01189746 -0.00428284
v -0.02188073 -0.01213666 -0.00426597
v -0.02174911 -0.01237586 -0.00424910
v -0.02216722 -0.01168791 -0.00406155
v -0.02225045 -0.01150208 -0.00413002
v -0.02229111 -0.01143882 0.00406155
v -0.02247693 -0.01105531 0.00407445
v -0.02212463 -0.01162860 0.00437611
v -0.02207624 -0.01167803 0.00442573
v -0.02211883 -0.01173931 0.00422330
v -0.02210528 -0.01171361 0.00431161
v -0.02225045 -0.01150604 0.00413597
v -0.02212657 -0.01175710 0.00413994
v -0.02241305 -0.01006292 0.00489807
v -0.02252726 -0.00981383 0.00489311
v -0.02289311 -0.00893807 0.00488616
v -0.02276148 -0.00928007 0.00488219
v -0.02244596 -0.00994233 0.00490899
v -0.02303054 -0.00856444 0.00489410
v -0.02306732 -0.00843199 0.00490204
v -0.02313894 -0.00831338 0.00488517
v -0.02189235 -0.01190734 0.00452496
v -0.02201623 -0.01178082 0.00443664
v -0.02184783 -0.01206747 0.00444260
v -0.02162909 -0.01238575 0.00450710
v -0.02184202 -0.01194490 0.00456465
v -0.02162329 -0.01224934 0.00462419
v -0.02175491 -0.01201014 0.00463114
v -0.02177621 -0.01193897 0.00465297
v -0.02173749 -0.01185594 0.00473930
v -0.02125937 -0.01264274 0.00475815
v -0.02139100 -0.01240552 0.00476312
v -0.02176072 -0.01177292 0.00476014
v -0.02178588 -0.01168791 0.00477800
v -0.02172781 -0.01158709 0.00486136
v -0.02180911 -0.01155941 0.00481174
v -0.02182847 -0.01143882 0.00484349
v -0.02191171 -0.01143882 0.00478098
v -0.02203559 -0.01118776 0.00477999
v -0.02193493 -0.01130835 0.00481174
v -0.02210721 -0.01081413 0.00486235
v -0.02195236 -0.01118776 0.00484250
v -0.02198333 -0.01106322 0.00486433
v -0.02212270 -0.01074889 0.00487326
v -0.02214205 -0.01066586 0.00488616
v -0.02318734 -0.00781323 0.00494868
v -0.02316024 -0.00818884 0.00489708
v -0.02318734 -0.00793777 0.00492685
v -0.02334413 -0.00706399 0.00498837
v -0.02317572 -0.00768276 0.00497349
v -0.02336155 -0.00696120 0.00499532
v -0.02338478 -0.00681293 0.00500326
v -0.02348156 -0.00656384 0.00499333
v -0.02355125 -0.00643535 0.00497646
v -0.02367513 -0.00593520 0.00497646
v -0.02368675 -0.00606369 0.00495662
v -0.02385128 -0.00506339 0.00499036
v -0.02371385 -0.00568809 0.00498639
v -0.02372934 -0.00556354 0.00499234
v -0.02376031 -0.00531446 0.00500326
v -0.02377386 -0.00518794 0.00500921
v -0.02378934 -0.00506339 0.00501417
v -0.02387064 -0.00485978 0.00499829
v -0.02387838 -0.00477675 0.00500127
v -0.02390935 -0.00443870 0.00501219
v -0.02391516 -0.00437939 0.00501318
v -0.02386290 -0.00493885 0.00499532
v -0.02368675 -0.00531446 -0.00502707
v -0.02351254 -0.00631278 -0.00500524
v -0.02343704 -0.00631278 -0.00502608
v -0.02338478 -0.00681293 -0.00500326
v -0.02381063 -0.00468779 -0.00502807
v -0.02368675 -0.00518794 -0.00503402
v -0.02386483 -0.00437939 -0.00502608
v -0.02381063 -0.00456324 -0.00503303
v -0.02300344 -0.00801487 -0.00500127
v -0.02305184 -0.00805836 -0.00497349
v -0.02295312 -0.00831338 -0.00497944
v -0.02292602 -0.00843199 -0.00497250
v -0.02331122 -0.00681293 -0.00502310
v -0.02306152 -0.00756414 -0.00502608
v -0.02313894 -0.00756414 -0.00500524
v -0.02281181 -0.00881353 -0.00495563
v -0.02281181 -0.00893807 -0.00493082
v -0.02256210 -0.00943822 -0.00495364
v -0.02243628 -0.00981383 -0.00494074
v -0.02231240 -0.01006292 -0.00494769
v -0.02241499 -0.01006292 -0.00489609
v -0.02232208 -0.01019734 -0.00491097
v -0.02219819 -0.01045039 -0.00491196
v -0.02216915 -0.01056307 -0.00489906
v -0.02193687 -0.01093867 -0.00492486
v -0.02193687 -0.01105136 -0.00489609
v -0.02200075 -0.01100193 -0.00487525
v -0.02181105 -0.01156139 -0.00481075
v -0.02193493 -0.01130835 -0.00481075
v -0.02186912 -0.01161477 -0.00474525
v -0.02201043 -0.01152581 -0.00463908
v -0.02199107 -0.01160884 -0.00461328
v -0.02209560 -0.01143882 -0.00458450
v -0.02201623 -0.01168791 -0.00452298
v -0.02213431 -0.01176896 0.00393652
v -0.02213044 -0.01176105 -0.00406155
v -0.02209560 -0.01182432 -0.00406155
v -0.02199881 -0.01200223 -0.00400300
v -0.02159618 -0.01270205 -0.00393652
v -0.02171039 -0.01231063 -0.00443565
v -0.02197946 -0.01184211 -0.00443664
v -0.02196978 -0.01168791 -0.00458549
v -0.02186138 -0.01185199 -0.00460633
v -0.02189235 -0.01190734 -0.00452298
v -0.02176072 -0.01214655 -0.00451504
v -0.02125937 -0.01301835 -0.00451305
v -0.02149746 -0.01262297 -0.00449718
v -0.02134454 -0.01294125 -0.00444061
v -0.02127873 -0.01306184 -0.00443367
v -0.02203946 -0.01182234 -0.00431955
v -0.02162716 -0.01250436 -0.00437909
v -0.02149553 -0.01274356 -0.00436421
v -0.02175685 -0.01238970 -0.00416574
v -0.02199494 -0.01199433 -0.00408636
v -0.02162522 -0.01262890 -0.00413101
v -0.02140261 -0.01294125 -0.00430764
v -0.02124582 -0.01324767 -0.00423917
v -0.02138713 -0.01302428 -0.00418658
v -0.02158844 -0.01267833 -0.00417864
v -0.02216915 -0.01168791 0.00406155
v -0.02199688 -0.01187176 0.00436917
v -0.02201236 -0.01189746 0.00428581
v -0.02204140 -0.01182432 0.00432154
v -0.02209173 -0.01180455 0.00418360
v -0.02174911 -0.01237586 0.00424910
v -0.02213044 -0.01176303 0.00406155
v -0.02209560 -0.01182629 0.00406155
v -0.02199688 -0.01199630 0.00408735
v -0.02198913 -0.01198247 0.00418658
v -0.02231240 -0.01006292 0.00494967
v -0.02219819 -0.01044841 0.00491296
v -0.02266663 -0.00943822 0.00490006
v -0.02243628 -0.00981383 0.00494173
v -0.02256210 -0.00956277 0.00492883
v -0.02268599 -0.00918914 0.00494273
v -0.02293569 -0.00856444 0.00494273
v -0.02306152 -0.00831338 0.00492784
v -0.02125937 -0.01301835 0.00451404
v -0.02133874 -0.01281868 0.00456366
v -0.02138713 -0.01289776 0.00440092
v -0.02127679 -0.01306184 0.00443168
v -0.02123421 -0.01310138 0.00447038
v -0.02136584 -0.01286218 0.00448428
v -0.02149746 -0.01262297 0.00449718
v -0.02112194 -0.01312115 0.00462121
v -0.02125356 -0.01288194 0.00462915
v -0.02114517 -0.01303812 0.00464701
v -0.02160586 -0.01209515 0.00473235
v -0.02112774 -0.01288194 0.00475220
v -0.02101934 -0.01303614 0.00476709
v -0.02128260 -0.01256367 0.00477602
v -0.02141810 -0.01231260 0.00478395
v -0.02169297 -0.01181443 0.00479388
v -0.02168716 -0.01169779 0.00484647
v -0.02175104 -0.01150406 0.00487525
v -0.02160199 -0.01181443 0.00485937
v -0.02162135 -0.01174524 0.00487227
v -0.02187493 -0.01125300 0.00487525
v -0.02176653 -0.01143882 0.00488517
v -0.02192138 -0.01106322 0.00490105
v -0.02306152 -0.00818884 0.00494868
v -0.02305184 -0.00805836 0.00497349
v -0.02323767 -0.00734076 0.00499532
v -0.02300344 -0.00801487 0.00500127
v -0.02325121 -0.00725773 0.00500028
v -0.02340220 -0.00668839 0.00500921
v -0.02328219 -0.00706399 0.00501020
v -0.02349318 -0.00647488 0.00499730
v -0.02361706 -0.00597276 0.00499730
v -0.02362674 -0.00588973 0.00500127
v -0.02368675 -0.00518794 0.00503402
v -0.02368675 -0.00506339 0.00504096
v -0.02380096 -0.00493885 0.00501715
v -0.02365191 -0.00568809 0.00500921
v -0.02354351 -0.00606369 0.00501417
v -0.02386290 -0.00437939 0.00502707
v -0.02343704 -0.00618824 -0.00503402
v -0.02331122 -0.00668839 -0.00503203
v -0.02368675 -0.00493885 -0.00504394
v -0.02356093 -0.00531446 -0.00505089
v -0.02343704 -0.00593915 -0.00504593
v -0.02381063 -0.00437939 -0.00503898
v -0.02290859 -0.00818884 -0.00501219
v -0.02287762 -0.00838653 -0.00500127
v -0.02297247 -0.00818884 -0.00498936
v -0.02280600 -0.00869492 -0.00497944
v -0.02318734 -0.00706399 -0.00503402
v -0.02306152 -0.00743762 -0.00503600
v -0.02281181 -0.00818884 -0.00503799
v -0.02293569 -0.00793777 -0.00502707
v -0.02267631 -0.00905471 -0.00497250
v -0.02242467 -0.00967743 -0.00497150
v -0.02233563 -0.00981383 -0.00498639
v -0.02230272 -0.00993640 -0.00497646
v -0.02221561 -0.01006292 -0.00498837
v -0.02209366 -0.01031398 -0.00498936
v -0.02218658 -0.01031398 -0.00494967
v -0.02168716 -0.01131428 -0.00495563
v -0.02168716 -0.01143882 -0.00492685
v -0.02175104 -0.01150604 -0.00487624
v -0.02172781 -0.01158907 -0.00486036
v -0.02162135 -0.01174722 -0.00487326
v -0.02178588 -0.01168791 -0.00477701
v -0.02169297 -0.01181443 -0.00479289
v -0.02149940 -0.01225132 -0.00475022
v -0.02173749 -0.01185594 -0.00473930
v -0.02184783 -0.01168791 -0.00472442
v -0.02190783 -0.01168791 -0.00466190
v -0.02188461 -0.01176896 -0.00463709
v -0.02199881 -0.01200223 0.00400399
v -0.02159618 -0.01270205 0.00393652
v -0.02196591 -0.01205166 -0.00405163
v -0.02139681 -0.01303812 -0.00406155
v -0.02139874 -0.01304405 -0.00393652
v -0.02172975 -0.01209119 -0.00459839
v -0.02184008 -0.01194490 -0.00456366
v -0.02147424 -0.01257553 -0.00456763
v -0.02112000 -0.01311917 -0.00461923
v -0.02112581 -0.01325360 -0.00450313
v -0.02123421 -0.01310138 -0.00447237
v -0.02136584 -0.01286218 -0.00448527
v -0.02120711 -0.01318441 -0.00443367
v -0.02125550 -0.01313894 -0.00438901
v -0.02136390 -0.01298277 -0.00434535
v -0.02125550 -0.01326151 -0.00415582
v -0.02162909 -0.01263483 -0.00406155
v -0.02127099 -0.01316464 -0.00431161
v -0.02114904 -0.01341175 -0.00418658
v -0.02128454 -0.01319825 -0.00419353
v -0.02123421 -0.01322592 -0.00431161
v -0.02117033 -0.01332279 -0.00431955
v -0.02113549 -0.01339396 -0.00428284
v -0.02099612 -0.01362327 -0.00423719
v -0.02197558 -0.01193897 0.00432154
v -0.02190590 -0.01206747 0.00430963
v -0.02137939 -0.01300846 0.00426200
v -0.02127099 -0.01316266 0.00431161
v -0.02125550 -0.01313498 0.00438703
v -0.02178782 -0.01232644 0.00419948
v -0.02124776 -0.01324767 0.00423818
v -0.02162909 -0.01263483 0.00406155
v -0.02145294 -0.01293927 0.00406155
v -0.02162522 -0.01262693 0.00413002
v -0.02175685 -0.01238970 0.00416574
v -0.02143552 -0.01293927 0.00418658
v -0.02180718 -0.01094263 0.00498143
v -0.02196978 -0.01056307 0.00499036
v -0.02221561 -0.01006292 0.00498837
v -0.02223690 -0.00997593 0.00499631
v -0.02230272 -0.00993640 0.00497746
v -0.02233563 -0.00981383 0.00498639
v -0.02168716 -0.01143882 0.00492784
v -0.02168716 -0.01131428 0.00495662
v -0.02242467 -0.00967743 0.00497150
v -0.02256210 -0.00943822 0.00495364
v -0.02281181 -0.00881353 0.00495463
v -0.02292602 -0.00843199 0.00497150
v -0.02295312 -0.00831338 0.00497944
v -0.02112581 -0.01325360 0.00450313
v -0.02114710 -0.01318836 0.00453091
v -0.02120517 -0.01318243 0.00443168
v -0.02110064 -0.01318836 0.00459343
v -0.02098450 -0.01335244 0.00460435
v -0.02101160 -0.01326941 0.00463709
v -0.02103870 -0.01318836 0.00466289
v -0.02106967 -0.01307963 0.00469663
v -0.02110258 -0.01296497 0.00473037
v -0.02099418 -0.01311917 0.00474625
v -0.02090901 -0.01318836 0.00477701
v -0.02093805 -0.01306579 0.00481372
v -0.02096321 -0.01293927 0.00485044
v -0.02106193 -0.01292939 0.00478197
v -0.02105612 -0.01281473 0.00483555
v -0.02122646 -0.01246285 0.00486036
v -0.02164458 -0.01166221 0.00488616
v -0.02168716 -0.01155348 0.00489609
v -0.02151295 -0.01190141 0.00488319
v -0.02098837 -0.01285624 0.00486731
v -0.02101160 -0.01277322 0.00488219
v -0.02297247 -0.00818884 0.00498936
v -0.02287762 -0.00838653 0.00500127
v -0.02290859 -0.00818884 0.00501219
v -0.02301506 -0.00793777 0.00500524
v -0.02315830 -0.00743762 0.00501119
v -0.02331122 -0.00668839 0.00503402
v -0.02341962 -0.00656384 0.00501417
v -0.02350286 -0.00639186 0.00500127
v -0.02318734 -0.00718854 0.00502509
v -0.02356093 -0.00556354 0.00504196
v -0.02343704 -0.00631278 0.00502608
v -0.02343704 -0.00606369 0.00504196
v -0.02368675 -0.00493885 0.00504593
v -0.02381063 -0.00437939 0.00503997
v -0.02381063 -0.00456324 0.00503203
v -0.02356093 -0.00543900 0.00504791
v -0.02331122 -0.00656384 -0.00503997
v -0.02318734 -0.00693945 -0.00504295
v -0.02368675 -0.00481431 -0.00504791
v -0.02343704 -0.00581263 -0.00505089
v -0.02356093 -0.00518794 -0.00505486
v -0.02318734 -0.00656384 -0.00505982
v -0.02331122 -0.00643930 -0.00504593
v -0.02374675 -0.00437939 -0.00504990
v -0.02368675 -0.00468779 -0.00505188
v -0.02281181 -0.00831338 -0.00502707
v -0.02281568 -0.00843199 -0.00501318
v -0.02256210 -0.00893807 -0.00502707
v -0.02256404 -0.00905471 -0.00501318
v -0.02263953 -0.00893807 -0.00500524
v -0.02274406 -0.00874039 -0.00499830
v -0.02281181 -0.00806429 -0.00504593
v -0.02268599 -0.00843792 -0.00504394
v -0.02256210 -0.00881353 -0.00503898
v -0.02223690 -0.00997593 -0.00499631
v -0.02235692 -0.00971103 -0.00499433
v -0.02211496 -0.01023095 -0.00499631
v -0.02199107 -0.01048399 -0.00499730
v -0.02168329 -0.01119369 -0.00498143
v -0.02193106 -0.01069156 -0.00498043
v -0.02155747 -0.01144278 -0.00498143
v -0.02156134 -0.01156337 -0.00495364
v -0.02157296 -0.01169977 -0.00491296
v -0.02168523 -0.01155348 -0.00489708
v -0.02164458 -0.01166419 -0.00488616
v -0.02160199 -0.01181443 -0.00485937
v -0.02154005 -0.01181443 -0.00489609
v -0.02125163 -0.01237982 -0.00487624
v -0.02112000 -0.01261902 -0.00487227
v -0.02096514 -0.01293927 -0.00485143
v -0.02119162 -0.01268821 -0.00479189
v -0.02171426 -0.01193897 -0.00471449
v -0.02102128 -0.01303812 -0.00476709
v -0.02099612 -0.01312312 -0.00474724
v -0.02110452 -0.01296695 -0.00473037
v -0.02134648 -0.01256367 -0.00472144
v -0.02164651 -0.01216434 -0.00464900
v -0.02138326 -0.01264076 -0.00463511
v -0.02148972 -0.01248657 -0.00461328
v -0.02139874 -0.01304405 0.00393652
v -0.02130970 -0.01318836 -0.00406155
v -0.02126131 -0.01327139 -0.00406155
v -0.02131357 -0.01318836 -0.00393652
v -0.02114323 -0.01303614 -0.00464702
v -0.02106967 -0.01307963 -0.00469762
v -0.02103483 -0.01318836 -0.00466389
v -0.02100967 -0.01326744 -0.00463709
v -0.02109871 -0.01318836 -0.00459145
v -0.02110258 -0.01334453 -0.00443664
v -0.02105419 -0.01330302 -0.00455275
v -0.02037088 -0.01424599 -0.00461923
v -0.02087610 -0.01362723 -0.00450115
v -0.02112000 -0.01337023 -0.00436619
v -0.02115872 -0.01342559 -0.00406155
v -0.02122066 -0.01333267 -0.00406155
v -0.02100580 -0.01363513 -0.00415383
v -0.02074641 -0.01399690 -0.00423124
v -0.02087029 -0.01374386 -0.00436321
v -0.02098450 -0.01360350 -0.00431161
v -0.02088578 -0.01376759 -0.00427986
v -0.02123421 -0.01322394 0.00431161
v -0.02114323 -0.01327930 0.00443664
v -0.02135035 -0.01308556 0.00418658
v -0.02125356 -0.01325953 0.00415483
v -0.02110645 -0.01347303 0.00418658
v -0.02099612 -0.01362327 0.00423719
v -0.02113549 -0.01339396 0.00427986
v -0.02130777 -0.01318836 0.00406155
v -0.02172394 -0.01106322 0.00499135
v -0.02215367 -0.01006292 0.00500822
v -0.02219238 -0.00993640 0.00501417
v -0.02225626 -0.00989291 0.00500127
v -0.02235692 -0.00971103 0.00499433
v -0.02151489 -0.01140719 0.00500524
v -0.02153811 -0.01131428 0.00501219
v -0.02274406 -0.00874039 0.00499829
v -0.02157296 -0.01169779 0.00491296
v -0.02143746 -0.01181443 0.00494669
v -0.02156134 -0.01156337 0.00495463
v -0.02155941 -0.01144475 0.00498242
v -0.02094385 -0.01344931 0.00457160
v -0.02098644 -0.01348292 0.00447534
v -0.02087417 -0.01362723 0.00450015
v -0.02076383 -0.01377154 0.00451901
v -0.02037088 -0.01424599 0.00462022
v -0.02087223 -0.01349873 0.00462221
v -0.02090127 -0.01341570 0.00464999
v -0.02093417 -0.01330895 0.00468572
v -0.02088385 -0.01326546 0.00475716
v -0.02097095 -0.01318836 0.00472541
v -0.02072125 -0.01356397 0.00472442
v -0.02081222 -0.01319429 0.00484349
v -0.02013279 -0.01438833 0.00475617
v -0.02085287 -0.01309347 0.00486136
v -0.02087997 -0.01301044 0.00487822
v -0.02140455 -0.01206352 0.00489112
v -0.02090127 -0.01293927 0.00489013
v -0.02281568 -0.00843199 0.00501318
v -0.02281181 -0.00831338 0.00502608
v -0.02263953 -0.00893807 0.00500524
v -0.02256404 -0.00905471 0.00501318
v -0.02269567 -0.00869492 0.00501715
v -0.02306152 -0.00756414 0.00502608
v -0.02306732 -0.00768276 0.00501417
v -0.02318734 -0.00706399 0.00503501
v -0.02318734 -0.00693945 0.00504394
v -0.02331122 -0.00656384 0.00504196
v -0.02343704 -0.00593915 0.00504791
v -0.02356093 -0.00531446 0.00505188
v -0.02356093 -0.00506339 0.00505982
v -0.02368675 -0.00481431 0.00504890
v -0.02368675 -0.00443870 0.00505783
v -0.02368675 -0.00437939 0.00505883
v -0.02318734 -0.00668839 -0.00505486
v -0.02331122 -0.00631278 -0.00505089
v -0.02343704 -0.00556354 -0.00505883
v -0.02356093 -0.00493885 -0.00506081
v -0.02318734 -0.00643930 -0.00506280
v -0.02306152 -0.00693945 -0.00506081
v -0.02368675 -0.00437939 -0.00505783
v -0.02368675 -0.00456324 -0.00505486
v -0.02231240 -0.00956277 -0.00502509
v -0.02244596 -0.00931566 -0.00501616
v -0.02241305 -0.00943822 -0.00501120
v -0.02231433 -0.00967743 -0.00501120
v -0.02249242 -0.00935915 -0.00499730
v -0.02281181 -0.00793777 -0.00505188
v -0.02268599 -0.00818884 -0.00505783
v -0.02268599 -0.00831338 -0.00505188
v -0.02256210 -0.00868899 -0.00504791
v -0.02231240 -0.00931368 -0.00504692
v -0.02231240 -0.00943822 -0.00503700
v -0.02225626 -0.00989291 -0.00500127
v -0.02219238 -0.00993640 -0.00501417
v -0.02203172 -0.01031398 -0.00500921
v -0.02227368 -0.00981383 -0.00500623
v -0.02190783 -0.01056307 -0.00501020
v -0.02176266 -0.01090309 -0.00500425
v -0.02163877 -0.01115415 -0.00500425
v -0.02161748 -0.01123718 -0.00499730
v -0.02159812 -0.01131428 -0.00499036
v -0.02151295 -0.01140324 -0.00500425
v -0.02149166 -0.01148627 -0.00499631
v -0.02146843 -0.01156337 -0.00498936
v -0.02133486 -0.01181443 -0.00498639
v -0.02130196 -0.01193107 -0.00497349
v -0.02143746 -0.01181443 -0.00494570
v -0.02081222 -0.01293927 -0.00493479
v -0.02118581 -0.01242924 -0.00489609
v -0.02090127 -0.01293927 -0.00489013
v -0.02087997 -0.01301242 -0.00487823
v -0.02085287 -0.01309545 -0.00486235
v -0.02093805 -0.01306777 -0.00481472
v -0.02091288 -0.01318836 -0.00477800
v -0.02088578 -0.01326744 -0.00475816
v -0.02074641 -0.01349675 -0.00474625
v -0.02097482 -0.01318836 -0.00472640
v -0.02127099 -0.01281275 -0.00464900
v -0.02131357 -0.01318836 0.00393652
v -0.02122259 -0.01333663 -0.00393652
v -0.02126324 -0.01327337 -0.00393652
v -0.02089933 -0.01341372 -0.00465098
v -0.02075996 -0.01364304 -0.00463610
v -0.02087029 -0.01349675 -0.00462122
v -0.02098257 -0.01335046 -0.00460335
v -0.02100967 -0.01351652 -0.00439398
v -0.02051025 -0.01401667 -0.00463610
v -0.02011924 -0.01461764 -0.00461923
v -0.02026055 -0.01451682 -0.00451702
v -0.02037282 -0.01437251 -0.00449618
v -0.02035153 -0.01444565 -0.00444756
v -0.02039605 -0.01440809 -0.00441283
v -0.02075802 -0.01389015 -0.00439199
v -0.02106580 -0.01356397 -0.00406155
v -0.02107161 -0.01356397 -0.00393652
v -0.02060317 -0.01422029 -0.00418658
v -0.02050251 -0.01438042 -0.00414093
v -0.02046573 -0.01445159 -0.00406155
v -0.02063414 -0.01414121 -0.00427688
v -0.02038250 -0.01451287 -0.00427291
v -0.02049477 -0.01436856 -0.00422429
v -0.02035153 -0.01458997 -0.00418658
v -0.02061865 -0.01411749 -0.00436024
v -0.02073286 -0.01397714 -0.00431161
v -0.02116840 -0.01332081 0.00431757
v -0.02111806 -0.01336826 0.00436321
v -0.02100773 -0.01351455 0.00439199
v -0.02125937 -0.01326941 0.00406155
v -0.02115678 -0.01342559 0.00406155
v -0.02100386 -0.01363316 0.00415383
v -0.02050251 -0.01438042 0.00414193
v -0.02060317 -0.01422029 0.00418658
v -0.02074641 -0.01399690 0.00423123
v -0.02088578 -0.01376759 0.00427688
v -0.02102515 -0.01354025 0.00431161
v -0.02091869 -0.01369642 0.00431657
v -0.02126324 -0.01327337 0.00393652
v -0.02160006 -0.01131428 0.00499135
v -0.02149359 -0.01149220 0.00499829
v -0.02206850 -0.01018746 0.00501516
v -0.02218658 -0.00981383 0.00503005
v -0.02231433 -0.00967743 0.00501119
v -0.02227368 -0.00981383 0.00500623
v -0.02206075 -0.01006292 0.00503203
v -0.02249242 -0.00935915 0.00499730
v -0.02141036 -0.01156337 0.00501020
v -0.02144520 -0.01144475 0.00501814
v -0.02143746 -0.01131428 0.00503700
v -0.02193687 -0.01031398 0.00503303
v -0.02107161 -0.01257157 0.00491196
v -0.02133874 -0.01181443 0.00498738
v -0.02081222 -0.01293927 0.00493479
v -0.02106193 -0.01243912 0.00495265
v -0.02025668 -0.01463346 0.00438703
v -0.02048315 -0.01422820 0.00447137
v -0.02037088 -0.01437251 0.00449519
v -0.02026055 -0.01451485 0.00451603
v -0.02039992 -0.01428948 0.00453687
v -0.02023151 -0.01447333 0.00459938
v -0.02011924 -0.01461764 0.00461824
v -0.02025861 -0.01439030 0.00463511
v -0.02051025 -0.01401667 0.00463610
v -0.02028571 -0.01431320 0.00465992
v -0.02021990 -0.01431320 0.00472243
v -0.02018699 -0.01418866 0.00481273
v -0.01998955 -0.01436263 0.00486929
v -0.02010375 -0.01447135 0.00473136
v -0.02002052 -0.01452868 0.00476709
v -0.02006117 -0.01443379 0.00478495
v -0.02074060 -0.01323976 0.00487029
v -0.02076964 -0.01315673 0.00488616
v -0.02081222 -0.01305789 0.00489807
v -0.02103677 -0.01268821 0.00489509
v -0.02281181 -0.00818884 0.00503600
v -0.02256210 -0.00893807 0.00502608
v -0.02268599 -0.00856444 0.00503203
v -0.02241305 -0.00943822 0.00501119
v -0.02244596 -0.00931566 0.00501616
v -0.02231240 -0.00956277 0.00502509
v -0.02306152 -0.00743762 0.00503600
v -0.02318734 -0.00681293 0.00505089
v -0.02281181 -0.00806429 0.00504394
v -0.02331122 -0.00643930 0.00504791
v -0.02343704 -0.00556354 0.00505982
v -0.02318734 -0.00668839 0.00505585
v -0.02318734 -0.00656384 0.00505982
v -0.02356093 -0.00493885 0.00506280
v -0.02356093 -0.00443870 0.00506676
v -0.02356093 -0.00437939 0.00506676
v -0.02356093 -0.00481431 0.00506478
v -0.02306152 -0.00706399 -0.00505585
v -0.02356093 -0.00481431 -0.00506280
v -0.02306152 -0.00668839 -0.00506577
v -0.02293569 -0.00718854 -0.00506478
v -0.02343704 -0.00506339 -0.00506677
v -0.02293569 -0.00731308 -0.00506180
v -0.02362094 -0.00437939 -0.00506280
v -0.02218658 -0.00981383 -0.00503005
v -0.02293569 -0.00743762 -0.00505684
v -0.02281181 -0.00768869 -0.00506180
v -0.02268599 -0.00806429 -0.00506180
v -0.02256210 -0.00843792 -0.00506081
v -0.02256210 -0.00856444 -0.00505486
v -0.02243628 -0.00893807 -0.00505188
v -0.02218658 -0.00968929 -0.00504096
v -0.02231240 -0.00918914 -0.00505486
v -0.02206075 -0.00981383 -0.00505287
v -0.02206075 -0.01006292 -0.00503203
v -0.02206850 -0.01018944 -0.00501516
v -0.02194461 -0.01044050 -0.00501616
v -0.02169491 -0.01094263 -0.00501814
v -0.02166006 -0.01106322 -0.00501120
v -0.02153618 -0.01131428 -0.00501120
v -0.02144326 -0.01144278 -0.00501814
v -0.02140649 -0.01156337 -0.00501020
v -0.02138326 -0.01164442 -0.00500326
v -0.02136003 -0.01172745 -0.00499532
v -0.02123034 -0.01196665 -0.00499333
v -0.02097095 -0.01243912 -0.00498936
v -0.02106000 -0.01231853 -0.00498143
v -0.02080254 -0.01280682 -0.00497250
v -0.02106193 -0.01243912 -0.00495265
v -0.02068640 -0.01294718 -0.00498440
v -0.02068640 -0.01306382 -0.00495463
v -0.02069608 -0.01319627 -0.00491097
v -0.02081222 -0.01305789 -0.00489906
v -0.02074254 -0.01324174 -0.00487128
v -0.02081222 -0.01319627 -0.00484548
v -0.02081416 -0.01331093 -0.00478991
v -0.02052380 -0.01378735 -0.00476808
v -0.02077351 -0.01341372 -0.00476907
v -0.02013279 -0.01438833 -0.00475617
v -0.02060704 -0.01372409 -0.00473335
v -0.02072318 -0.01356397 -0.00472541
v -0.02078706 -0.01356397 -0.00466289
v -0.02122259 -0.01333663 0.00393652
v -0.02043283 -0.01405819 -0.00468373
v -0.02025861 -0.01439030 -0.00463412
v -0.02015021 -0.01465916 -0.00453588
v -0.02010375 -0.01447135 -0.00473037
v -0.01998955 -0.01461171 -0.00474129
v -0.02003020 -0.01468683 -0.00465198
v -0.01950756 -0.01538467 -0.00463213
v -0.01935851 -0.01560410 -0.00460534
v -0.01947465 -0.01546770 -0.00459343
v -0.01950756 -0.01550921 -0.00451008
v -0.02023345 -0.01459985 -0.00447038
v -0.02025474 -0.01463346 -0.00438703
v -0.02072125 -0.01408389 -0.00393652
v -0.02107161 -0.01356397 0.00393652
v -0.02025087 -0.01475009 -0.00413101
v -0.02036121 -0.01460380 -0.00406155
v -0.02036508 -0.01460974 -0.00393652
v -0.02046960 -0.01445554 -0.00393652
v -0.02041347 -0.01444565 -0.00431360
v -0.02027023 -0.01465520 -0.00431161
v -0.02024119 -0.01474021 -0.00421437
v -0.02028184 -0.01469276 -0.00417864
v -0.02036701 -0.01448915 -0.00435627
v -0.02036701 -0.01448915 0.00435726
v -0.02106387 -0.01356397 0.00406155
v -0.02046573 -0.01445159 0.00406155
v -0.02028184 -0.01469474 0.00417864
v -0.02039411 -0.01452868 0.00418658
v -0.02049477 -0.01437053 0.00422528
v -0.02038250 -0.01451287 0.00427390
v -0.02063414 -0.01414121 0.00427490
v -0.02033798 -0.01455834 0.00431360
v -0.02041540 -0.01444368 0.00431360
v -0.02136196 -0.01173140 0.00499631
v -0.02112387 -0.01212480 0.00499929
v -0.02206075 -0.00993837 0.00504493
v -0.02218658 -0.00968929 0.00504196
v -0.02118581 -0.01181443 0.00503005
v -0.02114710 -0.01204177 0.00500623
v -0.02081610 -0.01256169 0.00501417
v -0.02131164 -0.01156337 0.00503402
v -0.02131164 -0.01143882 0.00504791
v -0.02143746 -0.01118776 0.00504890
v -0.02168716 -0.01068761 0.00504791
v -0.02193687 -0.01018944 0.00504593
v -0.02083352 -0.01268821 0.00498639
v -0.02099225 -0.01236400 0.00499730
v -0.02069415 -0.01319429 0.00491097
v -0.02068640 -0.01306382 0.00495463
v -0.02068640 -0.01294520 0.00498440
v -0.02080061 -0.01280287 0.00497249
v -0.02027216 -0.01465520 0.00431161
v -0.02022764 -0.01471846 0.00431161
v -0.02010956 -0.01485684 0.00434039
v -0.02014247 -0.01477184 0.00440588
v -0.02011731 -0.01474021 0.00448924
v -0.02023151 -0.01459787 0.00447038
v -0.02014828 -0.01465718 0.00453488
v -0.02000310 -0.01475405 0.00462915
v -0.02003020 -0.01468683 0.00465297
v -0.02007085 -0.01457415 0.00469465
v -0.02014634 -0.01453461 0.00464801
v -0.02009408 -0.01469474 0.00457061
v -0.01988696 -0.01501500 0.00451603
v -0.01950756 -0.01550921 0.00451008
v -0.01962370 -0.01524827 0.00462320
v -0.02018118 -0.01443182 0.00468274
v -0.01996245 -0.01443775 0.00485242
v -0.01987728 -0.01450298 0.00487624
v -0.01990051 -0.01443775 0.00488914
v -0.02012892 -0.01413331 0.00487822
v -0.01998955 -0.01461171 0.00474228
v -0.01993341 -0.01455834 0.00481174
v -0.01987534 -0.01475009 0.00475022
v -0.02015215 -0.01406412 0.00489013
v -0.02268599 -0.00843792 0.00504196
v -0.02268599 -0.00831338 0.00505089
v -0.02243628 -0.00918914 0.00503203
v -0.02243628 -0.00906262 0.00504295
v -0.02231240 -0.00943822 0.00503700
v -0.02306152 -0.00706399 0.00505684
v -0.02281181 -0.00793777 0.00505089
v -0.02281181 -0.00781323 0.00505684
v -0.02343704 -0.00543900 0.00506280
v -0.02306152 -0.00693945 0.00506180
v -0.02318734 -0.00643930 0.00506280
v -0.02350092 -0.00437939 0.00506776
v -0.02343704 -0.00493885 0.00506776
v -0.02343704 -0.00468779 0.00506875
v -0.02343704 -0.00531446 0.00506478
v -0.02356093 -0.00437939 -0.00506677
v -0.02318734 -0.00606369 -0.00506677
v -0.02306152 -0.00643930 -0.00506776
v -0.02281181 -0.00731308 -0.00506776
v -0.02281181 -0.00756414 -0.00506478
v -0.02343704 -0.00493885 -0.00506776
v -0.02206075 -0.00993837 -0.00504394
v -0.02256210 -0.00831338 -0.00506478
v -0.02243628 -0.00868899 -0.00506280
v -0.02231240 -0.00906262 -0.00505982
v -0.02218658 -0.00931368 -0.00506180
v -0.02206075 -0.00968929 -0.00505883
v -0.02193687 -0.01006292 -0.00505387
v -0.02193687 -0.01018944 -0.00504493
v -0.02193687 -0.01031398 -0.00503303
v -0.02168716 -0.01081413 -0.00503501
v -0.02156134 -0.01106322 -0.00503600
v -0.02143746 -0.01131428 -0.00503600
v -0.02156908 -0.01119369 -0.00501814
v -0.02131164 -0.01156337 -0.00503402
v -0.02131551 -0.01168593 -0.00501616
v -0.02118775 -0.01193107 -0.00501318
v -0.02114710 -0.01203980 -0.00500723
v -0.02088578 -0.01252018 -0.00500326
v -0.02099225 -0.01236400 -0.00499730
v -0.02086062 -0.01260320 -0.00499532
v -0.02072899 -0.01284438 -0.00499234
v -0.02062059 -0.01299463 -0.00499830
v -0.02059736 -0.01306382 -0.00499036
v -0.02043670 -0.01343942 -0.00495463
v -0.02063220 -0.01338803 -0.00487922
v -0.02006117 -0.01406412 -0.00493380
v -0.02031087 -0.01380712 -0.00489807
v -0.02071931 -0.01331290 -0.00485540
v -0.02031087 -0.01394353 -0.00484250
v -0.02005923 -0.01431716 -0.00484052
v -0.02006117 -0.01443379 -0.00478396
v -0.02002052 -0.01452868 -0.00476609
v -0.02000310 -0.01487859 -0.00450412
v -0.02011924 -0.01474219 -0.00449023
v -0.01987341 -0.01474812 -0.00474922
v -0.01899847 -0.01587296 -0.00474823
v -0.01961015 -0.01510593 -0.00473632
v -0.01939142 -0.01552108 -0.00464106
v -0.01912622 -0.01587691 -0.00462618
v -0.01924237 -0.01574051 -0.00461625
v -0.01914752 -0.01592634 -0.00455175
v -0.01939142 -0.01564562 -0.00452198
v -0.01912622 -0.01600146 -0.00450313
v -0.01935851 -0.01572865 -0.00447336
v -0.02014247 -0.01477184 -0.00440688
v -0.02022570 -0.01471649 -0.00431161
v -0.02072125 -0.01408389 0.00393652
v -0.02020635 -0.01481928 -0.00406155
v -0.02025474 -0.01475602 -0.00406155
v -0.02012698 -0.01487661 -0.00425505
v -0.01997406 -0.01509209 -0.00418658
v -0.01937593 -0.01587691 -0.00413002
v -0.02036508 -0.01460974 0.00393652
v -0.02025861 -0.01476196 -0.00393652
v -0.02046960 -0.01445554 0.00393652
v -0.02036121 -0.01460380 0.00406155
v -0.02025087 -0.01475009 0.00413101
v -0.02024313 -0.01474021 0.00421437
v -0.02206075 -0.00981383 0.00505486
v -0.02231240 -0.00931368 0.00504692
v -0.02093611 -0.01218806 0.00503700
v -0.02106193 -0.01193897 0.00504096
v -0.02081222 -0.01243912 0.00503203
v -0.02072705 -0.01283845 0.00499333
v -0.02064382 -0.01290764 0.00500524
v -0.02057026 -0.01294520 0.00501814
v -0.02068640 -0.01268821 0.00502707
v -0.02106193 -0.01181443 0.00505188
v -0.02131164 -0.01131428 0.00505684
v -0.02081222 -0.01231260 0.00504593
v -0.02143746 -0.01106322 0.00505684
v -0.02168716 -0.01056307 0.00505684
v -0.02193687 -0.01006292 0.00505585
v -0.02056058 -0.01331290 0.00493578
v -0.02005923 -0.01418075 0.00489708
v -0.02006117 -0.01406412 0.00493379
v -0.02043670 -0.01343942 0.00495364
v -0.02055284 -0.01318243 0.00497547
v -0.02043670 -0.01332081 0.00498440
v -0.02047735 -0.01321999 0.00499333
v -0.02061672 -0.01299067 0.00499730
v -0.02012698 -0.01487661 0.00425703
v -0.02015795 -0.01481335 0.00430367
v -0.02006117 -0.01493592 0.00430963
v -0.01987921 -0.01512965 0.00438207
v -0.01999342 -0.01499325 0.00436321
v -0.02002246 -0.01490429 0.00443664
v -0.02008827 -0.01481335 0.00444359
v -0.01962176 -0.01537281 0.00449718
v -0.01939142 -0.01552108 0.00464106
v -0.01942626 -0.01542421 0.00467877
v -0.01924237 -0.01586703 0.00448924
v -0.01912622 -0.01600343 0.00450412
v -0.01914945 -0.01592634 0.00455175
v -0.01924237 -0.01574051 0.00461725
v -0.01912622 -0.01587691 0.00462717
v -0.01915332 -0.01581168 0.00465098
v -0.01980566 -0.01455241 0.00489311
v -0.01984437 -0.01458601 0.00485639
v -0.01949788 -0.01499720 0.00487326
v -0.01981146 -0.01443775 0.00492983
v -0.01994309 -0.01431716 0.00490799
v -0.01980566 -0.01479952 0.00477205
v -0.01968564 -0.01493197 0.00478395
v -0.01906815 -0.01582354 0.00471945
v -0.01911267 -0.01573656 0.00474029
v -0.01899653 -0.01587296 0.00474823
v -0.01964306 -0.01502290 0.00476411
v -0.02256210 -0.00868899 0.00504692
v -0.02268599 -0.00818884 0.00505684
v -0.02243628 -0.00893807 0.00505188
v -0.02256210 -0.00856444 0.00505486
v -0.02281181 -0.00768869 0.00506180
v -0.02306152 -0.00681293 0.00506478
v -0.02281181 -0.00756414 0.00506478
v -0.02318734 -0.00631278 0.00506478
v -0.02343704 -0.00437939 0.00506875
v -0.02318734 -0.00593915 0.00506776
v -0.02318734 -0.00581263 0.00506875
v -0.02331122 -0.00531446 0.00506875
v -0.02343704 -0.00437939 -0.00506875
v -0.02343704 -0.00468779 -0.00506875
v -0.02318734 -0.00593915 -0.00506776
v -0.02306152 -0.00631278 -0.00506875
v -0.02256210 -0.00806429 -0.00506776
v -0.02331122 -0.00531446 -0.00506875
v -0.02318734 -0.00581263 -0.00506875
v -0.02243628 -0.00856444 -0.00506577
v -0.02193687 -0.00968929 -0.00506677
v -0.02231240 -0.00893807 -0.00506379
v -0.02193687 -0.00981383 -0.00506379
v -0.02193687 -0.00993837 -0.00505982
v -0.02156134 -0.01081413 -0.00505486
v -0.02156134 -0.01093867 -0.00504692
v -0.02131164 -0.01143882 -0.00504692
v -0.02143746 -0.01118776 -0.00504692
v -0.02106193 -0.01193897 -0.00504096
v -0.02081222 -0.01243912 -0.00503402
v -0.02118581 -0.01181443 -0.00503005
v -0.02107354 -0.01207538 -0.00502112
v -0.02090707 -0.01243912 -0.00501020
v -0.02068640 -0.01280682 -0.00501219
v -0.02075415 -0.01275938 -0.00500127
v -0.02053348 -0.01306382 -0.00500921
v -0.02028378 -0.01343942 -0.00500921
v -0.02025861 -0.01351455 -0.00500226
v -0.02036895 -0.01337023 -0.00499830
v -0.02064575 -0.01291160 -0.00500623
v -0.02011731 -0.01374386 -0.00499830
v -0.02022958 -0.01359757 -0.00499333
v -0.02018699 -0.01369642 -0.00498440
v -0.02030507 -0.01356001 -0.00497448
v -0.01980372 -0.01430727 -0.00497349
v -0.02018699 -0.01381305 -0.00495364
v -0.02060317 -0.01347105 -0.00486136
v -0.02012892 -0.01413133 -0.00487723
v -0.02021409 -0.01406412 -0.00485243
v -0.01993728 -0.01418866 -0.00495166
v -0.01994309 -0.01431716 -0.00490799
v -0.01989857 -0.01443775 -0.00488815
v -0.01998761 -0.01436065 -0.00486731
v -0.01996051 -0.01443775 -0.00485044
v -0.01987534 -0.01450101 -0.00487525
v -0.01984243 -0.01458404 -0.00485540
v -0.01990631 -0.01466509 -0.00477205
v -0.01964112 -0.01502290 -0.00476312
v -0.01921333 -0.01593820 -0.00444260
v -0.01941464 -0.01568713 -0.00443367
v -0.01976307 -0.01526606 -0.00439794
v -0.01906815 -0.01569109 -0.00479785
v -0.01894040 -0.01581563 -0.00481571
v -0.01890749 -0.01593622 -0.00477205
v -0.01887845 -0.01600343 -0.00475319
v -0.01897137 -0.01593622 -0.00472541
v -0.01901008 -0.01601134 -0.00463412
v -0.01915139 -0.01581168 -0.00465098
v -0.01927527 -0.01565748 -0.00464900
v -0.01918816 -0.01555864 -0.00478693
v -0.01909332 -0.01595994 -0.00458648
v -0.01909332 -0.01608844 -0.00443664
v -0.01914558 -0.01602518 -0.00443664
v -0.01897137 -0.01609437 -0.00459244
v -0.01888620 -0.01626241 -0.00451504
v -0.02010956 -0.01485487 -0.00433841
v -0.01987728 -0.01512965 -0.00438207
v -0.02015602 -0.01481335 -0.00430268
v -0.01965080 -0.01553294 -0.00406155
v -0.01987534 -0.01525024 -0.00401094
v -0.02014828 -0.01490429 -0.00393652
v -0.01996051 -0.01505849 -0.00431657
v -0.01984437 -0.01521071 -0.00431161
v -0.01946884 -0.01568516 -0.00432352
v -0.01928689 -0.01592238 -0.00431161
v -0.01924817 -0.01599750 -0.00424810
v -0.01936431 -0.01586308 -0.00421337
v -0.01931205 -0.01593820 -0.00418956
v -0.01948046 -0.01572469 -0.00418658
v -0.01925979 -0.01601332 -0.00416475
v -0.01921720 -0.01608646 -0.00406155
v -0.01926753 -0.01602320 -0.00406155
v -0.01937980 -0.01588087 -0.00406155
v -0.02025861 -0.01476196 0.00393652
v -0.02025474 -0.01475602 0.00406155
v -0.02013473 -0.01488650 0.00418658
v -0.02020635 -0.01481928 0.00406155
v -0.01937593 -0.01587691 0.00413101
v -0.01975533 -0.01538269 0.00415483
v -0.01991212 -0.01517315 0.00418658
v -0.01964112 -0.01552108 0.00418658
v -0.02206075 -0.00968929 0.00506081
v -0.02231240 -0.00918914 0.00505486
v -0.02056058 -0.01281275 0.00503799
v -0.02068640 -0.01256367 0.00504196
v -0.02052961 -0.01306382 0.00500822
v -0.02043670 -0.01318243 0.00501219
v -0.02032055 -0.01332081 0.00501814
v -0.02043670 -0.01306382 0.00503005
v -0.02068640 -0.01243912 0.00505287
v -0.02118581 -0.01143882 0.00506180
v -0.02131164 -0.01118776 0.00506280
v -0.02143746 -0.01093867 0.00506280
v -0.02106193 -0.01168791 0.00505982
v -0.02043670 -0.01293927 0.00504593
v -0.02056058 -0.01268821 0.00504990
v -0.02168716 -0.01043852 0.00506280
v -0.02193687 -0.00993837 0.00506180
v -0.01993728 -0.01418866 0.00495066
v -0.02018699 -0.01381305 0.00495265
v -0.02034185 -0.01343942 0.00498936
v -0.02036701 -0.01336628 0.00499730
v -0.01997600 -0.01396725 0.00499234
v -0.01974565 -0.01537083 0.00423818
v -0.01963144 -0.01550724 0.00426696
v -0.02001084 -0.01501500 0.00427986
v -0.01978243 -0.01529176 0.00431161
v -0.01961402 -0.01548747 0.00435031
v -0.01949788 -0.01562387 0.00437314
v -0.01926753 -0.01589668 0.00440588
v -0.01969339 -0.01531943 0.00444756
v -0.01921333 -0.01593820 0.00444359
v -0.01914558 -0.01602716 0.00443664
v -0.01909332 -0.01608844 0.00443664
v -0.01903137 -0.01615961 0.00443664
v -0.01900815 -0.01613391 0.00451008
v -0.01905073 -0.01604890 0.00454878
v -0.01909332 -0.01595994 0.00458748
v -0.01901008 -0.01601134 0.00463411
v -0.01956756 -0.01481533 0.00490799
v -0.01926559 -0.01527001 0.00488319
v -0.01907009 -0.01544398 0.00491097
v -0.01956756 -0.01494778 0.00485342
v -0.01947078 -0.01506244 0.00485838
v -0.01934883 -0.01521664 0.00485937
v -0.01923269 -0.01535304 0.00486532
v -0.01931205 -0.01506244 0.00493578
v -0.01968564 -0.01456229 0.00494173
v -0.01968177 -0.01443775 0.00497944
v -0.01972242 -0.01433890 0.00499135
v -0.01918816 -0.01555864 0.00478892
v -0.01887845 -0.01600343 0.00475319
v -0.01890749 -0.01593622 0.00477304
v -0.01894040 -0.01581761 0.00481670
v -0.01902944 -0.01578795 0.00477304
v -0.01914558 -0.01565155 0.00476709
v -0.02256210 -0.00831338 0.00506478
v -0.02231240 -0.00906262 0.00506081
v -0.02293569 -0.00693945 0.00506776
v -0.02281181 -0.00743762 0.00506676
v -0.02256210 -0.00818884 0.00506676
v -0.00743842 -0.00437939 0.00506875
v -0.02306152 -0.00631278 0.00506875
v -0.00743842 -0.00437939 -0.00506875
v -0.02281181 -0.00706399 -0.00506875
v -0.02231240 -0.00856444 -0.00506875
v -0.02231240 -0.00868899 -0.00506776
v -0.02206075 -0.00931368 -0.00506776
v -0.02156134 -0.01031398 -0.00506875
v -0.02143746 -0.01056307 -0.00506875
v -0.02168716 -0.01018944 -0.00506677
v -0.02143746 -0.01081413 -0.00506478
v -0.02143746 -0.01093867 -0.00506081
v -0.02143746 -0.01106322 -0.00505486
v -0.02131164 -0.01131428 -0.00505486
v -0.02068640 -0.01243912 -0.00505387
v -0.02056058 -0.01268821 -0.00505188
v -0.02081222 -0.01231260 -0.00504692
v -0.02068640 -0.01256367 -0.00504394
v -0.02056058 -0.01281275 -0.00503997
v -0.02068640 -0.01268821 -0.00502906
v -0.02057220 -0.01294718 -0.00501913
v -0.02043670 -0.01306382 -0.00503203
v -0.02018699 -0.01343942 -0.00503104
v -0.01975533 -0.01426181 -0.00500226
v -0.01972436 -0.01434483 -0.00499234
v -0.01968371 -0.01443972 -0.00498043
v -0.01956176 -0.01468683 -0.00495364
v -0.01981146 -0.01443775 -0.00492983
v -0.01980566 -0.01455043 -0.00489113
v -0.01914752 -0.01540444 -0.00488716
v -0.01911461 -0.01548747 -0.00486929
v -0.01946884 -0.01506244 -0.00485639
v -0.01981727 -0.01469276 -0.00481670
v -0.01968564 -0.01492999 -0.00478197
v -0.01911654 -0.01611612 -0.00435329
v -0.01926753 -0.01589668 -0.00440489
v -0.01949788 -0.01562387 -0.00437314
v -0.01897330 -0.01568713 -0.00485937
v -0.01918816 -0.01544200 -0.00484548
v -0.01884748 -0.01584331 -0.00485937
v -0.01880877 -0.01593424 -0.00483556
v -0.01888232 -0.01576028 -0.00487922
v -0.01880490 -0.01605286 -0.00477304
v -0.01875844 -0.01613391 -0.00475617
v -0.01884167 -0.01608844 -0.00472144
v -0.01876812 -0.01627031 -0.00464205
v -0.01824741 -0.01687128 -0.00462221
v -0.01848937 -0.01661231 -0.00461228
v -0.01880877 -0.01630787 -0.00455870
v -0.01884942 -0.01634543 -0.00445848
v -0.01868101 -0.01655498 -0.00442771
v -0.01887458 -0.01637509 -0.00437512
v -0.01852422 -0.01665185 -0.00452893
v -0.01800158 -0.01725282 -0.00450313
v -0.01812353 -0.01712235 -0.00449718
v -0.01836549 -0.01686338 -0.00448527
v -0.01848550 -0.01673488 -0.00447931
v -0.01860745 -0.01660440 -0.00447237
v -0.01927140 -0.01602716 -0.00393652
v -0.02014828 -0.01490429 0.00393652
v -0.01923850 -0.01598367 -0.00431161
v -0.01913203 -0.01613193 -0.00426994
v -0.01921527 -0.01605681 -0.00419849
v -0.01914364 -0.01614577 -0.00418658
v -0.01915526 -0.01615961 -0.00406155
v -0.01922107 -0.01608844 -0.00393652
v -0.01987534 -0.01525024 0.00401094
v -0.01965080 -0.01553294 0.00406155
v -0.01937980 -0.01588087 0.00406155
v -0.01926753 -0.01602320 0.00406155
v -0.01921720 -0.01608646 0.00406155
v -0.01920752 -0.01607262 0.00418658
v -0.01925785 -0.01600936 0.00418658
v -0.01925011 -0.01599948 0.00425207
v -0.01941077 -0.01581761 0.00417864
v -0.02206075 -0.00956277 0.00506478
v -0.02231240 -0.00893807 0.00506478
v -0.02193687 -0.00981383 0.00506577
v -0.02031087 -0.01318836 0.00503898
v -0.02027990 -0.01343942 0.00500822
v -0.02018699 -0.01343942 0.00503005
v -0.02002826 -0.01381305 0.00500822
v -0.01981727 -0.01406609 0.00501814
v -0.01993728 -0.01381305 0.00503005
v -0.02043670 -0.01281275 0.00505585
v -0.02106193 -0.01156337 0.00506478
v -0.02043670 -0.01268821 0.00506180
v -0.02118581 -0.01131428 0.00506577
v -0.02143746 -0.01081413 0.00506577
v -0.02006117 -0.01356397 0.00503898
v -0.01993728 -0.01368851 0.00504593
v -0.01956176 -0.01418866 0.00505188
v -0.01993535 -0.01406609 0.00498242
v -0.02000503 -0.01388422 0.00500127
v -0.01928108 -0.01593820 0.00430169
v -0.01923462 -0.01597971 0.00433543
v -0.01911654 -0.01611414 0.00435527
v -0.01887458 -0.01637509 0.00437512
v -0.01890555 -0.01630787 0.00442474
v -0.01860745 -0.01660638 0.00447237
v -0.01836549 -0.01686535 0.00448626
v -0.01812353 -0.01712432 0.00449916
v -0.01800351 -0.01725282 0.00450412
v -0.01852422 -0.01665185 0.00452992
v -0.01873134 -0.01635334 0.00460335
v -0.01885135 -0.01622484 0.00459839
v -0.01880490 -0.01617938 0.00468175
v -0.01884167 -0.01608646 0.00472144
v -0.01860939 -0.01648382 0.00460831
v -0.01876812 -0.01627031 0.00464205
v -0.01823773 -0.01673686 0.00474029
v -0.01888426 -0.01576226 0.00488021
v -0.01893072 -0.01567527 0.00489112
v -0.01881070 -0.01568713 0.00494074
v -0.01896750 -0.01570888 0.00485639
v -0.01918623 -0.01518698 0.00494769
v -0.01956176 -0.01468683 0.00495265
v -0.01906235 -0.01531153 0.00495860
v -0.01892878 -0.01543014 0.00497349
v -0.01922882 -0.01497150 0.00499333
v -0.01956369 -0.01456822 0.00498539
v -0.01963919 -0.01439426 0.00500425
v -0.01975146 -0.01425587 0.00500028
v -0.01905654 -0.01568120 0.00481174
v -0.01875844 -0.01613391 0.00475617
v -0.01880490 -0.01605088 0.00477403
v -0.01880877 -0.01593622 0.00483655
v -0.01884942 -0.01584528 0.00486136
v -0.02281181 -0.00731308 0.00506776
v -0.02231240 -0.00881353 0.00506676
v -0.02193687 -0.00968929 0.00506776
v -0.02243628 -0.00843792 0.00506776
v -0.02256210 -0.00806429 0.00506776
v -0.00731260 -0.00443870 0.00506478
v -0.00731260 -0.00437939 0.00505783
v -0.00493943 -0.00706399 0.00506875
v -0.00489297 -0.00706399 0.00506676
v -0.02281181 -0.00706399 0.00506875
v -0.00737261 -0.00437939 -0.00506677
v -0.00489297 -0.00710748 -0.00506875
v -0.02206075 -0.00918914 -0.00506875
v -0.02106193 -0.01131428 -0.00506875
v -0.02106193 -0.01143882 -0.00506677
v -0.02118581 -0.01131428 -0.00506478
v -0.02131164 -0.01118776 -0.00506081
v -0.02106193 -0.01168791 -0.00505883
v -0.02043670 -0.01281275 -0.00505783
v -0.02043670 -0.01293927 -0.00504692
v -0.02031087 -0.01318836 -0.00503997
v -0.02006117 -0.01356397 -0.00503898
v -0.01993728 -0.01381305 -0.00503005
v -0.01968564 -0.01418866 -0.00502807
v -0.01956176 -0.01431320 -0.00503501
v -0.01968371 -0.01430727 -0.00501020
v -0.01956563 -0.01443972 -0.00501417
v -0.01940496 -0.01468683 -0.00500723
v -0.01949401 -0.01461764 -0.00499830
v -0.01946691 -0.01468683 -0.00498936
v -0.01930624 -0.01493394 -0.00497746
v -0.01906235 -0.01531153 -0.00495761
v -0.01881070 -0.01568713 -0.00493975
v -0.01931205 -0.01506244 -0.00493479
v -0.01906815 -0.01544200 -0.00491097
v -0.01903137 -0.01554085 -0.00489212
v -0.01859390 -0.01671511 -0.00431161
v -0.01824935 -0.01712432 -0.00425009
v -0.01906428 -0.01618926 -0.00431757
v -0.01876425 -0.01589075 -0.00488319
v -0.01872747 -0.01597576 -0.00486235
v -0.01868682 -0.01606274 -0.00484052
v -0.01891136 -0.01568713 -0.00489410
v -0.01880877 -0.01580575 -0.00489708
v -0.01808868 -0.01670918 -0.00485243
v -0.01827451 -0.01665185 -0.00476709
v -0.01799383 -0.01699385 -0.00474525
v -0.01859971 -0.01634741 -0.00472938
v -0.01856293 -0.01643835 -0.00468969
v -0.01800545 -0.01713026 -0.00463015
v -0.01828225 -0.01691082 -0.00453885
v -0.01875457 -0.01650358 -0.00438207
v -0.01843905 -0.01681395 -0.00444061
v -0.01851260 -0.01676256 -0.00439596
v -0.01798996 -0.01736550 -0.00435428
v -0.01811191 -0.01723503 -0.00434436
v -0.01805965 -0.01731015 -0.00430764
v -0.01796673 -0.01721328 -0.00458648
v -0.01788350 -0.01725875 -0.00463412
v -0.01784285 -0.01734376 -0.00458847
v -0.01787769 -0.01737934 -0.00450511
v -0.01796480 -0.01733783 -0.00443664
v -0.01809256 -0.01719154 -0.00444855
v -0.01927140 -0.01602716 0.00393652
v -0.01885135 -0.01647393 -0.00418658
v -0.01908751 -0.01620903 -0.00418658
v -0.01903718 -0.01629206 -0.00406155
v -0.01910299 -0.01622484 -0.00393652
v -0.01922107 -0.01608844 0.00393652
v -0.01915526 -0.01615961 0.00406155
v -0.01914558 -0.01614775 0.00418658
v -0.01913203 -0.01613391 0.00427192
v -0.01918429 -0.01605681 0.00430367
v -0.01989276 -0.01402853 0.00500524
v -0.01977469 -0.01418866 0.00500723
v -0.01968177 -0.01430332 0.00501020
v -0.01968564 -0.01418866 0.00502906
v -0.01981146 -0.01393760 0.00503898
v -0.02031087 -0.01293927 0.00505982
v -0.01968564 -0.01393760 0.00505684
v -0.01956176 -0.01406412 0.00506081
v -0.02081222 -0.01193897 0.00506577
v -0.02031087 -0.01281275 0.00506478
v -0.02031087 -0.01268821 0.00506776
v -0.02118581 -0.01118776 0.00506776
v -0.02131164 -0.01093867 0.00506776
v -0.02168716 -0.01018944 0.00506776
v -0.01968564 -0.01406412 0.00504593
v -0.01956176 -0.01431320 0.00503700
v -0.01931205 -0.01456229 0.00504692
v -0.01868682 -0.01531153 0.00505089
v -0.01931205 -0.01443775 0.00505783
v -0.01901202 -0.01626438 0.00428284
v -0.01888813 -0.01638893 0.00431161
v -0.01812933 -0.01725480 0.00426100
v -0.01811191 -0.01723503 0.00434436
v -0.01875457 -0.01650358 0.00438207
v -0.01868101 -0.01655498 0.00442771
v -0.01839065 -0.01689303 0.00440291
v -0.01814869 -0.01715200 0.00441581
v -0.01802287 -0.01727654 0.00443664
v -0.01796480 -0.01733783 0.00443664
v -0.01787963 -0.01737934 0.00450611
v -0.01788350 -0.01725875 0.00463312
v -0.01796673 -0.01721328 0.00458748
v -0.01828419 -0.01678825 0.00465694
v -0.01796673 -0.01706106 0.00472045
v -0.01799577 -0.01699583 0.00474724
v -0.01876618 -0.01589273 0.00488319
v -0.01880877 -0.01580772 0.00489807
v -0.01868682 -0.01581168 0.00494868
v -0.01868875 -0.01569306 0.00498539
v -0.01880877 -0.01556259 0.00497944
v -0.01884942 -0.01546770 0.00499135
v -0.01888232 -0.01538467 0.00500226
v -0.01952304 -0.01453066 0.00500723
v -0.01956369 -0.01443775 0.00501516
v -0.01815450 -0.01678232 0.00477006
v -0.01843711 -0.01643637 0.00478892
v -0.01856487 -0.01619124 0.00484647
v -0.01872940 -0.01597576 0.00486334
v -0.02143746 -0.01056307 0.00506875
v -0.02156134 -0.01031398 0.00506875
v -0.02206075 -0.00918914 0.00506875
v -0.02231240 -0.00856444 0.00506875
v -0.00720614 -0.00437939 0.00502211
v -0.00493943 -0.00693945 0.00505783
v -0.00489297 -0.00693747 0.00504692
v -0.00489297 -0.00718854 0.00506875
v -0.00731260 -0.00437939 -0.00505783
v -0.00489297 -0.00698294 -0.00505982
v -0.00489297 -0.00706399 -0.00506677
v -0.00489297 -0.02331195 -0.00506875
v -0.02031087 -0.01256367 -0.00506875
v -0.02031087 -0.01268821 -0.00506776
v -0.02043670 -0.01256367 -0.00506677
v -0.02043670 -0.01268821 -0.00506379
v -0.02106193 -0.01156337 -0.00506379
v -0.02081222 -0.01206352 -0.00506180
v -0.02068640 -0.01231260 -0.00506081
v -0.02018699 -0.01318836 -0.00505783
v -0.02031087 -0.01306382 -0.00505287
v -0.02018699 -0.01331290 -0.00504692
v -0.01993728 -0.01368851 -0.00504593
v -0.01981146 -0.01393760 -0.00503799
v -0.01956176 -0.01418866 -0.00504990
v -0.01931205 -0.01456229 -0.00504493
v -0.01893652 -0.01506244 -0.00504295
v -0.01906235 -0.01493592 -0.00503799
v -0.01918623 -0.01481138 -0.00503303
v -0.01931205 -0.01468683 -0.00502707
v -0.01944562 -0.01457020 -0.00501814
v -0.01906815 -0.01506639 -0.00501616
v -0.01926172 -0.01489045 -0.00500326
v -0.01899653 -0.01524629 -0.00499929
v -0.01918623 -0.01506639 -0.00498341
v -0.01880683 -0.01556061 -0.00497944
v -0.01868682 -0.01569109 -0.00498440
v -0.01868682 -0.01581168 -0.00494769
v -0.01894814 -0.01557445 -0.00491792
v -0.01800739 -0.01738329 -0.00427093
v -0.01801900 -0.01739516 -0.00418658
v -0.01820096 -0.01719549 -0.00418658
v -0.01832871 -0.01705316 -0.00418956
v -0.01849131 -0.01686535 -0.00421635
v -0.01868682 -0.01593424 -0.00490204
v -0.01852422 -0.01615170 -0.00488716
v -0.01812546 -0.01662615 -0.00487525
v -0.01784479 -0.01696815 -0.00485838
v -0.01791060 -0.01703932 -0.00477502
v -0.01787189 -0.01712235 -0.00474823
v -0.01806933 -0.01694640 -0.00471945
v -0.01832097 -0.01669732 -0.00469663
v -0.01792996 -0.01717770 -0.00465793
v -0.01790286 -0.01740109 -0.00443664
v -0.01786414 -0.01749005 -0.00435131
v -0.01793576 -0.01743667 -0.00431161
v -0.01779639 -0.01729631 -0.00467579
v -0.01775961 -0.01738329 -0.00463312
v -0.01738022 -0.01775495 -0.00463015
v -0.01700082 -0.01812660 -0.00462618
v -0.01702985 -0.01815428 -0.00456168
v -0.01678595 -0.01840929 -0.00453985
v -0.01737441 -0.01787356 -0.00449916
v -0.01850099 -0.01687721 -0.00413300
v -0.01862294 -0.01674674 -0.00410422
v -0.01874295 -0.01661824 -0.00406155
v -0.01862681 -0.01675069 -0.00402086
v -0.01880296 -0.01655894 -0.00393652
v -0.01910299 -0.01622484 0.00393652
v -0.01862681 -0.01675069 0.00402186
v -0.01874295 -0.01661824 0.00406155
v -0.01862294 -0.01674674 0.00410521
v -0.01850099 -0.01687721 0.00413399
v -0.01873327 -0.01660638 0.00418658
v -0.01943594 -0.01418866 0.00506379
v -0.02018699 -0.01293927 0.00506676
v -0.01956176 -0.01393760 0.00506577
v -0.02031087 -0.01256367 0.00506875
v -0.02106193 -0.01131428 0.00506875
v -0.01943594 -0.01406412 0.00506776
v -0.01931205 -0.01468683 0.00502806
v -0.01906235 -0.01493592 0.00503898
v -0.01893652 -0.01506244 0.00504295
v -0.01868682 -0.01543607 0.00503501
v -0.01856100 -0.01556061 0.00503898
v -0.01843711 -0.01556061 0.00505684
v -0.01918623 -0.01456229 0.00506081
v -0.01808288 -0.01732794 0.00418658
v -0.01800739 -0.01738329 0.00427093
v -0.01805965 -0.01731015 0.00430764
v -0.01798996 -0.01736353 0.00435428
v -0.01851260 -0.01676256 0.00439596
v -0.01790286 -0.01740109 0.00443664
v -0.01784091 -0.01734178 0.00458946
v -0.01775381 -0.01750388 0.00450412
v -0.01762605 -0.01737539 0.00475022
v -0.01775187 -0.01725084 0.00475121
v -0.01783511 -0.01720735 0.00471648
v -0.01787576 -0.01712432 0.00475022
v -0.01737828 -0.01775297 0.00462816
v -0.01742667 -0.01767785 0.00465396
v -0.01864617 -0.01602320 0.00488517
v -0.01868682 -0.01593622 0.00490204
v -0.01830161 -0.01617740 0.00496952
v -0.01781188 -0.01681198 0.00493776
v -0.01817966 -0.01630392 0.00497249
v -0.01861326 -0.01573853 0.00499730
v -0.01873134 -0.01560410 0.00499532
v -0.01834613 -0.01606076 0.00499036
v -0.01876618 -0.01552108 0.00500425
v -0.01803255 -0.01691280 0.00477304
v -0.01819708 -0.01657475 0.00485937
v -0.01848744 -0.01623473 0.00486830
v -0.00714807 -0.00437939 0.00498043
v -0.00489297 -0.00684654 0.00501318
v -0.00489297 -0.02331195 0.00506875
v -0.00724873 -0.00437939 -0.00503898
v -0.00489297 -0.00693747 -0.00504692
v -0.00489297 -0.02343649 -0.00506776
v -0.00531302 -0.02331195 -0.00506875
v -0.02006117 -0.01293927 -0.00506875
v -0.01981146 -0.01343942 -0.00506776
v -0.02018699 -0.01293927 -0.00506677
v -0.02031087 -0.01281275 -0.00506577
v -0.01993728 -0.01343942 -0.00506379
v -0.01981146 -0.01368851 -0.00506081
v -0.01968564 -0.01393760 -0.00505684
v -0.01981146 -0.01381305 -0.00505188
v -0.01943594 -0.01431320 -0.00505486
v -0.01918623 -0.01468683 -0.00504990
v -0.01881070 -0.01518698 -0.00504692
v -0.01868682 -0.01543607 -0.00503501
v -0.01881070 -0.01531153 -0.00503005
v -0.01868682 -0.01556061 -0.00501318
v -0.01890749 -0.01531153 -0.00500822
v -0.01902944 -0.01516326 -0.00500723
v -0.01864617 -0.01565155 -0.00500524
v -0.01872940 -0.01560015 -0.00499433
v -0.01884555 -0.01546375 -0.00499234
v -0.01861132 -0.01573458 -0.00499631
v -0.01856680 -0.01581761 -0.00498738
v -0.01843711 -0.01606076 -0.00495761
v -0.01781188 -0.01681198 -0.00493776
v -0.01806158 -0.01656091 -0.00492784
v -0.01775574 -0.01763040 -0.00426497
v -0.01782930 -0.01758098 -0.00418658
v -0.01790479 -0.01752958 -0.00406155
v -0.01796673 -0.01746830 -0.00406155
v -0.01802868 -0.01740504 -0.00406155
v -0.01809256 -0.01733783 -0.00406155
v -0.01814869 -0.01727654 -0.00406155
v -0.01838098 -0.01700571 -0.00414987
v -0.01805191 -0.01667557 -0.00488815
v -0.01800545 -0.01675465 -0.00487723
v -0.01772284 -0.01709665 -0.00486136
v -0.01788350 -0.01688512 -0.00487922
v -0.01777897 -0.01718561 -0.00477106
v -0.01794544 -0.01707292 -0.00472541
v -0.01774994 -0.01724887 -0.00474922
v -0.01740151 -0.01790124 -0.00441581
v -0.01689435 -0.01839546 -0.00440787
v -0.01676853 -0.01851802 -0.00440588
v -0.01735892 -0.01798427 -0.00433642
v -0.01768412 -0.01768378 -0.00430467
v -0.01744797 -0.01757308 -0.00472640
v -0.01681886 -0.01819381 -0.00471747
v -0.01681112 -0.01828080 -0.00465098
v -0.01687500 -0.01824917 -0.00462518
v -0.01674724 -0.01837371 -0.00462320
v -0.01661948 -0.01849628 -0.00462122
v -0.01665820 -0.01852988 -0.00453786
v -0.01674143 -0.01849232 -0.00448924
v -0.01699501 -0.01824521 -0.00449321
v -0.01815256 -0.01728050 -0.00393652
v -0.01880296 -0.01655894 0.00393652
v -0.01815256 -0.01728050 0.00393652
v -0.01821257 -0.01720735 0.00406155
v -0.01809256 -0.01733980 0.00406155
v -0.01906235 -0.01468683 0.00506280
v -0.01843711 -0.01543607 0.00506478
v -0.02006117 -0.01293927 0.00506875
v -0.01843711 -0.01531153 0.00506776
v -0.01843711 -0.01518698 0.00506875
v -0.01893652 -0.01456229 0.00506875
v -0.01931205 -0.01406412 0.00506875
v -0.01881070 -0.01531153 0.00503005
v -0.01864810 -0.01565353 0.00500623
v -0.01856680 -0.01569306 0.00501616
v -0.01818741 -0.01606076 0.00502608
v -0.01843711 -0.01568713 0.00504096
v -0.01818741 -0.01581168 0.00505883
v -0.01868682 -0.01518698 0.00506081
v -0.01781188 -0.01631183 0.00505089
v -0.01756217 -0.01656091 0.00505386
v -0.01803061 -0.01740702 0.00406155
v -0.01801900 -0.01739516 0.00418658
v -0.01793576 -0.01743667 0.00431062
v -0.01795706 -0.01745842 0.00418658
v -0.01762992 -0.01775495 0.00426200
v -0.01786414 -0.01748807 0.00435130
v -0.01764928 -0.01764820 0.00443664
v -0.01754475 -0.01766994 0.00454381
v -0.01678595 -0.01840929 0.00453786
v -0.01745764 -0.01783402 0.00443664
v -0.01686919 -0.01836976 0.00449122
v -0.01724859 -0.01799810 0.00449718
v -0.01756217 -0.01740504 0.00477006
v -0.01695436 -0.01807915 0.00470258
v -0.01686725 -0.01811672 0.00474327
v -0.01690984 -0.01803369 0.00477205
v -0.01767444 -0.01730027 0.00476709
v -0.01768219 -0.01718165 0.00483357
v -0.01780026 -0.01717375 0.00476709
v -0.01780607 -0.01705711 0.00483159
v -0.01699888 -0.01812265 0.00462419
v -0.01691565 -0.01816416 0.00465992
v -0.01670078 -0.01832627 0.00470060
v -0.01840420 -0.01628217 0.00488914
v -0.01780607 -0.01692861 0.00489410
v -0.01768219 -0.01705711 0.00489609
v -0.01768606 -0.01693652 0.00494173
v -0.01756411 -0.01694047 0.00498440
v -0.01768606 -0.01681395 0.00498242
v -0.01809449 -0.01634148 0.00499036
v -0.01837323 -0.01599948 0.00499929
v -0.01813127 -0.01625845 0.00500226
v -0.01812353 -0.01662417 0.00487426
v -0.01824548 -0.01649370 0.00487227
v -0.01784285 -0.01696617 0.00485838
v -0.01775961 -0.01701164 0.00488021
v -0.00712871 -0.00437939 0.00496456
v -0.00489297 -0.00676351 0.00494967
v -0.00531302 -0.02331195 0.00506875
v -0.00489297 -0.02343649 0.00506776
v -0.00720614 -0.00437939 -0.00502211
v -0.00489297 -0.00686828 -0.00502310
v -0.00489297 -0.02356104 -0.00505982
v -0.00493943 -0.02356104 -0.00505982
v -0.00518913 -0.02343649 -0.00506478
v -0.00568855 -0.02331195 -0.00506577
v -0.00543884 -0.02331195 -0.00506776
v -0.00581437 -0.02318741 -0.00506875
v -0.01931205 -0.01406412 -0.00506875
v -0.01931205 -0.01418866 -0.00506776
v -0.01981146 -0.01356397 -0.00506577
v -0.01956176 -0.01393760 -0.00506577
v -0.01968564 -0.01381305 -0.00506379
v -0.01956176 -0.01406412 -0.00505982
v -0.01931205 -0.01443775 -0.00505783
v -0.01906235 -0.01481138 -0.00505287
v -0.01868682 -0.01531153 -0.00504990
v -0.01843711 -0.01568713 -0.00504196
v -0.01856100 -0.01556061 -0.00503898
v -0.01856680 -0.01569109 -0.00501616
v -0.01825128 -0.01612600 -0.00500028
v -0.01809256 -0.01633950 -0.00499036
v -0.01793189 -0.01655894 -0.00497746
v -0.01768799 -0.01681395 -0.00498242
v -0.01756604 -0.01694047 -0.00498440
v -0.01768606 -0.01693652 -0.00494173
v -0.01776155 -0.01701362 -0.00488120
v -0.01679176 -0.01853977 -0.00431161
v -0.01724859 -0.01812462 -0.00424910
v -0.01730666 -0.01808311 -0.00419948
v -0.01713438 -0.01825905 -0.00415979
v -0.01797061 -0.01747225 -0.00393652
v -0.01707825 -0.01833022 -0.00406155
v -0.01765509 -0.01777867 -0.00393652
v -0.01784479 -0.01759482 -0.00393652
v -0.01803255 -0.01740899 -0.00393652
v -0.01809643 -0.01734178 -0.00393652
v -0.01763960 -0.01713816 -0.00488120
v -0.01751378 -0.01726271 -0.00488120
v -0.01759701 -0.01722317 -0.00486036
v -0.01768412 -0.01718363 -0.00483258
v -0.01768606 -0.01728050 -0.00477006
v -0.01749636 -0.01749795 -0.00474823
v -0.01669110 -0.01856547 -0.00444359
v -0.01664078 -0.01863664 -0.00439794
v -0.01672401 -0.01860105 -0.00431161
v -0.01724472 -0.01774506 -0.00474625
v -0.01686532 -0.01811672 -0.00474327
v -0.01661174 -0.01836383 -0.00474129
v -0.01670272 -0.01832627 -0.00470060
v -0.01666400 -0.01841325 -0.00465793
v -0.01657496 -0.01844883 -0.00469762
v -0.01648205 -0.01848442 -0.00473732
v -0.01640462 -0.01864850 -0.00464801
v -0.01627106 -0.01876711 -0.00464205
v -0.01648785 -0.01861489 -0.00461328
v -0.01652850 -0.01864850 -0.00452992
v -0.01661174 -0.01861291 -0.00448130
v -0.01809643 -0.01734178 0.00393652
v -0.01818741 -0.01568713 0.00506577
v -0.01781188 -0.01618728 0.00506180
v -0.01768606 -0.01631183 0.00506280
v -0.01731247 -0.01668743 0.00506478
v -0.01793576 -0.01593622 0.00506676
v -0.01743635 -0.01643637 0.00506776
v -0.01768606 -0.01606076 0.00506875
v -0.01817966 -0.01617740 0.00500723
v -0.01805578 -0.01630392 0.00500921
v -0.01793576 -0.01631183 0.00503104
v -0.01781188 -0.01643637 0.00503303
v -0.01756217 -0.01668743 0.00503700
v -0.01731247 -0.01681198 0.00505585
v -0.01743635 -0.01681198 0.00503898
v -0.01803255 -0.01740899 0.00393652
v -0.01797061 -0.01747225 0.00393652
v -0.01796867 -0.01746830 0.00406155
v -0.01768412 -0.01768378 0.00430467
v -0.01761056 -0.01773716 0.00434535
v -0.01784091 -0.01759284 0.00406155
v -0.01776736 -0.01764226 0.00418658
v -0.01725052 -0.01812462 0.00425207
v -0.01685564 -0.01848046 0.00431161
v -0.01718858 -0.01816416 0.00430070
v -0.01735892 -0.01798427 0.00433840
v -0.01714793 -0.01814835 0.00441184
v -0.01674143 -0.01849232 0.00448924
v -0.01665820 -0.01852988 0.00453588
v -0.01670272 -0.01845081 0.00457855
v -0.01674530 -0.01836976 0.00462121
v -0.01689435 -0.01839546 0.00440787
v -0.01676853 -0.01851802 0.00440588
v -0.01759508 -0.01722119 0.00486036
v -0.01741506 -0.01753947 0.00477502
v -0.01661367 -0.01836383 0.00474128
v -0.01665626 -0.01828080 0.00477006
v -0.01683628 -0.01796252 0.00485540
v -0.01772090 -0.01709467 0.00486036
v -0.01666207 -0.01840929 0.00465793
v -0.01763766 -0.01713619 0.00488021
v -0.01755637 -0.01718165 0.00489609
v -0.01756217 -0.01706106 0.00494372
v -0.01744022 -0.01706502 0.00498440
v -0.01748474 -0.01698397 0.00499532
v -0.01760863 -0.01685547 0.00499532
v -0.01752346 -0.01690094 0.00500623
v -0.00612795 -0.00437939 0.00413002
v -0.00489297 -0.00572960 0.00413498
v -0.00581437 -0.02331195 0.00506577
v -0.00493943 -0.02343649 0.00506776
v -0.00581437 -0.02318741 0.00506875
v -0.00489297 -0.02356104 0.00506180
v -0.00716355 -0.00437939 -0.00499333
v -0.00489297 -0.00684654 -0.00501318
v -0.00489297 -0.02360651 -0.00505486
v -0.00518913 -0.02356104 -0.00505387
v -0.00581437 -0.02343649 -0.00505287
v -0.00556272 -0.02343649 -0.00505883
v -0.00606407 -0.02331195 -0.00505982
v -0.00581437 -0.02331195 -0.00506379
v -0.00618796 -0.02318741 -0.00506577
v -0.00606407 -0.02318741 -0.00506677
v -0.00656349 -0.02306089 -0.00506677
v -0.00643766 -0.02306089 -0.00506776
v -0.00731260 -0.02281180 -0.00506776
v -0.00668931 -0.02293634 -0.00506875
v -0.01893652 -0.01456229 -0.00506875
v -0.01843711 -0.01518698 -0.00506875
v -0.01831129 -0.01543607 -0.00506776
v -0.01906235 -0.01456229 -0.00506677
v -0.01931205 -0.01431320 -0.00506478
v -0.01943594 -0.01418866 -0.00506280
v -0.01906235 -0.01468683 -0.00506180
v -0.01868682 -0.01518698 -0.00505982
v -0.01893652 -0.01493592 -0.00505585
v -0.01856100 -0.01543607 -0.00505287
v -0.01843711 -0.01556061 -0.00505486
v -0.01831129 -0.01581168 -0.00504394
v -0.01756217 -0.01668743 -0.00503898
v -0.01818741 -0.01606076 -0.00502707
v -0.01817773 -0.01617542 -0.00500723
v -0.01788931 -0.01651545 -0.00500326
v -0.01773058 -0.01672895 -0.00499433
v -0.01748668 -0.01698594 -0.00499631
v -0.01756217 -0.01706106 -0.00494372
v -0.01768412 -0.01705711 -0.00489609
v -0.01755830 -0.01718363 -0.00489708
v -0.01674143 -0.01861687 -0.00422528
v -0.01686919 -0.01849430 -0.00423223
v -0.01719245 -0.01819184 -0.00420444
v -0.01693887 -0.01843895 -0.00419353
v -0.01688080 -0.01850616 -0.00414887
v -0.01675498 -0.01862873 -0.00414193
v -0.01682273 -0.01857535 -0.00406155
v -0.01689048 -0.01851605 -0.00393652
v -0.01733569 -0.01808706 -0.00393652
v -0.01765509 -0.01777867 0.00393652
v -0.01784479 -0.01759482 0.00393652
v -0.01738796 -0.01738725 -0.00488021
v -0.01744216 -0.01744260 -0.00481769
v -0.01650334 -0.01825312 -0.00487624
v -0.01681112 -0.01806136 -0.00481273
v -0.01728730 -0.01766203 -0.00477403
v -0.01666207 -0.01865443 -0.00431161
v -0.01642591 -0.01880269 -0.00442275
v -0.01637365 -0.01887386 -0.00437512
v -0.01703566 -0.01790914 -0.00477205
v -0.01665626 -0.01828080 -0.00476907
v -0.01652850 -0.01840139 -0.00476709
v -0.01643753 -0.01844092 -0.00479289
v -0.01626525 -0.01863664 -0.00475915
v -0.01593618 -0.01890154 -0.00476808
v -0.01600006 -0.01887386 -0.00474922
v -0.01525094 -0.01950053 -0.00475121
v -0.01634848 -0.01860303 -0.00473136
v -0.01613749 -0.01888572 -0.00463511
v -0.01559936 -0.01922970 -0.00473235
v -0.01556065 -0.01931075 -0.00468770
v -0.01538644 -0.01951041 -0.00463610
v -0.01639494 -0.01876711 -0.00452198
v -0.01573680 -0.01923958 -0.00461328
v -0.01542515 -0.01955193 -0.00455175
v -0.01551226 -0.01951041 -0.00451405
v -0.01591295 -0.01915655 -0.00453786
v -0.01599618 -0.01912097 -0.00449420
v -0.01586262 -0.01923958 -0.00448328
v -0.01634461 -0.01885014 -0.00445848
v -0.01718664 -0.01681198 0.00506478
v -0.01668723 -0.01718561 0.00506776
v -0.01718664 -0.01668743 0.00506776
v -0.01756217 -0.01618728 0.00506875
v -0.01756411 -0.01681395 0.00501417
v -0.01731247 -0.01693652 0.00503898
v -0.01718664 -0.01693652 0.00505585
v -0.01744022 -0.01694047 0.00501516
v -0.01733569 -0.01808706 0.00393652
v -0.01689048 -0.01851605 0.00393652
v -0.01733182 -0.01808311 0.00406155
v -0.01700662 -0.01838162 0.00415681
v -0.01738602 -0.01800996 0.00418658
v -0.01687112 -0.01849628 0.00423322
v -0.01672595 -0.01860303 0.00431161
v -0.01669110 -0.01856547 0.00444359
v -0.01661174 -0.01861291 0.00448130
v -0.01657303 -0.01857140 0.00457358
v -0.01661755 -0.01849430 0.00461824
v -0.01652850 -0.01864850 0.00452794
v -0.01664078 -0.01863664 0.00439794
v -0.01751184 -0.01726073 0.00488021
v -0.01675305 -0.01800206 0.00487624
v -0.01648205 -0.01848442 0.00473732
v -0.01653044 -0.01840139 0.00476808
v -0.01655560 -0.01830650 0.00481075
v -0.01658270 -0.01820963 0.00485342
v -0.01730472 -0.01743074 0.00489410
v -0.01731247 -0.01731213 0.00494074
v -0.01723117 -0.01723107 0.00499532
v -0.01735699 -0.01710851 0.00499532
v -0.01668530 -0.01781030 0.00497944
v -0.01647237 -0.01797438 0.00499234
v -0.01702017 -0.01739516 0.00500524
v -0.00489297 -0.00567029 0.00408239
v -0.00606407 -0.00437939 0.00406453
v -0.00593825 -0.02331195 0.00506379
v -0.00543884 -0.02343649 0.00506280
v -0.00531302 -0.02343649 0.00506478
v -0.00518913 -0.02343649 0.00506577
v -0.00643766 -0.02306089 0.00506776
v -0.00731260 -0.02281180 0.00506776
v -0.00743842 -0.02281180 0.00506676
v -0.00668931 -0.02306089 0.00506577
v -0.00631378 -0.02318741 0.00506478
v -0.00668931 -0.02293634 0.00506875
v -0.00556272 -0.02343649 0.00506081
v -0.00506331 -0.02356104 0.00505883
v -0.00489297 -0.02368558 0.00504493
v -0.00711129 -0.00437939 -0.00495066
v -0.00489297 -0.00681293 -0.00498837
v -0.00489297 -0.02368558 -0.00504394
v -0.00543884 -0.02356104 -0.00504593
v -0.00568855 -0.02356104 -0.00503600
v -0.00593825 -0.02343649 -0.00504791
v -0.00631378 -0.02331195 -0.00505188
v -0.00668931 -0.02318741 -0.00505486
v -0.00656349 -0.02318741 -0.00505883
v -0.00643766 -0.02318741 -0.00506180
v -0.00631378 -0.02318741 -0.00506379
v -0.00681319 -0.02306089 -0.00506379
v -0.00718872 -0.02293634 -0.00506478
v -0.00743842 -0.02281180 -0.00506677
v -0.00768813 -0.02268726 -0.00506776
v -0.00743842 -0.02268726 -0.00506875
v -0.01768606 -0.01606076 -0.00506875
v -0.01856100 -0.01518698 -0.00506677
v -0.01768606 -0.01618728 -0.00506677
v -0.01868682 -0.01506244 -0.00506577
v -0.01893652 -0.01481138 -0.00506379
v -0.01856100 -0.01531153 -0.00506180
v -0.01843711 -0.01543607 -0.00506280
v -0.01818741 -0.01581168 -0.00505684
v -0.01756217 -0.01656091 -0.00505287
v -0.01781188 -0.01631183 -0.00504990
v -0.01743635 -0.01668743 -0.00505387
v -0.01743635 -0.01681198 -0.00503997
v -0.01756604 -0.01681395 -0.00501616
v -0.01764734 -0.01677442 -0.00500524
v -0.01752539 -0.01690291 -0.00500623
v -0.01727569 -0.01715002 -0.00500623
v -0.01735892 -0.01711049 -0.00499631
v -0.01731247 -0.01731213 -0.00494173
v -0.01743248 -0.01730817 -0.00489609
v -0.01669498 -0.01866826 -0.00418460
v -0.01652463 -0.01877106 -0.00431161
v -0.01625944 -0.01900829 -0.00427390
v -0.01612588 -0.01912690 -0.00425604
v -0.01599425 -0.01924551 -0.00423223
v -0.01662142 -0.01874734 -0.00410223
v -0.01676079 -0.01863466 -0.00406155
v -0.01572712 -0.01948076 -0.00418658
v -0.01600586 -0.01925540 -0.00414887
v -0.01676273 -0.01863664 -0.00393652
v -0.01667755 -0.01805346 -0.00489013
v -0.01655173 -0.01817602 -0.00488914
v -0.01656141 -0.01806136 -0.00493280
v -0.01643559 -0.01818591 -0.00492983
v -0.01643559 -0.01828080 -0.00489013
v -0.01628848 -0.01840732 -0.00489013
v -0.01637171 -0.01837173 -0.00487326
v -0.01643559 -0.01834406 -0.00485639
v -0.01655754 -0.01830847 -0.00480976
v -0.01594392 -0.01919214 -0.00444756
v -0.01589166 -0.01926331 -0.00439993
v -0.01562453 -0.01950053 -0.00437611
v -0.01549290 -0.01961914 -0.00436024
v -0.01610846 -0.01911109 -0.00433940
v -0.01630590 -0.01895491 -0.00431360
v -0.01632332 -0.01844290 -0.00485441
v -0.01606200 -0.01868606 -0.00483952
v -0.01564969 -0.01914667 -0.00476510
v -0.01542902 -0.01930877 -0.00477999
v -0.01522384 -0.01935227 -0.00486235
v -0.01518319 -0.01943134 -0.00483159
v -0.01518706 -0.01952425 -0.00476808
v -0.01502833 -0.01964484 -0.00476510
v -0.01511157 -0.01961519 -0.00474129
v -0.01518706 -0.01958751 -0.00471350
v -0.01525094 -0.01962705 -0.00462717
v -0.01542709 -0.01942936 -0.00468075
v -0.01533611 -0.01959344 -0.00458847
v -0.01537870 -0.01962903 -0.00450511
v -0.01572906 -0.01935820 -0.00447138
v -0.01668723 -0.01731213 0.00506379
v -0.01581229 -0.01806136 0.00506676
v -0.01593618 -0.01781228 0.00506875
v -0.01693694 -0.01731213 0.00503700
v -0.01668723 -0.01743667 0.00505386
v -0.01618589 -0.01781228 0.00506280
v -0.01664271 -0.01776681 0.00500425
v -0.01681112 -0.01756121 0.00501318
v -0.01676273 -0.01863664 0.00393652
v -0.01675885 -0.01863268 0.00406155
v -0.01682080 -0.01857338 0.00406155
v -0.01675305 -0.01862675 0.00413994
v -0.01674337 -0.01861884 0.00422330
v -0.01658851 -0.01871966 0.00431161
v -0.01562647 -0.01950053 0.00437710
v -0.01586262 -0.01923958 0.00448229
v -0.01537870 -0.01962903 0.00450511
v -0.01547161 -0.01947681 0.00459740
v -0.01626912 -0.01876513 0.00464106
v -0.01653431 -0.01852791 0.00465396
v -0.01573680 -0.01923958 0.00461328
v -0.01587036 -0.01912097 0.00462022
v -0.01551226 -0.01951041 0.00451404
v -0.01637365 -0.01887386 0.00437413
v -0.01667562 -0.01805148 0.00488815
v -0.01649947 -0.01824917 0.00487426
v -0.01613169 -0.01875525 0.00475419
v -0.01639881 -0.01851802 0.00476411
v -0.01538837 -0.01951041 0.00463610
v -0.01531095 -0.01947285 0.00472640
v -0.01524900 -0.01949855 0.00474922
v -0.01636784 -0.01836976 0.00487227
v -0.01643559 -0.01833813 0.00485540
v -0.01643753 -0.01844092 0.00479289
v -0.01668723 -0.01793682 0.00493280
v -0.01643366 -0.01805741 0.00497746
v -0.01634655 -0.01809695 0.00499135
v -0.01626331 -0.01813649 0.00500326
v -0.00489297 -0.00560703 0.00401987
v -0.00597116 -0.00446242 0.00403277
v -0.00600407 -0.00437939 0.00393652
v -0.00606407 -0.02331195 0.00506081
v -0.00643766 -0.02318741 0.00506280
v -0.00768813 -0.02268726 0.00506776
v -0.00843919 -0.02243619 0.00506676
v -0.00818754 -0.02256074 0.00506577
v -0.00756425 -0.02281180 0.00506478
v -0.00718872 -0.02293634 0.00506478
v -0.00743842 -0.02268726 0.00506875
v -0.00568855 -0.02343649 0.00505783
v -0.00531302 -0.02356104 0.00505188
v -0.00493943 -0.02368558 0.00504394
v -0.00489297 -0.02380617 0.00501616
v -0.00614924 -0.00437939 -0.00414788
v -0.00489297 -0.00574937 -0.00415086
v -0.00489297 -0.02373698 -0.00503303
v -0.00506331 -0.02368558 -0.00503799
v -0.00581437 -0.02356104 -0.00503005
v -0.00606407 -0.02343649 -0.00504196
v -0.00643766 -0.02331195 -0.00504593
v -0.00731260 -0.02306089 -0.00504692
v -0.00743842 -0.02293634 -0.00505883
v -0.00731260 -0.02293634 -0.00506280
v -0.00756425 -0.02281180 -0.00506478
v -0.00793784 -0.02268726 -0.00506478
v -0.00856307 -0.02243619 -0.00506577
v -0.00881278 -0.02231165 -0.00506677
v -0.00868889 -0.02231165 -0.00506776
v -0.00856307 -0.02231165 -0.00506875
v -0.01756217 -0.01618728 -0.00506875
v -0.01793576 -0.01593622 -0.00506577
v -0.01831129 -0.01556061 -0.00506379
v -0.01756217 -0.01631183 -0.00506677
v -0.01731247 -0.01668743 -0.00506280
v -0.01781188 -0.01618728 -0.00505982
v -0.01731247 -0.01681198 -0.00505387
v -0.01768606 -0.01631183 -0.00506081
v -0.01731247 -0.01693652 -0.00503997
v -0.01744022 -0.01694047 -0.00501616
v -0.01731440 -0.01706502 -0.00501616
v -0.01706276 -0.01731410 -0.00501516
v -0.01655947 -0.01781030 -0.00501318
v -0.01651689 -0.01789135 -0.00500425
v -0.01647430 -0.01797438 -0.00499234
v -0.01655947 -0.01793484 -0.00497845
v -0.01681112 -0.01781228 -0.00493578
v -0.01551226 -0.01963496 -0.00427688
v -0.01558969 -0.01959542 -0.00418658
v -0.01657303 -0.01879281 -0.00406155
v -0.01582391 -0.01941948 -0.00406850
v -0.01615104 -0.01914667 -0.00406155
v -0.01662529 -0.01875129 -0.00401888
v -0.01668917 -0.01869990 -0.00393652
v -0.01587230 -0.01937203 -0.00411414
v -0.01643366 -0.01805741 -0.00497746
v -0.01630783 -0.01818195 -0.00497547
v -0.01632332 -0.01832231 -0.00491494
v -0.01619363 -0.01844290 -0.00490998
v -0.01593231 -0.01868606 -0.00489906
v -0.01588972 -0.01876118 -0.00488120
v -0.01562259 -0.01899840 -0.00487426
v -0.01610458 -0.01860896 -0.00486532
v -0.01555678 -0.01952821 -0.00442573
v -0.01546580 -0.01959740 -0.00443664
v -0.01540386 -0.01964880 -0.00443664
v -0.01535547 -0.01973578 -0.00433940
v -0.01537676 -0.01975159 -0.00425604
v -0.01570389 -0.01946099 -0.00431161
v -0.01583939 -0.01884421 -0.00485739
v -0.01556065 -0.01918621 -0.00478792
v -0.01527223 -0.01926924 -0.00488517
v -0.01513867 -0.01938587 -0.00488120
v -0.01508253 -0.01946890 -0.00485639
v -0.01505543 -0.01955786 -0.00481075
v -0.01456376 -0.01994137 -0.00479289
v -0.01466442 -0.01990184 -0.00477006
v -0.01474765 -0.01987218 -0.00474724
v -0.01431406 -0.02021616 -0.00471945
v -0.01416113 -0.02040001 -0.00464999
v -0.01438568 -0.02025570 -0.00463213
v -0.01502833 -0.01977136 -0.00464702
v -0.01518706 -0.01965077 -0.00465098
v -0.01474959 -0.01999870 -0.00462320
v -0.01497220 -0.01985439 -0.00460038
v -0.01519480 -0.01971601 -0.00456862
v -0.01515802 -0.01977334 -0.00453091
v -0.01524126 -0.01974369 -0.00448924
v -0.01506124 -0.01868606 0.00506676
v -0.01531095 -0.01843697 0.00506776
v -0.01606200 -0.01793682 0.00506180
v -0.01543676 -0.01843697 0.00506379
v -0.01481153 -0.01893712 0.00506478
v -0.01518706 -0.01843697 0.00506875
v -0.01655947 -0.01781030 0.00501219
v -0.01656141 -0.01768576 0.00503501
v -0.01631170 -0.01781228 0.00505188
v -0.01643559 -0.01768576 0.00505287
v -0.01630783 -0.01805741 0.00501119
v -0.01668917 -0.01869990 0.00393652
v -0.01662529 -0.01875129 0.00401193
v -0.01667562 -0.01870385 0.00405758
v -0.01587230 -0.01937203 0.00411116
v -0.01580068 -0.01941750 0.00418658
v -0.01612781 -0.01912690 0.00425604
v -0.01549290 -0.01961914 0.00436024
v -0.01546774 -0.01959740 0.00443664
v -0.01540386 -0.01964880 0.00443664
v -0.01531288 -0.01971601 0.00444359
v -0.01524126 -0.01974369 0.00448924
v -0.01530127 -0.01965077 0.00455274
v -0.01533611 -0.01959542 0.00458847
v -0.01654980 -0.01817405 0.00488716
v -0.01643559 -0.01818591 0.00492883
v -0.01643559 -0.01827684 0.00488815
v -0.01578132 -0.01902608 0.00476907
v -0.01519480 -0.01944320 0.00481769
v -0.01531288 -0.01931075 0.00483952
v -0.01525287 -0.01962705 0.00462816
v -0.01530127 -0.01955588 0.00465892
v -0.01518706 -0.01965275 0.00465098
v -0.01519867 -0.01956775 0.00472045
v -0.01510770 -0.01961321 0.00474029
v -0.01488509 -0.01975752 0.00475617
v -0.01516577 -0.01953018 0.00477304
v -0.01531095 -0.01940959 0.00477502
v -0.01628461 -0.01840336 0.00489013
v -0.01632138 -0.01832033 0.00491395
v -0.01632138 -0.01844290 0.00485242
v -0.01535547 -0.01923365 0.00486532
v -0.01562066 -0.01899643 0.00487326
v -0.01527223 -0.01926924 0.00488418
v -0.01540386 -0.01915062 0.00488815
v -0.01522190 -0.01935227 0.00486136
v -0.01630783 -0.01818195 0.00497547
v -0.01617814 -0.01818195 0.00500921
v -0.01618589 -0.01806136 0.00503203
v -0.01621492 -0.01821951 0.00499036
v -0.01600006 -0.01837371 0.00499929
v -0.01564776 -0.01864454 0.00500524
v -0.01542902 -0.01880665 0.00501020
v -0.00489297 -0.00558924 0.00393652
v -0.00600407 -0.00437939 -0.00393652
v -0.00656349 -0.02318741 0.00505883
v -0.00618796 -0.02331195 0.00505684
v -0.00581437 -0.02343649 0.00505386
v -0.00731260 -0.02293634 0.00506280
v -0.00856307 -0.02231165 0.00506875
v -0.00868889 -0.02231165 0.00506776
v -0.00906442 -0.02218711 0.00506676
v -0.00893860 -0.02231165 0.00506379
v -0.00768813 -0.02281180 0.00506280
v -0.00543884 -0.02356104 0.00504791
v -0.00518913 -0.02368558 0.00503203
v -0.00556272 -0.02356104 0.00504295
v -0.00568855 -0.02356104 0.00503700
v -0.00531302 -0.02368558 0.00502509
v -0.00556272 -0.02366977 0.00501516
v -0.00531302 -0.02376070 0.00500425
v -0.00489297 -0.02386548 0.00499631
v -0.00612408 -0.00437939 -0.00412605
v -0.00489297 -0.00572960 -0.00413498
v -0.00489297 -0.02380815 -0.00501616
v -0.00518913 -0.02368558 -0.00503203
v -0.00594599 -0.02357290 -0.00501715
v -0.00606407 -0.02354918 -0.00501516
v -0.00668931 -0.02331195 -0.00503104
v -0.00618796 -0.02343649 -0.00503501
v -0.00556272 -0.02367174 -0.00501516
v -0.00568855 -0.02365791 -0.00501120
v -0.00693901 -0.02318741 -0.00504295
v -0.00743842 -0.02306089 -0.00503898
v -0.00768813 -0.02293634 -0.00504692
v -0.00756425 -0.02293634 -0.00505287
v -0.00781395 -0.02281180 -0.00505783
v -0.00768813 -0.02281180 -0.00506280
v -0.00906442 -0.02231165 -0.00506180
v -0.00893860 -0.02231165 -0.00506478
v -0.00918830 -0.02218711 -0.00506577
v -0.00931412 -0.02206059 -0.00506776
v -0.00918830 -0.02206059 -0.00506875
v -0.01593618 -0.01781228 -0.00506875
v -0.01606200 -0.01781228 -0.00506677
v -0.01718664 -0.01668743 -0.00506677
v -0.01706082 -0.01693652 -0.00506280
v -0.01706082 -0.01706106 -0.00505387
v -0.01718664 -0.01706106 -0.00503997
v -0.01681112 -0.01743667 -0.00503799
v -0.01631170 -0.01793682 -0.00503501
v -0.01643366 -0.01793484 -0.00501219
v -0.01638913 -0.01801392 -0.00500425
v -0.01626331 -0.01813649 -0.00500326
v -0.01634655 -0.01809695 -0.00499135
v -0.01545032 -0.01971008 -0.00418658
v -0.01546387 -0.01971996 -0.00406155
v -0.01587811 -0.01937796 -0.00403079
v -0.01621686 -0.01909725 -0.00393652
v -0.01621492 -0.01821951 -0.00499036
v -0.01617814 -0.01830254 -0.00497150
v -0.01606200 -0.01843697 -0.00495761
v -0.01593618 -0.01856151 -0.00495066
v -0.01581229 -0.01868606 -0.00494273
v -0.01557420 -0.01894898 -0.00491494
v -0.01531288 -0.01919016 -0.00490502
v -0.01568647 -0.01890944 -0.00489113
v -0.01527223 -0.01976543 -0.00440588
v -0.01513092 -0.01988009 -0.00438504
v -0.01499155 -0.01999277 -0.00436024
v -0.01485605 -0.02011139 -0.00431161
v -0.01531288 -0.01978125 -0.00430367
v -0.01529933 -0.01982672 -0.00417467
v -0.01538644 -0.01975950 -0.00418658
v -0.01487347 -0.02012325 -0.00424513
v -0.01493155 -0.02009162 -0.00419750
v -0.01518319 -0.01931075 -0.00489906
v -0.01506124 -0.01931075 -0.00494074
v -0.01493735 -0.01943727 -0.00492685
v -0.01504962 -0.01943134 -0.00489113
v -0.01477669 -0.01964287 -0.00488517
v -0.01471862 -0.01972589 -0.00486136
v -0.01493735 -0.01958356 -0.00485044
v -0.01456376 -0.01984451 -0.00485739
v -0.01444762 -0.01993940 -0.00485044
v -0.01384755 -0.02035454 -0.00486334
v -0.01406048 -0.02031303 -0.00478792
v -0.01393853 -0.02041385 -0.00477899
v -0.01438181 -0.02012918 -0.00475319
v -0.01387465 -0.02049885 -0.00474922
v -0.01392691 -0.02055816 -0.00465892
v -0.01401983 -0.02051269 -0.00463908
v -0.01446891 -0.02022605 -0.00459542
v -0.01461022 -0.02011139 -0.00461030
v -0.01410306 -0.02048304 -0.00460435
v -0.01465474 -0.02014499 -0.00452695
v -0.01437406 -0.02037233 -0.00449618
v -0.01468378 -0.02018255 -0.00442970
v -0.01476895 -0.02013709 -0.00439894
v -0.01468765 -0.01893712 0.00506776
v -0.01593618 -0.01806136 0.00506081
v -0.01531095 -0.01856151 0.00506280
v -0.01468765 -0.01906166 0.00506280
v -0.01406435 -0.01943727 0.00506676
v -0.01456376 -0.01906166 0.00506676
v -0.01456376 -0.01893712 0.00506875
v -0.01643559 -0.01781228 0.00503402
v -0.01631170 -0.01793682 0.00503303
v -0.01618589 -0.01793682 0.00505089
v -0.01621686 -0.01909725 0.00393652
v -0.01587811 -0.01937796 0.00402781
v -0.01607555 -0.01920795 0.00406155
v -0.01553936 -0.01965868 0.00406155
v -0.01545032 -0.01971008 0.00418658
v -0.01551032 -0.01963298 0.00427688
v -0.01555678 -0.01958158 0.00431558
v -0.01537676 -0.01974962 0.00425406
v -0.01535740 -0.01973578 0.00433741
v -0.01527417 -0.01976741 0.00440588
v -0.01473798 -0.02011534 0.00448328
v -0.01437406 -0.02037233 0.00449618
v -0.01465474 -0.02014499 0.00452694
v -0.01515802 -0.01977334 0.00453191
v -0.01519480 -0.01971799 0.00456862
v -0.01542902 -0.01930680 0.00477800
v -0.01508447 -0.01946890 0.00485639
v -0.01511350 -0.01974171 0.00461526
v -0.01503027 -0.01977136 0.00464701
v -0.01460635 -0.01998487 0.00473732
v -0.01438374 -0.02012918 0.00475319
v -0.01493735 -0.01958554 0.00485044
v -0.01431406 -0.02015488 0.00477205
v -0.01456376 -0.01994137 0.00479388
v -0.01618976 -0.01844290 0.00490899
v -0.01568647 -0.01881060 0.00493379
v -0.01581229 -0.01868606 0.00494173
v -0.01593618 -0.01856151 0.00494967
v -0.01513867 -0.01938587 0.00488120
v -0.01518319 -0.01931075 0.00490006
v -0.01531095 -0.01906166 0.00495959
v -0.01555871 -0.01880665 0.00497746
v -0.01593618 -0.01846267 0.00498738
v -0.01568841 -0.01856547 0.00501516
v -0.01531095 -0.01881060 0.00503005
v -0.01593618 -0.01831243 0.00502410
v -0.01606200 -0.01806136 0.00504890
v -0.01568647 -0.01843697 0.00504096
v -0.01581229 -0.01831243 0.00504394
v -0.01506898 -0.01919016 0.00498639
v -0.01511544 -0.01911702 0.00499730
v -0.01503220 -0.01915062 0.00500723
v -0.01506898 -0.01906957 0.00501814
v -0.00489297 -0.00558924 -0.00393652
v -0.00489297 -0.00559320 -0.00398117
v -0.00489297 -0.00560703 -0.00401987
v -0.00597116 -0.00446242 -0.00403277
v -0.00606407 -0.00437939 -0.00406453
v -0.00743842 -0.02293634 0.00505883
v -0.00631378 -0.02331195 0.00505188
v -0.00706290 -0.02306089 0.00505684
v -0.00593825 -0.02343649 0.00504890
v -0.00918830 -0.02206059 0.00506875
v -0.00931412 -0.02206059 0.00506776
v -0.00968772 -0.02193604 0.00506676
v -0.00918830 -0.02218711 0.00506478
v -0.00843919 -0.02256074 0.00505982
v -0.00931412 -0.02218711 0.00506180
v -0.00781395 -0.02281180 0.00505783
v -0.00581437 -0.02356104 0.00503005
v -0.00606407 -0.02343649 0.00504295
v -0.00581437 -0.02364407 0.00500723
v -0.00539238 -0.02375279 0.00500127
v -0.00489297 -0.02389711 0.00498242
v -0.00489297 -0.00567029 -0.00408239
v -0.00489297 -0.00569995 -0.00411017
v -0.00489297 -0.02384373 -0.00500524
v -0.00518913 -0.02377256 -0.00500822
v -0.00590728 -0.02363221 -0.00500226
v -0.00606407 -0.02361046 -0.00499532
v -0.00656349 -0.02341475 -0.00501318
v -0.00743842 -0.02316368 -0.00501318
v -0.00706290 -0.02318741 -0.00503501
v -0.00489297 -0.02386745 -0.00499730
v -0.00556272 -0.02373302 -0.00499433
v -0.00756425 -0.02306089 -0.00502906
v -0.00806366 -0.02281180 -0.00504493
v -0.00793784 -0.02281180 -0.00505188
v -0.00856307 -0.02256074 -0.00505486
v -0.00881278 -0.02243619 -0.00505883
v -0.00893860 -0.02243619 -0.00505287
v -0.00918830 -0.02231165 -0.00505585
v -0.01031295 -0.02181150 -0.00505486
v -0.00931412 -0.02218711 -0.00506280
v -0.01031295 -0.02168696 -0.00506478
v -0.01043877 -0.02156241 -0.00506776
v -0.01031295 -0.02156241 -0.00506875
v -0.01518706 -0.01843697 -0.00506875
v -0.01543676 -0.01831243 -0.00506776
v -0.01506124 -0.01868606 -0.00506677
v -0.01581229 -0.01806136 -0.00506577
v -0.01618589 -0.01781228 -0.00506081
v -0.01656141 -0.01743667 -0.00506180
v -0.01681112 -0.01731213 -0.00505287
v -0.01631170 -0.01781228 -0.00505089
v -0.01606200 -0.01806136 -0.00504890
v -0.01618589 -0.01806136 -0.00503303
v -0.01630783 -0.01805741 -0.00501120
v -0.01617814 -0.01818195 -0.00500921
v -0.01606200 -0.01828475 -0.00500822
v -0.01538257 -0.01888177 -0.00500226
v -0.01613169 -0.01825510 -0.00500127
v -0.01539999 -0.01976939 -0.00406155
v -0.01540579 -0.01977334 -0.00393652
v -0.01546774 -0.01972392 -0.00393652
v -0.01574261 -0.01949460 -0.00393652
v -0.01606200 -0.01834801 -0.00499036
v -0.01525094 -0.01900038 -0.00500028
v -0.01542902 -0.01892921 -0.00497150
v -0.01518706 -0.01918621 -0.00495066
v -0.01462764 -0.02024977 -0.00437711
v -0.01448633 -0.02036443 -0.00435031
v -0.01464700 -0.02026361 -0.00431161
v -0.01414565 -0.02063921 -0.00428383
v -0.01524900 -0.01987416 -0.00412506
v -0.01400434 -0.02075189 -0.00425704
v -0.01437019 -0.02049490 -0.00422727
v -0.01467216 -0.02028337 -0.00418658
v -0.01493735 -0.01930877 -0.00497845
v -0.01480379 -0.01942739 -0.00497051
v -0.01468765 -0.01956181 -0.00495066
v -0.01456376 -0.01968636 -0.00493677
v -0.01406435 -0.02006196 -0.00493082
v -0.01394434 -0.02019441 -0.00490998
v -0.01376432 -0.02038419 -0.00488021
v -0.01413016 -0.02012720 -0.00487624
v -0.01449408 -0.01987021 -0.00487227
v -0.01368882 -0.02047118 -0.00485739
v -0.01382045 -0.02044152 -0.00481670
v -0.01379141 -0.02052653 -0.00477106
v -0.01372754 -0.02060956 -0.00473632
v -0.01387852 -0.02062537 -0.00462618
v -0.01443213 -0.02028337 -0.00455671
v -0.01405661 -0.02055618 -0.00455572
v -0.01396176 -0.02059572 -0.00459045
v -0.01400821 -0.02062933 -0.00450710
v -0.01403531 -0.02064910 -0.00443664
v -0.01412242 -0.02062142 -0.00436718
v -0.01418824 -0.01931075 0.00506776
v -0.01568647 -0.01831243 0.00505684
v -0.01518706 -0.01868606 0.00506081
v -0.01481153 -0.01906166 0.00505386
v -0.01456376 -0.01918621 0.00505982
v -0.01418824 -0.01943727 0.00506180
v -0.01506124 -0.01881060 0.00505883
v -0.01381271 -0.01968636 0.00506280
v -0.01343912 -0.01993742 0.00506280
v -0.01318941 -0.02006196 0.00506478
v -0.01331330 -0.01993742 0.00506676
v -0.01318941 -0.01993742 0.00506875
v -0.01406435 -0.01931075 0.00506875
v -0.01574261 -0.01949460 0.00393652
v -0.01546774 -0.01972392 0.00393652
v -0.01546387 -0.01971996 0.00406155
v -0.01538837 -0.01975950 0.00418658
v -0.01450956 -0.02038024 0.00426696
v -0.01505737 -0.01996312 0.00431657
v -0.01436825 -0.02049490 0.00422727
v -0.01499155 -0.01999475 0.00436024
v -0.01513286 -0.01988009 0.00438604
v -0.01462958 -0.02025174 0.00437909
v -0.01431986 -0.02044152 0.00444458
v -0.01400821 -0.02062933 0.00450710
v -0.01414952 -0.02051665 0.00452198
v -0.01470313 -0.02007185 0.00457557
v -0.01499930 -0.01950053 0.00487525
v -0.01472055 -0.01972787 0.00486136
v -0.01446891 -0.02022605 0.00459541
v -0.01474959 -0.01999870 0.00462419
v -0.01431406 -0.02028140 0.00465694
v -0.01387852 -0.02050083 0.00475121
v -0.01415920 -0.02027349 0.00476808
v -0.01518706 -0.01918621 0.00495166
v -0.01493735 -0.01952228 0.00488716
v -0.01504962 -0.01943134 0.00489112
v -0.01493735 -0.01943727 0.00492883
v -0.01506124 -0.01931075 0.00494273
v -0.01493735 -0.01906166 0.00503997
v -0.01506124 -0.01893712 0.00504394
v -0.01556065 -0.01843697 0.00505486
v -0.01531095 -0.01868606 0.00504990
v -0.01493735 -0.01930877 0.00498043
v -0.01497994 -0.01923365 0.00499532
v -0.01489670 -0.01926528 0.00500425
v -0.01493735 -0.01919016 0.00501516
v -0.00756425 -0.02293634 0.00505287
v -0.00718872 -0.02306089 0.00505188
v -0.00643766 -0.02331195 0.00504692
v -0.01031295 -0.02156241 0.00506875
v -0.01018906 -0.02168696 0.00506776
v -0.01031295 -0.02168696 0.00506577
v -0.00906442 -0.02231165 0.00505982
v -0.00881278 -0.02243619 0.00505783
v -0.00968772 -0.02206059 0.00505883
v -0.00943801 -0.02218711 0.00505684
v -0.01043877 -0.02168696 0.00506280
v -0.01018906 -0.02181150 0.00506180
v -0.00818754 -0.02268726 0.00505585
v -0.00831336 -0.02268726 0.00504990
v -0.00793784 -0.02281180 0.00505188
v -0.00606407 -0.02354918 0.00501516
v -0.00591309 -0.02363418 0.00500326
v -0.00656349 -0.02331195 0.00503997
v -0.00668931 -0.02331195 0.00503104
v -0.00581437 -0.02370535 0.00498143
v -0.00556272 -0.02381210 0.00495761
v -0.00493943 -0.02393664 0.00496059
v -0.00489297 -0.02393269 0.00496654
v -0.00568855 -0.02371919 -0.00498837
v -0.00581437 -0.02370535 -0.00498143
v -0.00594599 -0.02367965 -0.00497845
v -0.00618796 -0.02359267 -0.00498738
v -0.00743842 -0.02322695 -0.00499135
v -0.00734358 -0.02324078 -0.00499631
v -0.00706290 -0.02328032 -0.00501020
v -0.00756425 -0.02314392 -0.00500623
v -0.00781395 -0.02303716 -0.00501219
v -0.00489297 -0.02388722 -0.00498837
v -0.00493943 -0.02393664 -0.00496158
v -0.00818754 -0.02281180 -0.00503501
v -0.00831336 -0.02268726 -0.00504990
v -0.00881278 -0.02256074 -0.00503997
v -0.00906442 -0.02243619 -0.00504593
v -0.00956383 -0.02218711 -0.00504990
v -0.01043877 -0.02181150 -0.00504692
v -0.01056266 -0.02168696 -0.00505585
v -0.01043877 -0.02168696 -0.00506081
v -0.01056266 -0.02156241 -0.00506478
v -0.01156342 -0.02106226 -0.00506478
v -0.01118789 -0.02118681 -0.00506776
v -0.01081430 -0.02131135 -0.00506875
v -0.01456376 -0.01893712 -0.00506875
v -0.01468765 -0.01893712 -0.00506776
v -0.01481153 -0.01893712 -0.00506478
v -0.01543676 -0.01843697 -0.00506280
v -0.01593618 -0.01806136 -0.00505982
v -0.01593618 -0.01818591 -0.00504692
v -0.01568647 -0.01831243 -0.00505684
v -0.01543676 -0.01856151 -0.00505287
v -0.01581229 -0.01831243 -0.00504394
v -0.01556065 -0.01856151 -0.00503799
v -0.01518706 -0.01893712 -0.00502608
v -0.01606200 -0.01818591 -0.00502906
v -0.01555871 -0.01868606 -0.00501318
v -0.01529933 -0.01892921 -0.00500723
v -0.01531675 -0.01983265 -0.00406155
v -0.01540579 -0.01977334 0.00393652
v -0.01475153 -0.02024977 -0.00400400
v -0.01518706 -0.01993347 -0.00393652
v -0.01506898 -0.01906957 -0.00501814
v -0.01518706 -0.01902608 -0.00500623
v -0.01493735 -0.01918818 -0.00501516
v -0.01503220 -0.01914865 -0.00500623
v -0.01489477 -0.01926331 -0.00500425
v -0.01511544 -0.01911702 -0.00499730
v -0.01518706 -0.01908736 -0.00498738
v -0.01438181 -0.02050281 -0.00414391
v -0.01474572 -0.02024581 -0.00408735
v -0.01362107 -0.02099703 -0.00423620
v -0.01393853 -0.02080922 -0.00418658
v -0.01401596 -0.02075980 -0.00418658
v -0.01397918 -0.02073410 -0.00434039
v -0.01274807 -0.02149718 -0.00436817
v -0.01293970 -0.02140031 -0.00430268
v -0.01300358 -0.02137659 -0.00425406
v -0.01432180 -0.02053839 -0.00418658
v -0.01497800 -0.01923167 -0.00499433
v -0.01475733 -0.01937994 -0.00500127
v -0.01468765 -0.01946692 -0.00498837
v -0.01457151 -0.01956181 -0.00498440
v -0.01430051 -0.01979904 -0.00496853
v -0.01418824 -0.01993742 -0.00494570
v -0.01368882 -0.02031105 -0.00493975
v -0.01380884 -0.02031105 -0.00490006
v -0.01368882 -0.02040792 -0.00489311
v -0.01353397 -0.02051862 -0.00488616
v -0.01361720 -0.02049292 -0.00487128
v -0.01285066 -0.02098319 -0.00486532
v -0.01246739 -0.02122832 -0.00486136
v -0.01241319 -0.02139636 -0.00476808
v -0.01356300 -0.02066096 -0.00477800
v -0.01364430 -0.02063526 -0.00475915
v -0.01364430 -0.02076178 -0.00463808
v -0.01249643 -0.02137066 -0.00474724
v -0.01326297 -0.02100691 -0.00463213
v -0.01311198 -0.02111564 -0.00461427
v -0.01344492 -0.02094167 -0.00456862
v -0.01367914 -0.02080527 -0.00455473
v -0.01377980 -0.02076573 -0.00452298
v -0.01386304 -0.02074003 -0.00448328
v -0.01389594 -0.02076178 -0.00439993
v -0.01468765 -0.01918621 0.00504990
v -0.01431406 -0.01943727 0.00505287
v -0.01443794 -0.01931075 0.00505684
v -0.01406435 -0.01956181 0.00505883
v -0.01356300 -0.01993742 0.00505684
v -0.01318941 -0.02018651 0.00505684
v -0.01268806 -0.02043559 0.00506280
v -0.01243836 -0.02056211 0.00506478
v -0.01256418 -0.02043559 0.00506676
v -0.01268806 -0.02031105 0.00506776
v -0.01218865 -0.02056211 0.00506875
v -0.01540192 -0.01976939 0.00406155
v -0.01525094 -0.01987416 0.00412903
v -0.01467216 -0.02028337 0.00418658
v -0.01400434 -0.02075189 0.00425703
v -0.01412436 -0.02062340 0.00437115
v -0.01432180 -0.02053839 0.00418658
v -0.01403725 -0.02064910 0.00443664
v -0.01393853 -0.02071433 0.00444061
v -0.01386304 -0.02074003 0.00448428
v -0.01377980 -0.02076573 0.00452298
v -0.01381852 -0.02071038 0.00456366
v -0.01392691 -0.02064712 0.00455374
v -0.01387659 -0.02062537 0.00462518
v -0.01395982 -0.02059572 0.00459045
v -0.01405661 -0.02055618 0.00455572
v -0.01410306 -0.02048304 0.00460534
v -0.01477863 -0.01964287 0.00488517
v -0.01435664 -0.01998487 0.00486632
v -0.01463732 -0.01975752 0.00487922
v -0.01385142 -0.02035652 0.00486334
v -0.01438568 -0.02025570 0.00463114
v -0.01401983 -0.02051269 0.00463908
v -0.01372947 -0.02061154 0.00473732
v -0.01364624 -0.02063724 0.00476014
v -0.01381271 -0.02052258 0.00476709
v -0.01381077 -0.02043164 0.00483159
v -0.01392691 -0.02043164 0.00477502
v -0.01406241 -0.02031303 0.00478892
v -0.01468378 -0.01968636 0.00489807
v -0.01468765 -0.01956181 0.00495265
v -0.01480379 -0.01942739 0.00497249
v -0.01406435 -0.02015290 0.00489013
v -0.01406435 -0.02006196 0.00493280
v -0.01456376 -0.01968636 0.00493876
v -0.01481153 -0.01918621 0.00503501
v -0.01443794 -0.01943727 0.00503997
v -0.01457151 -0.01956379 0.00498539
v -0.01447665 -0.01960728 0.00499433
v -0.01475733 -0.01937796 0.00500127
v -0.01425405 -0.01975159 0.00500028
v -0.01453473 -0.01952425 0.00500623
v -0.01468765 -0.01940366 0.00500822
v -0.01443600 -0.01956379 0.00501417
v -0.01468765 -0.01931075 0.00502906
v -0.00768813 -0.02293634 0.00504692
v -0.00731260 -0.02306089 0.00504593
v -0.00693901 -0.02318741 0.00504295
v -0.01081430 -0.02131135 0.00506875
v -0.01043877 -0.02156241 0.00506776
v -0.01056266 -0.02156241 0.00506577
v -0.00918830 -0.02231165 0.00505486
v -0.00893860 -0.02243619 0.00505188
v -0.00981354 -0.02206059 0.00505287
v -0.01056266 -0.02168696 0.00505783
v -0.01068848 -0.02156241 0.00506280
v -0.00843919 -0.02268726 0.00504196
v -0.00643573 -0.02344440 0.00501516
v -0.00631378 -0.02351359 0.00500524
v -0.00639121 -0.02350371 0.00500127
v -0.00599632 -0.02362232 0.00499929
v -0.00594793 -0.02367965 0.00497944
v -0.00743842 -0.02306089 0.00503898
v -0.00706290 -0.02318741 0.00503501
v -0.00743842 -0.02316368 0.00501318
v -0.00581437 -0.02381210 0.00493082
v -0.00506331 -0.02393664 0.00494769
v -0.00493943 -0.02404735 0.00490303
v -0.00489297 -0.02405526 0.00490303
v -0.00568855 -0.02381210 -0.00494372
v -0.00581437 -0.02381210 -0.00492983
v -0.00606407 -0.02368558 -0.00495959
v -0.00656349 -0.02356104 -0.00495166
v -0.00668931 -0.02345824 -0.00498341
v -0.00756425 -0.02320520 -0.00498242
v -0.00772684 -0.02311426 -0.00499631
v -0.00764361 -0.02313008 -0.00500127
v -0.00706290 -0.02343649 -0.00494273
v -0.00743842 -0.02331195 -0.00495066
v -0.00756425 -0.02331195 -0.00493280
v -0.00843919 -0.02286122 -0.00499532
v -0.00865405 -0.02275842 -0.00500326
v -0.00881278 -0.02266749 -0.00501318
v -0.00856307 -0.02268726 -0.00503203
v -0.00489297 -0.02393269 -0.00496753
v -0.00489297 -0.02398409 -0.00494173
v -0.00506331 -0.02393664 -0.00494868
v -0.00893860 -0.02256074 -0.00502906
v -0.00918830 -0.02243619 -0.00503501
v -0.00968772 -0.02218711 -0.00504096
v -0.01056266 -0.02181150 -0.00503600
v -0.01068848 -0.02168696 -0.00504791
v -0.01081430 -0.02156241 -0.00505585
v -0.01068848 -0.02156241 -0.00506081
v -0.01181312 -0.02093574 -0.00506478
v -0.01143760 -0.02118681 -0.00506081
v -0.01193894 -0.02081120 -0.00506677
v -0.01218865 -0.02056211 -0.00506875
v -0.01406435 -0.01931075 -0.00506875
v -0.01456376 -0.01906166 -0.00506677
v -0.01418824 -0.01931075 -0.00506776
v -0.01406435 -0.01943727 -0.00506677
v -0.01456376 -0.01918621 -0.00506081
v -0.01493735 -0.01893712 -0.00505783
v -0.01506124 -0.01881060 -0.00505982
v -0.01518706 -0.01868606 -0.00506081
v -0.01518706 -0.01881060 -0.00504791
v -0.01506124 -0.01893712 -0.00504493
v -0.01493735 -0.01906166 -0.00504196
v -0.01445149 -0.02046327 -0.00406155
v -0.01531675 -0.01983265 0.00406155
v -0.01518706 -0.01993347 0.00393652
v -0.01475153 -0.02024977 0.00400499
v -0.01525481 -0.01987811 0.00406155
v -0.01409145 -0.02072422 -0.00406155
v -0.01424437 -0.02061944 -0.00393652
v -0.01454053 -0.02040396 -0.00393652
v -0.01481153 -0.01918621 -0.00503600
v -0.01468765 -0.01931075 -0.00502906
v -0.01468765 -0.01940366 -0.00500822
v -0.01480379 -0.01930877 -0.00501020
v -0.01346815 -0.02110378 -0.00418658
v -0.01379335 -0.02090016 -0.00418658
v -0.01268225 -0.02159207 -0.00418956
v -0.01301713 -0.02138449 -0.00418658
v -0.01325329 -0.02125007 -0.00412903
v -0.01363656 -0.02100494 -0.00415284
v -0.01393853 -0.02082702 -0.00406155
v -0.01402951 -0.02076771 -0.00406155
v -0.01293970 -0.02134100 -0.00443962
v -0.01265709 -0.02151892 -0.00443664
v -0.01251385 -0.02163161 -0.00439100
v -0.01260095 -0.02160788 -0.00431161
v -0.01262031 -0.02161974 -0.00423322
v -0.01393079 -0.01993544 -0.00501219
v -0.01439342 -0.01963496 -0.00500326
v -0.01461796 -0.01949262 -0.00499730
v -0.01406629 -0.01993544 -0.00498143
v -0.01381271 -0.02018651 -0.00495463
v -0.01369657 -0.02018848 -0.00498540
v -0.01355913 -0.02030512 -0.00497646
v -0.01343912 -0.02043559 -0.00495364
v -0.01331330 -0.02056211 -0.00493380
v -0.01357074 -0.02044548 -0.00491196
v -0.01331330 -0.02065107 -0.00488914
v -0.01315070 -0.02076376 -0.00488319
v -0.01338298 -0.02062933 -0.00487723
v -0.01238222 -0.02125402 -0.00487723
v -0.01231253 -0.02133705 -0.00485143
v -0.01230479 -0.02143787 -0.00478296
v -0.01225833 -0.02150311 -0.00475220
v -0.01234157 -0.02147939 -0.00473136
v -0.01245384 -0.02144578 -0.00469762
v -0.01256418 -0.02141019 -0.00466389
v -0.01249449 -0.02149520 -0.00461923
v -0.01330749 -0.02103459 -0.00455969
v -0.01256418 -0.02147345 -0.00459145
v -0.01256418 -0.02152090 -0.00452893
v -0.01316231 -0.02114727 -0.00453091
v -0.01362882 -0.02087644 -0.00450214
v -0.01324554 -0.02112157 -0.00449321
v -0.01418824 -0.01956181 0.00504890
v -0.01393853 -0.01968636 0.00505585
v -0.01343912 -0.02006196 0.00505287
v -0.01281388 -0.02043559 0.00505585
v -0.01256418 -0.02056211 0.00505883
v -0.01231253 -0.02068666 0.00506180
v -0.01206283 -0.02081120 0.00506379
v -0.01193894 -0.02081120 0.00506676
v -0.01118789 -0.02118681 0.00506776
v -0.01504382 -0.02003231 0.00406155
v -0.01474765 -0.02024581 0.00408834
v -0.01438181 -0.02050281 0.00414391
v -0.01401596 -0.02075980 0.00418658
v -0.01393853 -0.02080922 0.00418658
v -0.01323974 -0.02124216 0.00421337
v -0.01262225 -0.02162172 0.00423719
v -0.01300552 -0.02137659 0.00425604
v -0.01381271 -0.02084876 0.00432054
v -0.01398111 -0.02073608 0.00434039
v -0.01389788 -0.02076178 0.00440092
v -0.01362882 -0.02087644 0.00450313
v -0.01381852 -0.02079143 0.00444061
v -0.01324554 -0.02112157 0.00449420
v -0.01367914 -0.02080527 0.00455473
v -0.01349525 -0.02087051 0.00462022
v -0.01381271 -0.02064514 0.00464701
v -0.01341202 -0.02089621 0.00464900
v -0.01441278 -0.01990184 0.00488914
v -0.01413210 -0.02012918 0.00487723
v -0.01376819 -0.02038617 0.00488120
v -0.01349719 -0.02074596 0.00474724
v -0.01281388 -0.02127181 0.00464801
v -0.01281388 -0.02121053 0.00471052
v -0.01273065 -0.02123623 0.00473732
v -0.01287970 -0.02112750 0.00475220
v -0.01318941 -0.02090609 0.00477403
v -0.01368882 -0.02056607 0.00479289
v -0.01368882 -0.02047315 0.00485838
v -0.01430244 -0.01980102 0.00496952
v -0.01381077 -0.02031303 0.00490105
v -0.01368882 -0.02031105 0.00494173
v -0.01381271 -0.02018651 0.00495761
v -0.01431406 -0.01956181 0.00503402
v -0.01406435 -0.01968636 0.00504394
v -0.01381271 -0.02009952 0.00499135
v -0.01397337 -0.01997696 0.00499333
v -0.01374883 -0.02012325 0.00499929
v -0.01430244 -0.01968240 0.00500921
v -0.01406822 -0.01981881 0.00501715
v -0.01418824 -0.01968636 0.00502707
v -0.00781395 -0.02293634 0.00503799
v -0.01106400 -0.02131135 0.00506577
v -0.00931412 -0.02231165 0.00504791
v -0.00906442 -0.02243619 0.00504394
v -0.01043877 -0.02181150 0.00504890
v -0.01093818 -0.02143589 0.00506280
v -0.01168924 -0.02106226 0.00506081
v -0.01081430 -0.02156241 0.00505684
v -0.01068848 -0.02168696 0.00504890
v -0.00856307 -0.02268726 0.00503203
v -0.00881278 -0.02256074 0.00503898
v -0.00893860 -0.02256074 0.00502906
v -0.00656349 -0.02341475 0.00501318
v -0.00686933 -0.02337126 0.00499929
v -0.00693901 -0.02336137 0.00499532
v -0.00606407 -0.02361244 0.00499532
v -0.00606407 -0.02368558 0.00496158
v -0.00631378 -0.02357685 0.00497944
v -0.00756425 -0.02306089 0.00502906
v -0.00781395 -0.02303716 0.00501219
v -0.00756425 -0.02314392 0.00500623
v -0.00743842 -0.02322695 0.00499135
v -0.00734551 -0.02324078 0.00499631
v -0.00594599 -0.02382198 0.00490799
v -0.00581437 -0.02389118 0.00488616
v -0.00506331 -0.02403351 0.00489609
v -0.00489297 -0.02411456 0.00486830
v -0.00581437 -0.02389118 -0.00488517
v -0.00590922 -0.02388129 -0.00487922
v -0.00594599 -0.02382198 -0.00490700
v -0.00518913 -0.02393664 -0.00493479
v -0.00506331 -0.02403351 -0.00489609
v -0.00618796 -0.02368558 -0.00494273
v -0.00668931 -0.02356104 -0.00493380
v -0.00781395 -0.02318741 -0.00495066
v -0.00768620 -0.02317752 -0.00497547
v -0.00781395 -0.02309845 -0.00499036
v -0.00718872 -0.02343649 -0.00492387
v -0.00686739 -0.02362232 -0.00487326
v -0.00726228 -0.02350173 -0.00487624
v -0.00743842 -0.02341277 -0.00489708
v -0.00756425 -0.02339300 -0.00488716
v -0.00764942 -0.02338114 -0.00487922
v -0.00769007 -0.02331986 -0.00490502
v -0.00793784 -0.02318741 -0.00492883
v -0.00881278 -0.02281180 -0.00495761
v -0.00893860 -0.02270703 -0.00498341
v -0.00910120 -0.02261411 -0.00499631
v -0.00793784 -0.02307670 -0.00498043
v -0.00901796 -0.02262993 -0.00500127
v -0.00893860 -0.02264377 -0.00500623
v -0.00906055 -0.02256865 -0.00501516
v -0.00489297 -0.02405526 -0.00490303
v -0.00931993 -0.02244608 -0.00501814
v -0.00956383 -0.02231165 -0.00502509
v -0.00981354 -0.02218711 -0.00502807
v -0.01031295 -0.02193604 -0.00503402
v -0.01044264 -0.02194593 -0.00501715
v -0.01069622 -0.02182138 -0.00501814
v -0.01081430 -0.02168696 -0.00503600
v -0.01093818 -0.02156241 -0.00504692
v -0.01131371 -0.02131135 -0.00505486
v -0.01168924 -0.02106226 -0.00505982
v -0.01206283 -0.02081120 -0.00506379
v -0.01218865 -0.02068666 -0.00506577
v -0.01306359 -0.02006196 -0.00506776
v -0.01318941 -0.01993742 -0.00506875
v -0.01418824 -0.01943727 -0.00506180
v -0.01331330 -0.01993742 -0.00506677
v -0.01318941 -0.02006196 -0.00506478
v -0.01343912 -0.01993742 -0.00506280
v -0.01381271 -0.01968636 -0.00506280
v -0.01406435 -0.01956181 -0.00505883
v -0.01443794 -0.01931075 -0.00505783
v -0.01481153 -0.01906166 -0.00505486
v -0.01468765 -0.01918621 -0.00505089
v -0.01443794 -0.01943727 -0.00504096
v -0.01454053 -0.02040396 0.00393652
v -0.01424437 -0.02061944 0.00393652
v -0.01409145 -0.02072422 0.00406155
v -0.01438955 -0.02050874 0.00406155
v -0.01403338 -0.02077166 -0.00393652
v -0.01431406 -0.01956181 -0.00503402
v -0.01418824 -0.01968636 -0.00502707
v -0.01457151 -0.01944518 -0.00501814
v -0.01443600 -0.01956181 -0.00501417
v -0.01263580 -0.02162963 -0.00414987
v -0.01264548 -0.02163556 -0.00406155
v -0.01280808 -0.02153474 -0.00406155
v -0.01325716 -0.02125402 -0.00406155
v -0.01380690 -0.02091004 -0.00406155
v -0.01393853 -0.02083295 -0.00393652
v -0.01262805 -0.02150113 -0.00450214
v -0.01247513 -0.02160986 -0.00447435
v -0.01243642 -0.02165335 -0.00443466
v -0.01227189 -0.02176010 -0.00439695
v -0.01235512 -0.02173836 -0.00433940
v -0.01242868 -0.02171068 -0.00430367
v -0.01253708 -0.02164544 -0.00431161
v -0.01245771 -0.02172649 -0.00418658
v -0.01257192 -0.02165928 -0.00418956
v -0.01406629 -0.01981683 -0.00501715
v -0.01369657 -0.02006987 -0.00502013
v -0.01365979 -0.02014697 -0.00500723
v -0.01402564 -0.01989195 -0.00500524
v -0.01396756 -0.01997498 -0.00499234
v -0.01359784 -0.02023198 -0.00499333
v -0.01343912 -0.02034466 -0.00498936
v -0.01275194 -0.02074992 -0.00500028
v -0.01256224 -0.02093179 -0.00497746
v -0.01306359 -0.02068666 -0.00494769
v -0.01243836 -0.02106226 -0.00495463
v -0.01231253 -0.02118681 -0.00493380
v -0.01256998 -0.02107017 -0.00491196
v -0.01243061 -0.02118681 -0.00489708
v -0.01253321 -0.02114332 -0.00488616
v -0.01231253 -0.02127379 -0.00488914
v -0.01222736 -0.02136077 -0.00486632
v -0.01206283 -0.02146752 -0.00485441
v -0.01218671 -0.02142996 -0.00483456
v -0.01205896 -0.02156439 -0.00478693
v -0.01193894 -0.02164940 -0.00477106
v -0.01176860 -0.02175812 -0.00475716
v -0.01185184 -0.02173638 -0.00473632
v -0.01193894 -0.02177196 -0.00464900
v -0.01241126 -0.02151892 -0.00464801
v -0.01233576 -0.02160195 -0.00459542
v -0.01239190 -0.02163358 -0.00451206
v -0.01368882 -0.01993742 0.00504692
v -0.01331330 -0.02018651 0.00504692
v -0.01306359 -0.02031105 0.00505188
v -0.01218865 -0.02081120 0.00505783
v -0.01193894 -0.02093574 0.00505982
v -0.01181312 -0.02093574 0.00506478
v -0.01402951 -0.02076771 0.00406155
v -0.01393853 -0.02082702 0.00406155
v -0.01363656 -0.02100494 0.00415483
v -0.01340621 -0.02114332 0.00418658
v -0.01325329 -0.02125007 0.00413002
v -0.01268225 -0.02159404 0.00419154
v -0.01263580 -0.02162963 0.00415383
v -0.01257386 -0.02165928 0.00419154
v -0.01245965 -0.02172649 0.00418658
v -0.01238222 -0.02175219 0.00425803
v -0.01253708 -0.02164544 0.00431161
v -0.01259902 -0.02160788 0.00431161
v -0.01281388 -0.02147148 0.00431955
v -0.01374689 -0.02087248 0.00436817
v -0.01365785 -0.02089423 0.00443664
v -0.01319909 -0.02109587 0.00456862
v -0.01311198 -0.02111564 0.00461427
v -0.01344492 -0.02094167 0.00456862
v -0.01262999 -0.02150113 0.00450214
v -0.01301326 -0.02125600 0.00451008
v -0.01316231 -0.02114727 0.00453091
v -0.01286228 -0.02136670 0.00448328
v -0.01287970 -0.02125007 0.00462717
v -0.01361914 -0.02049490 0.00487227
v -0.01323587 -0.02074003 0.00486929
v -0.01238609 -0.02125600 0.00487822
v -0.01353590 -0.02052060 0.00488716
v -0.01357268 -0.02044548 0.00491296
v -0.01264548 -0.02138647 0.00463808
v -0.01256418 -0.02141217 0.00466388
v -0.01256418 -0.02135089 0.00472640
v -0.01249643 -0.02137066 0.00474724
v -0.01264741 -0.02126193 0.00476014
v -0.01256418 -0.02128763 0.00477999
v -0.01257192 -0.02118681 0.00484746
v -0.01356300 -0.02030710 0.00497746
v -0.01370044 -0.02019046 0.00498738
v -0.01331330 -0.02056211 0.00493578
v -0.01343912 -0.02043559 0.00495662
v -0.01381271 -0.01993742 0.00503203
v -0.01360559 -0.02023395 0.00499532
v -0.01366559 -0.02015092 0.00500723
v -0.00918830 -0.02243619 0.00503501
v -0.00993936 -0.02206059 0.00504394
v -0.00968772 -0.02218711 0.00504096
v -0.01081430 -0.02168696 0.00503799
v -0.01056266 -0.02181150 0.00503799
v -0.01181312 -0.02106226 0.00505287
v -0.01093818 -0.02156241 0.00504791
v -0.00869470 -0.02269714 0.00501715
v -0.00906248 -0.02256667 0.00501516
v -0.00893860 -0.02264377 0.00500723
v -0.00618796 -0.02368558 0.00494372
v -0.00606407 -0.02379826 0.00490402
v -0.00693901 -0.02343649 0.00496059
v -0.00901990 -0.02262993 0.00500226
v -0.00873922 -0.02274459 0.00499829
v -0.00793784 -0.02301344 0.00500524
v -0.00764361 -0.02313008 0.00500127
v -0.00772684 -0.02311426 0.00499631
v -0.00756425 -0.02320520 0.00498242
v -0.00756425 -0.02331195 0.00493280
v -0.00743842 -0.02331195 0.00495066
v -0.00599245 -0.02387141 0.00487326
v -0.00590922 -0.02388129 0.00487922
v -0.00546788 -0.02399200 0.00486929
v -0.00531302 -0.02400781 0.00488021
v -0.00489297 -0.02418968 0.00480678
v -0.00556272 -0.02398014 -0.00486136
v -0.00599245 -0.02387141 -0.00487326
v -0.00531302 -0.02400781 -0.00488021
v -0.00538270 -0.02399990 -0.00487525
v -0.00606407 -0.02379826 -0.00490204
v -0.00631378 -0.02368558 -0.00492486
v -0.00489297 -0.02411456 -0.00486731
v -0.00893860 -0.02281180 -0.00493578
v -0.00643379 -0.02369349 -0.00490204
v -0.00734551 -0.02348987 -0.00486830
v -0.00682093 -0.02367965 -0.00483754
v -0.00756425 -0.02345626 -0.00484349
v -0.00773265 -0.02336730 -0.00487029
v -0.00837918 -0.02312612 -0.00487525
v -0.00869663 -0.02294820 -0.00490998
v -0.00918830 -0.02268726 -0.00495066
v -0.00906055 -0.02267737 -0.00497646
v -0.00918830 -0.02259632 -0.00498936
v -0.00928315 -0.02251329 -0.00500425
v -0.00918830 -0.02253306 -0.00501020
v -0.00943801 -0.02241643 -0.00501219
v -0.00967610 -0.02231363 -0.00501120
v -0.01056266 -0.02191232 -0.00501120
v -0.00981354 -0.02227014 -0.00500623
v -0.00988709 -0.02225432 -0.00500127
v -0.01081430 -0.02178976 -0.00501120
v -0.01106400 -0.02156241 -0.00503501
v -0.01143760 -0.02131135 -0.00504493
v -0.01156342 -0.02118681 -0.00505387
v -0.01193894 -0.02093574 -0.00505883
v -0.01218865 -0.02081120 -0.00505684
v -0.01256418 -0.02056211 -0.00505783
v -0.01331330 -0.02006196 -0.00505982
v -0.01356300 -0.01993742 -0.00505684
v -0.01393853 -0.01968636 -0.00505585
v -0.01431406 -0.01943727 -0.00505387
v -0.01368882 -0.01993742 -0.00504692
v -0.01356300 -0.02006196 -0.00504196
v -0.01403338 -0.02077166 0.00393652
v -0.01381271 -0.01993742 -0.00503104
v -0.01247707 -0.02173638 -0.00406155
v -0.01256418 -0.02168498 -0.00406155
v -0.01256418 -0.02169091 -0.00393652
v -0.01271129 -0.02159997 -0.00393652
v -0.01371205 -0.02097528 -0.00393652
v -0.01393853 -0.02083295 0.00393652
v -0.01223123 -0.02173836 -0.00448031
v -0.01198734 -0.02186685 -0.00448527
v -0.01202799 -0.02188860 -0.00440191
v -0.01186539 -0.02199337 -0.00435726
v -0.01164665 -0.02213571 -0.00428085
v -0.01206670 -0.02190244 -0.00430864
v -0.01231447 -0.02177196 -0.00430367
v -0.01238028 -0.02175022 -0.00425604
v -0.01239577 -0.02176010 -0.00418658
v -0.01343912 -0.02018651 -0.00503303
v -0.01355913 -0.02018848 -0.00501417
v -0.01351461 -0.02025767 -0.00500226
v -0.01313327 -0.02050478 -0.00500127
v -0.01328232 -0.02039408 -0.00500623
v -0.01251966 -0.02088632 -0.00500326
v -0.01237061 -0.02099505 -0.00499830
v -0.01218284 -0.02117692 -0.00497250
v -0.01206283 -0.02131135 -0.00494074
v -0.01218671 -0.02131728 -0.00490403
v -0.01214413 -0.02138252 -0.00488021
v -0.01198153 -0.02148927 -0.00486830
v -0.01169311 -0.02168300 -0.00484151
v -0.01131371 -0.02185499 -0.00486235
v -0.01143760 -0.02190837 -0.00477701
v -0.01127693 -0.02201314 -0.00476212
v -0.01136017 -0.02199140 -0.00474129
v -0.01118789 -0.02215943 -0.00466190
v -0.01143760 -0.02203093 -0.00465793
v -0.01151890 -0.02200919 -0.00463511
v -0.01200863 -0.02175219 -0.00462816
v -0.01225253 -0.02162370 -0.00462518
v -0.01209186 -0.02173045 -0.00460038
v -0.01190410 -0.02188860 -0.00452099
v -0.01356300 -0.02006196 0.00504096
v -0.01318941 -0.02031105 0.00503997
v -0.01268806 -0.02056211 0.00504990
v -0.01206283 -0.02093574 0.00505188
v -0.01380690 -0.02091004 0.00406155
v -0.01325716 -0.02125402 0.00406155
v -0.01280808 -0.02153474 0.00406155
v -0.01264548 -0.02163556 0.00406155
v -0.01256418 -0.02168498 0.00406155
v -0.01247707 -0.02173638 0.00406155
v -0.01239771 -0.02176010 0.00418658
v -0.01231253 -0.02177196 0.00430467
v -0.01235318 -0.02173638 0.00434138
v -0.01242868 -0.02170870 0.00430467
v -0.01231253 -0.02180557 0.00418658
v -0.01148405 -0.02224048 0.00420940
v -0.01213639 -0.02188069 0.00426597
v -0.01112982 -0.02237689 0.00437909
v -0.01251191 -0.02162963 0.00438901
v -0.01255837 -0.02158021 0.00443367
v -0.01272871 -0.02136077 0.00460633
v -0.01247707 -0.02160986 0.00447237
v -0.01239383 -0.02163358 0.00451206
v -0.01256418 -0.02152090 0.00452893
v -0.01249449 -0.02149520 0.00461923
v -0.01285260 -0.02098517 0.00486532
v -0.01246933 -0.02122832 0.00486235
v -0.01231253 -0.02133903 0.00485242
v -0.01222930 -0.02136275 0.00486731
v -0.01214606 -0.02138449 0.00488120
v -0.01231253 -0.02127577 0.00489013
v -0.01231253 -0.02118681 0.00493479
v -0.01243255 -0.02118681 0.00489906
v -0.01257192 -0.02107215 0.00491296
v -0.01343137 -0.02056211 0.00489906
v -0.01245384 -0.02144578 0.00469762
v -0.01241126 -0.02151892 0.00464801
v -0.01234157 -0.02147939 0.00473136
v -0.01241319 -0.02139636 0.00476808
v -0.01244029 -0.02131333 0.00481571
v -0.01318360 -0.02055421 0.00497349
v -0.01343912 -0.02035059 0.00499135
v -0.01306359 -0.02068666 0.00494967
v -0.01268806 -0.02093574 0.00494273
v -0.01370044 -0.02007382 0.00501913
v -0.01343912 -0.02018651 0.00503402
v -0.01313715 -0.02050676 0.00500226
v -0.01352235 -0.02026163 0.00500326
v -0.01356300 -0.02019046 0.00501417
v -0.00956383 -0.02231165 0.00502608
v -0.00932187 -0.02244608 0.00501814
v -0.00981354 -0.02218711 0.00502906
v -0.01106400 -0.02156241 0.00503600
v -0.01168730 -0.02131728 0.00501516
v -0.01081430 -0.02179173 0.00501219
v -0.01069815 -0.02182336 0.00501913
v -0.01143760 -0.02131135 0.00504593
v -0.01193894 -0.02106226 0.00504295
v -0.01056266 -0.02191628 0.00501219
v -0.01044458 -0.02194593 0.00501814
v -0.00918830 -0.02253108 0.00501020
v -0.00928509 -0.02251131 0.00500425
v -0.00706290 -0.02343649 0.00494273
v -0.00668931 -0.02356104 0.00493379
v -0.00682093 -0.02357290 0.00490799
v -0.00686739 -0.02362232 0.00487326
v -0.00910313 -0.02261411 0.00499631
v -0.00881278 -0.02281180 0.00495662
v -0.00869470 -0.02280587 0.00497845
v -0.00818754 -0.02296797 0.00498837
v -0.00809269 -0.02298577 0.00499532
v -0.00837531 -0.02287308 0.00499929
v -0.00781395 -0.02309845 0.00499036
v -0.00768620 -0.02317752 0.00497547
v -0.00781395 -0.02318741 0.00495066
v -0.00769007 -0.02331986 0.00490502
v -0.00764942 -0.02338114 0.00487922
v -0.00756425 -0.02339300 0.00488716
v -0.00743842 -0.02341277 0.00489708
v -0.00726228 -0.02350173 0.00487624
v -0.00793784 -0.02318741 0.00492883
v -0.00606407 -0.02386152 0.00486532
v -0.00606601 -0.02394653 0.00479685
v -0.00594599 -0.02392874 0.00483655
v -0.00581437 -0.02402956 0.00477701
v -0.00568855 -0.02404340 0.00478792
v -0.00531302 -0.02414619 0.00476907
v -0.00489491 -0.02425294 0.00475319
v -0.00489297 -0.02425294 0.00475319
v -0.00594599 -0.02392874 -0.00483655
v -0.00493943 -0.02410863 -0.00486433
v -0.00518913 -0.02408293 -0.00484349
v -0.00606407 -0.02394653 -0.00479586
v -0.00489297 -0.02418968 -0.00480678
v -0.00906442 -0.02281971 -0.00490601
v -0.00918830 -0.02278808 -0.00489807
v -0.00756425 -0.02353336 -0.00478098
v -0.00668931 -0.02378442 -0.00478197
v -0.00729131 -0.02363616 -0.00476113
v -0.00769007 -0.02342859 -0.00483357
v -0.00780621 -0.02344243 -0.00478892
v -0.00831336 -0.02319927 -0.00483655
v -0.00893860 -0.02296007 -0.00484548
v -0.00910700 -0.02286715 -0.00487029
v -0.00865986 -0.02301147 -0.00488219
v -0.00893860 -0.02289681 -0.00488914
v -0.00931412 -0.02268726 -0.00492387
v -0.00981354 -0.02243619 -0.00493776
v -0.01031295 -0.02218711 -0.00495066
v -0.00943801 -0.02256074 -0.00495761
v -0.00956383 -0.02245003 -0.00498143
v -0.00997033 -0.02223455 -0.00499532
v -0.00936639 -0.02249352 -0.00499830
v -0.00956383 -0.02238875 -0.00500425
v -0.01056266 -0.02197558 -0.00499234
v -0.01065944 -0.02189058 -0.00500425
v -0.01099045 -0.02174429 -0.00499830
v -0.01189055 -0.02125600 -0.00500226
v -0.01143953 -0.02144380 -0.00501516
v -0.01074268 -0.02187081 -0.00499830
v -0.01168924 -0.02118681 -0.00504295
v -0.01193507 -0.02118878 -0.00501318
v -0.01206283 -0.02106226 -0.00502707
v -0.01193894 -0.02106226 -0.00504096
v -0.01206283 -0.02093574 -0.00505089
v -0.01268806 -0.02056211 -0.00504890
v -0.01343912 -0.02006196 -0.00505287
v -0.01381271 -0.01981090 -0.00505188
v -0.01331330 -0.02018651 -0.00504692
v -0.01281388 -0.02056211 -0.00503600
v -0.01241900 -0.02177196 -0.00393652
v -0.01248094 -0.02173836 -0.00393652
v -0.01174731 -0.02212187 -0.00409330
v -0.01156922 -0.02221874 -0.00406155
v -0.01175312 -0.02212385 -0.00400995
v -0.01256418 -0.02169091 0.00393652
v -0.01271129 -0.02159997 0.00393652
v -0.01371205 -0.02097528 0.00393652
v -0.01125177 -0.02225037 -0.00450015
v -0.01109110 -0.02235514 -0.00446046
v -0.01137372 -0.02224839 -0.00437115
v -0.01132532 -0.02229188 -0.00432253
v -0.01189055 -0.02200721 -0.00427390
v -0.01099432 -0.02249550 -0.00423322
v -0.01124015 -0.02236898 -0.00422131
v -0.01197379 -0.02198547 -0.00418658
v -0.01150147 -0.02224839 -0.00412506
v -0.01331910 -0.02032093 -0.00501913
v -0.01306359 -0.02043559 -0.00503005
v -0.01294164 -0.02056805 -0.00501715
v -0.01256224 -0.02081515 -0.00501417
v -0.01243836 -0.02091202 -0.00500921
v -0.01213639 -0.02112948 -0.00500127
v -0.01143953 -0.02155648 -0.00497944
v -0.01156342 -0.02156241 -0.00494868
v -0.01193894 -0.02144380 -0.00490700
v -0.01131371 -0.02179173 -0.00489906
v -0.01165439 -0.02163951 -0.00488319
v -0.01093818 -0.02207838 -0.00484548
v -0.01093818 -0.02216536 -0.00478296
v -0.01093818 -0.02201710 -0.00488418
v -0.01108530 -0.02197756 -0.00486136
v -0.01103110 -0.02213966 -0.00476411
v -0.01086850 -0.02224444 -0.00474625
v -0.01093818 -0.02222665 -0.00472739
v -0.01093818 -0.02228793 -0.00466488
v -0.01102916 -0.02226421 -0.00464007
v -0.01111240 -0.02224246 -0.00461526
v -0.01184603 -0.02185894 -0.00460435
v -0.01165827 -0.02201710 -0.00452496
v -0.01256418 -0.02068666 0.00504295
v -0.01231253 -0.02081120 0.00504791
v -0.01218865 -0.02093574 0.00503997
v -0.01248094 -0.02173836 0.00393652
v -0.01241900 -0.02177196 0.00393652
v -0.01175312 -0.02212385 0.00400995
v -0.01156922 -0.02221874 0.00406155
v -0.01174731 -0.02212187 0.00409330
v -0.01150147 -0.02224839 0.00412605
v -0.01226995 -0.02175812 0.00439596
v -0.01101174 -0.02250538 0.00414788
v -0.01099238 -0.02249352 0.00423123
v -0.01140082 -0.02226223 0.00428879
v -0.01115111 -0.02238677 0.00431161
v -0.01106400 -0.02243224 0.00431161
v -0.01096722 -0.02248166 0.00431161
v -0.01088205 -0.02250143 0.00437909
v -0.01092850 -0.02245399 0.00442771
v -0.01100593 -0.02237689 0.00450412
v -0.01108917 -0.02235514 0.00446244
v -0.01125177 -0.02225037 0.00450015
v -0.01149760 -0.02212187 0.00449618
v -0.01198734 -0.02186685 0.00448527
v -0.01231253 -0.02171661 0.00443764
v -0.01243642 -0.02165137 0.00443367
v -0.01225253 -0.02162567 0.00462518
v -0.01135630 -0.02211396 0.00461030
v -0.01230479 -0.02143787 0.00478296
v -0.01218865 -0.02152090 0.00476808
v -0.01206283 -0.02146950 0.00485540
v -0.01198540 -0.02149125 0.00486929
v -0.01218865 -0.02131728 0.00490502
v -0.01190216 -0.02151299 0.00488319
v -0.01206283 -0.02131135 0.00494173
v -0.01218091 -0.02117692 0.00497249
v -0.01243836 -0.02106226 0.00495563
v -0.01218865 -0.02158416 0.00470755
v -0.01184990 -0.02173638 0.00473632
v -0.01225833 -0.02150311 0.00475220
v -0.01294358 -0.02068468 0.00498143
v -0.01243836 -0.02097330 0.00499135
v -0.01260289 -0.02086062 0.00499532
v -0.01298810 -0.02061549 0.00499730
v -0.01343912 -0.02028733 0.00501020
v -0.01332297 -0.02032291 0.00501913
v -0.01306359 -0.02043559 0.00503104
v -0.01281388 -0.02056211 0.00503700
v -0.01290486 -0.02064119 0.00500524
v -0.00962964 -0.02237491 0.00500028
v -0.00943801 -0.02241643 0.00501219
v -0.00993355 -0.02219106 0.00501417
v -0.01206283 -0.02106226 0.00502806
v -0.01181312 -0.02127577 0.00500822
v -0.01106400 -0.02166324 0.00501119
v -0.01218091 -0.02106226 0.00501219
v -0.01090915 -0.02176603 0.00500524
v -0.01074655 -0.02187278 0.00499929
v -0.01066331 -0.02189255 0.00500524
v -0.01049103 -0.02199535 0.00499829
v -0.01040780 -0.02201314 0.00500425
v -0.01014841 -0.02213373 0.00500326
v -0.00936832 -0.02249550 0.00499829
v -0.00734551 -0.02348987 0.00486830
v -0.00756425 -0.02353534 0.00477999
v -0.00682093 -0.02367965 0.00483754
v -0.00631378 -0.02390304 0.00477502
v -0.00918830 -0.02268726 0.00494868
v -0.00932187 -0.02255678 0.00498043
v -0.00893860 -0.02281180 0.00493280
v -0.00793784 -0.02307670 0.00498043
v -0.00773265 -0.02336730 0.00487029
v -0.00793784 -0.02326648 0.00488517
v -0.00881278 -0.02291855 0.00490105
v -0.00856307 -0.02302728 0.00489212
v -0.00831336 -0.02313601 0.00488219
v -0.00602729 -0.02400584 0.00475617
v -0.00593825 -0.02401572 0.00476609
v -0.00550852 -0.02412445 0.00475121
v -0.00489297 -0.02430830 0.00469068
v -0.00559176 -0.02411654 0.00474128
v -0.00568855 -0.02410666 0.00473037
v -0.00506331 -0.02423515 0.00473434
v -0.00568855 -0.02404340 -0.00478792
v -0.00581437 -0.02402956 -0.00477701
v -0.00593825 -0.02401572 -0.00476510
v -0.00602342 -0.02400584 -0.00475617
v -0.00506331 -0.02417189 -0.00479189
v -0.00531302 -0.02414619 -0.00476907
v -0.00489297 -0.02421934 -0.00478197
v -0.00931412 -0.02276238 -0.00488319
v -0.00902377 -0.02288099 -0.00488021
v -0.00737455 -0.02362430 -0.00474922
v -0.00768813 -0.02351359 -0.00476411
v -0.00804236 -0.02338905 -0.00476312
v -0.00856307 -0.02316961 -0.00478792
v -0.00918250 -0.02294227 -0.00478892
v -0.00918830 -0.02285134 -0.00485838
v -0.00956383 -0.02264377 -0.00488716
v -0.01056266 -0.02216931 -0.00490105
v -0.01068848 -0.02206059 -0.00492883
v -0.01056266 -0.02206059 -0.00495662
v -0.01044264 -0.02205663 -0.00498143
v -0.01006324 -0.02221281 -0.00498738
v -0.01069622 -0.02193407 -0.00498440
v -0.01131371 -0.02159602 -0.00499036
v -0.01218284 -0.02106029 -0.00501120
v -0.01243836 -0.02081120 -0.00503303
v -0.01218865 -0.02093574 -0.00503799
v -0.01256418 -0.02068666 -0.00504096
v -0.01118789 -0.02242631 -0.00393652
v -0.01102142 -0.02250934 -0.00406155
v -0.01108723 -0.02247969 -0.00393652
v -0.01118789 -0.02222269 -0.00458748
v -0.01100787 -0.02237689 -0.00450412
v -0.01105432 -0.02239073 -0.00442573
v -0.01112788 -0.02237491 -0.00437711
v -0.01106400 -0.02243224 -0.00431161
v -0.01115111 -0.02238677 -0.00431161
v -0.01100980 -0.02250341 -0.00414987
v -0.01105626 -0.02247178 -0.00418956
v -0.01096722 -0.02248166 -0.00431161
v -0.01081430 -0.02255283 -0.00431161
v -0.01065170 -0.02263586 -0.00428284
v -0.01039231 -0.02275645 -0.00426994
v -0.01013099 -0.02287704 -0.00425704
v -0.01080268 -0.02259434 -0.00417765
v -0.01125564 -0.02237689 -0.00413796
v -0.01155180 -0.02221281 -0.00417467
v -0.01268806 -0.02068666 -0.00502608
v -0.01081430 -0.02193604 -0.00495860
v -0.01106400 -0.02181150 -0.00495563
v -0.01093818 -0.02193604 -0.00492784
v -0.01144534 -0.02169684 -0.00491196
v -0.01105045 -0.02193604 -0.00489609
v -0.01083753 -0.02210408 -0.00486334
v -0.01081236 -0.02218513 -0.00481372
v -0.01078526 -0.02226421 -0.00476411
v -0.01080268 -0.02206256 -0.00489807
v -0.01060911 -0.02236700 -0.00474228
v -0.01082591 -0.02231758 -0.00469266
v -0.01086463 -0.02236898 -0.00461824
v -0.01093818 -0.02235119 -0.00459244
v -0.01243836 -0.02081120 0.00503402
v -0.01118789 -0.02242631 0.00393652
v -0.01108723 -0.02247969 0.00393652
v -0.01102142 -0.02250934 0.00406155
v -0.01093818 -0.02254888 0.00406155
v -0.01075429 -0.02262597 0.00413101
v -0.01073300 -0.02261609 0.00421337
v -0.01081430 -0.02255283 0.00431161
v -0.01080268 -0.02251329 0.00442771
v -0.01075235 -0.02249945 0.00450015
v -0.01043490 -0.02272284 0.00431161
v -0.01062073 -0.02262202 0.00436718
v -0.01001485 -0.02288099 0.00438901
v -0.00993355 -0.02289681 0.00443267
v -0.00997226 -0.02286122 0.00447237
v -0.01049297 -0.02262004 0.00449221
v -0.01093818 -0.02239270 0.00452794
v -0.01093818 -0.02234921 0.00459045
v -0.01105820 -0.02230967 0.00455870
v -0.01080655 -0.02243422 0.00455870
v -0.01176279 -0.02188069 0.00463213
v -0.01127306 -0.02213571 0.00463808
v -0.01181119 -0.02169091 0.00479090
v -0.01103303 -0.02214164 0.00476312
v -0.01143760 -0.02190837 0.00477701
v -0.01093818 -0.02208035 0.00484449
v -0.01149567 -0.02174626 0.00487227
v -0.01194088 -0.02144380 0.00490799
v -0.01141243 -0.02176801 0.00488616
v -0.01131371 -0.02179371 0.00490006
v -0.01144727 -0.02169684 0.00491296
v -0.01093818 -0.02193604 0.00492883
v -0.01181312 -0.02143589 0.00494570
v -0.01131371 -0.02168696 0.00495265
v -0.01131371 -0.02159602 0.00499036
v -0.01206283 -0.02120855 0.00498539
v -0.01221769 -0.02110378 0.00499333
v -0.01232221 -0.02106226 0.00498440
v -0.01093818 -0.02222862 0.00472838
v -0.01087043 -0.02224641 0.00474724
v -0.01237061 -0.02099505 0.00499829
v -0.01256224 -0.02081515 0.00501516
v -0.01268806 -0.02068666 0.00502707
v -0.01228543 -0.02102075 0.00500623
v -0.01268806 -0.02077166 0.00500623
v -0.00997226 -0.02223455 0.00499532
v -0.01213445 -0.02112750 0.00500127
v -0.01081430 -0.02185499 0.00499333
v -0.01069815 -0.02193407 0.00498440
v -0.01056266 -0.02197756 0.00499234
v -0.01044458 -0.02205663 0.00498143
v -0.01031295 -0.02218711 0.00495066
v -0.00756425 -0.02345626 0.00484250
v -0.00769007 -0.02342859 0.00483258
v -0.00768813 -0.02351359 0.00476312
v -0.00746165 -0.02361244 0.00473831
v -0.00737842 -0.02362430 0.00475022
v -0.00643766 -0.02388525 0.00475915
v -0.00928896 -0.02276633 0.00488517
v -0.00918830 -0.02278610 0.00489708
v -0.00981354 -0.02243619 0.00493677
v -0.00812754 -0.02337521 0.00475022
v -0.00780621 -0.02344243 0.00478792
v -0.00901796 -0.02288099 0.00487922
v -0.00837724 -0.02312415 0.00487426
v -0.00910313 -0.02286518 0.00486830
v -0.00893860 -0.02295809 0.00484449
v -0.00906248 -0.02292844 0.00483258
v -0.00893860 -0.02303914 0.00478197
v -0.00913604 -0.02300356 0.00475319
v -0.00893860 -0.02289483 0.00488815
v -0.00611053 -0.02399397 0.00474525
v -0.00600794 -0.02412642 0.00462717
v -0.00593825 -0.02407898 0.00469862
v -0.00581437 -0.02409282 0.00471449
v -0.00531302 -0.02426283 0.00464106
v -0.00489297 -0.02436958 0.00461725
v -0.00568855 -0.02416003 0.00466785
v -0.00543884 -0.02413236 -0.00475716
v -0.00558982 -0.02411654 -0.00474129
v -0.00581437 -0.02409282 -0.00471350
v -0.00593825 -0.02407898 -0.00469663
v -0.00600213 -0.02412445 -0.00462518
v -0.00610666 -0.02399397 -0.00474426
v -0.00489491 -0.02425294 -0.00475319
v -0.00489297 -0.02425294 -0.00475319
v -0.00937607 -0.02274854 -0.00487525
v -0.00718872 -0.02371326 -0.00471052
v -0.00756425 -0.02359662 -0.00471945
v -0.00768813 -0.02357685 -0.00469862
v -0.00775975 -0.02350173 -0.00475220
v -0.00812560 -0.02337323 -0.00474922
v -0.00840628 -0.02326055 -0.00476014
v -0.00931412 -0.02290471 -0.00477602
v -0.00931412 -0.02282564 -0.00483853
v -0.00906442 -0.02301542 -0.00476411
v -0.00913604 -0.02300158 -0.00475319
v -0.00921928 -0.02298774 -0.00473732
v -0.01068848 -0.02214164 -0.00488517
v -0.01093818 -0.02255283 -0.00393652
v -0.01102529 -0.02251131 -0.00393652
v -0.01075235 -0.02262400 -0.00413002
v -0.01082204 -0.02260027 -0.00406155
v -0.01093818 -0.02239468 -0.00452992
v -0.01075235 -0.02249945 -0.00450015
v -0.01083559 -0.02248166 -0.00446145
v -0.01092850 -0.02245399 -0.00442672
v -0.01087818 -0.02249945 -0.00437810
v -0.01061879 -0.02262202 -0.00436619
v -0.01031682 -0.02277622 -0.00431161
v -0.01006131 -0.02289285 -0.00430367
v -0.00984644 -0.02298577 -0.00431161
v -0.00944769 -0.02315973 -0.00432154
v -0.00952705 -0.02313601 -0.00428581
v -0.00987161 -0.02299763 -0.00423818
v -0.01069235 -0.02264377 -0.00417765
v -0.01075429 -0.02212582 -0.00487525
v -0.01068848 -0.02220292 -0.00484449
v -0.01068848 -0.02228595 -0.00478197
v -0.01018906 -0.02252318 -0.00477106
v -0.00993936 -0.02264179 -0.00476510
v -0.01026649 -0.02250538 -0.00475617
v -0.00974579 -0.02274656 -0.00474724
v -0.01034973 -0.02248759 -0.00473732
v -0.01043877 -0.02246782 -0.00471648
v -0.01052201 -0.02250736 -0.00463511
v -0.01060524 -0.02248957 -0.00461129
v -0.01080849 -0.02243422 -0.00455969
v -0.01102529 -0.02251131 0.00393652
v -0.01093818 -0.02255283 0.00393652
v -0.01068848 -0.02266551 0.00393652
v -0.01082398 -0.02260027 0.00406155
v -0.01022971 -0.02286518 0.00406155
v -0.00963545 -0.02312810 0.00406155
v -0.00962771 -0.02312415 0.00412704
v -0.00961222 -0.02311822 0.00421040
v -0.00987161 -0.02299763 0.00423719
v -0.01069041 -0.02264377 0.00417765
v -0.00988903 -0.02287902 0.00450809
v -0.00981354 -0.02289681 0.00453191
v -0.01030714 -0.02265563 0.00456267
v -0.01034392 -0.02261016 0.00460435
v -0.01017939 -0.02283948 0.00430367
v -0.00952705 -0.02313601 0.00428284
v -0.00949414 -0.02312019 0.00436619
v -0.00941091 -0.02313799 0.00440886
v -0.00936639 -0.02312019 0.00449221
v -0.00962771 -0.02299960 0.00450114
v -0.01086269 -0.02236700 0.00461625
v -0.01102723 -0.02226223 0.00464106
v -0.01068848 -0.02246980 0.00458351
v -0.01093818 -0.02216536 0.00478197
v -0.01083946 -0.02210606 0.00486235
v -0.01124983 -0.02187278 0.00487426
v -0.01093818 -0.02201710 0.00488616
v -0.01080462 -0.02206256 0.00489906
v -0.01068848 -0.02206059 0.00492983
v -0.01081430 -0.02193604 0.00495959
v -0.01197185 -0.02123425 0.00499433
v -0.01093818 -0.02228595 0.00466587
v -0.01077945 -0.02238677 0.00463908
v -0.01061105 -0.02236700 0.00474327
v -0.01052781 -0.02238677 0.00476014
v -0.01078720 -0.02226618 0.00476312
v -0.01081236 -0.02218711 0.00481273
v -0.01056266 -0.02206059 0.00495662
v -0.00775975 -0.02350173 0.00475220
v -0.00756425 -0.02359662 0.00472144
v -0.00768813 -0.02363418 0.00463709
v -0.00756425 -0.02365197 0.00465892
v -0.00727776 -0.02375675 0.00463411
v -0.00658865 -0.02386350 0.00473831
v -0.00650541 -0.02387536 0.00475022
v -0.00943801 -0.02273272 0.00486334
v -0.00932380 -0.02280982 0.00484449
v -0.00918830 -0.02284936 0.00485639
v -0.01031295 -0.02228793 0.00489807
v -0.01041361 -0.02226618 0.00488517
v -0.00831336 -0.02339696 0.00465098
v -0.00775201 -0.02362430 0.00462419
v -0.00784492 -0.02348789 0.00473831
v -0.00921928 -0.02298774 0.00473732
v -0.00893860 -0.02315775 0.00466289
v -0.00918250 -0.02294227 0.00478693
v -0.00931412 -0.02290471 0.00477602
v -0.00940317 -0.02288692 0.00476014
v -0.00631378 -0.02401967 0.00464999
v -0.00648799 -0.02399595 0.00461923
v -0.00609117 -0.02411456 0.00461030
v -0.00605439 -0.02415212 0.00456565
v -0.00585502 -0.02424504 0.00449023
v -0.00568855 -0.02426283 0.00452099
v -0.00548142 -0.02424504 0.00461824
v -0.00506331 -0.02435179 0.00458946
v -0.00506331 -0.02439133 0.00452694
v -0.00489297 -0.02440714 0.00455671
v -0.00506331 -0.02423515 -0.00473434
v -0.00518913 -0.02422132 -0.00471945
v -0.00593825 -0.02413236 -0.00463412
v -0.00518913 -0.02427469 -0.00465694
v -0.00618796 -0.02409875 -0.00458748
v -0.00648412 -0.02399397 -0.00461725
v -0.00688094 -0.02387536 -0.00462618
v -0.00640089 -0.02400584 -0.00463312
v -0.00618796 -0.02403549 -0.00466885
v -0.00556272 -0.02423515 -0.00460335
v -0.00581437 -0.02421341 -0.00455374
v -0.00605246 -0.02415212 -0.00456465
v -0.00618796 -0.02398211 -0.00473136
v -0.00727776 -0.02375675 -0.00463412
v -0.00489297 -0.02430830 -0.00469068
v -0.00981354 -0.02258841 -0.00485044
v -0.00971869 -0.02261016 -0.00486532
v -0.00997807 -0.02248957 -0.00486830
v -0.00768813 -0.02363418 -0.00463610
v -0.00775201 -0.02362430 -0.00462419
v -0.00793784 -0.02347010 -0.00471846
v -0.00807914 -0.02344243 -0.00469365
v -0.00877019 -0.02313206 -0.00475617
v -0.00940317 -0.02288495 -0.00476014
v -0.00956383 -0.02278808 -0.00478197
v -0.00918250 -0.02304112 -0.00469266
v -0.00931412 -0.02302333 -0.00465396
v -0.00931412 -0.02296797 -0.00471648
v -0.01056266 -0.02223258 -0.00486334
v -0.01068848 -0.02266551 -0.00393652
v -0.01041361 -0.02276633 -0.00418658
v -0.00962771 -0.02312415 -0.00412704
v -0.01022971 -0.02286518 -0.00406155
v -0.00962771 -0.02299960 -0.00450115
v -0.01049103 -0.02262004 -0.00449221
v -0.01023165 -0.02274063 -0.00448229
v -0.00975740 -0.02300158 -0.00438107
v -0.01010002 -0.02286320 -0.00434039
v -0.00949608 -0.02312217 -0.00436917
v -0.00941285 -0.02313996 -0.00440886
v -0.00922508 -0.02323881 -0.00434535
v -0.00930638 -0.02322102 -0.00430665
v -0.00926186 -0.02325264 -0.00426200
v -0.00943801 -0.02319729 -0.00418658
v -0.00961029 -0.02311822 -0.00421040
v -0.01031295 -0.02235119 -0.00485937
v -0.01044845 -0.02230967 -0.00484548
v -0.00981354 -0.02266947 -0.00478792
v -0.00948640 -0.02286715 -0.00474228
v -0.00965481 -0.02288692 -0.00464007
v -0.00999936 -0.02274854 -0.00462320
v -0.00956383 -0.02296995 -0.00458351
v -0.00997033 -0.02298577 0.00393652
v -0.00964126 -0.02313206 0.00393652
v -0.00956383 -0.02315973 0.00406155
v -0.00943801 -0.02321508 0.00406155
v -0.00943801 -0.02319729 0.00418658
v -0.00943801 -0.02303914 0.00456664
v -0.00981354 -0.02285331 0.00459442
v -0.00973998 -0.02286913 0.00461725
v -0.00999936 -0.02274854 0.00462419
v -0.01026069 -0.02262795 0.00462915
v -0.00926186 -0.02325264 0.00426100
v -0.00930832 -0.02321904 0.00430665
v -0.00944575 -0.02315775 0.00431955
v -0.00922121 -0.02323881 0.00434436
v -0.00918250 -0.02321706 0.00443069
v -0.00900441 -0.02325067 0.00450114
v -0.00928315 -0.02313601 0.00451801
v -0.00931993 -0.02309252 0.00456068
v -0.01068848 -0.02220490 0.00484250
v -0.01075623 -0.02212582 0.00487624
v -0.01068848 -0.02214164 0.00488616
v -0.01043877 -0.02252515 0.00465495
v -0.01043877 -0.02246782 0.00471747
v -0.00981354 -0.02273272 0.00473235
v -0.00948640 -0.02286715 0.00474327
v -0.01044845 -0.02230967 0.00484449
v -0.00956383 -0.02278808 0.00478098
v -0.00956383 -0.02270505 0.00484349
v -0.00768813 -0.02357685 0.00469961
v -0.00736100 -0.02374489 0.00461923
v -0.01049684 -0.02224641 0.00487326
v -0.00876051 -0.02325264 0.00462915
v -0.00811592 -0.02349580 0.00461923
v -0.00783524 -0.02360848 0.00460236
v -0.00790880 -0.02363616 0.00451901
v -0.00780040 -0.02364802 0.00456068
v -0.00762038 -0.02374686 0.00449618
v -0.00757199 -0.02372116 0.00455969
v -0.00931412 -0.02296797 0.00471747
v -0.00931412 -0.02302530 0.00465495
v -0.00918250 -0.02304112 0.00469266
v -0.00912443 -0.02312415 0.00462320
v -0.00666221 -0.02400979 0.00451801
v -0.00618796 -0.02414026 0.00452694
v -0.00618796 -0.02410073 0.00458946
v -0.00593825 -0.02423515 0.00447137
v -0.00593825 -0.02426481 0.00440886
v -0.00541561 -0.02438342 0.00439397
v -0.00489297 -0.02447238 0.00443764
v -0.00515816 -0.02438144 0.00451107
v -0.00506331 -0.02428853 -0.00467182
v -0.00531302 -0.02426085 -0.00464106
v -0.00539432 -0.02425294 -0.00462915
v -0.00489297 -0.02436958 -0.00461725
v -0.00618796 -0.02414026 -0.00452496
v -0.00692933 -0.02390304 -0.00456565
v -0.00736100 -0.02374489 -0.00461824
v -0.00681319 -0.02388525 -0.00463808
v -0.00568855 -0.02426283 -0.00452000
v -0.00489297 -0.02438342 -0.00459641
v -0.00585502 -0.02424504 -0.00449023
v -0.00757199 -0.02372116 -0.00455969
v -0.00762038 -0.02374686 -0.00449618
v -0.00780040 -0.02364802 -0.00456068
v -0.00900441 -0.02325067 -0.00450115
v -0.00811399 -0.02349580 -0.00461923
v -0.00875858 -0.02325264 -0.00462816
v -0.00903925 -0.02313799 -0.00464106
v -0.00912249 -0.02312217 -0.00462221
v -0.00939349 -0.02300751 -0.00463412
v -0.00918830 -0.02311031 -0.00460534
v -0.00997033 -0.02298577 -0.00393652
v -0.00943801 -0.02321508 -0.00406155
v -0.00956383 -0.02315973 -0.00406155
v -0.00963545 -0.02312810 -0.00406155
v -0.00964126 -0.02313206 -0.00393652
v -0.00936639 -0.02312019 -0.00449221
v -0.00997033 -0.02286122 -0.00447336
v -0.00931993 -0.02315973 -0.00444558
v -0.00914185 -0.02325462 -0.00438604
v -0.00918443 -0.02326648 -0.00430665
v -0.00849532 -0.02349778 -0.00436917
v -0.00881665 -0.02339893 -0.00431459
v -0.00928122 -0.02326055 -0.00418658
v -0.00934316 -0.02323683 -0.00418658
v -0.00853403 -0.02351161 -0.00428581
v -0.00825142 -0.02362430 -0.00425009
v -0.00861727 -0.02349580 -0.00423024
v -0.00931993 -0.02309252 -0.00455969
v -0.00943801 -0.02322102 0.00393652
v -0.00937413 -0.02324869 0.00393652
v -0.00936639 -0.02324474 0.00406155
v -0.00934316 -0.02323683 0.00418658
v -0.00939542 -0.02300751 0.00463511
v -0.00947866 -0.02298972 0.00461129
v -0.00956383 -0.02290867 0.00466289
v -0.00918250 -0.02326648 0.00430665
v -0.00928122 -0.02326055 0.00418658
v -0.00861727 -0.02349580 0.00423024
v -0.00825142 -0.02362430 0.00425009
v -0.00853403 -0.02351161 0.00428383
v -0.00906442 -0.02330800 0.00431161
v -0.00812947 -0.02362627 0.00437710
v -0.00877406 -0.02338312 0.00439397
v -0.00913798 -0.02325264 0.00438504
v -0.00906442 -0.02318741 0.00456267
v -0.00806366 -0.02363814 0.00440291
v -0.00806366 -0.02360848 0.00446542
v -0.00799204 -0.02362034 0.00449321
v -0.00827465 -0.02350766 0.00451305
v -0.00918830 -0.02311229 0.00460633
v -0.00753715 -0.02375872 0.00451603
v -0.00768813 -0.02373698 0.00447336
v -0.00768813 -0.02376466 0.00441084
v -0.00737455 -0.02387338 0.00437314
v -0.00689836 -0.02400584 0.00438802
v -0.00650541 -0.02412445 0.00437710
v -0.00669898 -0.02403549 0.00444756
v -0.00674738 -0.02399793 0.00449718
v -0.00626926 -0.02412840 0.00450809
v -0.00606407 -0.02422329 0.00443267
v -0.00602342 -0.02425492 0.00438802
v -0.00549885 -0.02437353 0.00437314
v -0.00489297 -0.02450401 0.00436718
v -0.00489297 -0.02449610 0.00438802
v -0.00626926 -0.02412840 -0.00450809
v -0.00593825 -0.02423515 -0.00446939
v -0.00743842 -0.02377454 -0.00453885
v -0.00516010 -0.02438144 -0.00451107
v -0.00489297 -0.02440714 -0.00455671
v -0.00506331 -0.02439133 -0.00452695
v -0.00593825 -0.02426283 -0.00440688
v -0.00531302 -0.02436563 -0.00447931
v -0.00549498 -0.02437353 -0.00437016
v -0.00753715 -0.02375872 -0.00451702
v -0.00714226 -0.02387932 -0.00450710
v -0.00722550 -0.02386745 -0.00448428
v -0.00757199 -0.02378442 -0.00444756
v -0.00768813 -0.02373698 -0.00447435
v -0.00790687 -0.02363616 -0.00451801
v -0.00918443 -0.02321706 -0.00443168
v -0.00928315 -0.02313601 -0.00451702
v -0.00918830 -0.02315380 -0.00454282
v -0.00893860 -0.02321904 -0.00458152
v -0.00799010 -0.02362034 -0.00449221
v -0.00776556 -0.02375477 -0.00438604
v -0.00813141 -0.02362627 -0.00437810
v -0.00936639 -0.02324474 -0.00406155
v -0.00937413 -0.02324869 -0.00393652
v -0.00943801 -0.02322102 -0.00393652
v -0.00930251 -0.02326846 -0.00406155
v -0.00863663 -0.02350371 -0.00414689
v -0.00900054 -0.02337323 -0.00411910
v -0.00830175 -0.02359069 -0.00429970
v -0.00788557 -0.02375279 -0.00426100
v -0.00781395 -0.02379431 -0.00418658
v -0.00790687 -0.02376070 -0.00418658
v -0.00930251 -0.02326846 0.00406155
v -0.00907797 -0.02335742 0.00393652
v -0.00901022 -0.02337719 0.00403575
v -0.00900054 -0.02337323 0.00411910
v -0.00863663 -0.02350371 0.00414689
v -0.00806366 -0.02370535 0.00418658
v -0.00797074 -0.02373896 0.00418658
v -0.00788557 -0.02375279 0.00426100
v -0.00784686 -0.02373896 0.00434436
v -0.00776362 -0.02375279 0.00438504
v -0.00794558 -0.02365988 0.00444557
v -0.00768813 -0.02380222 0.00431161
v -0.00755457 -0.02384571 0.00430169
v -0.00698160 -0.02399397 0.00435627
v -0.00655381 -0.02413433 0.00430268
v -0.00615312 -0.02425690 0.00427589
v -0.00619183 -0.02423318 0.00431558
v -0.00610666 -0.02424306 0.00435924
v -0.00631184 -0.02415015 0.00444061
v -0.00635249 -0.02411654 0.00448527
v -0.00606407 -0.02426876 0.00431558
v -0.00593825 -0.02429841 0.00431161
v -0.00581437 -0.02432609 0.00431161
v -0.00556272 -0.02436760 0.00435130
v -0.00493168 -0.02451389 0.00431161
v -0.00489297 -0.02452180 0.00431161
v -0.00606020 -0.02422132 -0.00443069
v -0.00635249 -0.02411654 -0.00448527
v -0.00674738 -0.02399793 -0.00449718
v -0.00601762 -0.02425294 -0.00438504
v -0.00489297 -0.02443086 -0.00451603
v -0.00489297 -0.02447238 -0.00443664
v -0.00581437 -0.02432411 -0.00431161
v -0.00489297 -0.02449412 -0.00438901
v -0.00489297 -0.02450005 -0.00437512
v -0.00489297 -0.02450401 -0.00436421
v -0.00496846 -0.02449215 -0.00435230
v -0.00506912 -0.02448424 -0.00431161
v -0.00568661 -0.02435377 -0.00430566
v -0.00718678 -0.02389908 -0.00444061
v -0.00768813 -0.02376663 -0.00441184
v -0.00731260 -0.02388327 -0.00439497
v -0.00737648 -0.02387338 -0.00437512
v -0.00768813 -0.02380419 -0.00431161
v -0.00781008 -0.02376466 -0.00430665
v -0.00784879 -0.02373896 -0.00434436
v -0.00901022 -0.02337719 -0.00403575
v -0.00907797 -0.02335742 -0.00393652
v -0.00895021 -0.02339696 -0.00407147
v -0.00806366 -0.02372116 -0.00406155
v -0.00843919 -0.02358476 -0.00406155
v -0.00768813 -0.02383385 -0.00418658
v -0.00761457 -0.02387141 -0.00408933
v -0.00781395 -0.02381012 -0.00406155
v -0.00799204 -0.02374686 -0.00406155
v -0.00895021 -0.02339696 0.00407147
v -0.00871986 -0.02348789 0.00393652
v -0.00843919 -0.02358476 0.00406155
v -0.00799397 -0.02374686 0.00406155
v -0.00781395 -0.02381210 0.00406155
v -0.00781395 -0.02379431 0.00418658
v -0.00768813 -0.02383582 0.00418658
v -0.00780814 -0.02376466 0.00430566
v -0.00750617 -0.02387536 0.00425307
v -0.00663123 -0.02412642 0.00425505
v -0.00623635 -0.02424504 0.00422826
v -0.00606407 -0.02430039 0.00418658
v -0.00593825 -0.02433004 0.00418658
v -0.00572726 -0.02436958 0.00422032
v -0.00564402 -0.02437749 0.00426200
v -0.00503041 -0.02450598 0.00426994
v -0.00489297 -0.02455145 0.00418658
v -0.00610085 -0.02424306 -0.00435627
v -0.00631184 -0.02414817 -0.00444061
v -0.00641637 -0.02413631 -0.00440191
v -0.00681319 -0.02401770 -0.00441481
v -0.00593825 -0.02429643 -0.00431161
v -0.00564209 -0.02437749 -0.00426001
v -0.00489297 -0.02451982 -0.00431161
v -0.00503041 -0.02450598 -0.00426894
v -0.00689643 -0.02400584 -0.00438802
v -0.00742681 -0.02388327 -0.00430169
v -0.00697966 -0.02399397 -0.00435627
v -0.00750424 -0.02387536 -0.00425307
v -0.00871986 -0.02348789 -0.00393652
v -0.00793784 -0.02377256 -0.00393652
v -0.00758941 -0.02386350 -0.00418658
v -0.00762812 -0.02387536 -0.00400598
v -0.00767652 -0.02385559 -0.00405361
v -0.00713645 -0.02400188 -0.00414193
v -0.00674351 -0.02412247 -0.00409529
v -0.00769200 -0.02385757 -0.00393652
v -0.00781395 -0.02381605 -0.00393652
v -0.00793784 -0.02377256 0.00393652
v -0.00781395 -0.02381605 0.00393652
v -0.00769200 -0.02385757 0.00393652
v -0.00767652 -0.02385757 0.00405460
v -0.00761845 -0.02387141 0.00409132
v -0.00714033 -0.02400386 0.00414391
v -0.00743842 -0.02390897 0.00418658
v -0.00718485 -0.02398211 0.00418658
v -0.00643766 -0.02419561 0.00418658
v -0.00626345 -0.02425294 0.00414490
v -0.00606407 -0.02431621 0.00406155
v -0.00593825 -0.02434586 0.00406155
v -0.00576017 -0.02437551 0.00413696
v -0.00543884 -0.02443679 0.00418658
v -0.00511364 -0.02449610 0.00423520
v -0.00489297 -0.02456727 0.00406155
v -0.00506912 -0.02451389 0.00419055
v -0.00514848 -0.02450401 0.00415185
v -0.00606020 -0.02426678 -0.00431360
v -0.00615312 -0.02425690 -0.00427291
v -0.00649961 -0.02412445 -0.00437413
v -0.00572532 -0.02436958 -0.00422131
v -0.00593825 -0.02433004 -0.00418658
v -0.00489297 -0.02455145 -0.00418658
v -0.00511364 -0.02449610 -0.00423421
v -0.00663123 -0.02412642 -0.00425406
v -0.00656349 -0.02416003 -0.00418658
v -0.00680351 -0.02410863 -0.00405758
v -0.00618796 -0.02428457 -0.00406155
v -0.00618796 -0.02428853 -0.00393652
v -0.00716162 -0.02400979 -0.00393652
v -0.00626539 -0.02425294 -0.00414490
v -0.00762812 -0.02387536 0.00400796
v -0.00716162 -0.02400979 0.00393652
v -0.00721582 -0.02399002 0.00406155
v -0.00715388 -0.02400781 0.00406155
v -0.00674351 -0.02412247 0.00409430
v -0.00618796 -0.02428260 0.00406155
v -0.00606407 -0.02432213 0.00393652
v -0.00585114 -0.02436958 0.00393652
v -0.00568855 -0.02439923 0.00406155
v -0.00523365 -0.02449610 0.00406155
v -0.00489297 -0.02457122 0.00398117
v -0.00606407 -0.02430039 -0.00418658
v -0.00619183 -0.02426678 -0.00418658
v -0.00623635 -0.02424504 -0.00422826
v -0.00568661 -0.02438539 -0.00418261
v -0.00576404 -0.02437749 -0.00413796
v -0.00489297 -0.02455738 -0.00414292
v -0.00514848 -0.02450401 -0.00415086
v -0.00506912 -0.02451389 -0.00419055
v -0.00606407 -0.02431621 -0.00406155
v -0.00606407 -0.02432213 -0.00393652
v -0.00618796 -0.02428853 0.00393652
v -0.00675318 -0.02412445 0.00401094
v -0.00669705 -0.02413829 0.00405659
v -0.00693901 -0.02406909 0.00406155
v -0.00627894 -0.02425690 0.00406155
v -0.00585114 -0.02436958 -0.00393652
v -0.00518139 -0.02451191 0.00393652
v -0.00489297 -0.02457320 0.00393652
v -0.00584147 -0.02436760 -0.00406155
v -0.00593825 -0.02434586 -0.00406155
v -0.00489297 -0.02456727 -0.00406155
v -0.00523365 -0.02449610 -0.00406155
v -0.00518139 -0.02451191 -0.00393652
v -0.00489297 -0.02457320 -0.00393652
f 1 2 10
f 1 10 20
f 1 20 35
f 1 35 61
f 1 61 86
f 1 86 89
f 1 89 131
f 1 131 170
f 1 170 211
f 1 211 265
f 1 265 321
f 1 321 355
f 1 355 430
f 1 430 530
f 1 530 529
f 1 529 631
f 1 631 748
f 1 748 867
f 1 867 984
f 1 984 1101
f 1 1101 1220
f 1 1220 1356
f 1 1356 1490
f 1 1490 1616
f 1 1616 1769
f 1 1769 1903
f 1 1903 2022
f 1 2022 2131
f 1 2131 2248
f 1 2248 2357
f 1 2357 2473
f 1 2473 2602
f 1 2602 2743
f 1 2743 2895
f 1 2895 2761
f 1 2761 2615
f 1 2615 2487
f 1 2487 2363
f 1 2363 2252
f 1 2252 2134
f 1 2134 2026
f 1 2026 1907
f 1 1907 1771
f 1 1771 1620
f 1 1620 1494
f 1 1494 1364
f 1 1364 1227
f 1 1227 1111
f 1 1111 990
f 1 990 875
f 1 875 758
f 1 758 754
f 1 754 641
f 1 641 539
f 1 539 537
f 1 537 436
f 1 436 362
f 1 362 297
f 1 297 296
f 1 296 232
f 1 232 191
f 1 191 189
f 1 189 188
f 1 188 186
f 1 186 146
f 1 146 107
f 1 107 69
f 1 69 47
f 1 47 45
f 1 45 24
f 1 24 13
f 1 13 3
f 1 3 4
f 1 4 5
f 1 5 6
f 1 6 7
f 1 7 11
f 1 11 2
f 2 8 9
f 2 9 10
f 2 11 12
f 2 12 8
f 3 13 4
f 4 14 5
f 4 13 14
f 5 14 6
f 6 15 16
f 6 16 17
f 6 17 18
f 6 18 7
f 6 14 15
f 7 18 21
f 7 21 11
f 8 19 9
f 8 12 19
f 9 19 20
f 9 20 10
f 11 21 22
f 11 22 12
f 12 22 23
f 12 23 19
f 13 24 14
f 14 24 15
f 15 24 25
f 15 25 26
f 15 26 27
f 15 27 16
f 16 27 28
f 16 28 29
f 16 29 54
f 16 54 30
f 16 30 31
f 16 31 32
f 16 32 17
f 17 32 33
f 17 33 18
f 18 33 36
f 18 36 21
f 19 34 35
f 19 35 20
f 19 23 34
f 21 36 37
f 21 37 22
f 22 37 23
f 23 38 39
f 23 39 63
f 23 63 40
f 23 40 41
f 23 41 42
f 23 42 43
f 23 43 44
f 23 44 34
f 23 37 38
f 24 45 46
f 24 46 25
f 25 46 45
f 25 45 47
f 25 47 48
f 25 48 49
f 25 49 50
f 25 50 26
f 26 50 27
f 27 50 51
f 27 51 52
f 27 52 28
f 28 52 53
f 28 53 29
f 29 53 55
f 29 55 56
f 29 56 54
f 30 57 31
f 30 54 57
f 31 57 32
f 32 57 33
f 33 57 62
f 33 62 36
f 34 58 59
f 34 59 35
f 34 44 60
f 34 60 58
f 35 59 61
f 36 62 37
f 37 62 38
f 38 62 39
f 39 62 63
f 40 64 41
f 40 63 65
f 40 65 66
f 40 66 64
f 41 43 42
f 41 64 67
f 41 67 43
f 43 60 44
f 43 67 68
f 43 68 60
f 47 69 48
f 48 70 71
f 48 71 72
f 48 72 49
f 48 69 70
f 49 72 50
f 50 72 51
f 51 72 73
f 51 73 74
f 51 74 52
f 52 74 75
f 52 75 76
f 52 76 77
f 52 77 78
f 52 78 79
f 52 79 80
f 52 80 55
f 52 55 53
f 54 56 57
f 55 80 79
f 55 79 81
f 55 81 82
f 55 82 83
f 55 83 84
f 55 84 56
f 56 84 85
f 56 85 57
f 57 85 91
f 57 91 62
f 58 86 61
f 58 61 59
f 58 60 86
f 60 68 87
f 60 87 88
f 60 88 89
f 60 89 90
f 60 90 86
f 62 91 65
f 62 65 63
f 64 66 92
f 64 92 67
f 65 91 93
f 65 93 66
f 66 93 94
f 66 94 95
f 66 95 96
f 66 96 97
f 66 97 92
f 67 98 99
f 67 99 68
f 67 92 97
f 67 97 100
f 67 100 101
f 67 101 102
f 67 102 98
f 68 103 104
f 68 104 105
f 68 105 106
f 68 106 87
f 68 99 98
f 68 98 103
f 69 107 108
f 69 108 109
f 69 109 70
f 70 109 71
f 71 109 110
f 71 110 111
f 71 111 72
f 72 112 113
f 72 113 116
f 72 116 114
f 72 114 115
f 72 115 73
f 72 111 112
f 73 115 116
f 73 116 117
f 73 117 76
f 73 76 75
f 73 75 74
f 76 118 119
f 76 119 120
f 76 120 77
f 76 117 118
f 77 120 121
f 77 121 78
f 78 121 79
f 79 120 81
f 79 121 120
f 81 120 82
f 82 120 122
f 82 122 123
f 82 123 124
f 82 124 125
f 82 125 83
f 83 126 84
f 83 125 127
f 83 127 164
f 83 164 128
f 83 128 126
f 84 126 85
f 85 126 132
f 85 132 91
f 86 90 89
f 87 106 88
f 88 129 130
f 88 130 89
f 88 106 129
f 89 130 131
f 91 132 93
f 93 132 94
f 94 132 133
f 94 133 171
f 94 171 134
f 94 134 135
f 94 135 95
f 95 136 96
f 95 135 137
f 95 137 138
f 95 138 139
f 95 139 136
f 96 136 97
f 97 136 100
f 98 140 103
f 98 102 141
f 98 141 142
f 98 142 140
f 100 136 101
f 101 136 102
f 102 136 143
f 102 143 141
f 103 144 104
f 103 140 144
f 104 144 105
f 105 145 106
f 105 144 145
f 106 145 129
f 107 146 108
f 108 146 110
f 108 110 109
f 110 146 147
f 110 147 111
f 111 147 148
f 111 148 149
f 111 149 150
f 111 150 112
f 112 150 113
f 113 150 151
f 113 151 152
f 113 152 117
f 113 117 116
f 114 116 115
f 117 152 153
f 117 153 154
f 117 154 118
f 118 153 155
f 118 155 119
f 118 154 153
f 119 155 156
f 119 156 157
f 119 157 120
f 120 157 158
f 120 158 122
f 122 158 157
f 122 157 159
f 122 159 160
f 122 160 123
f 123 125 124
f 123 160 125
f 125 160 161
f 125 161 162
f 125 162 127
f 126 128 133
f 126 133 132
f 127 163 164
f 127 162 163
f 128 164 171
f 128 171 133
f 129 165 166
f 129 166 130
f 129 145 167
f 129 167 165
f 130 166 165
f 130 165 131
f 131 168 169
f 131 169 170
f 131 165 168
f 134 171 172
f 134 172 173
f 134 173 135
f 135 173 174
f 135 174 175
f 135 175 137
f 136 139 176
f 136 176 143
f 137 175 138
f 138 175 177
f 138 177 139
f 139 177 176
f 140 142 144
f 141 143 142
f 142 143 178
f 142 178 144
f 143 179 178
f 143 176 180
f 143 180 179
f 144 178 181
f 144 181 182
f 144 182 145
f 145 183 184
f 145 184 167
f 145 182 185
f 145 185 183
f 146 186 147
f 147 186 148
f 148 187 149
f 148 186 188
f 148 188 189
f 148 189 190
f 148 190 191
f 148 191 187
f 149 187 192
f 149 192 193
f 149 193 150
f 150 193 151
f 151 193 194
f 151 194 195
f 151 195 153
f 151 153 152
f 153 195 196
f 153 196 155
f 155 197 198
f 155 198 199
f 155 199 200
f 155 200 156
f 155 196 197
f 156 200 201
f 156 201 202
f 156 202 157
f 157 202 203
f 157 203 204
f 157 204 159
f 159 204 205
f 159 205 160
f 160 205 161
f 161 205 206
f 161 206 207
f 161 207 162
f 162 207 208
f 162 208 163
f 163 172 171
f 163 171 164
f 163 208 212
f 163 212 172
f 165 167 168
f 167 184 229
f 167 229 209
f 167 209 169
f 167 169 168
f 169 209 210
f 169 210 170
f 170 210 211
f 172 212 213
f 172 213 173
f 173 213 174
f 174 213 214
f 174 214 215
f 174 215 175
f 175 215 177
f 176 177 216
f 176 216 180
f 177 215 216
f 178 179 217
f 178 217 181
f 179 180 218
f 179 218 219
f 179 219 220
f 179 220 221
f 179 221 217
f 180 222 218
f 180 216 223
f 180 223 224
f 180 224 222
f 181 217 182
f 182 217 185
f 183 225 184
f 183 185 226
f 183 226 225
f 184 225 227
f 184 227 228
f 184 228 229
f 185 217 230
f 185 230 226
f 187 191 231
f 187 231 236
f 187 236 192
f 189 191 190
f 191 232 233
f 191 233 234
f 191 234 235
f 191 235 231
f 192 236 193
f 193 236 237
f 193 237 238
f 193 238 239
f 193 239 240
f 193 240 241
f 193 241 242
f 193 242 194
f 194 242 243
f 194 243 244
f 194 244 245
f 194 245 195
f 195 245 196
f 196 245 197
f 197 245 246
f 197 246 247
f 197 247 248
f 197 248 198
f 198 248 199
f 199 248 249
f 199 249 200
f 200 249 250
f 200 250 251
f 200 251 201
f 201 251 252
f 201 252 203
f 201 203 202
f 203 252 204
f 204 252 253
f 204 253 205
f 205 253 254
f 205 254 255
f 205 255 256
f 205 256 257
f 205 257 206
f 206 257 207
f 207 257 256
f 207 256 258
f 207 258 208
f 208 258 259
f 208 259 267
f 208 267 212
f 209 229 261
f 209 261 260
f 209 260 210
f 210 260 261
f 210 261 262
f 210 262 263
f 210 263 264
f 210 264 211
f 211 264 266
f 211 266 265
f 212 267 268
f 212 268 213
f 213 268 214
f 214 268 269
f 214 269 270
f 214 270 215
f 215 271 272
f 215 272 216
f 215 270 271
f 216 272 273
f 216 273 223
f 217 221 274
f 217 274 230
f 218 222 224
f 218 224 275
f 218 275 276
f 218 276 277
f 218 277 219
f 219 278 220
f 219 277 279
f 219 279 278
f 220 280 221
f 220 278 281
f 220 281 280
f 221 280 282
f 221 282 274
f 223 283 275
f 223 275 224
f 223 273 283
f 225 226 284
f 225 284 285
f 225 285 227
f 226 230 274
f 226 274 286
f 226 286 282
f 226 282 287
f 226 287 288
f 226 288 284
f 227 285 289
f 227 289 228
f 228 289 290
f 228 290 291
f 228 291 292
f 228 292 264
f 228 264 263
f 228 263 262
f 228 262 261
f 228 261 229
f 231 235 293
f 231 293 294
f 231 294 295
f 231 295 236
f 232 296 233
f 233 296 297
f 233 297 234
f 234 297 293
f 234 293 298
f 234 298 235
f 235 298 293
f 236 295 238
f 236 238 237
f 238 295 299
f 238 299 300
f 238 300 239
f 239 300 241
f 239 241 240
f 241 301 302
f 241 302 303
f 241 303 244
f 241 244 243
f 241 243 242
f 241 300 301
f 244 303 245
f 245 303 302
f 245 302 304
f 245 304 305
f 245 305 306
f 245 306 307
f 245 307 246
f 246 307 308
f 246 308 247
f 247 308 248
f 248 308 309
f 248 309 250
f 248 250 249
f 250 310 311
f 250 311 251
f 250 309 310
f 251 312 313
f 251 313 252
f 251 311 312
f 252 313 253
f 253 313 254
f 254 313 314
f 254 314 255
f 255 315 316
f 255 316 256
f 255 314 317
f 255 317 318
f 255 318 315
f 256 316 258
f 258 316 319
f 258 319 320
f 258 320 259
f 259 320 322
f 259 322 267
f 264 292 291
f 264 291 266
f 265 266 321
f 266 291 321
f 267 322 268
f 268 322 323
f 268 323 324
f 268 324 269
f 269 324 270
f 270 324 325
f 270 325 326
f 270 326 327
f 270 327 328
f 270 328 271
f 271 328 329
f 271 329 273
f 271 273 272
f 273 329 283
f 274 282 286
f 275 283 330
f 275 330 331
f 275 331 332
f 275 332 276
f 276 332 279
f 276 279 333
f 276 333 277
f 277 333 279
f 278 279 334
f 278 334 281
f 279 335 336
f 279 336 337
f 279 337 280
f 279 280 334
f 279 332 331
f 279 331 338
f 279 338 339
f 279 339 335
f 280 340 341
f 280 341 342
f 280 342 282
f 280 281 334
f 280 337 340
f 282 342 343
f 282 343 288
f 282 288 287
f 283 329 344
f 283 344 330
f 284 288 285
f 285 288 289
f 288 343 345
f 288 345 346
f 288 346 347
f 288 347 348
f 288 348 349
f 288 349 289
f 289 350 290
f 289 349 350
f 290 350 351
f 290 351 352
f 290 352 291
f 291 353 354
f 291 354 355
f 291 355 321
f 291 352 353
f 293 297 356
f 293 356 357
f 293 357 358
f 293 358 294
f 294 358 359
f 294 359 295
f 295 359 360
f 295 360 361
f 295 361 299
f 297 362 356
f 299 361 300
f 300 363 301
f 300 361 363
f 301 363 441
f 301 441 364
f 301 364 365
f 301 365 366
f 301 366 302
f 302 367 368
f 302 368 450
f 302 450 369
f 302 369 304
f 302 366 367
f 304 369 370
f 304 370 371
f 304 371 306
f 304 306 305
f 306 371 372
f 306 372 373
f 306 373 307
f 307 373 308
f 308 373 374
f 308 374 309
f 309 374 310
f 310 374 373
f 310 373 311
f 311 375 376
f 311 376 377
f 311 377 312
f 311 373 375
f 312 377 378
f 312 378 379
f 312 379 313
f 313 379 380
f 313 380 314
f 314 380 317
f 315 381 319
f 315 319 316
f 315 318 382
f 315 382 383
f 315 383 381
f 317 380 384
f 317 384 318
f 318 384 380
f 318 380 385
f 318 385 386
f 318 386 387
f 318 387 388
f 318 388 382
f 319 389 320
f 319 381 383
f 319 383 390
f 319 390 391
f 319 391 389
f 320 389 392
f 320 392 322
f 322 392 323
f 323 392 393
f 323 393 394
f 323 394 324
f 324 394 325
f 325 394 395
f 325 395 326
f 326 395 394
f 326 394 396
f 326 396 397
f 326 397 398
f 326 398 399
f 326 399 327
f 327 400 401
f 327 401 328
f 327 399 402
f 327 402 400
f 328 401 329
f 329 401 400
f 329 400 403
f 329 403 404
f 329 404 344
f 330 405 406
f 330 406 407
f 330 407 408
f 330 408 338
f 330 338 331
f 330 344 405
f 335 409 336
f 335 339 410
f 335 410 409
f 336 409 411
f 336 411 337
f 337 411 412
f 337 412 340
f 338 408 339
f 339 408 413
f 339 413 414
f 339 414 410
f 340 415 416
f 340 416 341
f 340 412 415
f 341 345 342
f 341 416 417
f 341 417 418
f 341 418 345
f 342 345 343
f 344 404 405
f 345 419 420
f 345 420 346
f 345 418 421
f 345 421 419
f 346 420 422
f 346 422 347
f 347 422 423
f 347 423 349
f 347 349 348
f 349 424 351
f 349 351 350
f 349 423 424
f 351 424 352
f 352 424 425
f 352 425 426
f 352 426 353
f 353 426 427
f 353 427 428
f 353 428 429
f 353 429 354
f 354 429 355
f 355 428 430
f 355 429 428
f 356 362 431
f 356 431 357
f 357 431 432
f 357 432 358
f 358 432 433
f 358 433 434
f 358 434 359
f 359 434 360
f 360 435 361
f 360 434 435
f 361 435 363
f 362 436 437
f 362 437 438
f 362 438 439
f 362 439 440
f 362 440 431
f 363 434 441
f 363 435 434
f 364 441 365
f 365 442 443
f 365 443 444
f 365 444 546
f 365 546 445
f 365 445 366
f 365 441 446
f 365 446 442
f 366 445 367
f 367 445 447
f 367 447 448
f 367 448 449
f 367 449 450
f 367 450 368
f 369 450 451
f 369 451 452
f 369 452 370
f 370 452 372
f 370 372 371
f 372 452 453
f 372 453 373
f 373 453 454
f 373 454 455
f 373 455 456
f 373 456 457
f 373 457 458
f 373 458 459
f 373 459 460
f 373 460 375
f 375 460 376
f 376 460 461
f 376 461 462
f 376 462 463
f 376 463 464
f 376 464 465
f 376 465 377
f 377 465 378
f 378 465 464
f 378 464 379
f 379 464 463
f 379 463 466
f 379 466 467
f 379 467 380
f 380 467 468
f 380 468 469
f 380 469 470
f 380 470 385
f 382 388 383
f 383 391 390
f 383 388 471
f 383 471 472
f 383 472 391
f 385 470 386
f 386 473 474
f 386 474 475
f 386 475 476
f 386 476 477
f 386 477 388
f 386 388 387
f 386 470 473
f 388 477 471
f 389 391 478
f 389 478 481
f 389 481 392
f 391 472 479
f 391 479 478
f 392 480 393
f 392 481 482
f 392 482 480
f 393 480 394
f 394 480 482
f 394 482 483
f 394 483 484
f 394 484 396
f 396 484 397
f 397 484 398
f 398 485 399
f 398 484 486
f 398 486 487
f 398 487 488
f 398 488 485
f 399 485 400
f 399 400 402
f 400 489 403
f 400 485 490
f 400 490 489
f 403 489 491
f 403 491 492
f 403 492 404
f 404 492 405
f 405 492 406
f 406 492 493
f 406 493 495
f 406 495 494
f 406 494 407
f 407 495 496
f 407 496 497
f 407 497 413
f 407 413 408
f 407 494 495
f 409 410 498
f 409 498 499
f 409 499 500
f 409 500 501
f 409 501 502
f 409 502 503
f 409 503 504
f 409 504 411
f 410 414 413
f 410 413 505
f 410 505 506
f 410 506 498
f 411 504 418
f 411 418 417
f 411 417 412
f 412 417 415
f 413 497 507
f 413 507 508
f 413 508 509
f 413 509 510
f 413 510 511
f 413 511 512
f 413 512 505
f 415 417 416
f 418 504 421
f 419 513 514
f 419 514 515
f 419 515 516
f 419 516 420
f 419 421 513
f 420 516 422
f 421 504 517
f 421 517 604
f 421 604 518
f 421 518 513
f 422 519 520
f 422 520 423
f 422 516 521
f 422 521 519
f 423 520 522
f 423 522 523
f 423 523 424
f 424 523 425
f 425 523 524
f 425 524 426
f 426 524 525
f 426 525 526
f 426 526 427
f 427 526 527
f 427 527 528
f 427 528 529
f 427 529 530
f 427 530 531
f 427 531 428
f 428 531 530
f 428 530 430
f 431 440 532
f 431 532 432
f 432 533 534
f 432 534 638
f 432 638 639
f 432 639 535
f 432 535 433
f 432 532 533
f 433 535 536
f 433 536 434
f 434 536 446
f 434 446 441
f 436 537 437
f 437 538 438
f 437 537 539
f 437 539 538
f 438 538 532
f 438 532 439
f 439 532 440
f 442 446 540
f 442 540 541
f 442 541 542
f 442 542 443
f 443 542 543
f 443 543 444
f 444 543 544
f 444 544 545
f 444 545 546
f 445 546 447
f 446 547 540
f 446 536 548
f 446 548 547
f 447 546 448
f 448 545 549
f 448 549 550
f 448 550 551
f 448 551 552
f 448 552 553
f 448 553 450
f 448 450 449
f 448 546 545
f 450 553 451
f 451 553 552
f 451 552 452
f 452 552 554
f 452 554 453
f 453 554 454
f 454 555 556
f 454 556 557
f 454 557 455
f 454 554 555
f 455 557 456
f 456 557 556
f 456 556 558
f 456 558 559
f 456 559 458
f 456 458 457
f 458 559 558
f 458 558 560
f 458 560 561
f 458 561 459
f 459 561 460
f 460 561 562
f 460 562 563
f 460 563 564
f 460 564 462
f 460 462 461
f 462 564 565
f 462 565 566
f 462 566 463
f 463 566 567
f 463 567 468
f 463 468 466
f 466 468 467
f 468 567 568
f 468 568 473
f 468 473 469
f 469 473 470
f 471 477 472
f 472 477 569
f 472 569 570
f 472 570 571
f 472 571 572
f 472 572 479
f 473 568 573
f 473 573 574
f 473 574 474
f 474 574 475
f 475 575 576
f 475 576 476
f 475 574 577
f 475 577 578
f 475 578 579
f 475 579 575
f 476 569 477
f 476 576 569
f 478 479 580
f 478 580 481
f 479 572 687
f 479 687 580
f 481 580 482
f 482 580 581
f 482 581 483
f 483 581 484
f 484 581 582
f 484 582 486
f 485 488 583
f 485 583 584
f 485 584 585
f 485 585 586
f 485 586 490
f 486 582 587
f 486 587 487
f 487 588 488
f 487 587 589
f 487 589 590
f 487 590 591
f 487 591 588
f 488 592 583
f 488 588 593
f 488 593 592
f 489 492 491
f 489 490 492
f 490 586 585
f 490 585 492
f 492 585 495
f 492 495 493
f 495 585 594
f 495 594 496
f 496 594 595
f 496 595 507
f 496 507 497
f 498 506 499
f 499 506 505
f 499 505 596
f 499 596 597
f 499 597 500
f 500 597 501
f 501 597 598
f 501 598 599
f 501 599 600
f 501 600 601
f 501 601 602
f 501 602 502
f 502 603 604
f 502 604 503
f 502 602 603
f 503 604 517
f 503 517 504
f 505 512 596
f 507 595 508
f 508 595 605
f 508 605 606
f 508 606 607
f 508 607 608
f 508 608 509
f 509 608 609
f 509 609 510
f 510 609 608
f 510 608 610
f 510 610 511
f 511 610 611
f 511 611 612
f 511 612 613
f 511 613 614
f 511 614 615
f 511 615 598
f 511 598 597
f 511 597 596
f 511 596 512
f 513 518 616
f 513 616 514
f 514 616 515
f 515 616 516
f 516 617 618
f 516 618 521
f 516 616 619
f 516 619 620
f 516 620 617
f 518 604 616
f 519 621 622
f 519 622 623
f 519 623 520
f 519 521 624
f 519 624 621
f 520 623 522
f 521 618 624
f 522 623 523
f 523 623 524
f 524 625 525
f 524 623 626
f 524 626 625
f 525 625 526
f 526 625 627
f 526 627 527
f 527 628 528
f 527 627 629
f 527 629 628
f 528 628 630
f 528 630 529
f 529 630 631
f 532 538 632
f 532 632 533
f 533 632 633
f 533 633 634
f 533 634 635
f 533 635 547
f 533 547 636
f 533 636 637
f 533 637 534
f 534 637 638
f 535 639 536
f 536 639 548
f 538 539 640
f 538 640 632
f 539 641 642
f 539 642 640
f 540 547 643
f 540 643 541
f 541 643 644
f 541 644 542
f 542 644 645
f 542 645 652
f 542 652 646
f 542 646 543
f 543 646 544
f 544 646 652
f 544 652 549
f 544 549 545
f 547 647 648
f 547 648 649
f 547 649 643
f 547 548 650
f 547 650 637
f 547 637 636
f 547 635 634
f 547 634 651
f 547 651 647
f 548 639 650
f 549 652 653
f 549 653 654
f 549 654 550
f 550 654 655
f 550 655 656
f 550 656 657
f 550 657 658
f 550 658 659
f 550 659 660
f 550 660 661
f 550 661 551
f 551 661 552
f 552 661 554
f 554 661 555
f 555 661 662
f 555 662 663
f 555 663 556
f 556 663 664
f 556 664 665
f 556 665 666
f 556 666 561
f 556 561 558
f 558 561 560
f 561 667 668
f 561 668 669
f 561 669 562
f 561 666 670
f 561 670 667
f 562 669 671
f 562 671 672
f 562 672 673
f 562 673 563
f 563 565 564
f 563 673 674
f 563 674 565
f 565 674 675
f 565 675 676
f 565 676 677
f 565 677 566
f 566 678 573
f 566 573 568
f 566 568 567
f 566 677 679
f 566 679 678
f 569 576 575
f 569 575 579
f 569 579 680
f 569 680 681
f 569 681 570
f 570 682 686
f 570 686 571
f 570 681 683
f 570 683 684
f 570 684 685
f 570 685 789
f 570 789 682
f 571 686 687
f 571 687 572
f 573 678 574
f 574 578 577
f 574 678 688
f 574 688 578
f 578 688 689
f 578 689 690
f 578 690 691
f 578 691 692
f 578 692 693
f 578 693 579
f 579 694 680
f 579 693 695
f 579 695 696
f 579 696 694
f 580 687 581
f 581 687 686
f 581 686 682
f 581 682 582
f 582 589 587
f 582 682 697
f 582 697 698
f 582 698 590
f 582 590 589
f 583 594 584
f 583 592 593
f 583 593 699
f 583 699 700
f 583 700 701
f 583 701 594
f 584 594 585
f 588 591 702
f 588 702 811
f 588 811 703
f 588 703 704
f 588 704 593
f 590 698 705
f 590 705 706
f 590 706 707
f 590 707 591
f 591 708 702
f 591 707 708
f 593 704 699
f 594 701 709
f 594 709 595
f 595 709 710
f 595 710 605
f 598 615 599
f 599 615 600
f 600 615 614
f 600 614 711
f 600 711 712
f 600 712 713
f 600 713 603
f 600 603 601
f 601 603 602
f 603 714 604
f 603 713 715
f 603 715 716
f 603 716 714
f 604 714 717
f 604 717 616
f 605 710 718
f 605 718 719
f 605 719 720
f 605 720 721
f 605 721 722
f 605 722 723
f 605 723 724
f 605 724 725
f 605 725 726
f 605 726 727
f 605 727 606
f 606 727 726
f 606 726 607
f 607 726 725
f 607 725 728
f 607 728 608
f 608 728 610
f 610 728 729
f 610 729 611
f 611 729 730
f 611 730 731
f 611 731 732
f 611 732 733
f 611 733 613
f 611 613 612
f 613 733 732
f 613 732 734
f 613 734 735
f 613 735 711
f 613 711 614
f 616 717 619
f 617 736 618
f 617 620 737
f 617 737 736
f 618 736 624
f 619 717 738
f 619 738 620
f 620 738 737
f 621 624 739
f 621 739 740
f 621 740 741
f 621 741 742
f 621 742 743
f 621 743 627
f 621 627 622
f 622 626 623
f 622 627 625
f 622 625 626
f 624 736 739
f 627 743 629
f 628 744 631
f 628 631 630
f 628 629 745
f 628 745 746
f 628 746 744
f 629 743 745
f 631 747 748
f 631 744 749
f 631 749 747
f 632 640 750
f 632 750 633
f 633 750 751
f 633 751 752
f 633 752 634
f 634 752 753
f 634 753 651
f 637 650 638
f 638 650 639
f 640 642 750
f 641 754 642
f 642 755 756
f 642 756 757
f 642 757 751
f 642 751 750
f 642 754 758
f 642 758 755
f 643 649 644
f 644 759 760
f 644 760 645
f 644 649 759
f 645 760 761
f 645 761 652
f 647 762 648
f 647 651 752
f 647 752 762
f 648 762 649
f 649 762 763
f 649 763 764
f 649 764 759
f 651 753 752
f 652 761 653
f 653 761 765
f 653 765 654
f 654 765 766
f 654 766 655
f 655 766 767
f 655 767 657
f 655 657 656
f 657 659 658
f 657 767 766
f 657 766 768
f 657 768 769
f 657 769 770
f 657 770 771
f 657 771 659
f 659 664 663
f 659 663 662
f 659 662 661
f 659 661 660
f 659 771 772
f 659 772 664
f 664 772 773
f 664 773 665
f 665 773 772
f 665 772 670
f 665 670 666
f 667 774 775
f 667 775 668
f 667 670 776
f 667 776 777
f 667 777 778
f 667 778 779
f 667 779 774
f 668 775 774
f 668 774 780
f 668 780 671
f 668 671 669
f 670 772 771
f 670 771 776
f 671 780 672
f 672 780 781
f 672 781 673
f 673 781 674
f 674 781 782
f 674 782 783
f 674 783 675
f 675 783 784
f 675 784 676
f 676 783 785
f 676 785 689
f 676 689 679
f 676 679 677
f 676 784 783
f 678 679 688
f 679 689 688
f 680 694 786
f 680 786 787
f 680 787 681
f 681 787 786
f 681 786 788
f 681 788 683
f 682 789 790
f 682 790 791
f 682 791 697
f 683 788 684
f 684 792 903
f 684 903 790
f 684 790 789
f 684 789 685
f 684 788 792
f 689 793 690
f 689 785 794
f 689 794 795
f 689 795 796
f 689 796 797
f 689 797 793
f 690 793 691
f 691 798 799
f 691 799 800
f 691 800 801
f 691 801 692
f 691 793 797
f 691 797 802
f 691 802 803
f 691 803 804
f 691 804 798
f 692 801 693
f 693 801 695
f 694 696 805
f 694 805 786
f 695 801 696
f 696 801 806
f 696 806 805
f 697 791 807
f 697 807 808
f 697 808 698
f 698 808 706
f 698 706 705
f 699 704 809
f 699 809 700
f 700 809 701
f 701 809 810
f 701 810 718
f 701 718 709
f 702 708 811
f 703 811 812
f 703 812 704
f 704 812 809
f 706 813 707
f 706 808 813
f 707 813 708
f 708 813 814
f 708 814 811
f 709 718 710
f 711 735 815
f 711 815 712
f 712 816 817
f 712 817 818
f 712 818 713
f 712 815 819
f 712 819 816
f 713 818 716
f 713 716 715
f 714 716 820
f 714 820 821
f 714 821 822
f 714 822 738
f 714 738 717
f 716 818 817
f 716 817 820
f 718 810 720
f 718 720 719
f 720 823 721
f 720 810 824
f 720 824 825
f 720 825 826
f 720 826 823
f 721 823 827
f 721 827 722
f 722 827 828
f 722 828 829
f 722 829 723
f 723 829 830
f 723 830 724
f 724 830 725
f 725 830 831
f 725 831 957
f 725 957 832
f 725 832 833
f 725 833 834
f 725 834 835
f 725 835 836
f 725 836 837
f 725 837 838
f 725 838 839
f 725 839 729
f 725 729 728
f 729 839 840
f 729 840 841
f 729 841 730
f 730 841 731
f 731 842 732
f 731 841 843
f 731 843 844
f 731 844 842
f 732 842 844
f 732 844 845
f 732 845 734
f 734 845 846
f 734 846 735
f 735 846 815
f 736 737 847
f 736 847 739
f 737 738 848
f 737 848 849
f 737 849 847
f 738 822 848
f 739 850 740
f 739 847 851
f 739 851 850
f 740 850 852
f 740 852 741
f 741 852 853
f 741 853 974
f 741 974 854
f 741 854 745
f 741 745 855
f 741 855 742
f 742 855 856
f 742 856 745
f 742 745 857
f 742 857 743
f 743 857 745
f 744 746 858
f 744 858 749
f 745 856 855
f 745 854 859
f 745 859 860
f 745 860 746
f 746 860 861
f 746 861 862
f 746 862 863
f 746 863 858
f 747 749 864
f 747 864 865
f 747 865 748
f 748 866 867
f 748 865 866
f 749 858 868
f 749 868 864
f 751 757 869
f 751 869 870
f 751 870 752
f 752 870 871
f 752 871 872
f 752 872 762
f 755 758 873
f 755 873 874
f 755 874 869
f 755 869 756
f 756 869 757
f 758 875 876
f 758 876 873
f 759 764 763
f 759 763 877
f 759 877 878
f 759 878 760
f 760 878 879
f 760 879 880
f 760 880 761
f 761 880 765
f 762 872 881
f 762 881 882
f 762 882 883
f 762 883 763
f 763 883 877
f 765 884 885
f 765 885 766
f 765 880 884
f 766 885 769
f 766 769 768
f 769 885 884
f 769 884 886
f 769 886 887
f 769 887 770
f 770 887 888
f 770 888 889
f 770 889 771
f 771 889 776
f 774 779 780
f 776 889 890
f 776 890 891
f 776 891 777
f 777 891 892
f 777 892 893
f 777 893 894
f 777 894 895
f 777 895 896
f 777 896 897
f 777 897 898
f 777 898 779
f 777 779 778
f 779 898 781
f 779 781 780
f 781 898 899
f 781 899 900
f 781 900 782
f 782 900 783
f 783 900 901
f 783 901 785
f 785 901 900
f 785 900 902
f 785 902 794
f 786 805 788
f 788 805 792
f 790 903 928
f 790 928 807
f 790 807 791
f 792 805 904
f 792 904 905
f 792 905 906
f 792 906 907
f 792 907 1019
f 792 1019 903
f 794 908 909
f 794 909 795
f 794 902 910
f 794 910 911
f 794 911 912
f 794 912 913
f 794 913 914
f 794 914 915
f 794 915 916
f 794 916 917
f 794 917 908
f 795 909 796
f 796 803 802
f 796 802 918
f 796 918 797
f 796 909 919
f 796 919 920
f 796 920 803
f 797 918 802
f 798 800 799
f 798 804 921
f 798 921 800
f 800 922 905
f 800 905 904
f 800 904 805
f 800 805 806
f 800 806 801
f 800 921 923
f 800 923 922
f 803 920 924
f 803 924 804
f 804 924 925
f 804 925 926
f 804 926 927
f 804 927 921
f 807 928 813
f 807 813 808
f 809 812 929
f 809 929 824
f 809 824 810
f 811 930 931
f 811 931 812
f 811 814 932
f 811 932 933
f 811 933 930
f 812 931 929
f 813 928 814
f 814 928 934
f 814 934 935
f 814 935 936
f 814 936 937
f 814 937 932
f 815 938 819
f 815 846 939
f 815 939 938
f 816 819 940
f 816 940 820
f 816 820 817
f 819 941 942
f 819 942 940
f 819 938 941
f 820 940 942
f 820 942 943
f 820 943 944
f 820 944 821
f 821 945 822
f 821 944 945
f 822 945 848
f 823 826 946
f 823 946 947
f 823 947 827
f 824 929 825
f 825 929 948
f 825 948 949
f 825 949 950
f 825 950 951
f 825 951 952
f 825 952 826
f 826 952 946
f 827 947 828
f 828 830 829
f 828 947 953
f 828 953 954
f 828 954 830
f 830 954 955
f 830 955 956
f 830 956 831
f 831 956 957
f 832 957 958
f 832 958 833
f 833 958 959
f 833 959 960
f 833 960 834
f 834 961 835
f 834 960 961
f 835 961 962
f 835 962 836
f 836 963 838
f 836 838 837
f 836 962 964
f 836 964 965
f 836 965 1083
f 836 1083 963
f 838 963 966
f 838 966 844
f 838 844 843
f 838 843 841
f 838 841 839
f 839 841 840
f 844 966 845
f 845 966 846
f 846 966 967
f 846 967 968
f 846 968 939
f 847 849 945
f 847 945 969
f 847 969 970
f 847 970 851
f 848 945 849
f 850 851 971
f 850 971 852
f 851 970 972
f 851 972 971
f 852 971 972
f 852 972 973
f 852 973 853
f 853 973 975
f 853 975 974
f 854 974 976
f 854 976 977
f 854 977 859
f 858 863 868
f 859 977 860
f 860 977 978
f 860 978 861
f 861 978 862
f 862 978 863
f 863 979 980
f 863 980 981
f 863 981 866
f 863 866 865
f 863 865 864
f 863 864 868
f 863 978 982
f 863 982 983
f 863 983 979
f 866 984 867
f 866 981 984
f 869 874 985
f 869 985 871
f 869 871 870
f 871 985 1104
f 871 1104 986
f 871 986 881
f 871 881 872
f 873 876 987
f 873 987 874
f 874 987 988
f 874 988 989
f 874 989 985
f 875 990 876
f 876 990 987
f 877 991 992
f 877 992 993
f 877 993 878
f 877 883 991
f 878 993 879
f 879 993 992
f 879 992 880
f 880 992 994
f 880 994 884
f 881 986 1105
f 881 1105 995
f 881 995 996
f 881 996 882
f 882 996 997
f 882 997 998
f 882 998 883
f 883 998 991
f 884 999 886
f 884 994 999
f 886 1000 887
f 886 999 1000
f 887 1001 888
f 887 1000 1001
f 888 890 889
f 888 1001 1002
f 888 1002 1003
f 888 1003 1004
f 888 1004 1005
f 888 1005 893
f 888 893 890
f 890 893 891
f 891 893 892
f 893 1005 1006
f 893 1006 1007
f 893 1007 894
f 894 1007 1008
f 894 1008 895
f 895 1008 896
f 896 1008 1009
f 896 1009 1010
f 896 1010 1011
f 896 1011 898
f 896 898 897
f 898 1011 1012
f 898 1012 1013
f 898 1013 1014
f 898 1014 1015
f 898 1015 1016
f 898 1016 899
f 899 1016 900
f 900 1016 1017
f 900 1017 910
f 900 910 902
f 903 1018 935
f 903 935 934
f 903 934 928
f 903 1019 1018
f 905 922 923
f 905 923 1020
f 905 1020 906
f 906 1020 1021
f 906 1021 1022
f 906 1022 907
f 907 1022 1147
f 907 1147 1019
f 908 917 919
f 908 919 909
f 910 1017 911
f 911 1017 1146
f 911 1146 1023
f 911 1023 1024
f 911 1024 912
f 912 1024 913
f 913 1024 1023
f 913 1023 1025
f 913 1025 914
f 914 1025 1026
f 914 1026 1027
f 914 1027 1028
f 914 1028 1029
f 914 1029 915
f 915 1029 917
f 915 917 916
f 917 1029 1028
f 917 1028 1030
f 917 1030 1031
f 917 1031 919
f 919 1031 920
f 920 1031 1032
f 920 1032 924
f 921 927 923
f 923 927 1033
f 923 1033 1021
f 923 1021 1034
f 923 1034 1020
f 924 1032 1035
f 924 1035 925
f 925 1036 1033
f 925 1033 1037
f 925 1037 926
f 925 1035 1038
f 925 1038 1039
f 925 1039 1040
f 925 1040 1041
f 925 1041 1036
f 926 1037 1033
f 926 1033 927
f 929 931 1042
f 929 1042 1043
f 929 1043 1044
f 929 1044 1045
f 929 1045 1046
f 929 1046 948
f 930 1043 1042
f 930 1042 931
f 930 933 1043
f 932 937 933
f 933 1047 1048
f 933 1048 1044
f 933 1044 1043
f 933 937 1047
f 935 1018 936
f 936 1018 1049
f 936 1049 1050
f 936 1050 1051
f 936 1051 1052
f 936 1052 937
f 937 1052 1053
f 937 1053 1047
f 938 1054 1055
f 938 1055 1056
f 938 1056 1057
f 938 1057 1058
f 938 1058 1059
f 938 1059 941
f 938 939 1060
f 938 1060 1061
f 938 1061 1054
f 939 968 1060
f 941 1059 1062
f 941 1062 1063
f 941 1063 1064
f 941 1064 943
f 941 943 942
f 943 1064 944
f 944 1064 1065
f 944 1065 945
f 945 1066 969
f 945 1065 1066
f 946 950 1067
f 946 1067 1068
f 946 1068 953
f 946 953 947
f 946 952 951
f 946 951 950
f 948 1046 949
f 949 1046 950
f 950 1046 1069
f 950 1069 1067
f 953 1068 1070
f 953 1070 1071
f 953 1071 1072
f 953 1072 1073
f 953 1073 1074
f 953 1074 955
f 953 955 954
f 955 1074 1075
f 955 1075 956
f 956 1075 957
f 957 1075 1076
f 957 1076 958
f 958 1076 1077
f 958 1077 1078
f 958 1078 1079
f 958 1079 1080
f 958 1080 959
f 959 1080 960
f 960 1080 1081
f 960 1081 1082
f 960 1082 961
f 961 964 962
f 961 1082 964
f 963 1083 1084
f 963 1084 967
f 963 967 966
f 964 1082 965
f 965 1085 1083
f 965 1082 1086
f 965 1086 1087
f 965 1087 1085
f 967 1084 1060
f 967 1060 968
f 969 1066 970
f 970 1066 1088
f 970 1088 972
f 972 1088 1089
f 972 1089 1090
f 972 1090 1091
f 972 1091 1092
f 972 1092 975
f 972 975 973
f 974 975 1093
f 974 1093 1094
f 974 1094 1095
f 974 1095 976
f 975 1096 1093
f 975 1092 1096
f 976 1095 978
f 976 978 977
f 978 1095 982
f 979 1097 980
f 979 983 1094
f 979 1094 1098
f 979 1098 1099
f 979 1099 1097
f 980 1100 1101
f 980 1101 1102
f 980 1102 984
f 980 984 981
f 980 1097 1103
f 980 1103 1100
f 982 1095 983
f 983 1095 1094
f 984 1102 1101
f 985 989 1110
f 985 1110 1104
f 986 1104 1105
f 987 990 1106
f 987 1106 988
f 988 1107 989
f 988 1106 1112
f 988 1112 1108
f 988 1108 1109
f 988 1109 1107
f 989 1107 1222
f 989 1222 1110
f 990 1111 1112
f 990 1112 1106
f 991 998 1113
f 991 1113 992
f 992 1113 1114
f 992 1114 1115
f 992 1115 1116
f 992 1116 1117
f 992 1117 1118
f 992 1118 994
f 994 1118 999
f 995 1105 996
f 996 1105 997
f 997 1105 1119
f 997 1119 1236
f 997 1236 1120
f 997 1120 1121
f 997 1121 1113
f 997 1113 998
f 999 1118 1001
f 999 1001 1000
f 1001 1122 1002
f 1001 1118 1123
f 1001 1123 1122
f 1002 1122 1003
f 1003 1122 1004
f 1004 1122 1124
f 1004 1124 1125
f 1004 1125 1126
f 1004 1126 1127
f 1004 1127 1006
f 1004 1006 1005
f 1006 1126 1128
f 1006 1128 1129
f 1006 1129 1007
f 1006 1127 1126
f 1007 1129 1130
f 1007 1130 1131
f 1007 1131 1008
f 1008 1131 1132
f 1008 1132 1010
f 1008 1010 1009
f 1010 1133 1012
f 1010 1012 1011
f 1010 1132 1134
f 1010 1134 1135
f 1010 1135 1136
f 1010 1136 1137
f 1010 1137 1133
f 1012 1133 1138
f 1012 1138 1013
f 1013 1139 1014
f 1013 1138 1140
f 1013 1140 1141
f 1013 1141 1142
f 1013 1142 1143
f 1013 1143 1139
f 1014 1139 1015
f 1015 1139 1016
f 1016 1139 1144
f 1016 1144 1017
f 1017 1144 1145
f 1017 1145 1026
f 1017 1026 1146
f 1018 1019 1147
f 1018 1147 1050
f 1018 1050 1049
f 1020 1034 1021
f 1021 1033 1148
f 1021 1148 1022
f 1022 1148 1149
f 1022 1149 1150
f 1022 1150 1266
f 1022 1266 1147
f 1023 1146 1026
f 1023 1026 1025
f 1026 1151 1152
f 1026 1152 1141
f 1026 1141 1153
f 1026 1153 1154
f 1026 1154 1155
f 1026 1155 1027
f 1026 1145 1151
f 1027 1156 1030
f 1027 1030 1028
f 1027 1155 1157
f 1027 1157 1158
f 1027 1158 1159
f 1027 1159 1156
f 1030 1156 1160
f 1030 1160 1031
f 1031 1160 1039
f 1031 1039 1038
f 1031 1038 1035
f 1031 1035 1032
f 1033 1161 1162
f 1033 1162 1149
f 1033 1149 1148
f 1033 1036 1163
f 1033 1163 1161
f 1036 1041 1164
f 1036 1164 1163
f 1039 1160 1165
f 1039 1165 1166
f 1039 1166 1167
f 1039 1167 1040
f 1040 1167 1041
f 1041 1167 1164
f 1044 1048 1045
f 1045 1048 1168
f 1045 1168 1046
f 1046 1168 1169
f 1046 1169 1069
f 1047 1053 1048
f 1048 1053 1170
f 1048 1170 1171
f 1048 1171 1172
f 1048 1172 1173
f 1048 1173 1174
f 1048 1174 1168
f 1050 1147 1175
f 1050 1175 1171
f 1050 1171 1051
f 1051 1171 1053
f 1051 1053 1052
f 1053 1171 1170
f 1054 1061 1176
f 1054 1176 1055
f 1055 1057 1056
f 1055 1176 1057
f 1057 1177 1178
f 1057 1178 1179
f 1057 1179 1180
f 1057 1180 1059
f 1057 1059 1058
f 1057 1176 1181
f 1057 1181 1182
f 1057 1182 1177
f 1059 1180 1183
f 1059 1183 1062
f 1060 1084 1184
f 1060 1184 1185
f 1060 1185 1186
f 1060 1186 1061
f 1061 1186 1187
f 1061 1187 1176
f 1062 1183 1063
f 1063 1183 1064
f 1064 1183 1065
f 1065 1089 1066
f 1065 1183 1089
f 1066 1089 1088
f 1067 1188 1071
f 1067 1071 1070
f 1067 1070 1068
f 1067 1069 1169
f 1067 1169 1189
f 1067 1189 1190
f 1067 1190 1191
f 1067 1191 1192
f 1067 1192 1188
f 1071 1188 1192
f 1071 1192 1193
f 1071 1193 1072
f 1072 1193 1194
f 1072 1194 1073
f 1073 1076 1074
f 1073 1194 1195
f 1073 1195 1076
f 1074 1076 1075
f 1076 1196 1077
f 1076 1195 1197
f 1076 1197 1198
f 1076 1198 1196
f 1077 1199 1078
f 1077 1196 1200
f 1077 1200 1199
f 1078 1199 1201
f 1078 1201 1202
f 1078 1202 1079
f 1079 1202 1086
f 1079 1086 1081
f 1079 1081 1080
f 1081 1086 1082
f 1083 1085 1184
f 1083 1184 1084
f 1085 1203 1184
f 1085 1087 1204
f 1085 1204 1203
f 1086 1202 1087
f 1087 1202 1204
f 1089 1205 1206
f 1089 1206 1090
f 1089 1183 1207
f 1089 1207 1208
f 1089 1208 1209
f 1089 1209 1205
f 1090 1206 1210
f 1090 1210 1211
f 1090 1211 1092
f 1090 1092 1091
f 1092 1211 1210
f 1092 1210 1096
f 1093 1096 1212
f 1093 1212 1213
f 1093 1213 1214
f 1093 1214 1099
f 1093 1099 1098
f 1093 1098 1094
f 1096 1210 1212
f 1097 1099 1215
f 1097 1215 1103
f 1099 1214 1350
f 1099 1350 1215
f 1100 1103 1216
f 1100 1216 1217
f 1100 1217 1354
f 1100 1354 1218
f 1100 1218 1101
f 1101 1219 1220
f 1101 1218 1219
f 1103 1215 1216
f 1104 1110 1105
f 1105 1110 1221
f 1105 1221 1119
f 1107 1109 1222
f 1108 1223 1109
f 1108 1112 1228
f 1108 1228 1224
f 1108 1224 1223
f 1109 1225 1226
f 1109 1226 1358
f 1109 1358 1221
f 1109 1221 1110
f 1109 1110 1222
f 1109 1223 1225
f 1111 1227 1228
f 1111 1228 1112
f 1113 1121 1115
f 1113 1115 1114
f 1115 1121 1239
f 1115 1239 1229
f 1115 1229 1116
f 1116 1229 1230
f 1116 1230 1231
f 1116 1231 1117
f 1117 1231 1232
f 1117 1232 1233
f 1117 1233 1118
f 1118 1233 1123
f 1119 1234 1235
f 1119 1235 1236
f 1119 1221 1234
f 1120 1236 1237
f 1120 1237 1121
f 1121 1237 1238
f 1121 1238 1239
f 1122 1123 1240
f 1122 1240 1241
f 1122 1241 1242
f 1122 1242 1125
f 1122 1125 1124
f 1123 1233 1232
f 1123 1232 1243
f 1123 1243 1240
f 1125 1242 1244
f 1125 1244 1245
f 1125 1245 1246
f 1125 1246 1247
f 1125 1247 1126
f 1126 1247 1248
f 1126 1248 1128
f 1128 1248 1249
f 1128 1249 1250
f 1128 1250 1251
f 1128 1251 1252
f 1128 1252 1129
f 1129 1252 1253
f 1129 1253 1254
f 1129 1254 1130
f 1130 1134 1132
f 1130 1132 1131
f 1130 1254 1255
f 1130 1255 1256
f 1130 1256 1134
f 1133 1137 1138
f 1134 1256 1135
f 1135 1256 1257
f 1135 1257 1136
f 1136 1257 1258
f 1136 1258 1137
f 1137 1258 1259
f 1137 1259 1260
f 1137 1260 1140
f 1137 1140 1138
f 1139 1143 1144
f 1140 1260 1141
f 1141 1260 1261
f 1141 1261 1262
f 1141 1262 1263
f 1141 1263 1264
f 1141 1264 1153
f 1141 1152 1142
f 1142 1152 1151
f 1142 1151 1265
f 1142 1265 1144
f 1142 1144 1143
f 1144 1265 1145
f 1145 1265 1151
f 1147 1266 1175
f 1149 1162 1267
f 1149 1267 1268
f 1149 1268 1150
f 1150 1268 1304
f 1150 1304 1266
f 1153 1264 1154
f 1154 1264 1269
f 1154 1269 1270
f 1154 1270 1271
f 1154 1271 1272
f 1154 1272 1155
f 1155 1272 1157
f 1156 1273 1160
f 1156 1159 1273
f 1157 1272 1158
f 1158 1274 1275
f 1158 1275 1159
f 1158 1272 1271
f 1158 1271 1274
f 1159 1275 1276
f 1159 1276 1277
f 1159 1277 1278
f 1159 1278 1279
f 1159 1279 1280
f 1159 1280 1273
f 1160 1273 1165
f 1161 1163 1281
f 1161 1281 1282
f 1161 1282 1162
f 1162 1282 1267
f 1163 1164 1283
f 1163 1283 1284
f 1163 1284 1285
f 1163 1285 1281
f 1164 1167 1286
f 1164 1286 1287
f 1164 1287 1288
f 1164 1288 1289
f 1164 1289 1283
f 1165 1280 1290
f 1165 1290 1291
f 1165 1291 1166
f 1165 1273 1280
f 1166 1291 1167
f 1167 1291 1286
f 1168 1174 1292
f 1168 1292 1293
f 1168 1293 1169
f 1169 1293 1294
f 1169 1294 1189
f 1171 1175 1295
f 1171 1295 1296
f 1171 1296 1172
f 1172 1296 1297
f 1172 1297 1298
f 1172 1298 1299
f 1172 1299 1300
f 1172 1300 1173
f 1173 1300 1301
f 1173 1301 1174
f 1174 1302 1293
f 1174 1293 1292
f 1174 1301 1303
f 1174 1303 1302
f 1175 1266 1304
f 1175 1304 1295
f 1176 1187 1305
f 1176 1305 1306
f 1176 1306 1181
f 1177 1307 1178
f 1177 1182 1307
f 1178 1308 1309
f 1178 1309 1310
f 1178 1310 1179
f 1178 1307 1316
f 1178 1316 1311
f 1178 1311 1308
f 1179 1310 1180
f 1180 1309 1312
f 1180 1312 1183
f 1180 1310 1309
f 1181 1306 1313
f 1181 1313 1314
f 1181 1314 1182
f 1182 1314 1315
f 1182 1315 1316
f 1182 1316 1307
f 1183 1312 1207
f 1184 1203 1317
f 1184 1317 1185
f 1185 1318 1186
f 1185 1317 1319
f 1185 1319 1320
f 1185 1320 1318
f 1186 1306 1187
f 1186 1318 1306
f 1187 1306 1305
f 1189 1294 1321
f 1189 1321 1322
f 1189 1322 1190
f 1190 1322 1323
f 1190 1323 1191
f 1191 1323 1324
f 1191 1324 1325
f 1191 1325 1326
f 1191 1326 1192
f 1192 1326 1327
f 1192 1327 1328
f 1192 1328 1329
f 1192 1329 1193
f 1193 1329 1194
f 1194 1329 1330
f 1194 1330 1331
f 1194 1331 1198
f 1194 1198 1195
f 1195 1198 1197
f 1196 1198 1200
f 1198 1331 1200
f 1199 1200 1332
f 1199 1332 1333
f 1199 1333 1201
f 1200 1331 1334
f 1200 1334 1335
f 1200 1335 1336
f 1200 1336 1333
f 1200 1333 1332
f 1201 1333 1337
f 1201 1337 1338
f 1201 1338 1202
f 1202 1339 1204
f 1202 1338 1339
f 1203 1204 1340
f 1203 1340 1317
f 1204 1339 1319
f 1204 1319 1317
f 1204 1317 1340
f 1205 1209 1206
f 1206 1341 1210
f 1206 1209 1342
f 1206 1342 1481
f 1206 1481 1343
f 1206 1343 1341
f 1207 1312 1309
f 1207 1309 1344
f 1207 1344 1208
f 1208 1344 1345
f 1208 1345 1346
f 1208 1346 1209
f 1209 1346 1342
f 1210 1347 1212
f 1210 1341 1347
f 1212 1347 1213
f 1213 1348 1214
f 1213 1347 1341
f 1213 1341 1349
f 1213 1349 1485
f 1213 1485 1348
f 1214 1348 1350
f 1215 1351 1216
f 1215 1350 1352
f 1215 1352 1353
f 1215 1353 1351
f 1216 1351 1217
f 1217 1351 1487
f 1217 1487 1354
f 1218 1354 1219
f 1219 1354 1220
f 1220 1355 1356
f 1220 1354 1357
f 1220 1357 1355
f 1221 1358 1234
f 1223 1224 1225
f 1224 1228 1227
f 1224 1227 1359
f 1224 1359 1225
f 1225 1360 1361
f 1225 1361 1226
f 1225 1359 1362
f 1225 1362 1360
f 1226 1361 1363
f 1226 1363 1366
f 1226 1366 1358
f 1227 1364 1359
f 1229 1232 1231
f 1229 1231 1230
f 1229 1239 1365
f 1229 1365 1232
f 1232 1365 1241
f 1232 1241 1243
f 1234 1366 1235
f 1234 1358 1366
f 1235 1366 1363
f 1235 1363 1367
f 1235 1367 1368
f 1235 1368 1501
f 1235 1501 1369
f 1235 1369 1370
f 1235 1370 1236
f 1236 1370 1373
f 1236 1373 1371
f 1236 1371 1237
f 1237 1371 1238
f 1238 1372 1239
f 1238 1371 1373
f 1238 1373 1374
f 1238 1374 1372
f 1239 1372 1365
f 1240 1243 1241
f 1241 1365 1375
f 1241 1375 1376
f 1241 1376 1242
f 1242 1376 1377
f 1242 1377 1244
f 1244 1377 1378
f 1244 1378 1245
f 1245 1378 1379
f 1245 1379 1380
f 1245 1380 1246
f 1246 1380 1249
f 1246 1249 1247
f 1247 1249 1248
f 1249 1380 1381
f 1249 1381 1382
f 1249 1382 1383
f 1249 1383 1250
f 1250 1383 1384
f 1250 1384 1251
f 1251 1384 1252
f 1252 1384 1385
f 1252 1385 1253
f 1253 1385 1386
f 1253 1386 1387
f 1253 1387 1388
f 1253 1388 1254
f 1254 1388 1389
f 1254 1389 1255
f 1255 1389 1388
f 1255 1388 1390
f 1255 1390 1391
f 1255 1391 1392
f 1255 1392 1393
f 1255 1393 1257
f 1255 1257 1256
f 1257 1393 1258
f 1258 1393 1394
f 1258 1394 1259
f 1259 1394 1395
f 1259 1395 1261
f 1259 1261 1260
f 1261 1395 1396
f 1261 1396 1397
f 1261 1397 1398
f 1261 1398 1262
f 1262 1398 1397
f 1262 1397 1263
f 1263 1397 1399
f 1263 1399 1400
f 1263 1400 1401
f 1263 1401 1264
f 1264 1401 1274
f 1264 1274 1402
f 1264 1402 1269
f 1267 1403 1304
f 1267 1304 1268
f 1267 1282 1417
f 1267 1417 1403
f 1269 1402 1274
f 1269 1274 1270
f 1270 1274 1271
f 1274 1401 1400
f 1274 1400 1404
f 1274 1404 1405
f 1274 1405 1275
f 1275 1406 1276
f 1275 1405 1407
f 1275 1407 1408
f 1275 1408 1409
f 1275 1409 1410
f 1275 1410 1411
f 1275 1411 1412
f 1275 1412 1413
f 1275 1413 1406
f 1276 1406 1414
f 1276 1414 1277
f 1277 1414 1278
f 1278 1414 1279
f 1279 1414 1415
f 1279 1415 1290
f 1279 1290 1280
f 1281 1285 1416
f 1281 1416 1282
f 1282 1416 1546
f 1282 1546 1417
f 1283 1289 1284
f 1284 1289 1418
f 1284 1418 1285
f 1285 1418 1419
f 1285 1419 1420
f 1285 1420 1421
f 1285 1421 1416
f 1286 1291 1422
f 1286 1422 1287
f 1287 1422 1423
f 1287 1423 1424
f 1287 1424 1288
f 1288 1424 1289
f 1289 1424 1425
f 1289 1425 1418
f 1290 1415 1426
f 1290 1426 1422
f 1290 1422 1291
f 1293 1302 1303
f 1293 1303 1294
f 1294 1303 1427
f 1294 1427 1321
f 1295 1304 1403
f 1295 1403 1296
f 1296 1403 1417
f 1296 1417 1428
f 1296 1428 1297
f 1297 1428 1298
f 1298 1428 1429
f 1298 1429 1430
f 1298 1430 1431
f 1298 1431 1432
f 1298 1432 1299
f 1299 1432 1300
f 1300 1432 1433
f 1300 1433 1434
f 1300 1434 1301
f 1301 1434 1435
f 1301 1435 1436
f 1301 1436 1303
f 1303 1436 1427
f 1306 1318 1437
f 1306 1437 1450
f 1306 1450 1438
f 1306 1438 1313
f 1308 1311 1439
f 1308 1439 1440
f 1308 1440 1483
f 1308 1483 1346
f 1308 1346 1309
f 1309 1346 1344
f 1311 1316 1448
f 1311 1448 1439
f 1313 1441 1314
f 1313 1438 1450
f 1313 1450 1442
f 1313 1442 1443
f 1313 1443 1441
f 1314 1441 1444
f 1314 1444 1315
f 1315 1444 1445
f 1315 1445 1446
f 1315 1446 1447
f 1315 1447 1448
f 1315 1448 1316
f 1318 1320 1449
f 1318 1449 1450
f 1318 1450 1437
f 1319 1339 1451
f 1319 1451 1452
f 1319 1452 1453
f 1319 1453 1454
f 1319 1454 1320
f 1320 1454 1449
f 1321 1427 1435
f 1321 1435 1455
f 1321 1455 1456
f 1321 1456 1457
f 1321 1457 1458
f 1321 1458 1459
f 1321 1459 1460
f 1321 1460 1323
f 1321 1323 1322
f 1323 1460 1324
f 1324 1326 1325
f 1324 1460 1461
f 1324 1461 1327
f 1324 1327 1326
f 1327 1462 1463
f 1327 1463 1464
f 1327 1464 1465
f 1327 1465 1328
f 1327 1461 1459
f 1327 1459 1466
f 1327 1466 1467
f 1327 1467 1468
f 1327 1468 1469
f 1327 1469 1462
f 1328 1465 1470
f 1328 1470 1330
f 1328 1330 1329
f 1330 1470 1334
f 1330 1334 1331
f 1333 1336 1471
f 1333 1471 1472
f 1333 1472 1473
f 1333 1473 1474
f 1333 1474 1337
f 1334 1470 1465
f 1334 1465 1464
f 1334 1464 1475
f 1334 1475 1335
f 1335 1476 1471
f 1335 1471 1336
f 1335 1475 1477
f 1335 1477 1476
f 1337 1474 1338
f 1338 1474 1478
f 1338 1478 1339
f 1339 1478 1451
f 1341 1343 1479
f 1341 1479 1480
f 1341 1480 1349
f 1342 1346 1481
f 1343 1481 1482
f 1343 1482 1479
f 1344 1346 1345
f 1346 1483 1481
f 1348 1484 1488
f 1348 1488 1352
f 1348 1352 1350
f 1348 1485 1486
f 1348 1486 1484
f 1349 1480 1485
f 1351 1353 1489
f 1351 1489 1487
f 1352 1488 1353
f 1353 1488 1489
f 1354 1487 1493
f 1354 1493 1357
f 1355 1490 1356
f 1355 1357 1491
f 1355 1491 1492
f 1355 1492 1490
f 1357 1493 1491
f 1359 1364 1494
f 1359 1494 1362
f 1360 1362 1495
f 1360 1495 1622
f 1360 1622 1496
f 1360 1496 1497
f 1360 1497 1361
f 1361 1497 1498
f 1361 1498 1367
f 1361 1367 1363
f 1362 1494 1499
f 1362 1499 1622
f 1362 1622 1495
f 1365 1500 1375
f 1365 1372 1500
f 1367 1498 1501
f 1367 1501 1368
f 1369 1501 1502
f 1369 1502 1504
f 1369 1504 1503
f 1369 1503 1373
f 1369 1373 1370
f 1372 1374 1500
f 1373 1503 1504
f 1373 1504 1505
f 1373 1505 1374
f 1374 1506 1507
f 1374 1507 1500
f 1374 1505 1631
f 1374 1631 1506
f 1375 1508 1377
f 1375 1377 1376
f 1375 1500 1507
f 1375 1507 1508
f 1377 1508 1378
f 1378 1508 1509
f 1378 1509 1510
f 1378 1510 1511
f 1378 1511 1512
f 1378 1512 1380
f 1378 1380 1379
f 1380 1511 1381
f 1380 1512 1511
f 1381 1511 1513
f 1381 1513 1514
f 1381 1514 1382
f 1382 1514 1515
f 1382 1515 1516
f 1382 1516 1383
f 1383 1516 1385
f 1383 1385 1384
f 1385 1516 1517
f 1385 1517 1518
f 1385 1518 1386
f 1386 1518 1519
f 1386 1519 1388
f 1386 1388 1387
f 1388 1519 1520
f 1388 1520 1390
f 1390 1521 1522
f 1390 1522 1391
f 1390 1520 1521
f 1391 1522 1523
f 1391 1523 1392
f 1392 1524 1393
f 1392 1523 1525
f 1392 1525 1526
f 1392 1526 1524
f 1393 1524 1394
f 1394 1524 1527
f 1394 1527 1395
f 1395 1527 1397
f 1395 1397 1396
f 1397 1528 1399
f 1397 1527 1528
f 1399 1528 1529
f 1399 1529 1530
f 1399 1530 1531
f 1399 1531 1407
f 1399 1407 1400
f 1400 1407 1404
f 1404 1407 1405
f 1406 1413 1532
f 1406 1532 1533
f 1406 1533 1414
f 1407 1531 1408
f 1408 1531 1534
f 1408 1534 1535
f 1408 1535 1536
f 1408 1536 1409
f 1409 1536 1537
f 1409 1537 1410
f 1410 1537 1538
f 1410 1538 1539
f 1410 1539 1411
f 1411 1539 1540
f 1411 1540 1541
f 1411 1541 1413
f 1411 1413 1412
f 1413 1541 1542
f 1413 1542 1543
f 1413 1543 1533
f 1413 1533 1532
f 1414 1533 1415
f 1415 1533 1544
f 1415 1544 1545
f 1415 1545 1423
f 1415 1423 1426
f 1416 1421 1554
f 1416 1554 1546
f 1417 1546 1429
f 1417 1429 1428
f 1418 1547 1548
f 1418 1548 1419
f 1418 1425 1424
f 1418 1424 1549
f 1418 1549 1550
f 1418 1550 1551
f 1418 1551 1547
f 1419 1548 1553
f 1419 1553 1420
f 1420 1552 1554
f 1420 1554 1421
f 1420 1553 1701
f 1420 1701 1552
f 1422 1426 1423
f 1423 1545 1424
f 1424 1545 1549
f 1427 1436 1435
f 1429 1554 1552
f 1429 1552 1555
f 1429 1555 1556
f 1429 1556 1430
f 1429 1546 1554
f 1430 1556 1557
f 1430 1557 1432
f 1430 1432 1431
f 1432 1557 1433
f 1433 1557 1455
f 1433 1455 1435
f 1433 1435 1434
f 1439 1558 1440
f 1439 1448 1558
f 1440 1559 1482
f 1440 1482 1483
f 1440 1558 1559
f 1441 1560 1561
f 1441 1561 1444
f 1441 1443 1562
f 1441 1562 1560
f 1442 1450 1443
f 1443 1450 1563
f 1443 1563 1564
f 1443 1564 1565
f 1443 1565 1566
f 1443 1566 1562
f 1444 1561 1445
f 1445 1567 1568
f 1445 1568 1446
f 1445 1561 1569
f 1445 1569 1567
f 1446 1568 1570
f 1446 1570 1571
f 1446 1571 1572
f 1446 1572 1447
f 1447 1572 1448
f 1448 1572 1558
f 1449 1454 1453
f 1449 1453 1563
f 1449 1563 1450
f 1451 1573 1452
f 1451 1478 1574
f 1451 1574 1575
f 1451 1575 1573
f 1452 1573 1575
f 1452 1575 1576
f 1452 1576 1577
f 1452 1577 1453
f 1453 1577 1578
f 1453 1578 1579
f 1453 1579 1580
f 1453 1580 1563
f 1455 1557 1456
f 1456 1557 1581
f 1456 1581 1582
f 1456 1582 1457
f 1457 1582 1583
f 1457 1583 1584
f 1457 1584 1585
f 1457 1585 1458
f 1458 1585 1584
f 1458 1584 1586
f 1458 1586 1587
f 1458 1587 1459
f 1459 1461 1460
f 1459 1587 1586
f 1459 1586 1588
f 1459 1588 1467
f 1459 1467 1466
f 1462 1469 1463
f 1463 1477 1464
f 1463 1469 1589
f 1463 1589 1590
f 1463 1590 1477
f 1464 1477 1475
f 1467 1588 1468
f 1468 1588 1591
f 1468 1591 1592
f 1468 1592 1469
f 1469 1592 1593
f 1469 1593 1594
f 1469 1594 1595
f 1469 1595 1596
f 1469 1596 1589
f 1471 1476 1472
f 1472 1597 1473
f 1472 1476 1598
f 1472 1598 1599
f 1472 1599 1597
f 1473 1597 1600
f 1473 1600 1601
f 1473 1601 1574
f 1473 1574 1474
f 1474 1574 1478
f 1476 1477 1602
f 1476 1602 1603
f 1476 1603 1598
f 1477 1590 1604
f 1477 1604 1605
f 1477 1605 1606
f 1477 1606 1607
f 1477 1607 1603
f 1477 1603 1602
f 1479 1482 1608
f 1479 1608 1480
f 1480 1609 1486
f 1480 1486 1485
f 1480 1608 1610
f 1480 1610 1611
f 1480 1611 1609
f 1481 1483 1482
f 1482 1610 1608
f 1482 1559 1610
f 1484 1486 1612
f 1484 1612 1488
f 1486 1609 1612
f 1487 1489 1493
f 1488 1613 1489
f 1488 1612 1764
f 1488 1764 1614
f 1488 1614 1613
f 1489 1613 1615
f 1489 1615 1493
f 1490 1492 1616
f 1491 1493 1617
f 1491 1617 1618
f 1491 1618 1619
f 1491 1619 1492
f 1492 1619 1618
f 1492 1618 1770
f 1492 1770 1906
f 1492 1906 2021
f 1492 2021 2020
f 1492 2020 2019
f 1492 2019 2018
f 1492 2018 2096
f 1492 2096 2095
f 1492 2095 2198
f 1492 2198 2202
f 1492 2202 2201
f 1492 2201 2200
f 1492 2200 2317
f 1492 2317 2441
f 1492 2441 2564
f 1492 2564 2694
f 1492 2694 2844
f 1492 2844 2998
f 1492 2998 2997
f 1492 2997 3149
f 1492 3149 3197
f 1492 3197 3036
f 1492 3036 2900
f 1492 2900 2748
f 1492 2748 2610
f 1492 2610 2483
f 1492 2483 2361
f 1492 2361 2250
f 1492 2250 2133
f 1492 2133 2025
f 1492 2025 1904
f 1492 1904 1769
f 1492 1769 1616
f 1493 1615 1617
f 1494 1620 1621
f 1494 1621 1499
f 1496 1623 1497
f 1496 1622 1626
f 1496 1626 1623
f 1497 1624 1498
f 1497 1623 1772
f 1497 1772 1624
f 1498 1624 1501
f 1499 1621 1625
f 1499 1625 1626
f 1499 1626 1622
f 1501 1624 1627
f 1501 1627 1628
f 1501 1628 1629
f 1501 1629 1504
f 1501 1504 1502
f 1504 1629 1630
f 1504 1630 1631
f 1504 1631 1505
f 1506 1631 1632
f 1506 1632 1633
f 1506 1633 1507
f 1507 1633 1510
f 1507 1510 1509
f 1507 1509 1508
f 1510 1633 1511
f 1511 1634 1513
f 1511 1633 1635
f 1511 1635 1634
f 1513 1634 1636
f 1513 1636 1637
f 1513 1637 1638
f 1513 1638 1514
f 1514 1638 1639
f 1514 1639 1515
f 1515 1639 1640
f 1515 1640 1516
f 1516 1640 1517
f 1517 1640 1641
f 1517 1641 1642
f 1517 1642 1519
f 1517 1519 1518
f 1519 1642 1520
f 1520 1642 1521
f 1521 1643 1644
f 1521 1644 1645
f 1521 1645 1646
f 1521 1646 1522
f 1521 1642 1647
f 1521 1647 1643
f 1522 1646 1648
f 1522 1648 1649
f 1522 1649 1650
f 1522 1650 1651
f 1522 1651 1523
f 1523 1651 1652
f 1523 1652 1653
f 1523 1653 1525
f 1524 1654 1527
f 1524 1526 1655
f 1524 1655 1656
f 1524 1656 1654
f 1525 1653 1657
f 1525 1657 1658
f 1525 1658 1526
f 1526 1658 1659
f 1526 1659 1655
f 1527 1654 1528
f 1528 1656 1529
f 1528 1654 1656
f 1529 1660 1661
f 1529 1661 1530
f 1529 1656 1660
f 1530 1661 1531
f 1531 1661 1662
f 1531 1662 1663
f 1531 1663 1801
f 1531 1801 1664
f 1531 1664 1665
f 1531 1665 1534
f 1533 1543 1666
f 1533 1666 1667
f 1533 1667 1668
f 1533 1668 1544
f 1534 1665 1535
f 1535 1669 1670
f 1535 1670 1671
f 1535 1671 1672
f 1535 1672 1673
f 1535 1673 1674
f 1535 1674 1538
f 1535 1538 1675
f 1535 1675 1676
f 1535 1676 1537
f 1535 1537 1536
f 1535 1665 1677
f 1535 1677 1669
f 1537 1676 1538
f 1538 1676 1675
f 1538 1674 1678
f 1538 1678 1539
f 1539 1678 1540
f 1540 1678 1542
f 1540 1542 1541
f 1542 1679 1680
f 1542 1680 1666
f 1542 1666 1543
f 1542 1678 1674
f 1542 1674 1681
f 1542 1681 1682
f 1542 1682 1679
f 1544 1683 1545
f 1544 1668 1805
f 1544 1805 1684
f 1544 1684 1683
f 1545 1683 1685
f 1545 1685 1549
f 1547 1553 1548
f 1547 1551 1686
f 1547 1686 1687
f 1547 1687 1688
f 1547 1688 1553
f 1549 1685 1683
f 1549 1683 1689
f 1549 1689 1690
f 1549 1690 1691
f 1549 1691 1692
f 1549 1692 1693
f 1549 1693 1694
f 1549 1694 1695
f 1549 1695 1696
f 1549 1696 1551
f 1549 1551 1550
f 1551 1696 1697
f 1551 1697 1698
f 1551 1698 1699
f 1551 1699 1700
f 1551 1700 1686
f 1552 1701 1702
f 1552 1702 1555
f 1553 1688 1828
f 1553 1828 1701
f 1555 1702 1556
f 1556 1703 1557
f 1556 1702 1704
f 1556 1704 1705
f 1556 1705 1706
f 1556 1706 1703
f 1557 1703 1707
f 1557 1707 1708
f 1557 1708 1581
f 1558 1572 1725
f 1558 1725 1709
f 1558 1709 1710
f 1558 1710 1610
f 1558 1610 1559
f 1560 1562 1711
f 1560 1711 1712
f 1560 1712 1561
f 1561 1712 1569
f 1562 1566 1711
f 1563 1580 1564
f 1564 1580 1713
f 1564 1713 1714
f 1564 1714 1565
f 1565 1714 1715
f 1565 1715 1849
f 1565 1849 1716
f 1565 1716 1711
f 1565 1711 1566
f 1567 1569 1717
f 1567 1717 1568
f 1568 1718 1719
f 1568 1719 1720
f 1568 1720 1570
f 1568 1717 1853
f 1568 1853 1721
f 1568 1721 1718
f 1569 1712 1722
f 1569 1722 1723
f 1569 1723 1717
f 1570 1720 1724
f 1570 1724 1571
f 1571 1724 1725
f 1571 1725 1572
f 1574 1601 1575
f 1575 1601 1600
f 1575 1600 1726
f 1575 1726 1727
f 1575 1727 1576
f 1576 1578 1577
f 1576 1727 1578
f 1578 1728 1729
f 1578 1729 1579
f 1578 1727 1726
f 1578 1726 1730
f 1578 1730 1728
f 1579 1729 1580
f 1580 1729 1848
f 1580 1848 1713
f 1581 1708 1731
f 1581 1731 1732
f 1581 1732 1733
f 1581 1733 1583
f 1581 1583 1582
f 1583 1733 1732
f 1583 1732 1734
f 1583 1734 1735
f 1583 1735 1584
f 1584 1735 1736
f 1584 1736 1737
f 1584 1737 1738
f 1584 1738 1586
f 1586 1738 1588
f 1588 1738 1591
f 1589 1596 1590
f 1590 1596 1604
f 1591 1739 1592
f 1591 1738 1739
f 1592 1739 1740
f 1592 1740 1741
f 1592 1741 1742
f 1592 1742 1743
f 1592 1743 1744
f 1592 1744 1745
f 1592 1745 1593
f 1593 1745 1595
f 1593 1595 1594
f 1595 1745 1746
f 1595 1746 1596
f 1596 1746 1606
f 1596 1606 1604
f 1597 1747 1600
f 1597 1599 1748
f 1597 1748 1749
f 1597 1749 1747
f 1598 1603 1750
f 1598 1750 1751
f 1598 1751 1599
f 1599 1751 1752
f 1599 1752 1753
f 1599 1753 1880
f 1599 1880 1748
f 1600 1747 1754
f 1600 1754 1884
f 1600 1884 1755
f 1600 1755 1756
f 1600 1756 1757
f 1600 1757 1726
f 1603 1607 1758
f 1603 1758 1752
f 1603 1752 1751
f 1603 1751 1750
f 1604 1606 1605
f 1606 1746 1759
f 1606 1759 1760
f 1606 1760 1761
f 1606 1761 1762
f 1606 1762 1763
f 1606 1763 1607
f 1607 1763 1758
f 1609 1764 1612
f 1609 1611 1764
f 1610 1710 1611
f 1611 1710 1765
f 1611 1765 1764
f 1613 1766 1617
f 1613 1617 1615
f 1613 1614 1768
f 1613 1768 1767
f 1613 1767 1766
f 1614 1764 1768
f 1617 1766 1770
f 1617 1770 1618
f 1620 1771 1908
f 1620 1908 2029
f 1620 2029 2137
f 1620 2137 2259
f 1620 2259 2376
f 1620 2376 2502
f 1620 2502 2630
f 1620 2630 2781
f 1620 2781 2934
f 1620 2934 3078
f 1620 3078 3246
f 1620 3246 3426
f 1620 3426 3247
f 1620 3247 3079
f 1620 3079 2935
f 1620 2935 2782
f 1620 2782 2631
f 1620 2631 2503
f 1620 2503 2378
f 1620 2378 2377
f 1620 2377 2260
f 1620 2260 2138
f 1620 2138 2030
f 1620 2030 1910
f 1620 1910 1777
f 1620 1777 1776
f 1620 1776 1909
f 1620 1909 1773
f 1620 1773 1772
f 1620 1772 1623
f 1620 1623 1626
f 1620 1626 1625
f 1620 1625 1621
f 1624 1772 1773
f 1624 1773 1774
f 1624 1774 1627
f 1627 1774 1775
f 1627 1775 1628
f 1628 1775 1776
f 1628 1776 1777
f 1628 1777 1778
f 1628 1778 1779
f 1628 1779 1630
f 1628 1630 1629
f 1630 1779 1780
f 1630 1780 1631
f 1631 1780 1632
f 1632 1780 1781
f 1632 1781 1635
f 1632 1635 1633
f 1634 1635 1781
f 1634 1781 1782
f 1634 1782 1783
f 1634 1783 1784
f 1634 1784 1785
f 1634 1785 1636
f 1636 1785 1786
f 1636 1786 1637
f 1637 1786 1787
f 1637 1787 1788
f 1637 1788 1641
f 1637 1641 1640
f 1637 1640 1639
f 1637 1639 1638
f 1641 1647 1642
f 1641 1788 1789
f 1641 1789 1647
f 1643 1647 1789
f 1643 1789 1644
f 1644 1789 1790
f 1644 1790 1791
f 1644 1791 1792
f 1644 1792 1645
f 1645 1792 1648
f 1645 1648 1646
f 1648 1792 1652
f 1648 1652 1650
f 1648 1650 1649
f 1650 1652 1651
f 1652 1792 1793
f 1652 1793 1794
f 1652 1794 1795
f 1652 1795 1796
f 1652 1796 1657
f 1652 1657 1653
f 1655 1659 1660
f 1655 1660 1656
f 1657 1796 1658
f 1658 1796 1659
f 1659 1796 1797
f 1659 1797 1662
f 1659 1662 1660
f 1660 1662 1661
f 1662 1797 1798
f 1662 1798 1799
f 1662 1799 1800
f 1662 1800 1663
f 1663 1800 1801
f 1664 1801 1802
f 1664 1802 1665
f 1665 1802 1677
f 1666 1680 1803
f 1666 1803 1804
f 1666 1804 1667
f 1667 1804 1668
f 1668 1804 1805
f 1669 1806 1670
f 1669 1677 1800
f 1669 1800 1807
f 1669 1807 1799
f 1669 1799 1806
f 1670 1808 1809
f 1670 1809 1671
f 1670 1806 1810
f 1670 1810 1808
f 1671 1809 1811
f 1671 1811 1672
f 1672 1811 1812
f 1672 1812 1813
f 1672 1813 1673
f 1673 1813 1674
f 1674 1813 1944
f 1674 1944 1945
f 1674 1945 1814
f 1674 1814 1946
f 1674 1946 1815
f 1674 1815 1816
f 1674 1816 1817
f 1674 1817 1681
f 1677 1802 1800
f 1679 1803 1680
f 1679 1682 1818
f 1679 1818 1819
f 1679 1819 1820
f 1679 1820 1803
f 1681 1817 1682
f 1682 1817 1821
f 1682 1821 1822
f 1682 1822 1823
f 1682 1823 1824
f 1682 1824 1825
f 1682 1825 1826
f 1682 1826 1818
f 1683 1684 1805
f 1683 1805 1690
f 1683 1690 1689
f 1686 1700 1687
f 1687 1700 1827
f 1687 1827 1688
f 1688 1827 1960
f 1688 1960 1828
f 1690 1805 1691
f 1691 1805 1692
f 1692 1805 1829
f 1692 1829 1693
f 1693 1829 1830
f 1693 1830 1831
f 1693 1831 1697
f 1693 1697 1695
f 1693 1695 1694
f 1695 1697 1696
f 1697 1831 1832
f 1697 1832 1698
f 1698 1832 1833
f 1698 1833 1834
f 1698 1834 1827
f 1698 1827 1699
f 1699 1827 1700
f 1701 1828 1704
f 1701 1704 1702
f 1703 1706 1707
f 1704 1828 1835
f 1704 1835 1836
f 1704 1836 1705
f 1705 1836 1837
f 1705 1837 1838
f 1705 1838 1839
f 1705 1839 1840
f 1705 1840 1841
f 1705 1841 1842
f 1705 1842 1843
f 1705 1843 1708
f 1705 1708 1707
f 1705 1707 1706
f 1708 1843 1842
f 1708 1842 1731
f 1709 1844 1845
f 1709 1845 1765
f 1709 1765 1710
f 1709 1725 1846
f 1709 1846 1844
f 1711 1716 1847
f 1711 1847 1722
f 1711 1722 1712
f 1713 1848 1714
f 1714 1848 1715
f 1715 1848 1850
f 1715 1850 1851
f 1715 1851 1852
f 1715 1852 1849
f 1716 1849 1858
f 1716 1858 1847
f 1717 1723 1853
f 1718 1854 1719
f 1718 1721 1855
f 1718 1855 1854
f 1719 1854 1856
f 1719 1856 1720
f 1720 1857 1846
f 1720 1846 1724
f 1720 1856 1857
f 1721 1853 1855
f 1722 1853 1723
f 1722 1847 1858
f 1722 1858 1859
f 1722 1859 1860
f 1722 1860 1853
f 1724 1846 1725
f 1726 1757 1861
f 1726 1861 1730
f 1728 1730 1862
f 1728 1862 1729
f 1729 1862 1848
f 1730 1861 1757
f 1730 1757 1891
f 1730 1891 1970
f 1730 1970 1862
f 1731 1842 1732
f 1732 1842 1863
f 1732 1863 1734
f 1734 1863 1735
f 1735 1863 1736
f 1736 1863 1864
f 1736 1864 1737
f 1737 1864 1865
f 1737 1865 1740
f 1737 1740 1739
f 1737 1739 1738
f 1740 1865 1741
f 1741 1865 1742
f 1742 1865 1866
f 1742 1866 1867
f 1742 1867 1868
f 1742 1868 1743
f 1743 1868 1869
f 1743 1869 1870
f 1743 1870 1871
f 1743 1871 1872
f 1743 1872 1873
f 1743 1873 1874
f 1743 1874 1744
f 1744 1746 1745
f 1744 1874 1746
f 1746 1875 1876
f 1746 1876 1759
f 1746 1874 1873
f 1746 1873 1877
f 1746 1877 1878
f 1746 1878 1879
f 1746 1879 1875
f 1747 1749 1754
f 1748 1880 1881
f 1748 1881 1749
f 1749 1881 1882
f 1749 1882 1754
f 1752 1758 1883
f 1752 1883 1753
f 1753 1883 1880
f 1754 1882 1884
f 1755 1885 1756
f 1755 1884 1886
f 1755 1886 1885
f 1756 1885 1886
f 1756 1886 1887
f 1756 1887 1888
f 1756 1888 1889
f 1756 1889 1757
f 1757 1890 1891
f 1757 1889 1888
f 1757 1888 1890
f 1758 1763 1762
f 1758 1762 1892
f 1758 1892 1883
f 1759 1876 1893
f 1759 1893 1894
f 1759 1894 1760
f 1760 1894 1895
f 1760 1895 1896
f 1760 1896 1761
f 1761 1896 1883
f 1761 1883 1892
f 1761 1892 1762
f 1764 1765 1845
f 1764 1845 1898
f 1764 1898 1768
f 1766 1767 1897
f 1766 1897 1770
f 1767 1768 1901
f 1767 1901 1897
f 1768 1898 1899
f 1768 1899 1900
f 1768 1900 1901
f 1769 1902 1903
f 1769 1904 1905
f 1769 1905 1902
f 1770 1897 1901
f 1770 1901 1906
f 1771 1907 1908
f 1773 1909 1775
f 1773 1775 1774
f 1775 1909 1776
f 1777 1910 1778
f 1778 1910 1779
f 1779 1910 1911
f 1779 1911 1912
f 1779 1912 1780
f 1780 1912 1913
f 1780 1913 1782
f 1780 1782 1781
f 1782 1913 1914
f 1782 1914 1915
f 1782 1915 1783
f 1783 1915 1784
f 1784 1915 1916
f 1784 1916 1787
f 1784 1787 1786
f 1784 1786 1785
f 1787 1916 1917
f 1787 1917 1790
f 1787 1790 1789
f 1787 1789 1788
f 1790 1917 1918
f 1790 1918 1791
f 1791 1918 2041
f 1791 2041 1919
f 1791 1919 1792
f 1792 1919 1920
f 1792 1920 1921
f 1792 1921 1922
f 1792 1922 1923
f 1792 1923 1924
f 1792 1924 1925
f 1792 1925 1793
f 1793 1925 1926
f 1793 1926 1794
f 1794 1926 1927
f 1794 1927 1795
f 1795 1927 1928
f 1795 1928 1929
f 1795 1929 1930
f 1795 1930 1796
f 1796 1930 1931
f 1796 1931 1932
f 1796 1932 1797
f 1797 1932 1798
f 1798 1932 1810
f 1798 1810 1799
f 1799 1810 1806
f 1799 1807 1800
f 1800 1802 1801
f 1803 1830 1829
f 1803 1829 1805
f 1803 1805 1804
f 1803 1820 1933
f 1803 1933 1934
f 1803 1934 1935
f 1803 1935 1830
f 1808 1810 1936
f 1808 1936 1937
f 1808 1937 1809
f 1809 1937 1938
f 1809 1938 1811
f 1810 1939 1940
f 1810 1940 1936
f 1810 1932 1939
f 1811 1938 1941
f 1811 1941 1812
f 1812 1941 1942
f 1812 1942 1943
f 1812 1943 1944
f 1812 1944 1813
f 1814 1945 1946
f 1815 1946 1947
f 1815 1947 1821
f 1815 1821 1816
f 1816 1821 1817
f 1818 1826 1819
f 1819 1948 1820
f 1819 1826 1825
f 1819 1825 1949
f 1819 1949 1950
f 1819 1950 1948
f 1820 1948 1951
f 1820 1951 1952
f 1820 1952 1953
f 1820 1953 1933
f 1821 1947 1822
f 1822 1954 1955
f 1822 1955 1956
f 1822 1956 1957
f 1822 1957 1958
f 1822 1958 1959
f 1822 1959 1823
f 1822 1947 1946
f 1822 1946 1954
f 1823 1959 1824
f 1824 1949 1825
f 1824 1959 1949
f 1827 1834 1965
f 1827 1965 1960
f 1828 1960 1835
f 1830 1832 1831
f 1830 1935 1934
f 1830 1934 1961
f 1830 1961 1962
f 1830 1962 1832
f 1832 1962 1833
f 1833 1962 1961
f 1833 1961 1963
f 1833 1963 1964
f 1833 1964 1834
f 1834 1964 2086
f 1834 2086 1965
f 1835 1960 1837
f 1835 1837 1836
f 1837 1960 1838
f 1838 1960 1839
f 1839 1960 1965
f 1839 1965 1966
f 1839 1966 1967
f 1839 1967 1840
f 1840 1967 1842
f 1840 1842 1841
f 1842 1967 1968
f 1842 1968 1969
f 1842 1969 1863
f 1844 1846 1845
f 1845 1846 1899
f 1845 1899 1898
f 1846 1857 1983
f 1846 1983 1899
f 1848 1862 1850
f 1849 1852 1974
f 1849 1974 1858
f 1850 1862 1970
f 1850 1970 1851
f 1851 1970 1971
f 1851 1971 1972
f 1851 1972 1973
f 1851 1973 1852
f 1852 1973 1974
f 1853 1975 1855
f 1853 1860 1976
f 1853 1976 1977
f 1853 1977 1975
f 1854 1978 1856
f 1854 1855 1979
f 1854 1979 2093
f 1854 2093 1978
f 1855 1975 1979
f 1856 1978 1980
f 1856 1980 1981
f 1856 1981 1982
f 1856 1982 1857
f 1857 1982 1983
f 1858 1974 1859
f 1859 1974 1984
f 1859 1984 1860
f 1860 1985 1986
f 1860 1986 1987
f 1860 1987 2103
f 1860 2103 1988
f 1860 1988 1977
f 1860 1977 1976
f 1860 1984 1985
f 1863 1969 1864
f 1864 1969 1865
f 1865 1968 1989
f 1865 1989 1866
f 1865 1969 1968
f 1866 1989 1990
f 1866 1990 1991
f 1866 1991 1992
f 1866 1992 1993
f 1866 1993 1994
f 1866 1994 1867
f 1867 1994 1868
f 1868 1994 1869
f 1869 1994 1995
f 1869 1995 1996
f 1869 1996 1870
f 1870 1996 1997
f 1870 1997 1871
f 1871 1997 1998
f 1871 1998 1999
f 1871 1999 2000
f 1871 2000 2001
f 1871 2001 1877
f 1871 1877 1872
f 1872 1877 1873
f 1875 1879 1876
f 1876 1879 1893
f 1877 2001 2000
f 1877 2000 1878
f 1878 2000 2002
f 1878 2002 1879
f 1879 2002 2003
f 1879 2003 2004
f 1879 2004 1893
f 1880 1883 1896
f 1880 1896 2005
f 1880 2005 2006
f 1880 2006 1881
f 1881 2006 1882
f 1882 2006 2007
f 1882 2007 2008
f 1882 2008 2009
f 1882 2009 1886
f 1882 1886 1884
f 1886 2009 1887
f 1887 2010 1888
f 1887 2009 2010
f 1888 2010 2011
f 1888 2011 1890
f 1890 2012 2013
f 1890 2013 1972
f 1890 1972 1971
f 1890 1971 1891
f 1890 2011 2012
f 1891 1971 1970
f 1893 2004 2014
f 1893 2014 2015
f 1893 2015 1894
f 1894 2015 1895
f 1895 2015 2016
f 1895 2016 1896
f 1896 2016 2017
f 1896 2017 2119
f 1896 2119 2005
f 1899 1983 2018
f 1899 2018 2019
f 1899 2019 2020
f 1899 2020 2021
f 1899 2021 1900
f 1900 2021 1901
f 1901 2021 1906
f 1902 1905 1903
f 1903 1905 2023
f 1903 2023 2024
f 1903 2024 2022
f 1904 2025 1905
f 1905 2025 2133
f 1905 2133 2251
f 1905 2251 2362
f 1905 2362 2486
f 1905 2486 2614
f 1905 2614 2760
f 1905 2760 2911
f 1905 2911 3055
f 1905 3055 3217
f 1905 3217 3386
f 1905 3386 3561
f 1905 3561 3729
f 1905 3729 3889
f 1905 3889 4029
f 1905 4029 4148
f 1905 4148 4249
f 1905 4249 4325
f 1905 4325 4324
f 1905 4324 4383
f 1905 4383 4429
f 1905 4429 4466
f 1905 4466 4493
f 1905 4493 4511
f 1905 4511 4517
f 1905 4517 4514
f 1905 4514 4499
f 1905 4499 4474
f 1905 4474 4436
f 1905 4436 4393
f 1905 4393 4392
f 1905 4392 4391
f 1905 4391 4389
f 1905 4389 4388
f 1905 4388 4330
f 1905 4330 4260
f 1905 4260 4254
f 1905 4254 4163
f 1905 4163 4038
f 1905 4038 3899
f 1905 3899 3734
f 1905 3734 3568
f 1905 3568 3412
f 1905 3412 3234
f 1905 3234 3233
f 1905 3233 3065
f 1905 3065 2921
f 1905 2921 2914
f 1905 2914 2763
f 1905 2763 2617
f 1905 2617 2489
f 1905 2489 2365
f 1905 2365 2254
f 1905 2254 2136
f 1905 2136 2029
f 1905 2029 1908
f 1905 1908 2028
f 1905 2028 2027
f 1905 2027 2135
f 1905 2135 2253
f 1905 2253 2364
f 1905 2364 2488
f 1905 2488 2616
f 1905 2616 2762
f 1905 2762 2913
f 1905 2913 2912
f 1905 2912 2893
f 1905 2893 2892
f 1905 2892 2891
f 1905 2891 2742
f 1905 2742 2600
f 1905 2600 2472
f 1905 2472 2358
f 1905 2358 2249
f 1905 2249 2132
f 1905 2132 2024
f 1905 2024 2023
f 1907 2026 2027
f 1907 2027 2028
f 1907 2028 1908
f 1910 2030 2031
f 1910 2031 2032
f 1910 2032 1911
f 1911 2032 1912
f 1912 2032 2033
f 1912 2033 2034
f 1912 2034 1913
f 1913 2034 2035
f 1913 2035 1914
f 1914 2035 2033
f 1914 2033 2036
f 1914 2036 1915
f 1915 2036 2033
f 1915 2033 2142
f 1915 2142 2037
f 1915 2037 2038
f 1915 2038 1916
f 1916 2038 2039
f 1916 2039 1917
f 1917 2039 2040
f 1917 2040 1918
f 1918 2040 2041
f 1919 2041 1920
f 1920 2041 1921
f 1921 1923 1922
f 1921 2041 2042
f 1921 2042 2043
f 1921 2043 2044
f 1921 2044 2045
f 1921 2045 2046
f 1921 2046 2047
f 1921 2047 2048
f 1921 2048 1923
f 1923 2048 2049
f 1923 2049 1924
f 1924 2050 1925
f 1924 2049 2050
f 1925 2050 2051
f 1925 2051 1926
f 1926 2051 2052
f 1926 2052 1927
f 1927 2052 1928
f 1928 2052 2053
f 1928 2053 1929
f 1929 2053 2054
f 1929 2054 2055
f 1929 2055 1940
f 1929 1940 1939
f 1929 1939 2056
f 1929 2056 1931
f 1929 1931 1930
f 1931 2056 1939
f 1931 1939 1932
f 1933 1953 1934
f 1934 1953 2057
f 1934 2057 2058
f 1934 2058 2059
f 1934 2059 2060
f 1934 2060 2061
f 1934 2061 1961
f 1936 1940 2062
f 1936 2062 2063
f 1936 2063 2064
f 1936 2064 1937
f 1937 2064 1938
f 1938 2064 1941
f 1940 2055 2062
f 1941 2064 2065
f 1941 2065 1942
f 1942 2065 2066
f 1942 2066 1943
f 1943 2066 2067
f 1943 2067 2068
f 1943 2068 1944
f 1944 2068 2069
f 1944 2069 1945
f 1945 2069 1946
f 1946 2068 2070
f 1946 2070 1955
f 1946 1955 1954
f 1946 2069 2068
f 1948 1950 1951
f 1949 1959 1950
f 1950 1959 1951
f 1951 1959 1958
f 1951 1958 2071
f 1951 2071 2072
f 1951 2072 2073
f 1951 2073 2057
f 1951 2057 1953
f 1951 1953 1952
f 1955 2074 2075
f 1955 2075 1956
f 1955 2070 2067
f 1955 2067 2074
f 1956 2075 2076
f 1956 2076 2077
f 1956 2077 2078
f 1956 2078 2079
f 1956 2079 2080
f 1956 2080 1957
f 1957 2071 1958
f 1957 2080 2071
f 1961 2061 2060
f 1961 2060 2081
f 1961 2081 1963
f 1963 2081 2082
f 1963 2082 2083
f 1963 2083 2084
f 1963 2084 2085
f 1963 2085 1964
f 1964 2085 2192
f 1964 2192 2086
f 1965 2086 1966
f 1966 2086 2087
f 1966 2087 2088
f 1966 2088 2089
f 1966 2089 1967
f 1967 2089 2090
f 1967 2090 2091
f 1967 2091 1991
f 1967 1991 1989
f 1967 1989 1968
f 1972 2013 1973
f 1973 2013 1985
f 1973 1985 1974
f 1974 1985 1984
f 1975 1977 2092
f 1975 2092 1979
f 1977 1988 2104
f 1977 2104 2092
f 1978 2093 1980
f 1979 2092 2094
f 1979 2094 2093
f 1980 2095 2096
f 1980 2096 1981
f 1980 2093 2097
f 1980 2097 2095
f 1981 2096 1982
f 1982 2096 1983
f 1983 2096 2018
f 1985 2013 2098
f 1985 2098 2099
f 1985 2099 1986
f 1986 2099 2101
f 1986 2101 2100
f 1986 2100 1987
f 1987 2100 2101
f 1987 2101 2102
f 1987 2102 2103
f 1988 2103 2104
f 1989 1991 1990
f 1991 2105 2106
f 1991 2106 2107
f 1991 2107 1992
f 1991 2091 2105
f 1992 2107 2108
f 1992 2108 1995
f 1992 1995 2109
f 1992 2109 1993
f 1993 2109 1994
f 1994 2109 1995
f 1995 2108 1996
f 1996 2108 1997
f 1997 2108 1998
f 1998 2108 2110
f 1998 2110 1999
f 1999 2111 2000
f 1999 2110 2112
f 1999 2112 2111
f 2000 2113 2114
f 2000 2114 2115
f 2000 2115 2116
f 2000 2116 2003
f 2000 2003 2002
f 2000 2111 2117
f 2000 2117 2118
f 2000 2118 2113
f 2003 2116 2004
f 2004 2116 2014
f 2005 2119 2120
f 2005 2120 2006
f 2006 2120 2007
f 2007 2121 2008
f 2007 2120 2122
f 2007 2122 2123
f 2007 2123 2121
f 2008 2124 2125
f 2008 2125 2009
f 2008 2121 2126
f 2008 2126 2124
f 2009 2125 2010
f 2010 2125 2011
f 2011 2125 2127
f 2011 2127 2098
f 2011 2098 2013
f 2011 2013 2012
f 2014 2116 2128
f 2014 2128 2015
f 2015 2128 2016
f 2016 2128 2129
f 2016 2129 2017
f 2017 2129 2130
f 2017 2130 2119
f 2022 2024 2132
f 2022 2132 2131
f 2026 2134 2027
f 2027 2134 2135
f 2029 2136 2137
f 2030 2138 2139
f 2030 2139 2031
f 2031 2139 2140
f 2031 2140 2032
f 2032 2140 2262
f 2032 2262 2141
f 2032 2141 2033
f 2033 2141 2262
f 2033 2262 2142
f 2033 2035 2034
f 2037 2142 2143
f 2037 2143 2144
f 2037 2144 2145
f 2037 2145 2038
f 2038 2145 2039
f 2039 2145 2040
f 2040 2145 2042
f 2040 2042 2041
f 2042 2146 2147
f 2042 2147 2043
f 2042 2145 2144
f 2042 2144 2146
f 2043 2147 2044
f 2044 2148 2270
f 2044 2270 2149
f 2044 2149 2045
f 2044 2147 2148
f 2045 2149 2150
f 2045 2150 2046
f 2046 2150 2047
f 2047 2150 2049
f 2047 2049 2048
f 2049 2150 2151
f 2049 2151 2152
f 2049 2152 2153
f 2049 2153 2050
f 2050 2153 2051
f 2051 2153 2152
f 2051 2152 2151
f 2051 2151 2154
f 2051 2154 2155
f 2051 2155 2156
f 2051 2156 2052
f 2052 2156 2053
f 2053 2156 2054
f 2054 2157 2158
f 2054 2158 2055
f 2054 2156 2155
f 2054 2155 2157
f 2055 2158 2159
f 2055 2159 2160
f 2055 2160 2161
f 2055 2161 2062
f 2057 2073 2162
f 2057 2162 2163
f 2057 2163 2058
f 2058 2164 2165
f 2058 2165 2166
f 2058 2166 2167
f 2058 2167 2168
f 2058 2168 2169
f 2058 2169 2059
f 2058 2163 2164
f 2059 2169 2081
f 2059 2081 2060
f 2062 2161 2170
f 2062 2170 2064
f 2062 2064 2063
f 2064 2170 2171
f 2064 2171 2065
f 2065 2172 2066
f 2065 2171 2173
f 2065 2173 2172
f 2066 2172 2174
f 2066 2174 2067
f 2067 2070 2175
f 2067 2175 2068
f 2067 2174 2176
f 2067 2176 2074
f 2068 2175 2070
f 2071 2080 2177
f 2071 2177 2072
f 2072 2177 2178
f 2072 2178 2179
f 2072 2179 2180
f 2072 2180 2181
f 2072 2181 2162
f 2072 2162 2073
f 2074 2176 2182
f 2074 2182 2076
f 2074 2076 2075
f 2076 2182 2183
f 2076 2183 2184
f 2076 2184 2077
f 2077 2184 2185
f 2077 2185 2079
f 2077 2079 2078
f 2079 2185 2186
f 2079 2186 2187
f 2079 2187 2188
f 2079 2188 2189
f 2079 2189 2190
f 2079 2190 2080
f 2080 2190 2177
f 2081 2169 2168
f 2081 2168 2082
f 2082 2168 2083
f 2083 2168 2084
f 2084 2168 2191
f 2084 2191 2085
f 2085 2191 2193
f 2085 2193 2192
f 2086 2192 2087
f 2087 2192 2193
f 2087 2193 2194
f 2087 2194 2088
f 2088 2194 2089
f 2089 2194 2090
f 2090 2194 2195
f 2090 2195 2105
f 2090 2105 2091
f 2092 2097 2094
f 2092 2104 2196
f 2092 2196 2197
f 2092 2197 2097
f 2093 2094 2097
f 2095 2097 2198
f 2097 2197 2199
f 2097 2199 2200
f 2097 2200 2201
f 2097 2201 2202
f 2097 2202 2198
f 2098 2127 2203
f 2098 2203 2099
f 2099 2203 2101
f 2101 2203 2127
f 2101 2127 2204
f 2101 2204 2205
f 2101 2205 2102
f 2102 2205 2206
f 2102 2206 2207
f 2102 2207 2103
f 2103 2208 2197
f 2103 2197 2209
f 2103 2209 2196
f 2103 2196 2104
f 2103 2207 2210
f 2103 2210 2211
f 2103 2211 2323
f 2103 2323 2208
f 2105 2195 2212
f 2105 2212 2213
f 2105 2213 2106
f 2106 2214 2108
f 2106 2108 2107
f 2106 2213 2215
f 2106 2215 2216
f 2106 2216 2214
f 2108 2214 2217
f 2108 2217 2110
f 2110 2217 2218
f 2110 2218 2112
f 2111 2112 2219
f 2111 2219 2220
f 2111 2220 2117
f 2112 2218 2221
f 2112 2221 2222
f 2112 2222 2223
f 2112 2223 2220
f 2112 2220 2219
f 2113 2224 2114
f 2113 2118 2225
f 2113 2225 2226
f 2113 2226 2227
f 2113 2227 2224
f 2114 2224 2228
f 2114 2228 2229
f 2114 2229 2230
f 2114 2230 2116
f 2114 2116 2115
f 2116 2230 2231
f 2116 2231 2128
f 2117 2220 2232
f 2117 2232 2233
f 2117 2233 2118
f 2118 2233 2234
f 2118 2234 2225
f 2119 2130 2245
f 2119 2245 2235
f 2119 2235 2120
f 2120 2235 2122
f 2121 2123 2126
f 2122 2235 2236
f 2122 2236 2237
f 2122 2237 2238
f 2122 2238 2239
f 2122 2239 2240
f 2122 2240 2123
f 2123 2240 2241
f 2123 2241 2126
f 2124 2204 2127
f 2124 2127 2125
f 2124 2126 2242
f 2124 2242 2243
f 2124 2243 2204
f 2126 2241 2242
f 2128 2231 2129
f 2129 2244 2245
f 2129 2245 2130
f 2129 2231 2246
f 2129 2246 2247
f 2129 2247 2244
f 2131 2132 2248
f 2132 2249 2248
f 2133 2250 2360
f 2133 2360 2251
f 2134 2252 2253
f 2134 2253 2135
f 2136 2254 2255
f 2136 2255 2256
f 2136 2256 2257
f 2136 2257 2258
f 2136 2258 2137
f 2137 2258 2259
f 2138 2260 2139
f 2139 2260 2261
f 2139 2261 2140
f 2140 2261 2262
f 2142 2262 2263
f 2142 2263 2264
f 2142 2264 2143
f 2143 2264 2382
f 2143 2382 2265
f 2143 2265 2144
f 2144 2265 2146
f 2146 2266 2267
f 2146 2267 2147
f 2146 2265 2266
f 2147 2267 2268
f 2147 2268 2148
f 2148 2268 2269
f 2148 2269 2270
f 2149 2270 2271
f 2149 2271 2151
f 2149 2151 2150
f 2151 2271 2154
f 2154 2271 2157
f 2154 2157 2155
f 2157 2271 2272
f 2157 2272 2158
f 2158 2272 2273
f 2158 2273 2159
f 2159 2273 2274
f 2159 2274 2275
f 2159 2275 2160
f 2160 2275 2276
f 2160 2276 2277
f 2160 2277 2278
f 2160 2278 2173
f 2160 2173 2170
f 2160 2170 2161
f 2162 2181 2279
f 2162 2279 2280
f 2162 2280 2281
f 2162 2281 2163
f 2163 2281 2282
f 2163 2282 2164
f 2164 2283 2165
f 2164 2282 2284
f 2164 2284 2285
f 2164 2285 2286
f 2164 2286 2283
f 2165 2283 2287
f 2165 2287 2166
f 2166 2287 2288
f 2166 2288 2167
f 2167 2288 2191
f 2167 2191 2168
f 2170 2173 2171
f 2172 2289 2290
f 2172 2290 2291
f 2172 2291 2292
f 2172 2292 2174
f 2172 2173 2278
f 2172 2278 2289
f 2174 2292 2293
f 2174 2293 2176
f 2176 2293 2294
f 2176 2294 2182
f 2177 2190 2189
f 2177 2189 2178
f 2178 2189 2179
f 2179 2189 2295
f 2179 2295 2296
f 2179 2296 2297
f 2179 2297 2279
f 2179 2279 2180
f 2180 2279 2181
f 2182 2298 2299
f 2182 2299 2183
f 2182 2294 2298
f 2183 2299 2300
f 2183 2300 2301
f 2183 2301 2184
f 2184 2301 2302
f 2184 2302 2186
f 2184 2186 2185
f 2186 2302 2187
f 2187 2302 2303
f 2187 2303 2304
f 2187 2304 2305
f 2187 2305 2306
f 2187 2306 2307
f 2187 2307 2308
f 2187 2308 2188
f 2188 2308 2309
f 2188 2309 2189
f 2189 2309 2295
f 2191 2288 2310
f 2191 2310 2193
f 2193 2310 2195
f 2193 2195 2194
f 2195 2310 2212
f 2196 2209 2197
f 2197 2311 2199
f 2197 2208 2312
f 2197 2312 2313
f 2197 2313 2314
f 2197 2314 2311
f 2199 2311 2315
f 2199 2315 2316
f 2199 2316 2317
f 2199 2317 2200
f 2204 2243 2205
f 2205 2243 2318
f 2205 2318 2206
f 2206 2318 2319
f 2206 2319 2320
f 2206 2320 2207
f 2207 2320 2321
f 2207 2321 2322
f 2207 2322 2210
f 2208 2323 2312
f 2210 2322 2324
f 2210 2324 2211
f 2211 2324 2323
f 2212 2310 2325
f 2212 2325 2326
f 2212 2326 2327
f 2212 2327 2215
f 2212 2215 2213
f 2214 2216 2328
f 2214 2328 2329
f 2214 2329 2217
f 2215 2327 2330
f 2215 2330 2331
f 2215 2331 2216
f 2216 2331 2332
f 2216 2332 2333
f 2216 2333 2334
f 2216 2334 2335
f 2216 2335 2328
f 2217 2329 2336
f 2217 2336 2221
f 2217 2221 2218
f 2220 2223 2222
f 2220 2222 2337
f 2220 2337 2338
f 2220 2338 2339
f 2220 2339 2340
f 2220 2340 2232
f 2221 2336 2222
f 2222 2341 2342
f 2222 2342 2337
f 2222 2336 2341
f 2224 2343 2229
f 2224 2229 2228
f 2224 2227 2344
f 2224 2344 2343
f 2225 2234 2345
f 2225 2345 2226
f 2226 2345 2346
f 2226 2346 2227
f 2227 2346 2464
f 2227 2464 2347
f 2227 2347 2343
f 2227 2343 2344
f 2229 2348 2231
f 2229 2231 2230
f 2229 2343 2348
f 2231 2348 2246
f 2232 2340 2233
f 2233 2340 2234
f 2234 2340 2349
f 2234 2349 2345
f 2235 2245 2244
f 2235 2244 2247
f 2235 2247 2236
f 2236 2247 2237
f 2237 2247 2348
f 2237 2348 2350
f 2237 2350 2459
f 2237 2459 2351
f 2237 2351 2352
f 2237 2352 2238
f 2238 2352 2239
f 2239 2352 2353
f 2239 2353 2354
f 2239 2354 2355
f 2239 2355 2240
f 2240 2355 2241
f 2241 2355 2243
f 2241 2243 2242
f 2243 2355 2356
f 2243 2356 2319
f 2243 2319 2318
f 2246 2348 2247
f 2248 2249 2357
f 2249 2358 2357
f 2250 2359 2360
f 2250 2361 2359
f 2251 2360 2362
f 2252 2363 2364
f 2252 2364 2253
f 2254 2365 2255
f 2255 2365 2366
f 2255 2366 2367
f 2255 2367 2368
f 2255 2368 2369
f 2255 2369 2370
f 2255 2370 2256
f 2256 2370 2257
f 2257 2370 2497
f 2257 2497 2371
f 2257 2371 2372
f 2257 2372 2259
f 2257 2259 2258
f 2259 2372 2373
f 2259 2373 2374
f 2259 2374 2375
f 2259 2375 2376
f 2260 2377 2261
f 2261 2377 2378
f 2261 2378 2379
f 2261 2379 2380
f 2261 2380 2381
f 2261 2381 2263
f 2261 2263 2262
f 2263 2381 2382
f 2263 2382 2264
f 2265 2382 2266
f 2266 2382 2381
f 2266 2381 2383
f 2266 2383 2384
f 2266 2384 2385
f 2266 2385 2267
f 2267 2385 2386
f 2267 2386 2268
f 2268 2386 2269
f 2269 2271 2270
f 2269 2386 2387
f 2269 2387 2388
f 2269 2388 2389
f 2269 2389 2390
f 2269 2390 2271
f 2271 2390 2391
f 2271 2391 2272
f 2272 2391 2392
f 2272 2392 2393
f 2272 2393 2273
f 2273 2393 2274
f 2274 2393 2275
f 2275 2393 2276
f 2276 2394 2395
f 2276 2395 2277
f 2276 2393 2394
f 2277 2395 2396
f 2277 2396 2278
f 2278 2396 2397
f 2278 2397 2289
f 2279 2297 2398
f 2279 2398 2399
f 2279 2399 2280
f 2280 2400 2281
f 2280 2399 2401
f 2280 2401 2400
f 2281 2400 2401
f 2281 2401 2402
f 2281 2402 2282
f 2282 2402 2284
f 2283 2326 2325
f 2283 2325 2287
f 2283 2286 2408
f 2283 2408 2326
f 2284 2402 2403
f 2284 2403 2404
f 2284 2404 2405
f 2284 2405 2406
f 2284 2406 2285
f 2285 2406 2446
f 2285 2446 2407
f 2285 2407 2408
f 2285 2408 2286
f 2287 2325 2310
f 2287 2310 2288
f 2289 2397 2290
f 2290 2409 2291
f 2290 2397 2521
f 2290 2521 2409
f 2291 2410 2292
f 2291 2409 2411
f 2291 2411 2412
f 2291 2412 2410
f 2292 2410 2293
f 2293 2410 2413
f 2293 2413 2294
f 2294 2413 2417
f 2294 2417 2298
f 2295 2309 2296
f 2296 2414 2297
f 2296 2309 2415
f 2296 2415 2416
f 2296 2416 2414
f 2297 2414 2398
f 2298 2417 2418
f 2298 2418 2299
f 2299 2418 2300
f 2300 2419 2304
f 2300 2304 2303
f 2300 2303 2302
f 2300 2302 2301
f 2300 2418 2419
f 2304 2419 2420
f 2304 2420 2421
f 2304 2421 2422
f 2304 2422 2423
f 2304 2423 2424
f 2304 2424 2427
f 2304 2427 2425
f 2304 2425 2306
f 2304 2306 2305
f 2306 2426 2307
f 2306 2425 2427
f 2306 2427 2424
f 2306 2424 2428
f 2306 2428 2429
f 2306 2429 2426
f 2307 2430 2308
f 2307 2426 2429
f 2307 2429 2431
f 2307 2431 2432
f 2307 2432 2433
f 2307 2433 2434
f 2307 2434 2430
f 2308 2430 2309
f 2309 2430 2435
f 2309 2435 2436
f 2309 2436 2437
f 2309 2437 2415
f 2311 2314 2315
f 2312 2323 2313
f 2313 2323 2314
f 2314 2323 2444
f 2314 2444 2438
f 2314 2438 2439
f 2314 2439 2440
f 2314 2440 2316
f 2314 2316 2315
f 2316 2440 2441
f 2316 2441 2317
f 2319 2356 2442
f 2319 2442 2322
f 2319 2322 2321
f 2319 2321 2320
f 2322 2442 2324
f 2323 2324 2443
f 2323 2443 2444
f 2324 2442 2445
f 2324 2445 2443
f 2326 2408 2330
f 2326 2330 2327
f 2328 2335 2329
f 2329 2335 2336
f 2330 2408 2407
f 2330 2407 2446
f 2330 2446 2447
f 2330 2447 2448
f 2330 2448 2449
f 2330 2449 2331
f 2331 2449 2450
f 2331 2450 2451
f 2331 2451 2332
f 2332 2451 2333
f 2333 2451 2452
f 2333 2452 2342
f 2333 2342 2335
f 2333 2335 2334
f 2335 2342 2341
f 2335 2341 2336
f 2337 2342 2453
f 2337 2453 2454
f 2337 2454 2338
f 2338 2455 2456
f 2338 2456 2339
f 2338 2454 2457
f 2338 2457 2455
f 2339 2456 2340
f 2340 2456 2349
f 2342 2452 2458
f 2342 2458 2453
f 2343 2459 2350
f 2343 2350 2348
f 2343 2347 2460
f 2343 2460 2459
f 2345 2349 2456
f 2345 2456 2461
f 2345 2461 2462
f 2345 2462 2346
f 2346 2462 2463
f 2346 2463 2464
f 2347 2464 2587
f 2347 2587 2460
f 2351 2459 2465
f 2351 2465 2466
f 2351 2466 2352
f 2352 2466 2353
f 2353 2467 2468
f 2353 2468 2354
f 2353 2466 2469
f 2353 2469 2470
f 2353 2470 2467
f 2354 2356 2355
f 2354 2468 2356
f 2356 2468 2467
f 2356 2467 2471
f 2356 2471 2445
f 2356 2445 2442
f 2357 2358 2472
f 2357 2472 2473
f 2359 2474 2484
f 2359 2484 2475
f 2359 2475 2476
f 2359 2476 2477
f 2359 2477 2360
f 2359 2361 2478
f 2359 2478 2479
f 2359 2479 2480
f 2359 2480 2481
f 2359 2481 2609
f 2359 2609 2482
f 2359 2482 2604
f 2359 2604 2474
f 2360 2477 2362
f 2361 2483 2479
f 2361 2479 2478
f 2362 2477 2476
f 2362 2476 2475
f 2362 2475 2484
f 2362 2484 2485
f 2362 2485 2486
f 2363 2487 2488
f 2363 2488 2364
f 2365 2489 2366
f 2366 2489 2490
f 2366 2490 2367
f 2367 2490 2491
f 2367 2491 2492
f 2367 2492 2493
f 2367 2493 2494
f 2367 2494 2369
f 2367 2369 2368
f 2369 2494 2495
f 2369 2495 2496
f 2369 2496 2497
f 2369 2497 2370
f 2371 2497 2498
f 2371 2498 2499
f 2371 2499 2373
f 2371 2373 2372
f 2373 2499 2500
f 2373 2500 2375
f 2373 2375 2374
f 2375 2500 2501
f 2375 2501 2376
f 2376 2501 2502
f 2378 2503 2379
f 2379 2504 2380
f 2379 2503 2505
f 2379 2505 2504
f 2380 2504 2506
f 2380 2506 2381
f 2381 2506 2507
f 2381 2507 2383
f 2383 2507 2508
f 2383 2508 2384
f 2384 2508 2387
f 2384 2387 2385
f 2385 2387 2386
f 2387 2508 2509
f 2387 2509 2510
f 2387 2510 2511
f 2387 2511 2512
f 2387 2512 2388
f 2388 2512 2389
f 2389 2512 2511
f 2389 2511 2513
f 2389 2513 2514
f 2389 2514 2515
f 2389 2515 2390
f 2390 2515 2391
f 2391 2515 2392
f 2392 2515 2516
f 2392 2516 2393
f 2393 2516 2517
f 2393 2517 2394
f 2394 2517 2518
f 2394 2518 2519
f 2394 2519 2520
f 2394 2520 2395
f 2395 2397 2396
f 2395 2520 2397
f 2397 2520 2521
f 2398 2522 2403
f 2398 2403 2399
f 2398 2414 2523
f 2398 2523 2524
f 2398 2524 2525
f 2398 2525 2526
f 2398 2526 2522
f 2399 2403 2401
f 2401 2403 2402
f 2403 2527 2528
f 2403 2528 2404
f 2403 2522 2526
f 2403 2526 2529
f 2403 2529 2530
f 2403 2530 2527
f 2404 2528 2405
f 2405 2528 2531
f 2405 2531 2570
f 2405 2570 2447
f 2405 2447 2446
f 2405 2446 2406
f 2409 2521 2532
f 2409 2532 2411
f 2410 2412 2417
f 2410 2417 2413
f 2411 2532 2533
f 2411 2533 2534
f 2411 2534 2535
f 2411 2535 2536
f 2411 2536 2537
f 2411 2537 2538
f 2411 2538 2539
f 2411 2539 2419
f 2411 2419 2540
f 2411 2540 2418
f 2411 2418 2412
f 2412 2418 2417
f 2414 2416 2523
f 2415 2437 2436
f 2415 2436 2541
f 2415 2541 2542
f 2415 2542 2416
f 2416 2542 2543
f 2416 2543 2544
f 2416 2544 2545
f 2416 2545 2546
f 2416 2546 2523
f 2418 2540 2419
f 2419 2539 2420
f 2420 2539 2547
f 2420 2547 2548
f 2420 2548 2422
f 2420 2422 2421
f 2422 2548 2549
f 2422 2549 2423
f 2423 2549 2424
f 2424 2549 2550
f 2424 2550 2551
f 2424 2551 2552
f 2424 2552 2553
f 2424 2553 2554
f 2424 2554 2555
f 2424 2555 2556
f 2424 2556 2557
f 2424 2557 2429
f 2424 2429 2558
f 2424 2558 2428
f 2428 2558 2429
f 2429 2557 2559
f 2429 2559 2432
f 2429 2432 2431
f 2430 2434 2433
f 2430 2433 2560
f 2430 2560 2435
f 2432 2559 2560
f 2432 2560 2433
f 2435 2560 2436
f 2436 2560 2561
f 2436 2561 2543
f 2436 2543 2542
f 2436 2542 2541
f 2438 2444 2562
f 2438 2562 2563
f 2438 2563 2439
f 2439 2563 2564
f 2439 2564 2440
f 2440 2564 2441
f 2443 2445 2565
f 2443 2565 2697
f 2443 2697 2566
f 2443 2566 2444
f 2444 2566 2567
f 2444 2567 2562
f 2445 2471 2568
f 2445 2568 2569
f 2445 2569 2565
f 2447 2570 2571
f 2447 2571 2572
f 2447 2572 2448
f 2448 2572 2449
f 2449 2572 2571
f 2449 2571 2573
f 2449 2573 2451
f 2449 2451 2450
f 2451 2573 2574
f 2451 2574 2452
f 2452 2574 2575
f 2452 2575 2458
f 2453 2458 2454
f 2454 2458 2576
f 2454 2576 2577
f 2454 2577 2578
f 2454 2578 2457
f 2455 2457 2579
f 2455 2579 2456
f 2456 2580 2581
f 2456 2581 2461
f 2456 2579 2582
f 2456 2582 2583
f 2456 2583 2580
f 2457 2578 2584
f 2457 2584 2579
f 2458 2575 2585
f 2458 2585 2576
f 2459 2460 2586
f 2459 2586 2465
f 2460 2587 2586
f 2461 2588 2589
f 2461 2589 2462
f 2461 2581 2580
f 2461 2580 2590
f 2461 2590 2591
f 2461 2591 2592
f 2461 2592 2588
f 2462 2593 2594
f 2462 2594 2587
f 2462 2587 2463
f 2462 2589 2595
f 2462 2595 2593
f 2463 2587 2464
f 2465 2586 2596
f 2465 2596 2466
f 2466 2596 2469
f 2467 2470 2568
f 2467 2568 2471
f 2469 2596 2597
f 2469 2597 2470
f 2470 2597 2598
f 2470 2598 2599
f 2470 2599 2568
f 2472 2600 2473
f 2473 2601 2602
f 2473 2600 2601
f 2474 2603 2611
f 2474 2611 2484
f 2474 2604 2603
f 2479 2483 2605
f 2479 2605 2480
f 2480 2605 2749
f 2480 2749 2606
f 2480 2606 2607
f 2480 2607 2608
f 2480 2608 2609
f 2480 2609 2481
f 2482 2609 2747
f 2482 2747 2604
f 2483 2610 2605
f 2484 2611 2485
f 2485 2611 2612
f 2485 2612 2613
f 2485 2613 2486
f 2486 2613 2614
f 2487 2615 2488
f 2488 2615 2616
f 2489 2617 2618
f 2489 2618 2490
f 2490 2618 2491
f 2491 2619 2620
f 2491 2620 2492
f 2491 2618 2764
f 2491 2764 2619
f 2492 2620 2493
f 2493 2620 2621
f 2493 2621 2622
f 2493 2622 2494
f 2494 2622 2623
f 2494 2623 2624
f 2494 2624 2495
f 2495 2624 2496
f 2496 2624 2498
f 2496 2498 2497
f 2498 2624 2499
f 2499 2624 2776
f 2499 2776 2625
f 2499 2625 2500
f 2500 2625 2626
f 2500 2626 2627
f 2500 2627 2628
f 2500 2628 2501
f 2501 2628 2629
f 2501 2629 2630
f 2501 2630 2502
f 2503 2631 2505
f 2504 2505 2632
f 2504 2632 2633
f 2504 2633 2509
f 2504 2509 2506
f 2505 2631 2634
f 2505 2634 2635
f 2505 2635 2632
f 2506 2509 2507
f 2507 2509 2508
f 2509 2633 2638
f 2509 2638 2636
f 2509 2636 2510
f 2510 2636 2513
f 2510 2513 2511
f 2513 2635 2637
f 2513 2637 2639
f 2513 2639 2514
f 2513 2636 2638
f 2513 2638 2635
f 2514 2639 2640
f 2514 2640 2515
f 2515 2640 2517
f 2515 2517 2516
f 2517 2640 2641
f 2517 2641 2518
f 2518 2641 2642
f 2518 2642 2643
f 2518 2643 2644
f 2518 2644 2519
f 2519 2644 2645
f 2519 2645 2646
f 2519 2646 2520
f 2520 2646 2647
f 2520 2647 2521
f 2521 2647 2534
f 2521 2534 2532
f 2523 2546 2524
f 2524 2546 2648
f 2524 2648 2525
f 2525 2648 2526
f 2526 2648 2649
f 2526 2649 2529
f 2527 2650 2528
f 2527 2530 2651
f 2527 2651 2652
f 2527 2652 2650
f 2528 2650 2653
f 2528 2653 2654
f 2528 2654 2531
f 2529 2649 2530
f 2530 2649 2655
f 2530 2655 2651
f 2531 2654 2700
f 2531 2700 2570
f 2532 2534 2533
f 2534 2656 2657
f 2534 2657 2535
f 2534 2647 2646
f 2534 2646 2656
f 2535 2657 2658
f 2535 2658 2536
f 2536 2658 2537
f 2537 2658 2659
f 2537 2659 2660
f 2537 2660 2661
f 2537 2661 2538
f 2538 2661 2662
f 2538 2662 2663
f 2538 2663 2547
f 2538 2547 2539
f 2543 2561 2664
f 2543 2664 2544
f 2544 2664 2665
f 2544 2665 2666
f 2544 2666 2667
f 2544 2667 2668
f 2544 2668 2648
f 2544 2648 2669
f 2544 2669 2545
f 2545 2669 2648
f 2545 2648 2546
f 2547 2663 2548
f 2548 2663 2670
f 2548 2670 2551
f 2548 2551 2671
f 2548 2671 2549
f 2549 2671 2550
f 2550 2671 2551
f 2551 2662 2672
f 2551 2672 2673
f 2551 2673 2674
f 2551 2674 2552
f 2551 2670 2663
f 2551 2663 2662
f 2552 2674 2553
f 2553 2675 2554
f 2553 2674 2675
f 2554 2675 2676
f 2554 2676 2677
f 2554 2677 2678
f 2554 2678 2555
f 2555 2678 2679
f 2555 2679 2680
f 2555 2680 2681
f 2555 2681 2682
f 2555 2682 2683
f 2555 2683 2556
f 2556 2683 2557
f 2557 2560 2559
f 2557 2683 2682
f 2557 2682 2684
f 2557 2684 2685
f 2557 2685 2686
f 2557 2686 2560
f 2560 2666 2665
f 2560 2665 2561
f 2560 2686 2687
f 2560 2687 2688
f 2560 2688 2666
f 2561 2665 2664
f 2562 2567 2563
f 2563 2689 2690
f 2563 2690 2564
f 2563 2567 2691
f 2563 2691 2692
f 2563 2692 2693
f 2563 2693 2689
f 2564 2690 2694
f 2565 2569 2695
f 2565 2695 2696
f 2565 2696 2697
f 2566 2697 2698
f 2566 2698 2567
f 2567 2698 2697
f 2567 2697 2691
f 2568 2599 2699
f 2568 2699 2695
f 2568 2695 2569
f 2570 2700 2701
f 2570 2701 2571
f 2571 2701 2702
f 2571 2702 2573
f 2573 2702 2703
f 2573 2703 2574
f 2574 2703 2704
f 2574 2704 2705
f 2574 2705 2575
f 2575 2705 2706
f 2575 2706 2576
f 2575 2576 2585
f 2576 2706 2707
f 2576 2707 2577
f 2577 2707 2578
f 2578 2707 2708
f 2578 2708 2709
f 2578 2709 2710
f 2578 2710 2711
f 2578 2711 2712
f 2578 2712 2579
f 2578 2579 2584
f 2579 2712 2590
f 2579 2590 2582
f 2580 2583 2590
f 2582 2590 2583
f 2586 2587 2713
f 2586 2713 2596
f 2587 2714 2713
f 2587 2594 2593
f 2587 2593 2715
f 2587 2715 2714
f 2588 2592 2716
f 2588 2716 2589
f 2589 2716 2717
f 2589 2717 2718
f 2589 2718 2595
f 2590 2712 2719
f 2590 2719 2720
f 2590 2720 2592
f 2590 2592 2591
f 2592 2720 2719
f 2592 2719 2721
f 2592 2721 2722
f 2592 2722 2723
f 2592 2723 2724
f 2592 2724 2725
f 2592 2725 2717
f 2592 2717 2726
f 2592 2726 2716
f 2593 2727 2728
f 2593 2728 2715
f 2593 2595 2729
f 2593 2729 2730
f 2593 2730 2731
f 2593 2731 2732
f 2593 2732 2733
f 2593 2733 2727
f 2595 2718 2734
f 2595 2734 2729
f 2596 2713 2714
f 2596 2714 2735
f 2596 2735 2597
f 2597 2735 2598
f 2598 2735 2599
f 2599 2736 2737
f 2599 2737 2699
f 2599 2735 2738
f 2599 2738 2739
f 2599 2739 2740
f 2599 2740 2741
f 2599 2741 2736
f 2600 2742 2602
f 2600 2602 2601
f 2602 2742 2891
f 2602 2891 2743
f 2603 2604 2744
f 2603 2744 2745
f 2603 2745 2746
f 2603 2746 2611
f 2604 2747 2896
f 2604 2896 2744
f 2605 2610 2748
f 2605 2748 2749
f 2606 2749 2750
f 2606 2750 2751
f 2606 2751 2607
f 2607 2751 2752
f 2607 2752 2608
f 2608 2752 2747
f 2608 2747 2609
f 2611 2746 2753
f 2611 2753 2612
f 2612 2753 2613
f 2613 2754 2614
f 2613 2753 2755
f 2613 2755 2756
f 2613 2756 2754
f 2614 2754 2757
f 2614 2757 2758
f 2614 2758 2759
f 2614 2759 2760
f 2615 2761 2616
f 2616 2761 2762
f 2617 2763 2618
f 2618 2763 2764
f 2619 2765 2766
f 2619 2766 2767
f 2619 2767 2768
f 2619 2768 2620
f 2619 2764 2769
f 2619 2769 2770
f 2619 2770 2765
f 2620 2768 2771
f 2620 2771 2621
f 2621 2771 2622
f 2622 2771 2772
f 2622 2772 2773
f 2622 2773 2774
f 2622 2774 2623
f 2623 2774 2775
f 2623 2775 2776
f 2623 2776 2624
f 2625 2776 2626
f 2626 2776 2777
f 2626 2777 2778
f 2626 2778 2627
f 2627 2778 2779
f 2627 2779 2628
f 2628 2779 2780
f 2628 2780 2629
f 2629 2780 2781
f 2629 2781 2630
f 2631 2782 2783
f 2631 2783 2784
f 2631 2784 2634
f 2632 2635 2633
f 2633 2635 2638
f 2634 2784 2635
f 2635 2785 2786
f 2635 2786 2637
f 2635 2784 2783
f 2635 2783 2785
f 2637 2786 2787
f 2637 2787 2639
f 2639 2787 2641
f 2639 2641 2640
f 2641 2787 2788
f 2641 2788 2789
f 2641 2789 2642
f 2642 2789 2643
f 2643 2789 2790
f 2643 2790 2791
f 2643 2791 2644
f 2644 2791 2645
f 2645 2791 2792
f 2645 2792 2793
f 2645 2793 2657
f 2645 2657 2656
f 2645 2656 2646
f 2648 2668 2794
f 2648 2794 2649
f 2649 2794 2795
f 2649 2795 2655
f 2650 2652 2796
f 2650 2796 2653
f 2651 2796 2652
f 2651 2655 2795
f 2651 2795 2796
f 2653 2796 2797
f 2653 2797 2654
f 2654 2797 2848
f 2654 2848 2700
f 2657 2793 2792
f 2657 2792 2798
f 2657 2798 2799
f 2657 2799 2800
f 2657 2800 2658
f 2658 2800 2801
f 2658 2801 2802
f 2658 2802 2659
f 2659 2802 2803
f 2659 2803 2804
f 2659 2804 2672
f 2659 2672 2660
f 2660 2805 2661
f 2660 2672 2805
f 2661 2805 2672
f 2661 2672 2662
f 2666 2688 2806
f 2666 2806 2667
f 2667 2806 2807
f 2667 2807 2808
f 2667 2808 2809
f 2667 2809 2810
f 2667 2810 2668
f 2668 2811 2812
f 2668 2812 2794
f 2668 2810 2813
f 2668 2813 2814
f 2668 2814 2811
f 2672 2804 2815
f 2672 2815 2673
f 2673 2815 2816
f 2673 2816 2817
f 2673 2817 2818
f 2673 2818 2819
f 2673 2819 2820
f 2673 2820 2674
f 2674 2821 2675
f 2674 2820 2821
f 2675 2821 2822
f 2675 2822 2823
f 2675 2823 2676
f 2676 2823 2824
f 2676 2824 2825
f 2676 2825 2677
f 2677 2825 2826
f 2677 2826 2827
f 2677 2827 2678
f 2678 2827 2679
f 2679 2827 2828
f 2679 2828 2829
f 2679 2829 2680
f 2680 2829 2830
f 2680 2830 2681
f 2681 2831 2832
f 2681 2832 2684
f 2681 2684 2682
f 2681 2830 2833
f 2681 2833 2831
f 2684 2832 2685
f 2685 2832 2834
f 2685 2834 2687
f 2685 2687 2686
f 2687 2834 2688
f 2688 2834 2835
f 2688 2835 2836
f 2688 2836 2837
f 2688 2837 2807
f 2688 2807 2806
f 2689 2693 2838
f 2689 2838 2690
f 2690 2838 2844
f 2690 2844 2694
f 2691 2839 2840
f 2691 2840 2692
f 2691 2697 2847
f 2691 2847 2839
f 2692 2840 2693
f 2693 2841 2842
f 2693 2842 2843
f 2693 2843 2838
f 2693 2840 2988
f 2693 2988 2841
f 2695 2845 2696
f 2695 2699 2846
f 2695 2846 2845
f 2696 2845 2697
f 2697 2845 2846
f 2697 2846 2737
f 2697 2737 2847
f 2699 2737 2846
f 2700 2848 2701
f 2701 2848 2849
f 2701 2849 2702
f 2702 2849 2850
f 2702 2850 2703
f 2703 2850 2851
f 2703 2851 2852
f 2703 2852 2704
f 2704 2852 2705
f 2705 2852 2853
f 2705 2853 2854
f 2705 2854 2706
f 2706 2854 2853
f 2706 2853 2855
f 2706 2855 2856
f 2706 2856 2857
f 2706 2857 2708
f 2706 2708 2707
f 2708 2857 2709
f 2709 2857 2710
f 2710 2857 2858
f 2710 2858 2859
f 2710 2859 2860
f 2710 2860 2861
f 2710 2861 2711
f 2711 2719 2712
f 2711 2861 2862
f 2711 2862 2719
f 2714 2715 2728
f 2714 2728 2735
f 2716 2726 2863
f 2716 2863 2717
f 2717 2864 2734
f 2717 2734 2718
f 2717 2863 2726
f 2717 2725 2864
f 2719 2862 2865
f 2719 2865 2721
f 2721 2723 2722
f 2721 2865 2866
f 2721 2866 2867
f 2721 2867 2723
f 2723 2867 2868
f 2723 2868 2724
f 2724 2868 2725
f 2725 2869 2864
f 2725 2868 2870
f 2725 2870 2871
f 2725 2871 2869
f 2727 2872 2728
f 2727 2733 2872
f 2728 2872 2873
f 2728 2873 2874
f 2728 2874 2875
f 2728 2875 2735
f 2729 2734 2730
f 2730 2734 2732
f 2730 2732 2731
f 2732 2734 2876
f 2732 2876 2877
f 2732 2877 2733
f 2733 2877 2872
f 2734 2864 2876
f 2735 2875 2878
f 2735 2878 2879
f 2735 2879 2880
f 2735 2880 2738
f 2736 2741 2881
f 2736 2881 2882
f 2736 2882 2883
f 2736 2883 2737
f 2737 2884 2847
f 2737 2883 2882
f 2737 2882 2885
f 2737 2885 2886
f 2737 2886 2884
f 2738 2880 2739
f 2739 2880 2887
f 2739 2887 2888
f 2739 2888 2889
f 2739 2889 2740
f 2740 2889 2741
f 2741 2882 2881
f 2741 2889 2890
f 2741 2890 2882
f 2743 2891 2892
f 2743 2892 2893
f 2743 2893 2894
f 2743 2894 2895
f 2744 2896 2898
f 2744 2898 2745
f 2745 2897 2746
f 2745 2898 3034
f 2745 3034 2897
f 2746 2897 3035
f 2746 3035 2899
f 2746 2899 2755
f 2746 2755 2753
f 2747 2752 2896
f 2748 2900 2901
f 2748 2901 2749
f 2749 2901 2750
f 2750 2901 2902
f 2750 2902 2903
f 2750 2903 2751
f 2751 2904 2752
f 2751 2903 2905
f 2751 2905 3039
f 2751 3039 2904
f 2752 2906 2896
f 2752 2904 2906
f 2754 2756 2907
f 2754 2907 2757
f 2755 2899 2908
f 2755 2908 2756
f 2756 2908 2907
f 2757 2907 2758
f 2758 2909 2759
f 2758 2907 2909
f 2759 2909 2910
f 2759 2910 2760
f 2760 2910 2911
f 2761 2895 2912
f 2761 2912 2913
f 2761 2913 2762
f 2763 2914 2915
f 2763 2915 2769
f 2763 2769 2764
f 2765 2770 2916
f 2765 2916 2766
f 2766 2916 2917
f 2766 2917 2918
f 2766 2918 2767
f 2767 2918 2919
f 2767 2919 2920
f 2767 2920 2771
f 2767 2771 2768
f 2769 2915 2770
f 2770 2915 2921
f 2770 2921 2922
f 2770 2922 2916
f 2771 2920 2772
f 2772 2920 2919
f 2772 2919 2923
f 2772 2923 2924
f 2772 2924 2773
f 2773 2924 3068
f 2773 3068 2925
f 2773 2925 2775
f 2773 2775 2774
f 2775 2925 2926
f 2775 2926 2927
f 2775 2927 2776
f 2776 2927 2777
f 2777 2927 2928
f 2777 2928 2929
f 2777 2929 2930
f 2777 2930 3073
f 2777 3073 2931
f 2777 2931 2779
f 2777 2779 2778
f 2779 2931 2932
f 2779 2932 2933
f 2779 2933 2780
f 2780 2933 2934
f 2780 2934 2781
f 2782 2935 3080
f 2782 3080 2936
f 2782 2936 2783
f 2783 2936 2937
f 2783 2937 2938
f 2783 2938 3083
f 2783 3083 2939
f 2783 2939 2940
f 2783 2940 2785
f 2785 2940 2786
f 2786 2940 2939
f 2786 2939 2941
f 2786 2941 2787
f 2787 2941 2942
f 2787 2942 2788
f 2788 2942 2789
f 2789 2942 2943
f 2789 2943 3084
f 2789 3084 2944
f 2789 2944 2945
f 2789 2945 2790
f 2790 2945 2792
f 2790 2792 2791
f 2792 2945 2944
f 2792 2944 2946
f 2792 2946 2947
f 2792 2947 2948
f 2792 2948 2955
f 2792 2955 2949
f 2792 2949 2798
f 2794 2812 2950
f 2794 2950 2795
f 2795 2950 2951
f 2795 2951 2952
f 2795 2952 2796
f 2796 2953 2797
f 2796 2952 2953
f 2797 2953 2999
f 2797 2999 2848
f 2798 2954 2799
f 2798 2949 2955
f 2798 2955 2954
f 2799 2801 2800
f 2799 2954 2955
f 2799 2955 2801
f 2801 2955 2956
f 2801 2956 2802
f 2802 2956 2957
f 2802 2957 2804
f 2802 2804 2803
f 2804 2957 2815
f 2807 2837 2808
f 2808 2837 2958
f 2808 2958 2985
f 2808 2985 2959
f 2808 2959 2960
f 2808 2960 2809
f 2809 2813 2810
f 2809 2960 2961
f 2809 2961 2813
f 2811 2962 2812
f 2811 2814 2962
f 2812 2962 2950
f 2813 2961 2963
f 2813 2963 2964
f 2813 2964 2814
f 2814 2964 2965
f 2814 2965 2962
f 2815 2957 2816
f 2816 2957 2966
f 2816 2966 2817
f 2817 2819 2818
f 2817 2966 2967
f 2817 2967 2968
f 2817 2968 2969
f 2817 2969 2970
f 2817 2970 2971
f 2817 2971 2819
f 2819 2971 2972
f 2819 2972 2973
f 2819 2973 2824
f 2819 2824 2974
f 2819 2974 2820
f 2820 2974 2824
f 2820 2824 2822
f 2820 2822 2821
f 2822 2824 2823
f 2824 2973 2972
f 2824 2972 2975
f 2824 2975 2976
f 2824 2976 2826
f 2824 2826 2825
f 2826 2976 2977
f 2826 2977 2828
f 2826 2828 2827
f 2828 2977 2978
f 2828 2978 2979
f 2828 2979 2829
f 2829 2979 2830
f 2830 2979 2833
f 2831 2980 2834
f 2831 2834 2832
f 2831 2833 2981
f 2831 2981 2980
f 2833 2979 2982
f 2833 2982 2981
f 2834 2980 2983
f 2834 2983 2835
f 2835 2837 2836
f 2835 2983 2984
f 2835 2984 2837
f 2837 2984 2985
f 2837 2985 2958
f 2838 2843 2842
f 2838 2842 2986
f 2838 2986 2998
f 2838 2998 2844
f 2839 2847 2987
f 2839 2987 2840
f 2840 2987 2988
f 2841 2989 2990
f 2841 2990 3142
f 2841 3142 2991
f 2841 2991 2842
f 2841 2988 2992
f 2841 2992 2989
f 2842 2991 2993
f 2842 2993 2994
f 2842 2994 2995
f 2842 2995 3146
f 2842 3146 2996
f 2842 2996 2997
f 2842 2997 2986
f 2847 2884 2987
f 2848 2999 2849
f 2849 2999 3000
f 2849 3000 2851
f 2849 2851 2850
f 2851 3000 3001
f 2851 3001 2852
f 2852 3001 3150
f 2852 3150 3002
f 2852 3002 2855
f 2852 2855 2853
f 2855 3003 3004
f 2855 3004 2856
f 2855 3002 3005
f 2855 3005 3003
f 2856 3004 3006
f 2856 3006 3007
f 2856 3007 2857
f 2857 3007 3008
f 2857 3008 3009
f 2857 3009 2858
f 2858 3009 2859
f 2859 3009 3010
f 2859 3010 3011
f 2859 3011 2860
f 2860 3012 2865
f 2860 2865 2861
f 2860 3011 3012
f 2861 2865 2862
f 2864 3013 2876
f 2864 2869 3014
f 2864 3014 3013
f 2865 3012 3015
f 2865 3015 3016
f 2865 3016 2866
f 2866 3016 3017
f 2866 3017 3018
f 2866 3018 2867
f 2867 3018 2868
f 2868 3019 2870
f 2868 3018 3019
f 2869 2871 3014
f 2870 3019 2871
f 2871 3019 3014
f 2872 2877 2873
f 2873 2877 3020
f 2873 3020 2874
f 2874 3020 2878
f 2874 2878 2875
f 2876 3013 3021
f 2876 3021 3022
f 2876 3022 3023
f 2876 3023 2877
f 2877 3023 3024
f 2877 3024 3020
f 2878 3020 2887
f 2878 2887 2879
f 2879 2887 2880
f 2882 2890 3025
f 2882 3025 3026
f 2882 3026 2885
f 2884 2886 3027
f 2884 3027 2987
f 2885 3026 2886
f 2886 3028 3027
f 2886 3026 3028
f 2887 3020 3024
f 2887 3024 3029
f 2887 3029 3030
f 2887 3030 2888
f 2888 3030 2889
f 2889 3030 3031
f 2889 3031 3032
f 2889 3032 2890
f 2890 3032 3025
f 2893 2912 2895
f 2893 2895 2894
f 2896 2906 3033
f 2896 3033 3034
f 2896 3034 2898
f 2897 3034 3035
f 2899 3035 2908
f 2900 3036 3037
f 2900 3037 2901
f 2901 3037 2902
f 2902 3037 3038
f 2902 3038 2903
f 2903 3038 3043
f 2903 3043 2905
f 2904 3039 3040
f 2904 3040 3045
f 2904 3045 2906
f 2905 3041 3042
f 2905 3042 3200
f 2905 3200 3039
f 2905 3043 3044
f 2905 3044 3041
f 2906 3045 3046
f 2906 3046 3047
f 2906 3047 3194
f 2906 3194 3033
f 2907 3048 3049
f 2907 3049 2909
f 2907 2908 3050
f 2907 3050 3051
f 2907 3051 3048
f 2908 3035 3050
f 2909 3049 2910
f 2910 3049 3052
f 2910 3052 3053
f 2910 3053 3054
f 2910 3054 2911
f 2911 3054 3055
f 2914 2921 2915
f 2916 2922 3056
f 2916 3056 3057
f 2916 3057 2917
f 2917 3057 3058
f 2917 3058 3059
f 2917 3059 3060
f 2917 3060 3061
f 2917 3061 2918
f 2918 3061 3062
f 2918 3062 2919
f 2919 3062 3061
f 2919 3061 3060
f 2919 3060 3063
f 2919 3063 3064
f 2919 3064 2923
f 2921 3065 2922
f 2922 3065 3066
f 2922 3066 3056
f 2923 3064 3067
f 2923 3067 2924
f 2924 3067 3069
f 2924 3069 3070
f 2924 3070 3068
f 2925 3068 2928
f 2925 2928 2926
f 2926 2928 2927
f 2928 3068 3070
f 2928 3070 2929
f 2929 3070 3071
f 2929 3071 2930
f 2930 3072 3240
f 2930 3240 3073
f 2930 3071 3072
f 2931 3073 3074
f 2931 3074 2932
f 2932 3074 3242
f 2932 3242 3075
f 2932 3075 2933
f 2933 3075 3076
f 2933 3076 3077
f 2933 3077 3078
f 2933 3078 2934
f 2935 3079 3080
f 2936 3080 2937
f 2937 3080 3081
f 2937 3081 2938
f 2938 3082 3083
f 2938 3081 3082
f 2939 3083 2942
f 2939 2942 2941
f 2942 3083 2943
f 2943 3083 3085
f 2943 3085 3086
f 2943 3086 3084
f 2944 3084 3087
f 2944 3087 3088
f 2944 3088 3089
f 2944 3089 3090
f 2944 3090 2946
f 2946 3090 2947
f 2947 3091 2948
f 2947 3090 3091
f 2948 3091 3092
f 2948 3092 2955
f 2950 2962 3093
f 2950 3093 2951
f 2951 3094 3000
f 2951 3000 2952
f 2951 3093 3095
f 2951 3095 3096
f 2951 3096 3260
f 2951 3260 3094
f 2952 3000 2999
f 2952 2999 2953
f 2955 3089 3097
f 2955 3097 3098
f 2955 3098 3099
f 2955 3099 3100
f 2955 3100 3101
f 2955 3101 3102
f 2955 3102 3103
f 2955 3103 2957
f 2955 2957 2956
f 2955 3092 3089
f 2957 3103 2966
f 2959 2985 2961
f 2959 2961 2960
f 2961 2985 2963
f 2962 2965 3104
f 2962 3104 3105
f 2962 3105 3093
f 2963 3106 3107
f 2963 3107 3108
f 2963 3108 2964
f 2963 2985 3109
f 2963 3109 3110
f 2963 3110 3111
f 2963 3111 3112
f 2963 3112 3106
f 2964 3108 3113
f 2964 3113 2965
f 2965 3113 3104
f 2966 3103 3102
f 2966 3102 3114
f 2966 3114 3115
f 2966 3115 3116
f 2966 3116 2967
f 2967 3116 3117
f 2967 3117 2968
f 2968 3117 3118
f 2968 3118 3119
f 2968 3119 2969
f 2969 3119 2970
f 2970 3120 2971
f 2970 3119 3287
f 2970 3287 3120
f 2971 3120 3121
f 2971 3121 2972
f 2972 3121 3120
f 2972 3120 3122
f 2972 3122 3123
f 2972 3123 3124
f 2972 3124 2975
f 2975 3124 3125
f 2975 3125 3126
f 2975 3126 3127
f 2975 3127 3128
f 2975 3128 2977
f 2975 2977 2976
f 2977 3128 3129
f 2977 3129 2978
f 2978 3130 2979
f 2978 3129 3131
f 2978 3131 3130
f 2979 2983 2982
f 2979 3130 3132
f 2979 3132 3133
f 2979 3133 3134
f 2979 3134 3135
f 2979 3135 3136
f 2979 3136 2983
f 2980 2981 2983
f 2981 2982 2983
f 2983 3136 3137
f 2983 3137 2984
f 2984 3137 3138
f 2984 3138 3109
f 2984 3109 2985
f 2986 2997 2998
f 2987 3027 2992
f 2987 2992 2988
f 2989 3026 3025
f 2989 3025 3139
f 2989 3139 3140
f 2989 3140 3141
f 2989 3141 2990
f 2989 2992 3027
f 2989 3027 3028
f 2989 3028 3026
f 2990 3141 3311
f 2990 3311 3142
f 2991 3142 3143
f 2991 3143 2993
f 2993 3143 2994
f 2994 3143 3144
f 2994 3144 3145
f 2994 3145 3146
f 2994 3146 2995
f 2996 3146 3147
f 2996 3147 2997
f 2997 3147 3148
f 2997 3148 3149
f 3000 3094 3150
f 3000 3150 3001
f 3002 3150 3151
f 3002 3151 3152
f 3002 3152 3005
f 3003 3005 3153
f 3003 3153 3154
f 3003 3154 3004
f 3004 3154 3006
f 3005 3155 3153
f 3005 3152 3155
f 3006 3154 3008
f 3006 3008 3007
f 3008 3154 3009
f 3009 3154 3156
f 3009 3156 3010
f 3010 3156 3157
f 3010 3157 3158
f 3010 3158 3159
f 3010 3159 3160
f 3010 3160 3161
f 3010 3161 3162
f 3010 3162 3163
f 3010 3163 3164
f 3010 3164 3011
f 3011 3164 3165
f 3011 3165 3015
f 3011 3015 3012
f 3013 3166 3021
f 3013 3014 3167
f 3013 3167 3168
f 3013 3168 3166
f 3014 3019 3169
f 3014 3169 3167
f 3015 3165 3016
f 3016 3165 3170
f 3016 3170 3017
f 3017 3170 3171
f 3017 3171 3018
f 3018 3171 3162
f 3018 3162 3172
f 3018 3172 3173
f 3018 3173 3174
f 3018 3174 3175
f 3018 3175 3169
f 3018 3169 3176
f 3018 3176 3019
f 3019 3177 3169
f 3019 3176 3177
f 3021 3166 3178
f 3021 3178 3023
f 3021 3023 3022
f 3023 3179 3180
f 3023 3180 3029
f 3023 3029 3024
f 3023 3178 3181
f 3023 3181 3182
f 3023 3182 3183
f 3023 3183 3179
f 3025 3032 3184
f 3025 3184 3185
f 3025 3185 3139
f 3029 3180 3186
f 3029 3186 3030
f 3030 3186 3187
f 3030 3187 3189
f 3030 3189 3188
f 3030 3188 3031
f 3031 3188 3189
f 3031 3189 3190
f 3031 3190 3191
f 3031 3191 3032
f 3032 3191 3192
f 3032 3192 3193
f 3032 3193 3184
f 3033 3194 3195
f 3033 3195 3034
f 3034 3195 3035
f 3035 3195 3196
f 3035 3196 3050
f 3036 3197 3198
f 3036 3198 3037
f 3037 3198 3199
f 3037 3199 3038
f 3038 3199 3204
f 3038 3204 3043
f 3039 3200 3040
f 3040 3201 3046
f 3040 3046 3045
f 3040 3200 3201
f 3041 3202 3042
f 3041 3044 3203
f 3041 3203 3202
f 3042 3202 3200
f 3043 3204 3203
f 3043 3203 3044
f 3046 3205 3194
f 3046 3194 3047
f 3046 3201 3363
f 3046 3363 3205
f 3048 3051 3206
f 3048 3206 3049
f 3049 3206 3207
f 3049 3207 3208
f 3049 3208 3209
f 3049 3209 3210
f 3049 3210 3052
f 3050 3196 3211
f 3050 3211 3212
f 3050 3212 3051
f 3051 3212 3213
f 3051 3213 3206
f 3052 3210 3053
f 3053 3210 3214
f 3053 3214 3215
f 3053 3215 3054
f 3054 3215 3216
f 3054 3216 3217
f 3054 3217 3055
f 3056 3066 3218
f 3056 3218 3057
f 3057 3218 3219
f 3057 3219 3058
f 3058 3219 3220
f 3058 3220 3221
f 3058 3221 3059
f 3059 3221 3222
f 3059 3222 3060
f 3060 3223 3224
f 3060 3224 3225
f 3060 3225 3063
f 3060 3222 3221
f 3060 3221 3226
f 3060 3226 3227
f 3060 3227 3228
f 3060 3228 3223
f 3063 3225 3064
f 3064 3225 3229
f 3064 3229 3230
f 3064 3230 3231
f 3064 3231 3232
f 3064 3232 3067
f 3065 3233 3066
f 3066 3233 3234
f 3066 3234 3235
f 3066 3235 3218
f 3067 3232 3069
f 3069 3236 3070
f 3069 3232 3236
f 3070 3236 3237
f 3070 3237 3238
f 3070 3238 3071
f 3071 3238 3072
f 3072 3239 3240
f 3072 3238 3239
f 3073 3240 3241
f 3073 3241 3074
f 3074 3241 3242
f 3075 3242 3076
f 3076 3243 3077
f 3076 3242 3244
f 3076 3244 3243
f 3077 3243 3245
f 3077 3245 3246
f 3077 3246 3078
f 3079 3247 3249
f 3079 3249 3080
f 3080 3248 3081
f 3080 3249 3250
f 3080 3250 3248
f 3081 3251 3252
f 3081 3252 3253
f 3081 3253 3254
f 3081 3254 3082
f 3081 3248 3250
f 3081 3250 3251
f 3082 3254 3083
f 3083 3254 3253
f 3083 3253 3085
f 3084 3086 3255
f 3084 3255 3087
f 3085 3253 3252
f 3085 3252 3086
f 3086 3252 3255
f 3087 3255 3256
f 3087 3256 3257
f 3087 3257 3088
f 3088 3257 3089
f 3089 3257 3097
f 3089 3092 3091
f 3089 3091 3090
f 3093 3105 3258
f 3093 3258 3095
f 3094 3259 3150
f 3094 3260 3261
f 3094 3261 3262
f 3094 3262 3259
f 3095 3258 3263
f 3095 3263 3264
f 3095 3264 3265
f 3095 3265 3096
f 3096 3265 3437
f 3096 3437 3260
f 3097 3257 3099
f 3097 3099 3098
f 3099 3266 3267
f 3099 3267 3268
f 3099 3268 3269
f 3099 3269 3115
f 3099 3115 3101
f 3099 3101 3100
f 3099 3257 3266
f 3101 3115 3102
f 3102 3115 3114
f 3104 3113 3108
f 3104 3108 3263
f 3104 3263 3258
f 3104 3258 3105
f 3106 3270 3271
f 3106 3271 3107
f 3106 3112 3272
f 3106 3272 3273
f 3106 3273 3270
f 3107 3271 3274
f 3107 3274 3275
f 3107 3275 3276
f 3107 3276 3108
f 3108 3276 3277
f 3108 3277 3263
f 3109 3138 3110
f 3110 3278 3279
f 3110 3279 3280
f 3110 3280 3281
f 3110 3281 3111
f 3110 3138 3278
f 3111 3281 3112
f 3112 3281 3282
f 3112 3282 3272
f 3115 3268 3283
f 3115 3283 3284
f 3115 3284 3285
f 3115 3285 3116
f 3115 3269 3268
f 3116 3285 3286
f 3116 3286 3117
f 3117 3286 3118
f 3118 3286 3287
f 3118 3287 3119
f 3120 3287 3288
f 3120 3288 3289
f 3120 3289 3290
f 3120 3290 3470
f 3120 3470 3291
f 3120 3291 3292
f 3120 3292 3122
f 3122 3292 3123
f 3123 3292 3293
f 3123 3293 3294
f 3123 3294 3295
f 3123 3295 3124
f 3124 3295 3125
f 3125 3295 3294
f 3125 3294 3296
f 3125 3296 3126
f 3126 3296 3297
f 3126 3297 3127
f 3127 3297 3298
f 3127 3298 3299
f 3127 3299 3300
f 3127 3300 3131
f 3127 3131 3129
f 3127 3129 3128
f 3130 3131 3132
f 3131 3300 3301
f 3131 3301 3132
f 3132 3301 3302
f 3132 3302 3303
f 3132 3303 3133
f 3133 3304 3134
f 3133 3303 3305
f 3133 3305 3306
f 3133 3306 3307
f 3133 3307 3304
f 3134 3304 3135
f 3135 3304 3308
f 3135 3308 3136
f 3136 3308 3137
f 3137 3308 3309
f 3137 3309 3278
f 3137 3278 3138
f 3139 3185 3310
f 3139 3310 3140
f 3140 3310 3311
f 3140 3311 3141
f 3142 3311 3143
f 3143 3311 3312
f 3143 3312 3144
f 3144 3312 3490
f 3144 3490 3313
f 3144 3313 3491
f 3144 3491 3314
f 3144 3314 3145
f 3145 3314 3315
f 3145 3315 3146
f 3146 3315 3316
f 3146 3316 3493
f 3146 3493 3317
f 3146 3317 3147
f 3147 3317 3149
f 3147 3149 3148
f 3149 3317 3318
f 3149 3318 3197
f 3150 3259 3151
f 3151 3259 3262
f 3151 3262 3319
f 3151 3319 3320
f 3151 3320 3321
f 3151 3321 3155
f 3151 3155 3152
f 3153 3155 3322
f 3153 3322 3323
f 3153 3323 3324
f 3153 3324 3325
f 3153 3325 3326
f 3153 3326 3327
f 3153 3327 3328
f 3153 3328 3154
f 3154 3328 3157
f 3154 3157 3156
f 3155 3321 3322
f 3157 3328 3329
f 3157 3329 3158
f 3158 3330 3159
f 3158 3329 3331
f 3158 3331 3332
f 3158 3332 3330
f 3159 3330 3160
f 3160 3162 3161
f 3160 3330 3333
f 3160 3333 3334
f 3160 3334 3162
f 3162 3335 3172
f 3162 3171 3165
f 3162 3165 3163
f 3162 3334 3336
f 3162 3336 3335
f 3163 3165 3164
f 3165 3171 3170
f 3166 3168 3337
f 3166 3337 3178
f 3167 3169 3338
f 3167 3338 3168
f 3168 3338 3337
f 3169 3339 3338
f 3169 3177 3176
f 3169 3175 3339
f 3172 3340 3173
f 3172 3335 3336
f 3172 3336 3341
f 3172 3341 3342
f 3172 3342 3343
f 3172 3343 3344
f 3172 3344 3340
f 3173 3345 3346
f 3173 3346 3174
f 3173 3340 3344
f 3173 3344 3345
f 3174 3347 3175
f 3174 3346 3347
f 3175 3347 3339
f 3178 3337 3181
f 3179 3183 3348
f 3179 3348 3180
f 3180 3348 3186
f 3181 3339 3182
f 3181 3337 3339
f 3182 3339 3349
f 3182 3349 3350
f 3182 3350 3351
f 3182 3351 3183
f 3183 3351 3348
f 3184 3193 3352
f 3184 3352 3185
f 3185 3352 3353
f 3185 3353 3310
f 3186 3348 3354
f 3186 3354 3355
f 3186 3355 3187
f 3187 3355 3356
f 3187 3356 3189
f 3189 3356 3357
f 3189 3357 3190
f 3190 3357 3192
f 3190 3192 3191
f 3192 3357 3358
f 3192 3358 3359
f 3192 3359 3193
f 3193 3359 3352
f 3194 3205 3360
f 3194 3360 3211
f 3194 3211 3195
f 3195 3211 3196
f 3197 3318 3198
f 3198 3318 3361
f 3198 3361 3199
f 3199 3361 3204
f 3200 3362 3201
f 3200 3202 3362
f 3201 3362 3363
f 3202 3203 3364
f 3202 3364 3362
f 3203 3204 3365
f 3203 3365 3366
f 3203 3366 3367
f 3203 3367 3368
f 3203 3368 3364
f 3204 3361 3365
f 3205 3369 3360
f 3205 3363 3370
f 3205 3370 3371
f 3205 3371 3369
f 3206 3213 3372
f 3206 3372 3207
f 3207 3372 3213
f 3207 3213 3208
f 3208 3373 3374
f 3208 3374 3209
f 3208 3213 3373
f 3209 3374 3375
f 3209 3375 3210
f 3210 3376 3214
f 3210 3375 3377
f 3210 3377 3376
f 3211 3378 3213
f 3211 3213 3212
f 3211 3360 3378
f 3213 3378 3379
f 3213 3379 3380
f 3213 3380 3381
f 3213 3381 3382
f 3213 3382 3373
f 3214 3376 3383
f 3214 3383 3384
f 3214 3384 3385
f 3214 3385 3216
f 3214 3216 3215
f 3216 3385 3386
f 3216 3386 3217
f 3218 3235 3390
f 3218 3390 3219
f 3219 3387 3388
f 3219 3388 3389
f 3219 3389 3220
f 3219 3390 3391
f 3219 3391 3387
f 3220 3392 3221
f 3220 3389 3392
f 3221 3393 3226
f 3221 3392 3567
f 3221 3567 3393
f 3223 3394 3395
f 3223 3395 3396
f 3223 3396 3224
f 3223 3228 3394
f 3224 3396 3229
f 3224 3229 3225
f 3226 3393 3228
f 3226 3228 3227
f 3228 3393 3567
f 3228 3567 3397
f 3228 3397 3398
f 3228 3398 3399
f 3228 3399 3400
f 3228 3400 3401
f 3228 3401 3402
f 3228 3402 3403
f 3228 3403 3404
f 3228 3404 3394
f 3229 3405 3406
f 3229 3406 3407
f 3229 3407 3230
f 3229 3396 3408
f 3229 3408 3405
f 3230 3407 3409
f 3230 3409 3410
f 3230 3410 3231
f 3231 3410 3411
f 3231 3411 3236
f 3231 3236 3232
f 3234 3412 3391
f 3234 3391 3390
f 3234 3390 3235
f 3236 3411 3237
f 3237 3411 3413
f 3237 3413 3414
f 3237 3414 3415
f 3237 3415 3238
f 3238 3415 3416
f 3238 3416 3239
f 3239 3416 3417
f 3239 3417 3418
f 3239 3418 3419
f 3239 3419 3240
f 3240 3419 3588
f 3240 3588 3420
f 3240 3420 3590
f 3240 3590 3421
f 3240 3421 3241
f 3241 3421 3244
f 3241 3244 3242
f 3243 3244 3422
f 3243 3422 3423
f 3243 3423 3424
f 3243 3424 3245
f 3244 3421 3422
f 3245 3424 3428
f 3245 3428 3425
f 3245 3425 3426
f 3245 3426 3246
f 3247 3426 3249
f 3249 3426 3250
f 3250 3427 3251
f 3250 3426 3428
f 3250 3428 3429
f 3250 3429 3430
f 3250 3430 3431
f 3250 3431 3427
f 3251 3427 3432
f 3251 3432 3596
f 3251 3596 3433
f 3251 3433 3434
f 3251 3434 3252
f 3252 3434 3257
f 3252 3257 3256
f 3252 3256 3255
f 3257 3434 3435
f 3257 3435 3436
f 3257 3436 3266
f 3260 3437 3261
f 3261 3320 3319
f 3261 3319 3262
f 3261 3437 3438
f 3261 3438 3439
f 3261 3439 3440
f 3261 3440 3320
f 3263 3277 3441
f 3263 3441 3264
f 3264 3441 3600
f 3264 3600 3438
f 3264 3438 3437
f 3264 3437 3265
f 3266 3436 3442
f 3266 3442 3267
f 3267 3442 3443
f 3267 3443 3444
f 3267 3444 3268
f 3268 3444 3445
f 3268 3445 3283
f 3270 3273 3274
f 3270 3274 3271
f 3272 3282 3446
f 3272 3446 3273
f 3273 3446 3274
f 3274 3446 3447
f 3274 3447 3448
f 3274 3448 3449
f 3274 3449 3450
f 3274 3450 3276
f 3274 3276 3275
f 3276 3441 3277
f 3276 3450 3451
f 3276 3451 3441
f 3278 3309 3279
f 3279 3452 3280
f 3279 3309 3452
f 3280 3453 3454
f 3280 3454 3455
f 3280 3455 3456
f 3280 3456 3457
f 3280 3457 3458
f 3280 3458 3281
f 3280 3452 3453
f 3281 3458 3282
f 3282 3458 3457
f 3282 3457 3459
f 3282 3459 3460
f 3282 3460 3446
f 3283 3461 3462
f 3283 3462 3463
f 3283 3463 3464
f 3283 3464 3284
f 3283 3445 3461
f 3284 3464 3465
f 3284 3465 3285
f 3285 3465 3286
f 3286 3465 3288
f 3286 3288 3287
f 3288 3463 3466
f 3288 3466 3289
f 3288 3465 3463
f 3289 3466 3467
f 3289 3467 3468
f 3289 3468 3469
f 3289 3469 3290
f 3290 3469 3470
f 3291 3470 3471
f 3291 3471 3472
f 3291 3472 3473
f 3291 3473 3292
f 3292 3473 3474
f 3292 3474 3293
f 3293 3474 3294
f 3294 3474 3475
f 3294 3475 3296
f 3296 3475 3474
f 3296 3474 3476
f 3296 3476 3477
f 3296 3477 3297
f 3297 3477 3478
f 3297 3478 3479
f 3297 3479 3298
f 3298 3479 3480
f 3298 3480 3299
f 3299 3480 3481
f 3299 3481 3482
f 3299 3482 3483
f 3299 3483 3300
f 3300 3483 3484
f 3300 3484 3485
f 3300 3485 3301
f 3301 3485 3302
f 3302 3485 3303
f 3303 3485 3486
f 3303 3486 3487
f 3303 3487 3306
f 3303 3306 3305
f 3304 3307 3308
f 3306 3452 3307
f 3306 3487 3453
f 3306 3453 3452
f 3307 3452 3308
f 3308 3452 3309
f 3310 3353 3488
f 3310 3488 3311
f 3311 3488 3312
f 3312 3489 3490
f 3312 3488 3641
f 3312 3641 3489
f 3313 3490 3643
f 3313 3643 3491
f 3314 3491 3315
f 3315 3491 3492
f 3315 3492 3316
f 3316 3492 3366
f 3316 3366 3493
f 3317 3493 3361
f 3317 3361 3318
f 3320 3440 3321
f 3321 3440 3439
f 3321 3439 3322
f 3322 3439 3494
f 3322 3494 3495
f 3322 3495 3323
f 3323 3495 3496
f 3323 3496 3497
f 3323 3497 3324
f 3324 3497 3498
f 3324 3498 3499
f 3324 3499 3325
f 3325 3499 3500
f 3325 3500 3501
f 3325 3501 3502
f 3325 3502 3503
f 3325 3503 3504
f 3325 3504 3505
f 3325 3505 3506
f 3325 3506 3326
f 3326 3506 3507
f 3326 3507 3327
f 3327 3507 3328
f 3328 3507 3329
f 3329 3507 3508
f 3329 3508 3331
f 3330 3509 3510
f 3330 3510 3511
f 3330 3511 3334
f 3330 3334 3333
f 3330 3332 3512
f 3330 3512 3513
f 3330 3513 3514
f 3330 3514 3509
f 3331 3508 3332
f 3332 3515 3512
f 3332 3508 3515
f 3334 3511 3510
f 3334 3510 3516
f 3334 3516 3336
f 3336 3516 3341
f 3337 3338 3339
f 3339 3350 3349
f 3339 3347 3517
f 3339 3517 3518
f 3339 3518 3519
f 3339 3519 3520
f 3339 3520 3521
f 3339 3521 3350
f 3341 3516 3522
f 3341 3522 3523
f 3341 3523 3524
f 3341 3524 3342
f 3342 3524 3343
f 3343 3524 3525
f 3343 3525 3344
f 3344 3525 3526
f 3344 3526 3345
f 3345 3347 3346
f 3345 3526 3527
f 3345 3527 3528
f 3345 3528 3347
f 3347 3528 3518
f 3347 3518 3517
f 3348 3351 3354
f 3350 3529 3530
f 3350 3530 3351
f 3350 3521 3531
f 3350 3531 3532
f 3350 3532 3529
f 3351 3530 3354
f 3352 3359 3533
f 3352 3533 3353
f 3353 3533 3488
f 3354 3530 3356
f 3354 3356 3355
f 3356 3530 3534
f 3356 3534 3688
f 3356 3688 3535
f 3356 3535 3357
f 3357 3535 3358
f 3358 3535 3533
f 3358 3533 3359
f 3360 3369 3379
f 3360 3379 3378
f 3361 3493 3365
f 3362 3536 3363
f 3362 3364 3537
f 3362 3537 3538
f 3362 3538 3536
f 3363 3536 3370
f 3364 3368 3539
f 3364 3539 3540
f 3364 3540 3537
f 3365 3493 3366
f 3366 3492 3644
f 3366 3644 3541
f 3366 3541 3367
f 3367 3542 3368
f 3367 3541 3542
f 3368 3542 3539
f 3369 3543 3379
f 3369 3371 3543
f 3370 3536 3371
f 3371 3544 3545
f 3371 3545 3543
f 3371 3536 3544
f 3373 3382 3381
f 3373 3381 3374
f 3374 3377 3375
f 3374 3381 3377
f 3376 3546 3547
f 3376 3547 3383
f 3376 3377 3548
f 3376 3548 3703
f 3376 3703 3546
f 3377 3381 3548
f 3379 3543 3545
f 3379 3545 3549
f 3379 3549 3550
f 3379 3550 3551
f 3379 3551 3380
f 3380 3551 3552
f 3380 3552 3381
f 3381 3552 3553
f 3381 3553 3554
f 3381 3554 3555
f 3381 3555 3556
f 3381 3556 3548
f 3383 3557 3558
f 3383 3558 3384
f 3383 3547 3557
f 3384 3558 3559
f 3384 3559 3560
f 3384 3560 3385
f 3385 3560 3386
f 3386 3560 3559
f 3386 3559 3561
f 3387 3391 3388
f 3388 3562 3563
f 3388 3563 3389
f 3388 3391 3564
f 3388 3564 3565
f 3388 3565 3562
f 3389 3563 3566
f 3389 3566 3567
f 3389 3567 3392
f 3391 3412 3568
f 3391 3568 3564
f 3394 3404 3569
f 3394 3569 3405
f 3394 3405 3408
f 3394 3408 3395
f 3395 3408 3396
f 3397 3567 3570
f 3397 3570 3398
f 3398 3571 3399
f 3398 3570 3563
f 3398 3563 3572
f 3398 3572 3571
f 3399 3571 3402
f 3399 3402 3401
f 3399 3401 3400
f 3402 3573 3574
f 3402 3574 3575
f 3402 3575 3403
f 3402 3571 3573
f 3403 3575 3404
f 3404 3575 3576
f 3404 3576 3569
f 3405 3569 3577
f 3405 3577 3578
f 3405 3578 3406
f 3406 3578 3407
f 3407 3578 3579
f 3407 3579 3580
f 3407 3580 3581
f 3407 3581 3411
f 3407 3411 3409
f 3409 3411 3410
f 3411 3581 3413
f 3413 3582 3414
f 3413 3581 3582
f 3414 3582 3583
f 3414 3583 3417
f 3414 3417 3415
f 3415 3417 3416
f 3417 3584 3418
f 3417 3583 3585
f 3417 3585 3586
f 3417 3586 3584
f 3418 3587 3419
f 3418 3584 3587
f 3419 3587 3588
f 3420 3588 3589
f 3420 3589 3590
f 3421 3590 3422
f 3422 3591 3423
f 3422 3590 3591
f 3423 3591 3592
f 3423 3592 3593
f 3423 3593 3594
f 3423 3594 3430
f 3423 3430 3429
f 3423 3429 3424
f 3424 3429 3428
f 3425 3428 3426
f 3427 3431 3595
f 3427 3595 3432
f 3430 3594 3595
f 3430 3595 3431
f 3432 3595 3596
f 3433 3597 3434
f 3433 3596 3597
f 3434 3597 3435
f 3435 3597 3436
f 3436 3597 3598
f 3436 3598 3599
f 3436 3599 3442
f 3438 3600 3439
f 3439 3600 3494
f 3441 3451 3607
f 3441 3607 3600
f 3442 3599 3601
f 3442 3601 3443
f 3443 3601 3462
f 3443 3462 3461
f 3443 3461 3445
f 3443 3445 3444
f 3446 3460 3459
f 3446 3459 3602
f 3446 3602 3603
f 3446 3603 3447
f 3447 3603 3604
f 3447 3604 3605
f 3447 3605 3448
f 3448 3605 3606
f 3448 3606 3449
f 3449 3606 3450
f 3450 3606 3451
f 3451 3606 3778
f 3451 3778 3607
f 3453 3487 3454
f 3454 3487 3608
f 3454 3608 3609
f 3454 3609 3610
f 3454 3610 3455
f 3455 3610 3611
f 3455 3611 3456
f 3456 3611 3612
f 3456 3612 3613
f 3456 3613 3614
f 3456 3614 3457
f 3457 3614 3615
f 3457 3615 3459
f 3459 3615 3616
f 3459 3616 3602
f 3462 3599 3617
f 3462 3617 3618
f 3462 3618 3463
f 3462 3601 3599
f 3463 3618 3619
f 3463 3619 3466
f 3463 3465 3464
f 3466 3619 3621
f 3466 3621 3620
f 3466 3620 3467
f 3467 3620 3468
f 3468 3620 3621
f 3468 3621 3622
f 3468 3622 3623
f 3468 3623 3469
f 3469 3623 3624
f 3469 3624 3471
f 3469 3471 3470
f 3471 3624 3472
f 3472 3624 3625
f 3472 3625 3626
f 3472 3626 3476
f 3472 3476 3474
f 3472 3474 3473
f 3476 3626 3627
f 3476 3627 3477
f 3477 3627 3628
f 3477 3628 3478
f 3478 3629 3479
f 3478 3628 3630
f 3478 3630 3629
f 3479 3629 3480
f 3480 3629 3631
f 3480 3631 3481
f 3481 3631 3482
f 3482 3631 3632
f 3482 3632 3633
f 3482 3633 3483
f 3483 3633 3634
f 3483 3634 3635
f 3483 3635 3636
f 3483 3636 3484
f 3484 3637 3638
f 3484 3638 3485
f 3484 3636 3637
f 3485 3638 3486
f 3486 3638 3639
f 3486 3639 3487
f 3487 3639 3640
f 3487 3640 3609
f 3487 3609 3608
f 3488 3533 3641
f 3489 3641 3686
f 3489 3686 3642
f 3489 3642 3811
f 3489 3811 3643
f 3489 3643 3490
f 3491 3644 3492
f 3491 3643 3812
f 3491 3812 3644
f 3494 3600 3495
f 3495 3600 3607
f 3495 3607 3645
f 3495 3645 3498
f 3495 3498 3496
f 3496 3498 3497
f 3498 3646 3647
f 3498 3647 3648
f 3498 3648 3500
f 3498 3500 3499
f 3498 3645 3646
f 3500 3648 3649
f 3500 3649 3650
f 3500 3650 3502
f 3500 3502 3501
f 3502 3650 3651
f 3502 3651 3503
f 3503 3652 3653
f 3503 3653 3654
f 3503 3654 3504
f 3503 3651 3655
f 3503 3655 3656
f 3503 3656 3657
f 3503 3657 3658
f 3503 3658 3652
f 3504 3659 3505
f 3504 3654 3659
f 3505 3659 3506
f 3506 3659 3507
f 3507 3659 3660
f 3507 3660 3515
f 3507 3515 3508
f 3509 3514 3513
f 3509 3513 3512
f 3509 3512 3661
f 3509 3661 3510
f 3510 3661 3516
f 3512 3515 3660
f 3512 3660 3662
f 3512 3662 3663
f 3512 3663 3664
f 3512 3664 3665
f 3512 3665 3661
f 3516 3661 3522
f 3518 3528 3666
f 3518 3666 3519
f 3519 3667 3668
f 3519 3668 3669
f 3519 3669 3670
f 3519 3670 3671
f 3519 3671 3672
f 3519 3672 3673
f 3519 3673 3520
f 3519 3666 3667
f 3520 3673 3674
f 3520 3674 3675
f 3520 3675 3531
f 3520 3531 3521
f 3522 3661 3665
f 3522 3665 3523
f 3523 3676 3524
f 3523 3665 3677
f 3523 3677 3676
f 3524 3676 3678
f 3524 3678 3525
f 3525 3678 3679
f 3525 3679 3526
f 3526 3679 3527
f 3527 3679 3680
f 3527 3680 3528
f 3528 3680 3668
f 3528 3668 3667
f 3528 3667 3666
f 3529 3534 3530
f 3529 3532 3681
f 3529 3681 3682
f 3529 3682 3534
f 3531 3683 3532
f 3531 3675 3674
f 3531 3674 3672
f 3531 3672 3684
f 3531 3684 3683
f 3532 3683 3681
f 3533 3535 3685
f 3533 3685 3686
f 3533 3686 3641
f 3534 3682 3687
f 3534 3687 3688
f 3535 3688 3689
f 3535 3689 3685
f 3536 3690 3691
f 3536 3691 3544
f 3536 3538 3692
f 3536 3692 3690
f 3537 3540 3538
f 3538 3540 3692
f 3539 3693 3694
f 3539 3694 3695
f 3539 3695 3696
f 3539 3696 3540
f 3539 3542 3697
f 3539 3697 3698
f 3539 3698 3693
f 3540 3696 3699
f 3540 3699 3700
f 3540 3700 3692
f 3541 3644 3697
f 3541 3697 3542
f 3544 3691 3701
f 3544 3701 3702
f 3544 3702 3549
f 3544 3549 3545
f 3546 3703 3555
f 3546 3555 3704
f 3546 3704 3547
f 3547 3704 3555
f 3547 3555 3705
f 3547 3705 3706
f 3547 3706 3557
f 3548 3556 3555
f 3548 3555 3703
f 3549 3707 3550
f 3549 3702 3872
f 3549 3872 3707
f 3550 3707 3708
f 3550 3708 3709
f 3550 3709 3710
f 3550 3710 3711
f 3550 3711 3712
f 3550 3712 3551
f 3551 3711 3553
f 3551 3553 3552
f 3551 3712 3711
f 3553 3711 3713
f 3553 3713 3554
f 3554 3713 3714
f 3554 3714 3715
f 3554 3715 3555
f 3555 3716 3717
f 3555 3717 3718
f 3555 3718 3719
f 3555 3719 3720
f 3555 3720 3706
f 3555 3706 3705
f 3555 3715 3721
f 3555 3721 3716
f 3557 3722 3723
f 3557 3723 3724
f 3557 3724 3559
f 3557 3559 3558
f 3557 3706 3722
f 3559 3724 3725
f 3559 3725 3726
f 3559 3726 3727
f 3559 3727 3561
f 3561 3727 3728
f 3561 3728 3729
f 3562 3730 3563
f 3562 3565 3568
f 3562 3568 3731
f 3562 3731 3732
f 3562 3732 3730
f 3563 3570 3566
f 3563 3730 3733
f 3563 3733 3572
f 3564 3568 3565
f 3566 3570 3567
f 3568 3734 3732
f 3568 3732 3731
f 3569 3735 3736
f 3569 3736 3577
f 3569 3576 3735
f 3571 3572 3737
f 3571 3737 3573
f 3572 3733 3738
f 3572 3738 3739
f 3572 3739 3737
f 3573 3740 3574
f 3573 3737 3740
f 3574 3740 3741
f 3574 3741 3742
f 3574 3742 3575
f 3575 3742 3743
f 3575 3743 3744
f 3575 3744 3745
f 3575 3745 3576
f 3576 3745 3746
f 3576 3746 3735
f 3577 3747 3748
f 3577 3748 3749
f 3577 3749 3750
f 3577 3750 3751
f 3577 3751 3579
f 3577 3579 3578
f 3577 3736 3747
f 3579 3751 3752
f 3579 3752 3753
f 3579 3753 3580
f 3580 3753 3752
f 3580 3752 3586
f 3580 3586 3754
f 3580 3754 3582
f 3580 3582 3581
f 3582 3754 3585
f 3582 3585 3583
f 3584 3586 3755
f 3584 3755 3756
f 3584 3756 3587
f 3585 3754 3586
f 3586 3752 3755
f 3587 3757 3758
f 3587 3758 3759
f 3587 3759 3588
f 3587 3756 3760
f 3587 3760 3757
f 3588 3761 3589
f 3588 3759 3762
f 3588 3762 3763
f 3588 3763 3764
f 3588 3764 3761
f 3589 3761 3765
f 3589 3765 3590
f 3590 3765 3591
f 3591 3765 3592
f 3592 3765 3766
f 3592 3766 3767
f 3592 3767 3593
f 3593 3767 3595
f 3593 3595 3594
f 3595 3767 3596
f 3596 3767 3768
f 3596 3768 3597
f 3597 3768 3598
f 3598 3768 3767
f 3598 3767 3599
f 3599 3767 3769
f 3599 3769 3766
f 3599 3766 3770
f 3599 3770 3617
f 3602 3771 3772
f 3602 3772 3604
f 3602 3604 3603
f 3602 3616 3773
f 3602 3773 3774
f 3602 3774 3775
f 3602 3775 3771
f 3604 3772 3814
f 3604 3814 3776
f 3604 3776 3777
f 3604 3777 3605
f 3605 3777 3778
f 3605 3778 3606
f 3607 3778 3645
f 3609 3640 3779
f 3609 3779 3610
f 3610 3779 3780
f 3610 3780 3781
f 3610 3781 3611
f 3611 3781 3782
f 3611 3782 3612
f 3612 3783 3614
f 3612 3614 3613
f 3612 3782 3784
f 3612 3784 3785
f 3612 3785 3783
f 3614 3783 3615
f 3615 3783 3785
f 3615 3785 3616
f 3616 3785 3786
f 3616 3786 3787
f 3616 3787 3773
f 3617 3788 3618
f 3617 3770 3917
f 3617 3917 3789
f 3617 3789 3790
f 3617 3790 3788
f 3618 3788 3790
f 3618 3790 3621
f 3618 3621 3619
f 3621 3790 3622
f 3622 3790 3791
f 3622 3791 3792
f 3622 3792 3793
f 3622 3793 3623
f 3623 3793 3624
f 3624 3793 3794
f 3624 3794 3795
f 3624 3795 3625
f 3625 3796 3626
f 3625 3795 3796
f 3626 3796 3797
f 3626 3797 3798
f 3626 3798 3627
f 3627 3798 3628
f 3628 3798 3630
f 3629 3630 3799
f 3629 3799 3800
f 3629 3800 3631
f 3630 3801 3802
f 3630 3802 3799
f 3630 3798 3801
f 3631 3800 3632
f 3632 3800 3803
f 3632 3803 3804
f 3632 3804 3633
f 3633 3804 3805
f 3633 3805 3806
f 3633 3806 3634
f 3634 3806 3807
f 3634 3807 3635
f 3635 3807 3636
f 3636 3807 3808
f 3636 3808 3809
f 3636 3809 3639
f 3636 3639 3637
f 3637 3639 3638
f 3639 3809 3810
f 3639 3810 3640
f 3640 3810 3779
f 3642 3686 3857
f 3642 3857 3811
f 3643 3811 3812
f 3644 3812 3813
f 3644 3813 3698
f 3644 3698 3697
f 3645 3778 3646
f 3646 3778 3647
f 3647 3777 3648
f 3647 3778 3777
f 3648 3777 3776
f 3648 3776 3649
f 3649 3776 3650
f 3650 3776 3814
f 3650 3814 3815
f 3650 3815 3816
f 3650 3816 3817
f 3650 3817 3818
f 3650 3818 3651
f 3651 3818 3819
f 3651 3819 3655
f 3652 3658 3653
f 3653 3820 3659
f 3653 3659 3654
f 3653 3658 3820
f 3655 3819 3821
f 3655 3821 3656
f 3656 3821 3822
f 3656 3822 3823
f 3656 3823 3657
f 3657 3823 3658
f 3658 3823 3824
f 3658 3824 3825
f 3658 3825 3826
f 3658 3826 3827
f 3658 3827 3828
f 3658 3828 3829
f 3658 3829 3830
f 3658 3830 3831
f 3658 3831 3832
f 3658 3832 3833
f 3658 3833 3834
f 3658 3834 3820
f 3659 3820 3835
f 3659 3835 3662
f 3659 3662 3660
f 3662 3835 3834
f 3662 3834 3833
f 3662 3833 3663
f 3663 3836 3665
f 3663 3665 3664
f 3663 3833 3832
f 3663 3832 3831
f 3663 3831 3837
f 3663 3837 3836
f 3665 3836 3677
f 3668 3680 3679
f 3668 3679 3838
f 3668 3838 3839
f 3668 3839 3840
f 3668 3840 3669
f 3669 3840 3841
f 3669 3841 3843
f 3669 3843 3670
f 3670 3842 3671
f 3670 3843 3842
f 3671 3842 3672
f 3672 3842 3844
f 3672 3844 3845
f 3672 3845 3846
f 3672 3846 3684
f 3672 3674 3673
f 3676 3677 3678
f 3677 3836 3847
f 3677 3847 3678
f 3678 3847 3848
f 3678 3848 3849
f 3678 3849 3679
f 3679 3849 3838
f 3681 3683 3846
f 3681 3846 3850
f 3681 3850 3682
f 3682 3850 3851
f 3682 3851 3852
f 3682 3852 3853
f 3682 3853 3687
f 3683 3684 3846
f 3685 3689 3686
f 3686 3689 3854
f 3686 3854 3855
f 3686 3855 3856
f 3686 3856 3953
f 3686 3953 3857
f 3687 3853 3858
f 3687 3858 3688
f 3688 3854 3689
f 3688 3858 3854
f 3690 3859 3860
f 3690 3860 3691
f 3690 3692 3700
f 3690 3700 3699
f 3690 3699 3861
f 3690 3861 3859
f 3691 3860 3859
f 3691 3859 3702
f 3691 3702 3701
f 3693 3698 3862
f 3693 3862 3694
f 3694 3863 3864
f 3694 3864 3695
f 3694 3862 3865
f 3694 3865 3863
f 3695 3864 3866
f 3695 3866 3867
f 3695 3867 3868
f 3695 3868 3696
f 3696 3868 3699
f 3698 3813 3862
f 3699 3868 3869
f 3699 3869 3870
f 3699 3870 3871
f 3699 3871 3861
f 3702 3859 3872
f 3706 3720 3873
f 3706 3873 3874
f 3706 3874 3875
f 3706 3875 3876
f 3706 3876 3723
f 3706 3723 3722
f 3707 3877 3708
f 3707 3872 3878
f 3707 3878 3877
f 3708 3877 3879
f 3708 3879 3721
f 3708 3721 3715
f 3708 3715 3880
f 3708 3880 3709
f 3709 3880 3710
f 3710 3880 3713
f 3710 3713 3711
f 3713 3880 3714
f 3714 3880 3715
f 3716 3881 3717
f 3716 3721 3882
f 3716 3882 3881
f 3717 3881 3873
f 3717 3873 3720
f 3717 3720 3718
f 3718 3720 3719
f 3721 3879 3883
f 3721 3883 3884
f 3721 3884 3885
f 3721 3885 3882
f 3723 3876 3886
f 3723 3886 3724
f 3724 3886 3887
f 3724 3887 3725
f 3725 3887 3727
f 3725 3727 3726
f 3727 3887 3888
f 3727 3888 3728
f 3728 3889 3729
f 3728 3888 3890
f 3728 3890 3891
f 3728 3891 3892
f 3728 3892 3889
f 3730 3732 3893
f 3730 3893 3894
f 3730 3894 3895
f 3730 3895 3896
f 3730 3896 3733
f 3732 3734 3897
f 3732 3897 3898
f 3732 3898 3893
f 3733 3896 3738
f 3734 3899 3897
f 3735 3746 3736
f 3736 3900 3747
f 3736 3746 3901
f 3736 3901 3744
f 3736 3744 3900
f 3737 3739 3902
f 3737 3902 3903
f 3737 3903 3740
f 3738 3896 3739
f 3739 3896 4036
f 3739 4036 3902
f 3740 3903 3741
f 3741 3903 3904
f 3741 3904 3905
f 3741 3905 3742
f 3742 3905 3743
f 3743 3905 3906
f 3743 3906 3744
f 3744 3906 3907
f 3744 3907 3900
f 3744 3901 3745
f 3745 3901 3746
f 3747 3900 3908
f 3747 3908 3909
f 3747 3909 3910
f 3747 3910 3749
f 3747 3749 3748
f 3749 3910 3911
f 3749 3911 3912
f 3749 3912 3913
f 3749 3913 3751
f 3749 3751 3750
f 3751 3913 3752
f 3752 3913 3755
f 3755 3913 3912
f 3755 3912 3914
f 3755 3914 3760
f 3755 3760 3756
f 3757 3915 3793
f 3757 3793 3758
f 3757 3760 3914
f 3757 3914 3915
f 3758 3793 3762
f 3758 3762 3759
f 3761 3764 3765
f 3762 3793 3763
f 3763 3916 3917
f 3763 3917 3918
f 3763 3918 3764
f 3763 3793 3916
f 3764 3918 3765
f 3765 3918 3919
f 3765 3919 3766
f 3766 3919 3770
f 3766 3769 3767
f 3770 3919 3918
f 3770 3918 3917
f 3771 3815 3814
f 3771 3814 3772
f 3771 3775 3920
f 3771 3920 3954
f 3771 3954 3815
f 3773 3787 3921
f 3773 3921 3774
f 3774 3921 3775
f 3775 3921 3922
f 3775 3922 3920
f 3779 3923 3924
f 3779 3924 3780
f 3779 3810 3923
f 3780 3924 3925
f 3780 3925 3926
f 3780 3926 3781
f 3781 3926 3782
f 3782 3926 3927
f 3782 3927 3928
f 3782 3928 3784
f 3784 3929 3930
f 3784 3930 3785
f 3784 3928 3927
f 3784 3927 3931
f 3784 3931 3932
f 3784 3932 3933
f 3784 3933 3934
f 3784 3934 3935
f 3784 3935 3936
f 3784 3936 3929
f 3785 3930 3937
f 3785 3937 3938
f 3785 3938 3786
f 3786 3938 3787
f 3787 3937 3921
f 3787 3938 3937
f 3789 3917 3939
f 3789 3939 3790
f 3790 3939 3791
f 3791 3917 3916
f 3791 3916 3792
f 3791 3939 3917
f 3792 3916 3793
f 3793 3915 3794
f 3794 3915 3940
f 3794 3940 3941
f 3794 3941 3795
f 3795 3941 3942
f 3795 3942 3796
f 3796 3942 3943
f 3796 3943 3797
f 3797 3943 3942
f 3797 3942 3944
f 3797 3944 3801
f 3797 3801 3798
f 3799 3802 3945
f 3799 3945 3800
f 3800 3945 3946
f 3800 3946 3947
f 3800 3947 3804
f 3800 3804 3803
f 3801 3944 3948
f 3801 3948 3945
f 3801 3945 3802
f 3804 3947 3949
f 3804 3949 3950
f 3804 3950 3806
f 3804 3806 3805
f 3806 3950 3951
f 3806 3951 3807
f 3807 3951 3808
f 3808 3951 3952
f 3808 3952 3923
f 3808 3923 3809
f 3809 3923 3810
f 3811 3857 3953
f 3811 3953 3813
f 3811 3813 3812
f 3813 3865 3862
f 3813 3953 3865
f 3815 3954 3816
f 3816 3954 3955
f 3816 3955 3956
f 3816 3956 3817
f 3817 3956 3818
f 3818 3956 3821
f 3818 3821 3819
f 3820 3834 3835
f 3821 3956 3957
f 3821 3957 3958
f 3821 3958 3959
f 3821 3959 3822
f 3822 3960 3826
f 3822 3826 3825
f 3822 3825 3824
f 3822 3824 3823
f 3822 3959 3960
f 3826 3960 3827
f 3827 3961 3962
f 3827 3962 3828
f 3827 3960 3963
f 3827 3963 3964
f 3827 3964 3965
f 3827 3965 3966
f 3827 3966 3967
f 3827 3967 3968
f 3827 3968 3961
f 3828 3962 3829
f 3829 3969 3970
f 3829 3970 3971
f 3829 3971 3831
f 3829 3831 3830
f 3829 3962 3972
f 3829 3972 3969
f 3831 3971 3837
f 3836 3837 3973
f 3836 3973 3847
f 3837 3971 3970
f 3837 3970 3974
f 3837 3974 3973
f 3838 3849 3839
f 3839 3975 3840
f 3839 3849 3976
f 3839 3976 3977
f 3839 3977 3975
f 3840 3975 3977
f 3840 3977 3978
f 3840 3978 3841
f 3841 3979 3981
f 3841 3981 3843
f 3841 3978 3979
f 3842 3843 3980
f 3842 3980 3844
f 3843 3981 3982
f 3843 3982 3980
f 3844 3980 3983
f 3844 3983 3984
f 3844 3984 3985
f 3844 3985 3845
f 3845 3985 3986
f 3845 3986 3987
f 3845 3987 3988
f 3845 3988 3989
f 3845 3989 3846
f 3846 3989 3990
f 3846 3990 3851
f 3846 3851 3850
f 3847 3973 3974
f 3847 3974 3991
f 3847 3991 3992
f 3847 3992 3848
f 3848 3992 3849
f 3849 3992 3976
f 3851 3990 3989
f 3851 3989 3852
f 3852 3989 3993
f 3852 3993 3853
f 3853 3993 3858
f 3854 3858 3994
f 3854 3994 3855
f 3855 3994 3856
f 3856 3994 3995
f 3856 3995 3953
f 3858 3993 3996
f 3858 3996 3997
f 3858 3997 3994
f 3859 3998 3872
f 3859 3861 3871
f 3859 3871 3869
f 3859 3869 3998
f 3863 3999 3867
f 3863 3867 3866
f 3863 3866 3864
f 3863 3865 3999
f 3865 3953 3994
f 3865 3994 3996
f 3865 3996 3999
f 3867 4000 4001
f 3867 4001 4002
f 3867 4002 3869
f 3867 3869 3868
f 3867 3999 4000
f 3869 3871 3870
f 3869 4002 4003
f 3869 4003 3998
f 3872 3998 4004
f 3872 4004 3878
f 3873 3881 4005
f 3873 4005 3874
f 3874 4005 3881
f 3874 3881 4006
f 3874 4006 4007
f 3874 4007 4008
f 3874 4008 4009
f 3874 4009 3876
f 3874 3876 3875
f 3876 4009 4010
f 3876 4010 3886
f 3877 4011 4012
f 3877 4012 3879
f 3877 3878 4004
f 3877 4004 4013
f 3877 4013 4011
f 3879 4012 3883
f 3881 4014 4015
f 3881 4015 4006
f 3881 3882 3885
f 3881 3885 4016
f 3881 4016 4017
f 3881 4017 4018
f 3881 4018 4019
f 3881 4019 4020
f 3881 4020 4021
f 3881 4021 4022
f 3881 4022 4014
f 3883 4012 4023
f 3883 4023 3884
f 3884 4023 4016
f 3884 4016 3885
f 3886 4024 4025
f 3886 4025 4026
f 3886 4026 4027
f 3886 4027 3891
f 3886 3891 3887
f 3886 4010 4024
f 3887 3891 3890
f 3887 3890 3888
f 3889 3892 4028
f 3889 4028 4029
f 3891 4027 4025
f 3891 4025 4030
f 3891 4030 4028
f 3891 4028 3892
f 3893 3898 3894
f 3894 3898 4031
f 3894 4031 3895
f 3895 4031 4032
f 3895 4032 3896
f 3896 4032 4033
f 3896 4033 4034
f 3896 4034 4035
f 3896 4035 4036
f 3897 3899 4037
f 3897 4037 3898
f 3898 4037 4031
f 3899 4038 4037
f 3900 3907 4039
f 3900 4039 3908
f 3902 4040 4041
f 3902 4041 3903
f 3902 4036 4040
f 3903 4041 4042
f 3903 4042 4043
f 3903 4043 3904
f 3904 4043 4044
f 3904 4044 4045
f 3904 4045 3905
f 3905 4045 3906
f 3906 4046 4047
f 3906 4047 3907
f 3906 4045 4048
f 3906 4048 4049
f 3906 4049 4050
f 3906 4050 4046
f 3907 4047 4039
f 3908 4039 4051
f 3908 4051 3909
f 3909 4051 3910
f 3910 4051 3948
f 3910 3948 3942
f 3910 3942 3940
f 3910 3940 3911
f 3911 3940 3914
f 3911 3914 3912
f 3914 3940 3915
f 3920 3922 3955
f 3920 3955 3954
f 3921 4052 4053
f 3921 4053 3922
f 3921 3937 3929
f 3921 3929 4054
f 3921 4054 4055
f 3921 4055 4052
f 3922 4053 4081
f 3922 4081 3955
f 3923 3952 3924
f 3924 3952 4056
f 3924 4056 4057
f 3924 4057 4058
f 3924 4058 4059
f 3924 4059 3925
f 3925 4059 3926
f 3926 4059 4060
f 3926 4060 3931
f 3926 3931 3927
f 3929 3937 3930
f 3929 3936 4054
f 3931 4060 3932
f 3932 4060 4061
f 3932 4061 3933
f 3933 4061 4062
f 3933 4062 3934
f 3934 4062 4063
f 3934 4063 3935
f 3935 4063 4064
f 3935 4064 4065
f 3935 4065 4066
f 3935 4066 4067
f 3935 4067 3936
f 3936 4067 4068
f 3936 4068 4054
f 3940 3942 3941
f 3942 3948 3944
f 3945 3948 4069
f 3945 4069 4070
f 3945 4070 3946
f 3946 4070 3947
f 3947 4071 4072
f 3947 4072 4073
f 3947 4073 4074
f 3947 4074 3949
f 3947 4070 4071
f 3948 4051 4069
f 3949 4074 4075
f 3949 4075 4197
f 3949 4197 4076
f 3949 4076 4077
f 3949 4077 3950
f 3950 4077 4078
f 3950 4078 3951
f 3951 4056 3952
f 3951 4078 4079
f 3951 4079 4080
f 3951 4080 4056
f 3953 3995 3994
f 3955 4081 3956
f 3956 4081 4082
f 3956 4082 3957
f 3957 4082 4083
f 3957 4083 4084
f 3957 4084 3958
f 3958 4084 4085
f 3958 4085 4086
f 3958 4086 4087
f 3958 4087 4088
f 3958 4088 4089
f 3958 4089 4090
f 3958 4090 3959
f 3959 4090 4089
f 3959 4089 3960
f 3960 4089 3963
f 3961 3968 3962
f 3962 3968 4091
f 3962 4091 4092
f 3962 4092 4093
f 3962 4093 4094
f 3962 4094 3972
f 3963 4089 4095
f 3963 4095 3964
f 3964 4095 4096
f 3964 4096 4097
f 3964 4097 3965
f 3965 4097 4098
f 3965 4098 4099
f 3965 4099 3966
f 3966 4099 3967
f 3967 4099 3968
f 3968 4099 4100
f 3968 4100 4091
f 3969 3972 3970
f 3970 3972 4101
f 3970 4101 4102
f 3970 4102 3974
f 3972 4094 4103
f 3972 4103 4101
f 3974 4102 3991
f 3976 3992 4104
f 3976 4104 3978
f 3976 3978 3977
f 3978 4104 4105
f 3978 4105 4106
f 3978 4106 3979
f 3979 4106 3981
f 3980 3982 3983
f 3981 4106 4107
f 3981 4107 3982
f 3982 4107 3984
f 3982 3984 3983
f 3984 4107 4108
f 3984 4108 4109
f 3984 4109 4110
f 3984 4110 3986
f 3984 3986 3985
f 3986 4110 4000
f 3986 4000 3987
f 3987 4111 3988
f 3987 4000 4111
f 3988 4111 3989
f 3989 3996 3993
f 3989 4111 3999
f 3989 3999 3996
f 3991 4102 4112
f 3991 4112 3992
f 3992 4112 4101
f 3992 4101 4113
f 3992 4113 4114
f 3992 4114 4115
f 3992 4115 4116
f 3992 4116 4117
f 3992 4117 4104
f 3994 3997 3996
f 3998 4003 4004
f 3999 4111 4000
f 4000 4110 4001
f 4001 4110 4118
f 4001 4118 4002
f 4002 4118 4003
f 4003 4118 4004
f 4004 4118 4109
f 4004 4109 4013
f 4006 4015 4007
f 4007 4119 4008
f 4007 4015 4119
f 4008 4120 4121
f 4008 4121 4122
f 4008 4122 4123
f 4008 4123 4124
f 4008 4124 4024
f 4008 4024 4009
f 4008 4119 4120
f 4009 4024 4125
f 4009 4125 4010
f 4010 4125 4024
f 4011 4126 4127
f 4011 4127 4128
f 4011 4128 4018
f 4011 4018 4016
f 4011 4016 4012
f 4011 4013 4129
f 4011 4129 4130
f 4011 4130 4126
f 4012 4016 4023
f 4013 4109 4129
f 4014 4131 4132
f 4014 4132 4133
f 4014 4133 4119
f 4014 4119 4015
f 4014 4022 4134
f 4014 4134 4135
f 4014 4135 4131
f 4016 4018 4017
f 4018 4020 4019
f 4018 4128 4020
f 4020 4128 4136
f 4020 4136 4022
f 4020 4022 4021
f 4022 4136 4137
f 4022 4137 4138
f 4022 4138 4134
f 4024 4139 4025
f 4024 4124 4139
f 4025 4027 4026
f 4025 4139 4140
f 4025 4140 4141
f 4025 4141 4142
f 4025 4142 4143
f 4025 4143 4144
f 4025 4144 4145
f 4025 4145 4028
f 4025 4028 4030
f 4028 4145 4029
f 4029 4146 4147
f 4029 4147 4148
f 4029 4145 4146
f 4031 4037 4032
f 4032 4037 4149
f 4032 4149 4150
f 4032 4150 4033
f 4033 4151 4034
f 4033 4150 4152
f 4033 4152 4151
f 4034 4151 4035
f 4035 4153 4154
f 4035 4154 4155
f 4035 4155 4156
f 4035 4156 4157
f 4035 4157 4036
f 4035 4151 4158
f 4035 4158 4159
f 4035 4159 4160
f 4035 4160 4153
f 4036 4157 4161
f 4036 4161 4162
f 4036 4162 4040
f 4037 4038 4163
f 4037 4163 4149
f 4039 4047 4164
f 4039 4164 4165
f 4039 4165 4166
f 4039 4166 4051
f 4040 4162 4041
f 4041 4162 4167
f 4041 4167 4042
f 4042 4167 4168
f 4042 4168 4043
f 4043 4168 4169
f 4043 4169 4044
f 4044 4169 4170
f 4044 4170 4050
f 4044 4050 4045
f 4045 4050 4171
f 4045 4171 4048
f 4046 4172 4173
f 4046 4173 4047
f 4046 4050 4172
f 4047 4173 4196
f 4047 4196 4164
f 4048 4171 4049
f 4049 4171 4050
f 4050 4174 4175
f 4050 4175 4176
f 4050 4176 4172
f 4050 4170 4168
f 4050 4168 4174
f 4051 4166 4177
f 4051 4177 4070
f 4051 4070 4069
f 4052 4082 4081
f 4052 4081 4053
f 4052 4055 4178
f 4052 4178 4083
f 4052 4083 4082
f 4054 4068 4179
f 4054 4179 4180
f 4054 4180 4181
f 4054 4181 4055
f 4055 4181 4178
f 4056 4080 4057
f 4057 4080 4182
f 4057 4182 4183
f 4057 4183 4058
f 4058 4060 4059
f 4058 4183 4184
f 4058 4184 4185
f 4058 4185 4061
f 4058 4061 4060
f 4061 4185 4186
f 4061 4186 4062
f 4062 4186 4063
f 4063 4186 4064
f 4064 4187 4065
f 4064 4186 4187
f 4065 4187 4188
f 4065 4188 4189
f 4065 4189 4190
f 4065 4190 4191
f 4065 4191 4066
f 4066 4191 4192
f 4066 4192 4193
f 4066 4193 4067
f 4067 4193 4179
f 4067 4179 4068
f 4070 4177 4194
f 4070 4194 4166
f 4070 4166 4195
f 4070 4195 4071
f 4071 4195 4164
f 4071 4164 4196
f 4071 4196 4072
f 4072 4196 4173
f 4072 4173 4073
f 4073 4173 4172
f 4073 4172 4197
f 4073 4197 4075
f 4073 4075 4074
f 4076 4197 4077
f 4077 4197 4078
f 4078 4197 4176
f 4078 4176 4198
f 4078 4198 4270
f 4078 4270 4199
f 4078 4199 4079
f 4079 4199 4200
f 4079 4200 4182
f 4079 4182 4080
f 4083 4178 4272
f 4083 4272 4201
f 4083 4201 4084
f 4084 4201 4085
f 4085 4201 4202
f 4085 4202 4086
f 4086 4202 4203
f 4086 4203 4087
f 4087 4203 4204
f 4087 4204 4205
f 4087 4205 4088
f 4088 4205 4096
f 4088 4096 4089
f 4089 4096 4095
f 4091 4100 4092
f 4092 4100 4206
f 4092 4206 4207
f 4092 4207 4093
f 4093 4207 4094
f 4094 4207 4208
f 4094 4208 4209
f 4094 4209 4210
f 4094 4210 4113
f 4094 4113 4101
f 4094 4101 4103
f 4096 4205 4211
f 4096 4211 4212
f 4096 4212 4213
f 4096 4213 4097
f 4097 4213 4212
f 4097 4212 4098
f 4098 4212 4214
f 4098 4214 4099
f 4099 4214 4215
f 4099 4215 4216
f 4099 4216 4217
f 4099 4217 4218
f 4099 4218 4206
f 4099 4206 4100
f 4101 4112 4102
f 4104 4117 4105
f 4105 4117 4219
f 4105 4219 4220
f 4105 4220 4107
f 4105 4107 4106
f 4107 4220 4108
f 4108 4220 4221
f 4108 4221 4109
f 4109 4221 4129
f 4109 4118 4110
f 4113 4222 4114
f 4113 4210 4222
f 4114 4222 4223
f 4114 4223 4224
f 4114 4224 4225
f 4114 4225 4138
f 4114 4138 4115
f 4115 4226 4219
f 4115 4219 4116
f 4115 4138 4227
f 4115 4227 4228
f 4115 4228 4226
f 4116 4219 4117
f 4119 4133 4120
f 4120 4229 4121
f 4120 4133 4229
f 4121 4229 4132
f 4121 4132 4230
f 4121 4230 4123
f 4121 4123 4122
f 4123 4230 4140
f 4123 4140 4139
f 4123 4139 4124
f 4126 4228 4127
f 4126 4130 4231
f 4126 4231 4226
f 4126 4226 4228
f 4127 4138 4137
f 4127 4137 4128
f 4127 4228 4138
f 4128 4137 4136
f 4129 4221 4130
f 4130 4221 4231
f 4131 4135 4232
f 4131 4232 4132
f 4132 4233 4234
f 4132 4234 4235
f 4132 4235 4236
f 4132 4236 4237
f 4132 4237 4238
f 4132 4238 4230
f 4132 4229 4133
f 4132 4232 4233
f 4134 4138 4239
f 4134 4239 4240
f 4134 4240 4241
f 4134 4241 4135
f 4135 4241 4242
f 4135 4242 4232
f 4138 4225 4239
f 4138 4228 4227
f 4140 4243 4244
f 4140 4244 4245
f 4140 4245 4141
f 4140 4230 4243
f 4141 4245 4244
f 4141 4244 4142
f 4142 4246 4143
f 4142 4244 4246
f 4143 4246 4247
f 4143 4247 4248
f 4143 4248 4249
f 4143 4249 4250
f 4143 4250 4144
f 4144 4250 4145
f 4145 4250 4146
f 4146 4250 4147
f 4147 4250 4249
f 4147 4249 4148
f 4149 4163 4251
f 4149 4251 4152
f 4149 4152 4150
f 4151 4152 4252
f 4151 4252 4253
f 4151 4253 4254
f 4151 4254 4158
f 4152 4251 4254
f 4152 4254 4252
f 4153 4160 4255
f 4153 4255 4256
f 4153 4256 4257
f 4153 4257 4155
f 4153 4155 4154
f 4155 4257 4162
f 4155 4162 4258
f 4155 4258 4156
f 4156 4258 4157
f 4157 4258 4161
f 4158 4259 4159
f 4158 4254 4260
f 4158 4260 4259
f 4159 4259 4261
f 4159 4261 4160
f 4160 4261 4255
f 4161 4258 4162
f 4162 4257 4167
f 4163 4254 4251
f 4164 4195 4166
f 4164 4166 4165
f 4166 4194 4177
f 4167 4257 4168
f 4168 4170 4169
f 4168 4257 4262
f 4168 4262 4263
f 4168 4263 4264
f 4168 4264 4265
f 4168 4265 4266
f 4168 4266 4267
f 4168 4267 4174
f 4172 4176 4197
f 4174 4267 4268
f 4174 4268 4269
f 4174 4269 4175
f 4175 4270 4176
f 4175 4269 4271
f 4175 4271 4270
f 4176 4270 4198
f 4178 4181 4272
f 4179 4193 4180
f 4180 4193 4192
f 4180 4192 4273
f 4180 4273 4274
f 4180 4274 4275
f 4180 4275 4181
f 4181 4275 4276
f 4181 4276 4272
f 4182 4200 4277
f 4182 4277 4278
f 4182 4278 4184
f 4182 4184 4183
f 4184 4278 4185
f 4185 4278 4277
f 4185 4277 4188
f 4185 4188 4187
f 4185 4187 4186
f 4188 4279 4280
f 4188 4280 4189
f 4188 4277 4279
f 4189 4281 4191
f 4189 4191 4190
f 4189 4280 4282
f 4189 4282 4283
f 4189 4283 4281
f 4191 4284 4285
f 4191 4285 4192
f 4191 4281 4283
f 4191 4283 4286
f 4191 4286 4287
f 4191 4287 4288
f 4191 4288 4284
f 4192 4285 4273
f 4199 4270 4200
f 4200 4270 4289
f 4200 4289 4277
f 4201 4272 4276
f 4201 4276 4202
f 4202 4276 4350
f 4202 4350 4290
f 4202 4290 4204
f 4202 4204 4203
f 4204 4290 4291
f 4204 4291 4292
f 4204 4292 4293
f 4204 4293 4205
f 4205 4293 4211
f 4206 4294 4295
f 4206 4295 4207
f 4206 4218 4294
f 4207 4295 4208
f 4208 4295 4294
f 4208 4294 4209
f 4209 4296 4210
f 4209 4294 4296
f 4210 4296 4222
f 4211 4297 4214
f 4211 4214 4212
f 4211 4293 4298
f 4211 4298 4299
f 4211 4299 4300
f 4211 4300 4301
f 4211 4301 4297
f 4214 4297 4302
f 4214 4302 4303
f 4214 4303 4304
f 4214 4304 4305
f 4214 4305 4215
f 4215 4305 4304
f 4215 4304 4216
f 4216 4306 4217
f 4216 4304 4303
f 4216 4303 4307
f 4216 4307 4308
f 4216 4308 4309
f 4216 4309 4310
f 4216 4310 4233
f 4216 4233 4306
f 4217 4306 4311
f 4217 4311 4218
f 4218 4311 4294
f 4219 4226 4220
f 4220 4226 4231
f 4220 4231 4221
f 4222 4296 4223
f 4223 4296 4224
f 4224 4296 4239
f 4224 4239 4225
f 4230 4238 4312
f 4230 4312 4243
f 4232 4242 4233
f 4233 4310 4234
f 4233 4242 4306
f 4234 4310 4235
f 4235 4310 4309
f 4235 4309 4313
f 4235 4313 4237
f 4235 4237 4236
f 4237 4312 4238
f 4237 4313 4314
f 4237 4314 4315
f 4237 4315 4316
f 4237 4316 4317
f 4237 4317 4318
f 4237 4318 4319
f 4237 4319 4243
f 4237 4243 4312
f 4239 4296 4240
f 4240 4296 4294
f 4240 4294 4311
f 4240 4311 4242
f 4240 4242 4241
f 4242 4311 4306
f 4243 4319 4320
f 4243 4320 4244
f 4244 4320 4321
f 4244 4321 4246
f 4246 4321 4322
f 4246 4322 4247
f 4247 4322 4248
f 4248 4323 4324
f 4248 4324 4325
f 4248 4325 4249
f 4248 4322 4323
f 4252 4254 4253
f 4255 4326 4256
f 4255 4261 4327
f 4255 4327 4326
f 4256 4328 4257
f 4256 4326 4328
f 4257 4328 4262
f 4259 4260 4329
f 4259 4329 4261
f 4260 4330 4331
f 4260 4331 4329
f 4261 4332 4327
f 4261 4329 4333
f 4261 4333 4334
f 4261 4334 4332
f 4262 4328 4335
f 4262 4335 4263
f 4263 4335 4328
f 4263 4328 4336
f 4263 4336 4337
f 4263 4337 4338
f 4263 4338 4339
f 4263 4339 4264
f 4264 4339 4340
f 4264 4340 4265
f 4265 4280 4341
f 4265 4341 4277
f 4265 4277 4342
f 4265 4342 4343
f 4265 4343 4271
f 4265 4271 4344
f 4265 4344 4266
f 4265 4340 4345
f 4265 4345 4346
f 4265 4346 4347
f 4265 4347 4280
f 4266 4344 4267
f 4267 4344 4271
f 4267 4271 4269
f 4267 4269 4268
f 4270 4271 4289
f 4271 4343 4289
f 4273 4285 4348
f 4273 4348 4349
f 4273 4349 4350
f 4273 4350 4276
f 4273 4276 4274
f 4274 4276 4275
f 4277 4289 4342
f 4277 4341 4279
f 4279 4341 4280
f 4280 4347 4282
f 4282 4347 4286
f 4282 4286 4283
f 4284 4351 4348
f 4284 4348 4285
f 4284 4288 4352
f 4284 4352 4353
f 4284 4353 4351
f 4286 4347 4354
f 4286 4354 4355
f 4286 4355 4287
f 4287 4355 4356
f 4287 4356 4288
f 4288 4356 4357
f 4288 4357 4352
f 4289 4343 4342
f 4290 4350 4349
f 4290 4349 4291
f 4291 4358 4292
f 4291 4349 4405
f 4291 4405 4359
f 4291 4359 4360
f 4291 4360 4358
f 4292 4358 4298
f 4292 4298 4293
f 4297 4301 4302
f 4298 4358 4361
f 4298 4361 4362
f 4298 4362 4299
f 4299 4362 4363
f 4299 4363 4300
f 4300 4363 4364
f 4300 4364 4365
f 4300 4365 4301
f 4301 4365 4303
f 4301 4303 4302
f 4303 4365 4366
f 4303 4366 4367
f 4303 4367 4307
f 4307 4367 4368
f 4307 4368 4308
f 4308 4368 4309
f 4309 4368 4313
f 4313 4368 4367
f 4313 4367 4314
f 4314 4367 4315
f 4315 4367 4369
f 4315 4369 4370
f 4315 4370 4371
f 4315 4371 4317
f 4315 4317 4316
f 4317 4371 4372
f 4317 4372 4373
f 4317 4373 4374
f 4317 4374 4375
f 4317 4375 4322
f 4317 4322 4376
f 4317 4376 4318
f 4318 4376 4319
f 4319 4376 4377
f 4319 4377 4320
f 4320 4377 4321
f 4321 4376 4322
f 4321 4377 4376
f 4322 4375 4378
f 4322 4378 4379
f 4322 4379 4380
f 4322 4380 4381
f 4322 4381 4323
f 4323 4381 4324
f 4324 4382 4383
f 4324 4381 4382
f 4326 4327 4384
f 4326 4384 4385
f 4326 4385 4386
f 4326 4386 4336
f 4326 4336 4328
f 4327 4332 4387
f 4327 4387 4384
f 4329 4331 4388
f 4329 4388 4389
f 4329 4389 4333
f 4330 4388 4331
f 4332 4334 4390
f 4332 4390 4387
f 4333 4389 4391
f 4333 4391 4334
f 4334 4391 4392
f 4334 4392 4393
f 4334 4393 4394
f 4334 4394 4395
f 4334 4395 4396
f 4334 4396 4390
f 4336 4386 4337
f 4337 4397 4338
f 4337 4386 4385
f 4337 4385 4397
f 4338 4398 4339
f 4338 4397 4399
f 4338 4399 4398
f 4339 4398 4346
f 4339 4346 4345
f 4339 4345 4340
f 4346 4398 4400
f 4346 4400 4401
f 4346 4401 4402
f 4346 4402 4403
f 4346 4403 4347
f 4347 4403 4354
f 4348 4351 4349
f 4349 4351 4404
f 4349 4404 4405
f 4351 4353 4406
f 4351 4406 4404
f 4352 4357 4356
f 4352 4356 4407
f 4352 4407 4408
f 4352 4408 4406
f 4352 4406 4353
f 4354 4403 4355
f 4355 4403 4402
f 4355 4402 4401
f 4355 4401 4356
f 4356 4401 4409
f 4356 4409 4410
f 4356 4410 4411
f 4356 4411 4412
f 4356 4412 4407
f 4358 4360 4413
f 4358 4413 4361
f 4359 4405 4442
f 4359 4442 4414
f 4359 4414 4415
f 4359 4415 4360
f 4360 4415 4413
f 4361 4413 4362
f 4362 4413 4415
f 4362 4415 4416
f 4362 4416 4417
f 4362 4417 4364
f 4362 4364 4363
f 4364 4417 4418
f 4364 4418 4365
f 4365 4418 4419
f 4365 4419 4369
f 4365 4369 4420
f 4365 4420 4366
f 4366 4420 4367
f 4367 4420 4369
f 4369 4419 4421
f 4369 4421 4370
f 4370 4421 4371
f 4371 4421 4372
f 4372 4422 4373
f 4372 4421 4422
f 4373 4423 4424
f 4373 4424 4378
f 4373 4378 4375
f 4373 4375 4374
f 4373 4422 4423
f 4378 4424 4425
f 4378 4425 4426
f 4378 4426 4379
f 4379 4426 4427
f 4379 4427 4380
f 4380 4427 4428
f 4380 4428 4381
f 4381 4428 4382
f 4382 4428 4383
f 4383 4428 4429
f 4384 4387 4430
f 4384 4430 4431
f 4384 4431 4385
f 4385 4431 4432
f 4385 4432 4433
f 4385 4433 4397
f 4387 4390 4434
f 4387 4434 4430
f 4390 4396 4435
f 4390 4435 4434
f 4393 4436 4437
f 4393 4437 4394
f 4394 4437 4395
f 4395 4437 4396
f 4396 4437 4435
f 4397 4433 4438
f 4397 4438 4399
f 4398 4399 4400
f 4399 4438 4400
f 4400 4439 4401
f 4400 4438 4440
f 4400 4440 4439
f 4401 4439 4441
f 4401 4441 4409
f 4404 4406 4408
f 4404 4408 4405
f 4405 4408 4442
f 4407 4412 4443
f 4407 4443 4408
f 4408 4443 4442
f 4409 4441 4444
f 4409 4444 4410
f 4410 4445 4446
f 4410 4446 4411
f 4410 4444 4447
f 4410 4447 4448
f 4410 4448 4445
f 4411 4443 4412
f 4411 4446 4445
f 4411 4445 4449
f 4411 4449 4450
f 4411 4450 4443
f 4414 4442 4443
f 4414 4443 4451
f 4414 4451 4416
f 4414 4416 4415
f 4416 4451 4417
f 4417 4451 4452
f 4417 4452 4453
f 4417 4453 4454
f 4417 4454 4455
f 4417 4455 4419
f 4417 4419 4418
f 4419 4455 4456
f 4419 4456 4457
f 4419 4457 4421
f 4421 4457 4458
f 4421 4458 4422
f 4422 4456 4423
f 4422 4458 4456
f 4423 4459 4460
f 4423 4460 4424
f 4423 4456 4459
f 4424 4460 4461
f 4424 4461 4462
f 4424 4462 4425
f 4425 4462 4463
f 4425 4463 4464
f 4425 4464 4426
f 4426 4464 4465
f 4426 4465 4428
f 4426 4428 4427
f 4428 4465 4429
f 4429 4465 4467
f 4429 4467 4468
f 4429 4468 4466
f 4430 4434 4469
f 4430 4469 4470
f 4430 4470 4471
f 4430 4471 4432
f 4430 4432 4431
f 4432 4471 4438
f 4432 4438 4433
f 4434 4470 4469
f 4434 4435 4472
f 4434 4472 4473
f 4434 4473 4470
f 4435 4437 4472
f 4436 4474 4437
f 4437 4474 4475
f 4437 4475 4472
f 4438 4471 4440
f 4439 4440 4476
f 4439 4476 4441
f 4440 4471 4470
f 4440 4470 4476
f 4441 4476 4477
f 4441 4477 4444
f 4443 4450 4452
f 4443 4452 4451
f 4444 4477 4447
f 4445 4448 4478
f 4445 4478 4479
f 4445 4479 4480
f 4445 4480 4481
f 4445 4481 4449
f 4447 4477 4482
f 4447 4482 4448
f 4448 4482 4479
f 4448 4479 4478
f 4449 4453 4452
f 4449 4452 4450
f 4449 4481 4484
f 4449 4484 4453
f 4453 4483 4454
f 4453 4484 4483
f 4454 4483 4455
f 4455 4483 4485
f 4455 4485 4456
f 4456 4486 4487
f 4456 4487 4460
f 4456 4460 4459
f 4456 4458 4457
f 4456 4485 4486
f 4460 4488 4461
f 4460 4487 4488
f 4461 4488 4504
f 4461 4504 4489
f 4461 4489 4462
f 4462 4490 4491
f 4462 4491 4463
f 4462 4489 4490
f 4463 4491 4492
f 4463 4492 4468
f 4463 4468 4464
f 4464 4468 4467
f 4464 4467 4465
f 4466 4468 4492
f 4466 4492 4493
f 4470 4473 4494
f 4470 4494 4495
f 4470 4495 4496
f 4470 4496 4476
f 4472 4475 4497
f 4472 4497 4498
f 4472 4498 4473
f 4473 4498 4494
f 4474 4499 4500
f 4474 4500 4498
f 4474 4498 4501
f 4474 4501 4475
f 4475 4501 4497
f 4476 4496 4495
f 4476 4495 4477
f 4477 4495 4482
f 4479 4482 4495
f 4479 4495 4494
f 4479 4494 4502
f 4479 4502 4503
f 4479 4503 4480
f 4480 4503 4489
f 4480 4489 4504
f 4480 4504 4484
f 4480 4484 4481
f 4483 4484 4504
f 4483 4504 4505
f 4483 4505 4506
f 4483 4506 4507
f 4483 4507 4486
f 4483 4486 4485
f 4486 4507 4487
f 4487 4507 4506
f 4487 4506 4508
f 4487 4508 4488
f 4488 4508 4504
f 4489 4503 4509
f 4489 4509 4490
f 4490 4509 4516
f 4490 4516 4510
f 4490 4510 4492
f 4490 4492 4491
f 4492 4510 4511
f 4492 4511 4493
f 4494 4498 4502
f 4497 4501 4498
f 4498 4512 4513
f 4498 4513 4502
f 4498 4500 4514
f 4498 4514 4515
f 4498 4515 4512
f 4499 4514 4500
f 4502 4513 4503
f 4503 4513 4512
f 4503 4512 4509
f 4504 4508 4505
f 4505 4508 4506
f 4509 4512 4516
f 4510 4516 4517
f 4510 4517 4511
f 4512 4515 4517
f 4512 4517 4516
f 4514 4517 4515

