# https://github.com/mikedh/trimesh
v -0.01668731 0.01704897 -0.00506875
v -0.01681237 0.01704897 -0.00506776
v -0.01668731 0.01706296 -0.00506875
v -0.00491367 0.01704897 -0.00506875
v -0.01693743 0.01704897 -0.00506478
v -0.01681237 0.01706296 -0.00506776
v -0.01593694 0.01781286 -0.00506875
v -0.00491367 0.02276554 -0.00506875
v -0.00491367 0.01704897 0.00506875
v -0.01706249 0.01704897 -0.00505684
v -0.01618706 0.01781286 -0.00506379
v -0.01606200 0.01781286 -0.00506776
v -0.01518657 0.01843796 -0.00506875
v -0.00491367 0.02276554 0.00506875
v -0.00706354 0.02276554 -0.00506875
v -0.01670041 0.01704897 0.00506875
v -0.01708155 0.01704897 -0.00502112
v -0.01708155 0.01705065 -0.00505486
v -0.01706249 0.01706296 -0.00505585
v -0.01693743 0.01718776 -0.00505585
v -0.01668731 0.01743791 -0.00505486
v -0.01643719 0.01768750 -0.00505387
v -0.01631212 0.01781286 -0.00505287
v -0.01606200 0.01793765 -0.00506280
v -0.01581188 0.01806301 -0.00506677
v -0.01481139 0.01881291 -0.00506776
v -0.01456246 0.01893770 -0.00506875
v -0.00710999 0.02276554 0.00506875
v -0.00743753 0.02268719 -0.00506875
v -0.00731366 0.02276554 -0.00506776
v -0.01668731 0.01706296 0.00506875
v -0.01682547 0.01704897 0.00506776
v -0.01708155 0.01704897 0.00505386
v -0.01708155 0.01706296 -0.00505387
v -0.01706249 0.01718776 -0.00503997
v -0.01681237 0.01743791 -0.00503898
v -0.01643719 0.01781286 -0.00503600
v -0.01618706 0.01793765 -0.00505188
v -0.01568682 0.01831260 -0.00505783
v -0.01531163 0.01856275 -0.00506180
v -0.01556176 0.01831260 -0.00506478
v -0.01493645 0.01881291 -0.00506478
v -0.01518657 0.01856275 -0.00506677
v -0.01431233 0.01918785 -0.00506776
v -0.01406221 0.01931265 -0.00506875
v -0.00736011 0.02276554 0.00506776
v -0.00743753 0.02268719 0.00506875
v -0.00781271 0.02256239 -0.00506875
v -0.00768765 0.02268719 -0.00506776
v -0.00756259 0.02276554 -0.00506577
v -0.01681237 0.01706296 0.00506776
v -0.01593694 0.01781286 0.00506875
v -0.01693743 0.01704897 0.00506379
v -0.01707559 0.01704897 0.00505486
v -0.01708155 0.01716873 0.00503799
v -0.01708155 0.01718831 -0.00503600
v -0.01708155 0.01730584 -0.00501318
v -0.01706368 0.01731423 -0.00501516
v -0.01693743 0.01743847 -0.00501516
v -0.01668612 0.01768750 -0.00501417
v -0.01630855 0.01806021 -0.00501219
v -0.01631212 0.01793765 -0.00503501
v -0.01606200 0.01806301 -0.00504990
v -0.01543669 0.01856275 -0.00505287
v -0.01493645 0.01893770 -0.00505585
v -0.01506151 0.01881291 -0.00505783
v -0.01456246 0.01918785 -0.00505883
v -0.01443739 0.01918785 -0.00506478
v -0.01456246 0.01906306 -0.00506577
v -0.01406221 0.01943801 -0.00506577
v -0.01368703 0.01968760 -0.00506677
v -0.01343690 0.01981296 -0.00506776
v -0.01318678 0.01993719 -0.00506875
v -0.00756259 0.02276554 0.00506676
v -0.00768765 0.02268719 0.00506776
v -0.00781271 0.02256239 0.00506875
v -0.00806284 0.02256239 -0.00506776
v -0.00856308 0.02231224 -0.00506875
v -0.00793778 0.02268719 -0.00506379
v -0.00768765 0.02276554 -0.00506379
v -0.01606200 0.01781286 0.00506776
v -0.01656225 0.01743791 0.00506379
v -0.01668731 0.01731255 0.00506379
v -0.01518657 0.01843796 0.00506875
v -0.01706249 0.01704897 0.00505585
v -0.01706249 0.01706296 0.00505486
v -0.01708155 0.01729968 0.00501119
v -0.01706249 0.01718776 0.00503799
v -0.01708155 0.01733214 -0.00500623
v -0.01702200 0.01739761 -0.00500524
v -0.01677068 0.01764553 -0.00500524
v -0.01639192 0.01801656 -0.00500425
v -0.01618706 0.01806301 -0.00503303
v -0.01626448 0.01813800 -0.00500326
v -0.01593694 0.01840102 -0.00500623
v -0.01581902 0.01844579 -0.00501814
v -0.01581188 0.01831260 -0.00504493
v -0.01518657 0.01881291 -0.00504692
v -0.01481139 0.01906306 -0.00505287
v -0.01443739 0.01931265 -0.00505585
v -0.01368703 0.01981296 -0.00505982
v -0.01431233 0.01931265 -0.00506280
v -0.01356196 0.01981296 -0.00506478
v -0.01318678 0.02006199 -0.00506577
v -0.01256147 0.02043750 -0.00506677
v -0.01231135 0.02056229 -0.00506776
v -0.01218748 0.02056229 -0.00506875
v -0.00768765 0.02276554 0.00506478
v -0.00781271 0.02268719 0.00506676
v -0.00806284 0.02256239 0.00506776
v -0.00856308 0.02231224 0.00506875
v -0.00843802 0.02243704 -0.00506776
v -0.00831296 0.02256239 -0.00506379
v -0.00918839 0.02206209 -0.00506875
v -0.00906333 0.02218745 -0.00506776
v -0.00806284 0.02268719 -0.00506081
v -0.00793778 0.02276554 -0.00505585
v -0.01481139 0.01893770 0.00506478
v -0.01606200 0.01793765 0.00506280
v -0.01643719 0.01756270 0.00506379
v -0.01468633 0.01893770 0.00506776
v -0.01456246 0.01893770 0.00506875
v -0.01693743 0.01718776 0.00505486
v -0.01684929 0.01760020 0.00499333
v -0.01697435 0.01747540 0.00499333
v -0.01708155 0.01739034 0.00498738
v -0.01693743 0.01731255 0.00503799
v -0.01643361 0.01793429 0.00501219
v -0.01638954 0.01801488 0.00500326
v -0.01708155 0.01740433 -0.00498639
v -0.01697912 0.01748100 -0.00499433
v -0.01660155 0.01785259 -0.00499333
v -0.01634786 0.01809994 -0.00499234
v -0.01593694 0.01831260 -0.00502509
v -0.01556176 0.01856275 -0.00503799
v -0.01621565 0.01822138 -0.00499036
v -0.01600007 0.01837528 -0.00499929
v -0.01524732 0.01899814 -0.00499929
v -0.01538071 0.01888006 -0.00500127
v -0.01531163 0.01890860 -0.00500822
v -0.01519848 0.01894890 -0.00502013
v -0.01531163 0.01881291 -0.00502906
v -0.01506151 0.01893770 -0.00504394
v -0.01493645 0.01906306 -0.00503997
v -0.01456246 0.01931265 -0.00504493
v -0.01431233 0.01943801 -0.00505188
v -0.01393715 0.01968760 -0.00505486
v -0.01356196 0.01993719 -0.00505684
v -0.01318678 0.02018735 -0.00505684
v -0.01268654 0.02043750 -0.00506280
v -0.01243641 0.02056229 -0.00506478
v -0.01206242 0.02081245 -0.00506379
v -0.01193736 0.02081245 -0.00506677
v -0.01168724 0.02093724 -0.00506776
v -0.01106193 0.02118740 -0.00506875
v -0.00773530 0.02276554 0.00506379
v -0.00793778 0.02268719 0.00506478
v -0.00818790 0.02256239 0.00506676
v -0.00843802 0.02243704 0.00506776
v -0.00906333 0.02218745 0.00506776
v -0.00918839 0.02206209 0.00506875
v -0.00856308 0.02243704 -0.00506577
v -0.00893827 0.02231224 -0.00506478
v -0.00868814 0.02243704 -0.00506280
v -0.00843802 0.02256239 -0.00505982
v -0.01031275 0.02156234 -0.00506875
v -0.00918839 0.02218745 -0.00506577
v -0.01018769 0.02168714 -0.00506776
v -0.00943851 0.02206209 -0.00506677
v -0.00818790 0.02268719 -0.00505585
v -0.00806284 0.02276554 -0.00504990
v -0.01493645 0.01893770 0.00505783
v -0.01456246 0.01906306 0.00506676
v -0.01443739 0.01918785 0.00506577
v -0.01381209 0.01968760 0.00506379
v -0.01456246 0.01918785 0.00506081
v -0.01618706 0.01793765 0.00505287
v -0.01406221 0.01931265 0.00506875
v -0.01381209 0.01956280 0.00506776
v -0.01406221 0.01943801 0.00506676
v -0.01672304 0.01772444 0.00499333
v -0.01668374 0.01780950 0.00497944
v -0.01693386 0.01755991 0.00498043
v -0.01706011 0.01743511 0.00498043
v -0.01708155 0.01741384 0.00498043
v -0.01643719 0.01781286 0.00503600
v -0.01631212 0.01793765 0.00503501
v -0.01630736 0.01805909 0.00501119
v -0.01626210 0.01813632 0.00500226
v -0.01634547 0.01809826 0.00499234
v -0.01647292 0.01797347 0.00499234
v -0.01708155 0.01743847 -0.00497547
v -0.01706368 0.01743847 -0.00498143
v -0.01681237 0.01768750 -0.00498043
v -0.01643480 0.01806021 -0.00497746
v -0.01630855 0.01818277 -0.00497646
v -0.01608344 0.01834002 -0.00498837
v -0.01546409 0.01884536 -0.00499135
v -0.01511273 0.01911622 -0.00499730
v -0.01493645 0.01919009 -0.00501417
v -0.01506747 0.01906977 -0.00501715
v -0.01481139 0.01918785 -0.00503501
v -0.01443739 0.01943801 -0.00503997
v -0.01406221 0.01968760 -0.00504394
v -0.01381209 0.01981296 -0.00505089
v -0.01343690 0.02006199 -0.00505287
v -0.01306172 0.02031214 -0.00505188
v -0.01256147 0.02056229 -0.00505883
v -0.01231135 0.02068709 -0.00506180
v -0.01218748 0.02081245 -0.00505684
v -0.01193736 0.02093724 -0.00505883
v -0.01093806 0.02143699 -0.00506280
v -0.01181230 0.02093724 -0.00506478
v -0.01131205 0.02118740 -0.00506577
v -0.01093806 0.02131219 -0.00506776
v -0.01081300 0.02131219 -0.00506875
v -0.00786036 0.02276554 0.00506081
v -0.00806284 0.02268719 0.00506180
v -0.00893827 0.02231224 0.00506577
v -0.00943851 0.02206209 0.00506676
v -0.01043781 0.02156234 0.00506776
v -0.01031275 0.02156234 0.00506875
v -0.00931345 0.02218745 -0.00506280
v -0.00906333 0.02231224 -0.00506081
v -0.00881321 0.02243704 -0.00505783
v -0.00856308 0.02256239 -0.00505387
v -0.01043781 0.02156234 -0.00506776
v -0.01006263 0.02181250 -0.00506577
v -0.00831296 0.02268719 -0.00504990
v -0.00818790 0.02276554 -0.00504196
v -0.01481139 0.01906306 0.00505486
v -0.01531163 0.01868755 0.00505089
v -0.01343690 0.01993719 0.00506478
v -0.01368703 0.01981296 0.00506081
v -0.01406221 0.01956280 0.00505982
v -0.01443739 0.01931265 0.00505783
v -0.01618706 0.01806301 0.00503303
v -0.01593694 0.01818781 0.00504791
v -0.01318678 0.01993719 0.00506875
v -0.01343690 0.01981296 0.00506776
v -0.01356196 0.01981296 0.00506577
v -0.01643361 0.01805909 0.00497746
v -0.01681237 0.01781286 0.00493479
v -0.01706249 0.01756270 0.00493677
v -0.01708155 0.01743567 0.00497349
v -0.01606200 0.01818781 0.00503005
v -0.01617753 0.01818165 0.00500921
v -0.01621327 0.01821970 0.00499036
v -0.01599649 0.01837304 0.00499929
v -0.01630736 0.01818165 0.00497547
v -0.01708155 0.01756214 -0.00493082
v -0.01706249 0.01756270 -0.00493876
v -0.01668731 0.01793765 -0.00493380
v -0.01656225 0.01806301 -0.00493181
v -0.01643719 0.01818781 -0.00492983
v -0.01593694 0.01856275 -0.00495066
v -0.01518657 0.01918785 -0.00495265
v -0.01542836 0.01892819 -0.00497349
v -0.01506747 0.01919009 -0.00498639
v -0.01497694 0.01923318 -0.00499532
v -0.01480186 0.01930873 -0.00500921
v -0.01418727 0.01977378 -0.00500623
v -0.01456841 0.01944584 -0.00501814
v -0.01468633 0.01931265 -0.00502807
v -0.01381209 0.01993719 -0.00503203
v -0.01393715 0.01981296 -0.00503799
v -0.01356196 0.02006199 -0.00504196
v -0.01368703 0.01993719 -0.00504692
v -0.01331184 0.02018735 -0.00504692
v -0.01268654 0.02056229 -0.00504990
v -0.01206242 0.02093724 -0.00504990
v -0.01156217 0.02118740 -0.00505387
v -0.01231135 0.02081245 -0.00504692
v -0.01081300 0.02156234 -0.00505684
v -0.01068793 0.02156234 -0.00506280
v -0.01056287 0.02156234 -0.00506577
v -0.00798542 0.02276554 0.00505585
v -0.00818790 0.02268719 0.00505684
v -0.00843802 0.02256239 0.00506081
v -0.00881321 0.02243704 0.00505982
v -0.00906333 0.02231224 0.00506180
v -0.00931345 0.02218745 0.00506280
v -0.00956357 0.02206209 0.00506379
v -0.01006263 0.02181250 0.00506478
v -0.01093806 0.02131219 0.00506776
v -0.01081300 0.02131219 0.00506875
v -0.01018769 0.02181250 -0.00506180
v -0.00993757 0.02193729 -0.00506081
v -0.00943851 0.02218745 -0.00505684
v -0.00918839 0.02231224 -0.00505486
v -0.00893827 0.02243704 -0.00505188
v -0.01043781 0.02168714 -0.00506280
v -0.00843802 0.02268719 -0.00504096
v -0.00868814 0.02256239 -0.00504692
v -0.00843802 0.02276554 -0.00502211
v -0.01493645 0.01906306 0.00504196
v -0.01518657 0.01881291 0.00504791
v -0.01431233 0.01943801 0.00505386
v -0.01468633 0.01918785 0.00505089
v -0.01331184 0.02006199 0.00506180
v -0.01281160 0.02031214 0.00506577
v -0.01206242 0.02081245 0.00506379
v -0.01356196 0.01993719 0.00505783
v -0.01543669 0.01868755 0.00503501
v -0.01268654 0.02031214 0.00506776
v -0.01218748 0.02056229 0.00506875
v -0.01256147 0.02043750 0.00506676
v -0.01643719 0.01818781 0.00492983
v -0.01656225 0.01806301 0.00493181
v -0.01680165 0.01792814 0.00489013
v -0.01708155 0.01756158 0.00492983
v -0.01667659 0.01805238 0.00488914
v -0.01708155 0.01754368 0.00493677
v -0.01594766 0.01832379 0.00502112
v -0.01606200 0.01828294 0.00500822
v -0.01606200 0.01834562 0.00499036
v -0.01606200 0.01843796 0.00495761
v -0.01617753 0.01830253 0.00497150
v -0.01586309 0.01849112 0.00499730
v -0.01591312 0.01840774 0.00500822
v -0.01551292 0.01876086 0.00500326
v -0.01708155 0.01758173 -0.00492288
v -0.01708155 0.01766567 -0.00488815
v -0.01705415 0.01768134 -0.00489311
v -0.01667659 0.01805293 -0.00488914
v -0.01650031 0.01825104 -0.00487525
v -0.01643719 0.01827902 -0.00488914
v -0.01632165 0.01832267 -0.00491494
v -0.01568682 0.01881291 -0.00493479
v -0.01518419 0.01931209 -0.00490105
v -0.01506151 0.01931265 -0.00494372
v -0.01493645 0.01930873 -0.00498043
v -0.01468633 0.01946543 -0.00498936
v -0.01447432 0.01960590 -0.00499433
v -0.01461486 0.01949285 -0.00499730
v -0.01406578 0.01981855 -0.00501715
v -0.01402648 0.01989466 -0.00500524
v -0.01393119 0.01993663 -0.00501219
v -0.01369655 0.02007262 -0.00502013
v -0.01343690 0.02018735 -0.00503402
v -0.01318678 0.02031214 -0.00503997
v -0.01293666 0.02043750 -0.00504493
v -0.01218748 0.02093724 -0.00503799
v -0.01193736 0.02106204 -0.00504096
v -0.01168724 0.02118740 -0.00504295
v -0.01143711 0.02131219 -0.00504493
v -0.01093806 0.02156234 -0.00504692
v -0.01281160 0.02056229 -0.00503700
v -0.01068793 0.02168714 -0.00504791
v -0.01056287 0.02168714 -0.00505684
v -0.00811048 0.02276554 0.00504890
v -0.00831296 0.02268719 0.00505089
v -0.00856308 0.02256239 0.00505585
v -0.00893827 0.02243704 0.00505386
v -0.00918839 0.02231224 0.00505684
v -0.00943851 0.02218745 0.00505783
v -0.01018769 0.02181250 0.00506081
v -0.01056287 0.02156234 0.00506478
v -0.01181230 0.02093724 0.00506478
v -0.01118699 0.02118740 0.00506776
v -0.01031275 0.02181250 -0.00505585
v -0.00956357 0.02218745 -0.00504990
v -0.00906333 0.02243704 -0.00504394
v -0.00856308 0.02268719 -0.00503005
v -0.00881321 0.02256239 -0.00503799
v -0.00856308 0.02276554 -0.00500921
v -0.00893827 0.02256239 -0.00502707
v -0.00881321 0.02266369 -0.00501318
v -0.01456246 0.01931265 0.00504593
v -0.01443739 0.01943801 0.00503997
v -0.01481139 0.01918785 0.00503600
v -0.01506508 0.01906754 0.00501814
v -0.01531163 0.01881291 0.00503005
v -0.01418727 0.01956280 0.00504890
v -0.01381209 0.01981296 0.00505089
v -0.01256147 0.02056229 0.00505982
v -0.01193736 0.02081245 0.00506676
v -0.01193736 0.02093724 0.00505982
v -0.01218748 0.02081245 0.00505783
v -0.01343690 0.02006199 0.00505287
v -0.01281160 0.02043750 0.00505585
v -0.01581783 0.01844467 0.00501814
v -0.01643719 0.01828070 0.00488914
v -0.01655034 0.01817717 0.00488815
v -0.01632284 0.01832323 0.00491494
v -0.01687907 0.01788001 0.00487723
v -0.01708155 0.01765113 0.00489112
v -0.01662776 0.01812848 0.00487624
v -0.01555699 0.01880675 0.00497547
v -0.01581188 0.01868755 0.00494173
v -0.01546171 0.01884424 0.00498936
v -0.01542717 0.01880675 0.00500921
v -0.01516037 0.01902948 0.00500822
v -0.01502578 0.01914644 0.00500623
v -0.01524374 0.01899534 0.00499829
v -0.01708155 0.01770821 -0.00486632
v -0.01700770 0.01775801 -0.00487823
v -0.01688026 0.01788169 -0.00487823
v -0.01675401 0.01800481 -0.00487723
v -0.01658369 0.01821131 -0.00485342
v -0.01655629 0.01830756 -0.00481075
v -0.01643719 0.01834114 -0.00485540
v -0.01636929 0.01837080 -0.00487227
v -0.01628592 0.01840606 -0.00489013
v -0.01606200 0.01856499 -0.00490502
v -0.01531402 0.01919177 -0.00490601
v -0.01514012 0.01938764 -0.00488219
v -0.01593337 0.01868643 -0.00489906
v -0.01540692 0.01915260 -0.00488815
v -0.01505079 0.01943241 -0.00489311
v -0.01493645 0.01943801 -0.00492983
v -0.01456246 0.01968760 -0.00493876
v -0.01468633 0.01956280 -0.00495265
v -0.01456841 0.01956392 -0.00498540
v -0.01396931 0.01997749 -0.00499333
v -0.01388593 0.02000770 -0.00500226
v -0.01366201 0.02015153 -0.00500723
v -0.01356077 0.02019070 -0.00501417
v -0.01343690 0.02028640 -0.00501020
v -0.01306172 0.02043750 -0.00503104
v -0.01206242 0.02106204 -0.00502807
v -0.01243641 0.02081245 -0.00503303
v -0.01181230 0.02118740 -0.00503005
v -0.01156217 0.02131219 -0.00503203
v -0.01106193 0.02156234 -0.00503501
v -0.01081300 0.02168714 -0.00503600
v -0.01056287 0.02181250 -0.00503600
v -0.01043781 0.02181250 -0.00504692
v -0.00823554 0.02276554 0.00504096
v -0.00881321 0.02256239 0.00503997
v -0.00906333 0.02243704 0.00504593
v -0.00956357 0.02218745 0.00505089
v -0.01006263 0.02193729 0.00505386
v -0.01031275 0.02181250 0.00505486
v -0.01056287 0.02168714 0.00505585
v -0.01081300 0.02156234 0.00505585
v -0.01068793 0.02156234 0.00506081
v -0.01143711 0.02118740 0.00506081
v -0.01168724 0.02106204 0.00506081
v -0.00993757 0.02206209 -0.00504295
v -0.00968863 0.02218745 -0.00503997
v -0.00918839 0.02243704 -0.00503402
v -0.00860120 0.02276554 -0.00500524
v -0.00905618 0.02256743 -0.00501417
v -0.00918839 0.02253050 -0.00501020
v -0.00893827 0.02264130 -0.00500524
v -0.01406221 0.01968760 0.00504295
v -0.01393715 0.01981296 0.00503600
v -0.01431233 0.01956280 0.00503303
v -0.01493288 0.01918785 0.00501417
v -0.01443263 0.01956224 0.00501318
v -0.01456603 0.01944360 0.00501814
v -0.01519610 0.01894722 0.00502112
v -0.01368703 0.01993719 0.00504493
v -0.01206242 0.02093724 0.00505188
v -0.01156217 0.02118740 0.00505386
v -0.01356196 0.02006199 0.00503799
v -0.01268654 0.02056229 0.00504990
v -0.01293666 0.02043750 0.00504394
v -0.01331184 0.02018735 0.00504493
v -0.01637049 0.01837248 0.00487326
v -0.01650150 0.01825216 0.00487525
v -0.01619302 0.01844467 0.00490998
v -0.01708155 0.01771884 0.00485838
v -0.01700532 0.01775577 0.00487723
v -0.01708155 0.01766176 0.00488616
v -0.01671113 0.01808763 0.00485441
v -0.01542717 0.01892707 0.00497051
v -0.01518657 0.01918785 0.00494769
v -0.01531402 0.01919177 0.00490502
v -0.01506508 0.01918785 0.00498242
v -0.01489000 0.01926173 0.00500326
v -0.01497337 0.01922983 0.00499234
v -0.01510915 0.01911286 0.00499532
v -0.01708155 0.01775410 -0.00484151
v -0.01670994 0.01808819 -0.00485441
v -0.01665634 0.01828126 -0.00477006
v -0.01678378 0.01815759 -0.00477106
v -0.01653009 0.01840214 -0.00476808
v -0.01643838 0.01844132 -0.00479289
v -0.01619183 0.01856499 -0.00484548
v -0.01562369 0.01899926 -0.00487426
v -0.01623709 0.01848944 -0.00486830
v -0.01615371 0.01852470 -0.00488716
v -0.01588811 0.01876198 -0.00488120
v -0.01522349 0.01935350 -0.00486136
v -0.01508533 0.01947102 -0.00485441
v -0.01500196 0.01950236 -0.00487624
v -0.01535689 0.01923598 -0.00486632
v -0.01493645 0.01952587 -0.00488815
v -0.01456246 0.01978721 -0.00489311
v -0.01481615 0.01956952 -0.00490899
v -0.01431352 0.01994111 -0.00490502
v -0.01406221 0.02006199 -0.00493280
v -0.01418727 0.01993719 -0.00494769
v -0.01406578 0.01993663 -0.00498242
v -0.01393119 0.02005415 -0.00497448
v -0.01369655 0.02019070 -0.00498639
v -0.01360127 0.02023491 -0.00499532
v -0.01351789 0.02026066 -0.00500326
v -0.01328564 0.02039664 -0.00500623
v -0.01290331 0.02064120 -0.00500524
v -0.01294142 0.02056957 -0.00501715
v -0.01256147 0.02081580 -0.00501516
v -0.01232207 0.02094788 -0.00501913
v -0.01268654 0.02068709 -0.00502707
v -0.01218033 0.02106260 -0.00501219
v -0.01206242 0.02114822 -0.00500723
v -0.01193378 0.02119019 -0.00501417
v -0.01119175 0.02156962 -0.00501715
v -0.01069865 0.02182369 -0.00501814
v -0.01044496 0.02194681 -0.00501715
v -0.01031275 0.02193729 -0.00503402
v -0.00847137 0.02276554 0.00501913
v -0.00856308 0.02268719 0.00503203
v -0.00893827 0.02256239 0.00503005
v -0.00918839 0.02243704 0.00503501
v -0.00968863 0.02218745 0.00504096
v -0.01043781 0.02181250 0.00504692
v -0.01068793 0.02168714 0.00504791
v -0.01106193 0.02143699 0.00505585
v -0.00981251 0.02218745 -0.00502807
v -0.00968863 0.02229657 -0.00501417
v -0.00865241 0.02276554 -0.00499830
v -0.00909310 0.02261276 -0.00499532
v -0.00881321 0.02272636 -0.00499135
v -0.00927772 0.02251147 -0.00500425
v -0.01014719 0.02213372 -0.00500326
v -0.01369298 0.02007038 0.00501616
v -0.01373943 0.02011739 0.00499829
v -0.01418727 0.01968760 0.00502509
v -0.01479948 0.01930706 0.00500921
v -0.01418727 0.01977154 0.00500524
v -0.01438856 0.01963555 0.00500326
v -0.01168724 0.02118740 0.00504295
v -0.01193736 0.02106204 0.00504096
v -0.01218748 0.02093724 0.00503700
v -0.01231135 0.02081245 0.00504692
v -0.01093806 0.02156234 0.00504692
v -0.01143711 0.02131219 0.00504493
v -0.01318678 0.02031214 0.00503700
v -0.01343690 0.02018735 0.00502906
v -0.01306172 0.02043750 0.00502707
v -0.01256147 0.02068709 0.00504096
v -0.01632284 0.01844467 0.00485441
v -0.01643719 0.01834338 0.00485639
v -0.01615490 0.01852582 0.00488716
v -0.01588930 0.01876254 0.00488120
v -0.01562369 0.01899982 0.00487426
v -0.01597267 0.01872784 0.00486136
v -0.01655748 0.01830868 0.00481174
v -0.01658488 0.01821131 0.00485342
v -0.01527471 0.01927124 0.00488517
v -0.01593337 0.01868699 0.00489906
v -0.01708155 0.01774346 0.00484449
v -0.01691004 0.01803503 0.00477205
v -0.01708155 0.01779551 0.00481472
v -0.01668374 0.01818501 0.00481273
v -0.01506151 0.01931265 0.00493876
v -0.01518419 0.01931265 0.00489906
v -0.01493288 0.01930706 0.00497646
v -0.01483402 0.01934511 0.00498936
v -0.01425040 0.01975084 0.00499929
v -0.01708155 0.01781006 -0.00480777
v -0.01661346 0.01836465 -0.00474129
v -0.01703629 0.01791079 -0.00477205
v -0.01699341 0.01799418 -0.00474525
v -0.01648125 0.01848553 -0.00473732
v -0.01639788 0.01852022 -0.00476411
v -0.01531402 0.01931209 -0.00483853
v -0.01531163 0.01940779 -0.00477304
v -0.01519372 0.01944248 -0.00481571
v -0.01516275 0.01952867 -0.00477106
v -0.01505436 0.01955721 -0.00480876
v -0.01387760 0.02050130 -0.00475121
v -0.01392643 0.02043246 -0.00477502
v -0.01456246 0.01984989 -0.00485739
v -0.01406221 0.02021812 -0.00485441
v -0.01449695 0.01987396 -0.00487326
v -0.01413248 0.02013026 -0.00487723
v -0.01591550 0.01890916 -0.00477304
v -0.01417893 0.02005919 -0.00489509
v -0.01394429 0.02019630 -0.00490998
v -0.01380971 0.02031382 -0.00490006
v -0.01368703 0.02031214 -0.00493975
v -0.01381209 0.02018735 -0.00495563
v -0.01356077 0.02030654 -0.00497646
v -0.01332137 0.02043806 -0.00498440
v -0.01306172 0.02059195 -0.00498837
v -0.01298668 0.02061602 -0.00499730
v -0.01275323 0.02075201 -0.00500028
v -0.01251979 0.02088688 -0.00500326
v -0.01228634 0.02102119 -0.00500623
v -0.01243641 0.02091262 -0.00501020
v -0.01280207 0.02068485 -0.00501020
v -0.01213507 0.02113031 -0.00500127
v -0.01139781 0.02151142 -0.00500425
v -0.01090828 0.02176549 -0.00500524
v -0.01081300 0.02179179 -0.00501120
v -0.01074749 0.02187294 -0.00499929
v -0.01066411 0.02189084 -0.00500524
v -0.01040804 0.02201284 -0.00500425
v -0.01031275 0.02203299 -0.00501020
v -0.00860596 0.02276554 0.00500623
v -0.00893827 0.02264354 0.00500723
v -0.00901926 0.02263123 0.00500226
v -0.00906214 0.02256799 0.00501516
v -0.00932060 0.02244711 0.00501814
v -0.00981251 0.02218745 0.00502906
v -0.01031275 0.02193729 0.00503501
v -0.01056287 0.02181250 0.00503700
v -0.01081300 0.02168714 0.00503700
v -0.00871316 0.02276554 -0.00498936
v -0.00918839 0.02259317 -0.00498837
v -0.00905618 0.02267656 -0.00497547
v -0.00893827 0.02270398 -0.00498242
v -0.00968863 0.02235925 -0.00499433
v -0.01049141 0.02199493 -0.00499830
v -0.01343690 0.02027968 0.00500723
v -0.01359412 0.02022988 0.00499433
v -0.01369298 0.02018790 0.00498639
v -0.01381209 0.02009165 0.00499036
v -0.01206599 0.02106987 0.00502013
v -0.01131205 0.02143699 0.00503303
v -0.01156217 0.02131219 0.00503005
v -0.01230897 0.02094060 0.00501616
v -0.01265557 0.02076824 0.00500623
v -0.01243641 0.02081245 0.00503005
v -0.01331780 0.02031998 0.00501616
v -0.01306172 0.02052144 0.00500623
v -0.01312961 0.02050297 0.00500028
v -0.01619302 0.01856555 0.00484746
v -0.01643957 0.01844187 0.00479487
v -0.01653128 0.01840270 0.00476907
v -0.01535808 0.01923598 0.00486632
v -0.01544384 0.01919177 0.00484945
v -0.01568682 0.01897296 0.00485838
v -0.01665753 0.01828238 0.00477006
v -0.01514131 0.01938820 0.00488120
v -0.01522469 0.01935406 0.00486235
v -0.01708155 0.01789008 0.00475915
v -0.01479948 0.01942570 0.00496952
v -0.01468633 0.01956280 0.00494967
v -0.01456246 0.01968760 0.00493677
v -0.01493645 0.01943801 0.00492586
v -0.01505079 0.01943297 0.00489212
v -0.01418727 0.01983422 0.00498639
v -0.01429923 0.01980064 0.00496853
v -0.01708155 0.01783188 -0.00479388
v -0.01670279 0.01832771 -0.00470060
v -0.01666468 0.01841389 -0.00465793
v -0.01662061 0.01849728 -0.00462122
v -0.01657535 0.01844971 -0.00469762
v -0.01708155 0.01793206 -0.00472541
v -0.01644314 0.01856779 -0.00469266
v -0.01621565 0.01872169 -0.00472541
v -0.01599888 0.01887446 -0.00474922
v -0.01613227 0.01875638 -0.00475419
v -0.01653723 0.01853197 -0.00465396
v -0.01551411 0.01926228 -0.00475816
v -0.01524613 0.01949733 -0.00474724
v -0.01537952 0.01937981 -0.00475319
v -0.01510677 0.01961205 -0.00473930
v -0.01474350 0.01987060 -0.00474625
v -0.01492930 0.01968592 -0.00478197
v -0.01396097 0.02047052 -0.00472243
v -0.01401814 0.02051305 -0.00463908
v -0.01391809 0.02054886 -0.00467381
v -0.01387521 0.02062553 -0.00462518
v -0.01381209 0.02058524 -0.00470953
v -0.01372871 0.02061210 -0.00473732
v -0.01364534 0.02063784 -0.00476014
v -0.01381209 0.02052256 -0.00476808
v -0.01380971 0.02043134 -0.00483258
v -0.01466012 0.01990138 -0.00476907
v -0.01506866 0.01969264 -0.00469266
v -0.01525446 0.01962884 -0.00462816
v -0.01489000 0.01988627 -0.00463610
v -0.01394429 0.02031382 -0.00484746
v -0.01399075 0.02024387 -0.00487128
v -0.01390737 0.02027297 -0.00488616
v -0.01376564 0.02038601 -0.00488021
v -0.01368703 0.02041175 -0.00489311
v -0.01357149 0.02044757 -0.00491097
v -0.01243641 0.02106204 -0.00495463
v -0.01343690 0.02043750 -0.00495364
v -0.01280207 0.02080125 -0.00496853
v -0.01243641 0.02097530 -0.00499135
v -0.01236971 0.02099656 -0.00499830
v -0.01221845 0.02110457 -0.00499234
v -0.01218033 0.02117788 -0.00497150
v -0.01193378 0.02130436 -0.00497448
v -0.01081300 0.02193729 -0.00495761
v -0.01056287 0.02206209 -0.00495563
v -0.00865599 0.02276554 0.00499929
v -0.00865003 0.02275826 0.00500326
v -0.00906214 0.02267880 0.00497448
v -0.00910263 0.02261388 0.00499631
v -0.00936824 0.02249580 0.00499829
v -0.00928487 0.02251259 0.00500425
v -0.00918839 0.02253273 0.00501020
v -0.00988873 0.02225572 0.00500226
v -0.00993399 0.02219080 0.00501417
v -0.01044496 0.02194737 0.00501814
v -0.01069985 0.02182425 0.00501913
v -0.00881321 0.02276554 -0.00497448
v -0.00931702 0.02255680 -0.00498043
v -0.00918839 0.02268719 -0.00494868
v -0.00957429 0.02243480 -0.00498440
v -0.00893827 0.02276554 -0.00495463
v -0.00887038 0.02276554 -0.00496555
v -0.01044496 0.02205761 -0.00498043
v -0.01018888 0.02218017 -0.00497746
v -0.01336306 0.02036699 0.00499730
v -0.01343690 0.02034236 0.00499036
v -0.01355601 0.02030319 0.00497746
v -0.01368703 0.02031214 0.00494173
v -0.01381209 0.02018735 0.00495662
v -0.01218748 0.02103238 0.00501020
v -0.01182182 0.02119803 0.00502211
v -0.01143235 0.02144035 0.00501516
v -0.01193736 0.02116557 0.00501318
v -0.01202669 0.02114039 0.00500524
v -0.01118818 0.02156794 0.00501715
v -0.01081300 0.02179235 0.00501219
v -0.01226609 0.02100943 0.00500326
v -0.01281160 0.02065911 0.00501020
v -0.01281160 0.02072179 0.00499036
v -0.01306172 0.02058412 0.00498639
v -0.01321298 0.02047443 0.00499234
v -0.01639907 0.01852078 0.00476510
v -0.01556056 0.01918841 0.00478892
v -0.01661346 0.01836521 0.00474228
v -0.01648244 0.01848608 0.00473732
v -0.01531402 0.01931265 0.00484151
v -0.01674091 0.01824209 0.00474327
v -0.01500196 0.01950236 0.00487624
v -0.01508533 0.01947158 0.00485639
v -0.01530091 0.01943017 0.00477205
v -0.01518419 0.01943297 0.00483258
v -0.01699341 0.01799473 0.00474525
v -0.01708155 0.01793262 0.00472640
v -0.01418727 0.01993719 0.00494769
v -0.01456246 0.01978721 0.00489311
v -0.01674805 0.01837416 -0.00462320
v -0.01627044 0.01876814 -0.00464205
v -0.01670160 0.01845251 -0.00458053
v -0.01665634 0.01852862 -0.00453786
v -0.01657297 0.01857227 -0.00457557
v -0.01626091 0.01888454 -0.00451206
v -0.01612751 0.01900318 -0.00450412
v -0.01564632 0.01939324 -0.00452198
v -0.01542598 0.01955385 -0.00455175
v -0.01547243 0.01947774 -0.00459740
v -0.01573803 0.01924102 -0.00461427
v -0.01538905 0.01951244 -0.00463610
v -0.01708155 0.01802999 -0.00463808
v -0.01687430 0.01824992 -0.00462419
v -0.01552245 0.01939436 -0.00464205
v -0.01559749 0.01922759 -0.00473136
v -0.01519729 0.01956728 -0.00471945
v -0.01531163 0.01947047 -0.00472541
v -0.01530210 0.01955777 -0.00465793
v -0.01410152 0.02048283 -0.00460534
v -0.01395859 0.02059643 -0.00459045
v -0.01474826 0.01999931 -0.00462419
v -0.01381685 0.02071171 -0.00456366
v -0.01372633 0.02073522 -0.00460633
v -0.01349288 0.02087065 -0.00462022
v -0.01364296 0.02076152 -0.00463709
v -0.01381209 0.02064568 -0.00464702
v -0.01400742 0.02063057 -0.00450710
v -0.01392524 0.02064904 -0.00455374
v -0.01349527 0.02074697 -0.00474724
v -0.01368584 0.02068653 -0.00468770
v -0.01287830 0.02125175 -0.00462717
v -0.01249597 0.02149743 -0.00462122
v -0.01264485 0.02138774 -0.00463808
v -0.01256147 0.02141404 -0.00466289
v -0.01302718 0.02101671 -0.00476411
v -0.01341189 0.02077271 -0.00476808
v -0.01356196 0.02066359 -0.00477999
v -0.01368703 0.02056733 -0.00479388
v -0.01368703 0.02047443 -0.00485937
v -0.01384901 0.02035635 -0.00486433
v -0.01533784 0.01959582 -0.00458847
v -0.01537952 0.01962940 -0.00450511
v -0.01530210 0.01965122 -0.00455275
v -0.01515799 0.01977434 -0.00453191
v -0.01511392 0.01974244 -0.00461526
v -0.01361914 0.02049626 -0.00487326
v -0.01231135 0.02118740 -0.00493280
v -0.01232207 0.02106260 -0.00498440
v -0.01206242 0.02131219 -0.00493975
v -0.01181230 0.02143699 -0.00494372
v -0.01093806 0.02193729 -0.00492685
v -0.01080466 0.02206433 -0.00489807
v -0.01068793 0.02206209 -0.00492784
v -0.01031275 0.02218745 -0.00494967
v -0.00886799 0.02276554 0.00496555
v -0.00898114 0.02276554 0.00494669
v -0.00918839 0.02268719 0.00494868
v -0.00943851 0.02256239 0.00495662
v -0.00962908 0.02237604 0.00500028
v -0.01056287 0.02206209 0.00495761
v -0.01044496 0.02205761 0.00498143
v -0.01056287 0.02197814 0.00499234
v -0.01049141 0.02199549 0.00499829
v -0.01040804 0.02201340 0.00500425
v -0.01056287 0.02191547 0.00501219
v -0.01066530 0.02189196 0.00500524
v -0.01074868 0.02187350 0.00499929
v -0.00968863 0.02243704 -0.00496257
v -0.00943851 0.02256239 -0.00495563
v -0.00931345 0.02268719 -0.00492387
v -0.00918839 0.02276554 -0.00490998
v -0.00906095 0.02276554 -0.00493280
v -0.01343690 0.02043750 0.00495563
v -0.01317725 0.02055166 0.00497249
v -0.01331184 0.02056229 0.00493479
v -0.01357149 0.02044813 0.00491296
v -0.01368703 0.02041287 0.00489410
v -0.01380971 0.02031382 0.00490204
v -0.01406221 0.02006199 0.00493280
v -0.01090709 0.02176605 0.00500524
v -0.01138828 0.02150694 0.00500226
v -0.01193736 0.02122825 0.00499234
v -0.01211006 0.02111688 0.00499730
v -0.01255075 0.02092605 0.00497349
v -0.01218748 0.02118740 0.00495761
v -0.01281160 0.02081245 0.00495761
v -0.01613347 0.01875750 0.00475518
v -0.01551769 0.01926508 0.00476113
v -0.01666349 0.01841277 0.00465892
v -0.01670279 0.01832771 0.00470060
v -0.01657535 0.01844971 0.00469862
v -0.01653604 0.01853141 0.00465495
v -0.01600007 0.01887614 0.00475022
v -0.01621684 0.01872225 0.00472541
v -0.01617753 0.01880451 0.00468075
v -0.01679093 0.01828966 0.00465992
v -0.01708155 0.01794549 0.00471548
v -0.01486141 0.01961597 0.00486929
v -0.01493645 0.01958855 0.00485143
v -0.01390856 0.02027353 0.00488716
v -0.01449695 0.01987396 0.00487326
v -0.01505675 0.01955889 0.00481174
v -0.01525089 0.01950180 0.00475022
v -0.01538429 0.01938316 0.00475617
v -0.01518657 0.01952475 0.00476808
v -0.01431352 0.01994167 0.00490502
v -0.01406221 0.02015601 0.00489013
v -0.01708155 0.01809882 -0.00456168
v -0.01694577 0.01822082 -0.00457458
v -0.01690884 0.01828406 -0.00454084
v -0.01678259 0.01840718 -0.00453985
v -0.01660870 0.01861200 -0.00447634
v -0.01652532 0.01864726 -0.00452893
v -0.01673971 0.01849056 -0.00448328
v -0.01639312 0.01876590 -0.00452099
v -0.01599530 0.01912182 -0.00449321
v -0.01551292 0.01951132 -0.00451405
v -0.01699937 0.01812569 -0.00462419
v -0.01377874 0.02076768 -0.00452298
v -0.01311055 0.02111632 -0.00461427
v -0.01437189 0.02037258 -0.00449618
v -0.01423134 0.02048619 -0.00447634
v -0.01409794 0.02060538 -0.00443664
v -0.01403482 0.02065072 -0.00443664
v -0.01393834 0.02071563 -0.00444061
v -0.01386092 0.02074137 -0.00448527
v -0.01501744 0.01988795 -0.00451702
v -0.01524136 0.01974412 -0.00448924
v -0.01256147 0.02134857 -0.00472541
v -0.01249239 0.02137039 -0.00474525
v -0.01264247 0.02126127 -0.00475915
v -0.01301169 0.02125735 -0.00451008
v -0.01262817 0.02150190 -0.00450313
v -0.01256147 0.02152261 -0.00453091
v -0.01244356 0.02156626 -0.00456763
v -0.01233636 0.02160488 -0.00459641
v -0.01225418 0.02162670 -0.00462717
v -0.01241259 0.02152149 -0.00464702
v -0.01245190 0.02144650 -0.00469663
v -0.01362866 0.02087680 -0.00450313
v -0.01240902 0.02139558 -0.00476709
v -0.01318678 0.02090478 -0.00477403
v -0.01243641 0.02131219 -0.00481472
v -0.01559630 0.01947662 -0.00445947
v -0.01540454 0.01964955 -0.00443664
v -0.01531402 0.01971614 -0.00444359
v -0.01246381 0.02122713 -0.00486136
v -0.01238043 0.02125399 -0.00487723
v -0.01231135 0.02127470 -0.00488914
v -0.01218510 0.02131723 -0.00490403
v -0.01193855 0.02144426 -0.00490700
v -0.01156217 0.02166531 -0.00489708
v -0.01131205 0.02179459 -0.00489906
v -0.01093806 0.02201956 -0.00488616
v -0.01075821 0.02212813 -0.00487723
v -0.01068793 0.02214435 -0.00488616
v -0.01056287 0.02217234 -0.00490105
v -0.01006263 0.02231224 -0.00494372
v -0.00918839 0.02276554 0.00490899
v -0.00932536 0.02269950 0.00491296
v -0.00956357 0.02256239 0.00492983
v -0.01031275 0.02218745 0.00495066
v -0.01068793 0.02206209 0.00493082
v -0.01081300 0.02193729 0.00495959
v -0.01069985 0.02193505 0.00498440
v -0.01094401 0.02180970 0.00498242
v -0.01206242 0.02131219 0.00493677
v -0.01156217 0.02145825 0.00498539
v -0.01147046 0.02148400 0.00499433
v -0.00956357 0.02256239 -0.00493082
v -0.00942660 0.02268831 -0.00489708
v -0.00931345 0.02276386 -0.00488319
v -0.00930511 0.02276554 -0.00488418
v -0.01306172 0.02068709 0.00494769
v -0.01293666 0.02081245 0.00492685
v -0.01257219 0.02107323 0.00491097
v -0.01253646 0.02114710 0.00488716
v -0.01353695 0.02052200 0.00488716
v -0.01293666 0.02089751 0.00488716
v -0.01331184 0.02065519 0.00489112
v -0.01362033 0.02049682 0.00487326
v -0.01376683 0.02038657 0.00488120
v -0.01394429 0.02019630 0.00491097
v -0.01231135 0.02118740 0.00492983
v -0.01243641 0.02106204 0.00494868
v -0.01661942 0.01849616 0.00462022
v -0.01687430 0.01824992 0.00462419
v -0.01539024 0.01951356 0.00463709
v -0.01640384 0.01865006 0.00464801
v -0.01560106 0.01923039 0.00473235
v -0.01708155 0.01803167 0.00464007
v -0.01406221 0.02021812 0.00485540
v -0.01399075 0.02024387 0.00487128
v -0.01413248 0.02013026 0.00487723
v -0.01502697 0.01964563 0.00476609
v -0.01405983 0.02031382 0.00478991
v -0.01518657 0.01958743 0.00471548
v -0.01525565 0.01962940 0.00462915
v -0.01529496 0.01954937 0.00467480
v -0.01533426 0.01946655 0.00472045
v -0.01474588 0.01987228 0.00474724
v -0.01496980 0.01972901 0.00473037
v -0.01708155 0.01817661 -0.00445848
v -0.01699222 0.01824377 -0.00448825
v -0.01686597 0.01836744 -0.00448626
v -0.01668850 0.01856387 -0.00443863
v -0.01663609 0.01863550 -0.00439298
v -0.01643600 0.01878604 -0.00442871
v -0.01647649 0.01873064 -0.00446542
v -0.01681594 0.01844132 -0.00444359
v -0.01676592 0.01851575 -0.00439993
v -0.01589168 0.01926452 -0.00439894
v -0.01615133 0.01902276 -0.00443664
v -0.01426350 0.02050969 -0.00439298
v -0.01412295 0.02062329 -0.00437115
v -0.01389665 0.02076376 -0.00440191
v -0.01347859 0.02098649 -0.00447534
v -0.01527352 0.01976763 -0.00440588
v -0.01233636 0.02147896 -0.00473037
v -0.01255790 0.02158249 -0.00443466
v -0.01247572 0.02161103 -0.00447435
v -0.01324514 0.02112192 -0.00449420
v -0.01286162 0.02136647 -0.00448527
v -0.01239234 0.02163398 -0.00451305
v -0.01218867 0.02170952 -0.00456068
v -0.01111076 0.02224229 -0.00461526
v -0.01102739 0.02226467 -0.00464106
v -0.01093806 0.02228818 -0.00466686
v -0.01218748 0.02164461 -0.00464602
v -0.01218748 0.02158193 -0.00470854
v -0.01225299 0.02150190 -0.00475121
v -0.01230182 0.02143699 -0.00478197
v -0.01231135 0.02133682 -0.00485044
v -0.01555699 0.01952923 -0.00442573
v -0.01546647 0.01959806 -0.00443664
v -0.01535689 0.01973685 -0.00434138
v -0.01562488 0.01950124 -0.00437611
v -0.01549267 0.01961933 -0.00436024
v -0.01222559 0.02136200 -0.00486731
v -0.01214222 0.02138438 -0.00488021
v -0.01206242 0.02140621 -0.00489212
v -0.01181230 0.02153548 -0.00489509
v -0.01116555 0.02189644 -0.00488716
v -0.01100357 0.02200165 -0.00487624
v -0.01084158 0.02210742 -0.00486334
v -0.01068793 0.02220703 -0.00484449
v -0.01056287 0.02223501 -0.00486433
v -0.01049975 0.02224900 -0.00487426
v -0.01015672 0.02238835 -0.00488319
v -0.01031275 0.02229042 -0.00489807
v -0.00930273 0.02276554 0.00488418
v -0.00956357 0.02264522 0.00488716
v -0.00968149 0.02256631 0.00490105
v -0.01043781 0.02218745 0.00492387
v -0.01055096 0.02218856 0.00489708
v -0.01068793 0.02214547 0.00488716
v -0.01080585 0.02206489 0.00490006
v -0.01093806 0.02193729 0.00492883
v -0.01118699 0.02181250 0.00492486
v -0.01218748 0.02131835 0.00490402
v -0.01181230 0.02143699 0.00494173
v -0.00968268 0.02256631 -0.00490105
v -0.00937777 0.02275043 -0.00487525
v -0.00981251 0.02252714 -0.00489113
v -0.00931345 0.02276554 -0.00488219
v -0.01243165 0.02118795 0.00489807
v -0.01238639 0.02125679 0.00487922
v -0.01338569 0.02063225 0.00487922
v -0.01300336 0.02087736 0.00487624
v -0.01368703 0.02047499 0.00485937
v -0.01261984 0.02112192 0.00487326
v -0.01268654 0.02110065 0.00485937
v -0.01308673 0.02085050 0.00485937
v -0.01385020 0.02035635 0.00486433
v -0.01231135 0.02127861 0.00489013
v -0.01648721 0.01861480 0.00461228
v -0.01652652 0.01864838 0.00452893
v -0.01665753 0.01853030 0.00453687
v -0.01670279 0.01845251 0.00457954
v -0.01587262 0.01912350 0.00462221
v -0.01678497 0.01840942 0.00453885
v -0.01708155 0.01809715 0.00456961
v -0.01700056 0.01812625 0.00462518
v -0.01533903 0.01959694 0.00458946
v -0.01547362 0.01947830 0.00459839
v -0.01380971 0.02043190 0.00483258
v -0.01392524 0.02043190 0.00477502
v -0.01452196 0.02001554 0.00476312
v -0.01518657 0.01965458 0.00465297
v -0.01530330 0.01965290 0.00455374
v -0.01475064 0.02000043 0.00462518
v -0.01511511 0.01974356 0.00461625
v -0.01387521 0.02050018 0.00475022
v -0.01395859 0.02046996 0.00472243
v -0.01431233 0.02028416 0.00465694
v -0.01708155 0.01818724 -0.00444161
v -0.01672304 0.01860193 -0.00431161
v -0.01666110 0.01865565 -0.00431161
v -0.01650388 0.01875414 -0.00438207
v -0.01685287 0.01847937 -0.00431161
v -0.01678974 0.01853925 -0.00431161
v -0.01701842 0.01826895 -0.00440489
v -0.01708155 0.01825888 -0.00431161
v -0.01575828 0.01938260 -0.00438802
v -0.01637168 0.01887279 -0.00437016
v -0.01623947 0.01899199 -0.00435627
v -0.01462796 0.02025226 -0.00437909
v -0.01400266 0.02075201 -0.00425604
v -0.01398003 0.02073690 -0.00433940
v -0.01531402 0.01978274 -0.00430467
v -0.01537833 0.01975364 -0.00425803
v -0.01374658 0.02087289 -0.00437016
v -0.01312961 0.02125343 -0.00438107
v -0.01289616 0.02138886 -0.00440191
v -0.01513297 0.01988123 -0.00438504
v -0.01160386 0.02186342 -0.00473930
v -0.01251383 0.02163286 -0.00439100
v -0.01243522 0.02165356 -0.00443466
v -0.01231254 0.02171792 -0.00443863
v -0.01223036 0.02173975 -0.00448031
v -0.01198619 0.02186734 -0.00448626
v -0.01149547 0.02212253 -0.00449618
v -0.01190282 0.02188917 -0.00452099
v -0.01100595 0.02237772 -0.00450412
v -0.01093806 0.02235030 -0.00459145
v -0.01086302 0.02236932 -0.00461725
v -0.01082610 0.02231784 -0.00469365
v -0.01087136 0.02224733 -0.00474724
v -0.01093806 0.02222942 -0.00472938
v -0.01152049 0.02188581 -0.00475915
v -0.01200882 0.02162950 -0.00475419
v -0.01193736 0.02164909 -0.00477006
v -0.01218748 0.02151925 -0.00476609
v -0.01206242 0.02146833 -0.00485441
v -0.01218510 0.02143027 -0.00483357
v -0.01543550 0.01968704 -0.00430963
v -0.01610726 0.01911063 -0.00434138
v -0.01606438 0.01916267 -0.00430467
v -0.01555818 0.01958295 -0.00431657
v -0.01551292 0.01963667 -0.00427688
v -0.01198143 0.02149015 -0.00486929
v -0.01189805 0.02151254 -0.00488219
v -0.01165389 0.02164013 -0.00488418
v -0.01124892 0.02187405 -0.00487426
v -0.01131205 0.02185727 -0.00486334
v -0.01093806 0.02208224 -0.00484548
v -0.01093806 0.02216730 -0.00478296
v -0.01081419 0.02218801 -0.00481372
v -0.01078798 0.02226635 -0.00476411
v -0.01068793 0.02228874 -0.00478197
v -0.00956357 0.02270790 -0.00484548
v -0.01031275 0.02235309 -0.00486036
v -0.00936109 0.02276554 0.00486731
v -0.00937419 0.02274931 0.00487426
v -0.01050094 0.02225012 0.00487426
v -0.01043781 0.02226355 0.00488319
v -0.01006263 0.02240906 0.00489509
v -0.01076059 0.02212924 0.00487723
v -0.01093806 0.02202068 0.00488716
v -0.01105359 0.02193785 0.00489807
v -0.01156217 0.02166755 0.00489807
v -0.01181230 0.02153828 0.00489609
v -0.01206242 0.02140901 0.00489311
v -0.00939087 0.02276554 -0.00485937
v -0.01246976 0.02123049 0.00486235
v -0.01223036 0.02136424 0.00486830
v -0.01231135 0.02134129 0.00485242
v -0.01368584 0.02056621 0.00479388
v -0.01381209 0.02052088 0.00476709
v -0.01293666 0.02095963 0.00484846
v -0.01244118 0.02131443 0.00481571
v -0.01214698 0.02138662 0.00488120
v -0.01639431 0.01876702 0.00452099
v -0.01660989 0.01861368 0.00448031
v -0.01674091 0.01849280 0.00448824
v -0.01542717 0.01955441 0.00455274
v -0.01686835 0.01836912 0.00449023
v -0.01708155 0.01813632 0.00452397
v -0.01538071 0.01963052 0.00450611
v -0.01519491 0.01972062 0.00456961
v -0.01515918 0.01977490 0.00453290
v -0.01524255 0.01974524 0.00449023
v -0.01401933 0.02051417 0.00463908
v -0.01424444 0.02037090 0.00462022
v -0.01443144 0.02028416 0.00455771
v -0.01364415 0.02063672 0.00476014
v -0.01372752 0.02061042 0.00473632
v -0.01381209 0.02058356 0.00471052
v -0.01387879 0.02062721 0.00462717
v -0.01674329 0.01862039 -0.00422429
v -0.01612870 0.01912853 -0.00425803
v -0.01639431 0.01889181 -0.00428680
v -0.01631689 0.01894218 -0.00432154
v -0.01699698 0.01837304 -0.00423917
v -0.01687073 0.01849672 -0.00423322
v -0.01708155 0.01829749 -0.00421337
v -0.01416345 0.02065295 -0.00418658
v -0.01401457 0.02076040 -0.00418658
v -0.01393715 0.02080965 -0.00418658
v -0.01362033 0.02099712 -0.00423719
v -0.01300336 0.02137767 -0.00425704
v -0.01377040 0.02088744 -0.00428680
v -0.01393834 0.02077663 -0.00430367
v -0.01487332 0.02012355 -0.00424513
v -0.01552841 0.01964955 -0.00418658
v -0.01545218 0.01971222 -0.00418658
v -0.01539024 0.01976203 -0.00418658
v -0.01530091 0.01982974 -0.00417765
v -0.01381209 0.02084938 -0.00432154
v -0.01331780 0.02116165 -0.00431360
v -0.01336306 0.02111800 -0.00435527
v -0.01274609 0.02149799 -0.00437016
v -0.01260078 0.02160991 -0.00431161
v -0.01253765 0.02164797 -0.00431161
v -0.01242807 0.02171176 -0.00430467
v -0.01235423 0.02173863 -0.00434237
v -0.01227085 0.02176101 -0.00439695
v -0.01218867 0.02178396 -0.00443863
v -0.01105359 0.02239283 -0.00442771
v -0.01108932 0.02235589 -0.00446244
v -0.01092853 0.02245551 -0.00442771
v -0.01083563 0.02248181 -0.00446344
v -0.01075225 0.02250028 -0.00450015
v -0.01093806 0.02239507 -0.00452893
v -0.01080823 0.02243480 -0.00455870
v -0.01060337 0.02248964 -0.00461129
v -0.01000069 0.02274987 -0.00462419
v -0.01026034 0.02262899 -0.00463015
v -0.01052000 0.02250867 -0.00463511
v -0.01077965 0.02238779 -0.00464007
v -0.01068793 0.02240850 -0.00466289
v -0.01068793 0.02235142 -0.00472541
v -0.01103096 0.02214156 -0.00476411
v -0.01061171 0.02236876 -0.00474327
v -0.01143711 0.02190819 -0.00477701
v -0.01169200 0.02168434 -0.00484151
v -0.01156217 0.02172799 -0.00486036
v -0.01599530 0.01924717 -0.00423421
v -0.01144545 0.02181082 -0.00484548
v -0.01026868 0.02250755 -0.00475617
v -0.01043781 0.02240682 -0.00477701
v -0.00956357 0.02276554 -0.00480082
v -0.00939325 0.02276554 0.00485739
v -0.00971841 0.02261052 0.00486532
v -0.01031275 0.02235365 0.00486036
v -0.01068793 0.02220759 0.00484449
v -0.01081538 0.02218801 0.00481372
v -0.01084396 0.02210798 0.00486334
v -0.01100595 0.02200277 0.00487624
v -0.01125131 0.02187573 0.00487525
v -0.01190282 0.02151422 0.00488319
v -0.01141329 0.02176941 0.00488616
v -0.01230420 0.02143867 0.00478395
v -0.01198619 0.02149239 0.00487029
v -0.01218748 0.02143195 0.00483555
v -0.01241140 0.02139781 0.00476808
v -0.01356196 0.02066247 0.00477999
v -0.01268654 0.02119131 0.00479388
v -0.01256147 0.02128869 0.00477999
v -0.01551411 0.01951188 0.00451504
v -0.01599530 0.01912182 0.00449420
v -0.01663967 0.01863830 0.00439695
v -0.01669088 0.01856611 0.00444260
v -0.01572969 0.01935854 0.00447237
v -0.01575947 0.01938372 0.00438901
v -0.01676830 0.01851854 0.00440489
v -0.01681832 0.01844411 0.00444756
v -0.01699460 0.01824601 0.00449221
v -0.01708155 0.01818781 0.00445252
v -0.01708155 0.01818277 0.00446046
v -0.01540573 0.01965066 0.00443664
v -0.01546766 0.01959918 0.00443664
v -0.01555818 0.01953034 0.00442573
v -0.01531402 0.01971726 0.00444359
v -0.01400742 0.02063001 0.00450710
v -0.01451243 0.02025898 0.00451305
v -0.01513297 0.01988123 0.00438604
v -0.01527352 0.01976763 0.00440687
v -0.01437189 0.02037314 0.00449618
v -0.01396216 0.02059755 0.00459045
v -0.01249477 0.02137207 0.00474724
v -0.01349646 0.02087233 0.00462221
v -0.01381209 0.02064792 0.00464801
v -0.01256147 0.02135081 0.00472739
v -0.01381685 0.02071339 0.00456465
v -0.01392643 0.02064960 0.00455374
v -0.01681237 0.01856275 -0.00418658
v -0.01675282 0.01862823 -0.00414093
v -0.01641217 0.01890692 -0.00418658
v -0.01559153 0.01959694 -0.00418658
v -0.01700651 0.01838199 -0.00415582
v -0.01708155 0.01830197 -0.00419154
v -0.01438141 0.02050465 -0.00414490
v -0.01402767 0.02076936 -0.00406155
v -0.01393715 0.02082812 -0.00406155
v -0.01409080 0.02072515 -0.00406155
v -0.01363462 0.02100552 -0.00415383
v -0.01379184 0.02090087 -0.00418658
v -0.01261984 0.02162222 -0.00423421
v -0.01305219 0.02133066 -0.00430467
v -0.01587381 0.01937421 -0.00411513
v -0.01554032 0.01965962 -0.00406155
v -0.01546409 0.01972230 -0.00406155
v -0.01540215 0.01977154 -0.00406155
v -0.01525089 0.01987619 -0.00413002
v -0.01238043 0.02175262 -0.00425902
v -0.01137399 0.02224956 -0.00437413
v -0.01202550 0.02188861 -0.00440291
v -0.01112863 0.02237716 -0.00437909
v -0.01088089 0.02250196 -0.00438008
v -0.01053786 0.02264130 -0.00440886
v -0.01023176 0.02274147 -0.00448328
v -0.01068793 0.02251427 -0.00452198
v -0.01014838 0.02275938 -0.00451504
v -0.01010670 0.02276554 -0.00453389
v -0.01008407 0.02273084 -0.00459839
v -0.01003404 0.02276554 -0.00458053
v -0.00995781 0.02276554 -0.00462618
v -0.00993757 0.02276554 -0.00463808
v -0.00993042 0.02276554 -0.00464205
v -0.01043781 0.02252714 -0.00465595
v -0.01043781 0.02246950 -0.00471846
v -0.01035206 0.02248852 -0.00473930
v -0.00974700 0.02274819 -0.00474823
v -0.00966481 0.02276554 -0.00476510
v -0.00993757 0.02264298 -0.00476609
v -0.00956357 0.02276554 0.00479983
v -0.00956357 0.02270734 0.00484449
v -0.00981251 0.02258982 0.00485044
v -0.01043781 0.02232623 0.00483952
v -0.01068793 0.02228818 0.00478197
v -0.01078679 0.02226635 0.00476411
v -0.01093806 0.02216618 0.00478395
v -0.01093806 0.02208335 0.00484647
v -0.01133468 0.02185279 0.00486036
v -0.01218748 0.02152261 0.00476808
v -0.01225775 0.02150358 0.00475319
v -0.01194093 0.02155843 0.00483952
v -0.01234113 0.02148120 0.00473235
v -0.01637406 0.01887502 0.00437413
v -0.01672542 0.01860417 0.00431161
v -0.01567848 0.01943017 0.00442474
v -0.01562607 0.01950180 0.00437710
v -0.01679212 0.01854149 0.00431161
v -0.01685525 0.01848161 0.00431161
v -0.01708155 0.01824768 0.00434337
v -0.01702200 0.01827175 0.00440886
v -0.01708155 0.01819060 0.00444756
v -0.01535689 0.01973741 0.00433741
v -0.01549267 0.01961989 0.00435924
v -0.01377755 0.02076712 0.00452496
v -0.01386092 0.02074137 0.00448328
v -0.01393596 0.02071395 0.00443962
v -0.01403362 0.02064904 0.00443664
v -0.01462677 0.02025114 0.00437710
v -0.01400385 0.02075257 0.00425703
v -0.01245428 0.02144762 0.00469762
v -0.01287949 0.02125287 0.00462816
v -0.01249597 0.02149743 0.00462221
v -0.01311293 0.02111744 0.00461526
v -0.01316177 0.02114766 0.00453191
v -0.01264604 0.02138774 0.00463908
v -0.01682190 0.01857451 -0.00406155
v -0.01675877 0.01863383 -0.00406155
v -0.01662061 0.01874687 -0.00409628
v -0.01708155 0.01832491 -0.00406155
v -0.01474588 0.02024722 -0.00408834
v -0.01403124 0.02077159 -0.00393652
v -0.01393715 0.02083315 -0.00393652
v -0.01387283 0.02087345 -0.00393652
v -0.01342261 0.02115494 -0.00393652
v -0.01370608 0.02097250 -0.00406155
v -0.01324991 0.02125007 -0.00412605
v -0.01431233 0.02056901 -0.00393652
v -0.01418012 0.02066471 -0.00393652
v -0.01409318 0.02072738 -0.00393652
v -0.01525565 0.01987955 -0.00406155
v -0.01474945 0.02025002 -0.00400499
v -0.01307839 0.02134577 -0.00418658
v -0.01267939 0.02159312 -0.00419055
v -0.01263175 0.02162950 -0.00415185
v -0.01257219 0.02165916 -0.00419055
v -0.01662656 0.01875191 -0.00401293
v -0.01554389 0.01966242 -0.00393652
v -0.01587858 0.01937813 -0.00403178
v -0.01546766 0.01972454 -0.00393652
v -0.01540573 0.01977378 -0.00393652
v -0.01531759 0.01983422 -0.00406155
v -0.01245547 0.02172631 -0.00418658
v -0.01239353 0.02175989 -0.00418658
v -0.01125488 0.02237772 -0.00413597
v -0.01100952 0.02250531 -0.00414788
v -0.01105597 0.02247118 -0.00418857
v -0.01099166 0.02249524 -0.00423124
v -0.01114888 0.02238779 -0.00431161
v -0.01106193 0.02243368 -0.00431161
v -0.01096664 0.02248349 -0.00431161
v -0.01090352 0.02251259 -0.00431161
v -0.01062124 0.02262283 -0.00436817
v -0.01027702 0.02276162 -0.00439993
v -0.01026034 0.02276554 -0.00440688
v -0.01020556 0.02276554 -0.00445649
v -0.01015910 0.02276554 -0.00449519
v -0.00973628 0.02276554 -0.00473533
v -0.00966362 0.02276554 0.00476510
v -0.00981251 0.02267040 0.00478792
v -0.01043781 0.02240626 0.00477701
v -0.01087017 0.02224677 0.00474724
v -0.01052714 0.02238667 0.00476014
v -0.01061052 0.02236764 0.00474327
v -0.01103096 0.02214156 0.00476411
v -0.01152168 0.02188637 0.00476014
v -0.01180991 0.02169218 0.00479189
v -0.01185041 0.02173695 0.00473732
v -0.01241259 0.02152149 0.00464900
v -0.01168724 0.02184272 0.00471747
v -0.01127394 0.02213764 0.00463908
v -0.01193736 0.02177388 0.00465098
v -0.01218748 0.02164461 0.00464701
v -0.01658845 0.01872001 0.00431161
v -0.01674329 0.01862039 0.00422330
v -0.01687073 0.01849728 0.00423322
v -0.01639431 0.01889125 0.00429077
v -0.01699817 0.01837360 0.00424116
v -0.01708155 0.01827567 0.00428383
v -0.01708155 0.01826335 0.00431161
v -0.01537595 0.01975140 0.00425406
v -0.01543431 0.01968592 0.00430665
v -0.01550935 0.01963388 0.00427589
v -0.01362747 0.02087680 0.00450313
v -0.01381685 0.02079062 0.00443962
v -0.01389308 0.02076208 0.00439993
v -0.01324514 0.02112192 0.00449420
v -0.01289616 0.02138830 0.00440092
v -0.01397645 0.02073466 0.00434039
v -0.01411938 0.02062161 0.00436718
v -0.01426112 0.02050801 0.00439100
v -0.01406221 0.02068709 0.00431161
v -0.01393596 0.02077607 0.00430367
v -0.01374420 0.02087121 0.00436619
v -0.01336187 0.02111688 0.00435428
v -0.01274609 0.02149743 0.00436917
v -0.01277110 0.02151310 0.00428581
v -0.01300455 0.02137767 0.00425703
v -0.01362033 0.02099768 0.00423818
v -0.01393715 0.02080965 0.00418658
v -0.01401457 0.02075984 0.00418658
v -0.01407650 0.02071507 0.00418658
v -0.01524970 0.01987563 0.00412704
v -0.01529972 0.01982751 0.00417567
v -0.01487213 0.02012299 0.00424116
v -0.01225418 0.02162726 0.00462717
v -0.01233755 0.02160488 0.00459641
v -0.01244356 0.02156626 0.00456763
v -0.01256147 0.02152205 0.00453091
v -0.01262817 0.02150190 0.00450214
v -0.01695411 0.01845643 -0.00393652
v -0.01682547 0.01857898 -0.00393652
v -0.01676354 0.01863774 -0.00393652
v -0.01708155 0.01832547 -0.00405361
v -0.01403124 0.02077159 0.00393652
v -0.01393715 0.02083315 0.00393652
v -0.01387283 0.02087345 0.00393652
v -0.01342261 0.02115494 0.00393652
v -0.01271036 0.02159984 -0.00393652
v -0.01309269 0.02135472 -0.00406155
v -0.01270440 0.02159648 -0.00406155
v -0.01264127 0.02163566 -0.00406155
v -0.01431233 0.02056901 0.00393652
v -0.01453983 0.02040392 -0.00393652
v -0.01418012 0.02066471 0.00393652
v -0.01409318 0.02072738 0.00393652
v -0.01532116 0.01983646 -0.00393652
v -0.01256147 0.02168378 -0.00406155
v -0.01247214 0.02173527 -0.00406155
v -0.01662776 0.01875303 -0.00393652
v -0.01594289 0.01932776 -0.00393652
v -0.01554389 0.01966242 0.00393652
v -0.01546766 0.01972454 0.00393652
v -0.01540573 0.01977378 0.00393652
v -0.01241021 0.02176885 -0.00406155
v -0.01149905 0.02224956 -0.00412307
v -0.01102024 0.02251035 -0.00406155
v -0.01093806 0.02254952 -0.00406155
v -0.01075344 0.02262619 -0.00413101
v -0.01094520 0.02252658 -0.00418857
v -0.01080228 0.02259373 -0.00417864
v -0.01073200 0.02261668 -0.00421437
v -0.01039017 0.02275602 -0.00426994
v -0.01081300 0.02255344 -0.00431161
v -0.01069032 0.02260604 -0.00432054
v -0.01035563 0.02276554 -0.00428978
v -0.01033062 0.02276554 -0.00432551
v -0.01036039 0.02274315 -0.00435329
v -0.01028774 0.02276554 -0.00437611
v -0.00966601 0.02276554 0.00476411
v -0.01000665 0.02262731 0.00475220
v -0.01068793 0.02235030 0.00472541
v -0.01082610 0.02231840 0.00469365
v -0.01086540 0.02236988 0.00461824
v -0.01093806 0.02228874 0.00466686
v -0.01093806 0.02222886 0.00472938
v -0.01009002 0.02260884 0.00473335
v -0.01102858 0.02226523 0.00464106
v -0.01111195 0.02224341 0.00461625
v -0.01151930 0.02201004 0.00463610
v -0.01675282 0.01862823 0.00413994
v -0.01681237 0.01856275 0.00418658
v -0.01552602 0.01964787 0.00418658
v -0.01700651 0.01838199 0.00415780
v -0.01708155 0.01830085 0.00420246
v -0.01708155 0.01829805 0.00421536
v -0.01523541 0.01986556 0.00421040
v -0.01538786 0.01976035 0.00418658
v -0.01544980 0.01970999 0.00418658
v -0.01312842 0.02125231 0.00438008
v -0.01286162 0.02136647 0.00448428
v -0.01255790 0.02158249 0.00443466
v -0.01251264 0.02163286 0.00439100
v -0.01260078 0.02160991 0.00431161
v -0.01262103 0.02162222 0.00423818
v -0.01363462 0.02100608 0.00415483
v -0.01379184 0.02090087 0.00418658
v -0.01319274 0.02127805 0.00417765
v -0.01393715 0.02082756 0.00406155
v -0.01402767 0.02076880 0.00406155
v -0.01408960 0.02072458 0.00406155
v -0.01525446 0.01987899 0.00406155
v -0.01540215 0.01977098 0.00406155
v -0.01135731 0.02211581 0.00461228
v -0.01239234 0.02163398 0.00451305
v -0.01190282 0.02188917 0.00452099
v -0.01247572 0.02161103 0.00447435
v -0.01695411 0.01845643 0.00393652
v -0.01708155 0.01833331 -0.00393652
v -0.01682547 0.01857898 0.00393652
v -0.01676354 0.01863774 0.00393652
v -0.01380613 0.02090982 0.00406155
v -0.01370608 0.02097250 0.00406155
v -0.01331899 0.02121482 0.00406155
v -0.01286877 0.02149631 0.00406155
v -0.01271036 0.02159984 0.00393652
v -0.01264723 0.02163901 -0.00393652
v -0.01453983 0.02040392 0.00393652
v -0.01474945 0.02025002 0.00400300
v -0.01532116 0.01983646 0.00393652
v -0.01256147 0.02169050 -0.00393652
v -0.01247929 0.02173863 -0.00393652
v -0.01662776 0.01875303 0.00393652
v -0.01594289 0.01932776 0.00393652
v -0.01554032 0.01965962 0.00406155
v -0.01546409 0.01972230 0.00406155
v -0.01662656 0.01875191 0.00400995
v -0.01587858 0.01937813 0.00402384
v -0.01175036 0.02212533 -0.00400697
v -0.01155384 0.02222494 -0.00407346
v -0.01093806 0.02255400 -0.00393652
v -0.01108218 0.02247733 -0.00406155
v -0.01108694 0.02247957 -0.00393652
v -0.01102381 0.02251259 -0.00393652
v -0.01082848 0.02260381 -0.00393652
v -0.01082253 0.02260157 -0.00406155
v -0.01069032 0.02264410 -0.00417864
v -0.01045449 0.02276554 -0.00406155
v -0.01044377 0.02276554 -0.00409529
v -0.01041399 0.02276554 -0.00418658
v -0.00973509 0.02276554 0.00473434
v -0.00974581 0.02274763 0.00474724
v -0.01068793 0.02240906 0.00466289
v -0.01018769 0.02258702 0.00471052
v -0.01078203 0.02238835 0.00464007
v -0.01068793 0.02251427 0.00452198
v -0.01075225 0.02250028 0.00450015
v -0.01093806 0.02239451 0.00452992
v -0.01093806 0.02235142 0.00459244
v -0.01026154 0.02262955 0.00463015
v -0.01000188 0.02274987 0.00462518
v -0.01006858 0.02276554 0.00455870
v -0.01010789 0.02276554 0.00453290
v -0.01100595 0.02237772 0.00450412
v -0.01675877 0.01863383 0.00406155
v -0.01682190 0.01857451 0.00406155
v -0.01708155 0.01832491 0.00406155
v -0.01708155 0.01830253 0.00419353
v -0.01253765 0.02164797 0.00431161
v -0.01243522 0.02165356 0.00443466
v -0.01227085 0.02176101 0.00439695
v -0.01235423 0.02173863 0.00434337
v -0.01242807 0.02171176 0.00430566
v -0.01238162 0.02175318 0.00426001
v -0.01245904 0.02172799 0.00418658
v -0.01257219 0.02166140 0.00419253
v -0.01263532 0.02163118 0.00415483
v -0.01325110 0.02125063 0.00413002
v -0.01223036 0.02173975 0.00448031
v -0.01149547 0.02212253 0.00449618
v -0.01198619 0.02186734 0.00448626
v -0.01231254 0.02171792 0.00443863
v -0.01701842 0.01839375 0.00393652
v -0.01708036 0.01833331 0.00393652
v -0.01264366 0.02163677 0.00406155
v -0.01264723 0.02163901 0.00393652
v -0.01256147 0.02169050 0.00393652
v -0.01247929 0.02173863 0.00393652
v -0.01199453 0.02199717 -0.00381248
v -0.01231135 0.02182817 -0.00393652
v -0.01206242 0.02196080 -0.00393652
v -0.01093806 0.02255400 0.00393652
v -0.01108694 0.02247957 0.00393652
v -0.01102381 0.02251259 0.00393652
v -0.01082848 0.02260381 0.00393652
v -0.01046521 0.02276554 -0.00393652
v -0.00977082 0.02276554 0.00471747
v -0.01040804 0.02263906 0.00452198
v -0.01088089 0.02250251 0.00438008
v -0.01083563 0.02248125 0.00446344
v -0.01014838 0.02275938 0.00451504
v -0.01014243 0.02276554 0.00450908
v -0.01049141 0.02262060 0.00449221
v -0.01023176 0.02274091 0.00448328
v -0.01053786 0.02264130 0.00440886
v -0.00993042 0.02276554 0.00464205
v -0.00998759 0.02276554 0.00461129
v -0.01092853 0.02245551 0.00442771
v -0.01105359 0.02239283 0.00442771
v -0.01218867 0.02178396 0.00443863
v -0.01202550 0.02188861 0.00440291
v -0.01137399 0.02224956 0.00437413
v -0.01161934 0.02212197 0.00436619
v -0.01210887 0.02186678 0.00435130
v -0.01193498 0.02197199 0.00431558
v -0.01140138 0.02226411 0.00429077
v -0.01099523 0.02249692 0.00423620
v -0.01206242 0.02193953 0.00418658
v -0.01241259 0.02176997 0.00406155
v -0.01247453 0.02173639 0.00406155
v -0.01150024 0.02225012 0.00412704
v -0.01256147 0.02168602 0.00406155
v -0.01175036 0.02212533 0.00400995
v -0.01199453 0.02199717 0.00393652
v -0.01102024 0.02251035 0.00406155
v -0.01093806 0.02254952 0.00406155
v -0.01082372 0.02260157 0.00406155
v -0.01046521 0.02276554 0.00393652
v -0.01090709 0.02251427 0.00431161
v -0.01096903 0.02248461 0.00431161
v -0.01112863 0.02237716 0.00437909
v -0.01026154 0.02276554 0.00440687
v -0.01062124 0.02262283 0.00436917
v -0.01020556 0.02276554 0.00445649
v -0.01022461 0.02276554 0.00443962
v -0.01106193 0.02243648 0.00431161
v -0.01121438 0.02235589 0.00431161
v -0.01065220 0.02263682 0.00428581
v -0.01039255 0.02275714 0.00427192
v -0.01073558 0.02261836 0.00421635
v -0.01094759 0.02252770 0.00419154
v -0.01101071 0.02250531 0.00415284
v -0.01174560 0.02212253 0.00409330
v -0.01192783 0.02202795 0.00406155
v -0.01180039 0.02209623 0.00405559
v -0.01118699 0.02242193 0.00406155
v -0.01132515 0.02234862 0.00406155
v -0.01075463 0.02262619 0.00413300
v -0.01049498 0.02274763 0.00406155
v -0.01045449 0.02276554 0.00406155
v -0.01027345 0.02276554 0.00439497
v -0.01036039 0.02274315 0.00435527
v -0.01033181 0.02276554 0.00432749
v -0.01036039 0.02276554 0.00428879
v -0.01038064 0.02276554 0.00425902
v -0.01047712 0.02273924 0.00418658
v -0.01041756 0.02276554 0.00418658
f 1 2 6
f 1 6 3
f 1 3 7
f 1 7 13
f 1 13 27
f 1 27 45
f 1 45 73
f 1 73 107
f 1 107 155
f 1 155 216
f 1 216 166
f 1 166 114
f 1 114 78
f 1 78 48
f 1 48 29
f 1 29 15
f 1 15 8
f 1 8 4
f 1 4 9
f 1 9 16
f 1 16 32
f 1 32 53
f 1 53 85
f 1 85 54
f 1 54 33
f 1 33 17
f 1 17 10
f 1 10 5
f 1 5 2
f 2 5 6
f 3 6 12
f 3 12 7
f 4 8 14
f 4 14 9
f 5 10 11
f 5 11 12
f 5 12 6
f 7 12 13
f 8 15 30
f 8 30 50
f 8 50 80
f 8 80 117
f 8 117 171
f 8 171 230
f 8 230 295
f 8 295 366
f 8 366 443
f 8 443 524
f 8 524 613
f 8 613 706
f 8 706 711
f 8 711 710
f 8 710 817
f 8 817 816
f 8 816 918
f 8 918 1010
f 8 1010 1109
f 8 1109 1187
f 8 1187 1270
f 8 1270 1349
f 8 1349 1265
f 8 1265 1264
f 8 1264 1263
f 8 1263 1262
f 8 1262 1260
f 8 1260 1348
f 8 1348 1347
f 8 1347 1346
f 8 1346 1440
f 8 1440 1438
f 8 1438 1437
f 8 1437 1511
f 8 1511 1510
f 8 1510 1509
f 8 1509 1557
f 8 1557 1589
f 8 1589 1611
f 8 1611 1618
f 8 1618 1616
f 8 1616 1615
f 8 1615 1614
f 8 1614 1612
f 8 1612 1593
f 8 1593 1596
f 8 1596 1595
f 8 1595 1563
f 8 1563 1524
f 8 1524 1523
f 8 1523 1568
f 8 1568 1567
f 8 1567 1558
f 8 1558 1512
f 8 1512 1441
f 8 1441 1350
f 8 1350 1272
f 8 1272 1188
f 8 1188 1098
f 8 1098 996
f 8 996 904
f 8 904 801
f 8 801 800
f 8 800 695
f 8 695 604
f 8 604 514
f 8 514 429
f 8 429 351
f 8 351 277
f 8 277 217
f 8 217 156
f 8 156 108
f 8 108 74
f 8 74 46
f 8 46 28
f 8 28 14
f 9 14 28
f 9 28 47
f 9 47 76
f 9 76 111
f 9 111 161
f 9 161 222
f 9 222 286
f 9 286 306
f 9 306 239
f 9 239 178
f 9 178 122
f 9 122 84
f 9 84 52
f 9 52 31
f 9 31 16
f 10 17 18
f 10 18 19
f 10 19 20
f 10 20 11
f 11 21 22
f 11 22 23
f 11 23 38
f 11 38 24
f 11 24 41
f 11 41 25
f 11 25 12
f 11 20 21
f 12 25 26
f 12 26 27
f 12 27 13
f 15 29 49
f 15 49 30
f 16 31 51
f 16 51 32
f 17 33 55
f 17 55 87
f 17 87 126
f 17 126 185
f 17 185 245
f 17 245 313
f 17 313 311
f 17 311 387
f 17 387 466
f 17 466 464
f 17 464 555
f 17 555 557
f 17 557 641
f 17 641 742
f 17 742 842
f 17 842 936
f 17 936 1027
f 17 1027 1123
f 17 1123 1215
f 17 1215 1214
f 17 1214 1293
f 17 1293 1291
f 17 1291 1371
f 17 1371 1370
f 17 1370 1457
f 17 1457 1456
f 17 1456 1529
f 17 1529 1528
f 17 1528 1480
f 17 1480 1405
f 17 1405 1311
f 17 1311 1237
f 17 1237 1141
f 17 1141 1048
f 17 1048 1041
f 17 1041 948
f 17 948 853
f 17 853 757
f 17 757 654
f 17 654 649
f 17 649 564
f 17 564 475
f 17 475 396
f 17 396 323
f 17 323 322
f 17 322 251
f 17 251 192
f 17 192 130
f 17 130 89
f 17 89 57
f 17 57 56
f 17 56 34
f 17 34 18
f 18 34 19
f 19 34 20
f 20 34 35
f 20 35 36
f 20 36 21
f 21 36 22
f 22 36 23
f 23 37 62
f 23 62 38
f 23 36 37
f 24 38 39
f 24 39 40
f 24 40 41
f 25 41 42
f 25 42 43
f 25 43 26
f 26 43 44
f 26 44 27
f 27 44 45
f 28 46 75
f 28 75 47
f 29 48 77
f 29 77 49
f 30 49 50
f 31 52 81
f 31 81 51
f 32 51 53
f 33 54 55
f 34 56 35
f 35 56 57
f 35 57 58
f 35 58 59
f 35 59 36
f 36 59 60
f 36 60 61
f 36 61 37
f 37 61 62
f 38 62 93
f 38 93 63
f 38 63 39
f 39 64 65
f 39 65 66
f 39 66 40
f 39 63 64
f 40 66 67
f 40 67 42
f 40 42 41
f 42 67 68
f 42 68 69
f 42 69 43
f 43 69 44
f 44 70 71
f 44 71 72
f 44 72 45
f 44 69 70
f 45 72 73
f 46 74 75
f 47 75 110
f 47 110 76
f 48 78 77
f 49 77 113
f 49 113 79
f 49 79 80
f 49 80 50
f 51 81 82
f 51 82 83
f 51 83 53
f 52 84 81
f 53 83 85
f 54 85 86
f 54 86 55
f 55 86 88
f 55 88 87
f 57 89 90
f 57 90 91
f 57 91 59
f 57 59 58
f 59 91 60
f 60 92 61
f 60 91 92
f 61 93 62
f 61 92 94
f 61 94 95
f 61 95 96
f 61 96 93
f 63 93 97
f 63 97 64
f 64 97 98
f 64 98 99
f 64 99 65
f 65 99 67
f 65 67 66
f 67 100 147
f 67 147 101
f 67 101 102
f 67 102 68
f 67 99 100
f 68 102 101
f 68 101 70
f 68 70 69
f 70 101 103
f 70 103 71
f 71 103 104
f 71 104 105
f 71 105 72
f 72 105 106
f 72 106 73
f 73 106 107
f 74 108 157
f 74 157 109
f 74 109 75
f 75 109 158
f 75 158 110
f 76 110 111
f 77 78 112
f 77 112 162
f 77 162 113
f 78 114 115
f 78 115 112
f 79 116 80
f 79 113 116
f 80 116 117
f 81 118 119
f 81 119 120
f 81 120 82
f 81 84 121
f 81 121 118
f 82 120 123
f 82 123 86
f 82 86 85
f 82 85 83
f 84 122 121
f 86 123 127
f 86 127 88
f 87 124 125
f 87 125 126
f 87 88 127
f 87 127 128
f 87 128 129
f 87 129 124
f 89 130 90
f 90 130 131
f 90 131 91
f 91 131 132
f 91 132 92
f 92 132 133
f 92 133 94
f 93 96 134
f 93 134 135
f 93 135 97
f 94 133 136
f 94 136 197
f 94 197 137
f 94 137 95
f 95 137 138
f 95 138 139
f 95 139 140
f 95 140 96
f 96 135 134
f 96 140 141
f 96 141 142
f 96 142 135
f 97 135 143
f 97 143 98
f 98 143 99
f 99 143 144
f 99 144 145
f 99 145 146
f 99 146 100
f 100 146 205
f 100 205 147
f 101 147 148
f 101 148 149
f 101 149 150
f 101 150 104
f 101 104 103
f 104 150 151
f 104 151 105
f 105 151 152
f 105 152 153
f 105 153 154
f 105 154 106
f 106 154 107
f 107 154 155
f 108 156 157
f 109 157 158
f 110 158 159
f 110 159 111
f 111 159 160
f 111 160 161
f 112 115 167
f 112 167 163
f 112 163 162
f 113 162 163
f 113 163 164
f 113 164 165
f 113 165 116
f 114 166 115
f 115 166 168
f 115 168 169
f 115 169 167
f 116 165 170
f 116 170 117
f 117 170 229
f 117 229 171
f 118 172 119
f 118 121 173
f 118 173 174
f 118 174 175
f 118 175 176
f 118 176 172
f 119 177 123
f 119 123 120
f 119 172 177
f 121 122 178
f 121 178 179
f 121 179 180
f 121 180 173
f 123 177 127
f 124 181 182
f 124 182 183
f 124 183 184
f 124 184 126
f 124 126 125
f 124 129 181
f 126 184 185
f 127 177 186
f 127 186 128
f 128 186 187
f 128 187 188
f 128 188 129
f 129 188 189
f 129 189 190
f 129 190 191
f 129 191 181
f 130 192 193
f 130 193 131
f 131 193 194
f 131 194 132
f 132 195 133
f 132 194 195
f 133 196 136
f 133 195 196
f 135 142 144
f 135 144 143
f 136 196 197
f 137 198 199
f 137 199 138
f 137 197 198
f 138 199 140
f 138 140 139
f 140 199 200
f 140 200 201
f 140 201 141
f 141 201 144
f 141 144 142
f 144 201 200
f 144 200 202
f 144 202 203
f 144 203 145
f 145 203 204
f 145 204 205
f 145 205 146
f 147 205 148
f 148 205 206
f 148 206 149
f 149 207 208
f 149 208 150
f 149 206 207
f 150 208 209
f 150 209 152
f 150 152 151
f 152 210 211
f 152 211 212
f 152 212 213
f 152 213 154
f 152 154 153
f 152 209 210
f 154 213 214
f 154 214 276
f 154 276 215
f 154 215 216
f 154 216 155
f 156 217 218
f 156 218 157
f 157 218 219
f 157 219 158
f 158 219 159
f 159 219 160
f 160 219 220
f 160 220 221
f 160 221 222
f 160 222 161
f 163 167 223
f 163 223 224
f 163 224 164
f 164 224 165
f 165 224 225
f 165 225 291
f 165 291 226
f 165 226 229
f 165 229 170
f 166 216 215
f 166 215 227
f 166 227 168
f 167 169 228
f 167 228 223
f 168 227 228
f 168 228 169
f 171 229 230
f 172 176 231
f 172 231 297
f 172 297 232
f 172 232 177
f 173 180 174
f 174 180 175
f 175 180 233
f 175 233 234
f 175 234 235
f 175 235 176
f 176 235 236
f 176 236 231
f 177 237 187
f 177 187 186
f 177 232 238
f 177 238 237
f 178 239 179
f 179 239 240
f 179 240 180
f 180 240 241
f 180 241 233
f 181 191 182
f 182 191 190
f 182 190 242
f 182 242 243
f 182 243 244
f 182 244 245
f 182 245 183
f 183 245 184
f 184 245 185
f 187 237 188
f 188 237 246
f 188 246 247
f 188 247 189
f 189 248 190
f 189 247 249
f 189 249 248
f 190 248 250
f 190 250 242
f 192 251 252
f 192 252 194
f 192 194 193
f 194 252 195
f 195 253 254
f 195 254 255
f 195 255 196
f 195 252 253
f 196 255 256
f 196 256 257
f 196 257 197
f 197 257 258
f 197 258 259
f 197 259 198
f 198 259 199
f 199 259 260
f 199 260 200
f 200 260 261
f 200 261 262
f 200 262 263
f 200 263 202
f 202 263 264
f 202 264 265
f 202 265 203
f 203 265 266
f 203 266 204
f 204 266 267
f 204 267 268
f 204 268 205
f 205 268 206
f 206 268 267
f 206 267 269
f 206 269 207
f 207 269 342
f 207 342 270
f 207 270 210
f 207 210 208
f 208 210 209
f 210 271 272
f 210 272 211
f 210 270 273
f 210 273 271
f 211 272 274
f 211 274 212
f 212 274 275
f 212 275 214
f 212 214 213
f 214 275 276
f 215 276 228
f 215 228 227
f 217 277 278
f 217 278 218
f 218 278 353
f 218 353 279
f 218 279 219
f 219 279 280
f 219 280 281
f 219 281 282
f 219 282 283
f 219 283 284
f 219 284 220
f 220 284 221
f 221 284 358
f 221 358 285
f 221 285 286
f 221 286 222
f 223 228 287
f 223 287 288
f 223 288 289
f 223 289 290
f 223 290 224
f 224 290 291
f 224 291 225
f 226 291 229
f 228 276 275
f 228 275 292
f 228 292 287
f 229 293 230
f 229 291 294
f 229 294 365
f 229 365 293
f 230 293 295
f 231 296 297
f 231 236 298
f 231 298 299
f 231 299 296
f 232 297 238
f 233 300 234
f 233 241 307
f 233 307 301
f 233 301 302
f 233 302 300
f 234 300 303
f 234 303 235
f 235 303 298
f 235 298 236
f 237 238 246
f 238 297 296
f 238 296 304
f 238 304 246
f 239 305 307
f 239 307 240
f 239 306 305
f 240 307 241
f 242 308 309
f 242 309 243
f 242 250 308
f 243 310 311
f 243 311 244
f 243 309 312
f 243 312 310
f 244 311 313
f 244 313 245
f 246 304 314
f 246 314 247
f 247 314 315
f 247 315 249
f 248 316 317
f 248 317 318
f 248 318 250
f 248 249 319
f 248 319 316
f 249 320 321
f 249 321 319
f 249 315 320
f 250 318 317
f 250 317 308
f 251 322 252
f 252 322 323
f 252 323 324
f 252 324 253
f 253 324 254
f 254 324 255
f 255 324 325
f 255 325 326
f 255 326 327
f 255 327 328
f 255 328 256
f 256 329 257
f 256 328 329
f 257 330 331
f 257 331 259
f 257 259 258
f 257 329 330
f 259 331 332
f 259 332 260
f 260 332 333
f 260 333 334
f 260 334 335
f 260 335 261
f 261 335 262
f 262 336 263
f 262 335 337
f 262 337 338
f 262 338 336
f 263 336 265
f 263 265 264
f 265 339 340
f 265 340 267
f 265 267 266
f 265 336 339
f 267 340 341
f 267 341 342
f 267 342 269
f 270 342 273
f 271 273 343
f 271 343 344
f 271 344 345
f 271 345 272
f 272 345 346
f 272 346 347
f 272 347 274
f 273 342 348
f 273 348 343
f 274 347 349
f 274 349 350
f 274 350 292
f 274 292 275
f 277 351 352
f 277 352 278
f 278 352 353
f 279 353 280
f 280 354 355
f 280 355 281
f 280 353 354
f 281 355 356
f 281 356 282
f 282 356 357
f 282 357 283
f 283 357 284
f 284 357 437
f 284 437 358
f 285 358 359
f 285 359 360
f 285 360 286
f 286 360 306
f 287 292 350
f 287 350 361
f 287 361 288
f 288 361 289
f 289 361 362
f 289 362 290
f 290 362 363
f 290 363 291
f 291 363 294
f 293 364 295
f 293 365 367
f 293 367 364
f 294 363 365
f 295 364 367
f 295 367 368
f 295 368 366
f 296 299 369
f 296 369 370
f 296 370 371
f 296 371 372
f 296 372 373
f 296 373 304
f 298 374 369
f 298 369 299
f 298 303 375
f 298 375 374
f 300 376 381
f 300 381 303
f 300 302 376
f 301 307 302
f 302 377 359
f 302 359 439
f 302 439 378
f 302 378 379
f 302 379 376
f 302 307 377
f 303 380 375
f 303 381 380
f 304 382 314
f 304 373 382
f 305 306 307
f 306 360 377
f 306 377 307
f 308 383 384
f 308 384 309
f 308 317 385
f 308 385 383
f 309 384 312
f 310 386 387
f 310 387 311
f 310 312 388
f 310 388 386
f 312 384 388
f 314 382 320
f 314 320 315
f 316 319 389
f 316 389 317
f 317 389 390
f 317 390 385
f 319 321 391
f 319 391 389
f 320 382 392
f 320 392 321
f 321 392 372
f 321 372 393
f 321 393 394
f 321 394 395
f 321 395 391
f 323 396 397
f 323 397 398
f 323 398 324
f 324 398 325
f 325 398 399
f 325 399 326
f 326 400 401
f 326 401 402
f 326 402 403
f 326 403 327
f 326 399 400
f 327 403 404
f 327 404 328
f 328 404 405
f 328 405 329
f 329 406 330
f 329 405 406
f 330 407 331
f 330 406 405
f 330 405 408
f 330 408 409
f 330 409 407
f 331 407 410
f 331 410 411
f 331 411 412
f 331 412 413
f 331 413 332
f 332 413 414
f 332 414 333
f 333 414 334
f 334 414 415
f 334 415 416
f 334 416 337
f 334 337 335
f 336 338 339
f 337 416 417
f 337 417 338
f 338 417 339
f 339 417 418
f 339 418 340
f 340 418 419
f 340 419 420
f 340 420 348
f 340 348 341
f 341 348 342
f 343 421 344
f 343 348 422
f 343 422 421
f 344 421 423
f 344 423 345
f 345 423 424
f 345 424 346
f 346 424 425
f 346 425 426
f 346 426 347
f 347 426 349
f 348 420 422
f 349 427 428
f 349 428 361
f 349 361 350
f 349 426 427
f 351 429 352
f 352 429 430
f 352 430 431
f 352 431 354
f 352 354 353
f 354 431 355
f 355 431 432
f 355 432 433
f 355 433 434
f 355 434 356
f 356 434 357
f 357 434 435
f 357 435 436
f 357 436 437
f 358 437 359
f 359 438 439
f 359 377 360
f 359 437 438
f 361 428 362
f 362 428 440
f 362 440 441
f 362 441 442
f 362 442 363
f 363 442 365
f 365 442 367
f 366 368 443
f 367 444 368
f 367 442 444
f 368 444 445
f 368 445 446
f 368 446 443
f 369 374 370
f 370 374 447
f 370 447 448
f 370 448 449
f 370 449 371
f 371 450 372
f 371 449 451
f 371 451 452
f 371 452 450
f 372 453 373
f 372 450 394
f 372 394 393
f 372 392 453
f 373 453 382
f 374 375 447
f 375 380 454
f 375 454 447
f 376 379 381
f 378 455 379
f 378 439 521
f 378 521 456
f 378 456 455
f 379 455 458
f 379 458 381
f 380 457 454
f 380 381 458
f 380 458 459
f 380 459 460
f 380 460 457
f 382 453 392
f 383 385 461
f 383 461 462
f 383 462 384
f 384 462 388
f 385 390 463
f 385 463 461
f 386 464 465
f 386 465 466
f 386 466 387
f 386 388 464
f 388 462 552
f 388 552 467
f 388 467 464
f 389 391 468
f 389 468 469
f 389 469 390
f 390 469 470
f 390 470 463
f 391 395 471
f 391 471 468
f 394 450 472
f 394 472 473
f 394 473 471
f 394 471 474
f 394 474 395
f 395 474 471
f 396 475 397
f 397 475 398
f 398 476 400
f 398 400 399
f 398 475 476
f 400 477 401
f 400 476 475
f 400 475 478
f 400 478 477
f 401 479 402
f 401 477 479
f 402 480 481
f 402 481 482
f 402 482 483
f 402 483 403
f 402 479 480
f 403 484 404
f 403 483 482
f 403 482 485
f 403 485 484
f 404 484 405
f 405 484 408
f 407 486 487
f 407 487 488
f 407 488 410
f 407 409 482
f 407 482 489
f 407 489 486
f 408 485 482
f 408 482 409
f 408 484 485
f 410 488 490
f 410 490 491
f 410 491 492
f 410 492 411
f 411 492 491
f 411 491 493
f 411 493 494
f 411 494 412
f 412 494 495
f 412 495 413
f 413 495 496
f 413 496 414
f 414 496 415
f 415 497 498
f 415 498 499
f 415 499 416
f 415 496 497
f 416 499 417
f 417 499 500
f 417 500 418
f 418 500 419
f 419 500 501
f 419 501 502
f 419 502 503
f 419 503 420
f 420 503 504
f 420 504 505
f 420 505 506
f 420 506 422
f 421 422 505
f 421 505 507
f 421 507 508
f 421 508 509
f 421 509 423
f 422 506 505
f 423 509 424
f 424 510 425
f 424 509 510
f 425 510 511
f 425 511 426
f 426 511 427
f 427 511 512
f 427 512 513
f 427 513 440
f 427 440 428
f 429 514 515
f 429 515 516
f 429 516 430
f 430 516 431
f 431 516 517
f 431 517 518
f 431 518 432
f 432 518 611
f 432 611 519
f 432 519 433
f 433 519 434
f 434 519 520
f 434 520 435
f 435 520 436
f 436 520 521
f 436 521 439
f 436 439 438
f 436 438 437
f 440 513 441
f 441 513 522
f 441 522 442
f 442 445 444
f 442 522 523
f 442 523 445
f 443 446 525
f 443 525 526
f 443 526 524
f 445 527 525
f 445 525 446
f 445 523 528
f 445 528 527
f 447 454 448
f 448 454 457
f 448 457 529
f 448 529 530
f 448 530 531
f 448 531 449
f 449 531 451
f 450 452 532
f 450 532 472
f 451 531 533
f 451 533 534
f 451 534 452
f 452 534 532
f 455 535 536
f 455 536 537
f 455 537 538
f 455 538 458
f 455 456 539
f 455 539 540
f 455 540 535
f 456 521 520
f 456 520 539
f 457 460 459
f 457 459 541
f 457 541 542
f 457 542 529
f 458 538 459
f 459 543 541
f 459 538 544
f 459 544 543
f 461 545 546
f 461 546 462
f 461 463 547
f 461 547 548
f 461 548 549
f 461 549 550
f 461 550 545
f 462 551 552
f 462 546 551
f 463 470 553
f 463 553 554
f 463 554 548
f 463 548 547
f 464 466 465
f 464 467 555
f 467 556 557
f 467 557 555
f 467 552 551
f 467 551 558
f 467 558 556
f 468 471 469
f 469 471 559
f 469 559 470
f 470 559 560
f 470 560 553
f 471 473 561
f 471 561 559
f 472 562 473
f 472 532 534
f 472 534 563
f 472 563 562
f 473 562 561
f 475 564 478
f 477 565 479
f 477 478 565
f 478 564 566
f 478 566 567
f 478 567 565
f 479 565 568
f 479 568 569
f 479 569 480
f 480 569 489
f 480 489 482
f 480 482 481
f 486 570 571
f 486 571 572
f 486 572 487
f 486 489 570
f 487 572 573
f 487 573 574
f 487 574 488
f 488 574 575
f 488 575 576
f 488 576 577
f 488 577 578
f 488 578 579
f 488 579 580
f 488 580 491
f 488 491 490
f 489 581 570
f 489 569 581
f 491 580 582
f 491 582 493
f 493 582 583
f 493 583 494
f 494 583 584
f 494 584 585
f 494 585 586
f 494 586 495
f 495 586 497
f 495 497 496
f 497 586 498
f 498 586 499
f 499 586 585
f 499 585 587
f 499 587 588
f 499 588 589
f 499 589 590
f 499 590 500
f 500 590 502
f 500 502 501
f 502 590 591
f 502 591 592
f 502 592 593
f 502 593 594
f 502 594 504
f 502 504 595
f 502 595 503
f 503 595 504
f 504 594 593
f 504 593 505
f 505 593 507
f 507 596 508
f 507 593 596
f 508 596 597
f 508 597 509
f 509 597 510
f 510 597 598
f 510 598 599
f 510 599 511
f 511 599 600
f 511 600 601
f 511 601 512
f 512 602 603
f 512 603 522
f 512 522 513
f 512 601 602
f 514 604 515
f 515 604 516
f 516 605 606
f 516 606 607
f 516 607 608
f 516 608 517
f 516 604 605
f 517 608 609
f 517 609 518
f 518 609 610
f 518 610 611
f 519 611 520
f 520 611 612
f 520 612 539
f 522 603 523
f 523 603 528
f 524 526 613
f 525 527 614
f 525 614 615
f 525 615 616
f 525 616 526
f 526 616 613
f 527 528 617
f 527 617 614
f 528 603 602
f 528 602 618
f 528 618 617
f 529 542 530
f 530 542 619
f 530 619 620
f 530 620 621
f 530 621 622
f 530 622 563
f 530 563 533
f 530 533 531
f 533 563 534
f 535 540 612
f 535 612 536
f 536 623 537
f 536 612 624
f 536 624 625
f 536 625 623
f 537 623 626
f 537 626 627
f 537 627 628
f 537 628 543
f 537 543 544
f 537 544 538
f 539 612 540
f 541 543 542
f 542 543 629
f 542 629 619
f 543 630 631
f 543 631 629
f 543 628 630
f 545 632 633
f 545 633 546
f 545 550 632
f 546 633 634
f 546 634 551
f 548 554 553
f 548 553 549
f 549 635 636
f 549 636 637
f 549 637 550
f 549 553 635
f 550 637 632
f 551 634 638
f 551 638 556
f 551 556 558
f 553 560 639
f 553 639 640
f 553 640 635
f 556 641 557
f 556 638 641
f 559 561 642
f 559 642 643
f 559 643 644
f 559 644 645
f 559 645 646
f 559 646 560
f 560 646 639
f 561 562 642
f 562 563 647
f 562 647 648
f 562 648 642
f 563 622 647
f 564 649 566
f 565 567 650
f 565 650 651
f 565 651 652
f 565 652 653
f 565 653 568
f 566 649 654
f 566 654 567
f 567 654 650
f 568 655 656
f 568 656 657
f 568 657 658
f 568 658 569
f 568 653 659
f 568 659 655
f 569 658 581
f 570 581 660
f 570 660 571
f 571 661 572
f 571 660 662
f 571 662 661
f 572 661 573
f 573 663 664
f 573 664 665
f 573 665 574
f 573 661 663
f 574 665 575
f 575 666 667
f 575 667 668
f 575 668 669
f 575 669 670
f 575 670 671
f 575 671 672
f 575 672 673
f 575 673 674
f 575 674 576
f 575 665 675
f 575 675 664
f 575 664 663
f 575 663 676
f 575 676 677
f 575 677 678
f 575 678 666
f 576 674 679
f 576 679 578
f 576 578 577
f 578 679 680
f 578 680 579
f 579 680 580
f 580 680 681
f 580 681 584
f 580 584 583
f 580 583 582
f 581 657 660
f 581 658 657
f 584 681 682
f 584 682 683
f 584 683 585
f 585 683 684
f 585 684 685
f 585 685 686
f 585 686 587
f 587 686 687
f 587 687 589
f 587 589 588
f 589 687 688
f 589 688 590
f 590 688 689
f 590 689 591
f 591 689 592
f 592 689 593
f 593 689 596
f 596 689 690
f 596 690 691
f 596 691 692
f 596 692 600
f 596 600 597
f 597 600 598
f 598 600 599
f 600 693 694
f 600 694 618
f 600 618 602
f 600 602 601
f 600 692 693
f 604 695 696
f 604 696 606
f 604 606 605
f 606 697 698
f 606 698 699
f 606 699 700
f 606 700 701
f 606 701 607
f 606 696 695
f 606 695 697
f 607 701 608
f 608 701 700
f 608 700 702
f 608 702 703
f 608 703 609
f 609 703 704
f 609 704 610
f 610 704 611
f 611 705 612
f 611 704 705
f 612 705 624
f 613 616 706
f 614 707 708
f 614 708 615
f 614 617 709
f 614 709 707
f 615 710 616
f 615 708 710
f 616 710 711
f 616 711 706
f 617 618 709
f 618 694 712
f 618 712 713
f 618 713 709
f 619 629 714
f 619 714 620
f 620 714 715
f 620 715 716
f 620 716 621
f 621 716 717
f 621 717 718
f 621 718 622
f 622 718 647
f 623 719 626
f 623 625 720
f 623 720 721
f 623 721 722
f 623 722 723
f 623 723 719
f 624 724 625
f 624 705 725
f 624 725 724
f 625 724 721
f 625 721 720
f 626 726 627
f 626 719 726
f 627 726 631
f 627 631 727
f 627 727 628
f 628 727 631
f 628 631 630
f 629 631 714
f 631 728 729
f 631 729 730
f 631 730 715
f 631 715 714
f 631 726 728
f 632 637 636
f 632 636 633
f 633 731 634
f 633 636 732
f 633 732 731
f 634 733 638
f 634 731 734
f 634 734 733
f 635 640 636
f 636 640 735
f 636 735 732
f 638 733 736
f 638 736 641
f 639 646 737
f 639 737 738
f 639 738 640
f 640 739 735
f 640 738 740
f 640 740 739
f 641 736 741
f 641 741 742
f 642 648 643
f 643 648 743
f 643 743 644
f 644 743 646
f 644 646 645
f 646 743 744
f 646 744 737
f 647 718 648
f 648 718 743
f 650 654 745
f 650 745 651
f 651 745 652
f 652 746 659
f 652 659 653
f 652 745 747
f 652 747 748
f 652 748 749
f 652 749 860
f 652 860 750
f 652 750 751
f 652 751 752
f 652 752 753
f 652 753 754
f 652 754 755
f 652 755 756
f 652 756 746
f 654 757 758
f 654 758 745
f 655 659 759
f 655 759 656
f 656 759 756
f 656 756 657
f 657 756 760
f 657 760 661
f 657 661 662
f 657 662 660
f 659 746 756
f 659 756 759
f 661 761 663
f 661 760 762
f 661 762 763
f 661 763 761
f 663 761 677
f 663 677 676
f 664 675 665
f 666 678 667
f 667 764 765
f 667 765 669
f 667 669 668
f 667 678 766
f 667 766 764
f 669 767 768
f 669 768 769
f 669 769 776
f 669 776 770
f 669 770 771
f 669 771 670
f 669 765 772
f 669 772 773
f 669 773 767
f 670 771 671
f 671 774 672
f 671 771 775
f 671 775 776
f 671 776 777
f 671 777 778
f 671 778 779
f 671 779 774
f 672 774 780
f 672 780 781
f 672 781 782
f 672 782 783
f 672 783 673
f 673 783 784
f 673 784 674
f 674 785 679
f 674 784 785
f 677 761 763
f 677 763 756
f 677 756 786
f 677 786 787
f 677 787 788
f 677 788 789
f 677 789 790
f 677 790 678
f 678 790 766
f 679 785 680
f 680 785 682
f 680 682 681
f 682 785 784
f 682 784 791
f 682 791 683
f 683 791 684
f 684 791 792
f 684 792 685
f 685 792 691
f 685 691 793
f 685 793 688
f 685 688 687
f 685 687 686
f 688 793 690
f 688 690 689
f 690 793 691
f 691 794 692
f 691 792 794
f 692 794 795
f 692 795 693
f 693 796 797
f 693 797 798
f 693 798 694
f 693 795 796
f 694 798 799
f 694 799 713
f 694 713 712
f 695 800 697
f 697 800 801
f 697 801 802
f 697 802 698
f 698 802 803
f 698 803 699
f 699 803 804
f 699 804 700
f 700 804 702
f 702 804 805
f 702 805 806
f 702 806 807
f 702 807 808
f 702 808 809
f 702 809 810
f 702 810 704
f 702 704 703
f 704 810 705
f 705 810 811
f 705 811 812
f 705 812 725
f 707 709 813
f 707 813 814
f 707 814 708
f 708 814 915
f 708 915 815
f 708 815 816
f 708 816 817
f 708 817 710
f 709 713 813
f 713 799 813
f 715 818 716
f 715 730 729
f 715 729 819
f 715 819 818
f 716 818 717
f 717 818 820
f 717 820 821
f 717 821 822
f 717 822 823
f 717 823 824
f 717 824 743
f 717 743 718
f 719 723 726
f 721 724 825
f 721 825 722
f 722 825 812
f 722 812 826
f 722 826 723
f 723 827 828
f 723 828 726
f 723 826 827
f 724 725 825
f 725 812 825
f 726 829 728
f 726 828 830
f 726 830 829
f 728 829 729
f 729 831 819
f 729 829 830
f 729 830 831
f 731 832 734
f 731 732 833
f 731 833 832
f 732 735 739
f 732 739 833
f 733 834 835
f 733 835 736
f 733 734 836
f 733 836 834
f 734 837 836
f 734 832 838
f 734 838 839
f 734 839 840
f 734 840 837
f 736 835 841
f 736 841 842
f 736 842 742
f 736 742 741
f 737 843 844
f 737 844 738
f 737 744 845
f 737 845 846
f 737 846 843
f 738 847 740
f 738 844 847
f 739 740 848
f 739 848 849
f 739 849 833
f 740 847 850
f 740 850 848
f 743 824 744
f 744 824 851
f 744 851 823
f 744 823 852
f 744 852 845
f 745 758 853
f 745 853 854
f 745 854 855
f 745 855 856
f 745 856 747
f 747 856 748
f 748 857 858
f 748 858 749
f 748 856 859
f 748 859 857
f 749 858 860
f 750 860 857
f 750 857 751
f 751 857 954
f 751 954 861
f 751 861 862
f 751 862 752
f 752 862 753
f 753 862 787
f 753 787 786
f 753 786 754
f 754 786 756
f 754 756 755
f 756 763 762
f 756 762 760
f 757 853 863
f 757 863 758
f 758 863 853
f 764 772 765
f 764 766 790
f 764 790 772
f 767 864 768
f 767 773 864
f 768 864 865
f 768 865 769
f 769 865 777
f 769 777 776
f 770 775 771
f 770 776 775
f 772 866 867
f 772 867 868
f 772 868 869
f 772 869 870
f 772 870 871
f 772 871 864
f 772 864 773
f 772 790 789
f 772 789 872
f 772 872 873
f 772 873 866
f 774 779 874
f 774 874 875
f 774 875 876
f 774 876 780
f 777 877 878
f 777 878 879
f 777 879 880
f 777 880 881
f 777 881 882
f 777 882 883
f 777 883 884
f 777 884 779
f 777 779 778
f 777 865 864
f 777 864 885
f 777 885 877
f 779 884 874
f 780 876 886
f 780 886 887
f 780 887 781
f 781 887 782
f 782 887 783
f 783 887 888
f 783 888 784
f 784 888 791
f 787 862 861
f 787 861 889
f 787 889 890
f 787 890 891
f 787 891 873
f 787 873 789
f 787 789 788
f 789 873 872
f 791 888 892
f 791 892 893
f 791 893 894
f 791 894 792
f 792 894 895
f 792 895 794
f 794 895 896
f 794 896 897
f 794 897 898
f 794 898 796
f 794 796 795
f 796 899 797
f 796 898 899
f 797 900 798
f 797 899 900
f 798 901 902
f 798 902 903
f 798 903 799
f 798 900 901
f 799 903 813
f 801 904 802
f 802 904 905
f 802 905 906
f 802 906 803
f 803 906 999
f 803 999 907
f 803 907 805
f 803 805 804
f 805 908 909
f 805 909 910
f 805 910 807
f 805 807 806
f 805 907 999
f 805 999 908
f 807 910 812
f 807 812 808
f 808 812 811
f 808 811 810
f 808 810 809
f 812 910 909
f 812 909 911
f 812 911 912
f 812 912 830
f 812 830 913
f 812 913 914
f 812 914 826
f 813 915 814
f 813 903 915
f 815 916 917
f 815 917 918
f 815 918 816
f 815 915 916
f 818 819 919
f 818 919 920
f 818 920 820
f 819 831 919
f 820 920 921
f 820 921 922
f 820 922 821
f 821 923 822
f 821 922 924
f 821 924 925
f 821 925 923
f 822 923 926
f 822 926 927
f 822 927 823
f 823 927 845
f 823 845 852
f 823 851 928
f 823 928 824
f 824 928 851
f 826 914 827
f 827 830 828
f 827 914 913
f 827 913 830
f 830 912 929
f 830 929 930
f 830 930 831
f 831 930 929
f 831 929 919
f 832 833 838
f 833 849 838
f 834 836 931
f 834 931 932
f 834 932 841
f 834 841 835
f 836 837 931
f 837 840 933
f 837 933 934
f 837 934 931
f 838 849 848
f 838 848 935
f 838 935 933
f 838 933 839
f 839 933 840
f 841 932 936
f 841 936 842
f 843 846 937
f 843 937 844
f 844 937 847
f 845 927 938
f 845 938 939
f 845 939 846
f 846 939 938
f 846 938 937
f 847 940 850
f 847 937 941
f 847 941 940
f 848 942 943
f 848 943 944
f 848 944 933
f 848 933 945
f 848 945 935
f 848 850 940
f 848 940 946
f 848 946 947
f 848 947 942
f 853 948 949
f 853 949 855
f 853 855 854
f 855 949 856
f 856 949 950
f 856 950 859
f 857 859 951
f 857 951 952
f 857 952 953
f 857 953 954
f 857 860 858
f 859 950 955
f 859 955 956
f 859 956 951
f 861 957 889
f 861 954 958
f 861 958 957
f 864 871 885
f 866 873 867
f 867 959 868
f 867 873 963
f 867 963 959
f 868 959 960
f 868 960 869
f 869 960 870
f 870 960 961
f 870 961 871
f 871 961 962
f 871 962 885
f 873 891 963
f 874 884 875
f 875 884 964
f 875 964 886
f 875 886 876
f 877 885 878
f 878 965 966
f 878 966 879
f 878 885 967
f 878 967 968
f 878 968 965
f 879 966 969
f 879 969 880
f 880 969 881
f 881 969 970
f 881 970 882
f 882 970 971
f 882 971 972
f 882 972 973
f 882 973 974
f 882 974 883
f 883 964 884
f 883 974 975
f 883 975 964
f 885 962 967
f 886 964 976
f 886 976 977
f 886 977 978
f 886 978 888
f 886 888 887
f 888 978 892
f 889 979 980
f 889 980 890
f 889 957 979
f 890 981 963
f 890 963 891
f 890 980 979
f 890 979 982
f 890 982 983
f 890 983 981
f 892 978 893
f 893 978 984
f 893 984 894
f 894 984 895
f 895 985 986
f 895 986 987
f 895 987 896
f 895 984 985
f 896 987 897
f 897 988 898
f 897 987 988
f 898 988 899
f 899 988 989
f 899 989 990
f 899 990 900
f 900 990 991
f 900 991 992
f 900 992 993
f 900 993 994
f 900 994 901
f 901 994 995
f 901 995 902
f 902 995 915
f 902 915 903
f 904 996 905
f 905 996 906
f 906 997 998
f 906 998 999
f 906 996 997
f 908 999 1000
f 908 1000 1001
f 908 1001 1002
f 908 1002 1003
f 908 1003 909
f 909 1003 1004
f 909 1004 1005
f 909 1005 1006
f 909 1006 911
f 911 1006 912
f 912 1006 1005
f 912 1005 929
f 915 995 1007
f 915 1007 916
f 916 1008 917
f 916 1007 995
f 916 995 1009
f 916 1009 994
f 916 994 1008
f 917 1010 918
f 917 1008 1010
f 919 929 921
f 919 921 920
f 921 929 1011
f 921 1011 922
f 922 1011 1012
f 922 1012 924
f 923 925 1013
f 923 1013 926
f 924 1014 925
f 924 1012 1014
f 925 1014 1013
f 926 1015 927
f 926 1013 1014
f 926 1014 1016
f 926 1016 1017
f 926 1017 1018
f 926 1018 1015
f 927 1019 938
f 927 1015 1019
f 929 1020 1011
f 929 1005 1020
f 931 1021 1118
f 931 1118 1022
f 931 1022 1023
f 931 1023 1024
f 931 1024 932
f 931 934 1025
f 931 1025 1021
f 932 1024 1026
f 932 1026 1027
f 932 1027 1028
f 932 1028 936
f 933 935 945
f 933 944 943
f 933 943 1029
f 933 1029 1030
f 933 1030 1025
f 933 1025 934
f 936 1028 1027
f 937 938 1019
f 937 1019 1031
f 937 1031 1032
f 937 1032 941
f 940 941 1032
f 940 1032 1033
f 940 1033 946
f 942 1034 943
f 942 947 1034
f 943 1035 1029
f 943 1034 1036
f 943 1036 1037
f 943 1037 1035
f 946 1033 1038
f 946 1038 947
f 947 1038 1039
f 947 1039 1040
f 947 1040 1036
f 947 1036 1034
f 948 1041 950
f 948 950 949
f 950 1041 955
f 951 956 952
f 952 956 1042
f 952 1042 1043
f 952 1043 1044
f 952 1044 953
f 953 1044 957
f 953 957 954
f 954 957 958
f 955 1041 956
f 956 1045 1046
f 956 1046 1042
f 956 1041 1047
f 956 1047 1048
f 956 1048 1045
f 957 982 1049
f 957 1049 979
f 957 1044 1050
f 957 1050 1051
f 957 1051 982
f 959 963 1052
f 959 1052 960
f 960 1053 1054
f 960 1054 961
f 960 1052 981
f 960 981 1055
f 960 1055 1056
f 960 1056 1053
f 961 1054 1057
f 961 1057 1058
f 961 1058 1059
f 961 1059 962
f 962 1059 968
f 962 968 967
f 963 981 1060
f 963 1060 1052
f 964 975 1061
f 964 1061 976
f 965 1062 966
f 965 968 1059
f 965 1059 1062
f 966 1063 1064
f 966 1064 1065
f 966 1065 969
f 966 1062 1063
f 969 1065 1066
f 969 1066 1067
f 969 1067 1069
f 969 1069 1068
f 969 1068 970
f 970 1068 1069
f 970 1069 971
f 971 1069 1070
f 971 1070 1071
f 971 1071 972
f 972 1071 973
f 973 1071 1072
f 973 1072 1073
f 973 1073 1074
f 973 1074 974
f 974 1074 1073
f 974 1073 1061
f 974 1061 975
f 976 1061 1073
f 976 1073 1075
f 976 1075 1076
f 976 1076 1077
f 976 1077 1078
f 976 1078 977
f 977 1078 1077
f 977 1077 1079
f 977 1079 1080
f 977 1080 984
f 977 984 978
f 979 1049 982
f 981 983 1081
f 981 1081 1056
f 981 1056 1055
f 981 1052 1060
f 982 1051 1082
f 982 1082 1083
f 982 1083 983
f 983 1084 1085
f 983 1085 1081
f 983 1083 1084
f 984 1080 1079
f 984 1079 1086
f 984 1086 1087
f 984 1087 985
f 985 1087 986
f 986 1087 987
f 987 1087 1088
f 987 1088 988
f 988 1088 1089
f 988 1089 989
f 989 1089 1090
f 989 1090 990
f 990 1090 1091
f 990 1091 1092
f 990 1092 1093
f 990 1093 991
f 991 1093 1094
f 991 1094 1095
f 991 1095 1096
f 991 1096 1097
f 991 1097 992
f 992 1097 993
f 993 1097 1008
f 993 1008 994
f 994 1009 995
f 996 1098 1099
f 996 1099 1100
f 996 1100 997
f 997 1100 1101
f 997 1101 1001
f 997 1001 1000
f 997 1000 1102
f 997 1102 998
f 998 1102 999
f 999 1102 1000
f 1001 1101 1100
f 1001 1100 1103
f 1001 1103 1002
f 1002 1103 1104
f 1002 1104 1105
f 1002 1105 1003
f 1003 1105 1106
f 1003 1106 1107
f 1003 1107 1004
f 1004 1107 1005
f 1005 1107 1108
f 1005 1108 1020
f 1008 1097 1096
f 1008 1096 1109
f 1008 1109 1010
f 1011 1020 1012
f 1012 1110 1016
f 1012 1016 1014
f 1012 1020 1111
f 1012 1111 1112
f 1012 1112 1110
f 1015 1113 1114
f 1015 1114 1031
f 1015 1031 1019
f 1015 1018 1115
f 1015 1115 1113
f 1016 1110 1017
f 1017 1110 1116
f 1017 1116 1115
f 1017 1115 1018
f 1020 1108 1117
f 1020 1117 1111
f 1021 1025 1118
f 1022 1119 1023
f 1022 1118 1119
f 1023 1119 1120
f 1023 1120 1024
f 1024 1120 1026
f 1025 1030 1121
f 1025 1121 1118
f 1026 1120 1122
f 1026 1122 1123
f 1026 1123 1027
f 1029 1124 1121
f 1029 1121 1030
f 1029 1035 1124
f 1031 1114 1032
f 1032 1114 1038
f 1032 1038 1033
f 1035 1037 1125
f 1035 1125 1126
f 1035 1126 1127
f 1035 1127 1124
f 1036 1040 1128
f 1036 1128 1129
f 1036 1129 1037
f 1037 1126 1125
f 1037 1129 1130
f 1037 1130 1126
f 1038 1114 1131
f 1038 1131 1132
f 1038 1132 1133
f 1038 1133 1134
f 1038 1134 1039
f 1039 1134 1128
f 1039 1128 1040
f 1041 1048 1047
f 1042 1046 1135
f 1042 1135 1043
f 1043 1136 1137
f 1043 1137 1138
f 1043 1138 1082
f 1043 1082 1051
f 1043 1051 1050
f 1043 1050 1044
f 1043 1135 1136
f 1045 1139 1140
f 1045 1140 1046
f 1045 1048 1139
f 1046 1140 1135
f 1048 1141 1139
f 1053 1142 1143
f 1053 1143 1144
f 1053 1144 1145
f 1053 1145 1146
f 1053 1146 1147
f 1053 1147 1148
f 1053 1148 1054
f 1053 1056 1149
f 1053 1149 1142
f 1054 1148 1057
f 1056 1081 1085
f 1056 1085 1150
f 1056 1150 1151
f 1056 1151 1152
f 1056 1152 1153
f 1056 1153 1149
f 1057 1148 1154
f 1057 1154 1155
f 1057 1155 1156
f 1057 1156 1157
f 1057 1157 1058
f 1058 1157 1062
f 1058 1062 1059
f 1062 1157 1158
f 1062 1158 1159
f 1062 1159 1160
f 1062 1160 1161
f 1062 1161 1162
f 1062 1162 1064
f 1062 1064 1063
f 1064 1162 1163
f 1064 1163 1066
f 1064 1066 1065
f 1066 1164 1165
f 1066 1165 1067
f 1066 1163 1164
f 1067 1165 1069
f 1069 1165 1164
f 1069 1164 1166
f 1069 1166 1167
f 1069 1167 1168
f 1069 1168 1169
f 1069 1169 1070
f 1070 1169 1071
f 1071 1169 1170
f 1071 1170 1171
f 1071 1171 1172
f 1071 1172 1173
f 1071 1173 1174
f 1071 1174 1175
f 1071 1175 1072
f 1072 1175 1176
f 1072 1176 1177
f 1072 1177 1073
f 1073 1092 1178
f 1073 1178 1075
f 1073 1177 1179
f 1073 1179 1094
f 1073 1094 1092
f 1075 1178 1180
f 1075 1180 1077
f 1075 1077 1076
f 1077 1180 1079
f 1079 1180 1181
f 1079 1181 1182
f 1079 1182 1086
f 1082 1138 1137
f 1082 1137 1136
f 1082 1136 1083
f 1083 1136 1084
f 1084 1136 1085
f 1085 1183 1150
f 1085 1136 1183
f 1086 1182 1090
f 1086 1090 1089
f 1086 1089 1088
f 1086 1088 1087
f 1090 1182 1091
f 1091 1182 1184
f 1091 1184 1181
f 1091 1181 1092
f 1092 1094 1093
f 1092 1181 1180
f 1092 1180 1178
f 1094 1179 1185
f 1094 1185 1186
f 1094 1186 1095
f 1095 1186 1096
f 1096 1186 1187
f 1096 1187 1109
f 1098 1188 1189
f 1098 1189 1099
f 1099 1189 1100
f 1100 1189 1190
f 1100 1190 1191
f 1100 1191 1103
f 1103 1192 1193
f 1103 1193 1194
f 1103 1194 1104
f 1103 1191 1192
f 1104 1194 1195
f 1104 1195 1196
f 1104 1196 1197
f 1104 1197 1107
f 1104 1107 1106
f 1104 1106 1105
f 1107 1196 1117
f 1107 1117 1108
f 1107 1197 1196
f 1110 1112 1116
f 1111 1198 1112
f 1111 1117 1199
f 1111 1199 1200
f 1111 1200 1198
f 1112 1198 1201
f 1112 1201 1116
f 1113 1202 1131
f 1113 1131 1114
f 1113 1115 1203
f 1113 1203 1204
f 1113 1204 1202
f 1115 1116 1204
f 1115 1204 1203
f 1116 1201 1204
f 1117 1196 1199
f 1118 1121 1205
f 1118 1205 1124
f 1118 1124 1206
f 1118 1206 1119
f 1119 1207 1208
f 1119 1208 1120
f 1119 1206 1209
f 1119 1209 1210
f 1119 1210 1207
f 1120 1208 1211
f 1120 1211 1212
f 1120 1212 1122
f 1121 1124 1205
f 1122 1213 1123
f 1122 1212 1214
f 1122 1214 1215
f 1122 1215 1213
f 1123 1213 1215
f 1124 1216 1217
f 1124 1217 1218
f 1124 1218 1209
f 1124 1209 1206
f 1124 1127 1219
f 1124 1219 1216
f 1126 1130 1220
f 1126 1220 1221
f 1126 1221 1127
f 1127 1222 1223
f 1127 1223 1219
f 1127 1221 1220
f 1127 1220 1224
f 1127 1224 1222
f 1128 1134 1129
f 1129 1134 1225
f 1129 1225 1220
f 1129 1220 1130
f 1131 1202 1204
f 1131 1204 1201
f 1131 1201 1226
f 1131 1226 1132
f 1132 1227 1228
f 1132 1228 1133
f 1132 1226 1229
f 1132 1229 1227
f 1133 1228 1134
f 1134 1230 1231
f 1134 1231 1220
f 1134 1220 1225
f 1134 1228 1227
f 1134 1227 1230
f 1135 1140 1232
f 1135 1232 1233
f 1135 1233 1234
f 1135 1234 1235
f 1135 1235 1183
f 1135 1183 1136
f 1139 1141 1140
f 1140 1141 1236
f 1140 1236 1232
f 1141 1237 1236
f 1142 1238 1143
f 1142 1149 1153
f 1142 1153 1238
f 1143 1239 1240
f 1143 1240 1144
f 1143 1238 1241
f 1143 1241 1239
f 1144 1240 1242
f 1144 1242 1243
f 1144 1243 1145
f 1145 1243 1244
f 1145 1244 1146
f 1146 1244 1158
f 1146 1158 1245
f 1146 1245 1155
f 1146 1155 1148
f 1146 1148 1147
f 1148 1155 1154
f 1150 1183 1235
f 1150 1235 1246
f 1150 1246 1247
f 1150 1247 1248
f 1150 1248 1151
f 1151 1248 1152
f 1152 1248 1249
f 1152 1249 1250
f 1152 1250 1153
f 1153 1250 1238
f 1155 1245 1158
f 1155 1158 1157
f 1155 1157 1156
f 1158 1244 1159
f 1159 1244 1251
f 1159 1251 1160
f 1160 1251 1161
f 1161 1251 1252
f 1161 1252 1162
f 1162 1252 1253
f 1162 1253 1163
f 1163 1253 1252
f 1163 1252 1164
f 1164 1252 1254
f 1164 1254 1255
f 1164 1255 1166
f 1166 1255 1167
f 1167 1255 1256
f 1167 1256 1257
f 1167 1257 1168
f 1168 1258 1170
f 1168 1170 1169
f 1168 1257 1259
f 1168 1259 1260
f 1168 1260 1258
f 1170 1258 1171
f 1171 1258 1261
f 1171 1261 1172
f 1172 1261 1262
f 1172 1262 1263
f 1172 1263 1264
f 1172 1264 1265
f 1172 1265 1173
f 1173 1265 1266
f 1173 1266 1174
f 1174 1266 1175
f 1175 1266 1176
f 1176 1266 1177
f 1177 1266 1267
f 1177 1267 1268
f 1177 1268 1179
f 1179 1268 1269
f 1179 1269 1185
f 1181 1184 1182
f 1185 1269 1270
f 1185 1270 1271
f 1185 1271 1186
f 1186 1271 1270
f 1186 1270 1187
f 1188 1272 1273
f 1188 1273 1274
f 1188 1274 1189
f 1189 1274 1190
f 1190 1274 1275
f 1190 1275 1191
f 1191 1276 1277
f 1191 1277 1192
f 1191 1275 1276
f 1192 1277 1278
f 1192 1278 1279
f 1192 1279 1193
f 1193 1279 1195
f 1193 1195 1194
f 1195 1280 1199
f 1195 1199 1196
f 1195 1279 1280
f 1198 1200 1281
f 1198 1281 1282
f 1198 1282 1201
f 1199 1283 1200
f 1199 1280 1279
f 1199 1279 1283
f 1200 1283 1281
f 1201 1282 1284
f 1201 1284 1226
f 1207 1285 1286
f 1207 1286 1211
f 1207 1211 1208
f 1207 1210 1285
f 1209 1218 1287
f 1209 1287 1210
f 1210 1287 1218
f 1210 1218 1288
f 1210 1288 1285
f 1211 1286 1289
f 1211 1289 1290
f 1211 1290 1291
f 1211 1291 1292
f 1211 1292 1214
f 1211 1214 1212
f 1214 1292 1293
f 1216 1219 1223
f 1216 1223 1294
f 1216 1294 1295
f 1216 1295 1288
f 1216 1288 1218
f 1216 1218 1217
f 1220 1231 1230
f 1220 1230 1296
f 1220 1296 1297
f 1220 1297 1298
f 1220 1298 1299
f 1220 1299 1224
f 1222 1294 1223
f 1222 1224 1299
f 1222 1299 1300
f 1222 1300 1301
f 1222 1301 1294
f 1226 1284 1302
f 1226 1302 1229
f 1227 1296 1230
f 1227 1229 1303
f 1227 1303 1304
f 1227 1304 1305
f 1227 1305 1306
f 1227 1306 1296
f 1229 1302 1307
f 1229 1307 1303
f 1232 1236 1233
f 1233 1236 1308
f 1233 1308 1309
f 1233 1309 1310
f 1233 1310 1246
f 1233 1246 1234
f 1234 1246 1235
f 1236 1237 1311
f 1236 1311 1308
f 1238 1250 1312
f 1238 1312 1241
f 1239 1313 1314
f 1239 1314 1240
f 1239 1241 1313
f 1240 1314 1315
f 1240 1315 1316
f 1240 1316 1317
f 1240 1317 1318
f 1240 1318 1242
f 1241 1319 1320
f 1241 1320 1321
f 1241 1321 1313
f 1241 1312 1322
f 1241 1322 1323
f 1241 1323 1319
f 1242 1318 1324
f 1242 1324 1244
f 1242 1244 1243
f 1244 1324 1325
f 1244 1325 1326
f 1244 1326 1327
f 1244 1327 1251
f 1246 1310 1328
f 1246 1328 1247
f 1247 1329 1248
f 1247 1328 1330
f 1247 1330 1329
f 1248 1331 1332
f 1248 1332 1249
f 1248 1329 1331
f 1249 1332 1418
f 1249 1418 1333
f 1249 1333 1250
f 1250 1333 1322
f 1250 1322 1312
f 1251 1327 1334
f 1251 1334 1335
f 1251 1335 1336
f 1251 1336 1337
f 1251 1337 1338
f 1251 1338 1339
f 1251 1339 1340
f 1251 1340 1252
f 1252 1340 1341
f 1252 1341 1254
f 1254 1341 1342
f 1254 1342 1255
f 1255 1342 1343
f 1255 1343 1344
f 1255 1344 1345
f 1255 1345 1256
f 1256 1345 1257
f 1257 1345 1346
f 1257 1346 1347
f 1257 1347 1348
f 1257 1348 1259
f 1258 1260 1261
f 1259 1348 1260
f 1260 1262 1261
f 1265 1349 1268
f 1265 1268 1266
f 1266 1268 1267
f 1268 1349 1269
f 1269 1349 1270
f 1272 1350 1351
f 1272 1351 1274
f 1272 1274 1273
f 1274 1351 1275
f 1275 1351 1352
f 1275 1352 1276
f 1276 1352 1277
f 1277 1353 1278
f 1277 1352 1350
f 1277 1350 1354
f 1277 1354 1355
f 1277 1355 1353
f 1278 1353 1356
f 1278 1356 1357
f 1278 1357 1281
f 1278 1281 1358
f 1278 1358 1279
f 1279 1358 1283
f 1281 1283 1358
f 1281 1357 1282
f 1282 1357 1353
f 1282 1353 1359
f 1282 1359 1284
f 1284 1360 1302
f 1284 1359 1361
f 1284 1361 1362
f 1284 1362 1363
f 1284 1363 1364
f 1284 1364 1360
f 1285 1365 1286
f 1285 1288 1365
f 1286 1366 1367
f 1286 1367 1289
f 1286 1365 1366
f 1288 1295 1368
f 1288 1368 1365
f 1289 1367 1369
f 1289 1369 1290
f 1290 1369 1370
f 1290 1370 1371
f 1290 1371 1291
f 1291 1293 1292
f 1294 1372 1373
f 1294 1373 1295
f 1294 1301 1372
f 1295 1373 1374
f 1295 1374 1368
f 1296 1306 1375
f 1296 1375 1297
f 1297 1376 1377
f 1297 1377 1298
f 1297 1375 1378
f 1297 1378 1379
f 1297 1379 1376
f 1298 1380 1299
f 1298 1377 1380
f 1299 1380 1381
f 1299 1381 1382
f 1299 1382 1300
f 1300 1382 1381
f 1300 1381 1383
f 1300 1383 1301
f 1301 1383 1380
f 1301 1380 1384
f 1301 1384 1385
f 1301 1385 1386
f 1301 1386 1387
f 1301 1387 1388
f 1301 1388 1389
f 1301 1389 1390
f 1301 1390 1391
f 1301 1391 1392
f 1301 1392 1393
f 1301 1393 1394
f 1301 1394 1395
f 1301 1395 1396
f 1301 1396 1372
f 1302 1360 1304
f 1302 1304 1307
f 1303 1307 1304
f 1304 1360 1397
f 1304 1397 1398
f 1304 1398 1399
f 1304 1399 1400
f 1304 1400 1401
f 1304 1401 1306
f 1304 1306 1305
f 1306 1401 1375
f 1308 1402 1403
f 1308 1403 1404
f 1308 1404 1309
f 1308 1311 1402
f 1309 1404 1328
f 1309 1328 1310
f 1311 1405 1402
f 1313 1406 1407
f 1313 1407 1314
f 1313 1321 1417
f 1313 1417 1406
f 1314 1407 1408
f 1314 1408 1315
f 1315 1408 1409
f 1315 1409 1316
f 1316 1409 1487
f 1316 1487 1410
f 1316 1410 1317
f 1317 1410 1411
f 1317 1411 1318
f 1318 1411 1412
f 1318 1412 1413
f 1318 1413 1326
f 1318 1326 1325
f 1318 1325 1324
f 1319 1414 1416
f 1319 1416 1320
f 1319 1323 1415
f 1319 1415 1489
f 1319 1489 1414
f 1320 1416 1417
f 1320 1417 1321
f 1322 1333 1418
f 1322 1418 1323
f 1323 1418 1415
f 1326 1413 1419
f 1326 1419 1327
f 1327 1419 1420
f 1327 1420 1334
f 1328 1404 1421
f 1328 1421 1422
f 1328 1422 1329
f 1328 1329 1330
f 1329 1423 1424
f 1329 1424 1331
f 1329 1422 1495
f 1329 1495 1423
f 1331 1424 1425
f 1331 1425 1332
f 1332 1425 1491
f 1332 1491 1418
f 1334 1420 1426
f 1334 1426 1335
f 1335 1426 1427
f 1335 1427 1336
f 1336 1427 1428
f 1336 1428 1337
f 1337 1428 1429
f 1337 1429 1430
f 1337 1430 1431
f 1337 1431 1339
f 1337 1339 1338
f 1339 1431 1432
f 1339 1432 1433
f 1339 1433 1434
f 1339 1434 1343
f 1339 1343 1342
f 1339 1342 1341
f 1339 1341 1340
f 1343 1435 1344
f 1343 1434 1435
f 1344 1435 1436
f 1344 1436 1434
f 1344 1434 1437
f 1344 1437 1438
f 1344 1438 1439
f 1344 1439 1345
f 1345 1439 1438
f 1345 1438 1440
f 1345 1440 1346
f 1350 1352 1351
f 1350 1441 1442
f 1350 1442 1354
f 1353 1357 1356
f 1353 1355 1443
f 1353 1443 1444
f 1353 1444 1445
f 1353 1445 1446
f 1353 1446 1447
f 1353 1447 1359
f 1354 1442 1355
f 1355 1442 1448
f 1355 1448 1443
f 1359 1447 1361
f 1360 1364 1397
f 1361 1447 1362
f 1362 1447 1446
f 1362 1446 1449
f 1362 1449 1450
f 1362 1450 1451
f 1362 1451 1363
f 1363 1451 1364
f 1364 1451 1397
f 1365 1368 1366
f 1366 1452 1453
f 1366 1453 1367
f 1366 1368 1454
f 1366 1454 1496
f 1366 1496 1452
f 1367 1453 1369
f 1368 1374 1454
f 1369 1453 1455
f 1369 1455 1456
f 1369 1456 1457
f 1369 1457 1370
f 1372 1396 1458
f 1372 1458 1459
f 1372 1459 1460
f 1372 1460 1454
f 1372 1454 1374
f 1372 1374 1373
f 1375 1401 1378
f 1376 1379 1377
f 1377 1385 1380
f 1377 1379 1461
f 1377 1461 1385
f 1378 1401 1462
f 1378 1462 1463
f 1378 1463 1379
f 1379 1463 1464
f 1379 1464 1387
f 1379 1387 1461
f 1380 1383 1381
f 1380 1385 1384
f 1385 1461 1386
f 1386 1461 1387
f 1387 1464 1465
f 1387 1465 1388
f 1388 1465 1466
f 1388 1466 1389
f 1389 1466 1390
f 1390 1467 1468
f 1390 1468 1391
f 1390 1466 1469
f 1390 1469 1467
f 1391 1470 1392
f 1391 1468 1467
f 1391 1467 1470
f 1392 1470 1471
f 1392 1471 1472
f 1392 1472 1393
f 1393 1472 1394
f 1394 1473 1474
f 1394 1474 1459
f 1394 1459 1395
f 1394 1472 1473
f 1395 1459 1396
f 1396 1459 1458
f 1397 1451 1450
f 1397 1450 1475
f 1397 1475 1398
f 1398 1476 1399
f 1398 1475 1477
f 1398 1477 1476
f 1399 1476 1400
f 1400 1476 1478
f 1400 1478 1401
f 1401 1478 1463
f 1401 1463 1462
f 1402 1479 1481
f 1402 1481 1403
f 1402 1405 1480
f 1402 1480 1479
f 1403 1481 1482
f 1403 1482 1404
f 1404 1482 1494
f 1404 1494 1421
f 1406 1471 1407
f 1406 1417 1472
f 1406 1472 1471
f 1407 1471 1470
f 1407 1470 1483
f 1407 1483 1484
f 1407 1484 1408
f 1408 1484 1485
f 1408 1485 1486
f 1408 1486 1409
f 1409 1486 1487
f 1410 1487 1547
f 1410 1547 1488
f 1410 1488 1413
f 1410 1413 1412
f 1410 1412 1411
f 1413 1488 1419
f 1414 1489 1490
f 1414 1490 1416
f 1415 1418 1491
f 1415 1491 1489
f 1416 1472 1417
f 1416 1490 1472
f 1419 1492 1493
f 1419 1493 1420
f 1419 1488 1492
f 1420 1493 1426
f 1421 1494 1495
f 1421 1495 1422
f 1423 1496 1497
f 1423 1497 1424
f 1423 1495 1498
f 1423 1498 1499
f 1423 1499 1496
f 1424 1497 1425
f 1425 1497 1474
f 1425 1474 1491
f 1426 1493 1500
f 1426 1500 1501
f 1426 1501 1427
f 1427 1501 1428
f 1428 1502 1429
f 1428 1501 1503
f 1428 1503 1500
f 1428 1500 1504
f 1428 1504 1505
f 1428 1505 1502
f 1429 1502 1506
f 1429 1506 1507
f 1429 1507 1430
f 1430 1508 1432
f 1430 1432 1431
f 1430 1507 1509
f 1430 1509 1510
f 1430 1510 1511
f 1430 1511 1508
f 1432 1508 1433
f 1433 1508 1434
f 1434 1511 1437
f 1434 1436 1435
f 1434 1508 1511
f 1441 1512 1513
f 1441 1513 1442
f 1442 1513 1512
f 1442 1512 1448
f 1443 1514 1444
f 1443 1448 1515
f 1443 1515 1514
f 1444 1516 1445
f 1444 1514 1516
f 1445 1517 1518
f 1445 1518 1519
f 1445 1519 1520
f 1445 1520 1450
f 1445 1450 1449
f 1445 1449 1446
f 1445 1516 1521
f 1445 1521 1522
f 1445 1522 1523
f 1445 1523 1524
f 1445 1524 1517
f 1448 1512 1515
f 1450 1520 1525
f 1450 1525 1475
f 1452 1526 1527
f 1452 1527 1455
f 1452 1455 1453
f 1452 1496 1526
f 1454 1460 1497
f 1454 1497 1496
f 1455 1527 1528
f 1455 1528 1529
f 1455 1529 1456
f 1459 1474 1497
f 1459 1497 1460
f 1463 1478 1464
f 1464 1530 1465
f 1464 1478 1531
f 1464 1531 1532
f 1464 1532 1533
f 1464 1533 1534
f 1464 1534 1530
f 1465 1530 1466
f 1466 1530 1535
f 1466 1535 1536
f 1466 1536 1537
f 1466 1537 1538
f 1466 1538 1469
f 1467 1469 1538
f 1467 1538 1539
f 1467 1539 1470
f 1470 1539 1483
f 1472 1490 1473
f 1473 1490 1491
f 1473 1491 1474
f 1475 1525 1477
f 1476 1540 1478
f 1476 1477 1525
f 1476 1525 1541
f 1476 1541 1542
f 1476 1542 1540
f 1478 1540 1543
f 1478 1543 1531
f 1479 1527 1481
f 1479 1480 1544
f 1479 1544 1528
f 1479 1528 1527
f 1480 1528 1545
f 1480 1545 1544
f 1481 1527 1482
f 1482 1527 1526
f 1482 1526 1498
f 1482 1498 1494
f 1483 1539 1484
f 1484 1539 1485
f 1485 1539 1486
f 1486 1539 1546
f 1486 1546 1487
f 1487 1546 1547
f 1488 1547 1548
f 1488 1548 1492
f 1489 1491 1490
f 1492 1548 1549
f 1492 1549 1493
f 1493 1549 1585
f 1493 1585 1550
f 1493 1550 1551
f 1493 1551 1500
f 1494 1498 1495
f 1496 1499 1498
f 1496 1498 1526
f 1500 1552 1504
f 1500 1503 1501
f 1500 1551 1552
f 1502 1553 1556
f 1502 1556 1506
f 1502 1505 1555
f 1502 1555 1553
f 1504 1552 1550
f 1504 1550 1585
f 1504 1585 1554
f 1504 1554 1555
f 1504 1555 1505
f 1506 1556 1589
f 1506 1589 1557
f 1506 1557 1509
f 1506 1509 1507
f 1512 1558 1522
f 1512 1522 1515
f 1514 1515 1522
f 1514 1522 1521
f 1514 1521 1516
f 1517 1524 1559
f 1517 1559 1518
f 1518 1560 1561
f 1518 1561 1525
f 1518 1525 1519
f 1518 1559 1524
f 1518 1524 1562
f 1518 1562 1563
f 1518 1563 1564
f 1518 1564 1565
f 1518 1565 1566
f 1518 1566 1560
f 1519 1525 1520
f 1522 1558 1567
f 1522 1567 1568
f 1522 1568 1523
f 1524 1563 1562
f 1525 1561 1569
f 1525 1569 1570
f 1525 1570 1541
f 1528 1544 1545
f 1530 1534 1535
f 1531 1543 1532
f 1532 1543 1571
f 1532 1571 1572
f 1532 1572 1573
f 1532 1573 1574
f 1532 1574 1575
f 1532 1575 1533
f 1533 1535 1534
f 1533 1575 1535
f 1535 1575 1576
f 1535 1576 1577
f 1535 1577 1578
f 1535 1578 1579
f 1535 1579 1536
f 1536 1580 1581
f 1536 1581 1538
f 1536 1538 1537
f 1536 1579 1582
f 1536 1582 1580
f 1538 1581 1583
f 1538 1583 1546
f 1538 1546 1539
f 1540 1542 1543
f 1541 1570 1542
f 1542 1570 1571
f 1542 1571 1543
f 1546 1583 1548
f 1546 1548 1547
f 1548 1583 1549
f 1549 1583 1581
f 1549 1581 1580
f 1549 1580 1584
f 1549 1584 1585
f 1550 1552 1551
f 1553 1555 1586
f 1553 1586 1587
f 1553 1587 1588
f 1553 1588 1556
f 1554 1585 1584
f 1554 1584 1586
f 1554 1586 1555
f 1556 1588 1589
f 1560 1590 1591
f 1560 1591 1592
f 1560 1592 1570
f 1560 1570 1569
f 1560 1569 1561
f 1560 1566 1593
f 1560 1593 1594
f 1560 1594 1590
f 1563 1595 1565
f 1563 1565 1564
f 1565 1595 1596
f 1565 1596 1593
f 1565 1593 1566
f 1570 1592 1573
f 1570 1573 1571
f 1571 1573 1572
f 1573 1592 1597
f 1573 1597 1598
f 1573 1598 1577
f 1573 1577 1576
f 1573 1576 1574
f 1574 1576 1575
f 1577 1598 1597
f 1577 1597 1578
f 1578 1597 1591
f 1578 1591 1590
f 1578 1590 1599
f 1578 1599 1600
f 1578 1600 1601
f 1578 1601 1602
f 1578 1602 1603
f 1578 1603 1579
f 1579 1603 1582
f 1580 1582 1604
f 1580 1604 1605
f 1580 1605 1606
f 1580 1606 1584
f 1582 1603 1586
f 1582 1586 1607
f 1582 1607 1608
f 1582 1608 1604
f 1584 1606 1608
f 1584 1608 1607
f 1584 1607 1586
f 1586 1603 1587
f 1587 1603 1609
f 1587 1609 1588
f 1588 1609 1610
f 1588 1610 1589
f 1589 1610 1611
f 1590 1594 1599
f 1591 1597 1592
f 1593 1612 1594
f 1594 1612 1613
f 1594 1613 1614
f 1594 1614 1600
f 1594 1600 1599
f 1600 1614 1615
f 1600 1615 1616
f 1600 1616 1601
f 1601 1617 1609
f 1601 1609 1602
f 1601 1616 1617
f 1602 1609 1603
f 1604 1608 1606
f 1604 1606 1605
f 1609 1617 1618
f 1609 1618 1611
f 1609 1611 1610
f 1612 1614 1613
f 1616 1618 1617

