# https://github.com/mikedh/trimesh
v 0.00534965 -0.02447613 -0.00381248
v 0.00534965 -0.02447613 0.00384919
v 0.00534965 -0.02447412 -0.00393652
v 0.00543885 -0.02445607 -0.00393652
v 0.00568936 -0.02440391 -0.00393652
v 0.00534965 -0.02447412 0.00397422
v 0.00568936 -0.02440391 0.00393652
v 0.00534965 -0.02447212 -0.00402483
v 0.00593797 -0.02434975 -0.00393652
v 0.00556410 -0.02442598 -0.00406155
v 0.00593797 -0.02434574 -0.00406155
v 0.00534965 -0.02447011 0.00406155
v 0.00577476 -0.02437984 0.00406155
v 0.00593797 -0.02434975 0.00393652
v 0.00534965 -0.02447011 -0.00406155
v 0.00543885 -0.02445206 -0.00406155
v 0.00606323 -0.02432167 -0.00393652
v 0.00576148 -0.02437583 -0.00413597
v 0.00606323 -0.02431766 -0.00406155
v 0.00534965 -0.02445406 0.00418658
v 0.00575768 -0.02437583 0.00413300
v 0.00593797 -0.02434374 0.00406155
v 0.00606323 -0.02432167 0.00393652
v 0.00534965 -0.02445406 -0.00418658
v 0.00618848 -0.02428757 -0.00393652
v 0.00580702 -0.02435778 -0.00418162
v 0.00593797 -0.02432769 -0.00418658
v 0.00606323 -0.02429961 -0.00418658
v 0.00618848 -0.02428356 -0.00406155
v 0.00626439 -0.02425347 -0.00414292
v 0.00568556 -0.02438386 0.00417963
v 0.00564191 -0.02437784 0.00426100
v 0.00534965 -0.02442197 0.00431558
v 0.00606323 -0.02431565 0.00406155
v 0.00606323 -0.02429961 0.00418658
v 0.00593797 -0.02432769 0.00418658
v 0.00618848 -0.02428757 0.00393652
v 0.00534965 -0.02443200 -0.00427490
v 0.00563812 -0.02437583 -0.00425902
v 0.00572162 -0.02436781 -0.00421933
v 0.00656425 -0.02418126 -0.00393652
v 0.00593797 -0.02429760 -0.00431161
v 0.00606512 -0.02426751 -0.00431459
v 0.00615052 -0.02425548 -0.00427490
v 0.00619038 -0.02426551 -0.00418559
v 0.00627957 -0.02425748 -0.00406155
v 0.00675402 -0.02412509 -0.00400896
v 0.00750555 -0.02387435 -0.00425406
v 0.00758906 -0.02386432 -0.00418658
v 0.00761373 -0.02387034 -0.00408834
v 0.00545024 -0.02439990 0.00432352
v 0.00615432 -0.02425748 0.00427589
v 0.00593797 -0.02429760 0.00431161
v 0.00581272 -0.02432568 0.00431161
v 0.00534965 -0.02441395 0.00434138
v 0.00618848 -0.02428155 0.00406155
v 0.00626060 -0.02425147 0.00414093
v 0.00623593 -0.02424545 0.00422429
v 0.00656425 -0.02418126 0.00393652
v 0.00675402 -0.02412509 0.00400796
v 0.00534965 -0.02442197 -0.00431459
v 0.00568367 -0.02435377 -0.00430566
v 0.00756438 -0.02389441 -0.00393652
v 0.00602337 -0.02425548 -0.00438703
v 0.00549768 -0.02437383 -0.00437214
v 0.00610688 -0.02424344 -0.00435825
v 0.00619038 -0.02423341 -0.00431459
v 0.00662877 -0.02412509 -0.00425207
v 0.00634220 -0.02423943 -0.00406155
v 0.00762701 -0.02387435 -0.00400499
v 0.00643899 -0.02416320 -0.00431161
v 0.00698366 -0.02399471 -0.00435726
v 0.00755300 -0.02384627 -0.00430268
v 0.00768774 -0.02380415 -0.00431161
v 0.00768774 -0.02383424 -0.00418658
v 0.00781300 -0.02381017 -0.00406155
v 0.00767636 -0.02385429 -0.00405262
v 0.00549958 -0.02437383 0.00437314
v 0.00610688 -0.02424344 0.00435924
v 0.00606512 -0.02426751 0.00431558
v 0.00750555 -0.02387435 0.00425406
v 0.00731388 -0.02391247 0.00431161
v 0.00746001 -0.02386232 0.00433741
v 0.00737650 -0.02387435 0.00437512
v 0.00650352 -0.02412509 0.00437611
v 0.00602337 -0.02425548 0.00438604
v 0.00534965 -0.02438987 0.00440687
v 0.00761752 -0.02387235 0.00409033
v 0.00713548 -0.02400273 0.00413994
v 0.00752833 -0.02388238 0.00418658
v 0.00756438 -0.02389441 0.00393652
v 0.00762701 -0.02387435 0.00400697
v 0.00757008 -0.02388840 0.00405460
v 0.00534965 -0.02438787 -0.00440688
v 0.00541418 -0.02438185 -0.00439199
v 0.00769154 -0.02385630 -0.00393652
v 0.00568936 -0.02430362 -0.00443664
v 0.00593797 -0.02423542 -0.00447038
v 0.00606512 -0.02422338 -0.00443268
v 0.00618848 -0.02418728 -0.00443664
v 0.00643899 -0.02413512 -0.00439695
v 0.00650541 -0.02412509 -0.00437711
v 0.00534965 -0.02436179 -0.00446641
v 0.00781300 -0.02381618 -0.00393652
v 0.00737840 -0.02387435 -0.00437611
v 0.00746190 -0.02386232 -0.00433741
v 0.00781110 -0.02376603 -0.00430665
v 0.00776555 -0.02375400 -0.00438604
v 0.00781300 -0.02379412 -0.00418658
v 0.00793825 -0.02377205 -0.00393652
v 0.00799139 -0.02374598 -0.00406155
v 0.00534965 -0.02436179 0.00446641
v 0.00759095 -0.02386432 0.00418658
v 0.00768774 -0.02383624 0.00418658
v 0.00768774 -0.02380415 0.00431161
v 0.00755300 -0.02384627 0.00430169
v 0.00731388 -0.02388438 0.00439497
v 0.00776745 -0.02375400 0.00438703
v 0.00655286 -0.02408698 0.00442573
v 0.00618848 -0.02418527 0.00443664
v 0.00762322 -0.02374798 0.00449718
v 0.00606512 -0.02422138 0.00443168
v 0.00593797 -0.02423341 0.00446840
v 0.00585067 -0.02424344 0.00448824
v 0.00767636 -0.02385630 0.00405460
v 0.00781300 -0.02381217 0.00406155
v 0.00781300 -0.02379612 0.00418658
v 0.00769154 -0.02385630 0.00393652
v 0.00593797 -0.02418126 -0.00456168
v 0.00605374 -0.02415117 -0.00456565
v 0.00626819 -0.02412910 -0.00450710
v 0.00576907 -0.02425347 -0.00450611
v 0.00635169 -0.02411707 -0.00448527
v 0.00643899 -0.02410503 -0.00445947
v 0.00690016 -0.02400674 -0.00438901
v 0.00534965 -0.02430362 -0.00456465
v 0.00556410 -0.02427554 -0.00454084
v 0.00781300 -0.02381618 0.00393652
v 0.00731388 -0.02388438 -0.00439497
v 0.00757198 -0.02378409 -0.00444657
v 0.00768774 -0.02376603 -0.00441084
v 0.00788701 -0.02375199 -0.00426200
v 0.00784906 -0.02373996 -0.00434535
v 0.00853226 -0.02351128 -0.00428482
v 0.00825139 -0.02362361 -0.00425009
v 0.00768774 -0.02373595 -0.00447336
v 0.00781110 -0.02371589 -0.00443069
v 0.00812993 -0.02362562 -0.00437810
v 0.00796862 -0.02373795 -0.00418658
v 0.00793825 -0.02377205 0.00393652
v 0.00806351 -0.02371990 -0.00406155
v 0.00843927 -0.02358350 -0.00406155
v 0.00829694 -0.02364167 -0.00393652
v 0.00568936 -0.02426149 0.00452000
v 0.00534965 -0.02433973 0.00450511
v 0.00781110 -0.02376603 0.00430764
v 0.00768774 -0.02376603 0.00441382
v 0.00785095 -0.02373996 0.00434535
v 0.00813183 -0.02362562 0.00437909
v 0.00841270 -0.02351329 0.00440291
v 0.00781110 -0.02371789 0.00443168
v 0.00768774 -0.02373795 0.00447634
v 0.00634790 -0.02411707 0.00448328
v 0.00618848 -0.02413914 0.00452496
v 0.00799329 -0.02362161 0.00449420
v 0.00790978 -0.02363565 0.00451901
v 0.00780161 -0.02364769 0.00456068
v 0.00768774 -0.02368580 0.00456168
v 0.00757387 -0.02372190 0.00455969
v 0.00753971 -0.02376002 0.00451702
v 0.00714307 -0.02387836 0.00450809
v 0.00605563 -0.02415117 0.00456565
v 0.00793256 -0.02377005 0.00406155
v 0.00806351 -0.02370586 0.00418658
v 0.00825139 -0.02362361 0.00425009
v 0.00788701 -0.02375199 0.00426200
v 0.00600629 -0.02412509 -0.00462618
v 0.00608980 -0.02411306 -0.00460931
v 0.00630994 -0.02408698 -0.00455374
v 0.00669899 -0.02397264 -0.00455969
v 0.00706337 -0.02389040 -0.00452496
v 0.00714118 -0.02387836 -0.00450710
v 0.00681286 -0.02398869 -0.00447733
v 0.00534965 -0.02425748 -0.00463511
v 0.00539520 -0.02425347 -0.00462915
v 0.00556410 -0.02423542 -0.00460335
v 0.00722468 -0.02386633 -0.00448428
v 0.00742774 -0.02383624 -0.00442573
v 0.00761752 -0.02374598 -0.00449519
v 0.00849620 -0.02349724 -0.00436817
v 0.00886058 -0.02336886 -0.00435726
v 0.00918511 -0.02326656 -0.00430665
v 0.00926102 -0.02325252 -0.00426200
v 0.00928000 -0.02326054 -0.00418658
v 0.00857022 -0.02351931 -0.00418559
v 0.00768774 -0.02368379 -0.00456168
v 0.00790599 -0.02363565 -0.00451801
v 0.00798949 -0.02361960 -0.00449122
v 0.00871825 -0.02336285 -0.00447634
v 0.00868219 -0.02339695 -0.00443565
v 0.00914146 -0.02325453 -0.00438504
v 0.00899912 -0.02337288 -0.00411613
v 0.00829694 -0.02364167 0.00393652
v 0.00918890 -0.02331069 -0.00406155
v 0.00907883 -0.02335683 -0.00393652
v 0.00556410 -0.02423542 0.00460435
v 0.00534965 -0.02430563 0.00456465
v 0.00600819 -0.02412509 0.00462618
v 0.00817927 -0.02363565 0.00429970
v 0.00806351 -0.02367376 0.00431161
v 0.00821533 -0.02361158 0.00433344
v 0.00849620 -0.02349724 0.00436917
v 0.00914146 -0.02325453 0.00438703
v 0.00905226 -0.02326656 0.00443168
v 0.00835767 -0.02349323 0.00448626
v 0.00706337 -0.02389040 0.00452595
v 0.00656425 -0.02398468 0.00460236
v 0.00818876 -0.02352332 0.00453687
v 0.00783577 -0.02360957 0.00460236
v 0.00900292 -0.02325051 0.00450114
v 0.00775227 -0.02362361 0.00462518
v 0.00736322 -0.02374598 0.00461923
v 0.00609169 -0.02411306 0.00461030
v 0.00918890 -0.02331270 0.00406155
v 0.00900292 -0.02337488 0.00412803
v 0.00843927 -0.02356945 0.00418658
v 0.00861766 -0.02349524 0.00423223
v 0.00853416 -0.02351128 0.00428581
v 0.00618848 -0.02403683 -0.00466984
v 0.00640293 -0.02400674 -0.00463412
v 0.00688308 -0.02387636 -0.00462717
v 0.00593797 -0.02413312 -0.00463511
v 0.00593797 -0.02407896 -0.00469762
v 0.00602527 -0.02400474 -0.00475617
v 0.00618848 -0.02398267 -0.00473235
v 0.00696658 -0.02386432 -0.00460931
v 0.00743913 -0.02373394 -0.00460137
v 0.00743913 -0.02377205 -0.00453885
v 0.00753402 -0.02375801 -0.00451603
v 0.00534965 -0.02422940 -0.00466885
v 0.00568936 -0.02415919 -0.00466686
v 0.00757198 -0.02371990 -0.00455969
v 0.00922496 -0.02323848 -0.00434535
v 0.00930656 -0.02322043 -0.00430665
v 0.00934262 -0.02323647 -0.00418658
v 0.00944890 -0.02315824 -0.00432154
v 0.00952671 -0.02313618 -0.00428581
v 0.00930277 -0.02326857 -0.00406155
v 0.00775037 -0.02362361 -0.00462419
v 0.00780161 -0.02364568 -0.00456068
v 0.00818876 -0.02348120 -0.00459839
v 0.00818876 -0.02352131 -0.00453588
v 0.00891562 -0.02326456 -0.00452298
v 0.00899912 -0.02324851 -0.00449817
v 0.00931795 -0.02316025 -0.00444359
v 0.00941284 -0.02314019 -0.00440588
v 0.00907883 -0.02335683 0.00393652
v 0.00937489 -0.02324851 -0.00393652
v 0.00918890 -0.02331671 -0.00393652
v 0.00539710 -0.02425347 0.00463015
v 0.00534965 -0.02428757 0.00459244
v 0.00648833 -0.02399471 0.00461923
v 0.00640483 -0.02400674 0.00463411
v 0.00610688 -0.02399270 0.00474327
v 0.00602337 -0.02400474 0.00475518
v 0.00593797 -0.02407695 0.00469762
v 0.00593797 -0.02413312 0.00463511
v 0.00922496 -0.02324048 0.00434535
v 0.00941474 -0.02314019 0.00440886
v 0.00931985 -0.02316025 0.00444557
v 0.00936729 -0.02312013 0.00449221
v 0.00875810 -0.02325252 0.00462816
v 0.00811475 -0.02349524 0.00461923
v 0.00918890 -0.02311010 0.00460534
v 0.00928379 -0.02313618 0.00451702
v 0.00793825 -0.02352733 0.00465694
v 0.00776176 -0.02350326 0.00475319
v 0.00768774 -0.02357748 0.00469961
v 0.00756438 -0.02359754 0.00472144
v 0.00756438 -0.02365370 0.00465892
v 0.00831402 -0.02339695 0.00464999
v 0.00681286 -0.02388639 0.00463908
v 0.00688308 -0.02387636 0.00462717
v 0.00918890 -0.02331671 0.00393652
v 0.00937489 -0.02324851 0.00393652
v 0.00936919 -0.02324650 0.00406155
v 0.00934642 -0.02323848 0.00418658
v 0.00857022 -0.02352131 0.00418857
v 0.00926102 -0.02325252 0.00426200
v 0.00681286 -0.02388639 -0.00463908
v 0.00756438 -0.02365370 -0.00465892
v 0.00736132 -0.02374397 -0.00461824
v 0.00568936 -0.02410503 -0.00472938
v 0.00593797 -0.02401677 -0.00476510
v 0.00599301 -0.02387235 -0.00487326
v 0.00606512 -0.02394657 -0.00479586
v 0.00618848 -0.02392049 -0.00478892
v 0.00643899 -0.02388438 -0.00475915
v 0.00690016 -0.02375601 -0.00475617
v 0.00737840 -0.02362562 -0.00475022
v 0.00746190 -0.02361359 -0.00473831
v 0.00706337 -0.02378810 -0.00466984
v 0.00768774 -0.02363364 -0.00463709
v 0.00543695 -0.02420332 -0.00467778
v 0.00534965 -0.02414114 -0.00476609
v 0.00550527 -0.02412509 -0.00475022
v 0.00949634 -0.02312214 -0.00436917
v 0.00943751 -0.02319636 -0.00418658
v 0.00943751 -0.02321441 -0.00406155
v 0.00936540 -0.02324450 -0.00406155
v 0.00961021 -0.02311813 -0.00421040
v 0.01062174 -0.02262266 -0.00436817
v 0.01065021 -0.02263470 -0.00428482
v 0.01013021 -0.02287541 -0.00425604
v 0.00987021 -0.02299576 -0.00423719
v 0.00768774 -0.02357748 -0.00469961
v 0.00779781 -0.02355541 -0.00468175
v 0.00793825 -0.02352733 -0.00465694
v 0.00803124 -0.02350928 -0.00463808
v 0.00839372 -0.02338090 -0.00463312
v 0.00811475 -0.02349524 -0.00461824
v 0.00918890 -0.02315223 -0.00454183
v 0.00928000 -0.02313417 -0.00451702
v 0.00936350 -0.02311813 -0.00448924
v 0.00944890 -0.02310609 -0.00444359
v 0.00956277 -0.02316025 -0.00406155
v 0.00970510 -0.02310408 -0.00393652
v 0.00534965 -0.02418527 0.00471846
v 0.00534965 -0.02420533 0.00469564
v 0.00534965 -0.02425748 0.00463610
v 0.00550148 -0.02412509 0.00475022
v 0.00668760 -0.02390444 0.00465892
v 0.00655286 -0.02391247 0.00469266
v 0.00650352 -0.02387435 0.00475022
v 0.00643899 -0.02388438 0.00475915
v 0.00631374 -0.02390043 0.00477502
v 0.00599301 -0.02387235 0.00487326
v 0.00594556 -0.02392851 0.00483655
v 0.00593797 -0.02401477 0.00476510
v 0.00581272 -0.02409099 0.00471251
v 0.00930656 -0.02322043 0.00430665
v 0.00944890 -0.02315824 0.00432154
v 0.00949634 -0.02312214 0.00436917
v 0.00975824 -0.02300178 0.00438107
v 0.00944890 -0.02310810 0.00444557
v 0.01023269 -0.02274101 0.00448328
v 0.00962729 -0.02299978 0.00450114
v 0.00973926 -0.02286939 0.00461725
v 0.00943751 -0.02303789 0.00456565
v 0.00939386 -0.02300780 0.00463411
v 0.00931985 -0.02309205 0.00455969
v 0.00912248 -0.02312214 0.00462221
v 0.00903898 -0.02313818 0.00464106
v 0.00931416 -0.02302385 0.00465396
v 0.00818876 -0.02336285 0.00473732
v 0.00921927 -0.02298774 0.00473732
v 0.00877139 -0.02313217 0.00475617
v 0.00840701 -0.02326054 0.00476014
v 0.00768774 -0.02351530 0.00476510
v 0.00756438 -0.02353535 0.00478197
v 0.00737650 -0.02362361 0.00475022
v 0.00698176 -0.02374397 0.00474327
v 0.00706337 -0.02373193 0.00473136
v 0.00706337 -0.02378810 0.00466885
v 0.00893839 -0.02315624 0.00466289
v 0.00956277 -0.02316226 0.00406155
v 0.00970510 -0.02310408 0.00393652
v 0.00962919 -0.02312615 0.00413300
v 0.00943751 -0.02320037 0.00418658
v 0.00952671 -0.02313618 0.00428581
v 0.00756438 -0.02359754 -0.00472144
v 0.00568936 -0.02404285 -0.00478792
v 0.00594556 -0.02392851 -0.00483655
v 0.00546542 -0.02399070 -0.00486929
v 0.00538192 -0.02400073 -0.00487525
v 0.00590950 -0.02388037 -0.00487922
v 0.00581272 -0.02381217 -0.00492983
v 0.00594556 -0.02382220 -0.00490700
v 0.00618848 -0.02368580 -0.00494372
v 0.00631374 -0.02368580 -0.00492486
v 0.00668760 -0.02356143 -0.00493479
v 0.00743913 -0.02341299 -0.00489807
v 0.00756438 -0.02339494 -0.00488815
v 0.00743913 -0.02347518 -0.00485739
v 0.00756438 -0.02345712 -0.00484349
v 0.00756438 -0.02353535 -0.00478098
v 0.00718862 -0.02365170 -0.00477403
v 0.00768774 -0.02351530 -0.00476411
v 0.00776176 -0.02350326 -0.00475319
v 0.00534965 -0.02408899 -0.00480976
v 0.00993284 -0.02289748 -0.00443367
v 0.00975634 -0.02300178 -0.00438008
v 0.00962729 -0.02312414 -0.00412704
v 0.01073371 -0.02261665 -0.00421337
v 0.01075459 -0.02262467 -0.00413101
v 0.01088174 -0.02250231 -0.00437909
v 0.01090451 -0.02251234 -0.00431161
v 0.00784526 -0.02348721 -0.00473831
v 0.00793825 -0.02347117 -0.00471945
v 0.00849241 -0.02324650 -0.00474625
v 0.00893839 -0.02310208 -0.00472541
v 0.00893839 -0.02315624 -0.00466289
v 0.00903708 -0.02313818 -0.00464106
v 0.00912058 -0.02312214 -0.00462221
v 0.00884160 -0.02323647 -0.00460633
v 0.00918890 -0.02311010 -0.00460435
v 0.00931795 -0.02309004 -0.00455969
v 0.00954189 -0.02301783 -0.00452695
v 0.00988539 -0.02287942 -0.00450710
v 0.00968802 -0.02298573 -0.00447138
v 0.01075269 -0.02250030 -0.00450015
v 0.01031430 -0.02282727 -0.00406155
v 0.00990817 -0.02301382 -0.00393652
v 0.00534965 -0.02414114 0.00476510
v 0.00581272 -0.02402881 0.00477701
v 0.00668760 -0.02384828 0.00472144
v 0.00731388 -0.02363364 0.00475815
v 0.00718862 -0.02365170 0.00477502
v 0.00668760 -0.02378609 0.00478197
v 0.00568936 -0.02390444 0.00489410
v 0.00534965 -0.02400474 0.00487822
v 0.00556410 -0.02398067 0.00486136
v 0.00756438 -0.02345712 0.00484449
v 0.00743913 -0.02347518 0.00485739
v 0.00756438 -0.02339494 0.00488815
v 0.00606323 -0.02379813 0.00490402
v 0.00594556 -0.02382220 0.00490799
v 0.01006189 -0.02289346 0.00430367
v 0.01010174 -0.02286337 0.00434039
v 0.01006189 -0.02284131 0.00443367
v 0.01062174 -0.02262266 0.00436817
v 0.01088174 -0.02250231 0.00438008
v 0.01049269 -0.02262066 0.00449221
v 0.00988919 -0.02287942 0.00450809
v 0.00965576 -0.02288745 0.00464007
v 0.01006379 -0.02273500 0.00460435
v 0.00999926 -0.02274904 0.00462419
v 0.00931416 -0.02296768 0.00471648
v 0.00944131 -0.02293759 0.00468869
v 0.00948686 -0.02286739 0.00474327
v 0.00940335 -0.02288544 0.00476014
v 0.00931416 -0.02290550 0.00477602
v 0.00913576 -0.02300178 0.00475319
v 0.00906365 -0.02301582 0.00476411
v 0.00793825 -0.02332875 0.00484151
v 0.00893839 -0.02303789 0.00478296
v 0.00768774 -0.02342904 0.00483357
v 0.00996510 -0.02298373 0.00406155
v 0.00990817 -0.02301382 0.00393652
v 0.01016817 -0.02289346 0.00406155
v 0.01075459 -0.02262467 0.00413200
v 0.01031430 -0.02281122 0.00418658
v 0.00987211 -0.02299777 0.00423917
v 0.00961021 -0.02311813 0.00421635
v 0.01013211 -0.02287742 0.00425703
v 0.00534965 -0.02400273 -0.00487723
v 0.00534965 -0.02393854 -0.00491494
v 0.00542936 -0.02394456 -0.00490204
v 0.00534965 -0.02406291 -0.00483059
v 0.00534965 -0.02402079 -0.00486334
v 0.00568936 -0.02381217 -0.00494372
v 0.00581272 -0.02370586 -0.00498143
v 0.00606323 -0.02368580 -0.00496059
v 0.00656425 -0.02356143 -0.00495265
v 0.00706337 -0.02343706 -0.00494273
v 0.00718862 -0.02343706 -0.00492387
v 0.00743913 -0.02331069 -0.00495166
v 0.00756438 -0.02331069 -0.00493181
v 0.00781300 -0.02328863 -0.00489807
v 0.00793825 -0.02326656 -0.00488517
v 0.00764599 -0.02338090 -0.00487922
v 0.00772949 -0.02336686 -0.00486929
v 0.00768774 -0.02342904 -0.00483357
v 0.00780730 -0.02344308 -0.00478892
v 0.00840891 -0.02326054 -0.00476014
v 0.00812613 -0.02337488 -0.00475022
v 0.01080203 -0.02251435 -0.00442771
v 0.01099181 -0.02249429 -0.00423124
v 0.01094437 -0.02252638 -0.00418857
v 0.01101079 -0.02250432 -0.00414788
v 0.01093867 -0.02254845 -0.00406155
v 0.01082291 -0.02260060 -0.00406155
v 0.01076028 -0.02262868 -0.00406155
v 0.01049459 -0.02274703 -0.00406155
v 0.01106393 -0.02243411 -0.00431161
v 0.01096714 -0.02248225 -0.00431161
v 0.01100699 -0.02237794 -0.00450412
v 0.01105444 -0.02239198 -0.00442771
v 0.01113035 -0.02237594 -0.00437909
v 0.00913766 -0.02300379 -0.00475319
v 0.00922116 -0.02298774 -0.00473732
v 0.00918321 -0.02303989 -0.00469266
v 0.00931416 -0.02302385 -0.00465396
v 0.00939386 -0.02300579 -0.00463412
v 0.00947737 -0.02298774 -0.00461030
v 0.00957605 -0.02297571 -0.00456565
v 0.00999926 -0.02274904 -0.00462320
v 0.00981328 -0.02289547 -0.00453091
v 0.01040919 -0.02263871 -0.00452099
v 0.01056291 -0.02253842 -0.00456664
v 0.01086466 -0.02236791 -0.00461725
v 0.01093867 -0.02239399 -0.00452893
v 0.01076597 -0.02263069 -0.00393652
v 0.00543126 -0.02405087 0.00482662
v 0.00534965 -0.02411506 0.00478693
v 0.00534965 -0.02393854 0.00491494
v 0.00581272 -0.02381217 0.00493082
v 0.00772949 -0.02336686 0.00486929
v 0.00764599 -0.02338090 0.00487922
v 0.00793825 -0.02326656 0.00488517
v 0.00781300 -0.02328863 0.00489807
v 0.00768774 -0.02331872 0.00490601
v 0.00756438 -0.02331069 0.00493379
v 0.00743913 -0.02341299 0.00489807
v 0.00743913 -0.02331069 0.00495265
v 0.00606323 -0.02368580 0.00496158
v 0.01069196 -0.02260662 0.00432054
v 0.01083619 -0.02248025 0.00446344
v 0.01075269 -0.02250030 0.00450015
v 0.01080203 -0.02251435 0.00442771
v 0.01096904 -0.02248426 0.00431161
v 0.01113035 -0.02237594 0.00437909
v 0.01105444 -0.02239198 0.00442672
v 0.01100699 -0.02237794 0.00450412
v 0.01018904 -0.02264473 0.00464801
v 0.01056291 -0.02253842 0.00456664
v 0.01086466 -0.02236791 0.00461725
v 0.01052116 -0.02250833 0.00463511
v 0.01009225 -0.02260862 0.00473335
v 0.00974686 -0.02274703 0.00474823
v 0.01000875 -0.02262668 0.00475220
v 0.00993853 -0.02264272 0.00476510
v 0.00932365 -0.02280921 0.00484449
v 0.00918890 -0.02284933 0.00485639
v 0.01050218 -0.02224957 0.00487426
v 0.00893839 -0.02295765 0.00484548
v 0.00818876 -0.02322043 0.00485441
v 0.00856263 -0.02309004 0.00484945
v 0.01076597 -0.02263069 0.00393652
v 0.01076028 -0.02262868 0.00406155
v 0.01082291 -0.02260060 0.00406155
v 0.01093867 -0.02254845 0.00406155
v 0.01101079 -0.02250432 0.00415185
v 0.01080203 -0.02259458 0.00417864
v 0.01073561 -0.02261665 0.00421536
v 0.01099371 -0.02249629 0.00423520
v 0.00534965 -0.02381418 -0.00497646
v 0.00556410 -0.02381217 -0.00495662
v 0.00568936 -0.02371990 -0.00498837
v 0.00606323 -0.02361158 -0.00499532
v 0.00631374 -0.02357547 -0.00497944
v 0.00693811 -0.02343706 -0.00496059
v 0.00731008 -0.02330066 -0.00497349
v 0.00726453 -0.02325252 -0.00500127
v 0.00734804 -0.02323848 -0.00499631
v 0.00756438 -0.02320438 -0.00498143
v 0.00768774 -0.02317830 -0.00497547
v 0.00686979 -0.02337288 -0.00499929
v 0.00781300 -0.02318633 -0.00495066
v 0.00793825 -0.02318633 -0.00492784
v 0.00818876 -0.02306196 -0.00494570
v 0.00818876 -0.02315824 -0.00489509
v 0.00801227 -0.02325252 -0.00487723
v 0.00865562 -0.02300981 -0.00488219
v 0.00793825 -0.02332875 -0.00484151
v 0.00837664 -0.02312414 -0.00487426
v 0.00818876 -0.02322043 -0.00485441
v 0.00893839 -0.02303989 -0.00478296
v 0.01123853 -0.02236791 -0.00422131
v 0.01102028 -0.02251033 -0.00406155
v 0.01125750 -0.02237794 -0.00413796
v 0.01102597 -0.02251234 -0.00393652
v 0.01093867 -0.02255246 -0.00393652
v 0.01082860 -0.02260260 -0.00393652
v 0.01137517 -0.02224957 -0.00437413
v 0.01115123 -0.02238797 -0.00431161
v 0.01164655 -0.02213523 -0.00428284
v 0.01174144 -0.02199481 -0.00449023
v 0.01144918 -0.02217334 -0.00444756
v 0.01109050 -0.02235588 -0.00446244
v 0.01093867 -0.02234986 -0.00459145
v 0.01106013 -0.02230974 -0.00455969
v 0.01209253 -0.02173204 -0.00460038
v 0.01239239 -0.02163375 -0.00451305
v 0.00918321 -0.02294160 -0.00478792
v 0.00931416 -0.02290550 -0.00477602
v 0.00931416 -0.02296768 -0.00471648
v 0.00940525 -0.02288544 -0.00476014
v 0.00948875 -0.02286739 -0.00474327
v 0.00944131 -0.02293759 -0.00468869
v 0.00956277 -0.02290750 -0.00466289
v 0.00965386 -0.02288745 -0.00464007
v 0.01052116 -0.02250833 -0.00463511
v 0.01078116 -0.02238797 -0.00464007
v 0.01093867 -0.02228768 -0.00466587
v 0.01102977 -0.02226361 -0.00464106
v 0.00534965 -0.02389642 0.00493776
v 0.00568936 -0.02381217 0.00494471
v 0.00594746 -0.02367978 0.00497944
v 0.00581272 -0.02370586 0.00498242
v 0.00809387 -0.02323848 0.00486632
v 0.00801227 -0.02325252 0.00487723
v 0.00865562 -0.02300981 0.00488219
v 0.00843927 -0.02304992 0.00490502
v 0.00793825 -0.02318633 0.00492883
v 0.00818876 -0.02306196 0.00494669
v 0.00781300 -0.02318633 0.00495166
v 0.00756438 -0.02320237 0.00498341
v 0.00743913 -0.02322444 0.00499135
v 0.00693811 -0.02336084 0.00499532
v 0.00643519 -0.02355140 0.00497448
v 0.01093867 -0.02239399 0.00452893
v 0.01115312 -0.02238797 0.00431161
v 0.01129166 -0.02227163 0.00441581
v 0.01157254 -0.02216331 0.00431955
v 0.01161998 -0.02212119 0.00436619
v 0.01202611 -0.02188850 0.00439993
v 0.01209253 -0.02173204 0.00459938
v 0.01106013 -0.02230974 0.00455969
v 0.01093867 -0.02234986 0.00459145
v 0.01231268 -0.02171599 0.00443664
v 0.01222918 -0.02173806 0.00447832
v 0.01239049 -0.02163174 0.00451206
v 0.01233735 -0.02160366 0.00459541
v 0.01078116 -0.02238797 0.00464007
v 0.01102977 -0.02226361 0.00464106
v 0.01093867 -0.02228768 0.00466686
v 0.01068816 -0.02234986 0.00472541
v 0.01061035 -0.02236791 0.00474327
v 0.01026875 -0.02250632 0.00475617
v 0.01018904 -0.02252437 0.00477006
v 0.01005620 -0.02256449 0.00478495
v 0.00943751 -0.02273299 0.00486334
v 0.00937299 -0.02274703 0.00487326
v 0.00928948 -0.02276508 0.00488517
v 0.00918890 -0.02278514 0.00489807
v 0.00910160 -0.02286538 0.00486830
v 0.00901810 -0.02288143 0.00487922
v 0.01068816 -0.02228768 0.00477999
v 0.01076028 -0.02212921 0.00487723
v 0.01015678 -0.02238797 0.00488319
v 0.00989488 -0.02250833 0.00488021
v 0.00837664 -0.02312414 0.00487426
v 0.00843927 -0.02311211 0.00486632
v 0.01082860 -0.02260260 0.00393652
v 0.01093867 -0.02255246 0.00393652
v 0.01102597 -0.02251234 0.00393652
v 0.01102028 -0.02251033 0.00406155
v 0.01125750 -0.02237794 0.00413994
v 0.01148524 -0.02224154 0.00420940
v 0.01213618 -0.02188048 0.00426696
v 0.01140174 -0.02226361 0.00428978
v 0.00534965 -0.02377205 -0.00499433
v 0.00538761 -0.02375199 -0.00500028
v 0.00568936 -0.02365771 -0.00501120
v 0.00581272 -0.02364367 -0.00500623
v 0.00590761 -0.02363164 -0.00500226
v 0.00599111 -0.02362161 -0.00499830
v 0.00618848 -0.02353134 -0.00501020
v 0.00638965 -0.02350326 -0.00500127
v 0.00631374 -0.02343706 -0.00502608
v 0.00718862 -0.02318633 -0.00502509
v 0.00756438 -0.02314220 -0.00500623
v 0.00764599 -0.02313016 -0.00500226
v 0.00801227 -0.02300178 -0.00500127
v 0.00805781 -0.02305193 -0.00497250
v 0.00881314 -0.02281122 -0.00495761
v 0.00893839 -0.02281122 -0.00493479
v 0.00906175 -0.02281924 -0.00490601
v 0.00893839 -0.02289547 -0.00488815
v 0.00901810 -0.02288143 -0.00487922
v 0.00843927 -0.02311211 -0.00486632
v 0.00856263 -0.02309004 -0.00484945
v 0.00918890 -0.02284933 -0.00485639
v 0.01213618 -0.02188048 -0.00426696
v 0.01206407 -0.02193865 -0.00418658
v 0.01150232 -0.02224957 -0.00412605
v 0.01156874 -0.02221948 -0.00406155
v 0.01175283 -0.02212520 -0.00400995
v 0.01126889 -0.02238396 -0.00393652
v 0.01202801 -0.02188850 -0.00440191
v 0.01227283 -0.02176012 -0.00439695
v 0.01235633 -0.02173806 -0.00434237
v 0.01243034 -0.02171198 -0.00430566
v 0.01243604 -0.02165381 -0.00443466
v 0.01111137 -0.02224154 -0.00461526
v 0.01160290 -0.02198679 -0.00460732
v 0.01200903 -0.02175410 -0.00462915
v 0.01225385 -0.02162573 -0.00462618
v 0.01233735 -0.02160366 -0.00459641
v 0.01230319 -0.02164980 -0.00455771
v 0.01244363 -0.02156555 -0.00456664
v 0.01256319 -0.02152142 -0.00452893
v 0.01247589 -0.02160968 -0.00447435
v 0.00932365 -0.02280921 -0.00484449
v 0.00944321 -0.02282125 -0.00479686
v 0.00966525 -0.02276709 -0.00476411
v 0.00956277 -0.02285134 -0.00472541
v 0.00974875 -0.02274703 -0.00474823
v 0.01009225 -0.02260862 -0.00473335
v 0.01061035 -0.02236791 -0.00474327
v 0.01082481 -0.02231777 -0.00469365
v 0.01035225 -0.02248827 -0.00473831
v 0.01087035 -0.02224555 -0.00474724
v 0.01111517 -0.02211918 -0.00474426
v 0.01118918 -0.02215930 -0.00466190
v 0.01156305 -0.02193664 -0.00468770
v 0.01218932 -0.02164378 -0.00464503
v 0.00556410 -0.02381217 0.00495761
v 0.00543695 -0.02380214 0.00497547
v 0.00534965 -0.02381618 0.00497646
v 0.00638965 -0.02350326 0.00500127
v 0.00591140 -0.02363364 0.00500326
v 0.00539330 -0.02375199 0.00500127
v 0.00893839 -0.02289547 0.00488815
v 0.00906175 -0.02281924 0.00490601
v 0.00893839 -0.02281122 0.00493479
v 0.00881314 -0.02281122 0.00495761
v 0.00906365 -0.02267883 0.00497646
v 0.00793825 -0.02307399 0.00498143
v 0.00768395 -0.02317630 0.00497646
v 0.00843927 -0.02286137 0.00499532
v 0.00809008 -0.02298573 0.00499532
v 0.00772190 -0.02311411 0.00499631
v 0.00763840 -0.02312815 0.00500127
v 0.00756438 -0.02314019 0.00500524
v 0.00743913 -0.02316025 0.00501119
v 0.00734045 -0.02323848 0.00499631
v 0.00725694 -0.02325051 0.00500028
v 0.01210961 -0.02186644 0.00435031
v 0.01227093 -0.02176012 0.00439497
v 0.01200903 -0.02175410 0.00462915
v 0.01160290 -0.02198679 0.00460732
v 0.01225385 -0.02162573 0.00462618
v 0.01111137 -0.02224154 0.00461427
v 0.01243414 -0.02165180 0.00443367
v 0.01247399 -0.02160968 0.00447237
v 0.01244363 -0.02156354 0.00456664
v 0.01249487 -0.02149534 0.00462022
v 0.01241326 -0.02151941 0.00464801
v 0.01087035 -0.02224555 0.00474724
v 0.01143779 -0.02203092 0.00465892
v 0.01118918 -0.02215930 0.00466289
v 0.01111517 -0.02211918 0.00474525
v 0.01093867 -0.02222750 0.00472938
v 0.01052875 -0.02238597 0.00475915
v 0.00943751 -0.02267081 0.00490204
v 0.00932365 -0.02269889 0.00491395
v 0.00918890 -0.02268685 0.00495066
v 0.01078685 -0.02226561 0.00476212
v 0.01081532 -0.02218738 0.00481273
v 0.01068816 -0.02206101 0.00493082
v 0.01043765 -0.02218738 0.00492387
v 0.01006379 -0.02240803 0.00489509
v 0.01093867 -0.02216532 0.00478197
v 0.01093867 -0.02208107 0.00484449
v 0.01100699 -0.02200284 0.00487624
v 0.01093867 -0.02193664 0.00492983
v 0.01126889 -0.02238396 0.00393652
v 0.01175283 -0.02212520 0.00400896
v 0.01156874 -0.02221948 0.00406155
v 0.01150232 -0.02224957 0.00412605
v 0.01239618 -0.02176012 0.00418658
v 0.01191224 -0.02201888 0.00418658
v 0.01155166 -0.02221346 0.00417567
v 0.01238100 -0.02175210 0.00425803
v 0.00534965 -0.02375400 -0.00500127
v 0.00534965 -0.02368981 -0.00502112
v 0.00556410 -0.02366975 -0.00501516
v 0.00581272 -0.02356143 -0.00502906
v 0.00606323 -0.02354940 -0.00501516
v 0.00618848 -0.02343706 -0.00503501
v 0.00706337 -0.02318633 -0.00503402
v 0.00743913 -0.02306196 -0.00503700
v 0.00756438 -0.02306196 -0.00502707
v 0.00793825 -0.02293559 -0.00502509
v 0.00831402 -0.02281122 -0.00502211
v 0.00902190 -0.02263069 -0.00500226
v 0.00874102 -0.02274502 -0.00499830
v 0.00869547 -0.02280520 -0.00497944
v 0.00906365 -0.02267883 -0.00497646
v 0.00918890 -0.02268685 -0.00495066
v 0.00918890 -0.02278514 -0.00489807
v 0.00910160 -0.02286538 -0.00486830
v 0.00928948 -0.02276508 -0.00488517
v 0.00937299 -0.02274703 -0.00487326
v 0.01238100 -0.02175210 -0.00425902
v 0.01239808 -0.02176012 -0.00418658
v 0.01241326 -0.02177015 -0.00406155
v 0.01206407 -0.02195670 -0.00406155
v 0.01241896 -0.02177216 -0.00393652
v 0.01251574 -0.02163174 -0.00439100
v 0.01253852 -0.02164779 -0.00431161
v 0.01262202 -0.02162172 -0.00423719
v 0.01241326 -0.02151941 -0.00464801
v 0.01249677 -0.02149534 -0.00462022
v 0.01262771 -0.02150136 -0.00450115
v 0.01267895 -0.02143115 -0.00455473
v 0.01255939 -0.02158160 -0.00443466
v 0.00943751 -0.02273299 -0.00486334
v 0.00981328 -0.02258656 -0.00484945
v 0.01019284 -0.02243210 -0.00483952
v 0.01043765 -0.02240603 -0.00477701
v 0.01052875 -0.02238597 -0.00476014
v 0.01078685 -0.02226561 -0.00476411
v 0.01093867 -0.02216532 -0.00478296
v 0.01103166 -0.02214125 -0.00476411
v 0.01176801 -0.02175812 -0.00475716
v 0.01225764 -0.02150337 -0.00475220
v 0.01185151 -0.02173605 -0.00473632
v 0.01218932 -0.02158360 -0.00470755
v 0.01229750 -0.02155351 -0.00467877
v 0.00534965 -0.02379011 0.00498837
v 0.00682045 -0.02332273 0.00501715
v 0.00631374 -0.02343706 0.00502608
v 0.00594746 -0.02357347 0.00501715
v 0.00581272 -0.02356143 0.00503005
v 0.00581272 -0.02364367 0.00500723
v 0.00556410 -0.02366975 0.00501516
v 0.00543695 -0.02369583 0.00501516
v 0.00534965 -0.02368981 0.00502211
v 0.00534965 -0.02373996 0.00500723
v 0.00534965 -0.02375601 0.00500226
v 0.00918890 -0.02259458 0.00498936
v 0.00910350 -0.02261263 0.00499631
v 0.00902000 -0.02263069 0.00500226
v 0.00837475 -0.02287340 0.00499929
v 0.00768395 -0.02306798 0.00501417
v 0.00756438 -0.02306196 0.00502806
v 0.00718862 -0.02318633 0.00502509
v 0.01235443 -0.02173806 0.00434138
v 0.01251385 -0.02163174 0.00438901
v 0.01218932 -0.02164378 0.00464503
v 0.01255939 -0.02157959 0.00443367
v 0.01262771 -0.02149935 0.00450015
v 0.01256319 -0.02151941 0.00452794
v 0.01256319 -0.02147528 0.00459045
v 0.01273020 -0.02136094 0.00460633
v 0.01264669 -0.02138702 0.00463808
v 0.01245501 -0.02144720 0.00469762
v 0.01234115 -0.02147929 0.00473136
v 0.01229750 -0.02155351 0.00467877
v 0.01168830 -0.02184237 0.00471648
v 0.01118918 -0.02209912 0.00472541
v 0.01136188 -0.02199080 0.00474228
v 0.01225764 -0.02150337 0.00475220
v 0.01176801 -0.02175812 0.00475716
v 0.01127838 -0.02201287 0.00476113
v 0.00956277 -0.02256249 0.00493082
v 0.01031430 -0.02218738 0.00495166
v 0.00943751 -0.02256249 0.00495761
v 0.00956277 -0.02245216 0.00498143
v 0.00932175 -0.02255647 0.00498143
v 0.01056291 -0.02206101 0.00495761
v 0.01081342 -0.02193664 0.00495959
v 0.01118918 -0.02203694 0.00477899
v 0.01106203 -0.02206101 0.00481174
v 0.01149663 -0.02174809 0.00487326
v 0.01181356 -0.02153747 0.00489609
v 0.01118918 -0.02181228 0.00492586
v 0.01106393 -0.02181228 0.00495662
v 0.01241896 -0.02177216 0.00393652
v 0.01217034 -0.02189853 0.00406155
v 0.01241326 -0.02176815 0.00406155
v 0.01247589 -0.02173405 0.00406155
v 0.01245691 -0.02172602 0.00418658
v 0.01262012 -0.02162172 0.00423421
v 0.01253852 -0.02164579 0.00431161
v 0.01242844 -0.02170997 0.00430467
v 0.00534965 -0.02356143 -0.00504890
v 0.00543885 -0.02356143 -0.00504692
v 0.00556410 -0.02356143 -0.00504295
v 0.00568936 -0.02356143 -0.00503600
v 0.00606323 -0.02343706 -0.00504295
v 0.00656425 -0.02331069 -0.00503898
v 0.00731388 -0.02306196 -0.00504493
v 0.00768774 -0.02293559 -0.00504493
v 0.00818876 -0.02281122 -0.00503303
v 0.00893839 -0.02256249 -0.00502707
v 0.00906365 -0.02256851 -0.00501417
v 0.00928569 -0.02251234 -0.00500425
v 0.00910540 -0.02261464 -0.00499631
v 0.00918890 -0.02259659 -0.00499036
v 0.00943751 -0.02256249 -0.00495761
v 0.00956277 -0.02256249 -0.00493082
v 0.00932365 -0.02269889 -0.00491395
v 0.00943751 -0.02267081 -0.00490204
v 0.00956277 -0.02264272 -0.00488616
v 0.00963299 -0.02262668 -0.00487723
v 0.00971649 -0.02260862 -0.00486433
v 0.01246071 -0.02172602 -0.00418658
v 0.01247589 -0.02173605 -0.00406155
v 0.01248158 -0.02173806 -0.00393652
v 0.01274728 -0.02149735 -0.00437016
v 0.01269983 -0.02154549 -0.00432154
v 0.01260115 -0.02160968 -0.00431161
v 0.01351399 -0.02100791 -0.00439100
v 0.01313063 -0.02125263 -0.00438107
v 0.01268275 -0.02159363 -0.00419253
v 0.01263720 -0.02162974 -0.00415383
v 0.01257268 -0.02165983 -0.00419253
v 0.01300538 -0.02137699 -0.00425704
v 0.01362216 -0.02099587 -0.00423818
v 0.01346844 -0.02110419 -0.00418658
v 0.01293895 -0.02143516 -0.00418658
v 0.01234115 -0.02147929 -0.00473136
v 0.01245501 -0.02144720 -0.00469762
v 0.01264669 -0.02138702 -0.00463808
v 0.01326348 -0.02100791 -0.00463312
v 0.01273020 -0.02136094 -0.00460732
v 0.01309457 -0.02123056 -0.00446443
v 0.01381763 -0.02071304 -0.00456465
v 0.01362785 -0.02087552 -0.00450214
v 0.01344567 -0.02094171 -0.00456961
v 0.01343808 -0.02103198 -0.00443466
v 0.00997839 -0.02248827 -0.00486731
v 0.01044904 -0.02230974 -0.00484548
v 0.01068816 -0.02228768 -0.00478197
v 0.01068816 -0.02220343 -0.00484449
v 0.01081342 -0.02218538 -0.00481372
v 0.01083809 -0.02210514 -0.00486334
v 0.01093867 -0.02207906 -0.00484548
v 0.01144728 -0.02181027 -0.00484548
v 0.01118918 -0.02203694 -0.00477999
v 0.01193881 -0.02164980 -0.00477106
v 0.01218932 -0.02152142 -0.00476709
v 0.01230509 -0.02143717 -0.00478296
v 0.01241326 -0.02139705 -0.00476808
v 0.00743913 -0.02306196 0.00503799
v 0.00618848 -0.02343706 0.00503501
v 0.00568936 -0.02356143 0.00503700
v 0.00606323 -0.02343706 0.00504295
v 0.00534965 -0.02364969 0.00503203
v 0.00936919 -0.02249429 0.00499829
v 0.00928569 -0.02251234 0.00500425
v 0.00918890 -0.02253240 0.00500921
v 0.00893839 -0.02256249 0.00502509
v 0.00856263 -0.02268685 0.00502906
v 0.00856263 -0.02277511 0.00500822
v 0.00865562 -0.02275907 0.00500326
v 0.00818876 -0.02290550 0.00500921
v 0.00806351 -0.02281122 0.00504295
v 0.00768774 -0.02293559 0.00504593
v 0.01274728 -0.02149735 0.00436917
v 0.01209633 -0.02160767 0.00473434
v 0.01313063 -0.02125263 0.00438008
v 0.01286114 -0.02136496 0.00448229
v 0.01277764 -0.02139103 0.00452298
v 0.01362785 -0.02087552 0.00450015
v 0.01288012 -0.02125062 0.00462717
v 0.01349691 -0.02087150 0.00462022
v 0.01303005 -0.02114230 0.00464404
v 0.01311355 -0.02099186 0.00474228
v 0.01256319 -0.02135092 0.00472640
v 0.01249677 -0.02137098 0.00474724
v 0.01241326 -0.02139705 0.00476808
v 0.01185151 -0.02173605 0.00473632
v 0.01230509 -0.02143717 0.00478296
v 0.01218932 -0.02152142 0.00476709
v 0.01193881 -0.02164980 0.00477105
v 0.01031430 -0.02209712 0.00499036
v 0.00962919 -0.02237594 0.00500028
v 0.01069955 -0.02193464 0.00498440
v 0.01056291 -0.02197877 0.00499234
v 0.01094626 -0.02181027 0.00498341
v 0.01081342 -0.02185440 0.00499333
v 0.01156495 -0.02181829 0.00479388
v 0.01169589 -0.02168390 0.00484250
v 0.01181356 -0.02159965 0.00485838
v 0.01223107 -0.02136295 0.00486731
v 0.01214757 -0.02138502 0.00488120
v 0.01194261 -0.02144519 0.00490799
v 0.01181356 -0.02143717 0.00494570
v 0.01218173 -0.02117841 0.00497249
v 0.01206407 -0.02121050 0.00498539
v 0.01248158 -0.02173806 0.00393652
v 0.01256319 -0.02168390 0.00406155
v 0.01263531 -0.02162974 0.00415086
v 0.01346844 -0.02110419 0.00418658
v 0.01300538 -0.02137699 0.00425703
v 0.01277195 -0.02151139 0.00428581
v 0.01260115 -0.02160767 0.00431161
v 0.00534965 -0.02343706 -0.00506379
v 0.00543885 -0.02343706 -0.00506280
v 0.00568936 -0.02343706 -0.00505684
v 0.00581272 -0.02343706 -0.00505387
v 0.00593797 -0.02343706 -0.00504890
v 0.00681286 -0.02318633 -0.00504890
v 0.00718862 -0.02306196 -0.00505089
v 0.00756438 -0.02293559 -0.00505188
v 0.00831402 -0.02268685 -0.00504890
v 0.00868788 -0.02256249 -0.00504692
v 0.00881314 -0.02256249 -0.00503799
v 0.00918890 -0.02243611 -0.00503402
v 0.00932175 -0.02244614 -0.00501715
v 0.00918890 -0.02253441 -0.00500921
v 0.00981328 -0.02218738 -0.00502807
v 0.00956277 -0.02238998 -0.00500425
v 0.00962919 -0.02237594 -0.00500028
v 0.00936919 -0.02249629 -0.00499830
v 0.00943751 -0.02248025 -0.00499333
v 0.00956277 -0.02245216 -0.00498143
v 0.01031430 -0.02218738 -0.00495066
v 0.00968043 -0.02256449 -0.00490105
v 0.01068816 -0.02206101 -0.00492883
v 0.01056291 -0.02216933 -0.00490105
v 0.01006379 -0.02240603 -0.00489410
v 0.01015488 -0.02238597 -0.00488219
v 0.01023838 -0.02236791 -0.00487029
v 0.01256319 -0.02168590 -0.00406155
v 0.01256319 -0.02168991 -0.00393652
v 0.01374742 -0.02087150 -0.00437016
v 0.01343428 -0.02109015 -0.00431360
v 0.01389734 -0.02076318 -0.00439993
v 0.01270742 -0.02159764 -0.00406155
v 0.01325209 -0.02125062 -0.00413101
v 0.01377209 -0.02088755 -0.00428680
v 0.01400362 -0.02075115 -0.00425704
v 0.01393909 -0.02080932 -0.00418658
v 0.01363545 -0.02100590 -0.00415483
v 0.01249677 -0.02137098 -0.00474724
v 0.01273020 -0.02123658 -0.00473732
v 0.01281370 -0.02121050 -0.00471152
v 0.01281370 -0.02127269 -0.00464900
v 0.01368858 -0.02068696 -0.00468869
v 0.01388026 -0.02062678 -0.00462717
v 0.01349691 -0.02087150 -0.00462122
v 0.01356333 -0.02085144 -0.00459244
v 0.01392771 -0.02064885 -0.00455374
v 0.01386128 -0.02073911 -0.00448328
v 0.01381763 -0.02079127 -0.00443962
v 0.01031430 -0.02234986 -0.00485937
v 0.01049648 -0.02224756 -0.00487326
v 0.01068816 -0.02214125 -0.00488517
v 0.01080393 -0.02206302 -0.00489807
v 0.01093867 -0.02201688 -0.00488517
v 0.01108670 -0.02197877 -0.00486136
v 0.01156305 -0.02172803 -0.00486036
v 0.01198626 -0.02149133 -0.00486929
v 0.01194261 -0.02155753 -0.00483853
v 0.01218932 -0.02143115 -0.00483456
v 0.01231268 -0.02133888 -0.00485243
v 0.01256319 -0.02128873 -0.00477999
v 0.01264669 -0.02126266 -0.00476014
v 0.00756438 -0.02293559 0.00505386
v 0.00731388 -0.02306196 0.00504593
v 0.00693811 -0.02318633 0.00504295
v 0.00556410 -0.02356143 0.00504295
v 0.00593797 -0.02343706 0.00504990
v 0.00643899 -0.02331069 0.00504692
v 0.00543885 -0.02356143 0.00504791
v 0.00534965 -0.02356143 0.00504990
v 0.01044524 -0.02194667 0.00501814
v 0.01031430 -0.02193664 0.00503501
v 0.00981328 -0.02218738 0.00502707
v 0.00956277 -0.02231175 0.00502310
v 0.00943751 -0.02231175 0.00503501
v 0.00881314 -0.02256249 0.00503501
v 0.00843927 -0.02268685 0.00503898
v 0.00831402 -0.02268685 0.00504791
v 0.01269983 -0.02154348 0.00432154
v 0.01281370 -0.02147328 0.00432154
v 0.01338873 -0.02113227 0.00427192
v 0.01377209 -0.02088755 0.00428581
v 0.01374742 -0.02087150 0.00436917
v 0.01389734 -0.02076318 0.00439894
v 0.01316100 -0.02114631 0.00452992
v 0.01385939 -0.02073911 0.00448229
v 0.01377778 -0.02076519 0.00452298
v 0.01387836 -0.02062678 0.00462717
v 0.01381384 -0.02064684 0.00464900
v 0.01341340 -0.02089758 0.00464900
v 0.01373034 -0.02061073 0.00473831
v 0.01349691 -0.02074714 0.00474724
v 0.01288012 -0.02112625 0.00475220
v 0.01264669 -0.02126266 0.00476014
v 0.01231268 -0.02133888 0.00485242
v 0.01262202 -0.02112024 0.00487326
v 0.01218932 -0.02143115 0.00483456
v 0.01205837 -0.02156354 0.00478792
v 0.01049079 -0.02199481 0.00499829
v 0.01014919 -0.02213322 0.00500326
v 0.01074699 -0.02187245 0.00499929
v 0.01181356 -0.02133888 0.00498738
v 0.01131254 -0.02159764 0.00499036
v 0.01213618 -0.02113027 0.00500127
v 0.01123853 -0.02161770 0.00499730
v 0.01238669 -0.02125664 0.00487822
v 0.01231268 -0.02127670 0.00489013
v 0.01218932 -0.02131682 0.00490502
v 0.01206407 -0.02131080 0.00494173
v 0.01231268 -0.02118643 0.00493479
v 0.01243793 -0.02106206 0.00495463
v 0.01232217 -0.02106206 0.00498440
v 0.01221969 -0.02110419 0.00499234
v 0.01256319 -0.02168991 0.00393652
v 0.01264290 -0.02163576 0.00406155
v 0.01325209 -0.02125062 0.00412903
v 0.01362216 -0.02099587 0.00423818
v 0.01363545 -0.02100590 0.00415483
v 0.01393909 -0.02080932 0.00418658
v 0.00534965 -0.02334880 -0.00506677
v 0.00543885 -0.02331069 -0.00506776
v 0.00568936 -0.02331069 -0.00506577
v 0.00593797 -0.02331069 -0.00506379
v 0.00606323 -0.02331069 -0.00506081
v 0.00618848 -0.02331069 -0.00505684
v 0.00631374 -0.02331069 -0.00505188
v 0.00693811 -0.02306196 -0.00506081
v 0.00743913 -0.02293559 -0.00505783
v 0.00656425 -0.02318633 -0.00505883
v 0.00781300 -0.02281122 -0.00505684
v 0.00856263 -0.02256249 -0.00505387
v 0.00893839 -0.02243611 -0.00505188
v 0.00906365 -0.02243611 -0.00504394
v 0.00931416 -0.02231175 -0.00504692
v 0.00968802 -0.02218738 -0.00503997
v 0.01031430 -0.02193664 -0.00503402
v 0.01018714 -0.02206903 -0.00501516
v 0.00993284 -0.02219139 -0.00501318
v 0.01056291 -0.02191257 -0.00501120
v 0.01056291 -0.02197475 -0.00499234
v 0.00997079 -0.02223552 -0.00499532
v 0.01006379 -0.02221346 -0.00498738
v 0.01044335 -0.02205700 -0.00498143
v 0.01056291 -0.02206101 -0.00495662
v 0.01081342 -0.02193664 -0.00495860
v 0.01093867 -0.02193664 -0.00492784
v 0.01271122 -0.02159965 -0.00393652
v 0.01398085 -0.02073711 -0.00434039
v 0.01381384 -0.02084944 -0.00432154
v 0.01393909 -0.02071304 -0.00443962
v 0.01403588 -0.02064885 -0.00443664
v 0.01281180 -0.02153747 -0.00393652
v 0.01293895 -0.02145322 -0.00406155
v 0.01342099 -0.02115233 -0.00406155
v 0.01393909 -0.02082737 -0.00406155
v 0.01380815 -0.02090962 -0.00406155
v 0.01414595 -0.02063882 -0.00428780
v 0.01436989 -0.02049439 -0.00422925
v 0.01416493 -0.02065286 -0.00418658
v 0.01407763 -0.02071504 -0.00418658
v 0.01401500 -0.02075917 -0.00418658
v 0.01403019 -0.02076920 -0.00406155
v 0.01288012 -0.02112625 -0.00475220
v 0.01349691 -0.02074714 -0.00474724
v 0.01373034 -0.02061073 -0.00473732
v 0.01381384 -0.02058466 -0.00471152
v 0.01387836 -0.02050041 -0.00475022
v 0.01402260 -0.02051445 -0.00464007
v 0.01410420 -0.02048436 -0.00460534
v 0.01396376 -0.02059669 -0.00458946
v 0.01400741 -0.02062879 -0.00450611
v 0.01105254 -0.02193664 -0.00489609
v 0.01141122 -0.02176815 -0.00488517
v 0.01149473 -0.02174608 -0.00487227
v 0.01131254 -0.02185641 -0.00486334
v 0.01165794 -0.02163977 -0.00488418
v 0.01190276 -0.02151340 -0.00488219
v 0.01214757 -0.02138502 -0.00488120
v 0.01223107 -0.02136295 -0.00486731
v 0.01206407 -0.02146926 -0.00485540
v 0.01238669 -0.02125463 -0.00487823
v 0.01247020 -0.02122856 -0.00486235
v 0.01257268 -0.02118643 -0.00484746
v 0.01281180 -0.02105605 -0.00483456
v 0.01292946 -0.02106006 -0.00477999
v 0.01281370 -0.02114832 -0.00476808
v 0.00743913 -0.02293559 0.00505883
v 0.00718862 -0.02306196 0.00505188
v 0.00856263 -0.02256249 0.00505287
v 0.00881314 -0.02243611 0.00505684
v 0.00843927 -0.02256249 0.00505883
v 0.00806351 -0.02268685 0.00506081
v 0.00681286 -0.02318633 0.00504990
v 0.00668760 -0.02318633 0.00505486
v 0.00618848 -0.02331069 0.00505684
v 0.00568936 -0.02343706 0.00505783
v 0.00534965 -0.02352533 0.00505486
v 0.01056291 -0.02191458 0.00501219
v 0.01056291 -0.02181228 0.00503799
v 0.00968802 -0.02218738 0.00503898
v 0.00906365 -0.02243611 0.00503997
v 0.01400362 -0.02075115 0.00425703
v 0.01393909 -0.02077522 0.00430367
v 0.01398085 -0.02073510 0.00434039
v 0.01412318 -0.02062277 0.00436917
v 0.01403398 -0.02064885 0.00443664
v 0.01393909 -0.02071304 0.00443863
v 0.01400552 -0.02062879 0.00450511
v 0.01392771 -0.02064684 0.00455274
v 0.01396187 -0.02059669 0.00458847
v 0.01410420 -0.02048236 0.00460435
v 0.01424464 -0.02037003 0.00461923
v 0.01402070 -0.02051445 0.00464007
v 0.01387836 -0.02050041 0.00475121
v 0.01381384 -0.02058466 0.00471152
v 0.01381384 -0.02052247 0.00476709
v 0.01368858 -0.02056660 0.00479289
v 0.01292946 -0.02106006 0.00477899
v 0.01243224 -0.02118643 0.00489906
v 0.01319326 -0.02080932 0.00484052
v 0.01308888 -0.02084944 0.00485838
v 0.01362026 -0.02049640 0.00487326
v 0.01300538 -0.02087552 0.00487624
v 0.01066349 -0.02189251 0.00500524
v 0.01040729 -0.02201287 0.00500425
v 0.01091021 -0.02176614 0.00500524
v 0.01081342 -0.02179222 0.00501219
v 0.01164655 -0.02138301 0.00500326
v 0.01236961 -0.02099587 0.00499829
v 0.01228611 -0.02101994 0.00500623
v 0.01218173 -0.02106206 0.00501219
v 0.01206407 -0.02114832 0.00500723
v 0.01368858 -0.02041215 0.00489311
v 0.01368858 -0.02031185 0.00493975
v 0.01356143 -0.02030584 0.00497646
v 0.01360318 -0.02023362 0.00499532
v 0.01298640 -0.02061475 0.00499730
v 0.01271122 -0.02159965 0.00393652
v 0.01281180 -0.02153747 0.00393652
v 0.01342099 -0.02115233 0.00406155
v 0.01380815 -0.02090962 0.00406155
v 0.01393909 -0.02082737 0.00406155
v 0.01403019 -0.02076920 0.00406155
v 0.01401690 -0.02075917 0.00418658
v 0.00534965 -0.02331069 -0.00506776
v 0.00581272 -0.02318633 -0.00506875
v 0.00643899 -0.02306196 -0.00506776
v 0.00656425 -0.02306196 -0.00506677
v 0.00631374 -0.02318633 -0.00506478
v 0.00643899 -0.02318633 -0.00506280
v 0.00731388 -0.02293559 -0.00506280
v 0.00843927 -0.02256249 -0.00505982
v 0.00881314 -0.02243611 -0.00505883
v 0.00918890 -0.02231175 -0.00505585
v 0.00956277 -0.02218738 -0.00504990
v 0.00993853 -0.02206101 -0.00504295
v 0.01018904 -0.02193664 -0.00504493
v 0.01056291 -0.02181228 -0.00503600
v 0.01044335 -0.02194467 -0.00501715
v 0.01069575 -0.02182231 -0.00501814
v 0.01065970 -0.02189051 -0.00500425
v 0.01074320 -0.02187045 -0.00499830
v 0.01069575 -0.02193464 -0.00498440
v 0.01031430 -0.02209511 -0.00498936
v 0.01094437 -0.02180826 -0.00498341
v 0.01106393 -0.02181228 -0.00495563
v 0.01181356 -0.02143717 -0.00494471
v 0.01194261 -0.02144319 -0.00490700
v 0.01181356 -0.02153546 -0.00489509
v 0.01412318 -0.02062277 -0.00437115
v 0.01440595 -0.02039610 -0.00441084
v 0.01426551 -0.02050843 -0.00439199
v 0.01387457 -0.02087351 -0.00393652
v 0.01448945 -0.02036601 -0.00435131
v 0.01479690 -0.02015740 -0.00431161
v 0.01487471 -0.02012330 -0.00424711
v 0.01443062 -0.02046029 -0.00418757
v 0.01438318 -0.02050442 -0.00414590
v 0.01424084 -0.02061675 -0.00406155
v 0.01418201 -0.02066489 -0.00393652
v 0.01409471 -0.02072708 -0.00393652
v 0.01403209 -0.02077121 -0.00393652
v 0.01341340 -0.02077321 -0.00476808
v 0.01364683 -0.02063681 -0.00476014
v 0.01420289 -0.02032188 -0.00469762
v 0.01381384 -0.02052047 -0.00476709
v 0.01381004 -0.02043020 -0.00483159
v 0.01392771 -0.02043020 -0.00477403
v 0.01525047 -0.01949946 -0.00475022
v 0.01474756 -0.01987055 -0.00474724
v 0.01511004 -0.01961380 -0.00474129
v 0.01460522 -0.01998489 -0.00473831
v 0.01424654 -0.02037003 -0.00462022
v 0.01468872 -0.02002300 -0.00464702
v 0.01503223 -0.01977226 -0.00464801
v 0.01475135 -0.01999893 -0.00462518
v 0.01405676 -0.02055657 -0.00455572
v 0.01456157 -0.02018548 -0.00456068
v 0.01465267 -0.02014336 -0.00452695
v 0.01487661 -0.01999893 -0.00450015
v 0.01473617 -0.02011327 -0.00448130
v 0.01490318 -0.02001899 -0.00443664
v 0.01206407 -0.02131080 -0.00494074
v 0.01218932 -0.02131682 -0.00490403
v 0.01231268 -0.02127670 -0.00488914
v 0.01231268 -0.02118643 -0.00493380
v 0.01243224 -0.02118643 -0.00489807
v 0.01257268 -0.02107209 -0.00491196
v 0.01253662 -0.02114631 -0.00488616
v 0.01293895 -0.02089557 -0.00488616
v 0.01262012 -0.02112024 -0.00487227
v 0.01285355 -0.02098384 -0.00486632
v 0.01308508 -0.02084944 -0.00485937
v 0.01368858 -0.02056660 -0.00479189
v 0.00731388 -0.02293559 0.00506280
v 0.00706337 -0.02306196 0.00505684
v 0.00831402 -0.02256249 0.00506379
v 0.00893839 -0.02243611 0.00504890
v 0.00918890 -0.02231175 0.00505287
v 0.00906365 -0.02231175 0.00505982
v 0.00656425 -0.02318633 0.00505883
v 0.00606323 -0.02331069 0.00506081
v 0.00556410 -0.02343706 0.00506081
v 0.00543885 -0.02343706 0.00506280
v 0.00534965 -0.02343706 0.00506379
v 0.01069955 -0.02182231 0.00501913
v 0.01094626 -0.02169593 0.00501913
v 0.01131254 -0.02143717 0.00503501
v 0.01118918 -0.02143717 0.00504692
v 0.01093867 -0.02156154 0.00504791
v 0.01068816 -0.02168590 0.00504791
v 0.01043765 -0.02181228 0.00504692
v 0.01018904 -0.02193664 0.00504493
v 0.00956277 -0.02218738 0.00504791
v 0.00931416 -0.02231175 0.00504394
v 0.01407953 -0.02071504 0.00418658
v 0.01436989 -0.02049439 0.00422925
v 0.01487471 -0.02012330 0.00424711
v 0.01414595 -0.02063882 0.00428581
v 0.01406435 -0.02068696 0.00431260
v 0.01537763 -0.01975220 0.00425703
v 0.01531120 -0.01978029 0.00430467
v 0.01535295 -0.01973415 0.00434039
v 0.01527135 -0.01976424 0.00440588
v 0.01524098 -0.01974418 0.00448924
v 0.01487850 -0.02000094 0.00450214
v 0.01481398 -0.01997687 0.00459541
v 0.01475135 -0.01999893 0.00462419
v 0.01396187 -0.02047032 0.00472342
v 0.01452741 -0.02014336 0.00464404
v 0.01392771 -0.02043221 0.00477502
v 0.01424274 -0.02024365 0.00474525
v 0.01474945 -0.01987256 0.00474823
v 0.01466595 -0.01990265 0.00477105
v 0.01385179 -0.02035598 0.00486433
v 0.01381004 -0.02043020 0.00483258
v 0.01368858 -0.02047433 0.00485838
v 0.01376829 -0.02038607 0.00488021
v 0.01106393 -0.02166384 0.00501119
v 0.01119298 -0.02156956 0.00501814
v 0.01275297 -0.02075115 0.00500028
v 0.01306421 -0.02052849 0.00500822
v 0.01206407 -0.02106206 0.00502906
v 0.01294275 -0.02056861 0.00501715
v 0.01268844 -0.02068696 0.00502707
v 0.01243793 -0.02081133 0.00503402
v 0.01193502 -0.02119044 0.00501417
v 0.01394668 -0.02019551 0.00490998
v 0.01406435 -0.02006111 0.00493280
v 0.01381384 -0.02018749 0.00495563
v 0.01351968 -0.02025970 0.00500326
v 0.01381384 -0.02009722 0.00499036
v 0.01374742 -0.02012129 0.00499829
v 0.01366391 -0.02015138 0.00500723
v 0.01387457 -0.02087351 0.00393652
v 0.01403209 -0.02077121 0.00393652
v 0.01409282 -0.02072507 0.00406155
v 0.00534965 -0.02318633 -0.00506875
v 0.00668760 -0.02293559 -0.00506875
v 0.00731388 -0.02281122 -0.00506776
v 0.00743913 -0.02281122 -0.00506677
v 0.00668760 -0.02306196 -0.00506577
v 0.00681286 -0.02306196 -0.00506379
v 0.00718862 -0.02293559 -0.00506478
v 0.00756438 -0.02281122 -0.00506478
v 0.00793825 -0.02268685 -0.00506478
v 0.00831402 -0.02256249 -0.00506379
v 0.00906365 -0.02231175 -0.00506180
v 0.00943751 -0.02218738 -0.00505783
v 0.01006379 -0.02193664 -0.00505387
v 0.01043765 -0.02181228 -0.00504692
v 0.01068816 -0.02168590 -0.00504791
v 0.01081342 -0.02168590 -0.00503600
v 0.01081342 -0.02178821 -0.00501120
v 0.01106393 -0.02156154 -0.00503501
v 0.01119108 -0.02156956 -0.00501715
v 0.01098991 -0.02174407 -0.00499830
v 0.01106393 -0.02172402 -0.00499135
v 0.01131254 -0.02159564 -0.00499036
v 0.01156305 -0.02146726 -0.00498837
v 0.01197297 -0.02123457 -0.00499433
v 0.01193312 -0.02130277 -0.00497448
v 0.01217983 -0.02117640 -0.00497150
v 0.01462989 -0.02025168 -0.00437909
v 0.01499427 -0.01999492 -0.00436222
v 0.01537763 -0.01975220 -0.00425902
v 0.01523719 -0.01986654 -0.00421040
v 0.01529982 -0.01982843 -0.00417666
v 0.01467354 -0.02028377 -0.00418658
v 0.01525047 -0.01987456 -0.00412704
v 0.01474756 -0.02024566 -0.00408834
v 0.01459953 -0.02035598 -0.00406155
v 0.01475135 -0.02024967 -0.00400499
v 0.01418201 -0.02066489 0.00393652
v 0.01445530 -0.02046631 -0.00393652
v 0.01409471 -0.02072708 0.00393652
v 0.01368858 -0.02047032 -0.00485739
v 0.01376450 -0.02038407 -0.00488021
v 0.01384800 -0.02035398 -0.00486334
v 0.01399033 -0.02024165 -0.00487029
v 0.01394479 -0.02031185 -0.00484548
v 0.01449705 -0.01987055 -0.00487227
v 0.01533398 -0.01946536 -0.00472045
v 0.01529412 -0.01954760 -0.00467480
v 0.01525427 -0.01962784 -0.00462915
v 0.01518595 -0.01958571 -0.00471549
v 0.01499807 -0.01949745 -0.00487326
v 0.01513660 -0.01938312 -0.00488021
v 0.01522011 -0.01934902 -0.00485937
v 0.01529982 -0.01942925 -0.00476907
v 0.01593748 -0.01890170 -0.00476709
v 0.01600010 -0.01887562 -0.00475022
v 0.01461091 -0.02011327 -0.00461030
v 0.01511383 -0.01974218 -0.00461526
v 0.01519354 -0.01971810 -0.00456862
v 0.01515558 -0.01977226 -0.00453191
v 0.01523909 -0.01974218 -0.00448825
v 0.01513281 -0.01988058 -0.00438604
v 0.01221779 -0.02110419 -0.00499333
v 0.01243793 -0.02106206 -0.00495463
v 0.01268844 -0.02093569 -0.00494173
v 0.01268844 -0.02103599 -0.00489410
v 0.01306421 -0.02068696 -0.00494868
v 0.01331282 -0.02056059 -0.00493479
v 0.01319136 -0.02069298 -0.00490799
v 0.01357092 -0.02044625 -0.00491196
v 0.01353296 -0.02052047 -0.00488616
v 0.01361647 -0.02049439 -0.00487128
v 0.01300158 -0.02087552 -0.00487525
v 0.01346844 -0.02060271 -0.00486235
v 0.00756438 -0.02281122 0.00506478
v 0.00718862 -0.02293559 0.00506478
v 0.00681286 -0.02306196 0.00506379
v 0.00643899 -0.02318633 0.00506280
v 0.00693811 -0.02306196 0.00506081
v 0.00793825 -0.02268685 0.00506478
v 0.00818876 -0.02256249 0.00506676
v 0.00893839 -0.02231175 0.00506478
v 0.00943751 -0.02218738 0.00505585
v 0.00931416 -0.02218738 0.00506180
v 0.00593797 -0.02331069 0.00506379
v 0.00581272 -0.02331069 0.00506577
v 0.00534965 -0.02339895 0.00506577
v 0.01193881 -0.02106206 0.00504295
v 0.01143779 -0.02131080 0.00504593
v 0.01206407 -0.02093569 0.00505188
v 0.01181356 -0.02106206 0.00505287
v 0.01131254 -0.02131080 0.00505486
v 0.01081342 -0.02156154 0.00505585
v 0.01056291 -0.02168590 0.00505585
v 0.01031430 -0.02181228 0.00505486
v 0.00981328 -0.02206101 0.00505089
v 0.01438318 -0.02050442 0.00414590
v 0.01452551 -0.02039209 0.00418658
v 0.01503223 -0.02002300 0.00418658
v 0.01523719 -0.01986654 0.00421337
v 0.01538901 -0.01976023 0.00418658
v 0.01545164 -0.01971209 0.00418658
v 0.01551237 -0.01963586 0.00427589
v 0.01549149 -0.01961781 0.00435924
v 0.01540419 -0.01964790 0.00443664
v 0.01537952 -0.01962984 0.00450710
v 0.01515938 -0.01977427 0.00453290
v 0.01511383 -0.01974218 0.00461625
v 0.01503223 -0.01977226 0.00464801
v 0.01460712 -0.01998690 0.00473831
v 0.01481398 -0.01991468 0.00466388
v 0.01406245 -0.02031386 0.00478991
v 0.01497339 -0.01972813 0.00473136
v 0.01511193 -0.01961580 0.00474128
v 0.01525237 -0.01950146 0.00475121
v 0.01503033 -0.01964589 0.00476510
v 0.01481398 -0.01978630 0.00477701
v 0.01493923 -0.01958772 0.00485143
v 0.01406435 -0.02021758 0.00485441
v 0.01399223 -0.02024365 0.00487128
v 0.01406435 -0.02015539 0.00488914
v 0.01328625 -0.02039610 0.00500623
v 0.01343808 -0.02028578 0.00501020
v 0.01306421 -0.02043622 0.00503104
v 0.01218932 -0.02093569 0.00503997
v 0.01318756 -0.02031185 0.00504096
v 0.01418011 -0.02005911 0.00489509
v 0.01456347 -0.01978630 0.00489311
v 0.01493923 -0.01943728 0.00492883
v 0.01456347 -0.01968601 0.00493876
v 0.01418770 -0.01993675 0.00494769
v 0.01406814 -0.01993675 0.00498242
v 0.01433763 -0.01972011 0.00499036
v 0.01425413 -0.01975020 0.00500028
v 0.01403019 -0.01989462 0.00500524
v 0.01393340 -0.01993675 0.00501219
v 0.01369807 -0.02007315 0.00502013
v 0.01343808 -0.02018749 0.00503402
v 0.01356143 -0.02018949 0.00501417
v 0.01474756 -0.02024566 0.00408834
v 0.01475135 -0.02024967 0.00400499
v 0.01489748 -0.02013934 0.00406155
v 0.00534965 -0.00681407 -0.00506875
v 0.00743913 -0.02268685 -0.00506875
v 0.00768774 -0.02268685 -0.00506776
v 0.00906365 -0.02218738 -0.00506776
v 0.00856263 -0.02243611 -0.00506577
v 0.00893839 -0.02231175 -0.00506478
v 0.00931416 -0.02218738 -0.00506280
v 0.01018904 -0.02181228 -0.00506081
v 0.01031430 -0.02181228 -0.00505486
v 0.01056291 -0.02168590 -0.00505585
v 0.01131254 -0.02131080 -0.00505387
v 0.01093867 -0.02156154 -0.00504692
v 0.01106393 -0.02166183 -0.00501020
v 0.01193881 -0.02106206 -0.00504196
v 0.01206407 -0.02106206 -0.00502906
v 0.01143969 -0.02144319 -0.00501616
v 0.01193312 -0.02119044 -0.00501417
v 0.01213429 -0.02112826 -0.00500127
v 0.01535675 -0.01973616 -0.00434237
v 0.01543646 -0.01968601 -0.00431062
v 0.01551237 -0.01963586 -0.00427887
v 0.01552755 -0.01964790 -0.00418658
v 0.01545164 -0.01971008 -0.00418658
v 0.01538901 -0.01976023 -0.00418658
v 0.01540040 -0.01977026 -0.00406155
v 0.01531690 -0.01983244 -0.00406155
v 0.01525427 -0.01987858 -0.00406155
v 0.01489748 -0.02013934 -0.00406155
v 0.01525806 -0.01988058 -0.00393652
v 0.01496201 -0.02009722 -0.00393652
v 0.01445530 -0.02046631 0.00393652
v 0.01368858 -0.02040814 -0.00489311
v 0.01368858 -0.02031185 -0.00494074
v 0.01381004 -0.02031185 -0.00490006
v 0.01406435 -0.02015138 -0.00488914
v 0.01441354 -0.01990064 -0.00488815
v 0.01456347 -0.01978229 -0.00489311
v 0.01463559 -0.01975622 -0.00487922
v 0.01538901 -0.01951149 -0.00463709
v 0.01593748 -0.01896388 -0.00471846
v 0.01565660 -0.01927480 -0.00464999
v 0.01533777 -0.01959574 -0.00458748
v 0.01537763 -0.01962784 -0.00450412
v 0.01506069 -0.01941120 -0.00489509
v 0.01518215 -0.01930890 -0.00489906
v 0.01526945 -0.01926677 -0.00488418
v 0.01535295 -0.01923267 -0.00486433
v 0.01491456 -0.01952754 -0.00489113
v 0.01548770 -0.01911432 -0.00486830
v 0.01578375 -0.01902807 -0.00476808
v 0.01613295 -0.01875727 -0.00475518
v 0.01596974 -0.01872518 -0.00486036
v 0.01648214 -0.01848447 -0.00473732
v 0.01531310 -0.01971409 -0.00444260
v 0.01527325 -0.01976624 -0.00440489
v 0.01232217 -0.02106206 -0.00498440
v 0.01236961 -0.02099587 -0.00499830
v 0.01298830 -0.02061475 -0.00499730
v 0.01268844 -0.02083339 -0.00498540
v 0.01256319 -0.02093168 -0.00497746
v 0.01294275 -0.02068495 -0.00498143
v 0.01356333 -0.02030584 -0.00497746
v 0.01343808 -0.02043622 -0.00495563
v 0.00743913 -0.02281122 0.00506676
v 0.00668760 -0.02306196 0.00506577
v 0.00631374 -0.02318633 0.00506478
v 0.00843927 -0.02243611 0.00506776
v 0.00806351 -0.02256249 0.00506776
v 0.00918890 -0.02218738 0.00506577
v 0.00906365 -0.02218738 0.00506776
v 0.00956277 -0.02206101 0.00506379
v 0.00993853 -0.02193664 0.00505982
v 0.00656425 -0.02306196 0.00506676
v 0.00643899 -0.02306196 0.00506776
v 0.00581272 -0.02318633 0.00506875
v 0.00543885 -0.02331069 0.00506776
v 0.00534965 -0.02327459 0.00506875
v 0.01193881 -0.02093569 0.00505982
v 0.01231268 -0.02081133 0.00504791
v 0.01243793 -0.02068696 0.00505486
v 0.01218932 -0.02081133 0.00505783
v 0.01093867 -0.02143717 0.00506081
v 0.01018904 -0.02181228 0.00506081
v 0.01143779 -0.02118643 0.00506081
v 0.01525047 -0.01987456 0.00413002
v 0.01488799 -0.02013333 0.00416376
v 0.01529982 -0.01982843 0.00417765
v 0.01540230 -0.01977026 0.00406155
v 0.01546492 -0.01972011 0.00406155
v 0.01554084 -0.01965793 0.00406155
v 0.01587295 -0.01937309 0.00412109
v 0.01566609 -0.01953356 0.00418658
v 0.01572872 -0.01948141 0.00418658
v 0.01599441 -0.01924471 0.00423520
v 0.01612726 -0.01912636 0.00425803
v 0.01618419 -0.01906016 0.00430764
v 0.01624112 -0.01899196 0.00435726
v 0.01637397 -0.01887361 0.00437314
v 0.01562434 -0.01949946 0.00437413
v 0.01551427 -0.01951149 0.00451504
v 0.01542697 -0.01955362 0.00455274
v 0.01533777 -0.01959574 0.00458946
v 0.01525427 -0.01962784 0.00462915
v 0.01530171 -0.01965191 0.00455374
v 0.01581032 -0.01931090 0.00443565
v 0.01586346 -0.01923869 0.00448328
v 0.01599631 -0.01912034 0.00449519
v 0.01538901 -0.01951149 0.00463709
v 0.01533587 -0.01946536 0.00472045
v 0.01573441 -0.01911232 0.00473930
v 0.01600010 -0.01887562 0.00475022
v 0.01551806 -0.01926477 0.00476113
v 0.01543076 -0.01930890 0.00477999
v 0.01544405 -0.01919055 0.00484945
v 0.01522390 -0.01935303 0.00486235
v 0.01518405 -0.01943126 0.00483258
v 0.01508536 -0.01946937 0.00485639
v 0.01500376 -0.01950146 0.00487525
v 0.01486332 -0.01961380 0.00486929
v 0.01449894 -0.01987256 0.00487326
v 0.01256319 -0.02068696 0.00504295
v 0.01356333 -0.02006111 0.00504295
v 0.01331282 -0.02018749 0.00504890
v 0.01505120 -0.01943126 0.00489212
v 0.01514040 -0.01938713 0.00488120
v 0.01518405 -0.01931090 0.00490006
v 0.01506069 -0.01931090 0.00494273
v 0.01493923 -0.01930890 0.00497944
v 0.01480639 -0.01942725 0.00497150
v 0.01468872 -0.01956164 0.00495265
v 0.01443632 -0.01968200 0.00497746
v 0.01457106 -0.01956365 0.00498539
v 0.01468872 -0.01946736 0.00498936
v 0.01461850 -0.01949344 0.00499829
v 0.01468872 -0.01940518 0.00500822
v 0.01443632 -0.01956365 0.00501417
v 0.01406814 -0.01981840 0.00501715
v 0.01381384 -0.01993675 0.00503203
v 0.01496201 -0.02009722 0.00393652
v 0.01525806 -0.01988058 0.00393652
v 0.01510624 -0.01998690 0.00406155
v 0.00534965 -0.00668770 -0.00506379
v 0.00543885 -0.00668770 -0.00506875
v 0.00781300 -0.02256249 -0.00506875
v 0.00856263 -0.02231175 -0.00506875
v 0.00968802 -0.02193664 -0.00506677
v 0.00918890 -0.02218738 -0.00506577
v 0.00918890 -0.02206101 -0.00506875
v 0.01031430 -0.02156154 -0.00506875
v 0.01043765 -0.02156154 -0.00506776
v 0.00956277 -0.02206101 -0.00506379
v 0.01006379 -0.02181228 -0.00506478
v 0.01093867 -0.02143717 -0.00506081
v 0.01168830 -0.02106206 -0.00505883
v 0.01181356 -0.02106206 -0.00505188
v 0.01206407 -0.02093569 -0.00505089
v 0.01218932 -0.02093569 -0.00503997
v 0.01217983 -0.02106206 -0.00501219
v 0.01243793 -0.02081133 -0.00503402
v 0.01256319 -0.02081534 -0.00501516
v 0.01228611 -0.02101994 -0.00500623
v 0.01540419 -0.01964790 -0.00443664
v 0.01549339 -0.01961981 -0.00436222
v 0.01555792 -0.01958371 -0.00431757
v 0.01591660 -0.01928483 -0.00431161
v 0.01612726 -0.01912636 -0.00425803
v 0.01599441 -0.01924471 -0.00423520
v 0.01580273 -0.01941922 -0.00418658
v 0.01567748 -0.01954359 -0.00406155
v 0.01553894 -0.01965793 -0.00406155
v 0.01587295 -0.01937309 -0.00411712
v 0.01546303 -0.01972011 -0.00406155
v 0.01546682 -0.01972412 -0.00393652
v 0.01540419 -0.01977226 -0.00393652
v 0.01532069 -0.01983445 -0.00393652
v 0.01381384 -0.02018749 -0.00495662
v 0.01406435 -0.02006111 -0.00493181
v 0.01444770 -0.01982241 -0.00491395
v 0.01481588 -0.01956565 -0.00490799
v 0.01587295 -0.01912235 -0.00462221
v 0.01547252 -0.01947739 -0.00459641
v 0.01627149 -0.01876730 -0.00464205
v 0.01653718 -0.01853060 -0.00465396
v 0.01662068 -0.01849650 -0.00462122
v 0.01562624 -0.01950146 -0.00437711
v 0.01564522 -0.01939114 -0.00452198
v 0.01599441 -0.01912034 -0.00449321
v 0.01572872 -0.01935704 -0.00447138
v 0.01567748 -0.01942925 -0.00442474
v 0.01506069 -0.01931090 -0.00494173
v 0.01518595 -0.01918654 -0.00495166
v 0.01531120 -0.01918854 -0.00490502
v 0.01540419 -0.01914842 -0.00488815
v 0.01639864 -0.01852057 -0.00476411
v 0.01636828 -0.01837013 -0.00487227
v 0.01619178 -0.01856270 -0.00484548
v 0.01652959 -0.01840223 -0.00476808
v 0.01661309 -0.01836411 -0.00474129
v 0.01657514 -0.01844836 -0.00469762
v 0.01268844 -0.02077121 -0.00500623
v 0.01290479 -0.02064082 -0.00500524
v 0.01313822 -0.02050643 -0.00500226
v 0.01343808 -0.02034997 -0.00499135
v 0.01360318 -0.02023362 -0.00499433
v 0.01369997 -0.02018949 -0.00498639
v 0.00731388 -0.02281122 0.00506776
v 0.00856263 -0.02231175 0.00506875
v 0.00781300 -0.02256249 0.00506875
v 0.00743913 -0.02268685 0.00506875
v 0.00943751 -0.02206101 0.00506676
v 0.00918890 -0.02206101 0.00506875
v 0.01043765 -0.02156154 0.00506776
v 0.01031430 -0.02156154 0.00506875
v 0.01006379 -0.02181228 0.00506478
v 0.00668760 -0.02293559 0.00506875
v 0.00534965 -0.00677596 0.00506875
v 0.01206407 -0.02081133 0.00506379
v 0.01181356 -0.02093569 0.00506478
v 0.01268844 -0.02056059 0.00505089
v 0.01306421 -0.02031185 0.00505287
v 0.01281370 -0.02043622 0.00505684
v 0.01256319 -0.02056059 0.00505982
v 0.01231268 -0.02068696 0.00506180
v 0.01156305 -0.02106206 0.00506478
v 0.01540419 -0.01977226 0.00393652
v 0.01546682 -0.01972412 0.00393652
v 0.01532069 -0.01983445 0.00393652
v 0.01554273 -0.01966194 0.00393652
v 0.01560346 -0.01960577 0.00406155
v 0.01586536 -0.01936707 0.00418658
v 0.01574010 -0.01949144 0.00406155
v 0.01662258 -0.01874724 0.00410323
v 0.01675543 -0.01862889 0.00414490
v 0.01674214 -0.01861886 0.00422826
v 0.01666244 -0.01865698 0.00431161
v 0.01658842 -0.01871916 0.00431161
v 0.01650682 -0.01875527 0.00438604
v 0.01626200 -0.01888364 0.00451305
v 0.01591280 -0.01915645 0.00453885
v 0.01547252 -0.01947739 0.00459839
v 0.01655806 -0.01868506 0.00443367
v 0.01647835 -0.01873119 0.00446939
v 0.01661120 -0.01861285 0.00448130
v 0.01587105 -0.01912235 0.00462221
v 0.01613675 -0.01888565 0.00463610
v 0.01593748 -0.01903208 0.00465595
v 0.01657514 -0.01844836 0.00469862
v 0.01648214 -0.01848447 0.00473732
v 0.01626580 -0.01863892 0.00476014
v 0.01556171 -0.01908825 0.00485242
v 0.01562434 -0.01899999 0.00487426
v 0.01393909 -0.01981238 0.00503898
v 0.01368858 -0.01993675 0.00504890
v 0.01343808 -0.02006111 0.00505486
v 0.01518595 -0.01918654 0.00495166
v 0.01556171 -0.01902406 0.00488716
v 0.01556171 -0.01893580 0.00492586
v 0.01506828 -0.01919055 0.00498639
v 0.01498098 -0.01923267 0.00499532
v 0.01484245 -0.01934902 0.00499135
v 0.01475894 -0.01937910 0.00500127
v 0.01489748 -0.01926477 0.00500425
v 0.01493923 -0.01919055 0.00501516
v 0.01468872 -0.01931090 0.00502906
v 0.00534965 -0.00656333 -0.00503799
v 0.00756438 -0.00398373 -0.00506379
v 0.00756438 -0.00406396 -0.00506875
v 0.01056291 -0.02143717 -0.00506875
v 0.01081342 -0.02131080 -0.00506875
v 0.01206407 -0.02068696 -0.00506776
v 0.01143779 -0.02106206 -0.00506677
v 0.01081342 -0.02143717 -0.00506478
v 0.01181356 -0.02093569 -0.00506280
v 0.01206407 -0.02081133 -0.00506180
v 0.01231268 -0.02068696 -0.00506081
v 0.01193881 -0.02093569 -0.00505783
v 0.01218932 -0.02081133 -0.00505585
v 0.01243793 -0.02068696 -0.00505387
v 0.01256319 -0.02068696 -0.00504295
v 0.01306421 -0.02043622 -0.00503104
v 0.01243793 -0.02091162 -0.00501020
v 0.01268844 -0.02068696 -0.00502707
v 0.01343808 -0.02028778 -0.00501020
v 0.01637397 -0.01887361 -0.00437512
v 0.01666244 -0.01865698 -0.00431161
v 0.01674214 -0.01861886 -0.00422727
v 0.01627528 -0.01902205 -0.00418658
v 0.01675353 -0.01862889 -0.00414391
v 0.01662258 -0.01874724 -0.00410223
v 0.01662638 -0.01875125 -0.00401888
v 0.01587864 -0.01937710 -0.00403376
v 0.01554273 -0.01966194 -0.00393652
v 0.01393340 -0.02005510 -0.00497448
v 0.01480639 -0.01942725 -0.00497250
v 0.01468872 -0.01956164 -0.00495265
v 0.01418770 -0.01993675 -0.00494769
v 0.01456347 -0.01968601 -0.00493776
v 0.01582551 -0.01919857 -0.00457656
v 0.01648784 -0.01861485 -0.00461328
v 0.01681236 -0.01827986 -0.00465098
v 0.01687499 -0.01824978 -0.00462518
v 0.01670419 -0.01845237 -0.00458053
v 0.01674214 -0.01849249 -0.00448924
v 0.01665864 -0.01852860 -0.00453786
v 0.01657324 -0.01857273 -0.00457557
v 0.01661120 -0.01861285 -0.00448130
v 0.01642521 -0.01880341 -0.00442275
v 0.01639485 -0.01876530 -0.00452099
v 0.01493923 -0.01930890 -0.00498043
v 0.01507018 -0.01919055 -0.00498639
v 0.01544215 -0.01906819 -0.00490998
v 0.01555792 -0.01880742 -0.00497646
v 0.01593748 -0.01856069 -0.00494868
v 0.01581222 -0.01868706 -0.00494074
v 0.01593178 -0.01868506 -0.00489807
v 0.01601908 -0.01864093 -0.00488418
v 0.01643850 -0.01844034 -0.00479289
v 0.01643660 -0.01827786 -0.00488815
v 0.01649923 -0.01824978 -0.00487525
v 0.01643660 -0.01834004 -0.00485540
v 0.01628477 -0.01840423 -0.00489013
v 0.01658273 -0.01820966 -0.00485342
v 0.01665674 -0.01827986 -0.00477006
v 0.01678200 -0.01815750 -0.00477106
v 0.01674025 -0.01823975 -0.00474228
v 0.01750696 -0.01763195 -0.00463114
v 0.01351968 -0.02026171 -0.00500326
v 0.01374742 -0.02012129 -0.00499929
v 0.01068816 -0.02143717 0.00506776
v 0.01056291 -0.02143717 0.00506875
v 0.00756438 -0.00406396 0.00506875
v 0.00534965 -0.00665159 0.00506180
v 0.01293895 -0.02031185 0.00506081
v 0.01306421 -0.02018749 0.00506379
v 0.01281370 -0.02031185 0.00506577
v 0.01218932 -0.02068696 0.00506577
v 0.01118918 -0.02118643 0.00506776
v 0.01193881 -0.02081133 0.00506676
v 0.01318756 -0.02018749 0.00505783
v 0.01588054 -0.01937910 0.00393652
v 0.01587864 -0.01937710 0.00403773
v 0.01662638 -0.01875125 0.00401987
v 0.01676112 -0.01863491 0.00406155
v 0.01695090 -0.01845237 0.00406155
v 0.01707805 -0.01833001 0.00406155
v 0.01758666 -0.01783856 0.00406155
v 0.01796812 -0.01746948 0.00406155
v 0.01688068 -0.01850653 0.00415185
v 0.01681236 -0.01856270 0.00419055
v 0.01687119 -0.01849450 0.00423520
v 0.01679149 -0.01854063 0.00431161
v 0.01672506 -0.01860282 0.00431161
v 0.01663966 -0.01863692 0.00439794
v 0.01622025 -0.01884954 0.00459641
v 0.01652769 -0.01864695 0.00452794
v 0.01661879 -0.01849450 0.00461923
v 0.01676871 -0.01851857 0.00440588
v 0.01674214 -0.01849249 0.00448924
v 0.01665864 -0.01852860 0.00453588
v 0.01626959 -0.01876730 0.00464205
v 0.01666244 -0.01841025 0.00465892
v 0.01661309 -0.01836411 0.00474228
v 0.01652959 -0.01840223 0.00476907
v 0.01639864 -0.01852057 0.00476411
v 0.01643850 -0.01844034 0.00479487
v 0.01632273 -0.01844435 0.00485540
v 0.01623923 -0.01849049 0.00487029
v 0.01637207 -0.01837214 0.00487426
v 0.01481398 -0.01918654 0.00503600
v 0.01443821 -0.01943728 0.00504096
v 0.01381384 -0.01981238 0.00505287
v 0.01456347 -0.01931090 0.00504692
v 0.01356333 -0.01993675 0.00505883
v 0.01529982 -0.01905014 0.00496753
v 0.01581222 -0.01868706 0.00494273
v 0.01593368 -0.01868506 0.00489906
v 0.01533398 -0.01896589 0.00498837
v 0.01525047 -0.01899999 0.00500028
v 0.01503412 -0.01915043 0.00500623
v 0.01538332 -0.01888164 0.00500226
v 0.01531120 -0.01881143 0.00503104
v 0.01493923 -0.01906217 0.00504196
v 0.00534965 -0.00649714 -0.00501318
v 0.00744862 -0.00398373 -0.00503005
v 0.00768774 -0.00398373 -0.00506875
v 0.01218932 -0.02056059 -0.00506875
v 0.01256319 -0.02043622 -0.00506677
v 0.01193881 -0.02081133 -0.00506577
v 0.01331282 -0.01993675 -0.00506776
v 0.01218932 -0.02068696 -0.00506478
v 0.01281370 -0.02031185 -0.00506577
v 0.01268844 -0.02043622 -0.00506280
v 0.01293895 -0.02031185 -0.00506081
v 0.01256319 -0.02056059 -0.00505883
v 0.01268844 -0.02056059 -0.00504990
v 0.01318756 -0.02018749 -0.00505783
v 0.01343808 -0.02006111 -0.00505486
v 0.01318756 -0.02031185 -0.00503997
v 0.01343808 -0.02018749 -0.00503402
v 0.01331282 -0.02018749 -0.00504791
v 0.01356333 -0.02018949 -0.00501417
v 0.01663966 -0.01863692 -0.00439794
v 0.01672506 -0.01860282 -0.00431161
v 0.01679149 -0.01854063 -0.00431161
v 0.01699645 -0.01837214 -0.00424017
v 0.01681236 -0.01856270 -0.00418956
v 0.01669470 -0.01866901 -0.00418658
v 0.01688068 -0.01850653 -0.00415185
v 0.01688827 -0.01851255 -0.00406155
v 0.01682185 -0.01857473 -0.00406155
v 0.01675922 -0.01863290 -0.00406155
v 0.01667572 -0.01870512 -0.00406056
v 0.01656185 -0.01880742 -0.00393652
v 0.01588054 -0.01937910 -0.00393652
v 0.01676302 -0.01863692 -0.00393652
v 0.01425413 -0.01975220 -0.00500028
v 0.01468872 -0.01946736 -0.00498936
v 0.01484434 -0.01934902 -0.00499135
v 0.01652769 -0.01864695 -0.00452992
v 0.01759046 -0.01759184 -0.00458648
v 0.01762842 -0.01762794 -0.00450412
v 0.01724886 -0.01799904 -0.00449817
v 0.01678579 -0.01840824 -0.00453985
v 0.01676871 -0.01851857 -0.00440588
v 0.01498288 -0.01923468 -0.00499532
v 0.01511573 -0.01911834 -0.00499830
v 0.01525047 -0.01899999 -0.00500028
v 0.01600010 -0.01837414 -0.00499929
v 0.01619178 -0.01844234 -0.00490899
v 0.01604945 -0.01842429 -0.00496456
v 0.01617850 -0.01830193 -0.00496952
v 0.01632083 -0.01832199 -0.00491395
v 0.01643660 -0.01818559 -0.00492784
v 0.01655047 -0.01817556 -0.00488716
v 0.01662638 -0.01812742 -0.00487624
v 0.01670988 -0.01808730 -0.00485441
v 0.01696419 -0.01784057 -0.00485540
v 0.01721659 -0.01759384 -0.00485739
v 0.01747090 -0.01734511 -0.00485937
v 0.01769484 -0.01719467 -0.00481869
v 0.01766637 -0.01728894 -0.00477602
v 0.01774798 -0.01724883 -0.00474922
v 0.01769863 -0.01732304 -0.00472938
v 0.01788462 -0.01726086 -0.00463511
v 0.01763411 -0.01750759 -0.00463213
v 0.01366391 -0.02014937 -0.00500723
v 0.01388975 -0.02000896 -0.00500226
v 0.01081342 -0.02131080 0.00506875
v 0.00764220 -0.00398373 0.00506875
v 0.00756438 -0.00398373 0.00506379
v 0.00534965 -0.00656333 0.00503799
v 0.00750935 -0.00398373 0.00505089
v 0.01331282 -0.02006111 0.00506180
v 0.01343808 -0.01993675 0.00506478
v 0.01256319 -0.02043622 0.00506676
v 0.01293895 -0.02018749 0.00506676
v 0.01206407 -0.02068696 0.00506776
v 0.01218932 -0.02056059 0.00506875
v 0.01656185 -0.01880742 0.00393652
v 0.01676302 -0.01863692 0.00393652
v 0.01682565 -0.01857875 0.00393652
v 0.01784476 -0.01759585 0.00393652
v 0.01797192 -0.01747148 0.00393652
v 0.01803075 -0.01740729 0.00406155
v 0.01789411 -0.01751962 0.00418658
v 0.01732097 -0.01807326 0.00418658
v 0.01699645 -0.01837214 0.00424116
v 0.01685411 -0.01848046 0.00431161
v 0.01670229 -0.01845237 0.00457855
v 0.01674594 -0.01837214 0.00462121
v 0.01714827 -0.01814747 0.00441283
v 0.01724886 -0.01799904 0.00449817
v 0.01698127 -0.01835810 0.00431161
v 0.01735703 -0.01798299 0.00433741
v 0.01798900 -0.01736316 0.00435329
v 0.01678579 -0.01840824 0.00453786
v 0.01700024 -0.01812541 0.00462518
v 0.01678959 -0.01828789 0.00465992
v 0.01670229 -0.01832600 0.00470060
v 0.01704959 -0.01805119 0.00464900
v 0.01763411 -0.01750759 0.00463312
v 0.01686740 -0.01811739 0.00474426
v 0.01678390 -0.01815750 0.00477105
v 0.01655806 -0.01830795 0.00481174
v 0.01643660 -0.01834405 0.00485739
v 0.01650302 -0.01825178 0.00487624
v 0.01643660 -0.01828187 0.00489013
v 0.01632273 -0.01832399 0.00491395
v 0.01406435 -0.01956164 0.00506081
v 0.01481398 -0.01906217 0.00505486
v 0.01368858 -0.01981238 0.00506180
v 0.01593748 -0.01856069 0.00495066
v 0.01617850 -0.01830193 0.00497150
v 0.01621455 -0.01821969 0.00499036
v 0.01599821 -0.01837414 0.00499929
v 0.01613105 -0.01825579 0.00500127
v 0.01617850 -0.01818158 0.00501020
v 0.01568886 -0.01856470 0.00501616
v 0.01594886 -0.01832399 0.00502112
v 0.01543646 -0.01868706 0.00503501
v 0.01568697 -0.01843633 0.00504196
v 0.01581222 -0.01831196 0.00504493
v 0.01531120 -0.01868706 0.00505089
v 0.00534965 -0.00647908 -0.00500127
v 0.00738599 -0.00398373 -0.00499036
v 0.02356094 -0.00398373 -0.00506875
v 0.01318756 -0.01993675 -0.00506875
v 0.01318756 -0.02006111 -0.00506677
v 0.01368858 -0.01968601 -0.00506776
v 0.01356333 -0.01981238 -0.00506677
v 0.01306421 -0.02018749 -0.00506379
v 0.01331282 -0.02006111 -0.00506180
v 0.01356333 -0.01993675 -0.00505883
v 0.01356333 -0.02006111 -0.00504196
v 0.01393909 -0.01968601 -0.00505684
v 0.01368858 -0.01993675 -0.00504791
v 0.01381384 -0.01993675 -0.00503104
v 0.01369997 -0.02007315 -0.00501913
v 0.01723178 -0.01810736 -0.00433444
v 0.01685411 -0.01848046 -0.00431161
v 0.01712360 -0.01824777 -0.00424612
v 0.01732097 -0.01807326 -0.00418658
v 0.01707805 -0.01833001 -0.00406155
v 0.01695090 -0.01845237 -0.00406155
v 0.01789411 -0.01751962 -0.00418658
v 0.01796812 -0.01746948 -0.00406155
v 0.01758666 -0.01783856 -0.00406155
v 0.01682565 -0.01857875 -0.00393652
v 0.01476084 -0.01938111 -0.00500127
v 0.01784287 -0.01734310 -0.00459045
v 0.01779922 -0.01742334 -0.00454778
v 0.01788082 -0.01737921 -0.00450710
v 0.01790360 -0.01740328 -0.00443664
v 0.01752214 -0.01777237 -0.00443664
v 0.01731528 -0.01796494 -0.00444855
v 0.01702112 -0.01827184 -0.00441084
v 0.01773849 -0.01761390 -0.00434833
v 0.01489938 -0.01926477 -0.00500425
v 0.01503412 -0.01915043 -0.00500623
v 0.01518595 -0.01902606 -0.00500623
v 0.01538332 -0.01888164 -0.00500226
v 0.01613105 -0.01825579 -0.00500127
v 0.01621455 -0.01821768 -0.00498936
v 0.01630755 -0.01818158 -0.00497349
v 0.01643280 -0.01805721 -0.00497646
v 0.01681236 -0.01781249 -0.00493380
v 0.01692813 -0.01780446 -0.00489113
v 0.01688068 -0.01788069 -0.00487823
v 0.01763980 -0.01713850 -0.00488219
v 0.01759615 -0.01722275 -0.00485937
v 0.01772331 -0.01709638 -0.00486036
v 0.01781820 -0.01706829 -0.00481769
v 0.01778973 -0.01716458 -0.00477701
v 0.01787323 -0.01712245 -0.00474823
v 0.01782389 -0.01719868 -0.00473037
v 0.01806870 -0.01694593 -0.00471945
v 0.01800608 -0.01713248 -0.00463114
v 0.01796812 -0.01721473 -0.00458847
v 0.01800418 -0.01725484 -0.00450511
v 0.01792447 -0.01729897 -0.00454778
v 0.01381384 -0.02003504 -0.00500921
v 0.02356094 -0.00398373 0.00506875
v 0.00534965 -0.00652923 0.00502806
v 0.00744862 -0.00398373 0.00503005
v 0.01393909 -0.01956164 0.00506577
v 0.01356333 -0.01981238 0.00506577
v 0.01268844 -0.02031185 0.00506776
v 0.01406435 -0.01943728 0.00506676
v 0.01343808 -0.01981238 0.00506776
v 0.01318756 -0.01993675 0.00506875
v 0.01784476 -0.01759585 -0.00393652
v 0.01797192 -0.01747148 -0.00393652
v 0.01803265 -0.01740930 0.00393652
v 0.01809527 -0.01734310 0.00393652
v 0.01809338 -0.01733909 0.00406155
v 0.01808199 -0.01732906 0.00418658
v 0.01801936 -0.01739526 0.00418658
v 0.01800798 -0.01738322 0.00426994
v 0.01788272 -0.01750759 0.00426696
v 0.01724886 -0.01812541 0.00425108
v 0.01718813 -0.01816352 0.00430070
v 0.01790170 -0.01740127 0.00443664
v 0.01762842 -0.01762794 0.00450313
v 0.01759046 -0.01759184 0.00458648
v 0.01796433 -0.01733709 0.00443664
v 0.01812943 -0.01725484 0.00426100
v 0.01823192 -0.01710440 0.00433543
v 0.01863235 -0.01663301 0.00438901
v 0.01814272 -0.01714452 0.00443664
v 0.01808579 -0.01720670 0.00443664
v 0.01802316 -0.01727490 0.00443664
v 0.01800418 -0.01725284 0.00450511
v 0.01750696 -0.01763195 0.00463114
v 0.01771002 -0.01733508 0.00471747
v 0.01758287 -0.01745945 0.00471648
v 0.01784287 -0.01734310 0.00459045
v 0.01788462 -0.01726086 0.00463511
v 0.01711980 -0.01787066 0.00474625
v 0.01658652 -0.01821166 0.00485342
v 0.01703630 -0.01791078 0.00477304
v 0.01696419 -0.01783856 0.00485639
v 0.01662828 -0.01812942 0.00487624
v 0.01675353 -0.01800505 0.00487723
v 0.01655047 -0.01817756 0.00488914
v 0.01643660 -0.01818559 0.00492983
v 0.01630755 -0.01818158 0.00497547
v 0.01468872 -0.01906217 0.00506379
v 0.01493923 -0.01893580 0.00505783
v 0.01626390 -0.01813544 0.00500326
v 0.01630755 -0.01805921 0.00501219
v 0.01618609 -0.01806122 0.00503402
v 0.01606083 -0.01806122 0.00505089
v 0.01556171 -0.01843633 0.00505585
v 0.00534965 -0.00641891 -0.00495761
v 0.00644468 -0.00398373 -0.00417567
v 0.02368619 -0.00398373 -0.00506478
v 0.02356094 -0.00406396 -0.00506875
v 0.01406435 -0.01931090 -0.00506875
v 0.01343808 -0.01993675 -0.00506478
v 0.01468872 -0.01893580 -0.00506776
v 0.01406435 -0.01943728 -0.00506677
v 0.01393909 -0.01956164 -0.00506577
v 0.01368858 -0.01981238 -0.00506180
v 0.01406435 -0.01968601 -0.00504394
v 0.01406435 -0.01956164 -0.00505982
v 0.01456347 -0.01918654 -0.00506081
v 0.01481398 -0.01906217 -0.00505486
v 0.01431296 -0.01943728 -0.00505387
v 0.01393340 -0.01993474 -0.00501219
v 0.01431296 -0.01956164 -0.00503303
v 0.01468872 -0.01931090 -0.00502807
v 0.01480639 -0.01930890 -0.00501020
v 0.01698127 -0.01835810 -0.00431161
v 0.01718813 -0.01816352 -0.00430070
v 0.01724886 -0.01812541 -0.00425108
v 0.01788272 -0.01750759 -0.00426894
v 0.01800798 -0.01738322 -0.00427192
v 0.01801936 -0.01739526 -0.00418658
v 0.01803075 -0.01740729 -0.00406155
v 0.01796622 -0.01733909 -0.00443664
v 0.01799090 -0.01736517 -0.00435527
v 0.01793586 -0.01743738 -0.00431261
v 0.01743104 -0.01793083 -0.00429772
v 0.01493923 -0.01919055 -0.00501417
v 0.01507018 -0.01907019 -0.00501715
v 0.01617850 -0.01818158 -0.00500921
v 0.01626200 -0.01813544 -0.00500326
v 0.01634550 -0.01809733 -0.00499135
v 0.01718623 -0.01743738 -0.00493876
v 0.01744053 -0.01706428 -0.00498341
v 0.01755820 -0.01718263 -0.00489708
v 0.01730579 -0.01743136 -0.00489509
v 0.01768345 -0.01705826 -0.00489708
v 0.01776126 -0.01701413 -0.00488120
v 0.01784476 -0.01696800 -0.00485838
v 0.01791119 -0.01703820 -0.00477502
v 0.01808768 -0.01670923 -0.00485342
v 0.01815221 -0.01678145 -0.00477006
v 0.01839513 -0.01652269 -0.00476411
v 0.01823571 -0.01673531 -0.00473930
v 0.01812754 -0.01700210 -0.00462717
v 0.01808958 -0.01708635 -0.00458351
v 0.01847863 -0.01647655 -0.00473235
v 0.01860009 -0.01634616 -0.00472938
v 0.01880505 -0.01617967 -0.00468274
v 0.01888855 -0.01614156 -0.00463908
v 0.01836666 -0.01686570 -0.00448725
v 0.01808768 -0.01720871 -0.00443664
v 0.01802505 -0.01727691 -0.00443664
v 0.01856783 -0.01656882 -0.00456961
v 0.01864564 -0.01652269 -0.00452595
v 0.01900812 -0.01613354 -0.00451008
v 0.02364064 -0.00398373 0.00506676
v 0.02356094 -0.00406396 0.00506875
v 0.00534965 -0.00648711 0.00500921
v 0.00740687 -0.00398373 0.00500623
v 0.01493923 -0.01881143 0.00506577
v 0.01456347 -0.01906217 0.00506676
v 0.01468872 -0.01893580 0.00506776
v 0.01418770 -0.01931090 0.00506776
v 0.01381384 -0.01956164 0.00506776
v 0.01406435 -0.01931090 0.00506875
v 0.01803265 -0.01740930 -0.00393652
v 0.01809527 -0.01734310 -0.00393652
v 0.01815221 -0.01728092 0.00393652
v 0.01838753 -0.01701413 0.00406155
v 0.01850140 -0.01687773 0.00413597
v 0.01825848 -0.01713449 0.00418658
v 0.01825089 -0.01712446 0.00425207
v 0.01788082 -0.01737921 0.00450710
v 0.01779922 -0.01742334 0.00454778
v 0.01876899 -0.01652068 0.00431161
v 0.01887337 -0.01637425 0.00437314
v 0.01875381 -0.01650263 0.00438107
v 0.01897395 -0.01622180 0.00443664
v 0.01872914 -0.01647655 0.00446443
v 0.01836666 -0.01686570 0.00448626
v 0.01812374 -0.01712446 0.00450015
v 0.01808958 -0.01708635 0.00458351
v 0.01796812 -0.01721473 0.00458847
v 0.01792447 -0.01729897 0.00454778
v 0.01888666 -0.01626392 0.00451603
v 0.01864564 -0.01652269 0.00452595
v 0.01852418 -0.01665307 0.00453091
v 0.01775177 -0.01725284 0.00475121
v 0.01800608 -0.01713248 0.00463114
v 0.01792258 -0.01717060 0.00467480
v 0.01783528 -0.01720871 0.00471846
v 0.01767586 -0.01730098 0.00476709
v 0.01738360 -0.01738322 0.00487922
v 0.01700594 -0.01775632 0.00487822
v 0.01767966 -0.01718062 0.00483159
v 0.01759236 -0.01721673 0.00485838
v 0.01667762 -0.01805119 0.00489013
v 0.01756199 -0.01706228 0.00494372
v 0.01718623 -0.01743738 0.00493975
v 0.01668711 -0.01793685 0.00493379
v 0.01643280 -0.01805921 0.00497746
v 0.01634550 -0.01809733 0.00499135
v 0.01518595 -0.01868706 0.00506180
v 0.01618609 -0.01781249 0.00506379
v 0.01568697 -0.01831196 0.00505783
v 0.01638915 -0.01801508 0.00500425
v 0.01631134 -0.01793685 0.00503600
v 0.01727543 -0.01715054 0.00500623
v 0.01731528 -0.01706428 0.00501616
v 0.01618609 -0.01793685 0.00505287
v 0.00534965 -0.00533571 -0.00415582
v 0.00638206 -0.00398373 -0.00411910
v 0.02381145 -0.00398373 -0.00505188
v 0.02368619 -0.00418833 -0.00506280
v 0.02356094 -0.00456344 -0.00506577
v 0.02356094 -0.00443907 -0.00506677
v 0.02356094 -0.00431270 -0.00506776
v 0.02331232 -0.00531365 -0.00506875
v 0.01456347 -0.01893580 -0.00506875
v 0.01493923 -0.01881143 -0.00506577
v 0.01456347 -0.01906217 -0.00506677
v 0.01518595 -0.01843633 -0.00506875
v 0.01593748 -0.01781249 -0.00506875
v 0.01543646 -0.01831196 -0.00506776
v 0.01593748 -0.01793685 -0.00506677
v 0.01481398 -0.01893580 -0.00506478
v 0.01431296 -0.01931090 -0.00506478
v 0.01418770 -0.01943728 -0.00506280
v 0.01456347 -0.01931090 -0.00504493
v 0.01493923 -0.01906217 -0.00503997
v 0.01443821 -0.01943728 -0.00503898
v 0.01468872 -0.01906217 -0.00506280
v 0.01518595 -0.01868706 -0.00506081
v 0.01568697 -0.01831196 -0.00505684
v 0.01556171 -0.01843633 -0.00505486
v 0.01581222 -0.01831196 -0.00504295
v 0.01812943 -0.01725484 -0.00426200
v 0.01808199 -0.01732906 -0.00418658
v 0.01809338 -0.01733909 -0.00406155
v 0.01839133 -0.01689378 -0.00440390
v 0.01851279 -0.01676339 -0.00439695
v 0.01875381 -0.01650463 -0.00438306
v 0.01887527 -0.01637425 -0.00437512
v 0.01835717 -0.01698003 -0.00431161
v 0.01606083 -0.01818559 -0.00502807
v 0.01631134 -0.01793685 -0.00503402
v 0.01630755 -0.01805721 -0.00501120
v 0.01643280 -0.01793284 -0.00501219
v 0.01651441 -0.01788871 -0.00500425
v 0.01638915 -0.01801308 -0.00500326
v 0.01664156 -0.01776635 -0.00500425
v 0.01748418 -0.01698404 -0.00499532
v 0.01743674 -0.01718664 -0.00494173
v 0.01756389 -0.01693992 -0.00498341
v 0.01756199 -0.01706228 -0.00494273
v 0.01768725 -0.01693590 -0.00494173
v 0.01793586 -0.01668717 -0.00493280
v 0.01800418 -0.01675537 -0.00487723
v 0.01828316 -0.01641236 -0.00489113
v 0.01812564 -0.01662499 -0.00487525
v 0.01824520 -0.01649661 -0.00487326
v 0.01860768 -0.01610746 -0.00486632
v 0.01844257 -0.01632009 -0.00485044
v 0.01868739 -0.01606333 -0.00484151
v 0.01880505 -0.01605130 -0.00477304
v 0.01851659 -0.01639230 -0.00476113
v 0.01901001 -0.01601118 -0.00463511
v 0.01849002 -0.01661295 -0.00461427
v 0.01887907 -0.01600315 -0.00475220
v 0.01884111 -0.01608740 -0.00472243
v 0.01872914 -0.01647655 -0.00446641
v 0.01893031 -0.01617967 -0.00455473
v 0.01912768 -0.01600315 -0.00450412
v 0.01909352 -0.01608941 -0.00443664
v 0.01903089 -0.01615961 -0.00443664
v 0.02368619 -0.00398373 0.00506478
v 0.02356094 -0.00431270 0.00506776
v 0.02368619 -0.00406396 0.00506478
v 0.02331232 -0.00531365 0.00506875
v 0.00738599 -0.00398373 0.00499036
v 0.00736512 -0.00398373 0.00497249
v 0.00644468 -0.00398373 0.00417567
v 0.00639724 -0.00398373 0.00413399
v 0.00635359 -0.00398373 0.00409330
v 0.00534965 -0.00533571 0.00415582
v 0.01581222 -0.01806122 0.00506676
v 0.01506069 -0.01868706 0.00506676
v 0.01456347 -0.01893580 0.00506875
v 0.01531120 -0.01843633 0.00506776
v 0.01815221 -0.01728092 -0.00393652
v 0.01857162 -0.01681555 0.00393652
v 0.01862666 -0.01675136 0.00402384
v 0.01898155 -0.01635419 0.00406155
v 0.01862286 -0.01674735 0.00410720
v 0.01915614 -0.01615961 0.00406155
v 0.01902709 -0.01627997 0.00418658
v 0.01885250 -0.01647454 0.00418658
v 0.01854315 -0.01681956 0.00418162
v 0.01913337 -0.01613354 0.00426994
v 0.01899483 -0.01624386 0.00436321
v 0.01909162 -0.01608740 0.00443664
v 0.01912768 -0.01600315 0.00450412
v 0.01900812 -0.01613354 0.00451008
v 0.01824710 -0.01687372 0.00462320
v 0.01812754 -0.01700210 0.00462717
v 0.01856783 -0.01656882 0.00456961
v 0.01849002 -0.01661295 0.00461427
v 0.01893031 -0.01617967 0.00455473
v 0.01787513 -0.01712446 0.00475022
v 0.01780112 -0.01717461 0.00476709
v 0.01807060 -0.01694794 0.00472144
v 0.01876899 -0.01626994 0.00464305
v 0.01840651 -0.01665909 0.00465396
v 0.01799659 -0.01699608 0.00474724
v 0.01763411 -0.01713449 0.00487922
v 0.01755440 -0.01718062 0.00489509
v 0.01717864 -0.01755372 0.00489311
v 0.01771761 -0.01709036 0.00485838
v 0.01767966 -0.01705425 0.00489509
v 0.01768725 -0.01693590 0.00494074
v 0.01756579 -0.01693992 0.00498440
v 0.01744053 -0.01706428 0.00498440
v 0.01719002 -0.01731301 0.00498341
v 0.01710652 -0.01735714 0.00499532
v 0.01581222 -0.01818559 0.00505982
v 0.01606083 -0.01793685 0.00506280
v 0.01668711 -0.01743738 0.00505486
v 0.01693572 -0.01718664 0.00505585
v 0.01731148 -0.01681154 0.00505684
v 0.01706097 -0.01693590 0.00506478
v 0.01606083 -0.01781249 0.00506776
v 0.01668711 -0.01756175 0.00503799
v 0.01748418 -0.01698605 0.00499631
v 0.01752593 -0.01690180 0.00500623
v 0.01744053 -0.01693992 0.00501616
v 0.01731148 -0.01693590 0.00504096
v 0.01706097 -0.01718664 0.00503997
v 0.00534965 -0.00527152 -0.00410521
v 0.00632322 -0.00398373 -0.00405758
v 0.02368619 -0.00443907 -0.00505783
v 0.02368619 -0.00431270 -0.00506081
v 0.02393670 -0.00398373 -0.00502707
v 0.02381145 -0.00418833 -0.00504692
v 0.02368619 -0.00481418 -0.00504890
v 0.02356094 -0.00481418 -0.00506280
v 0.02343568 -0.00506291 -0.00506677
v 0.02343568 -0.00493854 -0.00506776
v 0.02331232 -0.00556439 -0.00506677
v 0.02318707 -0.00593949 -0.00506776
v 0.02306182 -0.00631259 -0.00506875
v 0.01568697 -0.01818559 -0.00506577
v 0.01556171 -0.01831196 -0.00506478
v 0.01743674 -0.01631207 -0.00506875
v 0.01681236 -0.01706228 -0.00506776
v 0.01668711 -0.01718664 -0.00506776
v 0.01618609 -0.01781249 -0.00506280
v 0.01543646 -0.01843633 -0.00506379
v 0.01606083 -0.01793685 -0.00506180
v 0.01581222 -0.01818559 -0.00505883
v 0.01618609 -0.01793685 -0.00505089
v 0.01606083 -0.01806122 -0.00504890
v 0.01825089 -0.01712446 -0.00425207
v 0.01825848 -0.01713449 -0.00418658
v 0.01862286 -0.01674735 -0.00410521
v 0.01845016 -0.01694393 -0.00406155
v 0.01862666 -0.01675136 -0.00402186
v 0.01890563 -0.01630805 -0.00442474
v 0.01899483 -0.01624587 -0.00436619
v 0.01895877 -0.01630805 -0.00431955
v 0.01643660 -0.01781249 -0.00503501
v 0.01706287 -0.01731301 -0.00501516
v 0.01740068 -0.01702416 -0.00500623
v 0.01752404 -0.01689980 -0.00500623
v 0.01760754 -0.01685567 -0.00499433
v 0.01768725 -0.01681354 -0.00498143
v 0.01781060 -0.01668516 -0.00497944
v 0.01817878 -0.01630404 -0.00497150
v 0.01843688 -0.01606132 -0.00495761
v 0.01868739 -0.01581059 -0.00494868
v 0.01844257 -0.01619171 -0.00490799
v 0.01868739 -0.01593495 -0.00490204
v 0.01840462 -0.01628198 -0.00488914
v 0.01864564 -0.01602321 -0.00488517
v 0.01876520 -0.01589283 -0.00488319
v 0.01872914 -0.01597708 -0.00486334
v 0.01890753 -0.01593696 -0.00477205
v 0.01909352 -0.01596103 -0.00458748
v 0.01904987 -0.01604929 -0.00454878
v 0.01873104 -0.01635419 -0.00460435
v 0.01897016 -0.01593696 -0.00472541
v 0.01899863 -0.01587277 -0.00474823
v 0.01905556 -0.01592492 -0.00465694
v 0.01915235 -0.01581059 -0.00465198
v 0.01912578 -0.01587678 -0.00462717
v 0.01914665 -0.01602722 -0.00443664
v 0.02000446 -0.01487984 -0.00450511
v 0.02012023 -0.01474344 -0.00449221
v 0.01924344 -0.01586675 -0.00449023
v 0.01911629 -0.01611548 -0.00435627
v 0.02376590 -0.00398373 0.00505684
v 0.02343568 -0.00493854 0.00506776
v 0.02356094 -0.00481418 0.00506478
v 0.02368619 -0.00418833 0.00506379
v 0.02331232 -0.00556439 0.00506676
v 0.02306182 -0.00631259 0.00506875
v 0.02318707 -0.00593949 0.00506776
v 0.00632322 -0.00398373 0.00405758
v 0.00534965 -0.00520332 0.00404468
v 0.00534965 -0.00524143 0.00407941
v 0.00534965 -0.00527152 0.00410521
v 0.00534965 -0.00531766 0.00414193
v 0.01518595 -0.01843633 0.00506875
v 0.01593748 -0.01781249 0.00506875
v 0.01857162 -0.01681555 -0.00393652
v 0.01904038 -0.01629401 0.00393652
v 0.01910300 -0.01622380 0.00393652
v 0.01915804 -0.01616162 0.00393652
v 0.01922067 -0.01608941 0.00393652
v 0.01921877 -0.01608540 0.00406155
v 0.01914476 -0.01614758 0.00418658
v 0.01908972 -0.01620976 0.00418658
v 0.01920738 -0.01607336 0.00418658
v 0.01924914 -0.01599914 0.00425108
v 0.01918271 -0.01605731 0.00430169
v 0.01911439 -0.01611348 0.00435329
v 0.01909352 -0.01596103 0.00458748
v 0.01901001 -0.01601118 0.00463511
v 0.01897206 -0.01609543 0.00459343
v 0.01914476 -0.01602522 0.00443664
v 0.01921308 -0.01593696 0.00444359
v 0.01924344 -0.01586675 0.00448924
v 0.01962300 -0.01537330 0.00449817
v 0.01950724 -0.01550970 0.00451107
v 0.01943322 -0.01555784 0.00455870
v 0.01935921 -0.01560398 0.00460633
v 0.01924344 -0.01574038 0.00461725
v 0.01885250 -0.01622380 0.00459938
v 0.01790360 -0.01706228 0.00476808
v 0.01780301 -0.01705425 0.00482960
v 0.01835907 -0.01660693 0.00473732
v 0.01892651 -0.01604929 0.00467877
v 0.01880505 -0.01617967 0.00468274
v 0.01887907 -0.01600516 0.00475319
v 0.01863805 -0.01626392 0.00475915
v 0.01851659 -0.01639431 0.00476212
v 0.01827556 -0.01665307 0.00476709
v 0.01775747 -0.01700812 0.00487822
v 0.01784097 -0.01696198 0.00485639
v 0.01792637 -0.01679950 0.00488914
v 0.01793586 -0.01668717 0.00493181
v 0.01781060 -0.01681154 0.00493677
v 0.01843688 -0.01606132 0.00495860
v 0.01781060 -0.01668717 0.00498043
v 0.01760944 -0.01685767 0.00499532
v 0.01773090 -0.01672929 0.00499433
v 0.01743674 -0.01681154 0.00504096
v 0.01743674 -0.01668717 0.00505585
v 0.01818637 -0.01581059 0.00505883
v 0.01731148 -0.01668717 0.00506478
v 0.01681236 -0.01706228 0.00506776
v 0.01764739 -0.01677342 0.00500524
v 0.01756579 -0.01681354 0.00501616
v 0.00534965 -0.00520332 -0.00404468
v 0.00622644 -0.00409004 -0.00402880
v 0.00627198 -0.00398373 -0.00393652
v 0.02356094 -0.00518928 -0.00505486
v 0.02356094 -0.00493854 -0.00506081
v 0.02401451 -0.00398373 -0.00500524
v 0.02394619 -0.00418432 -0.00501516
v 0.02381145 -0.00468780 -0.00502807
v 0.02381145 -0.00443907 -0.00503898
v 0.02368619 -0.00493854 -0.00504493
v 0.02331232 -0.00593949 -0.00506081
v 0.02306182 -0.00681407 -0.00506280
v 0.02306182 -0.00656333 -0.00506677
v 0.02306182 -0.00643896 -0.00506776
v 0.02243744 -0.00818812 -0.00506875
v 0.01768725 -0.01606132 -0.00506875
v 0.01693572 -0.01693590 -0.00506776
v 0.01731148 -0.01668717 -0.00506280
v 0.01656185 -0.01743738 -0.00506280
v 0.01631134 -0.01781249 -0.00505188
v 0.01731148 -0.01681154 -0.00505486
v 0.01718623 -0.01693590 -0.00505486
v 0.01668711 -0.01743738 -0.00505387
v 0.01643660 -0.01768611 -0.00505287
v 0.01913337 -0.01613354 -0.00427291
v 0.01902709 -0.01627997 -0.00418658
v 0.01885250 -0.01647454 -0.00418658
v 0.01854315 -0.01681956 -0.00418063
v 0.01909921 -0.01622180 -0.00406155
v 0.01904038 -0.01629401 -0.00393652
v 0.01906505 -0.01618970 -0.00431955
v 0.01656185 -0.01768611 -0.00503600
v 0.01718623 -0.01706228 -0.00503997
v 0.01731338 -0.01706428 -0.00501616
v 0.01744053 -0.01693992 -0.00501616
v 0.01756389 -0.01681354 -0.00501616
v 0.01764550 -0.01677342 -0.00500524
v 0.01788841 -0.01651466 -0.00500425
v 0.01785046 -0.01659891 -0.00499234
v 0.01813133 -0.01625791 -0.00500226
v 0.01821484 -0.01621177 -0.00498837
v 0.01844637 -0.01594899 -0.00499036
v 0.01868929 -0.01569224 -0.00498440
v 0.01881075 -0.01568622 -0.00494074
v 0.01880885 -0.01580657 -0.00489807
v 0.01888476 -0.01576244 -0.00488021
v 0.01884870 -0.01584469 -0.00486036
v 0.01894169 -0.01581660 -0.00481571
v 0.01924155 -0.01574038 -0.00461625
v 0.01896826 -0.01571029 -0.00485441
v 0.01905746 -0.01568221 -0.00480976
v 0.01937819 -0.01537931 -0.00475319
v 0.01911439 -0.01573637 -0.00474129
v 0.01906885 -0.01582262 -0.00472045
v 0.01987351 -0.01474946 -0.00474922
v 0.01994373 -0.01469931 -0.00471945
v 0.01965337 -0.01516268 -0.00465297
v 0.01973687 -0.01510852 -0.00461129
v 0.01926622 -0.01589684 -0.00440688
v 0.01992855 -0.01492598 -0.00455275
v 0.02009176 -0.01469530 -0.00456862
v 0.02015059 -0.01465919 -0.00453191
v 0.02026256 -0.01451878 -0.00451702
v 0.02023409 -0.01460102 -0.00447237
v 0.02025687 -0.01463512 -0.00438901
v 0.02014300 -0.01477353 -0.00440886
v 0.01987921 -0.01513058 -0.00438306
v 0.01949965 -0.01562404 -0.00437413
v 0.01923395 -0.01598109 -0.00433642
v 0.01918461 -0.01605731 -0.00430467
v 0.02381145 -0.00398373 0.00505089
v 0.02368619 -0.00431270 0.00506180
v 0.02356094 -0.00493854 0.00506280
v 0.02331232 -0.00593949 0.00506379
v 0.02243744 -0.00818812 0.00506875
v 0.02281130 -0.00731354 0.00506776
v 0.02306182 -0.00643896 0.00506776
v 0.00628337 -0.00398373 0.00397323
v 0.00534965 -0.00518126 0.00400201
v 0.01743674 -0.01631207 0.00506875
v 0.01910300 -0.01622380 -0.00393652
v 0.01915804 -0.01616162 -0.00393652
v 0.01922067 -0.01608941 -0.00393652
v 0.01927001 -0.01602722 0.00393652
v 0.01926811 -0.01602321 0.00406155
v 0.01937629 -0.01587678 0.00413101
v 0.01953001 -0.01566215 0.00418658
v 0.01974636 -0.01536929 0.00423620
v 0.01963059 -0.01550569 0.00426497
v 0.01951483 -0.01564410 0.00428780
v 0.01927950 -0.01593696 0.00430070
v 0.01923206 -0.01597908 0.00433444
v 0.01926622 -0.01589483 0.00440588
v 0.01912768 -0.01587678 0.00462717
v 0.01905556 -0.01592693 0.00465694
v 0.01899863 -0.01587277 0.00474922
v 0.01948067 -0.01559997 0.00443664
v 0.02014300 -0.01477353 0.00440687
v 0.01973877 -0.01523690 0.00448229
v 0.02000256 -0.01487984 0.00450511
v 0.02012023 -0.01461707 0.00461923
v 0.01809148 -0.01668717 0.00485739
v 0.01796243 -0.01683360 0.00485441
v 0.01843688 -0.01643643 0.00478792
v 0.01844067 -0.01631808 0.00484945
v 0.01819586 -0.01657283 0.00485739
v 0.01872155 -0.01621779 0.00472541
v 0.01856023 -0.01630805 0.00478296
v 0.01880885 -0.01593495 0.00483555
v 0.01800038 -0.01674935 0.00487525
v 0.01824330 -0.01649260 0.00487128
v 0.01828126 -0.01640835 0.00489013
v 0.01815980 -0.01653673 0.00489212
v 0.01856403 -0.01606132 0.00490502
v 0.01868549 -0.01593495 0.00490204
v 0.01856213 -0.01593696 0.00495364
v 0.01821484 -0.01621177 0.00498936
v 0.01856783 -0.01582062 0.00498837
v 0.01837425 -0.01599914 0.00499929
v 0.01828316 -0.01606132 0.00500822
v 0.01768725 -0.01643643 0.00505287
v 0.01756199 -0.01668717 0.00503898
v 0.01843688 -0.01568622 0.00504394
v 0.01843688 -0.01556185 0.00505684
v 0.01843688 -0.01543749 0.00506478
v 0.01731148 -0.01656080 0.00506776
v 0.01718623 -0.01668717 0.00506776
v 0.01818637 -0.01568622 0.00506577
v 0.01768725 -0.01606132 0.00506875
v 0.01832301 -0.01594899 0.00502112
v 0.01806111 -0.01618569 0.00503104
v 0.01793586 -0.01631207 0.00503303
v 0.00534965 -0.00515518 -0.00393652
v 0.00627009 -0.00398373 -0.00389484
v 0.02356094 -0.00531365 -0.00505089
v 0.02331232 -0.00618822 -0.00505486
v 0.02407714 -0.00398373 -0.00497944
v 0.02400692 -0.00406396 -0.00500326
v 0.02390064 -0.00456344 -0.00500921
v 0.02391203 -0.00443907 -0.00501219
v 0.02379247 -0.00506291 -0.00501417
v 0.02368619 -0.00518928 -0.00503402
v 0.02368619 -0.00506291 -0.00503997
v 0.02318707 -0.00643896 -0.00506081
v 0.02318707 -0.00668770 -0.00505486
v 0.02293656 -0.00731354 -0.00505982
v 0.02256080 -0.00831449 -0.00506280
v 0.02243744 -0.00856322 -0.00506478
v 0.02243744 -0.00843886 -0.00506677
v 0.02243744 -0.00831449 -0.00506776
v 0.02231218 -0.00856322 -0.00506875
v 0.01768725 -0.01618569 -0.00506677
v 0.01843688 -0.01518675 -0.00506875
v 0.01843688 -0.01531111 -0.00506776
v 0.01831162 -0.01556185 -0.00506478
v 0.01793586 -0.01606132 -0.00505982
v 0.01831162 -0.01568622 -0.00505783
v 0.01743674 -0.01668717 -0.00505387
v 0.01743674 -0.01681154 -0.00503997
v 0.01925103 -0.01600115 -0.00425307
v 0.01914476 -0.01614758 -0.00418658
v 0.01908972 -0.01620976 -0.00418658
v 0.01915425 -0.01615961 -0.00406155
v 0.01756199 -0.01668717 -0.00503898
v 0.01793586 -0.01631207 -0.00503303
v 0.01806111 -0.01618569 -0.00503104
v 0.01781060 -0.01655879 -0.00501318
v 0.01805542 -0.01630404 -0.00501020
v 0.01852987 -0.01578451 -0.00500822
v 0.01849381 -0.01586675 -0.00499830
v 0.01861337 -0.01573837 -0.00499631
v 0.01873293 -0.01560398 -0.00499433
v 0.01880885 -0.01556185 -0.00497944
v 0.01893600 -0.01556185 -0.00492883
v 0.01893031 -0.01567619 -0.00489113
v 0.01906125 -0.01531111 -0.00495761
v 0.01956227 -0.01468728 -0.00495265
v 0.01981088 -0.01443654 -0.00493082
v 0.01900053 -0.01562805 -0.00487624
v 0.01908972 -0.01556185 -0.00485143
v 0.01947308 -0.01506238 -0.00485739
v 0.01975775 -0.01488586 -0.00475716
v 0.01990577 -0.01466521 -0.00477304
v 0.02001964 -0.01452680 -0.00476709
v 0.01998928 -0.01461105 -0.00474029
v 0.02000067 -0.01474946 -0.00462518
v 0.01988490 -0.01488787 -0.00463412
v 0.01996840 -0.01483371 -0.00458847
v 0.02011453 -0.01461105 -0.00461526
v 0.02022840 -0.01446662 -0.00460038
v 0.02047891 -0.01409754 -0.00460137
v 0.02051307 -0.01414768 -0.00451801
v 0.02037453 -0.01437435 -0.00449916
v 0.02028344 -0.01456090 -0.00443367
v 0.02027205 -0.01465719 -0.00431161
v 0.02022840 -0.01471937 -0.00431161
v 0.02011074 -0.01485778 -0.00434039
v 0.02035366 -0.01444456 -0.00444954
v 0.02078635 -0.01381470 -0.00443565
v 0.02050738 -0.01426202 -0.00439100
v 0.02036884 -0.01449070 -0.00435924
v 0.01999497 -0.01499418 -0.00436421
v 0.02006139 -0.01493601 -0.00431062
v 0.01961541 -0.01548763 -0.00435031
v 0.02381145 -0.00418833 0.00504593
v 0.02389115 -0.00398373 0.00503600
v 0.02368619 -0.00468780 0.00505188
v 0.02356094 -0.00506291 0.00505982
v 0.02343568 -0.00556439 0.00506081
v 0.02318707 -0.00643896 0.00506379
v 0.02331232 -0.00606386 0.00506081
v 0.02231218 -0.00856322 0.00506875
v 0.02256080 -0.00806375 0.00506776
v 0.02293656 -0.00718918 0.00506478
v 0.02306182 -0.00668770 0.00506577
v 0.00627198 -0.00398373 0.00393652
v 0.00534965 -0.00515518 0.00393652
v 0.01921687 -0.01608540 -0.00406155
v 0.01926811 -0.01602321 -0.00406155
v 0.01927001 -0.01602722 -0.00393652
v 0.01949395 -0.01574238 0.00393652
v 0.01987541 -0.01525094 0.00401392
v 0.01965147 -0.01553377 0.00406155
v 0.01987161 -0.01524692 0.00409727
v 0.02025117 -0.01475347 0.00413796
v 0.02020373 -0.01480161 0.00418261
v 0.02013541 -0.01488787 0.00418658
v 0.02024169 -0.01473943 0.00422131
v 0.02012592 -0.01487583 0.00425505
v 0.02015818 -0.01481365 0.00430268
v 0.01999497 -0.01499217 0.00436123
v 0.01949775 -0.01562203 0.00437115
v 0.01938198 -0.01575843 0.00438901
v 0.01988680 -0.01489188 0.00463808
v 0.01939147 -0.01552173 0.00464106
v 0.01927571 -0.01565814 0.00464999
v 0.01923016 -0.01559997 0.00473335
v 0.01987541 -0.01475147 0.00475022
v 0.01990008 -0.01468728 0.00476808
v 0.01918841 -0.01555985 0.00478693
v 0.01906695 -0.01569224 0.00479785
v 0.01893980 -0.01581660 0.00481571
v 0.01884870 -0.01584268 0.00485937
v 0.02011833 -0.01474144 0.00449023
v 0.02008986 -0.01481365 0.00444458
v 0.02011074 -0.01485577 0.00433840
v 0.02022650 -0.01471937 0.00431161
v 0.02025687 -0.01463312 0.00438802
v 0.02023409 -0.01460102 0.00447137
v 0.02015059 -0.01465919 0.00453588
v 0.01999118 -0.01461306 0.00474327
v 0.01996271 -0.01468728 0.00471648
v 0.02002913 -0.01468728 0.00465396
v 0.02051307 -0.01414568 0.00451901
v 0.02073322 -0.01372644 0.00460335
v 0.02087175 -0.01349777 0.00462221
v 0.02050927 -0.01401730 0.00463610
v 0.02039920 -0.01416173 0.00464999
v 0.02014680 -0.01453483 0.00464900
v 0.02010504 -0.01447064 0.00473235
v 0.02007088 -0.01457294 0.00469564
v 0.01872724 -0.01597507 0.00486235
v 0.01876520 -0.01589082 0.00488319
v 0.01864374 -0.01602121 0.00488517
v 0.01880885 -0.01580657 0.00489807
v 0.01868739 -0.01581059 0.00494868
v 0.01861527 -0.01573837 0.00499730
v 0.01868929 -0.01569224 0.00498539
v 0.01853177 -0.01578451 0.00500822
v 0.01856783 -0.01569224 0.00501814
v 0.01856213 -0.01556185 0.00504096
v 0.01856213 -0.01543749 0.00505486
v 0.01856213 -0.01531111 0.00506379
v 0.01868739 -0.01506238 0.00506676
v 0.01856213 -0.01518675 0.00506776
v 0.01843688 -0.01518675 0.00506875
v 0.00627009 -0.00398373 0.00385415
v 0.02356094 -0.00543801 -0.00504593
v 0.02331232 -0.00643896 -0.00504593
v 0.02331232 -0.00631259 -0.00505089
v 0.02400122 -0.00414219 -0.00500028
v 0.02418721 -0.00398373 -0.00492586
v 0.02406196 -0.00431270 -0.00496059
v 0.02397466 -0.00443907 -0.00499036
v 0.02387407 -0.00487235 -0.00499929
v 0.02386648 -0.00493854 -0.00499730
v 0.02385510 -0.00506291 -0.00499234
v 0.02377729 -0.00518928 -0.00500921
v 0.02366911 -0.00556439 -0.00501417
v 0.02368619 -0.00531365 -0.00502608
v 0.02343568 -0.00631259 -0.00502707
v 0.02331232 -0.00668770 -0.00503402
v 0.02318707 -0.00681407 -0.00504890
v 0.02306182 -0.00718918 -0.00504990
v 0.02293656 -0.00743791 -0.00505585
v 0.02256080 -0.00843886 -0.00505982
v 0.02243744 -0.00868759 -0.00506180
v 0.02218693 -0.00931344 -0.00506280
v 0.02206167 -0.00956418 -0.00506379
v 0.02181117 -0.00993928 -0.00506776
v 0.02231218 -0.00868759 -0.00506776
v 0.02206167 -0.00918907 -0.00506875
v 0.01893600 -0.01456090 -0.00506875
v 0.01931176 -0.01418780 -0.00506776
v 0.01906125 -0.01456090 -0.00506677
v 0.01868739 -0.01506238 -0.00506577
v 0.01843688 -0.01543749 -0.00506379
v 0.01843688 -0.01556185 -0.00505684
v 0.01781060 -0.01631207 -0.00505089
v 0.01925863 -0.01601118 -0.00418658
v 0.01920738 -0.01607336 -0.00418658
v 0.02012592 -0.01487784 -0.00425704
v 0.01974636 -0.01537129 -0.00423917
v 0.01936680 -0.01586475 -0.00421536
v 0.01793586 -0.01618569 -0.00504990
v 0.01818637 -0.01593696 -0.00504692
v 0.01856213 -0.01556185 -0.00504096
v 0.01844637 -0.01582062 -0.00501913
v 0.01864943 -0.01565413 -0.00500723
v 0.01888286 -0.01538533 -0.00500226
v 0.01897395 -0.01531111 -0.00499135
v 0.01956797 -0.01481565 -0.00490700
v 0.01902709 -0.01556185 -0.00488815
v 0.01968373 -0.01443654 -0.00498043
v 0.01972548 -0.01434025 -0.00499234
v 0.01980140 -0.01430415 -0.00497250
v 0.01993614 -0.01418780 -0.00495166
v 0.02006139 -0.01406344 -0.00493380
v 0.01994373 -0.01431618 -0.00490799
v 0.01990198 -0.01443654 -0.00488914
v 0.01980709 -0.01455087 -0.00489212
v 0.01949775 -0.01499819 -0.00487426
v 0.01984505 -0.01458698 -0.00485639
v 0.01996461 -0.01443654 -0.00485243
v 0.02006139 -0.01443052 -0.00478594
v 0.02027205 -0.01415972 -0.00476709
v 0.02013161 -0.01438438 -0.00475617
v 0.02010315 -0.01446863 -0.00472839
v 0.02014490 -0.01452881 -0.00464503
v 0.02050738 -0.01401329 -0.00463312
v 0.02061935 -0.01386886 -0.00461824
v 0.02080343 -0.01367630 -0.00455175
v 0.02112606 -0.01325505 -0.00450214
v 0.02098752 -0.01348172 -0.00447733
v 0.02024358 -0.01473943 -0.00422131
v 0.02038402 -0.01451276 -0.00427589
v 0.02095716 -0.01355995 -0.00443664
v 0.02112037 -0.01337140 -0.00436520
v 0.02059088 -0.01418580 -0.00431657
v 0.02041628 -0.01444456 -0.00431459
v 0.02368619 -0.00493854 0.00504493
v 0.02381145 -0.00431270 0.00504196
v 0.02393670 -0.00398373 0.00502608
v 0.02356094 -0.00518928 0.00505585
v 0.02331232 -0.00631259 0.00505287
v 0.02306182 -0.00693844 0.00506180
v 0.02318707 -0.00656333 0.00506081
v 0.02206167 -0.00918907 0.00506875
v 0.02231218 -0.00868759 0.00506776
v 0.02243744 -0.00856322 0.00506577
v 0.02256080 -0.00831449 0.00506478
v 0.01937629 -0.01587678 -0.00413200
v 0.01965147 -0.01553377 -0.00406155
v 0.01987541 -0.01525094 -0.00401392
v 0.01949395 -0.01574238 -0.00393652
v 0.02009935 -0.01496610 0.00393652
v 0.02025877 -0.01476149 0.00393652
v 0.02020752 -0.01481967 0.00406155
v 0.02025497 -0.01475748 0.00406155
v 0.02030621 -0.01468728 0.00406155
v 0.02040490 -0.01454285 0.00406155
v 0.02050358 -0.01438037 0.00414490
v 0.02028344 -0.01469329 0.00418261
v 0.02049409 -0.01436633 0.00422826
v 0.02038212 -0.01451276 0.00427390
v 0.02027205 -0.01465518 0.00431161
v 0.01984315 -0.01483371 0.00472144
v 0.01957556 -0.01520480 0.00470060
v 0.02002154 -0.01453081 0.00476709
v 0.01972738 -0.01472138 0.00486235
v 0.01956607 -0.01506439 0.00479388
v 0.01984315 -0.01458297 0.00485639
v 0.01906885 -0.01557389 0.00485540
v 0.01946928 -0.01506238 0.00485639
v 0.01897395 -0.01568622 0.00485937
v 0.01888286 -0.01576044 0.00487922
v 0.02033847 -0.01455689 0.00431360
v 0.02061935 -0.01411760 0.00435924
v 0.02050738 -0.01426202 0.00439001
v 0.02064781 -0.01403535 0.00441581
v 0.02048460 -0.01422993 0.00447336
v 0.02087555 -0.01362815 0.00450114
v 0.02112606 -0.01325505 0.00450313
v 0.02098372 -0.01335334 0.00460435
v 0.02064971 -0.01378863 0.00465098
v 0.02101029 -0.01326910 0.00463808
v 0.02085847 -0.01335134 0.00473533
v 0.02047322 -0.01393907 0.00472442
v 0.02035555 -0.01409954 0.00473335
v 0.02013351 -0.01438839 0.00475716
v 0.01881075 -0.01568622 0.00494074
v 0.01903089 -0.01553979 0.00489212
v 0.01906885 -0.01544150 0.00491097
v 0.01894928 -0.01557389 0.00491792
v 0.01873293 -0.01560398 0.00499532
v 0.01864943 -0.01565613 0.00500723
v 0.01880885 -0.01556185 0.00498043
v 0.01868929 -0.01556185 0.00501516
v 0.01868739 -0.01543749 0.00503700
v 0.01868739 -0.01531111 0.00505188
v 0.01868739 -0.01518675 0.00506180
v 0.01943702 -0.01431217 0.00505585
v 0.01881075 -0.01493601 0.00506577
v 0.01943702 -0.01418780 0.00506379
v 0.01943702 -0.01406344 0.00506776
v 0.01893600 -0.01456090 0.00506875
v 0.02426122 -0.00398373 -0.00488219
v 0.02418721 -0.00406396 -0.00491792
v 0.02417013 -0.00431270 -0.00490303
v 0.02406196 -0.00468780 -0.00492586
v 0.02406196 -0.00443907 -0.00494967
v 0.02393670 -0.00493854 -0.00496654
v 0.02395188 -0.00468780 -0.00498043
v 0.02393670 -0.00506291 -0.00495563
v 0.02383991 -0.00518928 -0.00498639
v 0.02373174 -0.00556439 -0.00499333
v 0.02375261 -0.00539188 -0.00500127
v 0.02351349 -0.00631259 -0.00500524
v 0.02340342 -0.00668770 -0.00500921
v 0.02331232 -0.00681407 -0.00502410
v 0.02318707 -0.00706280 -0.00503501
v 0.02306182 -0.00731354 -0.00504295
v 0.02281130 -0.00793939 -0.00505089
v 0.02268605 -0.00818812 -0.00505585
v 0.02268605 -0.00831449 -0.00505089
v 0.02243744 -0.00881396 -0.00505783
v 0.02218693 -0.00943780 -0.00505783
v 0.02193642 -0.00993928 -0.00506180
v 0.02181117 -0.01006365 -0.00506577
v 0.02131205 -0.01106259 -0.00506677
v 0.02143730 -0.01068949 -0.00506776
v 0.02143730 -0.01056312 -0.00506875
v 0.02156066 -0.01031439 -0.00506875
v 0.01931176 -0.01406344 -0.00506875
v 0.01956227 -0.01381270 -0.00506776
v 0.01956227 -0.01393907 -0.00506577
v 0.01931176 -0.01431217 -0.00506478
v 0.01856213 -0.01531111 -0.00506280
v 0.01856213 -0.01543749 -0.00505486
v 0.01959264 -0.01558392 -0.00418658
v 0.01953001 -0.01566416 -0.00418658
v 0.01868739 -0.01531111 -0.00505188
v 0.01868739 -0.01543749 -0.00503700
v 0.01868929 -0.01556185 -0.00501516
v 0.01856783 -0.01569224 -0.00501715
v 0.01914665 -0.01502828 -0.00500623
v 0.01949395 -0.01461707 -0.00499830
v 0.01899863 -0.01524893 -0.00499929
v 0.01960972 -0.01448067 -0.00499532
v 0.01941045 -0.01506238 -0.00489113
v 0.01964198 -0.01439642 -0.00500425
v 0.01975395 -0.01425801 -0.00500127
v 0.01986592 -0.01411559 -0.00499730
v 0.01984125 -0.01418780 -0.00498837
v 0.01993614 -0.01406945 -0.00498341
v 0.02005380 -0.01393305 -0.00497349
v 0.02018665 -0.01369635 -0.00498440
v 0.02043716 -0.01343759 -0.00495364
v 0.02019424 -0.01394308 -0.00490899
v 0.02015249 -0.01406344 -0.00489013
v 0.02001775 -0.01427807 -0.00488517
v 0.02031190 -0.01368833 -0.00493479
v 0.01987731 -0.01450273 -0.00487624
v 0.01976154 -0.01463913 -0.00488120
v 0.01998928 -0.01436031 -0.00486929
v 0.02010125 -0.01421789 -0.00486036
v 0.02040869 -0.01393907 -0.00477701
v 0.02038402 -0.01401529 -0.00475716
v 0.02047132 -0.01393907 -0.00472243
v 0.02028154 -0.01431217 -0.00465694
v 0.02053205 -0.01393907 -0.00465992
v 0.02074650 -0.01349777 -0.00474724
v 0.02100840 -0.01326508 -0.00463511
v 0.02111847 -0.01311464 -0.00461725
v 0.02125891 -0.01301836 -0.00451206
v 0.02123423 -0.01310060 -0.00447237
v 0.02120577 -0.01318284 -0.00443268
v 0.02125511 -0.01313871 -0.00438901
v 0.02114314 -0.01328113 -0.00443664
v 0.02074650 -0.01399724 -0.00423421
v 0.02046373 -0.01442851 -0.00418757
v 0.02035176 -0.01459300 -0.00418658
v 0.02028344 -0.01469329 -0.00418261
v 0.02025117 -0.01475347 -0.00413796
v 0.02020373 -0.01480161 -0.00418261
v 0.02063453 -0.01414167 -0.00427787
v 0.02116971 -0.01332325 -0.00431856
v 0.02109380 -0.01343759 -0.00431856
v 0.02123423 -0.01322697 -0.00431161
v 0.02073322 -0.01397718 -0.00431161
v 0.02356094 -0.00556439 0.00504096
v 0.02368619 -0.00518928 0.00503303
v 0.02381145 -0.00481418 0.00502013
v 0.02381145 -0.00468780 0.00502608
v 0.02381145 -0.00443907 0.00503700
v 0.02400882 -0.00406396 0.00500326
v 0.02401451 -0.00398373 0.00500524
v 0.02387977 -0.00481418 0.00500226
v 0.02318707 -0.00668770 0.00505684
v 0.02331232 -0.00643896 0.00504692
v 0.02268605 -0.00806375 0.00506180
v 0.02281130 -0.00781301 0.00505783
v 0.02206167 -0.00931344 0.00506776
v 0.02156066 -0.01031439 0.00506875
v 0.02168591 -0.01018801 0.00506776
v 0.02218693 -0.00918907 0.00506577
v 0.02231218 -0.00893833 0.00506478
v 0.02243744 -0.00868759 0.00506280
v 0.02256080 -0.00843886 0.00506081
v 0.01987161 -0.01524692 -0.00409727
v 0.02020752 -0.01481967 -0.00406155
v 0.02025877 -0.01476149 -0.00393652
v 0.02009935 -0.01496610 -0.00393652
v 0.02031190 -0.01468728 0.00393652
v 0.02036504 -0.01460904 0.00393652
v 0.02081862 -0.01393907 0.00393652
v 0.02081292 -0.01393907 0.00406155
v 0.02075409 -0.01400928 0.00414590
v 0.02053584 -0.01432019 0.00418658
v 0.02074460 -0.01399323 0.00422925
v 0.02063263 -0.01413966 0.00427589
v 0.02086986 -0.01374450 0.00436222
v 0.02006329 -0.01443253 0.00478594
v 0.01995891 -0.01443654 0.00485143
v 0.01987541 -0.01450073 0.00487525
v 0.01938008 -0.01513058 0.00487723
v 0.01911439 -0.01548763 0.00486929
v 0.02101029 -0.01351582 0.00439397
v 0.02098752 -0.01348373 0.00447733
v 0.02114504 -0.01328113 0.00443664
v 0.02120767 -0.01318485 0.00443367
v 0.02123423 -0.01310060 0.00447336
v 0.02125891 -0.01301836 0.00451305
v 0.02114694 -0.01318886 0.00452992
v 0.02109949 -0.01318886 0.00459244
v 0.02090022 -0.01341352 0.00465198
v 0.02093438 -0.01331122 0.00468671
v 0.02112037 -0.01312066 0.00462022
v 0.02103686 -0.01318886 0.00466388
v 0.02099701 -0.01312266 0.00474823
v 0.02074650 -0.01349777 0.00474724
v 0.02049599 -0.01387087 0.00474625
v 0.02027205 -0.01416173 0.00476808
v 0.02077497 -0.01341352 0.00476907
v 0.01931176 -0.01506238 0.00493578
v 0.01918651 -0.01518675 0.00494769
v 0.01906125 -0.01531111 0.00495860
v 0.01930797 -0.01517872 0.00489509
v 0.01897395 -0.01531111 0.00499135
v 0.01899863 -0.01524893 0.00499929
v 0.01888286 -0.01538533 0.00500226
v 0.01918651 -0.01493400 0.00501417
v 0.01894928 -0.01519878 0.00502112
v 0.01942753 -0.01480161 0.00497051
v 0.01934592 -0.01483772 0.00499036
v 0.01881075 -0.01531111 0.00503203
v 0.01956227 -0.01431217 0.00503799
v 0.01931176 -0.01456090 0.00504692
v 0.01918651 -0.01456090 0.00506081
v 0.01956227 -0.01418780 0.00505188
v 0.01956227 -0.01406344 0.00506081
v 0.01981088 -0.01368833 0.00506180
v 0.02031190 -0.01293812 0.00506180
v 0.01956227 -0.01393907 0.00506577
v 0.01956227 -0.01368833 0.00506875
v 0.01931176 -0.01406344 0.00506875
v 0.02031190 -0.01281375 0.00506577
v 0.02043716 -0.01256301 0.00506676
v 0.02031190 -0.01268939 0.00506776
v 0.02031190 -0.01256301 0.00506875
v 0.02432385 -0.00398373 -0.00483258
v 0.02424984 -0.00412815 -0.00487426
v 0.02414736 -0.00456344 -0.00489013
v 0.02404108 -0.00506291 -0.00490006
v 0.02393670 -0.00518928 -0.00494173
v 0.02381145 -0.00556439 -0.00495761
v 0.02371656 -0.00568875 -0.00498738
v 0.02350400 -0.00639684 -0.00500127
v 0.02346605 -0.00668770 -0.00498738
v 0.02338634 -0.00681407 -0.00500326
v 0.02312824 -0.00763649 -0.00500127
v 0.02306751 -0.00768263 -0.00501417
v 0.02293656 -0.00793939 -0.00502707
v 0.02293656 -0.00781301 -0.00503600
v 0.02281130 -0.00806375 -0.00504394
v 0.02268605 -0.00843886 -0.00504295
v 0.02243744 -0.00893833 -0.00505089
v 0.02231218 -0.00918907 -0.00505486
v 0.02206167 -0.00981291 -0.00505287
v 0.02193642 -0.01006365 -0.00505486
v 0.02181117 -0.01031439 -0.00505585
v 0.02168591 -0.01043875 -0.00506280
v 0.02143730 -0.01093823 -0.00506280
v 0.02131205 -0.01118896 -0.00506280
v 0.02118679 -0.01143770 -0.00506280
v 0.02106153 -0.01156407 -0.00506577
v 0.02093628 -0.01168844 -0.00506776
v 0.02131205 -0.01081386 -0.00506875
v 0.01956227 -0.01368833 -0.00506875
v 0.02056241 -0.01231428 -0.00506776
v 0.01968563 -0.01381270 -0.00506379
v 0.01956227 -0.01406344 -0.00506081
v 0.02031190 -0.01281375 -0.00506577
v 0.02043716 -0.01268939 -0.00506379
v 0.02018665 -0.01306449 -0.00506379
v 0.01868739 -0.01518675 -0.00506081
v 0.01893600 -0.01493601 -0.00505684
v 0.01906125 -0.01481164 -0.00505387
v 0.01893600 -0.01506238 -0.00504394
v 0.01956227 -0.01418780 -0.00505188
v 0.01943702 -0.01443654 -0.00504196
v 0.01956227 -0.01431217 -0.00503700
v 0.01931176 -0.01468728 -0.00502906
v 0.01952622 -0.01453282 -0.00500723
v 0.01968373 -0.01430415 -0.00501120
v 0.01977862 -0.01418780 -0.00500822
v 0.02036884 -0.01336939 -0.00499830
v 0.02059657 -0.01306449 -0.00499036
v 0.02068577 -0.01306449 -0.00495364
v 0.02056241 -0.01331323 -0.00493479
v 0.02044475 -0.01356798 -0.00490998
v 0.02012972 -0.01413364 -0.00487723
v 0.02026825 -0.01390497 -0.00488517
v 0.02035176 -0.01384279 -0.00486136
v 0.02081482 -0.01331122 -0.00478892
v 0.02063453 -0.01364219 -0.00475816
v 0.02091161 -0.01318886 -0.00477800
v 0.02099701 -0.01312266 -0.00474724
v 0.02103307 -0.01318886 -0.00466190
v 0.02110518 -0.01296821 -0.00472938
v 0.02151511 -0.01240254 -0.00464205
v 0.02149044 -0.01248478 -0.00461328
v 0.02162898 -0.01238449 -0.00450611
v 0.02149803 -0.01262319 -0.00449618
v 0.02186241 -0.01185493 -0.00460832
v 0.02134431 -0.01294013 -0.00444061
v 0.02136328 -0.01298225 -0.00434535
v 0.02138796 -0.01290001 -0.00440092
v 0.02162708 -0.01250484 -0.00438008
v 0.02099701 -0.01362214 -0.00423917
v 0.02100650 -0.01363618 -0.00415582
v 0.02078825 -0.01394910 -0.00419055
v 0.02060417 -0.01422190 -0.00418658
v 0.02050358 -0.01438037 -0.00414689
v 0.02030621 -0.01468728 -0.00406155
v 0.02025497 -0.01475748 -0.00406155
v 0.02088504 -0.01376857 -0.00427887
v 0.02124752 -0.01324703 -0.00424017
v 0.02133482 -0.01305647 -0.00430764
v 0.02356094 -0.00568875 0.00503402
v 0.02331232 -0.00656333 0.00504096
v 0.02377539 -0.00518928 0.00500921
v 0.02381904 -0.00492851 0.00501219
v 0.02368619 -0.00531365 0.00502509
v 0.02399363 -0.00422644 0.00499829
v 0.02407714 -0.00398373 0.00497944
v 0.02375451 -0.00539589 0.00500127
v 0.02386458 -0.00496261 0.00499631
v 0.02392342 -0.00492851 0.00497349
v 0.02394240 -0.00481418 0.00497448
v 0.02306182 -0.00718918 0.00505188
v 0.02318707 -0.00681407 0.00505089
v 0.02268605 -0.00818812 0.00505783
v 0.02143730 -0.01056312 0.00506875
v 0.02143730 -0.01068949 0.00506776
v 0.02181117 -0.01006365 0.00506577
v 0.02193642 -0.00993928 0.00506180
v 0.02206167 -0.00968854 0.00506081
v 0.02231218 -0.00906270 0.00506081
v 0.02243744 -0.00881396 0.00505783
v 0.02031190 -0.01468728 -0.00393652
v 0.02036504 -0.01460904 -0.00393652
v 0.02081862 -0.01393907 -0.00393652
v 0.02111847 -0.01349376 0.00393652
v 0.02101029 -0.01364420 0.00406155
v 0.02078635 -0.01394709 0.00418757
v 0.02115642 -0.01342556 0.00406155
v 0.02100460 -0.01363417 0.00414689
v 0.02099511 -0.01361812 0.00423024
v 0.02113365 -0.01338945 0.00428085
v 0.02088314 -0.01376456 0.00427887
v 0.02112037 -0.01337140 0.00436421
v 0.02009935 -0.01421388 0.00486036
v 0.02005950 -0.01431418 0.00484151
v 0.02085467 -0.01309659 0.00486235
v 0.01998738 -0.01435630 0.00486830
v 0.01980519 -0.01454887 0.00489112
v 0.01975964 -0.01463713 0.00488021
v 0.02001585 -0.01427406 0.00488319
v 0.02005950 -0.01417777 0.00489509
v 0.01994183 -0.01431418 0.00490700
v 0.01989629 -0.01443654 0.00488716
v 0.01981088 -0.01443654 0.00492883
v 0.01952811 -0.01491194 0.00488914
v 0.01940665 -0.01506238 0.00489112
v 0.02103876 -0.01343960 0.00443664
v 0.02125701 -0.01313871 0.00439001
v 0.02148095 -0.01269741 0.00444756
v 0.02149803 -0.01262319 0.00449618
v 0.02133861 -0.01281777 0.00456366
v 0.02127788 -0.01293010 0.00455771
v 0.02119059 -0.01306850 0.00456664
v 0.02186241 -0.01185493 0.00460831
v 0.02122854 -0.01296620 0.00459641
v 0.02125321 -0.01288195 0.00462816
v 0.02114504 -0.01303641 0.00464801
v 0.02107102 -0.01308054 0.00469762
v 0.02110518 -0.01296821 0.00473136
v 0.02187000 -0.01161622 0.00474525
v 0.02139175 -0.01240655 0.00476411
v 0.02102168 -0.01303842 0.00476709
v 0.02094007 -0.01306850 0.00481472
v 0.02091161 -0.01318886 0.00477800
v 0.02056431 -0.01368633 0.00478792
v 0.01956227 -0.01468728 0.00495265
v 0.01956607 -0.01481365 0.00490700
v 0.01968563 -0.01456090 0.00494173
v 0.01937819 -0.01475548 0.00500127
v 0.01940476 -0.01468728 0.00500822
v 0.01956417 -0.01443854 0.00501616
v 0.01931176 -0.01468728 0.00502906
v 0.01956417 -0.01457093 0.00498639
v 0.01968373 -0.01430415 0.00501219
v 0.01968563 -0.01418780 0.00503104
v 0.01968563 -0.01406344 0.00504692
v 0.01981088 -0.01381270 0.00505287
v 0.01993614 -0.01356396 0.00505783
v 0.02043716 -0.01281375 0.00505783
v 0.02043716 -0.01268939 0.00506379
v 0.02056241 -0.01243865 0.00506478
v 0.02068577 -0.01218791 0.00506577
v 0.02093628 -0.01168844 0.00506676
v 0.02068577 -0.01206354 0.00506776
v 0.02106153 -0.01131333 0.00506875
v 0.02435042 -0.00398373 -0.00480976
v 0.02428400 -0.00456344 -0.00478197
v 0.02424225 -0.00421040 -0.00486929
v 0.02411509 -0.00493854 -0.00486830
v 0.02412838 -0.00478007 -0.00487823
v 0.02410371 -0.00506291 -0.00485937
v 0.02402590 -0.00518928 -0.00489212
v 0.02401261 -0.00531365 -0.00488319
v 0.02393670 -0.00531365 -0.00492486
v 0.02381145 -0.00568875 -0.00494273
v 0.02356094 -0.00656333 -0.00495860
v 0.02356094 -0.00668770 -0.00494273
v 0.02344707 -0.00681407 -0.00497845
v 0.02337495 -0.00688026 -0.00500028
v 0.02335977 -0.00696451 -0.00499532
v 0.02320035 -0.00756428 -0.00498043
v 0.02295364 -0.00831449 -0.00498143
v 0.02300298 -0.00801561 -0.00500127
v 0.02289101 -0.00831449 -0.00500524
v 0.02281130 -0.00831449 -0.00502707
v 0.02281130 -0.00818812 -0.00503600
v 0.02268605 -0.00856322 -0.00503303
v 0.02243744 -0.00906270 -0.00504295
v 0.02231218 -0.00931344 -0.00504692
v 0.02218693 -0.00956418 -0.00504990
v 0.02206167 -0.00993928 -0.00504394
v 0.02168591 -0.01068949 -0.00504692
v 0.02156066 -0.01093823 -0.00504791
v 0.02156066 -0.01081386 -0.00505684
v 0.02143730 -0.01106259 -0.00505684
v 0.02131205 -0.01131333 -0.00505684
v 0.02093628 -0.01193918 -0.00505883
v 0.02056241 -0.01256301 -0.00505982
v 0.02081102 -0.01206354 -0.00506379
v 0.02106153 -0.01131333 -0.00506875
v 0.02031190 -0.01256301 -0.00506875
v 0.01968563 -0.01393907 -0.00505684
v 0.01931176 -0.01443654 -0.00505783
v 0.02031190 -0.01293812 -0.00506081
v 0.02043716 -0.01281375 -0.00505684
v 0.01968563 -0.01406344 -0.00504593
v 0.02031190 -0.01306449 -0.00505188
v 0.02043716 -0.01293812 -0.00504593
v 0.01981088 -0.01393907 -0.00503898
v 0.01968563 -0.01418780 -0.00503005
v 0.01956607 -0.01443654 -0.00501516
v 0.01944651 -0.01456893 -0.00501913
v 0.01982037 -0.01406945 -0.00501814
v 0.01993614 -0.01393305 -0.00501219
v 0.02014490 -0.01365824 -0.00500623
v 0.02050927 -0.01314072 -0.00500226
v 0.02061935 -0.01299429 -0.00499830
v 0.02068577 -0.01294614 -0.00498440
v 0.02080154 -0.01280774 -0.00497150
v 0.02081102 -0.01293812 -0.00493280
v 0.02081102 -0.01305446 -0.00489708
v 0.02069336 -0.01319287 -0.00490998
v 0.02076927 -0.01315476 -0.00488517
v 0.02074081 -0.01323901 -0.00487029
v 0.02085278 -0.01309258 -0.00486136
v 0.02071614 -0.01331323 -0.00485441
v 0.02093818 -0.01306650 -0.00481472
v 0.02102168 -0.01303842 -0.00476709
v 0.02126080 -0.01264526 -0.00475915
v 0.02149993 -0.01225210 -0.00475022
v 0.02123613 -0.01272950 -0.00473732
v 0.02177511 -0.01193918 -0.00465297
v 0.02188518 -0.01177269 -0.00463808
v 0.02175423 -0.01200938 -0.00463015
v 0.02199905 -0.01175062 -0.00449916
v 0.02148095 -0.01269741 -0.00444756
v 0.02198387 -0.01182484 -0.00444954
v 0.02199146 -0.01161221 -0.00461526
v 0.02186620 -0.01211168 -0.00435031
v 0.02156255 -0.01256502 -0.00443764
v 0.02199715 -0.01187298 -0.00436917
v 0.02114883 -0.01341352 -0.00418658
v 0.02125511 -0.01326107 -0.00415780
v 0.02122095 -0.01333328 -0.00406155
v 0.02115832 -0.01342756 -0.00406155
v 0.02111657 -0.01348975 -0.00406155
v 0.02050927 -0.01438839 -0.00406155
v 0.02137847 -0.01300833 -0.00426200
v 0.02174854 -0.01237646 -0.00424910
v 0.02161759 -0.01261517 -0.00421834
v 0.02152270 -0.01279169 -0.00418658
v 0.02128547 -0.01319889 -0.00419452
v 0.02190606 -0.01206755 -0.00431062
v 0.02343568 -0.00618822 0.00503402
v 0.02354386 -0.00606386 0.00501318
v 0.02331232 -0.00668770 0.00503303
v 0.02419101 -0.00398373 0.00491990
v 0.02407145 -0.00406396 0.00497547
v 0.02374312 -0.00548014 0.00499730
v 0.02380196 -0.00543801 0.00497646
v 0.02382473 -0.00531365 0.00497944
v 0.02383802 -0.00518928 0.00498639
v 0.02385320 -0.00506291 0.00499234
v 0.02362736 -0.00589336 0.00500127
v 0.02361787 -0.00597760 0.00499730
v 0.02360648 -0.00606386 0.00499333
v 0.02393670 -0.00506291 0.00495563
v 0.02406196 -0.00443907 0.00494769
v 0.02281130 -0.00806375 0.00504593
v 0.02306182 -0.00731354 0.00504493
v 0.02268605 -0.00831449 0.00505188
v 0.02131205 -0.01081386 0.00506875
v 0.02168591 -0.01031439 0.00506577
v 0.02131205 -0.01093823 0.00506776
v 0.02156066 -0.01068949 0.00506180
v 0.02143730 -0.01106259 0.00505585
v 0.02181117 -0.01031439 0.00505585
v 0.02193642 -0.01006365 0.00505585
v 0.02206167 -0.00981291 0.00505486
v 0.02218693 -0.00956418 0.00505188
v 0.02243744 -0.00893833 0.00505188
v 0.02111847 -0.01349376 -0.00393652
v 0.02126460 -0.01327511 0.00393652
v 0.02103686 -0.01357199 0.00418757
v 0.02126080 -0.01326910 0.00406155
v 0.02125321 -0.01325907 0.00414490
v 0.02116591 -0.01332325 0.00431856
v 0.02121336 -0.01330520 0.00418658
v 0.02124372 -0.01324302 0.00422826
v 0.02123234 -0.01322296 0.00431161
v 0.02063073 -0.01338544 0.00487822
v 0.02012782 -0.01412963 0.00487624
v 0.02088124 -0.01301234 0.00487922
v 0.02077117 -0.01315676 0.00488616
v 0.02006139 -0.01406344 0.00493181
v 0.02065540 -0.01331323 0.00489112
v 0.02069526 -0.01319488 0.00491097
v 0.01993614 -0.01418780 0.00495066
v 0.01980329 -0.01430415 0.00497249
v 0.02136328 -0.01298426 0.00434039
v 0.02149613 -0.01274355 0.00436222
v 0.02162708 -0.01250484 0.00437909
v 0.02188897 -0.01202744 0.00440291
v 0.02198197 -0.01182283 0.00444855
v 0.02199715 -0.01174861 0.00449718
v 0.02189087 -0.01190508 0.00452496
v 0.02149233 -0.01248880 0.00461427
v 0.02191555 -0.01181280 0.00456465
v 0.02197627 -0.01169847 0.00456862
v 0.02199146 -0.01161221 0.00461526
v 0.02188518 -0.01177269 0.00463808
v 0.02175423 -0.01201139 0.00463114
v 0.02162328 -0.01225009 0.00462320
v 0.02164795 -0.01216584 0.00464999
v 0.02171438 -0.01193918 0.00471548
v 0.02184912 -0.01168844 0.00472541
v 0.02160620 -0.01209564 0.00473335
v 0.02224007 -0.01085598 0.00474128
v 0.02227992 -0.01068949 0.00477502
v 0.02203511 -0.01118896 0.00477899
v 0.02191175 -0.01143770 0.00478098
v 0.02181117 -0.01156206 0.00481174
v 0.02178649 -0.01168844 0.00477899
v 0.02176182 -0.01177269 0.00476014
v 0.02190985 -0.01168844 0.00466289
v 0.02201233 -0.01152796 0.00464007
v 0.02203511 -0.01143770 0.00466289
v 0.02215846 -0.01118896 0.00466091
v 0.02263291 -0.01026825 0.00463411
v 0.02118679 -0.01257304 0.00484548
v 0.02105774 -0.01281576 0.00483655
v 0.02098942 -0.01285788 0.00486830
v 0.01968373 -0.01443854 0.00497944
v 0.01949395 -0.01461707 0.00499829
v 0.01964198 -0.01439642 0.00500524
v 0.01972548 -0.01434226 0.00499135
v 0.01960782 -0.01448067 0.00499532
v 0.01975585 -0.01426002 0.00500226
v 0.01982037 -0.01406945 0.00501814
v 0.02032139 -0.01332125 0.00501913
v 0.02018665 -0.01343759 0.00503203
v 0.02006139 -0.01356396 0.00503997
v 0.02043716 -0.01293812 0.00504692
v 0.02031190 -0.01306449 0.00505287
v 0.02056241 -0.01268939 0.00505188
v 0.02056241 -0.01256301 0.00505982
v 0.02068577 -0.01231428 0.00506180
v 0.02081102 -0.01206354 0.00506280
v 0.02118679 -0.01131333 0.00506478
v 0.02439597 -0.00398373 -0.00477006
v 0.02422137 -0.00443907 -0.00485342
v 0.02426312 -0.00481418 -0.00476212
v 0.02419860 -0.00494456 -0.00479785
v 0.02416633 -0.00518928 -0.00478693
v 0.02408852 -0.00518928 -0.00484945
v 0.02400312 -0.00538987 -0.00487723
v 0.02387787 -0.00589135 -0.00487723
v 0.02365203 -0.00668770 -0.00489311
v 0.02366721 -0.00656333 -0.00490204
v 0.02369568 -0.00643495 -0.00490403
v 0.02381145 -0.00581312 -0.00492586
v 0.02368619 -0.00631259 -0.00492586
v 0.02356094 -0.00681407 -0.00492387
v 0.02342430 -0.00692841 -0.00497250
v 0.02305233 -0.00805974 -0.00497448
v 0.02306182 -0.00831449 -0.00492983
v 0.02292707 -0.00843284 -0.00497349
v 0.02287963 -0.00838871 -0.00500127
v 0.02306182 -0.00818812 -0.00495066
v 0.02256080 -0.00893833 -0.00502707
v 0.02243744 -0.00918907 -0.00503203
v 0.02231218 -0.00943780 -0.00503700
v 0.02218693 -0.00968854 -0.00504096
v 0.02218693 -0.00981291 -0.00503005
v 0.02193642 -0.01031439 -0.00503402
v 0.02168591 -0.01081386 -0.00503600
v 0.02143730 -0.01131333 -0.00503700
v 0.02143730 -0.01118896 -0.00504791
v 0.02131205 -0.01143770 -0.00504791
v 0.02118679 -0.01156407 -0.00505486
v 0.02081102 -0.01218791 -0.00505684
v 0.02056241 -0.01268939 -0.00505089
v 0.02056241 -0.01281375 -0.00503799
v 0.02031190 -0.01318886 -0.00503898
v 0.02018665 -0.01343759 -0.00503104
v 0.02043716 -0.01306449 -0.00503104
v 0.02007088 -0.01369635 -0.00501814
v 0.02053395 -0.01306449 -0.00500822
v 0.02032139 -0.01332125 -0.00501814
v 0.02068577 -0.01280774 -0.00501120
v 0.02075409 -0.01276160 -0.00500127
v 0.02072752 -0.01284384 -0.00499234
v 0.02083570 -0.01268939 -0.00498540
v 0.02112416 -0.01212773 -0.00500028
v 0.02130256 -0.01193316 -0.00497349
v 0.02117540 -0.01217788 -0.00496753
v 0.02106153 -0.01243865 -0.00495166
v 0.02093628 -0.01268939 -0.00494273
v 0.02094197 -0.01281175 -0.00490502
v 0.02087935 -0.01300833 -0.00487723
v 0.02143540 -0.01230225 -0.00477800
v 0.02096095 -0.01293812 -0.00485044
v 0.02098562 -0.01285387 -0.00486731
v 0.02149044 -0.01198531 -0.00486929
v 0.02176182 -0.01177469 -0.00476014
v 0.02187000 -0.01161622 -0.00474525
v 0.02173905 -0.01185693 -0.00473930
v 0.02190985 -0.01168844 -0.00466289
v 0.02201992 -0.01166637 -0.00453191
v 0.02214518 -0.01141764 -0.00453091
v 0.02212430 -0.01149988 -0.00449916
v 0.02210912 -0.01156407 -0.00447038
v 0.02206167 -0.01169044 -0.00443764
v 0.02202182 -0.01178873 -0.00441581
v 0.02201233 -0.01152796 -0.00464007
v 0.02211671 -0.01135947 -0.00461427
v 0.02197627 -0.01193918 -0.00432154
v 0.02212430 -0.01162826 -0.00437711
v 0.02210532 -0.01171251 -0.00431161
v 0.02204080 -0.01182484 -0.00432154
v 0.02162708 -0.01262921 -0.00413498
v 0.02131015 -0.01318886 -0.00406155
v 0.02126080 -0.01327110 -0.00406155
v 0.02126460 -0.01327511 -0.00393652
v 0.02194211 -0.01206354 -0.00418658
v 0.02178839 -0.01232632 -0.00419948
v 0.02201233 -0.01189705 -0.00428581
v 0.02211861 -0.01174059 -0.00422429
v 0.02344517 -0.00643295 0.00501417
v 0.02329904 -0.00693844 0.00501516
v 0.02332371 -0.00682410 0.00501814
v 0.02338444 -0.00678799 0.00500326
v 0.02339962 -0.00668770 0.00500723
v 0.02341670 -0.00656333 0.00501219
v 0.02293656 -0.00781301 0.00503700
v 0.02306182 -0.00756428 0.00502608
v 0.02416823 -0.00431270 0.00490105
v 0.02419860 -0.00406998 0.00490700
v 0.02424794 -0.00411612 0.00487326
v 0.02425743 -0.00398373 0.00488021
v 0.02406196 -0.00456344 0.00493677
v 0.02405247 -0.00493854 0.00490700
v 0.02358940 -0.00618822 0.00498738
v 0.02381145 -0.00556439 0.00495761
v 0.02393670 -0.00518928 0.00494173
v 0.02367670 -0.00593749 0.00497646
v 0.02349072 -0.00647106 0.00499730
v 0.02347933 -0.00656333 0.00499333
v 0.02404108 -0.00506291 0.00490006
v 0.02281130 -0.00818812 0.00503799
v 0.02268605 -0.00843886 0.00504394
v 0.02118679 -0.01143770 0.00506081
v 0.02118679 -0.01156407 0.00505386
v 0.02131205 -0.01143770 0.00504692
v 0.02143730 -0.01118896 0.00504692
v 0.02206167 -0.00993928 0.00504593
v 0.02193642 -0.01018801 0.00504692
v 0.02218693 -0.00968854 0.00504295
v 0.02243744 -0.00906270 0.00504394
v 0.02136328 -0.01310662 0.00393652
v 0.02130825 -0.01318886 0.00406155
v 0.02134810 -0.01308255 0.00418658
v 0.02162518 -0.01262921 0.00413101
v 0.02137657 -0.01300431 0.00425703
v 0.02133482 -0.01305246 0.00430367
v 0.02127029 -0.01231428 0.00488716
v 0.02118679 -0.01242862 0.00489609
v 0.02094197 -0.01281576 0.00490601
v 0.02081102 -0.01293812 0.00493578
v 0.02081102 -0.01305847 0.00489906
v 0.02162328 -0.01174861 0.00487326
v 0.02056241 -0.01331323 0.00493578
v 0.02018665 -0.01381270 0.00495265
v 0.02005380 -0.01393305 0.00497349
v 0.01984315 -0.01418780 0.00498837
v 0.02174854 -0.01237446 0.00424413
v 0.02187949 -0.01213575 0.00426597
v 0.02197438 -0.01193918 0.00431955
v 0.02199525 -0.01187097 0.00436619
v 0.02201992 -0.01178673 0.00441382
v 0.02204839 -0.01169847 0.00444855
v 0.02211102 -0.01157611 0.00444855
v 0.02201992 -0.01166437 0.00453191
v 0.02214328 -0.01141563 0.00452992
v 0.02274488 -0.01024217 0.00449023
v 0.02211671 -0.01135947 0.00461328
v 0.02234255 -0.01068949 0.00471945
v 0.02261014 -0.01009374 0.00473732
v 0.02252474 -0.01018801 0.00477105
v 0.02244123 -0.01031038 0.00479189
v 0.02249627 -0.00999344 0.00487227
v 0.02193452 -0.01130932 0.00481174
v 0.02200095 -0.01100241 0.00487525
v 0.02183014 -0.01143770 0.00484349
v 0.02175233 -0.01150590 0.00487624
v 0.02172956 -0.01159015 0.00486136
v 0.02168781 -0.01169847 0.00484746
v 0.02226094 -0.01102448 0.00463709
v 0.02213569 -0.01127722 0.00463908
v 0.02261204 -0.01035250 0.00460831
v 0.02273539 -0.01009574 0.00460633
v 0.02265189 -0.01018801 0.00465297
v 0.02011833 -0.01374249 0.00499829
v 0.02053205 -0.01306449 0.00500921
v 0.02028154 -0.01343759 0.00500921
v 0.02057190 -0.01294614 0.00501913
v 0.02043716 -0.01306449 0.00503203
v 0.02056241 -0.01281375 0.00503997
v 0.02068577 -0.01256301 0.00504394
v 0.02081102 -0.01231428 0.00504692
v 0.02093628 -0.01206354 0.00504990
v 0.02106153 -0.01168844 0.00505982
v 0.02445860 -0.00398373 -0.00470655
v 0.02438838 -0.00406396 -0.00476411
v 0.02424794 -0.00499070 -0.00474823
v 0.02422896 -0.00518928 -0.00472739
v 0.02415115 -0.00531365 -0.00477403
v 0.02396517 -0.00568875 -0.00484945
v 0.02374123 -0.00647507 -0.00487029
v 0.02375261 -0.00639082 -0.00487723
v 0.02363495 -0.00681407 -0.00488219
v 0.02356663 -0.00692841 -0.00490105
v 0.02331232 -0.00756428 -0.00492685
v 0.02343568 -0.00718918 -0.00492586
v 0.02343568 -0.00706280 -0.00494669
v 0.02331232 -0.00743791 -0.00494769
v 0.02314152 -0.00831449 -0.00488616
v 0.02306751 -0.00843485 -0.00490303
v 0.02293656 -0.00856322 -0.00494372
v 0.02318707 -0.00793939 -0.00492883
v 0.02281130 -0.00881396 -0.00495563
v 0.02267656 -0.00905668 -0.00497250
v 0.02247729 -0.00943780 -0.00499234
v 0.02249248 -0.00936358 -0.00499830
v 0.02262722 -0.00901054 -0.00500127
v 0.02239000 -0.00956418 -0.00500524
v 0.02231218 -0.00956418 -0.00502509
v 0.02227613 -0.00981291 -0.00500822
v 0.02225905 -0.00989916 -0.00500326
v 0.02215657 -0.01006365 -0.00500921
v 0.02182065 -0.01069350 -0.00501715
v 0.02157204 -0.01119699 -0.00501814
v 0.02144679 -0.01144572 -0.00501814
v 0.02131205 -0.01156407 -0.00503402
v 0.02118679 -0.01168844 -0.00504493
v 0.02106153 -0.01181280 -0.00505287
v 0.02093628 -0.01206354 -0.00504990
v 0.02106153 -0.01193918 -0.00504096
v 0.02093628 -0.01218791 -0.00503700
v 0.02068577 -0.01268939 -0.00502707
v 0.02057190 -0.01294614 -0.00501715
v 0.02077307 -0.01268939 -0.00500723
v 0.02125701 -0.01188903 -0.00500226
v 0.02143161 -0.01168844 -0.00497845
v 0.02156066 -0.01156407 -0.00495463
v 0.02143730 -0.01181280 -0.00494570
v 0.02131205 -0.01206354 -0.00493677
v 0.02118679 -0.01231428 -0.00492685
v 0.02107102 -0.01256903 -0.00491097
v 0.02153978 -0.01181280 -0.00489609
v 0.02160241 -0.01181280 -0.00486036
v 0.02178649 -0.01168844 -0.00477899
v 0.02165175 -0.01193918 -0.00477205
v 0.02162138 -0.01174661 -0.00487326
v 0.02181117 -0.01156206 -0.00481273
v 0.02188897 -0.01153398 -0.00476312
v 0.02201423 -0.01128124 -0.00476212
v 0.02199335 -0.01136548 -0.00474426
v 0.02197627 -0.01143770 -0.00472640
v 0.02203511 -0.01143770 -0.00466389
v 0.02184912 -0.01168844 -0.00472541
v 0.02249627 -0.01074365 -0.00449321
v 0.02224766 -0.01124914 -0.00449718
v 0.02248868 -0.01060324 -0.00460931
v 0.02261204 -0.01035250 -0.00460732
v 0.02264050 -0.01040866 -0.00452397
v 0.02214138 -0.01156407 -0.00440787
v 0.02235963 -0.01107463 -0.00444756
v 0.02226094 -0.01102448 -0.00463808
v 0.02263291 -0.01026825 -0.00463412
v 0.02224956 -0.01137551 -0.00437512
v 0.02217934 -0.01156407 -0.00431161
v 0.02212810 -0.01175664 -0.00414093
v 0.02199715 -0.01199735 -0.00408834
v 0.02136328 -0.01310662 -0.00393652
v 0.02202752 -0.01194920 -0.00405262
v 0.02221919 -0.01155404 -0.00418162
v 0.02251145 -0.01090011 -0.00428581
v 0.02275817 -0.01039663 -0.00427986
v 0.02282269 -0.01031439 -0.00418658
v 0.02337305 -0.00687224 0.00499929
v 0.02306751 -0.00768062 0.00501417
v 0.02324970 -0.00725336 0.00500028
v 0.02293656 -0.00793939 0.00502707
v 0.02291189 -0.00818812 0.00501219
v 0.02415685 -0.00443907 0.00489509
v 0.02428969 -0.00398373 0.00485838
v 0.02413597 -0.00468780 0.00488219
v 0.02411509 -0.00493854 0.00486830
v 0.02423086 -0.00431270 0.00486235
v 0.02346225 -0.00668770 0.00498738
v 0.02356094 -0.00656333 0.00495761
v 0.02368619 -0.00618822 0.00494273
v 0.02393670 -0.00531365 0.00492586
v 0.02402590 -0.00518928 0.00489212
v 0.02410371 -0.00506291 0.00485937
v 0.02281130 -0.00831449 0.00502707
v 0.02256080 -0.00881396 0.00503898
v 0.02106153 -0.01193918 0.00504096
v 0.02131205 -0.01156407 0.00503402
v 0.02143730 -0.01131333 0.00503600
v 0.02193642 -0.01031439 0.00503501
v 0.02206167 -0.01006365 0.00503402
v 0.02218693 -0.00981291 0.00503203
v 0.02168591 -0.01081386 0.00503600
v 0.02243744 -0.00918907 0.00503303
v 0.02139555 -0.01303842 0.00406155
v 0.02135949 -0.01310060 0.00406155
v 0.02182065 -0.01231428 0.00393652
v 0.02199905 -0.01200136 0.00400499
v 0.02202752 -0.01194920 0.00405262
v 0.02199715 -0.01199735 0.00408834
v 0.02152080 -0.01278768 0.00418658
v 0.02175803 -0.01239051 0.00416078
v 0.02212810 -0.01175664 0.00413994
v 0.02140504 -0.01206354 0.00489212
v 0.02118679 -0.01231428 0.00492883
v 0.02107102 -0.01257304 0.00491196
v 0.02093628 -0.01268939 0.00494471
v 0.02080154 -0.01280573 0.00497249
v 0.02072942 -0.01284184 0.00499333
v 0.02068767 -0.01294614 0.00498440
v 0.02068577 -0.01306449 0.00495463
v 0.02164606 -0.01166437 0.00488616
v 0.02043716 -0.01343759 0.00495364
v 0.02018665 -0.01369635 0.00498440
v 0.01993614 -0.01406945 0.00498341
v 0.02194211 -0.01206354 0.00418658
v 0.02211861 -0.01173858 0.00422330
v 0.02201043 -0.01189705 0.00428284
v 0.02204080 -0.01182283 0.00431955
v 0.02212430 -0.01162625 0.00437413
v 0.02212240 -0.01149787 0.00449718
v 0.02239379 -0.01104053 0.00441084
v 0.02224766 -0.01124714 0.00449519
v 0.02274488 -0.01036654 0.00436123
v 0.02278853 -0.01019604 0.00444458
v 0.02284926 -0.01006565 0.00443764
v 0.02276386 -0.01015793 0.00452298
v 0.02271831 -0.01019604 0.00456366
v 0.02264050 -0.01040866 0.00452496
v 0.02237291 -0.01112277 0.00437016
v 0.02268225 -0.01005161 0.00468274
v 0.02276766 -0.00993928 0.00464503
v 0.02270503 -0.00993928 0.00470755
v 0.02273160 -0.00981291 0.00473335
v 0.02264240 -0.00993928 0.00476609
v 0.02289671 -0.00931344 0.00476907
v 0.02324970 -0.00850505 0.00475121
v 0.02318897 -0.00855320 0.00478495
v 0.02298401 -0.00881396 0.00486334
v 0.02274678 -0.00936960 0.00487326
v 0.02264430 -0.00956418 0.00488716
v 0.02244693 -0.00994530 0.00490899
v 0.02241467 -0.01006365 0.00489807
v 0.02239000 -0.01016394 0.00488517
v 0.02213949 -0.01068949 0.00488319
v 0.02224766 -0.01049893 0.00487426
v 0.02187569 -0.01125516 0.00487624
v 0.02168781 -0.01155404 0.00489609
v 0.02176752 -0.01143770 0.00488616
v 0.02288152 -0.00989515 0.00451107
v 0.02283408 -0.00993728 0.00455671
v 0.02287014 -0.00974270 0.00461923
v 0.02275247 -0.01001149 0.00462915
v 0.02059468 -0.01306449 0.00499036
v 0.02061935 -0.01299429 0.00499829
v 0.02064592 -0.01291004 0.00500623
v 0.02068767 -0.01280573 0.00501219
v 0.02068577 -0.01268939 0.00502906
v 0.02106153 -0.01206354 0.00502608
v 0.02451553 -0.00398373 -0.00464404
v 0.02429539 -0.00506291 -0.00467877
v 0.02428210 -0.00518928 -0.00466488
v 0.02426692 -0.00531365 -0.00464702
v 0.02415874 -0.00568875 -0.00466488
v 0.02410371 -0.00568875 -0.00472739
v 0.02412648 -0.00550822 -0.00475121
v 0.02388356 -0.00643896 -0.00475816
v 0.02389875 -0.00631259 -0.00477304
v 0.02404108 -0.00568875 -0.00478693
v 0.02371466 -0.00668770 -0.00484846
v 0.02362546 -0.00688026 -0.00487525
v 0.02350210 -0.00725938 -0.00487624
v 0.02312824 -0.00839072 -0.00487823
v 0.02325349 -0.00801561 -0.00487723
v 0.02301247 -0.00866352 -0.00488319
v 0.02294795 -0.00869762 -0.00491097
v 0.02281130 -0.00893833 -0.00493082
v 0.02268605 -0.00918907 -0.00494273
v 0.02243744 -0.00981291 -0.00494074
v 0.02233875 -0.00981291 -0.00498639
v 0.02235773 -0.00971863 -0.00499433
v 0.02237671 -0.00963438 -0.00500028
v 0.02221919 -0.01006365 -0.00498936
v 0.02223817 -0.00998341 -0.00499631
v 0.02201233 -0.01040265 -0.00500425
v 0.02151511 -0.01140961 -0.00500524
v 0.02141073 -0.01156407 -0.00501020
v 0.02118679 -0.01181280 -0.00503005
v 0.02118679 -0.01193316 -0.00501318
v 0.02149423 -0.01149186 -0.00499830
v 0.02147336 -0.01156407 -0.00499036
v 0.02155876 -0.01144572 -0.00498242
v 0.02168591 -0.01143770 -0.00492784
v 0.02168591 -0.01155404 -0.00489708
v 0.02157204 -0.01169847 -0.00491296
v 0.02164416 -0.01166437 -0.00488616
v 0.02172766 -0.01159015 -0.00486136
v 0.02168591 -0.01169847 -0.00484746
v 0.02175233 -0.01150590 -0.00487624
v 0.02191365 -0.01143770 -0.00478098
v 0.02197817 -0.01108666 -0.00486136
v 0.02195350 -0.01118896 -0.00484250
v 0.02203700 -0.01118896 -0.00477999
v 0.02216036 -0.01093823 -0.00477899
v 0.02228372 -0.01068949 -0.00477701
v 0.02226094 -0.01077775 -0.00476014
v 0.02224197 -0.01085999 -0.00474228
v 0.02209963 -0.01118896 -0.00472442
v 0.02215846 -0.01118896 -0.00466190
v 0.02261963 -0.01049091 -0.00449122
v 0.02266707 -0.01044477 -0.00444458
v 0.02273539 -0.01009574 -0.00460534
v 0.02271831 -0.01019403 -0.00456366
v 0.02276196 -0.01015592 -0.00452198
v 0.02274299 -0.01023816 -0.00448825
v 0.02276576 -0.01028430 -0.00440489
v 0.02240518 -0.01068949 -0.00465892
v 0.02256080 -0.01031238 -0.00468770
v 0.02265189 -0.01018801 -0.00465495
v 0.02243744 -0.01056513 -0.00468869
v 0.02237291 -0.01112478 -0.00437214
v 0.02274488 -0.01036855 -0.00436321
v 0.02272590 -0.01043875 -0.00431757
v 0.02250007 -0.01100241 -0.00412605
v 0.02216985 -0.01168844 -0.00406155
v 0.02213189 -0.01176466 -0.00406155
v 0.02199905 -0.01200136 -0.00400499
v 0.02182065 -0.01231428 -0.00393652
v 0.02203700 -0.01193918 -0.00393652
v 0.02213379 -0.01176867 -0.00393652
v 0.02278284 -0.01032040 -0.00431757
v 0.02288152 -0.01014188 -0.00427192
v 0.02286255 -0.01022813 -0.00418658
v 0.02287204 -0.01024418 -0.00408437
v 0.02323641 -0.00733761 0.00499532
v 0.02303525 -0.00781301 0.00501119
v 0.02313773 -0.00756428 0.00500425
v 0.02300298 -0.00801561 0.00500127
v 0.02311306 -0.00771874 0.00499631
v 0.02301437 -0.00793939 0.00500524
v 0.02281700 -0.00843284 0.00501417
v 0.02287963 -0.00838871 0.00500127
v 0.02431626 -0.00398373 0.00483853
v 0.02417962 -0.00506291 0.00479685
v 0.02428590 -0.00456344 0.00478197
v 0.02431247 -0.00418833 0.00481372
v 0.02436750 -0.00398373 0.00479785
v 0.02343568 -0.00693844 0.00496456
v 0.02356094 -0.00668770 0.00494273
v 0.02321933 -0.00743791 0.00498936
v 0.02332181 -0.00718918 0.00497944
v 0.02401261 -0.00531365 0.00488319
v 0.02368619 -0.00631259 0.00492586
v 0.02369568 -0.00643495 0.00490402
v 0.02408852 -0.00518928 0.00484945
v 0.02416633 -0.00518928 0.00478693
v 0.02131584 -0.01168844 0.00501616
v 0.02144489 -0.01144572 0.00501814
v 0.02157204 -0.01119699 0.00501814
v 0.02219262 -0.00994129 0.00501616
v 0.02169540 -0.01094625 0.00501814
v 0.02231408 -0.00968052 0.00501318
v 0.02231218 -0.00956418 0.00502608
v 0.02225905 -0.00990117 0.00500326
v 0.02266707 -0.00881396 0.00501318
v 0.02203700 -0.01193918 0.00393652
v 0.02213379 -0.01176867 0.00393652
v 0.02213189 -0.01176466 0.00406155
v 0.02216985 -0.01168844 0.00406155
v 0.02250007 -0.01100241 0.00412605
v 0.02236722 -0.01123510 0.00421437
v 0.02214897 -0.01169445 0.00418360
v 0.02157394 -0.01169847 0.00491196
v 0.02131205 -0.01206354 0.00493776
v 0.02117540 -0.01217587 0.00496853
v 0.02093059 -0.01256301 0.00497746
v 0.02083570 -0.01268939 0.00498639
v 0.02112416 -0.01212773 0.00500028
v 0.02075219 -0.01275959 0.00500127
v 0.02055482 -0.01318284 0.00497547
v 0.02251145 -0.01090011 0.00428383
v 0.02213949 -0.01165634 0.00429077
v 0.02210722 -0.01169445 0.00432451
v 0.02260255 -0.01068949 0.00431856
v 0.02278284 -0.01032040 0.00431657
v 0.02284736 -0.01018601 0.00431260
v 0.02286634 -0.01010978 0.00435527
v 0.02299919 -0.00962435 0.00449817
v 0.02286445 -0.00997739 0.00448031
v 0.02288342 -0.01002554 0.00439695
v 0.02300109 -0.00975674 0.00437909
v 0.02313583 -0.00940370 0.00439894
v 0.02284547 -0.00956418 0.00472144
v 0.02288722 -0.00965845 0.00463908
v 0.02328765 -0.00855320 0.00468968
v 0.02333320 -0.00844688 0.00468274
v 0.02334459 -0.00831449 0.00471846
v 0.02336167 -0.00821420 0.00473632
v 0.02337495 -0.00812995 0.00475121
v 0.02326108 -0.00843886 0.00476113
v 0.02317758 -0.00843485 0.00482960
v 0.02309598 -0.00856322 0.00485441
v 0.02299729 -0.00874777 0.00487326
v 0.02292138 -0.00881396 0.00490204
v 0.02243744 -0.00981291 0.00494273
v 0.02231218 -0.01006365 0.00494967
v 0.02232357 -0.01019804 0.00491196
v 0.02206167 -0.01080182 0.00489509
v 0.02168591 -0.01143770 0.00492685
v 0.02156066 -0.01156407 0.00495364
v 0.02324970 -0.00900252 0.00450015
v 0.02314911 -0.00918907 0.00453786
v 0.02310736 -0.00918907 0.00460038
v 0.02325539 -0.00876582 0.00463114
v 0.02300488 -0.00938766 0.00463015
v 0.02077307 -0.01268939 0.00500723
v 0.02090781 -0.01243865 0.00501020
v 0.02094577 -0.01232030 0.00501814
v 0.02138606 -0.01164832 0.00500425
v 0.02141073 -0.01156407 0.00501020
v 0.02457436 -0.00398373 -0.00455572
v 0.02450225 -0.00414019 -0.00462717
v 0.02436750 -0.00496061 -0.00461328
v 0.02434473 -0.00518928 -0.00457954
v 0.02435801 -0.00506291 -0.00459938
v 0.02424604 -0.00548816 -0.00461923
v 0.02399553 -0.00648711 -0.00461923
v 0.02390823 -0.00668770 -0.00466389
v 0.02385130 -0.00668770 -0.00472640
v 0.02398984 -0.00608994 -0.00474029
v 0.02386458 -0.00658740 -0.00473930
v 0.02377159 -0.00681407 -0.00477106
v 0.02378867 -0.00668770 -0.00478594
v 0.02369758 -0.00681407 -0.00483357
v 0.02368619 -0.00693442 -0.00481174
v 0.02359510 -0.00706280 -0.00485243
v 0.02336357 -0.00772074 -0.00486731
v 0.02323831 -0.00809785 -0.00486830
v 0.02320415 -0.00831449 -0.00483952
v 0.02317758 -0.00843485 -0.00482762
v 0.02311306 -0.00847296 -0.00486731
v 0.02299729 -0.00874576 -0.00487326
v 0.02274678 -0.00936960 -0.00487326
v 0.02244693 -0.00994530 -0.00490799
v 0.02231218 -0.01006365 -0.00494868
v 0.02230459 -0.00994129 -0.00497646
v 0.02199146 -0.01048690 -0.00499730
v 0.02168401 -0.01119699 -0.00498242
v 0.02186810 -0.01073964 -0.00499730
v 0.02174284 -0.01099038 -0.00499830
v 0.02161949 -0.01124312 -0.00499830
v 0.02160241 -0.01131333 -0.00499135
v 0.02168591 -0.01131333 -0.00495563
v 0.02181117 -0.01106259 -0.00495463
v 0.02181117 -0.01118896 -0.00492586
v 0.02181306 -0.01130330 -0.00489708
v 0.02212430 -0.01075168 -0.00487426
v 0.02224766 -0.01049893 -0.00487426
v 0.02244313 -0.01031439 -0.00479388
v 0.02250956 -0.01027226 -0.00475716
v 0.02248868 -0.01035451 -0.00474029
v 0.02275247 -0.01001149 -0.00462915
v 0.02287014 -0.00974270 -0.00461923
v 0.02277904 -0.01005763 -0.00456366
v 0.02284736 -0.01006565 -0.00443664
v 0.02278853 -0.01019403 -0.00444260
v 0.02287963 -0.00989114 -0.00451008
v 0.02286824 -0.01010978 -0.00435527
v 0.02261204 -0.01009975 -0.00473930
v 0.02268415 -0.01005562 -0.00468472
v 0.02284736 -0.01018601 -0.00431360
v 0.02222489 -0.01157611 -0.00406155
v 0.02272401 -0.01055309 -0.00405956
v 0.02222678 -0.01158012 -0.00393652
v 0.02217365 -0.01168844 -0.00393652
v 0.02289101 -0.01016394 -0.00418658
v 0.02299919 -0.00987509 -0.00424612
v 0.02300678 -0.00989515 -0.00416277
v 0.02294985 -0.01006365 -0.00406155
v 0.02289481 -0.01019804 -0.00405063
v 0.02287393 -0.01025220 -0.00400102
v 0.02298970 -0.00809986 0.00499631
v 0.02305233 -0.00805974 0.00497547
v 0.02320035 -0.00756428 0.00498043
v 0.02276196 -0.00865750 0.00500425
v 0.02249437 -0.00936358 0.00499829
v 0.02286065 -0.00847296 0.00499532
v 0.02292707 -0.00843284 0.00497448
v 0.02295364 -0.00831449 0.00498143
v 0.02297452 -0.00818812 0.00499036
v 0.02424794 -0.00499270 0.00474823
v 0.02425553 -0.00491046 0.00475518
v 0.02427451 -0.00468780 0.00477304
v 0.02439217 -0.00406396 0.00476609
v 0.02439787 -0.00398373 0.00477205
v 0.02331232 -0.00743791 0.00494868
v 0.02343568 -0.00706280 0.00494669
v 0.02356094 -0.00681407 0.00492387
v 0.02365203 -0.00668770 0.00489212
v 0.02400312 -0.00538987 0.00487723
v 0.02376210 -0.00631259 0.00488319
v 0.02387787 -0.00589135 0.00487723
v 0.02375261 -0.00639082 0.00487723
v 0.02396517 -0.00568875 0.00484945
v 0.02415115 -0.00531365 0.00477403
v 0.02422896 -0.00518928 0.00472739
v 0.02151511 -0.01140761 0.00500524
v 0.02178649 -0.01081386 0.00501119
v 0.02201233 -0.01040465 0.00500425
v 0.02239000 -0.00956418 0.00500524
v 0.02211671 -0.01023616 0.00499730
v 0.02224007 -0.00998341 0.00499631
v 0.02230459 -0.00994129 0.00497746
v 0.02233875 -0.00981291 0.00498639
v 0.02235963 -0.00971863 0.00499433
v 0.02217365 -0.01168844 0.00393652
v 0.02222678 -0.01158012 0.00393652
v 0.02222489 -0.01157611 0.00406155
v 0.02272401 -0.01055309 0.00405956
v 0.02287204 -0.01024418 0.00408437
v 0.02282269 -0.01031439 0.00418658
v 0.02275817 -0.01039663 0.00427787
v 0.02143730 -0.01181280 0.00494570
v 0.02130256 -0.01193316 0.00497349
v 0.02105964 -0.01217587 0.00501020
v 0.02088504 -0.01252089 0.00500326
v 0.02149423 -0.01149186 0.00499829
v 0.02288152 -0.01014388 0.00427192
v 0.02295174 -0.00993928 0.00431161
v 0.02336926 -0.00886411 0.00436123
v 0.02325160 -0.00913491 0.00438207
v 0.02338634 -0.00878187 0.00439993
v 0.02335218 -0.00881998 0.00443962
v 0.02313773 -0.00903461 0.00464106
v 0.02327057 -0.00868759 0.00464900
v 0.02337116 -0.00849502 0.00462121
v 0.02338444 -0.00841078 0.00463808
v 0.02350021 -0.00775284 0.00475022
v 0.02328196 -0.00831449 0.00477899
v 0.02320415 -0.00831449 0.00484151
v 0.02313014 -0.00839072 0.00487822
v 0.02311306 -0.00847497 0.00486731
v 0.02303335 -0.00856322 0.00489509
v 0.02306751 -0.00843485 0.00490402
v 0.02293656 -0.00856322 0.00494570
v 0.02281130 -0.00893833 0.00493280
v 0.02242605 -0.00968052 0.00497249
v 0.02268605 -0.00918907 0.00494471
v 0.02281130 -0.00881396 0.00495761
v 0.02221919 -0.01006365 0.00498936
v 0.02174474 -0.01099239 0.00499829
v 0.02218693 -0.01031439 0.00495066
v 0.02168591 -0.01131333 0.00495463
v 0.02155876 -0.01144572 0.00498143
v 0.02336546 -0.00873172 0.00448328
v 0.02338254 -0.00864747 0.00451305
v 0.02339962 -0.00856322 0.00453885
v 0.02335787 -0.00856322 0.00460137
v 0.02323831 -0.00884806 0.00460931
v 0.02461801 -0.00398373 -0.00448527
v 0.02455728 -0.00406396 -0.00456168
v 0.02449465 -0.00422444 -0.00461725
v 0.02447567 -0.00443907 -0.00458748
v 0.02450604 -0.00453937 -0.00451107
v 0.02438458 -0.00518928 -0.00451702
v 0.02437699 -0.00526149 -0.00450412
v 0.02439597 -0.00506291 -0.00453687
v 0.02423655 -0.00556439 -0.00460534
v 0.02397086 -0.00668770 -0.00458053
v 0.02387977 -0.00689631 -0.00463213
v 0.02389115 -0.00681407 -0.00464602
v 0.02383422 -0.00681407 -0.00470854
v 0.02375831 -0.00690434 -0.00475816
v 0.02367101 -0.00706280 -0.00478991
v 0.02337495 -0.00812794 -0.00475022
v 0.02331612 -0.00817809 -0.00478495
v 0.02326108 -0.00843886 -0.00475915
v 0.02324970 -0.00850305 -0.00475022
v 0.02303714 -0.00893833 -0.00477999
v 0.02267277 -0.00981291 -0.00478892
v 0.02249437 -0.00999143 -0.00487227
v 0.02232357 -0.01019804 -0.00491097
v 0.02237102 -0.01024619 -0.00487326
v 0.02235394 -0.01031439 -0.00486136
v 0.02247729 -0.01006365 -0.00485937
v 0.02256649 -0.01006164 -0.00479090
v 0.02263102 -0.01001751 -0.00475518
v 0.02276766 -0.00993928 -0.00464702
v 0.02288722 -0.00965845 -0.00464007
v 0.02300488 -0.00938766 -0.00463015
v 0.02325539 -0.00876582 -0.00463114
v 0.02323831 -0.00884806 -0.00460931
v 0.02298780 -0.00947190 -0.00460732
v 0.02303145 -0.00943379 -0.00456465
v 0.02297452 -0.00957421 -0.00456465
v 0.02324970 -0.00900051 -0.00449916
v 0.02289671 -0.00981291 -0.00453488
v 0.02298401 -0.00968854 -0.00447038
v 0.02301627 -0.00968854 -0.00440787
v 0.02288342 -0.01002754 -0.00439497
v 0.02299729 -0.00962235 -0.00449618
v 0.02300109 -0.00975674 -0.00438008
v 0.02311875 -0.00948795 -0.00435825
v 0.02321364 -0.00930140 -0.00430070
v 0.02295174 -0.00993928 -0.00431161
v 0.02273539 -0.00981291 -0.00473533
v 0.02225715 -0.01151793 -0.00393652
v 0.02293276 -0.01006365 -0.00418658
v 0.02324970 -0.00925125 -0.00425108
v 0.02350021 -0.00862942 -0.00425307
v 0.02336736 -0.00898246 -0.00421040
v 0.02312444 -0.00962435 -0.00411910
v 0.02337495 -0.00900252 -0.00412704
v 0.02298780 -0.00997138 -0.00406155
v 0.02295554 -0.01006365 -0.00393652
v 0.02290240 -0.01018801 -0.00393652
v 0.02287393 -0.01025220 0.00400102
v 0.02266138 -0.01068949 -0.00393652
v 0.02235014 -0.01132737 -0.00393652
v 0.02306182 -0.00818812 0.00495166
v 0.02270503 -0.00893833 0.00498242
v 0.02261014 -0.00909479 0.00499532
v 0.02306182 -0.00831449 0.00493082
v 0.02429539 -0.00506291 0.00467877
v 0.02434852 -0.00456344 0.00472045
v 0.02436750 -0.00434078 0.00474327
v 0.02437509 -0.00425653 0.00475022
v 0.02443772 -0.00398373 0.00473235
v 0.02318707 -0.00793939 0.00492983
v 0.02331232 -0.00756428 0.00492784
v 0.02363495 -0.00681407 0.00488219
v 0.02351349 -0.00718918 0.00488319
v 0.02374123 -0.00647507 0.00487029
v 0.02371466 -0.00668770 0.00484945
v 0.02394999 -0.00581312 0.00483655
v 0.02412648 -0.00551023 0.00475121
v 0.02402590 -0.00581312 0.00477403
v 0.02401071 -0.00593949 0.00476014
v 0.02421378 -0.00531365 0.00470953
v 0.02428210 -0.00518928 0.00466488
v 0.02399174 -0.00609395 0.00474029
v 0.02161949 -0.01124312 0.00499829
v 0.02245262 -0.00956418 0.00498143
v 0.02225715 -0.01151793 0.00393652
v 0.02289481 -0.01019804 0.00405063
v 0.02294985 -0.01006365 0.00406155
v 0.02293466 -0.01006365 0.00418658
v 0.02289101 -0.01016595 0.00418658
v 0.02286255 -0.01022813 0.00418658
v 0.02299919 -0.00987509 0.00424711
v 0.02335408 -0.00894034 0.00431657
v 0.02348692 -0.00859131 0.00433543
v 0.02350210 -0.00850907 0.00438107
v 0.02346225 -0.00855520 0.00442871
v 0.02341860 -0.00844688 0.00457259
v 0.02350970 -0.00828240 0.00451603
v 0.02388166 -0.00714906 0.00451008
v 0.02361977 -0.00773478 0.00461725
v 0.02363305 -0.00765254 0.00463411
v 0.02364634 -0.00756428 0.00465198
v 0.02373553 -0.00706280 0.00473533
v 0.02374692 -0.00699460 0.00474724
v 0.02376020 -0.00691035 0.00475915
v 0.02365203 -0.00718918 0.00477502
v 0.02357612 -0.00718918 0.00483754
v 0.02340532 -0.00793939 0.00477800
v 0.02324021 -0.00809986 0.00486830
v 0.02350210 -0.00725938 0.00487624
v 0.02339013 -0.00756428 0.00488418
v 0.02314152 -0.00831449 0.00488616
v 0.02349641 -0.00836665 0.00449321
v 0.02449276 -0.00468780 -0.00448626
v 0.02449845 -0.00462161 -0.00449817
v 0.02464268 -0.00398373 -0.00442871
v 0.02463889 -0.00406396 -0.00440787
v 0.02444911 -0.00506291 -0.00443664
v 0.02442444 -0.00518928 -0.00443664
v 0.02439597 -0.00530763 -0.00443962
v 0.02438458 -0.00543801 -0.00439596
v 0.02399174 -0.00684416 -0.00448229
v 0.02400122 -0.00675991 -0.00450313
v 0.02401071 -0.00668770 -0.00451801
v 0.02413597 -0.00618822 -0.00451801
v 0.02409612 -0.00618822 -0.00458053
v 0.02395758 -0.00680605 -0.00455175
v 0.02391013 -0.00693844 -0.00456862
v 0.02386648 -0.00697855 -0.00461427
v 0.02375641 -0.00727543 -0.00463412
v 0.02376969 -0.00718918 -0.00464999
v 0.02371276 -0.00718918 -0.00471251
v 0.02381334 -0.00694245 -0.00468869
v 0.02373364 -0.00706280 -0.00473335
v 0.02374502 -0.00698858 -0.00474525
v 0.02365013 -0.00718918 -0.00477304
v 0.02341291 -0.00817809 -0.00469167
v 0.02340152 -0.00831449 -0.00465595
v 0.02334269 -0.00831449 -0.00471846
v 0.02333130 -0.00844688 -0.00468274
v 0.02337116 -0.00849502 -0.00462122
v 0.02323262 -0.00858529 -0.00473434
v 0.02298590 -0.00918907 -0.00473732
v 0.02274868 -0.00974872 -0.00474823
v 0.02239000 -0.01016394 -0.00488418
v 0.02296123 -0.00931344 -0.00471052
v 0.02304473 -0.00918907 -0.00467480
v 0.02313773 -0.00903662 -0.00464106
v 0.02327057 -0.00868759 -0.00464900
v 0.02335787 -0.00856322 -0.00460137
v 0.02333700 -0.00868960 -0.00455771
v 0.02310736 -0.00918907 -0.00459938
v 0.02338254 -0.00864747 -0.00451405
v 0.02336546 -0.00873172 -0.00448328
v 0.02335218 -0.00881798 -0.00443962
v 0.02313583 -0.00940370 -0.00439794
v 0.02325160 -0.00913491 -0.00438107
v 0.02336926 -0.00886411 -0.00436024
v 0.02335408 -0.00894034 -0.00431558
v 0.02350590 -0.00864547 -0.00418658
v 0.02343948 -0.00881396 -0.00418658
v 0.02346415 -0.00867756 -0.00430169
v 0.02351159 -0.00855520 -0.00430169
v 0.02362546 -0.00825632 -0.00425505
v 0.02357992 -0.00843886 -0.00418658
v 0.02353626 -0.00856322 -0.00418658
v 0.02310547 -0.00968052 -0.00407147
v 0.02330473 -0.00918907 -0.00406155
v 0.02351539 -0.00866553 -0.00406155
v 0.02349072 -0.00872771 -0.00406155
v 0.02305233 -0.00981291 -0.00406155
v 0.02295554 -0.01006365 0.00393652
v 0.02312634 -0.00963238 -0.00403575
v 0.02326678 -0.00929338 -0.00393652
v 0.02290240 -0.01018801 0.00393652
v 0.02266138 -0.01068949 0.00393652
v 0.02235014 -0.01132737 0.00393652
v 0.02316240 -0.00818812 0.00489807
v 0.02436750 -0.00496061 0.00461328
v 0.02439027 -0.00468780 0.00464503
v 0.02441305 -0.00443907 0.00467083
v 0.02445480 -0.00406396 0.00469862
v 0.02449465 -0.00398373 0.00466785
v 0.02362546 -0.00688227 0.00487525
v 0.02369758 -0.00681407 0.00483456
v 0.02379057 -0.00668770 0.00478693
v 0.02400122 -0.00600970 0.00475220
v 0.02388546 -0.00643896 0.00476014
v 0.02426692 -0.00531365 0.00464701
v 0.02386648 -0.00659342 0.00474029
v 0.02434473 -0.00518928 0.00457954
v 0.02435801 -0.00506291 0.00459938
v 0.02298780 -0.00997138 0.00406155
v 0.02300678 -0.00989515 0.00416376
v 0.02337495 -0.00900252 0.00412605
v 0.02339013 -0.00894034 0.00417567
v 0.02324970 -0.00925125 0.00425009
v 0.02350021 -0.00862741 0.00425207
v 0.02346415 -0.00867756 0.00430070
v 0.02351159 -0.00855520 0.00430070
v 0.02351349 -0.00843886 0.00440588
v 0.02354765 -0.00843886 0.00431161
v 0.02359510 -0.00830446 0.00430268
v 0.02375072 -0.00775484 0.00437611
v 0.02386838 -0.00723130 0.00448725
v 0.02399174 -0.00684616 0.00448428
v 0.02389495 -0.00706280 0.00453091
v 0.02374312 -0.00735567 0.00461526
v 0.02375641 -0.00727142 0.00463312
v 0.02376969 -0.00718918 0.00464900
v 0.02387977 -0.00689230 0.00463114
v 0.02383612 -0.00681407 0.00470755
v 0.02385320 -0.00668770 0.00472739
v 0.02377349 -0.00681407 0.00477205
v 0.02368619 -0.00693844 0.00481273
v 0.02361218 -0.00696451 0.00486632
v 0.02468633 -0.00398373 -0.00431161
v 0.02462370 -0.00424450 -0.00437016
v 0.02450225 -0.00489642 -0.00438306
v 0.02449465 -0.00498067 -0.00436321
v 0.02448896 -0.00506291 -0.00433940
v 0.02447757 -0.00518126 -0.00430367
v 0.02437509 -0.00550622 -0.00437711
v 0.02425933 -0.00593949 -0.00439497
v 0.02413407 -0.00643896 -0.00439497
v 0.02401071 -0.00691236 -0.00439993
v 0.02398035 -0.00694847 -0.00443962
v 0.02386648 -0.00722929 -0.00448527
v 0.02387977 -0.00714705 -0.00451008
v 0.02389495 -0.00706280 -0.00453091
v 0.02383802 -0.00718918 -0.00455572
v 0.02349641 -0.00811591 -0.00462022
v 0.02363305 -0.00765455 -0.00463511
v 0.02364823 -0.00756428 -0.00465098
v 0.02350970 -0.00828240 -0.00451603
v 0.02341860 -0.00844688 -0.00457259
v 0.02339962 -0.00856322 -0.00453885
v 0.02348502 -0.00843886 -0.00446741
v 0.02346225 -0.00855520 -0.00442771
v 0.02340342 -0.00868960 -0.00443962
v 0.02338634 -0.00877986 -0.00439993
v 0.02350210 -0.00850706 -0.00438008
v 0.02355335 -0.00856322 -0.00406155
v 0.02354765 -0.00843886 -0.00431161
v 0.02359510 -0.00830446 -0.00430268
v 0.02375072 -0.00787921 -0.00425207
v 0.02361218 -0.00834057 -0.00418658
v 0.02364064 -0.00830246 -0.00406155
v 0.02359510 -0.00843886 -0.00406155
v 0.02346035 -0.00881396 -0.00393652
v 0.02351729 -0.00867154 -0.00393652
v 0.02349262 -0.00873373 -0.00393652
v 0.02312634 -0.00963238 0.00403376
v 0.02310547 -0.00968052 0.00406949
v 0.02326678 -0.00929338 0.00393652
v 0.02450604 -0.00453937 0.00451107
v 0.02447567 -0.00443907 0.00458748
v 0.02449465 -0.00422444 0.00461725
v 0.02450225 -0.00414019 0.00462717
v 0.02451553 -0.00398373 0.00464404
v 0.02424604 -0.00548616 0.00461923
v 0.02390634 -0.00668770 0.00466488
v 0.02437699 -0.00526149 0.00450412
v 0.02438458 -0.00518928 0.00451702
v 0.02439597 -0.00506291 0.00453687
v 0.02335218 -0.00907072 0.00406155
v 0.02351539 -0.00866553 0.00406155
v 0.02350590 -0.00864547 0.00418658
v 0.02348123 -0.00870765 0.00418658
v 0.02353626 -0.00856322 0.00418658
v 0.02357992 -0.00843886 0.00418658
v 0.02362546 -0.00825431 0.00425406
v 0.02387407 -0.00749809 0.00424612
v 0.02388736 -0.00741584 0.00429077
v 0.02390634 -0.00732558 0.00432451
v 0.02387407 -0.00737573 0.00437413
v 0.02401071 -0.00691437 0.00440092
v 0.02391013 -0.00693643 0.00456763
v 0.02402210 -0.00680805 0.00444061
v 0.02411699 -0.00634669 0.00448428
v 0.02400122 -0.00676392 0.00450412
v 0.02395758 -0.00680805 0.00455274
v 0.02386648 -0.00697454 0.00461328
v 0.02396896 -0.00668770 0.00458152
v 0.02398415 -0.00656333 0.00460435
v 0.02388926 -0.00681407 0.00464503
v 0.02469772 -0.00398373 -0.00426597
v 0.02467305 -0.00406396 -0.00431161
v 0.02450794 -0.00506291 -0.00427688
v 0.02450035 -0.00513512 -0.00425604
v 0.02449276 -0.00521937 -0.00421437
v 0.02437889 -0.00564262 -0.00426200
v 0.02444341 -0.00531365 -0.00431161
v 0.02438648 -0.00555436 -0.00430764
v 0.02436560 -0.00558846 -0.00434535
v 0.02424035 -0.00608994 -0.00434535
v 0.02411509 -0.00658941 -0.00434634
v 0.02412458 -0.00650516 -0.00437711
v 0.02406955 -0.00681407 -0.00431161
v 0.02402780 -0.00694847 -0.00432154
v 0.02399743 -0.00699460 -0.00436917
v 0.02387407 -0.00737372 -0.00437214
v 0.02376020 -0.00768865 -0.00439794
v 0.02377918 -0.00756629 -0.00444260
v 0.02374312 -0.00760841 -0.00448825
v 0.02349641 -0.00836665 -0.00449321
v 0.02363305 -0.00790529 -0.00451405
v 0.02352488 -0.00818812 -0.00453985
v 0.02351349 -0.00843886 -0.00440489
v 0.02361218 -0.00821420 -0.00433841
v 0.02355714 -0.00856322 -0.00393652
v 0.02360079 -0.00843886 -0.00393652
v 0.02390634 -0.00732558 -0.00432352
v 0.02401071 -0.00703873 -0.00428581
v 0.02387407 -0.00750009 -0.00424810
v 0.02394619 -0.00731354 -0.00418658
v 0.02386269 -0.00756428 -0.00419849
v 0.02388166 -0.00752416 -0.00416475
v 0.02371845 -0.00806375 -0.00406155
v 0.02346035 -0.00881396 0.00393652
v 0.02351729 -0.00867154 0.00393652
v 0.02349262 -0.00873373 0.00393652
v 0.02449845 -0.00462161 0.00449817
v 0.02461801 -0.00398373 0.00448428
v 0.02455728 -0.00406396 0.00456168
v 0.02455538 -0.00398373 0.00458549
v 0.02425174 -0.00576297 0.00450412
v 0.02400502 -0.00639885 0.00463213
v 0.02401071 -0.00668770 0.00451901
v 0.02424225 -0.00584521 0.00448328
v 0.02439597 -0.00530763 0.00443962
v 0.02442254 -0.00518928 0.00443664
v 0.02444721 -0.00506291 0.00443664
v 0.02449276 -0.00468780 0.00448527
v 0.02355335 -0.00856322 0.00406155
v 0.02359700 -0.00843886 0.00406155
v 0.02363305 -0.00827638 0.00418658
v 0.02375641 -0.00789726 0.00418658
v 0.02394619 -0.00731354 0.00418658
v 0.02399743 -0.00712097 0.00424116
v 0.02401071 -0.00703673 0.00428780
v 0.02399743 -0.00699661 0.00437115
v 0.02406955 -0.00681407 0.00431161
v 0.02411509 -0.00658941 0.00434634
v 0.02412458 -0.00650716 0.00437810
v 0.02402780 -0.00694847 0.00432253
v 0.02413407 -0.00643896 0.00439695
v 0.02425933 -0.00593949 0.00439596
v 0.02410560 -0.00643896 0.00445947
v 0.02471670 -0.00398373 -0.00418658
v 0.02470341 -0.00406396 -0.00418658
v 0.02462181 -0.00448320 -0.00423322
v 0.02454969 -0.00493854 -0.00418658
v 0.02452692 -0.00506291 -0.00418658
v 0.02450035 -0.00525548 -0.00413101
v 0.02447947 -0.00530362 -0.00417864
v 0.02432006 -0.00593949 -0.00418658
v 0.02416444 -0.00656333 -0.00418658
v 0.02412838 -0.00664357 -0.00426299
v 0.02410560 -0.00680404 -0.00417963
v 0.02406575 -0.00693844 -0.00418658
v 0.02355714 -0.00856322 0.00393652
v 0.02360079 -0.00843886 0.00393652
v 0.02368240 -0.00818812 -0.00393652
v 0.02399743 -0.00712097 -0.00424215
v 0.02402210 -0.00707283 -0.00419551
v 0.02400502 -0.00714505 -0.00415880
v 0.02404298 -0.00706280 -0.00406155
v 0.02392152 -0.00743791 -0.00406155
v 0.02461042 -0.00406396 0.00446939
v 0.02464268 -0.00398373 0.00442771
v 0.02457436 -0.00398373 0.00455572
v 0.02450984 -0.00481418 0.00439794
v 0.02437509 -0.00550421 0.00437611
v 0.02444341 -0.00531365 0.00431161
v 0.02447567 -0.00518126 0.00430268
v 0.02448706 -0.00506291 0.00433840
v 0.02449465 -0.00497665 0.00436123
v 0.02450225 -0.00489241 0.00438207
v 0.02447378 -0.00493654 0.00442871
v 0.02448137 -0.00481418 0.00446046
v 0.02368240 -0.00818812 0.00393652
v 0.02380006 -0.00781301 0.00406155
v 0.02400502 -0.00714705 0.00415780
v 0.02388166 -0.00752416 0.00416276
v 0.02402210 -0.00707283 0.00419452
v 0.02406575 -0.00693844 0.00418658
v 0.02411699 -0.00672581 0.00421536
v 0.02412838 -0.00664156 0.00426299
v 0.02410371 -0.00668569 0.00430764
v 0.02424035 -0.00608793 0.00434535
v 0.02437889 -0.00564262 0.00426200
v 0.02473188 -0.00398373 -0.00406750
v 0.02462940 -0.00452733 -0.00414987
v 0.02456487 -0.00493854 -0.00406155
v 0.02451932 -0.00518928 -0.00406155
v 0.02450225 -0.00526551 -0.00406155
v 0.02446049 -0.00543801 -0.00406155
v 0.02437889 -0.00576698 -0.00406155
v 0.02412648 -0.00675790 -0.00413300
v 0.02408283 -0.00693844 -0.00406155
v 0.02401261 -0.00716912 -0.00393652
v 0.02404677 -0.00706280 -0.00393652
v 0.02462940 -0.00415624 0.00438703
v 0.02467305 -0.00398373 0.00434734
v 0.02462181 -0.00424048 0.00436917
v 0.02441305 -0.00543801 0.00431161
v 0.02449276 -0.00521937 0.00421139
v 0.02450035 -0.00513512 0.00425505
v 0.02450794 -0.00506291 0.00427589
v 0.02454020 -0.00481418 0.00431161
v 0.02464648 -0.00419435 0.00432154
v 0.02461611 -0.00431270 0.00434932
v 0.02401261 -0.00716912 0.00393652
v 0.02401071 -0.00716310 0.00406155
v 0.02404298 -0.00706280 0.00406155
v 0.02408283 -0.00693844 0.00406155
v 0.02412648 -0.00675790 0.00413200
v 0.02410371 -0.00680404 0.00417963
v 0.02425363 -0.00614209 0.00426299
v 0.02441305 -0.00556439 0.00418658
v 0.02432006 -0.00593949 0.00418658
v 0.02473757 -0.00398373 -0.00393652
v 0.02471859 -0.00406396 -0.00406155
v 0.02463319 -0.00455140 -0.00406155
v 0.02456867 -0.00493854 -0.00393652
v 0.02470151 -0.00418833 -0.00393652
v 0.02452312 -0.00518928 -0.00393652
v 0.02450414 -0.00527353 -0.00393652
v 0.02446429 -0.00543801 -0.00393652
v 0.02438079 -0.00577501 -0.00393652
v 0.02423845 -0.00633064 -0.00406155
v 0.02411320 -0.00683012 -0.00406155
v 0.02411509 -0.00683814 -0.00393652
v 0.02408663 -0.00693844 -0.00393652
v 0.02404677 -0.00706280 0.00393652
v 0.02468633 -0.00398373 0.00431161
v 0.02447947 -0.00530161 0.00417666
v 0.02450035 -0.00525347 0.00412803
v 0.02450604 -0.00518126 0.00417666
v 0.02452692 -0.00506291 0.00418658
v 0.02462181 -0.00448320 0.00423123
v 0.02462750 -0.00440096 0.00426299
v 0.02408663 -0.00693844 0.00393652
v 0.02411509 -0.00683814 0.00393652
v 0.02411320 -0.00683012 0.00406155
v 0.02423845 -0.00633064 0.00406155
v 0.02439787 -0.00568875 0.00406155
v 0.02473757 -0.00398373 0.00393652
v 0.02456867 -0.00493854 0.00393652
v 0.02470151 -0.00418833 0.00393652
v 0.02452312 -0.00518928 0.00393652
v 0.02450414 -0.00527353 0.00393652
v 0.02446429 -0.00543801 0.00393652
v 0.02424035 -0.00633867 -0.00393652
v 0.02438079 -0.00577501 0.00393652
v 0.02415305 -0.00668770 -0.00393652
v 0.02471670 -0.00398373 0.00418658
v 0.02470341 -0.00406396 0.00418658
v 0.02448706 -0.00532769 0.00406155
v 0.02450225 -0.00526350 0.00406155
v 0.02451743 -0.00518928 0.00406155
v 0.02454210 -0.00506291 0.00406155
v 0.02462750 -0.00452332 0.00414788
v 0.02415305 -0.00668770 0.00393652
v 0.02424035 -0.00633867 0.00393652
v 0.02473188 -0.00398373 0.00406552
v 0.02471859 -0.00406396 0.00406155
v 0.02463319 -0.00454939 0.00406155
v 0.02472618 -0.00398373 0.00411513
f 1 2 6
f 1 6 12
f 1 12 20
f 1 20 33
f 1 33 55
f 1 55 87
f 1 87 112
f 1 112 155
f 1 155 207
f 1 207 261
f 1 261 330
f 1 330 329
f 1 329 328
f 1 328 414
f 1 414 505
f 1 505 421
f 1 421 506
f 1 506 597
f 1 597 711
f 1 711 813
f 1 813 823
f 1 823 822
f 1 822 821
f 1 821 933
f 1 933 1052
f 1 1052 1179
f 1 1179 1307
f 1 1307 1445
f 1 1445 1577
f 1 1577 1716
f 1 1716 1832
f 1 1832 1951
f 1 1951 2063
f 1 2063 2175
f 1 2175 2302
f 1 2302 2428
f 1 2428 2427
f 1 2427 2426
f 1 2426 2425
f 1 2425 2558
f 1 2558 2696
f 1 2696 2612
f 1 2612 2480
f 1 2480 2355
f 1 2355 2228
f 1 2228 2114
f 1 2114 2004
f 1 2004 1883
f 1 1883 1765
f 1 1765 1642
f 1 1642 1501
f 1 1501 1360
f 1 1360 1227
f 1 1227 1102
f 1 1102 983
f 1 983 870
f 1 870 768
f 1 768 767
f 1 767 653
f 1 653 547
f 1 547 457
f 1 457 456
f 1 456 460
f 1 460 459
f 1 459 390
f 1 390 305
f 1 305 240
f 1 240 184
f 1 184 136
f 1 136 103
f 1 103 94
f 1 94 61
f 1 61 38
f 1 38 24
f 1 24 15
f 1 15 8
f 1 8 3
f 1 3 4
f 1 4 5
f 1 5 7
f 1 7 2
f 2 7 6
f 3 8 4
f 4 8 5
f 5 9 14
f 5 14 7
f 5 8 10
f 5 10 11
f 5 11 9
f 6 7 12
f 7 13 12
f 7 14 13
f 8 15 16
f 8 16 10
f 9 11 19
f 9 19 17
f 9 17 23
f 9 23 14
f 10 16 18
f 10 18 11
f 11 18 19
f 12 13 21
f 12 21 20
f 13 14 22
f 13 22 21
f 14 23 34
f 14 34 22
f 15 24 16
f 16 24 18
f 17 19 29
f 17 29 25
f 17 25 37
f 17 37 23
f 18 24 26
f 18 26 27
f 18 27 28
f 18 28 19
f 19 28 30
f 19 30 29
f 20 21 31
f 20 31 32
f 20 32 33
f 21 22 34
f 21 34 35
f 21 35 36
f 21 36 31
f 23 37 56
f 23 56 34
f 24 38 39
f 24 39 40
f 24 40 26
f 25 29 41
f 25 41 59
f 25 59 37
f 26 40 27
f 27 42 28
f 27 40 42
f 28 42 43
f 28 43 44
f 28 44 45
f 28 45 30
f 29 30 46
f 29 46 47
f 29 47 41
f 30 45 48
f 30 48 49
f 30 49 50
f 30 50 46
f 31 36 32
f 32 51 33
f 32 36 35
f 32 35 52
f 32 52 53
f 32 53 54
f 32 54 51
f 33 51 55
f 34 56 35
f 35 56 57
f 35 57 58
f 35 58 52
f 37 59 60
f 37 60 56
f 38 61 39
f 39 61 62
f 39 62 42
f 39 42 40
f 41 47 63
f 41 63 91
f 41 91 59
f 42 64 43
f 42 62 65
f 42 65 64
f 43 64 66
f 43 66 67
f 43 67 44
f 44 67 48
f 44 48 68
f 44 68 45
f 45 68 48
f 46 50 69
f 46 69 70
f 46 70 47
f 47 70 63
f 48 67 71
f 48 71 72
f 48 72 73
f 48 73 74
f 48 74 75
f 48 75 49
f 49 75 50
f 50 70 69
f 50 75 76
f 50 76 77
f 50 77 70
f 51 54 78
f 51 78 55
f 52 79 80
f 52 80 53
f 52 58 81
f 52 81 82
f 52 82 83
f 52 83 84
f 52 84 85
f 52 85 79
f 53 80 86
f 53 86 54
f 54 86 78
f 55 78 87
f 56 60 88
f 56 88 57
f 57 88 89
f 57 89 58
f 58 89 90
f 58 90 81
f 59 91 60
f 60 91 92
f 60 92 93
f 60 93 88
f 61 94 95
f 61 95 65
f 61 65 62
f 63 70 96
f 63 96 128
f 63 128 91
f 64 97 98
f 64 98 99
f 64 99 100
f 64 100 101
f 64 101 102
f 64 102 66
f 64 65 97
f 65 95 103
f 65 103 97
f 66 102 67
f 67 102 72
f 67 72 71
f 70 77 76
f 70 76 104
f 70 104 96
f 72 105 106
f 72 106 73
f 72 102 105
f 73 106 74
f 74 107 75
f 74 106 105
f 74 105 108
f 74 108 107
f 75 107 109
f 75 109 76
f 76 110 104
f 76 109 111
f 76 111 110
f 78 112 87
f 78 86 112
f 79 86 80
f 79 85 86
f 81 90 113
f 81 113 114
f 81 114 115
f 81 115 116
f 81 116 82
f 82 116 83
f 83 116 115
f 83 115 84
f 84 117 85
f 84 115 118
f 84 118 117
f 85 119 120
f 85 120 86
f 85 117 121
f 85 121 119
f 86 120 122
f 86 122 123
f 86 123 124
f 86 124 112
f 88 93 92
f 88 92 125
f 88 125 126
f 88 126 127
f 88 127 114
f 88 114 113
f 88 113 90
f 88 90 89
f 91 128 92
f 92 128 126
f 92 126 125
f 94 103 95
f 96 104 138
f 96 138 128
f 97 103 98
f 98 129 130
f 98 130 131
f 98 131 99
f 98 103 132
f 98 132 129
f 99 131 100
f 100 131 133
f 100 133 134
f 100 134 101
f 101 134 135
f 101 135 102
f 102 135 105
f 103 136 137
f 103 137 132
f 104 110 150
f 104 150 138
f 105 135 139
f 105 139 140
f 105 140 141
f 105 141 108
f 107 142 109
f 107 108 143
f 107 143 144
f 107 144 145
f 107 145 142
f 108 141 146
f 108 146 147
f 108 147 148
f 108 148 143
f 109 142 145
f 109 145 149
f 109 149 111
f 110 111 151
f 110 151 152
f 110 152 153
f 110 153 203
f 110 203 150
f 111 149 151
f 112 124 154
f 112 154 155
f 114 127 156
f 114 156 115
f 115 156 118
f 117 118 157
f 117 157 121
f 118 156 158
f 118 158 159
f 118 159 160
f 118 160 161
f 118 161 162
f 118 162 157
f 119 121 120
f 120 121 163
f 120 163 164
f 120 164 122
f 121 157 162
f 121 162 165
f 121 165 166
f 121 166 167
f 121 167 168
f 121 168 169
f 121 169 170
f 121 170 171
f 121 171 163
f 122 164 172
f 122 172 123
f 123 172 124
f 124 172 154
f 126 128 138
f 126 138 150
f 126 150 173
f 126 173 127
f 127 173 174
f 127 174 175
f 127 175 176
f 127 176 156
f 129 132 177
f 129 177 130
f 130 177 178
f 130 178 131
f 131 178 179
f 131 179 180
f 131 180 181
f 131 181 182
f 131 182 133
f 132 137 177
f 133 182 183
f 133 183 134
f 134 183 135
f 135 183 139
f 136 184 185
f 136 185 137
f 137 185 186
f 137 186 177
f 139 187 188
f 139 188 140
f 139 183 187
f 140 188 187
f 140 187 189
f 140 189 146
f 140 146 141
f 143 148 190
f 143 190 191
f 143 191 144
f 144 191 192
f 144 192 193
f 144 193 145
f 145 193 194
f 145 194 195
f 145 195 149
f 146 189 196
f 146 196 197
f 146 197 147
f 147 197 198
f 147 198 199
f 147 199 200
f 147 200 148
f 148 200 201
f 148 201 190
f 149 195 202
f 149 202 152
f 149 152 151
f 150 203 173
f 152 202 204
f 152 204 153
f 153 204 205
f 153 205 257
f 153 257 203
f 154 206 207
f 154 207 155
f 154 172 208
f 154 208 206
f 156 176 209
f 156 209 210
f 156 210 158
f 158 210 209
f 158 209 211
f 158 211 268
f 158 268 212
f 158 212 159
f 159 212 160
f 160 212 213
f 160 213 214
f 160 214 215
f 160 215 161
f 161 215 165
f 161 165 162
f 163 171 164
f 164 171 216
f 164 216 217
f 164 217 172
f 165 218 219
f 165 219 166
f 165 215 220
f 165 220 218
f 166 219 167
f 167 219 221
f 167 221 168
f 168 221 169
f 169 221 222
f 169 222 170
f 170 222 216
f 170 216 171
f 172 217 223
f 172 223 208
f 173 203 224
f 173 224 225
f 173 225 174
f 174 225 226
f 174 226 227
f 174 227 175
f 175 228 176
f 175 227 228
f 176 228 209
f 177 229 230
f 177 230 231
f 177 231 178
f 177 186 185
f 177 185 232
f 177 232 233
f 177 233 234
f 177 234 235
f 177 235 229
f 178 231 179
f 179 231 236
f 179 236 180
f 180 236 181
f 181 236 237
f 181 237 238
f 181 238 239
f 181 239 182
f 182 187 183
f 182 239 189
f 182 189 187
f 184 240 185
f 185 240 241
f 185 241 232
f 189 239 237
f 189 237 242
f 189 242 196
f 190 201 191
f 191 201 243
f 191 243 192
f 192 243 244
f 192 244 193
f 193 245 194
f 193 244 246
f 193 246 247
f 193 247 245
f 194 245 310
f 194 310 248
f 194 248 204
f 194 204 202
f 194 202 195
f 196 242 237
f 196 237 249
f 196 249 250
f 196 250 197
f 197 250 249
f 197 249 251
f 197 251 252
f 197 252 253
f 197 253 254
f 197 254 199
f 197 199 198
f 199 254 255
f 199 255 200
f 200 255 201
f 201 255 256
f 201 256 243
f 203 257 224
f 204 248 258
f 204 258 259
f 204 259 205
f 205 259 284
f 205 284 257
f 206 260 207
f 206 208 260
f 207 260 261
f 208 223 262
f 208 262 263
f 208 263 264
f 208 264 265
f 208 265 266
f 208 266 267
f 208 267 260
f 209 228 211
f 211 228 268
f 212 268 213
f 213 268 269
f 213 269 270
f 213 270 214
f 214 270 271
f 214 271 220
f 214 220 215
f 216 222 217
f 217 262 223
f 217 222 262
f 218 220 219
f 219 272 273
f 219 273 221
f 219 220 274
f 219 274 272
f 220 271 275
f 220 275 274
f 221 276 277
f 221 277 278
f 221 278 279
f 221 279 280
f 221 280 222
f 221 273 272
f 221 272 281
f 221 281 276
f 222 280 282
f 222 282 283
f 222 283 262
f 224 257 284
f 224 284 285
f 224 285 286
f 224 286 225
f 225 286 287
f 225 287 288
f 225 288 226
f 226 288 227
f 227 287 289
f 227 289 228
f 227 288 287
f 228 289 268
f 229 235 290
f 229 290 230
f 230 290 231
f 231 290 291
f 231 291 292
f 231 292 237
f 231 237 236
f 232 241 293
f 232 293 233
f 233 293 294
f 233 294 234
f 234 295 296
f 234 296 297
f 234 297 298
f 234 298 235
f 234 294 295
f 235 298 299
f 235 299 300
f 235 300 301
f 235 301 302
f 235 302 290
f 237 292 291
f 237 291 303
f 237 303 249
f 237 239 238
f 240 304 241
f 240 305 306
f 240 306 304
f 241 304 293
f 243 256 307
f 243 307 244
f 244 307 246
f 245 308 309
f 245 309 310
f 245 247 311
f 245 311 308
f 246 307 247
f 247 307 312
f 247 312 313
f 247 313 314
f 247 314 315
f 247 315 311
f 248 310 258
f 249 303 316
f 249 316 317
f 249 317 318
f 249 318 319
f 249 319 320
f 249 320 321
f 249 321 251
f 251 321 322
f 251 322 253
f 251 253 252
f 253 322 323
f 253 323 254
f 254 323 255
f 255 323 324
f 255 324 325
f 255 325 256
f 256 325 307
f 258 285 284
f 258 284 259
f 258 310 309
f 258 309 326
f 258 326 327
f 258 327 367
f 258 367 285
f 260 328 329
f 260 329 330
f 260 330 261
f 260 267 331
f 260 331 328
f 262 283 263
f 263 283 282
f 263 282 332
f 263 332 333
f 263 333 264
f 264 333 334
f 264 334 335
f 264 335 265
f 265 335 336
f 265 336 337
f 265 337 338
f 265 338 339
f 265 339 266
f 266 339 340
f 266 340 267
f 267 340 331
f 268 289 341
f 268 341 342
f 268 342 343
f 268 343 269
f 269 343 344
f 269 344 345
f 269 345 271
f 269 271 270
f 271 345 346
f 271 346 433
f 271 433 347
f 271 347 348
f 271 348 349
f 271 349 350
f 271 350 351
f 271 351 275
f 272 274 352
f 272 352 353
f 272 353 281
f 274 275 351
f 274 351 350
f 274 350 354
f 274 354 352
f 276 281 355
f 276 355 277
f 277 355 356
f 277 356 357
f 277 357 358
f 277 358 359
f 277 359 279
f 277 279 278
f 279 359 360
f 279 360 361
f 279 361 362
f 279 362 363
f 279 363 364
f 279 364 280
f 280 364 332
f 280 332 282
f 281 353 365
f 281 365 356
f 281 356 355
f 285 366 286
f 285 367 366
f 286 366 368
f 286 368 369
f 286 369 287
f 287 369 370
f 287 370 289
f 289 370 342
f 289 342 341
f 290 302 291
f 291 302 301
f 291 301 371
f 291 371 316
f 291 316 303
f 293 304 306
f 293 306 294
f 294 306 305
f 294 305 372
f 294 372 373
f 294 373 295
f 295 297 296
f 295 373 374
f 295 374 375
f 295 375 376
f 295 376 377
f 295 377 378
f 295 378 379
f 295 379 380
f 295 380 381
f 295 381 382
f 295 382 383
f 295 383 384
f 295 384 385
f 295 385 386
f 295 386 297
f 297 386 387
f 297 387 299
f 297 299 298
f 299 387 386
f 299 386 300
f 300 386 301
f 301 386 388
f 301 388 389
f 301 389 371
f 305 390 372
f 307 325 391
f 307 391 392
f 307 392 396
f 307 396 312
f 308 311 393
f 308 393 309
f 309 393 326
f 311 315 314
f 311 314 394
f 311 394 395
f 311 395 393
f 312 396 397
f 312 397 313
f 313 397 394
f 313 394 314
f 316 371 389
f 316 389 317
f 317 389 398
f 317 398 399
f 317 399 318
f 318 399 400
f 318 400 401
f 318 401 402
f 318 402 320
f 318 320 319
f 320 402 403
f 320 403 321
f 321 403 404
f 321 404 405
f 321 405 322
f 322 405 406
f 322 406 323
f 323 406 407
f 323 407 324
f 324 407 408
f 324 408 409
f 324 409 325
f 325 410 411
f 325 411 391
f 325 409 410
f 326 393 395
f 326 395 412
f 326 412 327
f 327 412 413
f 327 413 449
f 327 449 367
f 328 331 414
f 331 340 339
f 331 339 415
f 331 415 414
f 332 364 363
f 332 363 416
f 332 416 333
f 333 416 334
f 334 416 363
f 334 363 335
f 335 337 336
f 335 363 362
f 335 362 361
f 335 361 417
f 335 417 418
f 335 418 419
f 335 419 337
f 337 420 421
f 337 421 422
f 337 422 338
f 337 419 418
f 337 418 360
f 337 360 423
f 337 423 424
f 337 424 425
f 337 425 426
f 337 426 427
f 337 427 420
f 338 422 415
f 338 415 339
f 342 370 343
f 343 370 428
f 343 428 429
f 343 429 344
f 344 430 345
f 344 429 431
f 344 431 432
f 344 432 430
f 345 430 346
f 346 432 433
f 346 430 432
f 347 434 348
f 347 433 434
f 348 435 350
f 348 350 349
f 348 434 436
f 348 436 437
f 348 437 435
f 350 438 354
f 350 435 439
f 350 439 438
f 352 354 353
f 353 354 356
f 353 356 365
f 354 438 356
f 356 438 440
f 356 440 441
f 356 441 442
f 356 442 443
f 356 443 357
f 357 443 444
f 357 444 358
f 358 445 359
f 358 444 446
f 358 446 445
f 359 445 447
f 359 447 423
f 359 423 360
f 360 418 417
f 360 417 361
f 366 367 448
f 366 448 368
f 367 449 450
f 367 450 448
f 368 448 450
f 368 450 451
f 368 451 452
f 368 452 453
f 368 453 454
f 368 454 369
f 369 454 370
f 370 454 453
f 370 453 455
f 370 455 428
f 372 390 373
f 373 390 374
f 374 390 375
f 375 456 457
f 375 457 458
f 375 458 376
f 375 390 459
f 375 459 460
f 375 460 456
f 376 458 377
f 377 458 457
f 377 457 461
f 377 461 462
f 377 462 463
f 377 463 378
f 378 463 379
f 379 463 464
f 379 464 381
f 379 381 380
f 381 464 465
f 381 465 466
f 381 466 382
f 382 466 467
f 382 467 383
f 383 467 468
f 383 468 469
f 383 469 470
f 383 470 471
f 383 471 385
f 383 385 384
f 385 471 472
f 385 472 473
f 385 473 386
f 386 473 388
f 388 473 389
f 389 473 474
f 389 474 475
f 389 475 476
f 389 476 398
f 391 411 477
f 391 477 392
f 392 477 396
f 394 397 478
f 394 478 479
f 394 479 395
f 395 479 480
f 395 480 481
f 395 481 482
f 395 482 483
f 395 483 484
f 395 484 412
f 396 485 486
f 396 486 397
f 396 477 411
f 396 411 487
f 396 487 488
f 396 488 489
f 396 489 485
f 397 486 478
f 398 476 400
f 398 400 399
f 400 476 475
f 400 475 490
f 400 490 491
f 400 491 401
f 401 491 402
f 402 491 403
f 403 491 492
f 403 492 493
f 403 493 404
f 404 493 406
f 404 406 405
f 406 493 407
f 407 493 494
f 407 494 495
f 407 495 408
f 408 495 496
f 408 496 497
f 408 497 498
f 408 498 409
f 409 498 499
f 409 499 411
f 409 411 410
f 411 499 500
f 411 500 501
f 411 501 502
f 411 502 487
f 412 484 413
f 413 484 483
f 413 483 503
f 413 503 539
f 413 539 449
f 414 415 504
f 414 504 505
f 415 422 504
f 420 506 421
f 420 427 507
f 420 507 506
f 421 505 504
f 421 504 422
f 423 447 508
f 423 508 509
f 423 509 425
f 423 425 424
f 425 509 510
f 425 510 511
f 425 511 512
f 425 512 513
f 425 513 514
f 425 514 426
f 426 514 513
f 426 513 515
f 426 515 516
f 426 516 427
f 427 516 507
f 428 455 431
f 428 431 429
f 431 517 432
f 431 455 517
f 432 518 519
f 432 519 520
f 432 520 433
f 432 517 521
f 432 521 522
f 432 522 523
f 432 523 524
f 432 524 518
f 433 520 519
f 433 519 434
f 434 519 436
f 435 437 525
f 435 525 439
f 436 519 526
f 436 526 527
f 436 527 528
f 436 528 437
f 437 528 525
f 438 439 440
f 439 525 440
f 440 525 529
f 440 529 530
f 440 530 441
f 441 530 531
f 441 531 532
f 441 532 442
f 442 533 534
f 442 534 444
f 442 444 443
f 442 532 535
f 442 535 533
f 444 534 536
f 444 536 446
f 445 537 508
f 445 508 447
f 445 446 536
f 445 536 538
f 445 538 537
f 449 539 450
f 450 539 540
f 450 540 451
f 451 540 541
f 451 541 542
f 451 542 543
f 451 543 544
f 451 544 452
f 452 544 545
f 452 545 453
f 453 545 455
f 455 545 546
f 455 546 517
f 457 547 548
f 457 548 461
f 461 548 549
f 461 549 462
f 462 549 550
f 462 550 463
f 463 550 551
f 463 551 464
f 464 551 552
f 464 552 467
f 464 467 465
f 465 467 466
f 467 553 554
f 467 554 555
f 467 555 556
f 467 556 557
f 467 557 468
f 467 552 558
f 467 558 553
f 468 557 559
f 468 559 469
f 469 559 560
f 469 560 561
f 469 561 562
f 469 562 470
f 470 563 472
f 470 472 471
f 470 562 564
f 470 564 563
f 472 565 473
f 472 563 566
f 472 566 567
f 472 567 565
f 473 565 474
f 474 565 568
f 474 568 475
f 475 568 490
f 478 480 479
f 478 486 485
f 478 485 569
f 478 569 571
f 478 571 480
f 480 570 481
f 480 571 570
f 481 572 573
f 481 573 574
f 481 574 482
f 481 570 572
f 482 574 503
f 482 503 483
f 485 489 575
f 485 575 576
f 485 576 577
f 485 577 569
f 487 578 579
f 487 579 580
f 487 580 488
f 487 502 581
f 487 581 582
f 487 582 583
f 487 583 584
f 487 584 578
f 488 580 575
f 488 575 489
f 490 568 585
f 490 585 586
f 490 586 491
f 491 587 493
f 491 493 492
f 491 586 588
f 491 588 589
f 491 589 587
f 493 587 590
f 493 590 591
f 493 591 592
f 493 592 494
f 494 592 495
f 495 592 497
f 495 497 496
f 497 593 500
f 497 500 499
f 497 499 498
f 497 592 593
f 500 593 501
f 501 581 502
f 501 593 594
f 501 594 595
f 501 595 596
f 501 596 581
f 503 574 645
f 503 645 539
f 506 507 597
f 507 598 597
f 507 516 599
f 507 599 600
f 507 600 598
f 508 537 601
f 508 601 643
f 508 643 602
f 508 602 510
f 508 510 509
f 510 602 603
f 510 603 604
f 510 604 511
f 511 605 512
f 511 604 605
f 512 605 513
f 513 605 606
f 513 606 607
f 513 607 608
f 513 608 515
f 515 608 609
f 515 609 610
f 515 610 611
f 515 611 516
f 516 611 599
f 517 546 521
f 518 524 519
f 519 524 612
f 519 612 527
f 519 527 526
f 521 546 613
f 521 613 522
f 522 614 524
f 522 524 523
f 522 613 615
f 522 615 616
f 522 616 617
f 522 617 614
f 524 618 733
f 524 733 619
f 524 619 620
f 524 620 612
f 524 614 617
f 524 617 621
f 524 621 622
f 524 622 623
f 524 623 624
f 524 624 618
f 525 528 625
f 525 625 529
f 527 625 528
f 527 612 620
f 527 620 626
f 527 626 627
f 527 627 625
f 529 531 530
f 529 625 628
f 529 628 629
f 529 629 531
f 531 630 532
f 531 629 630
f 532 630 631
f 532 631 632
f 532 632 535
f 533 633 634
f 533 634 534
f 533 535 633
f 534 634 635
f 534 635 636
f 534 636 637
f 534 637 638
f 534 638 536
f 535 639 640
f 535 640 641
f 535 641 642
f 535 642 633
f 535 632 631
f 535 631 639
f 536 643 644
f 536 644 537
f 536 537 538
f 536 638 643
f 537 644 643
f 537 643 601
f 539 645 541
f 539 541 540
f 541 645 542
f 542 645 646
f 542 646 647
f 542 647 648
f 542 648 543
f 543 546 544
f 543 648 649
f 543 649 546
f 544 546 545
f 546 649 650
f 546 650 651
f 546 651 652
f 546 652 613
f 547 653 654
f 547 654 549
f 547 549 548
f 549 654 655
f 549 655 656
f 549 656 657
f 549 657 658
f 549 658 550
f 550 658 657
f 550 657 659
f 550 659 660
f 550 660 558
f 550 558 551
f 551 558 552
f 553 558 554
f 554 661 662
f 554 662 663
f 554 663 664
f 554 664 555
f 554 558 659
f 554 659 661
f 555 664 556
f 556 664 557
f 557 664 665
f 557 665 666
f 557 666 559
f 558 660 659
f 559 666 561
f 559 561 560
f 561 666 667
f 561 667 668
f 561 668 562
f 562 668 669
f 562 669 564
f 563 564 566
f 564 669 670
f 564 670 671
f 564 671 566
f 565 567 568
f 566 671 672
f 566 672 567
f 567 672 673
f 567 673 568
f 568 673 674
f 568 674 585
f 569 577 675
f 569 675 676
f 569 676 571
f 570 571 677
f 570 677 678
f 570 678 679
f 570 679 680
f 570 680 572
f 571 676 677
f 572 647 646
f 572 646 573
f 572 680 759
f 572 759 647
f 573 646 645
f 573 645 574
f 575 577 576
f 575 580 579
f 575 579 681
f 575 681 682
f 575 682 683
f 575 683 684
f 575 684 577
f 577 684 675
f 578 584 685
f 578 685 579
f 579 685 681
f 581 596 686
f 581 686 582
f 582 686 687
f 582 687 583
f 583 687 688
f 583 688 689
f 583 689 690
f 583 690 691
f 583 691 584
f 584 691 690
f 584 690 692
f 584 692 693
f 584 693 694
f 584 694 685
f 585 674 586
f 586 674 695
f 586 695 696
f 586 696 697
f 586 697 588
f 587 589 590
f 588 697 589
f 589 698 590
f 589 697 699
f 589 699 703
f 589 703 700
f 589 700 698
f 590 698 591
f 591 698 593
f 591 593 592
f 593 698 700
f 593 700 703
f 593 703 594
f 594 701 702
f 594 702 595
f 594 703 701
f 595 704 596
f 595 702 704
f 596 688 686
f 596 704 705
f 596 705 706
f 596 706 707
f 596 707 708
f 596 708 688
f 597 598 709
f 597 709 710
f 597 710 711
f 598 600 710
f 598 710 709
f 599 611 610
f 599 610 712
f 599 712 713
f 599 713 600
f 600 714 710
f 600 713 714
f 602 643 603
f 603 643 638
f 603 638 715
f 603 715 716
f 603 716 604
f 604 716 717
f 604 717 606
f 604 606 605
f 606 717 718
f 606 718 719
f 606 719 720
f 606 720 607
f 607 721 608
f 607 720 721
f 608 721 720
f 608 720 722
f 608 722 723
f 608 723 724
f 608 724 609
f 609 724 725
f 609 725 726
f 609 726 727
f 609 727 728
f 609 728 610
f 610 728 729
f 610 729 712
f 613 652 615
f 615 652 651
f 615 651 730
f 615 730 616
f 616 730 731
f 616 731 617
f 617 731 621
f 618 732 733
f 618 624 734
f 618 734 732
f 619 735 620
f 619 733 735
f 620 735 626
f 621 731 832
f 621 832 736
f 621 736 737
f 621 737 622
f 622 737 623
f 623 737 738
f 623 738 624
f 624 738 739
f 624 739 740
f 624 740 734
f 625 627 741
f 625 741 628
f 626 742 743
f 626 743 627
f 626 735 733
f 626 733 732
f 626 732 742
f 627 743 744
f 627 744 745
f 627 745 741
f 628 741 629
f 629 741 746
f 629 746 630
f 630 746 631
f 631 746 639
f 633 642 634
f 634 642 635
f 635 642 747
f 635 747 748
f 635 748 636
f 636 716 638
f 636 638 637
f 636 748 749
f 636 749 716
f 638 716 715
f 639 750 751
f 639 751 640
f 639 746 750
f 640 752 753
f 640 753 754
f 640 754 641
f 640 751 755
f 640 755 756
f 640 756 757
f 640 757 758
f 640 758 752
f 641 754 642
f 642 754 747
f 647 759 648
f 648 759 760
f 648 760 761
f 648 761 762
f 648 762 649
f 649 762 763
f 649 763 764
f 649 764 765
f 649 765 650
f 650 765 764
f 650 764 766
f 650 766 651
f 651 766 831
f 651 831 730
f 653 767 654
f 654 767 768
f 654 768 769
f 654 769 655
f 655 769 770
f 655 770 771
f 655 771 656
f 656 771 657
f 657 771 659
f 659 771 661
f 661 772 773
f 661 773 662
f 661 771 772
f 662 773 774
f 662 774 775
f 662 775 663
f 663 775 664
f 664 775 776
f 664 776 665
f 665 776 777
f 665 777 778
f 665 778 779
f 665 779 780
f 665 780 666
f 666 780 781
f 666 781 667
f 667 781 782
f 667 782 668
f 668 782 669
f 669 782 783
f 669 783 671
f 669 671 670
f 671 783 784
f 671 784 674
f 671 674 673
f 671 673 672
f 674 784 783
f 674 783 785
f 674 785 786
f 674 786 695
f 675 684 787
f 675 787 676
f 676 787 788
f 676 788 677
f 677 788 789
f 677 789 790
f 677 790 678
f 678 790 679
f 679 790 789
f 679 789 791
f 679 791 680
f 680 791 862
f 680 862 759
f 681 685 682
f 682 685 792
f 682 792 683
f 683 792 684
f 684 792 793
f 684 793 794
f 684 794 787
f 685 694 792
f 686 688 687
f 688 708 689
f 689 708 795
f 689 795 690
f 690 795 796
f 690 796 692
f 692 796 693
f 693 797 694
f 693 796 798
f 693 798 797
f 694 799 792
f 694 797 799
f 695 786 800
f 695 800 801
f 695 801 696
f 696 801 802
f 696 802 697
f 697 802 803
f 697 803 804
f 697 804 701
f 697 701 699
f 699 701 703
f 701 804 805
f 701 805 704
f 701 704 702
f 704 805 806
f 704 806 807
f 704 807 705
f 705 807 808
f 705 808 809
f 705 809 810
f 705 810 707
f 705 707 706
f 707 810 708
f 708 811 812
f 708 812 795
f 708 810 811
f 710 813 711
f 710 714 813
f 712 729 727
f 712 727 814
f 712 814 815
f 712 815 713
f 713 816 817
f 713 817 818
f 713 818 714
f 713 815 816
f 714 818 819
f 714 819 820
f 714 820 821
f 714 821 822
f 714 822 823
f 714 823 813
f 716 749 717
f 717 749 718
f 718 749 719
f 719 749 824
f 719 824 825
f 719 825 826
f 719 826 722
f 719 722 720
f 722 827 723
f 722 826 827
f 723 827 724
f 724 827 725
f 725 827 828
f 725 828 829
f 725 829 726
f 726 829 727
f 727 830 814
f 727 729 728
f 727 829 830
f 730 831 832
f 730 832 731
f 732 734 833
f 732 833 742
f 734 740 833
f 736 832 737
f 737 834 835
f 737 835 836
f 737 836 738
f 737 832 834
f 738 836 739
f 739 836 837
f 739 837 838
f 739 838 839
f 739 839 740
f 740 839 840
f 740 840 841
f 740 841 842
f 740 842 833
f 741 750 746
f 741 745 744
f 741 744 755
f 741 755 751
f 741 751 750
f 742 843 743
f 742 833 843
f 743 843 844
f 743 844 744
f 744 844 843
f 744 843 845
f 744 845 846
f 744 846 847
f 744 847 848
f 744 848 755
f 747 754 849
f 747 849 748
f 748 849 749
f 749 849 850
f 749 850 851
f 749 851 852
f 749 852 853
f 749 853 824
f 752 854 850
f 752 850 753
f 752 758 855
f 752 855 854
f 753 850 849
f 753 849 754
f 755 848 856
f 755 856 857
f 755 857 757
f 755 757 756
f 757 858 859
f 757 859 860
f 757 860 758
f 757 857 858
f 758 860 861
f 758 861 855
f 759 862 760
f 760 862 863
f 760 863 761
f 761 863 762
f 762 863 864
f 762 864 763
f 763 864 865
f 763 865 866
f 763 866 766
f 763 766 764
f 766 866 867
f 766 867 868
f 766 868 869
f 766 869 831
f 768 870 871
f 768 871 872
f 768 872 769
f 769 872 873
f 769 873 770
f 770 873 874
f 770 874 772
f 770 772 771
f 772 874 875
f 772 875 773
f 773 875 774
f 774 876 877
f 774 877 878
f 774 878 775
f 774 875 876
f 775 878 776
f 776 878 777
f 777 878 993
f 777 993 879
f 777 879 880
f 777 880 778
f 778 880 881
f 778 881 1000
f 778 1000 882
f 778 882 779
f 779 882 781
f 779 781 780
f 781 882 883
f 781 883 782
f 782 883 884
f 782 884 885
f 782 885 886
f 782 886 783
f 783 886 785
f 785 886 887
f 785 887 888
f 785 888 889
f 785 889 786
f 786 889 890
f 786 890 800
f 787 794 891
f 787 891 788
f 788 891 892
f 788 892 789
f 789 892 893
f 789 893 791
f 791 893 976
f 791 976 862
f 792 894 895
f 792 895 896
f 792 896 793
f 792 799 897
f 792 897 898
f 792 898 894
f 793 896 794
f 794 899 900
f 794 900 901
f 794 901 891
f 794 896 895
f 794 895 902
f 794 902 903
f 794 903 904
f 794 904 905
f 794 905 899
f 795 812 906
f 795 906 907
f 795 907 796
f 796 907 908
f 796 908 909
f 796 909 910
f 796 910 798
f 797 911 799
f 797 798 912
f 797 912 913
f 797 913 911
f 798 910 914
f 798 914 912
f 799 911 915
f 799 915 897
f 800 890 801
f 801 890 802
f 802 890 916
f 802 916 917
f 802 917 918
f 802 918 803
f 803 918 805
f 803 805 804
f 805 918 919
f 805 919 920
f 805 920 806
f 806 920 921
f 806 921 922
f 806 922 923
f 806 923 924
f 806 924 807
f 807 924 925
f 807 925 808
f 808 925 926
f 808 926 809
f 809 926 927
f 809 927 928
f 809 928 906
f 809 906 810
f 810 906 811
f 811 906 812
f 814 830 815
f 815 830 929
f 815 929 930
f 815 930 817
f 815 817 816
f 817 931 821
f 817 821 819
f 817 819 818
f 817 930 932
f 817 932 931
f 819 821 820
f 821 931 933
f 824 853 852
f 824 852 934
f 824 934 825
f 825 934 935
f 825 935 826
f 826 935 936
f 826 936 937
f 826 937 938
f 826 938 829
f 826 829 939
f 826 939 940
f 826 940 827
f 827 941 828
f 827 940 939
f 827 939 941
f 828 941 829
f 829 942 943
f 829 943 929
f 829 929 830
f 829 941 939
f 829 938 942
f 831 869 832
f 832 869 868
f 832 868 944
f 832 944 834
f 833 842 945
f 833 945 843
f 834 944 946
f 834 946 947
f 834 947 835
f 835 948 837
f 835 837 836
f 835 947 949
f 835 949 948
f 837 948 838
f 838 950 839
f 838 948 1067
f 838 1067 951
f 838 951 950
f 839 950 951
f 839 951 952
f 839 952 840
f 840 952 953
f 840 953 954
f 840 954 955
f 840 955 841
f 841 846 945
f 841 945 842
f 841 955 956
f 841 956 846
f 843 957 845
f 843 945 957
f 845 957 945
f 845 945 846
f 846 956 958
f 846 958 959
f 846 959 847
f 847 959 960
f 847 960 848
f 848 960 856
f 850 854 961
f 850 961 852
f 850 852 851
f 852 961 962
f 852 962 934
f 854 855 963
f 854 963 964
f 854 964 961
f 855 861 965
f 855 965 966
f 855 966 963
f 856 960 967
f 856 967 857
f 857 967 968
f 857 968 858
f 858 968 969
f 858 969 970
f 858 970 971
f 858 971 859
f 859 971 972
f 859 972 860
f 860 972 973
f 860 973 861
f 861 973 974
f 861 974 975
f 861 975 965
f 862 976 865
f 862 865 864
f 862 864 863
f 865 976 977
f 865 977 978
f 865 978 866
f 866 978 867
f 867 978 979
f 867 979 980
f 867 980 981
f 867 981 982
f 867 982 868
f 868 982 944
f 870 983 984
f 870 984 871
f 871 984 985
f 871 985 986
f 871 986 872
f 872 986 987
f 872 987 874
f 872 874 873
f 874 987 988
f 874 988 876
f 874 876 875
f 876 989 1110
f 876 1110 990
f 876 990 877
f 876 988 989
f 877 990 991
f 877 991 992
f 877 992 993
f 877 993 878
f 879 993 994
f 879 994 880
f 880 994 995
f 880 995 996
f 880 996 881
f 881 996 995
f 881 995 997
f 881 997 998
f 881 998 999
f 881 999 1000
f 882 1000 883
f 883 1000 1001
f 883 1001 884
f 884 1001 1002
f 884 1002 1003
f 884 1003 885
f 885 1004 887
f 885 887 886
f 885 1003 1005
f 885 1005 1006
f 885 1006 1007
f 885 1007 1004
f 887 1004 888
f 888 1004 1007
f 888 1007 1008
f 888 1008 889
f 889 916 890
f 889 1008 1009
f 889 1009 916
f 891 901 900
f 891 900 892
f 892 900 1010
f 892 1010 893
f 893 1010 1011
f 893 1011 1096
f 893 1096 976
f 894 898 1012
f 894 1012 1013
f 894 1013 895
f 895 1013 902
f 897 915 1014
f 897 1014 1012
f 897 1012 898
f 899 905 900
f 900 1015 1010
f 900 905 1016
f 900 1016 1015
f 902 1013 1017
f 902 1017 903
f 903 1017 1018
f 903 1018 1019
f 903 1019 904
f 904 1020 1016
f 904 1016 905
f 904 1019 1020
f 906 928 1021
f 906 1021 907
f 907 1021 1022
f 907 1022 1023
f 907 1023 1024
f 907 1024 908
f 908 1024 909
f 909 1024 1023
f 909 1023 1025
f 909 1025 1026
f 909 1026 1027
f 909 1027 910
f 910 1027 1028
f 910 1028 912
f 910 912 914
f 911 913 915
f 912 1026 1029
f 912 1029 1030
f 912 1030 913
f 912 1028 1027
f 912 1027 1026
f 913 1030 1031
f 913 1031 915
f 915 1031 1014
f 916 1009 1032
f 916 1032 917
f 917 1032 1033
f 917 1033 919
f 917 919 918
f 919 1034 921
f 919 921 920
f 919 1033 1034
f 921 1035 1036
f 921 1036 1037
f 921 1037 922
f 921 1034 1035
f 922 1037 923
f 923 1037 1038
f 923 1038 1039
f 923 1039 1040
f 923 1040 924
f 924 1040 925
f 925 1040 926
f 926 1040 1041
f 926 1041 927
f 927 1041 1042
f 927 1042 928
f 928 1042 1043
f 928 1043 1044
f 928 1044 1021
f 929 943 1045
f 929 1045 1046
f 929 1046 1047
f 929 1047 930
f 930 1047 932
f 931 1048 933
f 931 932 1049
f 931 1049 1048
f 932 1047 1050
f 932 1050 1049
f 933 1048 1051
f 933 1051 1052
f 934 962 935
f 935 962 1053
f 935 1053 1054
f 935 1054 1055
f 935 1055 936
f 936 1055 1056
f 936 1056 1057
f 936 1057 937
f 937 1058 1059
f 937 1059 942
f 937 942 938
f 937 1057 1058
f 942 1045 943
f 942 1059 1060
f 942 1060 1045
f 944 982 1061
f 944 1061 1062
f 944 1062 1063
f 944 1063 1064
f 944 1064 1065
f 944 1065 946
f 946 1065 1066
f 946 1066 947
f 947 1066 949
f 948 949 1067
f 949 1066 1068
f 949 1068 1069
f 949 1069 951
f 949 951 1067
f 951 1069 1070
f 951 1070 952
f 952 1070 1071
f 952 1071 1072
f 952 1072 1073
f 952 1073 953
f 953 955 954
f 953 1073 1074
f 953 1074 1075
f 953 1075 955
f 955 1075 1076
f 955 1076 956
f 956 1077 958
f 956 1076 1078
f 956 1078 1077
f 958 1077 1079
f 958 1079 959
f 959 1080 960
f 959 1079 1080
f 960 1080 968
f 960 968 967
f 961 964 1081
f 961 1081 962
f 962 1081 1082
f 962 1082 1053
f 963 966 1083
f 963 1083 964
f 964 1083 1081
f 965 975 1084
f 965 1084 1085
f 965 1085 966
f 966 1085 1086
f 966 1086 1087
f 966 1087 1083
f 968 1080 1079
f 968 1079 969
f 969 1079 970
f 970 1079 1077
f 970 1077 1088
f 970 1088 971
f 971 1088 1089
f 971 1089 1090
f 971 1090 972
f 972 1090 1091
f 972 1091 973
f 973 1091 974
f 974 1091 1092
f 974 1092 1093
f 974 1093 1094
f 974 1094 1095
f 974 1095 1086
f 974 1086 975
f 975 1086 1084
f 976 1096 977
f 977 1097 978
f 977 1096 1097
f 978 1097 1098
f 978 1098 979
f 979 1099 980
f 979 1098 1100
f 979 1100 1101
f 979 1101 1099
f 980 1062 981
f 980 1099 1063
f 980 1063 1062
f 981 1062 1061
f 981 1061 982
f 983 1102 1103
f 983 1103 1104
f 983 1104 1105
f 983 1105 984
f 984 1105 1106
f 984 1106 985
f 985 1106 986
f 986 1106 1107
f 986 1107 1108
f 986 1108 987
f 987 1108 988
f 988 1108 989
f 989 1109 1233
f 989 1233 1110
f 989 1108 1111
f 989 1111 1109
f 990 1110 1112
f 990 1112 1113
f 990 1113 991
f 991 1113 992
f 992 1113 1235
f 992 1235 1114
f 992 1114 1115
f 992 1115 993
f 993 1115 994
f 994 1115 1116
f 994 1116 1117
f 994 1117 997
f 994 997 995
f 997 1117 1118
f 997 1118 1119
f 997 1119 1120
f 997 1120 999
f 997 999 998
f 999 1120 1119
f 999 1119 1121
f 999 1121 1122
f 999 1122 1123
f 999 1123 1001
f 999 1001 1000
f 1001 1123 1124
f 1001 1124 1002
f 1002 1124 1003
f 1003 1124 1125
f 1003 1125 1126
f 1003 1126 1005
f 1005 1126 1127
f 1005 1127 1128
f 1005 1128 1035
f 1005 1035 1034
f 1005 1034 1006
f 1006 1034 1007
f 1007 1034 1008
f 1008 1034 1033
f 1008 1033 1009
f 1009 1033 1032
f 1010 1015 1129
f 1010 1129 1011
f 1011 1129 1220
f 1011 1220 1096
f 1012 1014 1130
f 1012 1130 1131
f 1012 1131 1013
f 1013 1131 1017
f 1014 1031 1030
f 1014 1030 1132
f 1014 1132 1133
f 1014 1133 1130
f 1015 1134 1129
f 1015 1016 1135
f 1015 1135 1134
f 1016 1136 1135
f 1016 1020 1137
f 1016 1137 1138
f 1016 1138 1136
f 1017 1131 1018
f 1018 1131 1130
f 1018 1130 1139
f 1018 1139 1140
f 1018 1140 1141
f 1018 1141 1142
f 1018 1142 1143
f 1018 1143 1019
f 1019 1143 1144
f 1019 1144 1137
f 1019 1137 1020
f 1021 1044 1145
f 1021 1145 1146
f 1021 1146 1022
f 1022 1146 1025
f 1022 1025 1023
f 1025 1146 1147
f 1025 1147 1148
f 1025 1148 1026
f 1026 1148 1149
f 1026 1149 1150
f 1026 1150 1151
f 1026 1151 1152
f 1026 1152 1029
f 1029 1152 1153
f 1029 1153 1030
f 1030 1153 1132
f 1035 1128 1036
f 1036 1128 1154
f 1036 1154 1155
f 1036 1155 1156
f 1036 1156 1037
f 1037 1156 1039
f 1037 1039 1157
f 1037 1157 1038
f 1038 1157 1039
f 1039 1158 1159
f 1039 1159 1160
f 1039 1160 1161
f 1039 1161 1162
f 1039 1162 1040
f 1039 1156 1158
f 1040 1162 1041
f 1041 1162 1161
f 1041 1161 1042
f 1042 1161 1163
f 1042 1163 1164
f 1042 1164 1043
f 1043 1164 1165
f 1043 1165 1166
f 1043 1166 1167
f 1043 1167 1168
f 1043 1168 1044
f 1044 1168 1146
f 1044 1146 1145
f 1045 1169 1298
f 1045 1298 1170
f 1045 1170 1046
f 1045 1060 1171
f 1045 1171 1172
f 1045 1172 1173
f 1045 1173 1174
f 1045 1174 1169
f 1046 1170 1175
f 1046 1175 1050
f 1046 1050 1047
f 1048 1049 1051
f 1049 1050 1175
f 1049 1175 1176
f 1049 1176 1177
f 1049 1177 1178
f 1049 1178 1051
f 1051 1178 1179
f 1051 1179 1052
f 1053 1082 1180
f 1053 1180 1181
f 1053 1181 1054
f 1054 1181 1182
f 1054 1182 1055
f 1055 1182 1057
f 1055 1057 1056
f 1057 1182 1317
f 1057 1317 1183
f 1057 1183 1058
f 1058 1183 1300
f 1058 1300 1171
f 1058 1171 1060
f 1058 1060 1059
f 1063 1099 1184
f 1063 1184 1064
f 1064 1184 1185
f 1064 1185 1186
f 1064 1186 1065
f 1065 1186 1066
f 1066 1186 1187
f 1066 1187 1188
f 1066 1188 1189
f 1066 1189 1068
f 1068 1189 1190
f 1068 1190 1069
f 1069 1190 1191
f 1069 1191 1070
f 1070 1191 1190
f 1070 1190 1192
f 1070 1192 1193
f 1070 1193 1194
f 1070 1194 1195
f 1070 1195 1196
f 1070 1196 1197
f 1070 1197 1071
f 1071 1197 1073
f 1071 1073 1072
f 1073 1197 1196
f 1073 1196 1198
f 1073 1198 1074
f 1074 1198 1076
f 1074 1076 1075
f 1076 1198 1199
f 1076 1199 1200
f 1076 1200 1078
f 1077 1078 1088
f 1078 1201 1088
f 1078 1200 1202
f 1078 1202 1203
f 1078 1203 1204
f 1078 1204 1205
f 1078 1205 1201
f 1081 1083 1206
f 1081 1206 1207
f 1081 1207 1082
f 1082 1207 1180
f 1083 1208 1209
f 1083 1209 1206
f 1083 1087 1086
f 1083 1086 1210
f 1083 1210 1208
f 1084 1086 1085
f 1086 1095 1211
f 1086 1211 1343
f 1086 1343 1212
f 1086 1212 1213
f 1086 1213 1214
f 1086 1214 1210
f 1088 1201 1092
f 1088 1092 1089
f 1089 1092 1090
f 1090 1092 1091
f 1092 1201 1205
f 1092 1205 1215
f 1092 1215 1216
f 1092 1216 1093
f 1093 1216 1217
f 1093 1217 1094
f 1094 1217 1218
f 1094 1218 1219
f 1094 1219 1211
f 1094 1211 1095
f 1096 1220 1097
f 1097 1220 1221
f 1097 1221 1222
f 1097 1222 1098
f 1098 1222 1223
f 1098 1223 1224
f 1098 1224 1100
f 1099 1101 1184
f 1100 1224 1101
f 1101 1224 1225
f 1101 1225 1226
f 1101 1226 1184
f 1102 1227 1103
f 1103 1227 1360
f 1103 1360 1228
f 1103 1228 1229
f 1103 1229 1230
f 1103 1230 1104
f 1104 1230 1231
f 1104 1231 1105
f 1105 1231 1232
f 1105 1232 1106
f 1106 1232 1111
f 1106 1111 1107
f 1107 1111 1108
f 1109 1111 1232
f 1109 1232 1233
f 1110 1233 1234
f 1110 1234 1112
f 1112 1234 1235
f 1112 1235 1113
f 1114 1235 1236
f 1114 1236 1115
f 1115 1236 1116
f 1116 1236 1237
f 1116 1237 1117
f 1117 1237 1238
f 1117 1238 1118
f 1118 1239 1373
f 1118 1373 1240
f 1118 1240 1241
f 1118 1241 1119
f 1118 1238 1239
f 1119 1241 1121
f 1121 1241 1242
f 1121 1242 1243
f 1121 1243 1122
f 1122 1243 1244
f 1122 1244 1245
f 1122 1245 1125
f 1122 1125 1246
f 1122 1246 1123
f 1123 1246 1125
f 1123 1125 1124
f 1125 1245 1126
f 1126 1245 1127
f 1127 1245 1247
f 1127 1247 1248
f 1127 1248 1128
f 1128 1155 1154
f 1128 1248 1249
f 1128 1249 1250
f 1128 1250 1251
f 1128 1251 1159
f 1128 1159 1158
f 1128 1158 1155
f 1129 1134 1221
f 1129 1221 1220
f 1130 1133 1252
f 1130 1252 1139
f 1132 1153 1133
f 1133 1153 1253
f 1133 1253 1254
f 1133 1254 1252
f 1134 1135 1136
f 1134 1136 1255
f 1134 1255 1357
f 1134 1357 1221
f 1136 1138 1255
f 1137 1144 1255
f 1137 1255 1138
f 1139 1252 1256
f 1139 1256 1257
f 1139 1257 1258
f 1139 1258 1140
f 1140 1259 1141
f 1140 1258 1259
f 1141 1259 1260
f 1141 1260 1142
f 1142 1260 1144
f 1142 1144 1143
f 1144 1261 1262
f 1144 1262 1263
f 1144 1263 1264
f 1144 1264 1255
f 1144 1260 1261
f 1146 1265 1266
f 1146 1266 1147
f 1146 1168 1265
f 1147 1266 1149
f 1147 1149 1148
f 1149 1267 1150
f 1149 1266 1268
f 1149 1268 1269
f 1149 1269 1270
f 1149 1270 1271
f 1149 1271 1272
f 1149 1272 1273
f 1149 1273 1274
f 1149 1274 1267
f 1150 1275 1151
f 1150 1267 1276
f 1150 1276 1277
f 1150 1277 1278
f 1150 1278 1275
f 1151 1279 1152
f 1151 1275 1279
f 1152 1279 1153
f 1153 1279 1415
f 1153 1415 1280
f 1153 1280 1281
f 1153 1281 1282
f 1153 1282 1283
f 1153 1283 1284
f 1153 1284 1253
f 1155 1158 1156
f 1159 1251 1160
f 1160 1250 1249
f 1160 1249 1285
f 1160 1285 1286
f 1160 1286 1287
f 1160 1287 1163
f 1160 1163 1161
f 1160 1251 1250
f 1163 1287 1288
f 1163 1288 1289
f 1163 1289 1290
f 1163 1290 1291
f 1163 1291 1292
f 1163 1292 1293
f 1163 1293 1164
f 1164 1293 1294
f 1164 1294 1165
f 1165 1294 1166
f 1166 1294 1295
f 1166 1295 1167
f 1167 1295 1296
f 1167 1296 1265
f 1167 1265 1168
f 1169 1297 1437
f 1169 1437 1298
f 1169 1174 1299
f 1169 1299 1297
f 1170 1298 1176
f 1170 1176 1175
f 1171 1300 1301
f 1171 1301 1172
f 1172 1301 1302
f 1172 1302 1173
f 1173 1302 1440
f 1173 1440 1299
f 1173 1299 1174
f 1176 1298 1303
f 1176 1303 1177
f 1177 1303 1436
f 1177 1436 1304
f 1177 1304 1178
f 1178 1304 1443
f 1178 1443 1305
f 1178 1305 1179
f 1179 1305 1306
f 1179 1306 1307
f 1180 1207 1206
f 1180 1206 1308
f 1180 1308 1181
f 1181 1308 1309
f 1181 1309 1310
f 1181 1310 1311
f 1181 1311 1312
f 1181 1312 1313
f 1181 1313 1314
f 1181 1314 1315
f 1181 1315 1182
f 1182 1316 1301
f 1182 1301 1317
f 1182 1315 1316
f 1183 1317 1301
f 1183 1301 1300
f 1184 1226 1318
f 1184 1318 1319
f 1184 1319 1320
f 1184 1320 1321
f 1184 1321 1322
f 1184 1322 1186
f 1184 1186 1185
f 1186 1322 1187
f 1187 1322 1321
f 1187 1321 1320
f 1187 1320 1323
f 1187 1323 1324
f 1187 1324 1325
f 1187 1325 1326
f 1187 1326 1327
f 1187 1327 1328
f 1187 1328 1188
f 1188 1190 1189
f 1188 1328 1190
f 1190 1194 1193
f 1190 1193 1192
f 1190 1328 1194
f 1194 1328 1329
f 1194 1329 1330
f 1194 1330 1195
f 1195 1331 1196
f 1195 1330 1332
f 1195 1332 1331
f 1196 1333 1198
f 1196 1331 1334
f 1196 1334 1335
f 1196 1335 1336
f 1196 1336 1333
f 1198 1333 1337
f 1198 1337 1338
f 1198 1338 1339
f 1198 1339 1199
f 1199 1339 1204
f 1199 1204 1202
f 1199 1202 1200
f 1202 1204 1203
f 1204 1339 1337
f 1204 1337 1340
f 1204 1340 1215
f 1204 1215 1205
f 1206 1209 1308
f 1208 1210 1214
f 1208 1214 1341
f 1208 1341 1209
f 1209 1341 1342
f 1209 1342 1309
f 1209 1309 1308
f 1211 1219 1343
f 1212 1343 1344
f 1212 1344 1213
f 1213 1345 1214
f 1213 1344 1346
f 1213 1346 1347
f 1213 1347 1348
f 1213 1348 1345
f 1214 1345 1349
f 1214 1349 1342
f 1214 1342 1341
f 1215 1340 1216
f 1216 1218 1217
f 1216 1340 1350
f 1216 1350 1351
f 1216 1351 1352
f 1216 1352 1218
f 1218 1353 1219
f 1218 1352 1354
f 1218 1354 1355
f 1218 1355 1356
f 1218 1356 1353
f 1219 1353 1480
f 1219 1480 1343
f 1221 1357 1222
f 1222 1357 1223
f 1223 1357 1224
f 1224 1357 1225
f 1225 1357 1358
f 1225 1358 1398
f 1225 1398 1359
f 1225 1359 1318
f 1225 1318 1226
f 1228 1360 1501
f 1228 1501 1643
f 1228 1643 1767
f 1228 1767 1885
f 1228 1885 2006
f 1228 2006 2117
f 1228 2117 2235
f 1228 2235 2367
f 1228 2367 2494
f 1228 2494 2630
f 1228 2630 2781
f 1228 2781 2922
f 1228 2922 2921
f 1228 2921 3087
f 1228 3087 3258
f 1228 3258 3259
f 1228 3259 3088
f 1228 3088 2923
f 1228 2923 2782
f 1228 2782 2632
f 1228 2632 2495
f 1228 2495 2370
f 1228 2370 2240
f 1228 2240 2239
f 1228 2239 2236
f 1228 2236 2118
f 1228 2118 2007
f 1228 2007 1886
f 1228 1886 1769
f 1228 1769 1768
f 1228 1768 1649
f 1228 1649 1648
f 1228 1648 1645
f 1228 1645 1644
f 1228 1644 1502
f 1228 1502 1361
f 1228 1361 1362
f 1228 1362 1229
f 1229 1362 1363
f 1229 1363 1230
f 1230 1363 1364
f 1230 1364 1231
f 1231 1364 1365
f 1231 1365 1232
f 1232 1365 1233
f 1233 1365 1364
f 1233 1364 1366
f 1233 1366 1363
f 1233 1363 1367
f 1233 1367 1368
f 1233 1368 1369
f 1233 1369 1234
f 1234 1369 1370
f 1234 1370 1235
f 1235 1370 1236
f 1236 1370 1371
f 1236 1371 1237
f 1237 1371 1372
f 1237 1372 1373
f 1237 1373 1239
f 1237 1239 1238
f 1240 1242 1241
f 1240 1373 1374
f 1240 1374 1375
f 1240 1375 1242
f 1242 1376 1244
f 1242 1244 1243
f 1242 1375 1377
f 1242 1377 1378
f 1242 1378 1376
f 1244 1376 1379
f 1244 1379 1245
f 1245 1379 1247
f 1247 1379 1380
f 1247 1380 1381
f 1247 1381 1248
f 1248 1381 1382
f 1248 1382 1383
f 1248 1383 1249
f 1249 1383 1384
f 1249 1384 1385
f 1249 1385 1285
f 1252 1254 1386
f 1252 1386 1256
f 1253 1386 1254
f 1253 1284 1386
f 1255 1264 1358
f 1255 1358 1357
f 1256 1386 1387
f 1256 1387 1257
f 1257 1387 1388
f 1257 1388 1258
f 1258 1388 1389
f 1258 1389 1390
f 1258 1390 1391
f 1258 1391 1259
f 1259 1391 1260
f 1260 1391 1390
f 1260 1390 1392
f 1260 1392 1393
f 1260 1393 1261
f 1261 1393 1394
f 1261 1394 1395
f 1261 1395 1262
f 1262 1396 1398
f 1262 1398 1263
f 1262 1395 1397
f 1262 1397 1531
f 1262 1531 1396
f 1263 1398 1358
f 1263 1358 1264
f 1265 1296 1266
f 1266 1296 1268
f 1267 1274 1277
f 1267 1277 1276
f 1268 1296 1269
f 1269 1296 1399
f 1269 1399 1400
f 1269 1400 1401
f 1269 1401 1402
f 1269 1402 1403
f 1269 1403 1270
f 1270 1403 1404
f 1270 1404 1271
f 1271 1405 1406
f 1271 1406 1407
f 1271 1407 1408
f 1271 1408 1273
f 1271 1273 1272
f 1271 1404 1409
f 1271 1409 1410
f 1271 1410 1411
f 1271 1411 1412
f 1271 1412 1413
f 1271 1413 1414
f 1271 1414 1405
f 1273 1408 1277
f 1273 1277 1274
f 1275 1278 1415
f 1275 1415 1279
f 1277 1408 1407
f 1277 1407 1278
f 1278 1407 1416
f 1278 1416 1415
f 1280 1415 1417
f 1280 1417 1281
f 1281 1417 1418
f 1281 1418 1282
f 1282 1418 1419
f 1282 1419 1283
f 1283 1419 1284
f 1284 1419 1420
f 1284 1420 1386
f 1285 1385 1288
f 1285 1288 1286
f 1286 1288 1287
f 1288 1385 1421
f 1288 1421 1422
f 1288 1422 1423
f 1288 1423 1290
f 1288 1290 1289
f 1290 1424 1291
f 1290 1423 1425
f 1290 1425 1426
f 1290 1426 1427
f 1290 1427 1292
f 1290 1292 1424
f 1291 1424 1292
f 1292 1427 1428
f 1292 1428 1429
f 1292 1429 1430
f 1292 1430 1431
f 1292 1431 1293
f 1293 1431 1294
f 1294 1431 1430
f 1294 1430 1432
f 1294 1432 1295
f 1295 1432 1296
f 1296 1432 1399
f 1297 1433 1564
f 1297 1564 1434
f 1297 1434 1565
f 1297 1565 1435
f 1297 1435 1436
f 1297 1436 1437
f 1297 1299 1438
f 1297 1438 1439
f 1297 1439 1433
f 1298 1437 1436
f 1298 1436 1303
f 1299 1439 1438
f 1299 1440 1439
f 1301 1316 1441
f 1301 1441 1302
f 1302 1441 1442
f 1302 1442 1440
f 1304 1436 1443
f 1305 1443 1444
f 1305 1444 1306
f 1306 1444 1307
f 1307 1444 1445
f 1309 1342 1310
f 1310 1342 1345
f 1310 1345 1446
f 1310 1446 1311
f 1311 1446 1447
f 1311 1447 1448
f 1311 1448 1449
f 1311 1449 1450
f 1311 1450 1312
f 1312 1450 1451
f 1312 1451 1452
f 1312 1452 1313
f 1313 1452 1453
f 1313 1453 1314
f 1314 1453 1315
f 1315 1453 1454
f 1315 1454 1316
f 1316 1454 1441
f 1318 1359 1455
f 1318 1455 1456
f 1318 1456 1319
f 1319 1456 1320
f 1320 1457 1458
f 1320 1458 1323
f 1320 1456 1457
f 1323 1458 1459
f 1323 1459 1460
f 1323 1460 1461
f 1323 1461 1462
f 1323 1462 1325
f 1323 1325 1324
f 1325 1462 1463
f 1325 1463 1326
f 1326 1463 1327
f 1327 1463 1464
f 1327 1464 1465
f 1327 1465 1328
f 1328 1465 1329
f 1329 1465 1466
f 1329 1466 1330
f 1330 1466 1467
f 1330 1467 1332
f 1331 1332 1468
f 1331 1468 1334
f 1332 1467 1469
f 1332 1469 1468
f 1333 1470 1337
f 1333 1336 1470
f 1334 1468 1335
f 1335 1468 1471
f 1335 1471 1472
f 1335 1472 1473
f 1335 1473 1474
f 1335 1474 1336
f 1336 1474 1475
f 1336 1475 1476
f 1336 1476 1470
f 1337 1470 1477
f 1337 1477 1478
f 1337 1478 1340
f 1337 1339 1338
f 1340 1478 1479
f 1340 1479 1350
f 1342 1349 1345
f 1343 1480 1344
f 1344 1480 1481
f 1344 1481 1482
f 1344 1482 1346
f 1345 1348 1483
f 1345 1483 1446
f 1346 1482 1347
f 1347 1482 1348
f 1348 1482 1484
f 1348 1484 1483
f 1350 1479 1485
f 1350 1485 1351
f 1351 1485 1486
f 1351 1486 1487
f 1351 1487 1488
f 1351 1488 1489
f 1351 1489 1352
f 1352 1489 1490
f 1352 1490 1354
f 1353 1481 1480
f 1353 1356 1481
f 1354 1490 1491
f 1354 1491 1355
f 1355 1491 1492
f 1355 1492 1493
f 1355 1493 1356
f 1356 1493 1494
f 1356 1494 1495
f 1356 1495 1496
f 1356 1496 1497
f 1356 1497 1481
f 1359 1498 1455
f 1359 1398 1396
f 1359 1396 1499
f 1359 1499 1500
f 1359 1500 1498
f 1361 1502 1362
f 1362 1502 1644
f 1362 1644 1503
f 1362 1503 1363
f 1363 1366 1364
f 1363 1503 1504
f 1363 1504 1505
f 1363 1505 1368
f 1363 1368 1367
f 1368 1505 1506
f 1368 1506 1369
f 1369 1506 1370
f 1370 1506 1647
f 1370 1647 1507
f 1370 1507 1371
f 1371 1507 1508
f 1371 1508 1509
f 1371 1509 1372
f 1372 1509 1373
f 1373 1509 1374
f 1374 1509 1510
f 1374 1510 1511
f 1374 1511 1655
f 1374 1655 1512
f 1374 1512 1377
f 1374 1377 1375
f 1376 1378 1513
f 1376 1513 1379
f 1377 1512 1514
f 1377 1514 1515
f 1377 1515 1378
f 1378 1515 1516
f 1378 1516 1513
f 1379 1513 1516
f 1379 1516 1517
f 1379 1517 1518
f 1379 1518 1383
f 1379 1383 1381
f 1379 1381 1380
f 1381 1383 1382
f 1383 1518 1421
f 1383 1421 1385
f 1383 1385 1384
f 1386 1420 1387
f 1387 1420 1519
f 1387 1519 1388
f 1388 1519 1520
f 1388 1520 1521
f 1388 1521 1522
f 1388 1522 1523
f 1388 1523 1524
f 1388 1524 1390
f 1388 1390 1389
f 1390 1524 1392
f 1392 1524 1525
f 1392 1525 1526
f 1392 1526 1527
f 1392 1527 1528
f 1392 1528 1393
f 1393 1528 1394
f 1394 1528 1395
f 1395 1528 1527
f 1395 1527 1529
f 1395 1529 1530
f 1395 1530 1397
f 1396 1531 1499
f 1397 1530 1639
f 1397 1639 1531
f 1399 1430 1400
f 1399 1432 1430
f 1400 1430 1429
f 1400 1429 1532
f 1400 1532 1533
f 1400 1533 1534
f 1400 1534 1535
f 1400 1535 1402
f 1400 1402 1401
f 1402 1535 1536
f 1402 1536 1404
f 1402 1404 1403
f 1404 1536 1537
f 1404 1537 1538
f 1404 1538 1410
f 1404 1410 1409
f 1405 1539 1406
f 1405 1414 1540
f 1405 1540 1541
f 1405 1541 1539
f 1406 1539 1407
f 1407 1539 1542
f 1407 1542 1543
f 1407 1543 1417
f 1407 1417 1416
f 1410 1544 1545
f 1410 1545 1546
f 1410 1546 1547
f 1410 1547 1411
f 1410 1538 1548
f 1410 1548 1544
f 1411 1547 1412
f 1412 1547 1549
f 1412 1549 1550
f 1412 1550 1413
f 1413 1551 1414
f 1413 1550 1549
f 1413 1549 1552
f 1413 1552 1551
f 1414 1551 1553
f 1414 1553 1540
f 1415 1416 1417
f 1417 1419 1418
f 1417 1543 1419
f 1419 1543 1554
f 1419 1554 1555
f 1419 1555 1420
f 1420 1555 1519
f 1421 1556 1422
f 1421 1518 1661
f 1421 1661 1557
f 1421 1557 1558
f 1421 1558 1559
f 1421 1559 1560
f 1421 1560 1556
f 1422 1556 1560
f 1422 1560 1425
f 1422 1425 1423
f 1425 1560 1561
f 1425 1561 1562
f 1425 1562 1563
f 1425 1563 1533
f 1425 1533 1426
f 1426 1533 1428
f 1426 1428 1427
f 1428 1533 1532
f 1428 1532 1429
f 1433 1439 1564
f 1434 1564 1565
f 1435 1565 1566
f 1435 1566 1436
f 1436 1566 1444
f 1436 1444 1443
f 1439 1567 1568
f 1439 1568 1706
f 1439 1706 1564
f 1439 1440 1569
f 1439 1569 1570
f 1439 1570 1567
f 1440 1442 1571
f 1440 1571 1569
f 1441 1454 1453
f 1441 1453 1572
f 1441 1572 1442
f 1442 1572 1571
f 1444 1566 1565
f 1444 1565 1573
f 1444 1573 1574
f 1444 1574 1575
f 1444 1575 1576
f 1444 1576 1445
f 1445 1576 1577
f 1446 1483 1448
f 1446 1448 1447
f 1448 1578 1449
f 1448 1483 1579
f 1448 1579 1580
f 1448 1580 1581
f 1448 1581 1578
f 1449 1578 1450
f 1450 1578 1451
f 1451 1582 1583
f 1451 1583 1452
f 1451 1578 1584
f 1451 1584 1582
f 1452 1583 1453
f 1453 1583 1572
f 1455 1498 1585
f 1455 1585 1586
f 1455 1586 1456
f 1456 1586 1457
f 1457 1586 1585
f 1457 1585 1587
f 1457 1587 1458
f 1458 1587 1459
f 1459 1588 1460
f 1459 1587 1585
f 1459 1585 1588
f 1460 1588 1589
f 1460 1589 1590
f 1460 1590 1591
f 1460 1591 1592
f 1460 1592 1461
f 1461 1592 1593
f 1461 1593 1594
f 1461 1594 1595
f 1461 1595 1596
f 1461 1596 1597
f 1461 1597 1462
f 1462 1464 1463
f 1462 1597 1598
f 1462 1598 1599
f 1462 1599 1464
f 1464 1600 1601
f 1464 1601 1602
f 1464 1602 1603
f 1464 1603 1604
f 1464 1604 1465
f 1464 1599 1605
f 1464 1605 1606
f 1464 1606 1607
f 1464 1607 1600
f 1465 1604 1603
f 1465 1603 1466
f 1466 1603 1467
f 1467 1603 1472
f 1467 1472 1471
f 1467 1471 1469
f 1468 1469 1471
f 1470 1476 1477
f 1472 1603 1473
f 1473 1476 1474
f 1473 1603 1608
f 1473 1608 1609
f 1473 1609 1610
f 1473 1610 1611
f 1473 1611 1749
f 1473 1749 1612
f 1473 1612 1613
f 1473 1613 1614
f 1473 1614 1615
f 1473 1615 1616
f 1473 1616 1476
f 1474 1476 1475
f 1476 1616 1617
f 1476 1617 1618
f 1476 1618 1619
f 1476 1619 1620
f 1476 1620 1478
f 1476 1478 1477
f 1478 1620 1486
f 1478 1486 1479
f 1479 1486 1485
f 1481 1497 1496
f 1481 1496 1482
f 1482 1496 1484
f 1483 1484 1621
f 1483 1621 1579
f 1484 1496 1622
f 1484 1622 1623
f 1484 1623 1621
f 1486 1620 1618
f 1486 1618 1487
f 1487 1624 1625
f 1487 1625 1626
f 1487 1626 1627
f 1487 1627 1628
f 1487 1628 1629
f 1487 1629 1630
f 1487 1630 1488
f 1487 1618 1624
f 1488 1630 1489
f 1489 1630 1490
f 1490 1630 1631
f 1490 1631 1632
f 1490 1632 1491
f 1491 1632 1633
f 1491 1633 1634
f 1491 1634 1492
f 1492 1634 1493
f 1493 1634 1635
f 1493 1635 1494
f 1494 1635 1636
f 1494 1636 1637
f 1494 1637 1495
f 1495 1622 1496
f 1495 1637 1638
f 1495 1638 1622
f 1498 1500 1585
f 1499 1531 1639
f 1499 1639 1640
f 1499 1640 1588
f 1499 1588 1641
f 1499 1641 1500
f 1500 1641 1585
f 1501 1642 1643
f 1503 1644 1645
f 1503 1645 1504
f 1504 1646 1647
f 1504 1647 1506
f 1504 1506 1505
f 1504 1645 1648
f 1504 1648 1649
f 1504 1649 1650
f 1504 1650 1646
f 1507 1647 1651
f 1507 1651 1508
f 1508 1651 1652
f 1508 1652 1772
f 1508 1772 1653
f 1508 1653 1510
f 1508 1510 1509
f 1510 1653 1654
f 1510 1654 1511
f 1511 1654 1655
f 1512 1655 1656
f 1512 1656 1514
f 1514 1656 1657
f 1514 1657 1515
f 1515 1658 1517
f 1515 1517 1516
f 1515 1657 1659
f 1515 1659 1660
f 1515 1660 1658
f 1517 1658 1518
f 1518 1658 1661
f 1519 1555 1662
f 1519 1662 1663
f 1519 1663 1520
f 1520 1663 1521
f 1521 1663 1664
f 1521 1664 1665
f 1521 1665 1666
f 1521 1666 1667
f 1521 1667 1668
f 1521 1668 1522
f 1522 1669 1670
f 1522 1670 1672
f 1522 1672 1523
f 1522 1668 1671
f 1522 1671 1669
f 1523 1672 1525
f 1523 1525 1524
f 1525 1672 1673
f 1525 1673 1674
f 1525 1674 1675
f 1525 1675 1526
f 1526 1675 1529
f 1526 1529 1527
f 1529 1675 1727
f 1529 1727 1640
f 1529 1640 1639
f 1529 1639 1530
f 1533 1563 1562
f 1533 1562 1676
f 1533 1676 1677
f 1533 1677 1534
f 1534 1677 1678
f 1534 1678 1535
f 1535 1678 1537
f 1535 1537 1536
f 1537 1679 1548
f 1537 1548 1538
f 1537 1678 1679
f 1539 1541 1680
f 1539 1680 1681
f 1539 1681 1542
f 1540 1682 1541
f 1540 1553 1683
f 1540 1683 1682
f 1541 1682 1684
f 1541 1684 1680
f 1542 1681 1543
f 1543 1685 1662
f 1543 1662 1554
f 1543 1681 1686
f 1543 1686 1687
f 1543 1687 1688
f 1543 1688 1689
f 1543 1689 1685
f 1544 1690 1545
f 1544 1548 1679
f 1544 1679 1690
f 1545 1691 1692
f 1545 1692 1693
f 1545 1693 1546
f 1545 1690 1691
f 1546 1693 1549
f 1546 1549 1547
f 1549 1693 1816
f 1549 1816 1695
f 1549 1695 1552
f 1551 1552 1694
f 1551 1694 1553
f 1552 1695 1696
f 1552 1696 1694
f 1553 1694 1697
f 1553 1697 1698
f 1553 1698 1699
f 1553 1699 1684
f 1553 1684 1683
f 1554 1662 1555
f 1557 1661 1700
f 1557 1700 1701
f 1557 1701 1702
f 1557 1702 1558
f 1558 1702 1703
f 1558 1703 1559
f 1559 1703 1561
f 1559 1561 1560
f 1561 1703 1562
f 1562 1703 1704
f 1562 1704 1705
f 1562 1705 1676
f 1564 1706 1574
f 1564 1574 1573
f 1564 1573 1565
f 1567 1570 1707
f 1567 1707 1568
f 1568 1707 1708
f 1568 1708 1709
f 1568 1709 1706
f 1569 1571 1710
f 1569 1710 1570
f 1570 1711 1707
f 1570 1710 1712
f 1570 1712 1713
f 1570 1713 1711
f 1571 1572 1583
f 1571 1583 1714
f 1571 1714 1710
f 1574 1706 1715
f 1574 1715 1575
f 1575 1577 1576
f 1575 1715 1709
f 1575 1709 1708
f 1575 1708 1707
f 1575 1707 1711
f 1575 1711 1713
f 1575 1713 1830
f 1575 1830 1948
f 1575 1948 1958
f 1575 1958 2070
f 1575 2070 2182
f 1575 2182 2305
f 1575 2305 2429
f 1575 2429 2430
f 1575 2430 2559
f 1575 2559 2608
f 1575 2608 2755
f 1575 2755 2895
f 1575 2895 3055
f 1575 3055 3054
f 1575 3054 3059
f 1575 3059 3223
f 1575 3223 3330
f 1575 3330 3153
f 1575 3153 2993
f 1575 2993 2837
f 1575 2837 2691
f 1575 2691 2554
f 1575 2554 2422
f 1575 2422 2296
f 1575 2296 2174
f 1575 2174 2062
f 1575 2062 1949
f 1575 1949 1831
f 1575 1831 1716
f 1575 1716 1577
f 1578 1581 1717
f 1578 1717 1718
f 1578 1718 1584
f 1579 1621 1623
f 1579 1623 1719
f 1579 1719 1580
f 1580 1719 1623
f 1580 1623 1720
f 1580 1720 1721
f 1580 1721 1581
f 1581 1721 1722
f 1581 1722 1723
f 1581 1723 1717
f 1582 1584 1724
f 1582 1724 1714
f 1582 1714 1583
f 1584 1718 1724
f 1585 1641 1588
f 1588 1725 1726
f 1588 1726 1589
f 1588 1640 1727
f 1588 1727 1725
f 1589 1726 1728
f 1589 1728 1590
f 1590 1728 1729
f 1590 1729 1591
f 1591 1730 1593
f 1591 1593 1592
f 1591 1729 1731
f 1591 1731 1732
f 1591 1732 1733
f 1591 1733 1730
f 1593 1730 1594
f 1594 1730 1734
f 1594 1734 1595
f 1595 1734 1735
f 1595 1735 1736
f 1595 1736 1596
f 1596 1736 1597
f 1597 1736 1735
f 1597 1735 1598
f 1598 1737 1605
f 1598 1605 1599
f 1598 1735 1737
f 1600 1607 1738
f 1600 1738 1739
f 1600 1739 1744
f 1600 1744 1740
f 1600 1740 1601
f 1601 1740 1602
f 1602 1740 1608
f 1602 1608 1603
f 1605 1737 1741
f 1605 1741 1742
f 1605 1742 1606
f 1606 1742 1743
f 1606 1743 1607
f 1607 1743 1738
f 1608 1740 1744
f 1608 1744 1745
f 1608 1745 1746
f 1608 1746 1610
f 1608 1610 1609
f 1610 1746 1747
f 1610 1747 1748
f 1610 1748 1611
f 1611 1748 1749
f 1612 1750 1613
f 1612 1749 1750
f 1613 1750 1614
f 1614 1750 1615
f 1615 1750 1751
f 1615 1751 1625
f 1615 1625 1617
f 1615 1617 1616
f 1617 1625 1618
f 1618 1620 1619
f 1618 1625 1624
f 1622 1638 1752
f 1622 1752 1753
f 1622 1753 1623
f 1623 1753 1754
f 1623 1754 1720
f 1625 1751 1626
f 1626 1755 1627
f 1626 1751 1756
f 1626 1756 1757
f 1626 1757 1755
f 1627 1755 1758
f 1627 1758 1628
f 1628 1758 1759
f 1628 1759 1760
f 1628 1760 1633
f 1628 1633 1629
f 1629 1633 1632
f 1629 1632 1630
f 1630 1632 1631
f 1633 1760 1634
f 1634 1760 1761
f 1634 1761 1635
f 1635 1761 1762
f 1635 1762 1763
f 1635 1763 1636
f 1636 1638 1637
f 1636 1763 1764
f 1636 1764 1638
f 1638 1764 1869
f 1638 1869 1752
f 1642 1765 1766
f 1642 1766 1767
f 1642 1767 1643
f 1646 1652 1647
f 1646 1650 1652
f 1647 1652 1651
f 1649 1768 1650
f 1650 1768 1769
f 1650 1769 1770
f 1650 1770 1771
f 1650 1771 1772
f 1650 1772 1652
f 1653 1772 1773
f 1653 1773 1654
f 1654 1773 1774
f 1654 1774 1775
f 1654 1775 1776
f 1654 1776 1656
f 1654 1656 1655
f 1656 1776 1777
f 1656 1777 1778
f 1656 1778 1779
f 1656 1779 1657
f 1657 1779 1899
f 1657 1899 1780
f 1657 1780 1659
f 1658 1660 1781
f 1658 1781 1661
f 1659 1780 1782
f 1659 1782 1660
f 1660 1701 1781
f 1660 1782 1780
f 1660 1780 1783
f 1660 1783 1701
f 1661 1781 1700
f 1662 1685 1663
f 1663 1685 1784
f 1663 1784 1665
f 1663 1665 1664
f 1665 1784 1785
f 1665 1785 1666
f 1666 1785 1786
f 1666 1786 1667
f 1667 1786 1668
f 1668 1786 1787
f 1668 1787 1788
f 1668 1788 1789
f 1668 1789 1671
f 1669 1790 1791
f 1669 1791 1792
f 1669 1792 1670
f 1669 1671 1789
f 1669 1789 1790
f 1670 1792 1673
f 1670 1673 1672
f 1673 1792 1728
f 1673 1728 1726
f 1673 1726 1725
f 1673 1725 1674
f 1674 1725 1727
f 1674 1727 1675
f 1676 1793 1794
f 1676 1794 1795
f 1676 1795 1796
f 1676 1796 1677
f 1676 1705 1793
f 1677 1796 1678
f 1678 1796 1797
f 1678 1797 1679
f 1679 1797 1795
f 1679 1795 1690
f 1680 1798 1681
f 1680 1684 1799
f 1680 1799 1798
f 1681 1798 1686
f 1682 1683 1684
f 1684 1699 1698
f 1684 1698 1800
f 1684 1800 1801
f 1684 1801 1802
f 1684 1802 1803
f 1684 1803 1804
f 1684 1804 1805
f 1684 1805 1799
f 1685 1689 1806
f 1685 1806 1807
f 1685 1807 1784
f 1686 1798 1808
f 1686 1808 1687
f 1687 1808 1806
f 1687 1806 1688
f 1688 1806 1689
f 1690 1795 1794
f 1690 1794 1809
f 1690 1809 1810
f 1690 1810 1691
f 1691 1811 1692
f 1691 1810 1812
f 1691 1812 1813
f 1691 1813 1814
f 1691 1814 1811
f 1692 1811 1693
f 1693 1811 1815
f 1693 1815 1816
f 1694 1696 1817
f 1694 1817 1697
f 1695 1818 1819
f 1695 1819 1820
f 1695 1820 1696
f 1695 1816 1821
f 1695 1821 1818
f 1696 1820 1817
f 1697 1817 1820
f 1697 1820 1819
f 1697 1819 1822
f 1697 1822 1823
f 1697 1823 1698
f 1698 1823 1824
f 1698 1824 1825
f 1698 1825 1945
f 1698 1945 1826
f 1698 1826 1800
f 1700 1781 1701
f 1701 1783 1702
f 1702 1783 1827
f 1702 1827 1703
f 1703 1827 1704
f 1704 1827 1828
f 1704 1828 1705
f 1705 1828 1793
f 1706 1709 1715
f 1710 1714 1712
f 1712 1829 1713
f 1712 1714 1829
f 1713 1829 1830
f 1714 1724 1829
f 1716 1831 1832
f 1717 1723 1833
f 1717 1833 1834
f 1717 1834 1835
f 1717 1835 1836
f 1717 1836 1838
f 1717 1838 1718
f 1718 1837 1724
f 1718 1838 1837
f 1720 1754 1721
f 1721 1754 1839
f 1721 1839 1833
f 1721 1833 1722
f 1722 1833 1723
f 1724 1837 1829
f 1728 1792 1914
f 1728 1914 1840
f 1728 1840 1841
f 1728 1841 1729
f 1729 1841 1731
f 1730 1733 1734
f 1731 1841 1842
f 1731 1842 1843
f 1731 1843 1732
f 1732 1843 1733
f 1733 1843 1844
f 1733 1844 1845
f 1733 1845 1846
f 1733 1846 1847
f 1733 1847 1848
f 1733 1848 1849
f 1733 1849 1734
f 1734 1849 1850
f 1734 1850 1851
f 1734 1851 1852
f 1734 1852 1735
f 1735 1852 1853
f 1735 1853 1737
f 1737 1853 1741
f 1738 1854 1744
f 1738 1744 1739
f 1738 1743 1855
f 1738 1855 1856
f 1738 1856 1854
f 1741 1853 1743
f 1741 1743 1742
f 1743 1853 1857
f 1743 1857 1858
f 1743 1858 1859
f 1743 1859 1855
f 1744 1854 1856
f 1744 1856 1745
f 1745 1860 1746
f 1745 1856 1860
f 1746 1860 1747
f 1747 1856 1861
f 1747 1861 1862
f 1747 1862 1748
f 1747 1860 1856
f 1748 1862 1863
f 1748 1863 1864
f 1748 1864 1749
f 1749 1864 1865
f 1749 1865 1866
f 1749 1866 1750
f 1750 1866 1867
f 1750 1867 1751
f 1751 1867 1868
f 1751 1868 1756
f 1752 1869 1870
f 1752 1870 1753
f 1753 1871 1873
f 1753 1873 1754
f 1753 1870 1872
f 1753 1872 1990
f 1753 1990 1871
f 1754 1873 1839
f 1755 1874 1758
f 1755 1757 1875
f 1755 1875 1874
f 1756 1868 1876
f 1756 1876 1757
f 1757 1876 1875
f 1758 1874 1877
f 1758 1877 1878
f 1758 1878 1759
f 1759 1879 1762
f 1759 1762 1761
f 1759 1761 1760
f 1759 1878 1879
f 1762 1879 1763
f 1763 1879 1878
f 1763 1878 1880
f 1763 1880 1881
f 1763 1881 1882
f 1763 1882 1869
f 1763 1869 1764
f 1765 1883 1884
f 1765 1884 1766
f 1766 1884 2005
f 1766 2005 2115
f 1766 2115 2229
f 1766 2229 2356
f 1766 2356 2482
f 1766 2482 2613
f 1766 2613 2756
f 1766 2756 2695
f 1766 2695 2557
f 1766 2557 2424
f 1766 2424 2301
f 1766 2301 2300
f 1766 2300 2299
f 1766 2299 2298
f 1766 2298 2297
f 1766 2297 2176
f 1766 2176 2064
f 1766 2064 1952
f 1766 1952 1950
f 1766 1950 1949
f 1766 1949 2062
f 1766 2062 2173
f 1766 2173 2293
f 1766 2293 2417
f 1766 2417 2550
f 1766 2550 2685
f 1766 2685 2832
f 1766 2832 2986
f 1766 2986 3145
f 1766 3145 3315
f 1766 3315 3498
f 1766 3498 3655
f 1766 3655 3823
f 1766 3823 3827
f 1766 3827 3975
f 1766 3975 4108
f 1766 4108 4221
f 1766 4221 4298
f 1766 4298 4364
f 1766 4364 4410
f 1766 4410 4362
f 1766 4362 4409
f 1766 4409 4443
f 1766 4443 4475
f 1766 4475 4496
f 1766 4496 4508
f 1766 4508 4505
f 1766 4505 4487
f 1766 4487 4461
f 1766 4461 4431
f 1766 4431 4388
f 1766 4388 4325
f 1766 4325 4255
f 1766 4255 4154
f 1766 4154 4040
f 1766 4040 3901
f 1766 3901 3740
f 1766 3740 3571
f 1766 3571 3408
f 1766 3408 3224
f 1766 3224 3060
f 1766 3060 2896
f 1766 2896 2761
f 1766 2761 2616
f 1766 2616 2485
f 1766 2485 2359
f 1766 2359 2230
f 1766 2230 2116
f 1766 2116 2006
f 1766 2006 1885
f 1766 1885 1767
f 1769 1886 1770
f 1770 1887 1888
f 1770 1888 1771
f 1770 1886 1889
f 1770 1889 2008
f 1770 2008 1887
f 1771 1888 1772
f 1772 1888 1773
f 1773 1888 1890
f 1773 1890 1774
f 1774 1890 1775
f 1775 1778 1777
f 1775 1777 1776
f 1775 1890 1891
f 1775 1891 1892
f 1775 1892 1893
f 1775 1893 1894
f 1775 1894 1778
f 1778 1895 1779
f 1778 1894 1893
f 1778 1893 1896
f 1778 1896 1897
f 1778 1897 1895
f 1779 1898 1899
f 1779 1895 1897
f 1779 1897 1900
f 1779 1900 1898
f 1780 1899 1783
f 1783 1899 1901
f 1783 1901 1827
f 1784 1807 1902
f 1784 1902 1785
f 1785 1902 1903
f 1785 1903 1786
f 1786 1903 1904
f 1786 1904 1905
f 1786 1905 1906
f 1786 1906 1788
f 1786 1788 1907
f 1786 1907 1787
f 1787 1907 1788
f 1788 1906 1908
f 1788 1908 1909
f 1788 1909 1910
f 1788 1910 1911
f 1788 1911 1789
f 1789 1911 1912
f 1789 1912 1790
f 1790 1913 1914
f 1790 1914 1791
f 1790 1912 1911
f 1790 1911 1915
f 1790 1915 1913
f 1791 1914 1792
f 1793 1828 1916
f 1793 1916 1917
f 1793 1917 1794
f 1794 1918 1809
f 1794 1917 1918
f 1795 1797 1796
f 1798 1799 1808
f 1799 1805 1919
f 1799 1919 1808
f 1800 1826 1801
f 1801 1826 1920
f 1801 1920 1921
f 1801 1921 1922
f 1801 1922 1802
f 1802 1923 1803
f 1802 1922 1923
f 1803 1924 1806
f 1803 1806 1804
f 1803 1923 1922
f 1803 1922 1924
f 1804 1806 1919
f 1804 1919 1805
f 1806 1924 1902
f 1806 1902 1807
f 1806 1808 1919
f 1809 1925 1810
f 1809 1918 1925
f 1810 1925 1926
f 1810 1926 1927
f 1810 1927 1928
f 1810 1928 1812
f 1811 1814 1929
f 1811 1929 1815
f 1812 1928 1813
f 1813 1930 1931
f 1813 1931 1932
f 1813 1932 1814
f 1813 1928 1930
f 1814 1932 1929
f 1815 1929 1821
f 1815 1821 1816
f 1818 1821 1932
f 1818 1932 1933
f 1818 1933 1934
f 1818 1934 1819
f 1819 1934 1935
f 1819 1935 1936
f 1819 1936 1822
f 1821 1929 1932
f 1822 1936 1823
f 1823 1936 1824
f 1824 1936 1937
f 1824 1937 1938
f 1824 1938 1939
f 1824 1939 1940
f 1824 1940 1941
f 1824 1941 1942
f 1824 1942 1825
f 1825 1943 1944
f 1825 1944 1945
f 1825 1942 1943
f 1826 1945 1920
f 1827 1901 1946
f 1827 1946 1828
f 1828 1946 1947
f 1828 1947 1916
f 1829 1837 1830
f 1830 1837 1948
f 1831 1949 1950
f 1831 1950 1832
f 1832 1950 1952
f 1832 1952 1951
f 1833 1839 1873
f 1833 1873 1953
f 1833 1953 1954
f 1833 1954 1834
f 1834 1954 1835
f 1835 1955 1838
f 1835 1838 1836
f 1835 1954 2066
f 1835 2066 1956
f 1835 1956 2067
f 1835 2067 1955
f 1837 1838 1957
f 1837 1957 1958
f 1837 1958 1948
f 1838 1955 2067
f 1838 2067 1957
f 1840 1914 1913
f 1840 1913 1959
f 1840 1959 1842
f 1840 1842 1841
f 1842 1960 1843
f 1842 1959 1960
f 1843 1960 1961
f 1843 1961 1844
f 1844 1961 1845
f 1845 1961 1962
f 1845 1962 1846
f 1846 1962 1847
f 1847 1962 1963
f 1847 1963 1964
f 1847 1964 2077
f 1847 2077 1965
f 1847 1965 1848
f 1848 1966 1849
f 1848 1965 1966
f 1849 1966 1850
f 1850 1966 1967
f 1850 1967 1851
f 1851 1967 1968
f 1851 1968 1857
f 1851 1857 1852
f 1852 1857 1853
f 1855 1859 1856
f 1856 1859 1858
f 1856 1858 1969
f 1856 1969 1970
f 1856 1970 1861
f 1857 1971 1972
f 1857 1972 1858
f 1857 1968 1973
f 1857 1973 1974
f 1857 1974 1975
f 1857 1975 1971
f 1858 1976 1969
f 1858 1972 1976
f 1861 1970 1977
f 1861 1977 1978
f 1861 1978 1979
f 1861 1979 1862
f 1862 1979 1980
f 1862 1980 1981
f 1862 1981 1982
f 1862 1982 1983
f 1862 1983 1863
f 1863 1865 1864
f 1863 1983 1984
f 1863 1984 1985
f 1863 1985 1865
f 1865 1985 1866
f 1866 1985 1868
f 1866 1868 1867
f 1868 1985 1986
f 1868 1986 1987
f 1868 1987 1988
f 1868 1988 1876
f 1869 1882 1870
f 1870 1882 1872
f 1871 1989 1873
f 1871 1990 1989
f 1872 1882 1990
f 1873 1989 1991
f 1873 1991 1954
f 1873 1954 1953
f 1874 1875 1877
f 1875 1876 1988
f 1875 1988 1992
f 1875 1992 1877
f 1877 1992 1993
f 1877 1993 1994
f 1877 1994 1878
f 1878 1994 1995
f 1878 1995 1996
f 1878 1996 1880
f 1880 1996 1997
f 1880 1997 1998
f 1880 1998 1881
f 1881 1998 1999
f 1881 1999 2000
f 1881 2000 1882
f 1882 2000 2001
f 1882 2001 2002
f 1882 2002 2003
f 1882 2003 1990
f 1883 2004 2005
f 1883 2005 1884
f 1886 2007 1889
f 1887 1891 1890
f 1887 1890 1888
f 1887 2008 1891
f 1889 2007 2009
f 1889 2009 2010
f 1889 2010 2008
f 1891 2008 2119
f 1891 2119 2011
f 1891 2011 1893
f 1891 1893 1892
f 1893 2011 2119
f 1893 2119 2012
f 1893 2012 2013
f 1893 2013 1896
f 1896 2013 1897
f 1897 2014 1900
f 1897 2013 2015
f 1897 2015 2016
f 1897 2016 2014
f 1898 1900 1899
f 1899 1900 2014
f 1899 2014 2017
f 1899 2017 2018
f 1899 2018 1901
f 1901 2018 1946
f 1902 1924 1903
f 1903 1924 1904
f 1904 1924 2019
f 1904 2019 2020
f 1904 2020 2021
f 1904 2021 1905
f 1905 2021 2022
f 1905 2022 1906
f 1906 2022 1908
f 1908 2023 2024
f 1908 2024 1909
f 1908 2022 2025
f 1908 2025 2026
f 1908 2026 2027
f 1908 2027 2023
f 1909 2024 2028
f 1909 2028 1910
f 1910 2028 1915
f 1910 1915 1911
f 1913 1915 1960
f 1913 1960 1959
f 1915 2028 1961
f 1915 1961 1960
f 1916 1947 2029
f 1916 2029 1918
f 1916 1918 1917
f 1918 2029 1925
f 1920 1945 2030
f 1920 2030 2031
f 1920 2031 1921
f 1921 2031 2032
f 1921 2032 2033
f 1921 2033 1922
f 1922 2033 2034
f 1922 2034 2035
f 1922 2035 2036
f 1922 2036 1924
f 1924 2036 2037
f 1924 2037 2019
f 1925 2029 2038
f 1925 2038 1926
f 1926 2038 2039
f 1926 2039 1927
f 1927 2039 2040
f 1927 2040 2041
f 1927 2041 1928
f 1928 2042 2043
f 1928 2043 2044
f 1928 2044 1931
f 1928 1931 1930
f 1928 2041 2042
f 1931 2044 1932
f 1932 2044 1933
f 1933 2044 2045
f 1933 2045 2046
f 1933 2046 1934
f 1934 2046 2047
f 1934 2047 2048
f 1934 2048 1935
f 1935 2048 1936
f 1936 2048 1937
f 1937 2048 1938
f 1938 2048 1939
f 1939 2048 2049
f 1939 2049 2050
f 1939 2050 1940
f 1940 2050 2051
f 1940 2051 2052
f 1940 2052 2053
f 1940 2053 1941
f 1941 2053 1942
f 1942 2053 2054
f 1942 2054 2055
f 1942 2055 1943
f 1943 2055 1944
f 1944 2055 2054
f 1944 2054 2056
f 1944 2056 2057
f 1944 2057 2058
f 1944 2058 2059
f 1944 2059 2060
f 1944 2060 2030
f 1944 2030 1945
f 1946 2018 2061
f 1946 2061 1947
f 1947 2061 2029
f 1951 1952 2064
f 1951 2064 2063
f 1954 1991 2065
f 1954 2065 2068
f 1954 2068 2066
f 1956 2066 2068
f 1956 2068 2069
f 1956 2069 2070
f 1956 2070 2067
f 1957 2067 1958
f 1958 2067 2070
f 1961 2028 2071
f 1961 2071 1962
f 1962 2071 2072
f 1962 2072 1963
f 1963 2072 2183
f 1963 2183 2073
f 1963 2073 1964
f 1964 2073 2074
f 1964 2074 2075
f 1964 2075 2076
f 1964 2076 2077
f 1965 2077 2078
f 1965 2078 2079
f 1965 2079 2080
f 1965 2080 1967
f 1965 1967 1966
f 1967 2080 1968
f 1968 2080 2081
f 1968 2081 1973
f 1969 1976 1977
f 1969 1977 1970
f 1971 1975 2082
f 1971 2082 2083
f 1971 2083 1972
f 1972 2083 2084
f 1972 2084 1977
f 1972 1977 1976
f 1973 2081 1974
f 1974 2079 1975
f 1974 2081 2079
f 1975 2085 2082
f 1975 2079 2078
f 1975 2078 2086
f 1975 2086 2087
f 1975 2087 2088
f 1975 2088 2089
f 1975 2089 2090
f 1975 2090 2091
f 1975 2091 2092
f 1975 2092 2085
f 1977 1979 1978
f 1977 2084 2093
f 1977 2093 1981
f 1977 1981 1980
f 1977 1980 1979
f 1981 2094 2095
f 1981 2095 1982
f 1981 2093 2084
f 1981 2084 2096
f 1981 2096 2097
f 1981 2097 2094
f 1982 2095 2098
f 1982 2098 2100
f 1982 2100 1983
f 1983 2099 1984
f 1983 2100 2099
f 1984 2099 1986
f 1984 1986 1985
f 1986 2099 2101
f 1986 2101 2102
f 1986 2102 2103
f 1986 2103 2104
f 1986 2104 1987
f 1987 2104 2105
f 1987 2105 1988
f 1988 2105 2106
f 1988 2106 1992
f 1989 1990 2107
f 1989 2107 1991
f 1990 2003 2108
f 1990 2108 2107
f 1991 2107 2065
f 1992 2106 1993
f 1993 2106 1994
f 1994 2106 2109
f 1994 2109 1996
f 1994 1996 1995
f 1996 2109 1997
f 1997 2109 2110
f 1997 2110 2111
f 1997 2111 1999
f 1997 1999 1998
f 1999 2111 2000
f 2000 2111 2001
f 2001 2111 2002
f 2002 2111 2112
f 2002 2112 2003
f 2003 2112 2113
f 2003 2113 2108
f 2004 2114 2115
f 2004 2115 2005
f 2006 2116 2117
f 2007 2118 2009
f 2008 2010 2119
f 2009 2118 2120
f 2009 2120 2121
f 2009 2121 2010
f 2010 2121 2122
f 2010 2122 2123
f 2010 2123 2119
f 2012 2119 2123
f 2012 2123 2013
f 2013 2123 2125
f 2013 2125 2015
f 2014 2016 2124
f 2014 2124 2017
f 2015 2125 2126
f 2015 2126 2127
f 2015 2127 2128
f 2015 2128 2016
f 2016 2128 2127
f 2016 2127 2124
f 2017 2129 2018
f 2017 2124 2130
f 2017 2130 2131
f 2017 2131 2132
f 2017 2132 2129
f 2018 2129 2061
f 2019 2037 2020
f 2020 2037 2133
f 2020 2133 2134
f 2020 2134 2135
f 2020 2135 2021
f 2021 2135 2025
f 2021 2025 2022
f 2023 2028 2024
f 2023 2027 2071
f 2023 2071 2028
f 2025 2136 2137
f 2025 2137 2138
f 2025 2138 2139
f 2025 2139 2026
f 2025 2135 2136
f 2026 2139 2072
f 2026 2072 2071
f 2026 2071 2027
f 2029 2132 2038
f 2029 2061 2132
f 2030 2032 2031
f 2030 2060 2032
f 2032 2060 2059
f 2032 2059 2033
f 2033 2059 2140
f 2033 2140 2141
f 2033 2141 2037
f 2033 2037 2034
f 2034 2037 2036
f 2034 2036 2035
f 2037 2141 2142
f 2037 2142 2136
f 2037 2136 2143
f 2037 2143 2134
f 2037 2134 2133
f 2038 2132 2144
f 2038 2144 2039
f 2039 2144 2145
f 2039 2145 2040
f 2040 2145 2041
f 2041 2145 2146
f 2041 2146 2042
f 2042 2146 2147
f 2042 2147 2148
f 2042 2148 2043
f 2043 2148 2044
f 2044 2148 2045
f 2045 2149 2046
f 2045 2148 2150
f 2045 2150 2149
f 2046 2149 2151
f 2046 2151 2152
f 2046 2152 2047
f 2047 2152 2048
f 2048 2152 2049
f 2049 2151 2153
f 2049 2153 2154
f 2049 2154 2051
f 2049 2051 2050
f 2049 2152 2151
f 2051 2154 2155
f 2051 2155 2052
f 2052 2156 2054
f 2052 2054 2053
f 2052 2155 2157
f 2052 2157 2158
f 2052 2158 2156
f 2054 2156 2158
f 2054 2158 2159
f 2054 2159 2160
f 2054 2160 2056
f 2056 2160 2057
f 2057 2161 2162
f 2057 2162 2059
f 2057 2059 2058
f 2057 2160 2163
f 2057 2163 2164
f 2057 2164 2165
f 2057 2165 2166
f 2057 2166 2284
f 2057 2284 2161
f 2059 2167 2168
f 2059 2168 2169
f 2059 2169 2140
f 2059 2162 2170
f 2059 2170 2171
f 2059 2171 2172
f 2059 2172 2167
f 2061 2129 2132
f 2062 2174 2173
f 2063 2064 2175
f 2064 2176 2175
f 2065 2107 2068
f 2068 2107 2177
f 2068 2177 2178
f 2068 2178 2179
f 2068 2179 2180
f 2068 2180 2181
f 2068 2181 2070
f 2068 2070 2069
f 2070 2181 2180
f 2070 2180 2182
f 2072 2139 2183
f 2073 2183 2184
f 2073 2184 2074
f 2074 2184 2307
f 2074 2307 2185
f 2074 2185 2075
f 2075 2185 2186
f 2075 2186 2187
f 2075 2187 2076
f 2076 2078 2077
f 2076 2187 2188
f 2076 2188 2189
f 2076 2189 2086
f 2076 2086 2078
f 2079 2081 2080
f 2082 2085 2190
f 2082 2190 2083
f 2083 2190 2191
f 2083 2191 2084
f 2084 2191 2096
f 2085 2092 2190
f 2086 2189 2192
f 2086 2192 2087
f 2087 2192 2193
f 2087 2193 2194
f 2087 2194 2088
f 2088 2194 2195
f 2088 2195 2196
f 2088 2196 2197
f 2088 2197 2089
f 2089 2197 2198
f 2089 2198 2092
f 2089 2092 2090
f 2090 2092 2091
f 2092 2199 2200
f 2092 2200 2201
f 2092 2201 2190
f 2092 2198 2202
f 2092 2202 2203
f 2092 2203 2204
f 2092 2204 2199
f 2094 2097 2205
f 2094 2205 2095
f 2095 2205 2098
f 2096 2191 2190
f 2096 2190 2201
f 2096 2201 2097
f 2097 2201 2200
f 2097 2200 2206
f 2097 2206 2207
f 2097 2207 2208
f 2097 2208 2205
f 2098 2205 2100
f 2099 2100 2209
f 2099 2209 2101
f 2100 2205 2209
f 2101 2210 2211
f 2101 2211 2103
f 2101 2103 2102
f 2101 2209 2212
f 2101 2212 2213
f 2101 2213 2210
f 2103 2211 2104
f 2104 2211 2214
f 2104 2214 2215
f 2104 2215 2216
f 2104 2216 2217
f 2104 2217 2105
f 2105 2217 2218
f 2105 2218 2106
f 2106 2218 2219
f 2106 2219 2109
f 2107 2108 2220
f 2107 2220 2221
f 2107 2221 2177
f 2108 2113 2222
f 2108 2222 2220
f 2109 2219 2223
f 2109 2223 2110
f 2110 2224 2111
f 2110 2223 2225
f 2110 2225 2226
f 2110 2226 2224
f 2111 2224 2227
f 2111 2227 2112
f 2112 2227 2222
f 2112 2222 2113
f 2114 2228 2229
f 2114 2229 2115
f 2116 2230 2231
f 2116 2231 2232
f 2116 2232 2233
f 2116 2233 2234
f 2116 2234 2117
f 2117 2234 2235
f 2118 2236 2120
f 2120 2237 2238
f 2120 2238 2121
f 2120 2236 2239
f 2120 2239 2240
f 2120 2240 2241
f 2120 2241 2242
f 2120 2242 2237
f 2121 2238 2237
f 2121 2237 2243
f 2121 2243 2122
f 2122 2243 2244
f 2122 2244 2245
f 2122 2245 2123
f 2123 2245 2126
f 2123 2126 2125
f 2124 2127 2246
f 2124 2246 2247
f 2124 2247 2248
f 2124 2248 2130
f 2126 2245 2249
f 2126 2249 2127
f 2127 2247 2246
f 2127 2249 2250
f 2127 2250 2251
f 2127 2251 2252
f 2127 2252 2378
f 2127 2378 2253
f 2127 2253 2247
f 2130 2248 2247
f 2130 2247 2131
f 2131 2247 2144
f 2131 2144 2132
f 2134 2143 2135
f 2135 2143 2136
f 2136 2142 2137
f 2137 2141 2254
f 2137 2254 2255
f 2137 2255 2138
f 2137 2142 2141
f 2138 2255 2139
f 2139 2255 2256
f 2139 2256 2184
f 2139 2184 2183
f 2140 2169 2141
f 2141 2169 2168
f 2141 2168 2257
f 2141 2257 2258
f 2141 2258 2259
f 2141 2259 2260
f 2141 2260 2261
f 2141 2261 2254
f 2144 2247 2145
f 2145 2247 2262
f 2145 2262 2146
f 2146 2262 2263
f 2146 2263 2264
f 2146 2264 2147
f 2147 2264 2265
f 2147 2265 2266
f 2147 2266 2268
f 2147 2268 2267
f 2147 2267 2148
f 2148 2267 2268
f 2148 2268 2269
f 2148 2269 2150
f 2149 2150 2270
f 2149 2270 2151
f 2150 2269 2271
f 2150 2271 2272
f 2150 2272 2270
f 2151 2270 2272
f 2151 2272 2153
f 2153 2272 2273
f 2153 2273 2274
f 2153 2274 2154
f 2154 2275 2155
f 2154 2274 2276
f 2154 2276 2275
f 2155 2275 2157
f 2157 2275 2277
f 2157 2277 2278
f 2157 2278 2279
f 2157 2279 2280
f 2157 2280 2159
f 2157 2159 2158
f 2159 2280 2281
f 2159 2281 2282
f 2159 2282 2283
f 2159 2283 2164
f 2159 2164 2163
f 2159 2163 2160
f 2161 2284 2285
f 2161 2285 2162
f 2162 2285 2170
f 2164 2283 2286
f 2164 2286 2287
f 2164 2287 2165
f 2165 2287 2284
f 2165 2284 2166
f 2167 2258 2257
f 2167 2257 2168
f 2167 2172 2288
f 2167 2288 2258
f 2170 2285 2289
f 2170 2289 2171
f 2171 2289 2172
f 2172 2289 2405
f 2172 2405 2290
f 2172 2290 2291
f 2172 2291 2292
f 2172 2292 2288
f 2173 2174 2294
f 2173 2294 2295
f 2173 2295 2293
f 2174 2296 2294
f 2175 2176 2297
f 2175 2297 2298
f 2175 2298 2299
f 2175 2299 2300
f 2175 2300 2301
f 2175 2301 2302
f 2177 2179 2178
f 2177 2221 2303
f 2177 2303 2304
f 2177 2304 2179
f 2179 2305 2182
f 2179 2182 2180
f 2179 2304 2306
f 2179 2306 2429
f 2179 2429 2305
f 2184 2256 2307
f 2185 2307 2431
f 2185 2431 2308
f 2185 2308 2309
f 2185 2309 2186
f 2186 2309 2310
f 2186 2310 2311
f 2186 2311 2187
f 2187 2311 2312
f 2187 2312 2313
f 2187 2313 2314
f 2187 2314 2315
f 2187 2315 2188
f 2188 2315 2314
f 2188 2314 2189
f 2189 2314 2313
f 2189 2313 2316
f 2189 2316 2192
f 2192 2316 2317
f 2192 2317 2193
f 2193 2317 2195
f 2193 2195 2194
f 2195 2317 2318
f 2195 2318 2319
f 2195 2319 2320
f 2195 2320 2196
f 2196 2320 2197
f 2197 2320 2202
f 2197 2202 2198
f 2199 2321 2322
f 2199 2322 2206
f 2199 2206 2200
f 2199 2204 2323
f 2199 2323 2324
f 2199 2324 2321
f 2202 2320 2325
f 2202 2325 2203
f 2203 2325 2323
f 2203 2323 2204
f 2205 2208 2326
f 2205 2326 2327
f 2205 2327 2209
f 2206 2328 2207
f 2206 2322 2329
f 2206 2329 2330
f 2206 2330 2328
f 2207 2331 2326
f 2207 2326 2208
f 2207 2328 2331
f 2209 2327 2212
f 2210 2213 2332
f 2210 2332 2333
f 2210 2333 2211
f 2211 2333 2334
f 2211 2334 2214
f 2212 2327 2335
f 2212 2335 2332
f 2212 2332 2213
f 2214 2334 2215
f 2215 2333 2336
f 2215 2336 2337
f 2215 2337 2338
f 2215 2338 2339
f 2215 2339 2340
f 2215 2340 2216
f 2215 2334 2333
f 2216 2340 2217
f 2217 2340 2218
f 2218 2340 2341
f 2218 2341 2223
f 2218 2223 2219
f 2220 2222 2342
f 2220 2342 2343
f 2220 2343 2221
f 2221 2343 2227
f 2221 2227 2344
f 2221 2344 2345
f 2221 2345 2346
f 2221 2346 2347
f 2221 2347 2348
f 2221 2348 2303
f 2222 2227 2342
f 2223 2341 2225
f 2224 2349 2227
f 2224 2226 2349
f 2225 2350 2351
f 2225 2351 2352
f 2225 2352 2226
f 2225 2341 2350
f 2226 2352 2473
f 2226 2473 2353
f 2226 2353 2354
f 2226 2354 2349
f 2227 2349 2354
f 2227 2354 2344
f 2227 2343 2342
f 2228 2355 2229
f 2229 2355 2356
f 2230 2357 2358
f 2230 2358 2231
f 2230 2359 2360
f 2230 2360 2361
f 2230 2361 2357
f 2231 2358 2484
f 2231 2484 2362
f 2231 2362 2232
f 2232 2362 2363
f 2232 2363 2364
f 2232 2364 2233
f 2233 2364 2234
f 2234 2364 2235
f 2235 2364 2365
f 2235 2365 2366
f 2235 2366 2493
f 2235 2493 2367
f 2237 2242 2368
f 2237 2368 2369
f 2237 2369 2374
f 2237 2374 2243
f 2240 2242 2241
f 2240 2370 2371
f 2240 2371 2372
f 2240 2372 2242
f 2242 2373 2368
f 2242 2372 2373
f 2243 2249 2245
f 2243 2245 2244
f 2243 2374 2250
f 2243 2250 2249
f 2247 2253 2262
f 2250 2374 2375
f 2250 2375 2376
f 2250 2376 2251
f 2251 2376 2377
f 2251 2377 2378
f 2251 2378 2252
f 2253 2378 2263
f 2253 2263 2262
f 2254 2261 2379
f 2254 2379 2255
f 2255 2379 2380
f 2255 2380 2256
f 2256 2380 2381
f 2256 2381 2382
f 2256 2382 2383
f 2256 2383 2307
f 2258 2288 2384
f 2258 2384 2259
f 2259 2384 2260
f 2260 2384 2385
f 2260 2385 2261
f 2261 2385 2386
f 2261 2386 2379
f 2263 2378 2377
f 2263 2377 2499
f 2263 2499 2387
f 2263 2387 2265
f 2263 2265 2264
f 2265 2387 2388
f 2265 2388 2268
f 2265 2268 2266
f 2268 2388 2389
f 2268 2389 2269
f 2269 2389 2390
f 2269 2390 2391
f 2269 2391 2271
f 2271 2391 2392
f 2271 2392 2273
f 2271 2273 2272
f 2273 2392 2393
f 2273 2393 2394
f 2273 2394 2395
f 2273 2395 2396
f 2273 2396 2274
f 2274 2397 2276
f 2274 2396 2397
f 2275 2276 2399
f 2275 2399 2277
f 2276 2397 2398
f 2276 2398 2399
f 2277 2399 2400
f 2277 2400 2278
f 2278 2400 2279
f 2279 2400 2401
f 2279 2401 2402
f 2279 2402 2281
f 2279 2281 2280
f 2281 2402 2403
f 2281 2403 2282
f 2282 2286 2283
f 2282 2403 2286
f 2284 2404 2290
f 2284 2290 2405
f 2284 2405 2289
f 2284 2289 2406
f 2284 2406 2285
f 2284 2287 2407
f 2284 2407 2408
f 2284 2408 2409
f 2284 2409 2410
f 2284 2410 2411
f 2284 2411 2404
f 2285 2406 2289
f 2286 2403 2408
f 2286 2408 2407
f 2286 2407 2287
f 2288 2292 2384
f 2290 2412 2291
f 2290 2404 2413
f 2290 2413 2414
f 2290 2414 2415
f 2290 2415 2412
f 2291 2416 2385
f 2291 2385 2384
f 2291 2384 2292
f 2291 2412 2416
f 2293 2295 2417
f 2294 2296 2418
f 2294 2418 2419
f 2294 2419 2295
f 2295 2420 2417
f 2295 2419 2420
f 2296 2421 2419
f 2296 2419 2418
f 2296 2422 2556
f 2296 2556 2423
f 2296 2423 2421
f 2301 2424 2425
f 2301 2425 2426
f 2301 2426 2427
f 2301 2427 2428
f 2301 2428 2302
f 2303 2348 2304
f 2304 2348 2306
f 2306 2348 2430
f 2306 2430 2429
f 2307 2383 2431
f 2308 2431 2509
f 2308 2509 2432
f 2308 2432 2309
f 2309 2432 2312
f 2309 2312 2310
f 2310 2312 2311
f 2312 2432 2433
f 2312 2433 2434
f 2312 2434 2435
f 2312 2435 2436
f 2312 2436 2439
f 2312 2439 2437
f 2312 2437 2438
f 2312 2438 2313
f 2313 2438 2316
f 2316 2438 2437
f 2316 2437 2439
f 2316 2439 2440
f 2316 2440 2441
f 2316 2441 2442
f 2316 2442 2317
f 2317 2442 2318
f 2318 2442 2319
f 2319 2443 2444
f 2319 2444 2445
f 2319 2445 2325
f 2319 2325 2320
f 2319 2442 2446
f 2319 2446 2447
f 2319 2447 2448
f 2319 2448 2449
f 2319 2449 2579
f 2319 2579 2450
f 2319 2450 2451
f 2319 2451 2452
f 2319 2452 2453
f 2319 2453 2443
f 2321 2324 2444
f 2321 2444 2322
f 2322 2444 2329
f 2323 2325 2454
f 2323 2454 2324
f 2324 2454 2444
f 2325 2445 2454
f 2326 2331 2455
f 2326 2455 2327
f 2327 2455 2456
f 2327 2456 2335
f 2328 2330 2329
f 2328 2329 2457
f 2328 2457 2331
f 2329 2444 2458
f 2329 2458 2459
f 2329 2459 2457
f 2331 2457 2460
f 2331 2460 2461
f 2331 2461 2462
f 2331 2462 2463
f 2331 2463 2455
f 2332 2335 2464
f 2332 2464 2336
f 2332 2336 2333
f 2335 2456 2465
f 2335 2465 2464
f 2336 2464 2466
f 2336 2466 2467
f 2336 2467 2468
f 2336 2468 2337
f 2337 2468 2469
f 2337 2469 2470
f 2337 2470 2338
f 2338 2471 2350
f 2338 2350 2339
f 2338 2470 2472
f 2338 2472 2471
f 2339 2350 2340
f 2340 2350 2341
f 2344 2354 2353
f 2344 2353 2345
f 2345 2353 2346
f 2346 2353 2473
f 2346 2473 2474
f 2346 2474 2603
f 2346 2603 2475
f 2346 2475 2476
f 2346 2476 2347
f 2347 2476 2348
f 2348 2476 2477
f 2348 2477 2430
f 2350 2471 2351
f 2351 2471 2472
f 2351 2472 2478
f 2351 2478 2479
f 2351 2479 2352
f 2352 2479 2473
f 2355 2480 2356
f 2356 2481 2482
f 2356 2480 2481
f 2357 2361 2483
f 2357 2483 2484
f 2357 2484 2358
f 2359 2485 2486
f 2359 2486 2487
f 2359 2487 2488
f 2359 2488 2360
f 2360 2488 2361
f 2361 2489 2614
f 2361 2614 2483
f 2361 2488 2489
f 2362 2484 2490
f 2362 2490 2365
f 2362 2365 2363
f 2363 2365 2364
f 2365 2490 2491
f 2365 2491 2492
f 2365 2492 2493
f 2365 2493 2366
f 2367 2493 2629
f 2367 2629 2494
f 2368 2373 2369
f 2369 2373 2375
f 2369 2375 2374
f 2370 2495 2371
f 2371 2495 2496
f 2371 2496 2497
f 2371 2497 2498
f 2371 2498 2373
f 2371 2373 2372
f 2373 2499 2377
f 2373 2377 2375
f 2373 2498 2500
f 2373 2500 2501
f 2373 2501 2502
f 2373 2502 2503
f 2373 2503 2499
f 2375 2377 2376
f 2379 2386 2504
f 2379 2504 2505
f 2379 2505 2506
f 2379 2506 2380
f 2380 2506 2507
f 2380 2507 2381
f 2381 2507 2506
f 2381 2506 2505
f 2381 2505 2508
f 2381 2508 2382
f 2382 2508 2383
f 2383 2508 2509
f 2383 2509 2431
f 2385 2416 2386
f 2386 2416 2510
f 2386 2510 2504
f 2387 2499 2503
f 2387 2503 2511
f 2387 2511 2512
f 2387 2512 2388
f 2388 2512 2513
f 2388 2513 2389
f 2389 2513 2514
f 2389 2514 2390
f 2390 2515 2516
f 2390 2516 2391
f 2390 2514 2515
f 2391 2516 2517
f 2391 2517 2519
f 2391 2519 2518
f 2391 2518 2392
f 2392 2518 2393
f 2393 2518 2519
f 2393 2519 2520
f 2393 2520 2394
f 2394 2520 2395
f 2395 2520 2521
f 2395 2521 2396
f 2396 2522 2523
f 2396 2523 2524
f 2396 2524 2398
f 2396 2398 2397
f 2396 2521 2522
f 2398 2524 2401
f 2398 2401 2400
f 2398 2400 2399
f 2401 2524 2525
f 2401 2525 2402
f 2402 2525 2526
f 2402 2526 2403
f 2403 2526 2527
f 2403 2527 2408
f 2404 2411 2528
f 2404 2528 2413
f 2408 2527 2529
f 2408 2529 2530
f 2408 2530 2531
f 2408 2531 2532
f 2408 2532 2533
f 2408 2533 2409
f 2409 2533 2410
f 2410 2533 2532
f 2410 2532 2534
f 2410 2534 2535
f 2410 2535 2536
f 2410 2536 2537
f 2410 2537 2411
f 2411 2537 2528
f 2412 2415 2538
f 2412 2538 2416
f 2413 2528 2539
f 2413 2539 2414
f 2414 2539 2540
f 2414 2540 2541
f 2414 2541 2542
f 2414 2542 2543
f 2414 2543 2544
f 2414 2544 2545
f 2414 2545 2546
f 2414 2546 2547
f 2414 2547 2415
f 2415 2547 2538
f 2416 2538 2548
f 2416 2548 2549
f 2416 2549 2504
f 2416 2504 2510
f 2417 2420 2551
f 2417 2551 2550
f 2419 2552 2551
f 2419 2551 2420
f 2419 2421 2553
f 2419 2553 2552
f 2421 2423 2553
f 2422 2554 2555
f 2422 2555 2556
f 2423 2556 2689
f 2423 2689 2553
f 2424 2557 2425
f 2425 2557 2558
f 2430 2477 2559
f 2432 2509 2560
f 2432 2560 2433
f 2433 2560 2561
f 2433 2561 2434
f 2434 2561 2562
f 2434 2562 2435
f 2435 2562 2699
f 2435 2699 2563
f 2435 2563 2564
f 2435 2564 2436
f 2436 2564 2565
f 2436 2565 2439
f 2439 2565 2440
f 2440 2565 2566
f 2440 2566 2567
f 2440 2567 2568
f 2440 2568 2569
f 2440 2569 2570
f 2440 2570 2441
f 2441 2570 2571
f 2441 2571 2442
f 2442 2571 2572
f 2442 2572 2446
f 2443 2453 2573
f 2443 2573 2444
f 2444 2573 2574
f 2444 2574 2575
f 2444 2575 2460
f 2444 2460 2458
f 2444 2454 2445
f 2446 2572 2447
f 2447 2572 2576
f 2447 2576 2448
f 2448 2576 2577
f 2448 2577 2578
f 2448 2578 2449
f 2449 2578 2579
f 2450 2579 2580
f 2450 2580 2451
f 2451 2580 2452
f 2452 2580 2453
f 2453 2580 2573
f 2455 2581 2582
f 2455 2582 2465
f 2455 2465 2456
f 2455 2463 2583
f 2455 2583 2584
f 2455 2584 2585
f 2455 2585 2581
f 2457 2459 2458
f 2457 2458 2586
f 2457 2586 2460
f 2458 2460 2586
f 2460 2587 2461
f 2460 2575 2588
f 2460 2588 2587
f 2461 2587 2462
f 2462 2587 2583
f 2462 2583 2463
f 2464 2465 2581
f 2464 2581 2589
f 2464 2589 2466
f 2465 2582 2581
f 2466 2589 2590
f 2466 2590 2591
f 2466 2591 2592
f 2466 2592 2467
f 2467 2592 2591
f 2467 2591 2593
f 2467 2593 2594
f 2467 2594 2595
f 2467 2595 2469
f 2467 2469 2468
f 2469 2596 2470
f 2469 2595 2597
f 2469 2597 2596
f 2470 2596 2472
f 2472 2596 2598
f 2472 2598 2599
f 2472 2599 2478
f 2473 2600 2474
f 2473 2479 2601
f 2473 2601 2602
f 2473 2602 2600
f 2474 2600 2603
f 2475 2603 2604
f 2475 2604 2476
f 2476 2605 2606
f 2476 2606 2477
f 2476 2604 2607
f 2476 2607 2605
f 2477 2606 2608
f 2477 2608 2559
f 2478 2599 2479
f 2479 2599 2609
f 2479 2609 2610
f 2479 2610 2611
f 2479 2611 2601
f 2480 2612 2482
f 2480 2482 2481
f 2482 2612 2613
f 2483 2614 2759
f 2483 2759 2615
f 2483 2615 2490
f 2483 2490 2484
f 2485 2616 2617
f 2485 2617 2618
f 2485 2618 2486
f 2486 2618 2619
f 2486 2619 2487
f 2487 2619 2618
f 2487 2618 2620
f 2487 2620 2621
f 2487 2621 2622
f 2487 2622 2488
f 2488 2622 2489
f 2489 2622 2757
f 2489 2757 2614
f 2490 2615 2624
f 2490 2624 2623
f 2490 2623 2491
f 2491 2623 2624
f 2491 2624 2625
f 2491 2625 2775
f 2491 2775 2626
f 2491 2626 2627
f 2491 2627 2628
f 2491 2628 2492
f 2492 2628 2629
f 2492 2629 2493
f 2494 2629 2630
f 2495 2631 2496
f 2495 2632 2633
f 2495 2633 2631
f 2496 2631 2497
f 2497 2631 2634
f 2497 2634 2635
f 2497 2635 2500
f 2497 2500 2498
f 2500 2635 2636
f 2500 2636 2787
f 2500 2787 2637
f 2500 2637 2643
f 2500 2643 2638
f 2500 2638 2512
f 2500 2512 2501
f 2501 2512 2502
f 2502 2512 2503
f 2503 2512 2511
f 2504 2549 2639
f 2504 2639 2640
f 2504 2640 2641
f 2504 2641 2505
f 2505 2641 2508
f 2508 2641 2640
f 2508 2640 2642
f 2508 2642 2561
f 2508 2561 2560
f 2508 2560 2509
f 2512 2638 2514
f 2512 2514 2513
f 2514 2638 2515
f 2515 2638 2643
f 2515 2643 2644
f 2515 2644 2645
f 2515 2645 2646
f 2515 2646 2517
f 2515 2517 2516
f 2517 2646 2519
f 2519 2521 2520
f 2519 2646 2647
f 2519 2647 2648
f 2519 2648 2649
f 2519 2649 2521
f 2521 2649 2650
f 2521 2650 2522
f 2522 2650 2651
f 2522 2651 2652
f 2522 2652 2523
f 2523 2653 2654
f 2523 2654 2524
f 2523 2652 2655
f 2523 2655 2656
f 2523 2656 2657
f 2523 2657 2653
f 2524 2654 2525
f 2525 2654 2658
f 2525 2658 2529
f 2525 2529 2526
f 2526 2529 2527
f 2528 2537 2539
f 2529 2658 2530
f 2530 2658 2659
f 2530 2659 2660
f 2530 2660 2531
f 2531 2660 2661
f 2531 2661 2534
f 2531 2534 2532
f 2534 2661 2662
f 2534 2662 2663
f 2534 2663 2664
f 2534 2664 2535
f 2535 2664 2665
f 2535 2665 2666
f 2535 2666 2536
f 2536 2666 2537
f 2537 2666 2665
f 2537 2665 2667
f 2537 2667 2539
f 2538 2547 2548
f 2539 2667 2540
f 2540 2665 2668
f 2540 2668 2541
f 2540 2667 2665
f 2541 2668 2542
f 2542 2669 2670
f 2542 2670 2671
f 2542 2671 2672
f 2542 2672 2543
f 2542 2668 2669
f 2543 2672 2673
f 2543 2673 2544
f 2544 2674 2675
f 2544 2675 2676
f 2544 2676 2545
f 2544 2673 2677
f 2544 2677 2678
f 2544 2678 2679
f 2544 2679 2827
f 2544 2827 2680
f 2544 2680 2674
f 2545 2676 2681
f 2545 2681 2546
f 2546 2681 2547
f 2547 2681 2682
f 2547 2682 2683
f 2547 2683 2639
f 2547 2639 2548
f 2548 2639 2549
f 2550 2684 2685
f 2550 2551 2684
f 2551 2686 2684
f 2551 2552 2687
f 2551 2687 2686
f 2552 2553 2688
f 2552 2688 2687
f 2553 2689 2836
f 2553 2836 2690
f 2553 2690 2688
f 2554 2691 2692
f 2554 2692 2555
f 2555 2692 2840
f 2555 2840 2693
f 2555 2693 2694
f 2555 2694 2556
f 2556 2694 2689
f 2557 2695 2696
f 2557 2696 2558
f 2561 2642 2562
f 2562 2642 2697
f 2562 2697 2698
f 2562 2698 2699
f 2563 2699 2844
f 2563 2844 2700
f 2563 2700 2564
f 2564 2700 2701
f 2564 2701 2702
f 2564 2702 2565
f 2565 2702 2703
f 2565 2703 2704
f 2565 2704 2705
f 2565 2705 2706
f 2565 2706 2566
f 2566 2706 2567
f 2567 2706 2707
f 2567 2707 2708
f 2567 2708 2568
f 2568 2708 2569
f 2569 2708 2709
f 2569 2709 2710
f 2569 2710 2711
f 2569 2711 2570
f 2570 2711 2571
f 2571 2711 2712
f 2571 2712 2572
f 2572 2712 2576
f 2573 2580 2713
f 2573 2713 2714
f 2573 2714 2715
f 2573 2715 2575
f 2573 2575 2574
f 2575 2715 2716
f 2575 2716 2717
f 2575 2717 2718
f 2575 2718 2719
f 2575 2719 2720
f 2575 2720 2721
f 2575 2721 2722
f 2575 2722 2588
f 2576 2712 2577
f 2577 2723 2724
f 2577 2724 2578
f 2577 2712 2711
f 2577 2711 2710
f 2577 2710 2725
f 2577 2725 2726
f 2577 2726 2727
f 2577 2727 2728
f 2577 2728 2723
f 2578 2724 2579
f 2579 2724 2723
f 2579 2723 2729
f 2579 2729 2580
f 2580 2730 2731
f 2580 2731 2732
f 2580 2732 2713
f 2580 2729 2733
f 2580 2733 2872
f 2580 2872 2734
f 2580 2734 2873
f 2580 2873 2735
f 2580 2735 2736
f 2580 2736 2737
f 2580 2737 2738
f 2580 2738 2739
f 2580 2739 2740
f 2580 2740 2730
f 2581 2585 2590
f 2581 2590 2589
f 2583 2587 2588
f 2583 2588 2584
f 2584 2588 2741
f 2584 2741 2590
f 2584 2590 2585
f 2588 2722 2742
f 2588 2742 2741
f 2590 2741 2742
f 2590 2742 2743
f 2590 2743 2591
f 2591 2743 2594
f 2591 2594 2593
f 2594 2742 2744
f 2594 2744 2745
f 2594 2745 2595
f 2594 2743 2742
f 2595 2745 2597
f 2596 2597 2746
f 2596 2746 2598
f 2597 2745 2747
f 2597 2747 2746
f 2598 2746 2748
f 2598 2748 2599
f 2599 2748 2749
f 2599 2749 2609
f 2600 2602 2603
f 2601 2611 2602
f 2602 2749 2750
f 2602 2750 2751
f 2602 2751 2603
f 2602 2611 2610
f 2602 2610 2749
f 2603 2751 2890
f 2603 2890 2752
f 2603 2752 2604
f 2604 2752 2753
f 2604 2753 2754
f 2604 2754 2607
f 2605 2608 2606
f 2605 2607 2754
f 2605 2754 2608
f 2608 2754 2755
f 2609 2749 2610
f 2612 2696 2756
f 2612 2756 2613
f 2614 2757 2758
f 2614 2758 2759
f 2615 2759 2624
f 2616 2760 2617
f 2616 2761 2762
f 2616 2762 2763
f 2616 2763 2760
f 2617 2760 2764
f 2617 2764 2618
f 2618 2764 2620
f 2620 2764 2765
f 2620 2765 2766
f 2620 2766 2767
f 2620 2767 2768
f 2620 2768 2769
f 2620 2769 2621
f 2621 2769 2770
f 2621 2770 2771
f 2621 2771 2758
f 2621 2758 2622
f 2622 2758 2757
f 2624 2759 2758
f 2624 2758 2772
f 2624 2772 2773
f 2624 2773 2912
f 2624 2912 2774
f 2624 2774 2625
f 2625 2774 2913
f 2625 2913 2775
f 2626 2775 2776
f 2626 2776 2627
f 2627 2776 2777
f 2627 2777 2778
f 2627 2778 2628
f 2628 2778 2779
f 2628 2779 2780
f 2628 2780 2630
f 2628 2630 2629
f 2630 2780 2779
f 2630 2779 2781
f 2631 2633 2634
f 2632 2782 2633
f 2633 2782 2783
f 2633 2783 2784
f 2633 2784 2926
f 2633 2926 2785
f 2633 2785 2786
f 2633 2786 2634
f 2634 2786 2787
f 2634 2787 2636
f 2634 2636 2635
f 2637 2788 2643
f 2637 2787 2788
f 2639 2789 2790
f 2639 2790 2640
f 2639 2683 2682
f 2639 2682 2791
f 2639 2791 2792
f 2639 2792 2793
f 2639 2793 2789
f 2640 2790 2697
f 2640 2697 2642
f 2643 2788 2794
f 2643 2794 2795
f 2643 2795 2796
f 2643 2796 2644
f 2644 2796 2645
f 2645 2647 2646
f 2645 2796 2797
f 2645 2797 2647
f 2647 2797 2648
f 2648 2797 2798
f 2648 2798 2649
f 2649 2798 2650
f 2650 2798 2651
f 2651 2799 2800
f 2651 2800 2652
f 2651 2798 2799
f 2652 2800 2656
f 2652 2656 2655
f 2653 2801 2802
f 2653 2802 2654
f 2653 2657 2801
f 2654 2802 2658
f 2656 2800 2803
f 2656 2803 2657
f 2657 2803 2804
f 2657 2804 2805
f 2657 2805 2806
f 2657 2806 2807
f 2657 2807 2808
f 2657 2808 2809
f 2657 2809 2810
f 2657 2810 2801
f 2658 2802 2811
f 2658 2811 2660
f 2658 2660 2659
f 2660 2811 2812
f 2660 2812 2661
f 2661 2812 2662
f 2662 2812 2663
f 2663 2812 2813
f 2663 2813 2814
f 2663 2814 2815
f 2663 2815 2816
f 2663 2816 2817
f 2663 2817 2664
f 2664 2668 2665
f 2664 2817 2818
f 2664 2818 2668
f 2668 2818 2669
f 2669 2818 2819
f 2669 2819 2820
f 2669 2820 2670
f 2670 2820 2821
f 2670 2821 2671
f 2671 2821 2822
f 2671 2822 2672
f 2672 2823 2678
f 2672 2678 2677
f 2672 2677 2673
f 2672 2822 2823
f 2674 2824 2675
f 2674 2680 2825
f 2674 2825 2824
f 2675 2824 2791
f 2675 2791 2682
f 2675 2682 2676
f 2676 2682 2681
f 2678 2823 2826
f 2678 2826 2827
f 2678 2827 2679
f 2680 2827 2828
f 2680 2828 2829
f 2680 2829 2825
f 2684 2686 2830
f 2684 2830 2831
f 2684 2831 2685
f 2685 2831 2832
f 2686 2687 2830
f 2687 2833 2830
f 2687 2688 2833
f 2688 2690 2834
f 2688 2834 2833
f 2689 2835 2836
f 2689 2694 2693
f 2689 2693 2835
f 2690 2836 2988
f 2690 2988 2834
f 2691 2837 2992
f 2691 2992 2838
f 2691 2838 2692
f 2692 2838 2839
f 2692 2839 2840
f 2693 2840 2990
f 2693 2990 2835
f 2695 2756 2696
f 2697 2790 2789
f 2697 2789 2698
f 2698 2789 2841
f 2698 2841 2842
f 2698 2842 2843
f 2698 2843 2844
f 2698 2844 2699
f 2700 2844 3002
f 2700 3002 2845
f 2700 2845 2701
f 2701 2845 2846
f 2701 2846 2847
f 2701 2847 2702
f 2702 2847 2703
f 2703 2847 2704
f 2704 2847 2848
f 2704 2848 2849
f 2704 2849 2850
f 2704 2850 2851
f 2704 2851 2852
f 2704 2852 2707
f 2704 2707 2705
f 2705 2707 2706
f 2707 2852 2853
f 2707 2853 2854
f 2707 2854 2855
f 2707 2855 2726
f 2707 2726 2709
f 2707 2709 2708
f 2709 2726 2725
f 2709 2725 2710
f 2713 2732 2731
f 2713 2731 2856
f 2713 2856 2715
f 2713 2715 2714
f 2715 2856 2857
f 2715 2857 2716
f 2716 2857 2856
f 2716 2856 2717
f 2717 2856 2730
f 2717 2730 2858
f 2717 2858 2718
f 2718 2859 2860
f 2718 2860 2719
f 2718 2858 2861
f 2718 2861 2859
f 2719 2862 2720
f 2719 2860 2859
f 2719 2859 2863
f 2719 2863 2862
f 2720 2864 2721
f 2720 2862 2864
f 2721 2864 2865
f 2721 2865 2722
f 2722 2865 2742
f 2723 2728 2729
f 2726 2855 2727
f 2727 2855 2866
f 2727 2866 2867
f 2727 2867 2868
f 2727 2868 2869
f 2727 2869 2728
f 2728 2869 2870
f 2728 2870 2871
f 2728 2871 2733
f 2728 2733 2729
f 2730 2856 2731
f 2730 2740 2739
f 2730 2739 2858
f 2733 2871 2872
f 2734 2872 2873
f 2735 2874 2736
f 2735 2873 2875
f 2735 2875 2874
f 2736 2874 2737
f 2737 2874 2876
f 2737 2876 2877
f 2737 2877 2878
f 2737 2878 2739
f 2737 2739 2738
f 2739 2879 2858
f 2739 2878 2879
f 2742 2865 2744
f 2744 2880 2745
f 2744 2865 2881
f 2744 2881 2882
f 2744 2882 2883
f 2744 2883 2880
f 2745 2880 2747
f 2746 2747 2884
f 2746 2884 2885
f 2746 2885 2748
f 2747 2880 2886
f 2747 2886 2884
f 2748 2885 2749
f 2749 2885 2887
f 2749 2887 2888
f 2749 2888 2750
f 2750 2888 2889
f 2750 2889 2751
f 2751 2889 2891
f 2751 2891 2890
f 2752 2892 2753
f 2752 2890 2893
f 2752 2893 2892
f 2753 2892 2894
f 2753 2894 2754
f 2754 2894 2895
f 2754 2895 2755
f 2758 2771 2772
f 2760 2763 2764
f 2761 2896 2897
f 2761 2897 2898
f 2761 2898 2899
f 2761 2899 2900
f 2761 2900 2762
f 2762 2900 2901
f 2762 2901 2902
f 2762 2902 2763
f 2763 2902 2764
f 2764 2766 2765
f 2764 2902 2766
f 2766 2903 2904
f 2766 2904 2905
f 2766 2905 2906
f 2766 2906 2767
f 2766 2902 2901
f 2766 2901 2903
f 2767 2906 2907
f 2767 2907 2768
f 2768 2907 2770
f 2768 2770 2769
f 2770 2907 2908
f 2770 2908 2771
f 2771 2908 2909
f 2771 2909 3072
f 2771 3072 2910
f 2771 2910 2911
f 2771 2911 2773
f 2771 2773 2772
f 2773 2911 3074
f 2773 3074 2912
f 2774 2912 2914
f 2774 2914 2913
f 2775 2913 2914
f 2775 2914 2915
f 2775 2915 2777
f 2775 2777 2776
f 2777 2915 2916
f 2777 2916 2917
f 2777 2917 2778
f 2778 2917 2918
f 2778 2918 2779
f 2779 2918 2919
f 2779 2919 2920
f 2779 2920 2921
f 2779 2921 2922
f 2779 2922 2781
f 2782 2923 2783
f 2783 2923 3088
f 2783 3088 2924
f 2783 2924 2925
f 2783 2925 2926
f 2783 2926 2784
f 2785 2926 2786
f 2786 2926 2927
f 2786 2927 2787
f 2787 2927 3095
f 2787 3095 2928
f 2787 2928 2795
f 2787 2795 2794
f 2787 2794 2788
f 2789 2793 2841
f 2791 2824 2792
f 2792 2824 2929
f 2792 2929 2793
f 2793 2929 2930
f 2793 2930 2841
f 2795 2928 2796
f 2796 2928 2931
f 2796 2931 2932
f 2796 2932 2933
f 2796 2933 2798
f 2796 2798 2934
f 2796 2934 2797
f 2797 2934 2798
f 2798 2933 2799
f 2799 2933 2935
f 2799 2935 2936
f 2799 2936 2938
f 2799 2938 2937
f 2799 2937 2800
f 2800 2937 2938
f 2800 2938 2803
f 2801 2811 2939
f 2801 2939 2802
f 2801 2810 2811
f 2802 2939 2811
f 2803 2938 2804
f 2804 2938 2940
f 2804 2940 2941
f 2804 2941 2942
f 2804 2942 2943
f 2804 2943 2944
f 2804 2944 2806
f 2804 2806 2805
f 2806 2944 2945
f 2806 2945 2946
f 2806 2946 2947
f 2806 2947 2951
f 2806 2951 2807
f 2807 2948 2949
f 2807 2949 2950
f 2807 2950 2809
f 2807 2809 2808
f 2807 2951 3110
f 2807 3110 2948
f 2809 2813 2952
f 2809 2952 2953
f 2809 2953 2811
f 2809 2811 2810
f 2809 2950 2954
f 2809 2954 2813
f 2811 2953 2952
f 2811 2952 2812
f 2812 2952 2813
f 2813 2954 2955
f 2813 2955 2956
f 2813 2956 2814
f 2814 2956 2815
f 2815 2957 2816
f 2815 2956 2957
f 2816 2957 2817
f 2817 2957 2958
f 2817 2958 2959
f 2817 2959 2818
f 2818 2959 2819
f 2819 2959 2960
f 2819 2960 2820
f 2820 2960 2961
f 2820 2961 2962
f 2820 2962 2821
f 2821 2962 2822
f 2822 2962 2963
f 2822 2963 2964
f 2822 2964 2965
f 2822 2965 2966
f 2822 2966 2967
f 2822 2967 2968
f 2822 2968 2826
f 2822 2826 2823
f 2824 2825 2969
f 2824 2969 2970
f 2824 2970 2971
f 2824 2971 2972
f 2824 2972 2973
f 2824 2973 2974
f 2824 2974 2929
f 2825 2829 2828
f 2825 2828 2975
f 2825 2975 2969
f 2826 2968 2827
f 2827 2976 2977
f 2827 2977 2828
f 2827 2968 2967
f 2827 2967 2978
f 2827 2978 2976
f 2828 2979 2975
f 2828 2977 2979
f 2830 2833 2834
f 2830 2834 2980
f 2830 2980 2981
f 2830 2981 2982
f 2830 2982 2983
f 2830 2983 2984
f 2830 2984 2831
f 2831 2984 2832
f 2832 2985 2986
f 2832 2984 2983
f 2832 2983 2987
f 2832 2987 2985
f 2834 2988 3151
f 2834 3151 2989
f 2834 2989 2980
f 2835 2988 2836
f 2835 2990 3152
f 2835 3152 2991
f 2835 2991 2988
f 2837 2993 2994
f 2837 2994 2992
f 2838 2992 2995
f 2838 2995 2839
f 2839 2995 2996
f 2839 2996 2840
f 2840 2996 2997
f 2840 2997 2998
f 2840 2998 3152
f 2840 3152 2990
f 2841 2930 2929
f 2841 2929 2973
f 2841 2973 2999
f 2841 2999 2842
f 2842 2999 3000
f 2842 3000 2843
f 2843 3000 3001
f 2843 3001 3002
f 2843 3002 2844
f 2845 3002 3001
f 2845 3001 2846
f 2846 3001 3160
f 2846 3160 3003
f 2846 3003 2849
f 2846 2849 2848
f 2846 2848 2847
f 2849 3003 2850
f 2850 3004 3005
f 2850 3005 3006
f 2850 3006 2851
f 2850 3003 3004
f 2851 3006 3007
f 2851 3007 3008
f 2851 3008 2852
f 2852 3008 2853
f 2853 3008 3165
f 2853 3165 3009
f 2853 3009 3010
f 2853 3010 2854
f 2854 3010 3171
f 2854 3171 3011
f 2854 3011 2867
f 2854 2867 2866
f 2854 2866 2855
f 2858 2879 3012
f 2858 3012 3013
f 2858 3013 3014
f 2858 3014 2861
f 2859 3015 2865
f 2859 2865 3016
f 2859 3016 2863
f 2859 2861 3014
f 2859 3014 3177
f 2859 3177 3015
f 2862 3016 2864
f 2862 2863 3016
f 2864 3016 2865
f 2865 3015 2881
f 2867 3011 3017
f 2867 3017 2868
f 2868 3017 2869
f 2869 3017 3018
f 2869 3018 2870
f 2870 3018 2871
f 2871 3018 2872
f 2872 3019 3020
f 2872 3020 3021
f 2872 3021 3022
f 2872 3022 3023
f 2872 3023 3024
f 2872 3024 2873
f 2872 3018 3019
f 2873 3024 2875
f 2874 2875 3025
f 2874 3025 3026
f 2874 3026 2876
f 2875 3024 3027
f 2875 3027 3028
f 2875 3028 3029
f 2875 3029 3026
f 2875 3026 3025
f 2876 3030 3031
f 2876 3031 2878
f 2876 2878 2877
f 2876 3026 3029
f 2876 3029 3030
f 2878 3031 2879
f 2879 3032 3012
f 2879 3031 3030
f 2879 3030 3033
f 2879 3033 3032
f 2880 2883 2882
f 2880 2882 3034
f 2880 3034 3035
f 2880 3035 3036
f 2880 3036 2886
f 2881 3015 3037
f 2881 3037 2882
f 2882 3037 3034
f 2884 2886 3038
f 2884 3038 3039
f 2884 3039 3040
f 2884 3040 2885
f 2885 3040 3041
f 2885 3041 3042
f 2885 3042 2887
f 2886 3036 3043
f 2886 3043 3044
f 2886 3044 3038
f 2887 3042 3045
f 2887 3045 2888
f 2888 3045 3046
f 2888 3046 3047
f 2888 3047 2889
f 2889 3047 2891
f 2890 2891 3048
f 2890 3048 2893
f 2891 3049 3050
f 2891 3050 2893
f 2891 2893 3048
f 2891 3047 3049
f 2892 2893 2894
f 2893 3050 3051
f 2893 3051 3052
f 2893 3052 3218
f 2893 3218 3053
f 2893 3053 2894
f 2894 3054 3055
f 2894 3055 2895
f 2894 3053 3218
f 2894 3218 3056
f 2894 3056 3057
f 2894 3057 3058
f 2894 3058 3059
f 2894 3059 3054
f 2896 3060 3061
f 2896 3061 2898
f 2896 2898 2897
f 2898 3062 3063
f 2898 3063 2899
f 2898 3061 3062
f 2899 3063 2903
f 2899 2903 2900
f 2900 2903 2901
f 2903 3063 3064
f 2903 3064 2904
f 2904 3064 3065
f 2904 3065 3066
f 2904 3066 2905
f 2905 3066 3067
f 2905 3067 2906
f 2906 3067 2907
f 2907 3067 2908
f 2908 3067 3068
f 2908 3068 3069
f 2908 3069 2909
f 2909 3069 3070
f 2909 3070 3071
f 2909 3071 3072
f 2910 3072 3073
f 2910 3073 3074
f 2910 3074 2911
f 2912 3074 2914
f 2914 3075 3246
f 2914 3246 3076
f 2914 3076 3077
f 2914 3077 2915
f 2914 3074 3244
f 2914 3244 3075
f 2915 3077 2916
f 2916 3077 3248
f 2916 3248 3078
f 2916 3078 3079
f 2916 3079 2917
f 2917 3079 3080
f 2917 3080 3252
f 2917 3252 3081
f 2917 3081 2918
f 2918 3081 2919
f 2919 3082 3083
f 2919 3083 3084
f 2919 3084 3085
f 2919 3085 3086
f 2919 3086 2920
f 2919 3081 3082
f 2920 3086 3258
f 2920 3258 3087
f 2920 3087 2921
f 2924 3088 3089
f 2924 3089 2925
f 2925 3090 3091
f 2925 3091 2926
f 2925 3089 3092
f 2925 3092 3093
f 2925 3093 3094
f 2925 3094 3090
f 2926 3091 3095
f 2926 3095 2927
f 2928 3095 3096
f 2928 3096 3097
f 2928 3097 2931
f 2929 2974 2973
f 2931 3098 2932
f 2931 3097 3099
f 2931 3099 3098
f 2932 3098 3100
f 2932 3100 3101
f 2932 3101 3102
f 2932 3102 2933
f 2933 3102 2935
f 2935 3102 3103
f 2935 3103 2936
f 2936 3103 2940
f 2936 2940 2938
f 2940 3103 3104
f 2940 3104 2941
f 2941 3104 3105
f 2941 3105 2942
f 2942 2944 2943
f 2942 3105 3106
f 2942 3106 2946
f 2942 2946 2944
f 2944 2946 2945
f 2946 3106 3107
f 2946 3107 2947
f 2947 3107 3108
f 2947 3108 3109
f 2947 3109 2951
f 2948 3110 2949
f 2949 3111 2950
f 2949 3110 3112
f 2949 3112 3111
f 2950 3111 2954
f 2951 3109 3110
f 2954 3111 2955
f 2955 3111 3113
f 2955 3113 3114
f 2955 3114 2956
f 2956 3115 2957
f 2956 3114 3115
f 2957 3115 2961
f 2957 2961 2958
f 2958 2961 2960
f 2958 2960 2959
f 2961 3115 3114
f 2961 3114 3116
f 2961 3116 3117
f 2961 3117 2962
f 2962 3117 3118
f 2962 3118 2963
f 2963 3118 3117
f 2963 3117 3119
f 2963 3119 3120
f 2963 3120 3121
f 2963 3121 2964
f 2964 3122 3123
f 2964 3123 2965
f 2964 3121 3124
f 2964 3124 3122
f 2965 3125 2967
f 2965 2967 2966
f 2965 3123 3125
f 2967 3126 2978
f 2967 3125 3127
f 2967 3127 3128
f 2967 3128 3126
f 2969 2975 3129
f 2969 3129 3130
f 2969 3130 3131
f 2969 3131 3132
f 2969 3132 2970
f 2970 3133 2973
f 2970 2973 2971
f 2970 3132 3133
f 2971 2973 2972
f 2973 3133 3134
f 2973 3134 3135
f 2973 3135 3000
f 2973 3000 2999
f 2975 2979 2977
f 2975 2977 3136
f 2975 3136 3129
f 2976 2978 3137
f 2976 3137 2977
f 2977 3129 3136
f 2977 3137 3129
f 2978 3126 3138
f 2978 3138 3137
f 2980 3139 2981
f 2980 2989 3140
f 2980 3140 3139
f 2981 3141 3142
f 2981 3142 2982
f 2981 3139 3143
f 2981 3143 3141
f 2982 3142 2987
f 2982 2987 2983
f 2985 3144 3145
f 2985 3145 2986
f 2985 2987 3144
f 2987 3142 3141
f 2987 3141 3146
f 2987 3146 3147
f 2987 3147 3148
f 2987 3148 3149
f 2987 3149 3144
f 2988 2991 3150
f 2988 3150 3151
f 2989 3151 3140
f 2991 3152 3329
f 2991 3329 3150
f 2992 2994 3155
f 2992 3155 2995
f 2993 3153 3154
f 2993 3154 2994
f 2994 3154 3155
f 2995 3155 3156
f 2995 3156 3157
f 2995 3157 2996
f 2996 3157 3158
f 2996 3158 2997
f 2997 3158 2998
f 2998 3158 3159
f 2998 3159 3152
f 3000 3135 3001
f 3001 3135 3134
f 3001 3134 3160
f 3003 3160 3161
f 3003 3161 3004
f 3004 3161 3162
f 3004 3162 3005
f 3005 3162 3340
f 3005 3340 3163
f 3005 3163 3006
f 3006 3163 3164
f 3006 3164 3007
f 3007 3165 3008
f 3007 3164 3166
f 3007 3166 3167
f 3007 3167 3165
f 3009 3165 3168
f 3009 3168 3169
f 3009 3169 3170
f 3009 3170 3010
f 3010 3170 3171
f 3011 3171 3017
f 3012 3172 3173
f 3012 3173 3013
f 3012 3032 3174
f 3012 3174 3172
f 3013 3173 3172
f 3013 3172 3175
f 3013 3175 3014
f 3014 3176 3177
f 3014 3175 3350
f 3014 3350 3178
f 3014 3178 3179
f 3014 3179 3180
f 3014 3180 3181
f 3014 3181 3182
f 3014 3182 3176
f 3015 3177 3183
f 3015 3183 3184
f 3015 3184 3037
f 3017 3185 3018
f 3017 3171 3019
f 3017 3019 3185
f 3018 3185 3019
f 3019 3186 3020
f 3019 3171 3186
f 3020 3186 3187
f 3020 3187 3188
f 3020 3188 3021
f 3021 3188 3022
f 3022 3189 3190
f 3022 3190 3191
f 3022 3191 3023
f 3022 3188 3192
f 3022 3192 3189
f 3023 3191 3027
f 3023 3027 3024
f 3027 3191 3193
f 3027 3193 3194
f 3027 3194 3195
f 3027 3195 3196
f 3027 3196 3029
f 3027 3029 3028
f 3029 3196 3197
f 3029 3197 3198
f 3029 3198 3199
f 3029 3199 3200
f 3029 3200 3201
f 3029 3201 3202
f 3029 3202 3033
f 3029 3033 3030
f 3032 3033 3203
f 3032 3203 3174
f 3033 3202 3201
f 3033 3201 3174
f 3033 3174 3203
f 3034 3204 3035
f 3034 3037 3183
f 3034 3183 3205
f 3034 3205 3176
f 3034 3176 3182
f 3034 3182 3206
f 3034 3206 3204
f 3035 3204 3043
f 3035 3043 3036
f 3037 3184 3183
f 3038 3044 3207
f 3038 3207 3039
f 3039 3207 3040
f 3040 3207 3208
f 3040 3208 3041
f 3041 3208 3209
f 3041 3209 3042
f 3042 3209 3210
f 3042 3210 3045
f 3043 3204 3211
f 3043 3211 3044
f 3044 3211 3207
f 3045 3210 3046
f 3046 3209 3212
f 3046 3212 3213
f 3046 3213 3214
f 3046 3214 3049
f 3046 3049 3047
f 3046 3210 3209
f 3049 3214 3215
f 3049 3215 3216
f 3049 3216 3050
f 3050 3216 3051
f 3051 3216 3217
f 3051 3217 3052
f 3052 3217 3218
f 3056 3218 3219
f 3056 3219 3057
f 3057 3219 3220
f 3057 3220 3221
f 3057 3221 3222
f 3057 3222 3058
f 3058 3222 3223
f 3058 3223 3059
f 3060 3224 3225
f 3060 3225 3226
f 3060 3226 3061
f 3061 3226 3227
f 3061 3227 3228
f 3061 3228 3062
f 3062 3228 3063
f 3063 3228 3227
f 3063 3227 3229
f 3063 3229 3230
f 3063 3230 3064
f 3064 3230 3231
f 3064 3231 3232
f 3064 3232 3419
f 3064 3419 3233
f 3064 3233 3065
f 3065 3233 3234
f 3065 3234 3066
f 3066 3234 3068
f 3066 3068 3067
f 3068 3234 3235
f 3068 3235 3236
f 3068 3236 3237
f 3068 3237 3069
f 3069 3237 3070
f 3070 3237 3238
f 3070 3238 3239
f 3070 3239 3240
f 3070 3240 3241
f 3070 3241 3242
f 3070 3242 3071
f 3071 3242 3072
f 3072 3242 3243
f 3072 3243 3244
f 3072 3244 3073
f 3073 3244 3074
f 3075 3244 3243
f 3075 3243 3245
f 3075 3245 3246
f 3076 3246 3247
f 3076 3247 3077
f 3077 3247 3248
f 3078 3248 3249
f 3078 3249 3079
f 3079 3249 3080
f 3080 3249 3250
f 3080 3250 3251
f 3080 3251 3252
f 3081 3252 3253
f 3081 3253 3082
f 3082 3253 3254
f 3082 3254 3083
f 3083 3254 3084
f 3084 3254 3438
f 3084 3438 3255
f 3084 3255 3256
f 3084 3256 3257
f 3084 3257 3085
f 3085 3257 3093
f 3085 3093 3089
f 3085 3089 3086
f 3086 3089 3258
f 3088 3259 3089
f 3089 3259 3258
f 3089 3093 3092
f 3090 3094 3091
f 3091 3260 3099
f 3091 3099 3261
f 3091 3261 3095
f 3091 3094 3093
f 3091 3093 3262
f 3091 3262 3263
f 3091 3263 3260
f 3093 3257 3256
f 3093 3256 3263
f 3093 3263 3262
f 3095 3261 3096
f 3096 3261 3099
f 3096 3099 3097
f 3098 3099 3100
f 3099 3264 3101
f 3099 3101 3100
f 3099 3260 3263
f 3099 3263 3265
f 3099 3265 3266
f 3099 3266 3264
f 3101 3264 3267
f 3101 3267 3268
f 3101 3268 3104
f 3101 3104 3269
f 3101 3269 3102
f 3102 3269 3270
f 3102 3270 3103
f 3103 3270 3269
f 3103 3269 3104
f 3104 3268 3271
f 3104 3271 3105
f 3105 3271 3272
f 3105 3272 3273
f 3105 3273 3106
f 3106 3273 3274
f 3106 3274 3275
f 3106 3275 3107
f 3107 3275 3276
f 3107 3276 3108
f 3108 3276 3277
f 3108 3277 3278
f 3108 3278 3279
f 3108 3279 3280
f 3108 3280 3109
f 3109 3280 3110
f 3110 3280 3281
f 3110 3281 3112
f 3111 3112 3282
f 3111 3282 3113
f 3112 3281 3282
f 3113 3282 3283
f 3113 3283 3284
f 3113 3284 3114
f 3114 3284 3283
f 3114 3283 3116
f 3116 3283 3285
f 3116 3285 3117
f 3117 3285 3286
f 3117 3286 3287
f 3117 3287 3288
f 3117 3288 3289
f 3117 3289 3119
f 3119 3289 3290
f 3119 3290 3120
f 3120 3290 3291
f 3120 3291 3292
f 3120 3292 3124
f 3120 3124 3121
f 3122 3124 3293
f 3122 3293 3123
f 3123 3294 3125
f 3123 3293 3295
f 3123 3295 3294
f 3124 3292 3291
f 3124 3291 3296
f 3124 3296 3293
f 3125 3294 3128
f 3125 3128 3127
f 3126 3128 3138
f 3128 3297 3138
f 3128 3294 3298
f 3128 3298 3295
f 3128 3295 3299
f 3128 3299 3297
f 3129 3300 3130
f 3129 3137 3300
f 3130 3300 3301
f 3130 3301 3302
f 3130 3302 3303
f 3130 3303 3304
f 3130 3304 3305
f 3130 3305 3133
f 3130 3133 3132
f 3130 3132 3131
f 3133 3305 3134
f 3134 3305 3160
f 3137 3138 3306
f 3137 3306 3307
f 3137 3307 3308
f 3137 3308 3309
f 3137 3309 3310
f 3137 3310 3301
f 3137 3301 3300
f 3138 3297 3311
f 3138 3311 3306
f 3139 3146 3143
f 3139 3140 3312
f 3139 3312 3313
f 3139 3313 3146
f 3140 3151 3328
f 3140 3328 3314
f 3140 3314 3312
f 3141 3143 3146
f 3144 3149 3145
f 3145 3149 3316
f 3145 3316 3315
f 3146 3317 3318
f 3146 3318 3319
f 3146 3319 3320
f 3146 3320 3321
f 3146 3321 3147
f 3146 3313 3322
f 3146 3322 3323
f 3146 3323 3324
f 3146 3324 3317
f 3147 3321 3325
f 3147 3325 3148
f 3148 3325 3149
f 3149 3325 3326
f 3149 3326 3316
f 3150 3327 3328
f 3150 3328 3151
f 3150 3329 3327
f 3152 3159 3329
f 3153 3330 3154
f 3154 3331 3155
f 3154 3330 3223
f 3154 3223 3332
f 3154 3332 3331
f 3155 3331 3156
f 3156 3331 3333
f 3156 3333 3334
f 3156 3334 3335
f 3156 3335 3336
f 3156 3336 3337
f 3156 3337 3157
f 3157 3337 3338
f 3157 3338 3159
f 3157 3159 3158
f 3159 3339 3329
f 3159 3338 3339
f 3160 3305 3161
f 3161 3305 3162
f 3162 3305 3304
f 3162 3304 3340
f 3163 3340 3482
f 3163 3482 3341
f 3163 3341 3166
f 3163 3166 3164
f 3165 3167 3342
f 3165 3342 3168
f 3166 3341 3343
f 3166 3343 3167
f 3167 3343 3344
f 3167 3344 3342
f 3168 3342 3169
f 3169 3345 3171
f 3169 3171 3170
f 3169 3342 3346
f 3169 3346 3347
f 3169 3347 3345
f 3171 3345 3348
f 3171 3348 3186
f 3172 3349 3350
f 3172 3350 3175
f 3172 3174 3349
f 3174 3201 3351
f 3174 3351 3352
f 3174 3352 3349
f 3176 3205 3183
f 3176 3183 3177
f 3178 3350 3179
f 3179 3353 3180
f 3179 3350 3349
f 3179 3349 3354
f 3179 3354 3355
f 3179 3355 3353
f 3180 3182 3181
f 3180 3353 3356
f 3180 3356 3182
f 3182 3356 3357
f 3182 3357 3206
f 3186 3348 3358
f 3186 3358 3359
f 3186 3359 3360
f 3186 3360 3187
f 3187 3360 3361
f 3187 3361 3188
f 3188 3361 3362
f 3188 3362 3363
f 3188 3363 3364
f 3188 3364 3192
f 3189 3365 3190
f 3189 3192 3365
f 3190 3365 3193
f 3190 3193 3191
f 3192 3364 3366
f 3192 3366 3367
f 3192 3367 3368
f 3192 3368 3369
f 3192 3369 3370
f 3192 3370 3371
f 3192 3371 3365
f 3193 3365 3194
f 3194 3365 3371
f 3194 3371 3372
f 3194 3372 3195
f 3195 3197 3196
f 3195 3372 3197
f 3197 3372 3373
f 3197 3373 3374
f 3197 3374 3375
f 3197 3375 3198
f 3198 3376 3377
f 3198 3377 3378
f 3198 3378 3379
f 3198 3379 3380
f 3198 3380 3381
f 3198 3381 3382
f 3198 3382 3199
f 3198 3375 3374
f 3198 3374 3383
f 3198 3383 3384
f 3198 3384 3385
f 3198 3385 3386
f 3198 3386 3387
f 3198 3387 3376
f 3199 3388 3200
f 3199 3382 3381
f 3199 3381 3388
f 3200 3389 3201
f 3200 3388 3389
f 3201 3389 3390
f 3201 3390 3351
f 3204 3206 3357
f 3204 3357 3391
f 3204 3391 3211
f 3207 3211 3392
f 3207 3392 3393
f 3207 3393 3208
f 3208 3393 3209
f 3209 3393 3212
f 3211 3391 3394
f 3211 3394 3395
f 3211 3395 3392
f 3212 3396 3213
f 3212 3393 3396
f 3213 3396 3397
f 3213 3397 3398
f 3213 3398 3399
f 3213 3399 3400
f 3213 3400 3214
f 3214 3400 3566
f 3214 3566 3401
f 3214 3401 3402
f 3214 3402 3215
f 3215 3402 3216
f 3216 3402 3217
f 3217 3402 3403
f 3217 3403 3404
f 3217 3404 3218
f 3218 3404 3405
f 3218 3405 3406
f 3218 3406 3219
f 3219 3406 3220
f 3220 3406 3407
f 3220 3407 3221
f 3221 3407 3332
f 3221 3332 3223
f 3221 3223 3222
f 3224 3408 3225
f 3225 3409 3226
f 3225 3408 3410
f 3225 3410 3411
f 3225 3411 3409
f 3226 3409 3227
f 3227 3411 3229
f 3227 3409 3411
f 3229 3411 3412
f 3229 3412 3413
f 3229 3413 3231
f 3229 3231 3230
f 3231 3413 3414
f 3231 3414 3415
f 3231 3415 3416
f 3231 3416 3417
f 3231 3417 3418
f 3231 3418 3419
f 3231 3419 3232
f 3233 3419 3420
f 3233 3420 3235
f 3233 3235 3234
f 3235 3420 3417
f 3235 3417 3416
f 3235 3416 3421
f 3235 3421 3422
f 3235 3422 3236
f 3236 3422 3238
f 3236 3238 3237
f 3238 3422 3239
f 3239 3423 3240
f 3239 3422 3423
f 3240 3424 3425
f 3240 3425 3426
f 3240 3426 3241
f 3240 3423 3427
f 3240 3427 3424
f 3241 3426 3242
f 3242 3426 3243
f 3243 3426 3428
f 3243 3428 3245
f 3245 3428 3429
f 3245 3429 3246
f 3246 3429 3430
f 3246 3430 3431
f 3246 3431 3247
f 3247 3431 3249
f 3247 3249 3248
f 3249 3431 3432
f 3249 3432 3433
f 3249 3433 3250
f 3250 3433 3434
f 3250 3434 3251
f 3251 3434 3435
f 3251 3435 3436
f 3251 3436 3252
f 3252 3436 3253
f 3253 3436 3254
f 3254 3436 3437
f 3254 3437 3438
f 3255 3438 3604
f 3255 3604 3439
f 3255 3439 3256
f 3256 3440 3263
f 3256 3439 3440
f 3263 3440 3265
f 3264 3266 3442
f 3264 3442 3267
f 3265 3440 3266
f 3266 3440 3441
f 3266 3441 3444
f 3266 3444 3442
f 3267 3443 3268
f 3267 3442 3444
f 3267 3444 3443
f 3268 3443 3271
f 3271 3443 3444
f 3271 3444 3445
f 3271 3445 3274
f 3271 3274 3272
f 3272 3274 3273
f 3274 3444 3446
f 3274 3446 3275
f 3274 3445 3447
f 3274 3447 3444
f 3275 3446 3448
f 3275 3448 3449
f 3275 3449 3450
f 3275 3450 3276
f 3276 3450 3277
f 3277 3450 3449
f 3277 3449 3451
f 3277 3451 3452
f 3277 3452 3453
f 3277 3453 3454
f 3277 3454 3455
f 3277 3455 3456
f 3277 3456 3278
f 3278 3456 3457
f 3278 3457 3458
f 3278 3458 3279
f 3279 3458 3281
f 3279 3281 3280
f 3281 3458 3283
f 3281 3283 3282
f 3283 3458 3285
f 3285 3459 3286
f 3285 3458 3460
f 3285 3460 3461
f 3285 3461 3462
f 3285 3462 3459
f 3286 3459 3287
f 3287 3459 3288
f 3288 3459 3463
f 3288 3463 3464
f 3288 3464 3465
f 3288 3465 3290
f 3288 3290 3289
f 3290 3465 3466
f 3290 3466 3291
f 3291 3466 3296
f 3293 3296 3467
f 3293 3467 3468
f 3293 3468 3469
f 3293 3469 3470
f 3293 3470 3471
f 3293 3471 3472
f 3293 3472 3295
f 3294 3295 3298
f 3295 3472 3299
f 3296 3466 3473
f 3296 3473 3474
f 3296 3474 3468
f 3296 3468 3467
f 3297 3299 3475
f 3297 3475 3311
f 3299 3472 3476
f 3299 3476 3477
f 3299 3477 3478
f 3299 3478 3475
f 3301 3310 3479
f 3301 3479 3480
f 3301 3480 3481
f 3301 3481 3302
f 3302 3481 3482
f 3302 3482 3303
f 3303 3340 3304
f 3303 3482 3340
f 3306 3311 3307
f 3307 3483 3484
f 3307 3484 3308
f 3307 3311 3485
f 3307 3485 3486
f 3307 3486 3483
f 3308 3484 3309
f 3309 3484 3479
f 3309 3479 3310
f 3311 3475 3485
f 3312 3314 3313
f 3313 3314 3487
f 3313 3487 3322
f 3314 3488 3489
f 3314 3489 3490
f 3314 3490 3491
f 3314 3491 3492
f 3314 3492 3487
f 3314 3328 3493
f 3314 3493 3494
f 3314 3494 3488
f 3315 3495 3496
f 3315 3496 3497
f 3315 3497 3498
f 3315 3316 3326
f 3315 3326 3499
f 3315 3499 3500
f 3315 3500 3495
f 3317 3324 3501
f 3317 3501 3318
f 3318 3502 3503
f 3318 3503 3325
f 3318 3325 3319
f 3318 3501 3504
f 3318 3504 3660
f 3318 3660 3502
f 3319 3325 3320
f 3320 3325 3321
f 3322 3487 3505
f 3322 3505 3506
f 3322 3506 3323
f 3323 3506 3324
f 3324 3506 3659
f 3324 3659 3501
f 3325 3503 3507
f 3325 3507 3500
f 3325 3500 3499
f 3325 3499 3326
f 3327 3508 3328
f 3327 3329 3509
f 3327 3509 3508
f 3328 3508 3493
f 3329 3339 3517
f 3329 3517 3509
f 3331 3332 3407
f 3331 3407 3333
f 3333 3407 3510
f 3333 3510 3334
f 3334 3510 3570
f 3334 3570 3511
f 3334 3511 3512
f 3334 3512 3513
f 3334 3513 3335
f 3335 3513 3336
f 3336 3514 3337
f 3336 3513 3515
f 3336 3515 3514
f 3337 3514 3338
f 3338 3514 3516
f 3338 3516 3517
f 3338 3517 3339
f 3341 3482 3643
f 3341 3643 3518
f 3341 3518 3519
f 3341 3519 3343
f 3342 3344 3346
f 3343 3519 3344
f 3344 3520 3347
f 3344 3347 3346
f 3344 3519 3521
f 3344 3521 3520
f 3345 3347 3348
f 3347 3520 3522
f 3347 3522 3348
f 3348 3522 3523
f 3348 3523 3358
f 3349 3352 3354
f 3351 3524 3525
f 3351 3525 3526
f 3351 3526 3527
f 3351 3527 3528
f 3351 3528 3352
f 3351 3390 3529
f 3351 3529 3524
f 3352 3528 3355
f 3352 3355 3354
f 3353 3355 3530
f 3353 3530 3531
f 3353 3531 3356
f 3355 3528 3527
f 3355 3527 3530
f 3356 3531 3532
f 3356 3532 3357
f 3357 3533 3396
f 3357 3396 3394
f 3357 3394 3391
f 3357 3532 3533
f 3358 3523 3534
f 3358 3534 3359
f 3359 3534 3535
f 3359 3535 3536
f 3359 3536 3360
f 3360 3536 3537
f 3360 3537 3361
f 3361 3537 3538
f 3361 3538 3362
f 3362 3538 3363
f 3363 3538 3539
f 3363 3539 3540
f 3363 3540 3541
f 3363 3541 3367
f 3363 3367 3366
f 3363 3366 3364
f 3367 3541 3368
f 3368 3384 3383
f 3368 3383 3369
f 3368 3541 3542
f 3368 3542 3543
f 3368 3543 3544
f 3368 3544 3384
f 3369 3383 3372
f 3369 3372 3370
f 3370 3372 3371
f 3372 3383 3374
f 3372 3374 3373
f 3376 3387 3545
f 3376 3545 3546
f 3376 3546 3377
f 3377 3546 3547
f 3377 3547 3548
f 3377 3548 3549
f 3377 3549 3378
f 3378 3549 3379
f 3379 3549 3550
f 3379 3550 3380
f 3380 3550 3551
f 3380 3551 3552
f 3380 3552 3553
f 3380 3553 3554
f 3380 3554 3381
f 3381 3554 3555
f 3381 3555 3388
f 3384 3544 3556
f 3384 3556 3557
f 3384 3557 3386
f 3384 3386 3385
f 3386 3557 3556
f 3386 3556 3387
f 3387 3558 3559
f 3387 3559 3560
f 3387 3560 3546
f 3387 3546 3545
f 3387 3556 3544
f 3387 3544 3558
f 3388 3390 3389
f 3388 3555 3529
f 3388 3529 3390
f 3392 3395 3396
f 3392 3396 3393
f 3394 3396 3395
f 3396 3533 3561
f 3396 3561 3562
f 3396 3562 3563
f 3396 3563 3398
f 3396 3398 3397
f 3398 3563 3562
f 3398 3562 3564
f 3398 3564 3565
f 3398 3565 3399
f 3399 3565 3400
f 3400 3565 3566
f 3401 3566 3403
f 3401 3403 3402
f 3403 3567 3568
f 3403 3568 3569
f 3403 3569 3511
f 3403 3511 3404
f 3403 3566 3567
f 3404 3511 3570
f 3404 3570 3405
f 3405 3570 3510
f 3405 3510 3406
f 3406 3510 3407
f 3408 3571 3572
f 3408 3572 3573
f 3408 3573 3410
f 3410 3573 3411
f 3411 3573 3412
f 3412 3574 3575
f 3412 3575 3576
f 3412 3576 3413
f 3412 3573 3574
f 3413 3576 3414
f 3414 3576 3415
f 3415 3577 3578
f 3415 3578 3416
f 3415 3576 3577
f 3416 3578 3577
f 3416 3577 3579
f 3416 3579 3421
f 3417 3420 3419
f 3417 3419 3418
f 3421 3579 3580
f 3421 3580 3581
f 3421 3581 3588
f 3421 3588 3582
f 3421 3582 3583
f 3421 3583 3422
f 3422 3583 3584
f 3422 3584 3423
f 3423 3584 3427
f 3424 3585 3586
f 3424 3586 3587
f 3424 3587 3425
f 3424 3427 3588
f 3424 3588 3585
f 3425 3587 3589
f 3425 3589 3590
f 3425 3590 3591
f 3425 3591 3426
f 3426 3591 3592
f 3426 3592 3593
f 3426 3593 3594
f 3426 3594 3428
f 3427 3584 3588
f 3428 3594 3595
f 3428 3595 3429
f 3429 3595 3432
f 3429 3432 3430
f 3430 3432 3431
f 3432 3595 3596
f 3432 3596 3597
f 3432 3597 3433
f 3433 3597 3598
f 3433 3598 3599
f 3433 3599 3434
f 3434 3600 3435
f 3434 3599 3600
f 3435 3600 3601
f 3435 3601 3602
f 3435 3602 3603
f 3435 3603 3437
f 3435 3437 3436
f 3437 3603 3605
f 3437 3605 3604
f 3437 3604 3438
f 3439 3604 3440
f 3440 3604 3605
f 3440 3605 3603
f 3440 3603 3606
f 3440 3606 3441
f 3441 3448 3444
f 3441 3606 3607
f 3441 3607 3608
f 3441 3608 3448
f 3444 3448 3609
f 3444 3609 3446
f 3444 3447 3445
f 3446 3609 3448
f 3448 3608 3610
f 3448 3610 3449
f 3449 3452 3451
f 3449 3610 3611
f 3449 3611 3452
f 3452 3611 3612
f 3452 3612 3453
f 3453 3612 3613
f 3453 3613 3454
f 3454 3613 3455
f 3455 3613 3614
f 3455 3614 3615
f 3455 3615 3456
f 3456 3615 3616
f 3456 3616 3617
f 3456 3617 3457
f 3457 3617 3618
f 3457 3618 3462
f 3457 3462 3458
f 3458 3461 3460
f 3458 3462 3461
f 3459 3462 3619
f 3459 3619 3620
f 3459 3620 3621
f 3459 3621 3463
f 3462 3618 3622
f 3462 3622 3619
f 3463 3621 3620
f 3463 3620 3464
f 3464 3620 3623
f 3464 3623 3624
f 3464 3624 3625
f 3464 3625 3626
f 3464 3626 3627
f 3464 3627 3628
f 3464 3628 3473
f 3464 3473 3466
f 3464 3466 3629
f 3464 3629 3465
f 3465 3629 3466
f 3468 3630 3631
f 3468 3631 3469
f 3468 3474 3632
f 3468 3632 3633
f 3468 3633 3634
f 3468 3634 3630
f 3469 3631 3470
f 3470 3635 3471
f 3470 3631 3630
f 3470 3630 3636
f 3470 3636 3635
f 3471 3635 3476
f 3471 3476 3472
f 3473 3628 3637
f 3473 3637 3474
f 3474 3637 3638
f 3474 3638 3632
f 3475 3478 3485
f 3476 3635 3639
f 3476 3639 3640
f 3476 3640 3477
f 3477 3486 3478
f 3477 3640 3486
f 3478 3486 3485
f 3479 3484 3641
f 3479 3641 3642
f 3479 3642 3480
f 3480 3643 3482
f 3480 3482 3481
f 3480 3642 3644
f 3480 3644 3643
f 3483 3486 3641
f 3483 3641 3484
f 3486 3645 3641
f 3486 3640 3646
f 3486 3646 3647
f 3486 3647 3648
f 3486 3648 3645
f 3487 3492 3506
f 3487 3506 3505
f 3488 3649 3489
f 3488 3494 3650
f 3488 3650 3651
f 3488 3651 3649
f 3489 3649 3490
f 3490 3649 3506
f 3490 3506 3491
f 3491 3506 3492
f 3493 3508 3652
f 3493 3652 3494
f 3494 3652 3653
f 3494 3653 3650
f 3495 3654 3497
f 3495 3497 3496
f 3495 3500 3654
f 3497 3655 3498
f 3497 3654 3500
f 3497 3500 3656
f 3497 3656 3657
f 3497 3657 3658
f 3497 3658 3655
f 3500 3507 3657
f 3500 3657 3656
f 3501 3659 3660
f 3501 3660 3504
f 3502 3660 3829
f 3502 3829 3661
f 3502 3661 3503
f 3503 3661 3662
f 3503 3662 3507
f 3506 3649 3659
f 3507 3662 3663
f 3507 3663 3664
f 3507 3664 3657
f 3508 3653 3652
f 3508 3509 3665
f 3508 3665 3653
f 3509 3666 3665
f 3509 3517 3666
f 3511 3569 3512
f 3512 3667 3668
f 3512 3668 3669
f 3512 3669 3513
f 3512 3569 3568
f 3512 3568 3667
f 3513 3669 3515
f 3514 3515 3670
f 3514 3670 3671
f 3514 3671 3672
f 3514 3672 3516
f 3515 3669 3673
f 3515 3673 3670
f 3516 3672 3674
f 3516 3674 3517
f 3517 3674 3666
f 3518 3675 3676
f 3518 3676 3519
f 3518 3643 3808
f 3518 3808 3677
f 3518 3677 3678
f 3518 3678 3679
f 3518 3679 3675
f 3519 3676 3680
f 3519 3680 3521
f 3520 3521 3681
f 3520 3681 3522
f 3521 3682 3681
f 3521 3680 3683
f 3521 3683 3682
f 3522 3681 3534
f 3522 3534 3523
f 3524 3684 3525
f 3524 3529 3684
f 3525 3684 3685
f 3525 3685 3686
f 3525 3686 3526
f 3526 3686 3527
f 3527 3686 3685
f 3527 3685 3687
f 3527 3687 3688
f 3527 3688 3689
f 3527 3689 3690
f 3527 3690 3691
f 3527 3691 3530
f 3529 3555 3554
f 3529 3554 3553
f 3529 3553 3692
f 3529 3692 3684
f 3530 3691 3693
f 3530 3693 3531
f 3531 3693 3694
f 3531 3694 3532
f 3532 3694 3695
f 3532 3695 3533
f 3533 3695 3694
f 3533 3694 3561
f 3534 3682 3696
f 3534 3696 3697
f 3534 3697 3535
f 3534 3681 3682
f 3535 3697 3698
f 3535 3698 3536
f 3536 3698 3699
f 3536 3699 3537
f 3537 3699 3700
f 3537 3700 3538
f 3538 3700 3539
f 3539 3700 3540
f 3540 3701 3541
f 3540 3700 3702
f 3540 3702 3543
f 3540 3543 3703
f 3540 3703 3701
f 3541 3701 3703
f 3541 3703 3543
f 3541 3543 3542
f 3543 3704 3705
f 3543 3705 3706
f 3543 3706 3707
f 3543 3707 3708
f 3543 3708 3709
f 3543 3709 3544
f 3543 3702 3710
f 3543 3710 3704
f 3544 3709 3558
f 3546 3560 3711
f 3546 3711 3712
f 3546 3712 3713
f 3546 3713 3714
f 3546 3714 3715
f 3546 3715 3549
f 3546 3549 3547
f 3547 3549 3548
f 3549 3715 3716
f 3549 3716 3717
f 3549 3717 3718
f 3549 3718 3719
f 3549 3719 3720
f 3549 3720 3721
f 3549 3721 3722
f 3549 3722 3723
f 3549 3723 3724
f 3549 3724 3725
f 3549 3725 3726
f 3549 3726 3550
f 3550 3726 3551
f 3551 3727 3552
f 3551 3726 3725
f 3551 3725 3727
f 3552 3727 3553
f 3553 3728 3692
f 3553 3727 3729
f 3553 3729 3728
f 3558 3709 3708
f 3558 3708 3559
f 3559 3708 3707
f 3559 3707 3730
f 3559 3730 3731
f 3559 3731 3732
f 3559 3732 3733
f 3559 3733 3560
f 3560 3733 3711
f 3561 3694 3734
f 3561 3734 3735
f 3561 3735 3562
f 3562 3735 3736
f 3562 3736 3564
f 3564 3736 3737
f 3564 3737 3738
f 3564 3738 3566
f 3564 3566 3565
f 3566 3738 3739
f 3566 3739 3668
f 3566 3668 3667
f 3566 3667 3567
f 3567 3667 3568
f 3571 3740 3573
f 3571 3573 3572
f 3573 3741 3574
f 3573 3740 3741
f 3574 3742 3743
f 3574 3743 3744
f 3574 3744 3745
f 3574 3745 3746
f 3574 3746 3575
f 3574 3741 3742
f 3575 3746 3747
f 3575 3747 3748
f 3575 3748 3913
f 3575 3913 3749
f 3575 3749 3576
f 3576 3749 3750
f 3576 3750 3577
f 3577 3750 3579
f 3579 3751 3580
f 3579 3750 3751
f 3580 3588 3581
f 3580 3751 3752
f 3580 3752 3585
f 3580 3585 3588
f 3582 3588 3583
f 3583 3588 3584
f 3585 3753 3586
f 3585 3752 3754
f 3585 3754 3753
f 3586 3753 3755
f 3586 3755 3756
f 3586 3756 3587
f 3587 3756 3757
f 3587 3757 3758
f 3587 3758 3589
f 3589 3758 3759
f 3589 3759 3590
f 3590 3759 3760
f 3590 3760 3591
f 3591 3760 3761
f 3591 3761 3592
f 3592 3761 3762
f 3592 3762 3593
f 3593 3762 3594
f 3594 3762 3597
f 3594 3597 3596
f 3594 3596 3595
f 3597 3762 3761
f 3597 3761 3760
f 3597 3760 3763
f 3597 3763 3764
f 3597 3764 3927
f 3597 3927 3765
f 3597 3765 3598
f 3598 3765 3599
f 3599 3765 3600
f 3600 3766 3601
f 3600 3765 3766
f 3601 3766 3767
f 3601 3767 3611
f 3601 3611 3768
f 3601 3768 3602
f 3602 3768 3607
f 3602 3607 3606
f 3602 3606 3603
f 3607 3610 3608
f 3607 3768 3610
f 3610 3768 3769
f 3610 3769 3611
f 3611 3769 3768
f 3611 3767 3770
f 3611 3770 3771
f 3611 3771 3612
f 3612 3771 3613
f 3613 3771 3770
f 3613 3770 3772
f 3613 3772 3773
f 3613 3773 3774
f 3613 3774 3775
f 3613 3775 3614
f 3614 3775 3615
f 3615 3775 3616
f 3616 3775 3618
f 3616 3618 3617
f 3618 3775 3774
f 3618 3774 3776
f 3618 3776 3622
f 3619 3622 3777
f 3619 3777 3778
f 3619 3778 3620
f 3620 3778 3623
f 3622 3776 3779
f 3622 3779 3777
f 3623 3780 3624
f 3623 3778 3777
f 3623 3777 3779
f 3623 3779 3781
f 3623 3781 3782
f 3623 3782 3783
f 3623 3783 3780
f 3624 3780 3783
f 3624 3783 3625
f 3625 3783 3784
f 3625 3784 3785
f 3625 3785 3786
f 3625 3786 3787
f 3625 3787 3626
f 3626 3787 3788
f 3626 3788 3627
f 3627 3788 3789
f 3627 3789 3628
f 3628 3789 3637
f 3630 3634 3790
f 3630 3790 3791
f 3630 3791 3636
f 3632 3638 3633
f 3633 3638 3792
f 3633 3792 3793
f 3633 3793 3634
f 3634 3793 3794
f 3634 3794 3795
f 3634 3795 3790
f 3635 3636 3796
f 3635 3796 3639
f 3636 3791 3796
f 3637 3789 3797
f 3637 3797 3638
f 3638 3798 3799
f 3638 3799 3792
f 3638 3797 3800
f 3638 3800 3798
f 3639 3801 3640
f 3639 3796 3801
f 3640 3801 3802
f 3640 3802 3803
f 3640 3803 3646
f 3641 3645 3804
f 3641 3804 3805
f 3641 3805 3806
f 3641 3806 3642
f 3642 3806 3644
f 3643 3644 3807
f 3643 3807 3808
f 3644 3809 3807
f 3644 3806 3810
f 3644 3810 3809
f 3645 3648 3804
f 3646 3803 3647
f 3647 3803 3811
f 3647 3811 3812
f 3647 3812 3648
f 3648 3812 3813
f 3648 3813 3814
f 3648 3814 3804
f 3649 3651 3819
f 3649 3819 3815
f 3649 3815 3659
f 3650 3653 3816
f 3650 3816 3817
f 3650 3817 3651
f 3651 3817 3818
f 3651 3818 3819
f 3653 3818 3820
f 3653 3820 3817
f 3653 3817 3816
f 3653 3665 3821
f 3653 3821 3822
f 3653 3822 3818
f 3655 3658 3823
f 3657 3664 3824
f 3657 3824 3825
f 3657 3825 3826
f 3657 3826 3658
f 3658 3826 3827
f 3658 3827 3823
f 3659 3828 3829
f 3659 3829 3660
f 3659 3815 3819
f 3659 3819 3830
f 3659 3830 3964
f 3659 3964 3831
f 3659 3831 3828
f 3661 3829 3833
f 3661 3833 3662
f 3662 3832 3663
f 3662 3833 3834
f 3662 3834 3832
f 3663 3832 3664
f 3664 3832 3835
f 3664 3835 3836
f 3664 3836 3824
f 3665 3666 3674
f 3665 3674 3821
f 3668 3837 3838
f 3668 3838 3669
f 3668 3739 3837
f 3669 3839 3673
f 3669 3838 3839
f 3670 3840 3671
f 3670 3673 3839
f 3670 3839 3841
f 3670 3841 3840
f 3671 3840 3672
f 3672 3842 3843
f 3672 3843 3674
f 3672 3840 3844
f 3672 3844 3842
f 3674 3845 3821
f 3674 3843 3845
f 3675 3679 3680
f 3675 3680 3676
f 3677 3808 3809
f 3677 3809 3846
f 3677 3846 3678
f 3678 3846 3679
f 3679 3846 3847
f 3679 3847 3848
f 3679 3848 3680
f 3680 3848 3683
f 3682 3683 3696
f 3683 3848 3849
f 3683 3849 3850
f 3683 3850 3851
f 3683 3851 3852
f 3683 3852 3697
f 3683 3697 3696
f 3684 3692 3685
f 3685 3692 3853
f 3685 3853 3854
f 3685 3854 3687
f 3687 3854 3855
f 3687 3855 3856
f 3687 3856 3857
f 3687 3857 3688
f 3688 3857 3689
f 3689 3736 3735
f 3689 3735 3690
f 3689 3857 3858
f 3689 3858 3859
f 3689 3859 3736
f 3690 3735 3734
f 3690 3734 3860
f 3690 3860 3691
f 3691 3860 3693
f 3692 3728 3853
f 3693 3860 3694
f 3694 3860 3734
f 3697 3852 3851
f 3697 3851 3861
f 3697 3861 3862
f 3697 3862 3699
f 3697 3699 3698
f 3699 3862 3863
f 3699 3863 3700
f 3700 3863 3862
f 3700 3862 3710
f 3700 3710 3702
f 3704 3864 3865
f 3704 3865 3866
f 3704 3866 3867
f 3704 3867 3705
f 3704 3710 3864
f 3705 3867 3706
f 3706 3868 3869
f 3706 3869 3707
f 3706 3867 3870
f 3706 3870 3871
f 3706 3871 3872
f 3706 3872 3868
f 3707 3869 3730
f 3710 3862 3864
f 3711 3733 3712
f 3712 3873 3714
f 3712 3714 3713
f 3712 3733 3874
f 3712 3874 3717
f 3712 3717 3873
f 3714 3873 3717
f 3714 3717 3716
f 3714 3716 3715
f 3717 3875 4016
f 3717 4016 3876
f 3717 3876 3877
f 3717 3877 3878
f 3717 3878 3879
f 3717 3879 3880
f 3717 3880 3881
f 3717 3881 3718
f 3717 3874 3875
f 3718 3881 3882
f 3718 3882 3719
f 3719 3882 3883
f 3719 3883 3720
f 3720 3883 3884
f 3720 3884 3721
f 3721 3885 3722
f 3721 3884 3885
f 3722 3886 3723
f 3722 3885 3886
f 3723 3886 3887
f 3723 3887 3725
f 3723 3725 3724
f 3725 3887 3888
f 3725 3888 3729
f 3725 3729 3727
f 3728 3729 3889
f 3728 3889 3890
f 3728 3890 3853
f 3729 3888 3889
f 3730 3869 3868
f 3730 3868 3891
f 3730 3891 3731
f 3731 3891 3892
f 3731 3892 3893
f 3731 3893 3732
f 3732 3893 3894
f 3732 3894 3895
f 3732 3895 3733
f 3733 3895 3874
f 3736 3859 3737
f 3737 3859 3896
f 3737 3896 3858
f 3737 3858 3897
f 3737 3897 3898
f 3737 3898 3738
f 3738 3898 3739
f 3739 3898 3899
f 3739 3899 3900
f 3739 3900 3837
f 3740 3901 3902
f 3740 3902 3741
f 3741 3903 3742
f 3741 3902 3903
f 3742 3904 3743
f 3742 3903 3905
f 3742 3905 3904
f 3743 3906 3744
f 3743 3904 3906
f 3744 3906 3907
f 3744 3907 3908
f 3744 3908 3745
f 3745 3908 3909
f 3745 3909 3910
f 3745 3910 3746
f 3746 3910 3747
f 3747 3910 3911
f 3747 3911 3912
f 3747 3912 3913
f 3747 3913 3748
f 3749 3913 3750
f 3750 3913 3912
f 3750 3912 3914
f 3750 3914 3751
f 3751 3915 3916
f 3751 3916 3752
f 3751 3914 3915
f 3752 3916 3917
f 3752 3917 3754
f 3753 3754 3918
f 3753 3918 3919
f 3753 3919 3920
f 3753 3920 3921
f 3753 3921 3922
f 3753 3922 3755
f 3754 3917 3918
f 3755 3922 3923
f 3755 3923 3756
f 3756 3923 3924
f 3756 3924 3759
f 3756 3759 3757
f 3757 3759 3758
f 3759 3924 3925
f 3759 3925 3760
f 3760 3925 3926
f 3760 3926 3763
f 3763 3927 3764
f 3763 3926 3925
f 3763 3925 3928
f 3763 3928 3929
f 3763 3929 3927
f 3765 3927 3930
f 3765 3930 3931
f 3765 3931 3766
f 3766 3931 3770
f 3766 3770 3767
f 3770 3931 3932
f 3770 3932 3772
f 3772 3932 3928
f 3772 3928 3933
f 3772 3933 3773
f 3773 3779 3774
f 3773 3933 3934
f 3773 3934 3925
f 3773 3925 3935
f 3773 3935 3936
f 3773 3936 3779
f 3774 3779 3776
f 3779 3936 3937
f 3779 3937 3781
f 3781 3937 3938
f 3781 3938 3782
f 3782 3938 3783
f 3783 3938 3784
f 3784 3938 3785
f 3785 3938 3939
f 3785 3939 3940
f 3785 3940 3786
f 3786 3940 3787
f 3787 3940 3941
f 3787 3941 3798
f 3787 3798 3800
f 3787 3800 3788
f 3788 3800 3797
f 3788 3797 3789
f 3790 3795 3791
f 3791 3795 3796
f 3792 3799 3942
f 3792 3942 3943
f 3792 3943 3944
f 3792 3944 3794
f 3792 3794 3793
f 3794 3945 3946
f 3794 3946 3795
f 3794 3944 3947
f 3794 3947 3945
f 3795 3946 3796
f 3796 3946 3948
f 3796 3948 3802
f 3796 3802 3801
f 3798 3941 3949
f 3798 3949 3799
f 3799 3949 3950
f 3799 3950 3942
f 3802 3948 3951
f 3802 3951 3811
f 3802 3811 3803
f 3804 3952 3805
f 3804 3814 3953
f 3804 3953 3952
f 3805 3952 3954
f 3805 3954 3955
f 3805 3955 3810
f 3805 3810 3806
f 3807 3809 3808
f 3809 3810 3847
f 3809 3847 3846
f 3810 3955 3996
f 3810 3996 3847
f 3811 3951 3812
f 3812 3956 3813
f 3812 3951 3948
f 3812 3948 3957
f 3812 3957 3956
f 3813 3956 3814
f 3814 3956 3958
f 3814 3958 3959
f 3814 3959 3960
f 3814 3960 3961
f 3814 3961 3953
f 3817 3820 3818
f 3818 3822 3962
f 3818 3962 3819
f 3819 3962 3963
f 3819 3963 3964
f 3819 3964 3830
f 3821 3845 3965
f 3821 3965 3822
f 3822 3965 3966
f 3822 3966 4102
f 3822 4102 3967
f 3822 3967 3968
f 3822 3968 3969
f 3822 3969 3970
f 3822 3970 3962
f 3824 3836 3971
f 3824 3971 3972
f 3824 3972 3973
f 3824 3973 3825
f 3825 3973 3974
f 3825 3974 3827
f 3825 3827 3826
f 3827 3974 3975
f 3828 3831 3964
f 3828 3964 3976
f 3828 3976 3977
f 3828 3977 3829
f 3829 3977 3978
f 3829 3978 3979
f 3829 3979 3834
f 3829 3834 3833
f 3832 3980 3835
f 3832 3834 3981
f 3832 3981 3983
f 3832 3983 3982
f 3832 3982 3980
f 3834 3979 3983
f 3834 3983 3981
f 3835 3980 3984
f 3835 3984 3836
f 3836 3984 4115
f 3836 4115 3985
f 3836 3985 3986
f 3836 3986 3971
f 3837 3900 3838
f 3838 3900 3987
f 3838 3987 3839
f 3839 3988 3841
f 3839 3987 3988
f 3840 3989 3844
f 3840 3841 3988
f 3840 3988 3989
f 3842 3990 3845
f 3842 3845 3843
f 3842 3844 3990
f 3844 3989 3991
f 3844 3991 3992
f 3844 3992 3993
f 3844 3993 3994
f 3844 3994 3995
f 3844 3995 3966
f 3844 3966 3990
f 3845 3990 3965
f 3847 3996 3849
f 3847 3849 3848
f 3849 3996 3997
f 3849 3997 3998
f 3849 3998 3850
f 3850 3998 3999
f 3850 3999 4000
f 3850 4000 4001
f 3850 4001 3851
f 3851 4001 4002
f 3851 4002 3861
f 3853 3890 4003
f 3853 4003 3854
f 3854 4003 3855
f 3855 3858 3856
f 3855 4003 4004
f 3855 4004 3858
f 3856 3858 3857
f 3858 4005 3897
f 3858 3896 4006
f 3858 4006 3859
f 3858 4004 4007
f 3858 4007 3899
f 3858 3899 4005
f 3859 4006 3896
f 3861 4002 3865
f 3861 3865 3864
f 3861 3864 3862
f 3865 4002 4008
f 3865 4008 3866
f 3866 4008 3867
f 3867 4008 4009
f 3867 4009 3871
f 3867 3871 3870
f 3868 3872 3891
f 3871 4009 4010
f 3871 4010 4011
f 3871 4011 3872
f 3872 4011 4012
f 3872 4012 4013
f 3872 4013 3891
f 3874 3895 4014
f 3874 4014 3875
f 3875 4014 3894
f 3875 3894 4015
f 3875 4015 4016
f 3876 4016 4017
f 3876 4017 4018
f 3876 4018 3878
f 3876 3878 3877
f 3878 4018 3879
f 3879 4018 4019
f 3879 4019 3880
f 3880 4019 3881
f 3881 4019 4020
f 3881 4020 4021
f 3881 4021 4022
f 3881 4022 3882
f 3882 4022 3883
f 3883 4022 4021
f 3883 4021 4023
f 3883 4023 3884
f 3884 4023 4024
f 3884 4024 4025
f 3884 4025 4026
f 3884 4026 3885
f 3885 4027 3994
f 3885 3994 3993
f 3885 3993 3886
f 3885 4026 4028
f 3885 4028 4029
f 3885 4029 4027
f 3886 3993 4030
f 3886 4030 3991
f 3886 3991 4031
f 3886 4031 4032
f 3886 4032 3889
f 3886 3889 3887
f 3887 3889 3888
f 3889 4033 4034
f 3889 4034 3890
f 3889 4032 4033
f 3890 4034 4007
f 3890 4007 4004
f 3890 4004 4003
f 3891 4013 4035
f 3891 4035 4036
f 3891 4036 4037
f 3891 4037 4038
f 3891 4038 4039
f 3891 4039 3893
f 3891 3893 3892
f 3893 4039 3894
f 3894 4016 4015
f 3894 4014 3895
f 3894 4039 4016
f 3897 4005 3898
f 3898 4005 3899
f 3899 4007 3900
f 3900 4007 3987
f 3901 4040 4041
f 3901 4041 3902
f 3902 4041 4042
f 3902 4042 3903
f 3903 4042 4043
f 3903 4043 4044
f 3903 4044 3905
f 3904 4045 4046
f 3904 4046 3906
f 3904 3905 4045
f 3905 4047 4045
f 3905 4044 4047
f 3906 4048 3907
f 3906 4046 4048
f 3907 4049 4050
f 3907 4050 4051
f 3907 4051 3908
f 3907 4048 4049
f 3908 4051 4052
f 3908 4052 3909
f 3909 3911 3910
f 3909 4052 3912
f 3909 3912 3911
f 3912 4052 4053
f 3912 4053 3915
f 3912 3915 3914
f 3915 4053 4054
f 3915 4054 4055
f 3915 4055 3916
f 3916 4055 3917
f 3917 4055 4056
f 3917 4056 3919
f 3917 3919 3918
f 3919 4057 3920
f 3919 4056 4057
f 3920 4057 4058
f 3920 4058 3921
f 3921 4058 3922
f 3922 4058 3923
f 3923 4058 4059
f 3923 4059 4060
f 3923 4060 4061
f 3923 4061 3924
f 3924 4061 4062
f 3924 4062 3925
f 3925 4062 3935
f 3925 3934 3928
f 3927 3929 3931
f 3927 3931 3930
f 3928 3934 3933
f 3928 3932 3931
f 3928 3931 3929
f 3935 4062 3936
f 3936 4062 3938
f 3936 3938 3937
f 3938 4062 4063
f 3938 4063 4064
f 3938 4064 3939
f 3939 4064 4065
f 3939 4065 4066
f 3939 4066 3940
f 3940 4066 4067
f 3940 4067 3949
f 3940 3949 3941
f 3942 3950 4068
f 3942 4068 3943
f 3943 4069 4070
f 3943 4070 4071
f 3943 4071 4072
f 3943 4072 4073
f 3943 4073 4074
f 3943 4074 4075
f 3943 4075 3944
f 3943 4068 4069
f 3944 4075 4076
f 3944 4076 4077
f 3944 4077 3947
f 3945 3948 3946
f 3945 3947 4078
f 3945 4078 4079
f 3945 4079 4080
f 3945 4080 3948
f 3947 4077 4076
f 3947 4076 4081
f 3947 4081 4078
f 3948 4080 4079
f 3948 4079 4082
f 3948 4082 4083
f 3948 4083 4084
f 3948 4084 4085
f 3948 4085 3957
f 3949 4067 3950
f 3950 4067 4086
f 3950 4086 4068
f 3952 3953 3961
f 3952 3961 3954
f 3954 3961 4087
f 3954 4087 4124
f 3954 4124 3997
f 3954 3997 3996
f 3954 3996 3955
f 3956 3957 4088
f 3956 4088 3958
f 3957 3958 4088
f 3957 4085 4084
f 3957 4084 4089
f 3957 4089 4090
f 3957 4090 4091
f 3957 4091 4093
f 3957 4093 3958
f 3958 4092 3959
f 3958 4093 4092
f 3959 4092 4094
f 3959 4094 4095
f 3959 4095 3960
f 3960 4095 3961
f 3961 4095 4096
f 3961 4096 4213
f 3961 4213 4097
f 3961 4097 4214
f 3961 4214 4098
f 3961 4098 4099
f 3961 4099 4087
f 3962 3970 3963
f 3963 3970 3969
f 3963 3969 4100
f 3963 4100 3976
f 3963 3976 3964
f 3965 3990 3966
f 3966 4101 4102
f 3966 3995 4101
f 3967 4102 4101
f 3967 4101 3968
f 3968 4029 4025
f 3968 4025 4103
f 3968 4103 4100
f 3968 4100 3969
f 3968 4101 4029
f 3971 3986 4104
f 3971 4104 4105
f 3971 4105 4106
f 3971 4106 3972
f 3972 4106 4107
f 3972 4107 3974
f 3972 3974 3973
f 3974 4107 4108
f 3974 4108 3975
f 3976 4100 4109
f 3976 4109 4110
f 3976 4110 3978
f 3976 3978 3977
f 3978 4111 3979
f 3978 4110 4112
f 3978 4112 4111
f 3979 4111 3983
f 3980 3982 3984
f 3982 3983 4113
f 3982 4113 3984
f 3983 4111 4113
f 3984 4113 4114
f 3984 4114 4115
f 3985 4116 3986
f 3985 4115 4117
f 3985 4117 4226
f 3985 4226 4118
f 3985 4118 4116
f 3986 4119 4227
f 3986 4227 4120
f 3986 4120 4104
f 3986 4116 4121
f 3986 4121 4119
f 3987 4007 4122
f 3987 4122 4031
f 3987 4031 3988
f 3988 4031 3989
f 3989 4031 3991
f 3991 4030 3992
f 3992 4030 3993
f 3994 4027 3995
f 3995 4027 4123
f 3995 4123 4101
f 3997 4124 4097
f 3997 4097 3998
f 3998 4097 3999
f 3999 4097 4000
f 4000 4097 4125
f 4000 4125 4126
f 4000 4126 4127
f 4000 4127 4128
f 4000 4128 4129
f 4000 4129 4001
f 4001 4129 4008
f 4001 4008 4002
f 4007 4034 4122
f 4008 4129 4128
f 4008 4128 4127
f 4008 4127 4130
f 4008 4130 4009
f 4009 4130 4131
f 4009 4131 4010
f 4010 4131 4132
f 4010 4132 4133
f 4010 4133 4012
f 4010 4012 4011
f 4012 4133 4134
f 4012 4134 4013
f 4013 4134 4035
f 4016 4039 4038
f 4016 4038 4037
f 4016 4037 4135
f 4016 4135 4136
f 4016 4136 4137
f 4016 4137 4138
f 4016 4138 4139
f 4016 4139 4017
f 4017 4139 4140
f 4017 4140 4018
f 4018 4140 4141
f 4018 4141 4142
f 4018 4142 4143
f 4018 4143 4144
f 4018 4144 4145
f 4018 4145 4146
f 4018 4146 4019
f 4019 4146 4145
f 4019 4145 4020
f 4020 4145 4147
f 4020 4147 4021
f 4021 4024 4023
f 4021 4147 4148
f 4021 4148 4149
f 4021 4149 4150
f 4021 4150 4103
f 4021 4103 4024
f 4024 4103 4025
f 4025 4029 4028
f 4025 4028 4026
f 4027 4029 4101
f 4027 4101 4123
f 4031 4122 4034
f 4031 4034 4033
f 4031 4033 4032
f 4035 4134 4036
f 4036 4134 4037
f 4037 4134 4151
f 4037 4151 4135
f 4040 4152 4153
f 4040 4153 4044
f 4040 4044 4041
f 4040 4154 4155
f 4040 4155 4156
f 4040 4156 4152
f 4041 4044 4042
f 4042 4044 4043
f 4044 4153 4045
f 4044 4045 4047
f 4045 4156 4046
f 4045 4153 4152
f 4045 4152 4156
f 4046 4156 4157
f 4046 4157 4158
f 4046 4158 4159
f 4046 4159 4160
f 4046 4160 4161
f 4046 4161 4162
f 4046 4162 4163
f 4046 4163 4164
f 4046 4164 4048
f 4048 4164 4049
f 4049 4162 4161
f 4049 4161 4165
f 4049 4165 4050
f 4049 4164 4163
f 4049 4163 4162
f 4050 4052 4051
f 4050 4165 4166
f 4050 4166 4167
f 4050 4167 4270
f 4050 4270 4168
f 4050 4168 4169
f 4050 4169 4170
f 4050 4170 4171
f 4050 4171 4052
f 4052 4171 4172
f 4052 4172 4173
f 4052 4173 4053
f 4053 4173 4055
f 4053 4055 4174
f 4053 4174 4054
f 4054 4174 4055
f 4055 4175 4176
f 4055 4176 4177
f 4055 4177 4058
f 4055 4058 4057
f 4055 4057 4056
f 4055 4173 4172
f 4055 4172 4170
f 4055 4170 4175
f 4058 4177 4176
f 4058 4176 4178
f 4058 4178 4179
f 4058 4179 4180
f 4058 4180 4181
f 4058 4181 4182
f 4058 4182 4060
f 4058 4060 4059
f 4060 4182 4067
f 4060 4067 4061
f 4061 4067 4066
f 4061 4066 4065
f 4061 4065 4063
f 4061 4063 4183
f 4061 4183 4062
f 4062 4183 4063
f 4063 4065 4064
f 4067 4182 4086
f 4068 4086 4184
f 4068 4184 4185
f 4068 4185 4186
f 4068 4186 4069
f 4069 4186 4071
f 4069 4071 4070
f 4071 4187 4179
f 4071 4179 4072
f 4071 4186 4187
f 4072 4179 4188
f 4072 4188 4189
f 4072 4189 4190
f 4072 4190 4073
f 4073 4190 4189
f 4073 4189 4074
f 4074 4189 4076
f 4074 4076 4075
f 4076 4189 4191
f 4076 4191 4192
f 4076 4192 4193
f 4076 4193 4079
f 4076 4079 4078
f 4076 4078 4081
f 4079 4193 4194
f 4079 4194 4082
f 4082 4194 4195
f 4082 4195 4083
f 4083 4195 4196
f 4083 4196 4197
f 4083 4197 4084
f 4084 4197 4090
f 4084 4090 4089
f 4086 4182 4181
f 4086 4181 4184
f 4087 4099 4215
f 4087 4215 4124
f 4090 4198 4199
f 4090 4199 4091
f 4090 4197 4196
f 4090 4196 4200
f 4090 4200 4201
f 4090 4201 4202
f 4090 4202 4203
f 4090 4203 4204
f 4090 4204 4198
f 4091 4199 4093
f 4092 4205 4094
f 4092 4093 4206
f 4092 4206 4205
f 4093 4199 4198
f 4093 4198 4207
f 4093 4207 4208
f 4093 4208 4206
f 4094 4205 4209
f 4094 4209 4095
f 4095 4210 4213
f 4095 4213 4096
f 4095 4209 4211
f 4095 4211 4206
f 4095 4206 4212
f 4095 4212 4293
f 4095 4293 4210
f 4097 4213 4210
f 4097 4210 4125
f 4097 4124 4215
f 4097 4215 4214
f 4098 4214 4215
f 4098 4215 4099
f 4100 4103 4109
f 4103 4150 4216
f 4103 4216 4109
f 4104 4120 4217
f 4104 4217 4218
f 4104 4218 4219
f 4104 4219 4105
f 4105 4219 4220
f 4105 4220 4106
f 4106 4220 4108
f 4106 4108 4107
f 4108 4220 4221
f 4109 4216 4149
f 4109 4149 4110
f 4110 4149 4112
f 4111 4112 4222
f 4111 4222 4114
f 4111 4114 4113
f 4112 4149 4148
f 4112 4148 4222
f 4114 4222 4223
f 4114 4223 4252
f 4114 4252 4224
f 4114 4224 4117
f 4114 4117 4115
f 4116 4118 4225
f 4116 4225 4121
f 4117 4224 4226
f 4118 4226 4225
f 4119 4121 4228
f 4119 4228 4227
f 4120 4227 4229
f 4120 4229 4230
f 4120 4230 4217
f 4121 4225 4228
f 4125 4210 4126
f 4126 4210 4231
f 4126 4231 4232
f 4126 4232 4127
f 4127 4232 4233
f 4127 4233 4130
f 4130 4233 4234
f 4130 4234 4235
f 4130 4235 4131
f 4131 4235 4236
f 4131 4236 4237
f 4131 4237 4132
f 4132 4237 4236
f 4132 4236 4238
f 4132 4238 4133
f 4133 4239 4151
f 4133 4151 4134
f 4133 4238 4240
f 4133 4240 4241
f 4133 4241 4242
f 4133 4242 4239
f 4135 4151 4136
f 4136 4151 4137
f 4137 4243 4244
f 4137 4244 4245
f 4137 4245 4246
f 4137 4246 4138
f 4137 4151 4243
f 4138 4246 4249
f 4138 4249 4247
f 4138 4247 4139
f 4139 4247 4248
f 4139 4248 4140
f 4140 4248 4141
f 4141 4248 4249
f 4141 4249 4142
f 4142 4249 4250
f 4142 4250 4143
f 4143 4250 4251
f 4143 4251 4228
f 4143 4228 4252
f 4143 4252 4223
f 4143 4223 4253
f 4143 4253 4144
f 4144 4253 4145
f 4145 4253 4254
f 4145 4254 4147
f 4147 4254 4148
f 4148 4254 4222
f 4149 4216 4150
f 4151 4239 4242
f 4151 4242 4243
f 4154 4255 4155
f 4155 4255 4256
f 4155 4256 4156
f 4156 4257 4258
f 4156 4258 4259
f 4156 4259 4157
f 4156 4256 4257
f 4157 4259 4260
f 4157 4260 4159
f 4157 4159 4158
f 4159 4260 4261
f 4159 4261 4262
f 4159 4262 4160
f 4160 4262 4263
f 4160 4263 4264
f 4160 4264 4265
f 4160 4265 4266
f 4160 4266 4267
f 4160 4267 4268
f 4160 4268 4166
f 4160 4166 4165
f 4160 4165 4161
f 4166 4268 4269
f 4166 4269 4270
f 4166 4270 4167
f 4168 4270 4271
f 4168 4271 4176
f 4168 4176 4272
f 4168 4272 4169
f 4169 4272 4170
f 4170 4172 4171
f 4170 4272 4175
f 4175 4272 4176
f 4176 4179 4178
f 4176 4271 4270
f 4176 4270 4179
f 4179 4273 4274
f 4179 4274 4275
f 4179 4275 4188
f 4179 4187 4180
f 4179 4270 4273
f 4180 4187 4186
f 4180 4186 4184
f 4180 4184 4181
f 4184 4186 4185
f 4188 4275 4189
f 4189 4275 4191
f 4191 4275 4276
f 4191 4276 4277
f 4191 4277 4192
f 4192 4277 4278
f 4192 4278 4193
f 4193 4278 4279
f 4193 4279 4194
f 4194 4279 4195
f 4195 4279 4196
f 4196 4279 4280
f 4196 4280 4200
f 4198 4204 4281
f 4198 4281 4207
f 4200 4280 4201
f 4201 4280 4282
f 4201 4282 4202
f 4202 4282 4283
f 4202 4283 4284
f 4202 4284 4203
f 4203 4284 4285
f 4203 4285 4286
f 4203 4286 4287
f 4203 4287 4281
f 4203 4281 4204
f 4205 4206 4209
f 4206 4208 4288
f 4206 4288 4212
f 4206 4211 4209
f 4207 4281 4289
f 4207 4289 4290
f 4207 4290 4208
f 4208 4290 4288
f 4210 4291 4292
f 4210 4292 4231
f 4210 4293 4291
f 4212 4288 4358
f 4212 4358 4293
f 4217 4230 4294
f 4217 4294 4295
f 4217 4295 4296
f 4217 4296 4297
f 4217 4297 4218
f 4218 4297 4219
f 4219 4297 4298
f 4219 4298 4220
f 4220 4298 4221
f 4222 4254 4223
f 4223 4254 4253
f 4224 4228 4226
f 4224 4252 4228
f 4225 4226 4228
f 4227 4299 4229
f 4227 4228 4300
f 4227 4300 4299
f 4228 4251 4300
f 4229 4299 4301
f 4229 4301 4302
f 4229 4302 4230
f 4230 4302 4303
f 4230 4303 4294
f 4231 4292 4232
f 4232 4292 4233
f 4233 4304 4305
f 4233 4305 4306
f 4233 4306 4307
f 4233 4307 4234
f 4233 4292 4304
f 4234 4307 4236
f 4234 4236 4235
f 4236 4307 4306
f 4236 4306 4308
f 4236 4308 4309
f 4236 4309 4310
f 4236 4310 4238
f 4238 4310 4240
f 4240 4310 4241
f 4241 4310 4311
f 4241 4311 4312
f 4241 4312 4313
f 4241 4313 4242
f 4242 4313 4314
f 4242 4314 4315
f 4242 4315 4243
f 4243 4315 4244
f 4244 4316 4245
f 4244 4315 4317
f 4244 4317 4318
f 4244 4318 4319
f 4244 4319 4320
f 4244 4320 4316
f 4245 4316 4246
f 4246 4316 4321
f 4246 4321 4249
f 4247 4249 4248
f 4249 4316 4320
f 4249 4320 4322
f 4249 4322 4323
f 4249 4323 4324
f 4249 4324 4250
f 4249 4321 4316
f 4250 4324 4300
f 4250 4300 4251
f 4255 4325 4326
f 4255 4326 4256
f 4256 4326 4327
f 4256 4327 4259
f 4256 4259 4257
f 4257 4259 4258
f 4259 4327 4260
f 4260 4327 4328
f 4260 4328 4329
f 4260 4329 4330
f 4260 4330 4331
f 4260 4331 4261
f 4261 4331 4332
f 4261 4332 4333
f 4261 4333 4334
f 4261 4334 4335
f 4261 4335 4336
f 4261 4336 4263
f 4261 4263 4262
f 4263 4336 4264
f 4264 4336 4335
f 4264 4335 4337
f 4264 4337 4338
f 4264 4338 4339
f 4264 4339 4340
f 4264 4340 4341
f 4264 4341 4342
f 4264 4342 4265
f 4265 4343 4266
f 4265 4342 4344
f 4265 4344 4343
f 4266 4343 4267
f 4267 4343 4344
f 4267 4344 4268
f 4268 4344 4345
f 4268 4345 4273
f 4268 4273 4346
f 4268 4346 4270
f 4268 4270 4269
f 4270 4346 4273
f 4273 4344 4274
f 4273 4345 4344
f 4274 4344 4275
f 4275 4344 4276
f 4276 4347 4280
f 4276 4280 4277
f 4276 4344 4342
f 4276 4342 4341
f 4276 4341 4347
f 4277 4280 4279
f 4277 4279 4278
f 4280 4347 4340
f 4280 4340 4348
f 4280 4348 4283
f 4280 4283 4282
f 4281 4349 4289
f 4281 4287 4350
f 4281 4350 4349
f 4283 4348 4340
f 4283 4340 4284
f 4284 4340 4351
f 4284 4351 4352
f 4284 4352 4353
f 4284 4353 4354
f 4284 4354 4355
f 4284 4355 4285
f 4285 4355 4356
f 4285 4356 4286
f 4286 4350 4287
f 4286 4356 4357
f 4286 4357 4350
f 4288 4290 4360
f 4288 4360 4358
f 4289 4349 4400
f 4289 4400 4359
f 4289 4359 4360
f 4289 4360 4290
f 4291 4293 4304
f 4291 4304 4292
f 4293 4358 4304
f 4294 4361 4362
f 4294 4362 4363
f 4294 4363 4296
f 4294 4296 4295
f 4294 4303 4302
f 4294 4302 4361
f 4296 4363 4364
f 4296 4364 4297
f 4297 4364 4298
f 4299 4365 4301
f 4299 4300 4366
f 4299 4366 4323
f 4299 4323 4322
f 4299 4322 4367
f 4299 4367 4365
f 4300 4324 4366
f 4301 4365 4318
f 4301 4318 4368
f 4301 4368 4369
f 4301 4369 4370
f 4301 4370 4371
f 4301 4371 4302
f 4302 4371 4372
f 4302 4372 4361
f 4304 4358 4305
f 4305 4358 4360
f 4305 4360 4359
f 4305 4359 4373
f 4305 4373 4306
f 4306 4373 4308
f 4308 4373 4374
f 4308 4374 4309
f 4309 4374 4375
f 4309 4375 4310
f 4310 4375 4311
f 4311 4376 4377
f 4311 4377 4378
f 4311 4378 4312
f 4311 4375 4376
f 4312 4378 4379
f 4312 4379 4313
f 4313 4379 4380
f 4313 4380 4314
f 4314 4380 4315
f 4315 4381 4382
f 4315 4382 4383
f 4315 4383 4317
f 4315 4380 4384
f 4315 4384 4381
f 4317 4383 4385
f 4317 4385 4386
f 4317 4386 4387
f 4317 4387 4318
f 4318 4387 4368
f 4318 4365 4319
f 4319 4367 4320
f 4319 4365 4367
f 4320 4367 4322
f 4323 4366 4324
f 4325 4388 4389
f 4325 4389 4390
f 4325 4390 4326
f 4326 4390 4327
f 4327 4390 4328
f 4328 4390 4391
f 4328 4391 4392
f 4328 4392 4329
f 4329 4393 4394
f 4329 4394 4330
f 4329 4392 4393
f 4330 4332 4331
f 4330 4394 4395
f 4330 4395 4396
f 4330 4396 4397
f 4330 4397 4332
f 4332 4397 4335
f 4332 4335 4334
f 4332 4334 4333
f 4335 4397 4337
f 4337 4398 4399
f 4337 4399 4338
f 4337 4397 4398
f 4338 4352 4339
f 4338 4399 4352
f 4339 4352 4351
f 4339 4351 4340
f 4340 4347 4341
f 4349 4350 4401
f 4349 4401 4400
f 4350 4357 4402
f 4350 4402 4420
f 4350 4420 4401
f 4352 4403 4353
f 4352 4399 4403
f 4353 4403 4404
f 4353 4404 4354
f 4354 4356 4355
f 4354 4404 4405
f 4354 4405 4356
f 4356 4405 4406
f 4356 4406 4407
f 4356 4407 4357
f 4357 4407 4402
f 4359 4400 4373
f 4361 4372 4362
f 4362 4408 4409
f 4362 4410 4363
f 4362 4372 4411
f 4362 4411 4408
f 4363 4410 4364
f 4368 4387 4386
f 4368 4386 4369
f 4369 4412 4413
f 4369 4413 4414
f 4369 4414 4370
f 4369 4386 4412
f 4370 4414 4415
f 4370 4415 4416
f 4370 4416 4371
f 4371 4416 4417
f 4371 4417 4411
f 4371 4411 4418
f 4371 4418 4419
f 4371 4419 4372
f 4372 4419 4411
f 4373 4400 4401
f 4373 4401 4374
f 4374 4401 4420
f 4374 4420 4421
f 4374 4421 4422
f 4374 4422 4423
f 4374 4423 4375
f 4375 4423 4376
f 4376 4423 4377
f 4377 4423 4422
f 4377 4422 4424
f 4377 4424 4378
f 4378 4424 4425
f 4378 4425 4379
f 4379 4384 4380
f 4379 4425 4384
f 4381 4384 4425
f 4381 4425 4426
f 4381 4426 4427
f 4381 4427 4428
f 4381 4428 4382
f 4382 4429 4412
f 4382 4412 4383
f 4382 4428 4430
f 4382 4430 4429
f 4383 4386 4385
f 4383 4412 4386
f 4388 4431 4389
f 4389 4431 4432
f 4389 4432 4390
f 4390 4432 4391
f 4391 4393 4392
f 4391 4432 4393
f 4393 4432 4433
f 4393 4433 4434
f 4393 4434 4435
f 4393 4435 4436
f 4393 4436 4437
f 4393 4437 4438
f 4393 4438 4395
f 4393 4395 4394
f 4395 4438 4396
f 4396 4438 4398
f 4396 4398 4397
f 4398 4438 4399
f 4399 4438 4439
f 4399 4439 4405
f 4399 4405 4404
f 4399 4404 4403
f 4402 4407 4440
f 4402 4440 4452
f 4402 4452 4420
f 4405 4439 4406
f 4406 4441 4440
f 4406 4440 4407
f 4406 4439 4473
f 4406 4473 4441
f 4408 4411 4409
f 4409 4442 4443
f 4409 4411 4442
f 4411 4419 4418
f 4411 4417 4444
f 4411 4444 4442
f 4412 4430 4445
f 4412 4445 4413
f 4412 4429 4430
f 4413 4445 4430
f 4413 4430 4446
f 4413 4446 4447
f 4413 4447 4414
f 4414 4447 4448
f 4414 4448 4415
f 4415 4448 4449
f 4415 4449 4416
f 4416 4449 4450
f 4416 4450 4451
f 4416 4451 4417
f 4417 4451 4444
f 4420 4452 4453
f 4420 4453 4421
f 4421 4453 4422
f 4422 4453 4454
f 4422 4454 4455
f 4422 4455 4425
f 4422 4425 4424
f 4425 4455 4456
f 4425 4456 4457
f 4425 4457 4426
f 4426 4457 4456
f 4426 4456 4427
f 4427 4456 4458
f 4427 4458 4428
f 4428 4458 4430
f 4430 4459 4446
f 4430 4458 4456
f 4430 4456 4460
f 4430 4460 4459
f 4431 4461 4462
f 4431 4462 4432
f 4432 4462 4463
f 4432 4463 4433
f 4433 4464 4466
f 4433 4466 4434
f 4433 4463 4465
f 4433 4465 4464
f 4434 4466 4435
f 4435 4466 4467
f 4435 4467 4436
f 4436 4467 4468
f 4436 4468 4469
f 4436 4469 4437
f 4437 4469 4493
f 4437 4493 4470
f 4437 4470 4438
f 4438 4470 4471
f 4438 4471 4439
f 4439 4471 4472
f 4439 4472 4473
f 4440 4441 4474
f 4440 4474 4452
f 4441 4473 4482
f 4441 4482 4474
f 4442 4444 4475
f 4442 4475 4443
f 4444 4451 4450
f 4444 4450 4475
f 4446 4459 4476
f 4446 4476 4477
f 4446 4477 4478
f 4446 4478 4479
f 4446 4479 4447
f 4447 4479 4480
f 4447 4480 4448
f 4448 4480 4481
f 4448 4481 4475
f 4448 4475 4450
f 4448 4450 4449
f 4452 4474 4454
f 4452 4454 4453
f 4454 4474 4482
f 4454 4482 4455
f 4455 4482 4483
f 4455 4483 4484
f 4455 4484 4456
f 4456 4484 4485
f 4456 4485 4486
f 4456 4486 4477
f 4456 4477 4460
f 4459 4477 4476
f 4459 4460 4477
f 4461 4465 4463
f 4461 4463 4462
f 4461 4487 4489
f 4461 4489 4465
f 4464 4488 4490
f 4464 4490 4466
f 4464 4465 4489
f 4464 4489 4488
f 4466 4490 4491
f 4466 4491 4467
f 4467 4491 4492
f 4467 4492 4468
f 4468 4492 4494
f 4468 4494 4469
f 4469 4494 4504
f 4469 4504 4493
f 4470 4493 4495
f 4470 4495 4471
f 4471 4495 4472
f 4472 4483 4482
f 4472 4482 4473
f 4472 4495 4503
f 4472 4503 4483
f 4475 4481 4480
f 4475 4480 4497
f 4475 4497 4496
f 4477 4486 4498
f 4477 4498 4499
f 4477 4499 4500
f 4477 4500 4501
f 4477 4501 4507
f 4477 4507 4502
f 4477 4502 4479
f 4477 4479 4478
f 4479 4502 4497
f 4479 4497 4480
f 4483 4503 4484
f 4484 4503 4485
f 4485 4503 4504
f 4485 4504 4494
f 4485 4494 4486
f 4486 4494 4492
f 4486 4492 4498
f 4487 4505 4506
f 4487 4506 4507
f 4487 4507 4489
f 4488 4501 4490
f 4488 4489 4507
f 4488 4507 4501
f 4490 4501 4500
f 4490 4500 4499
f 4490 4499 4491
f 4491 4499 4498
f 4491 4498 4492
f 4493 4504 4503
f 4493 4503 4495
f 4496 4497 4508
f 4497 4502 4508
f 4502 4507 4506
f 4502 4506 4508
f 4505 4508 4506

