mtllib material.mtl
usemtl material_0
v -0.02500000 -0.00000000 -0.00400000
v -0.02500000 -0.00000000 -0.00400000
v -0.02500000 -0.00000000 0.00400000
v -0.02500000 -0.00000000 0.00400000
v -0.02499068 -0.00000000 0.00413617
v -0.02497909 -0.00000000 -0.00420346
v -0.02496291 -0.00000000 -0.00426980
v -0.02496291 -0.00000000 0.00426980
v -0.02493910 -0.00174391 -0.00400000
v -0.02493910 -0.00174391 0.00400000
v -0.02493910 0.00174391 -0.00400000
v -0.02493910 0.00174391 0.00400000
v -0.02493678 0.00174375 -0.00406824
v -0.02492981 -0.00174326 0.00413617
v -0.02492981 0.00174326 0.00413617
v -0.02491824 -0.00174245 -0.00420346
v -0.02491824 0.00174245 -0.00420346
v -0.02491721 -0.00000000 0.00439840
v -0.02490211 0.00174132 0.00426980
v -0.02488789 -0.00000000 -0.00446007
v -0.02488150 -0.00173988 -0.00433488
v -0.02488150 -0.00173988 0.00433488
v -0.02488150 0.00173988 -0.00433488
v -0.02485651 -0.00173814 0.00439840
v -0.02485651 0.00173814 -0.00439840
v -0.02485442 -0.00000000 -0.00451958
v -0.02485442 -0.00000000 0.00451958
v -0.02482726 0.00173609 0.00446006
v -0.02479387 -0.00173376 -0.00451958
v -0.02477571 -0.00000000 0.00463109
v -0.02475670 -0.00347933 -0.00400000
v -0.02475670 -0.00347933 0.00400000
v -0.02475670 0.00347933 -0.00400000
v -0.02475670 0.00347933 0.00400000
v -0.02475652 -0.00173114 0.00457668
v -0.02475652 0.00173114 -0.00457668
v -0.02475652 0.00173114 0.00457668
v -0.02474748 -0.00347803 -0.00413617
v -0.02474748 -0.00347803 0.00413617
v -0.02474748 0.00347803 -0.00413617
v -0.02474748 0.00347803 0.00413617
v -0.02473083 -0.00000000 -0.00468255
v -0.02473083 -0.00000000 -0.00468255
v -0.02471998 0.00347417 -0.00426980
v -0.02471536 -0.00172827 -0.00463109
v -0.02471536 -0.00172827 -0.00463109
v -0.02471536 -0.00172827 0.00463109
v -0.02471536 0.00172827 -0.00463109
v -0.02469952 -0.00347129 -0.00433488
v -0.02469952 -0.00347129 0.00433488
v -0.02469952 0.00347129 0.00433488
v -0.02468255 -0.00000000 -0.00473084
v -0.02468255 -0.00000000 -0.00473084
v -0.02468255 -0.00000000 0.00473084
v -0.02468255 -0.00000000 0.00473084
v -0.02467472 -0.00346781 0.00439840
v -0.02467472 0.00346781 -0.00439840
v -0.02467059 0.00172514 0.00468255
v -0.02467059 0.00172514 0.00468255
v -0.02464568 -0.00346372 -0.00446007
v -0.02464568 0.00346372 0.00446006
v -0.02462243 0.00172177 -0.00473084
v -0.02462243 0.00172177 -0.00473084
v -0.02461254 -0.00345907 -0.00451958
v -0.02461254 0.00345907 0.00451958
v -0.02457668 -0.00000000 0.00481697
v -0.02457545 -0.00345385 0.00457668
v -0.02457545 0.00345385 -0.00457668
v -0.02457109 -0.00171818 -0.00477571
v -0.02457109 -0.00171818 0.00477571
v -0.02457109 -0.00171818 0.00477571
v -0.02457109 0.00171818 0.00477571
v -0.02453459 -0.00344811 -0.00463109
v -0.02451958 -0.00000000 -0.00485442
v -0.02451681 0.00171438 -0.00481697
v -0.02449015 0.00344187 -0.00468255
v -0.02449015 0.00344187 -0.00468255
v -0.02449015 0.00344187 0.00468255
v -0.02449015 0.00344187 0.00468255
v -0.02446006 -0.00000000 0.00488789
v -0.02445986 -0.00171040 -0.00485442
v -0.02445369 -0.00519779 -0.00400000
v -0.02445369 -0.00519779 0.00400000
v -0.02445369 0.00519779 -0.00400000
v -0.02445369 0.00519779 0.00400000
v -0.02445141 0.00519731 -0.00406824
v -0.02445141 0.00519731 0.00406824
v -0.02444458 -0.00519586 -0.00413617
v -0.02444458 -0.00519586 0.00413617
v -0.02444234 -0.00343515 -0.00473084
v -0.02444234 -0.00343515 -0.00473084
v -0.02444234 -0.00343515 0.00473084
v -0.02444234 -0.00343515 0.00473084
v -0.02443323 0.00519344 0.00420346
v -0.02441742 -0.00519008 -0.00426980
v -0.02441742 -0.00519008 0.00426980
v -0.02441742 0.00519008 -0.00426980
v -0.02440048 -0.00170625 -0.00488788
v -0.02440048 -0.00170625 0.00488789
v -0.02440048 0.00170625 0.00488789
v -0.02439840 -0.00000000 -0.00491721
v -0.02439721 -0.00518579 -0.00433488
v -0.02439721 0.00518579 0.00433488
v -0.02439138 0.00342799 -0.00477571
v -0.02439138 0.00342799 0.00477571
v -0.02437271 0.00518058 -0.00439840
v -0.02434402 -0.00517448 -0.00446007
v -0.02434402 -0.00517448 0.00446006
v -0.02434402 0.00517448 0.00446006
v -0.02433897 -0.00170195 0.00491721
v -0.02433897 0.00170195 -0.00491721
v -0.02433897 0.00170195 0.00491721
v -0.02433750 -0.00342041 -0.00481697
v -0.02433750 -0.00342041 0.00481697
v -0.02433750 0.00342041 -0.00481697
v -0.02433488 -0.00000000 -0.00494226
v -0.02428096 -0.00341247 0.00485442
v -0.02428096 0.00341247 0.00485442
v -0.02427560 -0.00169752 -0.00494226
v -0.02427466 -0.00515974 -0.00457668
v -0.02427466 0.00515974 -0.00457668
v -0.02427466 0.00515974 0.00457668
v -0.02426980 -0.00000000 0.00496292
v -0.02423430 -0.00515116 0.00463109
v -0.02423430 0.00515116 0.00463109
v -0.02423430 0.00515116 0.00463109
v -0.02421068 -0.00169298 0.00496292
v -0.02421068 0.00169298 -0.00496292
v -0.02421068 0.00169298 0.00496292
v -0.02420346 -0.00000000 -0.00497908
v -0.02419041 -0.00514183 -0.00468255
v -0.02419041 -0.00514183 -0.00468255
v -0.02419041 0.00514183 -0.00468255
v -0.02419041 0.00514183 -0.00468255
v -0.02416096 -0.00339560 -0.00491721
v -0.02416096 -0.00339560 0.00491721
v -0.02416096 0.00339560 -0.00491721
v -0.02416096 0.00339560 0.00491721
v -0.02414450 -0.00168835 -0.00497908
v -0.02414450 0.00168835 -0.00497908
v -0.02414318 -0.00513179 0.00473084
v -0.02414318 -0.00513179 0.00473084
v -0.02414318 0.00513179 0.00473084
v -0.02414318 0.00513179 0.00473084
v -0.02413617 -0.00000000 0.00499069
v -0.02409805 -0.00338676 -0.00494226
v -0.02409805 0.00338676 -0.00494226
v -0.02409284 -0.00512109 -0.00477571
v -0.02409284 0.00512109 -0.00477571
v -0.02407737 0.00168365 0.00499069
v -0.02403962 -0.00510978 0.00481697
v -0.02403962 0.00510978 -0.00481697
v -0.02403962 0.00510978 0.00481697
v -0.02403360 -0.00337770 0.00496292
v -0.02403154 -0.00689093 -0.00400000
v -0.02403154 -0.00689093 0.00400000
v -0.02403154 0.00689093 -0.00400000
v -0.02403154 0.00689093 0.00400000
v -0.02402930 0.00689029 0.00406824
v -0.02402259 -0.00688837 -0.00413617
v -0.02402259 -0.00688837 0.00413617
v -0.02402259 0.00688837 -0.00413617
v -0.02401144 0.00688517 0.00420346
v -0.02400961 -0.00167892 0.00499767
v -0.02400000 -0.00000000 -0.00500000
v -0.02400000 -0.00000000 -0.00500000
v -0.02400000 -0.00000000 0.00500000
v -0.02399590 0.00688071 -0.00426980
v -0.02398377 -0.00509791 -0.00485442
v -0.02397604 -0.00687502 -0.00433488
v -0.02397604 -0.00687502 0.00433488
v -0.02397604 0.00687502 0.00433488
v -0.02396791 -0.00336847 -0.00497908
v -0.02396791 0.00336847 0.00497908
v -0.02395196 -0.00686811 0.00439840
v -0.02394154 -0.00167416 -0.00500000
v -0.02394154 -0.00167416 -0.00500000
v -0.02394154 -0.00167416 0.00500000
v -0.02394154 0.00167416 -0.00500000
v -0.02394154 0.00167416 -0.00500000
v -0.02394154 0.00167416 0.00500000
v -0.02392555 -0.00508553 0.00488789
v -0.02392555 0.00508553 0.00488789
v -0.02392377 -0.00686003 -0.00446007
v -0.02392377 0.00686003 -0.00446007
v -0.02390127 0.00335911 -0.00499069
v -0.02390127 0.00335911 0.00499069
v -0.02389160 -0.00685081 0.00451958
v -0.02389160 0.00685081 0.00451958
v -0.02386524 0.00507271 -0.00491721
v -0.02385560 -0.00684048 -0.00457668
v -0.02385560 0.00684048 -0.00457668
v -0.02383401 -0.00334965 0.00499767
v -0.02380310 -0.00505951 -0.00494226
v -0.02380310 0.00505951 0.00494226
v -0.02377281 -0.00681674 -0.00468255
v -0.02377281 -0.00681674 -0.00468255
v -0.02377281 -0.00681674 0.00468255
v -0.02377281 -0.00681674 0.00468255
v -0.02377281 0.00681674 0.00468255
v -0.02377281 0.00681674 0.00468255
v -0.02376643 -0.00334015 -0.00500000
v -0.02376643 -0.00334015 -0.00500000
v -0.02376643 -0.00334015 0.00500000
v -0.02376643 0.00334015 -0.00500000
v -0.02376643 0.00334015 -0.00500000
v -0.02376643 0.00334015 0.00500000
v -0.02373944 -0.00504597 0.00496292
v -0.02373944 0.00504597 -0.00496292
v -0.02372639 0.00680343 -0.00473084
v -0.02372639 0.00680343 -0.00473084
v -0.02367692 -0.00678925 0.00477571
v -0.02367692 0.00678925 0.00477571
v -0.02367455 -0.00503218 -0.00497908
v -0.02367455 0.00503218 -0.00497908
v -0.02367455 0.00503218 0.00497908
v -0.02362462 -0.00677425 -0.00481697
v -0.02362462 0.00677425 -0.00481697
v -0.02360873 -0.00501819 0.00499069
v -0.02360873 0.00501819 0.00499069
v -0.02356974 -0.00675851 0.00485442
v -0.02356974 0.00675851 0.00485442
v -0.02351252 -0.00674211 -0.00488788
v -0.02351252 0.00674211 0.00488789
v -0.02349231 -0.00855050 -0.00400000
v -0.02349231 -0.00855050 0.00400000
v -0.02349231 0.00855050 -0.00400000
v -0.02349231 0.00855050 0.00400000
v -0.02349013 -0.00854971 -0.00406824
v -0.02349013 0.00854971 0.00406824
v -0.02348356 -0.00854732 0.00413617
v -0.02348356 0.00854732 -0.00413617
v -0.02348356 0.00854732 0.00413617
v -0.02347554 -0.00498988 -0.00500000
v -0.02347554 -0.00498988 -0.00500000
v -0.02347554 -0.00498988 0.00500000
v -0.02347554 0.00498988 -0.00500000
v -0.02347554 0.00498988 -0.00500000
v -0.02347554 0.00498988 0.00500000
v -0.02347266 -0.00854335 -0.00420346
v -0.02345747 -0.00853782 0.00426980
v -0.02345747 0.00853782 -0.00426980
v -0.02345325 -0.00672511 0.00491721
v -0.02345325 0.00672511 -0.00491721
v -0.02343806 -0.00853076 -0.00433488
v -0.02343806 0.00853076 0.00433488
v -0.02341452 -0.00852219 0.00439840
v -0.02341452 0.00852219 0.00439840
v -0.02339219 -0.00670760 -0.00494226
v -0.02338696 0.00851216 -0.00446007
v -0.02335551 -0.00850071 -0.00451958
v -0.02335551 -0.00850071 0.00451958
v -0.02335551 0.00850071 -0.00451958
v -0.02332963 -0.00668966 0.00496292
v -0.02332963 0.00668966 -0.00496292
v -0.02332963 0.00668966 0.00496292
v -0.02332032 0.00848790 0.00457668
v -0.02328155 -0.00847379 -0.00463109
v -0.02328155 -0.00847379 -0.00463109
v -0.02328155 -0.00847379 0.00463109
v -0.02328155 -0.00847379 0.00463109
v -0.02328155 0.00847379 -0.00463109
v -0.02323938 0.00845844 0.00468255
v -0.02323938 0.00845844 0.00468255
v -0.02320117 -0.00665283 -0.00499069
v -0.02320117 -0.00665283 0.00499069
v -0.02320117 0.00665283 -0.00499069
v -0.02320117 0.00665283 0.00499069
v -0.02319401 -0.00844193 0.00473084
v -0.02319401 -0.00844193 0.00473084
v -0.02319401 0.00844193 -0.00473084
v -0.02319401 0.00844193 -0.00473084
v -0.02314565 -0.00842433 -0.00477571
v -0.02314565 0.00842433 0.00477571
v -0.02309453 0.00840572 -0.00481697
v -0.02309453 0.00840572 0.00481697
v -0.02307028 -0.00661530 -0.00500000
v -0.02307028 -0.00661530 -0.00500000
v -0.02307028 -0.00661530 0.00500000
v -0.02307028 0.00661530 -0.00500000
v -0.02307028 0.00661530 -0.00500000
v -0.02307028 0.00661530 0.00500000
v -0.02304087 -0.00838619 -0.00485442
v -0.02304087 -0.00838619 0.00485442
v -0.02304087 0.00838619 -0.00485442
v -0.02304087 0.00838619 0.00485442
v -0.02292700 0.00834474 -0.00491721
v -0.02286731 -0.00832302 -0.00494226
v -0.02286731 -0.00832302 0.00494226
v -0.02286731 0.00832302 0.00494226
v -0.02283864 -0.01016842 -0.00400000
v -0.02283864 -0.01016842 0.00400000
v -0.02283864 0.01016842 -0.00400000
v -0.02283864 0.01016842 0.00400000
v -0.02283651 -0.01016747 -0.00406824
v -0.02283651 -0.01016747 0.00406824
v -0.02283651 0.01016747 -0.00406824
v -0.02283651 0.01016747 0.00406824
v -0.02283012 0.01016463 0.00413617
v -0.02281953 0.01015991 -0.00420346
v -0.02281953 0.01015991 0.00420346
v -0.02280615 -0.00830076 -0.00496292
v -0.02280615 -0.00830076 0.00496292
v -0.02280615 0.00830076 -0.00496292
v -0.02280476 -0.01015333 -0.00426980
v -0.02280476 -0.01015333 0.00426980
v -0.02276300 -0.01013474 0.00439840
v -0.02276300 0.01013474 -0.00439840
v -0.02276300 0.01013474 0.00439840
v -0.02274381 0.00827807 0.00497908
v -0.02273621 -0.01012282 -0.00446007
v -0.02273621 -0.01012282 0.00446006
v -0.02270564 -0.01010920 -0.00451958
v -0.02270564 0.01010920 -0.00451958
v -0.02270564 0.01010920 0.00451958
v -0.02268058 -0.00825506 -0.00499069
v -0.02268058 0.00825506 -0.00499069
v -0.02267143 -0.01009397 0.00457668
v -0.02267143 0.01009397 -0.00457668
v -0.02261675 -0.00823182 0.00499767
v -0.02259274 -0.01005894 -0.00468255
v -0.02259274 -0.01005894 -0.00468255
v -0.02259274 0.01005894 -0.00468255
v -0.02259274 0.01005894 -0.00468255
v -0.02259274 0.01005894 0.00468255
v -0.02259274 0.01005894 0.00468255
v -0.02255262 -0.00820848 -0.00500000
v -0.02255262 -0.00820848 -0.00500000
v -0.02255262 -0.00820848 0.00500000
v -0.02255262 0.00820848 -0.00500000
v -0.02255262 0.00820848 -0.00500000
v -0.02255262 0.00820848 0.00500000
v -0.02254864 -0.01003930 0.00473084
v -0.02254864 -0.01003930 0.00473084
v -0.02250162 0.01001837 0.00477571
v -0.02245191 -0.00999624 -0.00481697
v -0.02245191 0.00999624 -0.00481697
v -0.02239975 -0.00997301 0.00485442
v -0.02234538 0.00994880 -0.00488788
v -0.02234538 0.00994880 0.00488789
v -0.02228905 -0.00992372 -0.00491721
v -0.02228905 -0.00992372 0.00491721
v -0.02228905 0.00992372 0.00491721
v -0.02223102 0.00989789 -0.00494226
v -0.02217156 0.00987142 0.00496292
v -0.02211096 -0.00984443 -0.00497908
v -0.02211096 -0.00984443 0.00497908
v -0.02211096 0.00984443 -0.00497908
v -0.02207369 -0.01173679 -0.00400000
v -0.02207369 -0.01173679 0.00400000
v -0.02207369 0.01173679 -0.00400000
v -0.02207369 0.01173679 0.00400000
v -0.02207163 0.01173569 -0.00406824
v -0.02206546 -0.01173242 0.00413617
v -0.02206546 0.01173242 -0.00413617
v -0.02206546 0.01173242 0.00413617
v -0.02205522 -0.01172697 -0.00420346
v -0.02205522 -0.01172697 0.00420346
v -0.02204948 0.00981706 0.00499069
v -0.02204095 0.01171938 -0.00426980
v -0.02204095 0.01171938 0.00426980
v -0.02202271 -0.01170968 0.00433488
v -0.02200059 -0.01169792 -0.00439840
v -0.02200059 0.01169792 -0.00439840
v -0.02200059 0.01169792 0.00439840
v -0.02198743 -0.00978944 0.00499767
v -0.02197470 -0.01168415 -0.00446007
v -0.02197470 -0.01168415 0.00446006
v -0.02197470 0.01168415 -0.00446007
v -0.02197470 0.01168415 0.00446006
v -0.02194515 0.01166844 -0.00451958
v -0.02192509 -0.00976168 -0.00500000
v -0.02192509 -0.00976168 -0.00500000
v -0.02192509 -0.00976168 0.00500000
v -0.02192509 0.00976168 -0.00500000
v -0.02192509 0.00976168 -0.00500000
v -0.02192509 0.00976168 0.00500000
v -0.02191208 -0.01165086 0.00457668
v -0.02191208 0.01165086 0.00457668
v -0.02187566 -0.01163149 -0.00463109
v -0.02187566 -0.01163149 -0.00463109
v -0.02187566 0.01163149 -0.00463109
v -0.02187566 0.01163149 -0.00463109
v -0.02187566 0.01163149 0.00463109
v -0.02187566 0.01163149 0.00463109
v -0.02183603 -0.01161042 -0.00468255
v -0.02183603 -0.01161042 0.00468255
v -0.02183603 -0.01161042 0.00468255
v -0.02179340 0.01158776 -0.00473084
v -0.02179340 0.01158776 0.00473084
v -0.02174796 -0.01156359 0.00477571
v -0.02169992 -0.01153805 -0.00481697
v -0.02169992 0.01153805 -0.00481697
v -0.02164951 -0.01151125 0.00485442
v -0.02164951 0.01151125 -0.00485442
v -0.02164951 0.01151125 0.00485442
v -0.02159696 -0.01148330 -0.00488788
v -0.02154251 -0.01145436 0.00491721
v -0.02154251 0.01145436 -0.00491721
v -0.02154251 0.01145436 0.00491721
v -0.02148642 0.01142453 0.00494226
v -0.02142896 -0.01139398 -0.00496292
v -0.02142896 -0.01139398 0.00496292
v -0.02137038 -0.01136283 -0.00497908
v -0.02137038 0.01136283 -0.00497908
v -0.02137038 0.01136283 0.00497908
v -0.02131097 -0.01133124 0.00499069
v -0.02120120 -0.01324798 -0.00400000
v -0.02120120 -0.01324798 0.00400000
v -0.02120120 0.01324798 -0.00400000
v -0.02120120 0.01324798 0.00400000
v -0.02119922 0.01324675 -0.00406824
v -0.02119330 -0.01324305 -0.00413617
v -0.02119330 0.01324305 -0.00413617
v -0.02119330 0.01324305 0.00413617
v -0.02119074 -0.01126732 -0.00500000
v -0.02119074 -0.01126732 -0.00500000
v -0.02119074 -0.01126732 0.00500000
v -0.02119074 0.01126732 -0.00500000
v -0.02119074 0.01126732 -0.00500000
v -0.02119074 0.01126732 0.00500000
v -0.02118346 -0.01323690 0.00420346
v -0.02118346 0.01323690 -0.00420346
v -0.02118346 0.01323690 0.00420346
v -0.02116975 -0.01322833 -0.00426980
v -0.02116975 -0.01322833 0.00426980
v -0.02115224 -0.01321738 -0.00433488
v -0.02115224 0.01321738 -0.00433488
v -0.02115224 0.01321738 0.00433488
v -0.02110612 -0.01318857 -0.00446007
v -0.02110612 -0.01318857 0.00446006
v -0.02110612 0.01318857 -0.00446007
v -0.02110612 0.01318857 0.00446006
v -0.02104598 -0.01315099 0.00457668
v -0.02104598 0.01315099 -0.00457668
v -0.02104598 0.01315099 -0.00457668
v -0.02104598 0.01315099 0.00457668
v -0.02101100 -0.01312913 -0.00463109
v -0.02101100 -0.01312913 -0.00463109
v -0.02101100 -0.01312913 0.00463109
v -0.02101100 -0.01312913 0.00463109
v -0.02097294 0.01310535 -0.00468255
v -0.02097294 0.01310535 0.00468255
v -0.02097294 0.01310535 0.00468255
v -0.02093199 -0.01307976 -0.00473084
v -0.02088835 -0.01305249 0.00477571
v -0.02088835 0.01305249 -0.00477571
v -0.02088835 0.01305249 0.00477571
v -0.02084221 -0.01302366 -0.00481697
v -0.02084221 0.01302366 0.00481697
v -0.02079379 -0.01299340 0.00485442
v -0.02079379 0.01299340 -0.00485442
v -0.02074331 -0.01296186 -0.00488788
v -0.02074331 0.01296186 -0.00488788
v -0.02074331 0.01296186 0.00488789
v -0.02069102 -0.01292918 0.00491721
v -0.02063715 -0.01289552 -0.00494226
v -0.02063715 0.01289552 -0.00494226
v -0.02063715 0.01289552 0.00494226
v -0.02058195 -0.01286103 -0.00496292
v -0.02058195 0.01286103 0.00496292
v -0.02052569 -0.01282588 0.00497908
v -0.02052569 0.01282588 -0.00497908
v -0.02046863 -0.01279022 -0.00499069
v -0.02041103 0.01275422 0.00499767
v -0.02035316 -0.01271806 -0.00500000
v -0.02035316 -0.01271806 -0.00500000
v -0.02035316 -0.01271806 0.00500000
v -0.02035316 0.01271806 -0.00500000
v -0.02035316 0.01271806 -0.00500000
v -0.02035316 0.01271806 0.00500000
v -0.02022542 -0.01469463 -0.00400000
v -0.02022542 -0.01469463 0.00400000
v -0.02022542 0.01469463 -0.00400000
v -0.02022542 0.01469463 0.00400000
v -0.02022354 0.01469326 0.00406824
v -0.02020850 -0.01468234 -0.00420346
v -0.02020850 -0.01468234 0.00420346
v -0.02020850 0.01468234 0.00420346
v -0.02019542 -0.01467283 0.00426980
v -0.02019542 0.01467283 -0.00426980
v -0.02019542 0.01467283 0.00426980
v -0.02017871 0.01466069 -0.00433488
v -0.02017871 0.01466069 0.00433488
v -0.02015845 -0.01464597 -0.00439840
v -0.02015845 -0.01464597 0.00439840
v -0.02015845 0.01464597 -0.00439840
v -0.02013472 0.01462873 -0.00446007
v -0.02013472 0.01462873 -0.00446007
v -0.02010765 -0.01460906 -0.00451958
v -0.02010765 0.01460906 -0.00451958
v -0.02010765 0.01460906 -0.00451958
v -0.02010765 0.01460906 0.00451958
v -0.02007735 -0.01458705 -0.00457668
v -0.02007735 -0.01458705 -0.00457668
v -0.02007735 -0.01458705 0.00457668
v -0.02004397 -0.01456280 0.00463109
v -0.02004397 -0.01456280 0.00463109
v -0.02004397 0.01456280 -0.00463109
v -0.02004397 0.01456280 0.00463109
v -0.02000766 0.01453642 0.00468255
v -0.02000766 0.01453642 0.00468255
v -0.01996861 -0.01450804 -0.00473084
v -0.01996861 -0.01450804 0.00473084
v -0.01992697 0.01447779 -0.00477571
v -0.01988295 -0.01444581 0.00481697
v -0.01988295 0.01444581 0.00481697
v -0.01983676 -0.01441225 -0.00485442
v -0.01983676 0.01441225 -0.00485442
v -0.01983676 0.01441225 0.00485442
v -0.01978861 -0.01437726 0.00488789
v -0.01978861 0.01437726 -0.00488788
v -0.01973872 -0.01434102 -0.00491721
v -0.01973872 0.01434102 0.00491721
v -0.01968733 -0.01430368 -0.00494226
v -0.01968733 0.01430368 0.00494226
v -0.01963468 -0.01426543 0.00496292
v -0.01963468 0.01426543 -0.00496292
v -0.01958101 -0.01422643 0.00497908
v -0.01958101 0.01422643 0.00497908
v -0.01952657 -0.01418688 -0.00499069
v -0.01952657 0.01418688 -0.00499069
v -0.01952657 0.01418688 0.00499069
v -0.01947162 -0.01414696 0.00499767
v -0.01941641 -0.01410685 -0.00500000
v -0.01941641 -0.01410685 -0.00500000
v -0.01941641 -0.01410685 0.00500000
v -0.01941641 0.01410685 -0.00500000
v -0.01941641 0.01410685 -0.00500000
v -0.01941641 0.01410685 0.00500000
v -0.01915111 -0.01606969 -0.00400000
v -0.01915111 -0.01606969 0.00400000
v -0.01915111 0.01606969 -0.00400000
v -0.01915111 0.01606969 0.00400000
v -0.01914933 0.01606819 -0.00406824
v -0.01914398 -0.01606370 -0.00413617
v -0.01914398 -0.01606370 0.00413617
v -0.01914398 0.01606370 0.00413617
v -0.01913509 0.01605625 0.00420346
v -0.01912271 -0.01604585 0.00426980
v -0.01912271 0.01604585 -0.00426980
v -0.01912271 0.01604585 0.00426980
v -0.01910688 -0.01603258 -0.00433488
v -0.01910688 -0.01603258 0.00433488
v -0.01908769 -0.01601647 -0.00439840
v -0.01908769 0.01601647 -0.00439840
v -0.01908769 0.01601647 -0.00439840
v -0.01908769 0.01601647 0.00439840
v -0.01906523 -0.01599762 0.00446006
v -0.01906523 0.01599762 0.00446006
v -0.01903959 -0.01597611 -0.00451958
v -0.01903959 -0.01597611 -0.00451958
v -0.01903959 0.01597611 0.00451958
v -0.01901090 -0.01595204 0.00457668
v -0.01901090 -0.01595204 0.00457668
v -0.01901090 0.01595204 -0.00457668
v -0.01897930 -0.01592552 -0.00463109
v -0.01897930 -0.01592552 -0.00463109
v -0.01897930 0.01592552 0.00463109
v -0.01897930 0.01592552 0.00463109
v -0.01894492 0.01589667 -0.00468255
v -0.01890793 -0.01586564 -0.00473084
v -0.01890793 -0.01586564 0.00473084
v -0.01890793 0.01586564 0.00473084
v -0.01886851 -0.01583256 0.00477571
v -0.01886851 0.01583256 -0.00477571
v -0.01886851 0.01583256 0.00477571
v -0.01882683 0.01579758 0.00481697
v -0.01878309 -0.01576089 -0.00485442
v -0.01878309 -0.01576089 0.00485442
v -0.01878309 0.01576089 -0.00485442
v -0.01873750 0.01572263 -0.00488788
v -0.01873750 0.01572263 0.00488789
v -0.01869026 -0.01568299 -0.00491721
v -0.01869026 -0.01568299 0.00491721
v -0.01869026 0.01568299 0.00491721
v -0.01864160 -0.01564216 0.00494226
v -0.01859174 0.01560032 -0.00496292
v -0.01859174 0.01560032 0.00496292
v -0.01854092 -0.01555768 -0.00497908
v -0.01848937 -0.01551443 0.00499069
v -0.01848937 0.01551443 0.00499069
v -0.01843734 0.01547077 -0.00499767
v -0.01838507 -0.01542690 -0.00500000
v -0.01838507 -0.01542690 -0.00500000
v -0.01838507 -0.01542690 0.00500000
v -0.01838507 0.01542690 -0.00500000
v -0.01838507 0.01542690 -0.00500000
v -0.01838507 0.01542690 0.00500000
v -0.01798349 -0.01736646 -0.00400000
v -0.01798349 -0.01736646 -0.00400000
v -0.01798349 -0.01736646 0.00400000
v -0.01798349 -0.01736646 0.00400000
v -0.01798349 0.01736646 -0.00400000
v -0.01798349 0.01736646 0.00400000
v -0.01798182 -0.01736484 -0.00406824
v -0.01798182 -0.01736484 -0.00406824
v -0.01798182 0.01736484 -0.00406824
v -0.01798182 0.01736484 0.00406824
v -0.01797679 -0.01735999 0.00413617
v -0.01797679 -0.01735999 0.00413617
v -0.01796845 0.01735193 -0.00420346
v -0.01796845 0.01735193 0.00420346
v -0.01795682 -0.01734070 -0.00426980
v -0.01795682 -0.01734070 -0.00426980
v -0.01795682 -0.01734070 0.00426980
v -0.01795682 -0.01734070 0.00426980
v -0.01795682 0.01734070 0.00426980
v -0.01794196 -0.01732635 -0.00433488
v -0.01794196 -0.01732635 -0.00433488
v -0.01794196 0.01732635 -0.00433488
v -0.01792394 -0.01730895 0.00439840
v -0.01792394 -0.01730895 0.00439840
v -0.01792394 0.01730895 -0.00439840
v -0.01792394 0.01730895 -0.00439840
v -0.01790285 0.01728858 0.00446006
v -0.01787877 -0.01726533 -0.00451958
v -0.01787877 -0.01726533 -0.00451958
v -0.01787877 -0.01726533 -0.00451958
v -0.01787877 -0.01726533 0.00451958
v -0.01787877 -0.01726533 0.00451958
v -0.01787877 -0.01726533 0.00451958
v -0.01787877 0.01726533 -0.00451958
v -0.01787877 0.01726533 -0.00451958
v -0.01782216 -0.01721065 -0.00463109
v -0.01782216 -0.01721065 -0.00463109
v -0.01782216 0.01721065 0.00463109
v -0.01782216 0.01721065 0.00463109
v -0.01778987 -0.01717948 0.00468255
v -0.01778987 0.01717948 -0.00468255
v -0.01778987 0.01717948 0.00468255
v -0.01775514 0.01714594 0.00473084
v -0.01771812 -0.01711019 -0.00477571
v -0.01771812 -0.01711019 0.00477571
v -0.01771812 0.01711019 -0.00477571
v -0.01767898 -0.01707240 -0.00481697
v -0.01767898 0.01707240 -0.00481697
v -0.01759510 -0.01699139 0.00488789
v -0.01759510 0.01699139 -0.00488788
v -0.01759510 0.01699139 0.00488789
v -0.01755074 -0.01694855 -0.00491721
v -0.01750505 -0.01690443 -0.00494226
v -0.01750505 -0.01690443 0.00494226
v -0.01750505 0.01690443 -0.00494226
v -0.01745823 0.01685922 -0.00496292
v -0.01741051 -0.01681313 -0.00497908
v -0.01741051 0.01681313 0.00497908
v -0.01736210 -0.01676639 0.00499069
v -0.01736210 0.01676639 -0.00499069
v -0.01726416 -0.01667180 -0.00500000
v -0.01726416 -0.01667180 -0.00500000
v -0.01726416 -0.01667180 0.00500000
v -0.01726416 0.01667180 -0.00500000
v -0.01726416 0.01667180 -0.00500000
v -0.01726416 0.01667180 0.00500000
v -0.01672826 -0.01857862 -0.00400000
v -0.01672826 -0.01857862 0.00400000
v -0.01672826 0.01857862 -0.00400000
v -0.01672826 0.01857862 0.00400000
v -0.01672203 -0.01857170 -0.00413617
v -0.01671427 -0.01856308 0.00420346
v -0.01671427 0.01856308 -0.00420346
v -0.01671427 0.01856308 0.00420346
v -0.01670345 0.01855106 -0.00426980
v -0.01670345 0.01855106 -0.00426980
v -0.01670345 0.01855106 0.00426980
v -0.01668963 -0.01853571 -0.00433488
v -0.01668963 -0.01853571 0.00433488
v -0.01667287 0.01851710 0.00439840
v -0.01665325 -0.01849530 -0.00446007
v -0.01665325 -0.01849530 0.00446006
v -0.01663085 -0.01847043 0.00451958
v -0.01663085 -0.01847043 0.00451958
v -0.01663085 0.01847043 -0.00451958
v -0.01663085 0.01847043 -0.00451958
v -0.01663085 0.01847043 -0.00451958
v -0.01663085 0.01847043 0.00451958
v -0.01660579 -0.01844260 -0.00457668
v -0.01660579 -0.01844260 -0.00457668
v -0.01660579 0.01844260 -0.00457668
v -0.01657819 0.01841194 -0.00463109
v -0.01657819 0.01841194 0.00463109
v -0.01657819 0.01841194 0.00463109
v -0.01654816 -0.01837859 -0.00468255
v -0.01654816 -0.01837859 0.00468255
v -0.01654816 -0.01837859 0.00468255
v -0.01654816 0.01837859 0.00468255
v -0.01651585 0.01834271 -0.00473084
v -0.01651585 0.01834271 0.00473084
v -0.01648141 -0.01830446 0.00477571
v -0.01648141 0.01830446 0.00477571
v -0.01644501 -0.01826403 -0.00481697
v -0.01640680 0.01822160 -0.00485442
v -0.01640680 0.01822160 0.00485442
v -0.01636698 -0.01817737 -0.00488788
v -0.01636698 -0.01817737 0.00488789
v -0.01632572 0.01813154 -0.00491721
v -0.01632572 0.01813154 0.00491721
v -0.01628321 -0.01808434 -0.00494226
v -0.01628321 -0.01808434 0.00494226
v -0.01628321 0.01808434 -0.00494226
v -0.01623966 0.01803597 0.00496292
v -0.01619527 -0.01798667 -0.00497908
v -0.01619527 0.01798667 -0.00497908
v -0.01619527 0.01798667 0.00497908
v -0.01615025 -0.01793667 0.00499069
v -0.01610480 0.01788619 -0.00499767
v -0.01610480 0.01788619 0.00499767
v -0.01605913 -0.01783548 -0.00500000
v -0.01605913 -0.01783548 -0.00500000
v -0.01605913 -0.01783548 0.00500000
v -0.01605913 0.01783548 -0.00500000
v -0.01605913 0.01783548 -0.00500000
v -0.01605913 0.01783548 0.00500000
v -0.01539154 -0.01970027 -0.00400000
v -0.01539154 -0.01970027 0.00400000
v -0.01539154 0.01970027 -0.00400000
v -0.01539154 0.01970027 -0.00400000
v -0.01539154 0.01970027 0.00400000
v -0.01539154 0.01970027 0.00400000
v -0.01539010 -0.01969843 -0.00406824
v -0.01539010 0.01969843 -0.00406824
v -0.01539010 0.01969843 -0.00406824
v -0.01538580 -0.01969293 0.00413617
v -0.01538580 0.01969293 -0.00413617
v -0.01538580 0.01969293 -0.00413617
v -0.01538580 0.01969293 0.00413617
v -0.01538580 0.01969293 0.00413617
v -0.01537866 0.01968379 -0.00420346
v -0.01537866 0.01968379 -0.00420346
v -0.01536871 -0.01967105 -0.00426980
v -0.01536871 0.01967105 -0.00426980
v -0.01536871 0.01967105 -0.00426980
v -0.01535599 -0.01965477 0.00433488
v -0.01535599 0.01965477 0.00433488
v -0.01535599 0.01965477 0.00433488
v -0.01534057 -0.01963503 -0.00439840
v -0.01534057 -0.01963503 0.00439840
v -0.01534057 0.01963503 -0.00439840
v -0.01532251 0.01961192 0.00446006
v -0.01532251 0.01961192 0.00446006
v -0.01530191 -0.01958555 -0.00451958
v -0.01530191 -0.01958555 0.00451958
v -0.01530191 0.01958555 -0.00451958
v -0.01530191 0.01958555 -0.00451958
v -0.01530191 0.01958555 0.00451958
v -0.01530191 0.01958555 0.00451958
v -0.01527885 0.01955604 0.00457668
v -0.01527885 0.01955604 0.00457668
v -0.01527885 0.01955604 0.00457668
v -0.01525345 -0.01952353 0.00463109
v -0.01525345 -0.01952353 0.00463109
v -0.01525345 0.01952353 -0.00463109
v -0.01525345 0.01952353 -0.00463109
v -0.01525345 0.01952353 0.00463109
v -0.01522582 -0.01948816 -0.00468255
v -0.01522582 -0.01948816 -0.00468255
v -0.01519610 0.01945012 0.00473084
v -0.01516441 -0.01940956 -0.00477571
v -0.01516441 -0.01940956 0.00477571
v -0.01516441 0.01940956 0.00477571
v -0.01513092 0.01936669 -0.00481697
v -0.01513092 0.01936669 0.00481697
v -0.01509576 -0.01932169 -0.00485442
v -0.01509576 -0.01932169 0.00485442
v -0.01509576 0.01932169 -0.00485442
v -0.01509576 0.01932169 0.00485442
v -0.01505912 0.01927479 -0.00488788
v -0.01502116 -0.01922620 0.00491721
v -0.01502116 0.01922620 -0.00491721
v -0.01498205 -0.01917615 -0.00494226
v -0.01494198 -0.01912486 0.00496292
v -0.01494198 0.01912486 0.00496292
v -0.01490113 -0.01907258 -0.00497908
v -0.01490113 0.01907258 -0.00497908
v -0.01485971 0.01901956 0.00499069
v -0.01481789 -0.01896603 -0.00499767
v -0.01481789 -0.01896603 0.00499767
v -0.01477587 -0.01891226 -0.00500000
v -0.01477587 -0.01891226 -0.00500000
v -0.01477587 -0.01891226 0.00500000
v -0.01477587 0.01891226 -0.00500000
v -0.01477587 0.01891226 -0.00500000
v -0.01477587 0.01891226 0.00500000
v -0.01397982 -0.02072594 -0.00400000
v -0.01397982 -0.02072594 0.00400000
v -0.01397982 0.02072594 -0.00400000
v -0.01397982 0.02072594 0.00400000
v -0.01397852 -0.02072401 -0.00406824
v -0.01397852 -0.02072401 0.00406824
v -0.01397852 0.02072401 -0.00406824
v -0.01397852 0.02072401 0.00406824
v -0.01397461 0.02071822 -0.00413617
v -0.01396813 -0.02070860 -0.00420346
v -0.01396813 -0.02070860 0.00420346
v -0.01396813 0.02070860 0.00420346
v -0.01395909 -0.02069520 -0.00426980
v -0.01395909 0.02069520 -0.00426980
v -0.01395909 0.02069520 0.00426980
v -0.01394754 -0.02067807 0.00433488
v -0.01394754 0.02067807 -0.00433488
v -0.01393353 0.02065731 -0.00439840
v -0.01391713 -0.02063299 -0.00446007
v -0.01391713 -0.02063299 0.00446006
v -0.01391713 0.02063299 -0.00446007
v -0.01391713 0.02063299 0.00446006
v -0.01389841 -0.02060525 0.00451958
v -0.01389841 0.02060525 -0.00451958
v -0.01387747 0.02057420 0.00457668
v -0.01387747 0.02057420 0.00457668
v -0.01385440 -0.02053999 -0.00463109
v -0.01385440 -0.02053999 -0.00463109
v -0.01382931 -0.02050279 0.00468255
v -0.01382931 -0.02050279 0.00468255
v -0.01382931 0.02050279 -0.00468255
v -0.01382931 0.02050279 -0.00468255
v -0.01380231 0.02046276 -0.00473084
v -0.01380231 0.02046276 0.00473084
v -0.01377353 -0.02042009 -0.00477571
v -0.01377353 -0.02042009 0.00477571
v -0.01377353 0.02042009 -0.00477571
v -0.01377353 0.02042009 0.00477571
v -0.01374310 0.02037499 -0.00481697
v -0.01374310 0.02037499 0.00481697
v -0.01371118 -0.02032766 0.00485442
v -0.01367790 -0.02027831 -0.00488788
v -0.01367790 0.02027831 0.00488789
v -0.01364341 -0.02022719 0.00491721
v -0.01364341 0.02022719 -0.00491721
v -0.01364341 0.02022719 0.00491721
v -0.01360789 -0.02017453 0.00494226
v -0.01357150 -0.02012057 -0.00496292
v -0.01357150 0.02012057 -0.00496292
v -0.01353440 -0.02006557 -0.00497908
v -0.01353440 -0.02006557 0.00497908
v -0.01353440 0.02006557 -0.00497908
v -0.01349677 0.02000979 0.00499069
v -0.01342063 -0.01989690 -0.00500000
v -0.01342063 -0.01989690 -0.00500000
v -0.01342063 -0.01989690 0.00500000
v -0.01342063 0.01989690 -0.00500000
v -0.01342063 0.01989690 -0.00500000
v -0.01342063 0.01989690 0.00500000
v -0.01250000 -0.02165063 -0.00400000
v -0.01250000 -0.02165063 0.00400000
v -0.01250000 0.02165063 -0.00400000
v -0.01250000 0.02165063 0.00400000
v -0.01249883 0.02164862 0.00406824
v -0.01249534 -0.02164257 -0.00413617
v -0.01249534 -0.02164257 0.00413617
v -0.01249534 0.02164257 0.00413617
v -0.01248954 0.02163252 -0.00420346
v -0.01248954 0.02163252 0.00420346
v -0.01248146 -0.02161852 0.00426980
v -0.01248146 0.02161852 0.00426980
v -0.01247113 -0.02160063 -0.00433488
v -0.01247113 0.02160063 -0.00433488
v -0.01247113 0.02160063 0.00433488
v -0.01245861 -0.02157894 -0.00439840
v -0.01245861 0.02157894 -0.00439840
v -0.01245861 0.02157894 0.00439840
v -0.01244394 -0.02155354 0.00446006
v -0.01244394 0.02155354 -0.00446007
v -0.01244394 0.02155354 0.00446006
v -0.01242721 -0.02152456 -0.00451958
v -0.01240848 0.02149213 -0.00457668
v -0.01240848 0.02149213 0.00457668
v -0.01238786 -0.02145640 0.00463109
v -0.01238786 -0.02145640 0.00463109
v -0.01238786 0.02145640 -0.00463109
v -0.01238786 0.02145640 -0.00463109
v -0.01238786 0.02145640 0.00463109
v -0.01238786 0.02145640 0.00463109
v -0.01236542 -0.02141753 -0.00468255
v -0.01236542 -0.02141753 -0.00468255
v -0.01236542 0.02141753 0.00468255
v -0.01234128 -0.02137572 0.00473084
v -0.01234128 0.02137572 0.00473084
v -0.01231554 -0.02133115 -0.00477571
v -0.01231554 -0.02133115 0.00477571
v -0.01231554 0.02133115 -0.00477571
v -0.01231554 0.02133115 0.00477571
v -0.01228834 0.02128403 0.00481697
v -0.01225979 -0.02123458 0.00485442
v -0.01225979 0.02123458 0.00485442
v -0.01223003 -0.02118304 -0.00488788
v -0.01223003 0.02118304 -0.00488788
v -0.01219920 -0.02112963 0.00491721
v -0.01216744 -0.02107462 -0.00494226
v -0.01216744 0.02107462 -0.00494226
v -0.01213490 -0.02101826 0.00496292
v -0.01213490 0.02101826 -0.00496292
v -0.01210173 0.02096081 0.00497908
v -0.01206808 -0.02090253 -0.00499069
v -0.01206808 -0.02090253 0.00499069
v -0.01206808 0.02090253 0.00499069
v -0.01203412 0.02084371 -0.00499767
v -0.01200000 -0.02078461 -0.00500000
v -0.01200000 -0.02078461 -0.00500000
v -0.01200000 -0.02078461 0.00500000
v -0.01200000 0.02078461 -0.00500000
v -0.01200000 0.02078461 -0.00500000
v -0.01200000 0.02078461 0.00500000
v -0.01095928 -0.02246985 -0.00400000
v -0.01095928 -0.02246985 0.00400000
v -0.01095928 0.02246985 -0.00400000
v -0.01095928 0.02246985 0.00400000
v -0.01095826 -0.02246776 -0.00406824
v -0.01095826 0.02246776 -0.00406824
v -0.01095826 0.02246776 0.00406824
v -0.01095519 -0.02246148 0.00413617
v -0.01095519 0.02246148 -0.00413617
v -0.01095519 0.02246148 0.00413617
v -0.01095011 -0.02245105 -0.00420346
v -0.01095011 0.02245105 0.00420346
v -0.01094302 0.02243652 0.00426980
v -0.01093397 -0.02241795 0.00433488
v -0.01093397 0.02241795 -0.00433488
v -0.01093397 0.02241795 0.00433488
v -0.01092299 -0.02239544 -0.00439840
v -0.01092299 0.02239544 0.00439840
v -0.01091013 -0.02236908 -0.00446007
v -0.01091013 -0.02236908 0.00446006
v -0.01091013 0.02236908 -0.00446007
v -0.01091013 0.02236908 0.00446006
v -0.01089546 0.02233900 -0.00451958
v -0.01087904 -0.02230535 -0.00457668
v -0.01087904 -0.02230535 -0.00457668
v -0.01087904 0.02230535 0.00457668
v -0.01086096 -0.02226826 0.00463109
v -0.01086096 -0.02226826 0.00463109
v -0.01086096 0.02226826 -0.00463109
v -0.01086096 0.02226826 -0.00463109
v -0.01086096 0.02226826 0.00463109
v -0.01086096 0.02226826 0.00463109
v -0.01084129 0.02222793 -0.00468255
v -0.01082012 -0.02218453 -0.00473084
v -0.01082012 -0.02218453 0.00473084
v -0.01082012 0.02218453 -0.00473084
v -0.01082012 0.02218453 0.00473084
v -0.01079756 -0.02213827 -0.00477571
v -0.01079756 0.02213827 -0.00477571
v -0.01079756 0.02213827 0.00477571
v -0.01077371 0.02208937 0.00481697
v -0.01074868 -0.02203805 0.00485442
v -0.01074868 0.02203805 -0.00485442
v -0.01074868 0.02203805 0.00485442
v -0.01072259 -0.02198456 -0.00488788
v -0.01072259 0.02198456 0.00488789
v -0.01069556 -0.02192914 -0.00491721
v -0.01069556 -0.02192914 0.00491721
v -0.01066771 0.02187204 -0.00494226
v -0.01066771 0.02187204 0.00494226
v -0.01063918 -0.02181355 0.00496292
v -0.01061010 -0.02175392 -0.00497908
v -0.01061010 0.02175392 0.00497908
v -0.01058060 -0.02169344 0.00499069
v -0.01058060 0.02169344 -0.00499069
v -0.01052091 -0.02157106 -0.00500000
v -0.01052091 -0.02157106 -0.00500000
v -0.01052091 -0.02157106 0.00500000
v -0.01052091 0.02157106 -0.00500000
v -0.01052091 0.02157106 -0.00500000
v -0.01052091 0.02157106 0.00500000
v -0.00936516 -0.02317959 -0.00400000
v -0.00936516 -0.02317959 0.00400000
v -0.00936516 0.02317959 -0.00400000
v -0.00936516 0.02317959 0.00400000
v -0.00936429 0.02317744 0.00406824
v -0.00936168 0.02317096 -0.00413617
v -0.00935733 -0.02316020 -0.00420346
v -0.00935733 -0.02316020 0.00420346
v -0.00935733 0.02316020 -0.00420346
v -0.00935127 -0.02314521 0.00426980
v -0.00935127 0.02314521 -0.00426980
v -0.00935127 0.02314521 0.00426980
v -0.00934354 -0.02312606 -0.00433488
v -0.00934354 0.02312606 0.00433488
v -0.00933415 0.02310284 -0.00439840
v -0.00933415 0.02310284 0.00439840
v -0.00932317 -0.02307564 -0.00446007
v -0.00932317 -0.02307564 0.00446006
v -0.00932317 0.02307564 -0.00446007
v -0.00932317 0.02307564 0.00446006
v -0.00931063 -0.02304461 0.00451958
v -0.00931063 0.02304461 -0.00451958
v -0.00931063 0.02304461 0.00451958
v -0.00929660 0.02300989 -0.00457668
v -0.00929660 0.02300989 0.00457668
v -0.00929660 0.02300989 0.00457668
v -0.00928114 -0.02297164 -0.00463109
v -0.00928114 -0.02297164 -0.00463109
v -0.00928114 -0.02297164 0.00463109
v -0.00928114 -0.02297164 0.00463109
v -0.00928114 0.02297164 -0.00463109
v -0.00928114 0.02297164 -0.00463109
v -0.00924625 -0.02288526 -0.00473084
v -0.00924625 -0.02288526 0.00473084
v -0.00924625 0.02288526 -0.00473084
v -0.00924625 0.02288526 0.00473084
v -0.00922697 0.02283755 -0.00477571
v -0.00922697 0.02283755 0.00477571
v -0.00920659 -0.02278710 -0.00481697
v -0.00920659 0.02278710 -0.00481697
v -0.00918520 -0.02273416 -0.00485442
v -0.00918520 -0.02273416 0.00485442
v -0.00918520 0.02273416 0.00485442
v -0.00916290 0.02267898 -0.00488788
v -0.00913980 -0.02262180 -0.00491721
v -0.00911601 -0.02256291 0.00494226
v -0.00911601 0.02256291 0.00494226
v -0.00909163 -0.02250256 -0.00496292
v -0.00909163 0.02250256 -0.00496292
v -0.00906677 -0.02244105 0.00497908
v -0.00906677 0.02244105 0.00497908
v -0.00904157 -0.02237866 -0.00499069
v -0.00901612 0.02231568 -0.00499767
v -0.00901612 0.02231568 0.00499767
v -0.00899056 -0.02225241 -0.00500000
v -0.00899056 -0.02225241 -0.00500000
v -0.00899056 -0.02225241 0.00500000
v -0.00899056 0.02225241 -0.00500000
v -0.00899056 0.02225241 -0.00500000
v -0.00899056 0.02225241 0.00500000
v -0.00850000 -0.00000000 0.00500000
v -0.00850000 -0.00000000 0.00500000
v -0.00850000 0.00000000 -0.00500000
v -0.00850000 0.00000000 -0.00500000
v -0.00847929 -0.00059293 -0.00500000
v -0.00847929 -0.00059293 -0.00500000
v -0.00847929 -0.00059293 0.00500000
v -0.00847929 -0.00059293 0.00500000
v -0.00847929 0.00059293 -0.00500000
v -0.00847929 0.00059293 -0.00500000
v -0.00847929 0.00059293 0.00500000
v -0.00847929 0.00059293 0.00500000
v -0.00841728 -0.00118297 -0.00500000
v -0.00841728 -0.00118297 -0.00500000
v -0.00841728 -0.00118297 0.00500000
v -0.00841728 -0.00118297 0.00500000
v -0.00841728 0.00118297 -0.00500000
v -0.00841728 0.00118297 -0.00500000
v -0.00841728 0.00118297 0.00500000
v -0.00841728 0.00118297 0.00500000
v -0.00831425 -0.00176725 -0.00500000
v -0.00831425 -0.00176725 -0.00500000
v -0.00831425 -0.00176725 0.00500000
v -0.00831425 -0.00176725 0.00500000
v -0.00831425 0.00176725 -0.00500000
v -0.00831425 0.00176725 -0.00500000
v -0.00831425 0.00176725 0.00500000
v -0.00831425 0.00176725 0.00500000
v -0.00817073 -0.00234292 -0.00500000
v -0.00817073 -0.00234292 -0.00500000
v -0.00817073 -0.00234292 0.00500000
v -0.00817073 -0.00234292 0.00500000
v -0.00817073 0.00234292 -0.00500000
v -0.00817073 0.00234292 -0.00500000
v -0.00817073 0.00234292 0.00500000
v -0.00817073 0.00234292 0.00500000
v -0.00798739 -0.00290717 -0.00500000
v -0.00798739 -0.00290717 -0.00500000
v -0.00798739 -0.00290717 0.00500000
v -0.00798739 -0.00290717 0.00500000
v -0.00798739 0.00290717 -0.00500000
v -0.00798739 0.00290717 -0.00500000
v -0.00798739 0.00290717 0.00500000
v -0.00798739 0.00290717 0.00500000
v -0.00776514 -0.00345726 -0.00500000
v -0.00776514 -0.00345726 -0.00500000
v -0.00776514 -0.00345726 0.00500000
v -0.00776514 -0.00345726 0.00500000
v -0.00776514 0.00345726 -0.00500000
v -0.00776514 0.00345726 -0.00500000
v -0.00776514 0.00345726 0.00500000
v -0.00776514 0.00345726 0.00500000
v -0.00772542 -0.02377641 -0.00400000
v -0.00772542 -0.02377641 0.00400000
v -0.00772542 0.02377641 -0.00400000
v -0.00772542 0.02377641 0.00400000
v -0.00772470 -0.02377419 -0.00406824
v -0.00772470 0.02377419 -0.00406824
v -0.00772470 0.02377419 0.00406824
v -0.00772255 -0.02376755 0.00413617
v -0.00772255 0.02376755 0.00413617
v -0.00771896 -0.02375652 0.00420346
v -0.00771896 0.02375652 -0.00420346
v -0.00771896 0.02375652 0.00420346
v -0.00771397 -0.02374115 -0.00426980
v -0.00771397 0.02374115 -0.00426980
v -0.00770758 0.02372150 -0.00433488
v -0.00770758 0.02372150 0.00433488
v -0.00769984 -0.02369768 -0.00439840
v -0.00769984 -0.02369768 0.00439840
v -0.00769984 0.02369768 -0.00439840
v -0.00769984 0.02369768 0.00439840
v -0.00769078 0.02366978 -0.00446007
v -0.00769078 0.02366978 0.00446006
v -0.00768044 -0.02363796 -0.00451958
v -0.00768044 -0.02363796 0.00451958
v -0.00768044 0.02363796 -0.00451958
v -0.00768044 0.02363796 0.00451958
v -0.00766887 -0.02360234 -0.00457668
v -0.00766887 -0.02360234 0.00457668
v -0.00766887 0.02360234 -0.00457668
v -0.00765612 0.02356310 0.00463109
v -0.00764225 -0.02352042 0.00468255
v -0.00764225 -0.02352042 0.00468255
v -0.00764225 0.02352042 -0.00468255
v -0.00764225 0.02352042 -0.00468255
v -0.00764225 0.02352042 0.00468255
v -0.00764225 0.02352042 0.00468255
v -0.00762733 -0.02347450 -0.00473084
v -0.00762733 -0.02347450 -0.00473084
v -0.00762733 0.02347450 -0.00473084
v -0.00762733 0.02347450 0.00473084
v -0.00761142 0.02342556 0.00477571
v -0.00759461 -0.02337381 -0.00481697
v -0.00759461 -0.02337381 0.00481697
v -0.00759461 0.02337381 0.00481697
v -0.00757697 0.02331951 -0.00485442
v -0.00755858 0.02326291 -0.00488788
v -0.00755858 0.02326291 0.00488789
v -0.00753952 -0.02320426 -0.00491721
v -0.00753952 -0.02320426 0.00491721
v -0.00753952 0.02320426 -0.00491721
v -0.00750505 -0.00399051 -0.00500000
v -0.00750505 -0.00399051 -0.00500000
v -0.00750505 -0.00399051 0.00500000
v -0.00750505 -0.00399051 0.00500000
v -0.00750505 0.00399051 -0.00500000
v -0.00750505 0.00399051 -0.00500000
v -0.00750505 0.00399051 0.00500000
v -0.00750505 0.00399051 0.00500000
v -0.00750000 -0.00000000 0.00400000
v -0.00750000 -0.00000000 0.00400000
v -0.00750000 -0.00000000 -0.00400000
v -0.00750000 -0.00000000 -0.00400000
v -0.00749978 -0.02308195 -0.00496292
v -0.00749978 -0.02308195 0.00496292
v -0.00749978 0.02308195 -0.00496292
v -0.00749978 0.02308195 0.00496292
v -0.00748173 -0.00052317 -0.00400000
v -0.00748173 -0.00052317 -0.00400000
v -0.00748173 -0.00052317 0.00400000
v -0.00748173 -0.00052317 0.00400000
v -0.00748173 0.00052317 -0.00400000
v -0.00748173 0.00052317 -0.00400000
v -0.00748173 0.00052317 0.00400000
v -0.00748173 0.00052317 0.00400000
v -0.00747928 0.02301885 -0.00497908
v -0.00745848 -0.02295486 -0.00499069
v -0.00745848 -0.02295486 0.00499069
v -0.00745848 0.02295486 0.00499069
v -0.00742701 -0.00104380 -0.00400000
v -0.00742701 -0.00104380 -0.00400000
v -0.00742701 -0.00104380 0.00400000
v -0.00742701 -0.00104380 0.00400000
v -0.00742701 0.00104380 -0.00400000
v -0.00742701 0.00104380 -0.00400000
v -0.00742701 0.00104380 0.00400000
v -0.00742701 0.00104380 0.00400000
v -0.00741641 -0.02282535 -0.00500000
v -0.00741641 -0.02282535 -0.00500000
v -0.00741641 -0.02282535 0.00500000
v -0.00741641 0.02282535 -0.00500000
v -0.00741641 0.02282535 -0.00500000
v -0.00741641 0.02282535 0.00500000
v -0.00733611 -0.00155934 -0.00400000
v -0.00733611 -0.00155934 -0.00400000
v -0.00733611 -0.00155934 0.00400000
v -0.00733611 -0.00155934 0.00400000
v -0.00733611 0.00155934 -0.00400000
v -0.00733611 0.00155934 -0.00400000
v -0.00733611 0.00155934 0.00400000
v -0.00733611 0.00155934 0.00400000
v -0.00720946 -0.00206728 -0.00400000
v -0.00720946 -0.00206728 -0.00400000
v -0.00720946 -0.00206728 0.00400000
v -0.00720946 -0.00206728 0.00400000
v -0.00720946 0.00206728 -0.00400000
v -0.00720946 0.00206728 -0.00400000
v -0.00720946 0.00206728 0.00400000
v -0.00720946 0.00206728 0.00400000
v -0.00720841 -0.00450431 -0.00500000
v -0.00720841 -0.00450431 -0.00500000
v -0.00720841 -0.00450431 0.00500000
v -0.00720841 -0.00450431 0.00500000
v -0.00720841 0.00450431 -0.00500000
v -0.00720841 0.00450431 -0.00500000
v -0.00720841 0.00450431 0.00500000
v -0.00720841 0.00450431 0.00500000
v -0.00704769 -0.00256515 -0.00400000
v -0.00704769 -0.00256515 -0.00400000
v -0.00704769 -0.00256515 0.00400000
v -0.00704769 -0.00256515 0.00400000
v -0.00704769 0.00256515 -0.00400000
v -0.00704769 0.00256515 -0.00400000
v -0.00704769 0.00256515 0.00400000
v -0.00704769 0.00256515 0.00400000
v -0.00687664 -0.00499617 -0.00500000
v -0.00687664 -0.00499617 -0.00500000
v -0.00687664 -0.00499617 0.00500000
v -0.00687664 -0.00499617 0.00500000
v -0.00687664 0.00499617 -0.00500000
v -0.00687664 0.00499617 -0.00500000
v -0.00687664 0.00499617 0.00500000
v -0.00687664 0.00499617 0.00500000
v -0.00685159 -0.00305052 -0.00400000
v -0.00685159 -0.00305052 -0.00400000
v -0.00685159 -0.00305052 0.00400000
v -0.00685159 -0.00305052 0.00400000
v -0.00685159 0.00305052 -0.00400000
v -0.00685159 0.00305052 -0.00400000
v -0.00685159 0.00305052 0.00400000
v -0.00685159 0.00305052 0.00400000
v -0.00662211 -0.00352104 -0.00400000
v -0.00662211 -0.00352104 -0.00400000
v -0.00662211 -0.00352104 0.00400000
v -0.00662211 -0.00352104 0.00400000
v -0.00662211 0.00352104 -0.00400000
v -0.00662211 0.00352104 -0.00400000
v -0.00662211 0.00352104 0.00400000
v -0.00662211 0.00352104 0.00400000
v -0.00651138 -0.00546369 -0.00500000
v -0.00651138 -0.00546369 -0.00500000
v -0.00651138 -0.00546369 0.00500000
v -0.00651138 -0.00546369 0.00500000
v -0.00651138 0.00546369 -0.00500000
v -0.00651138 0.00546369 -0.00500000
v -0.00651138 0.00546369 0.00500000
v -0.00651138 0.00546369 0.00500000
v -0.00636036 -0.00397439 -0.00400000
v -0.00636036 -0.00397439 -0.00400000
v -0.00636036 -0.00397439 0.00400000
v -0.00636036 -0.00397439 0.00400000
v -0.00636036 0.00397439 -0.00400000
v -0.00636036 0.00397439 -0.00400000
v -0.00636036 0.00397439 0.00400000
v -0.00636036 0.00397439 0.00400000
v -0.00611439 -0.00590460 -0.00500000
v -0.00611439 -0.00590460 -0.00500000
v -0.00611439 -0.00590460 0.00500000
v -0.00611439 -0.00590460 0.00500000
v -0.00611439 0.00590460 -0.00500000
v -0.00611439 0.00590460 -0.00500000
v -0.00611439 0.00590460 0.00500000
v -0.00611439 0.00590460 0.00500000
v -0.00606763 -0.00440839 -0.00400000
v -0.00606763 -0.00440839 -0.00400000
v -0.00606763 -0.00440839 0.00400000
v -0.00606763 -0.00440839 0.00400000
v -0.00606763 0.00440839 -0.00400000
v -0.00606763 0.00440839 -0.00400000
v -0.00606763 0.00440839 0.00400000
v -0.00606763 0.00440839 0.00400000
v -0.00604805 -0.02425739 -0.00400000
v -0.00604805 -0.02425739 0.00400000
v -0.00604805 0.02425739 -0.00400000
v -0.00604805 0.02425739 0.00400000
v -0.00604748 -0.02425513 0.00406824
v -0.00604748 0.02425513 -0.00406824
v -0.00604748 0.02425513 0.00406824
v -0.00604579 -0.02424836 -0.00413617
v -0.00604579 0.02424836 -0.00413617
v -0.00604299 -0.02423710 0.00420346
v -0.00604299 0.02423710 -0.00420346
v -0.00603908 -0.02422141 -0.00426980
v -0.00603908 0.02422141 -0.00426980
v -0.00603908 0.02422141 0.00426980
v -0.00603408 -0.02420137 0.00433488
v -0.00603408 0.02420137 -0.00433488
v -0.00603408 0.02420137 0.00433488
v -0.00602802 0.02417706 -0.00439840
v -0.00602092 -0.02414861 -0.00446007
v -0.00602092 -0.02414861 0.00446006
v -0.00601283 0.02411614 0.00451958
v -0.00600377 -0.02407980 0.00457668
v -0.00600377 0.02407980 -0.00457668
v -0.00600377 0.02407980 0.00457668
v -0.00599379 -0.02403977 -0.00463109
v -0.00599379 0.02403977 -0.00463109
v -0.00599379 0.02403977 0.00463109
v -0.00598293 -0.02399622 0.00468255
v -0.00598293 -0.02399622 0.00468255
v -0.00598293 0.02399622 -0.00468255
v -0.00598293 0.02399622 -0.00468255
v -0.00598293 0.02399622 0.00468255
v -0.00598293 0.02399622 0.00468255
v -0.00597125 -0.02394937 -0.00473084
v -0.00597125 -0.02394937 -0.00473084
v -0.00597125 -0.02394937 0.00473084
v -0.00597125 0.02394937 0.00473084
v -0.00594564 -0.02384665 -0.00481697
v -0.00594564 -0.02384665 0.00481697
v -0.00594564 0.02384665 -0.00481697
v -0.00593182 0.02379125 -0.00485442
v -0.00593182 0.02379125 0.00485442
v -0.00591742 -0.02373350 0.00488789
v -0.00591742 0.02373350 -0.00488788
v -0.00590251 -0.02367366 -0.00491721
v -0.00590251 0.02367366 -0.00491721
v -0.00590251 0.02367366 0.00491721
v -0.00588714 -0.02361203 0.00494226
v -0.00588714 0.02361203 -0.00494226
v -0.00587139 -0.02354888 -0.00496292
v -0.00587139 -0.02354888 0.00496292
v -0.00587139 0.02354888 -0.00496292
v -0.00587139 0.02354888 0.00496292
v -0.00585535 -0.02348451 -0.00497908
v -0.00583907 -0.02341922 0.00499069
v -0.00583907 0.02341922 -0.00499069
v -0.00583907 0.02341922 0.00499069
v -0.00580613 -0.02328710 -0.00500000
v -0.00580613 -0.02328710 -0.00500000
v -0.00580613 -0.02328710 0.00500000
v -0.00580613 0.02328710 -0.00500000
v -0.00580613 0.02328710 -0.00500000
v -0.00580613 0.02328710 0.00500000
v -0.00574533 -0.00482091 -0.00400000
v -0.00574533 -0.00482091 -0.00400000
v -0.00574533 -0.00482091 0.00400000
v -0.00574533 -0.00482091 0.00400000
v -0.00574533 0.00482091 -0.00400000
v -0.00574533 0.00482091 -0.00400000
v -0.00574533 0.00482091 0.00400000
v -0.00574533 0.00482091 0.00400000
v -0.00568761 -0.00631673 -0.00500000
v -0.00568761 -0.00631673 -0.00500000
v -0.00568761 -0.00631673 0.00500000
v -0.00568761 -0.00631673 0.00500000
v -0.00568761 0.00631673 -0.00500000
v -0.00568761 0.00631673 -0.00500000
v -0.00568761 0.00631673 0.00500000
v -0.00568761 0.00631673 0.00500000
v -0.00539505 -0.00520994 -0.00400000
v -0.00539505 -0.00520994 -0.00400000
v -0.00539505 -0.00520994 -0.00400000
v -0.00539505 -0.00520994 0.00400000
v -0.00539505 -0.00520994 0.00400000
v -0.00539505 -0.00520994 0.00400000
v -0.00539505 0.00520994 -0.00400000
v -0.00539505 0.00520994 -0.00400000
v -0.00539505 0.00520994 -0.00400000
v -0.00539505 0.00520994 0.00400000
v -0.00539505 0.00520994 0.00400000
v -0.00539505 0.00520994 0.00400000
v -0.00523312 -0.00669809 -0.00500000
v -0.00523312 -0.00669809 -0.00500000
v -0.00523312 -0.00669809 0.00500000
v -0.00523312 -0.00669809 0.00500000
v -0.00523312 0.00669809 -0.00500000
v -0.00523312 0.00669809 -0.00500000
v -0.00523312 0.00669809 0.00500000
v -0.00523312 0.00669809 0.00500000
v -0.00501848 -0.00557359 -0.00400000
v -0.00501848 -0.00557359 -0.00400000
v -0.00501848 -0.00557359 0.00400000
v -0.00501848 -0.00557359 0.00400000
v -0.00501848 0.00557359 -0.00400000
v -0.00501848 0.00557359 -0.00400000
v -0.00501848 0.00557359 0.00400000
v -0.00501848 0.00557359 0.00400000
v -0.00475314 -0.00704682 -0.00500000
v -0.00475314 -0.00704682 -0.00500000
v -0.00475314 -0.00704682 0.00500000
v -0.00475314 -0.00704682 0.00500000
v -0.00475314 0.00704682 -0.00500000
v -0.00475314 0.00704682 -0.00500000
v -0.00475314 0.00704682 0.00500000
v -0.00475314 0.00704682 0.00500000
v -0.00461746 -0.00591008 -0.00400000
v -0.00461746 -0.00591008 -0.00400000
v -0.00461746 -0.00591008 0.00400000
v -0.00461746 -0.00591008 0.00400000
v -0.00461746 0.00591008 -0.00400000
v -0.00461746 0.00591008 -0.00400000
v -0.00461746 0.00591008 0.00400000
v -0.00461746 0.00591008 0.00400000
v -0.00434120 -0.02462019 -0.00400000
v -0.00434120 -0.02462019 0.00400000
v -0.00434120 0.02462019 -0.00400000
v -0.00434120 0.02462019 0.00400000
v -0.00434080 -0.02461790 -0.00406824
v -0.00434080 -0.02461790 0.00406824
v -0.00434080 0.02461790 -0.00406824
v -0.00434080 0.02461790 0.00406824
v -0.00433959 0.02461102 -0.00413617
v -0.00433959 0.02461102 0.00413617
v -0.00433757 0.02459959 -0.00420346
v -0.00433757 0.02459959 0.00420346
v -0.00433476 -0.02458367 -0.00426980
v -0.00433476 -0.02458367 0.00426980
v -0.00433476 0.02458367 -0.00426980
v -0.00433476 0.02458367 0.00426980
v -0.00433118 0.02456333 -0.00433488
v -0.00433118 0.02456333 0.00433488
v -0.00432683 -0.02453866 -0.00439840
v -0.00432683 -0.02453866 0.00439840
v -0.00432683 0.02453866 -0.00439840
v -0.00432683 0.02453866 0.00439840
v -0.00432174 -0.02450978 -0.00446007
v -0.00432174 0.02450978 -0.00446007
v -0.00431592 -0.02447682 0.00451958
v -0.00431592 0.02447682 -0.00451958
v -0.00431592 0.02447682 0.00451958
v -0.00430942 -0.02443994 -0.00457668
v -0.00430942 0.02443994 -0.00457668
v -0.00430942 0.02443994 0.00457668
v -0.00430226 -0.02439931 0.00463109
v -0.00430226 0.02439931 -0.00463109
v -0.00430226 0.02439931 0.00463109
v -0.00429446 -0.02435512 -0.00468255
v -0.00429446 -0.02435512 -0.00468255
v -0.00429446 -0.02435512 0.00468255
v -0.00429446 -0.02435512 0.00468255
v -0.00429446 0.02435512 -0.00468255
v -0.00429446 0.02435512 -0.00468255
v -0.00429446 0.02435512 0.00468255
v -0.00429446 0.02435512 0.00468255
v -0.00428608 0.02430757 -0.00473084
v -0.00427714 -0.02425689 -0.00477571
v -0.00427714 0.02425689 -0.00477571
v -0.00426770 -0.02420330 0.00481697
v -0.00426770 0.02420330 -0.00481697
v -0.00425778 -0.02414708 -0.00485442
v -0.00425778 -0.02414708 0.00485442
v -0.00425778 0.02414708 -0.00485442
v -0.00425778 0.02414708 0.00485442
v -0.00425000 -0.00736122 -0.00500000
v -0.00425000 -0.00736122 -0.00500000
v -0.00425000 -0.00736122 0.00500000
v -0.00425000 -0.00736122 0.00500000
v -0.00425000 0.00736122 -0.00500000
v -0.00425000 0.00736122 -0.00500000
v -0.00425000 0.00736122 0.00500000
v -0.00425000 0.00736122 0.00500000
v -0.00424744 0.02408846 -0.00488788
v -0.00424744 0.02408846 0.00488789
v -0.00423674 0.02402773 0.00491721
v -0.00422571 -0.02396518 -0.00494226
v -0.00422571 -0.02396518 0.00494226
v -0.00422571 0.02396518 0.00494226
v -0.00421441 0.02390108 -0.00496292
v -0.00421441 0.02390108 0.00496292
v -0.00420289 -0.02383575 -0.00497908
v -0.00420289 -0.02383575 0.00497908
v -0.00419395 -0.00621778 -0.00400000
v -0.00419395 -0.00621778 -0.00400000
v -0.00419395 -0.00621778 0.00400000
v -0.00419395 -0.00621778 0.00400000
v -0.00419395 0.00621778 -0.00400000
v -0.00419395 0.00621778 -0.00400000
v -0.00419395 0.00621778 0.00400000
v -0.00419395 0.00621778 0.00400000
v -0.00419120 0.02376948 -0.00499069
v -0.00419120 0.02376948 0.00499069
v -0.00416756 -0.02363538 -0.00500000
v -0.00416756 -0.02363538 -0.00500000
v -0.00416756 -0.02363538 0.00500000
v -0.00416756 0.02363538 -0.00500000
v -0.00416756 0.02363538 -0.00500000
v -0.00416756 0.02363538 0.00500000
v -0.00375000 -0.00649519 -0.00400000
v -0.00375000 -0.00649519 -0.00400000
v -0.00375000 -0.00649519 0.00400000
v -0.00375000 -0.00649519 0.00400000
v -0.00375000 0.00649519 -0.00400000
v -0.00375000 0.00649519 -0.00400000
v -0.00375000 0.00649519 0.00400000
v -0.00375000 0.00649519 0.00400000
v -0.00372615 -0.00763975 -0.00500000
v -0.00372615 -0.00763975 -0.00500000
v -0.00372615 -0.00763975 0.00500000
v -0.00372615 -0.00763975 0.00500000
v -0.00372615 0.00763975 -0.00500000
v -0.00372615 0.00763975 -0.00500000
v -0.00372615 0.00763975 0.00500000
v -0.00372615 0.00763975 0.00500000
v -0.00328778 -0.00674095 -0.00400000
v -0.00328778 -0.00674095 -0.00400000
v -0.00328778 -0.00674095 0.00400000
v -0.00328778 -0.00674095 0.00400000
v -0.00328778 0.00674095 -0.00400000
v -0.00328778 0.00674095 -0.00400000
v -0.00328778 0.00674095 0.00400000
v -0.00328778 0.00674095 0.00400000
v -0.00318416 -0.00788106 -0.00500000
v -0.00318416 -0.00788106 -0.00500000
v -0.00318416 -0.00788106 0.00500000
v -0.00318416 -0.00788106 0.00500000
v -0.00318416 0.00788106 -0.00500000
v -0.00318416 0.00788106 -0.00500000
v -0.00318416 0.00788106 0.00500000
v -0.00318416 0.00788106 0.00500000
v -0.00280955 -0.00695388 -0.00400000
v -0.00280955 -0.00695388 -0.00400000
v -0.00280955 -0.00695388 0.00400000
v -0.00280955 -0.00695388 0.00400000
v -0.00280955 0.00695388 -0.00400000
v -0.00280955 0.00695388 -0.00400000
v -0.00280955 0.00695388 0.00400000
v -0.00280955 0.00695388 0.00400000
v -0.00262664 -0.00808398 -0.00500000
v -0.00262664 -0.00808398 -0.00500000
v -0.00262664 -0.00808398 0.00500000
v -0.00262664 -0.00808398 0.00500000
v -0.00262664 0.00808398 -0.00500000
v -0.00262664 0.00808398 -0.00500000
v -0.00262664 0.00808398 0.00500000
v -0.00262664 0.00808398 0.00500000
v -0.00261321 -0.02486305 -0.00400000
v -0.00261321 -0.02486305 0.00400000
v -0.00261321 0.02486305 -0.00400000
v -0.00261321 0.02486305 0.00400000
v -0.00261297 0.02486073 -0.00406824
v -0.00261224 0.02485378 -0.00413617
v -0.00261224 0.02485378 0.00413617
v -0.00261103 -0.02484225 -0.00420346
v -0.00261103 -0.02484225 0.00420346
v -0.00261103 0.02484225 -0.00420346
v -0.00261103 0.02484225 0.00420346
v -0.00260934 -0.02482617 -0.00426980
v -0.00260934 0.02482617 -0.00426980
v -0.00260934 0.02482617 0.00426980
v -0.00260718 0.02480562 -0.00433488
v -0.00260718 0.02480562 0.00433488
v -0.00260456 -0.02478071 -0.00439840
v -0.00260456 -0.02478071 0.00439840
v -0.00260456 0.02478071 -0.00439840
v -0.00260456 0.02478071 0.00439840
v -0.00260149 -0.02475155 0.00446006
v -0.00260149 0.02475155 -0.00446007
v -0.00260149 0.02475155 0.00446006
v -0.00259799 0.02471826 -0.00451958
v -0.00259799 0.02471826 0.00451958
v -0.00259408 -0.02468102 -0.00457668
v -0.00259408 -0.02468102 0.00457668
v -0.00259408 0.02468102 -0.00457668
v -0.00259408 0.02468102 0.00457668
v -0.00258977 -0.02463998 -0.00463109
v -0.00258977 -0.02463998 -0.00463109
v -0.00258977 0.02463998 -0.00463109
v -0.00258977 0.02463998 0.00463109
v -0.00258508 -0.02459536 0.00468255
v -0.00258508 -0.02459536 0.00468255
v -0.00258508 0.02459536 0.00468255
v -0.00258508 0.02459536 0.00468255
v -0.00258003 0.02454734 -0.00473084
v -0.00258003 0.02454734 -0.00473084
v -0.00258003 0.02454734 0.00473084
v -0.00257465 -0.02449616 -0.00477571
v -0.00257465 -0.02449616 0.00477571
v -0.00257465 0.02449616 -0.00477571
v -0.00257465 0.02449616 0.00477571
v -0.00256896 -0.02444205 -0.00481697
v -0.00256896 0.02444205 0.00481697
v -0.00256299 -0.02438526 0.00485442
v -0.00256299 0.02438526 -0.00485442
v -0.00255677 0.02432607 -0.00488788
v -0.00255677 0.02432607 0.00488789
v -0.00255033 -0.02426474 -0.00491721
v -0.00255033 -0.02426474 0.00491721
v -0.00255033 0.02426474 0.00491721
v -0.00254369 0.02420157 -0.00494226
v -0.00253688 -0.02413685 -0.00496292
v -0.00253688 -0.02413685 0.00496292
v -0.00253688 0.02413685 0.00496292
v -0.00252995 -0.02407087 -0.00497908
v -0.00252995 -0.02407087 0.00497908
v -0.00252292 0.02400394 -0.00499069
v -0.00252292 0.02400394 0.00499069
v -0.00250868 -0.02386853 -0.00500000
v -0.00250868 -0.02386853 -0.00500000
v -0.00250868 -0.02386853 0.00500000
v -0.00250868 0.02386853 -0.00500000
v -0.00250868 0.02386853 -0.00500000
v -0.00250868 0.02386853 0.00500000
v -0.00231763 -0.00713292 -0.00400000
v -0.00231763 -0.00713292 -0.00400000
v -0.00231763 -0.00713292 0.00400000
v -0.00231763 -0.00713292 0.00400000
v -0.00231763 0.00713292 -0.00400000
v -0.00231763 0.00713292 -0.00400000
v -0.00231763 0.00713292 0.00400000
v -0.00231763 0.00713292 0.00400000
v -0.00205634 -0.00824751 -0.00500000
v -0.00205634 -0.00824751 -0.00500000
v -0.00205634 -0.00824751 0.00500000
v -0.00205634 -0.00824751 0.00500000
v -0.00205634 0.00824751 -0.00500000
v -0.00205634 0.00824751 -0.00500000
v -0.00205634 0.00824751 0.00500000
v -0.00205634 0.00824751 0.00500000
v -0.00181441 -0.00727722 -0.00400000
v -0.00181441 -0.00727722 -0.00400000
v -0.00181441 -0.00727722 0.00400000
v -0.00181441 -0.00727722 0.00400000
v -0.00181441 0.00727722 -0.00400000
v -0.00181441 0.00727722 -0.00400000
v -0.00181441 0.00727722 0.00400000
v -0.00181441 0.00727722 0.00400000
v -0.00147601 -0.00837087 -0.00500000
v -0.00147601 -0.00837087 -0.00500000
v -0.00147601 -0.00837087 0.00500000
v -0.00147601 -0.00837087 0.00500000
v -0.00147601 0.00837087 -0.00500000
v -0.00147601 0.00837087 -0.00500000
v -0.00147601 0.00837087 0.00500000
v -0.00147601 0.00837087 0.00500000
v -0.00130236 -0.00738606 -0.00400000
v -0.00130236 -0.00738606 -0.00400000
v -0.00130236 -0.00738606 0.00400000
v -0.00130236 -0.00738606 0.00400000
v -0.00130236 0.00738606 -0.00400000
v -0.00130236 0.00738606 -0.00400000
v -0.00130236 0.00738606 0.00400000
v -0.00130236 0.00738606 0.00400000
v -0.00088849 -0.00845344 -0.00500000
v -0.00088849 -0.00845344 -0.00500000
v -0.00088849 -0.00845344 0.00500000
v -0.00088849 -0.00845344 0.00500000
v -0.00088849 0.00845344 -0.00500000
v -0.00088849 0.00845344 -0.00500000
v -0.00088849 0.00845344 0.00500000
v -0.00088849 0.00845344 0.00500000
v -0.00087249 -0.02498477 -0.00400000
v -0.00087249 -0.02498477 0.00400000
v -0.00087249 0.02498477 -0.00400000
v -0.00087249 0.02498477 0.00400000
v -0.00087241 0.02498244 -0.00406824
v -0.00087241 0.02498244 0.00406824
v -0.00087216 -0.02497546 -0.00413617
v -0.00087216 -0.02497546 0.00413617
v -0.00087216 0.02497546 -0.00413617
v -0.00087216 0.02497546 0.00413617
v -0.00087176 0.02496387 -0.00420346
v -0.00087176 0.02496387 0.00420346
v -0.00087119 -0.02494771 -0.00426980
v -0.00087119 -0.02494771 0.00426980
v -0.00087119 0.02494771 -0.00426980
v -0.00087119 0.02494771 0.00426980
v -0.00087047 0.02492707 -0.00433488
v -0.00087047 0.02492707 0.00433488
v -0.00086960 0.02490203 -0.00439840
v -0.00086960 0.02490203 0.00439840
v -0.00086857 -0.02487272 -0.00446007
v -0.00086857 -0.02487272 0.00446006
v -0.00086857 0.02487272 -0.00446007
v -0.00086857 0.02487272 0.00446006
v -0.00086741 0.02483928 -0.00451958
v -0.00086741 0.02483928 0.00451958
v -0.00086610 -0.02480185 -0.00457668
v -0.00086610 -0.02480185 0.00457668
v -0.00086610 0.02480185 -0.00457668
v -0.00086309 -0.02471577 -0.00468255
v -0.00086309 -0.02471577 -0.00468255
v -0.00086309 0.02471577 -0.00468255
v -0.00086309 0.02471577 -0.00468255
v -0.00086309 0.02471577 0.00468255
v -0.00086309 0.02471577 0.00468255
v -0.00086141 -0.02466751 -0.00473084
v -0.00086141 -0.02466751 0.00473084
v -0.00086141 -0.02466751 0.00473084
v -0.00086141 0.02466751 -0.00473084
v -0.00085961 -0.02461608 0.00477571
v -0.00085961 0.02461608 0.00477571
v -0.00085771 0.02456171 -0.00481697
v -0.00085572 -0.02450465 -0.00485442
v -0.00085572 0.02450465 0.00485442
v -0.00085364 -0.02444516 0.00488789
v -0.00085364 0.02444516 -0.00488788
v -0.00085149 -0.02438354 -0.00491721
v -0.00085149 -0.02438354 0.00491721
v -0.00084928 0.02432005 0.00494226
v -0.00084700 -0.02425501 -0.00496292
v -0.00084700 -0.02425501 0.00496292
v -0.00084700 0.02425501 -0.00496292
v -0.00084469 -0.02418871 -0.00497908
v -0.00084469 0.02418871 -0.00497908
v -0.00084469 0.02418871 0.00497908
v -0.00084234 -0.02412146 0.00499069
v -0.00084234 0.02412146 0.00499069
v -0.00083759 -0.02398538 -0.00500000
v -0.00083759 -0.02398538 -0.00500000
v -0.00083759 -0.02398538 0.00500000
v -0.00083759 0.02398538 -0.00500000
v -0.00083759 0.02398538 -0.00500000
v -0.00083759 0.02398538 0.00500000
v -0.00078396 -0.00745891 -0.00400000
v -0.00078396 -0.00745891 -0.00400000
v -0.00078396 -0.00745891 0.00400000
v -0.00078396 -0.00745891 0.00400000
v -0.00078396 0.00745891 -0.00400000
v -0.00078396 0.00745891 -0.00400000
v -0.00078396 0.00745891 0.00400000
v -0.00078396 0.00745891 0.00400000
v -0.00029665 -0.00849482 -0.00500000
v -0.00029665 -0.00849482 -0.00500000
v -0.00029665 -0.00849482 0.00500000
v -0.00029665 -0.00849482 0.00500000
v -0.00029665 0.00849482 -0.00500000
v -0.00029665 0.00849482 -0.00500000
v -0.00029665 0.00849482 0.00500000
v -0.00029665 0.00849482 0.00500000
v -0.00026175 -0.00749543 -0.00400000
v -0.00026175 -0.00749543 -0.00400000
v -0.00026175 -0.00749543 0.00400000
v -0.00026175 -0.00749543 0.00400000
v -0.00026175 0.00749543 -0.00400000
v -0.00026175 0.00749543 -0.00400000
v -0.00026175 0.00749543 0.00400000
v -0.00026175 0.00749543 0.00400000
v 0.00026175 -0.00749543 -0.00400000
v 0.00026175 -0.00749543 -0.00400000
v 0.00026175 -0.00749543 0.00400000
v 0.00026175 -0.00749543 0.00400000
v 0.00026175 0.00749543 -0.00400000
v 0.00026175 0.00749543 -0.00400000
v 0.00026175 0.00749543 0.00400000
v 0.00026175 0.00749543 0.00400000
v 0.00029665 -0.00849482 -0.00500000
v 0.00029665 -0.00849482 -0.00500000
v 0.00029665 -0.00849482 0.00500000
v 0.00029665 -0.00849482 0.00500000
v 0.00029665 0.00849482 -0.00500000
v 0.00029665 0.00849482 -0.00500000
v 0.00029665 0.00849482 0.00500000
v 0.00029665 0.00849482 0.00500000
v 0.00078396 -0.00745891 -0.00400000
v 0.00078396 -0.00745891 -0.00400000
v 0.00078396 -0.00745891 0.00400000
v 0.00078396 -0.00745891 0.00400000
v 0.00078396 0.00745891 -0.00400000
v 0.00078396 0.00745891 -0.00400000
v 0.00078396 0.00745891 0.00400000
v 0.00078396 0.00745891 0.00400000
v 0.00083759 -0.02398538 -0.00500000
v 0.00083759 -0.02398538 -0.00500000
v 0.00083759 -0.02398538 0.00500000
v 0.00083759 0.02398538 -0.00500000
v 0.00083759 0.02398538 -0.00500000
v 0.00083759 0.02398538 0.00500000
v 0.00083997 -0.02405358 0.00499767
v 0.00083997 0.02405358 -0.00499767
v 0.00083997 0.02405358 0.00499767
v 0.00084234 0.02412146 0.00499069
v 0.00084469 -0.02418871 -0.00497908
v 0.00084469 -0.02418871 0.00497908
v 0.00084469 0.02418871 0.00497908
v 0.00084700 -0.02425501 -0.00496292
v 0.00084700 -0.02425501 0.00496292
v 0.00084700 0.02425501 -0.00496292
v 0.00084700 0.02425501 0.00496292
v 0.00084928 0.02432005 -0.00494226
v 0.00084928 0.02432005 0.00494226
v 0.00085149 -0.02438354 -0.00491721
v 0.00085149 -0.02438354 0.00491721
v 0.00085149 0.02438354 0.00491721
v 0.00085364 0.02444516 0.00488789
v 0.00085572 -0.02450465 0.00485442
v 0.00085572 0.02450465 -0.00485442
v 0.00085572 0.02450465 0.00485442
v 0.00085771 -0.02456171 -0.00481697
v 0.00085771 0.02456171 -0.00481697
v 0.00085771 0.02456171 0.00481697
v 0.00085961 -0.02461608 -0.00477571
v 0.00085961 0.02461608 -0.00477571
v 0.00086141 -0.02466751 0.00473084
v 0.00086141 -0.02466751 0.00473084
v 0.00086141 0.02466751 -0.00473084
v 0.00086141 0.02466751 -0.00473084
v 0.00086141 0.02466751 0.00473084
v 0.00086141 0.02466751 0.00473084
v 0.00086309 0.02471577 0.00468255
v 0.00086466 -0.02476062 -0.00463109
v 0.00086466 -0.02476062 -0.00463109
v 0.00086466 -0.02476062 0.00463109
v 0.00086466 0.02476062 0.00463109
v 0.00086610 -0.02480185 -0.00457668
v 0.00086610 0.02480185 -0.00457668
v 0.00086610 0.02480185 0.00457668
v 0.00086741 -0.02483928 0.00451958
v 0.00086741 0.02483928 -0.00451958
v 0.00086857 -0.02487272 -0.00446007
v 0.00086857 0.02487272 -0.00446007
v 0.00086960 -0.02490203 0.00439840
v 0.00086960 0.02490203 -0.00439840
v 0.00086960 0.02490203 0.00439840
v 0.00087047 0.02492707 -0.00433488
v 0.00087047 0.02492707 0.00433488
v 0.00087119 -0.02494771 -0.00426980
v 0.00087119 -0.02494771 0.00426980
v 0.00087119 0.02494771 -0.00426980
v 0.00087119 0.02494771 0.00426980
v 0.00087176 0.02496387 -0.00420346
v 0.00087176 0.02496387 0.00420346
v 0.00087216 -0.02497546 -0.00413617
v 0.00087216 -0.02497546 0.00413617
v 0.00087216 0.02497546 -0.00413617
v 0.00087216 0.02497546 0.00413617
v 0.00087241 0.02498244 -0.00406824
v 0.00087241 0.02498244 0.00406824
v 0.00087249 -0.02498477 -0.00400000
v 0.00087249 -0.02498477 0.00400000
v 0.00087249 0.02498477 -0.00400000
v 0.00087249 0.02498477 0.00400000
v 0.00088849 -0.00845344 -0.00500000
v 0.00088849 -0.00845344 -0.00500000
v 0.00088849 -0.00845344 0.00500000
v 0.00088849 -0.00845344 0.00500000
v 0.00088849 0.00845344 -0.00500000
v 0.00088849 0.00845344 -0.00500000
v 0.00088849 0.00845344 0.00500000
v 0.00088849 0.00845344 0.00500000
v 0.00130236 -0.00738606 -0.00400000
v 0.00130236 -0.00738606 -0.00400000
v 0.00130236 -0.00738606 0.00400000
v 0.00130236 -0.00738606 0.00400000
v 0.00130236 0.00738606 -0.00400000
v 0.00130236 0.00738606 -0.00400000
v 0.00130236 0.00738606 0.00400000
v 0.00130236 0.00738606 0.00400000
v 0.00147601 -0.00837087 -0.00500000
v 0.00147601 -0.00837087 -0.00500000
v 0.00147601 -0.00837087 0.00500000
v 0.00147601 -0.00837087 0.00500000
v 0.00147601 0.00837087 -0.00500000
v 0.00147601 0.00837087 -0.00500000
v 0.00147601 0.00837087 0.00500000
v 0.00147601 0.00837087 0.00500000
v 0.00181441 -0.00727722 -0.00400000
v 0.00181441 -0.00727722 -0.00400000
v 0.00181441 -0.00727722 0.00400000
v 0.00181441 -0.00727722 0.00400000
v 0.00181441 0.00727722 -0.00400000
v 0.00181441 0.00727722 -0.00400000
v 0.00181441 0.00727722 0.00400000
v 0.00181441 0.00727722 0.00400000
v 0.00205634 -0.00824751 -0.00500000
v 0.00205634 -0.00824751 -0.00500000
v 0.00205634 -0.00824751 0.00500000
v 0.00205634 -0.00824751 0.00500000
v 0.00205634 0.00824751 -0.00500000
v 0.00205634 0.00824751 -0.00500000
v 0.00205634 0.00824751 0.00500000
v 0.00205634 0.00824751 0.00500000
v 0.00231763 -0.00713292 -0.00400000
v 0.00231763 -0.00713292 -0.00400000
v 0.00231763 -0.00713292 0.00400000
v 0.00231763 -0.00713292 0.00400000
v 0.00231763 0.00713292 -0.00400000
v 0.00231763 0.00713292 -0.00400000
v 0.00231763 0.00713292 0.00400000
v 0.00231763 0.00713292 0.00400000
v 0.00250868 -0.02386853 -0.00500000
v 0.00250868 -0.02386853 -0.00500000
v 0.00250868 -0.02386853 0.00500000
v 0.00250868 0.02386853 -0.00500000
v 0.00250868 0.02386853 -0.00500000
v 0.00250868 0.02386853 0.00500000
v 0.00252292 -0.02400394 0.00499069
v 0.00252292 0.02400394 -0.00499069
v 0.00252292 0.02400394 0.00499069
v 0.00252995 -0.02407087 -0.00497908
v 0.00252995 0.02407087 0.00497908
v 0.00253688 -0.02413685 -0.00496292
v 0.00253688 -0.02413685 0.00496292
v 0.00253688 0.02413685 -0.00496292
v 0.00254369 0.02420157 0.00494226
v 0.00255033 -0.02426474 -0.00491721
v 0.00255033 -0.02426474 0.00491721
v 0.00255033 0.02426474 -0.00491721
v 0.00255677 0.02432607 -0.00488788
v 0.00255677 0.02432607 0.00488789
v 0.00256299 -0.02438526 0.00485442
v 0.00256299 0.02438526 0.00485442
v 0.00256896 -0.02444205 -0.00481697
v 0.00256896 0.02444205 -0.00481697
v 0.00256896 0.02444205 0.00481697
v 0.00257465 -0.02449616 -0.00477571
v 0.00257465 0.02449616 -0.00477571
v 0.00258003 -0.02454734 0.00473084
v 0.00258003 -0.02454734 0.00473084
v 0.00258003 0.02454734 -0.00473084
v 0.00258508 -0.02459536 -0.00468255
v 0.00258508 -0.02459536 -0.00468255
v 0.00258508 0.02459536 -0.00468255
v 0.00258508 0.02459536 -0.00468255
v 0.00258508 0.02459536 0.00468255
v 0.00258508 0.02459536 0.00468255
v 0.00258977 -0.02463998 0.00463109
v 0.00258977 0.02463998 -0.00463109
v 0.00258977 0.02463998 0.00463109
v 0.00259408 0.02468102 -0.00457668
v 0.00259799 -0.02471826 -0.00451958
v 0.00259799 -0.02471826 0.00451958
v 0.00260149 -0.02475155 -0.00446007
v 0.00260149 0.02475155 0.00446006
v 0.00260456 -0.02478071 0.00439840
v 0.00260456 0.02478071 -0.00439840
v 0.00260456 0.02478071 0.00439840
v 0.00260718 -0.02480562 -0.00433488
v 0.00260718 0.02480562 -0.00433488
v 0.00260718 0.02480562 0.00433488
v 0.00260934 -0.02482617 0.00426980
v 0.00260934 0.02482617 -0.00426980
v 0.00260934 0.02482617 0.00426980
v 0.00261103 -0.02484225 -0.00420346
v 0.00261103 0.02484225 0.00420346
v 0.00261224 -0.02485378 0.00413617
v 0.00261224 0.02485378 -0.00413617
v 0.00261224 0.02485378 0.00413617
v 0.00261297 0.02486073 -0.00406824
v 0.00261297 0.02486073 0.00406824
v 0.00261321 -0.02486305 -0.00400000
v 0.00261321 -0.02486305 0.00400000
v 0.00261321 0.02486305 -0.00400000
v 0.00261321 0.02486305 0.00400000
v 0.00262664 -0.00808398 -0.00500000
v 0.00262664 -0.00808398 -0.00500000
v 0.00262664 -0.00808398 0.00500000
v 0.00262664 -0.00808398 0.00500000
v 0.00262664 0.00808398 -0.00500000
v 0.00262664 0.00808398 -0.00500000
v 0.00262664 0.00808398 0.00500000
v 0.00262664 0.00808398 0.00500000
v 0.00280955 -0.00695388 -0.00400000
v 0.00280955 -0.00695388 -0.00400000
v 0.00280955 -0.00695388 0.00400000
v 0.00280955 -0.00695388 0.00400000
v 0.00280955 0.00695388 -0.00400000
v 0.00280955 0.00695388 -0.00400000
v 0.00280955 0.00695388 0.00400000
v 0.00280955 0.00695388 0.00400000
v 0.00318416 -0.00788106 -0.00500000
v 0.00318416 -0.00788106 -0.00500000
v 0.00318416 -0.00788106 0.00500000
v 0.00318416 -0.00788106 0.00500000
v 0.00318416 0.00788106 -0.00500000
v 0.00318416 0.00788106 -0.00500000
v 0.00318416 0.00788106 0.00500000
v 0.00318416 0.00788106 0.00500000
v 0.00328778 -0.00674095 -0.00400000
v 0.00328778 -0.00674095 -0.00400000
v 0.00328778 -0.00674095 0.00400000
v 0.00328778 -0.00674095 0.00400000
v 0.00328778 0.00674095 -0.00400000
v 0.00328778 0.00674095 -0.00400000
v 0.00328778 0.00674095 0.00400000
v 0.00328778 0.00674095 0.00400000
v 0.00372615 -0.00763975 -0.00500000
v 0.00372615 -0.00763975 -0.00500000
v 0.00372615 -0.00763975 0.00500000
v 0.00372615 -0.00763975 0.00500000
v 0.00372615 0.00763975 -0.00500000
v 0.00372615 0.00763975 -0.00500000
v 0.00372615 0.00763975 0.00500000
v 0.00372615 0.00763975 0.00500000
v 0.00375000 -0.00649519 -0.00400000
v 0.00375000 -0.00649519 -0.00400000
v 0.00375000 -0.00649519 0.00400000
v 0.00375000 -0.00649519 0.00400000
v 0.00375000 0.00649519 -0.00400000
v 0.00375000 0.00649519 -0.00400000
v 0.00375000 0.00649519 0.00400000
v 0.00375000 0.00649519 0.00400000
v 0.00416756 -0.02363538 -0.00500000
v 0.00416756 -0.02363538 -0.00500000
v 0.00416756 -0.02363538 0.00500000
v 0.00416756 0.02363538 -0.00500000
v 0.00416756 0.02363538 -0.00500000
v 0.00416756 0.02363538 0.00500000
v 0.00419120 0.02376948 0.00499069
v 0.00419395 -0.00621778 -0.00400000
v 0.00419395 -0.00621778 -0.00400000
v 0.00419395 -0.00621778 0.00400000
v 0.00419395 -0.00621778 0.00400000
v 0.00419395 0.00621778 -0.00400000
v 0.00419395 0.00621778 -0.00400000
v 0.00419395 0.00621778 0.00400000
v 0.00419395 0.00621778 0.00400000
v 0.00420289 -0.02383575 -0.00497908
v 0.00420289 -0.02383575 0.00497908
v 0.00420289 0.02383575 -0.00497908
v 0.00421441 -0.02390108 -0.00496292
v 0.00421441 0.02390108 -0.00496292
v 0.00421441 0.02390108 0.00496292
v 0.00422571 -0.02396518 0.00494226
v 0.00422571 0.02396518 0.00494226
v 0.00423674 -0.02402773 -0.00491721
v 0.00423674 0.02402773 0.00491721
v 0.00424744 0.02408846 0.00488789
v 0.00425000 -0.00736122 -0.00500000
v 0.00425000 -0.00736122 -0.00500000
v 0.00425000 -0.00736122 0.00500000
v 0.00425000 -0.00736122 0.00500000
v 0.00425000 0.00736122 -0.00500000
v 0.00425000 0.00736122 -0.00500000
v 0.00425000 0.00736122 0.00500000
v 0.00425000 0.00736122 0.00500000
v 0.00425778 -0.02414708 -0.00485442
v 0.00425778 -0.02414708 0.00485442
v 0.00425778 0.02414708 -0.00485442
v 0.00426770 -0.02420330 0.00481697
v 0.00426770 0.02420330 0.00481697
v 0.00427714 -0.02425689 -0.00477571
v 0.00427714 0.02425689 -0.00477571
v 0.00427714 0.02425689 0.00477571
v 0.00428608 -0.02430757 0.00473084
v 0.00428608 -0.02430757 0.00473084
v 0.00428608 0.02430757 -0.00473084
v 0.00428608 0.02430757 0.00473084
v 0.00428608 0.02430757 0.00473084
v 0.00429446 -0.02435512 -0.00468255
v 0.00429446 -0.02435512 -0.00468255
v 0.00429446 0.02435512 -0.00468255
v 0.00429446 0.02435512 -0.00468255
v 0.00429446 0.02435512 0.00468255
v 0.00430226 -0.02439931 -0.00463109
v 0.00430226 -0.02439931 0.00463109
v 0.00430226 0.02439931 0.00463109
v 0.00430942 0.02443994 -0.00457668
v 0.00430942 0.02443994 0.00457668
v 0.00431592 -0.02447682 -0.00451958
v 0.00431592 0.02447682 -0.00451958
v 0.00431592 0.02447682 0.00451958
v 0.00432174 -0.02450978 0.00446006
v 0.00432174 0.02450978 -0.00446007
v 0.00432174 0.02450978 0.00446006
v 0.00432683 -0.02453866 -0.00439840
v 0.00432683 0.02453866 -0.00439840
v 0.00432683 0.02453866 0.00439840
v 0.00433118 -0.02456333 0.00433488
v 0.00433118 0.02456333 -0.00433488
v 0.00433118 0.02456333 0.00433488
v 0.00433476 -0.02458367 -0.00426980
v 0.00433476 0.02458367 -0.00426980
v 0.00433476 0.02458367 0.00426980
v 0.00433757 -0.02459959 -0.00420346
v 0.00433757 -0.02459959 0.00420346
v 0.00433757 0.02459959 -0.00420346
v 0.00433757 0.02459959 0.00420346
v 0.00433959 0.02461102 -0.00413617
v 0.00433959 0.02461102 0.00413617
v 0.00434080 -0.02461790 0.00406824
v 0.00434080 0.02461790 -0.00406824
v 0.00434080 0.02461790 0.00406824
v 0.00434120 -0.02462019 -0.00400000
v 0.00434120 -0.02462019 0.00400000
v 0.00434120 0.02462019 -0.00400000
v 0.00434120 0.02462019 0.00400000
v 0.00461746 -0.00591008 -0.00400000
v 0.00461746 -0.00591008 -0.00400000
v 0.00461746 -0.00591008 0.00400000
v 0.00461746 -0.00591008 0.00400000
v 0.00461746 0.00591008 -0.00400000
v 0.00461746 0.00591008 -0.00400000
v 0.00461746 0.00591008 0.00400000
v 0.00461746 0.00591008 0.00400000
v 0.00475314 -0.00704682 -0.00500000
v 0.00475314 -0.00704682 -0.00500000
v 0.00475314 -0.00704682 0.00500000
v 0.00475314 -0.00704682 0.00500000
v 0.00475314 0.00704682 -0.00500000
v 0.00475314 0.00704682 -0.00500000
v 0.00475314 0.00704682 0.00500000
v 0.00475314 0.00704682 0.00500000
v 0.00501848 -0.00557359 -0.00400000
v 0.00501848 -0.00557359 -0.00400000
v 0.00501848 -0.00557359 0.00400000
v 0.00501848 -0.00557359 0.00400000
v 0.00501848 0.00557359 -0.00400000
v 0.00501848 0.00557359 -0.00400000
v 0.00501848 0.00557359 0.00400000
v 0.00501848 0.00557359 0.00400000
v 0.00523312 -0.00669809 -0.00500000
v 0.00523312 -0.00669809 -0.00500000
v 0.00523312 -0.00669809 0.00500000
v 0.00523312 -0.00669809 0.00500000
v 0.00523312 0.00669809 -0.00500000
v 0.00523312 0.00669809 -0.00500000
v 0.00523312 0.00669809 0.00500000
v 0.00523312 0.00669809 0.00500000
v 0.00539505 -0.00520994 -0.00400000
v 0.00539505 -0.00520994 -0.00400000
v 0.00539505 -0.00520994 -0.00400000
v 0.00539505 -0.00520994 0.00400000
v 0.00539505 -0.00520994 0.00400000
v 0.00539505 -0.00520994 0.00400000
v 0.00539505 0.00520994 -0.00400000
v 0.00539505 0.00520994 -0.00400000
v 0.00539505 0.00520994 -0.00400000
v 0.00539505 0.00520994 0.00400000
v 0.00539505 0.00520994 0.00400000
v 0.00539505 0.00520994 0.00400000
v 0.00568761 -0.00631673 -0.00500000
v 0.00568761 -0.00631673 -0.00500000
v 0.00568761 -0.00631673 0.00500000
v 0.00568761 -0.00631673 0.00500000
v 0.00568761 0.00631673 -0.00500000
v 0.00568761 0.00631673 -0.00500000
v 0.00568761 0.00631673 0.00500000
v 0.00568761 0.00631673 0.00500000
v 0.00574533 -0.00482091 -0.00400000
v 0.00574533 -0.00482091 -0.00400000
v 0.00574533 -0.00482091 0.00400000
v 0.00574533 -0.00482091 0.00400000
v 0.00574533 0.00482091 -0.00400000
v 0.00574533 0.00482091 -0.00400000
v 0.00574533 0.00482091 0.00400000
v 0.00574533 0.00482091 0.00400000
v 0.00580613 -0.02328710 -0.00500000
v 0.00580613 -0.02328710 -0.00500000
v 0.00580613 -0.02328710 0.00500000
v 0.00580613 0.02328710 -0.00500000
v 0.00580613 0.02328710 -0.00500000
v 0.00580613 0.02328710 0.00500000
v 0.00583907 -0.02341922 -0.00499069
v 0.00583907 -0.02341922 0.00499069
v 0.00583907 0.02341922 -0.00499069
v 0.00583907 0.02341922 0.00499069
v 0.00585535 0.02348451 -0.00497908
v 0.00587139 -0.02354888 -0.00496292
v 0.00587139 -0.02354888 0.00496292
v 0.00588714 -0.02361203 0.00494226
v 0.00588714 0.02361203 0.00494226
v 0.00590251 -0.02367366 -0.00491721
v 0.00590251 0.02367366 -0.00491721
v 0.00591742 -0.02373350 0.00488789
v 0.00591742 0.02373350 0.00488789
v 0.00593182 0.02379125 -0.00485442
v 0.00593182 0.02379125 0.00485442
v 0.00594564 -0.02384665 -0.00481697
v 0.00594564 -0.02384665 0.00481697
v 0.00594564 0.02384665 -0.00481697
v 0.00594564 0.02384665 0.00481697
v 0.00595880 0.02389944 -0.00477571
v 0.00595880 0.02389944 0.00477571
v 0.00597125 -0.02394937 -0.00473084
v 0.00597125 -0.02394937 -0.00473084
v 0.00597125 -0.02394937 0.00473084
v 0.00597125 -0.02394937 0.00473084
v 0.00597125 0.02394937 -0.00473084
v 0.00597125 0.02394937 0.00473084
v 0.00597125 0.02394937 0.00473084
v 0.00598293 0.02399622 -0.00468255
v 0.00598293 0.02399622 -0.00468255
v 0.00599379 -0.02403977 -0.00463109
v 0.00599379 0.02403977 0.00463109
v 0.00600377 -0.02407980 0.00457668
v 0.00600377 0.02407980 -0.00457668
v 0.00600377 0.02407980 0.00457668
v 0.00601283 -0.02411614 -0.00451958
v 0.00601283 -0.02411614 0.00451958
v 0.00601283 0.02411614 -0.00451958
v 0.00601283 0.02411614 0.00451958
v 0.00602092 0.02414861 -0.00446007
v 0.00602092 0.02414861 0.00446006
v 0.00602802 -0.02417706 -0.00439840
v 0.00602802 0.02417706 -0.00439840
v 0.00602802 0.02417706 0.00439840
v 0.00603408 -0.02420137 -0.00433488
v 0.00603408 -0.02420137 0.00433488
v 0.00603408 0.02420137 -0.00433488
v 0.00603908 0.02422141 -0.00426980
v 0.00604299 -0.02423710 0.00420346
v 0.00604299 0.02423710 0.00420346
v 0.00604579 -0.02424836 -0.00413617
v 0.00604579 0.02424836 -0.00413617
v 0.00604579 0.02424836 0.00413617
v 0.00604748 0.02425513 -0.00406824
v 0.00604748 0.02425513 0.00406824
v 0.00604805 -0.02425739 -0.00400000
v 0.00604805 -0.02425739 0.00400000
v 0.00604805 0.02425739 -0.00400000
v 0.00604805 0.02425739 0.00400000
v 0.00606763 -0.00440839 -0.00400000
v 0.00606763 -0.00440839 -0.00400000
v 0.00606763 -0.00440839 0.00400000
v 0.00606763 -0.00440839 0.00400000
v 0.00606763 0.00440839 -0.00400000
v 0.00606763 0.00440839 -0.00400000
v 0.00606763 0.00440839 0.00400000
v 0.00606763 0.00440839 0.00400000
v 0.00611439 -0.00590460 -0.00500000
v 0.00611439 -0.00590460 -0.00500000
v 0.00611439 -0.00590460 0.00500000
v 0.00611439 -0.00590460 0.00500000
v 0.00611439 0.00590460 -0.00500000
v 0.00611439 0.00590460 -0.00500000
v 0.00611439 0.00590460 0.00500000
v 0.00611439 0.00590460 0.00500000
v 0.00636036 -0.00397439 -0.00400000
v 0.00636036 -0.00397439 -0.00400000
v 0.00636036 -0.00397439 0.00400000
v 0.00636036 -0.00397439 0.00400000
v 0.00636036 0.00397439 -0.00400000
v 0.00636036 0.00397439 -0.00400000
v 0.00636036 0.00397439 0.00400000
v 0.00636036 0.00397439 0.00400000
v 0.00651138 -0.00546369 -0.00500000
v 0.00651138 -0.00546369 -0.00500000
v 0.00651138 -0.00546369 0.00500000
v 0.00651138 -0.00546369 0.00500000
v 0.00651138 0.00546369 -0.00500000
v 0.00651138 0.00546369 -0.00500000
v 0.00651138 0.00546369 0.00500000
v 0.00651138 0.00546369 0.00500000
v 0.00662211 -0.00352104 -0.00400000
v 0.00662211 -0.00352104 -0.00400000
v 0.00662211 -0.00352104 0.00400000
v 0.00662211 -0.00352104 0.00400000
v 0.00662211 0.00352104 -0.00400000
v 0.00662211 0.00352104 -0.00400000
v 0.00662211 0.00352104 0.00400000
v 0.00662211 0.00352104 0.00400000
v 0.00685159 -0.00305052 -0.00400000
v 0.00685159 -0.00305052 -0.00400000
v 0.00685159 -0.00305052 0.00400000
v 0.00685159 -0.00305052 0.00400000
v 0.00685159 0.00305052 -0.00400000
v 0.00685159 0.00305052 -0.00400000
v 0.00685159 0.00305052 0.00400000
v 0.00685159 0.00305052 0.00400000
v 0.00687664 -0.00499617 -0.00500000
v 0.00687664 -0.00499617 -0.00500000
v 0.00687664 -0.00499617 0.00500000
v 0.00687664 -0.00499617 0.00500000
v 0.00687664 0.00499617 -0.00500000
v 0.00687664 0.00499617 -0.00500000
v 0.00687664 0.00499617 0.00500000
v 0.00687664 0.00499617 0.00500000
v 0.00704769 -0.00256515 -0.00400000
v 0.00704769 -0.00256515 -0.00400000
v 0.00704769 -0.00256515 0.00400000
v 0.00704769 -0.00256515 0.00400000
v 0.00704769 0.00256515 -0.00400000
v 0.00704769 0.00256515 -0.00400000
v 0.00704769 0.00256515 0.00400000
v 0.00704769 0.00256515 0.00400000
v 0.00720841 -0.00450431 -0.00500000
v 0.00720841 -0.00450431 -0.00500000
v 0.00720841 -0.00450431 0.00500000
v 0.00720841 -0.00450431 0.00500000
v 0.00720841 0.00450431 -0.00500000
v 0.00720841 0.00450431 -0.00500000
v 0.00720841 0.00450431 0.00500000
v 0.00720841 0.00450431 0.00500000
v 0.00720946 -0.00206728 -0.00400000
v 0.00720946 -0.00206728 -0.00400000
v 0.00720946 -0.00206728 0.00400000
v 0.00720946 -0.00206728 0.00400000
v 0.00720946 0.00206728 -0.00400000
v 0.00720946 0.00206728 -0.00400000
v 0.00720946 0.00206728 0.00400000
v 0.00720946 0.00206728 0.00400000
v 0.00733611 -0.00155934 -0.00400000
v 0.00733611 -0.00155934 -0.00400000
v 0.00733611 -0.00155934 0.00400000
v 0.00733611 -0.00155934 0.00400000
v 0.00733611 0.00155934 -0.00400000
v 0.00733611 0.00155934 -0.00400000
v 0.00733611 0.00155934 0.00400000
v 0.00733611 0.00155934 0.00400000
v 0.00741641 -0.02282535 -0.00500000
v 0.00741641 -0.02282535 -0.00500000
v 0.00741641 -0.02282535 0.00500000
v 0.00741641 0.02282535 -0.00500000
v 0.00741641 0.02282535 -0.00500000
v 0.00741641 0.02282535 0.00500000
v 0.00742701 -0.00104380 -0.00400000
v 0.00742701 -0.00104380 -0.00400000
v 0.00742701 -0.00104380 0.00400000
v 0.00742701 -0.00104380 0.00400000
v 0.00742701 0.00104380 -0.00400000
v 0.00742701 0.00104380 -0.00400000
v 0.00742701 0.00104380 0.00400000
v 0.00742701 0.00104380 0.00400000
v 0.00743750 0.02289026 -0.00499767
v 0.00745848 -0.02295486 -0.00499069
v 0.00745848 -0.02295486 0.00499069
v 0.00745848 0.02295486 0.00499069
v 0.00747928 -0.02301885 0.00497908
v 0.00747928 0.02301885 -0.00497908
v 0.00748173 -0.00052317 -0.00400000
v 0.00748173 -0.00052317 -0.00400000
v 0.00748173 -0.00052317 0.00400000
v 0.00748173 -0.00052317 0.00400000
v 0.00748173 0.00052317 -0.00400000
v 0.00748173 0.00052317 -0.00400000
v 0.00748173 0.00052317 0.00400000
v 0.00748173 0.00052317 0.00400000
v 0.00749978 0.02308195 0.00496292
v 0.00750000 0.00000000 0.00400000
v 0.00750000 0.00000000 0.00400000
v 0.00750000 0.00000000 -0.00400000
v 0.00750000 0.00000000 -0.00400000
v 0.00750505 -0.00399051 -0.00500000
v 0.00750505 -0.00399051 -0.00500000
v 0.00750505 -0.00399051 0.00500000
v 0.00750505 -0.00399051 0.00500000
v 0.00750505 0.00399051 -0.00500000
v 0.00750505 0.00399051 -0.00500000
v 0.00750505 0.00399051 0.00500000
v 0.00750505 0.00399051 0.00500000
v 0.00751989 -0.02314385 -0.00494226
v 0.00751989 0.02314385 -0.00494226
v 0.00753952 -0.02320426 0.00491721
v 0.00753952 0.02320426 -0.00491721
v 0.00755858 0.02326291 -0.00488788
v 0.00755858 0.02326291 0.00488789
v 0.00757697 -0.02331951 -0.00485442
v 0.00757697 -0.02331951 0.00485442
v 0.00757697 0.02331951 -0.00485442
v 0.00759461 0.02337381 -0.00481697
v 0.00759461 0.02337381 0.00481697
v 0.00761142 -0.02342556 -0.00477571
v 0.00761142 -0.02342556 0.00477571
v 0.00761142 0.02342556 -0.00477571
v 0.00761142 0.02342556 0.00477571
v 0.00762733 -0.02347450 0.00473084
v 0.00762733 -0.02347450 0.00473084
v 0.00762733 0.02347450 -0.00473084
v 0.00762733 0.02347450 0.00473084
v 0.00762733 0.02347450 0.00473084
v 0.00764225 -0.02352042 -0.00468255
v 0.00764225 -0.02352042 -0.00468255
v 0.00764225 0.02352042 -0.00468255
v 0.00764225 0.02352042 -0.00468255
v 0.00764225 0.02352042 0.00468255
v 0.00764225 0.02352042 0.00468255
v 0.00765612 -0.02356310 0.00463109
v 0.00765612 0.02356310 -0.00463109
v 0.00765612 0.02356310 0.00463109
v 0.00766887 -0.02360234 -0.00457668
v 0.00766887 -0.02360234 0.00457668
v 0.00766887 0.02360234 -0.00457668
v 0.00766887 0.02360234 0.00457668
v 0.00768044 -0.02363796 -0.00451958
v 0.00768044 0.02363796 0.00451958
v 0.00769078 -0.02366978 0.00446006
v 0.00769078 0.02366978 -0.00446007
v 0.00769078 0.02366978 0.00446006
v 0.00769984 0.02369768 -0.00439840
v 0.00769984 0.02369768 0.00439840
v 0.00770758 -0.02372150 -0.00433488
v 0.00770758 -0.02372150 0.00433488
v 0.00770758 0.02372150 -0.00433488
v 0.00770758 0.02372150 0.00433488
v 0.00771397 -0.02374115 0.00426980
v 0.00771397 0.02374115 0.00426980
v 0.00771896 -0.02375652 -0.00420346
v 0.00771896 0.02375652 -0.00420346
v 0.00771896 0.02375652 0.00420346
v 0.00772255 -0.02376755 0.00413617
v 0.00772255 0.02376755 -0.00413617
v 0.00772255 0.02376755 0.00413617
v 0.00772470 0.02377419 -0.00406824
v 0.00772470 0.02377419 0.00406824
v 0.00772542 -0.02377641 -0.00400000
v 0.00772542 -0.02377641 0.00400000
v 0.00772542 0.02377641 -0.00400000
v 0.00772542 0.02377641 0.00400000
v 0.00776514 -0.00345726 -0.00500000
v 0.00776514 -0.00345726 -0.00500000
v 0.00776514 -0.00345726 0.00500000
v 0.00776514 -0.00345726 0.00500000
v 0.00776514 0.00345726 -0.00500000
v 0.00776514 0.00345726 -0.00500000
v 0.00776514 0.00345726 0.00500000
v 0.00776514 0.00345726 0.00500000
v 0.00798739 -0.00290717 -0.00500000
v 0.00798739 -0.00290717 -0.00500000
v 0.00798739 -0.00290717 0.00500000
v 0.00798739 -0.00290717 0.00500000
v 0.00798739 0.00290717 -0.00500000
v 0.00798739 0.00290717 -0.00500000
v 0.00798739 0.00290717 0.00500000
v 0.00798739 0.00290717 0.00500000
v 0.00817073 -0.00234292 -0.00500000
v 0.00817073 -0.00234292 -0.00500000
v 0.00817073 -0.00234292 0.00500000
v 0.00817073 -0.00234292 0.00500000
v 0.00817073 0.00234292 -0.00500000
v 0.00817073 0.00234292 -0.00500000
v 0.00817073 0.00234292 0.00500000
v 0.00817073 0.00234292 0.00500000
v 0.00831425 -0.00176725 -0.00500000
v 0.00831425 -0.00176725 -0.00500000
v 0.00831425 -0.00176725 0.00500000
v 0.00831425 -0.00176725 0.00500000
v 0.00831425 0.00176725 -0.00500000
v 0.00831425 0.00176725 -0.00500000
v 0.00831425 0.00176725 0.00500000
v 0.00831425 0.00176725 0.00500000
v 0.00841728 -0.00118297 -0.00500000
v 0.00841728 -0.00118297 -0.00500000
v 0.00841728 -0.00118297 0.00500000
v 0.00841728 -0.00118297 0.00500000
v 0.00841728 0.00118297 -0.00500000
v 0.00841728 0.00118297 -0.00500000
v 0.00841728 0.00118297 0.00500000
v 0.00841728 0.00118297 0.00500000
v 0.00847929 -0.00059293 -0.00500000
v 0.00847929 -0.00059293 -0.00500000
v 0.00847929 -0.00059293 0.00500000
v 0.00847929 -0.00059293 0.00500000
v 0.00847929 0.00059293 -0.00500000
v 0.00847929 0.00059293 -0.00500000
v 0.00847929 0.00059293 0.00500000
v 0.00847929 0.00059293 0.00500000
v 0.00850000 -0.00000000 0.00500000
v 0.00850000 -0.00000000 0.00500000
v 0.00850000 0.00000000 -0.00500000
v 0.00850000 0.00000000 -0.00500000
v 0.00899056 -0.02225241 -0.00500000
v 0.00899056 -0.02225241 -0.00500000
v 0.00899056 -0.02225241 0.00500000
v 0.00899056 0.02225241 -0.00500000
v 0.00899056 0.02225241 -0.00500000
v 0.00899056 0.02225241 0.00500000
v 0.00901612 -0.02231568 0.00499767
v 0.00901612 0.02231568 -0.00499767
v 0.00904157 -0.02237866 -0.00499069
v 0.00904157 0.02237866 0.00499069
v 0.00906677 0.02244105 -0.00497908
v 0.00911601 -0.02256291 -0.00494226
v 0.00911601 -0.02256291 0.00494226
v 0.00911601 0.02256291 -0.00494226
v 0.00911601 0.02256291 0.00494226
v 0.00913980 -0.02262180 -0.00491721
v 0.00916290 -0.02267898 0.00488789
v 0.00916290 0.02267898 -0.00488788
v 0.00916290 0.02267898 0.00488789
v 0.00918520 -0.02273416 -0.00485442
v 0.00918520 -0.02273416 0.00485442
v 0.00918520 0.02273416 0.00485442
v 0.00920659 0.02278710 -0.00481697
v 0.00920659 0.02278710 0.00481697
v 0.00922697 0.02283755 -0.00477571
v 0.00922697 0.02283755 0.00477571
v 0.00924625 -0.02288526 -0.00473084
v 0.00924625 -0.02288526 0.00473084
v 0.00924625 -0.02288526 0.00473084
v 0.00924625 0.02288526 0.00473084
v 0.00926433 -0.02293003 -0.00468255
v 0.00926433 -0.02293003 -0.00468255
v 0.00926433 0.02293003 -0.00468255
v 0.00926433 0.02293003 -0.00468255
v 0.00926433 0.02293003 0.00468255
v 0.00926433 0.02293003 0.00468255
v 0.00928114 -0.02297164 0.00463109
v 0.00928114 0.02297164 -0.00463109
v 0.00928114 0.02297164 0.00463109
v 0.00929660 0.02300989 -0.00457668
v 0.00929660 0.02300989 0.00457668
v 0.00931063 -0.02304461 -0.00451958
v 0.00931063 0.02304461 -0.00451958
v 0.00931063 0.02304461 0.00451958
v 0.00932317 -0.02307564 0.00446006
v 0.00932317 0.02307564 -0.00446007
v 0.00932317 0.02307564 0.00446006
v 0.00933415 -0.02310284 0.00439840
v 0.00933415 0.02310284 0.00439840
v 0.00934354 -0.02312606 -0.00433488
v 0.00934354 -0.02312606 0.00433488
v 0.00934354 0.02312606 0.00433488
v 0.00935127 0.02314521 -0.00426980
v 0.00935733 -0.02316020 -0.00420346
v 0.00935733 -0.02316020 0.00420346
v 0.00935733 0.02316020 -0.00420346
v 0.00935733 0.02316020 0.00420346
v 0.00936168 -0.02317096 0.00413617
v 0.00936168 0.02317096 -0.00413617
v 0.00936168 0.02317096 0.00413617
v 0.00936429 0.02317744 -0.00406824
v 0.00936429 0.02317744 0.00406824
v 0.00936516 -0.02317959 -0.00400000
v 0.00936516 -0.02317959 0.00400000
v 0.00936516 0.02317959 -0.00400000
v 0.00936516 0.02317959 0.00400000
v 0.01052091 -0.02157106 -0.00500000
v 0.01052091 -0.02157106 -0.00500000
v 0.01052091 -0.02157106 0.00500000
v 0.01052091 0.02157106 -0.00500000
v 0.01052091 0.02157106 -0.00500000
v 0.01052091 0.02157106 0.00500000
v 0.01055082 0.02163239 0.00499767
v 0.01061010 -0.02175392 -0.00497908
v 0.01061010 -0.02175392 0.00497908
v 0.01061010 0.02175392 -0.00497908
v 0.01063918 -0.02181355 0.00496292
v 0.01063918 0.02181355 0.00496292
v 0.01066771 0.02187204 -0.00494226
v 0.01066771 0.02187204 0.00494226
v 0.01069556 -0.02192914 -0.00491721
v 0.01069556 -0.02192914 0.00491721
v 0.01072259 -0.02198456 -0.00488788
v 0.01072259 -0.02198456 0.00488789
v 0.01072259 0.02198456 0.00488789
v 0.01074868 0.02203805 -0.00485442
v 0.01074868 0.02203805 0.00485442
v 0.01077371 -0.02208937 0.00481697
v 0.01077371 0.02208937 0.00481697
v 0.01079756 -0.02213827 -0.00477571
v 0.01082012 -0.02218453 -0.00473084
v 0.01082012 -0.02218453 -0.00473084
v 0.01082012 0.02218453 -0.00473084
v 0.01084129 -0.02222793 0.00468255
v 0.01084129 -0.02222793 0.00468255
v 0.01084129 0.02222793 -0.00468255
v 0.01084129 0.02222793 -0.00468255
v 0.01084129 0.02222793 0.00468255
v 0.01084129 0.02222793 0.00468255
v 0.01086096 -0.02226826 -0.00463109
v 0.01086096 -0.02226826 0.00463109
v 0.01086096 0.02226826 -0.00463109
v 0.01086096 0.02226826 0.00463109
v 0.01087904 0.02230535 -0.00457668
v 0.01087904 0.02230535 0.00457668
v 0.01089546 -0.02233900 -0.00451958
v 0.01089546 -0.02233900 0.00451958
v 0.01089546 0.02233900 -0.00451958
v 0.01089546 0.02233900 0.00451958
v 0.01091013 -0.02236908 -0.00446007
v 0.01091013 -0.02236908 0.00446006
v 0.01091013 0.02236908 -0.00446007
v 0.01091013 0.02236908 0.00446006
v 0.01092299 0.02239544 -0.00439840
v 0.01092299 0.02239544 0.00439840
v 0.01093397 -0.02241795 -0.00433488
v 0.01093397 -0.02241795 0.00433488
v 0.01093397 0.02241795 -0.00433488
v 0.01093397 0.02241795 0.00433488
v 0.01094302 0.02243652 -0.00426980
v 0.01094302 0.02243652 0.00426980
v 0.01095011 -0.02245105 0.00420346
v 0.01095011 0.02245105 -0.00420346
v 0.01095011 0.02245105 0.00420346
v 0.01095519 -0.02246148 -0.00413617
v 0.01095519 -0.02246148 0.00413617
v 0.01095519 0.02246148 -0.00413617
v 0.01095519 0.02246148 0.00413617
v 0.01095826 0.02246776 -0.00406824
v 0.01095826 0.02246776 0.00406824
v 0.01095928 -0.02246985 -0.00400000
v 0.01095928 -0.02246985 0.00400000
v 0.01095928 0.02246985 -0.00400000
v 0.01095928 0.02246985 0.00400000
v 0.01200000 -0.02078461 -0.00500000
v 0.01200000 -0.02078461 -0.00500000
v 0.01200000 -0.02078461 0.00500000
v 0.01200000 0.02078461 -0.00500000
v 0.01200000 0.02078461 -0.00500000
v 0.01200000 0.02078461 0.00500000
v 0.01203412 0.02084371 0.00499767
v 0.01206808 -0.02090253 0.00499069
v 0.01206808 0.02090253 -0.00499069
v 0.01210173 -0.02096081 -0.00497908
v 0.01210173 0.02096081 0.00497908
v 0.01213490 -0.02101826 -0.00496292
v 0.01213490 -0.02101826 0.00496292
v 0.01213490 0.02101826 -0.00496292
v 0.01216744 -0.02107462 0.00494226
v 0.01216744 0.02107462 -0.00494226
v 0.01216744 0.02107462 0.00494226
v 0.01219920 -0.02112963 -0.00491721
v 0.01219920 0.02112963 0.00491721
v 0.01223003 -0.02118304 0.00488789
v 0.01223003 0.02118304 -0.00488788
v 0.01223003 0.02118304 0.00488789
v 0.01225979 0.02123458 -0.00485442
v 0.01225979 0.02123458 0.00485442
v 0.01228834 -0.02128403 -0.00481697
v 0.01228834 -0.02128403 0.00481697
v 0.01228834 0.02128403 0.00481697
v 0.01231554 0.02133115 -0.00477571
v 0.01231554 0.02133115 0.00477571
v 0.01234128 -0.02137572 -0.00473084
v 0.01234128 -0.02137572 0.00473084
v 0.01234128 0.02137572 0.00473084
v 0.01234128 0.02137572 0.00473084
v 0.01236542 0.02141753 -0.00468255
v 0.01236542 0.02141753 -0.00468255
v 0.01238786 -0.02145640 -0.00463109
v 0.01238786 -0.02145640 -0.00463109
v 0.01238786 -0.02145640 0.00463109
v 0.01238786 -0.02145640 0.00463109
v 0.01238786 0.02145640 -0.00463109
v 0.01240848 0.02149213 -0.00457668
v 0.01240848 0.02149213 0.00457668
v 0.01242721 -0.02152456 -0.00451958
v 0.01242721 -0.02152456 0.00451958
v 0.01242721 0.02152456 0.00451958
v 0.01244394 0.02155354 -0.00446007
v 0.01244394 0.02155354 0.00446006
v 0.01245861 -0.02157894 -0.00439840
v 0.01245861 0.02157894 -0.00439840
v 0.01245861 0.02157894 0.00439840
v 0.01247113 -0.02160063 -0.00433488
v 0.01247113 -0.02160063 0.00433488
v 0.01247113 0.02160063 -0.00433488
v 0.01247113 0.02160063 0.00433488
v 0.01248146 -0.02161852 -0.00426980
v 0.01248146 -0.02161852 0.00426980
v 0.01248146 0.02161852 -0.00426980
v 0.01248146 0.02161852 0.00426980
v 0.01248954 0.02163252 -0.00420346
v 0.01248954 0.02163252 0.00420346
v 0.01249534 -0.02164257 -0.00413617
v 0.01249534 0.02164257 0.00413617
v 0.01249883 -0.02164862 -0.00406824
v 0.01249883 -0.02164862 0.00406824
v 0.01249883 0.02164862 -0.00406824
v 0.01249883 0.02164862 0.00406824
v 0.01250000 -0.02165063 -0.00400000
v 0.01250000 -0.02165063 0.00400000
v 0.01250000 0.02165063 -0.00400000
v 0.01250000 0.02165063 0.00400000
v 0.01342063 -0.01989690 -0.00500000
v 0.01342063 -0.01989690 -0.00500000
v 0.01342063 -0.01989690 0.00500000
v 0.01342063 0.01989690 -0.00500000
v 0.01342063 0.01989690 -0.00500000
v 0.01342063 0.01989690 0.00500000
v 0.01345879 -0.01995348 -0.00499767
v 0.01349677 -0.02000979 0.00499069
v 0.01349677 0.02000979 0.00499069
v 0.01353440 -0.02006557 -0.00497908
v 0.01353440 -0.02006557 0.00497908
v 0.01353440 0.02006557 -0.00497908
v 0.01357150 -0.02012057 0.00496292
v 0.01357150 0.02012057 -0.00496292
v 0.01357150 0.02012057 0.00496292
v 0.01360789 -0.02017453 -0.00494226
v 0.01360789 0.02017453 0.00494226
v 0.01364341 -0.02022719 0.00491721
v 0.01364341 0.02022719 -0.00491721
v 0.01367790 -0.02027831 -0.00488788
v 0.01371118 0.02032766 -0.00485442
v 0.01371118 0.02032766 0.00485442
v 0.01374310 -0.02037499 0.00481697
v 0.01374310 0.02037499 -0.00481697
v 0.01374310 0.02037499 0.00481697
v 0.01377353 -0.02042009 -0.00477571
v 0.01377353 -0.02042009 0.00477571
v 0.01377353 0.02042009 0.00477571
v 0.01380231 0.02046276 -0.00473084
v 0.01380231 0.02046276 0.00473084
v 0.01382931 -0.02050279 -0.00468255
v 0.01382931 -0.02050279 -0.00468255
v 0.01382931 -0.02050279 0.00468255
v 0.01382931 0.02050279 -0.00468255
v 0.01382931 0.02050279 -0.00468255
v 0.01382931 0.02050279 0.00468255
v 0.01382931 0.02050279 0.00468255
v 0.01385440 -0.02053999 0.00463109
v 0.01385440 -0.02053999 0.00463109
v 0.01385440 0.02053999 -0.00463109
v 0.01385440 0.02053999 0.00463109
v 0.01385440 0.02053999 0.00463109
v 0.01387747 -0.02057420 -0.00457668
v 0.01387747 0.02057420 -0.00457668
v 0.01387747 0.02057420 0.00457668
v 0.01389841 -0.02060525 -0.00451958
v 0.01389841 -0.02060525 0.00451958
v 0.01389841 0.02060525 -0.00451958
v 0.01389841 0.02060525 0.00451958
v 0.01391713 0.02063299 -0.00446007
v 0.01391713 0.02063299 0.00446006
v 0.01393353 -0.02065731 -0.00439840
v 0.01393353 0.02065731 -0.00439840
v 0.01393353 0.02065731 0.00439840
v 0.01394754 -0.02067807 -0.00433488
v 0.01394754 -0.02067807 0.00433488
v 0.01394754 0.02067807 -0.00433488
v 0.01394754 0.02067807 0.00433488
v 0.01395909 0.02069520 -0.00426980
v 0.01395909 0.02069520 0.00426980
v 0.01396813 -0.02070860 -0.00420346
v 0.01396813 -0.02070860 0.00420346
v 0.01396813 0.02070860 -0.00420346
v 0.01396813 0.02070860 0.00420346
v 0.01397461 -0.02071822 -0.00413617
v 0.01397461 -0.02071822 0.00413617
v 0.01397461 0.02071822 -0.00413617
v 0.01397461 0.02071822 0.00413617
v 0.01397852 -0.02072401 0.00406824
v 0.01397852 0.02072401 -0.00406824
v 0.01397852 0.02072401 0.00406824
v 0.01397982 -0.02072594 -0.00400000
v 0.01397982 -0.02072594 0.00400000
v 0.01397982 0.02072594 -0.00400000
v 0.01397982 0.02072594 0.00400000
v 0.01477587 -0.01891226 -0.00500000
v 0.01477587 -0.01891226 -0.00500000
v 0.01477587 -0.01891226 0.00500000
v 0.01477587 0.01891226 -0.00500000
v 0.01477587 0.01891226 -0.00500000
v 0.01477587 0.01891226 0.00500000
v 0.01481789 -0.01896603 0.00499767
v 0.01481789 0.01896603 -0.00499767
v 0.01481789 0.01896603 0.00499767
v 0.01485971 -0.01901956 -0.00499069
v 0.01485971 0.01901956 0.00499069
v 0.01490113 -0.01907258 0.00497908
v 0.01490113 0.01907258 0.00497908
v 0.01494198 0.01912486 -0.00496292
v 0.01494198 0.01912486 0.00496292
v 0.01498205 -0.01917615 -0.00494226
v 0.01498205 -0.01917615 0.00494226
v 0.01498205 0.01917615 -0.00494226
v 0.01502116 -0.01922620 -0.00491721
v 0.01505912 -0.01927479 0.00488789
v 0.01505912 0.01927479 -0.00488788
v 0.01505912 0.01927479 0.00488789
v 0.01509576 -0.01932169 -0.00485442
v 0.01509576 0.01932169 -0.00485442
v 0.01509576 0.01932169 0.00485442
v 0.01513092 -0.01936669 0.00481697
v 0.01513092 0.01936669 -0.00481697
v 0.01513092 0.01936669 0.00481697
v 0.01516441 0.01940956 -0.00477571
v 0.01516441 0.01940956 0.00477571
v 0.01519610 -0.01945012 0.00473084
v 0.01519610 0.01945012 -0.00473084
v 0.01519610 0.01945012 0.00473084
v 0.01522582 -0.01948816 -0.00468255
v 0.01522582 -0.01948816 -0.00468255
v 0.01522582 -0.01948816 0.00468255
v 0.01522582 0.01948816 0.00468255
v 0.01525345 0.01952353 -0.00463109
v 0.01525345 0.01952353 -0.00463109
v 0.01525345 0.01952353 0.00463109
v 0.01525345 0.01952353 0.00463109
v 0.01527885 -0.01955604 -0.00457668
v 0.01527885 -0.01955604 -0.00457668
v 0.01527885 -0.01955604 0.00457668
v 0.01527885 -0.01955604 0.00457668
v 0.01527885 0.01955604 -0.00457668
v 0.01527885 0.01955604 0.00457668
v 0.01530191 -0.01958555 0.00451958
v 0.01530191 0.01958555 0.00451958
v 0.01532251 -0.01961192 0.00446006
v 0.01532251 0.01961192 -0.00446007
v 0.01532251 0.01961192 0.00446006
v 0.01534057 -0.01963503 -0.00439840
v 0.01534057 0.01963503 -0.00439840
v 0.01534057 0.01963503 0.00439840
v 0.01535599 -0.01965477 -0.00433488
v 0.01535599 0.01965477 0.00433488
v 0.01536871 -0.01967105 -0.00426980
v 0.01536871 -0.01967105 0.00426980
v 0.01536871 0.01967105 -0.00426980
v 0.01536871 0.01967105 0.00426980
v 0.01537866 -0.01968379 -0.00420346
v 0.01537866 -0.01968379 0.00420346
v 0.01537866 0.01968379 -0.00420346
v 0.01537866 0.01968379 0.00420346
v 0.01538580 -0.01969293 0.00413617
v 0.01538580 0.01969293 -0.00413617
v 0.01538580 0.01969293 0.00413617
v 0.01539010 -0.01969843 -0.00406824
v 0.01539010 -0.01969843 0.00406824
v 0.01539010 0.01969843 -0.00406824
v 0.01539010 0.01969843 0.00406824
v 0.01539154 -0.01970027 -0.00400000
v 0.01539154 -0.01970027 0.00400000
v 0.01539154 0.01970027 -0.00400000
v 0.01539154 0.01970027 0.00400000
v 0.01605913 -0.01783548 -0.00500000
v 0.01605913 -0.01783548 -0.00500000
v 0.01605913 -0.01783548 0.00500000
v 0.01605913 0.01783548 -0.00500000
v 0.01605913 0.01783548 -0.00500000
v 0.01605913 0.01783548 0.00500000
v 0.01610480 -0.01788619 0.00499767
v 0.01610480 0.01788619 0.00499767
v 0.01615025 -0.01793667 -0.00499069
v 0.01619527 -0.01798667 0.00497908
v 0.01619527 0.01798667 -0.00497908
v 0.01623966 -0.01803597 0.00496292
v 0.01623966 0.01803597 -0.00496292
v 0.01628321 -0.01808434 -0.00494226
v 0.01628321 -0.01808434 0.00494226
v 0.01628321 0.01808434 0.00494226
v 0.01632572 0.01813154 -0.00491721
v 0.01632572 0.01813154 0.00491721
v 0.01636698 -0.01817737 0.00488789
v 0.01636698 0.01817737 -0.00488788
v 0.01640680 -0.01822160 -0.00485442
v 0.01644501 -0.01826403 0.00481697
v 0.01644501 0.01826403 -0.00481697
v 0.01644501 0.01826403 0.00481697
v 0.01648141 -0.01830446 0.00477571
v 0.01648141 0.01830446 -0.00477571
v 0.01648141 0.01830446 0.00477571
v 0.01651585 -0.01834271 -0.00473084
v 0.01651585 -0.01834271 0.00473084
v 0.01651585 0.01834271 0.00473084
v 0.01654816 -0.01837859 -0.00468255
v 0.01654816 -0.01837859 0.00468255
v 0.01654816 0.01837859 -0.00468255
v 0.01654816 0.01837859 -0.00468255
v 0.01654816 0.01837859 0.00468255
v 0.01657819 -0.01841194 0.00463109
v 0.01657819 -0.01841194 0.00463109
v 0.01660579 -0.01844260 -0.00457668
v 0.01660579 -0.01844260 -0.00457668
v 0.01660579 0.01844260 -0.00457668
v 0.01660579 0.01844260 0.00457668
v 0.01660579 0.01844260 0.00457668
v 0.01663085 0.01847043 -0.00451958
v 0.01663085 0.01847043 0.00451958
v 0.01665325 -0.01849530 -0.00446007
v 0.01665325 -0.01849530 0.00446006
v 0.01665325 0.01849530 -0.00446007
v 0.01665325 0.01849530 0.00446006
v 0.01667287 -0.01851710 0.00439840
v 0.01667287 0.01851710 -0.00439840
v 0.01667287 0.01851710 0.00439840
v 0.01668963 -0.01853571 -0.00433488
v 0.01668963 -0.01853571 0.00433488
v 0.01668963 0.01853571 -0.00433488
v 0.01668963 0.01853571 0.00433488
v 0.01670345 -0.01855106 -0.00426980
v 0.01670345 0.01855106 -0.00426980
v 0.01671427 -0.01856308 0.00420346
v 0.01672203 -0.01857170 -0.00413617
v 0.01672203 -0.01857170 0.00413617
v 0.01672203 0.01857170 -0.00413617
v 0.01672203 0.01857170 0.00413617
v 0.01672671 -0.01857689 0.00406824
v 0.01672671 0.01857689 -0.00406824
v 0.01672671 0.01857689 0.00406824
v 0.01672826 -0.01857862 -0.00400000
v 0.01672826 -0.01857862 0.00400000
v 0.01672826 0.01857862 -0.00400000
v 0.01672826 0.01857862 0.00400000
v 0.01726416 -0.01667180 -0.00500000
v 0.01726416 -0.01667180 -0.00500000
v 0.01726416 -0.01667180 0.00500000
v 0.01726416 0.01667180 -0.00500000
v 0.01726416 0.01667180 -0.00500000
v 0.01726416 0.01667180 0.00500000
v 0.01731324 0.01671921 -0.00499767
v 0.01736210 -0.01676639 0.00499069
v 0.01736210 0.01676639 0.00499069
v 0.01741051 -0.01681313 -0.00497908
v 0.01741051 0.01681313 0.00497908
v 0.01745823 -0.01685922 0.00496292
v 0.01745823 0.01685922 -0.00496292
v 0.01745823 0.01685922 0.00496292
v 0.01750505 -0.01690443 -0.00494226
v 0.01755074 -0.01694855 0.00491721
v 0.01755074 0.01694855 -0.00491721
v 0.01755074 0.01694855 0.00491721
v 0.01759510 -0.01699139 0.00488789
v 0.01759510 0.01699139 0.00488789
v 0.01763791 -0.01703274 -0.00485442
v 0.01767898 0.01707240 -0.00481697
v 0.01771812 -0.01711019 -0.00477571
v 0.01771812 0.01711019 -0.00477571
v 0.01771812 0.01711019 0.00477571
v 0.01775514 -0.01714594 0.00473084
v 0.01775514 0.01714594 -0.00473084
v 0.01775514 0.01714594 0.00473084
v 0.01778987 -0.01717948 0.00468255
v 0.01778987 0.01717948 -0.00468255
v 0.01778987 0.01717948 0.00468255
v 0.01782216 -0.01721065 -0.00463109
v 0.01782216 -0.01721065 -0.00463109
v 0.01782216 -0.01721065 0.00463109
v 0.01782216 0.01721065 -0.00463109
v 0.01782216 0.01721065 -0.00463109
v 0.01782216 0.01721065 0.00463109
v 0.01782216 0.01721065 0.00463109
v 0.01785183 -0.01723932 -0.00457668
v 0.01785183 -0.01723932 -0.00457668
v 0.01785183 -0.01723932 -0.00457668
v 0.01785183 -0.01723932 0.00457668
v 0.01785183 -0.01723932 0.00457668
v 0.01785183 -0.01723932 0.00457668
v 0.01785183 0.01723932 -0.00457668
v 0.01785183 0.01723932 0.00457668
v 0.01785183 0.01723932 0.00457668
v 0.01787877 -0.01726533 -0.00451958
v 0.01787877 -0.01726533 -0.00451958
v 0.01787877 -0.01726533 0.00451958
v 0.01787877 -0.01726533 0.00451958
v 0.01787877 0.01726533 -0.00451958
v 0.01787877 0.01726533 0.00451958
v 0.01790285 -0.01728858 -0.00446007
v 0.01790285 -0.01728858 -0.00446007
v 0.01790285 -0.01728858 0.00446006
v 0.01790285 -0.01728858 0.00446006
v 0.01790285 0.01728858 -0.00446007
v 0.01790285 0.01728858 0.00446006
v 0.01792394 -0.01730895 -0.00439840
v 0.01792394 -0.01730895 -0.00439840
v 0.01794196 -0.01732635 -0.00433488
v 0.01794196 -0.01732635 -0.00433488
v 0.01794196 0.01732635 -0.00433488
v 0.01794196 0.01732635 0.00433488
v 0.01795682 -0.01734070 -0.00426980
v 0.01795682 -0.01734070 -0.00426980
v 0.01795682 -0.01734070 0.00426980
v 0.01795682 -0.01734070 0.00426980
v 0.01795682 0.01734070 -0.00426980
v 0.01795682 0.01734070 0.00426980
v 0.01796845 -0.01735193 -0.00420346
v 0.01796845 -0.01735193 -0.00420346
v 0.01796845 -0.01735193 0.00420346
v 0.01796845 -0.01735193 0.00420346
v 0.01796845 0.01735193 -0.00420346
v 0.01796845 0.01735193 0.00420346
v 0.01797679 -0.01735999 -0.00413617
v 0.01797679 -0.01735999 -0.00413617
v 0.01797679 -0.01735999 0.00413617
v 0.01797679 -0.01735999 0.00413617
v 0.01797679 0.01735999 -0.00413617
v 0.01797679 0.01735999 0.00413617
v 0.01798182 0.01736484 -0.00406824
v 0.01798182 0.01736484 0.00406824
v 0.01798349 -0.01736646 -0.00400000
v 0.01798349 -0.01736646 -0.00400000
v 0.01798349 -0.01736646 0.00400000
v 0.01798349 -0.01736646 0.00400000
v 0.01798349 0.01736646 -0.00400000
v 0.01798349 0.01736646 0.00400000
v 0.01838507 -0.01542690 -0.00500000
v 0.01838507 -0.01542690 -0.00500000
v 0.01838507 -0.01542690 0.00500000
v 0.01838507 0.01542690 -0.00500000
v 0.01838507 0.01542690 -0.00500000
v 0.01838507 0.01542690 0.00500000
v 0.01843734 -0.01547077 0.00499767
v 0.01848937 -0.01551443 -0.00499069
v 0.01848937 0.01551443 -0.00499069
v 0.01848937 0.01551443 0.00499069
v 0.01854092 -0.01555768 0.00497908
v 0.01854092 0.01555768 0.00497908
v 0.01859174 -0.01560032 -0.00496292
v 0.01859174 -0.01560032 0.00496292
v 0.01859174 0.01560032 -0.00496292
v 0.01859174 0.01560032 0.00496292
v 0.01864160 -0.01564216 -0.00494226
v 0.01864160 -0.01564216 0.00494226
v 0.01864160 0.01564216 -0.00494226
v 0.01864160 0.01564216 0.00494226
v 0.01869026 -0.01568299 0.00491721
v 0.01869026 0.01568299 -0.00491721
v 0.01869026 0.01568299 0.00491721
v 0.01873750 -0.01572263 -0.00488788
v 0.01873750 -0.01572263 0.00488789
v 0.01873750 0.01572263 -0.00488788
v 0.01873750 0.01572263 0.00488789
v 0.01878309 -0.01576089 0.00485442
v 0.01878309 0.01576089 -0.00485442
v 0.01878309 0.01576089 0.00485442
v 0.01882683 -0.01579758 -0.00481697
v 0.01882683 0.01579758 -0.00481697
v 0.01882683 0.01579758 0.00481697
v 0.01886851 0.01583256 -0.00477571
v 0.01886851 0.01583256 0.00477571
v 0.01890793 -0.01586564 0.00473084
v 0.01890793 0.01586564 -0.00473084
v 0.01890793 0.01586564 0.00473084
v 0.01894492 -0.01589667 -0.00468255
v 0.01894492 -0.01589667 -0.00468255
v 0.01894492 0.01589667 -0.00468255
v 0.01894492 0.01589667 0.00468255
v 0.01897930 -0.01592552 0.00463109
v 0.01897930 -0.01592552 0.00463109
v 0.01897930 0.01592552 -0.00463109
v 0.01897930 0.01592552 -0.00463109
v 0.01897930 0.01592552 0.00463109
v 0.01897930 0.01592552 0.00463109
v 0.01901090 -0.01595204 -0.00457668
v 0.01901090 -0.01595204 0.00457668
v 0.01901090 -0.01595204 0.00457668
v 0.01901090 0.01595204 -0.00457668
v 0.01901090 0.01595204 -0.00457668
v 0.01901090 0.01595204 -0.00457668
v 0.01901090 0.01595204 0.00457668
v 0.01901090 0.01595204 0.00457668
v 0.01901090 0.01595204 0.00457668
v 0.01903959 -0.01597611 0.00451958
v 0.01903959 0.01597611 -0.00451958
v 0.01903959 0.01597611 -0.00451958
v 0.01903959 0.01597611 0.00451958
v 0.01903959 0.01597611 0.00451958
v 0.01906523 -0.01599762 -0.00446007
v 0.01906523 -0.01599762 0.00446006
v 0.01906523 0.01599762 -0.00446007
v 0.01906523 0.01599762 -0.00446007
v 0.01906523 0.01599762 0.00446006
v 0.01906523 0.01599762 0.00446006
v 0.01908769 -0.01601647 -0.00439840
v 0.01908769 -0.01601647 0.00439840
v 0.01908769 0.01601647 -0.00439840
v 0.01908769 0.01601647 -0.00439840
v 0.01908769 0.01601647 0.00439840
v 0.01908769 0.01601647 0.00439840
v 0.01910688 -0.01603258 -0.00433488
v 0.01910688 0.01603258 -0.00433488
v 0.01910688 0.01603258 -0.00433488
v 0.01912271 -0.01604585 -0.00426980
v 0.01912271 0.01604585 -0.00426980
v 0.01912271 0.01604585 -0.00426980
v 0.01912271 0.01604585 0.00426980
v 0.01912271 0.01604585 0.00426980
v 0.01913509 -0.01605625 -0.00420346
v 0.01913509 -0.01605625 0.00420346
v 0.01913509 0.01605625 -0.00420346
v 0.01913509 0.01605625 -0.00420346
v 0.01913509 0.01605625 0.00420346
v 0.01913509 0.01605625 0.00420346
v 0.01914398 -0.01606370 -0.00413617
v 0.01914398 -0.01606370 0.00413617
v 0.01914398 0.01606370 -0.00413617
v 0.01914398 0.01606370 -0.00413617
v 0.01914398 0.01606370 0.00413617
v 0.01914398 0.01606370 0.00413617
v 0.01914933 -0.01606819 0.00406824
v 0.01914933 0.01606819 -0.00406824
v 0.01914933 0.01606819 -0.00406824
v 0.01914933 0.01606819 0.00406824
v 0.01914933 0.01606819 0.00406824
v 0.01915111 -0.01606969 -0.00400000
v 0.01915111 -0.01606969 0.00400000
v 0.01915111 0.01606969 -0.00400000
v 0.01915111 0.01606969 -0.00400000
v 0.01915111 0.01606969 0.00400000
v 0.01915111 0.01606969 0.00400000
v 0.01941641 -0.01410685 -0.00500000
v 0.01941641 -0.01410685 -0.00500000
v 0.01941641 -0.01410685 0.00500000
v 0.01941641 0.01410685 -0.00500000
v 0.01941641 0.01410685 -0.00500000
v 0.01941641 0.01410685 0.00500000
v 0.01947162 -0.01414696 0.00499767
v 0.01947162 0.01414696 0.00499767
v 0.01952657 -0.01418688 -0.00499069
v 0.01952657 0.01418688 -0.00499069
v 0.01958101 -0.01422643 0.00497908
v 0.01963468 -0.01426543 -0.00496292
v 0.01963468 -0.01426543 0.00496292
v 0.01963468 0.01426543 0.00496292
v 0.01968733 -0.01430368 0.00494226
v 0.01968733 0.01430368 -0.00494226
v 0.01968733 0.01430368 0.00494226
v 0.01973872 -0.01434102 -0.00491721
v 0.01978861 -0.01437726 0.00488789
v 0.01978861 0.01437726 -0.00488788
v 0.01983676 -0.01441225 -0.00485442
v 0.01983676 0.01441225 0.00485442
v 0.01988295 -0.01444581 -0.00481697
v 0.01988295 0.01444581 -0.00481697
v 0.01988295 0.01444581 0.00481697
v 0.01992697 -0.01447779 0.00477571
v 0.01992697 0.01447779 -0.00477571
v 0.01992697 0.01447779 0.00477571
v 0.01996861 -0.01450804 -0.00473084
v 0.01996861 -0.01450804 -0.00473084
v 0.01996861 -0.01450804 0.00473084
v 0.02000766 -0.01453642 0.00468255
v 0.02000766 0.01453642 -0.00468255
v 0.02004397 -0.01456280 0.00463109
v 0.02004397 -0.01456280 0.00463109
v 0.02004397 0.01456280 -0.00463109
v 0.02004397 0.01456280 -0.00463109
v 0.02004397 0.01456280 0.00463109
v 0.02004397 0.01456280 0.00463109
v 0.02007735 -0.01458705 0.00457668
v 0.02007735 0.01458705 -0.00457668
v 0.02007735 0.01458705 0.00457668
v 0.02010765 -0.01460906 -0.00451958
v 0.02010765 -0.01460906 0.00451958
v 0.02010765 0.01460906 -0.00451958
v 0.02010765 0.01460906 0.00451958
v 0.02013472 -0.01462873 -0.00446007
v 0.02013472 0.01462873 -0.00446007
v 0.02013472 0.01462873 0.00446006
v 0.02015845 -0.01464597 -0.00439840
v 0.02015845 -0.01464597 0.00439840
v 0.02015845 0.01464597 -0.00439840
v 0.02015845 0.01464597 0.00439840
v 0.02017871 -0.01466069 -0.00433488
v 0.02017871 0.01466069 -0.00433488
v 0.02017871 0.01466069 0.00433488
v 0.02019542 -0.01467283 -0.00426980
v 0.02019542 -0.01467283 0.00426980
v 0.02019542 0.01467283 -0.00426980
v 0.02019542 0.01467283 0.00426980
v 0.02020850 -0.01468234 -0.00420346
v 0.02020850 -0.01468234 0.00420346
v 0.02020850 0.01468234 -0.00420346
v 0.02020850 0.01468234 0.00420346
v 0.02021789 -0.01468916 -0.00413617
v 0.02021789 -0.01468916 0.00413617
v 0.02021789 0.01468916 -0.00413617
v 0.02022354 0.01469326 0.00406824
v 0.02022542 -0.01469463 -0.00400000
v 0.02022542 -0.01469463 0.00400000
v 0.02022542 0.01469463 -0.00400000
v 0.02022542 0.01469463 0.00400000
v 0.02035316 -0.01271806 -0.00500000
v 0.02035316 -0.01271806 -0.00500000
v 0.02035316 -0.01271806 0.00500000
v 0.02035316 0.01271806 -0.00500000
v 0.02035316 0.01271806 -0.00500000
v 0.02035316 0.01271806 0.00500000
v 0.02041103 0.01275422 0.00499767
v 0.02046863 -0.01279022 -0.00499069
v 0.02046863 -0.01279022 0.00499069
v 0.02046863 0.01279022 -0.00499069
v 0.02058195 -0.01286103 0.00496292
v 0.02058195 0.01286103 -0.00496292
v 0.02058195 0.01286103 0.00496292
v 0.02063715 -0.01289552 -0.00494226
v 0.02063715 0.01289552 -0.00494226
v 0.02069102 -0.01292918 0.00491721
v 0.02069102 0.01292918 0.00491721
v 0.02074331 -0.01296186 -0.00488788
v 0.02074331 0.01296186 0.00488789
v 0.02079379 -0.01299340 0.00485442
v 0.02079379 0.01299340 0.00485442
v 0.02084221 -0.01302366 0.00481697
v 0.02084221 0.01302366 -0.00481697
v 0.02084221 0.01302366 0.00481697
v 0.02088835 -0.01305249 -0.00477571
v 0.02088835 -0.01305249 0.00477571
v 0.02088835 0.01305249 -0.00477571
v 0.02093199 0.01307976 -0.00473084
v 0.02093199 0.01307976 0.00473084
v 0.02097294 -0.01310535 -0.00468255
v 0.02097294 -0.01310535 -0.00468255
v 0.02097294 -0.01310535 0.00468255
v 0.02097294 -0.01310535 0.00468255
v 0.02097294 0.01310535 -0.00468255
v 0.02097294 0.01310535 -0.00468255
v 0.02097294 0.01310535 0.00468255
v 0.02097294 0.01310535 0.00468255
v 0.02101100 -0.01312913 0.00463109
v 0.02101100 -0.01312913 0.00463109
v 0.02104598 0.01315099 -0.00457668
v 0.02104598 0.01315099 0.00457668
v 0.02107774 -0.01317084 0.00451958
v 0.02107774 0.01317084 -0.00451958
v 0.02107774 0.01317084 0.00451958
v 0.02110612 -0.01318857 -0.00446007
v 0.02110612 -0.01318857 0.00446006
v 0.02110612 0.01318857 -0.00446007
v 0.02110612 0.01318857 0.00446006
v 0.02113099 -0.01320411 -0.00439840
v 0.02113099 -0.01320411 0.00439840
v 0.02113099 0.01320411 -0.00439840
v 0.02113099 0.01320411 0.00439840
v 0.02115224 -0.01321738 0.00433488
v 0.02115224 0.01321738 0.00433488
v 0.02116975 -0.01322833 -0.00426980
v 0.02116975 0.01322833 0.00426980
v 0.02118346 -0.01323690 -0.00420346
v 0.02118346 0.01323690 -0.00420346
v 0.02119074 -0.01126732 -0.00500000
v 0.02119074 -0.01126732 -0.00500000
v 0.02119074 -0.01126732 0.00500000
v 0.02119074 0.01126732 -0.00500000
v 0.02119074 0.01126732 -0.00500000
v 0.02119074 0.01126732 0.00500000
v 0.02119330 -0.01324305 -0.00413617
v 0.02119330 0.01324305 -0.00413617
v 0.02119330 0.01324305 0.00413617
v 0.02119922 -0.01324675 0.00406824
v 0.02119922 0.01324675 -0.00406824
v 0.02119922 0.01324675 0.00406824
v 0.02120120 -0.01324798 -0.00400000
v 0.02120120 -0.01324798 0.00400000
v 0.02120120 0.01324798 -0.00400000
v 0.02120120 0.01324798 0.00400000
v 0.02125100 -0.01129936 -0.00499767
v 0.02125100 0.01129936 -0.00499767
v 0.02137038 -0.01136283 -0.00497908
v 0.02137038 -0.01136283 0.00497908
v 0.02137038 0.01136283 -0.00497908
v 0.02137038 0.01136283 0.00497908
v 0.02142896 0.01139398 0.00496292
v 0.02148642 -0.01142453 -0.00494226
v 0.02148642 -0.01142453 0.00494226
v 0.02148642 0.01142453 -0.00494226
v 0.02154251 0.01145436 -0.00491721
v 0.02154251 0.01145436 0.00491721
v 0.02159696 -0.01148330 -0.00488788
v 0.02159696 0.01148330 -0.00488788
v 0.02164951 -0.01151125 0.00485442
v 0.02164951 0.01151125 -0.00485442
v 0.02169992 -0.01153805 -0.00481697
v 0.02169992 -0.01153805 0.00481697
v 0.02169992 0.01153805 0.00481697
v 0.02174796 -0.01156359 -0.00477571
v 0.02174796 -0.01156359 0.00477571
v 0.02174796 0.01156359 -0.00477571
v 0.02174796 0.01156359 0.00477571
v 0.02179340 -0.01158776 -0.00473084
v 0.02179340 0.01158776 -0.00473084
v 0.02179340 0.01158776 -0.00473084
v 0.02179340 0.01158776 0.00473084
v 0.02183603 -0.01161042 -0.00468255
v 0.02183603 -0.01161042 -0.00468255
v 0.02183603 -0.01161042 0.00468255
v 0.02183603 -0.01161042 0.00468255
v 0.02183603 0.01161042 0.00468255
v 0.02183603 0.01161042 0.00468255
v 0.02187566 -0.01163149 -0.00463109
v 0.02187566 -0.01163149 0.00463109
v 0.02187566 0.01163149 -0.00463109
v 0.02187566 0.01163149 0.00463109
v 0.02191208 -0.01165086 -0.00457668
v 0.02191208 -0.01165086 0.00457668
v 0.02191208 0.01165086 -0.00457668
v 0.02191208 0.01165086 0.00457668
v 0.02192509 -0.00976168 -0.00500000
v 0.02192509 -0.00976168 -0.00500000
v 0.02192509 -0.00976168 0.00500000
v 0.02192509 0.00976168 -0.00500000
v 0.02192509 0.00976168 -0.00500000
v 0.02192509 0.00976168 0.00500000
v 0.02194515 -0.01166844 -0.00451958
v 0.02194515 0.01166844 -0.00451958
v 0.02194515 0.01166844 0.00451958
v 0.02197470 0.01168415 -0.00446007
v 0.02197470 0.01168415 0.00446006
v 0.02198743 0.00978944 0.00499767
v 0.02200059 -0.01169792 -0.00439840
v 0.02200059 -0.01169792 0.00439840
v 0.02200059 0.01169792 -0.00439840
v 0.02200059 0.01169792 0.00439840
v 0.02202271 -0.01170968 -0.00433488
v 0.02202271 0.01170968 -0.00433488
v 0.02202271 0.01170968 0.00433488
v 0.02204095 0.01171938 0.00426980
v 0.02204948 -0.00981706 -0.00499069
v 0.02204948 -0.00981706 0.00499069
v 0.02205522 -0.01172697 -0.00420346
v 0.02205522 -0.01172697 0.00420346
v 0.02205522 0.01172697 0.00420346
v 0.02206546 -0.01173242 -0.00413617
v 0.02206546 -0.01173242 0.00413617
v 0.02207163 -0.01173569 -0.00406824
v 0.02207163 -0.01173569 0.00406824
v 0.02207163 0.01173569 -0.00406824
v 0.02207163 0.01173569 0.00406824
v 0.02207369 -0.01173679 -0.00400000
v 0.02207369 -0.01173679 0.00400000
v 0.02207369 0.01173679 -0.00400000
v 0.02207369 0.01173679 0.00400000
v 0.02211096 -0.00984443 0.00497908
v 0.02211096 0.00984443 -0.00497908
v 0.02223102 -0.00989789 -0.00494226
v 0.02223102 -0.00989789 0.00494226
v 0.02223102 0.00989789 -0.00494226
v 0.02223102 0.00989789 0.00494226
v 0.02228905 -0.00992372 -0.00491721
v 0.02228905 -0.00992372 0.00491721
v 0.02234538 0.00994880 -0.00488788
v 0.02234538 0.00994880 0.00488789
v 0.02239975 -0.00997301 0.00485442
v 0.02239975 0.00997301 -0.00485442
v 0.02239975 0.00997301 0.00485442
v 0.02245191 -0.00999624 -0.00481697
v 0.02245191 -0.00999624 0.00481697
v 0.02245191 0.00999624 -0.00481697
v 0.02250162 0.01001837 -0.00477571
v 0.02254864 0.01003930 0.00473084
v 0.02255262 -0.00820848 -0.00500000
v 0.02255262 -0.00820848 -0.00500000
v 0.02255262 -0.00820848 0.00500000
v 0.02255262 0.00820848 -0.00500000
v 0.02255262 0.00820848 -0.00500000
v 0.02255262 0.00820848 0.00500000
v 0.02259274 -0.01005894 -0.00468255
v 0.02259274 -0.01005894 -0.00468255
v 0.02259274 0.01005894 -0.00468255
v 0.02259274 0.01005894 -0.00468255
v 0.02259274 0.01005894 0.00468255
v 0.02259274 0.01005894 0.00468255
v 0.02261675 0.00823182 0.00499767
v 0.02263374 -0.01007719 -0.00463109
v 0.02263374 -0.01007719 0.00463109
v 0.02263374 -0.01007719 0.00463109
v 0.02263374 0.01007719 0.00463109
v 0.02267143 -0.01009397 -0.00457668
v 0.02267143 -0.01009397 0.00457668
v 0.02267143 0.01009397 0.00457668
v 0.02268058 -0.00825506 0.00499069
v 0.02270564 -0.01010920 -0.00451958
v 0.02270564 -0.01010920 0.00451958
v 0.02270564 0.01010920 -0.00451958
v 0.02270564 0.01010920 0.00451958
v 0.02273621 -0.01012282 0.00446006
v 0.02273621 0.01012282 -0.00446007
v 0.02273621 0.01012282 0.00446006
v 0.02274381 -0.00827807 -0.00497908
v 0.02274381 0.00827807 -0.00497908
v 0.02274381 0.00827807 0.00497908
v 0.02276300 -0.01013474 0.00439840
v 0.02276300 0.01013474 -0.00439840
v 0.02276300 0.01013474 0.00439840
v 0.02278589 -0.01014493 -0.00433488
v 0.02278589 0.01014493 -0.00433488
v 0.02278589 0.01014493 0.00433488
v 0.02280476 -0.01015333 0.00426980
v 0.02280476 0.01015333 -0.00426980
v 0.02280476 0.01015333 0.00426980
v 0.02280615 -0.00830076 0.00496292
v 0.02280615 0.00830076 -0.00496292
v 0.02281953 -0.01015991 -0.00420346
v 0.02281953 -0.01015991 0.00420346
v 0.02281953 0.01015991 -0.00420346
v 0.02281953 0.01015991 0.00420346
v 0.02283012 -0.01016463 -0.00413617
v 0.02283012 -0.01016463 0.00413617
v 0.02283012 0.01016463 -0.00413617
v 0.02283012 0.01016463 0.00413617
v 0.02283651 -0.01016747 -0.00406824
v 0.02283651 -0.01016747 0.00406824
v 0.02283651 0.01016747 -0.00406824
v 0.02283651 0.01016747 0.00406824
v 0.02283864 -0.01016842 -0.00400000
v 0.02283864 -0.01016842 0.00400000
v 0.02283864 0.01016842 -0.00400000
v 0.02283864 0.01016842 0.00400000
v 0.02286731 -0.00832302 -0.00494226
v 0.02286731 -0.00832302 0.00494226
v 0.02286731 0.00832302 0.00494226
v 0.02292700 -0.00834474 0.00491721
v 0.02292700 0.00834474 -0.00491721
v 0.02298494 -0.00836584 -0.00488788
v 0.02298494 -0.00836584 0.00488789
v 0.02298494 0.00836584 -0.00488788
v 0.02304087 -0.00838619 0.00485442
v 0.02304087 0.00838619 -0.00485442
v 0.02304087 0.00838619 0.00485442
v 0.02307028 -0.00661530 -0.00500000
v 0.02307028 -0.00661530 -0.00500000
v 0.02307028 -0.00661530 0.00500000
v 0.02307028 0.00661530 -0.00500000
v 0.02307028 0.00661530 -0.00500000
v 0.02307028 0.00661530 0.00500000
v 0.02309453 -0.00840572 -0.00481697
v 0.02309453 -0.00840572 0.00481697
v 0.02309453 0.00840572 -0.00481697
v 0.02309453 0.00840572 0.00481697
v 0.02314565 -0.00842433 0.00477571
v 0.02314565 0.00842433 0.00477571
v 0.02319401 -0.00844193 0.00473084
v 0.02320117 -0.00665283 0.00499069
v 0.02320117 0.00665283 -0.00499069
v 0.02323938 -0.00845844 -0.00468255
v 0.02323938 -0.00845844 -0.00468255
v 0.02323938 -0.00845844 0.00468255
v 0.02323938 -0.00845844 0.00468255
v 0.02323938 0.00845844 -0.00468255
v 0.02323938 0.00845844 -0.00468255
v 0.02323938 0.00845844 0.00468255
v 0.02323938 0.00845844 0.00468255
v 0.02326585 -0.00667138 -0.00497908
v 0.02326585 -0.00667138 0.00497908
v 0.02326585 0.00667138 0.00497908
v 0.02328155 -0.00847379 -0.00463109
v 0.02328155 0.00847379 -0.00463109
v 0.02332032 -0.00848790 -0.00457668
v 0.02332032 -0.00848790 0.00457668
v 0.02332032 0.00848790 -0.00457668
v 0.02332032 0.00848790 0.00457668
v 0.02332963 0.00668966 -0.00496292
v 0.02335551 -0.00850071 -0.00451958
v 0.02335551 0.00850071 -0.00451958
v 0.02335551 0.00850071 0.00451958
v 0.02338696 -0.00851216 -0.00446007
v 0.02338696 -0.00851216 0.00446006
v 0.02338696 0.00851216 -0.00446007
v 0.02338696 0.00851216 0.00446006
v 0.02339219 -0.00670760 -0.00494226
v 0.02339219 0.00670760 0.00494226
v 0.02341452 -0.00852219 -0.00439840
v 0.02341452 0.00852219 -0.00439840
v 0.02341452 0.00852219 0.00439840
v 0.02343806 -0.00853076 0.00433488
v 0.02343806 0.00853076 -0.00433488
v 0.02343806 0.00853076 0.00433488
v 0.02345325 -0.00672511 -0.00491721
v 0.02345325 -0.00672511 0.00491721
v 0.02345325 0.00672511 -0.00491721
v 0.02345325 0.00672511 0.00491721
v 0.02345747 -0.00853782 -0.00426980
v 0.02345747 -0.00853782 0.00426980
v 0.02345747 0.00853782 -0.00426980
v 0.02347266 -0.00854335 -0.00420346
v 0.02347266 0.00854335 -0.00420346
v 0.02347266 0.00854335 0.00420346
v 0.02347554 -0.00498988 -0.00500000
v 0.02347554 -0.00498988 -0.00500000
v 0.02347554 -0.00498988 0.00500000
v 0.02347554 0.00498988 -0.00500000
v 0.02347554 0.00498988 -0.00500000
v 0.02347554 0.00498988 0.00500000
v 0.02348356 -0.00854732 -0.00413617
v 0.02348356 -0.00854732 0.00413617
v 0.02348356 0.00854732 0.00413617
v 0.02349013 0.00854971 -0.00406824
v 0.02349013 0.00854971 0.00406824
v 0.02349231 -0.00855050 -0.00400000
v 0.02349231 -0.00855050 0.00400000
v 0.02349231 0.00855050 -0.00400000
v 0.02349231 0.00855050 0.00400000
v 0.02351252 -0.00674211 -0.00488788
v 0.02351252 0.00674211 0.00488789
v 0.02354229 0.00500407 0.00499767
v 0.02356974 -0.00675851 -0.00485442
v 0.02356974 -0.00675851 0.00485442
v 0.02356974 0.00675851 0.00485442
v 0.02360873 -0.00501819 0.00499069
v 0.02360873 0.00501819 -0.00499069
v 0.02362462 -0.00677425 -0.00481697
v 0.02362462 -0.00677425 0.00481697
v 0.02362462 0.00677425 -0.00481697
v 0.02362462 0.00677425 0.00481697
v 0.02367455 -0.00503218 -0.00497908
v 0.02367455 0.00503218 0.00497908
v 0.02367692 -0.00678925 -0.00477571
v 0.02367692 -0.00678925 -0.00477571
v 0.02367692 -0.00678925 0.00477571
v 0.02367692 0.00678925 0.00477571
v 0.02372639 0.00680343 0.00473084
v 0.02373944 -0.00504597 -0.00496292
v 0.02373944 0.00504597 -0.00496292
v 0.02376643 -0.00334015 -0.00500000
v 0.02376643 -0.00334015 -0.00500000
v 0.02376643 -0.00334015 0.00500000
v 0.02376643 0.00334015 -0.00500000
v 0.02376643 0.00334015 -0.00500000
v 0.02376643 0.00334015 0.00500000
v 0.02377281 -0.00681674 0.00468255
v 0.02377281 -0.00681674 0.00468255
v 0.02377281 0.00681674 0.00468255
v 0.02377281 0.00681674 0.00468255
v 0.02380310 -0.00505951 0.00494226
v 0.02380310 0.00505951 0.00494226
v 0.02381594 -0.00682911 -0.00463109
v 0.02381594 0.00682911 -0.00463109
v 0.02381594 0.00682911 -0.00463109
v 0.02381594 0.00682911 0.00463109
v 0.02383401 -0.00334965 -0.00499767
v 0.02385560 0.00684048 -0.00457668
v 0.02385560 0.00684048 0.00457668
v 0.02386524 -0.00507271 -0.00491721
v 0.02389160 -0.00685081 -0.00451958
v 0.02389160 -0.00685081 0.00451958
v 0.02389160 0.00685081 -0.00451958
v 0.02389160 0.00685081 0.00451958
v 0.02390127 -0.00335911 0.00499069
v 0.02390127 0.00335911 -0.00499069
v 0.02390127 0.00335911 0.00499069
v 0.02392377 -0.00686003 0.00446006
v 0.02392377 0.00686003 -0.00446007
v 0.02392555 -0.00508553 0.00488789
v 0.02392555 0.00508553 -0.00488788
v 0.02392555 0.00508553 0.00488789
v 0.02394154 -0.00167416 -0.00500000
v 0.02394154 -0.00167416 -0.00500000
v 0.02394154 -0.00167416 0.00500000
v 0.02394154 0.00167416 -0.00500000
v 0.02394154 0.00167416 -0.00500000
v 0.02394154 0.00167416 0.00500000
v 0.02395196 -0.00686811 -0.00439840
v 0.02395196 -0.00686811 0.00439840
v 0.02395196 0.00686811 -0.00439840
v 0.02397604 -0.00687502 0.00433488
v 0.02397604 0.00687502 -0.00433488
v 0.02397604 0.00687502 0.00433488
v 0.02398377 -0.00509791 -0.00485442
v 0.02398377 -0.00509791 0.00485442
v 0.02398377 0.00509791 -0.00485442
v 0.02398377 0.00509791 0.00485442
v 0.02399590 -0.00688071 -0.00426980
v 0.02399590 -0.00688071 0.00426980
v 0.02399590 0.00688071 -0.00426980
v 0.02399590 0.00688071 0.00426980
v 0.02400000 -0.00000000 -0.00500000
v 0.02400000 -0.00000000 -0.00500000
v 0.02400000 0.00000000 0.00500000
v 0.02400961 0.00167892 -0.00499767
v 0.02400961 0.00167892 0.00499767
v 0.02401144 -0.00688517 -0.00420346
v 0.02401144 0.00688517 -0.00420346
v 0.02401144 0.00688517 0.00420346
v 0.02402259 -0.00688837 -0.00413617
v 0.02402259 -0.00688837 0.00413617
v 0.02402259 0.00688837 -0.00413617
v 0.02402259 0.00688837 0.00413617
v 0.02402930 -0.00689029 -0.00406824
v 0.02402930 -0.00689029 0.00406824
v 0.02402930 0.00689029 -0.00406824
v 0.02402930 0.00689029 0.00406824
v 0.02403154 -0.00689093 -0.00400000
v 0.02403154 -0.00689093 0.00400000
v 0.02403154 0.00689093 -0.00400000
v 0.02403154 0.00689093 0.00400000
v 0.02403360 -0.00337770 -0.00496292
v 0.02403360 0.00337770 0.00496292
v 0.02403962 -0.00510978 -0.00481697
v 0.02403962 -0.00510978 0.00481697
v 0.02403962 0.00510978 -0.00481697
v 0.02403962 0.00510978 0.00481697
v 0.02407737 -0.00168365 -0.00499069
v 0.02407737 -0.00168365 0.00499069
v 0.02409284 -0.00512109 -0.00477571
v 0.02409284 -0.00512109 0.00477571
v 0.02409284 0.00512109 -0.00477571
v 0.02409284 0.00512109 0.00477571
v 0.02409805 -0.00338676 -0.00494226
v 0.02409805 -0.00338676 0.00494226
v 0.02409805 0.00338676 -0.00494226
v 0.02409805 0.00338676 0.00494226
v 0.02413617 0.00000000 -0.00499069
v 0.02413617 0.00000000 0.00499069
v 0.02414318 -0.00513179 -0.00473084
v 0.02414318 -0.00513179 0.00473084
v 0.02414318 0.00513179 -0.00473084
v 0.02414318 0.00513179 0.00473084
v 0.02416096 -0.00339560 0.00491721
v 0.02419041 -0.00514183 -0.00468255
v 0.02419041 -0.00514183 -0.00468255
v 0.02419041 -0.00514183 0.00468255
v 0.02419041 -0.00514183 0.00468255
v 0.02419041 0.00514183 -0.00468255
v 0.02419041 0.00514183 -0.00468255
v 0.02421068 -0.00169298 0.00496292
v 0.02421068 0.00169298 -0.00496292
v 0.02421068 0.00169298 0.00496292
v 0.02422202 -0.00340418 -0.00488788
v 0.02422202 0.00340418 -0.00488788
v 0.02423430 -0.00515116 -0.00463109
v 0.02423430 -0.00515116 0.00463109
v 0.02423430 0.00515116 -0.00463109
v 0.02423430 0.00515116 0.00463109
v 0.02423430 0.00515116 0.00463109
v 0.02426980 0.00000000 -0.00496292
v 0.02426980 0.00000000 0.00496292
v 0.02427466 -0.00515974 -0.00457668
v 0.02427466 -0.00515974 0.00457668
v 0.02427466 0.00515974 0.00457668
v 0.02427560 -0.00169752 -0.00494226
v 0.02427560 0.00169752 0.00494226
v 0.02428096 -0.00341247 -0.00485442
v 0.02428096 0.00341247 0.00485442
v 0.02431129 -0.00516752 -0.00451958
v 0.02431129 -0.00516752 0.00451958
v 0.02431129 0.00516752 -0.00451958
v 0.02431129 0.00516752 0.00451958
v 0.02433488 0.00000000 -0.00494226
v 0.02433488 0.00000000 0.00494226
v 0.02433750 -0.00342041 -0.00481697
v 0.02433897 -0.00170195 0.00491721
v 0.02434402 -0.00517448 -0.00446007
v 0.02434402 -0.00517448 0.00446006
v 0.02434402 0.00517448 -0.00446007
v 0.02434402 0.00517448 0.00446006
v 0.02437271 -0.00518058 -0.00439840
v 0.02437271 -0.00518058 0.00439840
v 0.02437271 0.00518058 -0.00439840
v 0.02437271 0.00518058 0.00439840
v 0.02439138 -0.00342799 -0.00477571
v 0.02439138 -0.00342799 -0.00477571
v 0.02439138 -0.00342799 0.00477571
v 0.02439138 0.00342799 -0.00477571
v 0.02439138 0.00342799 0.00477571
v 0.02439721 -0.00518579 -0.00433488
v 0.02439721 0.00518579 -0.00433488
v 0.02439721 0.00518579 0.00433488
v 0.02439840 0.00000000 -0.00491721
v 0.02439840 0.00000000 0.00491721
v 0.02440048 -0.00170625 -0.00488788
v 0.02440048 -0.00170625 0.00488789
v 0.02440048 0.00170625 0.00488789
v 0.02441742 -0.00519008 -0.00426980
v 0.02441742 -0.00519008 0.00426980
v 0.02441742 0.00519008 -0.00426980
v 0.02441742 0.00519008 0.00426980
v 0.02443323 -0.00519344 -0.00420346
v 0.02443323 -0.00519344 0.00420346
v 0.02443323 0.00519344 -0.00420346
v 0.02443323 0.00519344 0.00420346
v 0.02444234 -0.00343515 0.00473084
v 0.02444234 0.00343515 -0.00473084
v 0.02444234 0.00343515 0.00473084
v 0.02444458 -0.00519586 -0.00413617
v 0.02444458 0.00519586 0.00413617
v 0.02445141 -0.00519731 -0.00406824
v 0.02445141 -0.00519731 0.00406824
v 0.02445141 0.00519731 0.00406824
v 0.02445369 -0.00519779 -0.00400000
v 0.02445369 -0.00519779 0.00400000
v 0.02445369 0.00519779 -0.00400000
v 0.02445369 0.00519779 0.00400000
v 0.02445986 -0.00171040 -0.00485442
v 0.02445986 0.00171040 -0.00485442
v 0.02445986 0.00171040 0.00485442
v 0.02446006 0.00000000 -0.00488788
v 0.02446006 0.00000000 0.00488789
v 0.02449015 -0.00344187 0.00468255
v 0.02449015 -0.00344187 0.00468255
v 0.02449015 0.00344187 -0.00468255
v 0.02449015 0.00344187 -0.00468255
v 0.02449015 0.00344187 0.00468255
v 0.02449015 0.00344187 0.00468255
v 0.02451681 -0.00171438 -0.00481697
v 0.02451681 -0.00171438 0.00481697
v 0.02451681 0.00171438 -0.00481697
v 0.02451681 0.00171438 0.00481697
v 0.02451958 0.00000000 -0.00485442
v 0.02451958 0.00000000 0.00485442
v 0.02453459 -0.00344811 -0.00463109
v 0.02453459 -0.00344811 0.00463109
v 0.02453459 0.00344811 0.00463109
v 0.02457109 -0.00171818 -0.00477571
v 0.02457109 -0.00171818 0.00477571
v 0.02457109 0.00171818 -0.00477571
v 0.02457545 -0.00345385 -0.00457668
v 0.02457545 -0.00345385 0.00457668
v 0.02457545 0.00345385 0.00457668
v 0.02457668 0.00000000 -0.00481697
v 0.02461254 -0.00345907 0.00451958
v 0.02461254 0.00345907 -0.00451958
v 0.02461254 0.00345907 0.00451958
v 0.02462243 -0.00172177 -0.00473084
v 0.02462243 -0.00172177 -0.00473084
v 0.02462243 -0.00172177 0.00473084
v 0.02462243 0.00172177 -0.00473084
v 0.02462243 0.00172177 -0.00473084
v 0.02462243 0.00172177 0.00473084
v 0.02463109 0.00000000 -0.00477571
v 0.02463109 0.00000000 0.00477571
v 0.02464568 -0.00346372 -0.00446007
v 0.02464568 -0.00346372 0.00446006
v 0.02464568 0.00346372 -0.00446007
v 0.02467059 -0.00172514 -0.00468255
v 0.02467059 -0.00172514 0.00468255
v 0.02467059 -0.00172514 0.00468255
v 0.02467059 0.00172514 0.00468255
v 0.02467059 0.00172514 0.00468255
v 0.02467472 -0.00346781 -0.00439840
v 0.02467472 -0.00346781 0.00439840
v 0.02467472 0.00346781 -0.00439840
v 0.02468255 0.00000000 -0.00473084
v 0.02468255 0.00000000 -0.00473084
v 0.02469952 -0.00347129 -0.00433488
v 0.02469952 0.00347129 -0.00433488
v 0.02469952 0.00347129 0.00433488
v 0.02471536 -0.00172827 -0.00463109
v 0.02471536 -0.00172827 0.00463109
v 0.02471536 0.00172827 -0.00463109
v 0.02471536 0.00172827 0.00463109
v 0.02471998 -0.00347417 -0.00426980
v 0.02471998 -0.00347417 0.00426980
v 0.02471998 0.00347417 -0.00426980
v 0.02471998 0.00347417 0.00426980
v 0.02473083 0.00000000 -0.00468255
v 0.02473083 0.00000000 0.00468255
v 0.02473083 0.00000000 0.00468255
v 0.02473599 -0.00347642 -0.00420346
v 0.02473599 -0.00347642 0.00420346
v 0.02473599 0.00347642 -0.00420346
v 0.02474748 -0.00347803 -0.00413617
v 0.02474748 -0.00347803 0.00413617
v 0.02474748 0.00347803 -0.00413617
v 0.02474748 0.00347803 0.00413617
v 0.02475439 -0.00347900 -0.00406824
v 0.02475439 -0.00347900 0.00406824
v 0.02475439 0.00347900 -0.00406824
v 0.02475439 0.00347900 0.00406824
v 0.02475652 -0.00173114 -0.00457668
v 0.02475652 0.00173114 -0.00457668
v 0.02475652 0.00173114 0.00457668
v 0.02475670 -0.00347933 -0.00400000
v 0.02475670 -0.00347933 0.00400000
v 0.02475670 0.00347933 -0.00400000
v 0.02475670 0.00347933 0.00400000
v 0.02479387 -0.00173376 -0.00451958
v 0.02479387 -0.00173376 0.00451958
v 0.02479387 0.00173376 0.00451958
v 0.02481697 0.00000000 0.00457668
v 0.02482726 0.00173609 -0.00446007
v 0.02482726 0.00173609 0.00446006
v 0.02485442 0.00000000 -0.00451958
v 0.02485442 0.00000000 0.00451958
v 0.02485651 -0.00173814 -0.00439840
v 0.02485651 -0.00173814 0.00439840
v 0.02485651 0.00173814 -0.00439840
v 0.02485651 0.00173814 0.00439840
v 0.02488150 -0.00173988 0.00433488
v 0.02488150 0.00173988 -0.00433488
v 0.02488150 0.00173988 0.00433488
v 0.02488789 0.00000000 -0.00446007
v 0.02488789 0.00000000 0.00446006
v 0.02490211 -0.00174132 -0.00426980
v 0.02490211 -0.00174132 0.00426980
v 0.02490211 0.00174132 -0.00426980
v 0.02490211 0.00174132 0.00426980
v 0.02491721 0.00000000 -0.00439840
v 0.02491721 0.00000000 0.00439840
v 0.02491824 -0.00174245 -0.00420346
v 0.02491824 -0.00174245 0.00420346
v 0.02491824 0.00174245 0.00420346
v 0.02492981 -0.00174326 -0.00413617
v 0.02492981 -0.00174326 0.00413617
v 0.02492981 0.00174326 -0.00413617
v 0.02492981 0.00174326 0.00413617
v 0.02493678 -0.00174375 -0.00406824
v 0.02493678 -0.00174375 0.00406824
v 0.02493678 0.00174375 -0.00406824
v 0.02493678 0.00174375 0.00406824
v 0.02493910 -0.00174391 -0.00400000
v 0.02493910 -0.00174391 0.00400000
v 0.02493910 0.00174391 -0.00400000
v 0.02493910 0.00174391 0.00400000
v 0.02494226 0.00000000 -0.00433488
v 0.02494226 0.00000000 0.00433488
v 0.02496291 0.00000000 -0.00426980
v 0.02496291 0.00000000 0.00426980
v 0.02497909 0.00000000 0.00420346
v 0.02499068 0.00000000 -0.00413617
v 0.02499068 0.00000000 0.00413617
v 0.02499767 0.00000000 -0.00406824
v 0.02499767 0.00000000 0.00406824
v 0.02500000 -0.00000000 0.00400000
v 0.02500000 -0.00000000 0.00400000
v 0.02500000 0.00000000 -0.00400000
v 0.02500000 0.00000000 -0.00400000
vn -1.00000000 -0.00000000 0.00000000
vn -1.00000000 0.00000000 0.00000000
vn -1.00000000 -0.00000000 0.00000000
vn -1.00000000 0.00000000 0.00000000
vn -0.99068594 -0.00000000 0.13616665
vn -0.97908410 -0.00000000 -0.20345601
vn -0.96291727 -0.00000000 -0.26979676
vn -0.96291727 -0.00000000 0.26979676
vn -0.99756410 -0.06975647 0.00000000
vn -0.99756410 -0.06975647 0.00000000
vn -0.99756410 0.06975647 0.00000000
vn -0.99756410 0.06975647 0.00000000
vn -0.99523850 0.06959385 -0.06824242
vn -0.98827267 -0.06910676 0.13616665
vn -0.98827267 0.06910676 0.13616665
vn -0.97669910 -0.06829745 -0.20345601
vn -0.97669910 0.06829745 -0.20345601
vn -0.91721130 -0.00000000 0.39840108
vn -0.96057165 0.06716971 0.26979676
vn -0.88788520 -0.00000000 -0.46006504
vn -0.93996560 -0.06572880 -0.33487960
vn -0.93996560 -0.06572880 0.33487960
vn -0.93996560 0.06572880 -0.33487960
vn -0.91497700 -0.06398143 0.39840108
vn -0.91497700 0.06398143 -0.39840108
vn -0.85441940 -0.00000000 -0.51958394
vn -0.85441940 -0.00000000 0.51958394
vn -0.88572240 0.06193574 0.46006504
vn -0.85233810 -0.05960128 -0.51958394
vn -0.77571130 -0.00000000 0.63108796
vn -0.99026805 -0.13917310 0.00000000
vn -0.99026805 -0.13917310 0.00000000
vn -0.99026805 0.13917310 0.00000000
vn -0.99026805 0.13917310 0.00000000
vn -0.81497980 -0.05698894 0.57668030
vn -0.81497980 0.05698894 -0.57668030
vn -0.81497980 0.05698894 0.57668030
vn -0.98104465 -0.13787684 -0.13616665
vn -0.98104465 -0.13787684 0.13616665
vn -0.98104465 0.13787684 -0.13616665
vn -0.98104465 0.13787684 0.13616665
vn -0.73083600 -0.00000000 -0.68255320
vn -0.73083600 -0.00000000 -0.68255320
vn -0.95354620 0.13401218 -0.26979676
vn -0.77382170 -0.05411088 -0.63108796
vn -0.77382170 -0.05411088 -0.63108796
vn -0.77382170 -0.05411088 0.63108796
vn -0.77382170 0.05411088 -0.63108796
vn -0.93309090 -0.13113737 -0.33487960
vn -0.93309090 -0.13113737 0.33487960
vn -0.93309090 0.13113737 0.33487960
vn -0.68255320 -0.00000000 -0.73083600
vn -0.68255320 -0.00000000 -0.73083600
vn -0.68255320 -0.00000000 0.73083600
vn -0.68255320 -0.00000000 0.73083600
vn -0.90828510 -0.12765114 0.39840108
vn -0.90828510 0.12765114 -0.39840108
vn -0.72905570 0.05098054 0.68255320
vn -0.72905570 0.05098054 0.68255320
vn -0.87924440 -0.12356974 -0.46006504
vn -0.87924440 0.12356974 0.46006504
vn -0.68089050 0.04761250 -0.73083600
vn -0.68089050 0.04761250 -0.73083600
vn -0.84610426 -0.11891220 -0.51958394
vn -0.84610426 0.11891220 0.51958394
vn -0.57668030 -0.00000000 0.81696990
vn -0.80901920 -0.11370023 0.57668030
vn -0.80901920 0.11370023 -0.57668030
vn -0.62955064 -0.04402247 -0.77571130
vn -0.62955064 -0.04402247 0.77571130
vn -0.62955064 -0.04402247 0.77571130
vn -0.62955064 0.04402247 0.77571130
vn -0.76816213 -0.10795815 -0.63108796
vn -0.51958394 -0.00000000 -0.85441940
vn -0.57527554 0.04022719 -0.81696990
vn -0.72372353 0.10171271 -0.68255320
vn -0.72372353 0.10171271 -0.68255320
vn -0.72372353 0.10171271 0.68255320
vn -0.72372353 0.10171271 0.68255320
vn -0.46006504 -0.00000000 0.88788520
vn -0.51831830 -0.03624434 -0.85441940
vn -0.97814760 -0.20791169 0.00000000
vn -0.97814760 -0.20791169 0.00000000
vn -0.97814760 0.20791169 0.00000000
vn -0.97814760 0.20791169 0.00000000
vn -0.97586733 0.20742700 -0.06824242
vn -0.97586733 0.20742700 0.06824242
vn -0.96903706 -0.20597519 -0.13616665
vn -0.96903706 -0.20597519 0.13616665
vn -0.67591060 -0.09499304 -0.73083600
vn -0.67591060 -0.09499304 -0.73083600
vn -0.67591060 -0.09499304 0.73083600
vn -0.67591060 -0.09499304 0.73083600
vn -0.95768875 0.20356303 0.20345601
vn -0.94187520 -0.20020176 -0.26979676
vn -0.94187520 -0.20020176 0.26979676
vn -0.94187520 0.20020176 -0.26979676
vn -0.45894435 -0.03209252 -0.88788520
vn -0.45894435 -0.03209252 0.88788520
vn -0.45894435 0.03209252 0.88788520
vn -0.39840108 -0.00000000 -0.91721130
vn -0.92167026 -0.19590706 -0.33487960
vn -0.92167026 0.19590706 0.33487960
vn -0.62494624 0.08783047 -0.77571130
vn -0.62494624 0.08783047 0.77571130
vn -0.89716804 0.19069895 -0.39840108
vn -0.86848277 -0.18460172 -0.46006504
vn -0.86848277 -0.18460172 0.46006504
vn -0.86848277 0.18460172 0.46006504
vn -0.39743060 -0.02779105 0.91721130
vn -0.39743060 0.02779105 -0.91721130
vn -0.39743060 0.02779105 0.91721130
vn -0.57106810 -0.08025839 -0.81696990
vn -0.57106810 -0.08025839 0.81696990
vn -0.57106810 0.08025839 -0.81696990
vn -0.33487960 -0.00000000 -0.94226090
vn -0.51452740 -0.07231211 0.85441940
vn -0.51452740 0.07231211 0.85441940
vn -0.33406386 -0.02336002 -0.94226090
vn -0.79911715 -0.16985759 -0.57668030
vn -0.79911715 0.16985759 -0.57668030
vn -0.79911715 0.16985759 0.57668030
vn -0.26979676 -0.00000000 0.96291727
vn -0.75876015 -0.16127944 0.63108796
vn -0.75876015 0.16127944 0.63108796
vn -0.75876015 0.16127944 0.63108796
vn -0.26913956 -0.01882007 0.96291727
vn -0.26913956 0.01882007 -0.96291727
vn -0.26913956 0.01882007 0.96291727
vn -0.20345601 -0.00000000 -0.97908410
vn -0.71486545 -0.15194935 -0.68255320
vn -0.71486545 -0.15194935 -0.68255320
vn -0.71486545 0.15194935 -0.68255320
vn -0.71486545 0.15194935 -0.68255320
vn -0.39452390 -0.05544671 -0.91721130
vn -0.39452390 -0.05544671 0.91721130
vn -0.39452390 0.05544671 -0.91721130
vn -0.39452390 0.05544671 0.91721130
vn -0.20296040 -0.01419237 -0.97908410
vn -0.20296040 0.01419237 -0.97908410
vn -0.66763770 -0.14191078 0.73083600
vn -0.66763770 -0.14191078 0.73083600
vn -0.66763770 0.14191078 0.73083600
vn -0.66763770 0.14191078 0.73083600
vn -0.13616665 -0.00000000 0.99068594
vn -0.33162057 -0.04660624 -0.94226090
vn -0.33162057 0.04660624 -0.94226090
vn -0.61729720 -0.13121057 -0.77571130
vn -0.61729720 0.13121057 -0.77571130
vn -0.13583495 0.00949851 0.99068594
vn -0.56407845 -0.11989858 0.81696990
vn -0.56407845 0.11989858 -0.81696990
vn -0.56407845 0.11989858 0.81696990
vn -0.26717110 -0.03754845 0.96291727
vn -0.96126170 -0.27563736 0.00000000
vn -0.96126170 -0.27563736 0.00000000
vn -0.96126170 0.27563736 0.00000000
vn -0.96126170 0.27563736 0.00000000
vn -0.95902080 0.27499480 0.06824242
vn -0.95230850 -0.27307007 -0.13616665
vn -0.95230850 -0.27307007 0.13616665
vn -0.95230850 0.27307007 -0.13616665
vn -0.94115600 0.26987216 0.20345601
vn -0.06807618 -0.00476035 0.99766874
vn -0.00000000 -0.00000000 -1.00000000
vn 0.00000000 0.00000000 -1.00000000
vn 0.00000000 0.00000000 1.00000000
vn -0.92561550 0.26541597 -0.26979676
vn -0.50822980 -0.10802758 -0.85441940
vn -0.90575933 -0.25972232 -0.33487960
vn -0.90575933 -0.25972232 0.33487960
vn -0.90575933 0.25972232 0.33487960
vn -0.20147600 -0.02831560 -0.97908410
vn -0.20147600 0.02831560 0.97908410
vn -0.88168010 -0.25281770 0.39840108
vn -0.00000000 -0.00000000 -1.00000000
vn 0.00000000 0.00000000 -1.00000000
vn 0.00000000 0.00000000 1.00000000
vn -0.00000000 0.00000000 -1.00000000
vn 0.00000000 0.00000000 -1.00000000
vn 0.00000000 0.00000000 1.00000000
vn -0.45001152 -0.09565290 0.88788520
vn -0.45001152 0.09565290 0.88788520
vn -0.85349005 -0.24473433 -0.46006504
vn -0.85349005 0.24473433 -0.46006504
vn -0.13484149 0.01895073 -0.99068594
vn -0.13484149 0.01895073 0.99068594
vn -0.82132065 -0.23550990 0.51958394
vn -0.82132065 0.23550990 0.51958394
vn -0.38969508 0.08283225 -0.91721130
vn -0.78532190 -0.22518742 -0.57668030
vn -0.78532190 0.22518742 -0.57668030
vn -0.06757829 -0.00949751 0.99766874
vn -0.32756168 -0.06962538 -0.94226090
vn -0.32756168 0.06962538 0.94226090
vn -0.70252460 -0.20144570 -0.68255320
vn -0.70252460 -0.20144570 -0.68255320
vn -0.70252460 -0.20144570 0.68255320
vn -0.70252460 -0.20144570 0.68255320
vn -0.70252460 0.20144570 0.68255320
vn -0.70252460 0.20144570 0.68255320
vn -0.00000000 -0.00000000 -1.00000000
vn 0.00000000 0.00000000 -1.00000000
vn 0.00000000 0.00000000 1.00000000
vn -0.00000000 0.00000000 -1.00000000
vn 0.00000000 0.00000000 -1.00000000
vn 0.00000000 0.00000000 1.00000000
vn -0.26390105 -0.05609390 0.96291727
vn -0.26390105 0.05609390 -0.96291727
vn -0.65611220 0.18813714 -0.73083600
vn -0.65611220 0.18813714 -0.73083600
vn -0.60664070 -0.17395142 0.77571130
vn -0.60664070 0.17395142 0.77571130
vn -0.19901001 -0.04230088 -0.97908410
vn -0.19901001 0.04230088 -0.97908410
vn -0.19901001 0.04230088 0.97908410
vn -0.55434070 -0.15895464 -0.81696990
vn -0.55434070 0.15895464 -0.81696990
vn -0.13319108 -0.02831064 0.99068594
vn -0.13319108 0.02831064 0.99068594
vn -0.49945614 -0.14321674 0.85441940
vn -0.49945614 0.14321674 0.85441940
vn -0.44224290 -0.12681112 -0.88788520
vn -0.44224290 0.12681112 0.88788520
vn -0.93969260 -0.34202015 0.00000000
vn -0.93969260 -0.34202015 0.00000000
vn -0.93969260 0.34202015 0.00000000
vn -0.93969260 0.34202015 0.00000000
vn -0.93750197 -0.34122282 -0.06824242
vn -0.93750197 0.34122282 0.06824242
vn -0.93094030 -0.33883455 0.13616665
vn -0.93094030 0.33883455 -0.13616665
vn -0.93094030 0.33883455 0.13616665
vn -0.00000000 -0.00000000 -1.00000000
vn 0.00000000 0.00000000 -1.00000000
vn 0.00000000 0.00000000 1.00000000
vn -0.00000000 0.00000000 -1.00000000
vn 0.00000000 0.00000000 -1.00000000
vn 0.00000000 0.00000000 1.00000000
vn -0.92003810 -0.33486650 -0.20345601
vn -0.90484625 -0.32933712 0.26979676
vn -0.90484625 0.32933712 -0.26979676
vn -0.38296770 -0.10981423 0.91721130
vn -0.38296770 0.10981423 -0.91721130
vn -0.88543564 -0.32227220 -0.33487960
vn -0.88543564 0.32227220 0.33487960
vn -0.86189670 -0.31370473 0.39840108
vn -0.86189670 0.31370473 0.39840108
vn -0.32190695 -0.09230533 -0.94226090
vn -0.83433920 0.30367464 -0.46006504
vn -0.80289160 -0.29222864 -0.51958394
vn -0.80289160 -0.29222864 0.51958394
vn -0.80289160 0.29222864 -0.51958394
vn -0.25934530 -0.07436607 0.96291727
vn -0.25934530 0.07436607 -0.96291727
vn -0.25934530 0.07436607 0.96291727
vn -0.76770055 0.27942017 0.57668030
vn -0.72893020 -0.26530890 -0.63108796
vn -0.72893020 -0.26530890 -0.63108796
vn -0.72893020 -0.26530890 0.63108796
vn -0.72893020 -0.26530890 0.63108796
vn -0.72893020 0.26530890 -0.63108796
vn -0.68676114 0.24996062 0.68255320
vn -0.68676114 0.24996062 0.68255320
vn -0.13089179 -0.03753262 -0.99068594
vn -0.13089179 -0.03753262 0.99068594
vn -0.13089179 0.03753262 -0.99068594
vn -0.13089179 0.03753262 0.99068594
vn -0.64139014 -0.23344693 0.73083600
vn -0.64139014 -0.23344693 0.73083600
vn -0.64139014 0.23344693 -0.73083600
vn -0.64139014 0.23344693 -0.73083600
vn -0.59302866 -0.21584480 -0.77571130
vn -0.59302866 0.21584480 0.77571130
vn -0.54190224 0.19723628 -0.81696990
vn -0.54190224 0.19723628 0.81696990
vn -0.00000000 -0.00000000 -1.00000000
vn 0.00000000 0.00000000 -1.00000000
vn 0.00000000 0.00000000 1.00000000
vn -0.00000000 0.00000000 -1.00000000
vn 0.00000000 0.00000000 -1.00000000
vn 0.00000000 0.00000000 1.00000000
vn -0.48824920 -0.17770818 -0.85441940
vn -0.48824920 -0.17770818 0.85441940
vn -0.48824920 0.17770818 -0.85441940
vn -0.48824920 0.17770818 0.85441940
vn -0.37437457 0.13626120 -0.91721130
vn -0.31468390 -0.11453557 -0.94226090
vn -0.31468390 -0.11453557 0.94226090
vn -0.31468390 0.11453557 0.94226090
vn -0.91354540 -0.40673664 0.00000000
vn -0.91354540 -0.40673664 0.00000000
vn -0.91354540 0.40673664 0.00000000
vn -0.91354540 0.40673664 0.00000000
vn -0.91141576 -0.40578845 -0.06824242
vn -0.91141576 -0.40578845 0.06824242
vn -0.91141576 0.40578845 -0.06824242
vn -0.91141576 0.40578845 0.06824242
vn -0.90503660 0.40294830 0.13616665
vn -0.89443785 0.39822936 -0.20345601
vn -0.89443785 0.39822936 0.20345601
vn -0.25352603 -0.09227593 -0.96291727
vn -0.25352603 -0.09227593 0.96291727
vn -0.25352603 0.09227593 -0.96291727
vn -0.87966870 -0.39165375 -0.26979676
vn -0.87966870 -0.39165375 0.26979676
vn -0.83791420 -0.37306345 0.39840108
vn -0.83791420 0.37306345 -0.39840108
vn -0.83791420 0.37306345 0.39840108
vn -0.19118612 0.06958605 0.97908410
vn -0.81112350 -0.36113545 -0.46006504
vn -0.81112350 -0.36113545 0.46006504
vn -0.78055096 -0.34752370 -0.51958394
vn -0.78055096 0.34752370 -0.51958394
vn -0.78055096 0.34752370 0.51958394
vn -0.12795480 -0.04657174 -0.99068594
vn -0.12795480 0.04657174 -0.99068594
vn -0.74633914 -0.33229160 0.57668030
vn -0.74633914 0.33229160 -0.57668030
vn -0.06412689 -0.02334028 0.99766874
vn -0.66765190 -0.29725778 -0.68255320
vn -0.66765190 -0.29725778 -0.68255320
vn -0.66765190 0.29725778 -0.68255320
vn -0.66765190 0.29725778 -0.68255320
vn -0.66765190 0.29725778 0.68255320
vn -0.66765190 0.29725778 0.68255320
vn -0.00000000 -0.00000000 -1.00000000
vn 0.00000000 0.00000000 -1.00000000
vn 0.00000000 0.00000000 1.00000000
vn -0.00000000 0.00000000 -1.00000000
vn 0.00000000 0.00000000 -1.00000000
vn 0.00000000 0.00000000 1.00000000
vn -0.62354330 -0.27761936 0.73083600
vn -0.62354330 -0.27761936 0.73083600
vn -0.57652754 0.25668660 0.77571130
vn -0.52682370 -0.23455702 -0.81696990
vn -0.52682370 0.23455702 -0.81696990
vn -0.47466356 -0.21133383 0.85441940
vn -0.42029032 0.18712531 -0.88788520
vn -0.42029032 0.18712531 0.88788520
vn -0.36395750 -0.16204432 -0.91721130
vn -0.36395750 -0.16204432 0.91721130
vn -0.36395750 0.16204432 0.91721130
vn -0.30592775 0.13620780 -0.94226090
vn -0.24647161 0.10973623 0.96291727
vn -0.18586631 -0.08275302 -0.97908410
vn -0.18586631 -0.08275302 0.97908410
vn -0.18586631 0.08275302 -0.97908410
vn -0.88294756 -0.46947157 0.00000000
vn -0.88294756 -0.46947157 0.00000000
vn -0.88294756 0.46947157 0.00000000
vn -0.88294756 0.46947157 0.00000000
vn -0.88088924 0.46837710 -0.06824242
vn -0.87472380 -0.46509890 0.13616665
vn -0.87472380 0.46509890 -0.13616665
vn -0.87472380 0.46509890 0.13616665
vn -0.86447996 -0.45965213 -0.20345601
vn -0.86447996 -0.45965213 0.20345601
vn -0.12439442 0.05538397 0.99068594
vn -0.85020550 0.45206228 -0.26979676
vn -0.85020550 0.45206228 0.26979676
vn -0.83196700 -0.44236472 0.33487960
vn -0.80984950 -0.43060464 -0.39840108
vn -0.80984950 0.43060464 -0.39840108
vn -0.80984950 0.43060464 0.39840108
vn -0.06234255 -0.02775669 0.99766874
vn -0.78395610 -0.41683686 -0.46006504
vn -0.78395610 -0.41683686 0.46006504
vn -0.78395610 0.41683686 -0.46006504
vn -0.78395610 0.41683686 0.46006504
vn -0.75440760 0.40112560 -0.51958394
vn -0.00000000 -0.00000000 -1.00000000
vn 0.00000000 0.00000000 -1.00000000
vn 0.00000000 0.00000000 1.00000000
vn -0.00000000 0.00000000 -1.00000000
vn 0.00000000 0.00000000 -1.00000000
vn 0.00000000 0.00000000 1.00000000
vn -0.72134160 -0.38354415 0.57668030
vn -0.72134160 0.38354415 0.57668030
vn -0.68491244 -0.36417440 -0.63108796
vn -0.68491244 -0.36417440 -0.63108796
vn -0.68491244 0.36417440 -0.63108796
vn -0.68491244 0.36417440 -0.63108796
vn -0.68491244 0.36417440 0.63108796
vn -0.68491244 0.36417440 0.63108796
vn -0.64528984 -0.34310672 -0.68255320
vn -0.64528984 -0.34310672 0.68255320
vn -0.64528984 -0.34310672 0.68255320
vn -0.60265860 0.32043928 -0.73083600
vn -0.60265860 0.32043928 0.73083600
vn -0.55721760 -0.29627785 0.77571130
vn -0.50917850 -0.27073503 -0.81696990
vn -0.50917850 0.27073503 -0.81696990
vn -0.45876540 -0.24392990 0.85441940
vn -0.45876540 0.24392990 -0.85441940
vn -0.45876540 0.24392990 0.85441940
vn -0.40621330 -0.21598746 -0.88788520
vn -0.35176727 -0.18703799 0.91721130
vn -0.35176727 0.18703799 -0.91721130
vn -0.35176727 0.18703799 0.91721130
vn -0.29568115 0.15721646 0.94226090
vn -0.23821642 -0.12666191 -0.96291727
vn -0.23821642 -0.12666191 0.96291727
vn -0.17964100 -0.09551682 -0.97908410
vn -0.17964100 0.09551682 -0.97908410
vn -0.17964100 0.09551682 0.97908410
vn -0.12022801 -0.06392637 0.99068594
vn -0.84804810 -0.52991927 0.00000000
vn -0.84804810 -0.52991927 0.00000000
vn -0.84804810 0.52991927 0.00000000
vn -0.84804810 0.52991927 0.00000000
vn -0.84607110 0.52868390 -0.06824242
vn -0.84014934 -0.52498360 -0.13616665
vn -0.84014934 0.52498360 -0.13616665
vn -0.84014934 0.52498360 0.13616665
vn -0.00000000 -0.00000000 -1.00000000
vn 0.00000000 0.00000000 -1.00000000
vn 0.00000000 0.00000000 1.00000000
vn -0.00000000 0.00000000 -1.00000000
vn 0.00000000 0.00000000 -1.00000000
vn 0.00000000 0.00000000 1.00000000
vn -0.83031040 -0.51883554 0.20345601
vn -0.83031040 0.51883554 -0.20345601
vn -0.83031040 0.51883554 0.20345601
vn -0.81660014 -0.51026845 -0.26979676
vn -0.81660014 -0.51026845 0.26979676
vn -0.79908260 -0.49932220 -0.33487960
vn -0.79908260 0.49932220 -0.33487960
vn -0.79908260 0.49932220 0.33487960
vn -0.75296940 -0.47050747 -0.46006504
vn -0.75296940 -0.47050747 0.46006504
vn -0.75296940 0.47050747 -0.46006504
vn -0.75296940 0.47050747 0.46006504
vn -0.69282980 -0.43292810 0.57668030
vn -0.69282980 0.43292810 -0.57668030
vn -0.69282980 0.43292810 -0.57668030
vn -0.69282980 0.43292810 0.57668030
vn -0.65784050 -0.41106436 -0.63108796
vn -0.65784050 -0.41106436 -0.63108796
vn -0.65784050 -0.41106436 0.63108796
vn -0.65784050 -0.41106436 0.63108796
vn -0.61978406 0.38728407 -0.68255320
vn -0.61978406 0.38728407 0.68255320
vn -0.61978406 0.38728407 0.68255320
vn -0.57883790 -0.36169806 -0.73083600
vn -0.53519290 -0.33442566 0.77571130
vn -0.53519290 0.33442566 -0.77571130
vn -0.53519290 0.33442566 0.77571130
vn -0.48905265 -0.30559400 -0.81696990
vn -0.48905265 0.30559400 0.81696990
vn -0.44063220 -0.27533755 0.85441940
vn -0.44063220 0.27533755 -0.85441940
vn -0.39015728 -0.24379733 -0.88788520
vn -0.39015728 0.24379733 -0.88788520
vn -0.39015728 0.24379733 0.88788520
vn -0.33786330 -0.21112041 0.91721130
vn -0.28399402 -0.17745915 -0.94226090
vn -0.28399402 0.17745915 -0.94226090
vn -0.28399402 0.17745915 0.94226090
vn -0.22880064 -0.14297050 -0.96291727
vn -0.22880064 0.14297050 0.96291727
vn -0.17254049 -0.10781526 0.97908410
vn -0.17254049 0.10781526 -0.97908410
vn -0.11547587 -0.07215733 -0.99068594
vn -0.05787285 0.03616297 0.99766874
vn -0.00000000 -0.00000000 -1.00000000
vn 0.00000000 0.00000000 -1.00000000
vn 0.00000000 0.00000000 1.00000000
vn -0.00000000 0.00000000 -1.00000000
vn 0.00000000 0.00000000 -1.00000000
vn 0.00000000 0.00000000 1.00000000
vn -0.80901700 -0.58778524 0.00000000
vn -0.80901700 -0.58778524 0.00000000
vn -0.80901700 0.58778524 0.00000000
vn -0.80901700 0.58778524 0.00000000
vn -0.80713100 0.58641500 0.06824242
vn -0.79209566 -0.57549120 -0.20345601
vn -0.79209566 -0.57549120 0.20345601
vn -0.79209566 0.57549120 0.20345601
vn -0.77901644 -0.56598860 0.26979676
vn -0.77901644 0.56598860 -0.26979676
vn -0.77901644 0.56598860 0.26979676
vn -0.76230510 0.55384710 -0.33487960
vn -0.76230510 0.55384710 0.33487960
vn -0.74203950 -0.53912330 -0.39840108
vn -0.74203950 -0.53912330 0.39840108
vn -0.74203950 0.53912330 -0.39840108
vn -0.71831423 0.52188580 -0.46006504
vn -0.71831423 0.52188580 -0.46006504
vn -0.69123983 -0.50221515 -0.51958394
vn -0.69123983 0.50221515 -0.51958394
vn -0.69123983 0.50221515 -0.51958394
vn -0.69123983 0.50221515 0.51958394
vn -0.66094255 -0.48020285 -0.57668030
vn -0.66094255 -0.48020285 -0.57668030
vn -0.66094255 -0.48020285 0.57668030
vn -0.62756360 -0.45595166 0.63108796
vn -0.62756360 -0.45595166 0.63108796
vn -0.62756360 0.45595166 -0.63108796
vn -0.62756360 0.45595166 0.63108796
vn -0.59125870 0.42957460 0.68255320
vn -0.59125870 0.42957460 0.68255320
vn -0.55219710 -0.40119466 -0.73083600
vn -0.55219710 -0.40119466 0.73083600
vn -0.51056087 0.37094417 -0.77571130
vn -0.46654418 -0.33896420 0.81696990
vn -0.46654418 0.33896420 0.81696990
vn -0.42035225 -0.30540377 -0.85441940
vn -0.42035225 0.30540377 -0.85441940
vn -0.42035225 0.30540377 0.85441940
vn -0.37220043 -0.27041945 0.88788520
vn -0.37220043 0.27041945 -0.88788520
vn -0.32231325 -0.23417428 -0.91721130
vn -0.32231325 0.23417428 0.91721130
vn -0.27092330 -0.19683729 -0.94226090
vn -0.27092330 0.19683729 0.94226090
vn -0.21827017 -0.15858257 0.96291727
vn -0.21827017 0.15858257 -0.96291727
vn -0.16459937 -0.11958844 0.97908410
vn -0.16459937 0.11958844 0.97908410
vn -0.11016113 -0.08003674 -0.99068594
vn -0.11016113 0.08003674 -0.99068594
vn -0.11016113 0.08003674 0.99068594
vn -0.05520927 -0.04011188 0.99766874
vn -0.00000000 -0.00000000 -1.00000000
vn 0.00000000 0.00000000 -1.00000000
vn 0.00000000 0.00000000 1.00000000
vn -0.00000000 0.00000000 -1.00000000
vn 0.00000000 0.00000000 -1.00000000
vn 0.00000000 0.00000000 1.00000000
vn -0.76604444 -0.64278764 0.00000000
vn -0.76604444 -0.64278764 0.00000000
vn -0.76604444 0.64278764 0.00000000
vn -0.76604444 0.64278764 0.00000000
vn -0.76425860 0.64128910 -0.06824242
vn -0.75890946 -0.63680065 -0.13616665
vn -0.75890946 -0.63680065 0.13616665
vn -0.75890946 0.63680065 0.13616665
vn -0.75002193 0.62934310 0.20345601
vn -0.73763746 -0.61895130 0.26979676
vn -0.73763746 0.61895130 -0.26979676
vn -0.73763746 0.61895130 0.26979676
vn -0.72181374 -0.60567370 -0.33487960
vn -0.72181374 -0.60567370 0.33487960
vn -0.70262460 -0.58957210 -0.39840108
vn -0.70262460 0.58957210 -0.39840108
vn -0.70262460 0.58957210 -0.39840108
vn -0.70262460 0.58957210 0.39840108
vn -0.68015950 -0.57072160 0.46006504
vn -0.68015950 0.57072160 0.46006504
vn -0.65452325 -0.54921020 -0.51958394
vn -0.65452325 -0.54921020 -0.51958394
vn -0.65452325 0.54921020 0.51958394
vn -0.62583524 -0.52513814 0.57668030
vn -0.62583524 -0.52513814 0.57668030
vn -0.62583524 0.52513814 -0.57668030
vn -0.59422934 -0.49861762 -0.63108796
vn -0.59422934 -0.49861762 -0.63108796
vn -0.59422934 0.49861762 0.63108796
vn -0.59422934 0.49861762 0.63108796
vn -0.55985284 0.46977230 -0.68255320
vn -0.52286610 -0.43873670 -0.73083600
vn -0.52286610 -0.43873670 0.73083600
vn -0.52286610 0.43873670 0.73083600
vn -0.48344140 -0.40565550 0.77571130
vn -0.48344140 0.40565550 -0.77571130
vn -0.48344140 0.40565550 0.77571130
vn -0.44176275 0.37068295 0.81696990
vn -0.39802440 -0.33398214 -0.85441940
vn -0.39802440 -0.33398214 0.85441940
vn -0.39802440 0.33398214 -0.85441940
vn -0.35243025 0.29572410 -0.88788520
vn -0.35243025 0.29572410 0.88788520
vn -0.30519295 -0.25608727 -0.91721130
vn -0.30519295 -0.25608727 0.91721130
vn -0.30519295 0.25608727 0.91721130
vn -0.25653267 -0.21525647 0.94226090
vn -0.20667632 0.17342202 -0.96291727
vn -0.20667632 0.17342202 0.96291727
vn -0.15585634 -0.13077900 -0.97908410
vn -0.10430971 -0.08752623 0.99068594
vn -0.10430971 0.08752623 0.99068594
vn -0.05227672 0.04386538 -0.99766874
vn -0.00000000 -0.00000000 -1.00000000
vn 0.00000000 0.00000000 -1.00000000
vn 0.00000000 0.00000000 1.00000000
vn -0.00000000 0.00000000 -1.00000000
vn 0.00000000 0.00000000 -1.00000000
vn 0.00000000 0.00000000 1.00000000
vn -0.71933980 -0.69465840 0.00000000
vn -0.71933980 -0.69465840 0.00000000
vn -0.71933980 -0.69465840 0.00000000
vn -0.71933980 -0.69465840 0.00000000
vn -0.71933980 0.69465840 0.00000000
vn -0.71933980 0.69465840 0.00000000
vn -0.71766290 -0.69303894 -0.06824242
vn -0.71766290 -0.69303894 -0.06824242
vn -0.71766290 0.69303894 -0.06824242
vn -0.71766290 0.69303894 0.06824242
vn -0.71263980 -0.68818830 0.13616665
vn -0.71263980 -0.68818830 0.13616665
vn -0.70429415 0.68012893 -0.20345601
vn -0.70429415 0.68012893 0.20345601
vn -0.69266474 -0.66889860 -0.26979676
vn -0.69266474 -0.66889860 -0.26979676
vn -0.69266474 -0.66889860 0.26979676
vn -0.69266474 -0.66889860 0.26979676
vn -0.69266474 0.66889860 0.26979676
vn -0.67780580 -0.65454940 -0.33487960
vn -0.67780580 -0.65454940 -0.33487960
vn -0.67780580 0.65454940 -0.33487960
vn -0.65978660 -0.63714850 0.39840108
vn -0.65978660 -0.63714850 0.39840108
vn -0.65978660 0.63714850 -0.39840108
vn -0.65978660 0.63714850 -0.39840108
vn -0.63869120 0.61677690 0.46006504
vn -0.61461790 -0.59352960 -0.51958394
vn -0.61461790 -0.59352960 -0.51958394
vn -0.61461790 -0.59352960 -0.51958394
vn -0.61461790 -0.59352960 0.51958394
vn -0.61461790 -0.59352960 0.51958394
vn -0.61461790 -0.59352960 0.51958394
vn -0.61461790 0.59352960 -0.51958394
vn -0.61461790 0.59352960 -0.51958394
vn -0.55800000 -0.53885436 -0.63108796
vn -0.55800000 -0.53885436 -0.63108796
vn -0.55800000 0.53885436 0.63108796
vn -0.55800000 0.53885436 0.63108796
vn -0.52571940 -0.50768130 0.68255320
vn -0.52571940 0.50768130 -0.68255320
vn -0.52571940 0.50768130 0.68255320
vn -0.49098763 0.47414124 0.73083600
vn -0.45396668 -0.43839052 -0.77571130
vn -0.45396668 -0.43839052 0.77571130
vn -0.45396668 0.43839052 -0.77571130
vn -0.41482910 -0.40059580 -0.81696990
vn -0.41482910 0.40059580 -0.81696990
vn -0.33094308 -0.31958804 0.88788520
vn -0.33094308 0.31958804 -0.88788520
vn -0.33094308 0.31958804 0.88788520
vn -0.28658575 -0.27675265 -0.91721130
vn -0.24089223 -0.23262693 -0.94226090
vn -0.24089223 -0.23262693 0.94226090
vn -0.24089223 0.23262693 -0.94226090
vn -0.19407555 0.18741658 -0.96291727
vn -0.14635400 -0.14133242 -0.97908410
vn -0.14635400 0.14133242 0.97908410
vn -0.09795009 -0.09458930 0.99068594
vn -0.09795009 0.09458930 -0.99068594
vn -0.00000000 -0.00000000 -1.00000000
vn 0.00000000 0.00000000 -1.00000000
vn 0.00000000 0.00000000 1.00000000
vn -0.00000000 0.00000000 -1.00000000
vn 0.00000000 0.00000000 -1.00000000
vn 0.00000000 0.00000000 1.00000000
vn -0.66913060 -0.74314480 0.00000000
vn -0.66913060 -0.74314480 0.00000000
vn -0.66913060 0.74314480 0.00000000
vn -0.66913060 0.74314480 0.00000000
vn -0.66289830 -0.73622316 -0.13616665
vn -0.65513515 -0.72760130 0.20345601
vn -0.65513515 0.72760130 -0.20345601
vn -0.65513515 0.72760130 0.20345601
vn -0.64431745 0.71558700 -0.26979676
vn -0.64431745 0.71558700 -0.26979676
vn -0.64431745 0.71558700 0.26979676
vn -0.63049560 -0.70023630 -0.33487960
vn -0.63049560 -0.70023630 0.33487960
vn -0.61373410 0.68162084 0.39840108
vn -0.59411120 -0.65982730 -0.46006504
vn -0.59411120 -0.65982730 0.46006504
vn -0.57171816 -0.63495740 0.51958394
vn -0.57171816 -0.63495740 0.51958394
vn -0.57171816 0.63495740 -0.51958394
vn -0.57171816 0.63495740 -0.51958394
vn -0.57171816 0.63495740 -0.51958394
vn -0.57171816 0.63495740 0.51958394
vn -0.54665960 -0.60712695 -0.57668030
vn -0.54665960 -0.60712695 -0.57668030
vn -0.54665960 0.60712695 -0.57668030
vn -0.51905215 0.57646585 -0.63108796
vn -0.51905215 0.57646585 0.63108796
vn -0.51905215 0.57646585 0.63108796
vn -0.48902470 -0.54311700 -0.68255320
vn -0.48902470 -0.54311700 0.68255320
vn -0.48902470 -0.54311700 0.68255320
vn -0.48902470 0.54311700 0.68255320
vn -0.45671720 0.50723580 -0.73083600
vn -0.45671720 0.50723580 0.73083600
vn -0.42228025 -0.46898973 0.77571130
vn -0.42228025 0.46898973 0.77571130
vn -0.38587445 -0.42855700 -0.81696990
vn -0.34766950 0.38612613 -0.85441940
vn -0.34766950 0.38612613 0.85441940
vn -0.30784360 -0.34189495 -0.88788520
vn -0.30784360 -0.34189495 0.88788520
vn -0.26658237 0.29606970 -0.91721130
vn -0.26658237 0.29606970 0.91721130
vn -0.22407820 -0.24886405 -0.94226090
vn -0.22407820 -0.24886405 0.94226090
vn -0.22407820 0.24886405 -0.94226090
vn -0.18052928 0.20049807 0.96291727
vn -0.13613865 -0.15119728 -0.97908410
vn -0.13613865 0.15119728 -0.97908410
vn -0.13613865 0.15119728 0.97908410
vn -0.09111327 -0.10119154 0.99068594
vn -0.04566309 0.05071400 -0.99766874
vn -0.04566309 0.05071400 0.99766874
vn -0.00000000 -0.00000000 -1.00000000
vn 0.00000000 0.00000000 -1.00000000
vn 0.00000000 0.00000000 1.00000000
vn -0.00000000 0.00000000 -1.00000000
vn 0.00000000 0.00000000 -1.00000000
vn 0.00000000 0.00000000 1.00000000
vn -0.61566150 -0.78801080 0.00000000
vn -0.61566150 -0.78801080 0.00000000
vn -0.61566150 0.78801080 0.00000000
vn -0.61566150 0.78801080 0.00000000
vn -0.61566150 0.78801080 0.00000000
vn -0.61566150 0.78801080 0.00000000
vn -0.61422620 -0.78617370 -0.06824242
vn -0.61422620 0.78617370 -0.06824242
vn -0.61422620 0.78617370 -0.06824242
vn -0.60992720 -0.78067120 0.13616665
vn -0.60992720 0.78067120 -0.13616665
vn -0.60992720 0.78067120 -0.13616665
vn -0.60992720 0.78067120 0.13616665
vn -0.60992720 0.78067120 0.13616665
vn -0.60278434 0.77152880 -0.20345601
vn -0.60278434 0.77152880 -0.20345601
vn -0.59283110 -0.75878920 -0.26979676
vn -0.59283110 0.75878920 -0.26979676
vn -0.59283110 0.75878920 -0.26979676
vn -0.58011377 -0.74251175 0.33487960
vn -0.58011377 0.74251175 0.33487960
vn -0.58011377 0.74251175 0.33487960
vn -0.56469166 -0.72277236 -0.39840108
vn -0.56469166 -0.72277236 0.39840108
vn -0.56469166 0.72277236 -0.39840108
vn -0.54663670 0.69966310 0.46006504
vn -0.54663670 0.69966310 0.46006504
vn -0.52603310 -0.67329170 -0.51958394
vn -0.52603310 -0.67329170 0.51958394
vn -0.52603310 0.67329170 -0.51958394
vn -0.52603310 0.67329170 -0.51958394
vn -0.52603310 0.67329170 0.51958394
vn -0.52603310 0.67329170 0.51958394
vn -0.50297690 0.64378107 0.57668030
vn -0.50297690 0.64378107 0.57668030
vn -0.50297690 0.64378107 0.57668030
vn -0.47757557 -0.61126880 0.63108796
vn -0.47757557 -0.61126880 0.63108796
vn -0.47757557 0.61126880 -0.63108796
vn -0.47757557 0.61126880 -0.63108796
vn -0.47757557 0.61126880 0.63108796
vn -0.44994754 -0.57590660 -0.68255320
vn -0.44994754 -0.57590660 -0.68255320
vn -0.42022170 0.53785920 0.73083600
vn -0.38853654 -0.49730408 -0.77571130
vn -0.38853654 -0.49730408 0.77571130
vn -0.38853654 0.49730408 0.77571130
vn -0.35503986 0.45443028 -0.81696990
vn -0.35503986 0.45443028 0.81696990
vn -0.31988782 -0.40943775 -0.85441940
vn -0.31988782 -0.40943775 0.85441940
vn -0.31988782 0.40943775 -0.85441940
vn -0.31988782 0.40943775 0.85441940
vn -0.28324430 0.36253620 -0.88788520
vn -0.24528020 -0.31394434 0.91721130
vn -0.24528020 0.31394434 -0.91721130
vn -0.20617248 -0.26388875 -0.94226090
vn -0.16610348 -0.21260276 0.96291727
vn -0.16610348 0.21260276 0.96291727
vn -0.12526003 -0.16032553 -0.97908410
vn -0.12526003 0.16032553 -0.97908410
vn -0.08383256 0.10730078 0.99068594
vn -0.04201423 -0.05377575 -0.99766874
vn -0.04201423 -0.05377575 0.99766874
vn -0.00000000 -0.00000000 -1.00000000
vn 0.00000000 0.00000000 -1.00000000
vn 0.00000000 0.00000000 1.00000000
vn -0.00000000 0.00000000 -1.00000000
vn 0.00000000 0.00000000 -1.00000000
vn 0.00000000 0.00000000 1.00000000
vn -0.55919290 -0.82903755 0.00000000
vn -0.55919290 -0.82903755 0.00000000
vn -0.55919290 0.82903755 0.00000000
vn -0.55919290 0.82903755 0.00000000
vn -0.55788930 -0.82710487 -0.06824242
vn -0.55788930 -0.82710487 0.06824242
vn -0.55788930 0.82710487 -0.06824242
vn -0.55788930 0.82710487 0.06824242
vn -0.55398450 0.82131590 -0.13616665
vn -0.54749686 -0.81169750 -0.20345601
vn -0.54749686 -0.81169750 0.20345601
vn -0.54749686 0.81169750 0.20345601
vn -0.53845650 -0.79829460 -0.26979676
vn -0.53845650 0.79829460 -0.26979676
vn -0.53845650 0.79829460 0.26979676
vn -0.52690560 -0.78116970 0.33487960
vn -0.52690560 0.78116970 -0.33487960
vn -0.51289800 0.76040260 -0.39840108
vn -0.49649912 -0.73609020 -0.46006504
vn -0.49649912 -0.73609020 0.46006504
vn -0.49649912 0.73609020 -0.46006504
vn -0.49649912 0.73609020 0.46006504
vn -0.47778526 -0.70834580 0.51958394
vn -0.47778526 0.70834580 -0.51958394
vn -0.45684376 0.67729870 0.57668030
vn -0.45684376 0.67729870 0.57668030
vn -0.43377224 -0.64309380 -0.63108796
vn -0.43377224 -0.64309380 -0.63108796
vn -0.40867830 -0.60589045 0.68255320
vn -0.40867830 -0.60589045 0.68255320
vn -0.40867830 0.60589045 -0.68255320
vn -0.40867830 0.60589045 -0.68255320
vn -0.38167888 0.56586220 -0.73083600
vn -0.38167888 0.56586220 0.73083600
vn -0.35289990 -0.52319560 -0.77571130
vn -0.35289990 -0.52319560 0.77571130
vn -0.35289990 0.52319560 -0.77571130
vn -0.35289990 0.52319560 0.77571130
vn -0.32247555 0.47808966 -0.81696990
vn -0.32247555 0.47808966 0.81696990
vn -0.29054767 -0.43075460 0.85441940
vn -0.25726510 -0.38141120 -0.88788520
vn -0.25726510 0.38141120 0.88788520
vn -0.22278306 -0.33028948 0.91721130
vn -0.22278306 0.33028948 -0.91721130
vn -0.22278306 0.33028948 0.91721130
vn -0.18726230 -0.27762777 0.94226090
vn -0.15086845 -0.22367166 -0.96291727
vn -0.15086845 0.22367166 -0.96291727
vn -0.11377115 -0.16867268 -0.97908410
vn -0.11377115 -0.16867268 0.97908410
vn -0.11377115 0.16867268 -0.97908410
vn -0.07614342 0.11288727 0.99068594
vn -0.00000000 -0.00000000 -1.00000000
vn 0.00000000 0.00000000 -1.00000000
vn 0.00000000 0.00000000 1.00000000
vn -0.00000000 0.00000000 -1.00000000
vn 0.00000000 0.00000000 -1.00000000
vn 0.00000000 0.00000000 1.00000000
vn -0.50000000 -0.86602540 0.00000000
vn -0.50000000 -0.86602540 0.00000000
vn -0.50000000 0.86602540 0.00000000
vn -0.50000000 0.86602540 0.00000000
vn -0.49883437 0.86400650 0.06824242
vn -0.49534297 -0.85795920 -0.13616665
vn -0.49534297 -0.85795920 0.13616665
vn -0.49534297 0.85795920 0.13616665
vn -0.48954204 0.84791170 -0.20345601
vn -0.48954204 0.84791170 0.20345601
vn -0.48145863 -0.83391080 0.26979676
vn -0.48145863 0.83391080 0.26979676
vn -0.47113046 -0.81602190 -0.33487960
vn -0.47113046 0.81602190 -0.33487960
vn -0.47113046 0.81602190 0.33487960
vn -0.45860565 -0.79432830 -0.39840108
vn -0.45860565 0.79432830 -0.39840108
vn -0.45860565 0.79432830 0.39840108
vn -0.44394260 -0.76893115 0.46006504
vn -0.44394260 0.76893115 -0.46006504
vn -0.44394260 0.76893115 0.46006504
vn -0.42720970 -0.73994890 -0.51958394
vn -0.40848494 0.70751670 -0.57668030
vn -0.40848494 0.70751670 0.57668030
vn -0.38785565 -0.67178570 0.63108796
vn -0.38785565 -0.67178570 0.63108796
vn -0.38785565 0.67178570 -0.63108796
vn -0.38785565 0.67178570 -0.63108796
vn -0.38785565 0.67178570 0.63108796
vn -0.38785565 0.67178570 0.63108796
vn -0.36541800 -0.63292253 -0.68255320
vn -0.36541800 -0.63292253 -0.68255320
vn -0.36541800 0.63292253 0.68255320
vn -0.34127660 -0.59110840 0.73083600
vn -0.34127660 0.59110840 0.73083600
vn -0.31554398 -0.54653820 -0.77571130
vn -0.31554398 -0.54653820 0.77571130
vn -0.31554398 0.54653820 -0.77571130
vn -0.31554398 0.54653820 0.77571130
vn -0.28834015 0.49941980 0.81696990
vn -0.25979197 -0.44997290 0.85441940
vn -0.25979197 0.44997290 0.85441940
vn -0.23003252 -0.39842802 -0.88788520
vn -0.23003252 0.39842802 -0.88788520
vn -0.19920054 -0.34502545 0.91721130
vn -0.16743980 -0.29001424 -0.94226090
vn -0.16743980 0.29001424 -0.94226090
vn -0.13489838 -0.23365086 0.96291727
vn -0.13489838 0.23365086 -0.96291727
vn -0.10172801 0.17619808 0.97908410
vn -0.06808332 -0.11792377 -0.99068594
vn -0.06808332 -0.11792377 0.99068594
vn -0.06808332 0.11792377 0.99068594
vn -0.03412121 0.05909966 -0.99766874
vn -0.00000000 -0.00000000 -1.00000000
vn 0.00000000 0.00000000 -1.00000000
vn 0.00000000 0.00000000 1.00000000
vn -0.00000000 0.00000000 -1.00000000
vn 0.00000000 0.00000000 -1.00000000
vn 0.00000000 0.00000000 1.00000000
vn -0.43837115 -0.89879405 0.00000000
vn -0.43837115 -0.89879405 0.00000000
vn -0.43837115 0.89879405 0.00000000
vn -0.43837115 0.89879405 0.00000000
vn -0.43734920 -0.89669880 -0.06824242
vn -0.43734920 0.89669880 -0.06824242
vn -0.43734920 0.89669880 0.06824242
vn -0.43428814 -0.89042264 0.13616665
vn -0.43428814 0.89042264 -0.13616665
vn -0.43428814 0.89042264 0.13616665
vn -0.42920223 -0.87999490 -0.20345601
vn -0.42920223 0.87999490 0.20345601
vn -0.42211515 0.86546430 0.26979676
vn -0.41306000 -0.84689850 0.33487960
vn -0.41306000 0.84689850 -0.33487960
vn -0.41306000 0.84689850 0.33487960
vn -0.40207896 -0.82438403 -0.39840108
vn -0.40207896 0.82438403 0.39840108
vn -0.38922325 -0.79802597 -0.46006504
vn -0.38922325 -0.79802597 0.46006504
vn -0.38922325 0.79802597 -0.46006504
vn -0.38922325 0.79802597 0.46006504
vn -0.37455282 0.76794710 -0.51958394
vn -0.35813603 -0.73428770 -0.57668030
vn -0.35813603 -0.73428770 -0.57668030
vn -0.35813603 0.73428770 0.57668030
vn -0.34004945 -0.69720470 0.63108796
vn -0.34004945 -0.69720470 0.63108796
vn -0.34004945 0.69720470 -0.63108796
vn -0.34004945 0.69720470 -0.63108796
vn -0.34004945 0.69720470 0.63108796
vn -0.34004945 0.69720470 0.63108796
vn -0.32037740 0.65687100 -0.68255320
vn -0.29921160 -0.61347470 -0.73083600
vn -0.29921160 -0.61347470 0.73083600
vn -0.29921160 0.61347470 -0.73083600
vn -0.29921160 0.61347470 0.73083600
vn -0.27665076 -0.56721807 -0.77571130
vn -0.27665076 0.56721807 -0.77571130
vn -0.27665076 0.56721807 0.77571130
vn -0.25280002 0.51831686 0.81696990
vn -0.22777061 -0.46699896 0.85441940
vn -0.22777061 0.46699896 -0.85441940
vn -0.22777061 0.46699896 0.85441940
vn -0.20167924 -0.41350370 -0.88788520
vn -0.20167924 0.41350370 0.88788520
vn -0.17464754 -0.35808054 -0.91721130
vn -0.17464754 -0.35808054 0.91721130
vn -0.14680156 0.30098780 -0.94226090
vn -0.14680156 0.30098780 0.94226090
vn -0.11827112 -0.24249174 0.96291727
vn -0.08918925 -0.18286505 -0.97908410
vn -0.08918925 0.18286505 0.97908410
vn -0.05969153 -0.12238577 0.99068594
vn -0.05969153 0.12238577 -0.99068594
vn -0.00000000 -0.00000000 -1.00000000
vn 0.00000000 0.00000000 -1.00000000
vn 0.00000000 0.00000000 1.00000000
vn -0.00000000 0.00000000 -1.00000000
vn 0.00000000 0.00000000 -1.00000000
vn 0.00000000 0.00000000 1.00000000
vn -0.37460658 -0.92718387 0.00000000
vn -0.37460658 -0.92718387 0.00000000
vn -0.37460658 0.92718387 0.00000000
vn -0.37460658 0.92718387 0.00000000
vn -0.37373330 0.92502236 0.06824242
vn -0.37111747 0.91854800 -0.13616665
vn -0.36677134 -0.90779096 -0.20345601
vn -0.36677134 -0.90779096 0.20345601
vn -0.36677134 0.90779096 -0.20345601
vn -0.36071515 -0.89280134 0.26979676
vn -0.36071515 0.89280134 -0.26979676
vn -0.36071515 0.89280134 0.26979676
vn -0.35297716 -0.87364910 -0.33487960
vn -0.35297716 0.87364910 0.33487960
vn -0.34359340 0.85042350 -0.39840108
vn -0.34359340 0.85042350 0.39840108
vn -0.33260766 -0.82323280 -0.46006504
vn -0.33260766 -0.82323280 0.46006504
vn -0.33260766 0.82323280 -0.46006504
vn -0.33260766 0.82323280 0.46006504
vn -0.32007113 -0.79220390 0.51958394
vn -0.32007113 0.79220390 -0.51958394
vn -0.32007113 0.79220390 0.51958394
vn -0.30604230 0.75748130 -0.57668030
vn -0.30604230 0.75748130 0.57668030
vn -0.30604230 0.75748130 0.57668030
vn -0.29058656 -0.71922696 -0.63108796
vn -0.29058656 -0.71922696 -0.63108796
vn -0.29058656 -0.71922696 0.63108796
vn -0.29058656 -0.71922696 0.63108796
vn -0.29058656 0.71922696 -0.63108796
vn -0.29058656 0.71922696 -0.63108796
vn -0.25568890 -0.63285226 -0.73083600
vn -0.25568890 -0.63285226 0.73083600
vn -0.25568890 0.63285226 -0.73083600
vn -0.25568890 0.63285226 0.73083600
vn -0.23640971 0.58513457 -0.77571130
vn -0.23640971 0.58513457 0.77571130
vn -0.21602826 -0.53468870 -0.81696990
vn -0.21602826 0.53468870 -0.81696990
vn -0.19463958 -0.48174986 -0.85441940
vn -0.19463958 -0.48174986 0.85441940
vn -0.19463958 0.48174986 0.85441940
vn -0.17234340 0.42656487 -0.88788520
vn -0.14924367 -0.36939105 -0.91721130
vn -0.12544811 -0.31049496 0.94226090
vn -0.12544811 0.31049496 0.94226090
vn -0.10106765 -0.25015122 -0.96291727
vn -0.10106765 0.25015122 -0.96291727
vn -0.07621597 -0.18864113 0.97908410
vn -0.07621597 0.18864113 0.97908410
vn -0.05100892 -0.12625152 -0.99068594
vn -0.02556406 0.06327327 -0.99766874
vn -0.02556406 0.06327327 0.99766874
vn -0.00000000 -0.00000000 -1.00000000
vn 0.00000000 0.00000000 -1.00000000
vn 0.00000000 0.00000000 1.00000000
vn -0.00000000 0.00000000 -1.00000000
vn 0.00000000 0.00000000 -1.00000000
vn 0.00000000 0.00000000 1.00000000
vn 0.00000000 0.00000000 1.00000000
vn 0.70710677 0.00000000 0.70710677
vn 0.00000000 0.00000000 -1.00000000
vn 0.70710677 0.00000000 -0.70710677
vn 0.00000000 0.00000000 -1.00000000
vn 0.70538430 0.04932528 -0.70710677
vn 0.00000000 0.00000000 1.00000000
vn 0.70538430 0.04932528 0.70710677
vn 0.00000000 0.00000000 -1.00000000
vn 0.70538430 -0.04932528 -0.70710677
vn 0.00000000 0.00000000 1.00000000
vn 0.70538430 -0.04932528 0.70710677
vn 0.00000000 0.00000000 -1.00000000
vn 0.70022530 0.09841024 -0.70710677
vn 0.00000000 0.00000000 1.00000000
vn 0.70022530 0.09841024 0.70710677
vn 0.00000000 0.00000000 -1.00000000
vn 0.70022530 -0.09841024 -0.70710677
vn 0.00000000 0.00000000 1.00000000
vn 0.70022530 -0.09841024 0.70710677
vn 0.00000000 0.00000000 -1.00000000
vn 0.69165480 0.14701577 -0.70710677
vn 0.00000000 0.00000000 1.00000000
vn 0.69165480 0.14701577 0.70710677
vn 0.00000000 0.00000000 -1.00000000
vn 0.69165480 -0.14701577 -0.70710677
vn 0.00000000 0.00000000 1.00000000
vn 0.69165480 -0.14701577 0.70710677
vn 0.00000000 0.00000000 -1.00000000
vn 0.67971470 0.19490504 -0.70710677
vn 0.00000000 0.00000000 1.00000000
vn 0.67971470 0.19490504 0.70710677
vn 0.00000000 0.00000000 -1.00000000
vn 0.67971470 -0.19490504 -0.70710677
vn 0.00000000 0.00000000 1.00000000
vn 0.67971470 -0.19490504 0.70710677
vn 0.00000000 0.00000000 -1.00000000
vn 0.66446304 0.24184476 -0.70710677
vn 0.00000000 0.00000000 1.00000000
vn 0.66446304 0.24184476 0.70710677
vn 0.00000000 0.00000000 -1.00000000
vn 0.66446304 -0.24184476 -0.70710677
vn 0.00000000 0.00000000 1.00000000
vn 0.66446304 -0.24184476 0.70710677
vn 0.00000000 0.00000000 -1.00000000
vn 0.64597416 0.28760624 -0.70710677
vn 0.00000000 0.00000000 1.00000000
vn 0.64597416 0.28760624 0.70710677
vn 0.00000000 0.00000000 -1.00000000
vn 0.64597416 -0.28760624 -0.70710677
vn 0.00000000 0.00000000 1.00000000
vn 0.64597416 -0.28760624 0.70710677
vn -0.30901700 -0.95105654 0.00000000
vn -0.30901700 -0.95105654 0.00000000
vn -0.30901700 0.95105654 0.00000000
vn -0.30901700 0.95105654 0.00000000
vn -0.30829660 -0.94883937 -0.06824242
vn -0.30829660 0.94883937 -0.06824242
vn -0.30829660 0.94883937 0.06824242
vn -0.30613878 -0.94219834 0.13616665
vn -0.30613878 0.94219834 0.13616665
vn -0.30255362 -0.93116430 0.20345601
vn -0.30255362 0.93116430 -0.20345601
vn -0.30255362 0.93116430 0.20345601
vn -0.29755780 -0.91578877 -0.26979676
vn -0.29755780 0.91578877 -0.26979676
vn -0.29117465 0.89614340 -0.33487960
vn -0.29117465 0.89614340 0.33487960
vn -0.28343388 -0.87231976 -0.39840108
vn -0.28343388 -0.87231976 0.39840108
vn -0.28343388 0.87231976 -0.39840108
vn -0.28343388 0.87231976 0.39840108
vn -0.27437162 0.84442900 -0.46006504
vn -0.27437162 0.84442900 0.46006504
vn -0.26403013 -0.81260115 -0.51958394
vn -0.26403013 -0.81260115 0.51958394
vn -0.26403013 0.81260115 -0.51958394
vn -0.26403013 0.81260115 0.51958394
vn -0.25245760 -0.77698450 -0.57668030
vn -0.25245760 -0.77698450 0.57668030
vn -0.25245760 0.77698450 -0.57668030
vn -0.23970798 0.73774530 0.63108796
vn -0.22584073 -0.69506633 0.68255320
vn -0.22584073 -0.69506633 0.68255320
vn -0.22584073 0.69506633 -0.68255320
vn -0.22584073 0.69506633 -0.68255320
vn -0.22584073 0.69506633 0.68255320
vn -0.22584073 0.69506633 0.68255320
vn -0.21092053 -0.64914660 -0.73083600
vn -0.21092053 -0.64914660 -0.73083600
vn -0.21092053 0.64914660 -0.73083600
vn -0.21092053 0.64914660 0.73083600
vn -0.19501690 0.60020030 0.77571130
vn -0.17820401 -0.54845560 -0.81696990
vn -0.17820401 -0.54845560 0.81696990
vn -0.17820401 0.54845560 0.81696990
vn -0.16056027 0.49415370 -0.85441940
vn -0.14216791 0.43754786 -0.88788520
vn -0.14216791 0.43754786 0.88788520
vn -0.12311271 -0.37890196 -0.91721130
vn -0.12311271 -0.37890196 0.91721130
vn -0.12311271 0.37890196 -0.91721130
vn 0.00000000 0.00000000 -1.00000000
vn 0.62433820 0.33196652 -0.70710677
vn 0.00000000 0.00000000 1.00000000
vn 0.62433820 0.33196652 0.70710677
vn 0.00000000 0.00000000 -1.00000000
vn 0.62433820 -0.33196652 -0.70710677
vn 0.00000000 0.00000000 1.00000000
vn 0.62433820 -0.33196652 0.70710677
vn 0.70710677 0.00000000 0.70710677
vn 1.00000000 0.00000000 0.00000000
vn 0.70710677 0.00000000 -0.70710677
vn 1.00000000 0.00000000 0.00000000
vn -0.08337179 -0.25659198 -0.96291727
vn -0.08337179 -0.25659198 0.96291727
vn -0.08337179 0.25659198 -0.96291727
vn -0.08337179 0.25659198 0.96291727
vn 0.70538430 0.04932528 -0.70710677
vn 0.99756410 0.06975647 0.00000000
vn 0.70538430 0.04932528 0.70710677
vn 0.99756410 0.06975647 0.00000000
vn 0.70538430 -0.04932528 -0.70710677
vn 0.99756410 -0.06975647 0.00000000
vn 0.70538430 -0.04932528 0.70710677
vn 0.99756410 -0.06975647 0.00000000
vn -0.06287137 0.19349816 -0.97908410
vn -0.04207781 -0.12950218 -0.99068594
vn -0.04207781 -0.12950218 0.99068594
vn -0.04207781 0.12950218 0.99068594
vn 0.70022530 0.09841024 -0.70710677
vn 0.99026805 0.13917310 0.00000000
vn 0.70022530 0.09841024 0.70710677
vn 0.99026805 0.13917310 0.00000000
vn 0.70022530 -0.09841024 -0.70710677
vn 0.99026805 -0.13917310 0.00000000
vn 0.70022530 -0.09841024 0.70710677
vn 0.99026805 -0.13917310 0.00000000
vn -0.00000000 -0.00000000 -1.00000000
vn 0.00000000 0.00000000 -1.00000000
vn 0.00000000 0.00000000 1.00000000
vn -0.00000000 0.00000000 -1.00000000
vn 0.00000000 0.00000000 -1.00000000
vn 0.00000000 0.00000000 1.00000000
vn 0.69165480 0.14701577 -0.70710677
vn 0.97814760 0.20791169 0.00000000
vn 0.69165480 0.14701577 0.70710677
vn 0.97814760 0.20791169 0.00000000
vn 0.69165480 -0.14701577 -0.70710677
vn 0.97814760 -0.20791169 0.00000000
vn 0.69165480 -0.14701577 0.70710677
vn 0.97814760 -0.20791169 0.00000000
vn 0.67971470 0.19490504 -0.70710677
vn 0.96126170 0.27563736 0.00000000
vn 0.67971470 0.19490504 0.70710677
vn 0.96126170 0.27563736 0.00000000
vn 0.67971470 -0.19490504 -0.70710677
vn 0.96126170 -0.27563736 0.00000000
vn 0.67971470 -0.19490504 0.70710677
vn 0.96126170 -0.27563736 0.00000000
vn 0.00000000 0.00000000 -1.00000000
vn 0.59966060 0.37470952 -0.70710677
vn 0.00000000 0.00000000 1.00000000
vn 0.59966060 0.37470952 0.70710677
vn 0.00000000 0.00000000 -1.00000000
vn 0.59966060 -0.37470952 -0.70710677
vn 0.00000000 0.00000000 1.00000000
vn 0.59966060 -0.37470952 0.70710677
vn 0.66446304 0.24184476 -0.70710677
vn 0.93969260 0.34202015 0.00000000
vn 0.66446304 0.24184476 0.70710677
vn 0.93969260 0.34202015 0.00000000
vn 0.66446304 -0.24184476 -0.70710677
vn 0.93969260 -0.34202015 0.00000000
vn 0.66446304 -0.24184476 0.70710677
vn 0.93969260 -0.34202015 0.00000000
vn 0.00000000 0.00000000 -1.00000000
vn 0.57206140 0.41562694 -0.70710677
vn 0.00000000 0.00000000 1.00000000
vn 0.57206140 0.41562694 0.70710677
vn 0.00000000 0.00000000 -1.00000000
vn 0.57206140 -0.41562694 -0.70710677
vn 0.00000000 0.00000000 1.00000000
vn 0.57206140 -0.41562694 0.70710677
vn 0.64597416 0.28760624 -0.70710677
vn 0.91354540 0.40673664 0.00000000
vn 0.64597416 0.28760624 0.70710677
vn 0.91354540 0.40673664 0.00000000
vn 0.64597416 -0.28760624 -0.70710677
vn 0.91354540 -0.40673664 0.00000000
vn 0.64597416 -0.28760624 0.70710677
vn 0.91354540 -0.40673664 0.00000000
vn 0.62433820 0.33196652 -0.70710677
vn 0.88294756 0.46947157 0.00000000
vn 0.62433820 0.33196652 0.70710677
vn 0.88294756 0.46947157 0.00000000
vn 0.62433820 -0.33196652 -0.70710677
vn 0.88294756 -0.46947157 0.00000000
vn 0.62433820 -0.33196652 0.70710677
vn 0.88294756 -0.46947157 0.00000000
vn 0.00000000 0.00000000 -1.00000000
vn 0.54167520 0.45451948 -0.70710677
vn 0.00000000 0.00000000 1.00000000
vn 0.54167520 0.45451948 0.70710677
vn 0.00000000 0.00000000 -1.00000000
vn 0.54167520 -0.45451948 -0.70710677
vn 0.00000000 0.00000000 1.00000000
vn 0.54167520 -0.45451948 0.70710677
vn 0.59966060 0.37470952 -0.70710677
vn 0.84804810 0.52991927 0.00000000
vn 0.59966060 0.37470952 0.70710677
vn 0.84804810 0.52991927 0.00000000
vn 0.59966060 -0.37470952 -0.70710677
vn 0.84804810 -0.52991927 0.00000000
vn 0.59966060 -0.37470952 0.70710677
vn 0.84804810 -0.52991927 0.00000000
vn 0.00000000 0.00000000 -1.00000000
vn 0.50865006 0.49119765 -0.70710677
vn 0.00000000 0.00000000 1.00000000
vn 0.50865006 0.49119765 0.70710677
vn 0.00000000 0.00000000 -1.00000000
vn 0.50865006 -0.49119765 -0.70710677
vn 0.00000000 0.00000000 1.00000000
vn 0.50865006 -0.49119765 0.70710677
vn 0.57206140 0.41562694 -0.70710677
vn 0.80901700 0.58778524 0.00000000
vn 0.57206140 0.41562694 0.70710677
vn 0.80901700 0.58778524 0.00000000
vn 0.57206140 -0.41562694 -0.70710677
vn 0.80901700 -0.58778524 0.00000000
vn 0.57206140 -0.41562694 0.70710677
vn 0.80901700 -0.58778524 0.00000000
vn -0.24192190 -0.97029570 0.00000000
vn -0.24192190 -0.97029570 0.00000000
vn -0.24192190 0.97029570 0.00000000
vn -0.24192190 0.97029570 0.00000000
vn -0.24135792 -0.96803373 0.06824242
vn -0.24135792 0.96803373 -0.06824242
vn -0.24135792 0.96803373 0.06824242
vn -0.23966862 -0.96125835 -0.13616665
vn -0.23966862 0.96125835 -0.13616665
vn -0.23686188 -0.95000110 0.20345601
vn -0.23686188 0.95000110 -0.20345601
vn -0.23295078 -0.93431455 -0.26979676
vn -0.23295078 0.93431455 -0.26979676
vn -0.23295078 0.93431455 0.26979676
vn -0.22795355 -0.91427180 0.33487960
vn -0.22795355 0.91427180 -0.33487960
vn -0.22795355 0.91427180 0.33487960
vn -0.22189349 0.88996620 -0.39840108
vn -0.21479887 -0.86151123 -0.46006504
vn -0.21479887 -0.86151123 0.46006504
vn -0.20670277 0.82903950 0.51958394
vn -0.19764291 -0.79270240 0.57668030
vn -0.19764291 0.79270240 -0.57668030
vn -0.19764291 0.79270240 0.57668030
vn -0.18766154 -0.75266933 -0.63108796
vn -0.18766154 0.75266933 -0.63108796
vn -0.18766154 0.75266933 0.63108796
vn -0.17680523 -0.70912700 0.68255320
vn -0.17680523 -0.70912700 0.68255320
vn -0.17680523 0.70912700 -0.68255320
vn -0.17680523 0.70912700 -0.68255320
vn -0.17680523 0.70912700 0.68255320
vn -0.17680523 0.70912700 0.68255320
vn -0.16512455 -0.66227840 -0.73083600
vn -0.16512455 -0.66227840 -0.73083600
vn -0.16512455 -0.66227840 0.73083600
vn -0.16512455 0.66227840 0.73083600
vn -0.13951160 -0.55955046 -0.81696990
vn -0.13951160 -0.55955046 0.81696990
vn -0.13951160 0.55955046 -0.81696990
vn -0.12569873 0.50415010 -0.85441940
vn -0.12569873 0.50415010 0.85441940
vn -0.11129981 -0.44639915 0.88788520
vn -0.11129981 0.44639915 -0.88788520
vn -0.09638195 -0.38656688 -0.91721130
vn -0.09638195 0.38656688 -0.91721130
vn -0.09638195 0.38656688 0.91721130
vn -0.08101471 -0.32493225 0.94226090
vn -0.08101471 0.32493225 -0.94226090
vn -0.06526975 -0.26178265 -0.96291727
vn -0.06526975 -0.26178265 0.96291727
vn -0.06526975 0.26178265 -0.96291727
vn -0.06526975 0.26178265 0.96291727
vn -0.04922046 -0.19741250 -0.97908410
vn -0.03294170 -0.13212192 0.99068594
vn -0.03294170 0.13212192 -0.99068594
vn -0.03294170 0.13212192 0.99068594
vn -0.00000000 -0.00000000 -1.00000000
vn 0.00000000 0.00000000 -1.00000000
vn 0.00000000 0.00000000 1.00000000
vn -0.00000000 0.00000000 -1.00000000
vn 0.00000000 0.00000000 -1.00000000
vn 0.00000000 0.00000000 1.00000000
vn 0.54167520 0.45451948 -0.70710677
vn 0.76604444 0.64278764 0.00000000
vn 0.54167520 0.45451948 0.70710677
vn 0.76604444 0.64278764 0.00000000
vn 0.54167520 -0.45451948 -0.70710677
vn 0.76604444 -0.64278764 0.00000000
vn 0.54167520 -0.45451948 0.70710677
vn 0.76604444 -0.64278764 0.00000000
vn 0.00000000 0.00000000 -1.00000000
vn 0.47314680 0.52548280 -0.70710677
vn 0.00000000 0.00000000 1.00000000
vn 0.47314680 0.52548280 0.70710677
vn 0.00000000 0.00000000 -1.00000000
vn 0.47314680 -0.52548280 -0.70710677
vn 0.00000000 0.00000000 1.00000000
vn 0.47314680 -0.52548280 0.70710677
vn 0.50865006 0.49119765 -0.70710677
vn 0.71933980 0.69465840 0.00000000
vn 0.71933980 0.69465840 0.00000000
vn 0.50865006 0.49119765 0.70710677
vn 0.71933980 0.69465840 0.00000000
vn 0.71933980 0.69465840 0.00000000
vn 0.50865006 -0.49119765 -0.70710677
vn 0.71933980 -0.69465840 0.00000000
vn 0.71933980 -0.69465840 0.00000000
vn 0.50865006 -0.49119765 0.70710677
vn 0.71933980 -0.69465840 0.00000000
vn 0.71933980 -0.69465840 0.00000000
vn 0.00000000 0.00000000 -1.00000000
vn 0.43533840 0.55720776 -0.70710677
vn 0.00000000 0.00000000 1.00000000
vn 0.43533840 0.55720776 0.70710677
vn 0.00000000 0.00000000 -1.00000000
vn 0.43533840 -0.55720776 -0.70710677
vn 0.00000000 0.00000000 1.00000000
vn 0.43533840 -0.55720776 0.70710677
vn 0.47314680 0.52548280 -0.70710677
vn 0.66913060 0.74314480 0.00000000
vn 0.47314680 0.52548280 0.70710677
vn 0.66913060 0.74314480 0.00000000
vn 0.47314680 -0.52548280 -0.70710677
vn 0.66913060 -0.74314480 0.00000000
vn 0.47314680 -0.52548280 0.70710677
vn 0.66913060 -0.74314480 0.00000000
vn 0.00000000 0.00000000 -1.00000000
vn 0.39540910 0.58621810 -0.70710677
vn 0.00000000 0.00000000 1.00000000
vn 0.39540910 0.58621810 0.70710677
vn 0.00000000 0.00000000 -1.00000000
vn 0.39540910 -0.58621810 -0.70710677
vn 0.00000000 0.00000000 1.00000000
vn 0.39540910 -0.58621810 0.70710677
vn 0.43533840 0.55720776 -0.70710677
vn 0.61566150 0.78801080 0.00000000
vn 0.43533840 0.55720776 0.70710677
vn 0.61566150 0.78801080 0.00000000
vn 0.43533840 -0.55720776 -0.70710677
vn 0.61566150 -0.78801080 0.00000000
vn 0.43533840 -0.55720776 0.70710677
vn 0.61566150 -0.78801080 0.00000000
vn -0.17364818 -0.98480770 0.00000000
vn -0.17364818 -0.98480770 0.00000000
vn -0.17364818 0.98480770 0.00000000
vn -0.17364818 0.98480770 0.00000000
vn -0.17324336 -0.98251194 -0.06824242
vn -0.17324336 -0.98251194 0.06824242
vn -0.17324336 0.98251194 -0.06824242
vn -0.17324336 0.98251194 0.06824242
vn -0.17203080 0.97563520 -0.13616665
vn -0.17203080 0.97563520 0.13616665
vn -0.17001617 0.96420960 -0.20345601
vn -0.17001617 0.96420960 0.20345601
vn -0.16720884 -0.94828840 -0.26979676
vn -0.16720884 -0.94828840 0.26979676
vn -0.16720884 0.94828840 -0.26979676
vn -0.16720884 0.94828840 0.26979676
vn -0.16362189 0.92794585 -0.33487960
vn -0.16362189 0.92794585 0.33487960
vn -0.15927207 -0.90327680 -0.39840108
vn -0.15927207 -0.90327680 0.39840108
vn -0.15927207 0.90327680 -0.39840108
vn -0.15927207 0.90327680 0.39840108
vn -0.15417965 -0.87439626 -0.46006504
vn -0.15417965 0.87439626 -0.46006504
vn -0.14836837 -0.84143883 0.51958394
vn -0.14836837 0.84143883 -0.51958394
vn -0.14836837 0.84143883 0.51958394
vn -0.14186533 -0.80455830 -0.57668030
vn -0.14186533 0.80455830 -0.57668030
vn -0.14186533 0.80455830 0.57668030
vn -0.13470085 -0.76392650 0.63108796
vn -0.13470085 0.76392650 -0.63108796
vn -0.13470085 0.76392650 0.63108796
vn -0.12690833 -0.71973294 -0.68255320
vn -0.12690833 -0.71973294 -0.68255320
vn -0.12690833 -0.71973294 0.68255320
vn -0.12690833 -0.71973294 0.68255320
vn -0.12690833 0.71973294 -0.68255320
vn -0.12690833 0.71973294 -0.68255320
vn -0.12690833 0.71973294 0.68255320
vn -0.12690833 0.71973294 0.68255320
vn -0.11852411 0.67218363 -0.73083600
vn -0.10958727 -0.62150030 -0.77571130
vn -0.10958727 0.62150030 -0.77571130
vn -0.10013948 -0.56791925 0.81696990
vn -0.10013948 0.56791925 -0.81696990
vn -0.09022480 -0.51169030 -0.85441940
vn -0.09022480 -0.51169030 0.85441940
vn -0.09022480 0.51169030 -0.85441940
vn -0.09022480 0.51169030 0.85441940
vn 0.00000000 0.00000000 -1.00000000
vn 0.35355338 0.61237246 -0.70710677
vn 0.00000000 0.00000000 1.00000000
vn 0.35355338 0.61237246 0.70710677
vn 0.00000000 0.00000000 -1.00000000
vn 0.35355338 -0.61237246 -0.70710677
vn 0.00000000 0.00000000 1.00000000
vn 0.35355338 -0.61237246 0.70710677
vn -0.07988945 0.45307562 -0.88788520
vn -0.07988945 0.45307562 0.88788520
vn -0.06918162 0.39234847 0.91721130
vn -0.05815123 -0.32979205 -0.94226090
vn -0.05815123 -0.32979205 0.94226090
vn -0.05815123 0.32979205 0.94226090
vn -0.04684972 0.26569796 -0.96291727
vn -0.04684972 0.26569796 0.96291727
vn -0.03532977 -0.20036505 -0.97908410
vn -0.03532977 -0.20036505 0.97908410
vn 0.39540910 0.58621810 -0.70710677
vn 0.55919290 0.82903755 0.00000000
vn 0.39540910 0.58621810 0.70710677
vn 0.55919290 0.82903755 0.00000000
vn 0.39540910 -0.58621810 -0.70710677
vn 0.55919290 -0.82903755 0.00000000
vn 0.39540910 -0.58621810 0.70710677
vn 0.55919290 -0.82903755 0.00000000
vn -0.02364509 0.13409798 -0.99068594
vn -0.02364509 0.13409798 0.99068594
vn -0.00000000 -0.00000000 -1.00000000
vn 0.00000000 0.00000000 -1.00000000
vn 0.00000000 0.00000000 1.00000000
vn -0.00000000 0.00000000 -1.00000000
vn 0.00000000 0.00000000 -1.00000000
vn 0.00000000 0.00000000 1.00000000
vn 0.35355338 0.61237246 -0.70710677
vn 0.50000000 0.86602540 0.00000000
vn 0.35355338 0.61237246 0.70710677
vn 0.50000000 0.86602540 0.00000000
vn 0.35355338 -0.61237246 -0.70710677
vn 0.50000000 -0.86602540 0.00000000
vn 0.35355338 -0.61237246 0.70710677
vn 0.50000000 -0.86602540 0.00000000
vn 0.00000000 0.00000000 -1.00000000
vn 0.30997520 0.63554335 -0.70710677
vn 0.00000000 0.00000000 1.00000000
vn 0.30997520 0.63554335 0.70710677
vn 0.00000000 0.00000000 -1.00000000
vn 0.30997520 -0.63554335 -0.70710677
vn 0.00000000 0.00000000 1.00000000
vn 0.30997520 -0.63554335 0.70710677
vn 0.30997520 0.63554335 -0.70710677
vn 0.43837115 0.89879405 0.00000000
vn 0.30997520 0.63554335 0.70710677
vn 0.43837115 0.89879405 0.00000000
vn 0.30997520 -0.63554335 -0.70710677
vn 0.43837115 -0.89879405 0.00000000
vn 0.30997520 -0.63554335 0.70710677
vn 0.43837115 -0.89879405 0.00000000
vn 0.00000000 0.00000000 -1.00000000
vn 0.26488686 0.65561800 -0.70710677
vn 0.00000000 0.00000000 1.00000000
vn 0.26488686 0.65561800 0.70710677
vn 0.00000000 0.00000000 -1.00000000
vn 0.26488686 -0.65561800 -0.70710677
vn 0.00000000 0.00000000 1.00000000
vn 0.26488686 -0.65561800 0.70710677
vn 0.26488686 0.65561800 -0.70710677
vn 0.37460658 0.92718387 0.00000000
vn 0.26488686 0.65561800 0.70710677
vn 0.37460658 0.92718387 0.00000000
vn 0.26488686 -0.65561800 -0.70710677
vn 0.37460658 -0.92718387 0.00000000
vn 0.26488686 -0.65561800 0.70710677
vn 0.37460658 -0.92718387 0.00000000
vn 0.00000000 0.00000000 -1.00000000
vn 0.21850800 0.67249850 -0.70710677
vn 0.00000000 0.00000000 1.00000000
vn 0.21850800 0.67249850 0.70710677
vn 0.00000000 0.00000000 -1.00000000
vn 0.21850800 -0.67249850 -0.70710677
vn 0.00000000 0.00000000 1.00000000
vn 0.21850800 -0.67249850 0.70710677
vn -0.10452846 -0.99452190 0.00000000
vn -0.10452846 -0.99452190 0.00000000
vn -0.10452846 0.99452190 0.00000000
vn -0.10452846 0.99452190 0.00000000
vn -0.10428479 0.99220340 -0.06824242
vn -0.10355488 0.98525890 -0.13616665
vn -0.10355488 0.98525890 0.13616665
vn -0.10234216 -0.97372055 -0.20345601
vn -0.10234216 -0.97372055 0.20345601
vn -0.10234216 0.97372055 -0.20345601
vn -0.10234216 0.97372055 0.20345601
vn -0.10065226 -0.95764230 -0.26979676
vn -0.10065226 0.95764230 -0.26979676
vn -0.10065226 0.95764230 0.26979676
vn -0.09849308 0.93709910 -0.33487960
vn -0.09849308 0.93709910 0.33487960
vn -0.09587469 -0.91218674 -0.39840108
vn -0.09587469 -0.91218674 0.39840108
vn -0.09587469 0.91218674 -0.39840108
vn -0.09587469 0.91218674 0.39840108
vn -0.09280927 -0.88302130 0.46006504
vn -0.09280927 0.88302130 -0.46006504
vn -0.09280927 0.88302130 0.46006504
vn -0.08931114 0.84973880 -0.51958394
vn -0.08931114 0.84973880 0.51958394
vn -0.08539661 -0.81249446 -0.57668030
vn -0.08539661 -0.81249446 0.57668030
vn -0.08539661 0.81249446 -0.57668030
vn -0.08539661 0.81249446 0.57668030
vn -0.08108391 -0.77146184 -0.63108796
vn -0.08108391 -0.77146184 -0.63108796
vn -0.08108391 0.77146184 -0.63108796
vn -0.08108391 0.77146184 0.63108796
vn -0.07639316 -0.72683240 0.68255320
vn -0.07639316 -0.72683240 0.68255320
vn -0.07639316 0.72683240 0.68255320
vn -0.07639316 0.72683240 0.68255320
vn -0.07134623 0.67881405 -0.73083600
vn -0.07134623 0.67881405 -0.73083600
vn -0.07134623 0.67881405 0.73083600
vn -0.06596665 -0.62763080 -0.77571130
vn -0.06596665 -0.62763080 0.77571130
vn -0.06596665 0.62763080 -0.77571130
vn -0.06596665 0.62763080 0.77571130
vn -0.06027951 -0.57352120 -0.81696990
vn -0.06027951 0.57352120 0.81696990
vn -0.05431131 -0.51673764 0.85441940
vn -0.05431131 0.51673764 -0.85441940
vn -0.04808989 0.45754474 -0.88788520
vn -0.04808989 0.45754474 0.88788520
vn -0.04164425 -0.39621860 -0.91721130
vn -0.04164425 -0.39621860 0.91721130
vn -0.04164425 0.39621860 0.91721130
vn -0.03500445 0.33304510 -0.94226090
vn -0.02820144 -0.26831880 -0.96291727
vn -0.02820144 -0.26831880 0.96291727
vn -0.02820144 0.26831880 0.96291727
vn -0.02126694 -0.20234147 -0.97908410
vn -0.02126694 -0.20234147 0.97908410
vn -0.01423329 0.13542071 -0.99068594
vn -0.01423329 0.13542071 0.99068594
vn -0.00000000 -0.00000000 -1.00000000
vn 0.00000000 0.00000000 -1.00000000
vn 0.00000000 0.00000000 1.00000000
vn -0.00000000 0.00000000 -1.00000000
vn 0.00000000 0.00000000 -1.00000000
vn 0.00000000 0.00000000 1.00000000
vn 0.21850800 0.67249850 -0.70710677
vn 0.30901700 0.95105654 0.00000000
vn 0.21850800 0.67249850 0.70710677
vn 0.30901700 0.95105654 0.00000000
vn 0.21850800 -0.67249850 -0.70710677
vn 0.30901700 -0.95105654 0.00000000
vn 0.21850800 -0.67249850 0.70710677
vn 0.30901700 -0.95105654 0.00000000
vn 0.00000000 0.00000000 -1.00000000
vn 0.17106462 0.68610270 -0.70710677
vn 0.00000000 0.00000000 1.00000000
vn 0.17106462 0.68610270 0.70710677
vn 0.00000000 0.00000000 -1.00000000
vn 0.17106462 -0.68610270 -0.70710677
vn 0.00000000 0.00000000 1.00000000
vn 0.17106462 -0.68610270 0.70710677
vn 0.17106462 0.68610270 -0.70710677
vn 0.24192190 0.97029570 0.00000000
vn 0.17106462 0.68610270 0.70710677
vn 0.24192190 0.97029570 0.00000000
vn 0.17106462 -0.68610270 -0.70710677
vn 0.24192190 -0.97029570 0.00000000
vn 0.17106462 -0.68610270 0.70710677
vn 0.24192190 -0.97029570 0.00000000
vn 0.00000000 0.00000000 -1.00000000
vn 0.12278780 0.69636420 -0.70710677
vn 0.00000000 0.00000000 1.00000000
vn 0.12278780 0.69636420 0.70710677
vn 0.00000000 0.00000000 -1.00000000
vn 0.12278780 -0.69636420 -0.70710677
vn 0.00000000 0.00000000 1.00000000
vn 0.12278780 -0.69636420 0.70710677
vn 0.12278780 0.69636420 -0.70710677
vn 0.17364818 0.98480770 0.00000000
vn 0.12278780 0.69636420 0.70710677
vn 0.17364818 0.98480770 0.00000000
vn 0.12278780 -0.69636420 -0.70710677
vn 0.17364818 -0.98480770 0.00000000
vn 0.12278780 -0.69636420 0.70710677
vn 0.17364818 -0.98480770 0.00000000
vn 0.00000000 0.00000000 -1.00000000
vn 0.07391278 0.70323320 -0.70710677
vn 0.00000000 0.00000000 1.00000000
vn 0.07391278 0.70323320 0.70710677
vn 0.00000000 0.00000000 -1.00000000
vn 0.07391278 -0.70323320 -0.70710677
vn 0.00000000 0.00000000 1.00000000
vn 0.07391278 -0.70323320 0.70710677
vn -0.03489950 -0.99939084 0.00000000
vn -0.03489950 -0.99939084 0.00000000
vn -0.03489950 0.99939084 0.00000000
vn -0.03489950 0.99939084 0.00000000
vn -0.03481814 0.99706100 -0.06824242
vn -0.03481814 0.99706100 0.06824242
vn -0.03457444 -0.99008244 -0.13616665
vn -0.03457444 -0.99008244 0.13616665
vn -0.03457444 0.99008244 -0.13616665
vn -0.03457444 0.99008244 0.13616665
vn -0.03416954 0.97848770 -0.20345601
vn -0.03416954 0.97848770 0.20345601
vn -0.03360533 -0.96233070 -0.26979676
vn -0.03360533 -0.96233070 0.26979676
vn -0.03360533 0.96233070 -0.26979676
vn -0.03360533 0.96233070 0.26979676
vn -0.03288443 0.94168690 -0.33487960
vn -0.03288443 0.94168690 0.33487960
vn -0.03201021 0.91665256 -0.39840108
vn -0.03201021 0.91665256 0.39840108
vn -0.03098675 -0.88734436 -0.46006504
vn -0.03098675 -0.88734436 0.46006504
vn -0.03098675 0.88734436 -0.46006504
vn -0.03098675 0.88734436 0.46006504
vn -0.02981881 0.85389894 -0.51958394
vn -0.02981881 0.85389894 0.51958394
vn -0.02851184 -0.81647223 -0.57668030
vn -0.02851184 -0.81647223 0.57668030
vn -0.02851184 0.81647223 -0.57668030
vn -0.02550581 -0.73039080 -0.68255320
vn -0.02550581 -0.73039080 -0.68255320
vn -0.02550581 0.73039080 -0.68255320
vn -0.02550581 0.73039080 -0.68255320
vn -0.02550581 0.73039080 0.68255320
vn -0.02550581 0.73039080 0.68255320
vn -0.02382076 -0.68213737 -0.73083600
vn -0.02382076 -0.68213737 0.73083600
vn -0.02382076 -0.68213737 0.73083600
vn -0.02382076 0.68213737 -0.73083600
vn -0.02202465 -0.63070350 0.77571130
vn -0.02202465 0.63070350 0.77571130
vn -0.02012585 0.57632905 -0.81696990
vn -0.01813322 -0.51926744 -0.85441940
vn -0.01813322 0.51926744 0.85441940
vn -0.01605604 -0.45978478 0.88788520
vn -0.01605604 0.45978478 -0.88788520
vn -0.01390400 -0.39815840 -0.91721130
vn -0.01390400 -0.39815840 0.91721130
vn -0.01168713 0.33467560 0.94226090
vn -0.00941577 -0.26963243 -0.96291727
vn -0.00941577 -0.26963243 0.96291727
vn -0.00941577 0.26963243 -0.96291727
vn -0.00710051 -0.20333207 -0.97908410
vn -0.00710051 0.20333207 -0.97908410
vn -0.00710051 0.20333207 0.97908410
vn -0.00475215 -0.13608370 0.99068594
vn -0.00475215 0.13608370 0.99068594
vn -0.00000000 -0.00000000 -1.00000000
vn 0.00000000 0.00000000 -1.00000000
vn 0.00000000 0.00000000 1.00000000
vn -0.00000000 0.00000000 -1.00000000
vn 0.00000000 0.00000000 -1.00000000
vn 0.00000000 0.00000000 1.00000000
vn 0.07391278 0.70323320 -0.70710677
vn 0.10452846 0.99452190 0.00000000
vn 0.07391278 0.70323320 0.70710677
vn 0.10452846 0.99452190 0.00000000
vn 0.07391278 -0.70323320 -0.70710677
vn 0.10452846 -0.99452190 0.00000000
vn 0.07391278 -0.70323320 0.70710677
vn 0.10452846 -0.99452190 0.00000000
vn 0.00000000 0.00000000 -1.00000000
vn 0.02467767 0.70667600 -0.70710677
vn 0.00000000 0.00000000 1.00000000
vn 0.02467767 0.70667600 0.70710677
vn 0.00000000 0.00000000 -1.00000000
vn 0.02467767 -0.70667600 -0.70710677
vn 0.00000000 0.00000000 1.00000000
vn 0.02467767 -0.70667600 0.70710677
vn 0.02467767 0.70667600 -0.70710677
vn 0.03489950 0.99939084 0.00000000
vn 0.02467767 0.70667600 0.70710677
vn 0.03489950 0.99939084 0.00000000
vn 0.02467767 -0.70667600 -0.70710677
vn 0.03489950 -0.99939084 0.00000000
vn 0.02467767 -0.70667600 0.70710677
vn 0.03489950 -0.99939084 0.00000000
vn -0.03489950 0.99939084 0.00000000
vn -0.02467767 0.70667600 -0.70710677
vn -0.03489950 0.99939084 0.00000000
vn -0.02467767 0.70667600 0.70710677
vn -0.03489950 -0.99939084 0.00000000
vn -0.02467767 -0.70667600 -0.70710677
vn -0.03489950 -0.99939084 0.00000000
vn -0.02467767 -0.70667600 0.70710677
vn -0.02467767 0.70667600 -0.70710677
vn 0.00000000 0.00000000 -1.00000000
vn -0.02467767 0.70667600 0.70710677
vn 0.00000000 0.00000000 1.00000000
vn -0.02467767 -0.70667600 -0.70710677
vn 0.00000000 0.00000000 -1.00000000
vn -0.02467767 -0.70667600 0.70710677
vn 0.00000000 0.00000000 1.00000000
vn -0.10452846 0.99452190 0.00000000
vn -0.07391278 0.70323320 -0.70710677
vn -0.10452846 0.99452190 0.00000000
vn -0.07391278 0.70323320 0.70710677
vn -0.10452846 -0.99452190 0.00000000
vn -0.07391278 -0.70323320 -0.70710677
vn -0.10452846 -0.99452190 0.00000000
vn -0.07391278 -0.70323320 0.70710677
vn -0.00000000 -0.00000000 -1.00000000
vn 0.00000000 0.00000000 -1.00000000
vn 0.00000000 0.00000000 1.00000000
vn 0.00000000 0.00000000 -1.00000000
vn 0.00000000 0.00000000 -1.00000000
vn 0.00000000 0.00000000 1.00000000
vn 0.00238163 -0.06820084 0.99766874
vn 0.00238163 0.06820084 -0.99766874
vn 0.00238163 0.06820084 0.99766874
vn 0.00475215 0.13608370 0.99068594
vn 0.00710051 -0.20333207 -0.97908410
vn 0.00710051 -0.20333207 0.97908410
vn 0.00710051 0.20333207 0.97908410
vn 0.00941577 -0.26963243 -0.96291727
vn 0.00941577 -0.26963243 0.96291727
vn 0.00941577 0.26963243 -0.96291727
vn 0.00941577 0.26963243 0.96291727
vn 0.01168713 0.33467560 -0.94226090
vn 0.01168713 0.33467560 0.94226090
vn 0.01390400 -0.39815840 -0.91721130
vn 0.01390400 -0.39815840 0.91721130
vn 0.01390400 0.39815840 0.91721130
vn 0.01605604 0.45978478 0.88788520
vn 0.01813322 -0.51926744 0.85441940
vn 0.01813322 0.51926744 -0.85441940
vn 0.01813322 0.51926744 0.85441940
vn 0.02012585 -0.57632905 -0.81696990
vn 0.02012585 0.57632905 -0.81696990
vn 0.02012585 0.57632905 0.81696990
vn 0.02202465 -0.63070350 -0.77571130
vn 0.02202465 0.63070350 -0.77571130
vn 0.02382076 -0.68213737 0.73083600
vn 0.02382076 -0.68213737 0.73083600
vn 0.02382076 0.68213737 -0.73083600
vn 0.02382076 0.68213737 -0.73083600
vn 0.02382076 0.68213737 0.73083600
vn 0.02382076 0.68213737 0.73083600
vn 0.02550581 0.73039080 0.68255320
vn 0.02707193 -0.77523875 -0.63108796
vn 0.02707193 -0.77523875 -0.63108796
vn 0.02707193 -0.77523875 0.63108796
vn 0.02707193 0.77523875 0.63108796
vn 0.02851184 -0.81647223 -0.57668030
vn 0.02851184 0.81647223 -0.57668030
vn 0.02851184 0.81647223 0.57668030
vn 0.02981881 -0.85389894 0.51958394
vn 0.02981881 0.85389894 -0.51958394
vn 0.03098675 -0.88734436 -0.46006504
vn 0.03098675 0.88734436 -0.46006504
vn 0.03201021 -0.91665256 0.39840108
vn 0.03201021 0.91665256 -0.39840108
vn 0.03201021 0.91665256 0.39840108
vn 0.03288443 0.94168690 -0.33487960
vn 0.03288443 0.94168690 0.33487960
vn 0.03360533 -0.96233070 -0.26979676
vn 0.03360533 -0.96233070 0.26979676
vn 0.03360533 0.96233070 -0.26979676
vn 0.03360533 0.96233070 0.26979676
vn 0.03416954 0.97848770 -0.20345601
vn 0.03416954 0.97848770 0.20345601
vn 0.03457444 -0.99008244 -0.13616665
vn 0.03457444 -0.99008244 0.13616665
vn 0.03457444 0.99008244 -0.13616665
vn 0.03457444 0.99008244 0.13616665
vn 0.03481814 0.99706100 -0.06824242
vn 0.03481814 0.99706100 0.06824242
vn 0.03489950 -0.99939084 0.00000000
vn 0.03489950 -0.99939084 0.00000000
vn 0.03489950 0.99939084 0.00000000
vn 0.03489950 0.99939084 0.00000000
vn -0.07391278 0.70323320 -0.70710677
vn 0.00000000 0.00000000 -1.00000000
vn -0.07391278 0.70323320 0.70710677
vn 0.00000000 0.00000000 1.00000000
vn -0.07391278 -0.70323320 -0.70710677
vn 0.00000000 0.00000000 -1.00000000
vn -0.07391278 -0.70323320 0.70710677
vn 0.00000000 0.00000000 1.00000000
vn -0.17364818 0.98480770 0.00000000
vn -0.12278780 0.69636420 -0.70710677
vn -0.17364818 0.98480770 0.00000000
vn -0.12278780 0.69636420 0.70710677
vn -0.17364818 -0.98480770 0.00000000
vn -0.12278780 -0.69636420 -0.70710677
vn -0.17364818 -0.98480770 0.00000000
vn -0.12278780 -0.69636420 0.70710677
vn -0.12278780 0.69636420 -0.70710677
vn 0.00000000 0.00000000 -1.00000000
vn -0.12278780 0.69636420 0.70710677
vn 0.00000000 0.00000000 1.00000000
vn -0.12278780 -0.69636420 -0.70710677
vn 0.00000000 0.00000000 -1.00000000
vn -0.12278780 -0.69636420 0.70710677
vn 0.00000000 0.00000000 1.00000000
vn -0.24192190 0.97029570 0.00000000
vn -0.17106462 0.68610270 -0.70710677
vn -0.24192190 0.97029570 0.00000000
vn -0.17106462 0.68610270 0.70710677
vn -0.24192190 -0.97029570 0.00000000
vn -0.17106462 -0.68610270 -0.70710677
vn -0.24192190 -0.97029570 0.00000000
vn -0.17106462 -0.68610270 0.70710677
vn -0.17106462 0.68610270 -0.70710677
vn 0.00000000 0.00000000 -1.00000000
vn -0.17106462 0.68610270 0.70710677
vn 0.00000000 0.00000000 1.00000000
vn -0.17106462 -0.68610270 -0.70710677
vn 0.00000000 0.00000000 -1.00000000
vn -0.17106462 -0.68610270 0.70710677
vn 0.00000000 0.00000000 1.00000000
vn -0.30901700 0.95105654 0.00000000
vn -0.21850800 0.67249850 -0.70710677
vn -0.30901700 0.95105654 0.00000000
vn -0.21850800 0.67249850 0.70710677
vn -0.30901700 -0.95105654 0.00000000
vn -0.21850800 -0.67249850 -0.70710677
vn -0.30901700 -0.95105654 0.00000000
vn -0.21850800 -0.67249850 0.70710677
vn 0.00000000 0.00000000 -1.00000000
vn 0.00000000 -0.00000000 -1.00000000
vn 0.00000000 0.00000000 1.00000000
vn 0.00000000 0.00000000 -1.00000000
vn 0.00000000 0.00000000 -1.00000000
vn 0.00000000 0.00000000 1.00000000
vn 0.01423329 -0.13542071 0.99068594
vn 0.01423329 0.13542071 -0.99068594
vn 0.01423329 0.13542071 0.99068594
vn 0.02126694 -0.20234147 -0.97908410
vn 0.02126694 0.20234147 0.97908410
vn 0.02820144 -0.26831880 -0.96291727
vn 0.02820144 -0.26831880 0.96291727
vn 0.02820144 0.26831880 -0.96291727
vn 0.03500445 0.33304510 0.94226090
vn 0.04164425 -0.39621860 -0.91721130
vn 0.04164425 -0.39621860 0.91721130
vn 0.04164425 0.39621860 -0.91721130
vn 0.04808989 0.45754474 -0.88788520
vn 0.04808989 0.45754474 0.88788520
vn 0.05431131 -0.51673764 0.85441940
vn 0.05431131 0.51673764 0.85441940
vn 0.06027951 -0.57352120 -0.81696990
vn 0.06027951 0.57352120 -0.81696990
vn 0.06027951 0.57352120 0.81696990
vn 0.06596665 -0.62763080 -0.77571130
vn 0.06596665 0.62763080 -0.77571130
vn 0.07134623 -0.67881405 0.73083600
vn 0.07134623 -0.67881405 0.73083600
vn 0.07134623 0.67881405 -0.73083600
vn 0.07639316 -0.72683240 -0.68255320
vn 0.07639316 -0.72683240 -0.68255320
vn 0.07639316 0.72683240 -0.68255320
vn 0.07639316 0.72683240 -0.68255320
vn 0.07639316 0.72683240 0.68255320
vn 0.07639316 0.72683240 0.68255320
vn 0.08108391 -0.77146184 0.63108796
vn 0.08108391 0.77146184 -0.63108796
vn 0.08108391 0.77146184 0.63108796
vn 0.08539661 0.81249446 -0.57668030
vn 0.08931114 -0.84973880 -0.51958394
vn 0.08931114 -0.84973880 0.51958394
vn 0.09280927 -0.88302130 -0.46006504
vn 0.09280927 0.88302130 0.46006504
vn 0.09587469 -0.91218674 0.39840108
vn 0.09587469 0.91218674 -0.39840108
vn 0.09587469 0.91218674 0.39840108
vn 0.09849308 -0.93709910 -0.33487960
vn 0.09849308 0.93709910 -0.33487960
vn 0.09849308 0.93709910 0.33487960
vn 0.10065226 -0.95764230 0.26979676
vn 0.10065226 0.95764230 -0.26979676
vn 0.10065226 0.95764230 0.26979676
vn 0.10234216 -0.97372055 -0.20345601
vn 0.10234216 0.97372055 0.20345601
vn 0.10355488 -0.98525890 0.13616665
vn 0.10355488 0.98525890 -0.13616665
vn 0.10355488 0.98525890 0.13616665
vn 0.10428479 0.99220340 -0.06824242
vn 0.10428479 0.99220340 0.06824242
vn 0.10452846 -0.99452190 0.00000000
vn 0.10452846 -0.99452190 0.00000000
vn 0.10452846 0.99452190 0.00000000
vn 0.10452846 0.99452190 0.00000000
vn -0.21850800 0.67249850 -0.70710677
vn 0.00000000 0.00000000 -1.00000000
vn -0.21850800 0.67249850 0.70710677
vn 0.00000000 0.00000000 1.00000000
vn -0.21850800 -0.67249850 -0.70710677
vn 0.00000000 0.00000000 -1.00000000
vn -0.21850800 -0.67249850 0.70710677
vn 0.00000000 0.00000000 1.00000000
vn -0.37460658 0.92718387 0.00000000
vn -0.26488686 0.65561800 -0.70710677
vn -0.37460658 0.92718387 0.00000000
vn -0.26488686 0.65561800 0.70710677
vn -0.37460658 -0.92718387 0.00000000
vn -0.26488686 -0.65561800 -0.70710677
vn -0.37460658 -0.92718387 0.00000000
vn -0.26488686 -0.65561800 0.70710677
vn -0.26488686 0.65561800 -0.70710677
vn 0.00000000 0.00000000 -1.00000000
vn -0.26488686 0.65561800 0.70710677
vn 0.00000000 0.00000000 1.00000000
vn -0.26488686 -0.65561800 -0.70710677
vn 0.00000000 0.00000000 -1.00000000
vn -0.26488686 -0.65561800 0.70710677
vn 0.00000000 0.00000000 1.00000000
vn -0.43837115 0.89879405 0.00000000
vn -0.30997520 0.63554335 -0.70710677
vn -0.43837115 0.89879405 0.00000000
vn -0.30997520 0.63554335 0.70710677
vn -0.43837115 -0.89879405 0.00000000
vn -0.30997520 -0.63554335 -0.70710677
vn -0.43837115 -0.89879405 0.00000000
vn -0.30997520 -0.63554335 0.70710677
vn -0.30997520 0.63554335 -0.70710677
vn 0.00000000 0.00000000 -1.00000000
vn -0.30997520 0.63554335 0.70710677
vn 0.00000000 0.00000000 1.00000000
vn -0.30997520 -0.63554335 -0.70710677
vn 0.00000000 0.00000000 -1.00000000
vn -0.30997520 -0.63554335 0.70710677
vn 0.00000000 0.00000000 1.00000000
vn -0.50000000 0.86602540 0.00000000
vn -0.35355338 0.61237246 -0.70710677
vn -0.50000000 0.86602540 0.00000000
vn -0.35355338 0.61237246 0.70710677
vn -0.50000000 -0.86602540 0.00000000
vn -0.35355338 -0.61237246 -0.70710677
vn -0.50000000 -0.86602540 0.00000000
vn -0.35355338 -0.61237246 0.70710677
vn 0.00000000 0.00000000 -1.00000000
vn 0.00000000 -0.00000000 -1.00000000
vn 0.00000000 0.00000000 1.00000000
vn 0.00000000 0.00000000 -1.00000000
vn 0.00000000 0.00000000 -1.00000000
vn 0.00000000 0.00000000 1.00000000
vn 0.02364509 0.13409798 0.99068594
vn -0.55919290 0.82903755 0.00000000
vn -0.39540910 0.58621810 -0.70710677
vn -0.55919290 0.82903755 0.00000000
vn -0.39540910 0.58621810 0.70710677
vn -0.55919290 -0.82903755 0.00000000
vn -0.39540910 -0.58621810 -0.70710677
vn -0.55919290 -0.82903755 0.00000000
vn -0.39540910 -0.58621810 0.70710677
vn 0.03532977 -0.20036505 -0.97908410
vn 0.03532977 -0.20036505 0.97908410
vn 0.03532977 0.20036505 -0.97908410
vn 0.04684972 -0.26569796 -0.96291727
vn 0.04684972 0.26569796 -0.96291727
vn 0.04684972 0.26569796 0.96291727
vn 0.05815123 -0.32979205 0.94226090
vn 0.05815123 0.32979205 0.94226090
vn 0.06918162 -0.39234847 -0.91721130
vn 0.06918162 0.39234847 0.91721130
vn 0.07988945 0.45307562 0.88788520
vn -0.35355338 0.61237246 -0.70710677
vn 0.00000000 0.00000000 -1.00000000
vn -0.35355338 0.61237246 0.70710677
vn 0.00000000 0.00000000 1.00000000
vn -0.35355338 -0.61237246 -0.70710677
vn 0.00000000 0.00000000 -1.00000000
vn -0.35355338 -0.61237246 0.70710677
vn 0.00000000 0.00000000 1.00000000
vn 0.09022480 -0.51169030 -0.85441940
vn 0.09022480 -0.51169030 0.85441940
vn 0.09022480 0.51169030 -0.85441940
vn 0.10013948 -0.56791925 0.81696990
vn 0.10013948 0.56791925 0.81696990
vn 0.10958727 -0.62150030 -0.77571130
vn 0.10958727 0.62150030 -0.77571130
vn 0.10958727 0.62150030 0.77571130
vn 0.11852411 -0.67218363 0.73083600
vn 0.11852411 -0.67218363 0.73083600
vn 0.11852411 0.67218363 -0.73083600
vn 0.11852411 0.67218363 0.73083600
vn 0.11852411 0.67218363 0.73083600
vn 0.12690833 -0.71973294 -0.68255320
vn 0.12690833 -0.71973294 -0.68255320
vn 0.12690833 0.71973294 -0.68255320
vn 0.12690833 0.71973294 -0.68255320
vn 0.12690833 0.71973294 0.68255320
vn 0.13470085 -0.76392650 -0.63108796
vn 0.13470085 -0.76392650 0.63108796
vn 0.13470085 0.76392650 0.63108796
vn 0.14186533 0.80455830 -0.57668030
vn 0.14186533 0.80455830 0.57668030
vn 0.14836837 -0.84143883 -0.51958394
vn 0.14836837 0.84143883 -0.51958394
vn 0.14836837 0.84143883 0.51958394
vn 0.15417965 -0.87439626 0.46006504
vn 0.15417965 0.87439626 -0.46006504
vn 0.15417965 0.87439626 0.46006504
vn 0.15927207 -0.90327680 -0.39840108
vn 0.15927207 0.90327680 -0.39840108
vn 0.15927207 0.90327680 0.39840108
vn 0.16362189 -0.92794585 0.33487960
vn 0.16362189 0.92794585 -0.33487960
vn 0.16362189 0.92794585 0.33487960
vn 0.16720884 -0.94828840 -0.26979676
vn 0.16720884 0.94828840 -0.26979676
vn 0.16720884 0.94828840 0.26979676
vn 0.17001617 -0.96420960 -0.20345601
vn 0.17001617 -0.96420960 0.20345601
vn 0.17001617 0.96420960 -0.20345601
vn 0.17001617 0.96420960 0.20345601
vn 0.17203080 0.97563520 -0.13616665
vn 0.17203080 0.97563520 0.13616665
vn 0.17324336 -0.98251194 0.06824242
vn 0.17324336 0.98251194 -0.06824242
vn 0.17324336 0.98251194 0.06824242
vn 0.17364818 -0.98480770 0.00000000
vn 0.17364818 -0.98480770 0.00000000
vn 0.17364818 0.98480770 0.00000000
vn 0.17364818 0.98480770 0.00000000
vn -0.61566150 0.78801080 0.00000000
vn -0.43533840 0.55720776 -0.70710677
vn -0.61566150 0.78801080 0.00000000
vn -0.43533840 0.55720776 0.70710677
vn -0.61566150 -0.78801080 0.00000000
vn -0.43533840 -0.55720776 -0.70710677
vn -0.61566150 -0.78801080 0.00000000
vn -0.43533840 -0.55720776 0.70710677
vn -0.39540910 0.58621810 -0.70710677
vn 0.00000000 0.00000000 -1.00000000
vn -0.39540910 0.58621810 0.70710677
vn 0.00000000 0.00000000 1.00000000
vn -0.39540910 -0.58621810 -0.70710677
vn 0.00000000 0.00000000 -1.00000000
vn -0.39540910 -0.58621810 0.70710677
vn 0.00000000 0.00000000 1.00000000
vn -0.66913060 0.74314480 0.00000000
vn -0.47314680 0.52548280 -0.70710677
vn -0.66913060 0.74314480 0.00000000
vn -0.47314680 0.52548280 0.70710677
vn -0.66913060 -0.74314480 0.00000000
vn -0.47314680 -0.52548280 -0.70710677
vn -0.66913060 -0.74314480 0.00000000
vn -0.47314680 -0.52548280 0.70710677
vn -0.43533840 0.55720776 -0.70710677
vn 0.00000000 0.00000000 -1.00000000
vn -0.43533840 0.55720776 0.70710677
vn 0.00000000 0.00000000 1.00000000
vn -0.43533840 -0.55720776 -0.70710677
vn 0.00000000 0.00000000 -1.00000000
vn -0.43533840 -0.55720776 0.70710677
vn 0.00000000 0.00000000 1.00000000
vn -0.71933980 0.69465840 0.00000000
vn -0.71933980 0.69465840 0.00000000
vn -0.50865006 0.49119765 -0.70710677
vn -0.71933980 0.69465840 0.00000000
vn -0.71933980 0.69465840 0.00000000
vn -0.50865006 0.49119765 0.70710677
vn -0.71933980 -0.69465840 0.00000000
vn -0.71933980 -0.69465840 0.00000000
vn -0.50865006 -0.49119765 -0.70710677
vn -0.71933980 -0.69465840 0.00000000
vn -0.71933980 -0.69465840 0.00000000
vn -0.50865006 -0.49119765 0.70710677
vn -0.47314680 0.52548280 -0.70710677
vn 0.00000000 0.00000000 -1.00000000
vn -0.47314680 0.52548280 0.70710677
vn 0.00000000 0.00000000 1.00000000
vn -0.47314680 -0.52548280 -0.70710677
vn 0.00000000 0.00000000 -1.00000000
vn -0.47314680 -0.52548280 0.70710677
vn 0.00000000 0.00000000 1.00000000
vn -0.76604444 0.64278764 0.00000000
vn -0.54167520 0.45451948 -0.70710677
vn -0.76604444 0.64278764 0.00000000
vn -0.54167520 0.45451948 0.70710677
vn -0.76604444 -0.64278764 0.00000000
vn -0.54167520 -0.45451948 -0.70710677
vn -0.76604444 -0.64278764 0.00000000
vn -0.54167520 -0.45451948 0.70710677
vn 0.00000000 0.00000000 -1.00000000
vn 0.00000000 -0.00000000 -1.00000000
vn 0.00000000 0.00000000 1.00000000
vn 0.00000000 0.00000000 -1.00000000
vn 0.00000000 0.00000000 -1.00000000
vn 0.00000000 0.00000000 1.00000000
vn 0.03294170 -0.13212192 -0.99068594
vn 0.03294170 -0.13212192 0.99068594
vn 0.03294170 0.13212192 -0.99068594
vn 0.03294170 0.13212192 0.99068594
vn 0.04922046 0.19741250 -0.97908410
vn 0.06526975 -0.26178265 -0.96291727
vn 0.06526975 -0.26178265 0.96291727
vn 0.08101471 -0.32493225 0.94226090
vn 0.08101471 0.32493225 0.94226090
vn 0.09638195 -0.38656688 -0.91721130
vn 0.09638195 0.38656688 -0.91721130
vn 0.11129981 -0.44639915 0.88788520
vn 0.11129981 0.44639915 0.88788520
vn 0.12569873 0.50415010 -0.85441940
vn 0.12569873 0.50415010 0.85441940
vn 0.13951160 -0.55955046 -0.81696990
vn 0.13951160 -0.55955046 0.81696990
vn 0.13951160 0.55955046 -0.81696990
vn 0.13951160 0.55955046 0.81696990
vn 0.15267399 0.61234194 -0.77571130
vn 0.15267399 0.61234194 0.77571130
vn 0.16512455 -0.66227840 -0.73083600
vn 0.16512455 -0.66227840 -0.73083600
vn 0.16512455 -0.66227840 0.73083600
vn 0.16512455 -0.66227840 0.73083600
vn 0.16512455 0.66227840 -0.73083600
vn 0.16512455 0.66227840 0.73083600
vn 0.16512455 0.66227840 0.73083600
vn 0.17680523 0.70912700 -0.68255320
vn 0.17680523 0.70912700 -0.68255320
vn 0.18766154 -0.75266933 -0.63108796
vn 0.18766154 0.75266933 0.63108796
vn 0.19764291 -0.79270240 0.57668030
vn 0.19764291 0.79270240 -0.57668030
vn 0.19764291 0.79270240 0.57668030
vn 0.20670277 -0.82903950 -0.51958394
vn 0.20670277 -0.82903950 0.51958394
vn 0.20670277 0.82903950 -0.51958394
vn 0.20670277 0.82903950 0.51958394
vn 0.21479887 0.86151123 -0.46006504
vn 0.21479887 0.86151123 0.46006504
vn 0.22189349 -0.88996620 -0.39840108
vn 0.22189349 0.88996620 -0.39840108
vn 0.22189349 0.88996620 0.39840108
vn 0.22795355 -0.91427180 -0.33487960
vn 0.22795355 -0.91427180 0.33487960
vn 0.22795355 0.91427180 -0.33487960
vn 0.23295078 0.93431455 -0.26979676
vn 0.23686188 -0.95000110 0.20345601
vn 0.23686188 0.95000110 0.20345601
vn 0.23966862 -0.96125835 -0.13616665
vn 0.23966862 0.96125835 -0.13616665
vn 0.23966862 0.96125835 0.13616665
vn 0.24135792 0.96803373 -0.06824242
vn 0.24135792 0.96803373 0.06824242
vn 0.24192190 -0.97029570 0.00000000
vn 0.24192190 -0.97029570 0.00000000
vn 0.24192190 0.97029570 0.00000000
vn 0.24192190 0.97029570 0.00000000
vn -0.80901700 0.58778524 0.00000000
vn -0.57206140 0.41562694 -0.70710677
vn -0.80901700 0.58778524 0.00000000
vn -0.57206140 0.41562694 0.70710677
vn -0.80901700 -0.58778524 0.00000000
vn -0.57206140 -0.41562694 -0.70710677
vn -0.80901700 -0.58778524 0.00000000
vn -0.57206140 -0.41562694 0.70710677
vn -0.50865006 0.49119765 -0.70710677
vn 0.00000000 0.00000000 -1.00000000
vn -0.50865006 0.49119765 0.70710677
vn 0.00000000 0.00000000 1.00000000
vn -0.50865006 -0.49119765 -0.70710677
vn 0.00000000 0.00000000 -1.00000000
vn -0.50865006 -0.49119765 0.70710677
vn 0.00000000 0.00000000 1.00000000
vn -0.84804810 0.52991927 0.00000000
vn -0.59966060 0.37470952 -0.70710677
vn -0.84804810 0.52991927 0.00000000
vn -0.59966060 0.37470952 0.70710677
vn -0.84804810 -0.52991927 0.00000000
vn -0.59966060 -0.37470952 -0.70710677
vn -0.84804810 -0.52991927 0.00000000
vn -0.59966060 -0.37470952 0.70710677
vn -0.54167520 0.45451948 -0.70710677
vn 0.00000000 0.00000000 -1.00000000
vn -0.54167520 0.45451948 0.70710677
vn 0.00000000 0.00000000 1.00000000
vn -0.54167520 -0.45451948 -0.70710677
vn 0.00000000 0.00000000 -1.00000000
vn -0.54167520 -0.45451948 0.70710677
vn 0.00000000 0.00000000 1.00000000
vn -0.88294756 0.46947157 0.00000000
vn -0.62433820 0.33196652 -0.70710677
vn -0.88294756 0.46947157 0.00000000
vn -0.62433820 0.33196652 0.70710677
vn -0.88294756 -0.46947157 0.00000000
vn -0.62433820 -0.33196652 -0.70710677
vn -0.88294756 -0.46947157 0.00000000
vn -0.62433820 -0.33196652 0.70710677
vn -0.91354540 0.40673664 0.00000000
vn -0.64597416 0.28760624 -0.70710677
vn -0.91354540 0.40673664 0.00000000
vn -0.64597416 0.28760624 0.70710677
vn -0.91354540 -0.40673664 0.00000000
vn -0.64597416 -0.28760624 -0.70710677
vn -0.91354540 -0.40673664 0.00000000
vn -0.64597416 -0.28760624 0.70710677
vn -0.57206140 0.41562694 -0.70710677
vn 0.00000000 0.00000000 -1.00000000
vn -0.57206140 0.41562694 0.70710677
vn 0.00000000 0.00000000 1.00000000
vn -0.57206140 -0.41562694 -0.70710677
vn 0.00000000 0.00000000 -1.00000000
vn -0.57206140 -0.41562694 0.70710677
vn 0.00000000 0.00000000 1.00000000
vn -0.93969260 0.34202015 0.00000000
vn -0.66446304 0.24184476 -0.70710677
vn -0.93969260 0.34202015 0.00000000
vn -0.66446304 0.24184476 0.70710677
vn -0.93969260 -0.34202015 0.00000000
vn -0.66446304 -0.24184476 -0.70710677
vn -0.93969260 -0.34202015 0.00000000
vn -0.66446304 -0.24184476 0.70710677
vn -0.59966060 0.37470952 -0.70710677
vn 0.00000000 0.00000000 -1.00000000
vn -0.59966060 0.37470952 0.70710677
vn 0.00000000 0.00000000 1.00000000
vn -0.59966060 -0.37470952 -0.70710677
vn 0.00000000 0.00000000 -1.00000000
vn -0.59966060 -0.37470952 0.70710677
vn 0.00000000 0.00000000 1.00000000
vn -0.96126170 0.27563736 0.00000000
vn -0.67971470 0.19490504 -0.70710677
vn -0.96126170 0.27563736 0.00000000
vn -0.67971470 0.19490504 0.70710677
vn -0.96126170 -0.27563736 0.00000000
vn -0.67971470 -0.19490504 -0.70710677
vn -0.96126170 -0.27563736 0.00000000
vn -0.67971470 -0.19490504 0.70710677
vn -0.97814760 0.20791169 0.00000000
vn -0.69165480 0.14701577 -0.70710677
vn -0.97814760 0.20791169 0.00000000
vn -0.69165480 0.14701577 0.70710677
vn -0.97814760 -0.20791169 0.00000000
vn -0.69165480 -0.14701577 -0.70710677
vn -0.97814760 -0.20791169 0.00000000
vn -0.69165480 -0.14701577 0.70710677
vn 0.00000000 0.00000000 -1.00000000
vn 0.00000000 -0.00000000 -1.00000000
vn 0.00000000 0.00000000 1.00000000
vn 0.00000000 0.00000000 -1.00000000
vn 0.00000000 0.00000000 -1.00000000
vn 0.00000000 0.00000000 1.00000000
vn -0.99026805 0.13917310 0.00000000
vn -0.70022530 0.09841024 -0.70710677
vn -0.99026805 0.13917310 0.00000000
vn -0.70022530 0.09841024 0.70710677
vn -0.99026805 -0.13917310 0.00000000
vn -0.70022530 -0.09841024 -0.70710677
vn -0.99026805 -0.13917310 0.00000000
vn -0.70022530 -0.09841024 0.70710677
vn 0.02108807 0.06490240 -0.99766874
vn 0.04207781 -0.12950218 -0.99068594
vn 0.04207781 -0.12950218 0.99068594
vn 0.04207781 0.12950218 0.99068594
vn 0.06287137 -0.19349816 0.97908410
vn 0.06287137 0.19349816 -0.97908410
vn -0.99756410 0.06975647 0.00000000
vn -0.70538430 0.04932528 -0.70710677
vn -0.99756410 0.06975647 0.00000000
vn -0.70538430 0.04932528 0.70710677
vn -0.99756410 -0.06975647 0.00000000
vn -0.70538430 -0.04932528 -0.70710677
vn -0.99756410 -0.06975647 0.00000000
vn -0.70538430 -0.04932528 0.70710677
vn 0.08337179 0.25659198 0.96291727
vn -1.00000000 -0.00000000 0.00000000
vn -0.70710677 0.00000000 0.70710677
vn -1.00000000 -0.00000000 0.00000000
vn -0.70710677 0.00000000 -0.70710677
vn -0.62433820 0.33196652 -0.70710677
vn 0.00000000 0.00000000 -1.00000000
vn -0.62433820 0.33196652 0.70710677
vn 0.00000000 0.00000000 1.00000000
vn -0.62433820 -0.33196652 -0.70710677
vn 0.00000000 0.00000000 -1.00000000
vn -0.62433820 -0.33196652 0.70710677
vn 0.00000000 0.00000000 1.00000000
vn 0.10348349 -0.31848943 -0.94226090
vn 0.10348349 0.31848943 -0.94226090
vn 0.12311271 -0.37890196 0.91721130
vn 0.12311271 0.37890196 -0.91721130
vn 0.14216791 0.43754786 -0.88788520
vn 0.14216791 0.43754786 0.88788520
vn 0.16056027 -0.49415370 -0.85441940
vn 0.16056027 -0.49415370 0.85441940
vn 0.16056027 0.49415370 -0.85441940
vn 0.17820401 0.54845560 -0.81696990
vn 0.17820401 0.54845560 0.81696990
vn 0.19501690 -0.60020030 -0.77571130
vn 0.19501690 -0.60020030 0.77571130
vn 0.19501690 0.60020030 -0.77571130
vn 0.19501690 0.60020030 0.77571130
vn 0.21092053 -0.64914660 0.73083600
vn 0.21092053 -0.64914660 0.73083600
vn 0.21092053 0.64914660 -0.73083600
vn 0.21092053 0.64914660 0.73083600
vn 0.21092053 0.64914660 0.73083600
vn 0.22584073 -0.69506633 -0.68255320
vn 0.22584073 -0.69506633 -0.68255320
vn 0.22584073 0.69506633 -0.68255320
vn 0.22584073 0.69506633 -0.68255320
vn 0.22584073 0.69506633 0.68255320
vn 0.22584073 0.69506633 0.68255320
vn 0.23970798 -0.73774530 0.63108796
vn 0.23970798 0.73774530 -0.63108796
vn 0.23970798 0.73774530 0.63108796
vn 0.25245760 -0.77698450 -0.57668030
vn 0.25245760 -0.77698450 0.57668030
vn 0.25245760 0.77698450 -0.57668030
vn 0.25245760 0.77698450 0.57668030
vn 0.26403013 -0.81260115 -0.51958394
vn 0.26403013 0.81260115 0.51958394
vn 0.27437162 -0.84442900 0.46006504
vn 0.27437162 0.84442900 -0.46006504
vn 0.27437162 0.84442900 0.46006504
vn 0.28343388 0.87231976 -0.39840108
vn 0.28343388 0.87231976 0.39840108
vn 0.29117465 -0.89614340 -0.33487960
vn 0.29117465 -0.89614340 0.33487960
vn 0.29117465 0.89614340 -0.33487960
vn 0.29117465 0.89614340 0.33487960
vn 0.29755780 -0.91578877 0.26979676
vn 0.29755780 0.91578877 0.26979676
vn 0.30255362 -0.93116430 -0.20345601
vn 0.30255362 0.93116430 -0.20345601
vn 0.30255362 0.93116430 0.20345601
vn 0.30613878 -0.94219834 0.13616665
vn 0.30613878 0.94219834 -0.13616665
vn 0.30613878 0.94219834 0.13616665
vn 0.30829660 0.94883937 -0.06824242
vn 0.30829660 0.94883937 0.06824242
vn 0.30901700 -0.95105654 0.00000000
vn 0.30901700 -0.95105654 0.00000000
vn 0.30901700 0.95105654 0.00000000
vn 0.30901700 0.95105654 0.00000000
vn -0.64597416 0.28760624 -0.70710677
vn 0.00000000 0.00000000 -1.00000000
vn -0.64597416 0.28760624 0.70710677
vn 0.00000000 0.00000000 1.00000000
vn -0.64597416 -0.28760624 -0.70710677
vn 0.00000000 0.00000000 -1.00000000
vn -0.64597416 -0.28760624 0.70710677
vn 0.00000000 0.00000000 1.00000000
vn -0.66446304 0.24184476 -0.70710677
vn 0.00000000 0.00000000 -1.00000000
vn -0.66446304 0.24184476 0.70710677
vn 0.00000000 0.00000000 1.00000000
vn -0.66446304 -0.24184476 -0.70710677
vn 0.00000000 0.00000000 -1.00000000
vn -0.66446304 -0.24184476 0.70710677
vn 0.00000000 0.00000000 1.00000000
vn -0.67971470 0.19490504 -0.70710677
vn 0.00000000 0.00000000 -1.00000000
vn -0.67971470 0.19490504 0.70710677
vn 0.00000000 0.00000000 1.00000000
vn -0.67971470 -0.19490504 -0.70710677
vn 0.00000000 0.00000000 -1.00000000
vn -0.67971470 -0.19490504 0.70710677
vn 0.00000000 0.00000000 1.00000000
vn -0.69165480 0.14701577 -0.70710677
vn 0.00000000 0.00000000 -1.00000000
vn -0.69165480 0.14701577 0.70710677
vn 0.00000000 0.00000000 1.00000000
vn -0.69165480 -0.14701577 -0.70710677
vn 0.00000000 0.00000000 -1.00000000
vn -0.69165480 -0.14701577 0.70710677
vn 0.00000000 0.00000000 1.00000000
vn -0.70022530 0.09841024 -0.70710677
vn 0.00000000 0.00000000 -1.00000000
vn -0.70022530 0.09841024 0.70710677
vn 0.00000000 0.00000000 1.00000000
vn -0.70022530 -0.09841024 -0.70710677
vn 0.00000000 0.00000000 -1.00000000
vn -0.70022530 -0.09841024 0.70710677
vn 0.00000000 0.00000000 1.00000000
vn -0.70538430 0.04932528 -0.70710677
vn 0.00000000 0.00000000 -1.00000000
vn -0.70538430 0.04932528 0.70710677
vn 0.00000000 0.00000000 1.00000000
vn -0.70538430 -0.04932528 -0.70710677
vn 0.00000000 0.00000000 -1.00000000
vn -0.70538430 -0.04932528 0.70710677
vn 0.00000000 0.00000000 1.00000000
vn -0.70710677 0.00000000 0.70710677
vn 0.00000000 0.00000000 1.00000000
vn -0.70710677 0.00000000 -0.70710677
vn 0.00000000 0.00000000 -1.00000000
vn 0.00000000 0.00000000 -1.00000000
vn 0.00000000 -0.00000000 -1.00000000
vn 0.00000000 0.00000000 1.00000000
vn 0.00000000 0.00000000 -1.00000000
vn 0.00000000 0.00000000 -1.00000000
vn 0.00000000 0.00000000 1.00000000
vn 0.02556406 -0.06327327 0.99766874
vn 0.02556406 0.06327327 -0.99766874
vn 0.05100892 -0.12625152 -0.99068594
vn 0.05100892 0.12625152 0.99068594
vn 0.07621597 0.18864113 -0.97908410
vn 0.12544811 -0.31049496 -0.94226090
vn 0.12544811 -0.31049496 0.94226090
vn 0.12544811 0.31049496 -0.94226090
vn 0.12544811 0.31049496 0.94226090
vn 0.14924367 -0.36939105 -0.91721130
vn 0.17234340 -0.42656487 0.88788520
vn 0.17234340 0.42656487 -0.88788520
vn 0.17234340 0.42656487 0.88788520
vn 0.19463958 -0.48174986 -0.85441940
vn 0.19463958 -0.48174986 0.85441940
vn 0.19463958 0.48174986 0.85441940
vn 0.21602826 0.53468870 -0.81696990
vn 0.21602826 0.53468870 0.81696990
vn 0.23640971 0.58513457 -0.77571130
vn 0.23640971 0.58513457 0.77571130
vn 0.25568890 -0.63285226 -0.73083600
vn 0.25568890 -0.63285226 0.73083600
vn 0.25568890 -0.63285226 0.73083600
vn 0.25568890 0.63285226 0.73083600
vn 0.27377596 -0.67761930 -0.68255320
vn 0.27377596 -0.67761930 -0.68255320
vn 0.27377596 0.67761930 -0.68255320
vn 0.27377596 0.67761930 -0.68255320
vn 0.27377596 0.67761930 0.68255320
vn 0.27377596 0.67761930 0.68255320
vn 0.29058656 -0.71922696 0.63108796
vn 0.29058656 0.71922696 -0.63108796
vn 0.29058656 0.71922696 0.63108796
vn 0.30604230 0.75748130 -0.57668030
vn 0.30604230 0.75748130 0.57668030
vn 0.32007113 -0.79220390 -0.51958394
vn 0.32007113 0.79220390 -0.51958394
vn 0.32007113 0.79220390 0.51958394
vn 0.33260766 -0.82323280 0.46006504
vn 0.33260766 0.82323280 -0.46006504
vn 0.33260766 0.82323280 0.46006504
vn 0.34359340 -0.85042350 0.39840108
vn 0.34359340 0.85042350 0.39840108
vn 0.35297716 -0.87364910 -0.33487960
vn 0.35297716 -0.87364910 0.33487960
vn 0.35297716 0.87364910 0.33487960
vn 0.36071515 0.89280134 -0.26979676
vn 0.36677134 -0.90779096 -0.20345601
vn 0.36677134 -0.90779096 0.20345601
vn 0.36677134 0.90779096 -0.20345601
vn 0.36677134 0.90779096 0.20345601
vn 0.37111747 -0.91854800 0.13616665
vn 0.37111747 0.91854800 -0.13616665
vn 0.37111747 0.91854800 0.13616665
vn 0.37373330 0.92502236 -0.06824242
vn 0.37373330 0.92502236 0.06824242
vn 0.37460658 -0.92718387 0.00000000
vn 0.37460658 -0.92718387 0.00000000
vn 0.37460658 0.92718387 0.00000000
vn 0.37460658 0.92718387 0.00000000
vn 0.00000000 0.00000000 -1.00000000
vn 0.00000000 -0.00000000 -1.00000000
vn 0.00000000 0.00000000 1.00000000
vn 0.00000000 0.00000000 -1.00000000
vn 0.00000000 0.00000000 -1.00000000
vn 0.00000000 0.00000000 1.00000000
vn 0.02991550 0.06133588 0.99766874
vn 0.08918925 -0.18286505 -0.97908410
vn 0.08918925 -0.18286505 0.97908410
vn 0.08918925 0.18286505 -0.97908410
vn 0.11827112 -0.24249174 0.96291727
vn 0.11827112 0.24249174 0.96291727
vn 0.14680156 0.30098780 -0.94226090
vn 0.14680156 0.30098780 0.94226090
vn 0.17464754 -0.35808054 -0.91721130
vn 0.17464754 -0.35808054 0.91721130
vn 0.20167924 -0.41350370 -0.88788520
vn 0.20167924 -0.41350370 0.88788520
vn 0.20167924 0.41350370 0.88788520
vn 0.22777061 0.46699896 -0.85441940
vn 0.22777061 0.46699896 0.85441940
vn 0.25280002 -0.51831686 0.81696990
vn 0.25280002 0.51831686 0.81696990
vn 0.27665076 -0.56721807 -0.77571130
vn 0.29921160 -0.61347470 -0.73083600
vn 0.29921160 -0.61347470 -0.73083600
vn 0.29921160 0.61347470 -0.73083600
vn 0.32037740 -0.65687100 0.68255320
vn 0.32037740 -0.65687100 0.68255320
vn 0.32037740 0.65687100 -0.68255320
vn 0.32037740 0.65687100 -0.68255320
vn 0.32037740 0.65687100 0.68255320
vn 0.32037740 0.65687100 0.68255320
vn 0.34004945 -0.69720470 -0.63108796
vn 0.34004945 -0.69720470 0.63108796
vn 0.34004945 0.69720470 -0.63108796
vn 0.34004945 0.69720470 0.63108796
vn 0.35813603 0.73428770 -0.57668030
vn 0.35813603 0.73428770 0.57668030
vn 0.37455282 -0.76794710 -0.51958394
vn 0.37455282 -0.76794710 0.51958394
vn 0.37455282 0.76794710 -0.51958394
vn 0.37455282 0.76794710 0.51958394
vn 0.38922325 -0.79802597 -0.46006504
vn 0.38922325 -0.79802597 0.46006504
vn 0.38922325 0.79802597 -0.46006504
vn 0.38922325 0.79802597 0.46006504
vn 0.40207896 0.82438403 -0.39840108
vn 0.40207896 0.82438403 0.39840108
vn 0.41306000 -0.84689850 -0.33487960
vn 0.41306000 -0.84689850 0.33487960
vn 0.41306000 0.84689850 -0.33487960
vn 0.41306000 0.84689850 0.33487960
vn 0.42211515 0.86546430 -0.26979676
vn 0.42211515 0.86546430 0.26979676
vn 0.42920223 -0.87999490 0.20345601
vn 0.42920223 0.87999490 -0.20345601
vn 0.42920223 0.87999490 0.20345601
vn 0.43428814 -0.89042264 -0.13616665
vn 0.43428814 -0.89042264 0.13616665
vn 0.43428814 0.89042264 -0.13616665
vn 0.43428814 0.89042264 0.13616665
vn 0.43734920 0.89669880 -0.06824242
vn 0.43734920 0.89669880 0.06824242
vn 0.43837115 -0.89879405 0.00000000
vn 0.43837115 -0.89879405 0.00000000
vn 0.43837115 0.89879405 0.00000000
vn 0.43837115 0.89879405 0.00000000
vn 0.00000000 0.00000000 -1.00000000
vn 0.00000000 -0.00000000 -1.00000000
vn 0.00000000 0.00000000 1.00000000
vn 0.00000000 0.00000000 -1.00000000
vn 0.00000000 0.00000000 -1.00000000
vn 0.00000000 0.00000000 1.00000000
vn 0.03412121 0.05909966 0.99766874
vn 0.06808332 -0.11792377 0.99068594
vn 0.06808332 0.11792377 -0.99068594
vn 0.10172801 -0.17619808 -0.97908410
vn 0.10172801 0.17619808 0.97908410
vn 0.13489838 -0.23365086 -0.96291727
vn 0.13489838 -0.23365086 0.96291727
vn 0.13489838 0.23365086 -0.96291727
vn 0.16743980 -0.29001424 0.94226090
vn 0.16743980 0.29001424 -0.94226090
vn 0.16743980 0.29001424 0.94226090
vn 0.19920054 -0.34502545 -0.91721130
vn 0.19920054 0.34502545 0.91721130
vn 0.23003252 -0.39842802 0.88788520
vn 0.23003252 0.39842802 -0.88788520
vn 0.23003252 0.39842802 0.88788520
vn 0.25979197 0.44997290 -0.85441940
vn 0.25979197 0.44997290 0.85441940
vn 0.28834015 -0.49941980 -0.81696990
vn 0.28834015 -0.49941980 0.81696990
vn 0.28834015 0.49941980 0.81696990
vn 0.31554398 0.54653820 -0.77571130
vn 0.31554398 0.54653820 0.77571130
vn 0.34127660 -0.59110840 -0.73083600
vn 0.34127660 -0.59110840 0.73083600
vn 0.34127660 0.59110840 0.73083600
vn 0.34127660 0.59110840 0.73083600
vn 0.36541800 0.63292253 -0.68255320
vn 0.36541800 0.63292253 -0.68255320
vn 0.38785565 -0.67178570 -0.63108796
vn 0.38785565 -0.67178570 -0.63108796
vn 0.38785565 -0.67178570 0.63108796
vn 0.38785565 -0.67178570 0.63108796
vn 0.38785565 0.67178570 -0.63108796
vn 0.40848494 0.70751670 -0.57668030
vn 0.40848494 0.70751670 0.57668030
vn 0.42720970 -0.73994890 -0.51958394
vn 0.42720970 -0.73994890 0.51958394
vn 0.42720970 0.73994890 0.51958394
vn 0.44394260 0.76893115 -0.46006504
vn 0.44394260 0.76893115 0.46006504
vn 0.45860565 -0.79432830 -0.39840108
vn 0.45860565 0.79432830 -0.39840108
vn 0.45860565 0.79432830 0.39840108
vn 0.47113046 -0.81602190 -0.33487960
vn 0.47113046 -0.81602190 0.33487960
vn 0.47113046 0.81602190 -0.33487960
vn 0.47113046 0.81602190 0.33487960
vn 0.48145863 -0.83391080 -0.26979676
vn 0.48145863 -0.83391080 0.26979676
vn 0.48145863 0.83391080 -0.26979676
vn 0.48145863 0.83391080 0.26979676
vn 0.48954204 0.84791170 -0.20345601
vn 0.48954204 0.84791170 0.20345601
vn 0.49534297 -0.85795920 -0.13616665
vn 0.49534297 0.85795920 0.13616665
vn 0.49883437 -0.86400650 -0.06824242
vn 0.49883437 -0.86400650 0.06824242
vn 0.49883437 0.86400650 -0.06824242
vn 0.49883437 0.86400650 0.06824242
vn 0.50000000 -0.86602540 0.00000000
vn 0.50000000 -0.86602540 0.00000000
vn 0.50000000 0.86602540 0.00000000
vn 0.50000000 0.86602540 0.00000000
vn 0.00000000 0.00000000 -1.00000000
vn 0.00000000 -0.00000000 -1.00000000
vn 0.00000000 0.00000000 1.00000000
vn 0.00000000 0.00000000 -1.00000000
vn 0.00000000 0.00000000 -1.00000000
vn 0.00000000 0.00000000 1.00000000
vn 0.03816067 -0.05657553 -0.99766874
vn 0.07614342 -0.11288727 0.99068594
vn 0.07614342 0.11288727 0.99068594
vn 0.11377115 -0.16867268 -0.97908410
vn 0.11377115 -0.16867268 0.97908410
vn 0.11377115 0.16867268 -0.97908410
vn 0.15086845 -0.22367166 0.96291727
vn 0.15086845 0.22367166 -0.96291727
vn 0.15086845 0.22367166 0.96291727
vn 0.18726230 -0.27762777 -0.94226090
vn 0.18726230 0.27762777 0.94226090
vn 0.22278306 -0.33028948 0.91721130
vn 0.22278306 0.33028948 -0.91721130
vn 0.25726510 -0.38141120 -0.88788520
vn 0.29054767 0.43075460 -0.85441940
vn 0.29054767 0.43075460 0.85441940
vn 0.32247555 -0.47808966 0.81696990
vn 0.32247555 0.47808966 -0.81696990
vn 0.32247555 0.47808966 0.81696990
vn 0.35289990 -0.52319560 -0.77571130
vn 0.35289990 -0.52319560 0.77571130
vn 0.35289990 0.52319560 0.77571130
vn 0.38167888 0.56586220 -0.73083600
vn 0.38167888 0.56586220 0.73083600
vn 0.40867830 -0.60589045 -0.68255320
vn 0.40867830 -0.60589045 -0.68255320
vn 0.40867830 -0.60589045 0.68255320
vn 0.40867830 0.60589045 -0.68255320
vn 0.40867830 0.60589045 -0.68255320
vn 0.40867830 0.60589045 0.68255320
vn 0.40867830 0.60589045 0.68255320
vn 0.43377224 -0.64309380 0.63108796
vn 0.43377224 -0.64309380 0.63108796
vn 0.43377224 0.64309380 -0.63108796
vn 0.43377224 0.64309380 0.63108796
vn 0.43377224 0.64309380 0.63108796
vn 0.45684376 -0.67729870 -0.57668030
vn 0.45684376 0.67729870 -0.57668030
vn 0.45684376 0.67729870 0.57668030
vn 0.47778526 -0.70834580 -0.51958394
vn 0.47778526 -0.70834580 0.51958394
vn 0.47778526 0.70834580 -0.51958394
vn 0.47778526 0.70834580 0.51958394
vn 0.49649912 0.73609020 -0.46006504
vn 0.49649912 0.73609020 0.46006504
vn 0.51289800 -0.76040260 -0.39840108
vn 0.51289800 0.76040260 -0.39840108
vn 0.51289800 0.76040260 0.39840108
vn 0.52690560 -0.78116970 -0.33487960
vn 0.52690560 -0.78116970 0.33487960
vn 0.52690560 0.78116970 -0.33487960
vn 0.52690560 0.78116970 0.33487960
vn 0.53845650 0.79829460 -0.26979676
vn 0.53845650 0.79829460 0.26979676
vn 0.54749686 -0.81169750 -0.20345601
vn 0.54749686 -0.81169750 0.20345601
vn 0.54749686 0.81169750 -0.20345601
vn 0.54749686 0.81169750 0.20345601
vn 0.55398450 -0.82131590 -0.13616665
vn 0.55398450 -0.82131590 0.13616665
vn 0.55398450 0.82131590 -0.13616665
vn 0.55398450 0.82131590 0.13616665
vn 0.55788930 -0.82710487 0.06824242
vn 0.55788930 0.82710487 -0.06824242
vn 0.55788930 0.82710487 0.06824242
vn 0.55919290 -0.82903755 0.00000000
vn 0.55919290 -0.82903755 0.00000000
vn 0.55919290 0.82903755 0.00000000
vn 0.55919290 0.82903755 0.00000000
vn 0.00000000 0.00000000 -1.00000000
vn 0.00000000 -0.00000000 -1.00000000
vn 0.00000000 0.00000000 1.00000000
vn 0.00000000 0.00000000 -1.00000000
vn 0.00000000 0.00000000 -1.00000000
vn 0.00000000 0.00000000 1.00000000
vn 0.04201423 -0.05377575 0.99766874
vn 0.04201423 0.05377575 -0.99766874
vn 0.04201423 0.05377575 0.99766874
vn 0.08383256 -0.10730078 -0.99068594
vn 0.08383256 0.10730078 0.99068594
vn 0.12526003 -0.16032553 0.97908410
vn 0.12526003 0.16032553 0.97908410
vn 0.16610348 0.21260276 -0.96291727
vn 0.16610348 0.21260276 0.96291727
vn 0.20617248 -0.26388875 -0.94226090
vn 0.20617248 -0.26388875 0.94226090
vn 0.20617248 0.26388875 -0.94226090
vn 0.24528020 -0.31394434 -0.91721130
vn 0.28324430 -0.36253620 0.88788520
vn 0.28324430 0.36253620 -0.88788520
vn 0.28324430 0.36253620 0.88788520
vn 0.31988782 -0.40943775 -0.85441940
vn 0.31988782 0.40943775 -0.85441940
vn 0.31988782 0.40943775 0.85441940
vn 0.35503986 -0.45443028 0.81696990
vn 0.35503986 0.45443028 -0.81696990
vn 0.35503986 0.45443028 0.81696990
vn 0.38853654 0.49730408 -0.77571130
vn 0.38853654 0.49730408 0.77571130
vn 0.42022170 -0.53785920 0.73083600
vn 0.42022170 0.53785920 -0.73083600
vn 0.42022170 0.53785920 0.73083600
vn 0.44994754 -0.57590660 -0.68255320
vn 0.44994754 -0.57590660 -0.68255320
vn 0.44994754 -0.57590660 0.68255320
vn 0.44994754 0.57590660 0.68255320
vn 0.47757557 0.61126880 -0.63108796
vn 0.47757557 0.61126880 -0.63108796
vn 0.47757557 0.61126880 0.63108796
vn 0.47757557 0.61126880 0.63108796
vn 0.50297690 -0.64378107 -0.57668030
vn 0.50297690 -0.64378107 -0.57668030
vn 0.50297690 -0.64378107 0.57668030
vn 0.50297690 -0.64378107 0.57668030
vn 0.50297690 0.64378107 -0.57668030
vn 0.50297690 0.64378107 0.57668030
vn 0.52603310 -0.67329170 0.51958394
vn 0.52603310 0.67329170 0.51958394
vn 0.54663670 -0.69966310 0.46006504
vn 0.54663670 0.69966310 -0.46006504
vn 0.54663670 0.69966310 0.46006504
vn 0.56469166 -0.72277236 -0.39840108
vn 0.56469166 0.72277236 -0.39840108
vn 0.56469166 0.72277236 0.39840108
vn 0.58011377 -0.74251175 -0.33487960
vn 0.58011377 0.74251175 0.33487960
vn 0.59283110 -0.75878920 -0.26979676
vn 0.59283110 -0.75878920 0.26979676
vn 0.59283110 0.75878920 -0.26979676
vn 0.59283110 0.75878920 0.26979676
vn 0.60278434 -0.77152880 -0.20345601
vn 0.60278434 -0.77152880 0.20345601
vn 0.60278434 0.77152880 -0.20345601
vn 0.60278434 0.77152880 0.20345601
vn 0.60992720 -0.78067120 0.13616665
vn 0.60992720 0.78067120 -0.13616665
vn 0.60992720 0.78067120 0.13616665
vn 0.61422620 -0.78617370 -0.06824242
vn 0.61422620 -0.78617370 0.06824242
vn 0.61422620 0.78617370 -0.06824242
vn 0.61422620 0.78617370 0.06824242
vn 0.61566150 -0.78801080 0.00000000
vn 0.61566150 -0.78801080 0.00000000
vn 0.61566150 0.78801080 0.00000000
vn 0.61566150 0.78801080 0.00000000
vn 0.00000000 0.00000000 -1.00000000
vn 0.00000000 -0.00000000 -1.00000000
vn 0.00000000 0.00000000 1.00000000
vn 0.00000000 0.00000000 -1.00000000
vn 0.00000000 0.00000000 -1.00000000
vn 0.00000000 0.00000000 1.00000000
vn 0.04566309 -0.05071400 0.99766874
vn 0.04566309 0.05071400 0.99766874
vn 0.09111327 -0.10119154 -0.99068594
vn 0.13613865 -0.15119728 0.97908410
vn 0.13613865 0.15119728 -0.97908410
vn 0.18052928 -0.20049807 0.96291727
vn 0.18052928 0.20049807 -0.96291727
vn 0.22407820 -0.24886405 -0.94226090
vn 0.22407820 -0.24886405 0.94226090
vn 0.22407820 0.24886405 0.94226090
vn 0.26658237 0.29606970 -0.91721130
vn 0.26658237 0.29606970 0.91721130
vn 0.30784360 -0.34189495 0.88788520
vn 0.30784360 0.34189495 -0.88788520
vn 0.34766950 -0.38612613 -0.85441940
vn 0.38587445 -0.42855700 0.81696990
vn 0.38587445 0.42855700 -0.81696990
vn 0.38587445 0.42855700 0.81696990
vn 0.42228025 -0.46898973 0.77571130
vn 0.42228025 0.46898973 -0.77571130
vn 0.42228025 0.46898973 0.77571130
vn 0.45671720 -0.50723580 -0.73083600
vn 0.45671720 -0.50723580 0.73083600
vn 0.45671720 0.50723580 0.73083600
vn 0.48902470 -0.54311700 -0.68255320
vn 0.48902470 -0.54311700 0.68255320
vn 0.48902470 0.54311700 -0.68255320
vn 0.48902470 0.54311700 -0.68255320
vn 0.48902470 0.54311700 0.68255320
vn 0.51905215 -0.57646585 0.63108796
vn 0.51905215 -0.57646585 0.63108796
vn 0.54665960 -0.60712695 -0.57668030
vn 0.54665960 -0.60712695 -0.57668030
vn 0.54665960 0.60712695 -0.57668030
vn 0.54665960 0.60712695 0.57668030
vn 0.54665960 0.60712695 0.57668030
vn 0.57171816 0.63495740 -0.51958394
vn 0.57171816 0.63495740 0.51958394
vn 0.59411120 -0.65982730 -0.46006504
vn 0.59411120 -0.65982730 0.46006504
vn 0.59411120 0.65982730 -0.46006504
vn 0.59411120 0.65982730 0.46006504
vn 0.61373410 -0.68162084 0.39840108
vn 0.61373410 0.68162084 -0.39840108
vn 0.61373410 0.68162084 0.39840108
vn 0.63049560 -0.70023630 -0.33487960
vn 0.63049560 -0.70023630 0.33487960
vn 0.63049560 0.70023630 -0.33487960
vn 0.63049560 0.70023630 0.33487960
vn 0.64431745 -0.71558700 -0.26979676
vn 0.64431745 0.71558700 -0.26979676
vn 0.65513515 -0.72760130 0.20345601
vn 0.66289830 -0.73622316 -0.13616665
vn 0.66289830 -0.73622316 0.13616665
vn 0.66289830 0.73622316 -0.13616665
vn 0.66289830 0.73622316 0.13616665
vn 0.66757070 -0.74141240 0.06824242
vn 0.66757070 0.74141240 -0.06824242
vn 0.66757070 0.74141240 0.06824242
vn 0.66913060 -0.74314480 0.00000000
vn 0.66913060 -0.74314480 0.00000000
vn 0.66913060 0.74314480 0.00000000
vn 0.66913060 0.74314480 0.00000000
vn 0.00000000 0.00000000 -1.00000000
vn 0.00000000 -0.00000000 -1.00000000
vn 0.00000000 0.00000000 1.00000000
vn 0.00000000 0.00000000 -1.00000000
vn 0.00000000 0.00000000 -1.00000000
vn 0.00000000 0.00000000 1.00000000
vn 0.04908948 0.04740516 -0.99766874
vn 0.09795009 -0.09458930 0.99068594
vn 0.09795009 0.09458930 0.99068594
vn 0.14635400 -0.14133242 -0.97908410
vn 0.14635400 0.14133242 0.97908410
vn 0.19407555 -0.18741658 0.96291727
vn 0.19407555 0.18741658 -0.96291727
vn 0.19407555 0.18741658 0.96291727
vn 0.24089223 -0.23262693 -0.94226090
vn 0.28658575 -0.27675265 0.91721130
vn 0.28658575 0.27675265 -0.91721130
vn 0.28658575 0.27675265 0.91721130
vn 0.33094308 -0.31958804 0.88788520
vn 0.33094308 0.31958804 0.88788520
vn 0.37375742 -0.36093333 -0.85441940
vn 0.41482910 0.40059580 -0.81696990
vn 0.45396668 -0.43839052 -0.77571130
vn 0.45396668 0.43839052 -0.77571130
vn 0.45396668 0.43839052 0.77571130
vn 0.49098763 -0.47414124 0.73083600
vn 0.49098763 0.47414124 -0.73083600
vn 0.49098763 0.47414124 0.73083600
vn 0.52571940 -0.50768130 0.68255320
vn 0.52571940 0.50768130 -0.68255320
vn 0.52571940 0.50768130 0.68255320
vn 0.55800000 -0.53885436 -0.63108796
vn 0.55800000 -0.53885436 -0.63108796
vn 0.55800000 -0.53885436 0.63108796
vn 0.55800000 0.53885436 -0.63108796
vn 0.55800000 0.53885436 -0.63108796
vn 0.55800000 0.53885436 0.63108796
vn 0.55800000 0.53885436 0.63108796
vn 0.58767897 -0.56751496 -0.57668030
vn 0.58767897 -0.56751496 -0.57668030
vn 0.58767897 -0.56751496 -0.57668030
vn 0.58767897 -0.56751496 0.57668030
vn 0.58767897 -0.56751496 0.57668030
vn 0.58767897 -0.56751496 0.57668030
vn 0.58767897 0.56751496 -0.57668030
vn 0.58767897 0.56751496 0.57668030
vn 0.58767897 0.56751496 0.57668030
vn 0.61461790 -0.59352960 -0.51958394
vn 0.61461790 -0.59352960 -0.51958394
vn 0.61461790 -0.59352960 0.51958394
vn 0.61461790 -0.59352960 0.51958394
vn 0.61461790 0.59352960 -0.51958394
vn 0.61461790 0.59352960 0.51958394
vn 0.63869120 -0.61677690 -0.46006504
vn 0.63869120 -0.61677690 -0.46006504
vn 0.63869120 -0.61677690 0.46006504
vn 0.63869120 -0.61677690 0.46006504
vn 0.63869120 0.61677690 -0.46006504
vn 0.63869120 0.61677690 0.46006504
vn 0.65978660 -0.63714850 -0.39840108
vn 0.65978660 -0.63714850 -0.39840108
vn 0.67780580 -0.65454940 -0.33487960
vn 0.67780580 -0.65454940 -0.33487960
vn 0.67780580 0.65454940 -0.33487960
vn 0.67780580 0.65454940 0.33487960
vn 0.69266474 -0.66889860 -0.26979676
vn 0.69266474 -0.66889860 -0.26979676
vn 0.69266474 -0.66889860 0.26979676
vn 0.69266474 -0.66889860 0.26979676
vn 0.69266474 0.66889860 -0.26979676
vn 0.69266474 0.66889860 0.26979676
vn 0.70429415 -0.68012893 -0.20345601
vn 0.70429415 -0.68012893 -0.20345601
vn 0.70429415 -0.68012893 0.20345601
vn 0.70429415 -0.68012893 0.20345601
vn 0.70429415 0.68012893 -0.20345601
vn 0.70429415 0.68012893 0.20345601
vn 0.71263980 -0.68818830 -0.13616665
vn 0.71263980 -0.68818830 -0.13616665
vn 0.71263980 -0.68818830 0.13616665
vn 0.71263980 -0.68818830 0.13616665
vn 0.71263980 0.68818830 -0.13616665
vn 0.71263980 0.68818830 0.13616665
vn 0.71766290 0.69303894 -0.06824242
vn 0.71766290 0.69303894 0.06824242
vn 0.71933980 -0.69465840 0.00000000
vn 0.71933980 -0.69465840 0.00000000
vn 0.71933980 -0.69465840 0.00000000
vn 0.71933980 -0.69465840 0.00000000
vn 0.71933980 0.69465840 0.00000000
vn 0.71933980 0.69465840 0.00000000
vn 0.00000000 0.00000000 -1.00000000
vn 0.00000000 -0.00000000 -1.00000000
vn 0.00000000 0.00000000 1.00000000
vn 0.00000000 0.00000000 -1.00000000
vn 0.00000000 0.00000000 -1.00000000
vn 0.00000000 0.00000000 1.00000000
vn 0.05227672 -0.04386538 0.99766874
vn 0.10430971 -0.08752623 -0.99068594
vn 0.10430971 0.08752623 -0.99068594
vn 0.10430971 0.08752623 0.99068594
vn 0.15585634 -0.13077900 0.97908410
vn 0.15585634 0.13077900 0.97908410
vn 0.20667632 -0.17342202 -0.96291727
vn 0.20667632 -0.17342202 0.96291727
vn 0.20667632 0.17342202 -0.96291727
vn 0.20667632 0.17342202 0.96291727
vn 0.25653267 -0.21525647 -0.94226090
vn 0.25653267 -0.21525647 0.94226090
vn 0.25653267 0.21525647 -0.94226090
vn 0.25653267 0.21525647 0.94226090
vn 0.30519295 -0.25608727 0.91721130
vn 0.30519295 0.25608727 -0.91721130
vn 0.30519295 0.25608727 0.91721130
vn 0.35243025 -0.29572410 -0.88788520
vn 0.35243025 -0.29572410 0.88788520
vn 0.35243025 0.29572410 -0.88788520
vn 0.35243025 0.29572410 0.88788520
vn 0.39802440 -0.33398214 0.85441940
vn 0.39802440 0.33398214 -0.85441940
vn 0.39802440 0.33398214 0.85441940
vn 0.44176275 -0.37068295 -0.81696990
vn 0.44176275 0.37068295 -0.81696990
vn 0.44176275 0.37068295 0.81696990
vn 0.48344140 0.40565550 -0.77571130
vn 0.48344140 0.40565550 0.77571130
vn 0.52286610 -0.43873670 0.73083600
vn 0.52286610 0.43873670 -0.73083600
vn 0.52286610 0.43873670 0.73083600
vn 0.55985284 -0.46977230 -0.68255320
vn 0.55985284 -0.46977230 -0.68255320
vn 0.55985284 0.46977230 -0.68255320
vn 0.55985284 0.46977230 0.68255320
vn 0.59422934 -0.49861762 0.63108796
vn 0.59422934 -0.49861762 0.63108796
vn 0.59422934 0.49861762 -0.63108796
vn 0.59422934 0.49861762 -0.63108796
vn 0.59422934 0.49861762 0.63108796
vn 0.59422934 0.49861762 0.63108796
vn 0.62583524 -0.52513814 -0.57668030
vn 0.62583524 -0.52513814 0.57668030
vn 0.62583524 -0.52513814 0.57668030
vn 0.62583524 0.52513814 -0.57668030
vn 0.62583524 0.52513814 -0.57668030
vn 0.62583524 0.52513814 -0.57668030
vn 0.62583524 0.52513814 0.57668030
vn 0.62583524 0.52513814 0.57668030
vn 0.62583524 0.52513814 0.57668030
vn 0.65452325 -0.54921020 0.51958394
vn 0.65452325 0.54921020 -0.51958394
vn 0.65452325 0.54921020 -0.51958394
vn 0.65452325 0.54921020 0.51958394
vn 0.65452325 0.54921020 0.51958394
vn 0.68015950 -0.57072160 -0.46006504
vn 0.68015950 -0.57072160 0.46006504
vn 0.68015950 0.57072160 -0.46006504
vn 0.68015950 0.57072160 -0.46006504
vn 0.68015950 0.57072160 0.46006504
vn 0.68015950 0.57072160 0.46006504
vn 0.70262460 -0.58957210 -0.39840108
vn 0.70262460 -0.58957210 0.39840108
vn 0.70262460 0.58957210 -0.39840108
vn 0.70262460 0.58957210 -0.39840108
vn 0.70262460 0.58957210 0.39840108
vn 0.70262460 0.58957210 0.39840108
vn 0.72181374 -0.60567370 -0.33487960
vn 0.72181374 0.60567370 -0.33487960
vn 0.72181374 0.60567370 -0.33487960
vn 0.73763746 -0.61895130 -0.26979676
vn 0.73763746 0.61895130 -0.26979676
vn 0.73763746 0.61895130 -0.26979676
vn 0.73763746 0.61895130 0.26979676
vn 0.73763746 0.61895130 0.26979676
vn 0.75002193 -0.62934310 -0.20345601
vn 0.75002193 -0.62934310 0.20345601
vn 0.75002193 0.62934310 -0.20345601
vn 0.75002193 0.62934310 -0.20345601
vn 0.75002193 0.62934310 0.20345601
vn 0.75002193 0.62934310 0.20345601
vn 0.75890946 -0.63680065 -0.13616665
vn 0.75890946 -0.63680065 0.13616665
vn 0.75890946 0.63680065 -0.13616665
vn 0.75890946 0.63680065 -0.13616665
vn 0.75890946 0.63680065 0.13616665
vn 0.75890946 0.63680065 0.13616665
vn 0.76425860 -0.64128910 0.06824242
vn 0.76425860 0.64128910 -0.06824242
vn 0.76425860 0.64128910 -0.06824242
vn 0.76425860 0.64128910 0.06824242
vn 0.76425860 0.64128910 0.06824242
vn 0.76604444 -0.64278764 0.00000000
vn 0.76604444 -0.64278764 0.00000000
vn 0.76604444 0.64278764 0.00000000
vn 0.76604444 0.64278764 0.00000000
vn 0.76604444 0.64278764 0.00000000
vn 0.76604444 0.64278764 0.00000000
vn 0.00000000 0.00000000 -1.00000000
vn 0.00000000 -0.00000000 -1.00000000
vn 0.00000000 0.00000000 1.00000000
vn 0.00000000 0.00000000 -1.00000000
vn 0.00000000 0.00000000 -1.00000000
vn 0.00000000 0.00000000 1.00000000
vn 0.05520927 -0.04011188 0.99766874
vn 0.05520927 0.04011188 0.99766874
vn 0.11016113 -0.08003674 -0.99068594
vn 0.11016113 0.08003674 -0.99068594
vn 0.16459937 -0.11958844 0.97908410
vn 0.21827017 -0.15858257 -0.96291727
vn 0.21827017 -0.15858257 0.96291727
vn 0.21827017 0.15858257 0.96291727
vn 0.27092330 -0.19683729 0.94226090
vn 0.27092330 0.19683729 -0.94226090
vn 0.27092330 0.19683729 0.94226090
vn 0.32231325 -0.23417428 -0.91721130
vn 0.37220043 -0.27041945 0.88788520
vn 0.37220043 0.27041945 -0.88788520
vn 0.42035225 -0.30540377 -0.85441940
vn 0.42035225 0.30540377 0.85441940
vn 0.46654418 -0.33896420 -0.81696990
vn 0.46654418 0.33896420 -0.81696990
vn 0.46654418 0.33896420 0.81696990
vn 0.51056087 -0.37094417 0.77571130
vn 0.51056087 0.37094417 -0.77571130
vn 0.51056087 0.37094417 0.77571130
vn 0.55219710 -0.40119466 -0.73083600
vn 0.55219710 -0.40119466 -0.73083600
vn 0.55219710 -0.40119466 0.73083600
vn 0.59125870 -0.42957460 0.68255320
vn 0.59125870 0.42957460 -0.68255320
vn 0.62756360 -0.45595166 0.63108796
vn 0.62756360 -0.45595166 0.63108796
vn 0.62756360 0.45595166 -0.63108796
vn 0.62756360 0.45595166 -0.63108796
vn 0.62756360 0.45595166 0.63108796
vn 0.62756360 0.45595166 0.63108796
vn 0.66094255 -0.48020285 0.57668030
vn 0.66094255 0.48020285 -0.57668030
vn 0.66094255 0.48020285 0.57668030
vn 0.69123983 -0.50221515 -0.51958394
vn 0.69123983 -0.50221515 0.51958394
vn 0.69123983 0.50221515 -0.51958394
vn 0.69123983 0.50221515 0.51958394
vn 0.71831423 -0.52188580 -0.46006504
vn 0.71831423 0.52188580 -0.46006504
vn 0.71831423 0.52188580 0.46006504
vn 0.74203950 -0.53912330 -0.39840108
vn 0.74203950 -0.53912330 0.39840108
vn 0.74203950 0.53912330 -0.39840108
vn 0.74203950 0.53912330 0.39840108
vn 0.76230510 -0.55384710 -0.33487960
vn 0.76230510 0.55384710 -0.33487960
vn 0.76230510 0.55384710 0.33487960
vn 0.77901644 -0.56598860 -0.26979676
vn 0.77901644 -0.56598860 0.26979676
vn 0.77901644 0.56598860 -0.26979676
vn 0.77901644 0.56598860 0.26979676
vn 0.79209566 -0.57549120 -0.20345601
vn 0.79209566 -0.57549120 0.20345601
vn 0.79209566 0.57549120 -0.20345601
vn 0.79209566 0.57549120 0.20345601
vn 0.80148180 -0.58231060 -0.13616665
vn 0.80148180 -0.58231060 0.13616665
vn 0.80148180 0.58231060 -0.13616665
vn 0.80713100 0.58641500 0.06824242
vn 0.80901700 -0.58778524 0.00000000
vn 0.80901700 -0.58778524 0.00000000
vn 0.80901700 0.58778524 0.00000000
vn 0.80901700 0.58778524 0.00000000
vn 0.00000000 0.00000000 -1.00000000
vn 0.00000000 -0.00000000 -1.00000000
vn 0.00000000 0.00000000 1.00000000
vn 0.00000000 0.00000000 -1.00000000
vn 0.00000000 0.00000000 -1.00000000
vn 0.00000000 0.00000000 1.00000000
vn 0.05787285 0.03616297 0.99766874
vn 0.11547587 -0.07215733 -0.99068594
vn 0.11547587 -0.07215733 0.99068594
vn 0.11547587 0.07215733 -0.99068594
vn 0.22880064 -0.14297050 0.96291727
vn 0.22880064 0.14297050 -0.96291727
vn 0.22880064 0.14297050 0.96291727
vn 0.28399402 -0.17745915 -0.94226090
vn 0.28399402 0.17745915 -0.94226090
vn 0.33786330 -0.21112041 0.91721130
vn 0.33786330 0.21112041 0.91721130
vn 0.39015728 -0.24379733 -0.88788520
vn 0.39015728 0.24379733 0.88788520
vn 0.44063220 -0.27533755 0.85441940
vn 0.44063220 0.27533755 0.85441940
vn 0.48905265 -0.30559400 0.81696990
vn 0.48905265 0.30559400 -0.81696990
vn 0.48905265 0.30559400 0.81696990
vn 0.53519290 -0.33442566 -0.77571130
vn 0.53519290 -0.33442566 0.77571130
vn 0.53519290 0.33442566 -0.77571130
vn 0.57883790 0.36169806 -0.73083600
vn 0.57883790 0.36169806 0.73083600
vn 0.61978406 -0.38728407 -0.68255320
vn 0.61978406 -0.38728407 -0.68255320
vn 0.61978406 -0.38728407 0.68255320
vn 0.61978406 -0.38728407 0.68255320
vn 0.61978406 0.38728407 -0.68255320
vn 0.61978406 0.38728407 -0.68255320
vn 0.61978406 0.38728407 0.68255320
vn 0.61978406 0.38728407 0.68255320
vn 0.65784050 -0.41106436 0.63108796
vn 0.65784050 -0.41106436 0.63108796
vn 0.69282980 0.43292810 -0.57668030
vn 0.69282980 0.43292810 0.57668030
vn 0.72458875 -0.45277330 0.51958394
vn 0.72458875 0.45277330 -0.51958394
vn 0.72458875 0.45277330 0.51958394
vn 0.75296940 -0.47050747 -0.46006504
vn 0.75296940 -0.47050747 0.46006504
vn 0.75296940 0.47050747 -0.46006504
vn 0.75296940 0.47050747 0.46006504
vn 0.77783930 -0.48604792 -0.39840108
vn 0.77783930 -0.48604792 0.39840108
vn 0.77783930 0.48604792 -0.39840108
vn 0.77783930 0.48604792 0.39840108
vn 0.79908260 -0.49932220 0.33487960
vn 0.79908260 0.49932220 0.33487960
vn 0.81660014 -0.51026845 -0.26979676
vn 0.81660014 0.51026845 0.26979676
vn 0.83031040 -0.51883554 -0.20345601
vn 0.83031040 0.51883554 -0.20345601
vn 0.00000000 0.00000000 -1.00000000
vn 0.00000000 -0.00000000 -1.00000000
vn 0.00000000 0.00000000 1.00000000
vn 0.00000000 0.00000000 -1.00000000
vn 0.00000000 0.00000000 -1.00000000
vn 0.00000000 0.00000000 1.00000000
vn 0.84014934 -0.52498360 -0.13616665
vn 0.84014934 0.52498360 -0.13616665
vn 0.84014934 0.52498360 0.13616665
vn 0.84607110 -0.52868390 0.06824242
vn 0.84607110 0.52868390 -0.06824242
vn 0.84607110 0.52868390 0.06824242
vn 0.84804810 -0.52991927 0.00000000
vn 0.84804810 -0.52991927 0.00000000
vn 0.84804810 0.52991927 0.00000000
vn 0.84804810 0.52991927 0.00000000
vn 0.06025447 -0.03203787 -0.99766874
vn 0.06025447 0.03203787 -0.99766874
vn 0.17964100 -0.09551682 -0.97908410
vn 0.17964100 -0.09551682 0.97908410
vn 0.17964100 0.09551682 -0.97908410
vn 0.17964100 0.09551682 0.97908410
vn 0.23821642 0.12666191 0.96291727
vn 0.29568115 -0.15721646 -0.94226090
vn 0.29568115 -0.15721646 0.94226090
vn 0.29568115 0.15721646 -0.94226090
vn 0.35176727 0.18703799 -0.91721130
vn 0.35176727 0.18703799 0.91721130
vn 0.40621330 -0.21598746 -0.88788520
vn 0.40621330 0.21598746 -0.88788520
vn 0.45876540 -0.24392990 0.85441940
vn 0.45876540 0.24392990 -0.85441940
vn 0.50917850 -0.27073503 -0.81696990
vn 0.50917850 -0.27073503 0.81696990
vn 0.50917850 0.27073503 0.81696990
vn 0.55721760 -0.29627785 -0.77571130
vn 0.55721760 -0.29627785 0.77571130
vn 0.55721760 0.29627785 -0.77571130
vn 0.55721760 0.29627785 0.77571130
vn 0.60265860 -0.32043928 -0.73083600
vn 0.60265860 0.32043928 -0.73083600
vn 0.60265860 0.32043928 -0.73083600
vn 0.60265860 0.32043928 0.73083600
vn 0.64528984 -0.34310672 -0.68255320
vn 0.64528984 -0.34310672 -0.68255320
vn 0.64528984 -0.34310672 0.68255320
vn 0.64528984 -0.34310672 0.68255320
vn 0.64528984 0.34310672 0.68255320
vn 0.64528984 0.34310672 0.68255320
vn 0.68491244 -0.36417440 -0.63108796
vn 0.68491244 -0.36417440 0.63108796
vn 0.68491244 0.36417440 -0.63108796
vn 0.68491244 0.36417440 0.63108796
vn 0.72134160 -0.38354415 -0.57668030
vn 0.72134160 -0.38354415 0.57668030
vn 0.72134160 0.38354415 -0.57668030
vn 0.72134160 0.38354415 0.57668030
vn 0.00000000 0.00000000 -1.00000000
vn 0.00000000 -0.00000000 -1.00000000
vn 0.00000000 0.00000000 1.00000000
vn 0.00000000 0.00000000 -1.00000000
vn 0.00000000 0.00000000 -1.00000000
vn 0.00000000 0.00000000 1.00000000
vn 0.75440760 -0.40112560 -0.51958394
vn 0.75440760 0.40112560 -0.51958394
vn 0.75440760 0.40112560 0.51958394
vn 0.78395610 0.41683686 -0.46006504
vn 0.78395610 0.41683686 0.46006504
vn 0.06234255 0.02775669 0.99766874
vn 0.80984950 -0.43060464 -0.39840108
vn 0.80984950 -0.43060464 0.39840108
vn 0.80984950 0.43060464 -0.39840108
vn 0.80984950 0.43060464 0.39840108
vn 0.83196700 -0.44236472 -0.33487960
vn 0.83196700 0.44236472 -0.33487960
vn 0.83196700 0.44236472 0.33487960
vn 0.85020550 0.45206228 0.26979676
vn 0.12439442 -0.05538397 -0.99068594
vn 0.12439442 -0.05538397 0.99068594
vn 0.86447996 -0.45965213 -0.20345601
vn 0.86447996 -0.45965213 0.20345601
vn 0.86447996 0.45965213 0.20345601
vn 0.87472380 -0.46509890 -0.13616665
vn 0.87472380 -0.46509890 0.13616665
vn 0.88088924 -0.46837710 -0.06824242
vn 0.88088924 -0.46837710 0.06824242
vn 0.88088924 0.46837710 -0.06824242
vn 0.88088924 0.46837710 0.06824242
vn 0.88294756 -0.46947157 0.00000000
vn 0.88294756 -0.46947157 0.00000000
vn 0.88294756 0.46947157 0.00000000
vn 0.88294756 0.46947157 0.00000000
vn 0.18586631 -0.08275302 0.97908410
vn 0.18586631 0.08275302 -0.97908410
vn 0.30592775 -0.13620780 -0.94226090
vn 0.30592775 -0.13620780 0.94226090
vn 0.30592775 0.13620780 -0.94226090
vn 0.30592775 0.13620780 0.94226090
vn 0.36395750 -0.16204432 -0.91721130
vn 0.36395750 -0.16204432 0.91721130
vn 0.42029032 0.18712531 -0.88788520
vn 0.42029032 0.18712531 0.88788520
vn 0.47466356 -0.21133383 0.85441940
vn 0.47466356 0.21133383 -0.85441940
vn 0.47466356 0.21133383 0.85441940
vn 0.52682370 -0.23455702 -0.81696990
vn 0.52682370 -0.23455702 0.81696990
vn 0.52682370 0.23455702 -0.81696990
vn 0.57652754 0.25668660 -0.77571130
vn 0.62354330 0.27761936 0.73083600
vn 0.00000000 0.00000000 -1.00000000
vn 0.00000000 -0.00000000 -1.00000000
vn 0.00000000 0.00000000 1.00000000
vn 0.00000000 0.00000000 -1.00000000
vn 0.00000000 0.00000000 -1.00000000
vn 0.00000000 0.00000000 1.00000000
vn 0.66765190 -0.29725778 -0.68255320
vn 0.66765190 -0.29725778 -0.68255320
vn 0.66765190 0.29725778 -0.68255320
vn 0.66765190 0.29725778 -0.68255320
vn 0.66765190 0.29725778 0.68255320
vn 0.66765190 0.29725778 0.68255320
vn 0.06412689 0.02334028 0.99766874
vn 0.70864755 -0.31551020 -0.63108796
vn 0.70864755 -0.31551020 0.63108796
vn 0.70864755 -0.31551020 0.63108796
vn 0.70864755 0.31551020 0.63108796
vn 0.74633914 -0.33229160 -0.57668030
vn 0.74633914 -0.33229160 0.57668030
vn 0.74633914 0.33229160 0.57668030
vn 0.12795480 -0.04657174 0.99068594
vn 0.78055096 -0.34752370 -0.51958394
vn 0.78055096 -0.34752370 0.51958394
vn 0.78055096 0.34752370 -0.51958394
vn 0.78055096 0.34752370 0.51958394
vn 0.81112350 -0.36113545 0.46006504
vn 0.81112350 0.36113545 -0.46006504
vn 0.81112350 0.36113545 0.46006504
vn 0.19118612 -0.06958605 -0.97908410
vn 0.19118612 0.06958605 -0.97908410
vn 0.19118612 0.06958605 0.97908410
vn 0.83791420 -0.37306345 0.39840108
vn 0.83791420 0.37306345 -0.39840108
vn 0.83791420 0.37306345 0.39840108
vn 0.86079820 -0.38325205 -0.33487960
vn 0.86079820 0.38325205 -0.33487960
vn 0.86079820 0.38325205 0.33487960
vn 0.87966870 -0.39165375 0.26979676
vn 0.87966870 0.39165375 -0.26979676
vn 0.87966870 0.39165375 0.26979676
vn 0.25352603 -0.09227593 0.96291727
vn 0.25352603 0.09227593 -0.96291727
vn 0.89443785 -0.39822936 -0.20345601
vn 0.89443785 -0.39822936 0.20345601
vn 0.89443785 0.39822936 -0.20345601
vn 0.89443785 0.39822936 0.20345601
vn 0.90503660 -0.40294830 -0.13616665
vn 0.90503660 -0.40294830 0.13616665
vn 0.90503660 0.40294830 -0.13616665
vn 0.90503660 0.40294830 0.13616665
vn 0.91141576 -0.40578845 -0.06824242
vn 0.91141576 -0.40578845 0.06824242
vn 0.91141576 0.40578845 -0.06824242
vn 0.91141576 0.40578845 0.06824242
vn 0.91354540 -0.40673664 0.00000000
vn 0.91354540 -0.40673664 0.00000000
vn 0.91354540 0.40673664 0.00000000
vn 0.91354540 0.40673664 0.00000000
vn 0.31468390 -0.11453557 -0.94226090
vn 0.31468390 -0.11453557 0.94226090
vn 0.31468390 0.11453557 0.94226090
vn 0.37437457 -0.13626120 0.91721130
vn 0.37437457 0.13626120 -0.91721130
vn 0.43231973 -0.15735151 -0.88788520
vn 0.43231973 -0.15735151 0.88788520
vn 0.43231973 0.15735151 -0.88788520
vn 0.48824920 -0.17770818 0.85441940
vn 0.48824920 0.17770818 -0.85441940
vn 0.48824920 0.17770818 0.85441940
vn 0.00000000 0.00000000 -1.00000000
vn 0.00000000 -0.00000000 -1.00000000
vn 0.00000000 0.00000000 1.00000000
vn 0.00000000 0.00000000 -1.00000000
vn 0.00000000 0.00000000 -1.00000000
vn 0.00000000 0.00000000 1.00000000
vn 0.54190224 -0.19723628 -0.81696990
vn 0.54190224 -0.19723628 0.81696990
vn 0.54190224 0.19723628 -0.81696990
vn 0.54190224 0.19723628 0.81696990
vn 0.59302866 -0.21584480 0.77571130
vn 0.59302866 0.21584480 0.77571130
vn 0.64139014 -0.23344693 0.73083600
vn 0.13089179 -0.03753262 0.99068594
vn 0.13089179 0.03753262 -0.99068594
vn 0.68676114 -0.24996062 -0.68255320
vn 0.68676114 -0.24996062 -0.68255320
vn 0.68676114 -0.24996062 0.68255320
vn 0.68676114 -0.24996062 0.68255320
vn 0.68676114 0.24996062 -0.68255320
vn 0.68676114 0.24996062 -0.68255320
vn 0.68676114 0.24996062 0.68255320
vn 0.68676114 0.24996062 0.68255320
vn 0.19557448 -0.05608008 -0.97908410
vn 0.19557448 -0.05608008 0.97908410
vn 0.19557448 0.05608008 0.97908410
vn 0.72893020 -0.26530890 -0.63108796
vn 0.72893020 0.26530890 -0.63108796
vn 0.76770055 -0.27942017 -0.57668030
vn 0.76770055 -0.27942017 0.57668030
vn 0.76770055 0.27942017 -0.57668030
vn 0.76770055 0.27942017 0.57668030
vn 0.25934530 0.07436607 -0.96291727
vn 0.80289160 -0.29222864 -0.51958394
vn 0.80289160 0.29222864 -0.51958394
vn 0.80289160 0.29222864 0.51958394
vn 0.83433920 -0.30367464 -0.46006504
vn 0.83433920 -0.30367464 0.46006504
vn 0.83433920 0.30367464 -0.46006504
vn 0.83433920 0.30367464 0.46006504
vn 0.32190695 -0.09230533 -0.94226090
vn 0.32190695 0.09230533 0.94226090
vn 0.86189670 -0.31370473 -0.39840108
vn 0.86189670 0.31370473 -0.39840108
vn 0.86189670 0.31370473 0.39840108
vn 0.88543564 -0.32227220 0.33487960
vn 0.88543564 0.32227220 -0.33487960
vn 0.88543564 0.32227220 0.33487960
vn 0.38296770 -0.10981423 -0.91721130
vn 0.38296770 -0.10981423 0.91721130
vn 0.38296770 0.10981423 -0.91721130
vn 0.38296770 0.10981423 0.91721130
vn 0.90484625 -0.32933712 -0.26979676
vn 0.90484625 -0.32933712 0.26979676
vn 0.90484625 0.32933712 -0.26979676
vn 0.92003810 -0.33486650 -0.20345601
vn 0.92003810 0.33486650 -0.20345601
vn 0.92003810 0.33486650 0.20345601
vn 0.00000000 0.00000000 -1.00000000
vn 0.00000000 -0.00000000 -1.00000000
vn 0.00000000 0.00000000 1.00000000
vn 0.00000000 0.00000000 -1.00000000
vn 0.00000000 0.00000000 -1.00000000
vn 0.00000000 0.00000000 1.00000000
vn 0.93094030 -0.33883455 -0.13616665
vn 0.93094030 -0.33883455 0.13616665
vn 0.93094030 0.33883455 0.13616665
vn 0.93750197 0.34122282 -0.06824242
vn 0.93750197 0.34122282 0.06824242
vn 0.93969260 -0.34202015 0.00000000
vn 0.93969260 -0.34202015 0.00000000
vn 0.93969260 0.34202015 0.00000000
vn 0.93969260 0.34202015 0.00000000
vn 0.44224290 -0.12681112 -0.88788520
vn 0.44224290 0.12681112 0.88788520
vn 0.06675115 0.01418840 0.99766874
vn 0.49945614 -0.14321674 -0.85441940
vn 0.49945614 -0.14321674 0.85441940
vn 0.49945614 0.14321674 0.85441940
vn 0.13319108 -0.02831064 0.99068594
vn 0.13319108 0.02831064 -0.99068594
vn 0.55434070 -0.15895464 -0.81696990
vn 0.55434070 -0.15895464 0.81696990
vn 0.55434070 0.15895464 -0.81696990
vn 0.55434070 0.15895464 0.81696990
vn 0.19901001 -0.04230088 -0.97908410
vn 0.19901001 0.04230088 0.97908410
vn 0.60664070 -0.17395142 -0.77571130
vn 0.60664070 -0.17395142 -0.77571130
vn 0.60664070 -0.17395142 0.77571130
vn 0.60664070 0.17395142 0.77571130
vn 0.65611220 0.18813714 0.73083600
vn 0.26390105 -0.05609390 -0.96291727
vn 0.26390105 0.05609390 -0.96291727
vn 0.00000000 0.00000000 -1.00000000
vn 0.00000000 -0.00000000 -1.00000000
vn 0.00000000 0.00000000 1.00000000
vn 0.00000000 0.00000000 -1.00000000
vn 0.00000000 0.00000000 -1.00000000
vn 0.00000000 0.00000000 1.00000000
vn 0.70252460 -0.20144570 0.68255320
vn 0.70252460 -0.20144570 0.68255320
vn 0.70252460 0.20144570 0.68255320
vn 0.70252460 0.20144570 0.68255320
vn 0.32756168 -0.06962538 0.94226090
vn 0.32756168 0.06962538 0.94226090
vn 0.74566156 -0.21381500 -0.63108796
vn 0.74566156 0.21381500 -0.63108796
vn 0.74566156 0.21381500 -0.63108796
vn 0.74566156 0.21381500 0.63108796
vn 0.06757829 -0.00949751 -0.99766874
vn 0.78532190 0.22518742 -0.57668030
vn 0.78532190 0.22518742 0.57668030
vn 0.38969508 -0.08283225 -0.91721130
vn 0.82132065 -0.23550990 -0.51958394
vn 0.82132065 -0.23550990 0.51958394
vn 0.82132065 0.23550990 -0.51958394
vn 0.82132065 0.23550990 0.51958394
vn 0.13484149 -0.01895073 0.99068594
vn 0.13484149 0.01895073 -0.99068594
vn 0.13484149 0.01895073 0.99068594
vn 0.85349005 -0.24473433 0.46006504
vn 0.85349005 0.24473433 -0.46006504
vn 0.45001152 -0.09565290 0.88788520
vn 0.45001152 0.09565290 -0.88788520
vn 0.45001152 0.09565290 0.88788520
vn 0.00000000 0.00000000 -1.00000000
vn 0.00000000 -0.00000000 -1.00000000
vn 0.00000000 0.00000000 1.00000000
vn 0.00000000 0.00000000 -1.00000000
vn 0.00000000 0.00000000 -1.00000000
vn 0.00000000 0.00000000 1.00000000
vn 0.88168010 -0.25281770 -0.39840108
vn 0.88168010 -0.25281770 0.39840108
vn 0.88168010 0.25281770 -0.39840108
vn 0.90575933 -0.25972232 0.33487960
vn 0.90575933 0.25972232 -0.33487960
vn 0.90575933 0.25972232 0.33487960
vn 0.50822980 -0.10802758 -0.85441940
vn 0.50822980 -0.10802758 0.85441940
vn 0.50822980 0.10802758 -0.85441940
vn 0.50822980 0.10802758 0.85441940
vn 0.92561550 -0.26541597 -0.26979676
vn 0.92561550 -0.26541597 0.26979676
vn 0.92561550 0.26541597 -0.26979676
vn 0.92561550 0.26541597 0.26979676
vn 0.00000000 0.00000000 -1.00000000
vn 0.00000000 0.00000000 -1.00000000
vn 0.00000000 0.00000000 1.00000000
vn 0.06807618 0.00476035 -0.99766874
vn 0.06807618 0.00476035 0.99766874
vn 0.94115600 -0.26987216 -0.20345601
vn 0.94115600 0.26987216 -0.20345601
vn 0.94115600 0.26987216 0.20345601
vn 0.95230850 -0.27307007 -0.13616665
vn 0.95230850 -0.27307007 0.13616665
vn 0.95230850 0.27307007 -0.13616665
vn 0.95230850 0.27307007 0.13616665
vn 0.95902080 -0.27499480 -0.06824242
vn 0.95902080 -0.27499480 0.06824242
vn 0.95902080 0.27499480 -0.06824242
vn 0.95902080 0.27499480 0.06824242
vn 0.96126170 -0.27563736 0.00000000
vn 0.96126170 -0.27563736 0.00000000
vn 0.96126170 0.27563736 0.00000000
vn 0.96126170 0.27563736 0.00000000
vn 0.26717110 -0.03754845 -0.96291727
vn 0.26717110 0.03754845 0.96291727
vn 0.56407845 -0.11989858 -0.81696990
vn 0.56407845 -0.11989858 0.81696990
vn 0.56407845 0.11989858 -0.81696990
vn 0.56407845 0.11989858 0.81696990
vn 0.13583495 -0.00949851 -0.99068594
vn 0.13583495 -0.00949851 0.99068594
vn 0.61729720 -0.13121057 -0.77571130
vn 0.61729720 -0.13121057 0.77571130
vn 0.61729720 0.13121057 -0.77571130
vn 0.61729720 0.13121057 0.77571130
vn 0.33162057 -0.04660624 -0.94226090
vn 0.33162057 -0.04660624 0.94226090
vn 0.33162057 0.04660624 -0.94226090
vn 0.33162057 0.04660624 0.94226090
vn 0.13616665 0.00000000 -0.99068594
vn 0.13616665 0.00000000 0.99068594
vn 0.66763770 -0.14191078 -0.73083600
vn 0.66763770 -0.14191078 0.73083600
vn 0.66763770 0.14191078 -0.73083600
vn 0.66763770 0.14191078 0.73083600
vn 0.39452390 -0.05544671 0.91721130
vn 0.71486545 -0.15194935 -0.68255320
vn 0.71486545 -0.15194935 -0.68255320
vn 0.71486545 -0.15194935 0.68255320
vn 0.71486545 -0.15194935 0.68255320
vn 0.71486545 0.15194935 -0.68255320
vn 0.71486545 0.15194935 -0.68255320
vn 0.26913956 -0.01882007 0.96291727
vn 0.26913956 0.01882007 -0.96291727
vn 0.26913956 0.01882007 0.96291727
vn 0.45558771 -0.06402868 -0.88788520
vn 0.45558771 0.06402868 -0.88788520
vn 0.75876015 -0.16127944 -0.63108796
vn 0.75876015 -0.16127944 0.63108796
vn 0.75876015 0.16127944 -0.63108796
vn 0.75876015 0.16127944 0.63108796
vn 0.75876015 0.16127944 0.63108796
vn 0.26979676 0.00000000 -0.96291727
vn 0.26979676 0.00000000 0.96291727
vn 0.79911715 -0.16985759 -0.57668030
vn 0.79911715 -0.16985759 0.57668030
vn 0.79911715 0.16985759 0.57668030
vn 0.33406386 -0.02336002 -0.94226090
vn 0.33406386 0.02336002 0.94226090
vn 0.51452740 -0.07231211 -0.85441940
vn 0.51452740 0.07231211 0.85441940
vn 0.83574830 -0.17764378 -0.51958394
vn 0.83574830 -0.17764378 0.51958394
vn 0.83574830 0.17764378 -0.51958394
vn 0.83574830 0.17764378 0.51958394
vn 0.33487960 0.00000000 -0.94226090
vn 0.33487960 0.00000000 0.94226090
vn 0.57106810 -0.08025839 -0.81696990
vn 0.39743060 -0.02779105 0.91721130
vn 0.86848277 -0.18460172 -0.46006504
vn 0.86848277 -0.18460172 0.46006504
vn 0.86848277 0.18460172 -0.46006504
vn 0.86848277 0.18460172 0.46006504
vn 0.89716804 -0.19069895 -0.39840108
vn 0.89716804 -0.19069895 0.39840108
vn 0.89716804 0.19069895 -0.39840108
vn 0.89716804 0.19069895 0.39840108
vn 0.62494624 -0.08783047 -0.77571130
vn 0.62494624 -0.08783047 -0.77571130
vn 0.62494624 -0.08783047 0.77571130
vn 0.62494624 0.08783047 -0.77571130
vn 0.62494624 0.08783047 0.77571130
vn 0.92167026 -0.19590706 -0.33487960
vn 0.92167026 0.19590706 -0.33487960
vn 0.92167026 0.19590706 0.33487960
vn 0.39840108 0.00000000 -0.91721130
vn 0.39840108 0.00000000 0.91721130
vn 0.45894435 -0.03209252 -0.88788520
vn 0.45894435 -0.03209252 0.88788520
vn 0.45894435 0.03209252 0.88788520
vn 0.94187520 -0.20020176 -0.26979676
vn 0.94187520 -0.20020176 0.26979676
vn 0.94187520 0.20020176 -0.26979676
vn 0.94187520 0.20020176 0.26979676
vn 0.95768875 -0.20356303 -0.20345601
vn 0.95768875 -0.20356303 0.20345601
vn 0.95768875 0.20356303 -0.20345601
vn 0.95768875 0.20356303 0.20345601
vn 0.67591060 -0.09499304 0.73083600
vn 0.67591060 0.09499304 -0.73083600
vn 0.67591060 0.09499304 0.73083600
vn 0.96903706 -0.20597519 -0.13616665
vn 0.96903706 0.20597519 0.13616665
vn 0.97586733 -0.20742700 -0.06824242
vn 0.97586733 -0.20742700 0.06824242
vn 0.97586733 0.20742700 0.06824242
vn 0.97814760 -0.20791169 0.00000000
vn 0.97814760 -0.20791169 0.00000000
vn 0.97814760 0.20791169 0.00000000
vn 0.97814760 0.20791169 0.00000000
vn 0.51831830 -0.03624434 -0.85441940
vn 0.51831830 0.03624434 -0.85441940
vn 0.51831830 0.03624434 0.85441940
vn 0.46006504 0.00000000 -0.88788520
vn 0.46006504 0.00000000 0.88788520
vn 0.72372353 -0.10171271 0.68255320
vn 0.72372353 -0.10171271 0.68255320
vn 0.72372353 0.10171271 -0.68255320
vn 0.72372353 0.10171271 -0.68255320
vn 0.72372353 0.10171271 0.68255320
vn 0.72372353 0.10171271 0.68255320
vn 0.57527554 -0.04022719 -0.81696990
vn 0.57527554 -0.04022719 0.81696990
vn 0.57527554 0.04022719 -0.81696990
vn 0.57527554 0.04022719 0.81696990
vn 0.51958394 0.00000000 -0.85441940
vn 0.51958394 0.00000000 0.85441940
vn 0.76816213 -0.10795815 -0.63108796
vn 0.76816213 -0.10795815 0.63108796
vn 0.76816213 0.10795815 0.63108796
vn 0.62955064 -0.04402247 -0.77571130
vn 0.62955064 -0.04402247 0.77571130
vn 0.62955064 0.04402247 -0.77571130
vn 0.80901920 -0.11370023 -0.57668030
vn 0.80901920 -0.11370023 0.57668030
vn 0.80901920 0.11370023 0.57668030
vn 0.57668030 0.00000000 -0.81696990
vn 0.84610426 -0.11891220 0.51958394
vn 0.84610426 0.11891220 -0.51958394
vn 0.84610426 0.11891220 0.51958394
vn 0.68089050 -0.04761250 -0.73083600
vn 0.68089050 -0.04761250 -0.73083600
vn 0.68089050 -0.04761250 0.73083600
vn 0.68089050 0.04761250 -0.73083600
vn 0.68089050 0.04761250 -0.73083600
vn 0.68089050 0.04761250 0.73083600
vn 0.63108796 0.00000000 -0.77571130
vn 0.63108796 0.00000000 0.77571130
vn 0.87924440 -0.12356974 -0.46006504
vn 0.87924440 -0.12356974 0.46006504
vn 0.87924440 0.12356974 -0.46006504
vn 0.72905570 -0.05098054 -0.68255320
vn 0.72905570 -0.05098054 0.68255320
vn 0.72905570 -0.05098054 0.68255320
vn 0.72905570 0.05098054 0.68255320
vn 0.72905570 0.05098054 0.68255320
vn 0.90828510 -0.12765114 -0.39840108
vn 0.90828510 -0.12765114 0.39840108
vn 0.90828510 0.12765114 -0.39840108
vn 0.68255320 0.00000000 -0.73083600
vn 0.68255320 0.00000000 -0.73083600
vn 0.93309090 -0.13113737 -0.33487960
vn 0.93309090 0.13113737 -0.33487960
vn 0.93309090 0.13113737 0.33487960
vn 0.77382170 -0.05411088 -0.63108796
vn 0.77382170 -0.05411088 0.63108796
vn 0.77382170 0.05411088 -0.63108796
vn 0.77382170 0.05411088 0.63108796
vn 0.95354620 -0.13401218 -0.26979676
vn 0.95354620 -0.13401218 0.26979676
vn 0.95354620 0.13401218 -0.26979676
vn 0.95354620 0.13401218 0.26979676
vn 0.73083600 0.00000000 -0.68255320
vn 0.73083600 0.00000000 0.68255320
vn 0.73083600 0.00000000 0.68255320
vn 0.96955574 -0.13626216 -0.20345601
vn 0.96955574 -0.13626216 0.20345601
vn 0.96955574 0.13626216 -0.20345601
vn 0.98104465 -0.13787684 -0.13616665
vn 0.98104465 -0.13787684 0.13616665
vn 0.98104465 0.13787684 -0.13616665
vn 0.98104465 0.13787684 0.13616665
vn 0.98795950 -0.13884866 -0.06824242
vn 0.98795950 -0.13884866 0.06824242
vn 0.98795950 0.13884866 -0.06824242
vn 0.98795950 0.13884866 0.06824242
vn 0.81497980 -0.05698894 -0.57668030
vn 0.81497980 0.05698894 -0.57668030
vn 0.81497980 0.05698894 0.57668030
vn 0.99026805 -0.13917310 0.00000000
vn 0.99026805 -0.13917310 0.00000000
vn 0.99026805 0.13917310 0.00000000
vn 0.99026805 0.13917310 0.00000000
vn 0.85233810 -0.05960128 -0.51958394
vn 0.85233810 -0.05960128 0.51958394
vn 0.85233810 0.05960128 0.51958394
vn 0.81696990 0.00000000 0.57668030
vn 0.88572240 0.06193574 -0.46006504
vn 0.88572240 0.06193574 0.46006504
vn 0.85441940 0.00000000 -0.51958394
vn 0.85441940 0.00000000 0.51958394
vn 0.91497700 -0.06398143 -0.39840108
vn 0.91497700 -0.06398143 0.39840108
vn 0.91497700 0.06398143 -0.39840108
vn 0.91497700 0.06398143 0.39840108
vn 0.93996560 -0.06572880 0.33487960
vn 0.93996560 0.06572880 -0.33487960
vn 0.93996560 0.06572880 0.33487960
vn 0.88788520 0.00000000 -0.46006504
vn 0.88788520 0.00000000 0.46006504
vn 0.96057165 -0.06716971 -0.26979676
vn 0.96057165 -0.06716971 0.26979676
vn 0.96057165 0.06716971 -0.26979676
vn 0.96057165 0.06716971 0.26979676
vn 0.91721130 0.00000000 -0.39840108
vn 0.91721130 0.00000000 0.39840108
vn 0.97669910 -0.06829745 -0.20345601
vn 0.97669910 -0.06829745 0.20345601
vn 0.97669910 0.06829745 0.20345601
vn 0.98827267 -0.06910676 -0.13616665
vn 0.98827267 -0.06910676 0.13616665
vn 0.98827267 0.06910676 -0.13616665
vn 0.98827267 0.06910676 0.13616665
vn 0.99523850 -0.06959385 -0.06824242
vn 0.99523850 -0.06959385 0.06824242
vn 0.99523850 0.06959385 -0.06824242
vn 0.99523850 0.06959385 0.06824242
vn 0.99756410 -0.06975647 0.00000000
vn 0.99756410 -0.06975647 0.00000000
vn 0.99756410 0.06975647 0.00000000
vn 0.99756410 0.06975647 0.00000000
vn 0.94226090 0.00000000 -0.33487960
vn 0.94226090 0.00000000 0.33487960
vn 0.96291727 0.00000000 -0.26979676
vn 0.96291727 0.00000000 0.26979676
vn 0.97908410 0.00000000 0.20345601
vn 0.99068594 0.00000000 -0.13616665
vn 0.99068594 0.00000000 0.13616665
vn 0.99766874 0.00000000 -0.06824242
vn 0.99766874 0.00000000 0.06824242
vn 1.00000000 0.00000000 0.00000000
vn 1.00000000 0.00000000 0.00000000
vn 1.00000000 0.00000000 0.00000000
vn 1.00000000 0.00000000 0.00000000
vt 0.57635320 0.78576670
vt 0.57635320 0.78576670
vt 0.50668630 0.78577340
vt 0.50668630 0.78577340
vt 0.50549610 0.78577423
vt 0.57813420 0.78576624
vt 0.57872850 0.78576600
vt 0.50430500 0.78577507
vt 0.57635590 0.80069596
vt 0.50669116 0.80070150
vt 0.57635224 0.77083820
vt 0.50668410 0.77084340
vt 0.57694680 0.77083830
vt 0.50550437 0.80070186
vt 0.50549483 0.77084315
vt 0.57813895 0.80069580
vt 0.57813560 0.77083844
vt 0.50311290 0.78577596
vt 0.50430495 0.77084297
vt 0.58051395 0.78576550
vt 0.57933030 0.80069566
vt 0.50372290 0.80070260
vt 0.57932580 0.77083860
vt 0.50312860 0.80070280
vt 0.57992107 0.77083874
vt 0.58111100 0.78576530
vt 0.50191810 0.78577680
vt 0.50251794 0.77084273
vt 0.58112000 0.80069536
vt 0.50072030 0.78577770
vt 0.57635605 0.81562530
vt 0.50669180 0.81562840
vt 0.57635176 0.75590920
vt 0.50668320 0.75591373
vt 0.50134015 0.80070364
vt 0.58171110 0.77083900
vt 0.50132114 0.77084243
vt 0.57754390 0.81562540
vt 0.50550354 0.81562820
vt 0.57754105 0.75590940
vt 0.50549560 0.75591420
vt 0.42138705 0.84708333
vt 0.58290553 0.78576470
vt 0.57873120 0.75590944
vt 0.41730264 0.86133343
vt 0.58231950 0.80069520
vt 0.50074255 0.80070394
vt 0.58230920 0.77083910
vt 0.57932645 0.81562537
vt 0.50372070 0.81562790
vt 0.50371340 0.75591490
vt 0.42081675 0.84691580
vt 0.58350800 0.78575003
vt 0.42917547 0.28243650
vt 0.49951816 0.78577876
vt 0.50312450 0.81562770
vt 0.57992280 0.75590960
vt 0.42819400 0.26768923
vt 0.50012136 0.77084200
vt 0.58051850 0.81562537
vt 0.50252190 0.75591564
vt 0.42443383 0.83260700
vt 0.58350915 0.77083933
vt 0.58111435 0.81562540
vt 0.50192610 0.75591590
vt 0.42799270 0.28251803
vt 0.50133485 0.81562734
vt 0.58171370 0.75590970
vt 0.41563280 0.86073583
vt 0.42910388 0.29717612
vt 0.49894290 0.80070496
vt 0.42701950 0.26785183
vt 0.58230996 0.81562530
vt 0.41910905 0.84643390
vt 0.42327368 0.83236460
vt 0.42761275 0.81816673
vt 0.58291350 0.75590990
vt 0.42558923 0.25312710
vt 0.50013160 0.75591700
vt 0.42681077 0.28259957
vt 0.41452090 0.86033785
vt 0.57635780 0.83055440
vt 0.50669116 0.83055630
vt 0.57635045 0.74097970
vt 0.50667970 0.74098310
vt 0.57694570 0.74097930
vt 0.50608224 0.74098310
vt 0.57754743 0.83055420
vt 0.50550290 0.83055604
vt 0.41059577 0.87460940
vt 0.58350950 0.81562530
vt 0.42917547 0.31191516
vt 0.49953637 0.81562680
vt 0.50489014 0.74098310
vt 0.57873790 0.83055400
vt 0.50431406 0.83055580
vt 0.57872910 0.74097854
vt 0.41396523 0.86013895
vt 0.42732820 0.29717618
vt 0.42526197 0.26809508
vt 0.41797087 0.84611267
vt 0.57933380 0.83055380
vt 0.50369690 0.74098310
vt 0.42643830 0.81800485
vt 0.42442890 0.25336970
vt 0.57992150 0.74097800
vt 0.58052640 0.83055365
vt 0.50252830 0.83055556
vt 0.50250140 0.74098310
vt 0.42673606 0.29717612
vt 0.42153755 0.83200216
vt 0.42467610 0.26817626
vt 0.40951160 0.87413490
vt 0.42799294 0.31183368
vt 0.42585135 0.81792390
vt 0.41740150 0.84595190
vt 0.42740157 0.31179290
vt 0.42327005 0.25361192
vt 0.41285396 0.85974120
vt 0.58172200 0.83055340
vt 0.58171266 0.74097710
vt 0.50130326 0.74098310
vt 0.42504120 0.28272152
vt 0.50073546 0.83055526
vt 0.42252848 0.23860061
vt 0.50070184 0.74098325
vt 0.42555250 0.29717606
vt 0.42037988 0.83176040
vt 0.42350462 0.26833850
vt 0.41626390 0.84563094
vt 0.40455708 0.88813810
vt 0.58292160 0.83055300
vt 0.42917547 0.80346460
vt 0.58291310 0.74097645
vt 0.40788950 0.87342490
vt 0.42622040 0.31171150
vt 0.42409435 0.81768167
vt 0.42211200 0.25385410
vt 0.41174300 0.85934365
vt 0.41980070 0.83163940
vt 0.42760888 0.32658243
vt 0.49953496 0.83055510
vt 0.42139150 0.23893595
vt 0.49950156 0.74101370
vt 0.42386076 0.28280294
vt 0.40734792 0.87318790
vt 0.42350817 0.81760085
vt 0.40350968 0.88759005
vt 0.42799250 0.80338347
vt 0.42233348 0.26850063
vt 0.42643455 0.32641970
vt 0.42740145 0.80334294
vt 0.42025130 0.23925787
vt 0.42503962 0.31163013
vt 0.57635780 0.84548410
vt 0.50668925 0.84548510
vt 0.57634830 0.72605133
vt 0.50668234 0.72605276
vt 0.50608940 0.72605234
vt 0.57754624 0.84548396
vt 0.50550060 0.84548450
vt 0.57753540 0.72605110
vt 0.50490195 0.72605180
vt 0.42377928 0.29717600
vt 0.41455950 0.84515010
vt 0.41455950 0.84515010
vt 0.42268040 0.28288436
vt 0.57872310 0.72605100
vt 0.40246326 0.88704260
vt 0.57932960 0.84548380
vt 0.50371690 0.84548360
vt 0.50371367 0.72605110
vt 0.40626620 0.87271446
vt 0.42037740 0.25421690
vt 0.50312126 0.84548310
vt 0.41007800 0.85874766
vt 0.41007800 0.85874766
vt 0.42318723 0.29717594
vt 0.41806638 0.83127720
vt 0.41806638 0.83127720
vt 0.42116228 0.26866275
vt 0.42526147 0.32625730
vt 0.41911232 0.23957956
vt 0.58052250 0.84548366
vt 0.58050750 0.72605070
vt 0.42175260 0.81735873
vt 0.41979855 0.25433790
vt 0.50192780 0.84548235
vt 0.50192714 0.72605014
vt 0.42563155 0.80322160
vt 0.58171755 0.84548360
vt 0.58170070 0.72605056
vt 0.42327070 0.31150836
vt 0.40089676 0.88622284
vt 0.41797408 0.23990095
vt 0.39705417 0.90094435
vt 0.58291630 0.84548354
vt 0.42558753 0.34122753
vt 0.50013280 0.84548110
vt 0.41731572 0.22471052
vt 0.50013256 0.72604920
vt 0.40464586 0.87200510
vt 0.40464586 0.87200510
vt 0.42268017 0.31146765
vt 0.42058130 0.81719720
vt 0.42058130 0.81719720
vt 0.41864140 0.25457996
vt 0.42350498 0.32601404
vt 0.42445144 0.80314070
vt 0.42910334 0.78869003
vt 0.58349760 0.72605026
vt 0.42442754 0.34098452
vt 0.41620114 0.22511035
vt 0.39985183 0.88567620
vt 0.42386120 0.80310017
vt 0.41683630 0.24022222
vt 0.39554676 0.90001740
vt 0.42791770 0.78869020
vt 0.42233320 0.32585186
vt 0.41626690 0.24038297
vt 0.42326880 0.34074180
vt 0.41508800 0.22550958
vt 0.39454243 0.89939970
vt 0.41453160 0.22570920
vt 0.57635844 0.86041390
vt 0.50668720 0.86041590
vt 0.57634990 0.71112335
vt 0.50668170 0.71112380
vt 0.57695425 0.86041410
vt 0.50608700 0.71112390
vt 0.50549570 0.86041640
vt 0.57753867 0.71112380
vt 0.50549220 0.71112394
vt 0.39828630 0.88485710
vt 0.39828630 0.88485710
vt 0.42116160 0.32568955
vt 0.42209300 0.80297900
vt 0.42209300 0.80297900
vt 0.41512915 0.24070418
vt 0.57814430 0.86041427
vt 0.50430330 0.86041710
vt 0.57872820 0.71112430
vt 0.42211100 0.34049934
vt 0.42614320 0.78869057
vt 0.57933533 0.86041445
vt 0.50370860 0.71112406
vt 0.50310946 0.86041760
vt 0.50311210 0.71112406
vt 0.39353865 0.89878240
vt 0.58051430 0.71112490
vt 0.58112460 0.86041486
vt 0.50191260 0.86041820
vt 0.58111190 0.71112525
vt 0.42095363 0.34025700
vt 0.42496000 0.78869087
vt 0.41286507 0.22630668
vt 0.50132143 0.71112420
vt 0.38914052 0.91354360
vt 0.58232280 0.86041510
vt 0.42251754 0.35574794
vt 0.50071290 0.86041874
vt 0.58230907 0.71112580
vt 0.41169210 0.21099925
vt 0.50012130 0.71112430
vt 0.39203490 0.89785760
vt 0.41979647 0.34001464
vt 0.42377695 0.78869116
vt 0.41175348 0.22670525
vt 0.42138085 0.35541368
vt 0.49951226 0.86038910
vt 0.42858010 0.77395326
vt 0.58350950 0.71112645
vt 0.38770232 0.91251534
vt 0.41060823 0.21147442
vt 0.42739734 0.77403520
vt 0.41006657 0.21171194
vt 0.39103160 0.89724046
vt 0.39103160 0.89724046
vt 0.41863940 0.33977234
vt 0.42259410 0.78869140
vt 0.42259410 0.78869140
vt 0.41064185 0.22710371
vt 0.38674423 0.91183037
vt 0.41967335 0.35493147
vt 0.42680576 0.77407634
vt 0.40952462 0.21194959
vt 0.42562416 0.77415836
vt 0.38530943 0.91080475
vt 0.41796803 0.35444993
vt 0.40790360 0.21266013
vt 0.57635710 0.87534310
vt 0.50669060 0.87534560
vt 0.57635190 0.69619380
vt 0.50668097 0.69619450
vt 0.57695030 0.87534326
vt 0.50609845 0.87534595
vt 0.57694630 0.69619405
vt 0.50608780 0.69619490
vt 0.50549453 0.69619524
vt 0.57813530 0.69619440
vt 0.50490105 0.69619560
vt 0.38483098 0.91046274
vt 0.41739914 0.35428930
vt 0.42444313 0.77424026
vt 0.57873120 0.87534350
vt 0.50431840 0.87534660
vt 0.50312940 0.87534720
vt 0.57992010 0.69619495
vt 0.50311774 0.69619656
vt 0.40682244 0.21313423
vt 0.58051600 0.87534390
vt 0.50253480 0.87534760
vt 0.58111215 0.87534404
vt 0.58111410 0.69619536
vt 0.50192505 0.69619733
vt 0.38387415 0.90977883
vt 0.42326240 0.77432215
vt 0.50134236 0.87534810
vt 0.58171314 0.69619566
vt 0.41569492 0.35380805
vt 0.37942415 0.92485386
vt 0.58290553 0.87534440
vt 0.42758570 0.75921000
vt 0.58291256 0.69619610
vt 0.40510833 0.19770634
vt 0.50013000 0.69619846
vt 0.38291746 0.90909500
vt 0.38291746 0.90909500
vt 0.41512603 0.35364747
vt 0.42208174 0.77440390
vt 0.42208174 0.77440390
vt 0.40520250 0.21384448
vt 0.41675570 0.36943954
vt 0.49954647 0.87534880
vt 0.40406075 0.19825518
vt 0.37806195 0.92372950
vt 0.42582643 0.75945460
vt 0.41508618 0.36884140
vt 0.42465448 0.75961757
vt 0.40249324 0.19907618
vt 0.37670195 0.92260706
vt 0.41397336 0.36844277
vt 0.40197050 0.19934994
vt 0.42348313 0.75978030
vt 0.40092576 0.19989723
vt 0.37534302 0.92148536
vt 0.41230670 0.36784560
vt 0.42231217 0.75994295
vt 0.57635885 0.89027180
vt 0.50668890 0.89027440
vt 0.57635415 0.68126290
vt 0.50667715 0.68126370
vt 0.57694966 0.68126285
vt 0.50549936 0.89027370
vt 0.57754510 0.68126285
vt 0.50548595 0.68126390
vt 0.57814080 0.89027140
vt 0.50490415 0.89027320
vt 0.39988120 0.20044440
vt 0.57873560 0.68126285
vt 0.50429360 0.68126430
vt 0.50371337 0.89027256
vt 0.57992595 0.89027095
vt 0.57992760 0.68126297
vt 0.50309950 0.68126476
vt 0.41119483 0.36744708
vt 0.58052300 0.89027070
vt 0.50252070 0.89027184
vt 0.58052450 0.68126310
vt 0.50250036 0.68126500
vt 0.58112220 0.68126310
vt 0.37398434 0.92036396
vt 0.37398434 0.92036396
vt 0.41063857 0.36724776
vt 0.42055732 0.76018660
vt 0.42055732 0.76018660
vt 0.39883676 0.20099151
vt 0.50132495 0.89027107
vt 0.50130254 0.68126550
vt 0.36981136 0.93625104
vt 0.58231640 0.89027010
vt 0.42555815 0.74453104
vt 0.58231960 0.68126320
vt 0.39809960 0.18459445
vt 0.50070060 0.68126580
vt 0.36938370 0.93584500
vt 0.41169113 0.38335490
vt 0.50012540 0.89027023
vt 0.42439690 0.74477430
vt 0.39709315 0.18521357
vt 0.41060704 0.38287938
vt 0.36810455 0.93463040
vt 0.42323706 0.74501730
vt 0.40952420 0.38240420
vt 0.42265728 0.74513876
vt 0.39558738 0.18613976
vt 0.36725220 0.93382096
vt 0.40844232 0.38192952
vt 0.42149898 0.74538160
vt 0.39458403 0.18675720
vt 0.39408246 0.18706572
vt 0.36597574 0.93260870
vt 0.40736090 0.38145512
vt 0.36554974 0.93220407
vt 0.41976437 0.74574520
vt 0.39307946 0.18768280
vt 0.40627968 0.38098085
vt 0.57636100 0.90520120
vt 0.50668860 0.90520513
vt 0.57635500 0.66633150
vt 0.50667804 0.66633190
vt 0.57694924 0.66633165
vt 0.57754940 0.90520096
vt 0.57754370 0.66633177
vt 0.50548965 0.66633150
vt 0.36427402 0.93099207
vt 0.36427402 0.93099207
vt 0.40519845 0.38050663
vt 0.41803020 0.74610880
vt 0.41803020 0.74610880
vt 0.39157640 0.18860751
vt 0.50490600 0.90520540
vt 0.57813820 0.66633180
vt 0.50489527 0.66633105
vt 0.57873863 0.90520066
vt 0.50430995 0.90520567
vt 0.57933336 0.90520054
vt 0.57932764 0.66633177
vt 0.50370526 0.66633060
vt 0.58052444 0.90520024
vt 0.50252270 0.90520614
vt 0.58051930 0.66633177
vt 0.50251323 0.66633004
vt 0.50132560 0.90520670
vt 0.42248290 0.72998303
vt 0.58171463 0.66633180
vt 0.50131860 0.66632930
vt 0.35898888 0.94656310
vt 0.58231670 0.90519970
vt 0.40562260 0.39691478
vt 0.50072580 0.90520686
vt 0.42134058 0.73030620
vt 0.38920897 0.17263752
vt 0.50011986 0.66632860
vt 0.35819405 0.94569410
vt 0.40405247 0.39609260
vt 0.42019987 0.73062885
vt 0.38824883 0.17332429
vt 0.35740057 0.94482640
vt 0.38776866 0.17366767
vt 0.40300694 0.39554518
vt 0.41906077 0.73095120
vt 0.35660753 0.94395936
vt 0.41849115 0.73111236
vt 0.38680965 0.17435348
vt 0.40196210 0.39499800
vt 0.35581505 0.94309294
vt 0.41735327 0.73143440
vt 0.38585144 0.17503900
vt 0.35541860 0.94265926
vt 0.38537190 0.17538208
vt 0.40039688 0.39417833
vt 0.41621563 0.73175630
vt 0.35462640 0.94179320
vt 0.38393680 0.17640847
vt 0.35383440 0.94092715
vt 0.35383440 0.94092715
vt 0.39883190 0.39335895
vt 0.41451132 0.73223860
vt 0.41451132 0.73223860
vt 0.38345745 0.17675143
vt 0.57636374 0.92013150
vt 0.50668950 0.92013574
vt 0.57635653 0.65139940
vt 0.50667770 0.65140120
vt 0.50608390 0.65140150
vt 0.57814580 0.92013115
vt 0.50490860 0.92013590
vt 0.50489560 0.65140190
vt 0.50431436 0.92013603
vt 0.57873154 0.65139960
vt 0.50430110 0.65140224
vt 0.57932866 0.65139960
vt 0.50370610 0.65140250
vt 0.57993110 0.92013085
vt 0.50312440 0.92013620
vt 0.57992566 0.65139960
vt 0.41891918 0.71543217
vt 0.58052340 0.65139970
vt 0.58112610 0.92013050
vt 0.41836290 0.71564370
vt 0.58112234 0.65140986
vt 0.50191780 0.65140350
vt 0.34781507 0.95654250
vt 0.58172596 0.92013030
vt 0.50133480 0.92013650
vt 0.39810410 0.40976268
vt 0.50073570 0.92013663
vt 0.41724490 0.71604600
vt 0.50072050 0.65140420
vt 0.37995806 0.16098619
vt 0.50011986 0.65140460
vt 0.34671983 0.95516264
vt 0.39709604 0.40914260
vt 0.41557413 0.71664690
vt 0.39608976 0.40852350
vt 0.37859680 0.16211122
vt 0.34562716 0.95378600
vt 0.41446128 0.71704710
vt 0.37814304 0.16248620
vt 0.39508456 0.40790498
vt 0.41390496 0.71724737
vt 0.34489894 0.95286876
vt 0.37723630 0.16323555
vt 0.34453508 0.95241046
vt 0.37678298 0.16361028
vt 0.39357978 0.40697902
vt 0.41223940 0.71784610
vt 0.39307743 0.40666986
vt 0.37587670 0.16435910
vt 0.34344393 0.95103616
vt 0.41112843 0.71824550
vt 0.37542343 0.16473371
vt 0.39207357 0.40605217
vt 0.34271600 0.95011955
vt 0.34271600 0.95011955
vt 0.39157122 0.40574300
vt 0.41001746 0.71864500
vt 0.41001746 0.71864500
vt 0.37451738 0.16548252
vt 0.57636630 0.93506260
vt 0.50668794 0.93506634
vt 0.57635640 0.63646660
vt 0.50667510 0.63646960
vt 0.57695100 0.63646650
vt 0.57755420 0.93506180
vt 0.50549990 0.93506540
vt 0.50548404 0.63646970
vt 0.50488704 0.63646970
vt 0.50431114 0.93506430
vt 0.57873370 0.63646674
vt 0.50428960 0.63646970
vt 0.57933676 0.93506090
vt 0.50371610 0.93506360
vt 0.57993220 0.93506050
vt 0.41375920 0.70136280
vt 0.57992520 0.63646680
vt 0.50309630 0.63646970
vt 0.50252473 0.93506265
vt 0.50249740 0.63646980
vt 0.33593175 0.96578640
vt 0.58112480 0.93505990
vt 0.50189906 0.63646996
vt 0.39015347 0.42239958
vt 0.50133115 0.93506175
vt 0.41213098 0.70207715
vt 0.33528152 0.96480685
vt 0.58232105 0.93503650
vt 0.37033832 0.14958698
vt 0.50070137 0.63646970
vt 0.41104805 0.70255226
vt 0.33461700 0.96383800
vt 0.38871410 0.42136824
vt 0.36948502 0.15039909
vt 0.38823473 0.42102468
vt 0.40996660 0.70302690
vt 0.36905897 0.15080458
vt 0.36863318 0.15120983
vt 0.33362260 0.96238834
vt 0.38727683 0.42033845
vt 0.40888625 0.70350090
vt 0.40834683 0.70373770
vt 0.36778122 0.15202057
vt 0.33295965 0.96142185
vt 0.38631958 0.41965270
vt 0.36735523 0.15242600
vt 0.38584080 0.41930956
vt 0.40672883 0.70444760
vt 0.36650375 0.15323597
vt 0.33196703 0.95997460
vt 0.38440692 0.41828270
vt 0.36565256 0.15404564
vt 0.40511140 0.70515746
vt 0.33097480 0.95852770
vt 0.33097480 0.95852770
vt 0.38345020 0.41759747
vt 0.40457234 0.70539400
vt 0.40457234 0.70539400
vt 0.36480132 0.15485531
vt 0.57630100 0.16666675
vt 0.57637095 0.94999570
vt 0.50613900 0.16667199
vt 0.50668466 0.95000000
vt 0.57635660 0.62153390
vt 0.50667660 0.62153830
vt 0.57690470 0.16666663
vt 0.57696940 0.94999530
vt 0.57695140 0.62153390
vt 0.50608414 0.62153770
vt 0.50493866 0.16667461
vt 0.50549170 0.94999750
vt 0.57814056 0.62153375
vt 0.50489720 0.62153730
vt 0.57870390 0.16667747
vt 0.57875480 0.94998400
vt 0.50373860 0.16668326
vt 0.50429860 0.94998890
vt 0.50430405 0.62153685
vt 0.57930650 0.16668380
vt 0.57935196 0.94997750
vt 0.57933086 0.62153380
vt 0.50253850 0.16669774
vt 0.50310530 0.94997440
vt 0.40711662 0.68791210
vt 0.57992700 0.62153390
vt 0.50251990 0.62153600
vt 0.32312346 0.97367185
vt 0.58110620 0.16671180
vt 0.58113780 0.94994960
vt 0.38130814 0.43447888
vt 0.50133850 0.16671735
vt 0.50191200 0.94995450
vt 0.40605316 0.68844235
vt 0.58111864 0.62151410
vt 0.32251385 0.97266730
vt 0.58230770 0.16673654
vt 0.35949900 0.13929832
vt 0.50072850 0.62153500
vt 0.37994453 0.43335290
vt 0.40447876 0.68926560
vt 0.35910124 0.13973302
vt 0.35870390 0.14016747
vt 0.32162446 0.97115110
vt 0.37903690 0.43260330
vt 0.40343145 0.68981360
vt 0.32132798 0.97064584
vt 0.40290794 0.69008730
vt 0.37767813 0.43148106
vt 0.40186214 0.69063450
vt 0.35712177 0.14189744
vt 0.32044035 0.96913310
vt 0.32014430 0.96862835
vt 0.37677258 0.43073326
vt 0.40081700 0.69118120
vt 0.40029413 0.69145465
vt 0.31955250 0.96761966
vt 0.35554188 0.14362484
vt 0.37541533 0.42961228
vt 0.39924940 0.69200130
vt 0.31866574 0.96610830
vt 0.31866574 0.96610830
vt 0.37451008 0.42886466
vt 0.39820483 0.69254800
vt 0.39820483 0.69254800
vt 0.35435584 0.14492172
vt 0.57629704 0.18161607
vt 0.50614350 0.18162072
vt 0.57635630 0.60660050
vt 0.50667310 0.60660785
vt 0.57749340 0.18161744
vt 0.50434947 0.18162179
vt 0.57813870 0.60660060
vt 0.50489240 0.60661080
vt 0.57873420 0.60660064
vt 0.65768320 0.38958330
vt 0.50429845 0.60661185
vt 0.57928854 0.18161923
vt 0.50315110 0.18162250
vt 0.50310860 0.60661330
vt 0.58048900 0.18162048
vt 0.50195074 0.18162316
vt 0.37121105 0.44555426
vt 0.50134844 0.18162352
vt 0.39848107 0.67552770
vt 0.58111197 0.60663210
vt 0.65527713 0.38968760
vt 0.50191677 0.60661470
vt 0.30948666 0.98015350
vt 0.58169230 0.18162161
vt 0.39797556 0.67583880
vt 0.39747080 0.67614970
vt 0.34797764 0.12974924
vt 0.50072240 0.60661614
vt 0.30896533 0.97910320
vt 0.36991050 0.44435465
vt 0.49954298 0.18166137
vt 0.34761137 0.13021070
vt 0.39646393 0.67677003
vt 0.34724550 0.13067180
vt 0.36905566 0.44354218
vt 0.34687990 0.13113236
vt 0.30818550 0.97753185
vt 0.39495750 0.67769784
vt 0.34615000 0.13205200
vt 0.30766606 0.97648513
vt 0.36777690 0.44232684
vt 0.39395338 0.67831600
vt 0.34542072 0.13297129
vt 0.30714682 0.97543870
vt 0.36692430 0.44151634
vt 0.39345104 0.67862520
vt 0.34469154 0.13389009
vt 0.30662770 0.97439265
vt 0.39244760 0.67924300
vt 0.34432665 0.13435006
vt 0.36564767 0.44030267
vt 0.39144436 0.67986080
vt 0.34359777 0.13526893
vt 0.30584988 0.97282490
vt 0.30584988 0.97282490
vt 0.36479563 0.43949276
vt 0.39094222 0.68016990
vt 0.39094222 0.68016990
vt 0.34323290 0.13572878
vt 0.57629430 0.19656140
vt 0.50614770 0.19656724
vt 0.57635570 0.59166664
vt 0.66057240 0.40461105
vt 0.50666620 0.59167360
vt 0.73075080 0.40466005
vt 0.57689120 0.19656140
vt 0.57695140 0.59166720
vt 0.65996770 0.40461050
vt 0.50495120 0.19656790
vt 0.57754713 0.59166930
vt 0.65936300 0.40461183
vt 0.50547200 0.59167630
vt 0.73195280 0.40466368
vt 0.57814240 0.59167290
vt 0.65875810 0.40461487
vt 0.57868400 0.19656152
vt 0.57873770 0.59167784
vt 0.65815324 0.40461980
vt 0.50315577 0.19656855
vt 0.50368500 0.59169410
vt 0.73375200 0.40468085
vt 0.57988167 0.19656157
vt 0.50255560 0.19656903
vt 0.65694810 0.40463877
vt 0.50249080 0.59171164
vt 0.73495334 0.40469956
vt 0.58108133 0.19656157
vt 0.50135350 0.19656968
vt 0.39000764 0.66319550
vt 0.65574280 0.40465802
vt 0.50189170 0.59172250
vt 0.73555520 0.40471090
vt 0.33611673 0.12055373
vt 0.50129336 0.59173465
vt 0.73615610 0.40472347
vt 0.35949636 0.45505577
vt 0.50014780 0.19657040
vt 0.38903648 0.66387080
vt 0.65453833 0.40468550
vt 0.33578460 0.12103951
vt 0.29525527 0.98513556
vt 0.58288650 0.19656157
vt 0.33512140 0.12200934
vt 0.29481010 0.98405164
vt 0.35830685 0.45375478
vt 0.33478990 0.12249392
vt 0.38712177 0.66524090
vt 0.33445860 0.12297827
vt 0.29436540 0.98296875
vt 0.35751440 0.45288813
vt 0.38664344 0.66558343
vt 0.33412737 0.12346262
vt 0.38616490 0.66592600
vt 0.35672270 0.45202214
vt 0.38568652 0.66626847
vt 0.29369990 0.98134845
vt 0.35593134 0.45115650
vt 0.33280748 0.12539160
vt 0.29325587 0.98026764
vt 0.38425282 0.66729474
vt 0.33214626 0.12635773
vt 0.29281190 0.97918700
vt 0.35474550 0.44985920
vt 0.29258963 0.97864600
vt 0.29258963 0.97864600
vt 0.35434988 0.44942640
vt 0.38281956 0.66832080
vt 0.38281956 0.66832080
vt 0.33148512 0.12732375
vt 0.57629580 0.21150571
vt 0.50615130 0.21151197
vt 0.66056734 0.41955286
vt 0.73073506 0.41960150
vt 0.57689470 0.21150559
vt 0.50555340 0.21151209
vt 0.65997154 0.41955352
vt 0.73133120 0.41960270
vt 0.65937590 0.41955430
vt 0.57809216 0.21150535
vt 0.50435716 0.21151227
vt 0.73252610 0.41960418
vt 0.57869095 0.21150523
vt 0.65818113 0.41955530
vt 0.73312306 0.41960520
vt 0.50315980 0.21151245
vt 0.65758460 0.41955614
vt 0.65698767 0.41955703
vt 0.58048975 0.21150488
vt 0.50196030 0.21151274
vt 0.65639013 0.41955750
vt 0.73491913 0.41960710
vt 0.50136024 0.21151280
vt 0.65579206 0.41955817
vt 0.32331050 0.11268777
vt 0.73612110 0.41960840
vt 0.28132647 0.99073875
vt 0.58229600 0.21150458
vt 0.34760410 0.46413450
vt 0.49955420 0.21151322
vt 0.37932587 0.65255350
vt 0.65399003 0.41955912
vt 0.37887010 0.65293014
vt 0.32242125 0.11420429
vt 0.28077670 0.98907435
vt 0.34687290 0.46321326
vt 0.37841420 0.65330710
vt 0.32212530 0.11470896
vt 0.37795866 0.65368366
vt 0.32182950 0.11521328
vt 0.34614268 0.46229327
vt 0.28022787 0.98741290
vt 0.32123813 0.11622196
vt 0.34541312 0.46137404
vt 0.37659827 0.65480820
vt 0.32094282 0.11672550
vt 0.34504813 0.46091420
vt 0.27967963 0.98575320
vt 0.37569097 0.65555847
vt 0.27949673 0.98519970
vt 0.34431896 0.45999550
vt 0.37523660 0.65593420
vt 0.31976240 0.11873812
vt 0.27894855 0.98354050
vt 0.27894855 0.98354050
vt 0.34322688 0.45861918
vt 0.37387790 0.65705760
vt 0.37387790 0.65705760
vt 0.31917113 0.11974615
vt 0.57629704 0.22645032
vt 0.50615287 0.22645610
vt 0.66055600 0.43449134
vt 0.73072480 0.43454040
vt 0.73132400 0.43454057
vt 0.57749254 0.22644961
vt 0.50495630 0.22645605
vt 0.73192340 0.43454075
vt 0.65876090 0.43448967
vt 0.73252285 0.43454093
vt 0.50375890 0.22645593
vt 0.73312260 0.43454105
vt 0.57928680 0.22644877
vt 0.65756106 0.43448830
vt 0.73372287 0.43454117
vt 0.57988570 0.22644842
vt 0.65695965 0.43448746
vt 0.73432285 0.43454134
vt 0.50196050 0.22645593
vt 0.65635790 0.43448650
vt 0.73492354 0.43454152
vt 0.58108580 0.22644764
vt 0.65515316 0.43448484
vt 0.73612696 0.43454182
vt 0.33578318 0.47331190
vt 0.50015480 0.22645593
vt 0.36968374 0.64117740
vt 0.65454906 0.43448406
vt 0.30972782 0.10622120
vt 0.73673030 0.43454194
vt 0.26671530 0.99427540
vt 0.58289135 0.22644651
vt 0.30946684 0.10674721
vt 0.33511958 0.47234250
vt 0.30920610 0.10727304
vt 0.26642781 0.99314110
vt 0.33478805 0.47185808
vt 0.36840600 0.64239410
vt 0.30894510 0.10779923
vt 0.30868423 0.10832501
vt 0.33412552 0.47089034
vt 0.30842355 0.10885054
vt 0.26599760 0.99144430
vt 0.36713082 0.64360785
vt 0.33346346 0.46992332
vt 0.26571070 0.99031276
vt 0.36628103 0.64441680
vt 0.33280180 0.46895683
vt 0.36585644 0.64482130
vt 0.30713010 0.11145943
vt 0.26528105 0.98861825
vt 0.33214024 0.46799064
vt 0.30687010 0.11198378
vt 0.36458254 0.64603350
vt 0.26499438 0.98748740
vt 0.26499438 0.98748740
vt 0.33147874 0.46702440
vt 0.36415794 0.64643790
vt 0.36415794 0.64643790
vt 0.30635092 0.11303121
vt 0.57630116 0.24139619
vt 0.50615350 0.24140090
vt 0.66054547 0.44943082
vt 0.73071414 0.44948018
vt 0.57690233 0.24139583
vt 0.65994790 0.44943030
vt 0.73131305 0.44948035
vt 0.50495696 0.24140060
vt 0.65935010 0.44942975
vt 0.73191200 0.44948053
vt 0.57810193 0.24139541
vt 0.73251086 0.44948077
vt 0.73310995 0.44948107
vt 0.50316155 0.24140054
vt 0.65755450 0.44942808
vt 0.73370945 0.44948130
vt 0.57990180 0.24139482
vt 0.73430950 0.44948155
vt 0.58050570 0.24139452
vt 0.50196160 0.24140048
vt 0.65635400 0.44942695
vt 0.73491025 0.44948180
vt 0.65575280 0.44942635
vt 0.25223532 0.99849070
vt 0.58171180 0.24139398
vt 0.73611414 0.44948232
vt 0.32301050 0.48116553
vt 0.50015680 0.24140024
vt 0.35886177 0.63087580
vt 0.65454710 0.44942510
vt 0.29596817 0.10018027
vt 0.73671776 0.44948250
vt 0.35846430 0.63131060
vt 0.25192583 0.99676657
vt 0.32241717 0.48015280
vt 0.35806656 0.63174560
vt 0.29552352 0.10126501
vt 0.25182286 0.99619263
vt 0.35766917 0.63218033
vt 0.29530138 0.10180712
vt 0.29507935 0.10234880
vt 0.32152960 0.47863793
vt 0.35687610 0.63304794
vt 0.29485740 0.10289037
vt 0.25151410 0.99447304
vt 0.29463553 0.10343152
vt 0.25141130 0.99390010
vt 0.32093805 0.47762840
vt 0.35568914 0.63434660
vt 0.29419217 0.10451287
vt 0.32034665 0.47661930
vt 0.25110290 0.99218225
vt 0.29374912 0.10559428
vt 0.31975538 0.47561044
vt 0.35450286 0.63564444
vt 0.25079468 0.99046460
vt 0.25079468 0.99046460
vt 0.31916410 0.47460163
vt 0.35371128 0.63651050
vt 0.35371128 0.63651050
vt 0.29308522 0.10721403
vt 0.57630000 0.25634313
vt 0.50615317 0.25634634
vt 0.66053283 0.46437073
vt 0.73070350 0.46442062
vt 0.73130333 0.46442103
vt 0.65933406 0.46436983
vt 0.57809454 0.25634408
vt 0.50435805 0.25634646
vt 0.65873340 0.46436930
vt 0.50375795 0.25634646
vt 0.65813240 0.46436888
vt 0.73310010 0.46442252
vt 0.57929350 0.25634497
vt 0.73370165 0.46442300
vt 0.65693146 0.46436787
vt 0.73430390 0.46442348
vt 0.58049417 0.25634563
vt 0.50195850 0.25634652
vt 0.65632910 0.46436740
vt 0.73490673 0.46442395
vt 0.50135560 0.25634652
vt 0.65572590 0.46436703
vt 0.73551035 0.46442450
vt 0.65512186 0.46436650
vt 0.28200036 0.09457099
vt 0.73611440 0.46442485
vt 0.23723087 1.00000000
vt 0.58230007 0.25634700
vt 0.30971542 0.48812342
vt 0.50014960 0.25634652
vt 0.34731990 0.62135375
vt 0.65451735 0.46436614
vt 0.23710561 0.99883780
vt 0.30919510 0.48707283
vt 0.34658965 0.62227490
vt 0.28145036 0.09623641
vt 0.34622500 0.62273490
vt 0.28126734 0.09679049
vt 0.23698054 0.99767710
vt 0.34586050 0.62319450
vt 0.23691802 0.99709700
vt 0.30841655 0.48550087
vt 0.28090155 0.09789866
vt 0.34513173 0.62411370
vt 0.23679315 0.99593760
vt 0.30763890 0.48393095
vt 0.28035378 0.09955847
vt 0.23666836 0.99477875
vt 0.34404063 0.62549000
vt 0.30712030 0.48288380
vt 0.27998832 0.10066497
vt 0.23654369 0.99362010
vt 0.34294993 0.62686600
vt 0.27962290 0.10177135
vt 0.23641910 0.99246156
vt 0.23641910 0.99246156
vt 0.30634320 0.48131484
vt 0.34258583 0.62732520
vt 0.34258583 0.62732520
vt 0.27944025 0.10232419
vt 0.28864864 0.29211152
vt 0.75230000 0.81917120
vt 0.28541288 0.80874110
vt 0.86003770 0.20033765
vt 0.28382596 0.81355700
vt 0.86046510 0.20635766
vt 0.28882802 0.29717296
vt 0.74619090 0.81875000
vt 0.28665474 0.80382790
vt 0.85918486 0.19436163
vt 0.28811124 0.28707463
vt 0.75836444 0.82001160
vt 0.28190172 0.81825230
vt 0.86046510 0.21239233
vt 0.28864843 0.30223447
vt 0.74006695 0.81875000
vt 0.28754560 0.79884136
vt 0.85791080 0.18845886
vt 0.28721830 0.28208690
vt 0.76435460 0.82126700
vt 0.27964956 0.82280390
vt 0.86003760 0.21841234
vt 0.28811070 0.30727148
vt 0.73395780 0.81917125
vt 0.28808096 0.79380550
vt 0.85622180 0.18265790
vt 0.28597430 0.27717268
vt 0.77024140 0.82293140
vt 0.27708050 0.82718974
vt 0.85918486 0.22438836
vt 0.28721750 0.31225926
vt 0.72789340 0.82001160
vt 0.28825828 0.78874516
vt 0.85412600 0.17698717
vt 0.28438517 0.27235585
vt 0.77599610 0.82499670
vt 0.27420682 0.83138860
vt 0.85791080 0.23029113
vt 0.28597320 0.31717360
vt 0.72190326 0.82126700
vt 0.28807676 0.78368510
vt 0.85163360 0.17147416
vt 0.28245863 0.26765978
vt 0.78159064 0.82745270
vt 0.27104270 0.83537984
vt 0.85622174 0.23609209
vt 0.28438386 0.32199030
vt 0.71601640 0.82293147
vt 0.28753722 0.77865020
vt 0.84875680 0.16614580
vt 0.28020418 0.26310754
vt 0.78699785 0.83028760
vt 0.57629806 0.27128774
vt 0.50615470 0.27129173
vt 0.66052300 0.47931075
vt 0.73069060 0.47936070
vt 0.57689580 0.27128816
vt 0.65992410 0.47931070
vt 0.73128950 0.47936141
vt 0.50495815 0.27129210
vt 0.73188806 0.47936213
vt 0.50435954 0.27129227
vt 0.65872663 0.47931027
vt 0.73248684 0.47936285
vt 0.57868940 0.27128850
vt 0.65812700 0.47931015
vt 0.65752720 0.47931004
vt 0.73368514 0.47936422
vt 0.57988810 0.27128887
vt 0.50256306 0.27129257
vt 0.65692693 0.47930986
vt 0.73428420 0.47936500
vt 0.65632594 0.47930974
vt 0.73488390 0.47936583
vt 0.58108880 0.27128930
vt 0.50136125 0.27129298
vt 0.65572536 0.47930968
vt 0.73548440 0.47936666
vt 0.58168936 0.27128953
vt 0.50075850 0.27129316
vt 0.65512400 0.47930962
vt 0.73668890 0.47936840
vt 0.29574004 0.49361420
vt 0.49955177 0.27129334
vt 0.33480670 0.61312664
vt 0.65391740 0.47930968
vt 0.26720563 0.09158462
vt 0.73729306 0.47936922
vt 0.22216610 0.99987364
vt 0.58349800 0.27129012
vt 0.33447468 0.61361164
vt 0.26706165 0.09215230
vt 0.26691760 0.09272009
vt 0.22212426 0.99870640
vt 0.29507350 0.49199158
vt 0.26677364 0.09328759
vt 0.33348185 0.61506176
vt 0.33315074 0.61554540
vt 0.26648626 0.09442073
vt 0.22206159 0.99695960
vt 0.29440820 0.49037153
vt 0.33281976 0.61602900
vt 0.26760393 0.83914360
vt 0.85412600 0.24176288
vt 0.28245714 0.32668632
vt 0.71026170 0.82499670
vt 0.28664222 0.77366420
vt 0.84550950 0.16102815
vt 0.27763280 0.25872130
vt 0.79219127 0.83348740
vt 0.75122106 0.82929320
vt 0.93023250 0.19374996
vt 0.84976590 0.20140082
vt 1.00000000 0.19374990
vt 0.22201973 0.99579483
vt 0.29396468 0.48929137
vt 0.33215848 0.61699520
vt 0.26605645 0.09611696
vt 0.85014300 0.20671260
vt 1.00000000 0.18920451
vt 0.74583070 0.82892156
vt 0.93023250 0.18920457
vt 0.84901330 0.19612789
vt 1.00000000 0.19829535
vt 0.75657207 0.83003473
vt 0.93023250 0.19829541
vt 0.33182773 0.61747867
vt 0.22197790 0.99463030
vt 0.29352134 0.48821140
vt 0.26576945 0.09724867
vt 0.85014300 0.21203738
vt 1.00000000 0.18465900
vt 0.74042714 0.82892156
vt 0.93023250 0.18465906
vt 0.84788924 0.19091958
vt 1.00000000 0.20284080
vt 0.76185745 0.83114250
vt 0.93023250 0.20284086
vt 0.22193603 0.99346580
vt 0.22193603 0.99346580
vt 0.29307812 0.48713148
vt 0.33083698 0.61892630
vt 0.33083698 0.61892630
vt 0.26548254 0.09838021
vt 0.84976584 0.21734911
vt 1.00000000 0.18011355
vt 0.73503680 0.82929325
vt 0.93023250 0.18011361
vt 0.84639890 0.18580109
vt 1.00000000 0.20738631
vt 0.76705170 0.83261110
vt 0.93023250 0.20738637
vt 0.84901330 0.22262210
vt 1.00000000 0.17556810
vt 0.72968580 0.83003473
vt 0.93023250 0.17556816
vt 0.84454966 0.18079746
vt 1.00000000 0.21193177
vt 0.77212936 0.83443330
vt 0.93023250 0.21193182
vt 0.26390670 0.84266220
vt 0.85163360 0.24727583
vt 0.28020263 0.33123833
vt 0.70466720 0.82745280
vt 0.28539625 0.76875186
vt 0.84190780 0.15614593
vt 0.27475700 0.25452238
vt 0.79714570 0.83703670
vt 0.84788924 0.22783041
vt 1.00000000 0.17102265
vt 0.72440040 0.83114250
vt 0.93023250 0.17102277
vt 0.84235050 0.17593300
vt 1.00000000 0.21647716
vt 0.77706580 0.83660040
vt 0.93023250 0.21647722
vt 0.25996912 0.84591830
vt 0.84875673 0.25260413
vt 0.27763110 0.33562440
vt 0.69926006 0.83028760
vt 0.28380530 0.76393700
vt 0.83796895 0.15152305
vt 0.27159090 0.25053138
vt 0.80183700 0.84091806
vt 0.84639890 0.23294890
vt 1.00000000 0.16647720
vt 0.71920615 0.83261110
vt 0.93023250 0.16647726
vt 0.83981210 0.17123163
vt 1.00000000 0.22102260
vt 0.78183680 0.83910180
vt 0.93023250 0.22102267
vt 0.84454966 0.23795253
vt 1.00000000 0.16193175
vt 0.71412850 0.83443340
vt 0.93023250 0.16193181
vt 0.83694696 0.16671598
vt 1.00000000 0.22556812
vt 0.78641930 0.84192514
vt 0.93023250 0.22556818
vt 0.25581026 0.84889615
vt 0.84550950 0.25772184
vt 0.27475515 0.33982325
vt 0.69406660 0.83348745
vt 0.28187700 0.75924290
vt 0.83371220 0.14718205
vt 0.26814976 0.24676746
vt 0.80624230 0.84511270
vt 0.84235040 0.24281687
vt 1.00000000 0.15738630
vt 0.70919210 0.83660040
vt 0.93023250 0.15738636
vt 0.83376884 0.16240817
vt 1.00000000 0.23011357
vt 0.79079086 0.84505690
vt 0.93023250 0.23011363
vt 0.25145078 0.85158100
vt 0.84190780 0.26260406
vt 0.27158860 0.34381443
vt 0.68911210 0.83703670
vt 0.27962090 0.75469280
vt 0.82915850 0.14314407
vt 0.26445043 0.24324912
vt 0.81034000 0.84960010
vt 0.83981210 0.24751836
vt 1.00000000 0.15284091
vt 0.70442104 0.83910180
vt 0.93023250 0.15284097
vt 0.83029350 0.15832913
vt 1.00000000 0.23465896
vt 0.79493016 0.84848166
vt 0.93023250 0.23465902
vt 0.57629860 0.28623092
vt 0.50615580 0.28623664
vt 0.66051286 0.49424976
vt 0.73067810 0.49429940
vt 0.50555710 0.28623652
vt 0.65991527 0.49424905
vt 0.73127540 0.49429970
vt 0.57749360 0.28623033
vt 0.65931770 0.49424827
vt 0.50435980 0.28623646
vt 0.65871984 0.49424756
vt 0.57868930 0.28622960
vt 0.65812176 0.49424684
vt 0.73306890 0.49430084
vt 0.50316170 0.28623646
vt 0.65752330 0.49424607
vt 0.73366797 0.49430108
vt 0.65692430 0.49424530
vt 0.58048590 0.28622878
vt 0.50196165 0.28623646
vt 0.73546780 0.49430197
vt 0.50075830 0.28623640
vt 0.65512250 0.49424326
vt 0.73607093 0.49430215
vt 0.58229005 0.28622764
vt 0.65451880 0.49424250
vt 0.73667455 0.49430240
vt 0.28163030 0.49868298
vt 0.49955127 0.28623630
vt 0.32207018 0.60530055
vt 0.65391415 0.49424177
vt 0.25250864 0.08851582
vt 0.73727906 0.49430257
vt 0.20719175 0.99987750
vt 0.58349940 0.28622663
vt 0.28144687 0.49812680
vt 0.25240618 0.08909273
vt 0.20723279 0.99871063
vt 0.28108030 0.49701560
vt 0.32118213 0.60681534
vt 0.32088625 0.60732020
vt 0.25209840 0.09081566
vt 0.28071406 0.49590552
vt 0.32059060 0.60782480
vt 0.20729424 0.99696420
vt 0.32029500 0.60832924
vt 0.25189325 0.09196407
vt 0.28034810 0.49479622
vt 0.31999940 0.60883370
vt 0.20733522 0.99579950
vt 0.28016493 0.49424112
vt 0.31970376 0.60933810
vt 0.25168824 0.09311187
vt 0.20735574 0.99521670
vt 0.27979907 0.49313217
vt 0.31911272 0.61034670
vt 0.25148320 0.09425956
vt 0.20741701 0.99347190
vt 0.20741701 0.99347190
vt 0.27943325 0.49202335
vt 0.31852174 0.61135520
vt 0.31852174 0.61135520
vt 0.25127820 0.09540707
vt 0.83694696 0.25203400
vt 1.00000000 0.14829540
vt 0.69983860 0.84192520
vt 0.93023250 0.14829546
vt 0.82653755 0.15449888
vt 1.00000000 0.23920440
vt 0.79881716 0.85218275
vt 0.93023250 0.23920447
vt 0.24691153 0.85396000
vt 0.83796895 0.26722687
vt 0.26814738 0.34757823
vt 0.68442090 0.84091810
vt 0.27704810 0.75030890
vt 0.82432973 0.13942873
vt 0.26051092 0.23999351
vt 0.81411034 0.85435840
vt 0.83376884 0.25634176
vt 0.97251580 0.95208323
vt 1.00000000 0.14374995
vt 0.69546705 0.84505690
vt 0.90274840 0.95208335
vt 0.93023250 0.14375001
vt 0.82251950 0.15093595
vt 0.58139530 0.02916664
vt 1.00000000 0.24374992
vt 0.80243280 0.85614220
vt 0.58139527 0.09791660
vt 0.93023250 0.24374998
vt 0.24221495 0.85602130
vt 0.83371220 0.27156788
vt 0.26444784 0.35109640
vt 0.68001560 0.84511274
vt 0.27417102 0.74611247
vt 0.81924960 0.13605410
vt 0.25635043 0.23701650
vt 0.81753486 0.85936445
vt 0.83029340 0.26042080
vt 0.97251580 0.94755430
vt 0.69132763 0.84848166
vt 0.90274840 0.94755435
vt 0.81825880 0.14765769
vt 0.57679940 0.02916664
vt 0.80575960 0.86034070
vt 0.57679930 0.09791660
vt 0.23738372 0.85775506
vt 0.82915837 0.27560592
vt 0.26050810 0.35435194
vt 0.67591780 0.84960014
vt 0.27100366 0.74212380
vt 0.81394285 0.13303673
vt 0.25198907 0.23433238
vt 0.82059690 0.86459386
vt 0.82653755 0.26425110
vt 0.97251580 0.94302530
vt 0.68744070 0.85218280
vt 0.90274840 0.94302535
vt 0.81377640 0.14468008
vt 0.57220334 0.02916664
vt 0.80878120 0.86475784
vt 0.57220330 0.09791660
vt 0.57630310 0.30117548
vt 0.50615704 0.30118190
vt 0.66050010 0.50918950
vt 0.73066896 0.50923840
vt 0.57690310 0.30117488
vt 0.50555780 0.30118180
vt 0.65989965 0.50918900
vt 0.73126860 0.50923850
vt 0.65929910 0.50918853
vt 0.73186827 0.50923860
vt 0.65869830 0.50918820
vt 0.73246783 0.50923866
vt 0.57869920 0.30117416
vt 0.50376240 0.30118197
vt 0.65809710 0.50918770
vt 0.73306770 0.50923880
vt 0.65749550 0.50918734
vt 0.73366797 0.50923880
vt 0.57990044 0.30117350
vt 0.50256205 0.30118210
vt 0.65689325 0.50918700
vt 0.73426884 0.50923884
vt 0.58050250 0.30117310
vt 0.65629150 0.50918650
vt 0.50135946 0.30118215
vt 0.65568894 0.50918600
vt 0.73547120 0.50923884
vt 0.58170664 0.30117244
vt 0.65508550 0.50918555
vt 0.73607403 0.50923884
vt 0.50015330 0.30118233
vt 0.65448100 0.50918510
vt 0.73667780 0.50923884
vt 0.19219199 0.99943465
vt 0.58291420 0.30117172
vt 0.26719087 0.50274700
vt 0.49954870 0.30118233
vt 0.30881420 0.59835710
vt 0.65387540 0.50918460
vt 0.23764196 0.08646900
vt 0.73728263 0.50923880
vt 0.30855405 0.59888244
vt 0.19231592 0.99827280
vt 0.30829415 0.59940743
vt 0.26676130 0.50104904
vt 0.30803415 0.59993255
vt 0.19243962 0.99711240
vt 0.26661813 0.50048330
vt 0.30777425 0.60045767
vt 0.23739417 0.08878589
vt 0.23244130 0.85915273
vt 0.82432973 0.27932125
vt 0.25634742 0.35732890
vt 0.67214750 0.85435843
vt 0.26756138 0.73836220
vt 0.80843520 0.13039136
vt 0.24744827 0.23195451
vt 0.82328147 0.87002110
vt 0.30751440 0.60098250
vt 0.23733220 0.08936489
vt 0.23727030 0.08994365
vt 0.19262479 0.99537504
vt 0.26618928 0.49878854
vt 0.23720840 0.09052253
vt 0.30673720 0.60255265
vt 0.23714648 0.09110141
vt 0.19274830 0.99421626
vt 0.26590326 0.49765830
vt 0.82251940 0.26781404
vt 0.97251580 0.93849630
vt 0.68382500 0.85614230
vt 0.90274840 0.93849635
vt 0.80909390 0.14201778
vt 0.56760734 0.02916664
vt 0.81148297 0.86937200
vt 0.56760730 0.09791660
vt 0.30621865 0.60360000
vt 0.23702270 0.09225917
vt 0.19293325 0.99248010
vt 0.19293325 0.99248010
vt 0.26547460 0.49596465
vt 0.30570018 0.60464746
vt 0.30570018 0.60464746
vt 0.23689899 0.09341699
vt 0.81825880 0.27109224
vt 0.97251580 0.93396735
vt 0.68049830 0.86034080
vt 0.90274840 0.93396740
vt 0.80423430 0.13968354
vt 0.56301130 0.02916664
vt 0.81385170 0.87416077
vt 0.56301120 0.09791660
vt 0.22741200 0.86020756
vt 0.81924950 0.28269577
vt 0.25198603 0.36001277
vt 0.66872305 0.85936450
vt 0.26386100 0.73484640
vt 0.80275375 0.12813067
vt 0.24275000 0.22989434
vt 0.82557560 0.87561977
vt 0.81377630 0.27406980
vt 0.97251580 0.92943835
vt 0.67747670 0.86475790
vt 0.90274840 0.92943840
vt 0.79922116 0.13768888
vt 0.55841530 0.02916664
vt 0.81587595 0.87910080
vt 0.55841523 0.09791660
vt 0.22232017 0.86091435
vt 0.81394280 0.28571314
vt 0.24744514 0.36239046
vt 0.66566104 0.86459386
vt 0.25992063 0.73159330
vt 0.79692584 0.12626588
vt 0.23791729 0.22816199
vt 0.82746800 0.88136260
vt 0.80909390 0.27673220
vt 0.97251580 0.92490935
vt 0.67477490 0.86937200
vt 0.90274840 0.92490940
vt 0.79407900 0.13604343
vt 0.55381930 0.02916664
vt 0.81754570 0.88416800
vt 0.55381920 0.09791660
vt 0.21719097 0.86126965
vt 0.80843514 0.28835857
vt 0.24274695 0.36445034
vt 0.66297644 0.87002116
vt 0.25575957 0.72861886
vt 0.79098010 0.12480593
vt 0.23297372 0.22676593
vt 0.82894960 0.88722163
vt 0.57630503 0.31612164
vt 0.50615937 0.31612736
vt 0.66049060 0.52412920
vt 0.73065840 0.52417860
vt 0.65989230 0.52412890
vt 0.65929390 0.52412850
vt 0.73185730 0.52417980
vt 0.57810014 0.31612188
vt 0.50436450 0.31612825
vt 0.65869530 0.52412820
vt 0.73245810 0.52418053
vt 0.57870020 0.31612200
vt 0.65809630 0.52412784
vt 0.73305930 0.52418125
vt 0.65749700 0.52412750
vt 0.73366100 0.52418200
vt 0.57989997 0.31612230
vt 0.50256620 0.31612933
vt 0.65689725 0.52412720
vt 0.73426320 0.52418274
vt 0.50196450 0.31612980
vt 0.65629685 0.52412677
vt 0.73486600 0.52418350
vt 0.65569574 0.52412647
vt 0.73546930 0.52418420
vt 0.58170396 0.31612265
vt 0.50076000 0.31613076
vt 0.65509380 0.52412620
vt 0.73607343 0.52418500
vt 0.17722471 0.99795103
vt 0.58230860 0.31612277
vt 0.65449107 0.52412580
vt 0.73667720 0.52418580
vt 0.25250617 0.50582725
vt 0.49955174 0.31613160
vt 0.22266364 0.08541662
vt 0.73728204 0.52418655
vt 0.29486990 0.59289134
vt 0.65328217 0.52412534
vt 0.22264276 0.08600116
vt 0.17753229 0.99622744
vt 0.25229982 0.50467700
vt 0.29464800 0.59343340
vt 0.22262168 0.08658618
vt 0.17763476 0.99565333
vt 0.22260071 0.08717078
vt 0.25209385 0.50352800
vt 0.29420465 0.59451556
vt 0.29398300 0.59505653
vt 0.22255908 0.08833748
vt 0.17794171 0.99393356
vt 0.25188790 0.50237980
vt 0.22253820 0.08892143
vt 0.29354018 0.59613764
vt 0.17814639 0.99278700
vt 0.25168213 0.50123200
vt 0.22249660 0.09008706
vt 0.17824869 0.99221385
vt 0.25157917 0.50065790
vt 0.29287675 0.59775686
vt 0.22245500 0.09125245
vt 0.17855556 0.99049560
vt 0.17855556 0.99049560
vt 0.25127104 0.49893838
vt 0.29243400 0.59883730
vt 0.29243400 0.59883730
vt 0.22241344 0.09241760
vt 0.80423427 0.27906644
vt 0.97251580 0.92038035
vt 0.67240614 0.87416080
vt 0.90274840 0.92038050
vt 0.78883270 0.13475520
vt 0.54922330 0.02916664
vt 0.81885300 0.88933770
vt 0.54922324 0.09791660
vt 0.21204916 0.86127174
vt 0.80275357 0.29061925
vt 0.23791423 0.36618257
vt 0.66068230 0.87561980
vt 0.25139794 0.72593750
vt 0.78494540 0.12375802
vt 0.22794338 0.22571278
vt 0.83001300 0.89316833
vt 0.79922116 0.28106105
vt 0.97251580 0.91585140
vt 0.67038196 0.87910080
vt 0.90274840 0.91585150
vt 0.78350800 0.13383060
vt 0.54462725 0.02916664
vt 0.81979130 0.89458480
vt 0.54462720 0.09791660
vt 0.20691950 0.86092067
vt 0.79692584 0.29248405
vt 0.23297070 0.36757845
vt 0.65878993 0.88136270
vt 0.24685678 0.72356210
vt 0.77885130 0.12312716
vt 0.22285050 0.22500783
vt 0.83065313 0.89917360
vt 0.79407895 0.28270656
vt 0.97251580 0.91132240
vt 0.66871214 0.88416810
vt 0.90274840 0.91132250
vt 0.77813080 0.13327402
vt 0.54003125 0.02916664
vt 0.82035613 0.89988357
vt 0.54003120 0.09791660
vt 0.20182718 0.86021817
vt 0.79098004 0.29394400
vt 0.22794014 0.36863148
vt 0.65730834 0.88722170
vt 0.24215846 0.72150457
vt 0.77272725 0.12291664
vt 0.21772003 0.22465444
vt 0.83086680 0.90520830
vt 0.57630510 0.33106697
vt 0.50616310 0.33107120
vt 0.66047970 0.53906850
vt 0.73064476 0.53911770
vt 0.65987980 0.53906834
vt 0.73124266 0.53911847
vt 0.57750094 0.33106690
vt 0.50496864 0.33107132
vt 0.65927970 0.53906810
vt 0.73184060 0.53911920
vt 0.65867940 0.53906800
vt 0.73243870 0.53911990
vt 0.57869760 0.33106667
vt 0.50377333 0.33107132
vt 0.65807873 0.53906775
vt 0.73303710 0.53912055
vt 0.65747770 0.53906760
vt 0.73363596 0.53912127
vt 0.65687597 0.53906745
vt 0.73423530 0.53912200
vt 0.58049494 0.33106637
vt 0.50197760 0.33107132
vt 0.65627360 0.53906727
vt 0.73483400 0.53912280
vt 0.65567046 0.53906715
vt 0.73543350 0.53912365
vt 0.58169770 0.33106607
vt 0.50077620 0.33107138
vt 0.65506640 0.53906703
vt 0.16263714 0.99431960
vt 0.58290374 0.33106583
vt 0.28098010 0.58730460
vt 0.65385777 0.53906680
vt 0.20764510 0.08542770
vt 0.73724055 0.53912604
vt 0.16278078 0.99375150
vt 0.23757221 0.50730790
vt 0.49896696 0.33107150
vt 0.28079695 0.58786047
vt 0.23751011 0.50672640
vt 0.20768635 0.08659536
vt 0.28043106 0.58897030
vt 0.16320984 0.99205360
vt 0.20772750 0.08776140
vt 0.23732443 0.50498710
vt 0.28006577 0.59007895
vt 0.16349591 0.99092185
vt 0.23726249 0.50440670
vt 0.20778915 0.08950710
vt 0.16378182 0.98979060
vt 0.23713870 0.50324726
vt 0.27951850 0.59173940
vt 0.16392495 0.98922443
vt 0.27933600 0.59229330
vt 0.20783030 0.09067130
vt 0.23701496 0.50208807
vt 0.20785092 0.09125340
vt 0.16435320 0.98753000
vt 0.16435320 0.98753000
vt 0.23689128 0.50092900
vt 0.27878886 0.59395313
vt 0.27878886 0.59395313
vt 0.20789216 0.09241748
vt 0.78883266 0.28399467
vt 0.97251580 0.90679340
vt 0.66740490 0.88933780
vt 0.90274840 0.90679353
vt 0.77272725 0.13308817
vt 0.53543526 0.02916664
vt 0.82054470 0.90520830
vt 0.53543520 0.09791660
vt 0.19679760 0.85916760
vt 0.78494540 0.29499190
vt 0.22284790 0.36933620
vt 0.65624493 0.89316833
vt 0.23732643 0.71977496
vt 0.76660330 0.12312716
vt 0.21257721 0.22465438
vt 0.83065313 0.91124300
vt 0.78350794 0.28491932
vt 0.97251580 0.90226450
vt 0.66646660 0.89458483
vt 0.90274840 0.90226454
vt 0.76732373 0.13327402
vt 0.53083926 0.02916664
vt 0.82035613 0.91053310
vt 0.53083920 0.09791660
vt 0.97251580 0.89773550
vt 0.77813080 0.28547590
vt 0.90274840 0.89773554
vt 0.66590180 0.89988360
vt 0.52624320 0.02916664
vt 0.76194656 0.13383060
vt 0.52624315 0.09791660
vt 0.81979130 0.91583186
vt 0.77885120 0.29562270
vt 0.19185413 0.85777396
vt 0.65560480 0.89917370
vt 0.21771766 0.36968940
vt 0.76050913 0.12375802
vt 0.23238300 0.71838120
vt 0.83001300 0.91724830
vt 0.20744696 0.22500747
vt 0.97251580 0.89320650
vt 0.77272725 0.28566170
vt 0.90274840 0.89320654
vt 0.66571320 0.90520835
vt 0.52164720 0.02916664
vt 0.75662184 0.13475520
vt 0.52164716 0.09791660
vt 0.81885300 0.92107886
vt 0.15039586 0.98359480
vt 0.15039586 0.98359480
vt 0.22240543 0.50192620
vt 0.26483107 0.59001750
vt 0.26483107 0.59001750
vt 0.19340624 0.09341401
vt 0.22242600 0.50250860
vt 0.26497412 0.58945173
vt 0.19334420 0.09283358
vt 0.19328214 0.09225321
vt 0.14984903 0.98525430
vt 0.22246723 0.50367296
vt 0.19322011 0.09167278
vt 0.14966664 0.98580790
vt 0.22248779 0.50425540
vt 0.26540267 0.58775750
vt 0.19315805 0.09109223
vt 0.26554576 0.58719170
vt 0.19309595 0.09051180
vt 0.14930174 0.98691535
vt 0.22252893 0.50542000
vt 0.19303387 0.08993119
vt 0.19297181 0.08935058
vt 0.22257003 0.50658524
vt 0.26597470 0.58549640
vt 0.19290973 0.08876985
vt 0.14875437 0.98857640
vt 0.26611800 0.58492980
vt 0.19284770 0.08818889
vt 0.14857183 0.98913044
vt 0.26626140 0.58436300
vt 0.22263181 0.50833330
vt 0.49894774 0.34601146
vt 0.26640490 0.58379590
vt 0.65327690 0.55400370
vt 0.19272369 0.08702731
vt 0.73784350 0.55405920
vt 0.73723847 0.55405890
vt 0.14802326 0.99079514
vt 0.58231480 0.34601235
vt 0.50015720 0.34601212
vt 0.73663470 0.55405880
vt 0.58171030 0.34601235
vt 0.65508485 0.55400413
vt 0.73603034 0.55405855
vt 0.50136316 0.34601270
vt 0.65568453 0.55400440
vt 0.58050450 0.34601235
vt 0.65628350 0.55400455
vt 0.50256570 0.34601337
vt 0.65688294 0.55400490
vt 0.73422754 0.55405760
vt 0.65748180 0.55400520
vt 0.73362760 0.55405736
vt 0.57870406 0.34601240
vt 0.50376564 0.34601372
vt 0.65808010 0.55400560
vt 0.73302810 0.55405700
vt 0.65867820 0.55400586
vt 0.73242910 0.55405664
vt 0.57750505 0.34601247
vt 0.50496423 0.34601426
vt 0.65927595 0.55400620
vt 0.73183036 0.55405640
vt 0.65987355 0.55400660
vt 0.73123187 0.55405605
vt 0.57630680 0.34601247
vt 0.50616200 0.34601468
vt 0.66047100 0.55400693
vt 0.73063344 0.55405570
vt 0.77272725 0.29583330
vt 0.18702200 0.85604435
vt 0.65539110 0.90520835
vt 0.21257536 0.36968930
vt 0.75447446 0.12480593
vt 0.22735356 0.71733063
vt 0.82894960 0.92319494
vt 0.20235420 0.22571230
vt 0.97251580 0.88867750
vt 0.76732373 0.28547590
vt 0.90274840 0.88867760
vt 0.66590180 0.91053310
vt 0.51705130 0.02916664
vt 0.75137560 0.13604337
vt 0.51705116 0.09791660
vt 0.81754580 0.92624860
vt 0.76660323 0.29562270
vt 0.18232366 0.85398674
vt 0.65560480 0.91124310
vt 0.20744509 0.36933583
vt 0.74852870 0.12626588
vt 0.22226124 0.71662796
vt 0.82746800 0.92905396
vt 0.19732352 0.22676516
vt 0.97251580 0.88414854
vt 0.76194650 0.28491932
vt 0.90274840 0.88414860
vt 0.66646660 0.91583186
vt 0.51245520 0.02916664
vt 0.74623340 0.13768888
vt 0.51245517 0.09791660
vt 0.81587595 0.93131584
vt 0.76050910 0.29499190
vt 0.17778254 0.85161150
vt 0.65624493 0.91724837
vt 0.20235237 0.36863083
vt 0.74270090 0.12813067
vt 0.21713157 0.71627690
vt 0.82557560 0.93479680
vt 0.19237994 0.22816116
vt 0.97251580 0.87961954
vt 0.75662180 0.28399467
vt 0.90274840 0.87961960
vt 0.66740490 0.92107890
vt 0.50785923 0.02916664
vt 0.74122030 0.13968354
vt 0.50785910 0.09791660
vt 0.81385170 0.93625580
vt 0.13675079 0.97871180
vt 0.13675079 0.97871180
vt 0.20788461 0.50192606
vt 0.25062830 0.58705070
vt 0.25062830 0.58705070
vt 0.17902663 0.09540451
vt 0.20784340 0.50309026
vt 0.25083312 0.58590320
vt 0.17882137 0.09425795
vt 0.13608750 0.98033090
vt 0.17871879 0.09368485
vt 0.13586600 0.98087170
vt 0.20780222 0.50425450
vt 0.25103800 0.58475580
vt 0.17851340 0.09253806
vt 0.13542329 0.98195255
vt 0.20776093 0.50541900
vt 0.25124290 0.58360803
vt 0.25134530 0.58303380
vt 0.17830792 0.09139109
vt 0.20771953 0.50658400
vt 0.17820519 0.09081739
vt 0.13475941 0.98357340
vt 0.25155023 0.58188546
vt 0.17810237 0.09024340
vt 0.13453750 0.98411524
vt 0.25165272 0.58131060
vt 0.20765752 0.50833200
vt 0.49894735 0.36096144
vt 0.25175530 0.58073545
vt 0.13409380 0.98519870
vt 0.58290124 0.36095792
vt 0.25185797 0.58015966
vt 0.65385160 0.56893620
vt 0.17779373 0.08852100
vt 0.73722830 0.56899480
vt 0.50015700 0.36096114
vt 0.65445656 0.56893720
vt 0.73662290 0.56899476
vt 0.65506095 0.56893800
vt 0.58109500 0.36095792
vt 0.50136316 0.36096060
vt 0.58049530 0.36095786
vt 0.73481786 0.56899464
vt 0.50256600 0.36096030
vt 0.65686430 0.56894034
vt 0.73421720 0.56899460
vt 0.57929590 0.36095786
vt 0.65746460 0.56894110
vt 0.73361730 0.56899450
vt 0.50376620 0.36096007
vt 0.65806450 0.56894195
vt 0.73301790 0.56899440
vt 0.57809854 0.36095792
vt 0.73241884 0.56899430
vt 0.50496470 0.36095970
vt 0.65926240 0.56894340
vt 0.73182017 0.56899416
vt 0.65986090 0.56894416
vt 0.73122170 0.56899405
vt 0.57630580 0.36095786
vt 0.50616230 0.36095947
vt 0.66045934 0.56894493
vt 0.73062325 0.56899390
vt 0.75447440 0.29394400
vt 0.17342092 0.84893024
vt 0.65730834 0.92319500
vt 0.19732203 0.36757780
vt 0.73701936 0.13039136
vt 0.21198972 0.71627890
vt 0.82328147 0.94039553
vt 0.18754733 0.22989321
vt 0.97251580 0.87509054
vt 0.75137556 0.28270656
vt 0.90274840 0.87509060
vt 0.66871214 0.92624867
vt 0.50326324 0.02916664
vt 0.73636060 0.14201772
vt 0.50326320 0.09791660
vt 0.81148300 0.94104457
vt 0.74852870 0.29248405
vt 0.16925985 0.84595585
vt 0.65878993 0.92905400
vt 0.19237848 0.36618167
vt 0.73151180 0.13303673
vt 0.20686048 0.71663415
vt 0.82059690 0.94582280
vt 0.18284917 0.23195308
vt 0.97251580 0.87056154
vt 0.74623334 0.28106105
vt 0.90274840 0.87056166
vt 0.67038196 0.93131584
vt 0.49866720 0.02916664
vt 0.73167820 0.14468008
vt 0.49866715 0.09791660
vt 0.80878120 0.94565880
vt 0.74270080 0.29061925
vt 0.16531944 0.84270275
vt 0.66068230 0.93479687
vt 0.18754560 0.36444926
vt 0.72620500 0.13605410
vt 0.20176888 0.71734095
vt 0.81753486 0.95105220
vt 0.17830822 0.23433077
vt 0.97251580 0.86603260
vt 0.74122024 0.27906638
vt 0.90274840 0.86603266
vt 0.67240620 0.93625590
vt 0.49407120 0.02916664
vt 0.72719570 0.14765769
vt 0.49407113 0.09791660
vt 0.80575960 0.95007586
vt 0.12348460 0.97290266
vt 0.12348460 0.97290266
vt 0.19339879 0.50092876
vt 0.23624986 0.58506703
vt 0.23624986 0.58506703
vt 0.16482250 0.09837633
vt 0.16453645 0.09724534
vt 0.97251580 0.86150360
vt 0.73636060 0.27673215
vt 0.90274840 0.86150366
vt 0.67477494 0.94104460
vt 0.48947520 0.02916664
vt 0.72293510 0.15093589
vt 0.48947510 0.09791660
vt 0.80243290 0.95427440
vt 0.12270815 0.97447200
vt 0.19321350 0.50266546
vt 0.23643439 0.58333147
vt 0.12244888 0.97499603
vt 0.23649606 0.58275230
vt 0.16425039 0.09611422
vt 0.19308984 0.50382460
vt 0.16410720 0.09554809
vt 0.12193066 0.97604360
vt 0.16396402 0.09498191
vt 0.16382080 0.09441560
vt 0.73701930 0.28835857
vt 0.16161910 0.83918690
vt 0.66297644 0.94039553
vt 0.18284726 0.36238910
vt 0.72112480 0.13942868
vt 0.19673955 0.71839570
vt 0.81411040 0.95605820
vt 0.17394668 0.23701465
vt 0.12141217 0.97709167
vt 0.19290443 0.50556240
vt 0.23674183 0.58043990
vt 0.19284251 0.50614320
vt 0.16353439 0.09328330
vt 0.12089340 0.97814020
vt 0.23686528 0.57927984
vt 0.16339101 0.09271657
vt 0.19271871 0.50730443
vt 0.49895585 0.37590706
vt 0.23692699 0.57869890
vt 0.16324762 0.09214944
vt 0.73784350 0.58394060
vt 0.12037394 0.97919010
vt 0.58291930 0.37590253
vt 0.23698880 0.57811760
vt 0.65383315 0.58387980
vt 0.73723805 0.58394000
vt 0.58231450 0.37590260
vt 0.50016580 0.37590617
vt 0.73663320 0.58393943
vt 0.65504070 0.58388080
vt 0.73602940 0.58393884
vt 0.58110740 0.37590270
vt 0.65564290 0.58388126
vt 0.73542660 0.58393820
vt 0.50197065 0.37590522
vt 0.65624434 0.58388174
vt 0.73482340 0.58393750
vt 0.57990396 0.37590277
vt 0.65684490 0.58388215
vt 0.73422104 0.58393700
vt 0.50317080 0.37590480
vt 0.65744600 0.58388245
vt 0.73361933 0.58393633
vt 0.57870320 0.37590290
vt 0.65804666 0.58388280
vt 0.73301756 0.58393574
vt 0.57810270 0.37590300
vt 0.50436880 0.37590438
vt 0.65864680 0.58388317
vt 0.73241633 0.58393514
vt 0.65924700 0.58388350
vt 0.73181534 0.58393450
vt 0.50556546 0.37590390
vt 0.65984696 0.58388380
vt 0.73121464 0.58393383
vt 0.57630724 0.37590320
vt 0.50616390 0.37590367
vt 0.66044670 0.58388410
vt 0.73061407 0.58393323
vt 0.97251580 0.85697460
vt 0.73167810 0.27406980
vt 0.90274840 0.85697470
vt 0.67747670 0.94565880
vt 0.48487917 0.02916664
vt 0.71891695 0.15449882
vt 0.48487910 0.09791660
vt 0.79881720 0.95823383
vt 0.73151170 0.28571314
vt 0.15817676 0.83542544
vt 0.66566104 0.94582283
vt 0.17830640 0.36001122
vt 0.71629614 0.14314407
vt 0.19179720 0.71979344
vt 0.81034000 0.96081650
vt 0.16978590 0.23999160
vt 0.97251580 0.85244560
vt 0.72719570 0.27109224
vt 0.90274840 0.85244570
vt 0.68049830 0.95007590
vt 0.48028320 0.02916664
vt 0.71516110 0.15832913
vt 0.48028310 0.09791660
vt 0.79493016 0.96193500
vt 0.72620493 0.28269577
vt 0.15500925 0.83143670
vt 0.66872305 0.95105220
vt 0.17394489 0.35732710
vt 0.71174230 0.14718205
vt 0.18696585 0.72152720
vt 0.80624230 0.96530390
vt 0.16584611 0.24324703
vt 0.97251580 0.84791666
vt 0.99365740 0.06874996
vt 0.72293500 0.26781404
vt 0.90274840 0.84791670
vt 0.99365747 0.00000000
vt 0.68382500 0.95427440
vt 0.47568718 0.02916664
vt 0.89217760 0.06874996
vt 0.71168566 0.16240817
vt 0.47568710 0.09791660
vt 0.89217764 0.00000000
vt 0.79079086 0.96535975
vt 0.72112480 0.27932120
vt 0.15213212 0.82724030
vt 0.67214760 0.95605826
vt 0.16978435 0.35435020
vt 0.70748556 0.15152305
vt 0.18226932 0.72358847
vt 0.80183700 0.96949850
vt 0.16214658 0.24676520
vt 0.98904467 0.06874996
vt 0.71891695 0.26425105
vt 0.98904480 0.00000000
vt 0.68744075 0.95823390
vt 0.89679030 0.06874996
vt 0.70850760 0.16671598
vt 0.89679040 0.00000000
vt 0.78641930 0.96849144
vt 0.11066236 0.96619620
vt 0.11066236 0.96619620
vt 0.17901881 0.49893832
vt 0.22176613 0.58407500
vt 0.22176613 0.58407500
vt 0.15086336 0.10231769
vt 0.11007114 0.96720530
vt 0.17881331 0.50008595
vt 0.22180710 0.58291080
vt 0.15049765 0.10120934
vt 0.22182763 0.58232820
vt 0.10947997 0.96821450
vt 0.17860791 0.50123346
vt 0.17850514 0.50180760
vt 0.14994954 0.09954834
vt 0.10888860 0.96922390
vt 0.22188912 0.58058320
vt 0.17829971 0.50295560
vt 0.14958346 0.09843952
vt 0.22193049 0.57941806
vt 0.14940020 0.09788430
vt 0.10800174 0.97073760
vt 0.17809421 0.50410426
vt 0.22195123 0.57883480
vt 0.14921690 0.09732908
vt 0.22197196 0.57825136
vt 0.14903358 0.09677374
vt 0.10740900 0.97174900
vt 0.58350950 0.39084953
vt 0.17788838 0.50525415
vt 0.49896505 0.39084482
vt 0.22199270 0.57766760
vt 0.14885013 0.09621805
vt 0.73780250 0.59887695
vt 0.22201347 0.57708335
vt 0.65382660 0.59881940
vt 0.58230140 0.39084930
vt 0.73659360 0.59887624
vt 0.50077534 0.39084548
vt 0.65503410 0.59882010
vt 0.73599120 0.59887580
vt 0.58109720 0.39084905
vt 0.50137590 0.39084566
vt 0.65563637 0.59882045
vt 0.73538960 0.59887540
vt 0.65623826 0.59882087
vt 0.73478884 0.59887505
vt 0.57989657 0.39084882
vt 0.65683940 0.59882120
vt 0.73418874 0.59887470
vt 0.57929650 0.39084876
vt 0.50317510 0.39084620
vt 0.65743995 0.59882160
vt 0.65803990 0.59882194
vt 0.50437206 0.39084650
vt 0.73239243 0.59887350
vt 0.57750160 0.39084864
vt 0.65923816 0.59882270
vt 0.73179525 0.59887300
vt 0.65983707 0.59882310
vt 0.73119830 0.59887266
vt 0.57630560 0.39084846
vt 0.50616443 0.39084685
vt 0.66043586 0.59882350
vt 0.73060155 0.59887220
vt 0.98443200 0.06874996
vt 0.71516100 0.26042074
vt 0.98443204 0.00000000
vt 0.69132770 0.96193504
vt 0.90140307 0.06874996
vt 0.70564240 0.17123157
vt 0.90140310 0.00000000
vt 0.78183687 0.97131485
vt 0.71629610 0.27560586
vt 0.14955926 0.82285637
vt 0.67591786 0.96081656
vt 0.16584481 0.35109460
vt 0.70354676 0.15614587
vt 0.17773005 0.72596747
vt 0.79714580 0.97337990
vt 0.15870526 0.25052893
vt 0.97981930 0.06874996
vt 0.71168566 0.25634176
vt 0.97981936 0.00000000
vt 0.69546705 0.96535980
vt 0.90601570 0.06874996
vt 0.70310410 0.17593300
vt 0.90601575 0.00000000
vt 0.77706580 0.97381620
vt 0.71174220 0.27156788
vt 0.14730312 0.81830627
vt 0.68001560 0.96530396
vt 0.16214542 0.34757626
vt 0.69994500 0.16102803
vt 0.17337057 0.72865230
vt 0.79219130 0.97692920
vt 0.15553899 0.25451994
vt 0.97520655 0.06874996
vt 0.70850760 0.25203395
vt 0.97520660 0.00000000
vt 0.69983864 0.96849150
vt 0.91062844 0.06874996
vt 0.70090490 0.18079740
vt 0.91062850 0.00000000
vt 0.77212940 0.97598326
vt 0.97059380 0.06874996
vt 0.70564240 0.24751830
vt 0.97059387 0.00000000
vt 0.70442110 0.97131490
vt 0.91524120 0.06874996
vt 0.69905560 0.18580103
vt 0.91524124 0.00000000
vt 0.76705176 0.97780555
vt 0.70748556 0.26722687
vt 0.14537486 0.81361234
vt 0.68442090 0.96949860
vt 0.15870413 0.34381230
vt 0.69669780 0.16614580
vt 0.16921167 0.73163020
vt 0.78699785 0.98012906
vt 0.15266304 0.25871885
vt 0.96598107 0.06874996
vt 0.70310400 0.24281687
vt 0.96598110 0.00000000
vt 0.70919210 0.97381620
vt 0.91985390 0.06874996
vt 0.69756530 0.19091946
vt 0.91985400 0.00000000
vt 0.76185757 0.97927415
vt 0.70354676 0.26260400
vt 0.14378391 0.80879766
vt 0.68911220 0.97337997
vt 0.15553792 0.33982116
vt 0.69382095 0.17147410
vt 0.16527404 0.73488640
vt 0.78159070 0.98296390
vt 0.15009159 0.26310492
vt 0.96136840 0.06874996
vt 0.70090490 0.23795247
vt 0.96136850 0.00000000
vt 0.71412855 0.97598330
vt 0.92446660 0.06874996
vt 0.69644120 0.19612783
vt 0.92446667 0.00000000
vt 0.75657210 0.98038190
vt 0.95675570 0.06874996
vt 0.69905560 0.23294884
vt 0.95675576 0.00000000
vt 0.71920620 0.97780555
vt 0.92907935 0.06874996
vt 0.69568870 0.20140076
vt 0.92907940 0.00000000
vt 0.75122110 0.98112345
vt 0.09834695 0.95862510
vt 0.09834695 0.95862510
vt 0.16481476 0.49596477
vt 0.20724699 0.58408050
vt 0.20724699 0.58408050
vt 0.13721780 0.10720867
vt 0.95214295 0.06874996
vt 0.69756530 0.22783035
vt 0.95214300 0.00000000
vt 0.72440046 0.97927415
vt 0.93369204 0.06874996
vt 0.69531155 0.20671254
vt 0.93369216 0.00000000
vt 0.74583080 0.98149510
vt 0.20722605 0.58349760
vt 0.09768589 0.95959085
vt 0.16452847 0.49709553
vt 0.13677467 0.10612851
vt 0.16438523 0.49766123
vt 0.20718424 0.58233297
vt 0.94753020 0.06874996
vt 0.69644120 0.22262198
vt 0.94753027 0.00000000
vt 0.72968584 0.98038190
vt 0.93830480 0.06874996
vt 0.69531155 0.21203732
vt 0.93830484 0.00000000
vt 0.74042720 0.98149510
vt 0.13633147 0.10504818
vt 0.94291750 0.00000000
vt 0.73503685 0.98112345
vt 0.94291747 0.06874996
vt 0.69568870 0.21734905
vt 0.69994500 0.25772178
vt 0.14253789 0.80388540
vt 0.69406664 0.97692925
vt 0.15266210 0.33562225
vt 0.69132860 0.17698705
vt 0.16157669 0.73840505
vt 0.77599620 0.98541990
vt 0.14783712 0.26765704
vt 0.09669507 0.96103823
vt 0.20714237 0.58116806
vt 0.16395576 0.49935597
vt 0.20712145 0.58058500
vt 0.20710051 0.58000190
vt 0.13566709 0.10342872
vt 0.09570366 0.96248645
vt 0.16366911 0.50048770
vt 0.20707959 0.57941880
vt 0.20705864 0.57883537
vt 0.13522336 0.10234714
vt 0.09504147 0.96345360
vt 0.16338220 0.50162050
vt 0.20703767 0.57825170
vt 0.13500121 0.10180557
vt 0.16323850 0.50218760
vt 0.49894290 0.40579050
vt 0.20701666 0.57766765
vt 0.13477889 0.10126370
vt 0.73782223 0.61379600
vt 0.09437865 0.96442175
vt 0.58291320 0.40579396
vt 0.20699565 0.57708335
vt 0.65381366 0.61375900
vt 0.13455090 0.10072374
vt 0.73721564 0.61381143
vt 0.50015220 0.40579070
vt 0.65441830 0.61375934
vt 0.73661010 0.61381140
vt 0.58170540 0.40579380
vt 0.50075640 0.40579075
vt 0.65502244 0.61375976
vt 0.73600570 0.61381140
vt 0.58110124 0.40579373
vt 0.73540235 0.61381140
vt 0.50196123 0.40579087
vt 0.65622616 0.61376040
vt 0.73479980 0.61381125
vt 0.65682775 0.61376060
vt 0.73419803 0.61381120
vt 0.57929975 0.40579355
vt 0.50316280 0.40579093
vt 0.65742870 0.61376095
vt 0.73359640 0.61381140
vt 0.50376403 0.40579093
vt 0.73299520 0.61381140
vt 0.57810020 0.40579350
vt 0.65862760 0.61376166
vt 0.73239434 0.61381140
vt 0.50496316 0.40579093
vt 0.65922680 0.61376210
vt 0.73179376 0.61381140
vt 0.65982590 0.61376240
vt 0.73119340 0.61381130
vt 0.57630527 0.40579337
vt 0.50616133 0.40579093
vt 0.66042490 0.61376274
vt 0.73059326 0.61381125
vt 0.69669770 0.25260413
vt 0.14164290 0.79889930
vt 0.69926006 0.98012910
vt 0.15009070 0.33123612
vt 0.68923277 0.18265784
vt 0.15813789 0.74216890
vt 0.77024144 0.98748523
vt 0.14591052 0.27235293
vt 0.69382095 0.24727577
vt 0.14110334 0.79386450
vt 0.70466727 0.98296390
vt 0.14783624 0.32668376
vt 0.68754375 0.18845880
vt 0.15497366 0.74616020
vt 0.76435465 0.98914963
vt 0.14432138 0.27716940
vt 0.69132860 0.24176282
vt 0.14092177 0.78880420
vt 0.71026176 0.98542000
vt 0.14590979 0.32198787
vt 0.68626970 0.19436157
vt 0.15209989 0.75035930
vt 0.75836450 0.99040510
vt 0.14307715 0.28208387
vt 0.68923270 0.23609203
vt 0.14109917 0.78374390
vt 0.71601653 0.98748523
vt 0.14432065 0.31717098
vt 0.68541690 0.20033759
vt 0.14953074 0.75474524
vt 0.75230010 0.99124545
vt 0.14218400 0.28707165
vt 0.68754375 0.23029107
vt 0.14163460 0.77870810
vt 0.72190330 0.98914963
vt 0.14307660 0.31225670
vt 0.68498940 0.20635760
vt 0.14727856 0.75929690
vt 0.74619097 0.99166670
vt 0.14164633 0.29210877
vt 0.68626970 0.22438830
vt 0.14252545 0.77372146
vt 0.72789350 0.99040510
vt 0.14218360 0.30726886
vt 0.68498940 0.21239227
vt 0.14535429 0.76399220
vt 0.74006700 0.99166670
vt 0.14146674 0.29717040
vt 0.73395790 0.99124545
vt 0.14164613 0.30223203
vt 0.68541690 0.21841228
vt 0.14376734 0.76880825
vt 0.08659777 0.95022680
vt 0.08659777 0.95022680
vt 0.15085621 0.49202210
vt 0.19276380 0.58508440
vt 0.19276380 0.58508440
vt 0.12395173 0.11302507
vt 0.15067310 0.49257648
vt 0.19270158 0.58450496
vt 0.08587018 0.95114490
vt 0.12343279 0.11197758
vt 0.19257721 0.58334670
vt 0.08477955 0.95252090
vt 0.14994307 0.49478775
vt 0.19245282 0.58218837
vt 0.12265505 0.11040795
vt 0.08441553 0.95298030
vt 0.14957705 0.49589640
vt 0.19232838 0.58102965
vt 0.12213583 0.10935992
vt 0.08368752 0.95389890
vt 0.14939381 0.49645120
vt 0.12187581 0.10883528
vt 0.19220370 0.57987020
vt 0.12161574 0.10831052
vt 0.19214126 0.57929015
vt 0.12135553 0.10778534
vt 0.08259500 0.95527730
vt 0.14884460 0.49811500
vt 0.49896008 0.42073400
vt 0.12109540 0.10726035
vt 0.08222989 0.95573800
vt 0.58289900 0.42073910
vt 0.19201626 0.57812870
vt 0.65380806 0.62869585
vt 0.12083503 0.10673505
vt 0.73719580 0.62875600
vt 0.50016900 0.42073423
vt 0.65441280 0.62869644
vt 0.73659086 0.62875557
vt 0.65501654 0.62869704
vt 0.73598680 0.62875520
vt 0.58109150 0.42073876
vt 0.65561930 0.62869763
vt 0.73538375 0.62875485
vt 0.50197260 0.42073458
vt 0.65622133 0.62869817
vt 0.73478144 0.62875440
vt 0.50257150 0.42073470
vt 0.73417985 0.62875400
vt 0.57929265 0.42073852
vt 0.50317050 0.42073482
vt 0.73357904 0.62875366
vt 0.65802080 0.62869980
vt 0.57809590 0.42073816
vt 0.50436770 0.42073500
vt 0.65861930 0.62870040
vt 0.73237970 0.62875280
vt 0.50496550 0.42073512
vt 0.65921766 0.62870085
vt 0.73178035 0.62875247
vt 0.65981590 0.62870145
vt 0.73118126 0.62875200
vt 0.57630336 0.42073792
vt 0.50616103 0.42073542
vt 0.66041404 0.62870200
vt 0.73058236 0.62875164
vt 0.07547165 0.94104210
vt 0.07547165 0.94104210
vt 0.13721132 0.48713022
vt 0.17838743 0.58708030
vt 0.17838743 0.58708030
vt 0.11113059 0.11973900
vt 0.11083521 0.11923492
vt 0.07428554 0.94234020
vt 0.13654706 0.48874867
vt 0.17807896 0.58536184
vt 0.13632542 0.48928875
vt 0.10994931 0.11772352
vt 0.17787316 0.58421516
vt 0.10965398 0.11721939
vt 0.07309918 0.94363860
vt 0.13588230 0.49036902
vt 0.07270258 0.94407266
vt 0.13566059 0.49090940
vt 0.10906296 0.11621070
vt 0.17756458 0.58249570
vt 0.10876742 0.11570627
vt 0.13521710 0.49199057
vt 0.10847181 0.11520165
vt 0.07151467 0.94537260
vt 0.07111733 0.94580734
vt 0.58350950 0.43567700
vt 0.17725556 0.58077395
vt 0.13455161 0.49361324
vt 0.49954218 0.43567884
vt 0.17715225 0.58019817
vt 0.65378237 0.64363710
vt 0.10758410 0.11368656
vt 0.73719520 0.64370290
vt 0.58230186 0.43567800
vt 0.50014730 0.43567908
vt 0.65438710 0.64363754
vt 0.73659030 0.64370180
vt 0.65499080 0.64363800
vt 0.73598650 0.64370080
vt 0.58109736 0.43567896
vt 0.50135320 0.43567950
vt 0.65559390 0.64363840
vt 0.73538230 0.64369977
vt 0.58049667 0.43567955
vt 0.50195706 0.43567950
vt 0.65619610 0.64363885
vt 0.73477900 0.64369875
vt 0.65679760 0.64363920
vt 0.73417650 0.64369770
vt 0.57929593 0.43568045
vt 0.50315940 0.43567973
vt 0.65739920 0.64363970
vt 0.73357475 0.64369667
vt 0.65800030 0.64364016
vt 0.73297340 0.64369580
vt 0.50435925 0.43567997
vt 0.65860087 0.64364050
vt 0.73237240 0.64369476
vt 0.57750080 0.43568140
vt 0.50495980 0.43568015
vt 0.65920115 0.64364090
vt 0.73177177 0.64369386
vt 0.65980130 0.64364135
vt 0.73117140 0.64369285
vt 0.57630455 0.43568200
vt 0.50615823 0.43568045
vt 0.66040134 0.64364170
vt 0.73057120 0.64369190
vt 0.06502418 0.93111470
vt 0.06502418 0.93111470
vt 0.12394622 0.48131347
vt 0.16418733 0.59005797
vt 0.16418733 0.59005797
vt 0.09881512 0.12731588
vt 0.09848379 0.12683183
vt 0.12342768 0.48236060
vt 0.16390087 0.58892775
vt 0.06374984 0.93232750
vt 0.09782181 0.12586522
vt 0.06332458 0.93273216
vt 0.12290917 0.48340797
vt 0.16361432 0.58779764
vt 0.12264979 0.48393196
vt 0.16347097 0.58723205
vt 0.09715983 0.12489825
vt 0.06247423 0.93354154
vt 0.09682835 0.12441397
vt 0.12213147 0.48497970
vt 0.16318431 0.58610130
vt 0.09649675 0.12392968
vt 0.16304086 0.58553560
vt 0.09616499 0.12344521
vt 0.06119882 0.93475550
vt 0.12161242 0.48602790
vt 0.09583327 0.12296063
vt 0.16275406 0.58440393
vt 0.09550163 0.12247628
vt 0.06034698 0.93556625
vt 0.12109291 0.48707724
vt 0.09516987 0.12199158
vt 0.73773940 0.65863556
vt 0.16246700 0.58327080
vt 0.65378450 0.65857726
vt 0.05949392 0.93637806
vt 0.58232070 0.45062757
vt 0.12057279 0.48812795
vt 0.50015926 0.45062798
vt 0.65438926 0.65857770
vt 0.65499306 0.65857804
vt 0.73593200 0.65863454
vt 0.58111340 0.45062768
vt 0.50136500 0.45062750
vt 0.73533280 0.65863410
vt 0.65619695 0.65857875
vt 0.73473424 0.65863370
vt 0.57991010 0.45062780
vt 0.65679750 0.65857910
vt 0.73413640 0.65863335
vt 0.57930850 0.45062786
vt 0.50316590 0.45062680
vt 0.65739740 0.65857950
vt 0.73353910 0.65863290
vt 0.57870760 0.45062786
vt 0.50376564 0.45062660
vt 0.65799680 0.65857995
vt 0.73294216 0.65863250
vt 0.65859580 0.65858030
vt 0.73234564 0.65863204
vt 0.57750803 0.45062798
vt 0.73174950 0.65863160
vt 0.57690770 0.45062798
vt 0.50556010 0.45062637
vt 0.65979270 0.65858114
vt 0.73115337 0.65863120
vt 0.57630730 0.45062804
vt 0.50615835 0.45062620
vt 0.66039090 0.65858150
vt 0.73055740 0.65863080
vt 0.05530484 0.92049440
vt 0.05530484 0.92049440
vt 0.11112515 0.47459984
vt 0.15023254 0.59400390
vt 0.15023254 0.59400390
vt 0.08706698 0.13572192
vt 0.05485134 0.92086935
vt 0.11053344 0.47560890
vt 0.08633845 0.13480383
vt 0.05394521 0.92161870
vt 0.11023737 0.47611374
vt 0.14968398 0.59234370
vt 0.10994132 0.47661865
vt 0.14950071 0.59178936
vt 0.08560988 0.13388568
vt 0.05303882 0.92236817
vt 0.08524539 0.13342631
vt 0.10934945 0.47762800
vt 0.14913452 0.59068110
vt 0.05213217 0.92311780
vt 0.14876802 0.58957230
vt 0.08415261 0.13204956
vt 0.10846219 0.47914177
vt 0.14858453 0.58901715
vt 0.08378749 0.13158959
vt 0.05077240 0.92424240
vt 0.10816539 0.47964793
vt 0.08342221 0.13112938
vt 0.14821748 0.58790666
vt 0.08305670 0.13066900
vt 0.04986301 0.92499390
vt 0.58290870 0.46557660
vt 0.10757195 0.48066008
vt 0.14803371 0.58735037
vt 0.65376306 0.67351580
vt 0.08269095 0.13020813
vt 0.73717770 0.67355204
vt 0.10727470 0.48116696
vt 0.50016063 0.46556932
vt 0.65436750 0.67351633
vt 0.08231946 0.12975120
vt 0.73657290 0.67356724
vt 0.58170270 0.46557617
vt 0.65497094 0.67351687
vt 0.73596734 0.67356753
vt 0.58110130 0.46557587
vt 0.50136550 0.46556997
vt 0.65557340 0.67351735
vt 0.73536277 0.67356790
vt 0.65617585 0.67351790
vt 0.73475915 0.67356820
vt 0.57990010 0.46557552
vt 0.65677756 0.67351836
vt 0.73415625 0.67356850
vt 0.57930000 0.46557540
vt 0.50316507 0.46557050
vt 0.65737855 0.67351890
vt 0.73355420 0.67356870
vt 0.65797930 0.67351940
vt 0.73295260 0.67356896
vt 0.57810170 0.46557510
vt 0.50436290 0.46557093
vt 0.65857965 0.67351985
vt 0.73235154 0.67356914
vt 0.57750310 0.46557492
vt 0.50496090 0.46557122
vt 0.65917960 0.67352030
vt 0.73175080 0.67356940
vt 0.50555910 0.46557146
vt 0.65977930 0.67352080
vt 0.73115030 0.67356956
vt 0.57630650 0.46557474
vt 0.50615716 0.46557170
vt 0.66037910 0.67352130
vt 0.73054993 0.67356980
vt 0.04636223 0.90923214
vt 0.04636223 0.90923214
vt 0.09881101 0.46702147
vt 0.13659136 0.59889930
vt 0.13659136 0.59889930
vt 0.07594322 0.14491427
vt 0.09848043 0.46750432
vt 0.13636944 0.59835935
vt 0.07554686 0.14448112
vt 0.04540557 0.90991694
vt 0.07515050 0.14404798
vt 0.09781932 0.46846992
vt 0.07475415 0.14361477
vt 0.13570476 0.59674144
vt 0.07435773 0.14318162
vt 0.04397167 0.91094327
vt 0.09715813 0.46943557
vt 0.13548283 0.59620130
vt 0.04349298 0.91128580
vt 0.09649675 0.47040160
vt 0.13503920 0.59512115
vt 0.07317027 0.14188379
vt 0.04253556 0.91197100
vt 0.13481714 0.59458060
vt 0.07277358 0.14145040
vt 0.09583516 0.47136813
vt 0.13459507 0.59404000
vt 0.07237669 0.14101672
vt 0.13437283 0.59349920
vt 0.07197960 0.14058286
vt 0.09517282 0.47233570
vt 0.13415052 0.59295800
vt 0.07158225 0.14014870
vt 0.04062140 0.91334040
vt 0.58291030 0.48049570
vt 0.09484141 0.47281992
vt 0.07118458 0.13971412
vt 0.13370553 0.59187500
vt 0.65436200 0.68845980
vt 0.07078654 0.13927930
vt 0.73654765 0.68851745
vt 0.03965139 0.91401620
vt 0.58170295 0.48052180
vt 0.09417759 0.47378980
vt 0.50074553 0.48052120
vt 0.65496683 0.68845993
vt 0.73594400 0.68851674
vt 0.50134960 0.48052067
vt 0.73534125 0.68851596
vt 0.50195330 0.48052025
vt 0.65617130 0.68846020
vt 0.73473930 0.68851520
vt 0.57990074 0.48052156
vt 0.65677273 0.68846030
vt 0.73413813 0.68851450
vt 0.57930090 0.48052150
vt 0.73353755 0.68851380
vt 0.57870120 0.48052138
vt 0.50375354 0.48051935
vt 0.65797246 0.68846070
vt 0.73293760 0.68851310
vt 0.57810210 0.48052132
vt 0.50435424 0.48051894
vt 0.65857190 0.68846080
vt 0.73233800 0.68851244
vt 0.50495450 0.48051864
vt 0.65917104 0.68846100
vt 0.73173870 0.68851185
vt 0.57690500 0.48052120
vt 0.50555460 0.48051822
vt 0.65976995 0.68846120
vt 0.73113900 0.68851125
vt 0.57630650 0.48052108
vt 0.50615454 0.48051792
vt 0.66036874 0.68846130
vt 0.73053950 0.68851066
vt 0.03823914 0.89738345
vt 0.03823914 0.89738345
vt 0.08706284 0.45861650
vt 0.12333018 0.60471916
vt 0.12333018 0.60471916
vt 0.06549827 0.15484834
vt 0.08669782 0.45907664
vt 0.06507298 0.15444386
vt 0.03723657 0.89800080
vt 0.08596877 0.45999570
vt 0.12255246 0.60315050
vt 0.08560370 0.46045595
vt 0.12229285 0.60262670
vt 0.03573383 0.89892600
vt 0.08523864 0.46091622
vt 0.06337521 0.15282947
vt 0.12177370 0.60157955
vt 0.06294988 0.15242493
vt 0.08450915 0.46183568
vt 0.12151399 0.60105550
vt 0.03423008 0.89985180
vt 0.08377913 0.46275592
vt 0.12099443 0.60000780
vt 0.06167409 0.15121168
vt 0.08341365 0.46321654
vt 0.12073431 0.59948313
vt 0.06124782 0.15080649
vt 0.03272445 0.90077880
vt 0.08304790 0.46367760
vt 0.06082168 0.15040123
vt 0.03222148 0.90108836
vt 0.08268192 0.46413875
vt 0.12021375 0.59843326
vt 0.65375847 0.70339704
vt 0.06039526 0.14999574
vt 0.08231561 0.46460032
vt 0.50017536 0.49545735
vt 0.03121450 0.90170800
vt 0.58169925 0.49546295
vt 0.65496470 0.70339763
vt 0.05954108 0.14918351
vt 0.73592716 0.70345664
vt 0.65556570 0.70339800
vt 0.73532426 0.70345600
vt 0.58049770 0.49546403
vt 0.50197566 0.49545836
vt 0.65616590 0.70339835
vt 0.73472226 0.70345530
vt 0.50257290 0.49545908
vt 0.65676606 0.70339860
vt 0.73412085 0.70345473
vt 0.57929820 0.49546516
vt 0.50317055 0.49545990
vt 0.65736570 0.70339894
vt 0.73352015 0.70345414
vt 0.57869947 0.49546582
vt 0.65796465 0.70339920
vt 0.50436610 0.49546093
vt 0.57750290 0.49546677
vt 0.50496220 0.49546182
vt 0.65916200 0.70339990
vt 0.73172444 0.70345247
vt 0.50555825 0.49546272
vt 0.65976006 0.70340025
vt 0.73112607 0.70345190
vt 0.57630720 0.49546760
vt 0.50615420 0.49546360
vt 0.66035795 0.70340055
vt 0.73052776 0.70345130
vt 0.03097460 0.88500640
vt 0.03097460 0.88500640
vt 0.07593986 0.44942325
vt 0.11051350 0.61143620
vt 0.11051350 0.61143620
vt 0.05578149 0.16547465
vt 0.11021752 0.61093180
vt 0.07514858 0.45028847
vt 0.05487545 0.16472560
vt 0.02941019 0.88582647
vt 0.05442225 0.16435081
vt 0.07435717 0.45115364
vt 0.10933083 0.60942050
vt 0.05396912 0.16397583
vt 0.02836631 0.88637390
vt 0.07356556 0.45201898
vt 0.10873900 0.60841180
vt 0.05306303 0.16322625
vt 0.07316960 0.45245177
vt 0.05260977 0.16285140
vt 0.02680107 0.88719470
vt 0.10785141 0.60689867
vt 0.02575570 0.88774294
vt 0.10755479 0.60639300
vt 0.05125026 0.16172636
vt 0.07158717 0.45418137
vt 0.10725796 0.60588706
vt 0.05079571 0.16135007
vt 0.07118969 0.45461577
vt 0.10696098 0.60538080
vt 0.05034086 0.16097355
vt 0.02418604 0.88856570
vt 0.80936130 0.70826100
vt 0.07079203 0.45505023
vt 0.10666384 0.60487413
vt 0.65434600 0.71832770
vt 0.04988580 0.16059690
vt 0.73651266 0.71837960
vt 0.02366509 0.88884800
vt 0.58172750 0.51035786
vt 0.80996390 0.70827484
vt 0.07039402 0.45548510
vt 0.50073160 0.51034930
vt 0.89097400 0.70827490
vt 0.65494900 0.71832880
vt 0.04942517 0.16022617
vt 0.73590960 0.71839130
vt 0.58112574 0.51037020
vt 0.81056750 0.70828730
vt 0.50133290 0.51036215
vt 0.89037300 0.70828676
vt 0.65555125 0.71832997
vt 0.73530793 0.71839124
vt 0.58052397 0.51038116
vt 0.81117207 0.70829820
vt 0.50193655 0.51037360
vt 0.88977194 0.70829750
vt 0.65615260 0.71833110
vt 0.73470710 0.71839120
vt 0.57992154 0.51039080
vt 0.81177650 0.70830760
vt 0.57931910 0.51039890
vt 0.81238100 0.70831540
vt 0.65735257 0.71833336
vt 0.73350805 0.71839120
vt 0.57871664 0.51040554
vt 0.81298540 0.70832150
vt 0.50373775 0.51039994
vt 0.88797385 0.70832190
vt 0.65795150 0.71833470
vt 0.73290960 0.71839124
vt 0.57811400 0.51041067
vt 0.81358980 0.70832600
vt 0.50434140 0.51040530
vt 0.88737136 0.70832705
vt 0.65855000 0.71833600
vt 0.73231160 0.71839130
vt 0.57751120 0.51041400
vt 0.81419400 0.70832860
vt 0.50494550 0.51040900
vt 0.88676894 0.70833060
vt 0.65914845 0.71833730
vt 0.73171330 0.71839136
vt 0.65974665 0.71833860
vt 0.73111520 0.71839140
vt 0.57631030 0.51041660
vt 0.81539660 0.70833050
vt 0.50614780 0.51041210
vt 0.88556826 0.70833330
vt 0.66034480 0.71833980
vt 0.73051727 0.71839140
vt 0.02460369 0.87216040
vt 0.02460369 0.87216040
vt 0.06549455 0.43948972
vt 0.09820372 0.61901677
vt 0.09820372 0.61901677
vt 0.04684056 0.17674315
vt 0.06506899 0.43989450
vt 0.02352343 0.87263480
vt 0.09754142 0.61805093
vt 0.04588253 0.17605793
vt 0.06421826 0.44070387
vt 0.04540278 0.17571497
vt 0.02244312 0.87310940
vt 0.06379264 0.44110876
vt 0.09687916 0.61708490
vt 0.04492299 0.17537194
vt 0.02190269 0.87334687
vt 0.06336702 0.44151366
vt 0.09654759 0.61660147
vt 0.04444313 0.17502892
vt 0.06294137 0.44191855
vt 0.09621597 0.61611790
vt 0.04396321 0.17468584
vt 0.02082199 0.87382170
vt 0.06251565 0.44232350
vt 0.09588431 0.61563430
vt 0.04348315 0.17434257
vt 0.06208978 0.44272864
vt 0.09555265 0.61515060
vt 0.04300306 0.17399937
vt 0.01974069 0.87429667
vt 0.09522089 0.61466660
vt 0.04252275 0.17365605
vt 0.09488901 0.61418260
vt 0.04204248 0.17331266
vt 0.06081289 0.44394380
vt 0.09455703 0.61369850
vt 0.04156186 0.17296916
vt 0.01811787 0.87500980
vt 0.80879660 0.69333040
vt 0.09422478 0.61321400
vt 0.04108081 0.17262530
vt 0.05995920 0.44475627
vt 0.89156130 0.69333553
vt 0.09389222 0.61272920
vt 0.80934990 0.39382970
vt 0.04059923 0.17228120
vt 0.89155600 0.39381903
vt 0.81000340 0.69333350
vt 0.05953736 0.44516903
vt 0.89095780 0.69334770
vt 0.09356666 0.61223924
vt 0.65491060 0.73321986
vt 0.80995166 0.39381660
vt 0.04012313 0.17192990
vt 0.73591920 0.73327860
vt 0.89095430 0.39380604
vt 0.89035594 0.69334793
vt 0.65551240 0.73323256
vt 0.81055343 0.39380467
vt 0.73531806 0.73329020
vt 0.89035267 0.39379424
vt 0.81120664 0.69333655
vt 0.88975490 0.69334830
vt 0.65611410 0.73324394
vt 0.81115526 0.39379394
vt 0.73471700 0.73330050
vt 0.88975096 0.39378375
vt 0.81180750 0.69333830
vt 0.88915414 0.69334860
vt 0.65671587 0.73325396
vt 0.81175700 0.39378470
vt 0.73411590 0.73330960
vt 0.88914925 0.39377457
vt 0.81240780 0.69334020
vt 0.65731823 0.73326250
vt 0.81235886 0.39377670
vt 0.81300750 0.69334200
vt 0.65792066 0.73326950
vt 0.81296070 0.39377034
vt 0.73291540 0.73332370
vt 0.88794845 0.39376003
vt 0.81360680 0.69334376
vt 0.88735837 0.69334960
vt 0.65852300 0.73327500
vt 0.81356250 0.39376533
vt 0.73231370 0.73332846
vt 0.88734674 0.39375520
vt 0.81420590 0.69334555
vt 0.88676053 0.69335010
vt 0.65912527 0.73327890
vt 0.81416430 0.39376205
vt 0.73171200 0.73333160
vt 0.88674515 0.39375186
vt 0.88616276 0.69335055
vt 0.65972763 0.73328114
vt 0.81476600 0.39376026
vt 0.73111030 0.73333330
vt 0.88614350 0.39375007
vt 0.81540287 0.69334770
vt 0.88556520 0.69335115
vt 0.66032990 0.73328173
vt 0.81536776 0.39376014
vt 0.73050857 0.73333335
vt 0.88554170 0.39374995
vt 0.01915801 0.85890750
vt 0.01915801 0.85890750
vt 0.05577768 0.42886293
vt 0.08646162 0.62742520
vt 0.08646162 0.62742520
vt 0.03872132 0.18859911
vt 0.05532429 0.42923778
vt 0.03822035 0.18829072
vt 0.01804580 0.85930663
vt 0.08573317 0.62650800
vt 0.05441802 0.42998700
vt 0.01693350 0.85970580
vt 0.05396459 0.43036187
vt 0.03671773 0.18736607
vt 0.05351118 0.43073678
vt 0.08464124 0.62513330
vt 0.03621670 0.18705773
vt 0.01582087 0.86010500
vt 0.05260447 0.43148625
vt 0.08391269 0.62421570
vt 0.01470763 0.86050427
vt 0.03471312 0.18613279
vt 0.01415029 0.86070420
vt 0.08318331 0.62329790
vt 0.03421133 0.18582404
vt 0.05124421 0.43261080
vt 0.08281830 0.62283860
vt 0.03370936 0.18551517
vt 0.01303601 0.86110383
vt 0.80822520 0.67836785
vt 0.05078930 0.43298720
vt 0.05033445 0.43336332
vt 0.08208761 0.62191916
vt 0.04987923 0.43373972
vt 0.89156795 0.67837060
vt 0.08172155 0.62145865
vt 0.80936770 0.40875100
vt 0.03220104 0.18458754
vt 0.89154210 0.40873832
vt 0.89096457 0.67837060
vt 0.80997086 0.40875036
vt 0.89093900 0.40873772
vt 0.81063070 0.67836940
vt 0.89036167 0.67837060
vt 0.81057310 0.40874964
vt 0.89033690 0.40873730
vt 0.81122935 0.67836950
vt 0.81117450 0.40874887
vt 0.88973550 0.40873665
vt 0.81182724 0.67836976
vt 0.88915974 0.67837070
vt 0.81177527 0.40874810
vt 0.88913494 0.40873610
vt 0.81242454 0.67836990
vt 0.81237596 0.40874702
vt 0.88853496 0.40873550
vt 0.81302136 0.67837010
vt 0.88796080 0.67837070
vt 0.81297624 0.40874612
vt 0.88793546 0.40873474
vt 0.81361806 0.67837024
vt 0.88736150 0.67837095
vt 0.81357610 0.40874517
vt 0.88733643 0.40873408
vt 0.81421440 0.67837036
vt 0.88676190 0.67837095
vt 0.81417560 0.40874434
vt 0.88613930 0.40873330
vt 0.81540865 0.67837070
vt 0.88556440 0.67837100
vt 0.81537320 0.40874314
vt 0.88554096 0.40873260
vt 0.01466616 0.84531260
vt 0.01466616 0.84531260
vt 0.04683721 0.41759413
vt 0.07534356 0.63661900
vt 0.07534356 0.63661900
vt 0.03145968 0.20098275
vt 0.03093672 0.20070863
vt 0.01352971 0.84563400
vt 0.04587973 0.41827930
vt 0.07455207 0.63575375
vt 0.04492212 0.41896445
vt 0.07376051 0.63488850
vt 0.02937076 0.19988829
vt 0.01182630 0.84611577
vt 0.07336465 0.63445580
vt 0.04396429 0.41964972
vt 0.02832538 0.19934052
vt 0.01068942 0.84643734
vt 0.02780200 0.19906622
vt 0.04300600 0.42033523
vt 0.02727852 0.19879192
vt 0.04252621 0.42067856
vt 0.07178403 0.63272744
vt 0.02675473 0.19851756
vt 0.00898397 0.84691954
vt 0.04204620 0.42102206
vt 0.07138717 0.63229346
vt 0.07099008 0.63185924
vt 0.02570769 0.19796884
vt 0.00784412 0.84724200
vt 0.80881680 0.66340400
vt 0.04108614 0.42170894
vt 0.89216566 0.66337480
vt 0.07059287 0.63142484
vt 0.80877700 0.42372727
vt 0.02518289 0.19769370
vt 0.89213940 0.42371070
vt 0.04060952 0.42205870
vt 0.89156130 0.66338870
vt 0.80998420 0.42372650
vt 0.89093260 0.42371124
vt 0.89035620 0.66338944
vt 0.81058633 0.42372614
vt 0.89033140 0.42371136
vt 0.81122180 0.66340030
vt 0.88975513 0.66338970
vt 0.81118774 0.42372572
vt 0.88973080 0.42371160
vt 0.81182070 0.66339934
vt 0.88915380 0.66339000
vt 0.81178830 0.42372537
vt 0.88913107 0.42371172
vt 0.88855260 0.66339030
vt 0.88853186 0.42371190
vt 0.81301810 0.66339797
vt 0.88793320 0.42371202
vt 0.81361550 0.66339700
vt 0.81358480 0.42372406
vt 0.01114730 0.83144236
vt 0.01114730 0.83144236
vt 0.03871739 0.40573800
vt 0.06490313 0.64655375
vt 0.06490313 0.64655375
vt 0.02509372 0.21383625
vt 0.81421270 0.66339610
vt 0.81418306 0.42372388
vt 0.88673645 0.42371237
vt 0.88616097 0.66339123
vt 0.81478107 0.42372370
vt 0.88613886 0.42371250
vt 0.81540775 0.66339490
vt 0.88556236 0.66339150
vt 0.81537900 0.42372346
vt 0.88554126 0.42371267
vt 0.01056770 0.83156383
vt 0.06447691 0.64614880
vt 0.00940990 0.83180660
vt 0.03721310 0.40666300
vt 0.06362523 0.64533950
vt 0.02347373 0.21312618
vt 0.02293281 0.21288920
vt 0.00825194 0.83204937
vt 0.03620885 0.40728027
vt 0.06277341 0.64453020
vt 0.06234689 0.64412487
vt 0.02185142 0.21241546
vt 0.00709350 0.83229226
vt 0.06192036 0.64371955
vt 0.03470329 0.40820575
vt 0.06149409 0.64331450
vt 0.00593437 0.83253515
vt 0.03419977 0.40851516
vt 0.02022930 0.21170485
vt 0.00535381 0.83265686
vt 0.03369595 0.40882468
vt 0.06064139 0.64250400
vt 0.01968703 0.21146744
vt 0.00477284 0.83277860
vt 0.06021419 0.64209790
vt 0.80817680 0.43870574
vt 0.01914435 0.21123004
vt 0.00419218 0.83290035
vt 0.80877520 0.64842063
vt 0.03268865 0.40944350
vt 0.89215430 0.64841680
vt 0.01860178 0.21099240
vt 0.89215990 0.43868774
vt 0.80938000 0.64842020
vt 0.89155020 0.64841630
vt 0.80938566 0.43870480
vt 0.89155470 0.43868834
vt 0.80998355 0.64841980
vt 0.89094710 0.64841590
vt 0.80998874 0.43870437
vt 0.89095056 0.43868880
vt 0.00862115 0.81736430
vt 0.00862115 0.81736430
vt 0.03145850 0.39335322
vt 0.05519256 0.65718260
vt 0.05519256 0.65718260
vt 0.01965425 0.22709548
vt 0.81058884 0.64841940
vt 0.81059140 0.43870413
vt 0.89034730 0.43868930
vt 0.81119320 0.43870384
vt 0.88974494 0.43868977
vt 0.01909834 0.22689635
vt 0.81179340 0.64841880
vt 0.88914615 0.64841480
vt 0.81179430 0.43870354
vt 0.88914330 0.43869030
vt 0.81239640 0.64841830
vt 0.81239474 0.43870324
vt 0.88854230 0.43869066
vt 0.88794190 0.43869114
vt 0.00745053 0.81752650
vt 0.03041556 0.39389944
vt 0.81359786 0.64841770
vt 0.88735163 0.64841380
vt 0.88734180 0.43869156
vt 0.81419950 0.64841730
vt 0.88675440 0.64841340
vt 0.81480080 0.64841690
vt 0.88615750 0.64841306
vt 0.81478520 0.43870276
vt 0.88614370 0.43869233
vt 0.81540215 0.64841640
vt 0.88556063 0.64841270
vt 0.81538290 0.43870258
vt 0.88554450 0.43869270
vt 0.02989461 0.39417225
vt 0.05383372 0.65606105
vt 0.00569575 0.81776965
vt 0.02885164 0.39471860
vt 0.05292674 0.65531240
vt 0.01688006 0.22610140
vt 0.00511027 0.81785070
vt 0.02833056 0.39499146
vt 0.05201941 0.65456367
vt 0.01576802 0.22570282
vt 0.02728719 0.39553820
vt 0.05156517 0.65418875
vt 0.01521145 0.22550350
vt 0.00335380 0.81809396
vt 0.02676587 0.39581144
vt 0.05111075 0.65381380
vt 0.05065668 0.65343890
vt 0.01354235 0.22490537
vt 0.00709717 0.80314744
vt 0.00709717 0.80314744
vt 0.02509125 0.38050150
vt 0.04625941 0.66845260
vt 0.04625941 0.66845260
vt 0.01516667 0.24069590
vt 0.00159441 0.81833740
vt 0.80879545 0.63343656
vt 0.04974745 0.65268874
vt 0.80878735 0.45367748
vt 0.01298447 0.22470546
vt 0.89216370 0.45367527
vt 0.01459801 0.24053508
vt 0.80940040 0.63343644
vt 0.02467701 0.39690638
vt 0.89158650 0.63343300
vt 0.89155890 0.45367503
vt 0.81000430 0.63343644
vt 0.89098173 0.63343287
vt 0.89095520 0.45367490
vt 0.02400946 0.38097638
vt 0.81060743 0.63343630
vt 0.89037794 0.63343275
vt 0.81059580 0.45367825
vt 0.89035183 0.45367473
vt 0.88977474 0.63343275
vt 0.81119573 0.45367860
vt 0.88974940 0.45367455
vt 0.00532966 0.80327030
vt 0.04482427 0.66742754
vt 0.01346107 0.24021411
vt 0.88917200 0.63343275
vt 0.81179500 0.45367908
vt 0.88914770 0.45367444
vt 0.81240845 0.63343620
vt 0.81239360 0.45367950
vt 0.88854670 0.45367432
vt 0.88796985 0.63343270
vt 0.81299160 0.45367986
vt 0.88794620 0.45367414
vt 0.02292756 0.38145130
vt 0.04434484 0.66708530
vt 0.81360660 0.63343620
vt 0.88736840 0.63343275
vt 0.81358933 0.45368034
vt 0.88734620 0.45367402
vt 0.81420517 0.63343620
vt 0.88676643 0.63343275
vt 0.81418770 0.45368063
vt 0.88674617 0.45367390
vt 0.81480350 0.63343620
vt 0.88616467 0.63343280
vt 0.81478590 0.45368105
vt 0.88614630 0.45367378
vt 0.81540170 0.63343620
vt 0.88556310 0.63343287
vt 0.81538390 0.45368135
vt 0.88554660 0.45367366
vt 0.00415035 0.80335250
vt 0.02238576 0.38168930
vt 0.01232408 0.23989266
vt 0.02184387 0.38192725
vt 0.04338672 0.66640110
vt 0.00297069 0.80343460
vt 0.02130179 0.38216537
vt 0.04290702 0.66605860
vt 0.02075968 0.38240350
vt 0.04242743 0.66571620
vt 0.01061892 0.23941064
vt 0.00658250 0.78885980
vt 0.00658250 0.78885980
vt 0.01965168 0.36724198
vt 0.03814729 0.68030840
vt 0.03814729 0.68030840
vt 0.01165269 0.25457156
vt 0.00179024 0.80351704
vt 0.02021729 0.38264167
vt 0.04194762 0.66537356
vt 0.01004920 0.23924947
vt 0.01967455 0.38288010
vt 0.00947927 0.23908824
vt 0.01913168 0.38311850
vt 0.01854010 0.36764026
vt 0.03714563 0.67969250
vt 0.00001859 0.80364080
vt 0.80877125 0.61845046
vt 0.01858837 0.38335735
vt 0.89216197 0.61844677
vt 0.04050883 0.66434634
vt 0.80876260 0.46865660
vt 0.00833928 0.23876566
vt 0.89214930 0.46865606
vt 0.00480859 0.78886070
vt 0.01798409 0.36783946
vt 0.00991763 0.25420845
vt 0.80937624 0.61845100
vt 0.80936706 0.46865708
vt 0.80998150 0.61845150
vt 0.89095510 0.61844826
vt 0.80997200 0.46865760
vt 0.89094275 0.46865560
vt 0.03614400 0.67907650
vt 0.81058615 0.61845210
vt 0.81057590 0.46865810
vt 0.89034110 0.46865523
vt 0.81118990 0.61845255
vt 0.88975173 0.61844945
vt 0.81117900 0.46865863
vt 0.88974030 0.46865505
vt 0.00362428 0.78886120
vt 0.00875934 0.25396610
vt 0.81179404 0.61845315
vt 0.81178120 0.46865910
vt 0.88914025 0.46865480
vt 0.88855160 0.61845050
vt 0.81238290 0.46865958
vt 0.88854086 0.46865470
vt 0.00303109 0.78886150
vt 0.01631779 0.36843640
vt 0.03514220 0.67846040
vt 0.00817939 0.25384480
vt 0.81299650 0.61845410
vt 0.88795286 0.61845110
vt 0.81298400 0.46866006
vt 0.81359870 0.61845464
vt 0.81358470 0.46866047
vt 0.88734250 0.46865440
vt 0.00708362 0.77457154
vt 0.00708362 0.77457154
vt 0.01516424 0.35364133
vt 0.03089130 0.69269070
vt 0.03089130 0.69269070
vt 0.00913170 0.26865500
vt 0.81420046 0.61845523
vt 0.88675580 0.61845200
vt 0.88674384 0.46865427
vt 0.81478333 0.46866100
vt 0.88614535 0.46865416
vt 0.81540010 0.61845600
vt 0.88555974 0.61845280
vt 0.81538310 0.46866150
vt 0.88554700 0.46865404
vt 0.00243779 0.78886175
vt 0.00759929 0.25372344
vt 0.00854604 0.26857400
vt 0.00184441 0.78886205
vt 0.01520515 0.36883490
vt 0.00701925 0.25360210
vt 0.01402635 0.35396254
vt 0.02984572 0.69214326
vt 0.00125085 0.78886235
vt 0.01464833 0.36903423
vt 0.03363913 0.67753613
vt 0.00643896 0.25348067
vt 0.00531558 0.77445050
vt 0.00737494 0.26841210
vt 0.00065751 0.78886265
vt 0.80761900 0.60348130
vt 0.01409123 0.36923367
vt 0.00585837 0.25335926
vt 0.00527760 0.25323772
vt 0.00472562 0.77441000
vt 0.02879999 0.69159570
vt 0.00859492 0.76035270
vt 0.00859492 0.76035270
vt 0.01165225 0.33976543
vt 0.02453206 0.70554316
vt 0.02453206 0.70554316
vt 0.00761339 0.28287685
vt 0.01297624 0.36963284
vt 0.89215250 0.60347766
vt 0.00469634 0.25311620
vt 0.89214950 0.48362875
vt 0.01232119 0.35444385
vt 0.00620365 0.26825010
vt 0.80942930 0.60347986
vt 0.03163265 0.67630160
vt 0.80936617 0.48364610
vt 0.89154520 0.48362935
vt 0.00800858 0.76027180
vt 0.80997056 0.48364586
vt 0.89094126 0.48362988
vt 0.00354565 0.77432910
vt 0.81063090 0.60347900
vt 0.89034665 0.60347680
vt 0.81057450 0.48364562
vt 0.89033824 0.48363048
vt 0.01049576 0.34000748
vt 0.02345146 0.70507000
vt 0.00643324 0.28279555
vt 0.88974720 0.60347646
vt 0.81117760 0.48364526
vt 0.01118268 0.35476524
vt 0.02723275 0.69077530
vt 0.00503192 0.26808798
vt 0.01111039 0.74627227
vt 0.01111039 0.74627227
vt 0.00913021 0.32568252
vt 0.01909833 0.71880054
vt 0.01909833 0.71880054
vt 0.00710608 0.29716873
vt 0.81182890 0.60347843
vt 0.88914800 0.60347617
vt 0.81177990 0.48364496
vt 0.88854920 0.60347590
vt 0.81238160 0.48364466
vt 0.88853880 0.48363173
vt 0.00236505 0.77424810
vt 0.01061243 0.35492617
vt 0.02670831 0.69050050
vt 0.00444558 0.26800704
vt 0.81302416 0.60347795
vt 0.88795054 0.60347560
vt 0.81298274 0.48364437
vt 0.88794030 0.48363227
vt 0.01461687 0.73239900
vt 0.01461687 0.73239900
vt 0.00761276 0.31146038
vt 0.01854220 0.71860147
vt 0.00651399 0.29716873
vt 0.81361926 0.60347784
vt 0.81358340 0.48364407
vt 0.88734200 0.48363256
vt 0.81421410 0.60347770
vt 0.88675400 0.60347520
vt 0.81418365 0.48364383
vt 0.88674400 0.48363304
vt 0.81480885 0.60347760
vt 0.88615630 0.60347486
vt 0.81478393 0.48364353
vt 0.88614625 0.48363340
vt 0.81540364 0.60347750
vt 0.88555870 0.60347450
vt 0.81538427 0.48364323
vt 0.88554853 0.48363376
vt 0.00625267 0.76002970
vt 0.00525302 0.28271425
vt 0.00177425 0.77420760
vt 0.01004257 0.35508692
vt 0.02618416 0.69022596
vt 0.00385926 0.26792598
vt 0.00995338 0.74603057
vt 0.00795815 0.32584476
vt 0.00118317 0.77416706
vt 0.00947242 0.35524780
vt 0.02565971 0.68995130
vt 0.00327278 0.26784492
vt 0.00566616 0.75994873
vt 0.00876212 0.34037036
vt 0.02183167 0.70436100
vt 0.00466253 0.28267348
vt 0.01347928 0.73207830
vt 0.00643270 0.31154168
vt 0.00059178 0.77412647
vt 0.00890192 0.35540873
vt 0.02513494 0.68967640
vt 0.00268598 0.26776373
vt 0.00818378 0.34049130
vt 0.00000000 0.77408580
vt 0.80874527 0.58850290
vt 0.00833119 0.35556966
vt 0.89217760 0.58849835
vt 0.02460980 0.68940115
vt 0.80877864 0.49863070
vt 0.00678601 0.32600713
vt 0.01687622 0.71800494
vt 0.00474077 0.29716885
vt 0.00449382 0.75978700
vt 0.02075070 0.70388794
vt 0.80935230 0.58850265
vt 0.89157280 0.58849790
vt 0.80938440 0.49862987
vt 0.00151083 0.26760137
vt 0.89157490 0.49861390
vt 0.01234163 0.73175750
vt 0.00525256 0.31162280
vt 0.80996000 0.58850220
vt 0.89096916 0.58849746
vt 0.89097070 0.49861395
vt 0.00821920 0.74566840
vt 0.00414854 0.29716885
vt 0.00390696 0.75970614
vt 0.00289262 0.28255147
vt 0.81056650 0.58850193
vt 0.89036630 0.58849716
vt 0.81059050 0.49862862
vt 0.89036745 0.49861400
vt 0.01177228 0.73159707
vt 0.00466222 0.31166333
vt 0.00331984 0.75962514
vt 0.00561358 0.32616955
vt 0.81117266 0.58850150
vt 0.88976306 0.58849680
vt 0.81119260 0.49862796
vt 0.88976520 0.49861407
vt 0.81177783 0.58850120
vt 0.88916050 0.58849657
vt 0.81179386 0.49862730
vt 0.88916280 0.49861407
vt 0.00273242 0.75954413
vt 0.80761100 0.57351420
vt 0.00587232 0.34097522
vt 0.01912884 0.70317847
vt 0.00171028 0.28246993
vt 0.81238230 0.58850086
vt 0.81239456 0.49862670
vt 0.88856010 0.49861413
vt 0.01120288 0.73143655
vt 0.00407179 0.31170398
vt 0.00706157 0.74542660
vt 0.00502649 0.32625085
vt 0.00296460 0.29716885
vt 0.81298630 0.58850050
vt 0.88795940 0.58849610
vt 0.81299470 0.49862605
vt 0.88795805 0.49861420
vt 0.81358990 0.58850010
vt 0.88735884 0.58849573
vt 0.81359450 0.49862540
vt 0.88735640 0.49861420
vt 0.00529195 0.34109670
vt 0.01858673 0.70294130
vt 0.00111786 0.28242904
vt 0.81419290 0.58849970
vt 0.88675493 0.49861430
vt 0.81479573 0.58849930
vt 0.88616020 0.58849540
vt 0.88615380 0.49861430
vt 0.81539840 0.58849895
vt 0.88556030 0.58849500
vt 0.81538880 0.49862438
vt 0.88555276 0.49861437
vt 0.00648217 0.74530566
vt 0.01465678 0.71721005
vt 0.00237208 0.29716885
vt 0.01063369 0.73127604
vt 0.00348133 0.31174450
vt 0.00471121 0.34121830
vt 0.89217580 0.57351100
vt 0.01804422 0.70270410
vt 0.80879230 0.51360510
vt 0.00052547 0.28238815
vt 0.89215210 0.51359520
vt 0.00590257 0.74518454
vt 0.00385294 0.32641357
vt 0.01409946 0.71701040
vt 0.00177946 0.29716885
vt 0.01006434 0.73111546
vt 0.00289065 0.31178510
vt 0.80942196 0.57351580
vt 0.89157100 0.57351130
vt 0.89154770 0.51359516
vt 0.00532268 0.74506340
vt 0.00326562 0.32649500
vt 0.01354225 0.71681080
vt 0.81002220 0.57351625
vt 0.89096683 0.57351166
vt 0.89094424 0.51359516
vt 0.00949471 0.73095477
vt 0.89036360 0.57351196
vt 0.81060070 0.51360464
vt 0.89034170 0.51359510
vt 0.00474241 0.74494230
vt 0.80816734 0.55854630
vt 0.00267810 0.32657647
vt 0.01298470 0.71661100
vt 0.80818003 0.52858340
vt 0.00059374 0.29716873
vt 0.00892477 0.73079400
vt 0.00170893 0.31186634
vt 0.81122280 0.57351714
vt 0.88976115 0.57351230
vt 0.81120145 0.51360450
vt 0.80877320 0.55854580
vt 0.00209016 0.32665800
vt 0.89216125 0.55853224
vt 0.00000000 0.29716873
vt 0.89217760 0.52857155
vt 0.81182060 0.57351756
vt 0.88915920 0.57351270
vt 0.81180150 0.51360440
vt 0.00835447 0.73063314
vt 0.80819170 0.54355920
vt 0.81241786 0.57351790
vt 0.81240090 0.51360434
vt 0.88854104 0.51359510
vt 0.80937934 0.55854535
vt 0.89155620 0.55853260
vt 0.80938864 0.52858317
vt 0.89157290 0.52857184
vt 0.81301500 0.57351830
vt 0.88795870 0.57351315
vt 0.81299970 0.51360416
vt 0.88794280 0.51359500
vt 0.80879760 0.54355943
vt 0.00052568 0.31194764
vt 0.89216460 0.54355747
vt 0.81361175 0.57351850
vt 0.88735867 0.57351345
vt 0.81359820 0.51360416
vt 0.81420827 0.57351890
vt 0.88675886 0.57351375
vt 0.81419660 0.51360404
vt 0.88674647 0.51359490
vt 0.81480455 0.57351920
vt 0.88615936 0.57351404
vt 0.81479466 0.51360400
vt 0.88614940 0.51359487
vt 0.80998440 0.55854490
vt 0.80999210 0.52858317
vt 0.89096880 0.52857196
vt 0.81540080 0.57351947
vt 0.88555980 0.57351440
vt 0.81539260 0.51360380
vt 0.88555247 0.51359475
vt 0.81058870 0.55854430
vt 0.89035040 0.55853300
vt 0.89036580 0.52857220
vt 0.89095720 0.54355690
vt 0.81119657 0.52858305
vt 0.88976264 0.52857260
vt 0.81060430 0.54355990
vt 0.89035505 0.54355663
vt 0.81179370 0.55854340
vt 0.88914910 0.55853330
vt 0.81179804 0.52858300
vt 0.88916030 0.52857290
vt 0.88854975 0.55853355
vt 0.81239873 0.52858293
vt 0.88855857 0.52857320
vt 0.81120500 0.54356000
vt 0.88975364 0.54355633
vt 0.81299530 0.55854267
vt 0.88795084 0.55853367
vt 0.81299895 0.52858293
vt 0.88795745 0.52857345
vt 0.81180507 0.54356040
vt 0.88915306 0.54355610
vt 0.81359620 0.55854220
vt 0.88735217 0.55853390
vt 0.88735664 0.52857375
vt 0.81419680 0.55854180
vt 0.88675380 0.55853410
vt 0.81419710 0.52858280
vt 0.88675624 0.52857400
vt 0.81479734 0.55854130
vt 0.88615560 0.55853426
vt 0.81479615 0.52858275
vt 0.88615600 0.52857430
vt 0.81539760 0.55854090
vt 0.88555753 0.55853450
vt 0.81539510 0.52858270
vt 0.88555590 0.52857450
vt 0.81240475 0.54356056
vt 0.88855270 0.54355590
vt 0.81300390 0.54356086
vt 0.88795286 0.54355570
vt 0.88735340 0.54355550
vt 0.81420120 0.54356110
vt 0.88675433 0.54355526
vt 0.81479930 0.54356134
vt 0.88615550 0.54355500
vt 0.88555670 0.54355490
vt 0.88555670 0.54355490
vt 0.81539726 0.54356146
vt 0.81539726 0.54356146
f 903/903/903 1436/1436/1436 1478/1478/1478
f 1478/1478/1478 964/964/964 903/903/903
f 1024/1024/1024 964/964/964 1478/1478/1478
f 1478/1478/1478 1494/1494/1494 1024/1024/1024
f 1247/1247/1247 655/655/655 589/589/589
f 589/589/589 1231/1231/1231 1247/1247/1247
f 1207/1207/1207 1231/1231/1231 589/589/589
f 589/589/589 530/530/530 1207/1207/1207
f 1207/1207/1207 530/530/530 471/471/471
f 471/471/471 1191/1191/1191 1207/1207/1207
f 1191/1191/1191 471/471/471 421/421/421
f 421/421/421 1133/1133/1133 1191/1191/1191
f 1075/1075/1075 1133/1133/1133 421/421/421
f 421/421/421 377/377/377 1075/1075/1075
f 1075/1075/1075 377/377/377 332/332/332
f 332/332/332 1067/1067/1067 1075/1075/1075
f 1067/1067/1067 332/332/332 282/282/282
f 282/282/282 1059/1059/1059 1067/1067/1067
f 1051/1051/1051 1059/1059/1059 282/282/282
f 282/282/282 239/239/239 1051/1051/1051
f 1043/1043/1043 1051/1051/1051 239/239/239
f 239/239/239 207/207/207 1043/1043/1043
f 1035/1035/1035 1043/1043/1043 207/207/207
f 207/207/207 181/181/181 1035/1035/1035
f 1035/1035/1035 181/181/181 167/167/167
f 167/167/167 1025/1025/1025 1035/1035/1035
f 1025/1025/1025 167/167/167 178/178/178
f 178/178/178 1031/1031/1031 1025/1025/1025
f 1039/1039/1039 1031/1031/1031 178/178/178
f 178/178/178 204/204/204 1039/1039/1039
f 1039/1039/1039 204/204/204 236/236/236
f 236/236/236 1047/1047/1047 1039/1039/1039
f 1047/1047/1047 236/236/236 279/279/279
f 279/279/279 1055/1055/1055 1047/1047/1047
f 1055/1055/1055 279/279/279 329/329/329
f 329/329/329 1063/1063/1063 1055/1055/1055
f 1071/1071/1071 1063/1063/1063 329/329/329
f 329/329/329 374/374/374 1071/1071/1071
f 1071/1071/1071 374/374/374 418/418/418
f 418/418/418 1129/1129/1129 1071/1071/1071
f 1187/1187/1187 1129/1129/1129 418/418/418
f 418/418/418 468/468/468 1187/1187/1187
f 1187/1187/1187 468/468/468 527/527/527
f 527/527/527 1203/1203/1203 1187/1187/1187
f 1227/1227/1227 1203/1203/1203 527/527/527
f 527/527/527 586/586/586 1227/1227/1227
f 1227/1227/1227 586/586/586 652/652/652
f 652/652/652 1243/1243/1243 1227/1227/1227
f 1243/1243/1243 652/652/652 711/711/711
f 711/711/711 1330/1330/1330 1243/1243/1243
f 1350/1350/1350 1330/1330/1330 711/711/711
f 711/711/711 781/781/781 1350/1350/1350
f 1350/1350/1350 781/781/781 840/840/840
f 840/840/840 1366/1366/1366 1350/1350/1350
f 1432/1432/1432 1366/1366/1366 840/840/840
f 840/840/840 900/900/900 1432/1432/1432
f 1474/1474/1474 1432/1432/1432 900/900/900
f 900/900/900 961/961/961 1474/1474/1474
f 1490/1490/1490 1474/1474/1474 961/961/961
f 961/961/961 1021/1021/1021 1490/1490/1490
f 1490/1490/1490 1021/1021/1021 1165/1165/1165
f 1165/1165/1165 1506/1506/1506 1490/1490/1490
f 1589/1589/1589 1506/1506/1506 1165/1165/1165
f 1165/1165/1165 1316/1316/1316 1589/1589/1589
f 1605/1605/1605 1589/1589/1589 1316/1316/1316
f 1316/1316/1316 1460/1460/1460 1605/1605/1605
f 1605/1605/1605 1460/1460/1460 1575/1575/1575
f 1575/1575/1575 1621/1621/1621 1605/1605/1605
f 1621/1621/1621 1575/1575/1575 1686/1686/1686
f 1686/1686/1686 1700/1700/1700 1621/1621/1621
f 1725/1725/1725 1700/1700/1700 1686/1686/1686
f 1686/1686/1686 1740/1740/1740 1725/1725/1725
f 1725/1725/1725 1740/1740/1740 1858/1858/1858
f 1858/1858/1858 1811/1811/1811 1725/1725/1725
f 1827/1827/1827 1811/1811/1811 1858/1858/1858
f 1858/1858/1858 1970/1970/1970 1827/1827/1827
f 1843/1843/1843 1827/1827/1827 1970/1970/1970
f 1970/1970/1970 2115/2115/2115 1843/1843/1843
f 1843/1843/1843 2115/2115/2115 2268/2268/2268
f 2268/2268/2268 1923/1923/1923 1843/1843/1843
f 1939/1939/1939 1923/1923/1923 2268/2268/2268
f 2268/2268/2268 2419/2419/2419 1939/1939/1939
f 1939/1939/1939 2419/2419/2419 2485/2485/2485
f 2485/2485/2485 1955/1955/1955 1939/1939/1939
f 1955/1955/1955 2485/2485/2485 2553/2553/2553
f 2553/2553/2553 1997/1997/1997 1955/1955/1955
f 2064/2064/2064 1997/1997/1997 2553/2553/2553
f 2553/2553/2553 2623/2623/2623 2064/2064/2064
f 2064/2064/2064 2623/2623/2623 2698/2698/2698
f 2698/2698/2698 2080/2080/2080 2064/2064/2064
f 2080/2080/2080 2698/2698/2698 2774/2774/2774
f 2774/2774/2774 2100/2100/2100 2080/2080/2080
f 2189/2189/2189 2100/2100/2100 2774/2774/2774
f 2774/2774/2774 2843/2843/2843 2189/2189/2189
f 2189/2189/2189 2843/2843/2843 2934/2934/2934
f 2934/2934/2934 2205/2205/2205 2189/2189/2189
f 2205/2205/2205 2934/2934/2934 3039/3039/3039
f 3039/3039/3039 2229/2229/2229 2205/2205/2205
f 2245/2245/2245 2229/2229/2229 3039/3039/3039
f 3039/3039/3039 3111/3111/3111 2245/2245/2245
f 2302/2302/2302 2245/2245/2245 3111/3111/3111
f 3111/3111/3111 3169/3169/3169 2302/2302/2302
f 2368/2368/2368 2302/2302/2302 3169/3169/3169
f 3169/3169/3169 3226/3226/3226 2368/2368/2368
f 2368/2368/2368 3226/3226/3226 3279/3279/3279
f 3279/3279/3279 2376/2376/2376 2368/2368/2368
f 2384/2384/2384 2376/2376/2376 3279/3279/3279
f 3279/3279/3279 3348/3348/3348 2384/2384/2384
f 2392/2392/2392 2384/2384/2384 3348/3348/3348
f 3348/3348/3348 3406/3406/3406 2392/2392/2392
f 2392/2392/2392 3406/3406/3406 3442/3442/3442
f 3442/3442/3442 2400/2400/2400 2392/2392/2392
f 2408/2408/2408 2400/2400/2400 3442/3442/3442
f 3442/3442/3442 3474/3474/3474 2408/2408/2408
f 2408/2408/2408 3474/3474/3474 3494/3494/3494
f 3494/3494/3494 2414/2414/2414 2408/2408/2408
f 2414/2414/2414 3494/3494/3494 3477/3477/3477
f 3477/3477/3477 2412/2412/2412 2414/2414/2414
f 2404/2404/2404 2412/2412/2412 3477/3477/3477
f 3477/3477/3477 3445/3445/3445 2404/2404/2404
f 2404/2404/2404 3445/3445/3445 3409/3409/3409
f 3409/3409/3409 2396/2396/2396 2404/2404/2404
f 2388/2388/2388 2396/2396/2396 3409/3409/3409
f 3409/3409/3409 3351/3351/3351 2388/2388/2388
f 2388/2388/2388 3351/3351/3351 3282/3282/3282
f 3282/3282/3282 2380/2380/2380 2388/2388/2388
f 2380/2380/2380 3282/3282/3282 3229/3229/3229
f 3229/3229/3229 2372/2372/2372 2380/2380/2380
f 2306/2306/2306 2372/2372/2372 3229/3229/3229
f 3229/3229/3229 3172/3172/3172 2306/2306/2306
f 2306/2306/2306 3172/3172/3172 3114/3114/3114
f 3114/3114/3114 2249/2249/2249 2306/2306/2306
f 2233/2233/2233 2249/2249/2249 3114/3114/3114
f 3114/3114/3114 3042/3042/3042 2233/2233/2233
f 2233/2233/2233 3042/3042/3042 2937/2937/2937
f 2937/2937/2937 2209/2209/2209 2233/2233/2233
f 2193/2193/2193 2209/2209/2209 2937/2937/2937
f 2937/2937/2937 2846/2846/2846 2193/2193/2193
f 2193/2193/2193 2846/2846/2846 2777/2777/2777
f 2777/2777/2777 2104/2104/2104 2193/2193/2193
f 2084/2084/2084 2104/2104/2104 2777/2777/2777
f 2777/2777/2777 2701/2701/2701 2084/2084/2084
f 2084/2084/2084 2701/2701/2701 2626/2626/2626
f 2626/2626/2626 2068/2068/2068 2084/2084/2084
f 2068/2068/2068 2626/2626/2626 2556/2556/2556
f 2556/2556/2556 2001/2001/2001 2068/2068/2068
f 2001/2001/2001 2556/2556/2556 2488/2488/2488
f 2488/2488/2488 1959/1959/1959 2001/2001/2001
f 1943/1943/1943 1959/1959/1959 2488/2488/2488
f 2488/2488/2488 2422/2422/2422 1943/1943/1943
f 1943/1943/1943 2422/2422/2422 2271/2271/2271
f 2271/2271/2271 1927/1927/1927 1943/1943/1943
f 1927/1927/1927 2271/2271/2271 2118/2118/2118
f 2118/2118/2118 1847/1847/1847 1927/1927/1927
f 1831/1831/1831 1847/1847/1847 2118/2118/2118
f 2118/2118/2118 1973/1973/1973 1831/1831/1831
f 1831/1831/1831 1973/1973/1973 1861/1861/1861
f 1861/1861/1861 1815/1815/1815 1831/1831/1831
f 1729/1729/1729 1815/1815/1815 1861/1861/1861
f 1861/1861/1861 1743/1743/1743 1729/1729/1729
f 1704/1704/1704 1729/1729/1729 1743/1743/1743
f 1743/1743/1743 1689/1689/1689 1704/1704/1704
f 1625/1625/1625 1704/1704/1704 1689/1689/1689
f 1689/1689/1689 1578/1578/1578 1625/1625/1625
f 1625/1625/1625 1578/1578/1578 1463/1463/1463
f 1463/1463/1463 1609/1609/1609 1625/1625/1625
f 1609/1609/1609 1463/1463/1463 1319/1319/1319
f 1319/1319/1319 1593/1593/1593 1609/1609/1609
f 1593/1593/1593 1319/1319/1319 1168/1168/1168
f 1168/1168/1168 1510/1510/1510 1593/1593/1593
f 1510/1510/1510 1168/1168/1168 1024/1024/1024
f 1024/1024/1024 1494/1494/1494 1510/1510/1510
f 714/714/714 655/655/655 1247/1247/1247
f 1247/1247/1247 1334/1334/1334 714/714/714
f 714/714/714 1334/1334/1334 1354/1354/1354
f 1354/1354/1354 784/784/784 714/714/714
f 784/784/784 1354/1354/1354 1370/1370/1370
f 1370/1370/1370 843/843/843 784/784/784
f 903/903/903 843/843/843 1370/1370/1370
f 1370/1370/1370 1436/1436/1436 903/903/903
f 3229/3229/3229 3235/3235/3235 3172/3172/3172
f 3235/3235/3235 3229/3229/3229 3282/3282/3282
f 3282/3282/3282 3289/3289/3289 3235/3235/3235
f 3289/3289/3289 3282/3282/3282 3351/3351/3351
f 2779/2779/2779 2777/2777/2777 2846/2846/2846
f 2777/2777/2777 2779/2779/2779 2704/2704/2704
f 2704/2704/2704 2701/2701/2701 2777/2777/2777
f 3115/3115/3115 3114/3114/3114 3172/3172/3172
f 3044/3044/3044 3042/3042/3042 3114/3114/3114
f 3114/3114/3114 3115/3115/3115 3044/3044/3044
f 3409/3409/3409 3421/3421/3421 3351/3351/3351
f 3421/3421/3421 3409/3409/3409 3445/3445/3445
f 2488/2488/2488 2489/2489/2489 2422/2422/2422
f 2489/2489/2489 2488/2488/2488 2556/2556/2556
f 2556/2556/2556 2557/2557/2557 2489/2489/2489
f 2557/2557/2557 2556/2556/2556 2626/2626/2626
f 1746/1746/1746 1743/1743/1743 1861/1861/1861
f 1743/1743/1743 1746/1746/1746 1689/1689/1689
f 3477/3477/3477 3496/3496/3496 3445/3445/3445
f 3496/3496/3496 3477/3477/3477 3494/3494/3494
f 1018/1018/1018 1024/1024/1024 1168/1168/1168
f 1024/1024/1024 1018/1018/1018 964/964/964
f 708/708/708 714/714/714 784/784/784
f 714/714/714 708/708/708 655/655/655
f 2938/2938/2938 2934/2934/2934 2843/2843/2843
f 2934/2934/2934 2938/2938/2938 3043/3043/3043
f 3043/3043/3043 3039/3039/3039 2934/2934/2934
f 2774/2774/2774 2778/2778/2778 2843/2843/2843
f 2778/2778/2778 2774/2774/2774 2698/2698/2698
f 2698/2698/2698 2702/2702/2702 2778/2778/2778
f 2702/2702/2702 2698/2698/2698 2623/2623/2623
f 2419/2419/2419 2423/2423/2423 2485/2485/2485
f 2423/2423/2423 2419/2419/2419 2268/2268/2268
f 1744/1744/1744 1740/1740/1740 1686/1686/1686
f 471/471/471 465/465/465 421/421/421
f 465/465/465 471/471/471 530/530/530
f 374/374/374 366/366/366 418/418/418
f 366/366/366 374/374/374 329/329/329
f 329/329/329 320/320/320 366/366/366
f 320/320/320 329/329/329 279/279/279
f 781/781/781 778/778/778 840/840/840
f 778/778/778 781/781/781 711/711/711
f 524/524/524 527/527/527 468/468/468
f 164/164/164 178/178/178 167/167/167
f 178/178/178 164/164/164 193/193/193
f 193/193/193 204/204/204 178/178/178
f 2701/2701/2701 2704/2704/2704 2629/2629/2629
f 2629/2629/2629 2626/2626/2626 2701/2701/2701
f 2626/2626/2626 2629/2629/2629 2557/2557/2557
f 3042/3042/3042 3044/3044/3044 2941/2941/2941
f 2941/2941/2941 2937/2937/2937 3042/3042/3042
f 2937/2937/2937 2941/2941/2941 2846/2846/2846
f 3039/3039/3039 3043/3043/3043 3117/3117/3117
f 3117/3117/3117 3111/3111/3111 3039/3039/3039
f 3111/3111/3111 3117/3117/3117 3169/3169/3169
f 1740/1740/1740 1744/1744/1744 1862/1862/1862
f 1862/1862/1862 1858/1858/1858 1740/1740/1740
f 1858/1858/1858 1862/1862/1862 1970/1970/1970
f 527/527/527 524/524/524 581/581/581
f 581/581/581 586/586/586 527/527/527
f 586/586/586 581/581/581 652/652/652
f 204/204/204 193/193/193 219/219/219
f 219/219/219 236/236/236 204/204/204
f 236/236/236 219/219/219 279/279/279
f 266/266/266 279/279/279 219/219/219
f 279/279/279 266/266/266 320/320/320
f 2268/2268/2268 2282/2282/2282 2423/2423/2423
f 2282/2282/2282 2268/2268/2268 2115/2115/2115
f 2115/2115/2115 2120/2120/2120 2282/2282/2282
f 2120/2120/2120 2115/2115/2115 1970/1970/1970
f 2623/2623/2623 2628/2628/2628 2702/2702/2702
f 2628/2628/2628 2623/2623/2623 2553/2553/2553
f 2553/2553/2553 2558/2558/2558 2628/2628/2628
f 2558/2558/2558 2553/2553/2553 2485/2485/2485
f 1686/1686/1686 1682/1682/1682 1744/1744/1744
f 1682/1682/1682 1686/1686/1686 1575/1575/1575
f 2848/2848/2848 2843/2843/2843 2778/2778/2778
f 711/711/711 706/706/706 778/778/778
f 706/706/706 711/711/711 652/652/652
f 652/652/652 648/648/648 706/706/706
f 648/648/648 652/652/652 581/581/581
f 407/407/407 418/418/418 366/366/366
f 167/167/167 145/145/145 164/164/164
f 145/145/145 167/167/167 150/150/150
f 181/181/181 150/150/150 167/167/167
f 150/150/150 181/181/181 207/207/207
f 207/207/207 187/187/187 150/150/150
f 187/187/187 207/207/207 239/239/239
f 239/239/239 220/220/220 187/187/187
f 220/220/220 239/239/239 282/282/282
f 282/282/282 268/268/268 220/220/220
f 268/268/268 282/282/282 332/332/332
f 530/530/530 523/523/523 465/465/465
f 523/523/523 530/530/530 589/589/589
f 589/589/589 582/582/582 523/523/523
f 582/582/582 589/589/589 655/655/655
f 1168/1168/1168 1154/1154/1154 1018/1018/1018
f 1154/1154/1154 1168/1168/1168 1319/1319/1319
f 1319/1319/1319 1313/1313/1313 1154/1154/1154
f 1313/1313/1313 1319/1319/1319 1463/1463/1463
f 1463/1463/1463 1457/1457/1457 1313/1313/1313
f 1457/1457/1457 1463/1463/1463 1578/1578/1578
f 1578/1578/1578 1572/1572/1572 1457/1457/1457
f 1572/1572/1572 1578/1578/1578 1689/1689/1689
f 1689/1689/1689 1683/1683/1683 1572/1572/1572
f 1683/1683/1683 1689/1689/1689 1746/1746/1746
f 1861/1861/1861 1864/1864/1864 1746/1746/1746
f 1864/1864/1864 1861/1861/1861 1973/1973/1973
f 1973/1973/1973 1974/1974/1974 1864/1864/1864
f 1974/1974/1974 1973/1973/1973 2118/2118/2118
f 2118/2118/2118 2122/2122/2122 1974/1974/1974
f 2122/2122/2122 2118/2118/2118 2271/2271/2271
f 2271/2271/2271 2283/2283/2283 2122/2122/2122
f 2283/2283/2283 2271/2271/2271 2422/2422/2422
f 2426/2426/2426 2422/2422/2422 2489/2489/2489
f 2422/2422/2422 2426/2426/2426 2283/2283/2283
f 2846/2846/2846 2849/2849/2849 2779/2779/2779
f 2849/2849/2849 2846/2846/2846 2941/2941/2941
f 3466/3466/3466 3445/3445/3445 3496/3496/3496
f 3494/3494/3494 3529/3529/3529 3496/3496/3496
f 3529/3529/3529 3494/3494/3494 3474/3474/3474
f 776/776/776 784/784/784 843/843/843
f 843/843/843 837/837/837 776/776/776
f 837/837/837 843/843/843 903/903/903
f 903/903/903 896/896/896 837/837/837
f 896/896/896 903/903/903 964/964/964
f 359/359/359 377/377/377 421/421/421
f 895/895/895 900/900/900 840/840/840
f 900/900/900 895/895/895 957/957/957
f 957/957/957 961/961/961 900/900/900
f 961/961/961 957/957/957 1021/1021/1021
f 1153/1153/1153 1165/1165/1165 1021/1021/1021
f 1165/1165/1165 1153/1153/1153 1311/1311/1311
f 1311/1311/1311 1316/1316/1316 1165/1165/1165
f 1316/1316/1316 1311/1311/1311 1460/1460/1460
f 3474/3474/3474 3519/3519/3519 3529/3529/3529
f 3519/3519/3519 3474/3474/3474 3442/3442/3442
f 3442/3442/3442 3464/3464/3464 3519/3519/3519
f 3464/3464/3464 3442/3442/3442 3406/3406/3406
f 3406/3406/3406 3425/3425/3425 3464/3464/3464
f 3348/3348/3348 3359/3359/3359 3406/3406/3406
f 3425/3425/3425 3406/3406/3406 3359/3359/3359
f 3359/3359/3359 3348/3348/3348 3279/3279/3279
f 3279/3279/3279 3297/3297/3297 3359/3359/3359
f 3297/3297/3297 3279/3279/3279 3226/3226/3226
f 3226/3226/3226 3245/3245/3245 3297/3297/3297
f 3245/3245/3245 3226/3226/3226 3169/3169/3169
f 784/784/784 776/776/776 705/705/705
f 705/705/705 708/708/708 784/784/784
f 377/377/377 359/359/359 310/310/310
f 310/310/310 332/332/332 377/377/377
f 332/332/332 310/310/310 268/268/268
f 418/418/418 407/407/407 462/462/462
f 462/462/462 468/468/468 418/418/418
f 3445/3445/3445 3466/3466/3466 3432/3432/3432
f 3432/3432/3432 3421/3421/3421 3445/3445/3445
f 2843/2843/2843 2848/2848/2848 2942/2942/2942
f 2942/2942/2942 2938/2938/2938 2843/2843/2843
f 421/421/421 406/406/406 359/359/359
f 406/406/406 421/421/421 465/465/465
f 655/655/655 647/647/647 582/582/582
f 647/647/647 655/655/655 708/708/708
f 708/708/708 705/705/705 647/647/647
f 964/964/964 956/956/956 896/896/896
f 956/956/956 964/964/964 1018/1018/1018
f 1746/1746/1746 1747/1747/1747 1683/1683/1683
f 1747/1747/1747 1746/1746/1746 1864/1864/1864
f 2704/2704/2704 2706/2706/2706 2629/2629/2629
f 2706/2706/2706 2704/2704/2704 2779/2779/2779
f 840/840/840 835/835/835 895/895/895
f 835/835/835 840/840/840 778/778/778
f 1014/1014/1014 1021/1021/1021 957/957/957
f 1021/1021/1021 1014/1014/1014 1153/1153/1153
f 1447/1447/1447 1460/1460/1460 1311/1311/1311
f 1575/1575/1575 1570/1570/1570 1682/1682/1682
f 1570/1570/1570 1575/1575/1575 1460/1460/1460
f 1460/1460/1460 1447/1447/1447 1570/1570/1570
f 1984/1984/1984 1970/1970/1970 1862/1862/1862
f 1970/1970/1970 1984/1984/1984 2120/2120/2120
f 2485/2485/2485 2491/2491/2491 2558/2558/2558
f 2491/2491/2491 2485/2485/2485 2423/2423/2423
f 3169/3169/3169 3186/3186/3186 3245/3245/3245
f 3186/3186/3186 3169/3169/3169 3117/3117/3117
f 3371/3371/3371 3351/3351/3351 3421/3421/3421
f 3351/3351/3351 3371/3371/3371 3289/3289/3289
f 3421/3421/3421 3432/3432/3432 3371/3371/3371
f 3172/3172/3172 3188/3188/3188 3115/3115/3115
f 3188/3188/3188 3172/3172/3172 3235/3235/3235
f 468/468/468 462/462/462 519/519/519
f 519/519/519 524/524/524 468/468/468
f 524/524/524 519/519/519 581/581/581
f 366/366/366 347/347/347 407/407/407
f 347/347/347 366/366/366 320/320/320
f 1749/1749/1749 1744/1744/1744 1682/1682/1682
f 2707/2707/2707 2702/2702/2702 2628/2628/2628
f 2781/2781/2781 2778/2778/2778 2702/2702/2702
f 2702/2702/2702 2707/2707/2707 2781/2781/2781
f 2778/2778/2778 2781/2781/2781 2848/2848/2848
f 3043/3043/3043 3047/3047/3047 3117/3117/3117
f 3047/3047/3047 3043/3043/3043 2938/2938/2938
f 2938/2938/2938 2942/2942/2942 3047/3047/3047
f 2561/2561/2561 2557/2557/2557 2629/2629/2629
f 1015/1015/1015 1018/1018/1018 1154/1154/1154
f 1018/1018/1018 1015/1015/1015 956/956/956
f 3307/3307/3307 3289/3289/3289 3371/3371/3371
f 1744/1744/1744 1749/1749/1749 1868/1868/1868
f 1868/1868/1868 1862/1862/1862 1744/1744/1744
f 1862/1862/1862 1868/1868/1868 1984/1984/1984
f 2557/2557/2557 2561/2561/2561 2494/2494/2494
f 2494/2494/2494 2489/2489/2489 2557/2557/2557
f 2489/2489/2489 2494/2494/2494 2426/2426/2426
f 3289/3289/3289 3307/3307/3307 3264/3264/3264
f 3264/3264/3264 3235/3235/3235 3289/3289/3289
f 3235/3235/3235 3264/3264/3264 3188/3188/3188
f 3543/3543/3543 3496/3496/3496 3529/3529/3529
f 3496/3496/3496 3543/3543/3543 3466/3466/3466
f 3121/3121/3121 3115/3115/3115 3188/3188/3188
f 3115/3115/3115 3121/3121/3121 3050/3050/3050
f 3050/3050/3050 3044/3044/3044 3115/3115/3115
f 3044/3044/3044 3050/3050/3050 2943/2943/2943
f 2943/2943/2943 2941/2941/2941 3044/3044/3044
f 3259/3259/3259 3245/3245/3245 3186/3186/3186
f 3359/3359/3359 3370/3370/3370 3425/3425/3425
f 3370/3370/3370 3359/3359/3359 3297/3297/3297
f 2851/2851/2851 2849/2849/2849 2941/2941/2941
f 2941/2941/2941 2943/2943/2943 2851/2851/2851
f 2628/2628/2628 2631/2631/2631 2707/2707/2707
f 2631/2631/2631 2628/2628/2628 2558/2558/2558
f 2284/2284/2284 2282/2282/2282 2120/2120/2120
f 1866/1866/1866 1864/1864/1864 1974/1974/1974
f 1864/1864/1864 1866/1866/1866 1750/1750/1750
f 1750/1750/1750 1747/1747/1747 1864/1864/1864
f 1747/1747/1747 1750/1750/1750 1681/1681/1681
f 1681/1681/1681 1683/1683/1683 1747/1747/1747
f 1683/1683/1683 1681/1681/1681 1572/1572/1572
f 778/778/778 772/772/772 835/835/835
f 772/772/772 778/778/778 706/706/706
f 465/465/465 461/461/461 406/406/406
f 461/461/461 465/465/465 523/523/523
f 523/523/523 520/520/520 461/461/461
f 520/520/520 523/523/523 582/582/582
f 893/893/893 896/896/896 956/956/956
f 896/896/896 893/893/893 837/837/837
f 127/127/127 164/164/164 145/145/145
f 320/320/320 303/303/303 347/347/347
f 303/303/303 320/320/320 266/266/266
f 164/164/164 127/127/127 154/154/154
f 154/154/154 193/193/193 164/164/164
f 216/216/216 220/220/220 268/268/268
f 220/220/220 216/216/216 174/174/174
f 174/174/174 187/187/187 220/220/220
f 2708/2708/2708 2706/2706/2706 2779/2779/2779
f 193/193/193 154/154/154 208/208/208
f 208/208/208 219/219/219 193/193/193
f 219/219/219 208/208/208 266/266/266
f 2706/2706/2706 2708/2708/2708 2635/2635/2635
f 2635/2635/2635 2629/2629/2629 2706/2706/2706
f 2629/2629/2629 2635/2635/2635 2561/2561/2561
f 187/187/187 174/174/174 129/129/129
f 129/129/129 150/150/150 187/187/187
f 150/150/150 129/129/129 145/145/145
f 3245/3245/3245 3259/3259/3259 3317/3317/3317
f 3317/3317/3317 3297/3297/3297 3245/3245/3245
f 3297/3297/3297 3317/3317/3317 3370/3370/3370
f 2849/2849/2849 2851/2851/2851 2787/2787/2787
f 2787/2787/2787 2779/2779/2779 2849/2849/2849
f 2779/2779/2779 2787/2787/2787 2708/2708/2708
f 2282/2282/2282 2284/2284/2284 2429/2429/2429
f 2429/2429/2429 2423/2423/2423 2282/2282/2282
f 2423/2423/2423 2429/2429/2429 2491/2491/2491
f 1568/1568/1568 1572/1572/1572 1681/1681/1681
f 1974/1974/1974 1988/1988/1988 1866/1866/1866
f 1988/1988/1988 1974/1974/1974 2122/2122/2122
f 1572/1572/1572 1568/1568/1568 1445/1445/1445
f 1445/1445/1445 1457/1457/1457 1572/1572/1572
f 1154/1154/1154 1142/1142/1142 1015/1015/1015
f 1142/1142/1142 1154/1154/1154 1313/1313/1313
f 1309/1309/1309 1313/1313/1313 1457/1457/1457
f 1457/1457/1457 1445/1445/1445 1309/1309/1309
f 1313/1313/1313 1309/1309/1309 1142/1142/1142
f 776/776/776 773/773/773 705/705/705
f 773/773/773 776/776/776 837/837/837
f 579/579/579 582/582/582 647/647/647
f 582/582/582 579/579/579 520/520/520
f 345/345/345 359/359/359 406/406/406
f 359/359/359 345/345/345 310/310/310
f 256/256/256 268/268/268 310/310/310
f 268/268/268 256/256/256 216/216/216
f 2294/2294/2294 2283/2283/2283 2426/2426/2426
f 403/403/403 407/407/407 347/347/347
f 407/407/407 403/403/403 462/462/462
f 123/123/123 145/145/145 129/129/129
f 145/145/145 123/123/123 127/127/127
f 254/254/254 266/266/266 208/208/208
f 266/266/266 254/254/254 303/303/303
f 891/891/891 895/895/895 835/835/835
f 957/957/957 954/954/954 1014/1014/1014
f 954/954/954 957/957/957 895/895/895
f 895/895/895 891/891/891 954/954/954
f 1140/1140/1140 1153/1153/1153 1014/1014/1014
f 1311/1311/1311 1307/1307/1307 1447/1447/1447
f 1307/1307/1307 1311/1311/1311 1153/1153/1153
f 1153/1153/1153 1140/1140/1140 1307/1307/1307
f 1677/1677/1677 1682/1682/1682 1570/1570/1570
f 2125/2125/2125 2120/2120/2120 1984/1984/1984
f 2120/2120/2120 2125/2125/2125 2284/2284/2284
f 2563/2563/2563 2558/2558/2558 2491/2491/2491
f 2558/2558/2558 2563/2563/2563 2631/2631/2631
f 2852/2852/2852 2848/2848/2848 2781/2781/2781
f 3119/3119/3119 3117/3117/3117 3047/3047/3047
f 3117/3117/3117 3119/3119/3119 3186/3186/3186
f 3529/3529/3529 3552/3552/3552 3543/3543/3543
f 3513/3513/3513 3466/3466/3466 3543/3543/3543
f 3519/3519/3519 3541/3541/3541 3529/3529/3529
f 3552/3552/3552 3529/3529/3529 3541/3541/3541
f 3541/3541/3541 3519/3519/3519 3464/3464/3464
f 1682/1682/1682 1677/1677/1677 1752/1752/1752
f 1752/1752/1752 1749/1749/1749 1682/1682/1682
f 1749/1749/1749 1752/1752/1752 1868/1868/1868
f 2848/2848/2848 2852/2852/2852 2945/2945/2945
f 2945/2945/2945 2942/2942/2942 2848/2848/2848
f 3466/3466/3466 3513/3513/3513 3451/3451/3451
f 3451/3451/3451 3432/3432/3432 3466/3466/3466
f 2283/2283/2283 2294/2294/2294 2127/2127/2127
f 2127/2127/2127 2122/2122/2122 2283/2283/2283
f 2122/2122/2122 2127/2127/2127 1988/1988/1988
f 2431/2431/2431 2426/2426/2426 2494/2494/2494
f 2426/2426/2426 2431/2431/2431 2294/2294/2294
f 3464/3464/3464 3525/3525/3525 3541/3541/3541
f 3450/3450/3450 3425/3425/3425 3370/3370/3370
f 3425/3425/3425 3450/3450/3450 3525/3525/3525
f 3525/3525/3525 3464/3464/3464 3425/3425/3425
f 3049/3049/3049 3047/3047/3047 2942/2942/2942
f 2942/2942/2942 2945/2945/2945 3049/3049/3049
f 3047/3047/3047 3049/3049/3049 3119/3119/3119
f 3188/3188/3188 3189/3189/3189 3121/3121/3121
f 3189/3189/3189 3188/3188/3188 3264/3264/3264
f 2947/2947/2947 2943/2943/2943 3050/3050/3050
f 2943/2943/2943 2947/2947/2947 2854/2854/2854
f 2854/2854/2854 2851/2851/2851 2943/2943/2943
f 2851/2851/2851 2854/2854/2854 2787/2787/2787
f 2708/2708/2708 2710/2710/2710 2635/2635/2635
f 2710/2710/2710 2708/2708/2708 2787/2787/2787
f 1754/1754/1754 1750/1750/1750 1866/1866/1866
f 1750/1750/1750 1754/1754/1754 1681/1681/1681
f 2781/2781/2781 2783/2783/2783 2852/2852/2852
f 2783/2783/2783 2781/2781/2781 2707/2707/2707
f 2633/2633/2633 2631/2631/2631 2563/2563/2563
f 2491/2491/2491 2493/2493/2493 2563/2563/2563
f 2493/2493/2493 2491/2491/2491 2429/2429/2429
f 706/706/706 700/700/700 772/772/772
f 1570/1570/1570 1567/1567/1567 1677/1677/1677
f 1567/1567/1567 1570/1570/1570 1447/1447/1447
f 577/577/577 581/581/581 519/519/519
f 700/700/700 706/706/706 648/648/648
f 648/648/648 643/643/643 700/700/700
f 643/643/643 648/648/648 581/581/581
f 581/581/581 577/577/577 643/643/643
f 517/517/517 519/519/519 462/462/462
f 519/519/519 517/517/517 577/577/577
f 702/702/702 705/705/705 773/773/773
f 705/705/705 702/702/702 647/647/647
f 2631/2631/2631 2633/2633/2633 2712/2712/2712
f 2712/2712/2712 2707/2707/2707 2631/2631/2631
f 2707/2707/2707 2712/2712/2712 2783/2783/2783
f 3191/3191/3191 3186/3186/3186 3119/3119/3119
f 3259/3259/3259 3262/3262/3262 3317/3317/3317
f 3186/3186/3186 3191/3191/3191 3262/3262/3262
f 3262/3262/3262 3259/3259/3259 3186/3186/3186
f 1984/1984/1984 1989/1989/1989 2125/2125/2125
f 1989/1989/1989 1984/1984/1984 1868/1868/1868
f 3387/3387/3387 3371/3371/3371 3432/3432/3432
f 3432/3432/3432 3451/3451/3451 3387/3387/3387
f 3371/3371/3371 3387/3387/3387 3307/3307/3307
f 3337/3337/3337 3307/3307/3307 3387/3387/3387
f 3307/3307/3307 3337/3337/3337 3264/3264/3264
f 1447/1447/1447 1442/1442/1442 1567/1567/1567
f 1442/1442/1442 1447/1447/1447 1307/1307/1307
f 1014/1014/1014 1010/1010/1010 1140/1140/1140
f 1010/1010/1010 1014/1014/1014 954/954/954
f 835/835/835 831/831/831 891/891/891
f 831/831/831 835/835/835 772/772/772
f 2567/2567/2567 2561/2561/2561 2635/2635/2635
f 2561/2561/2561 2567/2567/2567 2494/2494/2494
f 837/837/837 830/830/830 773/773/773
f 830/830/830 837/837/837 893/893/893
f 1870/1870/1870 1866/1866/1866 1988/1988/1988
f 1675/1675/1675 1681/1681/1681 1754/1754/1754
f 1681/1681/1681 1675/1675/1675 1568/1568/1568
f 1011/1011/1011 1015/1015/1015 1142/1142/1142
f 1015/1015/1015 1011/1011/1011 953/953/953
f 953/953/953 956/956/956 1015/1015/1015
f 956/956/956 953/953/953 893/893/893
f 516/516/516 520/520/520 579/579/579
f 520/520/520 516/516/516 461/461/461
f 401/401/401 406/406/406 461/461/461
f 406/406/406 401/401/401 345/345/345
f 290/290/290 310/310/310 345/345/345
f 310/310/310 290/290/290 256/256/256
f 195/195/195 216/216/216 256/256/256
f 1866/1866/1866 1870/1870/1870 1756/1756/1756
f 1756/1756/1756 1754/1754/1754 1866/1866/1866
f 1754/1754/1754 1756/1756/1756 1675/1675/1675
f 216/216/216 195/195/195 138/138/138
f 138/138/138 174/174/174 216/216/216
f 3370/3370/3370 3395/3395/3395 3450/3450/3450
f 3395/3395/3395 3370/3370/3370 3317/3317/3317
f 3317/3317/3317 3336/3336/3336 3395/3395/3395
f 3336/3336/3336 3317/3317/3317 3262/3262/3262
f 2284/2284/2284 2309/2309/2309 2429/2429/2429
f 2309/2309/2309 2284/2284/2284 2125/2125/2125
f 2125/2125/2125 2126/2126/2126 2309/2309/2309
f 2126/2126/2126 2125/2125/2125 1989/1989/1989
f 3513/3513/3513 3527/3527/3527 3451/3451/3451
f 3527/3527/3527 3513/3513/3513 3543/3543/3543
f 3543/3543/3543 3557/3557/3557 3527/3527/3527
f 3557/3557/3557 3543/3543/3543 3552/3552/3552
f 3552/3552/3552 3565/3565/3565 3557/3557/3557
f 3565/3565/3565 3552/3552/3552 3541/3541/3541
f 2949/2949/2949 2945/2945/2945 2852/2852/2852
f 2945/2945/2945 2949/2949/2949 3051/3051/3051
f 3051/3051/3051 3049/3049/3049 2945/2945/2945
f 2786/2786/2786 2783/2783/2783 2712/2712/2712
f 2565/2565/2565 2563/2563/2563 2493/2493/2493
f 3053/3053/3053 3050/3050/3050 3121/3121/3121
f 2951/2951/2951 2947/2947/2947 3050/3050/3050
f 3050/3050/3050 3053/3053/3053 2951/2951/2951
f 2947/2947/2947 2951/2951/2951 2854/2854/2854
f 2637/2637/2637 2635/2635/2635 2710/2710/2710
f 2635/2635/2635 2637/2637/2637 2567/2567/2567
f 2496/2496/2496 2494/2494/2494 2567/2567/2567
f 2494/2494/2494 2496/2496/2496 2431/2431/2431
f 1990/1990/1990 1988/1988/1988 2127/2127/2127
f 1988/1988/1988 1990/1990/1990 1870/1870/1870
f 1443/1443/1443 1445/1445/1445 1568/1568/1568
f 1445/1445/1445 1443/1443/1443 1309/1309/1309
f 1307/1307/1307 1304/1304/1304 1442/1442/1442
f 1304/1304/1304 1307/1307/1307 1140/1140/1140
f 462/462/462 456/456/456 517/517/517
f 456/456/456 462/462/462 403/403/403
f 342/342/342 347/347/347 303/303/303
f 459/459/459 461/461/461 516/516/516
f 461/461/461 459/459/459 401/401/401
f 289/289/289 303/303/303 254/254/254
f 303/303/303 289/289/289 342/342/342
f 3049/3049/3049 3051/3051/3051 3124/3124/3124
f 3124/3124/3124 3119/3119/3119 3049/3049/3049
f 3119/3119/3119 3124/3124/3124 3191/3191/3191
f 2783/2783/2783 2786/2786/2786 2856/2856/2856
f 2856/2856/2856 2852/2852/2852 2783/2783/2783
f 2852/2852/2852 2856/2856/2856 2949/2949/2949
f 2563/2563/2563 2565/2565/2565 2638/2638/2638
f 2638/2638/2638 2633/2633/2633 2563/2563/2563
f 2633/2633/2633 2638/2638/2638 2712/2712/2712
f 347/347/347 342/342/342 398/398/398
f 398/398/398 403/403/403 347/347/347
f 403/403/403 398/398/398 456/456/456
f 174/174/174 138/138/138 112/112/112
f 112/112/112 129/129/129 174/174/174
f 129/129/129 112/112/112 123/123/123
f 3567/3567/3567 3541/3541/3541 3525/3525/3525
f 3541/3541/3541 3567/3567/3567 3565/3565/3565
f 2493/2493/2493 2498/2498/2498 2565/2565/2565
f 2498/2498/2498 2493/2493/2493 2429/2429/2429
f 3194/3194/3194 3189/3189/3189 3264/3264/3264
f 1868/1868/1868 1872/1872/1872 1989/1989/1989
f 3121/3121/3121 3125/3125/3125 3053/3053/3053
f 3189/3189/3189 3194/3194/3194 3125/3125/3125
f 3125/3125/3125 3121/3121/3121 3189/3189/3189
f 2858/2858/2858 2854/2854/2854 2951/2951/2951
f 1872/1872/1872 1868/1868/1868 1752/1752/1752
f 1752/1752/1752 1758/1758/1758 1872/1872/1872
f 1563/1563/1563 1567/1567/1567 1442/1442/1442
f 1758/1758/1758 1752/1752/1752 1677/1677/1677
f 1677/1677/1677 1674/1674/1674 1758/1758/1758
f 1674/1674/1674 1677/1677/1677 1567/1567/1567
f 1567/1567/1567 1563/1563/1563 1674/1674/1674
f 1140/1140/1140 1125/1125/1125 1304/1304/1304
f 1125/1125/1125 1140/1140/1140 1010/1010/1010
f 954/954/954 951/951/951 1010/1010/1010
f 888/888/888 891/891/891 831/831/831
f 951/951/951 954/954/954 891/891/891
f 891/891/891 888/888/888 951/951/951
f 772/772/772 769/769/769 831/831/831
f 769/769/769 772/772/772 700/700/700
f 254/254/254 243/243/243 289/289/289
f 243/243/243 254/254/254 208/208/208
f 154/154/154 136/136/136 208/208/208
f 136/136/136 154/154/154 127/127/127
f 127/127/127 110/110/110 136/136/136
f 110/110/110 127/127/127 123/123/123
f 345/345/345 343/343/343 290/290/290
f 343/343/343 345/345/345 401/401/401
f 640/640/640 647/647/647 702/702/702
f 702/702/702 698/698/698 640/640/640
f 698/698/698 702/702/702 773/773/773
f 579/579/579 576/576/576 516/516/516
f 576/576/576 579/579/579 647/647/647
f 647/647/647 640/640/640 576/576/576
f 1303/1303/1303 1309/1309/1309 1443/1443/1443
f 1309/1309/1309 1303/1303/1303 1142/1142/1142
f 1564/1564/1564 1568/1568/1568 1675/1675/1675
f 2854/2854/2854 2858/2858/2858 2789/2789/2789
f 2789/2789/2789 2787/2787/2787 2854/2854/2854
f 1568/1568/1568 1564/1564/1564 1440/1440/1440
f 1440/1440/1440 1443/1443/1443 1568/1568/1568
f 1443/1443/1443 1440/1440/1440 1303/1303/1303
f 893/893/893 885/885/885 830/830/830
f 885/885/885 893/893/893 953/953/953
f 511/511/511 517/517/517 456/456/456
f 517/517/517 511/511/511 575/575/575
f 575/575/575 577/577/577 517/517/517
f 577/577/577 575/575/575 643/643/643
f 208/208/208 182/182/182 243/243/243
f 182/182/182 208/208/208 136/136/136
f 123/123/123 80/80/80 110/110/110
f 80/80/80 123/123/123 112/112/112
f 828/828/828 831/831/831 769/769/769
f 831/831/831 828/828/828 888/888/888
f 256/256/256 224/224/224 195/195/195
f 224/224/224 256/256/256 290/290/290
f 401/401/401 400/400/400 343/343/343
f 400/400/400 401/401/401 459/459/459
f 516/516/516 514/514/514 459/459/459
f 514/514/514 516/516/516 576/576/576
f 1123/1123/1123 1142/1142/1142 1303/1303/1303
f 2312/2312/2312 2294/2294/2294 2431/2431/2431
f 2717/2717/2717 2710/2710/2710 2787/2787/2787
f 2787/2787/2787 2789/2789/2789 2717/2717/2717
f 2710/2710/2710 2717/2717/2717 2637/2637/2637
f 1756/1756/1756 1759/1759/1759 1675/1675/1675
f 1759/1759/1759 1756/1756/1756 1870/1870/1870
f 1990/1990/1990 1992/1992/1992 1870/1870/1870
f 1992/1992/1992 1990/1990/1990 2127/2127/2127
f 2567/2567/2567 2569/2569/2569 2496/2496/2496
f 2569/2569/2569 2567/2567/2567 2637/2637/2637
f 2951/2951/2951 2954/2954/2954 2858/2858/2858
f 2954/2954/2954 2951/2951/2951 3053/3053/3053
f 2952/2952/2952 2949/2949/2949 2856/2856/2856
f 3525/3525/3525 3534/3534/3534 3567/3567/3567
f 3534/3534/3534 3525/3525/3525 3450/3450/3450
f 3266/3266/3266 3262/3262/3262 3191/3191/3191
f 3262/3262/3262 3266/3266/3266 3338/3338/3338
f 3338/3338/3338 3336/3336/3336 3262/3262/3262
f 3336/3336/3336 3338/3338/3338 3395/3395/3395
f 3585/3585/3585 3565/3565/3565 3567/3567/3567
f 3565/3565/3565 3585/3585/3585 3557/3557/3557
f 3387/3387/3387 3397/3397/3397 3337/3337/3337
f 3397/3397/3397 3387/3387/3387 3451/3451/3451
f 2294/2294/2294 2312/2312/2312 2131/2131/2131
f 2131/2131/2131 2127/2127/2127 2294/2294/2294
f 2127/2127/2127 2131/2131/2131 1992/1992/1992
f 2949/2949/2949 2952/2952/2952 3055/3055/3055
f 3055/3055/3055 3051/3051/3051 2949/2949/2949
f 3051/3051/3051 3055/3055/3055 3124/3124/3124
f 1142/1142/1142 1123/1123/1123 1007/1007/1007
f 1007/1007/1007 1011/1011/1011 1142/1142/1142
f 767/767/767 773/773/773 830/830/830
f 773/773/773 767/767/767 698/698/698
f 1875/1875/1875 1870/1870/1870 1992/1992/1992
f 2501/2501/2501 2496/2496/2496 2569/2569/2569
f 3264/3264/3264 3268/3268/3268 3194/3194/3194
f 3268/3268/3268 3264/3264/3264 3337/3337/3337
f 3451/3451/3451 3471/3471/3471 3397/3397/3397
f 3471/3471/3471 3451/3451/3451 3527/3527/3527
f 3588/3588/3588 3557/3557/3557 3585/3585/3585
f 3557/3557/3557 3588/3588/3588 3527/3527/3527
f 2496/2496/2496 2501/2501/2501 2435/2435/2435
f 2435/2435/2435 2431/2431/2431 2496/2496/2496
f 2431/2431/2431 2435/2435/2435 2312/2312/2312
f 3450/3450/3450 3469/3469/3469 3534/3534/3534
f 3469/3469/3469 3450/3450/3450 3395/3395/3395
f 949/949/949 953/953/953 1011/1011/1011
f 1011/1011/1011 1007/1007/1007 949/949/949
f 953/953/953 949/949/949 885/885/885
f 455/455/455 459/459/459 514/514/514
f 195/195/195 183/183/183 138/138/138
f 183/183/183 195/195/195 224/224/224
f 2715/2715/2715 2712/2712/2712 2638/2638/2638
f 2570/2570/2570 2565/2565/2565 2498/2498/2498
f 2712/2712/2712 2715/2715/2715 2786/2786/2786
f 2790/2790/2790 2786/2786/2786 2715/2715/2715
f 2429/2429/2429 2433/2433/2433 2498/2498/2498
f 2433/2433/2433 2429/2429/2429 2309/2309/2309
f 1299/1299/1299 1304/1304/1304 1125/1125/1125
f 700/700/700 696/696/696 769/769/769
f 638/638/638 643/643/643 575/575/575
f 696/696/696 700/700/700 643/643/643
f 643/643/643 638/638/638 696/696/696
f 2130/2130/2130 2126/2126/2126 1989/1989/1989
f 1870/1870/1870 1875/1875/1875 1760/1760/1760
f 1760/1760/1760 1759/1759/1759 1870/1870/1870
f 2786/2786/2786 2790/2790/2790 2859/2859/2859
f 2859/2859/2859 2856/2856/2856 2786/2786/2786
f 2126/2126/2126 2130/2130/2130 2314/2314/2314
f 2314/2314/2314 2309/2309/2309 2126/2126/2126
f 2309/2309/2309 2314/2314/2314 2433/2433/2433
f 1304/1304/1304 1299/1299/1299 1427/1427/1427
f 1427/1427/1427 1442/1442/1442 1304/1304/1304
f 1442/1442/1442 1427/1427/1427 1563/1563/1563
f 459/459/459 455/455/455 396/396/396
f 396/396/396 400/400/400 459/459/459
f 2565/2565/2565 2570/2570/2570 2643/2643/2643
f 2643/2643/2643 2638/2638/2638 2565/2565/2565
f 2638/2638/2638 2643/2643/2643 2715/2715/2715
f 3197/3197/3197 3191/3191/3191 3124/3124/3124
f 3559/3559/3559 3527/3527/3527 3588/3588/3588
f 1989/1989/1989 2003/2003/2003 2130/2130/2130
f 2003/2003/2003 1989/1989/1989 1872/1872/1872
f 2956/2956/2956 2952/2952/2952 2856/2856/2856
f 2856/2856/2856 2859/2859/2859 2956/2956/2956
f 2952/2952/2952 2956/2956/2956 3055/3055/3055
f 3341/3341/3341 3338/3338/3338 3266/3266/3266
f 3338/3338/3338 3341/3341/3341 3395/3395/3395
f 3587/3587/3587 3567/3567/3567 3534/3534/3534
f 3567/3567/3567 3587/3587/3587 3613/3613/3613
f 3613/3613/3613 3585/3585/3585 3567/3567/3567
f 3585/3585/3585 3613/3613/3613 3588/3588/3588
f 3058/3058/3058 3053/3053/3053 3125/3125/3125
f 3125/3125/3125 3127/3127/3127 3058/3058/3058
f 3053/3053/3053 3058/3058/3058 2958/2958/2958
f 2958/2958/2958 2954/2954/2954 3053/3053/3053
f 3127/3127/3127 3125/3125/3125 3194/3194/3194
f 3420/3420/3420 3397/3397/3397 3471/3471/3471
f 2642/2642/2642 2637/2637/2637 2717/2717/2717
f 2498/2498/2498 2500/2500/2500 2570/2570/2570
f 2500/2500/2500 2498/2498/2498 2433/2433/2433
f 2860/2860/2860 2858/2858/2858 2954/2954/2954
f 2954/2954/2954 2958/2958/2958 2860/2860/2860
f 3397/3397/3397 3420/3420/3420 3337/3337/3337
f 3345/3345/3345 3337/3337/3337 3420/3420/3420
f 2569/2569/2569 2572/2572/2572 2501/2501/2501
f 2572/2572/2572 2569/2569/2569 2637/2637/2637
f 1670/1670/1670 1675/1675/1675 1759/1759/1759
f 1759/1759/1759 1760/1760/1760 1670/1670/1670
f 1675/1675/1675 1670/1670/1670 1561/1561/1561
f 1561/1561/1561 1564/1564/1564 1675/1675/1675
f 1993/1993/1993 1992/1992/1992 2131/2131/2131
f 1992/1992/1992 1993/1993/1993 1875/1875/1875
f 1564/1564/1564 1561/1561/1561 1439/1439/1439
f 1439/1439/1439 1440/1440/1440 1564/1564/1564
f 1674/1674/1674 1671/1671/1671 1758/1758/1758
f 1671/1671/1671 1674/1674/1674 1563/1563/1563
f 1010/1010/1010 1006/1006/1006 1125/1125/1125
f 1006/1006/1006 1010/1010/1010 951/951/951
f 290/290/290 286/286/286 224/224/224
f 286/286/286 290/290/290 343/343/343
f 343/343/343 340/340/340 286/286/286
f 340/340/340 343/343/343 400/400/400
f 400/400/400 396/396/396 340/340/340
f 284/284/284 289/289/289 243/243/243
f 573/573/573 576/576/576 640/640/640
f 100/100/100 112/112/112 138/138/138
f 112/112/112 100/100/100 80/80/80
f 99/99/99 110/110/110 80/80/80
f 827/827/827 830/830/830 885/885/885
f 830/830/830 827/827/827 767/767/767
f 3527/3527/3527 3559/3559/3559 3487/3487/3487
f 3487/3487/3487 3471/3471/3471 3527/3527/3527
f 3337/3337/3337 3345/3345/3345 3271/3271/3271
f 3271/3271/3271 3268/3268/3268 3337/3337/3337
f 2637/2637/2637 2642/2642/2642 2574/2574/2574
f 2574/2574/2574 2572/2572/2572 2637/2637/2637
f 3191/3191/3191 3197/3197/3197 3269/3269/3269
f 3269/3269/3269 3266/3266/3266 3191/3191/3191
f 3266/3266/3266 3269/3269/3269 3341/3341/3341
f 1440/1440/1440 1439/1439/1439 1298/1298/1298
f 1298/1298/1298 1303/1303/1303 1440/1440/1440
f 1303/1303/1303 1298/1298/1298 1123/1123/1123
f 289/289/289 284/284/284 338/338/338
f 338/338/338 342/342/342 289/289/289
f 576/576/576 573/573/573 510/510/510
f 510/510/510 514/514/514 576/576/576
f 514/514/514 510/510/510 455/455/455
f 2858/2858/2858 2860/2860/2860 2795/2795/2795
f 2795/2795/2795 2789/2789/2789 2858/2858/2858
f 2789/2789/2789 2795/2795/2795 2717/2717/2717
f 2720/2720/2720 2717/2717/2717 2795/2795/2795
f 2717/2717/2717 2720/2720/2720 2642/2642/2642
f 110/110/110 99/99/99 117/117/117
f 117/117/117 136/136/136 110/110/110
f 136/136/136 117/117/117 182/182/182
f 3423/3423/3423 3395/3395/3395 3341/3341/3341
f 3128/3128/3128 3124/3124/3124 3055/3055/3055
f 3124/3124/3124 3128/3128/3128 3197/3197/3197
f 698/698/698 694/694/694 640/640/640
f 694/694/694 698/698/698 767/767/767
f 118/118/118 138/138/138 183/183/183
f 138/138/138 118/118/118 100/100/100
f 1761/1761/1761 1758/1758/1758 1671/1671/1671
f 1563/1563/1563 1558/1558/1558 1671/1671/1671
f 1558/1558/1558 1563/1563/1563 1427/1427/1427
f 1758/1758/1758 1761/1761/1761 1876/1876/1876
f 1876/1876/1876 1872/1872/1872 1758/1758/1758
f 1872/1872/1872 1876/1876/1876 2003/2003/2003
f 221/221/221 243/243/243 182/182/182
f 243/243/243 221/221/221 284/284/284
f 456/456/456 451/451/451 511/511/511
f 451/451/451 456/456/456 398/398/398
f 575/575/575 570/570/570 638/638/638
f 570/570/570 575/575/575 511/511/511
f 765/765/765 769/769/769 696/696/696
f 825/825/825 828/828/828 769/769/769
f 769/769/769 765/765/765 825/825/825
f 884/884/884 888/888/888 828/828/828
f 828/828/828 825/825/825 884/884/884
f 888/888/888 884/884/884 945/945/945
f 945/945/945 951/951/951 888/888/888
f 951/951/951 945/945/945 1006/1006/1006
f 394/394/394 398/398/398 342/342/342
f 342/342/342 338/338/338 394/394/394
f 398/398/398 394/394/394 451/451/451
f 3395/3395/3395 3423/3423/3423 3485/3485/3485
f 3485/3485/3485 3469/3469/3469 3395/3395/3395
f 3469/3469/3469 3485/3485/3485 3534/3534/3534
f 1119/1119/1119 1125/1125/1125 1006/1006/1006
f 2433/2433/2433 2437/2437/2437 2500/2500/2500
f 2437/2437/2437 2433/2433/2433 2314/2314/2314
f 2959/2959/2959 2956/2956/2956 2859/2859/2859
f 2956/2956/2956 2959/2959/2959 3055/3055/3055
f 3343/3343/3343 3341/3341/3341 3269/3269/3269
f 3341/3341/3341 3343/3343/3343 3423/3423/3423
f 3625/3625/3625 3613/3613/3613 3587/3587/3587
f 3611/3611/3611 3588/3588/3588 3613/3613/3613
f 3613/3613/3613 3625/3625/3625 3611/3611/3611
f 3588/3588/3588 3611/3611/3611 3559/3559/3559
f 3424/3424/3424 3420/3420/3420 3471/3471/3471
f 3471/3471/3471 3487/3487/3487 3424/3424/3424
f 3420/3420/3420 3424/3424/3424 3345/3345/3345
f 3127/3127/3127 3129/3129/3129 3058/3058/3058
f 3129/3129/3129 3127/3127/3127 3194/3194/3194
f 2961/2961/2961 2958/2958/2958 3058/3058/3058
f 2958/2958/2958 2961/2961/2961 2860/2860/2860
f 3268/3268/3268 3271/3271/3271 3194/3194/3194
f 3201/3201/3201 3194/3194/3194 3271/3271/3271
f 2503/2503/2503 2501/2501/2501 2572/2572/2572
f 2572/2572/2572 2574/2574/2574 2503/2503/2503
f 2438/2438/2438 2435/2435/2435 2501/2501/2501
f 2501/2501/2501 2503/2503/2503 2438/2438/2438
f 2435/2435/2435 2438/2438/2438 2312/2312/2312
f 2133/2133/2133 2131/2131/2131 2312/2312/2312
f 2131/2131/2131 2133/2133/2133 1993/1993/1993
f 1763/1763/1763 1760/1760/1760 1875/1875/1875
f 1875/1875/1875 1877/1877/1877 1763/1763/1763
f 1760/1760/1760 1763/1763/1763 1670/1670/1670
f 1877/1877/1877 1875/1875/1875 1993/1993/1993
f 1429/1429/1429 1439/1439/1439 1561/1561/1561
f 1439/1439/1439 1429/1429/1429 1298/1298/1298
f 947/947/947 949/949/949 1007/1007/1007
f 949/949/949 947/947/947 885/885/885
f 3194/3194/3194 3201/3201/3201 3132/3132/3132
f 3132/3132/3132 3129/3129/3129 3194/3194/3194
f 222/222/222 224/224/224 286/286/286
f 224/224/224 222/222/222 183/183/183
f 1125/1125/1125 1119/1119/1119 1295/1295/1295
f 1295/1295/1295 1299/1299/1299 1125/1125/1125
f 1299/1299/1299 1295/1295/1295 1427/1427/1427
f 3578/3578/3578 3534/3534/3534 3485/3485/3485
f 3534/3534/3534 3578/3578/3578 3621/3621/3621
f 3621/3621/3621 3587/3587/3587 3534/3534/3534
f 3587/3587/3587 3621/3621/3621 3625/3625/3625
f 2317/2317/2317 2312/2312/2312 2438/2438/2438
f 2006/2006/2006 1993/1993/1993 2133/2133/2133
f 1557/1557/1557 1561/1561/1561 1670/1670/1670
f 1561/1561/1561 1557/1557/1557 1429/1429/1429
f 1120/1120/1120 1123/1123/1123 1298/1298/1298
f 2790/2790/2790 2793/2793/2793 2859/2859/2859
f 2793/2793/2793 2790/2790/2790 2715/2715/2715
f 2715/2715/2715 2721/2721/2721 2793/2793/2793
f 2721/2721/2721 2715/2715/2715 2643/2643/2643
f 2504/2504/2504 2500/2500/2500 2437/2437/2437
f 2570/2570/2570 2576/2576/2576 2643/2643/2643
f 2500/2500/2500 2504/2504/2504 2576/2576/2576
f 2576/2576/2576 2570/2570/2570 2500/2500/2500
f 2135/2135/2135 2130/2130/2130 2003/2003/2003
f 824/824/824 827/827/827 885/885/885
f 827/827/827 824/824/824 767/767/767
f 450/450/450 455/455/455 510/510/510
f 455/455/455 450/450/450 396/396/396
f 568/568/568 573/573/573 640/640/640
f 153/153/153 183/183/183 222/222/222
f 183/183/183 153/153/153 118/118/118
f 511/511/511 506/506/506 570/570/570
f 506/506/506 511/511/511 451/451/451
f 151/151/151 182/182/182 117/117/117
f 182/182/182 151/151/151 221/221/221
f 66/66/66 80/80/80 100/100/100
f 80/80/80 66/66/66 99/99/99
f 2312/2312/2312 2317/2317/2317 2137/2137/2137
f 2137/2137/2137 2133/2133/2133 2312/2312/2312
f 2133/2133/2133 2137/2137/2137 2006/2006/2006
f 1993/1993/1993 2006/2006/2006 1880/1880/1880
f 1880/1880/1880 1877/1877/1877 1993/1993/1993
f 573/573/573 568/568/568 507/507/507
f 507/507/507 510/510/510 573/573/573
f 510/510/510 507/507/507 450/450/450
f 1123/1123/1123 1120/1120/1120 1002/1002/1002
f 1002/1002/1002 1007/1007/1007 1123/1123/1123
f 2130/2130/2130 2135/2135/2135 2319/2319/2319
f 2319/2319/2319 2314/2314/2314 2130/2130/2130
f 2314/2314/2314 2319/2319/2319 2437/2437/2437
f 3061/3061/3061 3058/3058/3058 3129/3129/3129
f 3129/3129/3129 3132/3132/3132 3061/3061/3061
f 3058/3058/3058 3061/3061/3061 2964/2964/2964
f 2964/2964/2964 2961/2961/2961 3058/3058/3058
f 2723/2723/2723 2720/2720/2720 2795/2795/2795
f 2505/2505/2505 2503/2503/2503 2574/2574/2574
f 2574/2574/2574 2577/2577/2577 2505/2505/2505
f 2440/2440/2440 2438/2438/2438 2503/2503/2503
f 2503/2503/2503 2505/2505/2505 2440/2440/2440
f 2438/2438/2438 2440/2440/2440 2317/2317/2317
f 2645/2645/2645 2642/2642/2642 2720/2720/2720
f 2642/2642/2642 2645/2645/2645 2577/2577/2577
f 2577/2577/2577 2574/2574/2574 2642/2642/2642
f 2720/2720/2720 2723/2723/2723 2645/2645/2645
f 1877/1877/1877 1880/1880/1880 1766/1766/1766
f 1766/1766/1766 1763/1763/1763 1877/1877/1877
f 3345/3345/3345 3355/3355/3355 3271/3271/3271
f 3355/3355/3355 3345/3345/3345 3424/3424/3424
f 3424/3424/3424 3430/3430/3430 3355/3355/3355
f 3430/3430/3430 3424/3424/3424 3487/3487/3487
f 3487/3487/3487 3517/3517/3517 3430/3430/3430
f 3517/3517/3517 3487/3487/3487 3559/3559/3559
f 3623/3623/3623 3611/3611/3611 3625/3625/3625
f 2961/2961/2961 2964/2964/2964 2860/2860/2860
f 2865/2865/2865 2860/2860/2860 2964/2964/2964
f 3515/3515/3515 3485/3485/3485 3423/3423/3423
f 3423/3423/3423 3428/3428/3428 3515/3515/3515
f 3485/3485/3485 3515/3515/3515 3578/3578/3578
f 3428/3428/3428 3423/3423/3423 3343/3343/3343
f 3343/3343/3343 3353/3353/3353 3428/3428/3428
f 3353/3353/3353 3343/3343/3343 3269/3269/3269
f 3269/3269/3269 3273/3273/3273 3353/3353/3353
f 3273/3273/3273 3269/3269/3269 3197/3197/3197
f 3197/3197/3197 3200/3200/3200 3273/3273/3273
f 3062/3062/3062 3055/3055/3055 2959/2959/2959
f 3200/3200/3200 3197/3197/3197 3128/3128/3128
f 3128/3128/3128 3130/3130/3130 3200/3200/3200
f 3130/3130/3130 3128/3128/3128 3055/3055/3055
f 2860/2860/2860 2865/2865/2865 2798/2798/2798
f 2798/2798/2798 2795/2795/2795 2860/2860/2860
f 944/944/944 947/947/947 1007/1007/1007
f 1007/1007/1007 1002/1002/1002 944/944/944
f 947/947/947 944/944/944 883/883/883
f 883/883/883 885/885/885 947/947/947
f 885/885/885 883/883/883 824/824/824
f 3611/3611/3611 3623/3623/3623 3580/3580/3580
f 3580/3580/3580 3559/3559/3559 3611/3611/3611
f 3559/3559/3559 3580/3580/3580 3517/3517/3517
f 763/763/763 767/767/767 824/824/824
f 767/767/767 763/763/763 694/694/694
f 1763/1763/1763 1766/1766/1766 1667/1667/1667
f 1667/1667/1667 1670/1670/1670 1763/1763/1763
f 1670/1670/1670 1667/1667/1667 1557/1557/1557
f 335/335/335 340/340/340 396/396/396
f 340/340/340 335/335/335 276/276/276
f 276/276/276 286/286/286 340/340/340
f 286/286/286 276/276/276 222/222/222
f 3055/3055/3055 3062/3062/3062 3134/3134/3134
f 3134/3134/3134 3130/3130/3130 3055/3055/3055
f 2003/2003/2003 2005/2005/2005 2135/2135/2135
f 2005/2005/2005 2003/2003/2003 1876/1876/1876
f 1671/1671/1671 1666/1666/1666 1761/1761/1761
f 1666/1666/1666 1671/1671/1671 1558/1558/1558
f 72/72/72 100/100/100 118/118/118
f 100/100/100 72/72/72 66/66/66
f 70/70/70 99/99/99 66/66/66
f 99/99/99 70/70/70 114/114/114
f 114/114/114 117/117/117 99/99/99
f 117/117/117 114/114/114 151/151/151
f 634/634/634 638/638/638 570/570/570
f 1424/1424/1424 1427/1427/1427 1295/1295/1295
f 638/638/638 634/634/634 690/690/690
f 690/690/690 696/696/696 638/638/638
f 696/696/696 690/690/690 760/760/760
f 760/760/760 765/765/765 696/696/696
f 1427/1427/1427 1424/1424/1424 1553/1553/1553
f 1553/1553/1553 1558/1558/1558 1427/1427/1427
f 1558/1558/1558 1553/1553/1553 1666/1666/1666
f 3625/3625/3625 3646/3646/3646 3623/3623/3623
f 3646/3646/3646 3625/3625/3625 3621/3621/3621
f 2866/2866/2866 2859/2859/2859 2793/2793/2793
f 2859/2859/2859 2866/2866/2866 2959/2959/2959
f 640/640/640 632/632/632 568/568/568
f 632/632/632 640/640/640 694/694/694
f 694/694/694 691/691/691 632/632/632
f 691/691/691 694/694/694 763/763/763
f 213/213/213 222/222/222 276/276/276
f 105/105/105 118/118/118 153/153/153
f 118/118/118 105/105/105 72/72/72
f 212/212/212 221/221/221 151/151/151
f 221/221/221 212/212/212 284/284/284
f 565/565/565 570/570/570 506/506/506
f 570/570/570 565/565/565 634/634/634
f 765/765/765 760/760/760 825/825/825
f 820/820/820 825/825/825 760/760/760
f 880/880/880 884/884/884 825/825/825
f 825/825/825 820/820/820 880/880/880
f 884/884/884 880/880/880 945/945/945
f 391/391/391 394/394/394 338/338/338
f 446/446/446 451/451/451 394/394/394
f 394/394/394 391/391/391 446/446/446
f 222/222/222 213/213/213 143/143/143
f 143/143/143 153/153/153 222/222/222
f 153/153/153 143/143/143 105/105/105
f 451/451/451 446/446/446 504/504/504
f 504/504/504 506/506/506 451/451/451
f 506/506/506 504/504/504 565/565/565
f 1298/1298/1298 1293/1293/1293 1120/1120/1120
f 1293/1293/1293 1298/1298/1298 1429/1429/1429
f 2139/2139/2139 2137/2137/2137 2317/2317/2317
f 2317/2317/2317 2321/2321/2321 2139/2139/2139
f 2321/2321/2321 2317/2317/2317 2440/2440/2440
f 2137/2137/2137 2139/2139/2139 2009/2009/2009
f 2009/2009/2009 2006/2006/2006 2137/2137/2137
f 2440/2440/2440 2442/2442/2442 2321/2321/2321
f 2442/2442/2442 2440/2440/2440 2505/2505/2505
f 1555/1555/1555 1557/1557/1557 1667/1667/1667
f 1557/1557/1557 1555/1555/1555 1429/1429/1429
f 2579/2579/2579 2577/2577/2577 2645/2645/2645
f 943/943/943 944/944/944 1002/1002/1002
f 944/944/944 943/943/943 882/882/882
f 882/882/882 883/883/883 944/944/944
f 1120/1120/1120 1117/1117/1117 1002/1002/1002
f 1117/1117/1117 1120/1120/1120 1293/1293/1293
f 883/883/883 882/882/882 822/822/822
f 822/822/822 824/824/824 883/883/883
f 824/824/824 822/822/822 761/761/761
f 761/761/761 763/763/763 824/824/824
f 763/763/763 761/761/761 691/691/691
f 390/390/390 396/396/396 450/450/450
f 450/450/450 448/448/448 390/390/390
f 396/396/396 390/390/390 335/335/335
f 448/448/448 450/450/450 507/507/507
f 2645/2645/2645 2648/2648/2648 2579/2579/2579
f 2648/2648/2648 2645/2645/2645 2723/2723/2723
f 2723/2723/2723 2725/2725/2725 2648/2648/2648
f 2795/2795/2795 2798/2798/2798 2725/2725/2725
f 2725/2725/2725 2723/2723/2723 2795/2795/2795
f 2964/2964/2964 2966/2966/2966 2865/2865/2865
f 2966/2966/2966 2964/2964/2964 3061/3061/3061
f 3061/3061/3061 3064/3064/3064 2966/2966/2966
f 3064/3064/3064 3061/3061/3061 3132/3132/3132
f 567/567/567 568/568/568 632/632/632
f 274/274/274 276/276/276 335/335/335
f 276/276/276 274/274/274 213/213/213
f 3357/3357/3357 3355/3355/3355 3430/3430/3430
f 3430/3430/3430 3436/3436/3436 3357/3357/3357
f 3436/3436/3436 3430/3430/3430 3517/3517/3517
f 3517/3517/3517 3523/3523/3523 3436/3436/3436
f 3523/3523/3523 3517/3517/3517 3580/3580/3580
f 3205/3205/3205 3201/3201/3201 3271/3271/3271
f 3355/3355/3355 3357/3357/3357 3271/3271/3271
f 3276/3276/3276 3271/3271/3271 3357/3357/3357
f 3621/3621/3621 3630/3630/3630 3646/3646/3646
f 3630/3630/3630 3621/3621/3621 3578/3578/3578
f 3271/3271/3271 3276/3276/3276 3209/3209/3209
f 3209/3209/3209 3205/3205/3205 3271/3271/3271
f 3515/3515/3515 3521/3521/3521 3578/3578/3578
f 3521/3521/3521 3515/3515/3515 3428/3428/3428
f 3428/3428/3428 3435/3435/3435 3521/3521/3521
f 3201/3201/3201 3205/3205/3205 3137/3137/3137
f 3137/3137/3137 3132/3132/3132 3201/3201/3201
f 3132/3132/3132 3137/3137/3137 3064/3064/3064
f 3205/3205/3205 3209/3209/3209 3137/3137/3137
f 3435/3435/3435 3428/3428/3428 3353/3353/3353
f 3353/3353/3353 3356/3356/3356 3435/3435/3435
f 3356/3356/3356 3353/3353/3353 3273/3273/3273
f 3200/3200/3200 3203/3203/3203 3273/3273/3273
f 3130/3130/3130 3134/3134/3134 3203/3203/3203
f 3203/3203/3203 3200/3200/3200 3130/3130/3130
f 2577/2577/2577 2579/2579/2579 2514/2514/2514
f 2514/2514/2514 2505/2505/2505 2577/2577/2577
f 2505/2505/2505 2514/2514/2514 2442/2442/2442
f 2446/2446/2446 2442/2442/2442 2514/2514/2514
f 2006/2006/2006 2009/2009/2009 1890/1890/1890
f 1890/1890/1890 1880/1880/1880 2006/2006/2006
f 1880/1880/1880 1890/1890/1890 1766/1766/1766
f 2967/2967/2967 2959/2959/2959 2866/2866/2866
f 2796/2796/2796 2793/2793/2793 2721/2721/2721
f 2793/2793/2793 2796/2796/2796 2866/2866/2866
f 2643/2643/2643 2647/2647/2647 2721/2721/2721
f 2647/2647/2647 2643/2643/2643 2576/2576/2576
f 2437/2437/2437 2444/2444/2444 2504/2504/2504
f 2444/2444/2444 2437/2437/2437 2319/2319/2319
f 2959/2959/2959 2967/2967/2967 3067/3067/3067
f 3067/3067/3067 3062/3062/3062 2959/2959/2959
f 3062/3062/3062 3067/3067/3067 3134/3134/3134
f 1876/1876/1876 1883/1883/1883 2005/2005/2005
f 1769/1769/1769 1761/1761/1761 1666/1666/1666
f 1883/1883/1883 1876/1876/1876 1761/1761/1761
f 1761/1761/1761 1769/1769/1769 1883/1883/1883
f 269/269/269 284/284/284 212/212/212
f 338/338/338 333/333/333 391/391/391
f 333/333/333 338/338/338 284/284/284
f 284/284/284 269/269/269 333/333/333
f 1006/1006/1006 998/998/998 1119/1119/1119
f 938/938/938 945/945/945 880/880/880
f 998/998/998 1006/1006/1006 945/945/945
f 945/945/945 938/938/938 998/998/998
f 568/568/568 567/567/567 501/501/501
f 501/501/501 507/507/507 568/568/568
f 507/507/507 501/501/501 448/448/448
f 1766/1766/1766 1773/1773/1773 1667/1667/1667
f 1773/1773/1773 1766/1766/1766 1890/1890/1890
f 3644/3644/3644 3623/3623/3623 3646/3646/3646
f 3623/3623/3623 3644/3644/3644 3599/3599/3599
f 3599/3599/3599 3580/3580/3580 3623/3623/3623
f 2726/2726/2726 2721/2721/2721 2647/2647/2647
f 54/54/54 66/66/66 72/72/72
f 66/66/66 54/54/54 70/70/70
f 2581/2581/2581 2576/2576/2576 2504/2504/2504
f 92/92/92 114/114/114 70/70/70
f 151/151/151 141/141/141 212/212/212
f 141/141/141 151/151/151 114/114/114
f 114/114/114 92/92/92 141/141/141
f 2010/2010/2010 2005/2005/2005 1883/1883/1883
f 2005/2005/2005 2010/2010/2010 2142/2142/2142
f 2142/2142/2142 2135/2135/2135 2005/2005/2005
f 1295/1295/1295 1292/1292/1292 1424/1424/1424
f 1292/1292/1292 1295/1295/1295 1119/1119/1119
f 2721/2721/2721 2726/2726/2726 2800/2800/2800
f 2800/2800/2800 2796/2796/2796 2721/2721/2721
f 2796/2796/2796 2800/2800/2800 2866/2866/2866
f 2135/2135/2135 2142/2142/2142 2322/2322/2322
f 2322/2322/2322 2319/2319/2319 2135/2135/2135
f 2319/2319/2319 2322/2322/2322 2444/2444/2444
f 2576/2576/2576 2581/2581/2581 2653/2653/2653
f 2653/2653/2653 2647/2647/2647 2576/2576/2576
f 2647/2647/2647 2653/2653/2653 2726/2726/2726
f 2868/2868/2868 2865/2865/2865 2966/2966/2966
f 2966/2966/2966 2969/2969/2969 2868/2868/2868
f 2969/2969/2969 2966/2966/2966 3064/3064/3064
f 2865/2865/2865 2868/2868/2868 2801/2801/2801
f 2801/2801/2801 2798/2798/2798 2865/2865/2865
f 2728/2728/2728 2725/2725/2725 2798/2798/2798
f 2798/2798/2798 2801/2801/2801 2728/2728/2728
f 2725/2725/2725 2728/2728/2728 2650/2650/2650
f 2650/2650/2650 2648/2648/2648 2725/2725/2725
f 2582/2582/2582 2579/2579/2579 2648/2648/2648
f 2579/2579/2579 2582/2582/2582 2514/2514/2514
f 2648/2648/2648 2650/2650/2650 2582/2582/2582
f 3437/3437/3437 3436/3436/3436 3523/3523/3523
f 3523/3523/3523 3533/3533/3533 3437/3437/3437
f 3580/3580/3580 3599/3599/3599 3533/3533/3533
f 3533/3533/3533 3523/3523/3523 3580/3580/3580
f 2325/2325/2325 2321/2321/2321 2442/2442/2442
f 2442/2442/2442 2446/2446/2446 2325/2325/2325
f 2321/2321/2321 2325/2325/2325 2145/2145/2145
f 2145/2145/2145 2139/2139/2139 2321/2321/2321
f 2013/2013/2013 2009/2009/2009 2139/2139/2139
f 2139/2139/2139 2145/2145/2145 2013/2013/2013
f 2009/2009/2009 2013/2013/2013 1890/1890/1890
f 3641/3641/3641 3630/3630/3630 3578/3578/3578
f 3578/3578/3578 3597/3597/3597 3641/3641/3641
f 3597/3597/3597 3578/3578/3578 3521/3521/3521
f 3521/3521/3521 3531/3531/3531 3597/3597/3597
f 3531/3531/3531 3521/3521/3521 3435/3435/3435
f 1551/1551/1551 1555/1555/1555 1667/1667/1667
f 1555/1555/1555 1551/1551/1551 1429/1429/1429
f 1419/1419/1419 1429/1429/1429 1551/1551/1551
f 1429/1429/1429 1419/1419/1419 1288/1288/1288
f 1288/1288/1288 1293/1293/1293 1429/1429/1429
f 1116/1116/1116 1117/1117/1117 1293/1293/1293
f 1000/1000/1000 1002/1002/1002 1117/1117/1117
f 1117/1117/1117 1116/1116/1116 1000/1000/1000
f 1002/1002/1002 1000/1000/1000 940/940/940
f 940/940/940 943/943/943 1002/1002/1002
f 878/878/878 882/882/882 943/943/943
f 943/943/943 940/940/940 878/878/878
f 818/818/818 822/822/822 882/882/882
f 882/882/882 878/878/878 818/818/818
f 758/758/758 761/761/761 822/822/822
f 822/822/822 818/818/818 758/758/758
f 761/761/761 758/758/758 689/689/689
f 689/689/689 691/691/691 761/761/761
f 691/691/691 689/689/689 632/632/632
f 3436/3436/3436 3437/3437/3437 3367/3367/3367
f 3367/3367/3367 3357/3357/3357 3436/3436/3436
f 3357/3357/3357 3367/3367/3367 3276/3276/3276
f 564/564/564 567/567/567 632/632/632
f 567/567/567 564/564/564 501/501/501
f 3358/3358/3358 3356/3356/3356 3273/3273/3273
f 3630/3630/3630 3641/3641/3641 3672/3672/3672
f 3672/3672/3672 3646/3646/3646 3630/3630/3630
f 3646/3646/3646 3672/3672/3672 3644/3644/3644
f 3356/3356/3356 3358/3358/3358 3446/3446/3446
f 3446/3446/3446 3435/3435/3435 3356/3356/3356
f 3435/3435/3435 3446/3446/3446 3531/3531/3531
f 2504/2504/2504 2510/2510/2510 2581/2581/2581
f 2510/2510/2510 2504/2504/2504 2444/2444/2444
f 1424/1424/1424 1415/1415/1415 1553/1553/1553
f 1415/1415/1415 1424/1424/1424 1292/1292/1292
f 1666/1666/1666 1663/1663/1663 1769/1769/1769
f 1663/1663/1663 1666/1666/1666 1553/1553/1553
f 1119/1119/1119 1107/1107/1107 1292/1292/1292
f 1107/1107/1107 1119/1119/1119 998/998/998
f 880/880/880 877/877/877 938/938/938
f 877/877/877 880/880/880 820/820/820
f 563/563/563 565/565/565 504/504/504
f 565/565/565 563/563/563 634/634/634
f 1660/1660/1660 1667/1667/1667 1773/1773/1773
f 1667/1667/1667 1660/1660/1660 1547/1547/1547
f 1547/1547/1547 1551/1551/1551 1667/1667/1667
f 1551/1551/1551 1547/1547/1547 1419/1419/1419
f 3140/3140/3140 3134/3134/3134 3067/3067/3067
f 3134/3134/3134 3140/3140/3140 3212/3212/3212
f 3212/3212/3212 3203/3203/3203 3134/3134/3134
f 3203/3203/3203 3212/3212/3212 3273/3273/3273
f 3291/3291/3291 3273/3273/3273 3212/3212/3212
f 3273/3273/3273 3291/3291/3291 3363/3363/3363
f 3363/3363/3363 3358/3358/3358 3273/3273/3273
f 3358/3358/3358 3363/3363/3363 3446/3446/3446
f 443/443/443 448/448/448 501/501/501
f 325/325/325 335/335/335 390/390/390
f 263/263/263 274/274/274 335/335/335
f 335/335/335 325/325/325 263/263/263
f 274/274/274 263/263/263 213/213/213
f 200/200/200 213/213/213 263/263/263
f 78/78/78 105/105/105 143/143/143
f 58/58/58 72/72/72 105/105/105
f 105/105/105 78/78/78 58/58/58
f 72/72/72 58/58/58 54/54/54
f 198/198/198 212/212/212 141/141/141
f 212/212/212 198/198/198 269/269/269
f 448/448/448 443/443/443 384/384/384
f 384/384/384 390/390/390 448/448/448
f 390/390/390 384/384/384 325/325/325
f 387/387/387 391/391/391 333/333/333
f 391/391/391 387/387/387 446/446/446
f 1553/1553/1553 1545/1545/1545 1663/1663/1663
f 1545/1545/1545 1553/1553/1553 1415/1415/1415
f 629/629/629 634/634/634 563/563/563
f 820/820/820 813/813/813 877/877/877
f 813/813/813 820/820/820 760/760/760
f 685/685/685 690/690/690 634/634/634
f 634/634/634 629/629/629 685/685/685
f 213/213/213 200/200/200 125/125/125
f 125/125/125 143/143/143 213/213/213
f 690/690/690 685/685/685 751/751/751
f 751/751/751 760/760/760 690/690/690
f 760/760/760 751/751/751 813/813/813
f 2650/2650/2650 2656/2656/2656 2582/2582/2582
f 2656/2656/2656 2650/2650/2650 2728/2728/2728
f 2728/2728/2728 2732/2732/2732 2656/2656/2656
f 2732/2732/2732 2728/2728/2728 2801/2801/2801
f 2331/2331/2331 2325/2325/2325 2446/2446/2446
f 2446/2446/2446 2451/2451/2451 2331/2331/2331
f 2451/2451/2451 2446/2446/2446 2514/2514/2514
f 2801/2801/2801 2806/2806/2806 2732/2732/2732
f 2806/2806/2806 2801/2801/2801 2868/2868/2868
f 2868/2868/2868 2871/2871/2871 2806/2806/2806
f 2871/2871/2871 2868/2868/2868 2969/2969/2969
f 2969/2969/2969 2973/2973/2973 2871/2871/2871
f 2973/2973/2973 2969/2969/2969 3064/3064/3064
f 3144/3144/3144 3137/3137/3137 3209/3209/3209
f 3209/3209/3209 3214/3214/3214 3144/3144/3144
f 1293/1293/1293 1288/1288/1288 1111/1111/1111
f 1111/1111/1111 1116/1116/1116 1293/1293/1293
f 3214/3214/3214 3209/3209/3209 3276/3276/3276
f 3276/3276/3276 3287/3287/3287 3214/3214/3214
f 3287/3287/3287 3276/3276/3276 3367/3367/3367
f 3437/3437/3437 3448/3448/3448 3367/3367/3367
f 3448/3448/3448 3437/3437/3437 3533/3533/3533
f 3137/3137/3137 3144/3144/3144 3064/3064/3064
f 3074/3074/3074 3064/3064/3064 3144/3144/3144
f 3618/3618/3618 3599/3599/3599 3644/3644/3644
f 3644/3644/3644 3653/3653/3653 3618/3618/3618
f 3653/3653/3653 3644/3644/3644 3672/3672/3672
f 3064/3064/3064 3074/3074/3074 2978/2978/2978
f 2978/2978/2978 2973/2973/2973 3064/3064/3064
f 3641/3641/3641 3651/3651/3651 3672/3672/3672
f 3651/3651/3651 3641/3641/3641 3597/3597/3597
f 3597/3597/3597 3614/3614/3614 3651/3651/3651
f 3614/3614/3614 3597/3597/3597 3531/3531/3531
f 3531/3531/3531 3537/3537/3537 3614/3614/3614
f 3537/3537/3537 3531/3531/3531 3446/3446/3446
f 876/876/876 878/878/878 940/940/940
f 3599/3599/3599 3618/3618/3618 3549/3549/3549
f 3549/3549/3549 3533/3533/3533 3599/3599/3599
f 3533/3533/3533 3549/3549/3549 3448/3448/3448
f 687/687/687 689/689/689 758/758/758
f 689/689/689 687/687/687 631/631/631
f 631/631/631 632/632/632 689/689/689
f 3067/3067/3067 3068/3068/3068 3140/3140/3140
f 3068/3068/3068 3067/3067/3067 2967/2967/2967
f 2866/2866/2866 2869/2869/2869 2967/2967/2967
f 2869/2869/2869 2866/2866/2866 2800/2800/2800
f 2800/2800/2800 2803/2803/2803 2869/2869/2869
f 2803/2803/2803 2800/2800/2800 2726/2726/2726
f 2726/2726/2726 2731/2731/2731 2803/2803/2803
f 2731/2731/2731 2726/2726/2726 2653/2653/2653
f 1116/1116/1116 1111/1111/1111 989/989/989
f 989/989/989 1000/1000/1000 1116/1116/1116
f 878/878/878 876/876/876 809/809/809
f 809/809/809 818/818/818 878/878/878
f 818/818/818 809/809/809 758/758/758
f 632/632/632 631/631/631 559/559/559
f 559/559/559 564/564/564 632/632/632
f 564/564/564 559/559/559 501/501/501
f 440/440/440 446/446/446 387/387/387
f 1292/1292/1292 1284/1284/1284 1415/1415/1415
f 1284/1284/1284 1292/1292/1292 1107/1107/1107
f 446/446/446 440/440/440 497/497/497
f 497/497/497 504/504/504 446/446/446
f 504/504/504 497/497/497 563/563/563
f 934/934/934 940/940/940 1000/1000/1000
f 1000/1000/1000 989/989/989 934/934/934
f 940/940/940 934/934/934 876/876/876
f 755/755/755 758/758/758 809/809/809
f 758/758/758 755/755/755 682/682/682
f 682/682/682 687/687/687 758/758/758
f 2974/2974/2974 2967/2967/2967 2869/2869/2869
f 2581/2581/2581 2588/2588/2588 2653/2653/2653
f 2588/2588/2588 2581/2581/2581 2510/2510/2510
f 2967/2967/2967 2974/2974/2974 3070/3070/3070
f 3070/3070/3070 3068/3068/3068 2967/2967/2967
f 269/269/269 260/260/260 333/333/333
f 998/998/998 993/993/993 1107/1107/1107
f 868/868/868 877/877/877 813/813/813
f 877/877/877 868/868/868 930/930/930
f 930/930/930 938/938/938 877/877/877
f 938/938/938 930/930/930 993/993/993
f 993/993/993 998/998/998 938/938/938
f 2877/2877/2877 2871/2871/2871 2973/2973/2973
f 2973/2973/2973 2978/2978/2978 2877/2877/2877
f 2735/2735/2735 2732/2732/2732 2806/2806/2806
f 2732/2732/2732 2735/2735/2735 2661/2661/2661
f 2661/2661/2661 2656/2656/2656 2732/2732/2732
f 2871/2871/2871 2877/2877/2877 2812/2812/2812
f 2812/2812/2812 2806/2806/2806 2871/2871/2871
f 2806/2806/2806 2812/2812/2812 2735/2735/2735
f 872/872/872 876/876/876 934/934/934
f 876/876/876 872/872/872 809/809/809
f 627/627/627 631/631/631 687/687/687
f 687/687/687 682/682/682 627/627/627
f 631/631/631 627/627/627 559/559/559
f 3068/3068/3068 3070/3070/3070 3146/3146/3146
f 3146/3146/3146 3140/3140/3140 3068/3068/3068
f 2869/2869/2869 2874/2874/2874 2974/2974/2974
f 2874/2874/2874 2869/2869/2869 2803/2803/2803
f 2803/2803/2803 2807/2807/2807 2874/2874/2874
f 2807/2807/2807 2803/2803/2803 2731/2731/2731
f 2658/2658/2658 2653/2653/2653 2588/2588/2588
f 2653/2653/2653 2658/2658/2658 2739/2739/2739
f 2739/2739/2739 2731/2731/2731 2653/2653/2653
f 2731/2731/2731 2739/2739/2739 2807/2807/2807
f 554/554/554 563/563/563 497/497/497
f 563/563/563 554/554/554 629/629/629
f 2886/2886/2886 2877/2877/2877 2978/2978/2978
f 2978/2978/2978 2986/2986/2986 2886/2886/2886
f 748/748/748 755/755/755 809/809/809
f 755/755/755 748/748/748 682/682/682
f 2981/2981/2981 2974/2974/2974 2874/2874/2874
f 2874/2874/2874 2882/2882/2882 2981/2981/2981
f 2882/2882/2882 2874/2874/2874 2807/2807/2807
f 620/620/620 629/629/629 554/554/554
f 672/672/672 685/685/685 629/629/629
f 629/629/629 620/620/620 672/672/672
f 2051/2051/2051 2052/2052/2052 2177/2177/2177
f 2177/2177/2177 2176/2176/2176 2051/2051/2051
f 2176/2176/2176 2177/2177/2177 2364/2364/2364
f 2364/2364/2364 2363/2363/2363 2176/2176/2176
f 2047/2047/2047 2051/2051/2051 2176/2176/2176
f 2176/2176/2176 2172/2172/2172 2047/2047/2047
f 2173/2173/2173 2177/2177/2177 2052/2052/2052
f 2052/2052/2052 2048/2048/2048 2173/2173/2173
f 2360/2360/2360 2364/2364/2364 2177/2177/2177
f 2177/2177/2177 2173/2173/2173 2360/2360/2360
f 2172/2172/2172 2176/2176/2176 2363/2363/2363
f 2363/2363/2363 2359/2359/2359 2172/2172/2172
f 2052/2052/2052 2051/2051/2051 1918/1918/1918
f 1918/1918/1918 1919/1919/1919 2052/2052/2052
f 2051/2051/2051 2047/2047/2047 1914/1914/1914
f 1914/1914/1914 1918/1918/1918 2051/2051/2051
f 2048/2048/2048 2052/2052/2052 1919/1919/1919
f 1919/1919/1919 1915/1915/1915 2048/2048/2048
f 2171/2171/2171 2173/2173/2173 2048/2048/2048
f 2048/2048/2048 2045/2045/2045 2171/2171/2171
f 2045/2045/2045 2048/2048/2048 1915/1915/1915
f 2044/2044/2044 2047/2047/2047 2172/2172/2172
f 2172/2172/2172 2170/2170/2170 2044/2044/2044
f 2173/2173/2173 2171/2171/2171 2358/2358/2358
f 2358/2358/2358 2360/2360/2360 2173/2173/2173
f 2170/2170/2170 2172/2172/2172 2359/2359/2359
f 2359/2359/2359 2357/2357/2357 2170/2170/2170
f 1915/1915/1915 1913/1913/1913 2045/2045/2045
f 1912/1912/1912 1914/1914/1914 2047/2047/2047
f 2047/2047/2047 2044/2044/2044 1912/1912/1912
f 1919/1919/1919 1918/1918/1918 1806/1806/1806
f 1806/1806/1806 1807/1807/1807 1919/1919/1919
f 1918/1918/1918 1914/1914/1914 1802/1802/1802
f 1802/1802/1802 1806/1806/1806 1918/1918/1918
f 1915/1915/1915 1919/1919/1919 1807/1807/1807
f 1807/1807/1807 1803/1803/1803 1915/1915/1915
f 1913/1913/1913 1915/1915/1915 1803/1803/1803
f 1914/1914/1914 1912/1912/1912 1800/1800/1800
f 1800/1800/1800 1802/1802/1802 1914/1914/1914
f 1803/1803/1803 1801/1801/1801 1913/1913/1913
f 2044/2044/2044 2042/2042/2042 1912/1912/1912
f 2042/2042/2042 2044/2044/2044 2170/2170/2170
f 2043/2043/2043 2045/2045/2045 1913/1913/1913
f 1913/1913/1913 1910/1910/1910 2043/2043/2043
f 2045/2045/2045 2043/2043/2043 2168/2168/2168
f 2168/2168/2168 2171/2171/2171 2045/2045/2045
f 1807/1807/1807 1806/1806/1806 1629/1629/1629
f 1629/1629/1629 1630/1630/1630 1807/1807/1807
f 1803/1803/1803 1807/1807/1807 1630/1630/1630
f 1630/1630/1630 1632/1632/1632 1803/1803/1803
f 1631/1631/1631 1629/1629/1629 1806/1806/1806
f 1806/1806/1806 1802/1802/1802 1631/1631/1631
f 1635/1635/1635 1631/1631/1631 1802/1802/1802
f 1802/1802/1802 1800/1800/1800 1635/1635/1635
f 1801/1801/1801 1803/1803/1803 1632/1632/1632
f 1632/1632/1632 1636/1636/1636 1801/1801/1801
f 1910/1910/1910 1913/1913/1913 1801/1801/1801
f 1801/1801/1801 1797/1797/1797 1910/1910/1910
f 1797/1797/1797 1801/1801/1801 1636/1636/1636
f 1796/1796/1796 1800/1800/1800 1912/1912/1912
f 1907/1907/1907 1912/1912/1912 2042/2042/2042
f 1630/1630/1630 1629/1629/1629 1514/1514/1514
f 1514/1514/1514 1515/1515/1515 1630/1630/1630
f 1632/1632/1632 1630/1630/1630 1515/1515/1515
f 1636/1636/1636 1632/1632/1632 1515/1515/1515
f 1516/1516/1516 1514/1514/1514 1629/1629/1629
f 1629/1629/1629 1631/1631/1631 1516/1516/1516
f 1515/1515/1515 1518/1518/1518 1636/1636/1636
f 1800/1800/1800 1796/1796/1796 1637/1637/1637
f 1637/1637/1637 1635/1635/1635 1800/1800/1800
f 1636/1636/1636 1638/1638/1638 1797/1797/1797
f 1638/1638/1638 1636/1636/1636 1518/1518/1518
f 1517/1517/1517 1516/1516/1516 1631/1631/1631
f 1631/1631/1631 1635/1635/1635 1517/1517/1517
f 1912/1912/1912 1907/1907/1907 1794/1794/1794
f 1794/1794/1794 1796/1796/1796 1912/1912/1912
f 2170/2170/2170 2166/2166/2166 2042/2042/2042
f 2166/2166/2166 2170/2170/2170 2357/2357/2357
f 2355/2355/2355 2358/2358/2358 2171/2171/2171
f 2171/2171/2171 2168/2168/2168 2355/2355/2355
f 2357/2357/2357 2354/2354/2354 2166/2166/2166
f 2363/2363/2363 2364/2364/2364 2482/2482/2482
f 2482/2482/2482 2481/2481/2481 2363/2363/2363
f 2478/2478/2478 2482/2482/2482 2364/2364/2364
f 2364/2364/2364 2360/2360/2360 2478/2478/2478
f 2359/2359/2359 2363/2363/2363 2481/2481/2481
f 2481/2481/2481 2477/2477/2477 2359/2359/2359
f 2357/2357/2357 2359/2359/2359 2477/2477/2477
f 2477/2477/2477 2475/2475/2475 2357/2357/2357
f 2042/2042/2042 2038/2038/2038 1907/1907/1907
f 2038/2038/2038 2042/2042/2042 2166/2166/2166
f 2476/2476/2476 2478/2478/2478 2360/2360/2360
f 2360/2360/2360 2358/2358/2358 2476/2476/2476
f 2039/2039/2039 2043/2043/2043 1910/1910/1910
f 1910/1910/1910 1908/1908/1908 2039/2039/2039
f 2043/2043/2043 2039/2039/2039 2168/2168/2168
f 1908/1908/1908 1910/1910/1910 1797/1797/1797
f 1797/1797/1797 1795/1795/1795 1908/1908/1908
f 2354/2354/2354 2357/2357/2357 2475/2475/2475
f 2475/2475/2475 2472/2472/2472 2354/2354/2354
f 2473/2473/2473 2476/2476/2476 2358/2358/2358
f 2358/2358/2358 2355/2355/2355 2473/2473/2473
f 2481/2481/2481 2482/2482/2482 2550/2550/2550
f 2550/2550/2550 2549/2549/2549 2481/2481/2481
f 2477/2477/2477 2481/2481/2481 2549/2549/2549
f 2549/2549/2549 2545/2545/2545 2477/2477/2477
f 2546/2546/2546 2550/2550/2550 2482/2482/2482
f 2482/2482/2482 2478/2478/2478 2546/2546/2546
f 2352/2352/2352 2355/2355/2355 2168/2168/2168
f 2355/2355/2355 2352/2352/2352 2473/2473/2473
f 2475/2475/2475 2477/2477/2477 2545/2545/2545
f 2545/2545/2545 2543/2543/2543 2475/2475/2475
f 2478/2478/2478 2476/2476/2476 2544/2544/2544
f 2544/2544/2544 2546/2546/2546 2478/2478/2478
f 1796/1796/1796 1794/1794/1794 1641/1641/1641
f 1641/1641/1641 1637/1637/1637 1796/1796/1796
f 2354/2354/2354 2349/2349/2349 2166/2166/2166
f 2349/2349/2349 2354/2354/2354 2472/2472/2472
f 2472/2472/2472 2469/2469/2469 2349/2349/2349
f 2472/2472/2472 2475/2475/2475 2543/2543/2543
f 2543/2543/2543 2539/2539/2539 2472/2472/2472
f 2540/2540/2540 2544/2544/2544 2476/2476/2476
f 2476/2476/2476 2473/2473/2473 2540/2540/2540
f 1795/1795/1795 1797/1797/1797 1638/1638/1638
f 1638/1638/1638 1642/1642/1642 1795/1795/1795
f 1521/1521/1521 1517/1517/1517 1635/1635/1635
f 1635/1635/1635 1637/1637/1637 1521/1521/1521
f 1518/1518/1518 1522/1522/1522 1638/1638/1638
f 2035/2035/2035 2038/2038/2038 2166/2166/2166
f 2166/2166/2166 2165/2165/2165 2035/2035/2035
f 2165/2165/2165 2166/2166/2166 2349/2349/2349
f 1904/1904/1904 1907/1907/1907 2038/2038/2038
f 2038/2038/2038 2035/2035/2035 1904/1904/1904
f 2036/2036/2036 2039/2039/2039 1908/1908/1908
f 1908/1908/1908 1905/1905/1905 2036/2036/2036
f 2039/2039/2039 2036/2036/2036 2168/2168/2168
f 1905/1905/1905 1908/1908/1908 1795/1795/1795
f 2162/2162/2162 2168/2168/2168 2036/2036/2036
f 2549/2549/2549 2550/2550/2550 2620/2620/2620
f 2620/2620/2620 2619/2619/2619 2549/2549/2549
f 2545/2545/2545 2549/2549/2549 2619/2619/2619
f 2619/2619/2619 2615/2615/2615 2545/2545/2545
f 2543/2543/2543 2545/2545/2545 2615/2615/2615
f 2550/2550/2550 2546/2546/2546 2616/2616/2616
f 2616/2616/2616 2620/2620/2620 2550/2550/2550
f 2612/2612/2612 2616/2616/2616 2546/2546/2546
f 2546/2546/2546 2544/2544/2544 2612/2612/2612
f 2468/2468/2468 2473/2473/2473 2352/2352/2352
f 2350/2350/2350 2352/2352/2352 2168/2168/2168
f 2352/2352/2352 2350/2350/2350 2468/2468/2468
f 2168/2168/2168 2162/2162/2162 2346/2346/2346
f 2346/2346/2346 2350/2350/2350 2168/2168/2168
f 2469/2469/2469 2472/2472/2472 2539/2539/2539
f 2539/2539/2539 2536/2536/2536 2469/2469/2469
f 2615/2615/2615 2609/2609/2609 2543/2543/2543
f 2539/2539/2539 2543/2543/2543 2609/2609/2609
f 2536/2536/2536 2539/2539/2539 2609/2609/2609
f 2537/2537/2537 2540/2540/2540 2473/2473/2473
f 1790/1790/1790 1794/1794/1794 1907/1907/1907
f 1907/1907/1907 1904/1904/1904 1790/1790/1790
f 2544/2544/2544 2540/2540/2540 2610/2610/2610
f 2610/2610/2610 2612/2612/2612 2544/2544/2544
f 1795/1795/1795 1791/1791/1791 1905/1905/1905
f 2473/2473/2473 2468/2468/2468 2535/2535/2535
f 2535/2535/2535 2537/2537/2537 2473/2473/2473
f 2619/2619/2619 2620/2620/2620 2695/2695/2695
f 2695/2695/2695 2694/2694/2694 2619/2619/2619
f 2615/2615/2615 2619/2619/2619 2694/2694/2694
f 2694/2694/2694 2690/2690/2690 2615/2615/2615
f 2609/2609/2609 2615/2615/2615 2690/2690/2690
f 2620/2620/2620 2616/2616/2616 2691/2691/2691
f 2691/2691/2691 2695/2695/2695 2620/2620/2620
f 2690/2690/2690 2687/2687/2687 2609/2609/2609
f 2616/2616/2616 2612/2612/2612 2688/2688/2688
f 2688/2688/2688 2691/2691/2691 2616/2616/2616
f 2609/2609/2609 2607/2607/2607 2536/2536/2536
f 2608/2608/2608 2610/2610/2610 2540/2540/2540
f 2540/2540/2540 2537/2537/2537 2608/2608/2608
f 2536/2536/2536 2534/2534/2534 2469/2469/2469
f 2687/2687/2687 2683/2683/2683 2609/2609/2609
f 2607/2607/2607 2609/2609/2609 2683/2683/2683
f 2684/2684/2684 2688/2688/2688 2612/2612/2612
f 2612/2612/2612 2610/2610/2610 2684/2684/2684
f 2032/2032/2032 2035/2035/2035 2165/2165/2165
f 2165/2165/2165 2161/2161/2161 2032/2032/2032
f 2161/2161/2161 2165/2165/2165 2349/2349/2349
f 2349/2349/2349 2345/2345/2345 2161/2161/2161
f 2345/2345/2345 2349/2349/2349 2469/2469/2469
f 2036/2036/2036 2033/2033/2033 2162/2162/2162
f 1515/1515/1515 1514/1514/1514 1382/1382/1382
f 1382/1382/1382 1383/1383/1383 1515/1515/1515
f 1386/1386/1386 1382/1382/1382 1514/1514/1514
f 1514/1514/1514 1516/1516/1516 1386/1386/1386
f 1383/1383/1383 1387/1387/1387 1515/1515/1515
f 1518/1518/1518 1515/1515/1515 1387/1387/1387
f 1637/1637/1637 1641/1641/1641 1524/1524/1524
f 1524/1524/1524 1521/1521/1521 1637/1637/1637
f 1794/1794/1794 1790/1790/1790 1643/1643/1643
f 1643/1643/1643 1641/1641/1641 1794/1794/1794
f 1642/1642/1642 1638/1638/1638 1522/1522/1522
f 1522/1522/1522 1525/1525/1525 1642/1642/1642
f 1791/1791/1791 1795/1795/1795 1642/1642/1642
f 1642/1642/1642 1644/1644/1644 1791/1791/1791
f 1388/1388/1388 1386/1386/1386 1516/1516/1516
f 1516/1516/1516 1517/1517/1517 1388/1388/1388
f 1387/1387/1387 1389/1389/1389 1518/1518/1518
f 1901/1901/1901 1904/1904/1904 2035/2035/2035
f 2035/2035/2035 2032/2032/2032 1901/1901/1901
f 2033/2033/2033 2036/2036/2036 1905/1905/1905
f 1905/1905/1905 1902/1902/1902 2033/2033/2033
f 1902/1902/1902 1905/1905/1905 1791/1791/1791
f 1390/1390/1390 1388/1388/1388 1517/1517/1517
f 1517/1517/1517 1521/1521/1521 1390/1390/1390
f 1522/1522/1522 1518/1518/1518 1389/1389/1389
f 1389/1389/1389 1391/1391/1391 1522/1522/1522
f 1788/1788/1788 1790/1790/1790 1904/1904/1904
f 1904/1904/1904 1901/1901/1901 1788/1788/1788
f 1791/1791/1791 1789/1789/1789 1902/1902/1902
f 2465/2465/2465 2468/2468/2468 2350/2350/2350
f 2350/2350/2350 2346/2346/2346 2465/2465/2465
f 1641/1641/1641 1643/1643/1643 1526/1526/1526
f 1526/1526/1526 1524/1524/1524 1641/1641/1641
f 2534/2534/2534 2536/2536/2536 2607/2607/2607
f 2607/2607/2607 2603/2603/2603 2534/2534/2534
f 1644/1644/1644 1642/1642/1642 1525/1525/1525
f 1525/1525/1525 1527/1527/1527 1644/1644/1644
f 2604/2604/2604 2608/2608/2608 2537/2537/2537
f 2537/2537/2537 2535/2535/2535 2604/2604/2604
f 1525/1525/1525 1522/1522/1522 1391/1391/1391
f 1391/1391/1391 1395/1395/1395 1525/1525/1525
f 1383/1383/1383 1382/1382/1382 1259/1259/1259
f 1259/1259/1259 1260/1260/1260 1383/1383/1383
f 1387/1387/1387 1383/1383/1383 1260/1260/1260
f 1260/1260/1260 1263/1263/1263 1387/1387/1387
f 1389/1389/1389 1387/1387/1387 1263/1263/1263
f 1382/1382/1382 1386/1386/1386 1262/1262/1262
f 1262/1262/1262 1259/1259/1259 1382/1382/1382
f 1394/1394/1394 1390/1390/1390 1521/1521/1521
f 1521/1521/1521 1524/1524/1524 1394/1394/1394
f 1265/1265/1265 1262/1262/1262 1386/1386/1386
f 1386/1386/1386 1388/1388/1388 1265/1265/1265
f 1645/1645/1645 1643/1643/1643 1790/1790/1790
f 1790/1790/1790 1788/1788/1788 1645/1645/1645
f 1789/1789/1789 1791/1791/1791 1644/1644/1644
f 1644/1644/1644 1646/1646/1646 1789/1789/1789
f 1646/1646/1646 1644/1644/1644 1527/1527/1527
f 1388/1388/1388 1390/1390/1390 1267/1267/1267
f 1267/1267/1267 1265/1265/1265 1388/1388/1388
f 1391/1391/1391 1389/1389/1389 1270/1270/1270
f 1263/1263/1263 1270/1270/1270 1389/1389/1389
f 1395/1395/1395 1391/1391/1391 1270/1270/1270
f 1524/1524/1524 1526/1526/1526 1396/1396/1396
f 1396/1396/1396 1394/1394/1394 1524/1524/1524
f 1527/1527/1527 1525/1525/1525 1395/1395/1395
f 1395/1395/1395 1397/1397/1397 1527/1527/1527
f 1397/1397/1397 1395/1395/1395 1270/1270/1270
f 1643/1643/1643 1645/1645/1645 1530/1530/1530
f 1530/1530/1530 1526/1526/1526 1643/1643/1643
f 2468/2468/2468 2465/2465/2465 2531/2531/2531
f 2531/2531/2531 2535/2535/2535 2468/2468/2468
f 1527/1527/1527 1531/1531/1531 1646/1646/1646
f 1531/1531/1531 1527/1527/1527 1397/1397/1397
f 2030/2030/2030 2033/2033/2033 1902/1902/1902
f 1902/1902/1902 1899/1899/1899 2030/2030/2030
f 1899/1899/1899 1902/1902/1902 1789/1789/1789
f 2159/2159/2159 2162/2162/2162 2033/2033/2033
f 2033/2033/2033 2030/2030/2030 2159/2159/2159
f 2534/2534/2534 2530/2530/2530 2469/2469/2469
f 2462/2462/2462 2469/2469/2469 2530/2530/2530
f 2530/2530/2530 2534/2534/2534 2603/2603/2603
f 2469/2469/2469 2462/2462/2462 2343/2343/2343
f 2343/2343/2343 2345/2345/2345 2469/2469/2469
f 2029/2029/2029 2032/2032/2032 2161/2161/2161
f 2161/2161/2161 2158/2158/2158 2029/2029/2029
f 2158/2158/2158 2161/2161/2161 2345/2345/2345
f 2345/2345/2345 2343/2343/2343 2158/2158/2158
f 2032/2032/2032 2029/2029/2029 1895/1895/1895
f 1895/1895/1895 1901/1901/1901 2032/2032/2032
f 1269/1269/1269 1267/1267/1267 1390/1390/1390
f 1390/1390/1390 1394/1394/1394 1269/1269/1269
f 1260/1260/1260 1259/1259/1259 1079/1079/1079
f 1079/1079/1079 1080/1080/1080 1260/1260/1260
f 1082/1082/1082 1079/1079/1079 1259/1259/1259
f 1259/1259/1259 1262/1262/1262 1082/1082/1082
f 1263/1263/1263 1260/1260/1260 1080/1080/1080
f 1080/1080/1080 1083/1083/1083 1263/1263/1263
f 1270/1270/1270 1263/1263/1263 1083/1083/1083
f 1083/1083/1083 1085/1085/1085 1270/1270/1270
f 1262/1262/1262 1265/1265/1265 1087/1087/1087
f 1087/1087/1087 1082/1082/1082 1262/1262/1262
f 1265/1265/1265 1267/1267/1267 1087/1087/1087
f 1786/1786/1786 1788/1788/1788 1901/1901/1901
f 1901/1901/1901 1895/1895/1895 1786/1786/1786
f 1085/1085/1085 1088/1088/1088 1270/1270/1270
f 2344/2344/2344 2346/2346/2346 2162/2162/2162
f 2162/2162/2162 2159/2159/2159 2344/2344/2344
f 1272/1272/1272 1269/1269/1269 1394/1394/1394
f 1394/1394/1394 1396/1396/1396 1272/1272/1272
f 1526/1526/1526 1530/1530/1530 1400/1400/1400
f 1400/1400/1400 1396/1396/1396 1526/1526/1526
f 1649/1649/1649 1645/1645/1645 1788/1788/1788
f 1788/1788/1788 1786/1786/1786 1649/1649/1649
f 1270/1270/1270 1273/1273/1273 1397/1397/1397
f 1273/1273/1273 1270/1270/1270 1088/1088/1088
f 1397/1397/1397 1401/1401/1401 1531/1531/1531
f 1401/1401/1401 1397/1397/1397 1273/1273/1273
f 2680/2680/2680 2684/2684/2684 2610/2610/2610
f 2610/2610/2610 2608/2608/2608 2680/2680/2680
f 2683/2683/2683 2679/2679/2679 2607/2607/2607
f 2463/2463/2463 2465/2465/2465 2346/2346/2346
f 2346/2346/2346 2344/2344/2344 2463/2463/2463
f 1267/1267/1267 1269/1269/1269 1090/1090/1090
f 1090/1090/1090 1087/1087/1087 1267/1267/1267
f 2694/2694/2694 2695/2695/2695 2771/2771/2771
f 2771/2771/2771 2770/2770/2770 2694/2694/2694
f 2690/2690/2690 2694/2694/2694 2770/2770/2770
f 2770/2770/2770 2766/2766/2766 2690/2690/2690
f 2767/2767/2767 2771/2771/2771 2695/2695/2695
f 2695/2695/2695 2691/2691/2691 2767/2767/2767
f 2687/2687/2687 2690/2690/2690 2766/2766/2766
f 2766/2766/2766 2762/2762/2762 2687/2687/2687
f 2763/2763/2763 2767/2767/2767 2691/2691/2691
f 2691/2691/2691 2688/2688/2688 2763/2763/2763
f 2603/2603/2603 2599/2599/2599 2530/2530/2530
f 2683/2683/2683 2687/2687/2687 2762/2762/2762
f 2762/2762/2762 2759/2759/2759 2683/2683/2683
f 2679/2679/2679 2683/2683/2683 2759/2759/2759
f 2603/2603/2603 2607/2607/2607 2679/2679/2679
f 2679/2679/2679 2677/2677/2677 2603/2603/2603
f 2760/2760/2760 2763/2763/2763 2688/2688/2688
f 2688/2688/2688 2684/2684/2684 2760/2760/2760
f 2608/2608/2608 2604/2604/2604 2678/2678/2678
f 2678/2678/2678 2680/2680/2680 2608/2608/2608
f 2600/2600/2600 2604/2604/2604 2535/2535/2535
f 2535/2535/2535 2531/2531/2531 2600/2600/2600
f 1533/1533/1533 1530/1530/1530 1645/1645/1645
f 1645/1645/1645 1649/1649/1649 1533/1533/1533
f 2530/2530/2530 2528/2528/2528 2462/2462/2462
f 2528/2528/2528 2530/2530/2530 2599/2599/2599
f 1650/1650/1650 1646/1646/1646 1531/1531/1531
f 1646/1646/1646 1650/1650/1650 1782/1782/1782
f 1782/1782/1782 1789/1789/1789 1646/1646/1646
f 1789/1789/1789 1782/1782/1782 1899/1899/1899
f 1531/1531/1531 1534/1534/1534 1650/1650/1650
f 1534/1534/1534 1531/1531/1531 1401/1401/1401
f 2529/2529/2529 2531/2531/2531 2465/2465/2465
f 2465/2465/2465 2463/2463/2463 2529/2529/2529
f 2759/2759/2759 2755/2755/2755 2679/2679/2679
f 2677/2677/2677 2679/2679/2679 2755/2755/2755
f 2026/2026/2026 2029/2029/2029 2158/2158/2158
f 2158/2158/2158 2156/2156/2156 2026/2026/2026
f 2029/2029/2029 2026/2026/2026 1895/1895/1895
f 2156/2156/2156 2158/2158/2158 2343/2343/2343
f 2684/2684/2684 2680/2680/2680 2756/2756/2756
f 2756/2756/2756 2760/2760/2760 2684/2684/2684
f 2157/2157/2157 2159/2159/2159 2030/2030/2030
f 2030/2030/2030 2027/2027/2027 2157/2157/2157
f 2027/2027/2027 2030/2030/2030 1899/1899/1899
f 1784/1784/1784 1786/1786/1786 1895/1895/1895
f 2770/2770/2770 2771/2771/2771 2840/2840/2840
f 2840/2840/2840 2839/2839/2839 2770/2770/2770
f 2766/2766/2766 2770/2770/2770 2839/2839/2839
f 2839/2839/2839 2835/2835/2835 2766/2766/2766
f 2771/2771/2771 2767/2767/2767 2836/2836/2836
f 2836/2836/2836 2840/2840/2840 2771/2771/2771
f 2599/2599/2599 2603/2603/2603 2677/2677/2677
f 2677/2677/2677 2673/2673/2673 2599/2599/2599
f 2762/2762/2762 2766/2766/2766 2835/2835/2835
f 2835/2835/2835 2832/2832/2832 2762/2762/2762
f 2759/2759/2759 2762/2762/2762 2832/2832/2832
f 2755/2755/2755 2759/2759/2759 2832/2832/2832
f 2767/2767/2767 2763/2763/2763 2833/2833/2833
f 2833/2833/2833 2836/2836/2836 2767/2767/2767
f 2674/2674/2674 2678/2678/2678 2604/2604/2604
f 2604/2604/2604 2600/2600/2600 2674/2674/2674
f 2599/2599/2599 2596/2596/2596 2528/2528/2528
f 2752/2752/2752 2756/2756/2756 2680/2680/2680
f 2680/2680/2680 2678/2678/2678 2752/2752/2752
f 2341/2341/2341 2344/2344/2344 2159/2159/2159
f 2159/2159/2159 2157/2157/2157 2341/2341/2341
f 2597/2597/2597 2600/2600/2600 2531/2531/2531
f 2531/2531/2531 2529/2529/2529 2597/2597/2597
f 2832/2832/2832 2828/2828/2828 2755/2755/2755
f 2763/2763/2763 2760/2760/2760 2826/2826/2826
f 2826/2826/2826 2833/2833/2833 2763/2763/2763
f 2760/2760/2760 2756/2756/2756 2826/2826/2826
f 2756/2756/2756 2752/2752/2752 2826/2826/2826
f 2460/2460/2460 2463/2463/2463 2344/2344/2344
f 2344/2344/2344 2341/2341/2341 2460/2460/2460
f 2755/2755/2755 2749/2749/2749 2677/2677/2677
f 2749/2749/2749 2755/2755/2755 2828/2828/2828
f 2673/2673/2673 2677/2677/2677 2749/2749/2749
f 1651/1651/1651 1649/1649/1649 1786/1786/1786
f 1786/1786/1786 1784/1784/1784 1651/1651/1651
f 2459/2459/2459 2462/2462/2462 2528/2528/2528
f 2528/2528/2528 2524/2524/2524 2459/2459/2459
f 2524/2524/2524 2528/2528/2528 2596/2596/2596
f 2462/2462/2462 2459/2459/2459 2338/2338/2338
f 2338/2338/2338 2343/2343/2343 2462/2462/2462
f 2343/2343/2343 2338/2338/2338 2156/2156/2156
f 2596/2596/2596 2599/2599/2599 2673/2673/2673
f 2673/2673/2673 2670/2670/2670 2596/2596/2596
f 2670/2670/2670 2673/2673/2673 2749/2749/2749
f 1396/1396/1396 1400/1400/1400 1274/1274/1274
f 1274/1274/1274 1272/1272/1272 1396/1396/1396
f 1403/1403/1403 1400/1400/1400 1530/1530/1530
f 1530/1530/1530 1533/1533/1533 1403/1403/1403
f 1650/1650/1650 1652/1652/1652 1782/1782/1782
f 2525/2525/2525 2529/2529/2529 2463/2463/2463
f 2463/2463/2463 2460/2460/2460 2525/2525/2525
f 1088/1088/1088 1092/1092/1092 1273/1273/1273
f 1080/1080/1080 1079/1079/1079 967/967/967
f 1079/1079/1079 1082/1082/1082 967/967/967
f 967/967/967 968/968/968 1080/1080/1080
f 1083/1083/1083 1080/1080/1080 968/968/968
f 968/968/968 969/969/969 1083/1083/1083
f 1085/1085/1085 1083/1083/1083 969/969/969
f 970/970/970 967/967/967 1082/1082/1082
f 1082/1082/1082 1087/1087/1087 970/970/970
f 1091/1091/1091 1090/1090/1090 1269/1269/1269
f 1269/1269/1269 1272/1272/1272 1091/1091/1091
f 973/973/973 970/970/970 1087/1087/1087
f 1535/1535/1535 1533/1533/1533 1649/1649/1649
f 1649/1649/1649 1651/1651/1651 1535/1535/1535
f 1088/1088/1088 1085/1085/1085 969/969/969
f 969/969/969 976/976/976 1088/1088/1088
f 1092/1092/1092 1088/1088/1088 976/976/976
f 1652/1652/1652 1650/1650/1650 1534/1534/1534
f 1534/1534/1534 1536/1536/1536 1652/1652/1652
f 2671/2671/2671 2674/2674/2674 2600/2600/2600
f 2600/2600/2600 2597/2597/2597 2671/2671/2671
f 2750/2750/2750 2752/2752/2752 2678/2678/2678
f 2678/2678/2678 2674/2674/2674 2750/2750/2750
f 1401/1401/1401 1406/1406/1406 1534/1534/1534
f 1536/1536/1536 1534/1534/1534 1406/1406/1406
f 2023/2023/2023 2026/2026/2026 2156/2156/2156
f 2026/2026/2026 2023/2023/2023 1895/1895/1895
f 2153/2153/2153 2157/2157/2157 2027/2027/2027
f 2027/2027/2027 2024/2024/2024 2153/2153/2153
f 2156/2156/2156 2152/2152/2152 2023/2023/2023
f 2152/2152/2152 2156/2156/2156 2338/2338/2338
f 2839/2839/2839 2840/2840/2840 2931/2931/2931
f 2931/2931/2931 2930/2930/2930 2839/2839/2839
f 2835/2835/2835 2839/2839/2839 2930/2930/2930
f 2930/2930/2930 2924/2924/2924 2835/2835/2835
f 2832/2832/2832 2835/2835/2835 2924/2924/2924
f 2925/2925/2925 2931/2931/2931 2840/2840/2840
f 2840/2840/2840 2836/2836/2836 2925/2925/2925
f 2828/2828/2828 2825/2825/2825 2749/2749/2749
f 2924/2924/2924 2922/2922/2922 2832/2832/2832
f 2923/2923/2923 2925/2925/2925 2836/2836/2836
f 2836/2836/2836 2833/2833/2833 2923/2923/2923
f 2529/2529/2529 2525/2525/2525 2595/2595/2595
f 2595/2595/2595 2597/2597/2597 2529/2529/2529
f 2157/2157/2157 2153/2153/2153 2339/2339/2339
f 2339/2339/2339 2341/2341/2341 2157/2157/2157
f 2922/2922/2922 2916/2916/2916 2832/2832/2832
f 2828/2828/2828 2832/2832/2832 2916/2916/2916
f 2917/2917/2917 2923/2923/2923 2833/2833/2833
f 2833/2833/2833 2826/2826/2826 2917/2917/2917
f 2024/2024/2024 2027/2027/2027 1894/1894/1894
f 1899/1899/1899 1894/1894/1894 2027/2027/2027
f 1894/1894/1894 1899/1899/1899 1782/1782/1782
f 2459/2459/2459 2456/2456/2456 2338/2338/2338
f 2456/2456/2456 2459/2459/2459 2524/2524/2524
f 1781/1781/1781 1784/1784/1784 1895/1895/1895
f 2457/2457/2457 2460/2460/2460 2341/2341/2341
f 2341/2341/2341 2339/2339/2339 2457/2457/2457
f 2749/2749/2749 2746/2746/2746 2670/2670/2670
f 2916/2916/2916 2910/2910/2910 2828/2828/2828
f 2911/2911/2911 2917/2917/2917 2826/2826/2826
f 2825/2825/2825 2821/2821/2821 2749/2749/2749
f 2746/2746/2746 2749/2749/2749 2821/2821/2821
f 2747/2747/2747 2750/2750/2750 2674/2674/2674
f 2674/2674/2674 2671/2671/2671 2747/2747/2747
f 2752/2752/2752 2750/2750/2750 2822/2822/2822
f 2822/2822/2822 2826/2826/2826 2752/2752/2752
f 2670/2670/2670 2668/2668/2668 2596/2596/2596
f 2668/2668/2668 2670/2670/2670 2746/2746/2746
f 2524/2524/2524 2520/2520/2520 2456/2456/2456
f 2520/2520/2520 2524/2524/2524 2596/2596/2596
f 2596/2596/2596 2591/2591/2591 2520/2520/2520
f 2591/2591/2591 2596/2596/2596 2668/2668/2668
f 2597/2597/2597 2595/2595/2595 2669/2669/2669
f 2669/2669/2669 2671/2671/2671 2597/2597/2597
f 1784/1784/1784 1781/1781/1781 1655/1655/1655
f 1655/1655/1655 1651/1651/1651 1784/1784/1784
f 975/975/975 973/973/973 1087/1087/1087
f 1087/1087/1087 1090/1090/1090 975/975/975
f 1095/1095/1095 1091/1091/1091 1272/1272/1272
f 1272/1272/1272 1274/1274/1274 1095/1095/1095
f 1533/1533/1533 1535/1535/1535 1405/1405/1405
f 1405/1405/1405 1403/1403/1403 1533/1533/1533
f 1400/1400/1400 1403/1403/1403 1279/1279/1279
f 1279/1279/1279 1274/1274/1274 1400/1400/1400
f 1403/1403/1403 1405/1405/1405 1279/1279/1279
f 1273/1273/1273 1277/1277/1277 1401/1401/1401
f 1277/1277/1277 1273/1273/1273 1092/1092/1092
f 1406/1406/1406 1401/1401/1401 1277/1277/1277
f 1092/1092/1092 1096/1096/1096 1277/1277/1277
f 2460/2460/2460 2457/2457/2457 2521/2521/2521
f 2521/2521/2521 2525/2525/2525 2460/2460/2460
f 2825/2825/2825 2828/2828/2828 2910/2910/2910
f 2910/2910/2910 2904/2904/2904 2825/2825/2825
f 2821/2821/2821 2825/2825/2825 2904/2904/2904
f 1651/1651/1651 1655/1655/1655 1539/1539/1539
f 1539/1539/1539 1535/1535/1535 1651/1651/1651
f 2930/2930/2930 2931/2931/2931 3035/3035/3035
f 3035/3035/3035 3033/3033/3033 2930/2930/2930
f 2924/2924/2924 2930/2930/2930 3033/3033/3033
f 3033/3033/3033 3027/3027/3027 2924/2924/2924
f 2922/2922/2922 2924/2924/2924 3027/3027/3027
f 3029/3029/3029 3035/3035/3035 2931/2931/2931
f 2931/2931/2931 2925/2925/2925 3029/3029/3029
f 3027/3027/3027 3022/3022/3022 2922/2922/2922
f 2916/2916/2916 2922/2922/2922 3022/3022/3022
f 2925/2925/2925 2923/2923/2923 3024/3024/3024
f 3024/3024/3024 3029/3029/3029 2925/2925/2925
f 2905/2905/2905 2911/2911/2911 2826/2826/2826
f 3022/3022/3022 3016/3016/3016 2916/2916/2916
f 2821/2821/2821 2818/2818/2818 2746/2746/2746
f 2818/2818/2818 2821/2821/2821 2904/2904/2904
f 2923/2923/2923 2917/2917/2917 3018/3018/3018
f 3018/3018/3018 3024/3024/3024 2923/2923/2923
f 2592/2592/2592 2595/2595/2595 2525/2525/2525
f 2525/2525/2525 2521/2521/2521 2592/2592/2592
f 2750/2750/2750 2747/2747/2747 2819/2819/2819
f 2819/2819/2819 2822/2822/2822 2750/2750/2750
f 2910/2910/2910 2916/2916/2916 3016/3016/3016
f 3016/3016/3016 3010/3010/3010 2910/2910/2910
f 2904/2904/2904 2910/2910/2910 3010/3010/3010
f 2338/2338/2338 2334/2334/2334 2152/2152/2152
f 2334/2334/2334 2338/2338/2338 2456/2456/2456
f 2456/2456/2456 2454/2454/2454 2334/2334/2334
f 3012/3012/3012 3018/3018/3018 2917/2917/2917
f 2917/2917/2917 2911/2911/2911 3012/3012/3012
f 2744/2744/2744 2747/2747/2747 2671/2671/2671
f 2671/2671/2671 2669/2669/2669 2744/2744/2744
f 2668/2668/2668 2664/2664/2664 2591/2591/2591
f 2826/2826/2826 2822/2822/2822 2899/2899/2899
f 2899/2899/2899 2905/2905/2905 2826/2826/2826
f 2822/2822/2822 2819/2819/2819 2899/2899/2899
f 2904/2904/2904 2898/2898/2898 2818/2818/2818
f 1893/1893/1893 1895/1895/1895 2023/2023/2023
f 2746/2746/2746 2741/2741/2741 2668/2668/2668
f 2741/2741/2741 2746/2746/2746 2818/2818/2818
f 2664/2664/2664 2668/2668/2668 2741/2741/2741
f 2665/2665/2665 2669/2669/2669 2595/2595/2595
f 2595/2595/2595 2592/2592/2592 2665/2665/2665
f 3010/3010/3010 3007/3007/3007 2904/2904/2904
f 2454/2454/2454 2456/2456/2456 2520/2520/2520
f 2520/2520/2520 2518/2518/2518 2454/2454/2454
f 2335/2335/2335 2339/2339/2339 2153/2153/2153
f 2153/2153/2153 2150/2150/2150 2335/2335/2335
f 2150/2150/2150 2153/2153/2153 2024/2024/2024
f 2024/2024/2024 2022/2022/2022 2150/2150/2150
f 2022/2022/2022 2024/2024/2024 1894/1894/1894
f 2818/2818/2818 2814/2814/2814 2741/2741/2741
f 1090/1090/1090 1091/1091/1091 979/979/979
f 979/979/979 975/975/975 1090/1090/1090
f 1091/1091/1091 1095/1095/1095 979/979/979
f 1895/1895/1895 1893/1893/1893 1772/1772/1772
f 1772/1772/1772 1781/1781/1781 1895/1895/1895
f 1781/1781/1781 1772/1772/1772 1655/1655/1655
f 1097/1097/1097 1095/1095/1095 1274/1274/1274
f 1274/1274/1274 1279/1279/1279 1097/1097/1097
f 1101/1101/1101 1097/1097/1097 1279/1279/1279
f 968/968/968 967/967/967 906/906/906
f 909/909/909 906/906/906 967/967/967
f 906/906/906 907/907/907 968/968/968
f 912/912/912 909/909/909 967/967/967
f 967/967/967 970/970/970 912/912/912
f 970/970/970 973/973/973 912/912/912
f 969/969/969 968/968/968 907/907/907
f 907/907/907 910/910/910 969/969/969
f 976/976/976 978/978/978 1092/1092/1092
f 910/910/910 913/913/913 969/969/969
f 976/976/976 969/969/969 913/913/913
f 1536/1536/1536 1540/1540/1540 1652/1652/1652
f 1535/1535/1535 1539/1539/1539 1408/1408/1408
f 1408/1408/1408 1405/1405/1405 1535/1535/1535
f 1405/1405/1405 1408/1408/1408 1279/1279/1279
f 913/913/913 915/915/915 976/976/976
f 1096/1096/1096 1098/1098/1098 1277/1277/1277
f 2339/2339/2339 2335/2335/2335 2455/2455/2455
f 2455/2455/2455 2457/2457/2457 2339/2339/2339
f 2018/2018/2018 2023/2023/2023 2152/2152/2152
f 2152/2152/2152 2148/2148/2148 2018/2018/2018
f 2148/2148/2148 2152/2152/2152 2334/2334/2334
f 2023/2023/2023 2018/2018/2018 1893/1893/1893
f 1782/1782/1782 1779/1779/1779 1894/1894/1894
f 1096/1096/1096 1092/1092/1092 978/978/978
f 978/978/978 980/980/980 1096/1096/1096
f 1098/1098/1098 1096/1096/1096 980/980/980
f 1540/1540/1540 1536/1536/1536 1406/1406/1406
f 1406/1406/1406 1409/1409/1409 1540/1540/1540
f 1409/1409/1409 1406/1406/1406 1277/1277/1277
f 973/973/973 975/975/975 912/912/912
f 918/918/918 912/912/912 975/975/975
f 975/975/975 979/979/979 918/918/918
f 915/915/915 916/916/916 976/976/976
f 978/978/978 976/976/976 916/916/916
f 2519/2519/2519 2521/2521/2521 2457/2457/2457
f 2457/2457/2457 2455/2455/2455 2519/2519/2519
f 2518/2518/2518 2520/2520/2520 2591/2591/2591
f 2591/2591/2591 2590/2590/2590 2518/2518/2518
f 1779/1779/1779 1782/1782/1782 1652/1652/1652
f 1652/1652/1652 1661/1661/1661 1779/1779/1779
f 1661/1661/1661 1652/1652/1652 1540/1540/1540
f 1543/1543/1543 1539/1539/1539 1655/1655/1655
f 2815/2815/2815 2819/2819/2819 2747/2747/2747
f 2747/2747/2747 2744/2744/2744 2815/2815/2815
f 2911/2911/2911 2905/2905/2905 3004/3004/3004
f 3004/3004/3004 3012/3012/3012 2911/2911/2911
f 2905/2905/2905 2899/2899/2899 3004/3004/3004
f 2669/2669/2669 2665/2665/2665 2742/2742/2742
f 2742/2742/2742 2744/2744/2744 2669/2669/2669
f 916/916/916 919/919/919 978/978/978
f 1098/1098/1098 1102/1102/1102 1277/1277/1277
f 1540/1540/1540 1544/1544/1544 1661/1661/1661
f 2521/2521/2521 2519/2519/2519 2583/2583/2583
f 2583/2583/2583 2592/2592/2592 2521/2521/2521
f 983/983/983 979/979/979 1095/1095/1095
f 1095/1095/1095 1097/1097/1097 983/983/983
f 907/907/907 906/906/906 846/846/846
f 846/846/846 847/847/847 907/907/907
f 910/910/910 907/907/907 847/847/847
f 847/847/847 848/848/848 910/910/910
f 913/913/913 910/910/910 848/848/848
f 980/980/980 984/984/984 1098/1098/1098
f 1102/1102/1102 1098/1098/1098 984/984/984
f 1277/1277/1277 1280/1280/1280 1409/1409/1409
f 1280/1280/1280 1277/1277/1277 1102/1102/1102
f 848/848/848 851/851/851 913/913/913
f 915/915/915 913/913/913 851/851/851
f 852/852/852 846/846/846 906/906/906
f 906/906/906 909/909/909 852/852/852
f 909/909/909 912/912/912 852/852/852
f 851/851/851 853/853/853 915/915/915
f 980/980/980 978/978/978 919/919/919
f 919/919/919 921/921/921 980/980/980
f 1544/1544/1544 1540/1540/1540 1409/1409/1409
f 1409/1409/1409 1412/1412/1412 1544/1544/1544
f 2022/2022/2022 2019/2019/2019 2150/2150/2150
f 2019/2019/2019 2022/2022/2022 1894/1894/1894
f 1894/1894/1894 1891/1891/1891 2019/2019/2019
f 1659/1659/1659 1655/1655/1655 1772/1772/1772
f 916/916/916 915/915/915 853/853/853
f 853/853/853 855/855/855 916/916/916
f 1891/1891/1891 1894/1894/1894 1779/1779/1779
f 1779/1779/1779 1775/1775/1775 1891/1891/1891
f 1775/1775/1775 1779/1779/1779 1661/1661/1661
f 2332/2332/2332 2335/2335/2335 2150/2150/2150
f 912/912/912 918/918/918 857/857/857
f 857/857/857 852/852/852 912/912/912
f 1411/1411/1411 1408/1408/1408 1539/1539/1539
f 1539/1539/1539 1543/1543/1543 1411/1411/1411
f 924/924/924 918/918/918 979/979/979
f 979/979/979 983/983/983 924/924/924
f 1889/1889/1889 1893/1893/1893 2018/2018/2018
f 1893/1893/1893 1889/1889/1889 1772/1772/1772
f 984/984/984 987/987/987 1102/1102/1102
f 1097/1097/1097 1101/1101/1101 986/986/986
f 986/986/986 983/983/983 1097/1097/1097
f 2334/2334/2334 2330/2330/2330 2148/2148/2148
f 2335/2335/2335 2332/2332/2332 2452/2452/2452
f 2452/2452/2452 2455/2455/2455 2335/2335/2335
f 1655/1655/1655 1659/1659/1659 1550/1550/1550
f 1550/1550/1550 1543/1543/1543 1655/1655/1655
f 919/919/919 916/916/916 855/855/855
f 855/855/855 858/858/858 919/919/919
f 984/984/984 980/980/980 921/921/921
f 921/921/921 925/925/925 984/984/984
f 987/987/987 984/984/984 925/925/925
f 1105/1105/1105 1101/1101/1101 1279/1279/1279
f 1412/1412/1412 1409/1409/1409 1280/1280/1280
f 1280/1280/1280 1283/1283/1283 1412/1412/1412
f 2662/2662/2662 2665/2665/2665 2592/2592/2592
f 2592/2592/2592 2583/2583/2583 2662/2662/2662
f 2657/2657/2657 2662/2662/2662 2583/2583/2583
f 2515/2515/2515 2519/2519/2519 2455/2455/2455
f 2455/2455/2455 2452/2452/2452 2515/2515/2515
f 2519/2519/2519 2515/2515/2515 2583/2583/2583
f 2330/2330/2330 2334/2334/2334 2454/2454/2454
f 2454/2454/2454 2450/2450/2450 2330/2330/2330
f 847/847/847 846/846/846 787/787/787
f 787/787/787 788/788/788 847/847/847
f 848/848/848 847/847/847 788/788/788
f 788/788/788 792/792/792 848/848/848
f 851/851/851 848/848/848 792/792/792
f 791/791/791 787/787/787 846/846/846
f 846/846/846 852/852/852 791/791/791
f 793/793/793 791/791/791 852/852/852
f 921/921/921 919/919/919 858/858/858
f 858/858/858 861/861/861 921/921/921
f 925/925/925 921/921/921 861/861/861
f 792/792/792 796/796/796 851/851/851
f 853/853/853 851/851/851 796/796/796
f 1102/1102/1102 1106/1106/1106 1280/1280/1280
f 1106/1106/1106 1102/1102/1102 987/987/987
f 1283/1283/1283 1280/1280/1280 1106/1106/1106
f 1544/1544/1544 1548/1548/1548 1661/1661/1661
f 1548/1548/1548 1544/1544/1544 1412/1412/1412
f 2146/2146/2146 2150/2150/2150 2019/2019/2019
f 987/987/987 990/990/990 1106/1106/1106
f 990/990/990 987/987/987 925/925/925
f 855/855/855 853/853/853 796/796/796
f 796/796/796 799/799/799 855/855/855
f 858/858/858 855/855/855 799/799/799
f 2150/2150/2150 2146/2146/2146 2326/2326/2326
f 2326/2326/2326 2332/2332/2332 2150/2150/2150
f 860/860/860 857/857/857 918/918/918
f 918/918/918 924/924/924 860/860/860
f 1408/1408/1408 1411/1411/1411 1282/1282/1282
f 1282/1282/1282 1279/1279/1279 1408/1408/1408
f 798/798/798 793/793/793 852/852/852
f 852/852/852 857/857/857 798/798/798
f 1412/1412/1412 1420/1420/1420 1548/1548/1548
f 1420/1420/1420 1412/1412/1412 1283/1283/1283
f 861/861/861 864/864/864 925/925/925
f 988/988/988 986/986/986 1101/1101/1101
f 1101/1101/1101 1105/1105/1105 988/988/988
f 926/926/926 924/924/924 983/983/983
f 983/983/983 986/986/986 926/926/926
f 986/986/986 988/988/988 926/926/926
f 925/925/925 929/929/929 990/990/990
f 2590/2590/2590 2591/2591/2591 2664/2664/2664
f 2664/2664/2664 2660/2660/2660 2590/2590/2590
f 801/801/801 798/798/798 857/857/857
f 863/863/863 860/860/860 924/924/924
f 2450/2450/2450 2454/2454/2454 2518/2518/2518
f 2518/2518/2518 2513/2513/2513 2450/2450/2450
f 1279/1279/1279 1282/1282/1282 1110/1110/1110
f 1110/1110/1110 1105/1105/1105 1279/1279/1279
f 1418/1418/1418 1411/1411/1411 1543/1543/1543
f 1543/1543/1543 1550/1550/1550 1418/1418/1418
f 2813/2813/2813 2815/2815/2815 2744/2744/2744
f 2744/2744/2744 2742/2742/2742 2813/2813/2813
f 788/788/788 787/787/787 718/718/718
f 718/718/718 720/720/720 788/788/788
f 792/792/792 788/788/788 720/720/720
f 796/796/796 792/792/792 720/720/720
f 720/720/720 728/728/728 796/796/796
f 723/723/723 718/718/718 787/787/787
f 787/787/787 791/791/791 723/723/723
f 726/726/726 723/723/723 791/791/791
f 791/791/791 793/793/793 726/726/726
f 861/861/861 858/858/858 806/806/806
f 799/799/799 806/806/806 858/858/858
f 864/864/864 861/861/861 806/806/806
f 1283/1283/1283 1289/1289/1289 1420/1420/1420
f 802/802/802 801/801/801 857/857/857
f 857/857/857 860/860/860 802/802/802
f 730/730/730 726/726/726 793/793/793
f 2014/2014/2014 2019/2019/2019 1891/1891/1891
f 2019/2019/2019 2014/2014/2014 2146/2146/2146
f 793/793/793 798/798/798 733/733/733
f 733/733/733 730/730/730 793/793/793
f 798/798/798 801/801/801 733/733/733
f 1411/1411/1411 1418/1418/1418 1287/1287/1287
f 1287/1287/1287 1282/1282/1282 1411/1411/1411
f 1282/1282/1282 1287/1287/1287 1110/1110/1110
f 924/924/924 926/926/926 866/866/866
f 866/866/866 863/863/863 924/924/924
f 996/996/996 988/988/988 1105/1105/1105
f 1105/1105/1105 1110/1110/1110 996/996/996
f 799/799/799 796/796/796 736/736/736
f 728/728/728 736/736/736 796/796/796
f 806/806/806 799/799/799 736/736/736
f 1775/1775/1775 1774/1774/1774 1891/1891/1891
f 1774/1774/1774 1775/1775/1775 1661/1661/1661
f 929/929/929 925/925/925 867/867/867
f 864/864/864 867/867/867 925/925/925
f 860/860/860 863/863/863 805/805/805
f 805/805/805 802/802/802 860/860/860
f 2513/2513/2513 2518/2518/2518 2590/2590/2590
f 2590/2590/2590 2585/2585/2585 2513/2513/2513
f 933/933/933 926/926/926 988/988/988
f 988/988/988 996/996/996 933/933/933
f 1289/1289/1289 1283/1283/1283 1106/1106/1106
f 1106/1106/1106 1112/1112/1112 1289/1289/1289
f 1112/1112/1112 1106/1106/1106 990/990/990
f 2736/2736/2736 2742/2742/2742 2665/2665/2665
f 2665/2665/2665 2662/2662/2662 2736/2736/2736
f 2742/2742/2742 2736/2736/2736 2813/2813/2813
f 3007/3007/3007 3002/3002/3002 2904/2904/2904
f 2898/2898/2898 2904/2904/2904 3002/3002/3002
f 2814/2814/2814 2811/2811/2811 2741/2741/2741
f 2660/2660/2660 2664/2664/2664 2741/2741/2741
f 2741/2741/2741 2734/2734/2734 2660/2660/2660
f 2734/2734/2734 2741/2741/2741 2811/2811/2811
f 2814/2814/2814 2818/2818/2818 2898/2898/2898
f 2898/2898/2898 2892/2892/2892 2814/2814/2814
f 2893/2893/2893 2899/2899/2899 2819/2819/2819
f 2819/2819/2819 2815/2815/2815 2893/2893/2893
f 739/739/739 733/733/733 801/801/801
f 801/801/801 802/802/802 739/739/739
f 2585/2585/2585 2590/2590/2590 2660/2660/2660
f 2660/2660/2660 2655/2655/2655 2585/2585/2585
f 2655/2655/2655 2660/2660/2660 2734/2734/2734
f 808/808/808 805/805/805 863/863/863
f 863/863/863 866/866/866 808/808/808
f 929/929/929 935/935/935 990/990/990
f 3002/3002/3002 2996/2996/2996 2898/2898/2898
f 926/926/926 933/933/933 871/871/871
f 871/871/871 866/866/866 926/926/926
f 2998/2998/2998 3004/3004/3004 2899/2899/2899
f 2811/2811/2811 2814/2814/2814 2892/2892/2892
f 2892/2892/2892 2885/2885/2885 2811/2811/2811
f 736/736/736 741/741/741 806/806/806
f 867/867/867 864/864/864 806/806/806
f 806/806/806 810/810/810 867/867/867
f 802/802/802 805/805/805 745/745/745
f 745/745/745 739/739/739 802/802/802
f 805/805/805 808/808/808 745/745/745
f 2815/2815/2815 2813/2813/2813 2887/2887/2887
f 2887/2887/2887 2893/2893/2893 2815/2815/2815
f 2892/2892/2892 2898/2898/2898 2996/2996/2996
f 2996/2996/2996 2990/2990/2990 2892/2892/2892
f 2811/2811/2811 2805/2805/2805 2734/2734/2734
f 935/935/935 929/929/929 867/867/867
f 867/867/867 873/873/873 935/935/935
f 873/873/873 867/867/867 810/810/810
f 733/733/733 739/739/739 665/665/665
f 2992/2992/2992 2998/2998/2998 2899/2899/2899
f 2899/2899/2899 2893/2893/2893 2992/2992/2992
f 741/741/741 747/747/747 806/806/806
f 810/810/810 806/806/806 747/747/747
f 2885/2885/2885 2876/2876/2876 2811/2811/2811
f 2805/2805/2805 2811/2811/2811 2876/2876/2876
f 2885/2885/2885 2892/2892/2892 2990/2990/2990
f 2990/2990/2990 2984/2984/2984 2885/2885/2885
f 2876/2876/2876 2885/2885/2885 2984/2984/2984
f 676/676/676 665/665/665 739/739/739
f 739/739/739 745/745/745 676/676/676
f 866/866/866 871/871/871 816/816/816
f 816/816/816 808/808/808 866/866/866
f 2878/2878/2878 2887/2887/2887 2813/2813/2813
f 2987/2987/2987 2992/2992/2992 2893/2893/2893
f 2893/2893/2893 2887/2887/2887 2987/2987/2987
f 754/754/754 745/745/745 808/808/808
f 808/808/808 816/816/816 754/754/754
f 747/747/747 750/750/750 810/810/810
f 156/156/156 155/155/155 225/225/225
f 225/225/225 226/226/226 156/156/156
f 155/155/155 156/156/156 83/83/83
f 83/83/83 82/82/82 155/155/155
f 229/229/229 225/225/225 155/155/155
f 155/155/155 160/160/160 229/229/229
f 160/160/160 155/155/155 82/82/82
f 82/82/82 88/88/88 160/160/160
f 156/156/156 161/161/161 83/83/83
f 161/161/161 156/156/156 226/226/226
f 226/226/226 231/231/231 161/161/161
f 89/89/89 83/83/83 161/161/161
f 82/82/82 83/83/83 32/32/32
f 32/32/32 31/31/31 82/82/82
f 39/39/39 32/32/32 83/83/83
f 83/83/83 89/89/89 39/39/39
f 31/31/31 38/38/38 82/82/82
f 88/88/88 82/82/82 38/38/38
f 31/31/31 32/32/32 10/10/10
f 10/10/10 9/9/9 31/31/31
f 38/38/38 31/31/31 9/9/9
f 32/32/32 39/39/39 14/14/14
f 14/14/14 10/10/10 32/32/32
f 9/9/9 16/16/16 38/38/38
f 240/240/240 229/229/229 160/160/160
f 226/226/226 225/225/225 291/291/291
f 291/291/291 292/292/292 226/226/226
f 295/295/295 291/291/291 225/225/225
f 225/225/225 229/229/229 295/295/295
f 292/292/292 296/296/296 226/226/226
f 231/231/231 226/226/226 296/296/296
f 229/229/229 240/240/240 305/305/305
f 305/305/305 295/295/295 229/229/229
f 88/88/88 95/95/95 160/160/160
f 95/95/95 88/88/88 38/38/38
f 96/96/96 89/89/89 161/161/161
f 292/292/292 291/291/291 349/349/349
f 291/291/291 295/295/295 349/349/349
f 349/349/349 350/350/350 292/292/292
f 296/296/296 292/292/292 350/350/350
f 350/350/350 354/354/354 296/296/296
f 231/231/231 241/241/241 161/161/161
f 241/241/241 231/231/231 296/296/296
f 296/296/296 306/306/306 241/241/241
f 306/306/306 296/296/296 354/354/354
f 354/354/354 358/358/358 306/306/306
f 357/357/357 349/349/349 295/295/295
f 295/295/295 305/305/305 357/357/357
f 89/89/89 96/96/96 50/50/50
f 50/50/50 39/39/39 89/89/89
f 171/171/171 161/161/161 241/241/241
f 161/161/161 171/171/171 96/96/96
f 350/350/350 349/349/349 408/408/408
f 408/408/408 409/409/409 350/350/350
f 354/354/354 350/350/350 409/409/409
f 413/413/413 408/408/408 349/349/349
f 349/349/349 357/357/357 413/413/413
f 160/160/160 170/170/170 240/240/240
f 170/170/170 160/160/160 95/95/95
f 409/409/409 422/422/422 354/354/354
f 358/358/358 354/354/354 422/422/422
f 245/245/245 240/240/240 170/170/170
f 240/240/240 245/245/245 305/305/305
f 409/409/409 408/408/408 472/472/472
f 472/472/472 473/473/473 409/409/409
f 422/422/422 409/409/409 473/473/473
f 473/473/473 478/478/478 422/422/422
f 408/408/408 413/413/413 477/477/477
f 477/477/477 472/472/472 408/408/408
f 425/425/425 413/413/413 357/357/357
f 413/413/413 425/425/425 477/477/477
f 422/422/422 426/426/426 358/358/358
f 38/38/38 49/49/49 95/95/95
f 49/49/49 38/38/38 16/16/16
f 9/9/9 10/10/10 4/4/4
f 4/4/4 2/2/2 9/9/9
f 5/5/5 3/3/3 10/10/10
f 10/10/10 14/14/14 5/5/5
f 16/16/16 9/9/9 1/1/1
f 1/1/1 6/6/6 16/16/16
f 95/95/95 102/102/102 170/170/170
f 102/102/102 95/95/95 49/49/49
f 22/22/22 14/14/14 39/39/39
f 39/39/39 50/50/50 22/22/22
f 241/241/241 247/247/247 171/171/171
f 363/363/363 357/357/357 305/305/305
f 427/427/427 425/425/425 357/357/357
f 357/357/357 363/363/363 427/427/427
f 247/247/247 241/241/241 306/306/306
f 306/306/306 307/307/307 247/247/247
f 307/307/307 306/306/306 358/358/358
f 358/358/358 362/362/362 307/307/307
f 362/362/362 358/358/358 426/426/426
f 16/16/16 21/21/21 49/49/49
f 21/21/21 16/16/16 6/6/6
f 8/8/8 5/5/5 14/14/14
f 14/14/14 22/22/22 8/8/8
f 2/2/2 4/4/4 12/12/12
f 12/12/12 11/11/11 2/2/2
f 11/11/11 13/13/13 1/1/1
f 6/6/6 1/1/1 13/13/13
f 15/15/15 12/12/12 3/3/3
f 3/3/3 5/5/5 15/15/15
f 6/6/6 7/7/7 21/21/21
f 13/13/13 17/17/17 6/6/6
f 7/7/7 6/6/6 17/17/17
f 19/19/19 15/15/15 5/5/5
f 5/5/5 8/8/8 19/19/19
f 11/11/11 12/12/12 34/34/34
f 34/34/34 33/33/33 11/11/11
f 13/13/13 11/11/11 33/33/33
f 41/41/41 34/34/34 12/12/12
f 12/12/12 15/15/15 41/41/41
f 33/33/33 40/40/40 13/13/13
f 17/17/17 13/13/13 40/40/40
f 108/108/108 96/96/96 171/171/171
f 171/171/171 175/175/175 108/108/108
f 56/56/56 50/50/50 96/96/96
f 96/96/96 108/108/108 56/56/56
f 175/175/175 171/171/171 247/247/247
f 17/17/17 23/23/23 7/7/7
f 311/311/311 305/305/305 245/245/245
f 305/305/305 311/311/311 363/363/363
f 40/40/40 44/44/44 17/17/17
f 23/23/23 17/17/17 44/44/44
f 184/184/184 170/170/170 102/102/102
f 102/102/102 107/107/107 184/184/184
f 170/170/170 184/184/184 245/245/245
f 50/50/50 56/56/56 24/24/24
f 24/24/24 22/22/22 50/50/50
f 18/18/18 8/8/8 22/22/22
f 22/22/22 24/24/24 18/18/18
f 49/49/49 60/60/60 102/102/102
f 107/107/107 102/102/102 60/60/60
f 60/60/60 49/49/49 21/21/21
f 15/15/15 19/19/19 51/51/51
f 51/51/51 41/41/41 15/15/15
f 33/33/33 34/34/34 85/85/85
f 85/85/85 84/84/84 33/33/33
f 84/84/84 86/86/86 33/33/33
f 40/40/40 33/33/33 86/86/86
f 44/44/44 40/40/40 86/86/86
f 87/87/87 85/85/85 34/34/34
f 34/34/34 41/41/41 87/87/87
f 94/94/94 87/87/87 41/41/41
f 41/41/41 51/51/51 94/94/94
f 7/7/7 20/20/20 21/21/21
f 20/20/20 7/7/7 23/23/23
f 23/23/23 25/25/25 20/20/20
f 86/86/86 97/97/97 44/44/44
f 8/8/8 18/18/18 28/28/28
f 28/28/28 19/19/19 8/8/8
f 84/84/84 85/85/85 158/158/158
f 158/158/158 157/157/157 84/84/84
f 86/86/86 84/84/84 157/157/157
f 159/159/159 158/158/158 85/85/85
f 85/85/85 87/87/87 159/159/159
f 157/157/157 162/162/162 86/86/86
f 97/97/97 86/86/86 162/162/162
f 44/44/44 57/57/57 23/23/23
f 25/25/25 23/23/23 57/57/57
f 163/163/163 159/159/159 87/87/87
f 87/87/87 94/94/94 163/163/163
f 103/103/103 94/94/94 51/51/51
f 21/21/21 29/29/29 60/60/60
f 29/29/29 21/21/21 20/20/20
f 162/162/162 168/168/168 97/97/97
f 19/19/19 28/28/28 61/61/61
f 61/61/61 51/51/51 19/19/19
f 251/251/251 245/245/245 184/184/184
f 245/245/245 251/251/251 311/311/311
f 57/57/57 44/44/44 97/97/97
f 97/97/97 106/106/106 57/57/57
f 106/106/106 97/97/97 168/168/168
f 157/157/157 158/158/158 228/228/228
f 228/228/228 227/227/227 157/157/157
f 230/230/230 228/228/228 158/158/158
f 158/158/158 159/159/159 230/230/230
f 162/162/162 157/157/157 227/227/227
f 227/227/227 232/232/232 162/162/162
f 94/94/94 103/103/103 172/172/172
f 172/172/172 163/163/163 94/94/94
f 233/233/233 230/230/230 159/159/159
f 159/159/159 163/163/163 233/233/233
f 27/27/27 18/18/18 24/24/24
f 18/18/18 27/27/27 28/28/28
f 175/175/175 188/188/188 108/108/108
f 232/232/232 242/242/242 162/162/162
f 168/168/168 162/162/162 242/242/242
f 51/51/51 61/61/61 109/109/109
f 109/109/109 103/103/103 51/51/51
f 103/103/103 109/109/109 172/172/172
f 246/246/246 233/233/233 163/163/163
f 163/163/163 172/172/172 246/246/246
f 188/188/188 175/175/175 247/247/247
f 247/247/247 252/252/252 188/188/188
f 307/307/307 312/312/312 247/247/247
f 252/252/252 247/247/247 312/312/312
f 312/312/312 307/307/307 362/362/362
f 35/35/35 24/24/24 56/56/56
f 56/56/56 67/67/67 35/35/35
f 24/24/24 35/35/35 27/27/27
f 67/67/67 56/56/56 108/108/108
f 227/227/227 228/228/228 294/294/294
f 294/294/294 293/293/293 227/227/227
f 232/232/232 227/227/227 293/293/293
f 293/293/293 297/297/297 232/232/232
f 228/228/228 230/230/230 298/298/298
f 298/298/298 294/294/294 228/228/228
f 299/299/299 298/298/298 230/230/230
f 230/230/230 233/233/233 299/299/299
f 297/297/297 300/300/300 232/232/232
f 242/242/242 232/232/232 300/300/300
f 168/168/168 185/185/185 106/106/106
f 185/185/185 168/168/168 242/242/242
f 301/301/301 299/299/299 233/233/233
f 233/233/233 246/246/246 301/301/301
f 64/64/64 60/60/60 29/29/29
f 20/20/20 26/26/26 29/29/29
f 60/60/60 64/64/64 120/120/120
f 120/120/120 107/107/107 60/60/60
f 26/26/26 20/20/20 25/25/25
f 25/25/25 36/36/36 26/26/26
f 362/362/362 368/368/368 312/312/312
f 65/65/65 61/61/61 28/28/28
f 248/248/248 246/246/246 172/172/172
f 36/36/36 25/25/25 57/57/57
f 57/57/57 68/68/68 36/36/36
f 189/189/189 172/172/172 109/109/109
f 172/172/172 189/189/189 248/248/248
f 293/293/293 294/294/294 352/352/352
f 352/352/352 351/351/351 293/293/293
f 297/297/297 293/293/293 351/351/351
f 351/351/351 353/353/353 297/297/297
f 300/300/300 297/297/297 353/353/353
f 356/356/356 352/352/352 294/294/294
f 294/294/294 298/298/298 356/356/356
f 298/298/298 299/299/299 356/356/356
f 299/299/299 301/301/301 356/356/356
f 353/353/353 355/355/355 300/300/300
f 242/242/242 250/250/250 185/185/185
f 309/309/309 301/301/301 246/246/246
f 246/246/246 248/248/248 309/309/309
f 300/300/300 308/308/308 242/242/242
f 250/250/250 242/242/242 308/308/308
f 361/361/361 356/356/356 301/301/301
f 37/37/37 28/28/28 27/27/27
f 28/28/28 37/37/37 65/65/65
f 355/355/355 360/360/360 300/300/300
f 308/308/308 300/300/300 360/360/360
f 68/68/68 57/57/57 106/106/106
f 106/106/106 121/121/121 68/68/68
f 121/121/121 106/106/106 185/185/185
f 61/61/61 65/65/65 122/122/122
f 122/122/122 109/109/109 61/61/61
f 109/109/109 122/122/122 189/189/189
f 107/107/107 120/120/120 184/184/184
f 191/191/191 184/184/184 120/120/120
f 184/184/184 191/191/191 251/251/251
f 351/351/351 352/352/352 411/411/411
f 411/411/411 410/410/410 351/351/351
f 353/353/353 351/351/351 410/410/410
f 410/410/410 412/412/412 353/353/353
f 352/352/352 356/356/356 411/411/411
f 415/415/415 411/411/411 356/356/356
f 355/355/355 353/353/353 412/412/412
f 412/412/412 414/414/414 355/355/355
f 360/360/360 355/355/355 414/414/414
f 301/301/301 309/309/309 365/365/365
f 365/365/365 361/361/361 301/301/301
f 414/414/414 423/423/423 360/360/360
f 424/424/424 415/415/415 356/356/356
f 356/356/356 361/361/361 424/424/424
f 360/360/360 364/364/364 308/308/308
f 108/108/108 124/124/124 67/67/67
f 124/124/124 108/108/108 188/188/188
f 185/185/185 192/192/192 121/121/121
f 250/250/250 253/253/253 185/185/185
f 192/192/192 185/185/185 253/253/253
f 423/423/423 428/428/428 360/360/360
f 364/364/364 360/360/360 428/428/428
f 429/429/429 424/424/424 361/361/361
f 361/361/361 365/365/365 429/429/429
f 257/257/257 248/248/248 189/189/189
f 410/410/410 411/411/411 475/475/475
f 475/475/475 474/474/474 410/410/410
f 412/412/412 410/410/410 474/474/474
f 414/414/414 412/412/412 474/474/474
f 423/423/423 414/414/414 474/474/474
f 476/476/476 475/475/475 411/411/411
f 308/308/308 314/314/314 250/250/250
f 314/314/314 308/308/308 364/364/364
f 253/253/253 250/250/250 314/314/314
f 411/411/411 415/415/415 479/479/479
f 479/479/479 476/476/476 411/411/411
f 415/415/415 424/424/424 479/479/479
f 315/315/315 309/309/309 248/248/248
f 248/248/248 257/257/257 315/315/315
f 474/474/474 481/481/481 423/423/423
f 428/428/428 423/423/423 481/481/481
f 364/364/364 369/369/369 314/314/314
f 46/46/46 29/29/29 26/26/26
f 29/29/29 46/46/46 64/64/64
f 73/73/73 64/64/64 46/46/46
f 370/370/370 365/365/365 309/309/309
f 27/27/27 30/30/30 37/37/37
f 30/30/30 27/27/27 35/35/35
f 482/482/482 479/479/479 424/424/424
f 424/424/424 429/429/429 484/484/484
f 484/484/484 482/482/482 424/424/424
f 309/309/309 315/315/315 379/379/379
f 379/379/379 370/370/370 309/309/309
f 433/433/433 429/429/429 365/365/365
f 429/429/429 433/433/433 484/484/484
f 365/365/365 370/370/370 433/433/433
f 474/474/474 475/475/475 534/534/534
f 534/534/534 533/533/533 474/474/474
f 475/475/475 476/476/476 534/534/534
f 533/533/533 535/535/535 474/474/474
f 538/538/538 534/534/534 476/476/476
f 476/476/476 479/479/479 538/538/538
f 481/481/481 483/483/483 428/428/428
f 428/428/428 432/432/432 364/364/364
f 432/432/432 428/428/428 483/483/483
f 369/369/369 364/364/364 432/432/432
f 481/481/481 474/474/474 541/541/541
f 535/535/535 541/541/541 474/474/474
f 483/483/483 481/481/481 541/541/541
f 539/539/539 538/538/538 479/479/479
f 369/369/369 371/371/371 314/314/314
f 371/371/371 369/369/369 432/432/432
f 483/483/483 487/487/487 432/432/432
f 43/43/43 26/26/26 36/36/36
f 36/36/36 48/48/48 43/43/43
f 26/26/26 43/43/43 46/46/46
f 48/48/48 36/36/36 68/68/68
f 542/542/542 539/539/539 479/479/479
f 479/479/479 482/482/482 542/542/542
f 482/482/482 484/484/484 542/542/542
f 79/79/79 65/65/65 37/37/37
f 126/126/126 122/122/122 65/65/65
f 65/65/65 79/79/79 126/126/126
f 35/35/35 47/47/47 30/30/30
f 47/47/47 35/35/35 67/67/67
f 64/64/64 73/73/73 132/132/132
f 132/132/132 120/120/120 64/64/64
f 314/314/314 319/319/319 253/253/253
f 319/319/319 314/314/314 371/371/371
f 253/253/253 262/262/262 192/192/192
f 262/262/262 253/253/253 319/319/319
f 122/122/122 126/126/126 201/201/201
f 201/201/201 189/189/189 122/122/122
f 313/313/313 311/311/311 251/251/251
f 367/367/367 363/363/363 311/311/311
f 311/311/311 313/313/313 367/367/367
f 533/533/533 534/534/534 595/595/595
f 595/595/595 594/594/594 533/533/533
f 535/535/535 533/533/533 594/594/594
f 594/594/594 598/598/598 535/535/535
f 541/541/541 535/535/535 598/598/598
f 599/599/599 595/595/595 534/534/534
f 487/487/487 489/489/489 432/432/432
f 598/598/598 602/602/602 541/541/541
f 541/541/541 547/547/547 483/483/483
f 487/487/487 483/483/483 547/547/547
f 489/489/489 487/487/487 547/547/547
f 534/534/534 538/538/538 603/603/603
f 603/603/603 599/599/599 534/534/534
f 538/538/538 539/539/539 603/603/603
f 548/548/548 542/542/542 484/484/484
f 493/493/493 484/484/484 433/433/433
f 68/68/68 77/77/77 48/48/48
f 77/77/77 68/68/68 121/121/121
f 121/121/121 134/134/134 77/77/77
f 134/134/134 121/121/121 192/192/192
f 370/370/370 379/379/379 433/433/433
f 437/437/437 433/433/433 379/379/379
f 433/433/433 437/437/437 493/493/493
f 37/37/37 59/59/59 79/79/79
f 59/59/59 37/37/37 30/30/30
f 189/189/189 201/201/201 264/264/264
f 264/264/264 257/257/257 189/189/189
f 257/257/257 264/264/264 315/315/315
f 608/608/608 603/603/603 539/539/539
f 539/539/539 542/542/542 608/608/608
f 432/432/432 436/436/436 371/371/371
f 602/602/602 611/611/611 541/541/541
f 547/547/547 541/541/541 611/611/611
f 489/489/489 492/492/492 432/432/432
f 436/436/436 432/432/432 492/492/492
f 371/371/371 383/383/383 319/319/319
f 383/383/383 371/371/371 436/436/436
f 326/326/326 315/315/315 264/264/264
f 385/385/385 379/379/379 315/315/315
f 315/315/315 326/326/326 385/385/385
f 379/379/379 385/385/385 437/437/437
f 550/550/550 548/548/548 484/484/484
f 484/484/484 493/493/493 553/553/553
f 553/553/553 550/550/550 484/484/484
f 594/594/594 595/595/595 659/659/659
f 659/659/659 658/658/658 594/594/594
f 595/595/595 599/599/599 659/659/659
f 599/599/599 603/603/603 659/659/659
f 598/598/598 594/594/594 658/658/658
f 602/602/602 598/598/598 658/658/658
f 658/658/658 662/662/662 602/602/602
f 611/611/611 602/602/602 662/662/662
f 663/663/663 659/659/659 603/603/603
f 542/542/542 548/548/548 616/616/616
f 616/616/616 608/608/608 542/542/542
f 548/548/548 550/550/550 616/616/616
f 611/611/611 615/615/615 547/547/547
f 662/662/662 664/664/664 611/611/611
f 615/615/615 611/611/611 664/664/664
f 603/603/603 608/608/608 666/666/666
f 666/666/666 663/663/663 603/603/603
f 319/319/319 324/324/324 262/262/262
f 324/324/324 319/319/319 383/383/383
f 192/192/192 211/211/211 134/134/134
f 211/211/211 192/192/192 262/262/262
f 312/312/312 318/318/318 252/252/252
f 188/188/188 199/199/199 124/124/124
f 199/199/199 188/188/188 252/252/252
f 252/252/252 261/261/261 199/199/199
f 261/261/261 252/252/252 318/318/318
f 426/426/426 431/431/431 362/362/362
f 368/368/368 362/362/362 431/431/431
f 67/67/67 93/93/93 47/47/47
f 93/93/93 67/67/67 124/124/124
f 426/426/426 422/422/422 478/478/478
f 478/478/478 480/480/480 426/426/426
f 431/431/431 426/426/426 480/480/480
f 144/144/144 126/126/126 79/79/79
f 30/30/30 55/55/55 59/59/59
f 55/55/55 30/30/30 47/47/47
f 259/259/259 251/251/251 191/191/191
f 430/430/430 427/427/427 363/363/363
f 363/363/363 367/367/367 430/430/430
f 120/120/120 132/132/132 191/191/191
f 197/197/197 191/191/191 132/132/132
f 191/191/191 197/197/197 259/259/259
f 669/669/669 666/666/666 608/608/608
f 608/608/608 616/616/616 669/669/669
f 500/500/500 493/493/493 437/437/437
f 368/368/368 378/378/378 312/312/312
f 318/318/318 312/312/312 378/378/378
f 480/480/480 486/486/486 431/431/431
f 658/658/658 659/659/659 719/719/719
f 719/719/719 717/717/717 658/658/658
f 727/727/727 719/719/719 659/659/659
f 717/717/717 722/722/722 658/658/658
f 722/722/722 725/725/725 658/658/658
f 662/662/662 658/658/658 725/725/725
f 63/63/63 48/48/48 77/77/77
f 735/735/735 727/727/727 659/659/659
f 659/659/659 663/663/663 735/735/735
f 663/663/663 666/666/666 735/735/735
f 666/666/666 669/669/669 735/735/735
f 444/444/444 437/437/437 385/385/385
f 550/550/550 553/553/553 628/628/628
f 628/628/628 616/616/616 550/550/550
f 725/725/725 729/729/729 662/662/662
f 664/664/664 662/662/662 729/729/729
f 560/560/560 553/553/553 493/493/493
f 493/493/493 500/500/500 560/560/560
f 553/553/553 560/560/560 628/628/628
f 729/729/729 732/732/732 664/664/664
f 48/48/48 63/63/63 53/53/53
f 53/53/53 43/43/43 48/48/48
f 47/47/47 71/71/71 55/55/55
f 71/71/71 47/47/47 93/93/93
f 124/124/124 142/142/142 93/93/93
f 142/142/142 124/124/124 199/199/199
f 437/437/437 444/444/444 502/502/502
f 502/502/502 500/500/500 437/437/437
f 500/500/500 502/502/502 560/560/560
f 677/677/677 669/669/669 616/616/616
f 616/616/616 628/628/628 677/677/677
f 262/262/262 272/272/272 211/211/211
f 272/272/272 262/262/262 324/324/324
f 425/425/425 427/427/427 485/485/485
f 485/485/485 477/477/477 425/425/425
f 478/478/478 473/473/473 537/537/537
f 473/473/473 472/472/472 531/531/531
f 531/531/531 532/532/532 473/473/473
f 532/532/532 537/537/537 473/473/473
f 536/536/536 531/531/531 472/472/472
f 472/472/472 477/477/477 536/536/536
f 251/251/251 259/259/259 322/322/322
f 322/322/322 313/313/313 251/251/251
f 91/91/91 73/73/73 46/46/46
f 73/73/73 91/91/91 132/132/132
f 378/378/378 368/368/368 431/431/431
f 431/431/431 434/434/434 378/378/378
f 434/434/434 431/431/431 486/486/486
f 537/537/537 540/540/540 478/478/478
f 480/480/480 478/478/478 540/540/540
f 381/381/381 367/367/367 313/313/313
f 313/313/313 322/322/322 381/381/381
f 540/540/540 544/544/544 480/480/480
f 486/486/486 480/480/480 544/544/544
f 261/261/261 270/270/270 199/199/199
f 543/543/543 536/536/536 477/477/477
f 477/477/477 485/485/485 543/543/543
f 427/427/427 430/430/430 490/490/490
f 490/490/490 485/485/485 427/427/427
f 318/318/318 334/334/334 261/261/261
f 486/486/486 496/496/496 434/434/434
f 378/378/378 388/388/388 318/318/318
f 334/334/334 318/318/318 388/388/388
f 388/388/388 378/378/378 434/434/434
f 544/544/544 549/549/549 486/486/486
f 496/496/496 486/486/486 549/549/549
f 537/537/537 532/532/532 593/593/593
f 593/593/593 601/601/601 537/537/537
f 591/591/591 593/593/593 532/532/532
f 532/532/532 531/531/531 591/591/591
f 597/597/597 591/591/591 531/531/531
f 531/531/531 536/536/536 597/597/597
f 540/540/540 537/537/537 601/601/601
f 601/601/601 607/607/607 540/540/540
f 544/544/544 540/540/540 607/607/607
f 434/434/434 441/441/441 388/388/388
f 441/441/441 434/434/434 496/496/496
f 545/545/545 543/543/543 485/485/485
f 485/485/485 490/490/490 545/545/545
f 605/605/605 597/597/597 536/536/536
f 536/536/536 543/543/543 605/605/605
f 439/439/439 430/430/430 367/367/367
f 367/367/367 381/381/381 439/439/439
f 607/607/607 613/613/613 544/544/544
f 549/549/549 544/544/544 613/613/613
f 610/610/610 605/605/605 543/543/543
f 543/543/543 545/545/545 610/610/610
f 549/549/549 555/555/555 496/496/496
f 552/552/552 545/545/545 490/490/490
f 495/495/495 490/490/490 430/430/430
f 430/430/430 439/439/439 495/495/495
f 490/490/490 495/495/495 552/552/552
f 496/496/496 498/498/498 441/441/441
f 498/498/498 496/496/496 555/555/555
f 740/740/740 735/735/735 669/669/669
f 624/624/624 615/615/615 664/664/664
f 664/664/664 675/675/675 624/624/624
f 613/613/613 622/622/622 549/549/549
f 555/555/555 549/549/549 622/622/622
f 669/669/669 677/677/677 746/746/746
f 746/746/746 740/740/740 669/669/669
f 683/683/683 677/677/677 628/628/628
f 619/619/619 610/610/610 545/545/545
f 545/545/545 552/552/552 619/619/619
f 558/558/558 552/552/552 495/495/495
f 749/749/749 746/746/746 677/677/677
f 677/677/677 683/683/683 749/749/749
f 3256/3256/3256 3255/3255/3255 3331/3331/3331
f 3331/3331/3331 3332/3332/3332 3256/3256/3256
f 3327/3327/3327 3331/3331/3331 3255/3255/3255
f 3255/3255/3255 3251/3251/3251 3327/3327/3327
f 3252/3252/3252 3256/3256/3256 3332/3332/3332
f 3332/3332/3332 3328/3328/3328 3252/3252/3252
f 3332/3332/3332 3331/3331/3331 3415/3415/3415
f 3331/3331/3331 3327/3327/3327 3415/3415/3415
f 3415/3415/3415 3416/3416/3416 3332/3332/3332
f 3328/3328/3328 3332/3332/3332 3416/3416/3416
f 3410/3410/3410 3415/3415/3415 3327/3327/3327
f 3255/3255/3255 3256/3256/3256 3180/3180/3180
f 3180/3180/3180 3179/3179/3179 3255/3255/3255
f 3251/3251/3251 3255/3255/3255 3179/3179/3179
f 3176/3176/3176 3180/3180/3180 3256/3256/3256
f 3256/3256/3256 3252/3252/3252 3176/3176/3176
f 3179/3179/3179 3173/3173/3173 3251/3251/3251
f 3323/3323/3323 3327/3327/3327 3251/3251/3251
f 3251/3251/3251 3249/3249/3249 3323/3323/3323
f 3249/3249/3249 3251/3251/3251 3173/3173/3173
f 3327/3327/3327 3323/3323/3323 3410/3410/3410
f 3250/3250/3250 3252/3252/3252 3328/3328/3328
f 3328/3328/3328 3324/3324/3324 3250/3250/3250
f 3252/3252/3252 3250/3250/3250 3176/3176/3176
f 3324/3324/3324 3328/3328/3328 3416/3416/3416
f 3416/3416/3416 3411/3411/3411 3324/3324/3324
f 3416/3416/3416 3415/3415/3415 3508/3508/3508
f 3508/3508/3508 3509/3509/3509 3416/3416/3416
f 3504/3504/3504 3508/3508/3508 3415/3415/3415
f 3509/3509/3509 3505/3505/3505 3416/3416/3416
f 3411/3411/3411 3416/3416/3416 3505/3505/3505
f 3415/3415/3415 3410/3410/3410 3500/3500/3500
f 3500/3500/3500 3504/3504/3504 3415/3415/3415
f 3505/3505/3505 3501/3501/3501 3411/3411/3411
f 3509/3509/3509 3508/3508/3508 3605/3605/3605
f 3605/3605/3605 3606/3606/3606 3509/3509/3509
f 3508/3508/3508 3504/3504/3504 3602/3602/3602
f 3602/3602/3602 3605/3605/3605 3508/3508/3508
f 3505/3505/3505 3509/3509/3509 3606/3606/3606
f 3606/3606/3606 3603/3603/3603 3505/3505/3505
f 3501/3501/3501 3505/3505/3505 3603/3603/3603
f 3320/3320/3320 3324/3324/3324 3411/3411/3411
f 3600/3600/3600 3602/3602/3602 3504/3504/3504
f 3504/3504/3504 3500/3500/3500 3600/3600/3600
f 3401/3401/3401 3410/3410/3410 3323/3323/3323
f 3323/3323/3323 3319/3319/3319 3401/3401/3401
f 3410/3410/3410 3401/3401/3401 3497/3497/3497
f 3497/3497/3497 3500/3500/3500 3410/3410/3410
f 3319/3319/3319 3323/3323/3323 3249/3249/3249
f 3249/3249/3249 3246/3246/3246 3319/3319/3319
f 3247/3247/3247 3250/3250/3250 3324/3324/3324
f 3324/3324/3324 3320/3320/3320 3247/3247/3247
f 3250/3250/3250 3247/3247/3247 3176/3176/3176
f 3603/3603/3603 3594/3594/3594 3501/3501/3501
f 3411/3411/3411 3399/3399/3399 3320/3320/3320
f 3606/3606/3606 3605/3605/3605 3688/3688/3688
f 3688/3688/3688 3689/3689/3689 3606/3606/3606
f 3603/3603/3603 3606/3606/3606 3689/3689/3689
f 3689/3689/3689 3682/3682/3682 3603/3603/3603
f 3594/3594/3594 3603/3603/3603 3682/3682/3682
f 3605/3605/3605 3602/3602/3602 3681/3681/3681
f 3681/3681/3681 3688/3688/3688 3605/3605/3605
f 3399/3399/3399 3411/3411/3411 3501/3501/3501
f 3501/3501/3501 3489/3489/3489 3399/3399/3399
f 3489/3489/3489 3501/3501/3501 3594/3594/3594
f 3500/3500/3500 3497/3497/3497 3593/3593/3593
f 3593/3593/3593 3600/3600/3600 3500/3500/3500
f 3682/3682/3682 3678/3678/3678 3594/3594/3594
f 3677/3677/3677 3681/3681/3681 3602/3602/3602
f 3602/3602/3602 3600/3600/3600 3677/3677/3677
f 3600/3600/3600 3593/3593/3593 3674/3674/3674
f 3674/3674/3674 3677/3677/3677 3600/3600/3600
f 3689/3689/3689 3688/3688/3688 3726/3726/3726
f 3726/3726/3726 3727/3727/3727 3689/3689/3689
f 3722/3722/3722 3726/3726/3726 3688/3688/3688
f 3688/3688/3688 3681/3681/3681 3722/3722/3722
f 3682/3682/3682 3689/3689/3689 3727/3727/3727
f 3727/3727/3727 3723/3723/3723 3682/3682/3682
f 3678/3678/3678 3675/3675/3675 3594/3594/3594
f 3678/3678/3678 3682/3682/3682 3723/3723/3723
f 3723/3723/3723 3719/3719/3719 3678/3678/3678
f 3675/3675/3675 3678/3678/3678 3719/3719/3719
f 3718/3718/3718 3722/3722/3722 3681/3681/3681
f 3681/3681/3681 3677/3677/3677 3718/3718/3718
f 3488/3488/3488 3497/3497/3497 3401/3401/3401
f 3401/3401/3401 3398/3398/3398 3488/3488/3488
f 3398/3398/3398 3401/3401/3401 3319/3319/3319
f 3594/3594/3594 3590/3590/3590 3489/3489/3489
f 3497/3497/3497 3488/3488/3488 3589/3589/3589
f 3589/3589/3589 3593/3593/3593 3497/3497/3497
f 3314/3314/3314 3320/3320/3320 3399/3399/3399
f 3719/3719/3719 3716/3716/3716 3675/3675/3675
f 3715/3715/3715 3718/3718/3718 3677/3677/3677
f 3677/3677/3677 3674/3674/3674 3715/3715/3715
f 3590/3590/3590 3594/3594/3594 3675/3675/3675
f 3675/3675/3675 3668/3668/3668 3590/3590/3590
f 3727/3727/3727 3726/3726/3726 3742/3742/3742
f 3742/3742/3742 3740/3740/3740 3727/3727/3727
f 3723/3723/3723 3727/3727/3727 3739/3739/3739
f 3739/3739/3739 3738/3738/3738 3723/3723/3723
f 3719/3719/3719 3723/3723/3723 3738/3738/3738
f 3737/3737/3737 3741/3741/3741 3726/3726/3726
f 3726/3726/3726 3722/3722/3722 3737/3737/3737
f 3667/3667/3667 3674/3674/3674 3593/3593/3593
f 3593/3593/3593 3589/3589/3589 3667/3667/3667
f 3738/3738/3738 3736/3736/3736 3719/3719/3719
f 3735/3735/3735 3737/3737/3737 3722/3722/3722
f 3722/3722/3722 3718/3718/3718 3735/3735/3735
f 3718/3718/3718 3715/3715/3715 3735/3735/3735
f 3668/3668/3668 3675/3675/3675 3716/3716/3716
f 3716/3716/3716 3710/3710/3710 3668/3668/3668
f 3716/3716/3716 3719/3719/3719 3736/3736/3736
f 3736/3736/3736 3734/3734/3734 3716/3716/3716
f 3709/3709/3709 3715/3715/3715 3674/3674/3674
f 3674/3674/3674 3667/3667/3667 3709/3709/3709
f 3319/3319/3319 3311/3311/3311 3398/3398/3398
f 3481/3481/3481 3489/3489/3489 3590/3590/3590
f 3320/3320/3320 3314/3314/3314 3237/3237/3237
f 3237/3237/3237 3247/3247/3247 3320/3320/3320
f 3246/3246/3246 3249/3249/3249 3173/3173/3173
f 3173/3173/3173 3165/3165/3165 3246/3246/3246
f 3391/3391/3391 3399/3399/3399 3489/3489/3489
f 3489/3489/3489 3481/3481/3481 3391/3391/3391
f 3740/3740/3740 3742/3742/3742 3728/3728/3728
f 3728/3728/3728 3729/3729/3729 3740/3740/3740
f 3738/3738/3738 3739/3739/3739 3729/3729/3729
f 3729/3729/3729 3725/3725/3725 3738/3738/3738
f 3724/3724/3724 3728/3728/3728 3741/3741/3741
f 3741/3741/3741 3737/3737/3737 3724/3724/3724
f 3732/3732/3732 3735/3735/3735 3715/3715/3715
f 3715/3715/3715 3709/3709/3709 3732/3732/3732
f 3736/3736/3736 3738/3738/3738 3725/3725/3725
f 3725/3725/3725 3721/3721/3721 3736/3736/3736
f 3720/3720/3720 3724/3724/3724 3737/3737/3737
f 3737/3737/3737 3735/3735/3735 3720/3720/3720
f 3581/3581/3581 3589/3589/3589 3488/3488/3488
f 3589/3589/3589 3581/3581/3581 3660/3660/3660
f 3660/3660/3660 3667/3667/3667 3589/3589/3589
f 3667/3667/3667 3660/3660/3660 3709/3709/3709
f 3710/3710/3710 3716/3716/3716 3734/3734/3734
f 3734/3734/3734 3733/3733/3733 3710/3710/3710
f 3734/3734/3734 3736/3736/3736 3721/3721/3721
f 3721/3721/3721 3717/3717/3717 3734/3734/3734
f 3590/3590/3590 3573/3573/3573 3481/3481/3481
f 3573/3573/3573 3590/3590/3590 3668/3668/3668
f 3668/3668/3668 3656/3656/3656 3573/3573/3573
f 3656/3656/3656 3668/3668/3668 3710/3710/3710
f 3710/3710/3710 3704/3704/3704 3656/3656/3656
f 3704/3704/3704 3710/3710/3710 3733/3733/3733
f 3399/3399/3399 3391/3391/3391 3308/3308/3308
f 3308/3308/3308 3314/3314/3314 3399/3399/3399
f 3314/3314/3314 3308/3308/3308 3237/3237/3237
f 3711/3711/3711 3720/3720/3720 3735/3735/3735
f 3735/3735/3735 3732/3732/3732 3711/3711/3711
f 3311/3311/3311 3319/3319/3319 3246/3246/3246
f 3246/3246/3246 3240/3240/3240 3311/3311/3311
f 3488/3488/3488 3478/3478/3478 3581/3581/3581
f 3478/3478/3478 3488/3488/3488 3398/3398/3398
f 3398/3398/3398 3388/3388/3388 3478/3478/3478
f 3388/3388/3388 3398/3398/3398 3311/3311/3311
f 3729/3729/3729 3728/3728/3728 3690/3690/3690
f 3690/3690/3690 3691/3691/3691 3729/3729/3729
f 3725/3725/3725 3729/3729/3729 3691/3691/3691
f 3691/3691/3691 3684/3684/3684 3725/3725/3725
f 3721/3721/3721 3725/3725/3725 3684/3684/3684
f 3728/3728/3728 3724/3724/3724 3683/3683/3683
f 3683/3683/3683 3690/3690/3690 3728/3728/3728
f 3684/3684/3684 3680/3680/3680 3721/3721/3721
f 3717/3717/3717 3721/3721/3721 3680/3680/3680
f 3679/3679/3679 3683/3683/3683 3724/3724/3724
f 3724/3724/3724 3720/3720/3720 3679/3679/3679
f 3733/3733/3733 3734/3734/3734 3717/3717/3717
f 3717/3717/3717 3712/3712/3712 3733/3733/3733
f 3712/3712/3712 3717/3717/3717 3680/3680/3680
f 3733/3733/3733 3731/3731/3731 3704/3704/3704
f 3730/3730/3730 3732/3732/3732 3709/3709/3709
f 3676/3676/3676 3679/3679/3679 3720/3720/3720
f 3720/3720/3720 3711/3711/3711 3676/3676/3676
f 3700/3700/3700 3709/3709/3709 3660/3660/3660
f 3680/3680/3680 3670/3670/3670 3712/3712/3712
f 3479/3479/3479 3481/3481/3481 3573/3573/3573
f 3481/3481/3481 3479/3479/3479 3391/3391/3391
f 3691/3691/3691 3690/3690/3690 3607/3607/3607
f 3607/3607/3607 3608/3608/3608 3691/3691/3691
f 3684/3684/3684 3691/3691/3691 3608/3608/3608
f 3608/3608/3608 3604/3604/3604 3684/3684/3684
f 3731/3731/3731 3733/3733/3733 3712/3712/3712
f 3712/3712/3712 3706/3706/3706 3731/3731/3731
f 3706/3706/3706 3712/3712/3712 3670/3670/3670
f 3680/3680/3680 3684/3684/3684 3604/3604/3604
f 3604/3604/3604 3601/3601/3601 3680/3680/3680
f 3690/3690/3690 3683/3683/3683 3595/3595/3595
f 3595/3595/3595 3607/3607/3607 3690/3690/3690
f 3683/3683/3683 3679/3679/3679 3595/3595/3595
f 3679/3679/3679 3676/3676/3676 3595/3595/3595
f 3669/3669/3669 3676/3676/3676 3711/3711/3711
f 3709/3709/3709 3700/3700/3700 3713/3713/3713
f 3713/3713/3713 3730/3730/3730 3709/3709/3709
f 3705/3705/3705 3711/3711/3711 3732/3732/3732
f 3732/3732/3732 3730/3730/3730 3705/3705/3705
f 3655/3655/3655 3660/3660/3660 3581/3581/3581
f 3581/3581/3581 3572/3572/3572 3655/3655/3655
f 3572/3572/3572 3581/3581/3581 3478/3478/3478
f 3660/3660/3660 3655/3655/3655 3700/3700/3700
f 3704/3704/3704 3701/3701/3701 3656/3656/3656
f 3601/3601/3601 3596/3596/3596 3680/3680/3680
f 3670/3670/3670 3680/3680/3680 3596/3596/3596
f 3701/3701/3701 3704/3704/3704 3731/3731/3731
f 3731/3731/3731 3714/3714/3714 3701/3701/3701
f 3161/3161/3161 3176/3176/3176 3247/3247/3247
f 3247/3247/3247 3237/3237/3237 3161/3161/3161
f 3670/3670/3670 3662/3662/3662 3706/3706/3706
f 3711/3711/3711 3705/3705/3705 3661/3661/3661
f 3661/3661/3661 3669/3669/3669 3711/3711/3711
f 3596/3596/3596 3592/3592/3592 3670/3670/3670
f 3662/3662/3662 3670/3670/3670 3592/3592/3592
f 3714/3714/3714 3731/3731/3731 3706/3706/3706
f 3706/3706/3706 3703/3703/3703 3714/3714/3714
f 3703/3703/3703 3706/3706/3706 3662/3662/3662
f 3608/3608/3608 3607/3607/3607 3510/3510/3510
f 3510/3510/3510 3511/3511/3511 3608/3608/3608
f 3604/3604/3604 3608/3608/3608 3511/3511/3511
f 3511/3511/3511 3507/3507/3507 3604/3604/3604
f 3506/3506/3506 3510/3510/3510 3607/3607/3607
f 3607/3607/3607 3595/3595/3595 3506/3506/3506
f 3502/3502/3502 3506/3506/3506 3595/3595/3595
f 3591/3591/3591 3595/3595/3595 3676/3676/3676
f 3676/3676/3676 3669/3669/3669 3591/3591/3591
f 3601/3601/3601 3604/3604/3604 3507/3507/3507
f 3507/3507/3507 3503/3503/3503 3601/3601/3601
f 3596/3596/3596 3601/3601/3601 3503/3503/3503
f 3503/3503/3503 3499/3499/3499 3596/3596/3596
f 3702/3702/3702 3705/3705/3705 3730/3730/3730
f 3730/3730/3730 3713/3713/3713 3702/3702/3702
f 3498/3498/3498 3502/3502/3502 3595/3595/3595
f 3592/3592/3592 3583/3583/3583 3662/3662/3662
f 3383/3383/3383 3391/3391/3391 3479/3479/3479
f 3569/3569/3569 3573/3573/3573 3656/3656/3656
f 3656/3656/3656 3648/3648/3648 3569/3569/3569
f 3648/3648/3648 3656/3656/3656 3701/3701/3701
f 3582/3582/3582 3591/3591/3591 3669/3669/3669
f 3669/3669/3669 3661/3661/3661 3582/3582/3582
f 3592/3592/3592 3596/3596/3596 3499/3499/3499
f 3499/3499/3499 3491/3491/3491 3592/3592/3592
f 3583/3583/3583 3592/3592/3592 3491/3491/3491
f 3467/3467/3467 3479/3479/3479 3573/3573/3573
f 3573/3573/3573 3569/3569/3569 3467/3467/3467
f 3479/3479/3479 3467/3467/3467 3383/3383/3383
f 3657/3657/3657 3661/3661/3661 3705/3705/3705
f 3705/3705/3705 3702/3702/3702 3657/3657/3657
f 3490/3490/3490 3498/3498/3498 3595/3595/3595
f 3595/3595/3595 3591/3591/3591 3490/3490/3490
f 3511/3511/3511 3510/3510/3510 3417/3417/3417
f 3417/3417/3417 3418/3418/3418 3511/3511/3511
f 3507/3507/3507 3511/3511/3511 3418/3418/3418
f 3418/3418/3418 3414/3414/3414 3507/3507/3507
f 3413/3413/3413 3417/3417/3417 3510/3510/3510
f 3510/3510/3510 3506/3506/3506 3413/3413/3413
f 3506/3506/3506 3502/3502/3502 3413/3413/3413
f 3503/3503/3503 3507/3507/3507 3414/3414/3414
f 3414/3414/3414 3412/3412/3412 3503/3503/3503
f 3499/3499/3499 3503/3503/3503 3412/3412/3412
f 3402/3402/3402 3413/3413/3413 3502/3502/3502
f 3502/3502/3502 3498/3498/3498 3402/3402/3402
f 3655/3655/3655 3647/3647/3647 3700/3700/3700
f 3647/3647/3647 3655/3655/3655 3572/3572/3572
f 3572/3572/3572 3568/3568/3568 3647/3647/3647
f 3568/3568/3568 3572/3572/3572 3478/3478/3478
f 3412/3412/3412 3403/3403/3403 3499/3499/3499
f 3491/3491/3491 3499/3499/3499 3403/3403/3403
f 3491/3491/3491 3483/3483/3483 3583/3583/3583
f 3708/3708/3708 3714/3714/3714 3703/3703/3703
f 3714/3714/3714 3708/3708/3708 3693/3693/3693
f 3693/3693/3693 3701/3701/3701 3714/3714/3714
f 3701/3701/3701 3693/3693/3693 3648/3648/3648
f 3707/3707/3707 3713/3713/3713 3700/3700/3700
f 3703/3703/3703 3697/3697/3697 3708/3708/3708
f 3697/3697/3697 3703/3703/3703 3662/3662/3662
f 3583/3583/3583 3575/3575/3575 3662/3662/3662
f 3575/3575/3575 3583/3583/3583 3483/3483/3483
f 3591/3591/3591 3582/3582/3582 3482/3482/3482
f 3482/3482/3482 3490/3490/3490 3591/3591/3591
f 3696/3696/3696 3702/3702/3702 3713/3713/3713
f 3713/3713/3713 3707/3707/3707 3696/3696/3696
f 3574/3574/3574 3582/3582/3582 3661/3661/3661
f 3661/3661/3661 3657/3657/3657 3574/3574/3574
f 3498/3498/3498 3490/3490/3490 3400/3400/3400
f 3400/3400/3400 3402/3402/3402 3498/3498/3498
f 3692/3692/3692 3700/3700/3700 3647/3647/3647
f 3418/3418/3418 3417/3417/3417 3333/3333/3333
f 3333/3333/3333 3334/3334/3334 3418/3418/3418
f 3414/3414/3414 3418/3418/3418 3334/3334/3334
f 3334/3334/3334 3330/3330/3330 3414/3414/3414
f 3412/3412/3412 3414/3414/3414 3330/3330/3330
f 3329/3329/3329 3333/3333/3333 3417/3417/3417
f 3417/3417/3417 3413/3413/3413 3329/3329/3329
f 3330/3330/3330 3326/3326/3326 3412/3412/3412
f 3403/3403/3403 3393/3393/3393 3491/3491/3491
f 3483/3483/3483 3491/3491/3491 3393/3393/3393
f 3325/3325/3325 3329/3329/3329 3413/3413/3413
f 3413/3413/3413 3402/3402/3402 3321/3321/3321
f 3321/3321/3321 3325/3325/3325 3413/3413/3413
f 3649/3649/3649 3657/3657/3657 3702/3702/3702
f 3702/3702/3702 3696/3696/3696 3649/3649/3649
f 3403/3403/3403 3412/3412/3412 3326/3326/3326
f 3326/3326/3326 3322/3322/3322 3403/3403/3403
f 3393/3393/3393 3403/3403/3403 3322/3322/3322
f 3480/3480/3480 3482/3482/3482 3582/3582/3582
f 3582/3582/3582 3574/3574/3574 3480/3480/3480
f 3700/3700/3700 3692/3692/3692 3698/3698/3698
f 3698/3698/3698 3707/3707/3707 3700/3700/3700
f 3707/3707/3707 3698/3698/3698 3696/3696/3696
f 3392/3392/3392 3400/3400/3400 3490/3490/3490
f 3490/3490/3490 3482/3482/3482 3392/3392/3392
f 3575/3575/3575 3571/3571/3571 3662/3662/3662
f 3638/3638/3638 3662/3662/3662 3571/3571/3571
f 3662/3662/3662 3638/3638/3638 3694/3694/3694
f 3694/3694/3694 3697/3697/3697 3662/3662/3662
f 3322/3322/3322 3316/3316/3316 3393/3393/3393
f 3570/3570/3570 3574/3574/3574 3657/3657/3657
f 3657/3657/3657 3649/3649/3649 3570/3570/3570
f 3708/3708/3708 3699/3699/3699 3693/3693/3693
f 3697/3697/3697 3694/3694/3694 3699/3699/3699
f 3699/3699/3699 3708/3708/3708 3697/3697/3697
f 3315/3315/3315 3321/3321/3321 3402/3402/3402
f 3402/3402/3402 3400/3400/3400 3315/3315/3315
f 3388/3388/3388 3382/3382/3382 3478/3478/3478
f 3636/3636/3636 3648/3648/3648 3693/3693/3693
f 3334/3334/3334 3333/3333/3333 3257/3257/3257
f 3257/3257/3257 3258/3258/3258 3334/3334/3334
f 3330/3330/3330 3334/3334/3334 3258/3258/3258
f 3258/3258/3258 3254/3254/3254 3330/3330/3330
f 3326/3326/3326 3330/3330/3330 3254/3254/3254
f 3322/3322/3322 3326/3326/3326 3254/3254/3254
f 3253/3253/3253 3257/3257/3257 3333/3333/3333
f 3333/3333/3333 3329/3329/3329 3253/3253/3253
f 3329/3329/3329 3325/3325/3325 3253/3253/3253
f 3325/3325/3325 3321/3321/3321 3253/3253/3253
f 3389/3389/3389 3392/3392/3392 3482/3482/3482
f 3482/3482/3482 3480/3480/3480 3389/3389/3389
f 3254/3254/3254 3248/3248/3248 3322/3322/3322
f 3312/3312/3312 3315/3315/3315 3400/3400/3400
f 3400/3400/3400 3392/3392/3392 3312/3312/3312
f 3316/3316/3316 3313/3313/3313 3393/3393/3393
f 3468/3468/3468 3480/3480/3480 3574/3574/3574
f 3574/3574/3574 3570/3570/3570 3468/3468/3468
f 3483/3483/3483 3463/3463/3463 3575/3575/3575
f 3463/3463/3463 3483/3483/3483 3393/3393/3393
f 3571/3571/3571 3575/3575/3575 3463/3463/3463
f 3393/3393/3393 3390/3390/3390 3463/3463/3463
f 3561/3561/3561 3569/3569/3569 3648/3648/3648
f 3648/3648/3648 3636/3636/3636 3561/3561/3561
f 3637/3637/3637 3649/3649/3649 3696/3696/3696
f 3568/3568/3568 3560/3560/3560 3647/3647/3647
f 3560/3560/3560 3568/3568/3568 3478/3478/3478
f 3478/3478/3478 3460/3460/3460 3560/3560/3560
f 3460/3460/3460 3478/3478/3478 3382/3382/3382
f 3391/3391/3391 3383/3383/3383 3302/3302/3302
f 3302/3302/3302 3308/3308/3308 3391/3391/3391
f 3241/3241/3241 3253/3253/3253 3321/3321/3321
f 3321/3321/3321 3315/3315/3315 3241/3241/3241
f 3315/3315/3315 3312/3312/3312 3241/3241/3241
f 3316/3316/3316 3322/3322/3322 3248/3248/3248
f 3248/3248/3248 3243/3243/3243 3316/3316/3316
f 3562/3562/3562 3570/3570/3570 3649/3649/3649
f 3649/3649/3649 3637/3637/3637 3562/3562/3562
f 3571/3571/3571 3563/3563/3563 3638/3638/3638
f 3563/3563/3563 3571/3571/3571 3463/3463/3463
f 3390/3390/3390 3393/3393/3393 3313/3313/3313
f 3313/3313/3313 3310/3310/3310 3390/3390/3390
f 3569/3569/3569 3561/3561/3561 3461/3461/3461
f 3461/3461/3461 3467/3467/3467 3569/3569/3569
f 3390/3390/3390 3385/3385/3385 3463/3463/3463
f 3392/3392/3392 3389/3389/3389 3309/3309/3309
f 3309/3309/3309 3312/3312/3312 3392/3392/3392
f 3258/3258/3258 3257/3257/3257 3181/3181/3181
f 3181/3181/3181 3182/3182/3182 3258/3258/3258
f 3254/3254/3254 3258/3258/3258 3182/3182/3182
f 3182/3182/3182 3178/3178/3178 3254/3254/3254
f 3177/3177/3177 3181/3181/3181 3257/3257/3257
f 3257/3257/3257 3253/3253/3253 3177/3177/3177
f 3480/3480/3480 3468/3468/3468 3384/3384/3384
f 3384/3384/3384 3389/3389/3389 3480/3480/3480
f 3178/3178/3178 3175/3175/3175 3254/3254/3254
f 3248/3248/3248 3254/3254/3254 3175/3175/3175
f 3243/3243/3243 3248/3248/3248 3175/3175/3175
f 3174/3174/3174 3177/3177/3177 3253/3253/3253
f 3313/3313/3313 3316/3316/3316 3243/3243/3243
f 3243/3243/3243 3242/3242/3242 3313/3313/3313
f 3166/3166/3166 3174/3174/3174 3253/3253/3253
f 3253/3253/3253 3241/3241/3241 3166/3166/3166
f 3686/3686/3686 3696/3696/3696 3698/3698/3698
f 3696/3696/3696 3686/3686/3686 3637/3637/3637
f 3175/3175/3175 3164/3164/3164 3243/3243/3243
f 3570/3570/3570 3562/3562/3562 3462/3462/3462
f 3462/3462/3462 3468/3468/3468 3570/3570/3570
f 3385/3385/3385 3390/3390/3390 3310/3310/3310
f 3310/3310/3310 3304/3304/3304 3385/3385/3385
f 3310/3310/3310 3313/3313/3313 3242/3242/3242
f 3242/3242/3242 3239/3239/3239 3310/3310/3310
f 3304/3304/3304 3310/3310/3310 3239/3239/3239
f 3695/3695/3695 3699/3699/3699 3694/3694/3694
f 3699/3699/3699 3695/3695/3695 3693/3693/3693
f 3694/3694/3694 3687/3687/3687 3695/3695/3695
f 3687/3687/3687 3694/3694/3694 3638/3638/3638
f 3638/3638/3638 3634/3634/3634 3687/3687/3687
f 3389/3389/3389 3384/3384/3384 3303/3303/3303
f 3303/3303/3303 3309/3309/3309 3389/3389/3389
f 3632/3632/3632 3647/3647/3647 3560/3560/3560
f 3647/3647/3647 3632/3632/3632 3685/3685/3685
f 3685/3685/3685 3692/3692/3692 3647/3647/3647
f 3238/3238/3238 3241/3241/3241 3312/3312/3312
f 3312/3312/3312 3309/3309/3309 3238/3238/3238
f 3165/3165/3165 3163/3163/3163 3246/3246/3246
f 3240/3240/3240 3246/3246/3246 3163/3163/3163
f 3692/3692/3692 3685/3685/3685 3671/3671/3671
f 3671/3671/3671 3698/3698/3698 3692/3692/3692
f 3698/3698/3698 3671/3671/3671 3686/3686/3686
f 3665/3665/3665 3686/3686/3686 3671/3671/3671
f 3686/3686/3686 3665/3665/3665 3637/3637/3637
f 3633/3633/3633 3636/3636/3636 3693/3693/3693
f 3382/3382/3382 3388/3388/3388 3311/3311/3311
f 3311/3311/3311 3298/3298/3298 3382/3382/3382
f 3240/3240/3240 3236/3236/3236 3311/3311/3311
f 3298/3298/3298 3311/3311/3311 3236/3236/3236
f 3385/3385/3385 3381/3381/3381 3463/3463/3463
f 3182/3182/3182 3181/3181/3181 3107/3107/3107
f 3107/3107/3107 3108/3108/3108 3182/3182/3182
f 3178/3178/3178 3182/3182/3182 3108/3108/3108
f 3108/3108/3108 3104/3104/3104 3178/3178/3178
f 3175/3175/3175 3178/3178/3178 3104/3104/3104
f 3242/3242/3242 3243/3243/3243 3164/3164/3164
f 3164/3164/3164 3162/3162/3162 3242/3242/3242
f 3103/3103/3103 3107/3107/3107 3181/3181/3181
f 3181/3181/3181 3177/3177/3177 3103/3103/3103
f 3177/3177/3177 3174/3174/3174 3103/3103/3103
f 3380/3380/3380 3384/3384/3384 3468/3468/3468
f 3468/3468/3468 3462/3462/3462 3380/3380/3380
f 3159/3159/3159 3166/3166/3166 3241/3241/3241
f 3241/3241/3241 3238/3238/3238 3159/3159/3159
f 3104/3104/3104 3100/3100/3100 3175/3175/3175
f 3164/3164/3164 3175/3175/3175 3100/3100/3100
f 3634/3634/3634 3638/3638/3638 3563/3563/3563
f 3563/3563/3563 3555/3555/3555 3634/3634/3634
f 3099/3099/3099 3103/3103/3103 3174/3174/3174
f 3174/3174/3174 3166/3166/3166 3099/3099/3099
f 3309/3309/3309 3303/3303/3303 3233/3233/3233
f 3233/3233/3233 3238/3238/3238 3309/3309/3309
f 3239/3239/3239 3234/3234/3234 3304/3304/3304
f 3382/3382/3382 3379/3379/3379 3460/3460/3460
f 3379/3379/3379 3382/3382/3382 3298/3298/3298
f 3095/3095/3095 3099/3099/3099 3166/3166/3166
f 3300/3300/3300 3303/3303/3303 3384/3384/3384
f 3384/3384/3384 3380/3380/3380 3300/3300/3300
f 3560/3560/3560 3553/3553/3553 3632/3632/3632
f 3553/3553/3553 3560/3560/3560 3460/3460/3460
f 3100/3100/3100 3096/3096/3096 3164/3164/3164
f 3239/3239/3239 3242/3242/3242 3162/3162/3162
f 3162/3162/3162 3160/3160/3160 3239/3239/3239
f 3381/3381/3381 3385/3385/3385 3304/3304/3304
f 3304/3304/3304 3301/3301/3301 3381/3381/3381
f 3636/3636/3636 3633/3633/3633 3554/3554/3554
f 3554/3554/3554 3561/3561/3561 3636/3636/3636
f 3555/3555/3555 3563/3563/3563 3463/3463/3463
f 3463/3463/3463 3458/3458/3458 3555/3555/3555
f 3457/3457/3457 3462/3462/3462 3562/3562/3562
f 3467/3467/3467 3461/3461/3461 3375/3375/3375
f 3375/3375/3375 3383/3383/3383 3467/3467/3467
f 3664/3664/3664 3693/3693/3693 3695/3695/3695
f 3179/3179/3179 3180/3180/3180 3106/3106/3106
f 3180/3180/3180 3176/3176/3176 3106/3106/3106
f 3106/3106/3106 3105/3105/3105 3179/3179/3179
f 3173/3173/3173 3179/3179/3179 3105/3105/3105
f 3105/3105/3105 3101/3101/3101 3173/3173/3173
f 3165/3165/3165 3173/3173/3173 3101/3101/3101
f 3102/3102/3102 3106/3106/3106 3176/3176/3176
f 3693/3693/3693 3664/3664/3664 3627/3627/3627
f 3627/3627/3627 3633/3633/3633 3693/3693/3693
f 3548/3548/3548 3562/3562/3562 3637/3637/3637
f 3562/3562/3562 3548/3548/3548 3457/3457/3457
f 3098/3098/3098 3102/3102/3102 3176/3176/3176
f 3101/3101/3101 3097/3097/3097 3165/3165/3165
f 3163/3163/3163 3157/3157/3157 3240/3240/3240
f 3236/3236/3236 3240/3240/3240 3157/3157/3157
f 3176/3176/3176 3161/3161/3161 3094/3094/3094
f 3094/3094/3094 3098/3098/3098 3176/3176/3176
f 3561/3561/3561 3554/3554/3554 3447/3447/3447
f 3447/3447/3447 3461/3461/3461 3561/3561/3561
f 3461/3461/3461 3447/3447/3447 3375/3375/3375
f 3299/3299/3299 3302/3302/3302 3383/3383/3383
f 3383/3383/3383 3375/3375/3375 3299/3299/3299
f 3308/3308/3308 3302/3302/3302 3221/3221/3221
f 3221/3221/3221 3237/3237/3237 3308/3308/3308
f 3302/3302/3302 3299/3299/3299 3221/3221/3221
f 3158/3158/3158 3161/3161/3161 3237/3237/3237
f 3458/3458/3458 3463/3463/3463 3381/3381/3381
f 3381/3381/3381 3377/3377/3377 3458/3458/3458
f 3163/3163/3163 3165/3165/3165 3097/3097/3097
f 3097/3097/3097 3093/3093/3093 3163/3163/3163
f 3157/3157/3157 3163/3163/3163 3093/3093/3093
f 3236/3236/3236 3230/3230/3230 3298/3298/3298
f 3230/3230/3230 3236/3236/3236 3157/3157/3157
f 3685/3685/3685 3663/3663/3663 3671/3671/3671
f 3376/3376/3376 3380/3380/3380 3462/3462/3462
f 3462/3462/3462 3457/3457/3457 3376/3376/3376
f 3380/3380/3380 3376/3376/3376 3300/3300/3300
f 3663/3663/3663 3685/3685/3685 3632/3632/3632
f 3632/3632/3632 3626/3626/3626 3663/3663/3663
f 3687/3687/3687 3666/3666/3666 3695/3695/3695
f 3666/3666/3666 3687/3687/3687 3634/3634/3634
f 3379/3379/3379 3374/3374/3374 3460/3460/3460
f 3617/3617/3617 3637/3637/3637 3665/3665/3665
f 3091/3091/3091 3095/3095/3095 3166/3166/3166
f 3166/3166/3166 3159/3159/3159 3088/3088/3088
f 3088/3088/3088 3091/3091/3091 3166/3166/3166
f 3162/3162/3162 3164/3164/3164 3096/3096/3096
f 3096/3096/3096 3092/3092/3092 3162/3162/3162
f 3108/3108/3108 3107/3107/3107 3034/3034/3034
f 3034/3034/3034 3036/3036/3036 3108/3108/3108
f 3028/3028/3028 3034/3034/3034 3107/3107/3107
f 3107/3107/3107 3103/3103/3103 3028/3028/3028
f 3104/3104/3104 3108/3108/3108 3036/3036/3036
f 3036/3036/3036 3030/3030/3030 3104/3104/3104
f 3100/3100/3100 3104/3104/3104 3030/3030/3030
f 3030/3030/3030 3025/3025/3025 3100/3100/3100
f 3023/3023/3023 3028/3028/3028 3103/3103/3103
f 3155/3155/3155 3159/3159/3159 3238/3238/3238
f 3238/3238/3238 3233/3233/3233 3155/3155/3155
f 3231/3231/3231 3233/3233/3233 3303/3303/3303
f 3303/3303/3303 3300/3300/3300 3231/3231/3231
f 3103/3103/3103 3099/3099/3099 3017/3017/3017
f 3017/3017/3017 3023/3023/3023 3103/3103/3103
f 3234/3234/3234 3239/3239/3239 3160/3160/3160
f 3160/3160/3160 3156/3156/3156 3234/3234/3234
f 3301/3301/3301 3304/3304/3304 3234/3234/3234
f 3234/3234/3234 3232/3232/3232 3301/3301/3301
f 3232/3232/3232 3234/3234/3234 3156/3156/3156
f 3025/3025/3025 3019/3019/3019 3100/3100/3100
f 3634/3634/3634 3628/3628/3628 3666/3666/3666
f 3637/3637/3637 3617/3617/3617 3540/3540/3540
f 3540/3540/3540 3548/3548/3548 3637/3637/3637
f 3628/3628/3628 3634/3634/3634 3555/3555/3555
f 3555/3555/3555 3550/3550/3550 3628/3628/3628
f 3550/3550/3550 3555/3555/3555 3458/3458/3458
f 3160/3160/3160 3162/3162/3162 3092/3092/3092
f 3092/3092/3092 3089/3089/3089 3160/3160/3160
f 3156/3156/3156 3160/3160/3160 3089/3089/3089
f 3377/3377/3377 3381/3381/3381 3301/3301/3301
f 3301/3301/3301 3296/3296/3296 3377/3377/3377
f 3011/3011/3011 3017/3017/3017 3099/3099/3099
f 3099/3099/3099 3095/3095/3095 3011/3011/3011
f 3096/3096/3096 3100/3100/3100 3019/3019/3019
f 3019/3019/3019 3013/3013/3013 3096/3096/3096
f 3092/3092/3092 3096/3096/3096 3013/3013/3013
f 3626/3626/3626 3632/3632/3632 3553/3553/3553
f 3553/3553/3553 3546/3546/3546 3626/3626/3626
f 3546/3546/3546 3553/3553/3553 3460/3460/3460
f 3460/3460/3460 3452/3452/3452 3546/3546/3546
f 3452/3452/3452 3460/3460/3460 3374/3374/3374
f 3458/3458/3458 3455/3455/3455 3550/3550/3550
f 3455/3455/3455 3458/3458/3458 3377/3377/3377
f 3454/3454/3454 3457/3457/3457 3548/3548/3548
f 3548/3548/3548 3540/3540/3540 3454/3454/3454
f 3547/3547/3547 3554/3554/3554 3633/3633/3633
f 3633/3633/3633 3627/3627/3627 3547/3547/3547
f 3554/3554/3554 3547/3547/3547 3447/3447/3447
f 3673/3673/3673 3695/3695/3695 3666/3666/3666
f 3095/3095/3095 3091/3091/3091 3008/3008/3008
f 3008/3008/3008 3011/3011/3011 3095/3095/3095
f 3151/3151/3151 3155/3155/3155 3233/3233/3233
f 3233/3233/3233 3231/3231/3231 3151/3151/3151
f 3159/3159/3159 3155/3155/3155 3084/3084/3084
f 3084/3084/3084 3088/3088/3088 3159/3159/3159
f 3373/3373/3373 3376/3376/3376 3457/3457/3457
f 3457/3457/3457 3454/3454/3454 3373/3373/3373
f 3156/3156/3156 3152/3152/3152 3232/3232/3232
f 3222/3222/3222 3231/3231/3231 3300/3300/3300
f 3695/3695/3695 3673/3673/3673 3652/3652/3652
f 3652/3652/3652 3664/3664/3664 3695/3695/3695
f 3089/3089/3089 3085/3085/3085 3156/3156/3156
f 3296/3296/3296 3301/3301/3301 3232/3232/3232
f 3232/3232/3232 3223/3223/3223 3296/3296/3296
f 3013/3013/3013 3005/3005/3005 3092/3092/3092
f 3089/3089/3089 3092/3092/3092 3005/3005/3005
f 3093/3093/3093 3090/3090/3090 3157/3157/3157
f 3374/3374/3374 3379/3379/3379 3298/3298/3298
f 3298/3298/3298 3294/3294/3294 3374/3374/3374
f 3091/3091/3091 3088/3088/3088 3003/3003/3003
f 3003/3003/3003 3008/3008/3008 3091/3091/3091
f 3157/3157/3157 3153/3153/3153 3230/3230/3230
f 3376/3376/3376 3373/3373/3373 3300/3300/3300
f 3286/3286/3286 3300/3300/3300 3373/3373/3373
f 3663/3663/3663 3650/3650/3650 3671/3671/3671
f 3650/3650/3650 3663/3663/3663 3626/3626/3626
f 3105/3105/3105 3106/3106/3106 3032/3032/3032
f 3032/3032/3032 3031/3031/3031 3105/3105/3105
f 3026/3026/3026 3032/3032/3032 3106/3106/3106
f 3101/3101/3101 3105/3105/3105 3031/3031/3031
f 3031/3031/3031 3020/3020/3020 3101/3101/3101
f 3097/3097/3097 3101/3101/3101 3020/3020/3020
f 3106/3106/3106 3102/3102/3102 3021/3021/3021
f 3021/3021/3021 3026/3026/3026 3106/3106/3106
f 3154/3154/3154 3158/3158/3158 3237/3237/3237
f 3237/3237/3237 3221/3221/3221 3154/3154/3154
f 3150/3150/3150 3154/3154/3154 3221/3221/3221
f 3295/3295/3295 3299/3299/3299 3375/3375/3375
f 3299/3299/3299 3295/3295/3295 3221/3221/3221
f 3087/3087/3087 3094/3094/3094 3161/3161/3161
f 3161/3161/3161 3158/3158/3158 3087/3087/3087
f 3102/3102/3102 3098/3098/3098 3015/3015/3015
f 3015/3015/3015 3021/3021/3021 3102/3102/3102
f 3020/3020/3020 3014/3014/3014 3097/3097/3097
f 3090/3090/3090 3086/3086/3086 3157/3157/3157
f 3666/3666/3666 3654/3654/3654 3673/3673/3673
f 3654/3654/3654 3666/3666/3666 3628/3628/3628
f 3374/3374/3374 3372/3372/3372 3452/3452/3452
f 3372/3372/3372 3374/3374/3374 3294/3294/3294
f 3093/3093/3093 3097/3097/3097 3014/3014/3014
f 3014/3014/3014 3009/3009/3009 3093/3093/3093
f 3628/3628/3628 3619/3619/3619 3654/3654/3654
f 3619/3619/3619 3628/3628/3628 3550/3550/3550
f 3294/3294/3294 3298/3298/3298 3230/3230/3230
f 3230/3230/3230 3220/3220/3220 3294/3294/3294
f 3220/3220/3220 3230/3230/3230 3153/3153/3153
f 3664/3664/3664 3652/3652/3652 3615/3615/3615
f 3615/3615/3615 3627/3627/3627 3664/3664/3664
f 3098/3098/3098 3094/3094/3094 3001/3001/3001
f 3001/3001/3001 3015/3015/3015 3098/3098/3098
f 3094/3094/3094 3087/3087/3087 3001/3001/3001
f 3090/3090/3090 3093/3093/3093 3009/3009/3009
f 3009/3009/3009 3006/3006/3006 3090/3090/3090
f 3153/3153/3153 3157/3157/3157 3086/3086/3086
f 3086/3086/3086 3083/3083/3083 3153/3153/3153
f 3294/3294/3294 3290/3290/3290 3372/3372/3372
f 3627/3627/3627 3615/3615/3615 3538/3538/3538
f 3538/3538/3538 3547/3547/3547 3627/3627/3627
f 3547/3547/3547 3538/3538/3538 3447/3447/3447
f 3643/3643/3643 3665/3665/3665 3671/3671/3671
f 3665/3665/3665 3643/3643/3643 3617/3617/3617
f 3158/3158/3158 3154/3154/3154 3080/3080/3080
f 3080/3080/3080 3087/3087/3087 3158/3158/3158
f 3154/3154/3154 3150/3150/3150 3080/3080/3080
f 3377/3377/3377 3368/3368/3368 3455/3455/3455
f 3368/3368/3368 3377/3377/3377 3296/3296/3296
f 3296/3296/3296 3293/3293/3293 3368/3368/3368
f 3293/3293/3293 3296/3296/3296 3223/3223/3223
f 3031/3031/3031 3032/3032/3032 2929/2929/2929
f 2929/2929/2929 2927/2927/2927 3031/3031/3031
f 3032/3032/3032 3026/3026/3026 2929/2929/2929
f 3020/3020/3020 3031/3031/3031 2927/2927/2927
f 2927/2927/2927 2919/2919/2919 3020/3020/3020
f 2921/2921/2921 2929/2929/2929 3026/3026/3026
f 3026/3026/3026 3021/3021/3021 2921/2921/2921
f 3292/3292/3292 3295/3295/3295 3375/3375/3375
f 3364/3364/3364 3375/3375/3375 3447/3447/3447
f 3375/3375/3375 3364/3364/3364 3292/3292/3292
f 3086/3086/3086 3090/3090/3090 3006/3006/3006
f 3006/3006/3006 3000/3000/3000 3086/3086/3086
f 3083/3083/3083 3086/3086/3086 3000/3000/3000
f 3014/3014/3014 3020/3020/3020 2919/2919/2919
f 2919/2919/2919 2913/2913/2913 3014/3014/3014
f 3536/3536/3536 3546/3546/3546 3452/3452/3452
f 3546/3546/3546 3536/3536/3536 3577/3577/3577
f 3577/3577/3577 3626/3626/3626 3546/3546/3546
f 3626/3626/3626 3577/3577/3577 3650/3650/3650
f 2915/2915/2915 2921/2921/2921 3021/3021/3021
f 3021/3021/3021 3015/3015/3015 2915/2915/2915
f 3009/3009/3009 3014/3014/3014 2913/2913/2913
f 2913/2913/2913 2907/2907/2907 3009/3009/3009
f 3083/3083/3083 3079/3079/3079 3153/3153/3153
f 2909/2909/2909 2915/2915/2915 3015/3015/3015
f 3015/3015/3015 3001/3001/3001 2909/2909/2909
f 3290/3290/3290 3294/3294/3294 3220/3220/3220
f 3220/3220/3220 3216/3216/3216 3290/3290/3290
f 3455/3455/3455 3449/3449/3449 3550/3550/3550
f 3449/3449/3449 3455/3455/3455 3368/3368/3368
f 3000/3000/3000 2994/2994/2994 3083/3083/3083
f 3079/3079/3079 3083/3083/3083 2994/2994/2994
f 3006/3006/3006 3009/3009/3009 2907/2907/2907
f 2907/2907/2907 2903/2903/2903 3006/3006/3006
f 3148/3148/3148 3151/3151/3151 3231/3231/3231
f 3231/3231/3231 3222/3222/3222 3148/3148/3148
f 3155/3155/3155 3151/3151/3151 3081/3081/3081
f 3081/3081/3081 3084/3084/3084 3155/3155/3155
f 3366/3366/3366 3373/3373/3373 3454/3454/3454
f 3373/3373/3373 3366/3366/3366 3286/3286/3286
f 3153/3153/3153 3139/3139/3139 3220/3220/3220
f 3139/3139/3139 3153/3153/3153 3079/3079/3079
f 3216/3216/3216 3220/3220/3220 3139/3139/3139
f 3218/3218/3218 3222/3222/3222 3300/3300/3300
f 3659/3659/3659 3671/3671/3671 3650/3650/3650
f 3671/3671/3671 3659/3659/3659 3643/3643/3643
f 3650/3650/3650 3640/3640/3640 3659/3659/3659
f 3640/3640/3640 3650/3650/3650 3577/3577/3577
f 2995/2995/2995 3001/3001/3001 3087/3087/3087
f 3087/3087/3087 3080/3080/3080 2995/2995/2995
f 3217/3217/3217 3221/3221/3221 3295/3295/3295
f 3295/3295/3295 3292/3292/3292 3217/3217/3217
f 3300/3300/3300 3286/3286/3286 3208/3208/3208
f 3208/3208/3208 3218/3218/3218 3300/3300/3300
f 3362/3362/3362 3372/3372/3372 3290/3290/3290
f 3290/3290/3290 3284/3284/3284 3362/3362/3362
f 3372/3372/3372 3362/3362/3362 3434/3434/3434
f 3434/3434/3434 3452/3452/3452 3372/3372/3372
f 3452/3452/3452 3434/3434/3434 3536/3536/3536
f 3223/3223/3223 3232/3232/3232 3152/3152/3152
f 3152/3152/3152 3149/3149/3149 3223/3223/3223
f 3152/3152/3152 3156/3156/3156 3085/3085/3085
f 3085/3085/3085 3082/3082/3082 3152/3152/3152
f 3147/3147/3147 3150/3150/3150 3221/3221/3221
f 3221/3221/3221 3217/3217/3217 3147/3147/3147
f 3000/3000/3000 3006/3006/3006 2903/2903/2903
f 2903/2903/2903 2901/2901/2901 3000/3000/3000
f 3088/3088/3088 3084/3084/3084 2997/2997/2997
f 2997/2997/2997 3003/3003/3003 3088/3088/3088
f 3223/3223/3223 3219/3219/3219 3293/3293/3293
f 3219/3219/3219 3223/3223/3223 3149/3149/3149
f 3085/3085/3085 3089/3089/3089 3005/3005/3005
f 3005/3005/3005 2999/2999/2999 3085/3085/3085
f 2897/2897/2897 2909/2909/2909 3001/3001/3001
f 3001/3001/3001 2995/2995/2995 2897/2897/2897
f 3076/3076/3076 3080/3080/3080 3150/3150/3150
f 3150/3150/3150 3147/3147/3147 3076/3076/3076
f 2989/2989/2989 2995/2995/2995 3080/3080/3080
f 3293/3293/3293 3288/3288/3288 3368/3368/3368
f 3288/3288/3288 3293/3293/3293 3219/3219/3219
f 3284/3284/3284 3290/3290/3290 3216/3216/3216
f 3216/3216/3216 3211/3211/3211 3284/3284/3284
f 3211/3211/3211 3216/3216/3216 3139/3139/3139
f 2994/2994/2994 3000/3000/3000 2901/2901/2901
f 2901/2901/2901 2895/2895/2895 2994/2994/2994
f 2994/2994/2994 2980/2980/2980 3079/3079/3079
f 3151/3151/3151 3148/3148/3148 3077/3077/3077
f 3077/3077/3077 3081/3081/3081 3151/3151/3151
f 3222/3222/3222 3218/3218/3218 3143/3143/3143
f 3143/3143/3143 3148/3148/3148 3222/3222/3222
f 3218/3218/3218 3208/3208/3208 3143/3143/3143
f 3149/3149/3149 3152/3152/3152 3082/3082/3082
f 3082/3082/3082 3078/3078/3078 3149/3149/3149
f 2991/2991/2991 2997/2997/2997 3084/3084/3084
f 3084/3084/3084 3081/3081/3081 2991/2991/2991
f 3213/3213/3213 3217/3217/3217 3292/3292/3292
f 3082/3082/3082 3085/3085/3085 2999/2999/2999
f 2999/2999/2999 2993/2993/2993 3082/3082/3082
f 3078/3078/3078 3082/3082/3082 2993/2993/2993
f 3219/3219/3219 3215/3215/3215 3288/3288/3288
f 3215/3215/3215 3219/3219/3219 3149/3149/3149
f 2982/2982/2982 2989/2989/2989 3080/3080/3080
f 3080/3080/3080 3076/3076/3076 2982/2982/2982
f 3071/3071/3071 3076/3076/3076 3147/3147/3147
f 3149/3149/3149 3145/3145/3145 3215/3215/3215
f 3141/3141/3141 3147/3147/3147 3217/3217/3217
f 3217/3217/3217 3213/3213/3213 3141/3141/3141
f 2995/2995/2995 2989/2989/2989 2891/2891/2891
f 2891/2891/2891 2897/2897/2897 2995/2995/2995
f 2895/2895/2895 2889/2889/2889 2994/2994/2994
f 2980/2980/2980 2994/2994/2994 2889/2889/2889
f 3079/3079/3079 3066/3066/3066 3139/3139/3139
f 2980/2980/2980 2971/2971/2971 3079/3079/3079
f 3066/3066/3066 3079/3079/3079 2971/2971/2971
f 3073/3073/3073 3077/3077/3077 3148/3148/3148
f 3148/3148/3148 3143/3143/3143 3073/3073/3073
f 2985/2985/2985 2991/2991/2991 3081/3081/3081
f 3081/3081/3081 3077/3077/3077 2985/2985/2985
f 3078/3078/3078 3075/3075/3075 3149/3149/3149
f 3145/3145/3145 3149/3149/3149 3075/3075/3075
f 2993/2993/2993 2988/2988/2988 3078/3078/3078
f 3075/3075/3075 3078/3078/3078 2988/2988/2988
f 2975/2975/2975 2982/2982/2982 3076/3076/3076
f 3076/3076/3076 3071/3071/3071 2975/2975/2975
f 2989/2989/2989 2982/2982/2982 2884/2884/2884
f 2884/2884/2884 2891/2891/2891 2989/2989/2989
f 2889/2889/2889 2881/2881/2881 2980/2980/2980
f 2971/2971/2971 2980/2980/2980 2881/2881/2881
f 2977/2977/2977 2985/2985/2985 3077/3077/3077
f 3077/3077/3077 3073/3073/3073 2977/2977/2977
f 2988/2988/2988 2979/2979/2979 3075/3075/3075
f 2881/2881/2881 2873/2873/2873 2971/2971/2971
f 1512/1512/1512 1513/1513/1513 1381/1381/1381
f 1381/1381/1381 1380/1380/1380 1512/1512/1512
f 1380/1380/1380 1381/1381/1381 1258/1258/1258
f 1258/1258/1258 1257/1257/1257 1380/1380/1380
f 1385/1385/1385 1381/1381/1381 1513/1513/1513
f 1380/1380/1380 1384/1384/1384 1512/1512/1512
f 1384/1384/1384 1380/1380/1380 1257/1257/1257
f 1381/1381/1381 1385/1385/1385 1261/1261/1261
f 1261/1261/1261 1258/1258/1258 1381/1381/1381
f 1257/1257/1257 1264/1264/1264 1384/1384/1384
f 1257/1257/1257 1258/1258/1258 1078/1078/1078
f 1078/1078/1078 1077/1077/1077 1257/1257/1257
f 1264/1264/1264 1257/1257/1257 1077/1077/1077
f 1077/1077/1077 1081/1081/1081 1264/1264/1264
f 1258/1258/1258 1261/1261/1261 1084/1084/1084
f 1084/1084/1084 1078/1078/1078 1258/1258/1258
f 1519/1519/1519 1512/1512/1512 1384/1384/1384
f 1513/1513/1513 1520/1520/1520 1385/1385/1385
f 1266/1266/1266 1261/1261/1261 1385/1385/1385
f 1513/1513/1513 1512/1512/1512 1627/1627/1627
f 1627/1627/1627 1628/1628/1628 1513/1513/1513
f 1520/1520/1520 1513/1513/1513 1628/1628/1628
f 1628/1628/1628 1634/1634/1634 1520/1520/1520
f 1633/1633/1633 1627/1627/1627 1512/1512/1512
f 1512/1512/1512 1519/1519/1519 1633/1633/1633
f 1384/1384/1384 1392/1392/1392 1519/1519/1519
f 1392/1392/1392 1384/1384/1384 1264/1264/1264
f 1393/1393/1393 1385/1385/1385 1520/1520/1520
f 1385/1385/1385 1393/1393/1393 1266/1266/1266
f 1628/1628/1628 1627/1627/1627 1804/1804/1804
f 1804/1804/1804 1805/1805/1805 1628/1628/1628
f 1798/1798/1798 1804/1804/1804 1627/1627/1627
f 1627/1627/1627 1633/1633/1633 1798/1798/1798
f 1634/1634/1634 1628/1628/1628 1805/1805/1805
f 1805/1805/1805 1799/1799/1799 1634/1634/1634
f 1261/1261/1261 1266/1266/1266 1086/1086/1086
f 1086/1086/1086 1084/1084/1084 1261/1261/1261
f 1077/1077/1077 1078/1078/1078 966/966/966
f 1078/1078/1078 1084/1084/1084 966/966/966
f 966/966/966 965/965/965 1077/1077/1077
f 1081/1081/1081 1077/1077/1077 965/965/965
f 1264/1264/1264 1268/1268/1268 1392/1392/1392
f 1268/1268/1268 1264/1264/1264 1081/1081/1081
f 1081/1081/1081 1089/1089/1089 1268/1268/1268
f 972/972/972 966/966/966 1084/1084/1084
f 1084/1084/1084 1086/1086/1086 972/972/972
f 965/965/965 971/971/971 1081/1081/1081
f 1089/1089/1089 1081/1081/1081 971/971/971
f 1639/1639/1639 1633/1633/1633 1519/1519/1519
f 1634/1634/1634 1640/1640/1640 1520/1520/1520
f 1523/1523/1523 1519/1519/1519 1392/1392/1392
f 1519/1519/1519 1523/1523/1523 1639/1639/1639
f 965/965/965 966/966/966 905/905/905
f 905/905/905 904/904/904 965/965/965
f 904/904/904 908/908/908 965/965/965
f 971/971/971 965/965/965 908/908/908
f 911/911/911 905/905/905 966/966/966
f 966/966/966 972/972/972 911/911/911
f 908/908/908 914/914/914 971/971/971
f 1271/1271/1271 1266/1266/1266 1393/1393/1393
f 974/974/974 972/972/972 1086/1086/1086
f 904/904/904 905/905/905 845/845/845
f 845/845/845 844/844/844 904/904/904
f 908/908/908 904/904/904 844/844/844
f 844/844/844 849/849/849 908/908/908
f 914/914/914 908/908/908 849/849/849
f 850/850/850 845/845/845 905/905/905
f 905/905/905 911/911/911 850/850/850
f 1266/1266/1266 1271/1271/1271 1094/1094/1094
f 1094/1094/1094 1086/1086/1086 1266/1266/1266
f 1086/1086/1086 1094/1094/1094 974/974/974
f 971/971/971 977/977/977 1089/1089/1089
f 977/977/977 971/971/971 914/914/914
f 917/917/917 911/911/911 972/972/972
f 972/972/972 974/974/974 917/917/917
f 1633/1633/1633 1639/1639/1639 1792/1792/1792
f 1792/1792/1792 1798/1798/1798 1633/1633/1633
f 1805/1805/1805 1804/1804/1804 1916/1916/1916
f 1916/1916/1916 1917/1917/1917 1805/1805/1805
f 1799/1799/1799 1805/1805/1805 1917/1917/1917
f 1917/1917/1917 1911/1911/1911 1799/1799/1799
f 1799/1799/1799 1793/1793/1793 1634/1634/1634
f 1640/1640/1640 1634/1634/1634 1793/1793/1793
f 1793/1793/1793 1799/1799/1799 1911/1911/1911
f 1804/1804/1804 1798/1798/1798 1909/1909/1909
f 1909/1909/1909 1916/1916/1916 1804/1804/1804
f 1529/1529/1529 1520/1520/1520 1640/1640/1640
f 1520/1520/1520 1529/1529/1529 1399/1399/1399
f 1399/1399/1399 1393/1393/1393 1520/1520/1520
f 1393/1393/1393 1399/1399/1399 1271/1271/1271
f 1398/1398/1398 1392/1392/1392 1268/1268/1268
f 1392/1392/1392 1398/1398/1398 1523/1523/1523
f 1528/1528/1528 1523/1523/1523 1398/1398/1398
f 1911/1911/1911 1906/1906/1906 1793/1793/1793
f 1917/1917/1917 1916/1916/1916 2049/2049/2049
f 2049/2049/2049 2050/2050/2050 1917/1917/1917
f 2050/2050/2050 2046/2046/2046 1917/1917/1917
f 1911/1911/1911 1917/1917/1917 2046/2046/2046
f 1798/1798/1798 1792/1792/1792 1903/1903/1903
f 1903/1903/1903 1909/1909/1909 1798/1798/1798
f 1916/1916/1916 1909/1909/1909 2040/2040/2040
f 2040/2040/2040 2049/2049/2049 1916/1916/1916
f 2046/2046/2046 2041/2041/2041 1911/1911/1911
f 1906/1906/1906 1911/1911/1911 2041/2041/2041
f 1523/1523/1523 1528/1528/1528 1647/1647/1647
f 1647/1647/1647 1639/1639/1639 1523/1523/1523
f 1089/1089/1089 1093/1093/1093 1268/1268/1268
f 1093/1093/1093 1089/1089/1089 977/977/977
f 854/854/854 850/850/850 911/911/911
f 911/911/911 917/917/917 854/854/854
f 1268/1268/1268 1275/1275/1275 1398/1398/1398
f 1275/1275/1275 1268/1268/1268 1093/1093/1093
f 1640/1640/1640 1648/1648/1648 1529/1529/1529
f 1648/1648/1648 1640/1640/1640 1793/1793/1793
f 1793/1793/1793 1787/1787/1787 1648/1648/1648
f 1787/1787/1787 1793/1793/1793 1906/1906/1906
f 2050/2050/2050 2049/2049/2049 2174/2174/2174
f 2174/2174/2174 2175/2175/2175 2050/2050/2050
f 2046/2046/2046 2050/2050/2050 2175/2175/2175
f 2169/2169/2169 2174/2174/2174 2049/2049/2049
f 2049/2049/2049 2040/2040/2040 2169/2169/2169
f 2037/2037/2037 2040/2040/2040 1909/1909/1909
f 1909/1909/1909 1903/1903/1903 2037/2037/2037
f 2175/2175/2175 2167/2167/2167 2046/2046/2046
f 2041/2041/2041 2046/2046/2046 2167/2167/2167
f 2041/2041/2041 2034/2034/2034 1906/1906/1906
f 1906/1906/1906 1900/1900/1900 1787/1787/1787
f 1900/1900/1900 1906/1906/1906 2034/2034/2034
f 1639/1639/1639 1647/1647/1647 1785/1785/1785
f 1785/1785/1785 1792/1792/1792 1639/1639/1639
f 1276/1276/1276 1271/1271/1271 1399/1399/1399
f 844/844/844 845/845/845 786/786/786
f 786/786/786 785/785/785 844/844/844
f 849/849/849 844/844/844 785/785/785
f 785/785/785 789/789/789 849/849/849
f 790/790/790 786/786/786 845/845/845
f 845/845/845 850/850/850 790/790/790
f 914/914/914 920/920/920 977/977/977
f 849/849/849 856/856/856 914/914/914
f 920/920/920 914/914/914 856/856/856
f 795/795/795 790/790/790 850/850/850
f 850/850/850 854/854/854 795/795/795
f 982/982/982 974/974/974 1094/1094/1094
f 974/974/974 982/982/982 917/917/917
f 789/789/789 794/794/794 849/849/849
f 856/856/856 849/849/849 794/794/794
f 794/794/794 797/797/797 856/856/856
f 1271/1271/1271 1276/1276/1276 1100/1100/1100
f 1100/1100/1100 1094/1094/1094 1271/1271/1271
f 1094/1094/1094 1100/1100/1100 982/982/982
f 1402/1402/1402 1398/1398/1398 1275/1275/1275
f 1398/1398/1398 1402/1402/1402 1528/1528/1528
f 785/785/785 786/786/786 716/716/716
f 716/716/716 715/715/715 785/785/785
f 786/786/786 790/790/790 716/716/716
f 789/789/789 785/785/785 715/715/715
f 715/715/715 721/721/721 789/789/789
f 794/794/794 789/789/789 721/721/721
f 724/724/724 716/716/716 790/790/790
f 790/790/790 795/795/795 724/724/724
f 800/800/800 795/795/795 854/854/854
f 923/923/923 917/917/917 982/982/982
f 721/721/721 731/731/731 794/794/794
f 797/797/797 794/794/794 731/731/731
f 981/981/981 977/977/977 920/920/920
f 977/977/977 981/981/981 1099/1099/1099
f 1099/1099/1099 1093/1093/1093 977/977/977
f 1093/1093/1093 1099/1099/1099 1275/1275/1275
f 862/862/862 854/854/854 917/917/917
f 917/917/917 923/923/923 862/862/862
f 1532/1532/1532 1529/1529/1529 1648/1648/1648
f 1529/1529/1529 1532/1532/1532 1404/1404/1404
f 1404/1404/1404 1399/1399/1399 1529/1529/1529
f 1399/1399/1399 1404/1404/1404 1276/1276/1276
f 856/856/856 859/859/859 920/920/920
f 1792/1792/1792 1785/1785/1785 1898/1898/1898
f 1898/1898/1898 1903/1903/1903 1792/1792/1792
f 734/734/734 724/724/724 795/795/795
f 795/795/795 800/800/800 734/734/734
f 715/715/715 716/716/716 657/657/657
f 657/657/657 656/656/656 715/715/715
f 721/721/721 715/715/715 656/656/656
f 656/656/656 660/660/660 721/721/721
f 731/731/731 721/721/721 660/660/660
f 920/920/920 922/922/922 981/981/981
f 922/922/922 920/920/920 859/859/859
f 716/716/716 724/724/724 661/661/661
f 661/661/661 657/657/657 716/716/716
f 724/724/724 734/734/734 661/661/661
f 854/854/854 862/862/862 804/804/804
f 804/804/804 800/800/800 854/854/854
f 859/859/859 856/856/856 797/797/797
f 797/797/797 803/803/803 859/859/859
f 2031/2031/2031 2037/2037/2037 1903/1903/1903
f 1903/1903/1903 1898/1898/1898 2031/2031/2031
f 2040/2040/2040 2037/2037/2037 2163/2163/2163
f 2163/2163/2163 2169/2169/2169 2040/2040/2040
f 731/731/731 737/737/737 797/797/797
f 803/803/803 797/797/797 737/737/737
f 660/660/660 667/667/667 731/731/731
f 737/737/737 731/731/731 667/667/667
f 1537/1537/1537 1528/1528/1528 1402/1402/1402
f 2175/2175/2175 2174/2174/2174 2361/2361/2361
f 2361/2361/2361 2362/2362/2362 2175/2175/2175
f 2167/2167/2167 2175/2175/2175 2362/2362/2362
f 2362/2362/2362 2356/2356/2356 2167/2167/2167
f 2167/2167/2167 2164/2164/2164 2041/2041/2041
f 2034/2034/2034 2041/2041/2041 2164/2164/2164
f 2164/2164/2164 2167/2167/2167 2356/2356/2356
f 2174/2174/2174 2169/2169/2169 2353/2353/2353
f 2353/2353/2353 2361/2361/2361 2174/2174/2174
f 1787/1787/1787 1783/1783/1783 1648/1648/1648
f 1528/1528/1528 1537/1537/1537 1653/1653/1653
f 1653/1653/1653 1647/1647/1647 1528/1528/1528
f 985/985/985 982/982/982 1100/1100/1100
f 982/982/982 985/985/985 923/923/923
f 2356/2356/2356 2351/2351/2351 2164/2164/2164
f 2037/2037/2037 2031/2031/2031 2160/2160/2160
f 2160/2160/2160 2163/2163/2163 2037/2037/2037
f 2034/2034/2034 2028/2028/2028 1900/1900/1900
f 2028/2028/2028 2034/2034/2034 2164/2164/2164
f 2169/2169/2169 2163/2163/2163 2347/2347/2347
f 2347/2347/2347 2353/2353/2353 2169/2169/2169
f 2163/2163/2163 2160/2160/2160 2347/2347/2347
f 1407/1407/1407 1402/1402/1402 1275/1275/1275
f 1402/1402/1402 1407/1407/1407 1537/1537/1537
f 1783/1783/1783 1787/1787/1787 1900/1900/1900
f 1900/1900/1900 1897/1897/1897 1783/1783/1783
f 1897/1897/1897 1900/1900/1900 2028/2028/2028
f 859/859/859 865/865/865 922/922/922
f 865/865/865 859/859/859 803/803/803
f 2362/2362/2362 2361/2361/2361 2479/2479/2479
f 2479/2479/2479 2480/2480/2480 2362/2362/2362
f 2356/2356/2356 2362/2362/2362 2474/2474/2474
f 2480/2480/2480 2474/2474/2474 2362/2362/2362
f 2470/2470/2470 2479/2479/2479 2361/2361/2361
f 2361/2361/2361 2353/2353/2353 2470/2470/2470
f 1278/1278/1278 1276/1276/1276 1404/1404/1404
f 2351/2351/2351 2348/2348/2348 2164/2164/2164
f 1780/1780/1780 1785/1785/1785 1647/1647/1647
f 1647/1647/1647 1653/1653/1653 1780/1780/1780
f 2474/2474/2474 2471/2471/2471 2356/2356/2356
f 2351/2351/2351 2356/2356/2356 2471/2471/2471
f 2348/2348/2348 2351/2351/2351 2471/2471/2471
f 1538/1538/1538 1532/1532/1532 1648/1648/1648
f 1648/1648/1648 1654/1654/1654 1538/1538/1538
f 1654/1654/1654 1648/1648/1648 1783/1783/1783
f 1532/1532/1532 1538/1538/1538 1410/1410/1410
f 1410/1410/1410 1404/1404/1404 1532/1532/1532
f 1404/1404/1404 1410/1410/1410 1278/1278/1278
f 1896/1896/1896 1898/1898/1898 1785/1785/1785
f 1785/1785/1785 1780/1780/1780 1896/1896/1896
f 1276/1276/1276 1278/1278/1278 1104/1104/1104
f 1104/1104/1104 1100/1100/1100 1276/1276/1276
f 1100/1100/1100 1104/1104/1104 985/985/985
f 2025/2025/2025 2031/2031/2031 1898/1898/1898
f 1898/1898/1898 1896/1896/1896 2025/2025/2025
f 1275/1275/1275 1281/1281/1281 1407/1407/1407
f 1281/1281/1281 1275/1275/1275 1099/1099/1099
f 2353/2353/2353 2347/2347/2347 2466/2466/2466
f 2466/2466/2466 2470/2470/2470 2353/2353/2353
f 1099/1099/1099 1103/1103/1103 1281/1281/1281
f 2164/2164/2164 2155/2155/2155 2028/2028/2028
f 2155/2155/2155 2164/2164/2164 2348/2348/2348
f 2471/2471/2471 2467/2467/2467 2348/2348/2348
f 2480/2480/2480 2479/2479/2479 2547/2547/2547
f 2547/2547/2547 2548/2548/2548 2480/2480/2480
f 2474/2474/2474 2480/2480/2480 2548/2548/2548
f 2541/2541/2541 2547/2547/2547 2479/2479/2479
f 2479/2479/2479 2470/2470/2470 2541/2541/2541
f 2548/2548/2548 2542/2542/2542 2474/2474/2474
f 2154/2154/2154 2160/2160/2160 2031/2031/2031
f 2031/2031/2031 2025/2025/2025 2154/2154/2154
f 2348/2348/2348 2342/2342/2342 2155/2155/2155
f 2471/2471/2471 2474/2474/2474 2542/2542/2542
f 2542/2542/2542 2538/2538/2538 2471/2471/2471
f 2467/2467/2467 2471/2471/2471 2538/2538/2538
f 2340/2340/2340 2347/2347/2347 2160/2160/2160
f 2160/2160/2160 2154/2154/2154 2340/2340/2340
f 2532/2532/2532 2541/2541/2541 2470/2470/2470
f 2470/2470/2470 2466/2466/2466 2532/2532/2532
f 1103/1103/1103 1099/1099/1099 981/981/981
f 981/981/981 992/992/992 1103/1103/1103
f 992/992/992 981/981/981 922/922/922
f 922/922/922 928/928/928 992/992/992
f 928/928/928 922/922/922 865/865/865
f 2467/2467/2467 2464/2464/2464 2348/2348/2348
f 2342/2342/2342 2348/2348/2348 2464/2464/2464
f 2538/2538/2538 2533/2533/2533 2467/2467/2467
f 2464/2464/2464 2467/2467/2467 2533/2533/2533
f 738/738/738 734/734/734 800/800/800
f 800/800/800 804/804/804 738/738/738
f 2548/2548/2548 2547/2547/2547 2617/2617/2617
f 2617/2617/2617 2618/2618/2618 2548/2548/2548
f 2618/2618/2618 2614/2614/2614 2548/2548/2548
f 2542/2542/2542 2548/2548/2548 2614/2614/2614
f 2613/2613/2613 2617/2617/2617 2547/2547/2547
f 2547/2547/2547 2541/2541/2541 2613/2613/2613
f 2611/2611/2611 2613/2613/2613 2541/2541/2541
f 2347/2347/2347 2340/2340/2340 2458/2458/2458
f 2458/2458/2458 2466/2466/2466 2347/2347/2347
f 2538/2538/2538 2542/2542/2542 2614/2614/2614
f 2614/2614/2614 2606/2606/2606 2538/2538/2538
f 2533/2533/2533 2538/2538/2538 2606/2606/2606
f 1783/1783/1783 1778/1778/1778 1654/1654/1654
f 1778/1778/1778 1783/1783/1783 1897/1897/1897
f 2464/2464/2464 2461/2461/2461 2342/2342/2342
f 2605/2605/2605 2611/2611/2611 2541/2541/2541
f 2541/2541/2541 2532/2532/2532 2605/2605/2605
f 1897/1897/1897 1892/1892/1892 1778/1778/1778
f 1892/1892/1892 1897/1897/1897 2028/2028/2028
f 2028/2028/2028 2021/2021/2021 1892/1892/1892
f 2021/2021/2021 2028/2028/2028 2155/2155/2155
f 1542/1542/1542 1537/1537/1537 1407/1407/1407
f 1537/1537/1537 1542/1542/1542 1657/1657/1657
f 1657/1657/1657 1653/1653/1653 1537/1537/1537
f 2526/2526/2526 2532/2532/2532 2466/2466/2466
f 2466/2466/2466 2458/2458/2458 2526/2526/2526
f 2020/2020/2020 2025/2025/2025 1896/1896/1896
f 1777/1777/1777 1780/1780/1780 1653/1653/1653
f 1653/1653/1653 1657/1657/1657 1777/1777/1777
f 2155/2155/2155 2151/2151/2151 2021/2021/2021
f 2533/2533/2533 2527/2527/2527 2464/2464/2464
f 2461/2461/2461 2464/2464/2464 2527/2527/2527
f 2601/2601/2601 2605/2605/2605 2532/2532/2532
f 2606/2606/2606 2602/2602/2602 2533/2533/2533
f 2527/2527/2527 2533/2533/2533 2602/2602/2602
f 2342/2342/2342 2337/2337/2337 2155/2155/2155
f 2337/2337/2337 2342/2342/2342 2461/2461/2461
f 2151/2151/2151 2155/2155/2155 2337/2337/2337
f 2618/2618/2618 2617/2617/2617 2692/2692/2692
f 2692/2692/2692 2693/2693/2693 2618/2618/2618
f 2617/2617/2617 2613/2613/2613 2692/2692/2692
f 2614/2614/2614 2618/2618/2618 2693/2693/2693
f 2693/2693/2693 2689/2689/2689 2614/2614/2614
f 2685/2685/2685 2692/2692/2692 2613/2613/2613
f 2613/2613/2613 2611/2611/2611 2685/2685/2685
f 2689/2689/2689 2686/2686/2686 2614/2614/2614
f 2606/2606/2606 2614/2614/2614 2686/2686/2686
f 2686/2686/2686 2682/2682/2682 2606/2606/2606
f 2602/2602/2602 2606/2606/2606 2682/2682/2682
f 2681/2681/2681 2685/2685/2685 2611/2611/2611
f 2611/2611/2611 2605/2605/2605 2681/2681/2681
f 2598/2598/2598 2601/2601/2601 2532/2532/2532
f 2532/2532/2532 2526/2526/2526 2598/2598/2598
f 2025/2025/2025 2020/2020/2020 2154/2154/2154
f 2149/2149/2149 2154/2154/2154 2020/2020/2020
f 1780/1780/1780 1777/1777/1777 1887/1887/1887
f 1887/1887/1887 1896/1896/1896 1780/1780/1780
f 1896/1896/1896 1887/1887/1887 2020/2020/2020
f 2336/2336/2336 2340/2340/2340 2154/2154/2154
f 2154/2154/2154 2149/2149/2149 2336/2336/2336
f 2340/2340/2340 2336/2336/2336 2458/2458/2458
f 2682/2682/2682 2676/2676/2676 2602/2602/2602
f 2675/2675/2675 2681/2681/2681 2605/2605/2605
f 2605/2605/2605 2601/2601/2601 2675/2675/2675
f 994/994/994 985/985/985 1104/1104/1104
f 931/931/931 923/923/923 985/985/985
f 985/985/985 994/994/994 931/931/931
f 2522/2522/2522 2526/2526/2526 2458/2458/2458
f 2693/2693/2693 2692/2692/2692 2768/2768/2768
f 2768/2768/2768 2769/2769/2769 2693/2693/2693
f 2764/2764/2764 2768/2768/2768 2692/2692/2692
f 2692/2692/2692 2685/2685/2685 2764/2764/2764
f 2689/2689/2689 2693/2693/2693 2769/2769/2769
f 2769/2769/2769 2765/2765/2765 2689/2689/2689
f 2686/2686/2686 2689/2689/2689 2765/2765/2765
f 2765/2765/2765 2761/2761/2761 2686/2686/2686
f 2527/2527/2527 2523/2523/2523 2461/2461/2461
f 2523/2523/2523 2527/2527/2527 2602/2602/2602
f 2602/2602/2602 2594/2594/2594 2523/2523/2523
f 2757/2757/2757 2764/2764/2764 2685/2685/2685
f 2685/2685/2685 2681/2681/2681 2757/2757/2757
f 2682/2682/2682 2686/2686/2686 2761/2761/2761
f 2761/2761/2761 2758/2758/2758 2682/2682/2682
f 2461/2461/2461 2453/2453/2453 2337/2337/2337
f 2453/2453/2453 2461/2461/2461 2523/2523/2523
f 1546/1546/1546 1538/1538/1538 1654/1654/1654
f 1538/1538/1538 1546/1546/1546 1410/1410/1410
f 2672/2672/2672 2675/2675/2675 2601/2601/2601
f 2601/2601/2601 2598/2598/2598 2672/2672/2672
f 2593/2593/2593 2598/2598/2598 2526/2526/2526
f 2526/2526/2526 2522/2522/2522 2593/2593/2593
f 1407/1407/1407 1414/1414/1414 1542/1542/1542
f 1414/1414/1414 1407/1407/1407 1281/1281/1281
f 2753/2753/2753 2757/2757/2757 2681/2681/2681
f 2758/2758/2758 2754/2754/2754 2682/2682/2682
f 2676/2676/2676 2682/2682/2682 2754/2754/2754
f 2681/2681/2681 2675/2675/2675 2751/2751/2751
f 2751/2751/2751 2753/2753/2753 2681/2681/2681
f 2594/2594/2594 2602/2602/2602 2667/2667/2667
f 2676/2676/2676 2667/2667/2667 2602/2602/2602
f 2667/2667/2667 2676/2676/2676 2754/2754/2754
f 2337/2337/2337 2333/2333/2333 2151/2151/2151
f 2333/2333/2333 2337/2337/2337 2453/2453/2453
f 1285/1285/1285 1278/1278/1278 1410/1410/1410
f 1278/1278/1278 1285/1285/1285 1104/1104/1104
f 2769/2769/2769 2768/2768/2768 2837/2837/2837
f 2837/2837/2837 2838/2838/2838 2769/2769/2769
f 2765/2765/2765 2769/2769/2769 2838/2838/2838
f 2838/2838/2838 2834/2834/2834 2765/2765/2765
f 2830/2830/2830 2837/2837/2837 2768/2768/2768
f 2768/2768/2768 2764/2764/2764 2830/2830/2830
f 2764/2764/2764 2757/2757/2757 2830/2830/2830
f 2761/2761/2761 2765/2765/2765 2834/2834/2834
f 2834/2834/2834 2831/2831/2831 2761/2761/2761
f 2758/2758/2758 2761/2761/2761 2831/2831/2831
f 2831/2831/2831 2829/2829/2829 2758/2758/2758
f 2754/2754/2754 2758/2758/2758 2829/2829/2829
f 2754/2754/2754 2745/2745/2745 2667/2667/2667
f 2675/2675/2675 2672/2672/2672 2748/2748/2748
f 2748/2748/2748 2751/2751/2751 2675/2675/2675
f 2666/2666/2666 2672/2672/2672 2598/2598/2598
f 2598/2598/2598 2593/2593/2593 2666/2666/2666
f 2827/2827/2827 2830/2830/2830 2757/2757/2757
f 2757/2757/2757 2753/2753/2753 2827/2827/2827
f 2448/2448/2448 2458/2458/2458 2336/2336/2336
f 2516/2516/2516 2522/2522/2522 2458/2458/2458
f 2458/2458/2458 2448/2448/2448 2516/2516/2516
f 2328/2328/2328 2336/2336/2336 2149/2149/2149
f 2336/2336/2336 2328/2328/2328 2448/2448/2448
f 2016/2016/2016 2020/2020/2020 1887/1887/1887
f 1664/1664/1664 1654/1654/1654 1778/1778/1778
f 1654/1654/1654 1664/1664/1664 1546/1546/1546
f 2523/2523/2523 2517/2517/2517 2453/2453/2453
f 2829/2829/2829 2824/2824/2824 2754/2754/2754
f 2823/2823/2823 2827/2827/2827 2753/2753/2753
f 2753/2753/2753 2751/2751/2751 2823/2823/2823
f 2751/2751/2751 2748/2748/2748 2823/2823/2823
f 2020/2020/2020 2016/2016/2016 2141/2141/2141
f 2141/2141/2141 2149/2149/2149 2020/2020/2020
f 2149/2149/2149 2141/2141/2141 2328/2328/2328
f 1416/1416/1416 1410/1410/1410 1546/1546/1546
f 1410/1410/1410 1416/1416/1416 1285/1285/1285
f 2587/2587/2587 2593/2593/2593 2522/2522/2522
f 2522/2522/2522 2516/2516/2516 2587/2587/2587
f 2838/2838/2838 2837/2837/2837 2926/2926/2926
f 2926/2926/2926 2928/2928/2928 2838/2838/2838
f 2834/2834/2834 2838/2838/2838 2928/2928/2928
f 2831/2831/2831 2834/2834/2834 2928/2928/2928
f 2837/2837/2837 2830/2830/2830 2918/2918/2918
f 2918/2918/2918 2926/2926/2926 2837/2837/2837
f 2928/2928/2928 2920/2920/2920 2831/2831/2831
f 2672/2672/2672 2666/2666/2666 2738/2738/2738
f 2738/2738/2738 2748/2748/2748 2672/2672/2672
f 2912/2912/2912 2918/2918/2918 2830/2830/2830
f 2829/2829/2829 2831/2831/2831 2920/2920/2920
f 2920/2920/2920 2914/2914/2914 2829/2829/2829
f 2824/2824/2824 2829/2829/2829 2914/2914/2914
f 2517/2517/2517 2523/2523/2523 2594/2594/2594
f 2594/2594/2594 2589/2589/2589 2517/2517/2517
f 2824/2824/2824 2820/2820/2820 2754/2754/2754
f 2745/2745/2745 2754/2754/2754 2820/2820/2820
f 2830/2830/2830 2827/2827/2827 2906/2906/2906
f 2906/2906/2906 2912/2912/2912 2830/2830/2830
f 2663/2663/2663 2666/2666/2666 2593/2593/2593
f 2593/2593/2593 2587/2587/2587 2663/2663/2663
f 2666/2666/2666 2663/2663/2663 2738/2738/2738
f 2816/2816/2816 2823/2823/2823 2748/2748/2748
f 2748/2748/2748 2738/2738/2738 2816/2816/2816
f 2914/2914/2914 2908/2908/2908 2824/2824/2824
f 2820/2820/2820 2824/2824/2824 2908/2908/2908
f 2143/2143/2143 2151/2151/2151 2333/2333/2333
f 2151/2151/2151 2143/2143/2143 2011/2011/2011
f 2011/2011/2011 2021/2021/2021 2151/2151/2151
f 2745/2745/2745 2743/2743/2743 2667/2667/2667
f 1108/1108/1108 1104/1104/1104 1285/1285/1285
f 1104/1104/1104 1108/1108/1108 994/994/994
f 1770/1770/1770 1778/1778/1778 1892/1892/1892
f 1892/1892/1892 1884/1884/1884 1770/1770/1770
f 1778/1778/1778 1770/1770/1770 1664/1664/1664
f 1884/1884/1884 1892/1892/1892 2021/2021/2021
f 2021/2021/2021 2011/2011/2011 1884/1884/1884
f 2902/2902/2902 2906/2906/2906 2827/2827/2827
f 2827/2827/2827 2823/2823/2823 2902/2902/2902
f 2820/2820/2820 2817/2817/2817 2745/2745/2745
f 2743/2743/2743 2745/2745/2745 2817/2817/2817
f 2817/2817/2817 2820/2820/2820 2908/2908/2908
f 2589/2589/2589 2594/2594/2594 2659/2659/2659
f 2667/2667/2667 2659/2659/2659 2594/2594/2594
f 2659/2659/2659 2667/2667/2667 2743/2743/2743
f 869/869/869 862/862/862 923/923/923
f 923/923/923 931/931/931 869/869/869
f 2900/2900/2900 2902/2902/2902 2823/2823/2823
f 1281/1281/1281 1291/1291/1291 1414/1414/1414
f 1291/1291/1291 1281/1281/1281 1103/1103/1103
f 1103/1103/1103 1114/1114/1114 1291/1291/1291
f 1114/1114/1114 1103/1103/1103 992/992/992
f 2333/2333/2333 2323/2323/2323 2143/2143/2143
f 2908/2908/2908 2896/2896/2896 2817/2817/2817
f 807/807/807 804/804/804 862/862/862
f 862/862/862 869/869/869 807/807/807
f 2743/2743/2743 2740/2740/2740 2659/2659/2659
f 2517/2517/2517 2511/2511/2511 2453/2453/2453
f 2511/2511/2511 2517/2517/2517 2589/2589/2589
f 2323/2323/2323 2333/2333/2333 2453/2453/2453
f 2453/2453/2453 2445/2445/2445 2323/2323/2323
f 2445/2445/2445 2453/2453/2453 2511/2511/2511
f 2823/2823/2823 2816/2816/2816 2894/2894/2894
f 2894/2894/2894 2900/2900/2900 2823/2823/2823
f 2810/2810/2810 2816/2816/2816 2738/2738/2738
f 2508/2508/2508 2516/2516/2516 2448/2448/2448
f 2516/2516/2516 2508/2508/2508 2587/2587/2587
f 668/668/668 661/661/661 734/734/734
f 2652/2652/2652 2663/2663/2663 2587/2587/2587
f 737/737/737 742/742/742 803/803/803
f 803/803/803 812/812/812 865/865/865
f 812/812/812 803/803/803 742/742/742
f 865/865/865 875/875/875 928/928/928
f 875/875/875 865/865/865 812/812/812
f 743/743/743 738/738/738 804/804/804
f 804/804/804 807/807/807 743/743/743
f 660/660/660 656/656/656 596/596/596
f 590/590/590 596/596/596 656/656/656
f 592/592/592 590/590/590 656/656/656
f 656/656/656 657/657/657 592/592/592
f 600/600/600 592/592/592 657/657/657
f 657/657/657 661/661/661 600/600/600
f 667/667/667 670/670/670 737/737/737
f 742/742/742 737/737/737 670/670/670
f 596/596/596 604/604/604 660/660/660
f 667/667/667 660/660/660 604/604/604
f 734/734/734 738/738/738 671/671/671
f 671/671/671 668/668/668 734/734/734
f 606/606/606 600/600/600 661/661/661
f 661/661/661 668/668/668 606/606/606
f 604/604/604 609/609/609 667/667/667
f 670/670/670 667/667/667 609/609/609
f 2663/2663/2663 2652/2652/2652 2730/2730/2730
f 2730/2730/2730 2738/2738/2738 2663/2663/2663
f 2888/2888/2888 2894/2894/2894 2816/2816/2816
f 738/738/738 743/743/743 673/673/673
f 673/673/673 671/671/671 738/738/738
f 612/612/612 606/606/606 668/668/668
f 668/668/668 671/671/671 612/612/612
f 814/814/814 807/807/807 869/869/869
f 2740/2740/2740 2743/2743/2743 2817/2817/2817
f 2817/2817/2817 2808/2808/2808 2740/2740/2740
f 670/670/670 679/679/679 742/742/742
f 752/752/752 743/743/743 807/807/807
f 807/807/807 814/814/814 752/752/752
f 2896/2896/2896 2890/2890/2890 2817/2817/2817
f 2808/2808/2808 2817/2817/2817 2890/2890/2890
f 2890/2890/2890 2883/2883/2883 2808/2808/2808
f 2816/2816/2816 2810/2810/2810 2880/2880/2880
f 2880/2880/2880 2888/2888/2888 2816/2816/2816
f 742/742/742 757/757/757 812/812/812
f 757/757/757 742/742/742 679/679/679
f 609/609/609 618/618/618 670/670/670
f 679/679/679 670/670/670 618/618/618
f 621/621/621 612/612/612 671/671/671
f 671/671/671 673/673/673 621/621/621
f 743/743/743 752/752/752 686/686/686
f 686/686/686 673/673/673 743/743/743
f 618/618/618 626/626/626 679/679/679
f 1711/1711/1711 1718/1718/1718 1720/1720/1720
f 1720/1720/1720 1713/1713/1713 1711/1711/1711
f 1695/1695/1695 1711/1711/1711 1713/1713/1713
f 1713/1713/1713 1697/1697/1697 1695/1695/1695
f 1616/1616/1616 1695/1695/1695 1697/1697/1697
f 1697/1697/1697 1618/1618/1618 1616/1616/1616
f 1736/1736/1736 1720/1720/1720 1718/1718/1718
f 1718/1718/1718 1734/1734/1734 1736/1736/1736
f 1822/1822/1822 1736/1736/1736 1734/1734/1734
f 1734/1734/1734 1820/1820/1820 1822/1822/1822
f 1838/1838/1838 1822/1822/1822 1820/1820/1820
f 1820/1820/1820 1836/1836/1836 1838/1838/1838
f 1854/1854/1854 1838/1838/1838 1836/1836/1836
f 1836/1836/1836 1852/1852/1852 1854/1854/1854
f 1600/1600/1600 1616/1616/1616 1618/1618/1618
f 1618/1618/1618 1602/1602/1602 1600/1600/1600
f 1584/1584/1584 1600/1600/1600 1602/1602/1602
f 1602/1602/1602 1586/1586/1586 1584/1584/1584
f 1501/1501/1501 1584/1584/1584 1586/1586/1586
f 1586/1586/1586 1503/1503/1503 1501/1501/1501
f 1934/1934/1934 1854/1854/1854 1852/1852/1852
f 1852/1852/1852 1932/1932/1932 1934/1934/1934
f 1950/1950/1950 1934/1934/1934 1932/1932/1932
f 1932/1932/1932 1948/1948/1948 1950/1950/1950
f 1485/1485/1485 1501/1501/1501 1503/1503/1503
f 1503/1503/1503 1487/1487/1487 1485/1485/1485
f 1469/1469/1469 1485/1485/1485 1487/1487/1487
f 1487/1487/1487 1471/1471/1471 1469/1469/1469
f 1966/1966/1966 1950/1950/1950 1948/1948/1948
f 1948/1948/1948 1964/1964/1964 1966/1966/1966
f 1981/1981/1981 1966/1966/1966 1964/1964/1964
f 1964/1964/1964 1979/1979/1979 1981/1981/1981
f 1453/1453/1453 1469/1469/1469 1471/1471/1471
f 1471/1471/1471 1455/1455/1455 1453/1453/1453
f 1377/1377/1377 1453/1453/1453 1455/1455/1455
f 1455/1455/1455 1379/1379/1379 1377/1377/1377
f 2059/2059/2059 1981/1981/1981 1979/1979/1979
f 1979/1979/1979 2057/2057/2057 2059/2059/2059
f 2075/2075/2075 2059/2059/2059 2057/2057/2057
f 2057/2057/2057 2073/2073/2073 2075/2075/2075
f 1361/1361/1361 1377/1377/1377 1379/1379/1379
f 1379/1379/1379 1363/1363/1363 1361/1361/1361
f 1343/1343/1343 1361/1361/1361 1363/1363/1363
f 1363/1363/1363 1346/1346/1346 1343/1343/1343
f 2094/2094/2094 2075/2075/2075 2073/2073/2073
f 2073/2073/2073 2091/2091/2091 2094/2094/2094
f 1714/1714/1714 1707/1707/1707 1709/1709/1709
f 1709/1709/1709 1716/1716/1716 1714/1714/1714
f 1730/1730/1730 1714/1714/1714 1716/1716/1716
f 1716/1716/1716 1732/1732/1732 1730/1730/1730
f 1816/1816/1816 1730/1730/1730 1732/1732/1732
f 1732/1732/1732 1818/1818/1818 1816/1816/1816
f 1693/1693/1693 1709/1709/1709 1707/1707/1707
f 1707/1707/1707 1691/1691/1691 1693/1693/1693
f 1614/1614/1614 1693/1693/1693 1691/1691/1691
f 1691/1691/1691 1612/1612/1612 1614/1614/1614
f 1598/1598/1598 1614/1614/1614 1612/1612/1612
f 1612/1612/1612 1596/1596/1596 1598/1598/1598
f 1582/1582/1582 1598/1598/1598 1596/1596/1596
f 1596/1596/1596 1580/1580/1580 1582/1582/1582
f 1832/1832/1832 1816/1816/1816 1818/1818/1818
f 1818/1818/1818 1834/1834/1834 1832/1832/1832
f 1848/1848/1848 1832/1832/1832 1834/1834/1834
f 1834/1834/1834 1850/1850/1850 1848/1848/1848
f 1928/1928/1928 1848/1848/1848 1850/1850/1850
f 1850/1850/1850 1930/1930/1930 1928/1928/1928
f 1499/1499/1499 1582/1582/1582 1580/1580/1580
f 1580/1580/1580 1497/1497/1497 1499/1499/1499
f 1483/1483/1483 1499/1499/1499 1497/1497/1497
f 1497/1497/1497 1481/1481/1481 1483/1483/1483
f 1944/1944/1944 1928/1928/1928 1930/1930/1930
f 1930/1930/1930 1946/1946/1946 1944/1944/1944
f 1960/1960/1960 1944/1944/1944 1946/1946/1946
f 1946/1946/1946 1962/1962/1962 1960/1960/1960
f 1467/1467/1467 1483/1483/1483 1481/1481/1481
f 1481/1481/1481 1465/1465/1465 1467/1467/1467
f 1451/1451/1451 1467/1467/1467 1465/1465/1465
f 1465/1465/1465 1449/1449/1449 1451/1451/1451
f 1975/1975/1975 1960/1960/1960 1962/1962/1962
f 1962/1962/1962 1977/1977/1977 1975/1975/1975
f 2053/2053/2053 1975/1975/1975 1977/1977/1977
f 1977/1977/1977 2055/2055/2055 2053/2053/2053
f 1375/1375/1375 1451/1451/1451 1449/1449/1449
f 1449/1449/1449 1373/1373/1373 1375/1375/1375
f 1359/1359/1359 1375/1375/1375 1373/1373/1373
f 1373/1373/1373 1357/1357/1357 1359/1359/1359
f 2069/2069/2069 2053/2053/2053 2055/2055/2055
f 2055/2055/2055 2071/2071/2071 2069/2069/2069
f 2085/2085/2085 2069/2069/2069 2071/2071/2071
f 2071/2071/2071 2088/2088/2088 2085/2085/2085
f 1340/1340/1340 1359/1359/1359 1357/1357/1357
f 1357/1357/1357 1337/1337/1337 1340/1340/1340
f 2288/2288/2288 2295/2295/2295 2297/2297/2297
f 2297/2297/2297 2286/2286/2286 2288/2288/2288
f 2290/2290/2290 2297/2297/2297 2295/2295/2295
f 2295/2295/2295 2292/2292/2292 2290/2290/2290
f 2276/2276/2276 2290/2290/2290 2292/2292/2292
f 2292/2292/2292 2278/2278/2278 2276/2276/2276
f 2274/2274/2274 2288/2288/2288 2286/2286/2286
f 2286/2286/2286 2272/2272/2272 2274/2274/2274
f 2260/2260/2260 2274/2274/2274 2272/2272/2272
f 2272/2272/2272 2258/2258/2258 2260/2260/2260
f 2262/2262/2262 2276/2276/2276 2278/2278/2278
f 2278/2278/2278 2264/2264/2264 2262/2262/2262
f 2254/2254/2254 2262/2262/2262 2264/2264/2264
f 2264/2264/2264 2256/2256/2256 2254/2254/2254
f 2252/2252/2252 2260/2260/2260 2258/2258/2258
f 2258/2258/2258 2250/2250/2250 2252/2252/2252
f 2236/2236/2236 2252/2252/2252 2250/2250/2250
f 2250/2250/2250 2234/2234/2234 2236/2236/2236
f 2238/2238/2238 2254/2254/2254 2256/2256/2256
f 2256/2256/2256 2240/2240/2240 2238/2238/2238
f 2222/2222/2222 2238/2238/2238 2240/2240/2240
f 2240/2240/2240 2224/2224/2224 2222/2222/2222
f 2220/2220/2220 2236/2236/2236 2234/2234/2234
f 2234/2234/2234 2218/2218/2218 2220/2220/2220
f 2212/2212/2212 2220/2220/2220 2218/2218/2218
f 2218/2218/2218 2210/2210/2210 2212/2212/2212
f 2214/2214/2214 2222/2222/2222 2224/2224/2224
f 2224/2224/2224 2216/2216/2216 2214/2214/2214
f 2198/2198/2198 2214/2214/2214 2216/2216/2216
f 2216/2216/2216 2200/2200/2200 2198/2198/2198
f 2196/2196/2196 2212/2212/2212 2210/2210/2210
f 2210/2210/2210 2194/2194/2194 2196/2196/2196
f 2180/2180/2180 2196/2196/2196 2194/2194/2194
f 2194/2194/2194 2178/2178/2178 2180/2180/2180
f 2182/2182/2182 2198/2198/2198 2200/2200/2200
f 2200/2200/2200 2184/2184/2184 2182/2182/2182
f 2109/2109/2109 2182/2182/2182 2184/2184/2184
f 2184/2184/2184 2111/2111/2111 2109/2109/2109
f 2107/2107/2107 2180/2180/2180 2178/2178/2178
f 2178/2178/2178 2105/2105/2105 2107/2107/2107
f 2089/2089/2089 2107/2107/2107 2105/2105/2105
f 2105/2105/2105 2086/2086/2086 2089/2089/2089
f 2092/2092/2092 2109/2109/2109 2111/2111/2111
f 2111/2111/2111 2095/2095/2095 2092/2092/2092
f 1150/1150/1150 1136/1136/1136 1138/1138/1138
f 1138/1138/1138 1148/1148/1148 1150/1150/1150
f 1144/1144/1144 1138/1138/1138 1136/1136/1136
f 1136/1136/1136 1146/1146/1146 1144/1144/1144
f 1156/1156/1156 1144/1144/1144 1146/1146/1146
f 1146/1146/1146 1158/1158/1158 1156/1156/1156
f 1162/1162/1162 1150/1150/1150 1148/1148/1148
f 1148/1148/1148 1160/1160/1160 1162/1162/1162
f 1176/1176/1176 1162/1162/1162 1160/1160/1160
f 1160/1160/1160 1174/1174/1174 1176/1176/1176
f 1170/1170/1170 1156/1156/1156 1158/1158/1158
f 1158/1158/1158 1172/1172/1172 1170/1170/1170
f 1178/1178/1178 1170/1170/1170 1172/1172/1172
f 1172/1172/1172 1180/1180/1180 1178/1178/1178
f 1184/1184/1184 1176/1176/1176 1174/1174/1174
f 1174/1174/1174 1182/1182/1182 1184/1184/1184
f 1200/1200/1200 1184/1184/1184 1182/1182/1182
f 1182/1182/1182 1198/1198/1198 1200/1200/1200
f 1194/1194/1194 1178/1178/1178 1180/1180/1180
f 1180/1180/1180 1196/1196/1196 1194/1194/1194
f 1210/1210/1210 1194/1194/1194 1196/1196/1196
f 1196/1196/1196 1212/1212/1212 1210/1210/1210
f 1216/1216/1216 1200/1200/1200 1198/1198/1198
f 1198/1198/1198 1214/1214/1214 1216/1216/1216
f 1224/1224/1224 1216/1216/1216 1214/1214/1214
f 1214/1214/1214 1222/1222/1222 1224/1224/1224
f 1218/1218/1218 1210/1210/1210 1212/1212/1212
f 1212/1212/1212 1220/1220/1220 1218/1218/1218
f 1234/1234/1234 1218/1218/1218 1220/1220/1220
f 1220/1220/1220 1236/1236/1236 1234/1234/1234
f 1240/1240/1240 1224/1224/1224 1222/1222/1222
f 1222/1222/1222 1238/1238/1238 1240/1240/1240
f 1256/1256/1256 1240/1240/1240 1238/1238/1238
f 1238/1238/1238 1254/1254/1254 1256/1256/1256
f 1250/1250/1250 1234/1234/1234 1236/1236/1236
f 1236/1236/1236 1252/1252/1252 1250/1250/1250
f 1321/1321/1321 1250/1250/1250 1252/1252/1252
f 1252/1252/1252 1323/1323/1323 1321/1321/1321
f 1327/1327/1327 1256/1256/1256 1254/1254/1254
f 1254/1254/1254 1325/1325/1325 1327/1327/1327
f 1347/1347/1347 1327/1327/1327 1325/1325/1325
f 1325/1325/1325 1344/1344/1344 1347/1347/1347
f 1338/1338/1338 1321/1321/1321 1323/1323/1323
f 1323/1323/1323 1341/1341/1341 1338/1338/1338
f 1175/1175/1175 1183/1183/1183 1060/1060/1060
f 1060/1060/1060 1052/1052/1052 1175/1175/1175
f 1161/1161/1161 1175/1175/1175 1052/1052/1052
f 1052/1052/1052 1044/1044/1044 1161/1161/1161
f 1068/1068/1068 1060/1060/1060 1183/1183/1183
f 1183/1183/1183 1199/1199/1199 1068/1068/1068
f 1076/1076/1076 1068/1068/1068 1199/1199/1199
f 1199/1199/1199 1215/1215/1215 1076/1076/1076
f 1134/1134/1134 1076/1076/1076 1215/1215/1215
f 1215/1215/1215 1223/1223/1223 1134/1134/1134
f 1192/1192/1192 1134/1134/1134 1223/1223/1223
f 1223/1223/1223 1239/1239/1239 1192/1192/1192
f 1208/1208/1208 1192/1192/1192 1239/1239/1239
f 1239/1239/1239 1255/1255/1255 1208/1208/1208
f 1232/1232/1232 1208/1208/1208 1255/1255/1255
f 1255/1255/1255 1326/1326/1326 1232/1232/1232
f 1248/1248/1248 1232/1232/1232 1326/1326/1326
f 1326/1326/1326 1345/1345/1345 1248/1248/1248
f 1335/1335/1335 1248/1248/1248 1345/1345/1345
f 1345/1345/1345 1362/1362/1362 1335/1335/1335
f 1355/1355/1355 1335/1335/1335 1362/1362/1362
f 1362/1362/1362 1378/1378/1378 1355/1355/1355
f 1371/1371/1371 1355/1355/1355 1378/1378/1378
f 1378/1378/1378 1454/1454/1454 1371/1371/1371
f 1437/1437/1437 1371/1371/1371 1454/1454/1454
f 1454/1454/1454 1470/1470/1470 1437/1437/1437
f 1479/1479/1479 1437/1437/1437 1470/1470/1470
f 1470/1470/1470 1486/1486/1486 1479/1479/1479
f 1495/1495/1495 1479/1479/1479 1486/1486/1486
f 1486/1486/1486 1502/1502/1502 1495/1495/1495
f 1511/1511/1511 1495/1495/1495 1502/1502/1502
f 1502/1502/1502 1585/1585/1585 1511/1511/1511
f 1594/1594/1594 1511/1511/1511 1585/1585/1585
f 1585/1585/1585 1601/1601/1601 1594/1594/1594
f 1610/1610/1610 1594/1594/1594 1601/1601/1601
f 1601/1601/1601 1617/1617/1617 1610/1610/1610
f 1626/1626/1626 1610/1610/1610 1617/1617/1617
f 1617/1617/1617 1696/1696/1696 1626/1626/1626
f 1705/1705/1705 1626/1626/1626 1696/1696/1696
f 1696/1696/1696 1712/1712/1712 1705/1705/1705
f 1728/1728/1728 1705/1705/1705 1712/1712/1712
f 1712/1712/1712 1721/1721/1721 1728/1728/1728
f 1814/1814/1814 1728/1728/1728 1721/1721/1721
f 1721/1721/1721 1737/1737/1737 1814/1814/1814
f 1830/1830/1830 1814/1814/1814 1737/1737/1737
f 1737/1737/1737 1823/1823/1823 1830/1830/1830
f 1846/1846/1846 1830/1830/1830 1823/1823/1823
f 1823/1823/1823 1839/1839/1839 1846/1846/1846
f 1926/1926/1926 1846/1846/1846 1839/1839/1839
f 1839/1839/1839 1855/1855/1855 1926/1926/1926
f 1942/1942/1942 1926/1926/1926 1855/1855/1855
f 1855/1855/1855 1935/1935/1935 1942/1942/1942
f 1958/1958/1958 1942/1942/1942 1935/1935/1935
f 1935/1935/1935 1951/1951/1951 1958/1958/1958
f 2000/2000/2000 1958/1958/1958 1951/1951/1951
f 1951/1951/1951 1967/1967/1967 2000/2000/2000
f 2067/2067/2067 2000/2000/2000 1967/1967/1967
f 1967/1967/1967 1982/1982/1982 2067/2067/2067
f 2083/2083/2083 2067/2067/2067 1982/1982/1982
f 1982/1982/1982 2060/2060/2060 2083/2083/2083
f 2103/2103/2103 2083/2083/2083 2060/2060/2060
f 2060/2060/2060 2076/2076/2076 2103/2103/2103
f 2192/2192/2192 2103/2103/2103 2076/2076/2076
f 2076/2076/2076 2096/2096/2096 2192/2192/2192
f 2208/2208/2208 2192/2192/2192 2096/2096/2096
f 2096/2096/2096 2112/2112/2112 2208/2208/2208
f 2232/2232/2232 2208/2208/2208 2112/2112/2112
f 2112/2112/2112 2185/2185/2185 2232/2232/2232
f 2248/2248/2248 2232/2232/2232 2185/2185/2185
f 2185/2185/2185 2201/2201/2201 2248/2248/2248
f 2305/2305/2305 2248/2248/2248 2201/2201/2201
f 2201/2201/2201 2217/2217/2217 2305/2305/2305
f 2371/2371/2371 2305/2305/2305 2217/2217/2217
f 2217/2217/2217 2225/2225/2225 2371/2371/2371
f 2379/2379/2379 2371/2371/2371 2225/2225/2225
f 2225/2225/2225 2241/2241/2241 2379/2379/2379
f 2387/2387/2387 2379/2379/2379 2241/2241/2241
f 2241/2241/2241 2257/2257/2257 2387/2387/2387
f 2395/2395/2395 2387/2387/2387 2257/2257/2257
f 2257/2257/2257 2265/2265/2265 2395/2395/2395
f 2403/2403/2403 2395/2395/2395 2265/2265/2265
f 2265/2265/2265 2279/2279/2279 2403/2403/2403
f 2411/2411/2411 2403/2403/2403 2279/2279/2279
f 2279/2279/2279 2293/2293/2293 2411/2411/2411
f 2413/2413/2413 2411/2411/2411 2293/2293/2293
f 2293/2293/2293 2296/2296/2296 2413/2413/2413
f 2407/2407/2407 2413/2413/2413 2296/2296/2296
f 2296/2296/2296 2289/2289/2289 2407/2407/2407
f 2399/2399/2399 2407/2407/2407 2289/2289/2289
f 2289/2289/2289 2275/2275/2275 2399/2399/2399
f 2391/2391/2391 2399/2399/2399 2275/2275/2275
f 2275/2275/2275 2261/2261/2261 2391/2391/2391
f 2383/2383/2383 2391/2391/2391 2261/2261/2261
f 2261/2261/2261 2253/2253/2253 2383/2383/2383
f 2375/2375/2375 2383/2383/2383 2253/2253/2253
f 2253/2253/2253 2237/2237/2237 2375/2375/2375
f 2367/2367/2367 2375/2375/2375 2237/2237/2237
f 2237/2237/2237 2221/2221/2221 2367/2367/2367
f 2301/2301/2301 2367/2367/2367 2221/2221/2221
f 2221/2221/2221 2213/2213/2213 2301/2301/2301
f 2244/2244/2244 2301/2301/2301 2213/2213/2213
f 2213/2213/2213 2197/2197/2197 2244/2244/2244
f 2228/2228/2228 2244/2244/2244 2197/2197/2197
f 2197/2197/2197 2181/2181/2181 2228/2228/2228
f 2204/2204/2204 2228/2228/2228 2181/2181/2181
f 2181/2181/2181 2108/2108/2108 2204/2204/2204
f 2188/2188/2188 2204/2204/2204 2108/2108/2108
f 2108/2108/2108 2090/2090/2090 2188/2188/2188
f 2099/2099/2099 2188/2188/2188 2090/2090/2090
f 2090/2090/2090 2072/2072/2072 2099/2099/2099
f 2079/2079/2079 2099/2099/2099 2072/2072/2072
f 2072/2072/2072 2056/2056/2056 2079/2079/2079
f 2063/2063/2063 2079/2079/2079 2056/2056/2056
f 2056/2056/2056 1978/1978/1978 2063/2063/2063
f 1996/1996/1996 2063/2063/2063 1978/1978/1978
f 1978/1978/1978 1963/1963/1963 1996/1996/1996
f 1954/1954/1954 1996/1996/1996 1963/1963/1963
f 1963/1963/1963 1947/1947/1947 1954/1954/1954
f 1938/1938/1938 1954/1954/1954 1947/1947/1947
f 1947/1947/1947 1931/1931/1931 1938/1938/1938
f 1922/1922/1922 1938/1938/1938 1931/1931/1931
f 1931/1931/1931 1851/1851/1851 1922/1922/1922
f 1842/1842/1842 1922/1922/1922 1851/1851/1851
f 1851/1851/1851 1835/1835/1835 1842/1842/1842
f 1826/1826/1826 1842/1842/1842 1835/1835/1835
f 1835/1835/1835 1819/1819/1819 1826/1826/1826
f 1810/1810/1810 1826/1826/1826 1819/1819/1819
f 1819/1819/1819 1733/1733/1733 1810/1810/1810
f 1724/1724/1724 1810/1810/1810 1733/1733/1733
f 1733/1733/1733 1717/1717/1717 1724/1724/1724
f 1701/1701/1701 1724/1724/1724 1717/1717/1717
f 1717/1717/1717 1708/1708/1708 1701/1701/1701
f 1622/1622/1622 1701/1701/1701 1708/1708/1708
f 1708/1708/1708 1692/1692/1692 1622/1622/1622
f 1606/1606/1606 1622/1622/1622 1692/1692/1692
f 1692/1692/1692 1613/1613/1613 1606/1606/1606
f 1590/1590/1590 1606/1606/1606 1613/1613/1613
f 1613/1613/1613 1597/1597/1597 1590/1590/1590
f 1507/1507/1507 1590/1590/1590 1597/1597/1597
f 1597/1597/1597 1581/1581/1581 1507/1507/1507
f 1491/1491/1491 1507/1507/1507 1581/1581/1581
f 1581/1581/1581 1498/1498/1498 1491/1491/1491
f 1475/1475/1475 1491/1491/1491 1498/1498/1498
f 1498/1498/1498 1482/1482/1482 1475/1475/1475
f 1433/1433/1433 1475/1475/1475 1482/1482/1482
f 1482/1482/1482 1466/1466/1466 1433/1433/1433
f 1367/1367/1367 1433/1433/1433 1466/1466/1466
f 1466/1466/1466 1450/1450/1450 1367/1367/1367
f 1351/1351/1351 1367/1367/1367 1450/1450/1450
f 1450/1450/1450 1374/1374/1374 1351/1351/1351
f 1331/1331/1331 1351/1351/1351 1374/1374/1374
f 1374/1374/1374 1358/1358/1358 1331/1331/1331
f 1244/1244/1244 1331/1331/1331 1358/1358/1358
f 1358/1358/1358 1339/1339/1339 1244/1244/1244
f 1228/1228/1228 1244/1244/1244 1339/1339/1339
f 1339/1339/1339 1322/1322/1322 1228/1228/1228
f 1204/1204/1204 1228/1228/1228 1322/1322/1322
f 1322/1322/1322 1251/1251/1251 1204/1204/1204
f 1188/1188/1188 1204/1204/1204 1251/1251/1251
f 1251/1251/1251 1235/1235/1235 1188/1188/1188
f 1130/1130/1130 1188/1188/1188 1235/1235/1235
f 1235/1235/1235 1219/1219/1219 1130/1130/1130
f 1072/1072/1072 1130/1130/1130 1219/1219/1219
f 1219/1219/1219 1211/1211/1211 1072/1072/1072
f 1064/1064/1064 1072/1072/1072 1211/1211/1211
f 1211/1211/1211 1195/1195/1195 1064/1064/1064
f 1056/1056/1056 1064/1064/1064 1195/1195/1195
f 1195/1195/1195 1179/1179/1179 1056/1056/1056
f 1048/1048/1048 1056/1056/1056 1179/1179/1179
f 1179/1179/1179 1171/1171/1171 1048/1048/1048
f 1040/1040/1040 1048/1048/1048 1171/1171/1171
f 1171/1171/1171 1157/1157/1157 1040/1040/1040
f 1032/1032/1032 1040/1040/1040 1157/1157/1157
f 1157/1157/1157 1145/1145/1145 1032/1032/1032
f 1026/1026/1026 1032/1032/1032 1145/1145/1145
f 1145/1145/1145 1135/1135/1135 1026/1026/1026
f 1036/1036/1036 1026/1026/1026 1135/1135/1135
f 1135/1135/1135 1149/1149/1149 1036/1036/1036
f 1149/1149/1149 1161/1161/1161 1044/1044/1044
f 1044/1044/1044 1036/1036/1036 1149/1149/1149
f 2263/2263/2263 2255/2255/2255 2385/2385/2385
f 2385/2385/2385 2393/2393/2393 2263/2263/2263
f 2277/2277/2277 2263/2263/2263 2393/2393/2393
f 2393/2393/2393 2401/2401/2401 2277/2277/2277
f 2377/2377/2377 2385/2385/2385 2255/2255/2255
f 2255/2255/2255 2239/2239/2239 2377/2377/2377
f 2369/2369/2369 2377/2377/2377 2239/2239/2239
f 2239/2239/2239 2223/2223/2223 2369/2369/2369
f 2303/2303/2303 2369/2369/2369 2223/2223/2223
f 2223/2223/2223 2215/2215/2215 2303/2303/2303
f 2246/2246/2246 2303/2303/2303 2215/2215/2215
f 2215/2215/2215 2199/2199/2199 2246/2246/2246
f 2230/2230/2230 2246/2246/2246 2199/2199/2199
f 2199/2199/2199 2183/2183/2183 2230/2230/2230
f 2206/2206/2206 2230/2230/2230 2183/2183/2183
f 2183/2183/2183 2110/2110/2110 2206/2206/2206
f 2190/2190/2190 2206/2206/2206 2110/2110/2110
f 2110/2110/2110 2093/2093/2093 2190/2190/2190
f 2101/2101/2101 2190/2190/2190 2093/2093/2093
f 2093/2093/2093 2074/2074/2074 2101/2101/2101
f 2081/2081/2081 2101/2101/2101 2074/2074/2074
f 2074/2074/2074 2058/2058/2058 2081/2081/2081
f 2065/2065/2065 2081/2081/2081 2058/2058/2058
f 2058/2058/2058 1980/1980/1980 2065/2065/2065
f 1998/1998/1998 2065/2065/2065 1980/1980/1980
f 1980/1980/1980 1965/1965/1965 1998/1998/1998
f 1956/1956/1956 1998/1998/1998 1965/1965/1965
f 1965/1965/1965 1949/1949/1949 1956/1956/1956
f 1940/1940/1940 1956/1956/1956 1949/1949/1949
f 1949/1949/1949 1933/1933/1933 1940/1940/1940
f 1924/1924/1924 1940/1940/1940 1933/1933/1933
f 1933/1933/1933 1853/1853/1853 1924/1924/1924
f 1844/1844/1844 1924/1924/1924 1853/1853/1853
f 1853/1853/1853 1837/1837/1837 1844/1844/1844
f 1828/1828/1828 1844/1844/1844 1837/1837/1837
f 1837/1837/1837 1821/1821/1821 1828/1828/1828
f 1812/1812/1812 1828/1828/1828 1821/1821/1821
f 1821/1821/1821 1735/1735/1735 1812/1812/1812
f 1726/1726/1726 1812/1812/1812 1735/1735/1735
f 1735/1735/1735 1719/1719/1719 1726/1726/1726
f 1703/1703/1703 1726/1726/1726 1719/1719/1719
f 1719/1719/1719 1710/1710/1710 1703/1703/1703
f 1624/1624/1624 1703/1703/1703 1710/1710/1710
f 1710/1710/1710 1694/1694/1694 1624/1624/1624
f 1608/1608/1608 1624/1624/1624 1694/1694/1694
f 1694/1694/1694 1615/1615/1615 1608/1608/1608
f 1592/1592/1592 1608/1608/1608 1615/1615/1615
f 1615/1615/1615 1599/1599/1599 1592/1592/1592
f 1509/1509/1509 1592/1592/1592 1599/1599/1599
f 1599/1599/1599 1583/1583/1583 1509/1509/1509
f 1493/1493/1493 1509/1509/1509 1583/1583/1583
f 1583/1583/1583 1500/1500/1500 1493/1493/1493
f 1477/1477/1477 1493/1493/1493 1500/1500/1500
f 1500/1500/1500 1484/1484/1484 1477/1477/1477
f 1435/1435/1435 1477/1477/1477 1484/1484/1484
f 1484/1484/1484 1468/1468/1468 1435/1435/1435
f 1369/1369/1369 1435/1435/1435 1468/1468/1468
f 1468/1468/1468 1452/1452/1452 1369/1369/1369
f 1353/1353/1353 1369/1369/1369 1452/1452/1452
f 1452/1452/1452 1376/1376/1376 1353/1353/1353
f 1333/1333/1333 1353/1353/1353 1376/1376/1376
f 1376/1376/1376 1360/1360/1360 1333/1333/1333
f 1246/1246/1246 1333/1333/1333 1360/1360/1360
f 1360/1360/1360 1342/1342/1342 1246/1246/1246
f 1230/1230/1230 1246/1246/1246 1342/1342/1342
f 1342/1342/1342 1324/1324/1324 1230/1230/1230
f 1206/1206/1206 1230/1230/1230 1324/1324/1324
f 1324/1324/1324 1253/1253/1253 1206/1206/1206
f 1190/1190/1190 1206/1206/1206 1253/1253/1253
f 1253/1253/1253 1237/1237/1237 1190/1190/1190
f 1132/1132/1132 1190/1190/1190 1237/1237/1237
f 1237/1237/1237 1221/1221/1221 1132/1132/1132
f 1074/1074/1074 1132/1132/1132 1221/1221/1221
f 1221/1221/1221 1213/1213/1213 1074/1074/1074
f 1066/1066/1066 1074/1074/1074 1213/1213/1213
f 1213/1213/1213 1197/1197/1197 1066/1066/1066
f 1058/1058/1058 1066/1066/1066 1197/1197/1197
f 1197/1197/1197 1181/1181/1181 1058/1058/1058
f 1050/1050/1050 1058/1058/1058 1181/1181/1181
f 1181/1181/1181 1173/1173/1173 1050/1050/1050
f 1042/1042/1042 1050/1050/1050 1173/1173/1173
f 1173/1173/1173 1159/1159/1159 1042/1042/1042
f 1034/1034/1034 1042/1042/1042 1159/1159/1159
f 1159/1159/1159 1147/1147/1147 1034/1034/1034
f 1028/1028/1028 1034/1034/1034 1147/1147/1147
f 1147/1147/1147 1137/1137/1137 1028/1028/1028
f 1030/1030/1030 1028/1028/1028 1137/1137/1137
f 1137/1137/1137 1143/1143/1143 1030/1030/1030
f 1038/1038/1038 1030/1030/1030 1143/1143/1143
f 1143/1143/1143 1155/1155/1155 1038/1038/1038
f 1046/1046/1046 1038/1038/1038 1155/1155/1155
f 1155/1155/1155 1169/1169/1169 1046/1046/1046
f 1054/1054/1054 1046/1046/1046 1169/1169/1169
f 1169/1169/1169 1177/1177/1177 1054/1054/1054
f 1062/1062/1062 1054/1054/1054 1177/1177/1177
f 1177/1177/1177 1193/1193/1193 1062/1062/1062
f 1070/1070/1070 1062/1062/1062 1193/1193/1193
f 1193/1193/1193 1209/1209/1209 1070/1070/1070
f 1128/1128/1128 1070/1070/1070 1209/1209/1209
f 1209/1209/1209 1217/1217/1217 1128/1128/1128
f 1186/1186/1186 1128/1128/1128 1217/1217/1217
f 1217/1217/1217 1233/1233/1233 1186/1186/1186
f 1202/1202/1202 1186/1186/1186 1233/1233/1233
f 1233/1233/1233 1249/1249/1249 1202/1202/1202
f 1226/1226/1226 1202/1202/1202 1249/1249/1249
f 1249/1249/1249 1320/1320/1320 1226/1226/1226
f 1242/1242/1242 1226/1226/1226 1320/1320/1320
f 1320/1320/1320 1336/1336/1336 1242/1242/1242
f 1329/1329/1329 1242/1242/1242 1336/1336/1336
f 1336/1336/1336 1356/1356/1356 1329/1329/1329
f 1349/1349/1349 1329/1329/1329 1356/1356/1356
f 1356/1356/1356 1372/1372/1372 1349/1349/1349
f 1365/1365/1365 1349/1349/1349 1372/1372/1372
f 1372/1372/1372 1448/1448/1448 1365/1365/1365
f 1431/1431/1431 1365/1365/1365 1448/1448/1448
f 1448/1448/1448 1464/1464/1464 1431/1431/1431
f 1473/1473/1473 1431/1431/1431 1464/1464/1464
f 1464/1464/1464 1480/1480/1480 1473/1473/1473
f 1489/1489/1489 1473/1473/1473 1480/1480/1480
f 1480/1480/1480 1496/1496/1496 1489/1489/1489
f 1505/1505/1505 1489/1489/1489 1496/1496/1496
f 1496/1496/1496 1579/1579/1579 1505/1505/1505
f 1588/1588/1588 1505/1505/1505 1579/1579/1579
f 1579/1579/1579 1595/1595/1595 1588/1588/1588
f 1604/1604/1604 1588/1588/1588 1595/1595/1595
f 1595/1595/1595 1611/1611/1611 1604/1604/1604
f 1620/1620/1620 1604/1604/1604 1611/1611/1611
f 1611/1611/1611 1690/1690/1690 1620/1620/1620
f 1699/1699/1699 1620/1620/1620 1690/1690/1690
f 1690/1690/1690 1706/1706/1706 1699/1699/1699
f 1722/1722/1722 1699/1699/1699 1706/1706/1706
f 1706/1706/1706 1715/1715/1715 1722/1722/1722
f 1808/1808/1808 1722/1722/1722 1715/1715/1715
f 1715/1715/1715 1731/1731/1731 1808/1808/1808
f 1824/1824/1824 1808/1808/1808 1731/1731/1731
f 1731/1731/1731 1817/1817/1817 1824/1824/1824
f 1840/1840/1840 1824/1824/1824 1817/1817/1817
f 1817/1817/1817 1833/1833/1833 1840/1840/1840
f 1920/1920/1920 1840/1840/1840 1833/1833/1833
f 1833/1833/1833 1849/1849/1849 1920/1920/1920
f 1936/1936/1936 1920/1920/1920 1849/1849/1849
f 1849/1849/1849 1929/1929/1929 1936/1936/1936
f 1952/1952/1952 1936/1936/1936 1929/1929/1929
f 1929/1929/1929 1945/1945/1945 1952/1952/1952
f 1994/1994/1994 1952/1952/1952 1945/1945/1945
f 1945/1945/1945 1961/1961/1961 1994/1994/1994
f 2061/2061/2061 1994/1994/1994 1961/1961/1961
f 1961/1961/1961 1976/1976/1976 2061/2061/2061
f 2077/2077/2077 2061/2061/2061 1976/1976/1976
f 1976/1976/1976 2054/2054/2054 2077/2077/2077
f 2097/2097/2097 2077/2077/2077 2054/2054/2054
f 2054/2054/2054 2070/2070/2070 2097/2097/2097
f 2186/2186/2186 2097/2097/2097 2070/2070/2070
f 2070/2070/2070 2087/2087/2087 2186/2186/2186
f 2202/2202/2202 2186/2186/2186 2087/2087/2087
f 2087/2087/2087 2106/2106/2106 2202/2202/2202
f 2226/2226/2226 2202/2202/2202 2106/2106/2106
f 2106/2106/2106 2179/2179/2179 2226/2226/2226
f 2242/2242/2242 2226/2226/2226 2179/2179/2179
f 2179/2179/2179 2195/2195/2195 2242/2242/2242
f 2299/2299/2299 2242/2242/2242 2195/2195/2195
f 2195/2195/2195 2211/2211/2211 2299/2299/2299
f 2365/2365/2365 2299/2299/2299 2211/2211/2211
f 2211/2211/2211 2219/2219/2219 2365/2365/2365
f 2373/2373/2373 2365/2365/2365 2219/2219/2219
f 2219/2219/2219 2235/2235/2235 2373/2373/2373
f 2381/2381/2381 2373/2373/2373 2235/2235/2235
f 2235/2235/2235 2251/2251/2251 2381/2381/2381
f 2389/2389/2389 2381/2381/2381 2251/2251/2251
f 2251/2251/2251 2259/2259/2259 2389/2389/2389
f 2397/2397/2397 2389/2389/2389 2259/2259/2259
f 2259/2259/2259 2273/2273/2273 2397/2397/2397
f 2405/2405/2405 2397/2397/2397 2273/2273/2273
f 2273/2273/2273 2287/2287/2287 2405/2405/2405
f 2415/2415/2415 2405/2405/2405 2287/2287/2287
f 2287/2287/2287 2298/2298/2298 2415/2415/2415
f 2409/2409/2409 2415/2415/2415 2298/2298/2298
f 2298/2298/2298 2291/2291/2291 2409/2409/2409
f 2291/2291/2291 2277/2277/2277 2401/2401/2401
f 2401/2401/2401 2409/2409/2409 2291/2291/2291
f 556/556/556 546/546/546 623/623/623
f 614/614/614 623/623/623 546/546/546
f 546/546/546 556/556/556 491/491/491
f 491/491/491 488/488/488 546/546/546
f 499/499/499 491/491/491 556/556/556
f 623/623/623 630/630/630 556/556/556
f 561/561/561 556/556/556 630/630/630
f 556/556/556 561/561/561 499/499/499
f 491/491/491 499/499/499 435/435/435
f 505/505/505 499/499/499 561/561/561
f 561/561/561 566/566/566 505/505/505
f 566/566/566 561/561/561 630/630/630
f 630/630/630 635/635/635 566/566/566
f 499/499/499 505/505/505 442/442/442
f 442/442/442 435/435/435 499/499/499
f 447/447/447 442/442/442 505/505/505
f 635/635/635 630/630/630 688/688/688
f 509/509/509 505/505/505 566/566/566
f 566/566/566 571/571/571 509/509/509
f 571/571/571 566/566/566 635/635/635
f 505/505/505 509/509/509 447/447/447
f 635/635/635 637/637/637 571/571/571
f 637/637/637 635/635/635 688/688/688
f 688/688/688 693/693/693 637/637/637
f 452/452/452 447/447/447 509/509/509
f 637/637/637 639/639/639 571/571/571
f 639/639/639 637/637/637 693/693/693
f 447/447/447 452/452/452 395/395/395
f 512/512/512 509/509/509 571/571/571
f 571/571/571 572/572/572 512/512/512
f 572/572/572 571/571/571 639/639/639
f 454/454/454 452/452/452 509/509/509
f 509/509/509 512/512/512 454/454/454
f 452/452/452 454/454/454 395/395/395
f 395/395/395 393/393/393 447/447/447
f 442/442/442 447/447/447 393/393/393
f 399/399/399 395/395/395 454/454/454
f 639/639/639 644/644/644 572/572/572
f 644/644/644 639/639/639 693/693/693
f 693/693/693 697/697/697 644/644/644
f 458/458/458 454/454/454 512/512/512
f 454/454/454 458/458/458 399/399/399
f 697/697/697 693/693/693 768/768/768
f 518/518/518 512/512/512 572/572/572
f 512/512/512 518/518/518 458/458/458
f 768/768/768 770/770/770 697/697/697
f 572/572/572 578/578/578 518/518/518
f 578/578/578 572/572/572 644/644/644
f 697/697/697 701/701/701 644/644/644
f 701/701/701 697/697/697 770/770/770
f 766/766/766 768/768/768 693/693/693
f 644/644/644 645/645/645 578/578/578
f 645/645/645 644/644/644 701/701/701
f 770/770/770 768/768/768 829/829/829
f 829/829/829 833/833/833 770/770/770
f 770/770/770 775/775/775 701/701/701
f 775/775/775 770/770/770 833/833/833
f 405/405/405 399/399/399 458/458/458
f 701/701/701 704/704/704 645/645/645
f 704/704/704 701/701/701 775/775/775
f 463/463/463 458/458/458 518/518/518
f 458/458/458 463/463/463 405/405/405
f 399/399/399 405/405/405 344/344/344
f 348/348/348 344/344/344 405/405/405
f 833/833/833 836/836/836 775/775/775
f 522/522/522 518/518/518 578/578/578
f 518/518/518 522/522/522 463/463/463
f 649/649/649 645/645/645 704/704/704
f 645/645/645 649/649/649 583/583/583
f 583/583/583 578/578/578 645/645/645
f 578/578/578 583/583/583 522/522/522
f 344/344/344 348/348/348 317/317/317
f 317/317/317 304/304/304 344/344/344
f 836/836/836 833/833/833 892/892/892
f 892/892/892 897/897/897 836/836/836
f 704/704/704 707/707/707 649/649/649
f 707/707/707 704/704/704 775/775/775
f 304/304/304 317/317/317 267/267/267
f 267/267/267 255/255/255 304/304/304
f 897/897/897 892/892/892 958/958/958
f 255/255/255 267/267/267 215/215/215
f 215/215/215 209/209/209 255/255/255
f 952/952/952 958/958/958 892/892/892
f 958/958/958 952/952/952 1013/1013/1013
f 1013/1013/1013 1017/1017/1017 958/958/958
f 1017/1017/1017 1013/1013/1013 1151/1151/1151
f 1141/1141/1141 1151/1151/1151 1013/1013/1013
f 209/209/209 215/215/215 186/186/186
f 186/186/186 147/147/147 209/209/209
f 147/147/147 186/186/186 140/140/140
f 140/140/140 128/128/128 147/147/147
f 128/128/128 140/140/140 130/130/130
f 1151/1151/1151 1141/1141/1141 1308/1308/1308
f 1308/1308/1308 1312/1312/1312 1151/1151/1151
f 1312/1312/1312 1308/1308/1308 1456/1456/1456
f 1444/1444/1444 1456/1456/1456 1308/1308/1308
f 1456/1456/1456 1444/1444/1444 1565/1565/1565
f 1565/1565/1565 1571/1571/1571 1456/1456/1456
f 1571/1571/1571 1565/1565/1565 1678/1678/1678
f 1678/1678/1678 1680/1680/1680 1571/1571/1571
f 1680/1680/1680 1678/1678/1678 1753/1753/1753
f 130/130/130 116/116/116 128/128/128
f 116/116/116 130/130/130 139/139/139
f 139/139/139 119/119/119 116/116/116
f 119/119/119 139/139/139 173/173/173
f 173/173/173 146/146/146 119/119/119
f 146/146/146 173/173/173 214/214/214
f 214/214/214 194/194/194 146/146/146
f 194/194/194 214/214/214 249/249/249
f 890/890/890 892/892/892 833/833/833
f 833/833/833 829/829/829 890/890/890
f 892/892/892 890/890/890 952/952/952
f 1305/1305/1305 1308/1308/1308 1141/1141/1141
f 1308/1308/1308 1305/1305/1305 1444/1444/1444
f 1755/1755/1755 1753/1753/1753 1678/1678/1678
f 1753/1753/1753 1755/1755/1755 1873/1873/1873
f 287/287/287 304/304/304 255/255/255
f 255/255/255 244/244/244 287/287/287
f 244/244/244 255/255/255 209/209/209
f 209/209/209 190/190/190 244/244/244
f 190/190/190 209/209/209 147/147/147
f 304/304/304 287/287/287 339/339/339
f 339/339/339 344/344/344 304/304/304
f 344/344/344 339/339/339 399/399/399
f 395/395/395 399/399/399 339/339/339
f 111/111/111 128/128/128 116/116/116
f 128/128/128 111/111/111 137/137/137
f 137/137/137 147/147/147 128/128/128
f 147/147/147 137/137/137 190/190/190
f 1873/1873/1873 1869/1869/1869 1753/1753/1753
f 1869/1869/1869 1873/1873/1873 1987/1987/1987
f 1008/1008/1008 1013/1013/1013 952/952/952
f 1013/1013/1013 1008/1008/1008 1141/1141/1141
f 1126/1126/1126 1141/1141/1141 1008/1008/1008
f 1141/1141/1141 1126/1126/1126 1302/1302/1302
f 1302/1302/1302 1305/1305/1305 1141/1141/1141
f 1438/1438/1438 1444/1444/1444 1305/1305/1305
f 1305/1305/1305 1302/1302/1302 1438/1438/1438
f 116/116/116 101/101/101 111/111/111
f 101/101/101 116/116/116 119/119/119
f 1444/1444/1444 1438/1438/1438 1560/1560/1560
f 1560/1560/1560 1565/1565/1565 1444/1444/1444
f 1565/1565/1565 1560/1560/1560 1678/1678/1678
f 1672/1672/1672 1678/1678/1678 1560/1560/1560
f 1678/1678/1678 1672/1672/1672 1755/1755/1755
f 135/135/135 146/146/146 194/194/194
f 146/146/146 135/135/135 98/98/98
f 98/98/98 119/119/119 146/146/146
f 119/119/119 98/98/98 101/101/101
f 887/887/887 890/890/890 829/829/829
f 890/890/890 887/887/887 946/946/946
f 946/946/946 952/952/952 890/890/890
f 952/952/952 946/946/946 1008/1008/1008
f 2004/2004/2004 1987/1987/1987 1873/1873/1873
f 1987/1987/1987 2004/2004/2004 2129/2129/2129
f 1122/1122/1122 1126/1126/1126 1008/1008/1008
f 1126/1126/1126 1122/1122/1122 1300/1300/1300
f 1300/1300/1300 1302/1302/1302 1126/1126/1126
f 1302/1302/1302 1300/1300/1300 1438/1438/1438
f 1762/1762/1762 1755/1755/1755 1672/1672/1672
f 1755/1755/1755 1762/1762/1762 1874/1874/1874
f 1874/1874/1874 1873/1873/1873 1755/1755/1755
f 1873/1873/1873 1874/1874/1874 2004/2004/2004
f 194/194/194 169/169/169 135/135/135
f 169/169/169 194/194/194 249/249/249
f 287/287/287 285/285/285 339/339/339
f 285/285/285 287/287/287 244/244/244
f 74/74/74 101/101/101 98/98/98
f 101/101/101 74/74/74 75/75/75
f 75/75/75 111/111/111 101/101/101
f 2132/2132/2132 2129/2129/2129 2004/2004/2004
f 2129/2129/2129 2132/2132/2132 2311/2311/2311
f 768/768/768 766/766/766 829/829/829
f 823/823/823 829/829/829 766/766/766
f 244/244/244 218/218/218 285/285/285
f 218/218/218 244/244/244 190/190/190
f 829/829/829 823/823/823 881/881/881
f 881/881/881 887/887/887 829/829/829
f 887/887/887 881/881/881 946/946/946
f 190/190/190 152/152/152 218/218/218
f 1121/1121/1121 1122/1122/1122 1008/1008/1008
f 152/152/152 190/190/190 137/137/137
f 137/137/137 115/115/115 152/152/152
f 111/111/111 75/75/75 115/115/115
f 115/115/115 137/137/137 111/111/111
f 1297/1297/1297 1300/1300/1300 1122/1122/1122
f 1122/1122/1122 1121/1121/1121 1297/1297/1297
f 1300/1300/1300 1297/1297/1297 1428/1428/1428
f 1428/1428/1428 1438/1438/1438 1300/1300/1300
f 1438/1438/1438 1428/1428/1428 1559/1559/1559
f 1559/1559/1559 1560/1560/1560 1438/1438/1438
f 98/98/98 81/81/81 74/74/74
f 81/81/81 98/98/98 135/135/135
f 135/135/135 113/113/113 81/81/81
f 113/113/113 135/135/135 169/169/169
f 1560/1560/1560 1559/1559/1559 1668/1668/1668
f 1668/1668/1668 1672/1672/1672 1560/1560/1560
f 1672/1672/1672 1668/1668/1668 1762/1762/1762
f 2315/2315/2315 2311/2311/2311 2132/2132/2132
f 2311/2311/2311 2315/2315/2315 2439/2439/2439
f 339/339/339 337/337/337 395/395/395
f 337/337/337 339/339/339 285/285/285
f 393/393/393 395/395/395 337/337/337
f 1004/1004/1004 1008/1008/1008 946/946/946
f 1008/1008/1008 1004/1004/1004 1121/1121/1121
f 1879/1879/1879 1874/1874/1874 1762/1762/1762
f 1874/1874/1874 1879/1879/1879 2008/2008/2008
f 2008/2008/2008 2004/2004/2004 1874/1874/1874
f 2439/2439/2439 2434/2434/2434 2311/2311/2311
f 2434/2434/2434 2439/2439/2439 2502/2502/2502
f 762/762/762 766/766/766 693/693/693
f 693/693/693 688/688/688 762/762/762
f 766/766/766 762/762/762 823/823/823
f 285/285/285 275/275/275 337/337/337
f 275/275/275 285/285/285 218/218/218
f 1296/1296/1296 1297/1297/1297 1121/1121/1121
f 1425/1425/1425 1428/1428/1428 1297/1297/1297
f 1297/1297/1297 1296/1296/1296 1425/1425/1425
f 1428/1428/1428 1425/1425/1425 1559/1559/1559
f 1765/1765/1765 1762/1762/1762 1668/1668/1668
f 1762/1762/1762 1765/1765/1765 1879/1879/1879
f 2136/2136/2136 2132/2132/2132 2004/2004/2004
f 2004/2004/2004 2008/2008/2008 2136/2136/2136
f 2316/2316/2316 2315/2315/2315 2132/2132/2132
f 2132/2132/2132 2136/2136/2136 2316/2316/2316
f 2315/2315/2315 2316/2316/2316 2439/2439/2439
f 942/942/942 946/946/946 881/881/881
f 946/946/946 942/942/942 1004/1004/1004
f 1554/1554/1554 1559/1559/1559 1425/1425/1425
f 1559/1559/1559 1554/1554/1554 1665/1665/1665
f 1665/1665/1665 1668/1668/1668 1559/1559/1559
f 69/69/69 81/81/81 113/113/113
f 169/169/169 148/148/148 113/113/113
f 81/81/81 69/69/69 52/52/52
f 52/52/52 74/74/74 81/81/81
f 148/148/148 169/169/169 217/217/217
f 821/821/821 823/823/823 762/762/762
f 823/823/823 821/821/821 881/881/881
f 1001/1001/1001 1004/1004/1004 942/942/942
f 1115/1115/1115 1121/1121/1121 1004/1004/1004
f 1004/1004/1004 1001/1001/1001 1115/1115/1115
f 1423/1423/1423 1425/1425/1425 1296/1296/1296
f 1425/1425/1425 1423/1423/1423 1554/1554/1554
f 1121/1121/1121 1115/1115/1115 1286/1286/1286
f 1286/1286/1286 1296/1296/1296 1121/1121/1121
f 1296/1296/1296 1286/1286/1286 1423/1423/1423
f 1421/1421/1421 1423/1423/1423 1286/1286/1286
f 1768/1768/1768 1765/1765/1765 1668/1668/1668
f 1668/1668/1668 1665/1665/1665 1768/1768/1768
f 1765/1765/1765 1768/1768/1768 1882/1882/1882
f 1882/1882/1882 1879/1879/1879 1765/1765/1765
f 1879/1879/1879 1882/1882/1882 2008/2008/2008
f 149/149/149 152/152/152 115/115/115
f 115/115/115 104/104/104 149/149/149
f 104/104/104 115/115/115 75/75/75
f 2138/2138/2138 2136/2136/2136 2008/2008/2008
f 2136/2136/2136 2138/2138/2138 2320/2320/2320
f 2320/2320/2320 2316/2316/2316 2136/2136/2136
f 2441/2441/2441 2439/2439/2439 2316/2316/2316
f 2316/2316/2316 2320/2320/2320 2441/2441/2441
f 2509/2509/2509 2502/2502/2502 2439/2439/2439
f 2439/2439/2439 2441/2441/2441 2509/2509/2509
f 152/152/152 149/149/149 210/210/210
f 210/210/210 218/218/218 152/152/152
f 74/74/74 52/52/52 62/62/62
f 62/62/62 75/75/75 74/74/74
f 75/75/75 62/62/62 104/104/104
f 389/389/389 393/393/393 337/337/337
f 393/393/393 389/389/389 442/442/442
f 218/218/218 210/210/210 275/275/275
f 271/271/271 275/275/275 210/210/210
f 275/275/275 271/271/271 323/323/323
f 323/323/323 337/337/337 275/275/275
f 337/337/337 323/323/323 389/389/389
f 113/113/113 90/90/90 69/69/69
f 90/90/90 113/113/113 148/148/148
f 821/821/821 817/817/817 881/881/881
f 817/817/817 821/821/821 762/762/762
f 939/939/939 942/942/942 881/881/881
f 999/999/999 1001/1001/1001 942/942/942
f 942/942/942 939/939/939 999/999/999
f 1001/1001/1001 999/999/999 1115/1115/1115
f 1549/1549/1549 1554/1554/1554 1423/1423/1423
f 1423/1423/1423 1421/1421/1421 1549/1549/1549
f 1554/1554/1554 1549/1549/1549 1665/1665/1665
f 1771/1771/1771 1768/1768/1768 1665/1665/1665
f 1885/1885/1885 1882/1882/1882 1768/1768/1768
f 1768/1768/1768 1771/1771/1771 1885/1885/1885
f 1882/1882/1882 1885/1885/1885 2012/2012/2012
f 2012/2012/2012 2008/2008/2008 1882/1882/1882
f 2008/2008/2008 2012/2012/2012 2144/2144/2144
f 2144/2144/2144 2138/2138/2138 2008/2008/2008
f 2324/2324/2324 2320/2320/2320 2138/2138/2138
f 2138/2138/2138 2144/2144/2144 2324/2324/2324
f 2320/2320/2320 2324/2324/2324 2441/2441/2441
f 217/217/217 196/196/196 148/148/148
f 196/196/196 217/217/217 273/273/273
f 435/435/435 442/442/442 389/389/389
f 753/753/753 762/762/762 688/688/688
f 2449/2449/2449 2441/2441/2441 2324/2324/2324
f 762/762/762 753/753/753 815/815/815
f 815/815/815 817/817/817 762/762/762
f 2441/2441/2441 2449/2449/2449 2512/2512/2512
f 2512/2512/2512 2509/2509/2509 2441/2441/2441
f 149/149/149 133/133/133 210/210/210
f 133/133/133 149/149/149 104/104/104
f 104/104/104 76/76/76 133/133/133
f 76/76/76 104/104/104 62/62/62
f 148/148/148 131/131/131 90/90/90
f 131/131/131 148/148/148 196/196/196
f 2324/2324/2324 2329/2329/2329 2449/2449/2449
f 2329/2329/2329 2324/2324/2324 2144/2144/2144
f 2144/2144/2144 2147/2147/2147 2329/2329/2329
f 2147/2147/2147 2144/2144/2144 2012/2012/2012
f 2012/2012/2012 2017/2017/2017 2147/2147/2147
f 2017/2017/2017 2012/2012/2012 1885/1885/1885
f 1885/1885/1885 1888/1888/1888 2017/2017/2017
f 1888/1888/1888 1885/1885/1885 1771/1771/1771
f 2509/2509/2509 2512/2512/2512 2584/2584/2584
f 1665/1665/1665 1658/1658/1658 1771/1771/1771
f 1658/1658/1658 1665/1665/1665 1549/1549/1549
f 1421/1421/1421 1417/1417/1417 1549/1549/1549
f 1417/1417/1417 1421/1421/1421 1286/1286/1286
f 1115/1115/1115 1109/1109/1109 1286/1286/1286
f 1109/1109/1109 1115/1115/1115 999/999/999
f 939/939/939 936/936/936 999/999/999
f 870/870/870 881/881/881 817/817/817
f 881/881/881 870/870/870 936/936/936
f 936/936/936 939/939/939 881/881/881
f 817/817/817 815/815/815 870/870/870
f 45/45/45 69/69/69 90/90/90
f 69/69/69 45/45/45 42/42/42
f 42/42/42 52/52/52 69/69/69
f 273/273/273 258/258/258 196/196/196
f 999/999/999 995/995/995 1109/1109/1109
f 995/995/995 999/999/999 936/936/936
f 688/688/688 681/681/681 753/753/753
f 681/681/681 688/688/688 630/630/630
f 382/382/382 389/389/389 323/323/323
f 389/389/389 382/382/382 435/435/435
f 936/936/936 932/932/932 995/995/995
f 932/932/932 936/936/936 870/870/870
f 680/680/680 681/681/681 630/630/630
f 630/630/630 623/623/623 674/674/674
f 674/674/674 680/680/680 630/630/630
f 681/681/681 680/680/680 744/744/744
f 744/744/744 753/753/753 681/681/681
f 680/680/680 674/674/674 744/744/744
f 2269/2269/2269 1925/1925/1925 1845/1845/1845
f 1925/1925/1925 2269/2269/2269 2420/2420/2420
f 2420/2420/2420 1941/1941/1941 1925/1925/1925
f 588/588/588 1229/1229/1229 1205/1205/1205
f 1205/1205/1205 529/529/529 588/588/588
f 529/529/529 1205/1205/1205 1189/1189/1189
f 1189/1189/1189 470/470/470 529/529/529
f 470/470/470 1189/1189/1189 1131/1131/1131
f 1131/1131/1131 420/420/420 470/470/470
f 420/420/420 1131/1131/1131 1073/1073/1073
f 1073/1073/1073 376/376/376 420/420/420
f 376/376/376 1073/1073/1073 1065/1065/1065
f 1065/1065/1065 331/331/331 376/376/376
f 331/331/331 1065/1065/1065 1057/1057/1057
f 1057/1057/1057 281/281/281 331/331/331
f 281/281/281 1057/1057/1057 1049/1049/1049
f 1049/1049/1049 238/238/238 281/281/281
f 238/238/238 1049/1049/1049 1041/1041/1041
f 1041/1041/1041 206/206/206 238/238/238
f 206/206/206 1041/1041/1041 1033/1033/1033
f 1033/1033/1033 180/180/180 206/206/206
f 180/180/180 1033/1033/1033 1027/1027/1027
f 1027/1027/1027 166/166/166 180/180/180
f 166/166/166 1027/1027/1027 1029/1029/1029
f 1029/1029/1029 177/177/177 166/166/166
f 177/177/177 1029/1029/1029 1037/1037/1037
f 1037/1037/1037 203/203/203 177/177/177
f 203/203/203 1037/1037/1037 1045/1045/1045
f 1045/1045/1045 235/235/235 203/203/203
f 235/235/235 1045/1045/1045 1053/1053/1053
f 1053/1053/1053 278/278/278 235/235/235
f 278/278/278 1053/1053/1053 1061/1061/1061
f 1061/1061/1061 328/328/328 278/278/278
f 328/328/328 1061/1061/1061 1069/1069/1069
f 1069/1069/1069 373/373/373 328/328/328
f 373/373/373 1069/1069/1069 1127/1127/1127
f 1127/1127/1127 417/417/417 373/373/373
f 417/417/417 1127/1127/1127 1185/1185/1185
f 1185/1185/1185 467/467/467 417/417/417
f 467/467/467 1185/1185/1185 1201/1201/1201
f 1201/1201/1201 526/526/526 467/467/467
f 526/526/526 1201/1201/1201 1225/1225/1225
f 1225/1225/1225 585/585/585 526/526/526
f 585/585/585 1225/1225/1225 1241/1241/1241
f 1241/1241/1241 651/651/651 585/585/585
f 651/651/651 1241/1241/1241 1328/1328/1328
f 1328/1328/1328 710/710/710 651/651/651
f 710/710/710 1328/1328/1328 1348/1348/1348
f 1348/1348/1348 780/780/780 710/710/710
f 780/780/780 1348/1348/1348 1364/1364/1364
f 1364/1364/1364 839/839/839 780/780/780
f 839/839/839 1364/1364/1364 1430/1430/1430
f 1430/1430/1430 899/899/899 839/839/839
f 899/899/899 1430/1430/1430 1472/1472/1472
f 1472/1472/1472 960/960/960 899/899/899
f 960/960/960 1472/1472/1472 1488/1488/1488
f 1488/1488/1488 1020/1020/1020 960/960/960
f 1020/1020/1020 1488/1488/1488 1504/1504/1504
f 1504/1504/1504 1164/1164/1164 1020/1020/1020
f 1164/1164/1164 1504/1504/1504 1587/1587/1587
f 1587/1587/1587 1315/1315/1315 1164/1164/1164
f 1315/1315/1315 1587/1587/1587 1603/1603/1603
f 1603/1603/1603 1459/1459/1459 1315/1315/1315
f 1459/1459/1459 1603/1603/1603 1619/1619/1619
f 1619/1619/1619 1574/1574/1574 1459/1459/1459
f 1574/1574/1574 1619/1619/1619 1698/1698/1698
f 1698/1698/1698 1685/1685/1685 1574/1574/1574
f 1685/1685/1685 1698/1698/1698 1723/1723/1723
f 1723/1723/1723 1739/1739/1739 1685/1685/1685
f 1739/1739/1739 1723/1723/1723 1809/1809/1809
f 1809/1809/1809 1856/1856/1856 1739/1739/1739
f 1856/1856/1856 1809/1809/1809 1825/1825/1825
f 1825/1825/1825 1968/1968/1968 1856/1856/1856
f 1968/1968/1968 1825/1825/1825 1841/1841/1841
f 1841/1841/1841 2113/2113/2113 1968/1968/1968
f 2113/2113/2113 1841/1841/1841 1921/1921/1921
f 1921/1921/1921 2266/2266/2266 2113/2113/2113
f 2266/2266/2266 1921/1921/1921 1937/1937/1937
f 1937/1937/1937 2417/2417/2417 2266/2266/2266
f 2417/2417/2417 1937/1937/1937 1953/1953/1953
f 1953/1953/1953 2483/2483/2483 2417/2417/2417
f 2483/2483/2483 1953/1953/1953 1995/1995/1995
f 1995/1995/1995 2551/2551/2551 2483/2483/2483
f 2551/2551/2551 1995/1995/1995 2062/2062/2062
f 2062/2062/2062 2621/2621/2621 2551/2551/2551
f 2621/2621/2621 2062/2062/2062 2078/2078/2078
f 2078/2078/2078 2696/2696/2696 2621/2621/2621
f 2696/2696/2696 2078/2078/2078 2098/2098/2098
f 2098/2098/2098 2772/2772/2772 2696/2696/2696
f 2772/2772/2772 2098/2098/2098 2187/2187/2187
f 2187/2187/2187 2841/2841/2841 2772/2772/2772
f 2841/2841/2841 2187/2187/2187 2203/2203/2203
f 2203/2203/2203 2932/2932/2932 2841/2841/2841
f 2932/2932/2932 2203/2203/2203 2227/2227/2227
f 2227/2227/2227 3037/3037/3037 2932/2932/2932
f 3037/3037/3037 2227/2227/2227 2243/2243/2243
f 2243/2243/2243 3109/3109/3109 3037/3037/3037
f 3109/3109/3109 2243/2243/2243 2300/2300/2300
f 2300/2300/2300 3167/3167/3167 3109/3109/3109
f 3167/3167/3167 2300/2300/2300 2366/2366/2366
f 2366/2366/2366 3224/3224/3224 3167/3167/3167
f 3224/3224/3224 2366/2366/2366 2374/2374/2374
f 2374/2374/2374 3277/3277/3277 3224/3224/3224
f 3277/3277/3277 2374/2374/2374 2382/2382/2382
f 2382/2382/2382 3346/3346/3346 3277/3277/3277
f 3346/3346/3346 2382/2382/2382 2390/2390/2390
f 2390/2390/2390 3404/3404/3404 3346/3346/3346
f 3404/3404/3404 2390/2390/2390 2398/2398/2398
f 2398/2398/2398 3440/3440/3440 3404/3404/3404
f 3440/3440/3440 2398/2398/2398 2406/2406/2406
f 2406/2406/2406 3472/3472/3472 3440/3440/3440
f 3472/3472/3472 2406/2406/2406 2416/2416/2416
f 2416/2416/2416 3492/3492/3492 3472/3472/3472
f 3492/3492/3492 2416/2416/2416 2410/2410/2410
f 2410/2410/2410 3475/3475/3475 3492/3492/3492
f 3475/3475/3475 2410/2410/2410 2402/2402/2402
f 2402/2402/2402 3443/3443/3443 3475/3475/3475
f 3443/3443/3443 2402/2402/2402 2394/2394/2394
f 2394/2394/2394 3407/3407/3407 3443/3443/3443
f 3407/3407/3407 2394/2394/2394 2386/2386/2386
f 2386/2386/2386 3349/3349/3349 3407/3407/3407
f 3349/3349/3349 2386/2386/2386 2378/2378/2378
f 2378/2378/2378 3280/3280/3280 3349/3349/3349
f 3280/3280/3280 2378/2378/2378 2370/2370/2370
f 2370/2370/2370 3227/3227/3227 3280/3280/3280
f 3227/3227/3227 2370/2370/2370 2304/2304/2304
f 2304/2304/2304 3170/3170/3170 3227/3227/3227
f 3170/3170/3170 2304/2304/2304 2247/2247/2247
f 2247/2247/2247 3112/3112/3112 3170/3170/3170
f 3112/3112/3112 2247/2247/2247 2231/2231/2231
f 2231/2231/2231 3040/3040/3040 3112/3112/3112
f 3040/3040/3040 2231/2231/2231 2207/2207/2207
f 2207/2207/2207 2935/2935/2935 3040/3040/3040
f 2935/2935/2935 2207/2207/2207 2191/2191/2191
f 2191/2191/2191 2844/2844/2844 2935/2935/2935
f 2844/2844/2844 2191/2191/2191 2102/2102/2102
f 2102/2102/2102 2775/2775/2775 2844/2844/2844
f 2775/2775/2775 2102/2102/2102 2082/2082/2082
f 2082/2082/2082 2699/2699/2699 2775/2775/2775
f 2699/2699/2699 2082/2082/2082 2066/2066/2066
f 2066/2066/2066 2624/2624/2624 2699/2699/2699
f 2624/2624/2624 2066/2066/2066 1999/1999/1999
f 1999/1999/1999 2554/2554/2554 2624/2624/2624
f 2554/2554/2554 1999/1999/1999 1957/1957/1957
f 1957/1957/1957 2486/2486/2486 2554/2554/2554
f 2420/2420/2420 2486/2486/2486 1957/1957/1957
f 1957/1957/1957 1941/1941/1941 2420/2420/2420
f 1229/1229/1229 588/588/588 654/654/654
f 654/654/654 1245/1245/1245 1229/1229/1229
f 1245/1245/1245 654/654/654 713/713/713
f 713/713/713 1332/1332/1332 1245/1245/1245
f 1332/1332/1332 713/713/713 783/783/783
f 783/783/783 1352/1352/1352 1332/1332/1332
f 1352/1352/1352 783/783/783 842/842/842
f 842/842/842 1368/1368/1368 1352/1352/1352
f 1368/1368/1368 842/842/842 902/902/902
f 902/902/902 1434/1434/1434 1368/1368/1368
f 1434/1434/1434 902/902/902 963/963/963
f 963/963/963 1476/1476/1476 1434/1434/1434
f 1476/1476/1476 963/963/963 1023/1023/1023
f 1023/1023/1023 1492/1492/1492 1476/1476/1476
f 1492/1492/1492 1023/1023/1023 1167/1167/1167
f 1167/1167/1167 1508/1508/1508 1492/1492/1492
f 1508/1508/1508 1167/1167/1167 1318/1318/1318
f 1318/1318/1318 1591/1591/1591 1508/1508/1508
f 1591/1591/1591 1318/1318/1318 1462/1462/1462
f 1462/1462/1462 1607/1607/1607 1591/1591/1591
f 1607/1607/1607 1462/1462/1462 1577/1577/1577
f 1577/1577/1577 1623/1623/1623 1607/1607/1607
f 1623/1623/1623 1577/1577/1577 1688/1688/1688
f 1688/1688/1688 1702/1702/1702 1623/1623/1623
f 1702/1702/1702 1688/1688/1688 1741/1741/1741
f 1741/1741/1741 1727/1727/1727 1702/1702/1702
f 1727/1727/1727 1741/1741/1741 1859/1859/1859
f 1859/1859/1859 1813/1813/1813 1727/1727/1727
f 1813/1813/1813 1859/1859/1859 1971/1971/1971
f 1971/1971/1971 1829/1829/1829 1813/1813/1813
f 1829/1829/1829 1971/1971/1971 2116/2116/2116
f 2116/2116/2116 1845/1845/1845 1829/1829/1829
f 1845/1845/1845 2116/2116/2116 2269/2269/2269
f 3183/3183/3183 3168/3168/3168 3225/3225/3225
f 3168/3168/3168 3183/3183/3183 3110/3110/3110
f 3441/3441/3441 3456/3456/3456 3405/3405/3405
f 3456/3456/3456 3441/3441/3441 3473/3473/3473
f 2847/2847/2847 2845/2845/2845 2776/2776/2776
f 2845/2845/2845 2847/2847/2847 2936/2936/2936
f 3184/3184/3184 3171/3171/3171 3113/3113/3113
f 3171/3171/3171 3184/3184/3184 3228/3228/3228
f 2703/2703/2703 2700/2700/2700 2625/2625/2625
f 2700/2700/2700 2703/2703/2703 2776/2776/2776
f 3495/3495/3495 3476/3476/3476 3444/3444/3444
f 2280/2280/2280 2270/2270/2270 2117/2117/2117
f 2270/2270/2270 2280/2280/2280 2424/2424/2424
f 2424/2424/2424 2421/2421/2421 2270/2270/2270
f 2421/2421/2421 2424/2424/2424 2487/2487/2487
f 1745/1745/1745 1742/1742/1742 1687/1687/1687
f 1022/1022/1022 1017/1017/1017 1166/1166/1166
f 1017/1017/1017 1022/1022/1022 962/962/962
f 901/901/901 897/897/897 962/962/962
f 897/897/897 901/901/901 841/841/841
f 707/707/707 712/712/712 653/653/653
f 712/712/712 707/707/707 782/782/782
f 583/583/583 587/587/587 528/528/528
f 587/587/587 583/583/583 653/653/653
f 2622/2622/2622 2627/2627/2627 2552/2552/2552
f 2627/2627/2627 2622/2622/2622 2697/2697/2697
f 777/777/777 779/779/779 838/838/838
f 779/779/779 777/777/777 709/709/709
f 1742/1742/1742 1745/1745/1745 1863/1863/1863
f 1863/1863/1863 1860/1860/1860 1742/1742/1742
f 1860/1860/1860 1863/1863/1863 1972/1972/1972
f 3476/3476/3476 3495/3495/3495 3528/3528/3528
f 3528/3528/3528 3493/3493/3493 3476/3476/3476
f 3493/3493/3493 3528/3528/3528 3518/3518/3518
f 3518/3518/3518 3473/3473/3473 3493/3493/3493
f 3473/3473/3473 3518/3518/3518 3456/3456/3456
f 3113/3113/3113 3118/3118/3118 3184/3184/3184
f 3118/3118/3118 3113/3113/3113 3041/3041/3041
f 3041/3041/3041 3046/3046/3046 3118/3118/3118
f 3046/3046/3046 3041/3041/3041 2936/2936/2936
f 2936/2936/2936 2940/2940/2940 3046/3046/3046
f 2940/2940/2940 2936/2936/2936 2847/2847/2847
f 3444/3444/3444 3465/3465/3465 3495/3495/3495
f 3465/3465/3465 3444/3444/3444 3408/3408/3408
f 3408/3408/3408 3426/3426/3426 3465/3465/3465
f 3426/3426/3426 3408/3408/3408 3350/3350/3350
f 3350/3350/3350 3360/3360/3360 3426/3426/3426
f 3360/3360/3360 3350/3350/3350 3281/3281/3281
f 2117/2117/2117 2121/2121/2121 2280/2280/2280
f 2121/2121/2121 2117/2117/2117 1972/1972/1972
f 3225/3225/3225 3244/3244/3244 3183/3183/3183
f 3244/3244/3244 3225/3225/3225 3278/3278/3278
f 3116/3116/3116 3110/3110/3110 3183/3183/3183
f 3110/3110/3110 3116/3116/3116 3045/3045/3045
f 3045/3045/3045 3038/3038/3038 3110/3110/3110
f 2697/2697/2697 2705/2705/2705 2627/2627/2627
f 2705/2705/2705 2697/2697/2697 2773/2773/2773
f 2773/2773/2773 2780/2780/2780 2705/2705/2705
f 2780/2780/2780 2773/2773/2773 2842/2842/2842
f 2939/2939/2939 2933/2933/2933 3038/3038/3038
f 3038/3038/3038 3045/3045/3045 2939/2939/2939
f 2559/2559/2559 2555/2555/2555 2487/2487/2487
f 962/962/962 958/958/958 1017/1017/1017
f 958/958/958 962/962/962 897/897/897
f 653/653/653 649/649/649 707/707/707
f 649/649/649 653/653/653 583/583/583
f 528/528/528 522/522/522 583/583/583
f 522/522/522 528/528/528 469/469/469
f 2425/2425/2425 2418/2418/2418 2484/2484/2484
f 1312/1312/1312 1317/1317/1317 1166/1166/1166
f 1317/1317/1317 1312/1312/1312 1456/1456/1456
f 1456/1456/1456 1461/1461/1461 1317/1317/1317
f 1461/1461/1461 1456/1456/1456 1571/1571/1571
f 1571/1571/1571 1576/1576/1576 1461/1461/1461
f 2281/2281/2281 2267/2267/2267 2418/2418/2418
f 2418/2418/2418 2425/2425/2425 2281/2281/2281
f 2267/2267/2267 2281/2281/2281 2119/2119/2119
f 2119/2119/2119 2114/2114/2114 2267/2267/2267
f 1152/1152/1152 1163/1163/1163 1314/1314/1314
f 1163/1163/1163 1152/1152/1152 1016/1016/1016
f 1016/1016/1016 1019/1019/1019 1163/1163/1163
f 894/894/894 898/898/898 959/959/959
f 521/521/521 525/525/525 584/584/584
f 525/525/525 521/521/521 464/464/464
f 464/464/464 466/466/466 525/525/525
f 316/316/316 327/327/327 372/372/372
f 327/327/327 316/316/316 265/265/265
f 265/265/265 277/277/277 327/327/327
f 267/267/267 280/280/280 237/237/237
f 317/317/317 330/330/330 280/280/280
f 280/280/280 267/267/267 317/317/317
f 186/186/186 205/205/205 179/179/179
f 2555/2555/2555 2559/2559/2559 2632/2632/2632
f 2632/2632/2632 2625/2625/2625 2555/2555/2555
f 2625/2625/2625 2632/2632/2632 2703/2703/2703
f 1576/1576/1576 1571/1571/1571 1680/1680/1680
f 1680/1680/1680 1687/1687/1687 1576/1576/1576
f 1687/1687/1687 1680/1680/1680 1745/1745/1745
f 2933/2933/2933 2939/2939/2939 2850/2850/2850
f 2850/2850/2850 2842/2842/2842 2933/2933/2933
f 2842/2842/2842 2850/2850/2850 2780/2780/2780
f 2114/2114/2114 2119/2119/2119 1983/1983/1983
f 1983/1983/1983 1969/1969/1969 2114/2114/2114
f 1019/1019/1019 1016/1016/1016 955/955/955
f 955/955/955 959/959/959 1019/1019/1019
f 959/959/959 955/955/955 894/894/894
f 898/898/898 894/894/894 834/834/834
f 834/834/834 838/838/838 898/898/898
f 838/838/838 834/834/834 777/777/777
f 466/466/466 464/464/464 404/404/404
f 404/404/404 416/416/416 466/466/466
f 277/277/277 265/265/265 214/214/214
f 214/214/214 234/234/234 277/277/277
f 205/205/205 186/186/186 215/215/215
f 215/215/215 237/237/237 205/205/205
f 237/237/237 215/215/215 267/267/267
f 330/330/330 317/317/317 348/348/348
f 348/348/348 375/375/375 330/330/330
f 346/346/346 372/372/372 416/416/416
f 416/416/416 404/404/404 346/346/346
f 372/372/372 346/346/346 316/316/316
f 234/234/234 214/214/214 173/173/173
f 173/173/173 202/202/202 234/234/234
f 202/202/202 173/173/173 139/139/139
f 139/139/139 176/176/176 202/202/202
f 130/130/130 165/165/165 176/176/176
f 176/176/176 139/139/139 130/130/130
f 375/375/375 348/348/348 405/405/405
f 405/405/405 419/419/419 375/375/375
f 419/419/419 405/405/405 463/463/463
f 463/463/463 469/469/469 419/419/419
f 469/469/469 463/463/463 522/522/522
f 179/179/179 140/140/140 186/186/186
f 140/140/140 179/179/179 165/165/165
f 165/165/165 130/130/130 140/140/140
f 584/584/584 580/580/580 521/521/521
f 580/580/580 584/584/584 650/650/650
f 650/650/650 646/646/646 580/580/580
f 646/646/646 650/650/650 709/709/709
f 709/709/709 703/703/703 646/646/646
f 703/703/703 709/709/709 777/777/777
f 1969/1969/1969 1983/1983/1983 1865/1865/1865
f 1865/1865/1865 1857/1857/1857 1969/1969/1969
f 1857/1857/1857 1865/1865/1865 1748/1748/1748
f 1748/1748/1748 1738/1738/1738 1857/1857/1857
f 1679/1679/1679 1684/1684/1684 1738/1738/1738
f 1738/1738/1738 1748/1748/1748 1679/1679/1679
f 1314/1314/1314 1310/1310/1310 1152/1152/1152
f 1310/1310/1310 1314/1314/1314 1458/1458/1458
f 1458/1458/1458 1446/1446/1446 1310/1310/1310
f 1446/1446/1446 1458/1458/1458 1573/1573/1573
f 1573/1573/1573 1569/1569/1569 1446/1446/1446
f 1569/1569/1569 1573/1573/1573 1684/1684/1684
f 1684/1684/1684 1679/1679/1679 1569/1569/1569
f 2484/2484/2484 2490/2490/2490 2425/2425/2425
f 2490/2490/2490 2484/2484/2484 2552/2552/2552
f 2552/2552/2552 2560/2560/2560 2490/2490/2490
f 2560/2560/2560 2552/2552/2552 2627/2627/2627
f 775/775/775 782/782/782 707/707/707
f 836/836/836 841/841/841 782/782/782
f 782/782/782 775/775/775 836/836/836
f 841/841/841 836/836/836 897/897/897
f 1166/1166/1166 1151/1151/1151 1312/1312/1312
f 1151/1151/1151 1166/1166/1166 1017/1017/1017
f 3278/3278/3278 3305/3305/3305 3244/3244/3244
f 3305/3305/3305 3278/3278/3278 3347/3347/3347
f 3347/3347/3347 3369/3369/3369 3305/3305/3305
f 3369/3369/3369 3347/3347/3347 3405/3405/3405
f 3431/3431/3431 3405/3405/3405 3456/3456/3456
f 3405/3405/3405 3431/3431/3431 3369/3369/3369
f 1985/1985/1985 1972/1972/1972 1863/1863/1863
f 1972/1972/1972 1985/1985/1985 2121/2121/2121
f 3281/3281/3281 3306/3306/3306 3360/3360/3360
f 3306/3306/3306 3281/3281/3281 3228/3228/3228
f 3228/3228/3228 3260/3260/3260 3306/3306/3306
f 3260/3260/3260 3228/3228/3228 3184/3184/3184
f 2487/2487/2487 2492/2492/2492 2559/2559/2559
f 2492/2492/2492 2487/2487/2487 2424/2424/2424
f 2782/2782/2782 2776/2776/2776 2703/2703/2703
f 2776/2776/2776 2782/2782/2782 2847/2847/2847
f 777/777/777 774/774/774 703/703/703
f 774/774/774 777/777/777 834/834/834
f 2630/2630/2630 2627/2627/2627 2705/2705/2705
f 2627/2627/2627 2630/2630/2630 2560/2560/2560
f 3183/3183/3183 3185/3185/3185 3116/3116/3116
f 3185/3185/3185 3183/3183/3183 3244/3244/3244
f 3187/3187/3187 3184/3184/3184 3118/3118/3118
f 3184/3184/3184 3187/3187/3187 3260/3260/3260
f 2285/2285/2285 2280/2280/2280 2121/2121/2121
f 2280/2280/2280 2285/2285/2285 2427/2427/2427
f 2427/2427/2427 2424/2424/2424 2280/2280/2280
f 2424/2424/2424 2427/2427/2427 2492/2492/2492
f 3456/3456/3456 3512/3512/3512 3431/3431/3431
f 3512/3512/3512 3456/3456/3456 3518/3518/3518
f 3542/3542/3542 3495/3495/3495 3465/3465/3465
f 2853/2853/2853 2847/2847/2847 2782/2782/2782
f 2703/2703/2703 2709/2709/2709 2782/2782/2782
f 2709/2709/2709 2703/2703/2703 2632/2632/2632
f 1753/1753/1753 1745/1745/1745 1680/1680/1680
f 2121/2121/2121 2123/2123/2123 2285/2285/2285
f 2123/2123/2123 2121/2121/2121 1985/1985/1985
f 3495/3495/3495 3542/3542/3542 3551/3551/3551
f 3551/3551/3551 3528/3528/3528 3495/3495/3495
f 3528/3528/3528 3551/3551/3551 3518/3518/3518
f 2847/2847/2847 2853/2853/2853 2946/2946/2946
f 2946/2946/2946 2940/2940/2940 2847/2847/2847
f 2940/2940/2940 2946/2946/2946 3046/3046/3046
f 1745/1745/1745 1753/1753/1753 1869/1869/1869
f 1869/1869/1869 1863/1863/1863 1745/1745/1745
f 1863/1863/1863 1869/1869/1869 1985/1985/1985
f 3378/3378/3378 3360/3360/3360 3306/3306/3306
f 3118/3118/3118 3120/3120/3120 3187/3187/3187
f 3120/3120/3120 3118/3118/3118 3046/3046/3046
f 3439/3439/3439 3426/3426/3426 3360/3360/3360
f 3360/3360/3360 3378/3378/3378 3439/3439/3439
f 3426/3426/3426 3439/3439/3439 3465/3465/3465
f 2559/2559/2559 2564/2564/2564 2632/2632/2632
f 2564/2564/2564 2559/2559/2559 2492/2492/2492
f 2939/2939/2939 2944/2944/2944 2850/2850/2850
f 2944/2944/2944 2939/2939/2939 3045/3045/3045
f 3045/3045/3045 3048/3048/3048 2944/2944/2944
f 3048/3048/3048 3045/3045/3045 3116/3116/3116
f 1139/1139/1139 1152/1152/1152 1310/1310/1310
f 1016/1016/1016 1012/1012/1012 955/955/955
f 1012/1012/1012 1016/1016/1016 1152/1152/1152
f 1152/1152/1152 1139/1139/1139 1012/1012/1012
f 2124/2124/2124 2119/2119/2119 2281/2281/2281
f 464/464/464 460/460/460 404/404/404
f 460/460/460 464/464/464 521/521/521
f 302/302/302 316/316/316 346/346/346
f 316/316/316 302/302/302 265/265/265
f 2119/2119/2119 2124/2124/2124 1986/1986/1986
f 1986/1986/1986 1983/1983/1983 2119/2119/2119
f 3116/3116/3116 3122/3122/3122 3048/3048/3048
f 3122/3122/3122 3116/3116/3116 3185/3185/3185
f 3244/3244/3244 3261/3261/3261 3185/3185/3185
f 3261/3261/3261 3244/3244/3244 3305/3305/3305
f 2785/2785/2785 2780/2780/2780 2850/2850/2850
f 3518/3518/3518 3556/3556/3556 3512/3512/3512
f 3556/3556/3556 3518/3518/3518 3551/3551/3551
f 2428/2428/2428 2425/2425/2425 2490/2490/2490
f 3465/3465/3465 3526/3526/3526 3542/3542/3542
f 3526/3526/3526 3465/3465/3465 3439/3439/3439
f 2281/2281/2281 2307/2307/2307 2124/2124/2124
f 2307/2307/2307 2281/2281/2281 2425/2425/2425
f 2425/2425/2425 2428/2428/2428 2307/2307/2307
f 2780/2780/2780 2785/2785/2785 2711/2711/2711
f 2711/2711/2711 2705/2705/2705 2780/2780/2780
f 2562/2562/2562 2560/2560/2560 2630/2630/2630
f 2560/2560/2560 2562/2562/2562 2490/2490/2490
f 3438/3438/3438 3431/3431/3431 3512/3512/3512
f 1867/1867/1867 1865/1865/1865 1983/1983/1983
f 1983/1983/1983 1986/1986/1986 1867/1867/1867
f 1865/1865/1865 1867/1867/1867 1751/1751/1751
f 1751/1751/1751 1748/1748/1748 1865/1865/1865
f 1676/1676/1676 1679/1679/1679 1748/1748/1748
f 1748/1748/1748 1751/1751/1751 1676/1676/1676
f 1566/1566/1566 1569/1569/1569 1679/1679/1679
f 1679/1679/1679 1676/1676/1676 1566/1566/1566
f 889/889/889 894/894/894 955/955/955
f 1306/1306/1306 1310/1310/1310 1446/1446/1446
f 1310/1310/1310 1306/1306/1306 1139/1139/1139
f 3046/3046/3046 3052/3052/3052 3120/3120/3120
f 3052/3052/3052 3046/3046/3046 2946/2946/2946
f 3306/3306/3306 3318/3318/3318 3378/3378/3378
f 3318/3318/3318 3306/3306/3306 3260/3260/3260
f 515/515/515 521/521/521 580/580/580
f 521/521/521 515/515/515 460/460/460
f 834/834/834 832/832/832 774/774/774
f 832/832/832 834/834/834 894/894/894
f 894/894/894 889/889/889 832/832/832
f 249/249/249 265/265/265 302/302/302
f 265/265/265 249/249/249 214/214/214
f 402/402/402 404/404/404 460/460/460
f 404/404/404 402/402/402 346/346/346
f 2782/2782/2782 2784/2784/2784 2853/2853/2853
f 2784/2784/2784 2782/2782/2782 2709/2709/2709
f 2632/2632/2632 2634/2634/2634 2709/2709/2709
f 2634/2634/2634 2632/2632/2632 2564/2564/2564
f 1985/1985/1985 1987/1987/1987 2123/2123/2123
f 1987/1987/1987 1985/1985/1985 1869/1869/1869
f 2705/2705/2705 2711/2711/2711 2636/2636/2636
f 2636/2636/2636 2630/2630/2630 2705/2705/2705
f 2630/2630/2630 2636/2636/2636 2562/2562/2562
f 3431/3431/3431 3438/3438/3438 3386/3386/3386
f 3386/3386/3386 3369/3369/3369 3431/3431/3431
f 1569/1569/1569 1566/1566/1566 1441/1441/1441
f 1441/1441/1441 1446/1446/1446 1569/1569/1569
f 1446/1446/1446 1441/1441/1441 1306/1306/1306
f 2855/2855/2855 2850/2850/2850 2944/2944/2944
f 2850/2850/2850 2855/2855/2855 2785/2785/2785
f 3369/3369/3369 3386/3386/3386 3335/3335/3335
f 3335/3335/3335 3305/3305/3305 3369/3369/3369
f 3305/3305/3305 3335/3335/3335 3261/3261/3261
f 3185/3185/3185 3190/3190/3190 3122/3122/3122
f 3190/3190/3190 3185/3185/3185 3261/3261/3261
f 3260/3260/3260 3263/3263/3263 3318/3318/3318
f 3192/3192/3192 3187/3187/3187 3120/3120/3120
f 3187/3187/3187 3192/3192/3192 3263/3263/3263
f 3263/3263/3263 3260/3260/3260 3187/3187/3187
f 771/771/771 774/774/774 832/832/832
f 699/699/699 703/703/703 774/774/774
f 774/774/774 771/771/771 699/699/699
f 642/642/642 646/646/646 703/703/703
f 703/703/703 699/699/699 642/642/642
f 646/646/646 642/642/642 580/580/580
f 2430/2430/2430 2427/2427/2427 2285/2285/2285
f 2427/2427/2427 2430/2430/2430 2492/2492/2492
f 2495/2495/2495 2492/2492/2492 2430/2430/2430
f 2285/2285/2285 2308/2308/2308 2430/2430/2430
f 2308/2308/2308 2285/2285/2285 2123/2123/2123
f 2492/2492/2492 2495/2495/2495 2566/2566/2566
f 2566/2566/2566 2564/2564/2564 2492/2492/2492
f 2564/2564/2564 2566/2566/2566 2634/2634/2634
f 2497/2497/2497 2490/2490/2490 2562/2562/2562
f 2490/2490/2490 2497/2497/2497 2428/2428/2428
f 2944/2944/2944 2948/2948/2948 2855/2855/2855
f 2948/2948/2948 2944/2944/2944 3048/3048/3048
f 3512/3512/3512 3524/3524/3524 3438/3438/3438
f 3524/3524/3524 3512/3512/3512 3556/3556/3556
f 3551/3551/3551 3564/3564/3564 3556/3556/3556
f 3564/3564/3564 3551/3551/3551 3542/3542/3542
f 950/950/950 955/955/955 1012/1012/1012
f 955/955/955 950/950/950 889/889/889
f 3120/3120/3120 3123/3123/3123 3192/3192/3192
f 3123/3123/3123 3120/3120/3120 3052/3052/3052
f 2946/2946/2946 2950/2950/2950 3052/3052/3052
f 2950/2950/2950 2946/2946/2946 2853/2853/2853
f 2709/2709/2709 2713/2713/2713 2784/2784/2784
f 2713/2713/2713 2709/2709/2709 2634/2634/2634
f 574/574/574 580/580/580 642/642/642
f 580/580/580 574/574/574 515/515/515
f 2123/2123/2123 2129/2129/2129 2308/2308/2308
f 2129/2129/2129 2123/2123/2123 1987/1987/1987
f 341/341/341 346/346/346 402/402/402
f 346/346/346 341/341/341 288/288/288
f 288/288/288 302/302/302 346/346/346
f 302/302/302 288/288/288 249/249/249
f 457/457/457 460/460/460 515/515/515
f 460/460/460 457/457/457 402/402/402
f 3048/3048/3048 3054/3054/3054 2948/2948/2948
f 3054/3054/3054 3048/3048/3048 3122/3122/3122
f 2568/2568/2568 2562/2562/2562 2636/2636/2636
f 2562/2562/2562 2568/2568/2568 2497/2497/2497
f 2128/2128/2128 2124/2124/2124 2307/2307/2307
f 3459/3459/3459 3438/3438/3438 3524/3524/3524
f 2124/2124/2124 2128/2128/2128 1991/1991/1991
f 1991/1991/1991 1986/1986/1986 2124/2124/2124
f 1986/1986/1986 1991/1991/1991 1871/1871/1871
f 1871/1871/1871 1867/1867/1867 1986/1986/1986
f 1757/1757/1757 1751/1751/1751 1867/1867/1867
f 1867/1867/1867 1871/1871/1871 1757/1757/1757
f 1751/1751/1751 1757/1757/1757 1673/1673/1673
f 1673/1673/1673 1676/1676/1676 1751/1751/1751
f 1566/1566/1566 1562/1562/1562 1441/1441/1441
f 1676/1676/1676 1673/1673/1673 1562/1562/1562
f 1562/1562/1562 1566/1566/1566 1676/1676/1676
f 1301/1301/1301 1306/1306/1306 1441/1441/1441
f 1306/1306/1306 1301/1301/1301 1124/1124/1124
f 1124/1124/1124 1139/1139/1139 1306/1306/1306
f 1009/1009/1009 1012/1012/1012 1139/1139/1139
f 1139/1139/1139 1124/1124/1124 1009/1009/1009
f 1012/1012/1012 1009/1009/1009 950/950/950
f 3339/3339/3339 3318/3318/3318 3263/3263/3263
f 3318/3318/3318 3339/3339/3339 3396/3396/3396
f 3396/3396/3396 3378/3378/3378 3318/3318/3318
f 3378/3378/3378 3396/3396/3396 3439/3439/3439
f 2853/2853/2853 2857/2857/2857 2950/2950/2950
f 2857/2857/2857 2853/2853/2853 2784/2784/2784
f 2784/2784/2784 2788/2788/2788 2857/2857/2857
f 2788/2788/2788 2784/2784/2784 2713/2713/2713
f 2639/2639/2639 2634/2634/2634 2566/2566/2566
f 3438/3438/3438 3459/3459/3459 3394/3394/3394
f 3394/3394/3394 3386/3386/3386 3438/3438/3438
f 2634/2634/2634 2639/2639/2639 2716/2716/2716
f 2716/2716/2716 2713/2713/2713 2634/2634/2634
f 2713/2713/2713 2716/2716/2716 2788/2788/2788
f 2714/2714/2714 2711/2711/2711 2785/2785/2785
f 3265/3265/3265 3261/3261/3261 3335/3335/3335
f 2432/2432/2432 2428/2428/2428 2497/2497/2497
f 2428/2428/2428 2432/2432/2432 2307/2307/2307
f 3470/3470/3470 3439/3439/3439 3396/3396/3396
f 3584/3584/3584 3564/3564/3564 3542/3542/3542
f 3192/3192/3192 3193/3193/3193 3263/3263/3263
f 3193/3193/3193 3192/3192/3192 3123/3123/3123
f 826/826/826 832/832/832 889/889/889
f 832/832/832 826/826/826 771/771/771
f 2950/2950/2950 2953/2953/2953 3052/3052/3052
f 2953/2953/2953 2950/2950/2950 2857/2857/2857
f 641/641/641 642/642/642 699/699/699
f 642/642/642 641/641/641 574/574/574
f 397/397/397 402/402/402 457/457/457
f 402/402/402 397/397/397 341/341/341
f 513/513/513 515/515/515 574/574/574
f 515/515/515 513/513/513 457/457/457
f 2711/2711/2711 2714/2714/2714 2640/2640/2640
f 2640/2640/2640 2636/2636/2636 2711/2711/2711
f 2636/2636/2636 2640/2640/2640 2568/2568/2568
f 3261/3261/3261 3265/3265/3265 3195/3195/3195
f 3195/3195/3195 3190/3190/3190 3261/3261/3261
f 3386/3386/3386 3394/3394/3394 3340/3340/3340
f 3340/3340/3340 3335/3335/3335 3386/3386/3386
f 3335/3335/3335 3340/3340/3340 3265/3265/3265
f 3439/3439/3439 3470/3470/3470 3545/3545/3545
f 3545/3545/3545 3526/3526/3526 3439/3439/3439
f 3564/3564/3564 3584/3584/3584 3586/3586/3586
f 3586/3586/3586 3556/3556/3556 3564/3564/3564
f 2308/2308/2308 2310/2310/2310 2430/2430/2430
f 2310/2310/2310 2308/2308/2308 2129/2129/2129
f 2955/2955/2955 2948/2948/2948 3054/3054/3054
f 2948/2948/2948 2955/2955/2955 2855/2855/2855
f 3122/3122/3122 3126/3126/3126 3054/3054/3054
f 3190/3190/3190 3195/3195/3195 3126/3126/3126
f 3126/3126/3126 3122/3122/3122 3190/3190/3190
f 3542/3542/3542 3610/3610/3610 3584/3584/3584
f 3610/3610/3610 3542/3542/3542 3526/3526/3526
f 3526/3526/3526 3545/3545/3545 3610/3610/3610
f 3524/3524/3524 3544/3544/3544 3459/3459/3459
f 3544/3544/3544 3524/3524/3524 3556/3556/3556
f 3556/3556/3556 3586/3586/3586 3544/3544/3544
f 3267/3267/3267 3263/3263/3263 3193/3193/3193
f 3056/3056/3056 3052/3052/3052 2953/2953/2953
f 886/886/886 889/889/889 950/950/950
f 889/889/889 886/886/886 826/826/826
f 2566/2566/2566 2571/2571/2571 2639/2639/2639
f 2571/2571/2571 2566/2566/2566 2495/2495/2495
f 699/699/699 695/695/695 641/641/641
f 695/695/695 699/699/699 771/771/771
f 3263/3263/3263 3267/3267/3267 3342/3342/3342
f 3342/3342/3342 3339/3339/3339 3263/3263/3263
f 3339/3339/3339 3342/3342/3342 3396/3396/3396
f 2434/2434/2434 2430/2430/2430 2310/2310/2310
f 453/453/453 457/457/457 513/513/513
f 457/457/457 453/453/453 397/397/397
f 223/223/223 249/249/249 288/288/288
f 2430/2430/2430 2434/2434/2434 2502/2502/2502
f 2502/2502/2502 2495/2495/2495 2430/2430/2430
f 2495/2495/2495 2502/2502/2502 2571/2571/2571
f 3052/3052/3052 3056/3056/3056 3131/3131/3131
f 3131/3131/3131 3123/3123/3123 3052/3052/3052
f 249/249/249 223/223/223 169/169/169
f 2861/2861/2861 2855/2855/2855 2955/2955/2955
f 2792/2792/2792 2785/2785/2785 2855/2855/2855
f 2855/2855/2855 2861/2861/2861 2792/2792/2792
f 3394/3394/3394 3419/3419/3419 3340/3340/3340
f 3419/3419/3419 3394/3394/3394 3459/3459/3459
f 2313/2313/2313 2307/2307/2307 2432/2432/2432
f 2307/2307/2307 2313/2313/2313 2128/2128/2128
f 2499/2499/2499 2497/2497/2497 2568/2568/2568
f 2497/2497/2497 2499/2499/2499 2432/2432/2432
f 3584/3584/3584 3612/3612/3612 3586/3586/3586
f 3612/3612/3612 3584/3584/3584 3610/3610/3610
f 1426/1426/1426 1441/1441/1441 1562/1562/1562
f 1441/1441/1441 1426/1426/1426 1301/1301/1301
f 3193/3193/3193 3196/3196/3196 3267/3267/3267
f 3196/3196/3196 3193/3193/3193 3123/3123/3123
f 3123/3123/3123 3131/3131/3131 3196/3196/3196
f 2785/2785/2785 2792/2792/2792 2718/2718/2718
f 2718/2718/2718 2714/2714/2714 2785/2785/2785
f 2714/2714/2714 2718/2718/2718 2640/2640/2640
f 2953/2953/2953 2957/2957/2957 3056/3056/3056
f 2957/2957/2957 2953/2953/2953 2857/2857/2857
f 2788/2788/2788 2791/2791/2791 2857/2857/2857
f 2791/2791/2791 2788/2788/2788 2716/2716/2716
f 948/948/948 950/950/950 1009/1009/1009
f 950/950/950 948/948/948 886/886/886
f 764/764/764 771/771/771 826/826/826
f 771/771/771 764/764/764 695/695/695
f 2310/2310/2310 2311/2311/2311 2434/2434/2434
f 2311/2311/2311 2310/2310/2310 2129/2129/2129
f 283/283/283 288/288/288 341/341/341
f 288/288/288 283/283/283 223/223/223
f 3057/3057/3057 3054/3054/3054 3126/3126/3126
f 3484/3484/3484 3459/3459/3459 3544/3544/3544
f 2436/2436/2436 2432/2432/2432 2499/2499/2499
f 2432/2432/2432 2436/2436/2436 2313/2313/2313
f 2002/2002/2002 1991/1991/1991 2128/2128/2128
f 1991/1991/1991 2002/2002/2002 1871/1871/1871
f 1669/1669/1669 1673/1673/1673 1757/1757/1757
f 3459/3459/3459 3484/3484/3484 3422/3422/3422
f 3422/3422/3422 3419/3419/3419 3459/3459/3459
f 3054/3054/3054 3057/3057/3057 2962/2962/2962
f 2962/2962/2962 2955/2955/2955 3054/3054/3054
f 2955/2955/2955 2962/2962/2962 2861/2861/2861
f 1005/1005/1005 1009/1009/1009 1124/1124/1124
f 1009/1009/1009 1005/1005/1005 948/948/948
f 2641/2641/2641 2639/2639/2639 2571/2571/2571
f 1673/1673/1673 1669/1669/1669 1556/1556/1556
f 1556/1556/1556 1562/1562/1562 1673/1673/1673
f 1562/1562/1562 1556/1556/1556 1426/1426/1426
f 569/569/569 574/574/574 641/641/641
f 508/508/508 513/513/513 574/574/574
f 574/574/574 569/569/569 508/508/508
f 513/513/513 508/508/508 453/453/453
f 2639/2639/2639 2641/2641/2641 2719/2719/2719
f 2719/2719/2719 2716/2716/2716 2639/2639/2639
f 2716/2716/2716 2719/2719/2719 2791/2791/2791
f 2575/2575/2575 2568/2568/2568 2640/2640/2640
f 2568/2568/2568 2575/2575/2575 2499/2499/2499
f 2134/2134/2134 2128/2128/2128 2313/2313/2313
f 2128/2128/2128 2134/2134/2134 2002/2002/2002
f 1878/1878/1878 1871/1871/1871 2002/2002/2002
f 3544/3544/3544 3558/3558/3558 3484/3484/3484
f 3558/3558/3558 3544/3544/3544 3586/3586/3586
f 3586/3586/3586 3609/3609/3609 3558/3558/3558
f 3609/3609/3609 3586/3586/3586 3612/3612/3612
f 3612/3612/3612 3624/3624/3624 3609/3609/3609
f 3624/3624/3624 3612/3612/3612 3610/3610/3610
f 1757/1757/1757 1764/1764/1764 1669/1669/1669
f 1871/1871/1871 1878/1878/1878 1764/1764/1764
f 1764/1764/1764 1757/1757/1757 1871/1871/1871
f 3470/3470/3470 3486/3486/3486 3545/3545/3545
f 3429/3429/3429 3396/3396/3396 3342/3342/3342
f 3342/3342/3342 3344/3344/3344 3429/3429/3429
f 3396/3396/3396 3429/3429/3429 3486/3486/3486
f 3486/3486/3486 3470/3470/3470 3396/3396/3396
f 1294/1294/1294 1301/1301/1301 1426/1426/1426
f 3344/3344/3344 3342/3342/3342 3267/3267/3267
f 3267/3267/3267 3270/3270/3270 3344/3344/3344
f 3419/3419/3419 3422/3422/3422 3352/3352/3352
f 3352/3352/3352 3340/3340/3340 3419/3419/3419
f 3340/3340/3340 3352/3352/3352 3265/3265/3265
f 3272/3272/3272 3265/3265/3265 3352/3352/3352
f 3265/3265/3265 3272/3272/3272 3199/3199/3199
f 3199/3199/3199 3195/3195/3195 3265/3265/3265
f 3270/3270/3270 3267/3267/3267 3196/3196/3196
f 3196/3196/3196 3198/3198/3198 3270/3270/3270
f 3198/3198/3198 3196/3196/3196 3131/3131/3131
f 1124/1124/1124 1118/1118/1118 1005/1005/1005
f 1118/1118/1118 1124/1124/1124 1301/1301/1301
f 1301/1301/1301 1294/1294/1294 1118/1118/1118
f 2862/2862/2862 2857/2857/2857 2791/2791/2791
f 2960/2960/2960 2957/2957/2957 2857/2857/2857
f 2571/2571/2571 2573/2573/2573 2641/2641/2641
f 2573/2573/2573 2571/2571/2571 2502/2502/2502
f 2857/2857/2857 2862/2862/2862 2963/2963/2963
f 2963/2963/2963 2960/2960/2960 2857/2857/2857
f 2957/2957/2957 2960/2960/2960 3060/3060/3060
f 3060/3060/3060 3056/3056/3056 2957/2957/2957
f 3056/3056/3056 3060/3060/3060 3131/3131/3131
f 2960/2960/2960 2963/2963/2963 3060/3060/3060
f 636/636/636 641/641/641 695/695/695
f 641/641/641 636/636/636 569/569/569
f 336/336/336 341/341/341 397/397/397
f 341/341/341 336/336/336 283/283/283
f 3195/3195/3195 3199/3199/3199 3133/3133/3133
f 3133/3133/3133 3126/3126/3126 3195/3195/3195
f 3126/3126/3126 3133/3133/3133 3057/3057/3057
f 2791/2791/2791 2794/2794/2794 2862/2862/2862
f 2794/2794/2794 2791/2791/2791 2719/2719/2719
f 692/692/692 695/695/695 764/764/764
f 695/695/695 692/692/692 636/636/636
f 449/449/449 453/453/453 508/508/508
f 392/392/392 397/397/397 453/453/453
f 453/453/453 449/449/449 392/392/392
f 397/397/397 392/392/392 336/336/336
f 217/217/217 223/223/223 283/283/283
f 223/223/223 217/217/217 169/169/169
f 2646/2646/2646 2640/2640/2640 2718/2718/2718
f 2640/2640/2640 2646/2646/2646 2575/2575/2575
f 3057/3057/3057 3059/3059/3059 2962/2962/2962
f 3059/3059/3059 3057/3057/3057 3133/3133/3133
f 2506/2506/2506 2499/2499/2499 2575/2575/2575
f 2499/2499/2499 2506/2506/2506 2436/2436/2436
f 3422/3422/3422 3427/3427/3427 3352/3352/3352
f 3427/3427/3427 3422/3422/3422 3484/3484/3484
f 3484/3484/3484 3514/3514/3514 3427/3427/3427
f 3514/3514/3514 3484/3484/3484 3558/3558/3558
f 3558/3558/3558 3566/3566/3566 3514/3514/3514
f 3566/3566/3566 3558/3558/3558 3609/3609/3609
f 3609/3609/3609 3620/3620/3620 3566/3566/3566
f 3620/3620/3620 3609/3609/3609 3624/3624/3624
f 3624/3624/3624 3635/3635/3635 3620/3620/3620
f 3635/3635/3635 3624/3624/3624 3610/3610/3610
f 3610/3610/3610 3622/3622/3622 3635/3635/3635
f 3579/3579/3579 3545/3545/3545 3486/3486/3486
f 3545/3545/3545 3579/3579/3579 3622/3622/3622
f 3622/3622/3622 3610/3610/3610 3545/3545/3545
f 3516/3516/3516 3486/3486/3486 3429/3429/3429
f 3486/3486/3486 3516/3516/3516 3579/3579/3579
f 3344/3344/3344 3354/3354/3354 3429/3429/3429
f 3354/3354/3354 3344/3344/3344 3270/3270/3270
f 3270/3270/3270 3274/3274/3274 3354/3354/3354
f 3274/3274/3274 3270/3270/3270 3198/3198/3198
f 1003/1003/1003 1005/1005/1005 1118/1118/1118
f 941/941/941 948/948/948 1005/1005/1005
f 1005/1005/1005 1003/1003/1003 941/941/941
f 948/948/948 941/941/941 879/879/879
f 879/879/879 886/886/886 948/948/948
f 2719/2719/2719 2722/2722/2722 2794/2794/2794
f 886/886/886 879/879/879 819/819/819
f 819/819/819 826/826/826 886/886/886
f 2722/2722/2722 2719/2719/2719 2641/2641/2641
f 2641/2641/2641 2644/2644/2644 2722/2722/2722
f 2644/2644/2644 2641/2641/2641 2573/2573/2573
f 826/826/826 819/819/819 759/759/759
f 759/759/759 764/764/764 826/826/826
f 764/764/764 759/759/759 692/692/692
f 2863/2863/2863 2861/2861/2861 2962/2962/2962
f 2861/2861/2861 2863/2863/2863 2792/2792/2792
f 2318/2318/2318 2313/2313/2313 2436/2436/2436
f 2007/2007/2007 2002/2002/2002 2134/2134/2134
f 2002/2002/2002 2007/2007/2007 1878/1878/1878
f 1422/1422/1422 1426/1426/1426 1556/1556/1556
f 1426/1426/1426 1422/1422/1422 1294/1294/1294
f 2313/2313/2313 2318/2318/2318 2140/2140/2140
f 2140/2140/2140 2134/2134/2134 2313/2313/2313
f 2134/2134/2134 2140/2140/2140 2007/2007/2007
f 3204/3204/3204 3198/3198/3198 3131/3131/3131
f 3198/3198/3198 3204/3204/3204 3275/3275/3275
f 3275/3275/3275 3274/3274/3274 3198/3198/3198
f 2573/2573/2573 2578/2578/2578 2644/2644/2644
f 273/273/273 283/283/283 336/336/336
f 283/283/283 273/273/273 217/217/217
f 2578/2578/2578 2573/2573/2573 2509/2509/2509
f 2502/2502/2502 2509/2509/2509 2573/2573/2573
f 2799/2799/2799 2792/2792/2792 2863/2863/2863
f 2792/2792/2792 2799/2799/2799 2718/2718/2718
f 3199/3199/3199 3202/3202/3202 3133/3133/3133
f 3202/3202/3202 3199/3199/3199 3272/3272/3272
f 2443/2443/2443 2436/2436/2436 2506/2506/2506
f 2436/2436/2436 2443/2443/2443 2318/2318/2318
f 3433/3433/3433 3427/3427/3427 3514/3514/3514
f 3514/3514/3514 3520/3520/3520 3433/3433/3433
f 3520/3520/3520 3514/3514/3514 3566/3566/3566
f 3566/3566/3566 3576/3576/3576 3520/3520/3520
f 3576/3576/3576 3566/3566/3566 3620/3620/3620
f 3620/3620/3620 3629/3629/3629 3576/3576/3576
f 3629/3629/3629 3620/3620/3620 3635/3635/3635
f 3635/3635/3635 3645/3645/3645 3629/3629/3629
f 3645/3645/3645 3635/3635/3635 3622/3622/3622
f 3622/3622/3622 3631/3631/3631 3645/3645/3645
f 3631/3631/3631 3622/3622/3622 3579/3579/3579
f 3516/3516/3516 3522/3522/3522 3579/3579/3579
f 3522/3522/3522 3516/3516/3516 3429/3429/3429
f 1881/1881/1881 1878/1878/1878 2007/2007/2007
f 1767/1767/1767 1764/1764/1764 1878/1878/1878
f 1878/1878/1878 1881/1881/1881 1767/1767/1767
f 1662/1662/1662 1669/1669/1669 1764/1764/1764
f 1764/1764/1764 1767/1767/1767 1662/1662/1662
f 3427/3427/3427 3433/3433/3433 3361/3361/3361
f 3361/3361/3361 3352/3352/3352 3427/3427/3427
f 3352/3352/3352 3361/3361/3361 3272/3272/3272
f 1552/1552/1552 1556/1556/1556 1669/1669/1669
f 1669/1669/1669 1662/1662/1662 1552/1552/1552
f 1556/1556/1556 1552/1552/1552 1422/1422/1422
f 3131/3131/3131 3135/3135/3135 3204/3204/3204
f 3135/3135/3135 3131/3131/3131 3060/3060/3060
f 3060/3060/3060 3063/3063/3063 3135/3135/3135
f 3063/3063/3063 3060/3060/3060 2963/2963/2963
f 2963/2963/2963 2965/2965/2965 3063/3063/3063
f 2965/2965/2965 2963/2963/2963 2862/2862/2862
f 2862/2862/2862 2864/2864/2864 2965/2965/2965
f 3274/3274/3274 3275/3275/3275 3365/3365/3365
f 3365/3365/3365 3354/3354/3354 3274/3274/3274
f 3354/3354/3354 3365/3365/3365 3429/3429/3429
f 2864/2864/2864 2862/2862/2862 2794/2794/2794
f 2794/2794/2794 2797/2797/2797 2864/2864/2864
f 2797/2797/2797 2794/2794/2794 2722/2722/2722
f 2722/2722/2722 2724/2724/2724 2797/2797/2797
f 2724/2724/2724 2722/2722/2722 2644/2644/2644
f 633/633/633 636/636/636 692/692/692
f 562/562/562 569/569/569 636/636/636
f 636/636/636 633/633/633 562/562/562
f 503/503/503 508/508/508 569/569/569
f 569/569/569 562/562/562 503/503/503
f 508/508/508 503/503/503 449/449/449
f 2729/2729/2729 2718/2718/2718 2799/2799/2799
f 3065/3065/3065 3059/3059/3059 3133/3133/3133
f 2580/2580/2580 2575/2575/2575 2646/2646/2646
f 2718/2718/2718 2729/2729/2729 2651/2651/2651
f 2651/2651/2651 2646/2646/2646 2718/2718/2718
f 2646/2646/2646 2651/2651/2651 2580/2580/2580
f 3059/3059/3059 3065/3065/3065 2970/2970/2970
f 2970/2970/2970 2962/2962/2962 3059/3059/3059
f 2962/2962/2962 2970/2970/2970 2863/2863/2863
f 2575/2575/2575 2580/2580/2580 2507/2507/2507
f 2507/2507/2507 2506/2506/2506 2575/2575/2575
f 2506/2506/2506 2507/2507/2507 2443/2443/2443
f 1290/1290/1290 1294/1294/1294 1422/1422/1422
f 1294/1294/1294 1290/1290/1290 1118/1118/1118
f 1113/1113/1113 1118/1118/1118 1290/1290/1290
f 997/997/997 1003/1003/1003 1118/1118/1118
f 1118/1118/1118 1113/1113/1113 997/997/997
f 1003/1003/1003 997/997/997 937/937/937
f 937/937/937 941/941/941 1003/1003/1003
f 941/941/941 937/937/937 879/879/879
f 2649/2649/2649 2644/2644/2644 2578/2578/2578
f 2644/2644/2644 2649/2649/2649 2727/2727/2727
f 2727/2727/2727 2724/2724/2724 2644/2644/2644
f 2724/2724/2724 2727/2727/2727 2797/2797/2797
f 445/445/445 449/449/449 503/503/503
f 449/449/449 445/445/445 386/386/386
f 386/386/386 392/392/392 449/449/449
f 3202/3202/3202 3206/3206/3206 3133/3133/3133
f 3283/3283/3283 3272/3272/3272 3361/3361/3361
f 3272/3272/3272 3283/3283/3283 3206/3206/3206
f 3206/3206/3206 3202/3202/3202 3272/3272/3272
f 3520/3520/3520 3530/3530/3530 3433/3433/3433
f 3530/3530/3530 3520/3520/3520 3576/3576/3576
f 3629/3629/3629 3639/3639/3639 3576/3576/3576
f 3639/3639/3639 3629/3629/3629 3645/3645/3645
f 3645/3645/3645 3658/3658/3658 3639/3639/3639
f 3658/3658/3658 3645/3645/3645 3631/3631/3631
f 3631/3631/3631 3642/3642/3642 3658/3658/3658
f 3642/3642/3642 3631/3631/3631 3579/3579/3579
f 3579/3579/3579 3598/3598/3598 3642/3642/3642
f 3598/3598/3598 3579/3579/3579 3522/3522/3522
f 3522/3522/3522 3532/3532/3532 3598/3598/3598
f 3532/3532/3532 3522/3522/3522 3429/3429/3429
f 3204/3204/3204 3207/3207/3207 3275/3275/3275
f 3207/3207/3207 3204/3204/3204 3135/3135/3135
f 3135/3135/3135 3136/3136/3136 3207/3207/3207
f 3136/3136/3136 3135/3135/3135 3063/3063/3063
f 2968/2968/2968 2965/2965/2965 2864/2864/2864
f 2864/2864/2864 2867/2867/2867 2968/2968/2968
f 2867/2867/2867 2864/2864/2864 2797/2797/2797
f 2965/2965/2965 2968/2968/2968 3069/3069/3069
f 3069/3069/3069 3063/3063/3063 2965/2965/2965
f 3063/3063/3063 3069/3069/3069 3136/3136/3136
f 684/684/684 692/692/692 759/759/759
f 692/692/692 684/684/684 633/633/633
f 392/392/392 386/386/386 321/321/321
f 321/321/321 336/336/336 392/392/392
f 336/336/336 321/321/321 273/273/273
f 3133/3133/3133 3138/3138/3138 3065/3065/3065
f 3138/3138/3138 3133/3133/3133 3206/3206/3206
f 2327/2327/2327 2318/2318/2318 2443/2443/2443
f 2318/2318/2318 2327/2327/2327 2140/2140/2140
f 2015/2015/2015 2007/2007/2007 2140/2140/2140
f 2007/2007/2007 2015/2015/2015 1881/1881/1881
f 1886/1886/1886 1881/1881/1881 2015/2015/2015
f 3453/3453/3453 3429/3429/3429 3365/3365/3365
f 3429/3429/3429 3453/3453/3453 3539/3539/3539
f 3539/3539/3539 3532/3532/3532 3429/3429/3429
f 3275/3275/3275 3285/3285/3285 3365/3365/3365
f 3285/3285/3285 3275/3275/3275 3207/3207/3207
f 1413/1413/1413 1422/1422/1422 1552/1552/1552
f 1422/1422/1422 1413/1413/1413 1290/1290/1290
f 1881/1881/1881 1886/1886/1886 1776/1776/1776
f 1776/1776/1776 1767/1767/1767 1881/1881/1881
f 1767/1767/1767 1776/1776/1776 1656/1656/1656
f 1656/1656/1656 1662/1662/1662 1767/1767/1767
f 874/874/874 879/879/879 937/937/937
f 2804/2804/2804 2797/2797/2797 2727/2727/2727
f 756/756/756 759/759/759 819/819/819
f 759/759/759 756/756/756 684/684/684
f 2797/2797/2797 2804/2804/2804 2870/2870/2870
f 2870/2870/2870 2867/2867/2867 2797/2797/2797
f 879/879/879 874/874/874 811/811/811
f 811/811/811 819/819/819 879/879/879
f 819/819/819 811/811/811 756/756/756
f 2584/2584/2584 2578/2578/2578 2509/2509/2509
f 2578/2578/2578 2584/2584/2584 2654/2654/2654
f 2654/2654/2654 2649/2649/2649 2578/2578/2578
f 2872/2872/2872 2863/2863/2863 2970/2970/2970
f 3206/3206/3206 3210/3210/3210 3138/3138/3138
f 3210/3210/3210 3206/3206/3206 3283/3283/3283
f 2799/2799/2799 2802/2802/2802 2729/2729/2729
f 2802/2802/2802 2799/2799/2799 2863/2863/2863
f 2447/2447/2447 2443/2443/2443 2507/2507/2507
f 2443/2443/2443 2447/2447/2447 2327/2327/2327
f 3530/3530/3530 3535/3535/3535 3433/3433/3433
f 3535/3535/3535 3530/3530/3530 3576/3576/3576
f 2863/2863/2863 2872/2872/2872 2809/2809/2809
f 2809/2809/2809 2802/2802/2802 2863/2863/2863
f 3598/3598/3598 3616/3616/3616 3642/3642/3642
f 3616/3616/3616 3598/3598/3598 3532/3532/3532
f 3532/3532/3532 3539/3539/3539 3616/3616/3616
f 1541/1541/1541 1552/1552/1552 1662/1662/1662
f 1662/1662/1662 1656/1656/1656 1541/1541/1541
f 1552/1552/1552 1541/1541/1541 1413/1413/1413
f 3136/3136/3136 3142/3142/3142 3207/3207/3207
f 3142/3142/3142 3136/3136/3136 3069/3069/3069
f 2968/2968/2968 2972/2972/2972 3069/3069/3069
f 2972/2972/2972 2968/2968/2968 2867/2867/2867
f 2867/2867/2867 2870/2870/2870 2972/2972/2972
f 625/625/625 633/633/633 684/684/684
f 633/633/633 625/625/625 562/562/562
f 2649/2649/2649 2654/2654/2654 2733/2733/2733
f 2733/2733/2733 2727/2727/2727 2649/2649/2649
f 2727/2727/2727 2733/2733/2733 2804/2804/2804
f 258/258/258 273/273/273 321/321/321
f 2586/2586/2586 2580/2580/2580 2651/2651/2651
f 2580/2580/2580 2586/2586/2586 2507/2507/2507
f 991/991/991 997/997/997 1113/1113/1113
f 997/997/997 991/991/991 927/927/927
f 927/927/927 937/937/937 997/997/997
f 937/937/937 927/927/927 874/874/874
f 557/557/557 562/562/562 625/625/625
f 438/438/438 445/445/445 503/503/503
f 445/445/445 438/438/438 386/386/386
f 562/562/562 557/557/557 494/494/494
f 494/494/494 503/503/503 562/562/562
f 503/503/503 494/494/494 438/438/438
f 3069/3069/3069 3072/3072/3072 3142/3142/3142
f 3072/3072/3072 3069/3069/3069 2972/2972/2972
f 2972/2972/2972 2976/2976/2976 3072/3072/3072
f 2976/2976/2976 2972/2972/2972 2870/2870/2870
f 2870/2870/2870 2875/2875/2875 2976/2976/2976
f 2875/2875/2875 2870/2870/2870 2804/2804/2804
f 380/380/380 386/386/386 438/438/438
f 386/386/386 380/380/380 321/321/321
f 2802/2802/2802 2809/2809/2809 2737/2737/2737
f 2737/2737/2737 2729/2729/2729 2802/2802/2802
f 678/678/678 684/684/684 756/756/756
f 684/684/684 678/678/678 625/625/625
f 2872/2872/2872 2879/2879/2879 2809/2809/2809
f 2983/2983/2983 2976/2976/2976 2875/2875/2875
f 551/551/551 557/557/557 625/625/625
f 625/625/625 617/617/617 551/551/551

