# Aspose.3D Wavefront OBJ Exporter
# Copyright 2004-2024 Aspose Pty Ltd.
# File created: 10/07/2024 16:46:00

mtllib material.lib
g root

#
# object root
#

v -0.024999999 -6.202096E-17 -0.004
v -0.024999999 -6.202096E-17 -0.004
v -0.024999999 -6.202096E-17 0.0039999997
v -0.024999999 -6.202096E-17 0.0039999997
v -0.024990685 -4.0182387E-18 0.0041361665
v -0.024979085 -4.0156624E-18 -0.004203456
v -0.024962915 -4.0120725E-18 -0.004269797
v -0.024962915 -4.0120725E-18 0.0042697964
v -0.0249391 -0.0017439119 -0.004
v -0.0249391 -0.0017439119 0.0039999997
v -0.0249391 0.0017439119 -0.004
v -0.0249391 0.0017439119 0.0039999997
v -0.024936775 0.0017437492 -0.0040682424
v -0.024929808 -0.001743262 0.0041361665
v -0.024929808 0.001743262 0.0041361665
v -0.024918236 -0.0017424528 -0.004203456
v -0.024918236 0.0017424528 -0.004203456
v -0.024917211 -4.0019238E-18 0.004398401
v -0.024902109 0.001741325 0.0042697964
v -0.024887886 -3.9954122E-18 -0.004460065
v -0.024881503 -0.0017398841 -0.0043348796
v -0.024881503 -0.0017398841 0.0043348796
v -0.024881503 0.0017398841 -0.0043348796
v -0.024856512 -0.0017381366 0.004398401
v -0.024856512 0.0017381366 -0.004398401
v -0.024854418 -3.9879812E-18 -0.0045195837
v -0.024854418 -3.9879812E-18 0.0045195837
v -0.024827259 0.001736091 0.004460064
v -0.024793874 -0.0017337566 -0.0045195837
v -0.024775712 -3.9705046E-18 0.004631088
v -0.0247567 -0.0034793275 -0.004
v -0.0247567 -0.0034793275 0.0039999997
v -0.0247567 0.0034793275 -0.004
v -0.0247567 0.0034793275 0.0039999997
v -0.024756517 -0.0017311441 0.00457668
v -0.024756517 0.0017311441 -0.0045766803
v -0.024756517 0.0017311441 0.00457668
v -0.024747478 -0.0034780314 -0.0041361665
v -0.024747478 -0.0034780314 0.0041361665
v -0.024747478 0.0034780314 -0.0041361665
v -0.024747478 0.0034780314 0.0041361665
v -0.024730835 -3.9605404E-18 -0.004682553
v -0.024730835 -3.9605404E-18 -0.004682553
v -0.02471998 0.0034741666 -0.004269797
v -0.024715358 -0.0017282661 -0.004631088
v -0.024715358 -0.0017282661 -0.004631088
v -0.024715358 -0.0017282661 0.004631088
v -0.024715358 0.0017282661 -0.004631088
v -0.024699522 -0.0034712919 -0.0043348796
v -0.024699522 -0.0034712919 0.0043348796
v -0.024699522 0.0034712919 0.0043348796
v -0.024682552 -3.9498193E-18 -0.0047308356
v -0.024682552 -3.9498193E-18 -0.0047308356
v -0.024682552 -3.9498193E-18 0.0047308365
v -0.024682552 -3.9498193E-18 0.0047308365
v -0.024674717 -0.0034678052 0.004398401
v -0.024674717 0.0034678052 -0.004398401
v -0.024670593 0.0017251358 0.0046825525
v -0.024670593 0.0017251358 0.0046825525
v -0.024645679 -0.0034637242 -0.004460065
v -0.024645679 0.0034637242 0.004460064
v -0.024622427 0.0017217677 -0.0047308356
v -0.024622427 0.0017217677 -0.0047308356
v -0.024612539 -0.0034590666 -0.0045195837
v -0.024612539 0.0034590666 0.0045195837
v -0.02457668 -3.926311E-18 0.0048169694
v -0.024575451 -0.0034538545 0.00457668
v -0.024575451 0.0034538545 -0.0045766803
v -0.024571087 -0.0017181778 -0.0047757113
v -0.024571087 -0.0017181778 0.0047757113
v -0.024571087 -0.0017181778 0.0047757113
v -0.024571087 0.0017181778 0.0047757113
v -0.024534594 -0.0034481126 -0.004631088
v -0.024519583 -3.913633E-18 -0.0048544193
v -0.024516813 0.0017143826 -0.00481697
v -0.024490155 0.0034418672 -0.004682553
v -0.024490155 0.0034418672 -0.004682553
v -0.024490155 0.0034418672 0.0046825525
v -0.024490155 0.0034418672 0.0046825525
v -0.024460064 -3.900417E-18 0.0048878854
v -0.024459856 -0.0017103996 -0.0048544193
v -0.02445369 -0.005197792 -0.004
v -0.02445369 -0.005197792 0.0039999997
v -0.02445369 0.005197792 -0.004
v -0.02445369 0.005197792 0.0039999997
v -0.02445141 0.0051973076 -0.0040682424
v -0.02445141 0.0051973076 0.0040682424
v -0.02444458 -0.005195855 -0.0041361665
v -0.02444458 -0.005195855 0.0041361665
v -0.024442343 -0.0034351472 -0.0047308356
v -0.024442343 -0.0034351472 -0.0047308356
v -0.024442343 -0.0034351472 0.0047308365
v -0.024442343 -0.0034351472 0.0047308365
v -0.024433231 0.005193443 0.0042034565
v -0.024417417 -0.005190082 -0.004269797
v -0.024417417 -0.005190082 0.0042697964
v -0.024417417 0.005190082 -0.004269797
v -0.024400482 -0.0017062479 -0.004887885
v -0.024400482 -0.0017062479 0.0048878854
v -0.024400482 0.0017062479 0.0048878854
v -0.0243984 -3.886725E-18 -0.004917211
v -0.024397213 -0.0051857876 -0.0043348796
v -0.024397213 0.0051857876 0.0043348796
v -0.02439138 0.003427985 -0.0047757113
v -0.02439138 0.003427985 0.0047757113
v -0.024372708 0.005180579 -0.004398401
v -0.024344023 -0.0051744822 -0.004460065
v -0.024344023 -0.0051744822 0.004460064
v -0.024344023 0.0051744822 0.004460064
v -0.024338968 -0.0017019464 0.004917212
v -0.024338968 0.0017019464 -0.004917211
v -0.024338968 0.0017019464 0.004917212
v -0.0243375 -0.0034204128 -0.00481697
v -0.0243375 -0.0034204128 0.0048169694
v -0.0243375 0.0034204128 -0.00481697
v -0.024334878 -3.87262E-18 -0.0049422607
v -0.02428096 -0.0034124665 0.0048544193
v -0.02428096 0.0034124665 0.0048544193
v -0.0242756 -0.0016975154 -0.0049422607
v -0.024274658 -0.005159738 -0.0045766803
v -0.024274658 0.005159738 -0.0045766803
v -0.024274658 0.005159738 0.00457668
v -0.024269797 -3.858169E-18 0.004962917
v -0.024234302 -0.0051511596 0.004631088
v -0.024234302 0.0051511596 0.004631088
v -0.024234302 0.0051511596 0.004631088
v -0.024210677 -0.0016929754 0.004962917
v -0.024210677 0.0016929754 -0.004962917
v -0.024210677 0.0016929754 0.004962917
v -0.024203457 -3.8434385E-18 -0.0049790842
v -0.024190405 -0.0051418296 -0.004682553
v -0.024190405 -0.0051418296 -0.004682553
v -0.024190405 0.0051418296 -0.004682553
v -0.024190405 0.0051418296 -0.004682553
v -0.024160957 -0.0033956012 -0.004917211
v -0.024160957 -0.0033956012 0.004917212
v -0.024160957 0.0033956012 -0.004917211
v -0.024160957 0.0033956012 0.004917212
v -0.024144497 -0.0016883477 -0.0049790842
v -0.024144497 0.0016883477 -0.0049790842
v -0.02414318 -0.0051317913 0.0047308365
v -0.02414318 -0.0051317913 0.0047308365
v -0.02414318 0.0051317913 0.0047308365
v -0.02414318 0.0051317913 0.0047308365
v -0.024136165 -3.828497E-18 0.0049906853
v -0.024098052 -0.0033867606 -0.0049422607
v -0.024098052 0.0033867606 -0.0049422607
v -0.02409284 -0.005121091 -0.0047757113
v -0.02409284 0.005121091 -0.0047757113
v -0.024077373 0.0016836538 0.0049906853
v -0.02403962 -0.005109779 0.0048169694
v -0.02403962 0.005109779 -0.00481697
v -0.02403962 0.005109779 0.0048169694
v -0.024033602 -0.0033777028 0.004962917
v -0.02403154 -0.006890934 -0.004
v -0.02403154 -0.006890934 0.0039999997
v -0.02403154 0.006890934 -0.004
v -0.02403154 0.006890934 0.0039999997
v -0.024029301 0.0068902913 0.0040682424
v -0.024022589 -0.006888367 -0.0041361665
v -0.024022589 -0.006888367 0.0041361665
v -0.024022589 0.006888367 -0.0041361665
v -0.024011437 0.0068851686 0.0042034565
v -0.024009613 -0.0016789156 0.0049976683
v -0.024 -5.9478885E-17 -0.005
v -0.024 -5.9478885E-17 -0.005
v -0.024 -5.9478885E-17 0.0049999994
v -0.023995897 0.006880712 -0.004269797
v -0.023983771 -0.0050979075 -0.0048544193
v -0.02397604 -0.006875019 -0.0043348796
v -0.02397604 -0.006875019 0.0043348796
v -0.02397604 0.006875019 0.0043348796
v -0.023967909 -0.00336847 -0.0049790842
v -0.023967909 0.00336847 0.0049790842
v -0.023951959 -0.006868114 0.004398401
v -0.023941537 -0.0016741552 -0.005
v -0.023941537 -0.0016741552 -0.005
v -0.023941537 -0.0016741552 0.0049999994
v -0.023941537 0.0016741552 -0.005
v -0.023941537 0.0016741552 -0.005
v -0.023941537 0.0016741552 0.0049999994
v -0.023925554 -0.005085533 0.0048878854
v -0.023925554 0.005085533 0.0048878854
v -0.023923771 -0.006860031 -0.004460065
v -0.023923771 0.006860031 -0.004460065
v -0.023901274 0.0033591052 -0.0049906857
v -0.023901274 0.0033591052 0.0049906853
v -0.023891602 -0.0068508065 0.0045195837
v -0.023891602 0.0068508065 0.0045195837
v -0.023865236 0.005072713 -0.004917211
v -0.023855602 -0.0068404833 -0.0045766803
v -0.023855602 0.0068404833 -0.0045766803
v -0.02383401 -0.0033496516 0.0049976683
v -0.023803102 -0.005059506 -0.0049422607
v -0.023803102 0.005059506 0.0049422607
v -0.023772806 -0.0068167415 -0.004682553
v -0.023772806 -0.0068167415 -0.004682553
v -0.023772806 -0.0068167415 0.0046825525
v -0.023772806 -0.0068167415 0.0046825525
v -0.023772806 0.0068167415 0.0046825525
v -0.023772806 0.0068167415 0.0046825525
v -0.023766434 -0.0033401542 -0.005
v -0.023766434 -0.0033401542 -0.005
v -0.023766434 -0.0033401542 0.0049999994
v -0.023766434 0.0033401542 -0.005
v -0.023766434 0.0033401542 -0.005
v -0.023766434 0.0033401542 0.0049999994
v -0.023739444 -0.0050459746 0.004962917
v -0.023739444 0.0050459746 -0.004962917
v -0.02372639 0.006803434 -0.0047308356
v -0.02372639 0.006803434 -0.0047308356
v -0.023676919 -0.006789248 0.0047757113
v -0.023676919 0.006789248 0.0047757113
v -0.023674551 -0.005032181 -0.0049790842
v -0.023674551 0.005032181 -0.0049790842
v -0.023674551 0.005032181 0.0049790842
v -0.02362462 -0.0067742513 -0.00481697
v -0.02362462 0.0067742513 -0.00481697
v -0.023608731 -0.0050181914 0.0049906853
v -0.023608731 0.0050181914 0.0049906853
v -0.023569737 -0.0067585134 0.0048544193
v -0.023569737 0.0067585134 0.0048544193
v -0.023512522 -0.0067421077 -0.004887885
v -0.023512522 0.0067421077 0.0048878854
v -0.023492314 -0.008550503 -0.004
v -0.023492314 -0.008550503 0.0039999997
v -0.023492314 0.008550503 -0.004
v -0.023492314 0.008550503 0.0039999997
v -0.023490125 -0.008549706 -0.0040682424
v -0.023490125 0.008549706 0.0040682424
v -0.023483561 -0.008547318 0.0041361665
v -0.023483561 0.008547318 -0.0041361665
v -0.023483561 0.008547318 0.0041361665
v -0.02347554 -0.0049898806 -0.005
v -0.02347554 -0.0049898806 -0.005
v -0.02347554 -0.0049898806 0.0049999994
v -0.02347554 0.0049898806 -0.005
v -0.02347554 0.0049898806 -0.005
v -0.02347554 0.0049898806 0.0049999994
v -0.023472661 -0.008543349 -0.004203456
v -0.02345747 -0.008537821 0.0042697964
v -0.02345747 0.008537821 -0.004269797
v -0.023453247 -0.00672511 0.004917212
v -0.023453247 0.00672511 -0.004917211
v -0.023438057 -0.0085307555 -0.0043348796
v -0.023438057 0.0085307555 0.0043348796
v -0.023414519 -0.008522188 0.004398401
v -0.023414519 0.008522188 0.004398401
v -0.023392187 -0.0067076012 -0.0049422607
v -0.023386963 0.008512158 -0.004460065
v -0.023355512 -0.008500712 -0.0045195837
v -0.023355512 -0.008500712 0.0045195837
v -0.023355512 0.008500712 -0.0045195837
v -0.023329627 -0.006689662 0.004962917
v -0.023329627 0.006689662 -0.004962917
v -0.023329627 0.006689662 0.004962917
v -0.023320321 0.0084879035 0.00457668
v -0.023281552 -0.008473792 -0.004631088
v -0.023281552 -0.008473792 -0.004631088
v -0.023281552 -0.008473792 0.004631088
v -0.023281552 -0.008473792 0.004631088
v -0.023281552 0.008473792 -0.004631088
v -0.023239383 0.008458444 0.0046825525
v -0.023239383 0.008458444 0.0046825525
v -0.023201171 -0.006652829 -0.0049906857
v -0.023201171 -0.006652829 0.0049906853
v -0.023201171 0.006652829 -0.0049906857
v -0.023201171 0.006652829 0.0049906853
v -0.023194011 -0.008441931 0.0047308365
v -0.023194011 -0.008441931 0.0047308365
v -0.023194011 0.008441931 -0.0047308356
v -0.023194011 0.008441931 -0.0047308356
v -0.023145651 -0.008424329 -0.0047757113
v -0.023145651 0.008424329 0.0047757113
v -0.023094526 0.00840572 -0.00481697
v -0.023094526 0.00840572 0.0048169694
v -0.02307028 -0.0066152965 -0.005
v -0.02307028 -0.0066152965 -0.005
v -0.02307028 -0.0066152965 0.0049999994
v -0.02307028 0.0066152965 -0.005
v -0.02307028 0.0066152965 -0.005
v -0.02307028 0.0066152965 0.0049999994
v -0.02304087 -0.008386192 -0.0048544193
v -0.02304087 -0.008386192 0.0048544193
v -0.02304087 0.008386192 -0.0048544193
v -0.02304087 0.008386192 0.0048544193
v -0.022926997 0.008344744 -0.004917211
v -0.022867307 -0.008323019 -0.0049422607
v -0.022867307 -0.008323019 0.0049422607
v -0.022867307 0.008323019 0.0049422607
v -0.022838637 -0.010168416 -0.004
v -0.022838637 -0.010168416 0.0039999997
v -0.022838637 0.010168416 -0.004
v -0.022838637 0.010168416 0.0039999997
v -0.022836506 -0.010167468 -0.0040682424
v -0.022836506 -0.010167468 0.0040682424
v -0.022836506 0.010167468 -0.0040682424
v -0.022836506 0.010167468 0.0040682424
v -0.022830125 0.010164628 0.0041361665
v -0.022819528 0.010159908 -0.004203456
v -0.022819528 0.010159908 0.0042034565
v -0.022806147 -0.00830076 -0.004962917
v -0.022806147 -0.00830076 0.004962917
v -0.022806147 0.00830076 -0.004962917
v -0.022804758 -0.010153333 -0.004269797
v -0.022804758 -0.010153333 0.0042697964
v -0.022763005 -0.010134742 0.004398401
v -0.022763005 0.010134742 -0.004398401
v -0.022763005 0.010134742 0.004398401
v -0.022743808 0.008278069 0.0049790842
v -0.022736212 -0.010122815 -0.004460065
v -0.022736212 -0.010122815 0.004460064
v -0.022705643 -0.010109203 -0.0045195837
v -0.022705643 0.010109203 -0.0045195837
v -0.022705643 0.010109203 0.0045195837
v -0.022680575 -0.008255055 -0.0049906857
v -0.022680575 0.008255055 -0.0049906857
v -0.02267143 -0.010093971 0.00457668
v -0.02267143 0.010093971 -0.0045766803
v -0.022616748 -0.008231823 0.0049976683
v -0.022592742 -0.010058937 -0.004682553
v -0.022592742 -0.010058937 -0.004682553
v -0.022592742 0.010058937 -0.004682553
v -0.022592742 0.010058937 -0.004682553
v -0.022592742 0.010058937 0.0046825525
v -0.022592742 0.010058937 0.0046825525
v -0.02255262 -0.008208483 -0.005
v -0.02255262 -0.008208483 -0.005
v -0.02255262 -0.008208483 0.0049999994
v -0.02255262 0.008208483 -0.005
v -0.02255262 0.008208483 -0.005
v -0.02255262 0.008208483 0.0049999994
v -0.022548635 -0.010039298 0.0047308365
v -0.022548635 -0.010039298 0.0047308365
v -0.022501616 0.010018366 0.0047757113
v -0.022451915 -0.009996236 -0.00481697
v -0.022451915 0.009996236 -0.00481697
v -0.022399753 -0.009973013 0.0048544193
v -0.02234538 0.009948805 -0.004887885
v -0.02234538 0.009948805 0.0048878854
v -0.022289049 -0.0099237235 -0.004917211
v -0.022289049 -0.0099237235 0.004917212
v -0.022289049 0.0099237235 0.004917212
v -0.022231018 0.009897888 -0.0049422607
v -0.02217156 0.009871416 0.004962917
v -0.022110958 -0.009844433 -0.0049790842
v -0.022110958 -0.009844433 0.0049790842
v -0.022110958 0.009844433 -0.0049790842
v -0.02207369 -0.011736789 -0.004
v -0.02207369 -0.011736789 0.0039999997
v -0.02207369 0.011736789 -0.004
v -0.02207369 0.011736789 0.0039999997
v -0.02207163 0.0117356945 -0.0040682424
v -0.022065464 -0.011732416 0.0041361665
v -0.022065464 0.011732416 -0.0041361665
v -0.022065464 0.011732416 0.0041361665
v -0.02205522 -0.011726969 -0.004203456
v -0.02205522 -0.011726969 0.0042034565
v -0.022049483 0.009817064 0.0049906853
v -0.022040948 0.01171938 -0.004269797
v -0.022040948 0.01171938 0.0042697964
v -0.02202271 -0.011709683 0.0043348796
v -0.02200059 -0.011697922 -0.004398401
v -0.02200059 0.011697922 -0.004398401
v -0.02200059 0.011697922 0.004398401
v -0.021987433 -0.009789435 0.0049976683
v -0.021974696 -0.011684154 -0.004460065
v -0.021974696 -0.011684154 0.004460064
v -0.021974696 0.011684154 -0.004460065
v -0.021974696 0.011684154 0.004460064
v -0.021945149 0.011668442 -0.0045195837
v -0.021925092 -0.009761679 -0.005
v -0.021925092 -0.009761679 -0.005
v -0.021925092 -0.009761679 0.0049999994
v -0.021925092 0.009761679 -0.005
v -0.021925092 0.009761679 -0.005
v -0.021925092 0.009761679 0.0049999994
v -0.021912083 -0.011650861 0.00457668
v -0.021912083 0.011650861 0.00457668
v -0.021875655 -0.011631491 -0.004631088
v -0.021875655 -0.011631491 -0.004631088
v -0.021875655 0.011631491 -0.004631088
v -0.021875655 0.011631491 -0.004631088
v -0.021875655 0.011631491 0.004631088
v -0.021875655 0.011631491 0.004631088
v -0.02183603 -0.011610424 -0.004682553
v -0.02183603 -0.011610424 0.0046825525
v -0.02183603 -0.011610424 0.0046825525
v -0.0217934 0.011587757 -0.0047308356
v -0.0217934 0.011587757 0.0047308365
v -0.021747958 -0.011563595 0.0047757113
v -0.021699918 -0.011538052 -0.00481697
v -0.021699918 0.011538052 -0.00481697
v -0.021649508 -0.011511247 0.0048544193
v -0.021649508 0.011511247 -0.0048544193
v -0.021649508 0.011511247 0.0048544193
v -0.021596955 -0.011483305 -0.004887885
v -0.02154251 -0.011454356 0.004917212
v -0.02154251 0.011454356 -0.004917211
v -0.02154251 0.011454356 0.004917212
v -0.021486422 0.011424534 0.0049422607
v -0.02142896 -0.011393978 -0.004962917
v -0.02142896 -0.011393978 0.004962917
v -0.021370381 -0.011362834 -0.0049790842
v -0.021370381 0.011362834 -0.0049790842
v -0.021370381 0.011362834 0.0049790842
v -0.02131097 -0.011331243 0.0049906853
v -0.021201203 -0.013247981 -0.004
v -0.021201203 -0.013247981 0.0039999997
v -0.021201203 0.013247981 -0.004
v -0.021201203 0.013247981 0.0039999997
v -0.021199223 0.013246746 -0.0040682424
v -0.021193303 -0.013243046 -0.0041361665
v -0.021193303 0.013243046 -0.0041361665
v -0.021193303 0.013243046 0.0041361665
v -0.02119074 -0.011267317 -0.005
v -0.02119074 -0.011267317 -0.005
v -0.02119074 -0.011267317 0.0049999994
v -0.02119074 0.011267317 -0.005
v -0.02119074 0.011267317 -0.005
v -0.02119074 0.011267317 0.0049999994
v -0.021183465 -0.013236898 0.0042034565
v -0.021183465 0.013236898 -0.004203456
v -0.021183465 0.013236898 0.0042034565
v -0.021169752 -0.013228331 -0.004269797
v -0.021169752 -0.013228331 0.0042697964
v -0.021152236 -0.013217385 -0.0043348796
v -0.021152236 0.013217385 -0.0043348796
v -0.021152236 0.013217385 0.0043348796
v -0.021106124 -0.013188569 -0.004460065
v -0.021106124 -0.013188569 0.004460064
v -0.021106124 0.013188569 -0.004460065
v -0.021106124 0.013188569 0.004460064
v -0.021045985 -0.01315099 0.00457668
v -0.021045985 0.01315099 -0.0045766803
v -0.021045985 0.01315099 -0.0045766803
v -0.021045985 0.01315099 0.00457668
v -0.021010995 -0.013129125 -0.004631088
v -0.021010995 -0.013129125 -0.004631088
v -0.021010995 -0.013129125 0.004631088
v -0.021010995 -0.013129125 0.004631088
v -0.020972937 0.013105347 -0.004682553
v -0.020972937 0.013105347 0.0046825525
v -0.020972937 0.013105347 0.0046825525
v -0.020931993 -0.01307976 -0.0047308356
v -0.020888347 -0.013052487 0.0047757113
v -0.020888347 0.013052487 -0.0047757113
v -0.020888347 0.013052487 0.0047757113
v -0.020842206 -0.013023656 -0.00481697
v -0.020842206 0.013023656 0.0048169694
v -0.020793786 -0.0129934 0.0048544193
v -0.020793786 0.0129934 -0.0048544193
v -0.020743312 -0.01296186 -0.004887885
v -0.020743312 0.01296186 -0.004887885
v -0.020743312 0.01296186 0.0048878854
v -0.020691015 -0.012929182 0.004917212
v -0.020637149 -0.012895522 -0.0049422607
v -0.020637149 0.012895522 -0.0049422607
v -0.020637149 0.012895522 0.0049422607
v -0.020581955 -0.012861032 -0.004962917
v -0.020581955 0.012861032 0.004962917
v -0.020525694 -0.012825877 0.0049790842
v -0.020525694 0.012825877 -0.0049790842
v -0.02046863 -0.01279022 -0.0049906857
v -0.020411026 0.012754225 0.0049976683
v -0.020353155 -0.012718062 -0.005
v -0.020353155 -0.012718062 -0.005
v -0.020353155 -0.012718062 0.0049999994
v -0.020353155 0.012718062 -0.005
v -0.020353155 0.012718062 -0.005
v -0.020353155 0.012718062 0.0049999994
v -0.020225424 -0.014694631 -0.004
v -0.020225424 -0.014694631 0.0039999997
v -0.020225424 0.014694631 -0.004
v -0.020225424 0.014694631 0.0039999997
v -0.02022354 0.014693261 0.0040682424
v -0.020208504 -0.014682338 -0.004203456
v -0.020208504 -0.014682338 0.0042034565
v -0.020208504 0.014682338 0.0042034565
v -0.020195425 -0.014672834 0.0042697964
v -0.020195425 0.014672834 -0.004269797
v -0.020195425 0.014672834 0.0042697964
v -0.020178713 0.014660692 -0.0043348796
v -0.020178713 0.014660692 0.0043348796
v -0.020158447 -0.0146459695 -0.004398401
v -0.020158447 -0.0146459695 0.004398401
v -0.020158447 0.0146459695 -0.004398401
v -0.020134723 0.014628732 -0.004460065
v -0.020134723 0.014628732 -0.004460065
v -0.020107647 -0.014609061 -0.0045195837
v -0.020107647 0.014609061 -0.0045195837
v -0.020107647 0.014609061 -0.0045195837
v -0.020107647 0.014609061 0.0045195837
v -0.02007735 -0.014587049 -0.0045766803
v -0.02007735 -0.014587049 -0.0045766803
v -0.02007735 -0.014587049 0.00457668
v -0.020043971 -0.014562797 0.004631088
v -0.020043971 -0.014562797 0.004631088
v -0.020043971 0.014562797 -0.004631088
v -0.020043971 0.014562797 0.004631088
v -0.020007664 0.014536421 0.0046825525
v -0.020007664 0.014536421 0.0046825525
v -0.019968605 -0.014508041 -0.0047308356
v -0.019968605 -0.014508041 0.0047308365
v -0.019926969 0.01447779 -0.0047757113
v -0.019882953 -0.01444581 0.0048169694
v -0.019882953 0.01444581 0.0048169694
v -0.01983676 -0.014412249 -0.0048544193
v -0.01983676 0.014412249 -0.0048544193
v -0.01983676 0.014412249 0.0048544193
v -0.019788608 -0.014377264 0.0048878854
v -0.019788608 0.014377264 -0.004887885
v -0.01973872 -0.01434102 -0.004917211
v -0.01973872 0.01434102 0.004917212
v -0.01968733 -0.014303682 -0.0049422607
v -0.01968733 0.014303682 0.0049422607
v -0.019634677 -0.014265428 0.004962917
v -0.019634677 0.014265428 -0.004962917
v -0.019581007 -0.014226434 0.0049790842
v -0.019581007 0.014226434 0.0049790842
v -0.019526567 -0.014186882 -0.0049906857
v -0.019526567 0.014186882 -0.0049906857
v -0.019526567 0.014186882 0.0049906853
v -0.019471617 -0.014146958 0.0049976683
v -0.019416409 -0.0141068455 -0.005
v -0.019416409 -0.0141068455 -0.005
v -0.019416409 -0.0141068455 0.0049999994
v -0.019416409 0.0141068455 -0.005
v -0.019416409 0.0141068455 -0.005
v -0.019416409 0.0141068455 0.0049999994
v -0.01915111 -0.01606969 -0.004
v -0.01915111 -0.01606969 0.0039999997
v -0.01915111 0.01606969 -0.004
v -0.01915111 0.01606969 0.0039999997
v -0.019149326 0.016068192 -0.0040682424
v -0.019143976 -0.016063703 -0.0041361665
v -0.019143976 -0.016063703 0.0041361665
v -0.019143976 0.016063703 0.0041361665
v -0.019135088 0.016056245 0.0042034565
v -0.019122705 -0.016045853 0.0042697964
v -0.019122705 0.016045853 -0.004269797
v -0.019122705 0.016045853 0.0042697964
v -0.019106878 -0.016032577 -0.0043348796
v -0.019106878 -0.016032577 0.0043348796
v -0.01908769 -0.016016474 -0.004398401
v -0.01908769 0.016016474 -0.004398401
v -0.01908769 0.016016474 -0.004398401
v -0.01908769 0.016016474 0.004398401
v -0.019065225 -0.015997624 0.004460064
v -0.019065225 0.015997624 0.004460064
v -0.01903959 -0.015976112 -0.0045195837
v -0.01903959 -0.015976112 -0.0045195837
v -0.01903959 0.015976112 0.0045195837
v -0.019010901 -0.015952041 0.00457668
v -0.019010901 -0.015952041 0.00457668
v -0.019010901 0.015952041 -0.0045766803
v -0.018979296 -0.015925521 -0.004631088
v -0.018979296 -0.015925521 -0.004631088
v -0.018979296 0.015925521 0.004631088
v -0.018979296 0.015925521 0.004631088
v -0.01894492 0.015896674 -0.004682553
v -0.01890793 -0.015865637 -0.0047308356
v -0.01890793 -0.015865637 0.0047308365
v -0.01890793 0.015865637 0.0047308365
v -0.018868508 -0.015832556 0.0047757113
v -0.018868508 0.015832556 -0.0047757113
v -0.018868508 0.015832556 0.0047757113
v -0.01882683 0.015797585 0.0048169694
v -0.018783089 -0.015760886 -0.0048544193
v -0.018783089 -0.015760886 0.0048544193
v -0.018783089 0.015760886 -0.0048544193
v -0.018737497 0.015722627 -0.004887885
v -0.018737497 0.015722627 0.0048878854
v -0.01869026 -0.01568299 -0.004917211
v -0.01869026 -0.01568299 0.004917212
v -0.01869026 0.01568299 0.004917212
v -0.018641599 -0.015642159 0.0049422607
v -0.018591743 0.015600325 -0.004962917
v -0.018591743 0.015600325 0.004962917
v -0.018540923 -0.015557681 -0.0049790842
v -0.018489374 -0.015514429 0.0049906853
v -0.018489374 0.015514429 0.0049906853
v -0.018437343 0.015470768 -0.004997669
v -0.018385066 -0.015426902 -0.005
v -0.018385066 -0.015426902 -0.005
v -0.018385066 -0.015426902 0.0049999994
v -0.018385066 0.015426902 -0.005
v -0.018385066 0.015426902 -0.005
v -0.018385066 0.015426902 0.0049999994
v -0.017983494 -0.01736646 -0.004
v -0.017983494 -0.01736646 -0.004
v -0.017983494 -0.01736646 0.0039999997
v -0.017983494 -0.01736646 0.0039999997
v -0.017983494 0.01736646 -0.004
v -0.017983494 0.01736646 0.0039999997
v -0.017981818 -0.01736484 -0.0040682424
v -0.017981818 -0.01736484 -0.0040682424
v -0.017981818 0.01736484 -0.0040682424
v -0.017981818 0.01736484 0.0040682424
v -0.017976794 -0.017359989 0.0041361665
v -0.017976794 -0.017359989 0.0041361665
v -0.01796845 0.01735193 -0.004203456
v -0.01796845 0.01735193 0.0042034565
v -0.01795682 -0.0173407 -0.004269797
v -0.01795682 -0.0173407 -0.004269797
v -0.01795682 -0.0173407 0.0042697964
v -0.01795682 -0.0173407 0.0042697964
v -0.01795682 0.0173407 0.0042697964
v -0.017941961 -0.017326351 -0.0043348796
v -0.017941961 -0.017326351 -0.0043348796
v -0.017941961 0.017326351 -0.0043348796
v -0.017923942 -0.017308949 0.004398401
v -0.017923942 -0.017308949 0.004398401
v -0.017923942 0.017308949 -0.004398401
v -0.017923942 0.017308949 -0.004398401
v -0.017902846 0.017288579 0.004460064
v -0.017878773 -0.017265331 -0.0045195837
v -0.017878773 -0.017265331 -0.0045195837
v -0.017878773 -0.017265331 -0.0045195837
v -0.017878773 -0.017265331 0.0045195837
v -0.017878773 -0.017265331 0.0045195837
v -0.017878773 -0.017265331 0.0045195837
v -0.017878773 0.017265331 -0.0045195837
v -0.017878773 0.017265331 -0.0045195837
v -0.017822156 -0.017210655 -0.004631088
v -0.017822156 -0.017210655 -0.004631088
v -0.017822156 0.017210655 0.004631088
v -0.017822156 0.017210655 0.004631088
v -0.017789874 -0.017179482 0.0046825525
v -0.017789874 0.017179482 -0.004682553
v -0.017789874 0.017179482 0.0046825525
v -0.017755143 0.017145943 0.0047308365
v -0.017718121 -0.017110191 -0.0047757113
v -0.017718121 -0.017110191 0.0047757113
v -0.017718121 0.017110191 -0.0047757113
v -0.017678984 -0.017072396 -0.00481697
v -0.017678984 0.017072396 -0.00481697
v -0.017595097 -0.016991388 0.0048878854
v -0.017595097 0.016991388 -0.004887885
v -0.017595097 0.016991388 0.0048878854
v -0.01755074 -0.016948553 -0.004917211
v -0.017505048 -0.016904427 -0.0049422607
v -0.017505048 -0.016904427 0.0049422607
v -0.017505048 0.016904427 -0.0049422607
v -0.01745823 0.016859217 -0.004962917
v -0.01741051 -0.016813133 -0.0049790842
v -0.01741051 0.016813133 0.0049790842
v -0.017362105 -0.01676639 0.0049906853
v -0.017362105 0.01676639 -0.0049906857
v -0.017264156 -0.016671801 -0.005
v -0.017264156 -0.016671801 -0.005
v -0.017264156 -0.016671801 0.0049999994
v -0.017264156 0.016671801 -0.005
v -0.017264156 0.016671801 -0.005
v -0.017264156 0.016671801 0.0049999994
v -0.016728265 -0.01857862 -0.004
v -0.016728265 -0.01857862 0.0039999997
v -0.016728265 0.01857862 -0.004
v -0.016728265 0.01857862 0.0039999997
v -0.016722033 -0.018571699 -0.0041361665
v -0.01671427 -0.018563077 0.0042034565
v -0.01671427 0.018563077 -0.004203456
v -0.01671427 0.018563077 0.0042034565
v -0.016703451 0.018551063 -0.004269797
v -0.016703451 0.018551063 -0.004269797
v -0.016703451 0.018551063 0.0042697964
v -0.01668963 -0.018535713 -0.0043348796
v -0.01668963 -0.018535713 0.0043348796
v -0.016672868 0.018517097 0.004398401
v -0.016653245 -0.018495303 -0.004460065
v -0.016653245 -0.018495303 0.004460064
v -0.016630853 -0.018470433 0.0045195837
v -0.016630853 -0.018470433 0.0045195837
v -0.016630853 0.018470433 -0.0045195837
v -0.016630853 0.018470433 -0.0045195837
v -0.016630853 0.018470433 -0.0045195837
v -0.016630853 0.018470433 0.0045195837
v -0.016605794 -0.018442603 -0.0045766803
v -0.016605794 -0.018442603 -0.0045766803
v -0.016605794 0.018442603 -0.0045766803
v -0.016578186 0.018411942 -0.004631088
v -0.016578186 0.018411942 0.004631088
v -0.016578186 0.018411942 0.004631088
v -0.016548159 -0.018378593 -0.004682553
v -0.016548159 -0.018378593 0.0046825525
v -0.016548159 -0.018378593 0.0046825525
v -0.016548159 0.018378593 0.0046825525
v -0.016515851 0.018342711 -0.0047308356
v -0.016515851 0.018342711 0.0047308365
v -0.016481413 -0.018304465 0.0047757113
v -0.016481413 0.018304465 0.0047757113
v -0.016445009 -0.018264033 -0.00481697
v -0.016406804 0.018221602 -0.0048544193
v -0.016406804 0.018221602 0.0048544193
v -0.016366977 -0.018177371 -0.004887885
v -0.016366977 -0.018177371 0.0048878854
v -0.016325718 0.018131545 -0.004917211
v -0.016325718 0.018131545 0.004917212
v -0.016283212 -0.01808434 -0.0049422607
v -0.016283212 -0.01808434 0.0049422607
v -0.016283212 0.01808434 -0.0049422607
v -0.016239664 0.018035974 0.004962917
v -0.016195273 -0.017986674 -0.0049790842
v -0.016195273 0.017986674 -0.0049790842
v -0.016195273 0.017986674 0.0049790842
v -0.016150247 -0.017936667 0.0049906853
v -0.016104797 0.01788619 -0.004997669
v -0.016104797 0.01788619 0.0049976683
v -0.016059134 -0.017835476 -0.005
v -0.016059134 -0.017835476 -0.005
v -0.016059134 -0.017835476 0.0049999994
v -0.016059134 0.017835476 -0.005
v -0.016059134 0.017835476 -0.005
v -0.016059134 0.017835476 0.0049999994
v -0.015391537 -0.019700268 -0.004
v -0.015391537 -0.019700268 0.0039999997
v -0.015391537 0.019700268 -0.004
v -0.015391537 0.019700268 -0.004
v -0.015391537 0.019700268 0.0039999997
v -0.015391537 0.019700268 0.0039999997
v -0.015390101 -0.019698432 -0.0040682424
v -0.015390101 0.019698432 -0.0040682424
v -0.015390101 0.019698432 -0.0040682424
v -0.015385803 -0.01969293 0.0041361665
v -0.015385803 0.01969293 -0.0041361665
v -0.015385803 0.01969293 -0.0041361665
v -0.015385803 0.01969293 0.0041361665
v -0.015385803 0.01969293 0.0041361665
v -0.01537866 0.019683788 -0.004203456
v -0.01537866 0.019683788 -0.004203456
v -0.015368706 -0.019671047 -0.004269797
v -0.015368706 0.019671047 -0.004269797
v -0.015368706 0.019671047 -0.004269797
v -0.015355989 -0.01965477 0.0043348796
v -0.015355989 0.01965477 0.0043348796
v -0.015355989 0.01965477 0.0043348796
v -0.015340567 -0.019635031 -0.004398401
v -0.015340567 -0.019635031 0.004398401
v -0.015340567 0.019635031 -0.004398401
v -0.015322512 0.019611921 0.004460064
v -0.015322512 0.019611921 0.004460064
v -0.015301908 -0.01958555 -0.0045195837
v -0.015301908 -0.01958555 0.0045195837
v -0.015301908 0.01958555 -0.0045195837
v -0.015301908 0.01958555 -0.0045195837
v -0.015301908 0.01958555 0.0045195837
v -0.015301908 0.01958555 0.0045195837
v -0.015278852 0.01955604 0.00457668
v -0.015278852 0.01955604 0.00457668
v -0.015278852 0.01955604 0.00457668
v -0.015253451 -0.019523527 0.004631088
v -0.015253451 -0.019523527 0.004631088
v -0.015253451 0.019523527 -0.004631088
v -0.015253451 0.019523527 -0.004631088
v -0.015253451 0.019523527 0.004631088
v -0.015225823 -0.019488165 -0.004682553
v -0.015225823 -0.019488165 -0.004682553
v -0.015196096 0.019450117 0.0047308365
v -0.015164411 -0.019409562 -0.0047757113
v -0.015164411 -0.019409562 0.0047757113
v -0.015164411 0.019409562 0.0047757113
v -0.015130916 0.019366689 -0.00481697
v -0.015130916 0.019366689 0.0048169694
v -0.015095763 -0.019321693 -0.0048544193
v -0.015095763 -0.019321693 0.0048544193
v -0.015095763 0.019321693 -0.0048544193
v -0.015095763 0.019321693 0.0048544193
v -0.015059119 0.019274794 -0.004887885
v -0.015021156 -0.019226203 0.004917212
v -0.015021156 0.019226203 -0.004917211
v -0.014982047 -0.019176146 -0.0049422607
v -0.014941979 -0.01912486 0.004962917
v -0.014941979 0.01912486 0.004962917
v -0.014901134 -0.019072583 -0.0049790842
v -0.014901134 0.019072583 -0.0049790842
v -0.014859708 0.019019557 0.0049906853
v -0.01481789 -0.018966032 -0.004997669
v -0.01481789 -0.018966032 0.0049976683
v -0.014775874 -0.018912258 -0.005
v -0.014775874 -0.018912258 -0.005
v -0.014775874 -0.018912258 0.0049999994
v -0.014775874 0.018912258 -0.005
v -0.014775874 0.018912258 -0.005
v -0.014775874 0.018912258 0.0049999994
v -0.013979822 -0.02072594 -0.004
v -0.013979822 -0.02072594 0.0039999997
v -0.013979822 0.02072594 -0.004
v -0.013979822 0.02072594 0.0039999997
v -0.013978518 -0.020724006 -0.0040682424
v -0.013978518 -0.020724006 0.0040682424
v -0.013978518 0.020724006 -0.0040682424
v -0.013978518 0.020724006 0.0040682424
v -0.0139746135 0.020718217 -0.0041361665
v -0.013968127 -0.020708598 -0.004203456
v -0.013968127 -0.020708598 0.0042034565
v -0.013968127 0.020708598 0.0042034565
v -0.013959086 -0.020695196 -0.004269797
v -0.013959086 0.020695196 -0.004269797
v -0.013959086 0.020695196 0.0042697964
v -0.013947535 -0.020678071 0.0043348796
v -0.013947535 0.020678071 -0.0043348796
v -0.013933527 0.020657305 -0.004398401
v -0.013917129 -0.020632992 -0.004460065
v -0.013917129 -0.020632992 0.004460064
v -0.013917129 0.020632992 -0.004460065
v -0.013917129 0.020632992 0.004460064
v -0.013898414 -0.020605247 0.0045195837
v -0.013898414 0.020605247 -0.0045195837
v -0.013877474 0.020574199 0.00457668
v -0.013877474 0.020574199 0.00457668
v -0.013854402 -0.020539993 -0.004631088
v -0.013854402 -0.020539993 -0.004631088
v -0.013829308 -0.020502793 0.0046825525
v -0.013829308 -0.020502793 0.0046825525
v -0.013829308 0.020502793 -0.004682553
v -0.013829308 0.020502793 -0.004682553
v -0.013802309 0.020462763 -0.0047308356
v -0.013802309 0.020462763 0.0047308365
v -0.013773529 -0.020420095 -0.0047757113
v -0.013773529 -0.020420095 0.0047757113
v -0.013773529 0.020420095 -0.0047757113
v -0.013773529 0.020420095 0.0047757113
v -0.013743104 0.020374991 -0.00481697
v -0.013743104 0.020374991 0.0048169694
v -0.013711178 -0.020327656 0.0048544193
v -0.013677895 -0.020278312 -0.004887885
v -0.013677895 0.020278312 0.0048878854
v -0.013643412 -0.02022719 0.004917212
v -0.013643412 0.02022719 -0.004917211
v -0.013643412 0.02022719 0.004917212
v -0.013607891 -0.02017453 0.0049422607
v -0.013571498 -0.020120572 -0.004962917
v -0.013571498 0.020120572 -0.004962917
v -0.013534401 -0.020065574 -0.0049790842
v -0.013534401 -0.020065574 0.0049790842
v -0.013534401 0.020065574 -0.0049790842
v -0.013496773 0.02000979 0.0049906853
v -0.013420629 -0.019896902 -0.005
v -0.013420629 -0.019896902 -0.005
v -0.013420629 -0.019896902 0.0049999994
v -0.013420629 0.019896902 -0.005
v -0.013420629 0.019896902 -0.005
v -0.013420629 0.019896902 0.0049999994
v -0.012499999 -0.021650633 -0.004
v -0.012499999 -0.021650633 0.0039999997
v -0.012499999 0.021650633 -0.004
v -0.012499999 0.021650633 0.0039999997
v -0.012498834 0.021648616 0.0040682424
v -0.012495343 -0.02164257 -0.0041361665
v -0.012495343 -0.02164257 0.0041361665
v -0.012495343 0.02164257 0.0041361665
v -0.012489542 0.02163252 -0.004203456
v -0.012489542 0.02163252 0.0042034565
v -0.012481458 -0.02161852 0.0042697964
v -0.012481458 0.02161852 0.0042697964
v -0.012471129 -0.021600632 -0.0043348796
v -0.012471129 0.021600632 -0.0043348796
v -0.012471129 0.021600632 0.0043348796
v -0.012458606 -0.021578936 -0.004398401
v -0.012458606 0.021578936 -0.004398401
v -0.012458606 0.021578936 0.004398401
v -0.012443943 -0.02155354 0.004460064
v -0.012443943 0.02155354 -0.004460065
v -0.012443943 0.02155354 0.004460064
v -0.012427209 -0.021524558 -0.0045195837
v -0.012408484 0.021492125 -0.0045766803
v -0.012408484 0.021492125 0.00457668
v -0.012387856 -0.021456396 0.004631088
v -0.012387856 -0.021456396 0.004631088
v -0.012387856 0.021456396 -0.004631088
v -0.012387856 0.021456396 -0.004631088
v -0.012387856 0.021456396 0.004631088
v -0.012387856 0.021456396 0.004631088
v -0.012365418 -0.021417532 -0.004682553
v -0.012365418 -0.021417532 -0.004682553
v -0.012365418 0.021417532 0.0046825525
v -0.012341276 -0.021375718 0.0047308365
v -0.012341276 0.021375718 0.0047308365
v -0.012315543 -0.021331148 -0.0047757113
v -0.012315543 -0.021331148 0.0047757113
v -0.012315543 0.021331148 -0.0047757113
v -0.012315543 0.021331148 0.0047757113
v -0.01228834 0.021284029 0.0048169694
v -0.012259792 -0.021234583 0.0048544193
v -0.012259792 0.021234583 0.0048544193
v -0.012230032 -0.021183038 -0.004887885
v -0.012230032 0.021183038 -0.004887885
v -0.0121992 -0.021129634 0.004917212
v -0.012167439 -0.021074623 -0.0049422607
v -0.012167439 0.021074623 -0.0049422607
v -0.012134898 -0.021018261 0.004962917
v -0.012134898 0.021018261 -0.004962917
v -0.0121017285 0.020960808 0.0049790842
v -0.012068083 -0.020902533 -0.0049906857
v -0.012068083 -0.020902533 0.0049906853
v -0.012068083 0.020902533 0.0049906853
v -0.01203412 0.020843709 -0.004997669
v -0.012 -0.020784609 -0.005
v -0.012 -0.020784609 -0.005
v -0.012 -0.020784609 0.0049999994
v -0.012 0.020784609 -0.005
v -0.012 0.020784609 -0.005
v -0.012 0.020784609 0.0049999994
v -0.010959278 -0.022469848 -0.004
v -0.010959278 -0.022469848 0.0039999997
v -0.010959278 0.022469848 -0.004
v -0.010959278 0.022469848 0.0039999997
v -0.010958256 -0.022467757 -0.0040682424
v -0.010958256 0.022467757 -0.0040682424
v -0.010958256 0.022467757 0.0040682424
v -0.010955195 -0.022461478 0.0041361665
v -0.010955195 0.022461478 -0.0041361665
v -0.010955195 0.022461478 0.0041361665
v -0.01095011 -0.022451052 -0.004203456
v -0.01095011 0.022451052 0.0042034565
v -0.010943023 0.02243652 0.0042697964
v -0.010933967 -0.022417955 0.0043348796
v -0.010933967 0.022417955 -0.0043348796
v -0.010933967 0.022417955 0.0043348796
v -0.010922986 -0.022395441 -0.004398401
v -0.010922986 0.022395441 0.004398401
v -0.01091013 -0.022369081 -0.004460065
v -0.01091013 -0.022369081 0.004460064
v -0.01091013 0.022369081 -0.004460065
v -0.01091013 0.022369081 0.004460064
v -0.010895459 0.022339005 -0.0045195837
v -0.0108790435 -0.022305345 -0.0045766803
v -0.0108790435 -0.022305345 -0.0045766803
v -0.0108790435 0.022305345 0.00457668
v -0.010860956 -0.022268262 0.004631088
v -0.010860956 -0.022268262 0.004631088
v -0.010860956 0.022268262 -0.004631088
v -0.010860956 0.022268262 -0.004631088
v -0.010860956 0.022268262 0.004631088
v -0.010860956 0.022268262 0.004631088
v -0.010841285 0.022227928 -0.004682553
v -0.010820118 -0.02218453 -0.0047308356
v -0.010820118 -0.02218453 0.0047308365
v -0.010820118 0.02218453 -0.0047308356
v -0.010820118 0.02218453 0.0047308365
v -0.010797557 -0.022138275 -0.0047757113
v -0.010797557 0.022138275 -0.0047757113
v -0.010797557 0.022138275 0.0047757113
v -0.010773707 0.022089373 0.0048169694
v -0.010748678 -0.022038054 0.0048544193
v -0.010748678 0.022038054 -0.0048544193
v -0.010748678 0.022038054 0.0048544193
v -0.010722587 -0.02198456 -0.004887885
v -0.010722587 0.02198456 0.0048878854
v -0.010695555 -0.021929137 -0.004917211
v -0.010695555 -0.021929137 0.004917212
v -0.010667709 0.021872045 -0.0049422607
v -0.010667709 0.021872045 0.0049422607
v -0.010639179 -0.02181355 0.004962917
v -0.010610097 -0.02175392 -0.0049790842
v -0.010610097 0.02175392 0.0049790842
v -0.010580599 -0.021693442 0.0049906853
v -0.010580599 0.021693442 -0.0049906857
v -0.010520907 -0.021571057 -0.005
v -0.010520907 -0.021571057 -0.005
v -0.010520907 -0.021571057 0.0049999994
v -0.010520907 0.021571057 -0.005
v -0.010520907 0.021571057 -0.005
v -0.010520907 0.021571057 0.0049999994
v -0.009365165 -0.023179594 -0.004
v -0.009365165 -0.023179594 0.0039999997
v -0.009365165 0.023179594 -0.004
v -0.009365165 0.023179594 0.0039999997
v -0.00936429 0.023177436 0.0040682424
v -0.009361676 0.02317096 -0.0041361665
v -0.009357329 -0.023160204 -0.004203456
v -0.009357329 -0.023160204 0.0042034565
v -0.009357329 0.023160204 -0.004203456
v -0.009351273 -0.023145212 0.0042697964
v -0.009351273 0.023145212 -0.004269797
v -0.009351273 0.023145212 0.0042697964
v -0.009343536 -0.02312606 -0.0043348796
v -0.009343536 0.02312606 0.0043348796
v -0.009334152 0.023102837 -0.004398401
v -0.009334152 0.023102837 0.004398401
v -0.009323166 -0.023075644 -0.004460065
v -0.009323166 -0.023075644 0.004460064
v -0.009323166 0.023075644 -0.004460065
v -0.009323166 0.023075644 0.004460064
v -0.009310629 -0.023044614 0.0045195837
v -0.009310629 0.023044614 -0.0045195837
v -0.009310629 0.023044614 0.0045195837
v -0.009296601 0.023009893 -0.0045766803
v -0.009296601 0.023009893 0.00457668
v -0.009296601 0.023009893 0.00457668
v -0.0092811445 -0.02297164 -0.004631088
v -0.0092811445 -0.02297164 -0.004631088
v -0.0092811445 -0.02297164 0.004631088
v -0.0092811445 -0.02297164 0.004631088
v -0.0092811445 0.02297164 -0.004631088
v -0.0092811445 0.02297164 -0.004631088
v -0.009246247 -0.022885265 -0.0047308356
v -0.009246247 -0.022885265 0.0047308365
v -0.009246247 0.022885265 -0.0047308356
v -0.009246247 0.022885265 0.0047308365
v -0.009226968 0.022837548 -0.0047757113
v -0.009226968 0.022837548 0.0047757113
v -0.0092065865 -0.022787102 -0.00481697
v -0.0092065865 0.022787102 -0.00481697
v -0.009185198 -0.02273416 -0.0048544193
v -0.009185198 -0.02273416 0.0048544193
v -0.009185198 0.02273416 0.0048544193
v -0.009162902 0.022678975 -0.004887885
v -0.009139802 -0.022621803 -0.004917211
v -0.009116006 -0.022562908 0.0049422607
v -0.009116006 0.022562908 0.0049422607
v -0.009091626 -0.022502562 -0.004962917
v -0.009091626 0.022502562 -0.004962917
v -0.0090667745 -0.022441054 0.0049790842
v -0.0090667745 0.022441054 0.0049790842
v -0.009041567 -0.022378663 -0.0049906857
v -0.009016123 0.022315685 -0.004997669
v -0.009016123 0.022315685 0.0049976683
v -0.008990558 -0.02225241 -0.005
v -0.008990558 -0.02225241 -0.005
v -0.008990558 -0.02225241 0.0049999994
v -0.008990558 0.02225241 -0.005
v -0.008990558 0.02225241 -0.005
v -0.008990558 0.02225241 0.0049999994
v -0.0085 -2.1148358E-17 0.0049999994
v -0.0085 -2.1148358E-17 0.0049999994
v -0.0085 4.5924256E-19 -0.005
v -0.0085 4.5924256E-19 -0.005
v -0.008479294 -0.00059293 -0.005
v -0.008479294 -0.00059293 -0.005
v -0.008479294 -0.00059293 0.0049999994
v -0.008479294 -0.00059293 0.0049999994
v -0.008479294 0.00059293 -0.005
v -0.008479294 0.00059293 -0.005
v -0.008479294 0.00059293 0.0049999994
v -0.008479294 0.00059293 0.0049999994
v -0.0084172785 -0.0011829713 -0.005
v -0.0084172785 -0.0011829713 -0.005
v -0.0084172785 -0.0011829713 0.0049999994
v -0.0084172785 -0.0011829713 0.0049999994
v -0.0084172785 0.0011829713 -0.005
v -0.0084172785 0.0011829713 -0.005
v -0.0084172785 0.0011829713 0.0049999994
v -0.0084172785 0.0011829713 0.0049999994
v -0.008314255 -0.0017672493 -0.005
v -0.008314255 -0.0017672493 -0.005
v -0.008314255 -0.0017672493 0.0049999994
v -0.008314255 -0.0017672493 0.0049999994
v -0.008314255 0.0017672493 -0.005
v -0.008314255 0.0017672493 -0.005
v -0.008314255 0.0017672493 0.0049999994
v -0.008314255 0.0017672493 0.0049999994
v -0.008170725 -0.0023429175 -0.005
v -0.008170725 -0.0023429175 -0.005
v -0.008170725 -0.0023429175 0.0049999994
v -0.008170725 -0.0023429175 0.0049999994
v -0.008170725 0.0023429175 -0.005
v -0.008170725 0.0023429175 -0.005
v -0.008170725 0.0023429175 0.0049999994
v -0.008170725 0.0023429175 0.0049999994
v -0.007987387 -0.0029071711 -0.005
v -0.007987387 -0.0029071711 -0.005
v -0.007987387 -0.0029071711 0.0049999994
v -0.007987387 -0.0029071711 0.0049999994
v -0.007987387 0.0029071711 -0.005
v -0.007987387 0.0029071711 -0.005
v -0.007987387 0.0029071711 0.0049999994
v -0.007987387 0.0029071711 0.0049999994
v -0.007765136 -0.0034572615 -0.005
v -0.007765136 -0.0034572615 -0.005
v -0.007765136 -0.0034572615 0.0049999994
v -0.007765136 -0.0034572615 0.0049999994
v -0.007765136 0.0034572615 -0.005
v -0.007765136 0.0034572615 -0.005
v -0.007765136 0.0034572615 0.0049999994
v -0.007765136 0.0034572615 0.0049999994
v -0.0077254246 -0.023776412 -0.004
v -0.0077254246 -0.023776412 0.0039999997
v -0.0077254246 0.023776412 -0.004
v -0.0077254246 0.023776412 0.0039999997
v -0.0077247047 -0.023774194 -0.0040682424
v -0.0077247047 0.023774194 -0.0040682424
v -0.0077247047 0.023774194 0.0040682424
v -0.007722547 -0.023767555 0.0041361665
v -0.007722547 0.023767555 0.0041361665
v -0.0077189617 -0.02375652 0.0042034565
v -0.0077189617 0.02375652 -0.004203456
v -0.0077189617 0.02375652 0.0042034565
v -0.0077139656 -0.023741145 -0.004269797
v -0.0077139656 0.023741145 -0.004269797
v -0.007707582 0.0237215 -0.0043348796
v -0.007707582 0.0237215 0.0043348796
v -0.0076998416 -0.023697676 -0.004398401
v -0.0076998416 -0.023697676 0.004398401
v -0.0076998416 0.023697676 -0.004398401
v -0.0076998416 0.023697676 0.004398401
v -0.0076907794 0.023669783 -0.004460065
v -0.0076907794 0.023669783 0.004460064
v -0.007680438 -0.023637958 -0.0045195837
v -0.007680438 -0.023637958 0.0045195837
v -0.007680438 0.023637958 -0.0045195837
v -0.007680438 0.023637958 0.0045195837
v -0.0076688654 -0.02360234 -0.0045766803
v -0.0076688654 -0.02360234 0.00457668
v -0.0076688654 0.02360234 -0.0045766803
v -0.0076561156 0.0235631 0.004631088
v -0.0076422486 -0.023520421 0.0046825525
v -0.0076422486 -0.023520421 0.0046825525
v -0.0076422486 0.023520421 -0.004682553
v -0.0076422486 0.023520421 -0.004682553
v -0.0076422486 0.023520421 0.0046825525
v -0.0076422486 0.023520421 0.0046825525
v -0.0076273284 -0.023474501 -0.0047308356
v -0.0076273284 -0.023474501 -0.0047308356
v -0.0076273284 0.023474501 -0.0047308356
v -0.0076273284 0.023474501 0.0047308365
v -0.0076114247 0.023425557 0.0047757113
v -0.007594612 -0.023373812 -0.00481697
v -0.007594612 -0.023373812 0.0048169694
v -0.007594612 0.023373812 0.0048169694
v -0.007576968 0.02331951 -0.0048544193
v -0.007558576 0.023262905 -0.004887885
v -0.007558576 0.023262905 0.0048878854
v -0.00753952 -0.023204258 -0.004917211
v -0.00753952 -0.023204258 0.004917212
v -0.00753952 0.023204258 -0.004917211
v -0.007505054 -0.003990508 -0.005
v -0.007505054 -0.003990508 -0.005
v -0.007505054 -0.003990508 0.0049999994
v -0.007505054 -0.003990508 0.0049999994
v -0.007505054 0.003990508 -0.005
v -0.007505054 0.003990508 -0.005
v -0.007505054 0.003990508 0.0049999994
v -0.007505054 0.003990508 0.0049999994
v -0.0075 -1.8606285E-17 0.0039999997
v -0.0075 -1.8606285E-17 0.0039999997
v -0.0075 -1.3777276E-18 -0.004
v -0.0075 -1.3777276E-18 -0.004
v -0.007499779 -0.023081949 -0.004962917
v -0.007499779 -0.023081949 0.004962917
v -0.007499779 0.023081949 -0.004962917
v -0.007499779 0.023081949 0.004962917
v -0.0074817305 -0.00052317354 -0.004
v -0.0074817305 -0.00052317354 -0.004
v -0.0074817305 -0.00052317354 0.0039999997
v -0.0074817305 -0.00052317354 0.0039999997
v -0.0074817305 0.00052317354 -0.004
v -0.0074817305 0.00052317354 -0.004
v -0.0074817305 0.00052317354 0.0039999997
v -0.0074817305 0.00052317354 0.0039999997
v -0.007479279 0.023018854 -0.0049790842
v -0.007458485 -0.022954859 -0.0049906857
v -0.007458485 -0.022954859 0.0049906853
v -0.007458485 0.022954859 0.0049906853
v -0.00742701 -0.0010437983 -0.004
v -0.00742701 -0.0010437983 -0.004
v -0.00742701 -0.0010437983 0.0039999997
v -0.00742701 -0.0010437983 0.0039999997
v -0.00742701 0.0010437983 -0.004
v -0.00742701 0.0010437983 -0.004
v -0.00742701 0.0010437983 0.0039999997
v -0.00742701 0.0010437983 0.0039999997
v -0.007416408 -0.022825355 -0.005
v -0.007416408 -0.022825355 -0.005
v -0.007416408 -0.022825355 0.0049999994
v -0.007416408 0.022825355 -0.005
v -0.007416408 0.022825355 -0.005
v -0.007416408 0.022825355 0.0049999994
v -0.0073361066 -0.0015593376 -0.004
v -0.0073361066 -0.0015593376 -0.004
v -0.0073361066 -0.0015593376 0.0039999997
v -0.0073361066 -0.0015593376 0.0039999997
v -0.0073361066 0.0015593376 -0.004
v -0.0073361066 0.0015593376 -0.004
v -0.0073361066 0.0015593376 0.0039999997
v -0.0073361066 0.0015593376 0.0039999997
v -0.0072094626 -0.0020672802 -0.004
v -0.0072094626 -0.0020672802 -0.004
v -0.0072094626 -0.0020672802 0.0039999997
v -0.0072094626 -0.0020672802 0.0039999997
v -0.0072094626 0.0020672802 -0.004
v -0.0072094626 0.0020672802 -0.004
v -0.0072094626 0.0020672802 0.0039999997
v -0.0072094626 0.0020672802 0.0039999997
v -0.0072084083 -0.0045043137 -0.005
v -0.0072084083 -0.0045043137 -0.005
v -0.0072084083 -0.0045043137 0.0049999994
v -0.0072084083 -0.0045043137 0.0049999994
v -0.0072084083 0.0045043137 -0.005
v -0.0072084083 0.0045043137 -0.005
v -0.0072084083 0.0045043137 0.0049999994
v -0.0072084083 0.0045043137 0.0049999994
v -0.0070476946 -0.002565151 -0.004
v -0.0070476946 -0.002565151 -0.004
v -0.0070476946 -0.002565151 0.0039999997
v -0.0070476946 -0.002565151 0.0039999997
v -0.0070476946 0.002565151 -0.004
v -0.0070476946 0.002565151 -0.004
v -0.0070476946 0.002565151 0.0039999997
v -0.0070476946 0.002565151 0.0039999997
v -0.006876644 -0.0049961745 -0.005
v -0.006876644 -0.0049961745 -0.005
v -0.006876644 -0.0049961745 0.0049999994
v -0.006876644 -0.0049961745 0.0049999994
v -0.006876644 0.0049961745 -0.005
v -0.006876644 0.0049961745 -0.005
v -0.006876644 0.0049961745 0.0049999994
v -0.006876644 0.0049961745 0.0049999994
v -0.0068515907 -0.0030505245 -0.004
v -0.0068515907 -0.0030505245 -0.004
v -0.0068515907 -0.0030505245 0.0039999997
v -0.0068515907 -0.0030505245 0.0039999997
v -0.0068515907 0.0030505245 -0.004
v -0.0068515907 0.0030505245 -0.004
v -0.0068515907 0.0030505245 0.0039999997
v -0.0068515907 0.0030505245 0.0039999997
v -0.006622107 -0.0035210368 -0.004
v -0.006622107 -0.0035210368 -0.004
v -0.006622107 -0.0035210368 0.0039999997
v -0.006622107 -0.0035210368 0.0039999997
v -0.006622107 0.0035210368 -0.004
v -0.006622107 0.0035210368 -0.004
v -0.006622107 0.0035210368 0.0039999997
v -0.006622107 0.0035210368 0.0039999997
v -0.0065113776 -0.0054636947 -0.005
v -0.0065113776 -0.0054636947 -0.005
v -0.0065113776 -0.0054636947 0.0049999994
v -0.0065113776 -0.0054636947 0.0049999994
v -0.0065113776 0.0054636947 -0.005
v -0.0065113776 0.0054636947 -0.005
v -0.0065113776 0.0054636947 0.0049999994
v -0.0065113776 0.0054636947 0.0049999994
v -0.006360361 -0.0039743944 -0.004
v -0.006360361 -0.0039743944 -0.004
v -0.006360361 -0.0039743944 0.0039999997
v -0.006360361 -0.0039743944 0.0039999997
v -0.006360361 0.0039743944 -0.004
v -0.006360361 0.0039743944 -0.004
v -0.006360361 0.0039743944 0.0039999997
v -0.006360361 0.0039743944 0.0039999997
v -0.006114388 -0.0059045963 -0.005
v -0.006114388 -0.0059045963 -0.005
v -0.006114388 -0.0059045963 0.0049999994
v -0.006114388 -0.0059045963 0.0049999994
v -0.006114388 0.0059045963 -0.005
v -0.006114388 0.0059045963 -0.005
v -0.006114388 0.0059045963 0.0049999994
v -0.006114388 0.0059045963 0.0049999994
v -0.0060676276 -0.0044083893 -0.004
v -0.0060676276 -0.0044083893 -0.004
v -0.0060676276 -0.0044083893 0.0039999997
v -0.0060676276 -0.0044083893 0.0039999997
v -0.0060676276 0.0044083893 -0.004
v -0.0060676276 0.0044083893 -0.004
v -0.0060676276 0.0044083893 0.0039999997
v -0.0060676276 0.0044083893 0.0039999997
v -0.0060480474 -0.024257392 -0.004
v -0.0060480474 -0.024257392 0.0039999997
v -0.0060480474 0.024257392 -0.004
v -0.0060480474 0.024257392 0.0039999997
v -0.0060474835 -0.02425513 0.0040682424
v -0.0060474835 0.02425513 -0.0040682424
v -0.0060474835 0.02425513 0.0040682424
v -0.0060457936 -0.024248356 -0.0041361665
v -0.0060457936 0.024248356 -0.0041361665
v -0.0060429876 -0.024237098 0.0042034565
v -0.0060429876 0.024237098 -0.004203456
v -0.0060390765 -0.024221413 -0.004269797
v -0.0060390765 0.024221413 -0.004269797
v -0.0060390765 0.024221413 0.0042697964
v -0.006034079 -0.024201369 0.0043348796
v -0.006034079 0.024201369 -0.0043348796
v -0.006034079 0.024201369 0.0043348796
v -0.006028019 0.024177061 -0.004398401
v -0.0060209245 -0.02414861 -0.004460065
v -0.0060209245 -0.02414861 0.004460064
v -0.006012828 0.024116136 0.0045195837
v -0.006003768 -0.0240798 0.00457668
v -0.006003768 0.0240798 -0.0045766803
v -0.006003768 0.0240798 0.00457668
v -0.0059937867 -0.024039766 -0.004631088
v -0.0059937867 0.024039766 -0.004631088
v -0.0059937867 0.024039766 0.004631088
v -0.0059829303 -0.023996225 0.0046825525
v -0.0059829303 -0.023996225 0.0046825525
v -0.0059829303 0.023996225 -0.004682553
v -0.0059829303 0.023996225 -0.004682553
v -0.0059829303 0.023996225 0.0046825525
v -0.0059829303 0.023996225 0.0046825525
v -0.0059712497 -0.023949375 -0.0047308356
v -0.0059712497 -0.023949375 -0.0047308356
v -0.0059712497 -0.023949375 0.0047308365
v -0.0059712497 0.023949375 0.0047308365
v -0.0059456364 -0.023846647 -0.00481697
v -0.0059456364 -0.023846647 0.0048169694
v -0.0059456364 0.023846647 -0.00481697
v -0.0059318244 0.023791248 -0.0048544193
v -0.0059318244 0.023791248 0.0048544193
v -0.005917425 -0.023733497 0.0048878854
v -0.005917425 0.023733497 -0.004887885
v -0.0059025073 -0.023673665 -0.004917211
v -0.0059025073 0.023673665 -0.004917211
v -0.0059025073 0.023673665 0.004917212
v -0.00588714 -0.02361203 0.0049422607
v -0.00588714 0.02361203 -0.0049422607
v -0.0058713946 -0.023548879 -0.004962917
v -0.0058713946 -0.023548879 0.004962917
v -0.0058713946 0.023548879 -0.004962917
v -0.0058713946 0.023548879 0.004962917
v -0.005855346 -0.023484508 -0.0049790842
v -0.005839067 -0.02341922 0.0049906853
v -0.005839067 0.02341922 -0.0049906857
v -0.005839067 0.02341922 0.0049906853
v -0.0058061252 -0.023287095 -0.005
v -0.0058061252 -0.023287095 -0.005
v -0.0058061252 -0.023287095 0.0049999994
v -0.0058061252 0.023287095 -0.005
v -0.0058061252 0.023287095 -0.005
v -0.0058061252 0.023287095 0.0049999994
v -0.005745333 -0.004820907 -0.004
v -0.005745333 -0.004820907 -0.004
v -0.005745333 -0.004820907 0.0039999997
v -0.005745333 -0.004820907 0.0039999997
v -0.005745333 0.004820907 -0.004
v -0.005745333 0.004820907 -0.004
v -0.005745333 0.004820907 0.0039999997
v -0.005745333 0.004820907 0.0039999997
v -0.0056876102 -0.0063167308 -0.005
v -0.0056876102 -0.0063167308 -0.005
v -0.0056876102 -0.0063167308 0.0049999994
v -0.0056876102 -0.0063167308 0.0049999994
v -0.0056876102 0.0063167308 -0.005
v -0.0056876102 0.0063167308 -0.005
v -0.0056876102 0.0063167308 0.0049999994
v -0.0056876102 0.0063167308 0.0049999994
v -0.0053950483 -0.0052099377 -0.004
v -0.0053950483 -0.0052099377 -0.004
v -0.0053950483 -0.0052099377 -0.004
v -0.0053950483 -0.0052099377 0.0039999997
v -0.0053950483 -0.0052099377 0.0039999997
v -0.0053950483 -0.0052099377 0.0039999997
v -0.0053950483 0.0052099377 -0.004
v -0.0053950483 0.0052099377 -0.004
v -0.0053950483 0.0052099377 -0.004
v -0.0053950483 0.0052099377 0.0039999997
v -0.0053950483 0.0052099377 0.0039999997
v -0.0053950483 0.0052099377 0.0039999997
v -0.0052331225 -0.0066980915 -0.005
v -0.0052331225 -0.0066980915 -0.005
v -0.0052331225 -0.0066980915 0.0049999994
v -0.0052331225 -0.0066980915 0.0049999994
v -0.0052331225 0.0066980915 -0.005
v -0.0052331225 0.0066980915 -0.005
v -0.0052331225 0.0066980915 0.0049999994
v -0.0052331225 0.0066980915 0.0049999994
v -0.0050184797 -0.005573586 -0.004
v -0.0050184797 -0.005573586 -0.004
v -0.0050184797 -0.005573586 0.0039999997
v -0.0050184797 -0.005573586 0.0039999997
v -0.0050184797 0.005573586 -0.004
v -0.0050184797 0.005573586 -0.004
v -0.0050184797 0.005573586 0.0039999997
v -0.0050184797 0.005573586 0.0039999997
v -0.00475314 -0.007046819 -0.005
v -0.00475314 -0.007046819 -0.005
v -0.00475314 -0.007046819 0.0049999994
v -0.00475314 -0.007046819 0.0049999994
v -0.00475314 0.007046819 -0.005
v -0.00475314 0.007046819 -0.005
v -0.00475314 0.007046819 0.0049999994
v -0.00475314 0.007046819 0.0049999994
v -0.004617461 -0.0059100804 -0.004
v -0.004617461 -0.0059100804 -0.004
v -0.004617461 -0.0059100804 0.0039999997
v -0.004617461 -0.0059100804 0.0039999997
v -0.004617461 0.0059100804 -0.004
v -0.004617461 0.0059100804 -0.004
v -0.004617461 0.0059100804 0.0039999997
v -0.004617461 0.0059100804 0.0039999997
v -0.0043412047 -0.024620194 -0.004
v -0.0043412047 -0.024620194 0.0039999997
v -0.0043412047 0.024620194 -0.004
v -0.0043412047 0.024620194 0.0039999997
v -0.0043407995 -0.024617897 -0.0040682424
v -0.0043407995 -0.024617897 0.0040682424
v -0.0043407995 0.024617897 -0.0040682424
v -0.0043407995 0.024617897 0.0040682424
v -0.004339587 0.02461102 -0.0041361665
v -0.004339587 0.02461102 0.0041361665
v -0.0043375725 0.024599595 -0.004203456
v -0.0043375725 0.024599595 0.0042034565
v -0.004334765 -0.024583675 -0.004269797
v -0.004334765 -0.024583675 0.0042697964
v -0.004334765 0.024583675 -0.004269797
v -0.004334765 0.024583675 0.0042697964
v -0.004331178 0.024563331 -0.0043348796
v -0.004331178 0.024563331 0.0043348796
v -0.0043268283 -0.024538662 -0.004398401
v -0.0043268283 -0.024538662 0.004398401
v -0.0043268283 0.024538662 -0.004398401
v -0.0043268283 0.024538662 0.004398401
v -0.004321736 -0.024509782 -0.004460065
v -0.004321736 0.024509782 -0.004460065
v -0.004315925 -0.024476822 0.0045195837
v -0.004315925 0.024476822 -0.0045195837
v -0.004315925 0.024476822 0.0045195837
v -0.0043094214 -0.024439942 -0.0045766803
v -0.0043094214 0.024439942 -0.0045766803
v -0.0043094214 0.024439942 0.00457668
v -0.004302257 -0.02439931 0.004631088
v -0.004302257 0.02439931 -0.004631088
v -0.004302257 0.02439931 0.004631088
v -0.0042944644 -0.024355117 -0.004682553
v -0.0042944644 -0.024355117 -0.004682553
v -0.0042944644 -0.024355117 0.0046825525
v -0.0042944644 -0.024355117 0.0046825525
v -0.0042944644 0.024355117 -0.004682553
v -0.0042944644 0.024355117 -0.004682553
v -0.0042944644 0.024355117 0.0046825525
v -0.0042944644 0.024355117 0.0046825525
v -0.0042860806 0.02430757 -0.0047308356
v -0.004277143 -0.024256887 -0.0047757113
v -0.004277143 0.024256887 -0.0047757113
v -0.004267696 -0.024203304 0.0048169694
v -0.004267696 0.024203304 -0.00481697
v -0.004257781 -0.024147077 -0.0048544193
v -0.004257781 -0.024147077 0.0048544193
v -0.004257781 0.024147077 -0.0048544193
v -0.004257781 0.024147077 0.0048544193
v -0.00425 -0.007361216 -0.005
v -0.00425 -0.007361216 -0.005
v -0.00425 -0.007361216 0.0049999994
v -0.00425 -0.007361216 0.0049999994
v -0.00425 0.007361216 -0.005
v -0.00425 0.007361216 -0.005
v -0.00425 0.007361216 0.0049999994
v -0.00425 0.007361216 0.0049999994
v -0.004247445 0.024088461 -0.004887885
v -0.004247445 0.024088461 0.0048878854
v -0.0042367377 0.024027733 0.004917212
v -0.0042257076 -0.023965176 -0.0049422607
v -0.0042257076 -0.023965176 0.0049422607
v -0.0042257076 0.023965176 0.0049422607
v -0.004214406 0.023901083 -0.004962917
v -0.004214406 0.023901083 0.004962917
v -0.004202886 -0.023835748 -0.0049790842
v -0.004202886 -0.023835748 0.0049790842
v -0.0041939467 -0.006217782 -0.004
v -0.0041939467 -0.006217782 -0.004
v -0.0041939467 -0.006217782 0.0039999997
v -0.0041939467 -0.006217782 0.0039999997
v -0.0041939467 0.006217782 -0.004
v -0.0041939467 0.006217782 -0.004
v -0.0041939467 0.006217782 0.0039999997
v -0.0041939467 0.006217782 0.0039999997
v -0.004191201 0.023769485 -0.0049906857
v -0.004191201 0.023769485 0.0049906853
v -0.0041675563 -0.023635384 -0.005
v -0.0041675563 -0.023635384 -0.005
v -0.0041675563 -0.023635384 0.0049999994
v -0.0041675563 0.023635384 -0.005
v -0.0041675563 0.023635384 -0.005
v -0.0041675563 0.023635384 0.0049999994
v -0.00375 -0.0064951903 -0.004
v -0.00375 -0.0064951903 -0.004
v -0.00375 -0.0064951903 0.0039999997
v -0.00375 -0.0064951903 0.0039999997
v -0.00375 0.0064951903 -0.004
v -0.00375 0.0064951903 -0.004
v -0.00375 0.0064951903 0.0039999997
v -0.00375 0.0064951903 0.0039999997
v -0.0037261548 -0.0076397494 -0.005
v -0.0037261548 -0.0076397494 -0.005
v -0.0037261548 -0.0076397494 0.0049999994
v -0.0037261548 -0.0076397494 0.0049999994
v -0.0037261548 0.0076397494 -0.005
v -0.0037261548 0.0076397494 -0.005
v -0.0037261548 0.0076397494 0.0049999994
v -0.0037261548 0.0076397494 0.0049999994
v -0.0032877836 -0.006740955 -0.004
v -0.0032877836 -0.006740955 -0.004
v -0.0032877836 -0.006740955 0.0039999997
v -0.0032877836 -0.006740955 0.0039999997
v -0.0032877836 0.006740955 -0.004
v -0.0032877836 0.006740955 -0.004
v -0.0032877836 0.006740955 0.0039999997
v -0.0032877836 0.006740955 0.0039999997
v -0.003184156 -0.007881063 -0.005
v -0.003184156 -0.007881063 -0.005
v -0.003184156 -0.007881063 0.0049999994
v -0.003184156 -0.007881063 0.0049999994
v -0.003184156 0.007881063 -0.005
v -0.003184156 0.007881063 -0.005
v -0.003184156 0.007881063 0.0049999994
v -0.003184156 0.007881063 0.0049999994
v -0.0028095494 -0.006953879 -0.004
v -0.0028095494 -0.006953879 -0.004
v -0.0028095494 -0.006953879 0.0039999997
v -0.0028095494 -0.006953879 0.0039999997
v -0.0028095494 0.006953879 -0.004
v -0.0028095494 0.006953879 -0.004
v -0.0028095494 0.006953879 0.0039999997
v -0.0028095494 0.006953879 0.0039999997
v -0.0026266442 -0.0080839805 -0.005
v -0.0026266442 -0.0080839805 -0.005
v -0.0026266442 -0.0080839805 0.0049999994
v -0.0026266442 -0.0080839805 0.0049999994
v -0.0026266442 0.0080839805 -0.005
v -0.0026266442 0.0080839805 -0.005
v -0.0026266442 0.0080839805 0.0049999994
v -0.0026266442 0.0080839805 0.0049999994
v -0.0026132115 -0.024863048 -0.004
v -0.0026132115 -0.024863048 0.0039999997
v -0.0026132115 0.024863048 -0.004
v -0.0026132115 0.024863048 0.0039999997
v -0.002612968 0.024860727 -0.0040682424
v -0.0026122378 0.024853785 -0.0041361665
v -0.0026122378 0.024853785 0.0041361665
v -0.0026110252 -0.024842246 -0.004203456
v -0.0026110252 -0.024842246 0.0042034565
v -0.0026110252 0.024842246 -0.004203456
v -0.0026110252 0.024842246 0.0042034565
v -0.0026093354 -0.024826165 -0.004269797
v -0.0026093354 0.024826165 -0.004269797
v -0.0026093354 0.024826165 0.0042697964
v -0.0026071763 0.024805624 -0.0043348796
v -0.0026071763 0.024805624 0.0043348796
v -0.002604558 -0.024780711 -0.004398401
v -0.002604558 -0.024780711 0.004398401
v -0.002604558 0.024780711 -0.004398401
v -0.002604558 0.024780711 0.004398401
v -0.0026014925 -0.024751546 0.004460064
v -0.0026014925 0.024751546 -0.004460065
v -0.0026014925 0.024751546 0.004460064
v -0.0025979942 0.024718262 -0.0045195837
v -0.0025979942 0.024718262 0.0045195837
v -0.0025940798 -0.024681019 -0.0045766803
v -0.0025940798 -0.024681019 0.00457668
v -0.0025940798 0.024681019 -0.0045766803
v -0.0025940798 0.024681019 0.00457668
v -0.0025897669 -0.024639985 -0.004631088
v -0.0025897669 -0.024639985 -0.004631088
v -0.0025897669 0.024639985 -0.004631088
v -0.0025897669 0.024639985 0.004631088
v -0.0025850763 -0.024595357 0.0046825525
v -0.0025850763 -0.024595357 0.0046825525
v -0.0025850763 0.024595357 0.0046825525
v -0.0025850763 0.024595357 0.0046825525
v -0.0025800294 0.02454734 -0.0047308356
v -0.0025800294 0.02454734 -0.0047308356
v -0.0025800294 0.02454734 0.0047308365
v -0.0025746496 -0.024496157 -0.0047757113
v -0.0025746496 -0.024496157 0.0047757113
v -0.0025746496 0.024496157 -0.0047757113
v -0.0025746496 0.024496157 0.0047757113
v -0.0025689625 -0.024442047 -0.00481697
v -0.0025689625 0.024442047 0.0048169694
v -0.0025629944 -0.02438526 0.0048544193
v -0.0025629944 0.02438526 -0.0048544193
v -0.0025567727 0.024326071 -0.004887885
v -0.0025567727 0.024326071 0.0048878854
v -0.0025503275 -0.024264744 -0.004917211
v -0.0025503275 -0.024264744 0.004917212
v -0.0025503275 0.024264744 0.004917212
v -0.0025436874 0.024201568 -0.0049422607
v -0.0025368845 -0.024136845 -0.004962917
v -0.0025368845 -0.024136845 0.004962917
v -0.0025368845 0.024136845 0.004962917
v -0.00252995 -0.024070866 -0.0049790842
v -0.00252995 -0.024070866 0.0049790842
v -0.002522916 0.024003943 -0.0049906857
v -0.002522916 0.024003943 0.0049906853
v -0.0025086831 -0.023868525 -0.005
v -0.0025086831 -0.023868525 -0.005
v -0.0025086831 -0.023868525 0.0049999994
v -0.0025086831 0.023868525 -0.005
v -0.0025086831 0.023868525 -0.005
v -0.0025086831 0.023868525 0.0049999994
v -0.0023176274 -0.007132923 -0.004
v -0.0023176274 -0.007132923 -0.004
v -0.0023176274 -0.007132923 0.0039999997
v -0.0023176274 -0.007132923 0.0039999997
v -0.0023176274 0.007132923 -0.004
v -0.0023176274 0.007132923 -0.004
v -0.0023176274 0.007132923 0.0039999997
v -0.0023176274 0.007132923 0.0039999997
v -0.002056336 -0.008247513 -0.005
v -0.002056336 -0.008247513 -0.005
v -0.002056336 -0.008247513 0.0049999994
v -0.002056336 -0.008247513 0.0049999994
v -0.002056336 0.008247513 -0.005
v -0.002056336 0.008247513 -0.005
v -0.002056336 0.008247513 0.0049999994
v -0.002056336 0.008247513 0.0049999994
v -0.001814414 -0.007277218 -0.004
v -0.001814414 -0.007277218 -0.004
v -0.001814414 -0.007277218 0.0039999997
v -0.001814414 -0.007277218 0.0039999997
v -0.001814414 0.007277218 -0.004
v -0.001814414 0.007277218 -0.004
v -0.001814414 0.007277218 0.0039999997
v -0.001814414 0.007277218 0.0039999997
v -0.0014760095 -0.008370866 -0.005
v -0.0014760095 -0.008370866 -0.005
v -0.0014760095 -0.008370866 0.0049999994
v -0.0014760095 -0.008370866 0.0049999994
v -0.0014760095 0.008370866 -0.005
v -0.0014760095 0.008370866 -0.005
v -0.0014760095 0.008370866 0.0049999994
v -0.0014760095 0.008370866 0.0049999994
v -0.0013023613 -0.0073860576 -0.004
v -0.0013023613 -0.0073860576 -0.004
v -0.0013023613 -0.0073860576 0.0039999997
v -0.0013023613 -0.0073860576 0.0039999997
v -0.0013023613 0.0073860576 -0.004
v -0.0013023613 0.0073860576 -0.004
v -0.0013023613 0.0073860576 0.0039999997
v -0.0013023613 0.0073860576 0.0039999997
v -0.0008884919 -0.008453435 -0.005
v -0.0008884919 -0.008453435 -0.005
v -0.0008884919 -0.008453435 0.0049999994
v -0.0008884919 -0.008453435 0.0049999994
v -0.0008884919 0.008453435 -0.005
v -0.0008884919 0.008453435 -0.005
v -0.0008884919 0.008453435 0.0049999994
v -0.0008884919 0.008453435 0.0049999994
v -0.00087248744 -0.024984771 -0.004
v -0.00087248744 -0.024984771 0.0039999997
v -0.00087248744 0.024984771 -0.004
v -0.00087248744 0.024984771 0.0039999997
v -0.00087240606 0.02498244 -0.0040682424
v -0.00087240606 0.02498244 0.0040682424
v -0.00087216235 -0.024975462 -0.0041361665
v -0.00087216235 -0.024975462 0.0041361665
v -0.00087216235 0.024975462 -0.0041361665
v -0.00087216235 0.024975462 0.0041361665
v -0.0008717574 0.024963867 -0.004203456
v -0.0008717574 0.024963867 0.0042034565
v -0.00087119325 -0.02494771 -0.004269797
v -0.00087119325 -0.02494771 0.0042697964
v -0.00087119325 0.02494771 -0.004269797
v -0.00087119325 0.02494771 0.0042697964
v -0.00087047234 0.024927067 -0.0043348796
v -0.00087047234 0.024927067 0.0043348796
v -0.00086959807 0.024902033 -0.004398401
v -0.00086959807 0.024902033 0.004398401
v -0.00086857466 -0.024872724 -0.004460065
v -0.00086857466 -0.024872724 0.004460064
v -0.00086857466 0.024872724 -0.004460065
v -0.00086857466 0.024872724 0.004460064
v -0.0008674067 0.024839276 -0.0045195837
v -0.0008674067 0.024839276 0.0045195837
v -0.0008660998 -0.024801852 -0.0045766803
v -0.0008660998 -0.024801852 0.00457668
v -0.0008660998 0.024801852 -0.0045766803
v -0.0008630937 -0.024715768 -0.004682553
v -0.0008630937 -0.024715768 -0.004682553
v -0.0008630937 0.024715768 -0.004682553
v -0.0008630937 0.024715768 -0.004682553
v -0.0008630937 0.024715768 0.0046825525
v -0.0008630937 0.024715768 0.0046825525
v -0.0008614086 -0.024667514 -0.0047308356
v -0.0008614086 -0.024667514 0.0047308365
v -0.0008614086 -0.024667514 0.0047308365
v -0.0008614086 0.024667514 -0.0047308356
v -0.0008596126 -0.024616083 0.0047757113
v -0.0008596126 0.024616083 0.0047757113
v -0.00085771375 0.024561707 -0.00481697
v -0.0008557211 -0.024504647 -0.0048544193
v -0.0008557211 0.024504647 0.0048544193
v -0.000853644 -0.024445163 0.0048878854
v -0.000853644 0.024445163 -0.004887885
v -0.0008514919 -0.024383537 -0.004917211
v -0.0008514919 -0.024383537 0.004917212
v -0.00084927503 0.024320053 0.0049422607
v -0.00084700366 -0.024255013 -0.004962917
v -0.00084700366 -0.024255013 0.004962917
v -0.00084700366 0.024255013 -0.004962917
v -0.0008446884 -0.02418871 -0.0049790842
v -0.0008446884 0.02418871 -0.0049790842
v -0.0008446884 0.02418871 0.0049790842
v -0.00084234006 -0.024121463 0.0049906853
v -0.00084234006 0.024121463 0.0049906853
v -0.0008375879 -0.02398538 -0.005
v -0.0008375879 -0.02398538 -0.005
v -0.0008375879 -0.02398538 0.0049999994
v -0.0008375879 0.02398538 -0.005
v -0.0008375879 0.02398538 -0.005
v -0.0008375879 0.02398538 0.0049999994
v -0.0007839635 -0.0074589136 -0.004
v -0.0007839635 -0.0074589136 -0.004
v -0.0007839635 -0.0074589136 0.0039999997
v -0.0007839635 -0.0074589136 0.0039999997
v -0.0007839635 0.0074589136 -0.004
v -0.0007839635 0.0074589136 -0.004
v -0.0007839635 0.0074589136 0.0039999997
v -0.0007839635 0.0074589136 0.0039999997
v -0.0002966457 -0.008494822 -0.005
v -0.0002966457 -0.008494822 -0.005
v -0.0002966457 -0.008494822 0.0049999994
v -0.0002966457 -0.008494822 0.0049999994
v -0.0002966457 0.008494822 -0.005
v -0.0002966457 0.008494822 -0.005
v -0.0002966457 0.008494822 0.0049999994
v -0.0002966457 0.008494822 0.0049999994
v -0.00026174623 -0.007495431 -0.004
v -0.00026174623 -0.007495431 -0.004
v -0.00026174623 -0.007495431 0.0039999997
v -0.00026174623 -0.007495431 0.0039999997
v -0.00026174623 0.007495431 -0.004
v -0.00026174623 0.007495431 -0.004
v -0.00026174623 0.007495431 0.0039999997
v -0.00026174623 0.007495431 0.0039999997
v 0.00026174623 -0.007495431 -0.004
v 0.00026174623 -0.007495431 -0.004
v 0.00026174623 -0.007495431 0.0039999997
v 0.00026174623 -0.007495431 0.0039999997
v 0.00026174623 0.007495431 -0.004
v 0.00026174623 0.007495431 -0.004
v 0.00026174623 0.007495431 0.0039999997
v 0.00026174623 0.007495431 0.0039999997
v 0.0002966457 -0.008494822 -0.005
v 0.0002966457 -0.008494822 -0.005
v 0.0002966457 -0.008494822 0.0049999994
v 0.0002966457 -0.008494822 0.0049999994
v 0.0002966457 0.008494822 -0.005
v 0.0002966457 0.008494822 -0.005
v 0.0002966457 0.008494822 0.0049999994
v 0.0002966457 0.008494822 0.0049999994
v 0.0007839635 -0.0074589136 -0.004
v 0.0007839635 -0.0074589136 -0.004
v 0.0007839635 -0.0074589136 0.0039999997
v 0.0007839635 -0.0074589136 0.0039999997
v 0.0007839635 0.0074589136 -0.004
v 0.0007839635 0.0074589136 -0.004
v 0.0007839635 0.0074589136 0.0039999997
v 0.0007839635 0.0074589136 0.0039999997
v 0.0008375879 -0.02398538 -0.005
v 0.0008375879 -0.02398538 -0.005
v 0.0008375879 -0.02398538 0.0049999994
v 0.0008375879 0.02398538 -0.005
v 0.0008375879 0.02398538 -0.005
v 0.0008375879 0.02398538 0.0049999994
v 0.0008399695 -0.024053581 0.0049976683
v 0.0008399695 0.024053581 -0.004997669
v 0.0008399695 0.024053581 0.0049976683
v 0.00084234006 0.024121463 0.0049906853
v 0.0008446884 -0.02418871 -0.0049790842
v 0.0008446884 -0.02418871 0.0049790842
v 0.0008446884 0.02418871 0.0049790842
v 0.00084700366 -0.024255013 -0.004962917
v 0.00084700366 -0.024255013 0.004962917
v 0.00084700366 0.024255013 -0.004962917
v 0.00084700366 0.024255013 0.004962917
v 0.00084927503 0.024320053 -0.0049422607
v 0.00084927503 0.024320053 0.0049422607
v 0.0008514919 -0.024383537 -0.004917211
v 0.0008514919 -0.024383537 0.004917212
v 0.0008514919 0.024383537 0.004917212
v 0.000853644 0.024445163 0.0048878854
v 0.0008557211 -0.024504647 0.0048544193
v 0.0008557211 0.024504647 -0.0048544193
v 0.0008557211 0.024504647 0.0048544193
v 0.00085771375 -0.024561707 -0.00481697
v 0.00085771375 0.024561707 -0.00481697
v 0.00085771375 0.024561707 0.0048169694
v 0.0008596126 -0.024616083 -0.0047757113
v 0.0008596126 0.024616083 -0.0047757113
v 0.0008614086 -0.024667514 0.0047308365
v 0.0008614086 -0.024667514 0.0047308365
v 0.0008614086 0.024667514 -0.0047308356
v 0.0008614086 0.024667514 -0.0047308356
v 0.0008614086 0.024667514 0.0047308365
v 0.0008614086 0.024667514 0.0047308365
v 0.0008630937 0.024715768 0.0046825525
v 0.00086465984 -0.024760617 -0.004631088
v 0.00086465984 -0.024760617 -0.004631088
v 0.00086465984 -0.024760617 0.004631088
v 0.00086465984 0.024760617 0.004631088
v 0.0008660998 -0.024801852 -0.0045766803
v 0.0008660998 0.024801852 -0.0045766803
v 0.0008660998 0.024801852 0.00457668
v 0.0008674067 -0.024839276 0.0045195837
v 0.0008674067 0.024839276 -0.0045195837
v 0.00086857466 -0.024872724 -0.004460065
v 0.00086857466 0.024872724 -0.004460065
v 0.00086959807 -0.024902033 0.004398401
v 0.00086959807 0.024902033 -0.004398401
v 0.00086959807 0.024902033 0.004398401
v 0.00087047234 0.024927067 -0.0043348796
v 0.00087047234 0.024927067 0.0043348796
v 0.00087119325 -0.02494771 -0.004269797
v 0.00087119325 -0.02494771 0.0042697964
v 0.00087119325 0.02494771 -0.004269797
v 0.00087119325 0.02494771 0.0042697964
v 0.0008717574 0.024963867 -0.004203456
v 0.0008717574 0.024963867 0.0042034565
v 0.00087216235 -0.024975462 -0.0041361665
v 0.00087216235 -0.024975462 0.0041361665
v 0.00087216235 0.024975462 -0.0041361665
v 0.00087216235 0.024975462 0.0041361665
v 0.00087240606 0.02498244 -0.0040682424
v 0.00087240606 0.02498244 0.0040682424
v 0.00087248744 -0.024984771 -0.004
v 0.00087248744 -0.024984771 0.0039999997
v 0.00087248744 0.024984771 -0.004
v 0.00087248744 0.024984771 0.0039999997
v 0.0008884919 -0.008453435 -0.005
v 0.0008884919 -0.008453435 -0.005
v 0.0008884919 -0.008453435 0.0049999994
v 0.0008884919 -0.008453435 0.0049999994
v 0.0008884919 0.008453435 -0.005
v 0.0008884919 0.008453435 -0.005
v 0.0008884919 0.008453435 0.0049999994
v 0.0008884919 0.008453435 0.0049999994
v 0.0013023613 -0.0073860576 -0.004
v 0.0013023613 -0.0073860576 -0.004
v 0.0013023613 -0.0073860576 0.0039999997
v 0.0013023613 -0.0073860576 0.0039999997
v 0.0013023613 0.0073860576 -0.004
v 0.0013023613 0.0073860576 -0.004
v 0.0013023613 0.0073860576 0.0039999997
v 0.0013023613 0.0073860576 0.0039999997
v 0.0014760095 -0.008370866 -0.005
v 0.0014760095 -0.008370866 -0.005
v 0.0014760095 -0.008370866 0.0049999994
v 0.0014760095 -0.008370866 0.0049999994
v 0.0014760095 0.008370866 -0.005
v 0.0014760095 0.008370866 -0.005
v 0.0014760095 0.008370866 0.0049999994
v 0.0014760095 0.008370866 0.0049999994
v 0.001814414 -0.007277218 -0.004
v 0.001814414 -0.007277218 -0.004
v 0.001814414 -0.007277218 0.0039999997
v 0.001814414 -0.007277218 0.0039999997
v 0.001814414 0.007277218 -0.004
v 0.001814414 0.007277218 -0.004
v 0.001814414 0.007277218 0.0039999997
v 0.001814414 0.007277218 0.0039999997
v 0.002056336 -0.008247513 -0.005
v 0.002056336 -0.008247513 -0.005
v 0.002056336 -0.008247513 0.0049999994
v 0.002056336 -0.008247513 0.0049999994
v 0.002056336 0.008247513 -0.005
v 0.002056336 0.008247513 -0.005
v 0.002056336 0.008247513 0.0049999994
v 0.002056336 0.008247513 0.0049999994
v 0.0023176274 -0.007132923 -0.004
v 0.0023176274 -0.007132923 -0.004
v 0.0023176274 -0.007132923 0.0039999997
v 0.0023176274 -0.007132923 0.0039999997
v 0.0023176274 0.007132923 -0.004
v 0.0023176274 0.007132923 -0.004
v 0.0023176274 0.007132923 0.0039999997
v 0.0023176274 0.007132923 0.0039999997
v 0.0025086831 -0.023868525 -0.005
v 0.0025086831 -0.023868525 -0.005
v 0.0025086831 -0.023868525 0.0049999994
v 0.0025086831 0.023868525 -0.005
v 0.0025086831 0.023868525 -0.005
v 0.0025086831 0.023868525 0.0049999994
v 0.002522916 -0.024003943 0.0049906853
v 0.002522916 0.024003943 -0.0049906857
v 0.002522916 0.024003943 0.0049906853
v 0.00252995 -0.024070866 -0.0049790842
v 0.00252995 0.024070866 0.0049790842
v 0.0025368845 -0.024136845 -0.004962917
v 0.0025368845 -0.024136845 0.004962917
v 0.0025368845 0.024136845 -0.004962917
v 0.0025436874 0.024201568 0.0049422607
v 0.0025503275 -0.024264744 -0.004917211
v 0.0025503275 -0.024264744 0.004917212
v 0.0025503275 0.024264744 -0.004917211
v 0.0025567727 0.024326071 -0.004887885
v 0.0025567727 0.024326071 0.0048878854
v 0.0025629944 -0.02438526 0.0048544193
v 0.0025629944 0.02438526 0.0048544193
v 0.0025689625 -0.024442047 -0.00481697
v 0.0025689625 0.024442047 -0.00481697
v 0.0025689625 0.024442047 0.0048169694
v 0.0025746496 -0.024496157 -0.0047757113
v 0.0025746496 0.024496157 -0.0047757113
v 0.0025800294 -0.02454734 0.0047308365
v 0.0025800294 -0.02454734 0.0047308365
v 0.0025800294 0.02454734 -0.0047308356
v 0.0025850763 -0.024595357 -0.004682553
v 0.0025850763 -0.024595357 -0.004682553
v 0.0025850763 0.024595357 -0.004682553
v 0.0025850763 0.024595357 -0.004682553
v 0.0025850763 0.024595357 0.0046825525
v 0.0025850763 0.024595357 0.0046825525
v 0.0025897669 -0.024639985 0.004631088
v 0.0025897669 0.024639985 -0.004631088
v 0.0025897669 0.024639985 0.004631088
v 0.0025940798 0.024681019 -0.0045766803
v 0.0025979942 -0.024718262 -0.0045195837
v 0.0025979942 -0.024718262 0.0045195837
v 0.0026014925 -0.024751546 -0.004460065
v 0.0026014925 0.024751546 0.004460064
v 0.002604558 -0.024780711 0.004398401
v 0.002604558 0.024780711 -0.004398401
v 0.002604558 0.024780711 0.004398401
v 0.0026071763 -0.024805624 -0.0043348796
v 0.0026071763 0.024805624 -0.0043348796
v 0.0026071763 0.024805624 0.0043348796
v 0.0026093354 -0.024826165 0.0042697964
v 0.0026093354 0.024826165 -0.004269797
v 0.0026093354 0.024826165 0.0042697964
v 0.0026110252 -0.024842246 -0.004203456
v 0.0026110252 0.024842246 0.0042034565
v 0.0026122378 -0.024853785 0.0041361665
v 0.0026122378 0.024853785 -0.0041361665
v 0.0026122378 0.024853785 0.0041361665
v 0.002612968 0.024860727 -0.0040682424
v 0.002612968 0.024860727 0.0040682424
v 0.0026132115 -0.024863048 -0.004
v 0.0026132115 -0.024863048 0.0039999997
v 0.0026132115 0.024863048 -0.004
v 0.0026132115 0.024863048 0.0039999997
v 0.0026266442 -0.0080839805 -0.005
v 0.0026266442 -0.0080839805 -0.005
v 0.0026266442 -0.0080839805 0.0049999994
v 0.0026266442 -0.0080839805 0.0049999994
v 0.0026266442 0.0080839805 -0.005
v 0.0026266442 0.0080839805 -0.005
v 0.0026266442 0.0080839805 0.0049999994
v 0.0026266442 0.0080839805 0.0049999994
v 0.0028095494 -0.006953879 -0.004
v 0.0028095494 -0.006953879 -0.004
v 0.0028095494 -0.006953879 0.0039999997
v 0.0028095494 -0.006953879 0.0039999997
v 0.0028095494 0.006953879 -0.004
v 0.0028095494 0.006953879 -0.004
v 0.0028095494 0.006953879 0.0039999997
v 0.0028095494 0.006953879 0.0039999997
v 0.003184156 -0.007881063 -0.005
v 0.003184156 -0.007881063 -0.005
v 0.003184156 -0.007881063 0.0049999994
v 0.003184156 -0.007881063 0.0049999994
v 0.003184156 0.007881063 -0.005
v 0.003184156 0.007881063 -0.005
v 0.003184156 0.007881063 0.0049999994
v 0.003184156 0.007881063 0.0049999994
v 0.0032877836 -0.006740955 -0.004
v 0.0032877836 -0.006740955 -0.004
v 0.0032877836 -0.006740955 0.0039999997
v 0.0032877836 -0.006740955 0.0039999997
v 0.0032877836 0.006740955 -0.004
v 0.0032877836 0.006740955 -0.004
v 0.0032877836 0.006740955 0.0039999997
v 0.0032877836 0.006740955 0.0039999997
v 0.0037261548 -0.0076397494 -0.005
v 0.0037261548 -0.0076397494 -0.005
v 0.0037261548 -0.0076397494 0.0049999994
v 0.0037261548 -0.0076397494 0.0049999994
v 0.0037261548 0.0076397494 -0.005
v 0.0037261548 0.0076397494 -0.005
v 0.0037261548 0.0076397494 0.0049999994
v 0.0037261548 0.0076397494 0.0049999994
v 0.00375 -0.0064951903 -0.004
v 0.00375 -0.0064951903 -0.004
v 0.00375 -0.0064951903 0.0039999997
v 0.00375 -0.0064951903 0.0039999997
v 0.00375 0.0064951903 -0.004
v 0.00375 0.0064951903 -0.004
v 0.00375 0.0064951903 0.0039999997
v 0.00375 0.0064951903 0.0039999997
v 0.0041675563 -0.023635384 -0.005
v 0.0041675563 -0.023635384 -0.005
v 0.0041675563 -0.023635384 0.0049999994
v 0.0041675563 0.023635384 -0.005
v 0.0041675563 0.023635384 -0.005
v 0.0041675563 0.023635384 0.0049999994
v 0.004191201 0.023769485 0.0049906853
v 0.0041939467 -0.006217782 -0.004
v 0.0041939467 -0.006217782 -0.004
v 0.0041939467 -0.006217782 0.0039999997
v 0.0041939467 -0.006217782 0.0039999997
v 0.0041939467 0.006217782 -0.004
v 0.0041939467 0.006217782 -0.004
v 0.0041939467 0.006217782 0.0039999997
v 0.0041939467 0.006217782 0.0039999997
v 0.004202886 -0.023835748 -0.0049790842
v 0.004202886 -0.023835748 0.0049790842
v 0.004202886 0.023835748 -0.0049790842
v 0.004214406 -0.023901083 -0.004962917
v 0.004214406 0.023901083 -0.004962917
v 0.004214406 0.023901083 0.004962917
v 0.0042257076 -0.023965176 0.0049422607
v 0.0042257076 0.023965176 0.0049422607
v 0.0042367377 -0.024027733 -0.004917211
v 0.0042367377 0.024027733 0.004917212
v 0.004247445 0.024088461 0.0048878854
v 0.00425 -0.007361216 -0.005
v 0.00425 -0.007361216 -0.005
v 0.00425 -0.007361216 0.0049999994
v 0.00425 -0.007361216 0.0049999994
v 0.00425 0.007361216 -0.005
v 0.00425 0.007361216 -0.005
v 0.00425 0.007361216 0.0049999994
v 0.00425 0.007361216 0.0049999994
v 0.004257781 -0.024147077 -0.0048544193
v 0.004257781 -0.024147077 0.0048544193
v 0.004257781 0.024147077 -0.0048544193
v 0.004267696 -0.024203304 0.0048169694
v 0.004267696 0.024203304 0.0048169694
v 0.004277143 -0.024256887 -0.0047757113
v 0.004277143 0.024256887 -0.0047757113
v 0.004277143 0.024256887 0.0047757113
v 0.0042860806 -0.02430757 0.0047308365
v 0.0042860806 -0.02430757 0.0047308365
v 0.0042860806 0.02430757 -0.0047308356
v 0.0042860806 0.02430757 0.0047308365
v 0.0042860806 0.02430757 0.0047308365
v 0.0042944644 -0.024355117 -0.004682553
v 0.0042944644 -0.024355117 -0.004682553
v 0.0042944644 0.024355117 -0.004682553
v 0.0042944644 0.024355117 -0.004682553
v 0.0042944644 0.024355117 0.0046825525
v 0.004302257 -0.02439931 -0.004631088
v 0.004302257 -0.02439931 0.004631088
v 0.004302257 0.02439931 0.004631088
v 0.0043094214 0.024439942 -0.0045766803
v 0.0043094214 0.024439942 0.00457668
v 0.004315925 -0.024476822 -0.0045195837
v 0.004315925 0.024476822 -0.0045195837
v 0.004315925 0.024476822 0.0045195837
v 0.004321736 -0.024509782 0.004460064
v 0.004321736 0.024509782 -0.004460065
v 0.004321736 0.024509782 0.004460064
v 0.0043268283 -0.024538662 -0.004398401
v 0.0043268283 0.024538662 -0.004398401
v 0.0043268283 0.024538662 0.004398401
v 0.004331178 -0.024563331 0.0043348796
v 0.004331178 0.024563331 -0.0043348796
v 0.004331178 0.024563331 0.0043348796
v 0.004334765 -0.024583675 -0.004269797
v 0.004334765 0.024583675 -0.004269797
v 0.004334765 0.024583675 0.0042697964
v 0.0043375725 -0.024599595 -0.004203456
v 0.0043375725 -0.024599595 0.0042034565
v 0.0043375725 0.024599595 -0.004203456
v 0.0043375725 0.024599595 0.0042034565
v 0.004339587 0.02461102 -0.0041361665
v 0.004339587 0.02461102 0.0041361665
v 0.0043407995 -0.024617897 0.0040682424
v 0.0043407995 0.024617897 -0.0040682424
v 0.0043407995 0.024617897 0.0040682424
v 0.0043412047 -0.024620194 -0.004
v 0.0043412047 -0.024620194 0.0039999997
v 0.0043412047 0.024620194 -0.004
v 0.0043412047 0.024620194 0.0039999997
v 0.004617461 -0.0059100804 -0.004
v 0.004617461 -0.0059100804 -0.004
v 0.004617461 -0.0059100804 0.0039999997
v 0.004617461 -0.0059100804 0.0039999997
v 0.004617461 0.0059100804 -0.004
v 0.004617461 0.0059100804 -0.004
v 0.004617461 0.0059100804 0.0039999997
v 0.004617461 0.0059100804 0.0039999997
v 0.00475314 -0.007046819 -0.005
v 0.00475314 -0.007046819 -0.005
v 0.00475314 -0.007046819 0.0049999994
v 0.00475314 -0.007046819 0.0049999994
v 0.00475314 0.007046819 -0.005
v 0.00475314 0.007046819 -0.005
v 0.00475314 0.007046819 0.0049999994
v 0.00475314 0.007046819 0.0049999994
v 0.0050184797 -0.005573586 -0.004
v 0.0050184797 -0.005573586 -0.004
v 0.0050184797 -0.005573586 0.0039999997
v 0.0050184797 -0.005573586 0.0039999997
v 0.0050184797 0.005573586 -0.004
v 0.0050184797 0.005573586 -0.004
v 0.0050184797 0.005573586 0.0039999997
v 0.0050184797 0.005573586 0.0039999997
v 0.0052331225 -0.0066980915 -0.005
v 0.0052331225 -0.0066980915 -0.005
v 0.0052331225 -0.0066980915 0.0049999994
v 0.0052331225 -0.0066980915 0.0049999994
v 0.0052331225 0.0066980915 -0.005
v 0.0052331225 0.0066980915 -0.005
v 0.0052331225 0.0066980915 0.0049999994
v 0.0052331225 0.0066980915 0.0049999994
v 0.0053950483 -0.0052099377 -0.004
v 0.0053950483 -0.0052099377 -0.004
v 0.0053950483 -0.0052099377 -0.004
v 0.0053950483 -0.0052099377 0.0039999997
v 0.0053950483 -0.0052099377 0.0039999997
v 0.0053950483 -0.0052099377 0.0039999997
v 0.0053950483 0.0052099377 -0.004
v 0.0053950483 0.0052099377 -0.004
v 0.0053950483 0.0052099377 -0.004
v 0.0053950483 0.0052099377 0.0039999997
v 0.0053950483 0.0052099377 0.0039999997
v 0.0053950483 0.0052099377 0.0039999997
v 0.0056876102 -0.0063167308 -0.005
v 0.0056876102 -0.0063167308 -0.005
v 0.0056876102 -0.0063167308 0.0049999994
v 0.0056876102 -0.0063167308 0.0049999994
v 0.0056876102 0.0063167308 -0.005
v 0.0056876102 0.0063167308 -0.005
v 0.0056876102 0.0063167308 0.0049999994
v 0.0056876102 0.0063167308 0.0049999994
v 0.005745333 -0.004820907 -0.004
v 0.005745333 -0.004820907 -0.004
v 0.005745333 -0.004820907 0.0039999997
v 0.005745333 -0.004820907 0.0039999997
v 0.005745333 0.004820907 -0.004
v 0.005745333 0.004820907 -0.004
v 0.005745333 0.004820907 0.0039999997
v 0.005745333 0.004820907 0.0039999997
v 0.0058061252 -0.023287095 -0.005
v 0.0058061252 -0.023287095 -0.005
v 0.0058061252 -0.023287095 0.0049999994
v 0.0058061252 0.023287095 -0.005
v 0.0058061252 0.023287095 -0.005
v 0.0058061252 0.023287095 0.0049999994
v 0.005839067 -0.02341922 -0.0049906857
v 0.005839067 -0.02341922 0.0049906853
v 0.005839067 0.02341922 -0.0049906857
v 0.005839067 0.02341922 0.0049906853
v 0.005855346 0.023484508 -0.0049790842
v 0.0058713946 -0.023548879 -0.004962917
v 0.0058713946 -0.023548879 0.004962917
v 0.00588714 -0.02361203 0.0049422607
v 0.00588714 0.02361203 0.0049422607
v 0.0059025073 -0.023673665 -0.004917211
v 0.0059025073 0.023673665 -0.004917211
v 0.005917425 -0.023733497 0.0048878854
v 0.005917425 0.023733497 0.0048878854
v 0.0059318244 0.023791248 -0.0048544193
v 0.0059318244 0.023791248 0.0048544193
v 0.0059456364 -0.023846647 -0.00481697
v 0.0059456364 -0.023846647 0.0048169694
v 0.0059456364 0.023846647 -0.00481697
v 0.0059456364 0.023846647 0.0048169694
v 0.005958799 0.02389944 -0.0047757113
v 0.005958799 0.02389944 0.0047757113
v 0.0059712497 -0.023949375 -0.0047308356
v 0.0059712497 -0.023949375 -0.0047308356
v 0.0059712497 -0.023949375 0.0047308365
v 0.0059712497 -0.023949375 0.0047308365
v 0.0059712497 0.023949375 -0.0047308356
v 0.0059712497 0.023949375 0.0047308365
v 0.0059712497 0.023949375 0.0047308365
v 0.0059829303 0.023996225 -0.004682553
v 0.0059829303 0.023996225 -0.004682553
v 0.0059937867 -0.024039766 -0.004631088
v 0.0059937867 0.024039766 0.004631088
v 0.006003768 -0.0240798 0.00457668
v 0.006003768 0.0240798 -0.0045766803
v 0.006003768 0.0240798 0.00457668
v 0.006012828 -0.024116136 -0.0045195837
v 0.006012828 -0.024116136 0.0045195837
v 0.006012828 0.024116136 -0.0045195837
v 0.006012828 0.024116136 0.0045195837
v 0.0060209245 0.02414861 -0.004460065
v 0.0060209245 0.02414861 0.004460064
v 0.006028019 -0.024177061 -0.004398401
v 0.006028019 0.024177061 -0.004398401
v 0.006028019 0.024177061 0.004398401
v 0.006034079 -0.024201369 -0.0043348796
v 0.006034079 -0.024201369 0.0043348796
v 0.006034079 0.024201369 -0.0043348796
v 0.0060390765 0.024221413 -0.004269797
v 0.0060429876 -0.024237098 0.0042034565
v 0.0060429876 0.024237098 0.0042034565
v 0.0060457936 -0.024248356 -0.0041361665
v 0.0060457936 0.024248356 -0.0041361665
v 0.0060457936 0.024248356 0.0041361665
v 0.0060474835 0.02425513 -0.0040682424
v 0.0060474835 0.02425513 0.0040682424
v 0.0060480474 -0.024257392 -0.004
v 0.0060480474 -0.024257392 0.0039999997
v 0.0060480474 0.024257392 -0.004
v 0.0060480474 0.024257392 0.0039999997
v 0.0060676276 -0.0044083893 -0.004
v 0.0060676276 -0.0044083893 -0.004
v 0.0060676276 -0.0044083893 0.0039999997
v 0.0060676276 -0.0044083893 0.0039999997
v 0.0060676276 0.0044083893 -0.004
v 0.0060676276 0.0044083893 -0.004
v 0.0060676276 0.0044083893 0.0039999997
v 0.0060676276 0.0044083893 0.0039999997
v 0.006114388 -0.0059045963 -0.005
v 0.006114388 -0.0059045963 -0.005
v 0.006114388 -0.0059045963 0.0049999994
v 0.006114388 -0.0059045963 0.0049999994
v 0.006114388 0.0059045963 -0.005
v 0.006114388 0.0059045963 -0.005
v 0.006114388 0.0059045963 0.0049999994
v 0.006114388 0.0059045963 0.0049999994
v 0.006360361 -0.0039743944 -0.004
v 0.006360361 -0.0039743944 -0.004
v 0.006360361 -0.0039743944 0.0039999997
v 0.006360361 -0.0039743944 0.0039999997
v 0.006360361 0.0039743944 -0.004
v 0.006360361 0.0039743944 -0.004
v 0.006360361 0.0039743944 0.0039999997
v 0.006360361 0.0039743944 0.0039999997
v 0.0065113776 -0.0054636947 -0.005
v 0.0065113776 -0.0054636947 -0.005
v 0.0065113776 -0.0054636947 0.0049999994
v 0.0065113776 -0.0054636947 0.0049999994
v 0.0065113776 0.0054636947 -0.005
v 0.0065113776 0.0054636947 -0.005
v 0.0065113776 0.0054636947 0.0049999994
v 0.0065113776 0.0054636947 0.0049999994
v 0.006622107 -0.0035210368 -0.004
v 0.006622107 -0.0035210368 -0.004
v 0.006622107 -0.0035210368 0.0039999997
v 0.006622107 -0.0035210368 0.0039999997
v 0.006622107 0.0035210368 -0.004
v 0.006622107 0.0035210368 -0.004
v 0.006622107 0.0035210368 0.0039999997
v 0.006622107 0.0035210368 0.0039999997
v 0.0068515907 -0.0030505245 -0.004
v 0.0068515907 -0.0030505245 -0.004
v 0.0068515907 -0.0030505245 0.0039999997
v 0.0068515907 -0.0030505245 0.0039999997
v 0.0068515907 0.0030505245 -0.004
v 0.0068515907 0.0030505245 -0.004
v 0.0068515907 0.0030505245 0.0039999997
v 0.0068515907 0.0030505245 0.0039999997
v 0.006876644 -0.0049961745 -0.005
v 0.006876644 -0.0049961745 -0.005
v 0.006876644 -0.0049961745 0.0049999994
v 0.006876644 -0.0049961745 0.0049999994
v 0.006876644 0.0049961745 -0.005
v 0.006876644 0.0049961745 -0.005
v 0.006876644 0.0049961745 0.0049999994
v 0.006876644 0.0049961745 0.0049999994
v 0.0070476946 -0.002565151 -0.004
v 0.0070476946 -0.002565151 -0.004
v 0.0070476946 -0.002565151 0.0039999997
v 0.0070476946 -0.002565151 0.0039999997
v 0.0070476946 0.002565151 -0.004
v 0.0070476946 0.002565151 -0.004
v 0.0070476946 0.002565151 0.0039999997
v 0.0070476946 0.002565151 0.0039999997
v 0.0072084083 -0.0045043137 -0.005
v 0.0072084083 -0.0045043137 -0.005
v 0.0072084083 -0.0045043137 0.0049999994
v 0.0072084083 -0.0045043137 0.0049999994
v 0.0072084083 0.0045043137 -0.005
v 0.0072084083 0.0045043137 -0.005
v 0.0072084083 0.0045043137 0.0049999994
v 0.0072084083 0.0045043137 0.0049999994
v 0.0072094626 -0.0020672802 -0.004
v 0.0072094626 -0.0020672802 -0.004
v 0.0072094626 -0.0020672802 0.0039999997
v 0.0072094626 -0.0020672802 0.0039999997
v 0.0072094626 0.0020672802 -0.004
v 0.0072094626 0.0020672802 -0.004
v 0.0072094626 0.0020672802 0.0039999997
v 0.0072094626 0.0020672802 0.0039999997
v 0.0073361066 -0.0015593376 -0.004
v 0.0073361066 -0.0015593376 -0.004
v 0.0073361066 -0.0015593376 0.0039999997
v 0.0073361066 -0.0015593376 0.0039999997
v 0.0073361066 0.0015593376 -0.004
v 0.0073361066 0.0015593376 -0.004
v 0.0073361066 0.0015593376 0.0039999997
v 0.0073361066 0.0015593376 0.0039999997
v 0.007416408 -0.022825355 -0.005
v 0.007416408 -0.022825355 -0.005
v 0.007416408 -0.022825355 0.0049999994
v 0.007416408 0.022825355 -0.005
v 0.007416408 0.022825355 -0.005
v 0.007416408 0.022825355 0.0049999994
v 0.00742701 -0.0010437983 -0.004
v 0.00742701 -0.0010437983 -0.004
v 0.00742701 -0.0010437983 0.0039999997
v 0.00742701 -0.0010437983 0.0039999997
v 0.00742701 0.0010437983 -0.004
v 0.00742701 0.0010437983 -0.004
v 0.00742701 0.0010437983 0.0039999997
v 0.00742701 0.0010437983 0.0039999997
v 0.007437496 0.022890257 -0.004997669
v 0.007458485 -0.022954859 -0.0049906857
v 0.007458485 -0.022954859 0.0049906853
v 0.007458485 0.022954859 0.0049906853
v 0.007479279 -0.023018854 0.0049790842
v 0.007479279 0.023018854 -0.0049790842
v 0.0074817305 -0.00052317354 -0.004
v 0.0074817305 -0.00052317354 -0.004
v 0.0074817305 -0.00052317354 0.0039999997
v 0.0074817305 -0.00052317354 0.0039999997
v 0.0074817305 0.00052317354 -0.004
v 0.0074817305 0.00052317354 -0.004
v 0.0074817305 0.00052317354 0.0039999997
v 0.0074817305 0.00052317354 0.0039999997
v 0.007499779 0.023081949 0.004962917
v 0.0075 4.5924256E-19 0.0039999997
v 0.0075 4.5924256E-19 0.0039999997
v 0.0075 1.3777276E-18 -0.004
v 0.0075 1.3777276E-18 -0.004
v 0.007505054 -0.003990508 -0.005
v 0.007505054 -0.003990508 -0.005
v 0.007505054 -0.003990508 0.0049999994
v 0.007505054 -0.003990508 0.0049999994
v 0.007505054 0.003990508 -0.005
v 0.007505054 0.003990508 -0.005
v 0.007505054 0.003990508 0.0049999994
v 0.007505054 0.003990508 0.0049999994
v 0.007519891 -0.023143847 -0.0049422607
v 0.007519891 0.023143847 -0.0049422607
v 0.00753952 -0.023204258 0.004917212
v 0.00753952 0.023204258 -0.004917211
v 0.007558576 0.023262905 -0.004887885
v 0.007558576 0.023262905 0.0048878854
v 0.007576968 -0.02331951 -0.0048544193
v 0.007576968 -0.02331951 0.0048544193
v 0.007576968 0.02331951 -0.0048544193
v 0.007594612 0.023373812 -0.00481697
v 0.007594612 0.023373812 0.0048169694
v 0.0076114247 -0.023425557 -0.0047757113
v 0.0076114247 -0.023425557 0.0047757113
v 0.0076114247 0.023425557 -0.0047757113
v 0.0076114247 0.023425557 0.0047757113
v 0.0076273284 -0.023474501 0.0047308365
v 0.0076273284 -0.023474501 0.0047308365
v 0.0076273284 0.023474501 -0.0047308356
v 0.0076273284 0.023474501 0.0047308365
v 0.0076273284 0.023474501 0.0047308365
v 0.0076422486 -0.023520421 -0.004682553
v 0.0076422486 -0.023520421 -0.004682553
v 0.0076422486 0.023520421 -0.004682553
v 0.0076422486 0.023520421 -0.004682553
v 0.0076422486 0.023520421 0.0046825525
v 0.0076422486 0.023520421 0.0046825525
v 0.0076561156 -0.0235631 0.004631088
v 0.0076561156 0.0235631 -0.004631088
v 0.0076561156 0.0235631 0.004631088
v 0.0076688654 -0.02360234 -0.0045766803
v 0.0076688654 -0.02360234 0.00457668
v 0.0076688654 0.02360234 -0.0045766803
v 0.0076688654 0.02360234 0.00457668
v 0.007680438 -0.023637958 -0.0045195837
v 0.007680438 0.023637958 0.0045195837
v 0.0076907794 -0.023669783 0.004460064
v 0.0076907794 0.023669783 -0.004460065
v 0.0076907794 0.023669783 0.004460064
v 0.0076998416 0.023697676 -0.004398401
v 0.0076998416 0.023697676 0.004398401
v 0.007707582 -0.0237215 -0.0043348796
v 0.007707582 -0.0237215 0.0043348796
v 0.007707582 0.0237215 -0.0043348796
v 0.007707582 0.0237215 0.0043348796
v 0.0077139656 -0.023741145 0.0042697964
v 0.0077139656 0.023741145 0.0042697964
v 0.0077189617 -0.02375652 -0.004203456
v 0.0077189617 0.02375652 -0.004203456
v 0.0077189617 0.02375652 0.0042034565
v 0.007722547 -0.023767555 0.0041361665
v 0.007722547 0.023767555 -0.0041361665
v 0.007722547 0.023767555 0.0041361665
v 0.0077247047 0.023774194 -0.0040682424
v 0.0077247047 0.023774194 0.0040682424
v 0.0077254246 -0.023776412 -0.004
v 0.0077254246 -0.023776412 0.0039999997
v 0.0077254246 0.023776412 -0.004
v 0.0077254246 0.023776412 0.0039999997
v 0.007765136 -0.0034572615 -0.005
v 0.007765136 -0.0034572615 -0.005
v 0.007765136 -0.0034572615 0.0049999994
v 0.007765136 -0.0034572615 0.0049999994
v 0.007765136 0.0034572615 -0.005
v 0.007765136 0.0034572615 -0.005
v 0.007765136 0.0034572615 0.0049999994
v 0.007765136 0.0034572615 0.0049999994
v 0.007987387 -0.0029071711 -0.005
v 0.007987387 -0.0029071711 -0.005
v 0.007987387 -0.0029071711 0.0049999994
v 0.007987387 -0.0029071711 0.0049999994
v 0.007987387 0.0029071711 -0.005
v 0.007987387 0.0029071711 -0.005
v 0.007987387 0.0029071711 0.0049999994
v 0.007987387 0.0029071711 0.0049999994
v 0.008170725 -0.0023429175 -0.005
v 0.008170725 -0.0023429175 -0.005
v 0.008170725 -0.0023429175 0.0049999994
v 0.008170725 -0.0023429175 0.0049999994
v 0.008170725 0.0023429175 -0.005
v 0.008170725 0.0023429175 -0.005
v 0.008170725 0.0023429175 0.0049999994
v 0.008170725 0.0023429175 0.0049999994
v 0.008314255 -0.0017672493 -0.005
v 0.008314255 -0.0017672493 -0.005
v 0.008314255 -0.0017672493 0.0049999994
v 0.008314255 -0.0017672493 0.0049999994
v 0.008314255 0.0017672493 -0.005
v 0.008314255 0.0017672493 -0.005
v 0.008314255 0.0017672493 0.0049999994
v 0.008314255 0.0017672493 0.0049999994
v 0.0084172785 -0.0011829713 -0.005
v 0.0084172785 -0.0011829713 -0.005
v 0.0084172785 -0.0011829713 0.0049999994
v 0.0084172785 -0.0011829713 0.0049999994
v 0.0084172785 0.0011829713 -0.005
v 0.0084172785 0.0011829713 -0.005
v 0.0084172785 0.0011829713 0.0049999994
v 0.0084172785 0.0011829713 0.0049999994
v 0.008479294 -0.00059293 -0.005
v 0.008479294 -0.00059293 -0.005
v 0.008479294 -0.00059293 0.0049999994
v 0.008479294 -0.00059293 0.0049999994
v 0.008479294 0.00059293 -0.005
v 0.008479294 0.00059293 -0.005
v 0.008479294 0.00059293 0.0049999994
v 0.008479294 0.00059293 0.0049999994
v 0.0085 -1.622657E-18 0.0049999994
v 0.0085 -1.622657E-18 0.0049999994
v 0.0085 3.582092E-18 -0.005
v 0.0085 3.582092E-18 -0.005
v 0.008990558 -0.02225241 -0.005
v 0.008990558 -0.02225241 -0.005
v 0.008990558 -0.02225241 0.0049999994
v 0.008990558 0.02225241 -0.005
v 0.008990558 0.02225241 -0.005
v 0.008990558 0.02225241 0.0049999994
v 0.009016123 -0.022315685 0.0049976683
v 0.009016123 0.022315685 -0.004997669
v 0.009041567 -0.022378663 -0.0049906857
v 0.009041567 0.022378663 0.0049906853
v 0.0090667745 0.022441054 -0.0049790842
v 0.009116006 -0.022562908 -0.0049422607
v 0.009116006 -0.022562908 0.0049422607
v 0.009116006 0.022562908 -0.0049422607
v 0.009116006 0.022562908 0.0049422607
v 0.009139802 -0.022621803 -0.004917211
v 0.009162902 -0.022678975 0.0048878854
v 0.009162902 0.022678975 -0.004887885
v 0.009162902 0.022678975 0.0048878854
v 0.009185198 -0.02273416 -0.0048544193
v 0.009185198 -0.02273416 0.0048544193
v 0.009185198 0.02273416 0.0048544193
v 0.0092065865 0.022787102 -0.00481697
v 0.0092065865 0.022787102 0.0048169694
v 0.009226968 0.022837548 -0.0047757113
v 0.009226968 0.022837548 0.0047757113
v 0.009246247 -0.022885265 -0.0047308356
v 0.009246247 -0.022885265 0.0047308365
v 0.009246247 -0.022885265 0.0047308365
v 0.009246247 0.022885265 0.0047308365
v 0.009264333 -0.02293003 -0.004682553
v 0.009264333 -0.02293003 -0.004682553
v 0.009264333 0.02293003 -0.004682553
v 0.009264333 0.02293003 -0.004682553
v 0.009264333 0.02293003 0.0046825525
v 0.009264333 0.02293003 0.0046825525
v 0.0092811445 -0.02297164 0.004631088
v 0.0092811445 0.02297164 -0.004631088
v 0.0092811445 0.02297164 0.004631088
v 0.009296601 0.023009893 -0.0045766803
v 0.009296601 0.023009893 0.00457668
v 0.009310629 -0.023044614 -0.0045195837
v 0.009310629 0.023044614 -0.0045195837
v 0.009310629 0.023044614 0.0045195837
v 0.009323166 -0.023075644 0.004460064
v 0.009323166 0.023075644 -0.004460065
v 0.009323166 0.023075644 0.004460064
v 0.009334152 -0.023102837 0.004398401
v 0.009334152 0.023102837 0.004398401
v 0.009343536 -0.02312606 -0.0043348796
v 0.009343536 -0.02312606 0.0043348796
v 0.009343536 0.02312606 0.0043348796
v 0.009351273 0.023145212 -0.004269797
v 0.009357329 -0.023160204 -0.004203456
v 0.009357329 -0.023160204 0.0042034565
v 0.009357329 0.023160204 -0.004203456
v 0.009357329 0.023160204 0.0042034565
v 0.009361676 -0.02317096 0.0041361665
v 0.009361676 0.02317096 -0.0041361665
v 0.009361676 0.02317096 0.0041361665
v 0.00936429 0.023177436 -0.0040682424
v 0.00936429 0.023177436 0.0040682424
v 0.009365165 -0.023179594 -0.004
v 0.009365165 -0.023179594 0.0039999997
v 0.009365165 0.023179594 -0.004
v 0.009365165 0.023179594 0.0039999997
v 0.010520907 -0.021571057 -0.005
v 0.010520907 -0.021571057 -0.005
v 0.010520907 -0.021571057 0.0049999994
v 0.010520907 0.021571057 -0.005
v 0.010520907 0.021571057 -0.005
v 0.010520907 0.021571057 0.0049999994
v 0.010550823 0.021632394 0.0049976683
v 0.010610097 -0.02175392 -0.0049790842
v 0.010610097 -0.02175392 0.0049790842
v 0.010610097 0.02175392 -0.0049790842
v 0.010639179 -0.02181355 0.004962917
v 0.010639179 0.02181355 0.004962917
v 0.010667709 0.021872045 -0.0049422607
v 0.010667709 0.021872045 0.0049422607
v 0.010695555 -0.021929137 -0.004917211
v 0.010695555 -0.021929137 0.004917212
v 0.010722587 -0.02198456 -0.004887885
v 0.010722587 -0.02198456 0.0048878854
v 0.010722587 0.02198456 0.0048878854
v 0.010748678 0.022038054 -0.0048544193
v 0.010748678 0.022038054 0.0048544193
v 0.010773707 -0.022089373 0.0048169694
v 0.010773707 0.022089373 0.0048169694
v 0.010797557 -0.022138275 -0.0047757113
v 0.010820118 -0.02218453 -0.0047308356
v 0.010820118 -0.02218453 -0.0047308356
v 0.010820118 0.02218453 -0.0047308356
v 0.010841285 -0.022227928 0.0046825525
v 0.010841285 -0.022227928 0.0046825525
v 0.010841285 0.022227928 -0.004682553
v 0.010841285 0.022227928 -0.004682553
v 0.010841285 0.022227928 0.0046825525
v 0.010841285 0.022227928 0.0046825525
v 0.010860956 -0.022268262 -0.004631088
v 0.010860956 -0.022268262 0.004631088
v 0.010860956 0.022268262 -0.004631088
v 0.010860956 0.022268262 0.004631088
v 0.0108790435 0.022305345 -0.0045766803
v 0.0108790435 0.022305345 0.00457668
v 0.010895459 -0.022339005 -0.0045195837
v 0.010895459 -0.022339005 0.0045195837
v 0.010895459 0.022339005 -0.0045195837
v 0.010895459 0.022339005 0.0045195837
v 0.01091013 -0.022369081 -0.004460065
v 0.01091013 -0.022369081 0.004460064
v 0.01091013 0.022369081 -0.004460065
v 0.01091013 0.022369081 0.004460064
v 0.010922986 0.022395441 -0.004398401
v 0.010922986 0.022395441 0.004398401
v 0.010933967 -0.022417955 -0.0043348796
v 0.010933967 -0.022417955 0.0043348796
v 0.010933967 0.022417955 -0.0043348796
v 0.010933967 0.022417955 0.0043348796
v 0.010943023 0.02243652 -0.004269797
v 0.010943023 0.02243652 0.0042697964
v 0.01095011 -0.022451052 0.0042034565
v 0.01095011 0.022451052 -0.004203456
v 0.01095011 0.022451052 0.0042034565
v 0.010955195 -0.022461478 -0.0041361665
v 0.010955195 -0.022461478 0.0041361665
v 0.010955195 0.022461478 -0.0041361665
v 0.010955195 0.022461478 0.0041361665
v 0.010958256 0.022467757 -0.0040682424
v 0.010958256 0.022467757 0.0040682424
v 0.010959278 -0.022469848 -0.004
v 0.010959278 -0.022469848 0.0039999997
v 0.010959278 0.022469848 -0.004
v 0.010959278 0.022469848 0.0039999997
v 0.012 -0.020784609 -0.005
v 0.012 -0.020784609 -0.005
v 0.012 -0.020784609 0.0049999994
v 0.012 0.020784609 -0.005
v 0.012 0.020784609 -0.005
v 0.012 0.020784609 0.0049999994
v 0.01203412 0.020843709 0.0049976683
v 0.012068083 -0.020902533 0.0049906853
v 0.012068083 0.020902533 -0.0049906857
v 0.0121017285 -0.020960808 -0.0049790842
v 0.0121017285 0.020960808 0.0049790842
v 0.012134898 -0.021018261 -0.004962917
v 0.012134898 -0.021018261 0.004962917
v 0.012134898 0.021018261 -0.004962917
v 0.012167439 -0.021074623 0.0049422607
v 0.012167439 0.021074623 -0.0049422607
v 0.012167439 0.021074623 0.0049422607
v 0.0121992 -0.021129634 -0.004917211
v 0.0121992 0.021129634 0.004917212
v 0.012230032 -0.021183038 0.0048878854
v 0.012230032 0.021183038 -0.004887885
v 0.012230032 0.021183038 0.0048878854
v 0.012259792 0.021234583 -0.0048544193
v 0.012259792 0.021234583 0.0048544193
v 0.01228834 -0.021284029 -0.00481697
v 0.01228834 -0.021284029 0.0048169694
v 0.01228834 0.021284029 0.0048169694
v 0.012315543 0.021331148 -0.0047757113
v 0.012315543 0.021331148 0.0047757113
v 0.012341276 -0.021375718 -0.0047308356
v 0.012341276 -0.021375718 0.0047308365
v 0.012341276 0.021375718 0.0047308365
v 0.012341276 0.021375718 0.0047308365
v 0.012365418 0.021417532 -0.004682553
v 0.012365418 0.021417532 -0.004682553
v 0.012387856 -0.021456396 -0.004631088
v 0.012387856 -0.021456396 -0.004631088
v 0.012387856 -0.021456396 0.004631088
v 0.012387856 -0.021456396 0.004631088
v 0.012387856 0.021456396 -0.004631088
v 0.012408484 0.021492125 -0.0045766803
v 0.012408484 0.021492125 0.00457668
v 0.012427209 -0.021524558 -0.0045195837
v 0.012427209 -0.021524558 0.0045195837
v 0.012427209 0.021524558 0.0045195837
v 0.012443943 0.02155354 -0.004460065
v 0.012443943 0.02155354 0.004460064
v 0.012458606 -0.021578936 -0.004398401
v 0.012458606 0.021578936 -0.004398401
v 0.012458606 0.021578936 0.004398401
v 0.012471129 -0.021600632 -0.0043348796
v 0.012471129 -0.021600632 0.0043348796
v 0.012471129 0.021600632 -0.0043348796
v 0.012471129 0.021600632 0.0043348796
v 0.012481458 -0.02161852 -0.004269797
v 0.012481458 -0.02161852 0.0042697964
v 0.012481458 0.02161852 -0.004269797
v 0.012481458 0.02161852 0.0042697964
v 0.012489542 0.02163252 -0.004203456
v 0.012489542 0.02163252 0.0042034565
v 0.012495343 -0.02164257 -0.0041361665
v 0.012495343 0.02164257 0.0041361665
v 0.012498834 -0.021648616 -0.0040682424
v 0.012498834 -0.021648616 0.0040682424
v 0.012498834 0.021648616 -0.0040682424
v 0.012498834 0.021648616 0.0040682424
v 0.012499999 -0.021650633 -0.004
v 0.012499999 -0.021650633 0.0039999997
v 0.012499999 0.021650633 -0.004
v 0.012499999 0.021650633 0.0039999997
v 0.013420629 -0.019896902 -0.005
v 0.013420629 -0.019896902 -0.005
v 0.013420629 -0.019896902 0.0049999994
v 0.013420629 0.019896902 -0.005
v 0.013420629 0.019896902 -0.005
v 0.013420629 0.019896902 0.0049999994
v 0.01345879 -0.019953478 -0.004997669
v 0.013496773 -0.02000979 0.0049906853
v 0.013496773 0.02000979 0.0049906853
v 0.013534401 -0.020065574 -0.0049790842
v 0.013534401 -0.020065574 0.0049790842
v 0.013534401 0.020065574 -0.0049790842
v 0.013571498 -0.020120572 0.004962917
v 0.013571498 0.020120572 -0.004962917
v 0.013571498 0.020120572 0.004962917
v 0.013607891 -0.02017453 -0.0049422607
v 0.013607891 0.02017453 0.0049422607
v 0.013643412 -0.02022719 0.004917212
v 0.013643412 0.02022719 -0.004917211
v 0.013677895 -0.020278312 -0.004887885
v 0.013711178 0.020327656 -0.0048544193
v 0.013711178 0.020327656 0.0048544193
v 0.013743104 -0.020374991 0.0048169694
v 0.013743104 0.020374991 -0.00481697
v 0.013743104 0.020374991 0.0048169694
v 0.013773529 -0.020420095 -0.0047757113
v 0.013773529 -0.020420095 0.0047757113
v 0.013773529 0.020420095 0.0047757113
v 0.013802309 0.020462763 -0.0047308356
v 0.013802309 0.020462763 0.0047308365
v 0.013829308 -0.020502793 -0.004682553
v 0.013829308 -0.020502793 -0.004682553
v 0.013829308 -0.020502793 0.0046825525
v 0.013829308 0.020502793 -0.004682553
v 0.013829308 0.020502793 -0.004682553
v 0.013829308 0.020502793 0.0046825525
v 0.013829308 0.020502793 0.0046825525
v 0.013854402 -0.020539993 0.004631088
v 0.013854402 -0.020539993 0.004631088
v 0.013854402 0.020539993 -0.004631088
v 0.013854402 0.020539993 0.004631088
v 0.013854402 0.020539993 0.004631088
v 0.013877474 -0.020574199 -0.0045766803
v 0.013877474 0.020574199 -0.0045766803
v 0.013877474 0.020574199 0.00457668
v 0.013898414 -0.020605247 -0.0045195837
v 0.013898414 -0.020605247 0.0045195837
v 0.013898414 0.020605247 -0.0045195837
v 0.013898414 0.020605247 0.0045195837
v 0.013917129 0.020632992 -0.004460065
v 0.013917129 0.020632992 0.004460064
v 0.013933527 -0.020657305 -0.004398401
v 0.013933527 0.020657305 -0.004398401
v 0.013933527 0.020657305 0.004398401
v 0.013947535 -0.020678071 -0.0043348796
v 0.013947535 -0.020678071 0.0043348796
v 0.013947535 0.020678071 -0.0043348796
v 0.013947535 0.020678071 0.0043348796
v 0.013959086 0.020695196 -0.004269797
v 0.013959086 0.020695196 0.0042697964
v 0.013968127 -0.020708598 -0.004203456
v 0.013968127 -0.020708598 0.0042034565
v 0.013968127 0.020708598 -0.004203456
v 0.013968127 0.020708598 0.0042034565
v 0.0139746135 -0.020718217 -0.0041361665
v 0.0139746135 -0.020718217 0.0041361665
v 0.0139746135 0.020718217 -0.0041361665
v 0.0139746135 0.020718217 0.0041361665
v 0.013978518 -0.020724006 0.0040682424
v 0.013978518 0.020724006 -0.0040682424
v 0.013978518 0.020724006 0.0040682424
v 0.013979822 -0.02072594 -0.004
v 0.013979822 -0.02072594 0.0039999997
v 0.013979822 0.02072594 -0.004
v 0.013979822 0.02072594 0.0039999997
v 0.014775874 -0.018912258 -0.005
v 0.014775874 -0.018912258 -0.005
v 0.014775874 -0.018912258 0.0049999994
v 0.014775874 0.018912258 -0.005
v 0.014775874 0.018912258 -0.005
v 0.014775874 0.018912258 0.0049999994
v 0.01481789 -0.018966032 0.0049976683
v 0.01481789 0.018966032 -0.004997669
v 0.01481789 0.018966032 0.0049976683
v 0.014859708 -0.019019557 -0.0049906857
v 0.014859708 0.019019557 0.0049906853
v 0.014901134 -0.019072583 0.0049790842
v 0.014901134 0.019072583 0.0049790842
v 0.014941979 0.01912486 -0.004962917
v 0.014941979 0.01912486 0.004962917
v 0.014982047 -0.019176146 -0.0049422607
v 0.014982047 -0.019176146 0.0049422607
v 0.014982047 0.019176146 -0.0049422607
v 0.015021156 -0.019226203 -0.004917211
v 0.015059119 -0.019274794 0.0048878854
v 0.015059119 0.019274794 -0.004887885
v 0.015059119 0.019274794 0.0048878854
v 0.015095763 -0.019321693 -0.0048544193
v 0.015095763 0.019321693 -0.0048544193
v 0.015095763 0.019321693 0.0048544193
v 0.015130916 -0.019366689 0.0048169694
v 0.015130916 0.019366689 -0.00481697
v 0.015130916 0.019366689 0.0048169694
v 0.015164411 0.019409562 -0.0047757113
v 0.015164411 0.019409562 0.0047757113
v 0.015196096 -0.019450117 0.0047308365
v 0.015196096 0.019450117 -0.0047308356
v 0.015196096 0.019450117 0.0047308365
v 0.015225823 -0.019488165 -0.004682553
v 0.015225823 -0.019488165 -0.004682553
v 0.015225823 -0.019488165 0.0046825525
v 0.015225823 0.019488165 0.0046825525
v 0.015253451 0.019523527 -0.004631088
v 0.015253451 0.019523527 -0.004631088
v 0.015253451 0.019523527 0.004631088
v 0.015253451 0.019523527 0.004631088
v 0.015278852 -0.01955604 -0.0045766803
v 0.015278852 -0.01955604 -0.0045766803
v 0.015278852 -0.01955604 0.00457668
v 0.015278852 -0.01955604 0.00457668
v 0.015278852 0.01955604 -0.0045766803
v 0.015278852 0.01955604 0.00457668
v 0.015301908 -0.01958555 0.0045195837
v 0.015301908 0.01958555 0.0045195837
v 0.015322512 -0.019611921 0.004460064
v 0.015322512 0.019611921 -0.004460065
v 0.015322512 0.019611921 0.004460064
v 0.015340567 -0.019635031 -0.004398401
v 0.015340567 0.019635031 -0.004398401
v 0.015340567 0.019635031 0.004398401
v 0.015355989 -0.01965477 -0.0043348796
v 0.015355989 0.01965477 0.0043348796
v 0.015368706 -0.019671047 -0.004269797
v 0.015368706 -0.019671047 0.0042697964
v 0.015368706 0.019671047 -0.004269797
v 0.015368706 0.019671047 0.0042697964
v 0.01537866 -0.019683788 -0.004203456
v 0.01537866 -0.019683788 0.0042034565
v 0.01537866 0.019683788 -0.004203456
v 0.01537866 0.019683788 0.0042034565
v 0.015385803 -0.01969293 0.0041361665
v 0.015385803 0.01969293 -0.0041361665
v 0.015385803 0.01969293 0.0041361665
v 0.015390101 -0.019698432 -0.0040682424
v 0.015390101 -0.019698432 0.0040682424
v 0.015390101 0.019698432 -0.0040682424
v 0.015390101 0.019698432 0.0040682424
v 0.015391537 -0.019700268 -0.004
v 0.015391537 -0.019700268 0.0039999997
v 0.015391537 0.019700268 -0.004
v 0.015391537 0.019700268 0.0039999997
v 0.016059134 -0.017835476 -0.005
v 0.016059134 -0.017835476 -0.005
v 0.016059134 -0.017835476 0.0049999994
v 0.016059134 0.017835476 -0.005
v 0.016059134 0.017835476 -0.005
v 0.016059134 0.017835476 0.0049999994
v 0.016104797 -0.01788619 0.0049976683
v 0.016104797 0.01788619 0.0049976683
v 0.016150247 -0.017936667 -0.0049906857
v 0.016195273 -0.017986674 0.0049790842
v 0.016195273 0.017986674 -0.0049790842
v 0.016239664 -0.018035974 0.004962917
v 0.016239664 0.018035974 -0.004962917
v 0.016283212 -0.01808434 -0.0049422607
v 0.016283212 -0.01808434 0.0049422607
v 0.016283212 0.01808434 0.0049422607
v 0.016325718 0.018131545 -0.004917211
v 0.016325718 0.018131545 0.004917212
v 0.016366977 -0.018177371 0.0048878854
v 0.016366977 0.018177371 -0.004887885
v 0.016406804 -0.018221602 -0.0048544193
v 0.016445009 -0.018264033 0.0048169694
v 0.016445009 0.018264033 -0.00481697
v 0.016445009 0.018264033 0.0048169694
v 0.016481413 -0.018304465 0.0047757113
v 0.016481413 0.018304465 -0.0047757113
v 0.016481413 0.018304465 0.0047757113
v 0.016515851 -0.018342711 -0.0047308356
v 0.016515851 -0.018342711 0.0047308365
v 0.016515851 0.018342711 0.0047308365
v 0.016548159 -0.018378593 -0.004682553
v 0.016548159 -0.018378593 0.0046825525
v 0.016548159 0.018378593 -0.004682553
v 0.016548159 0.018378593 -0.004682553
v 0.016548159 0.018378593 0.0046825525
v 0.016578186 -0.018411942 0.004631088
v 0.016578186 -0.018411942 0.004631088
v 0.016605794 -0.018442603 -0.0045766803
v 0.016605794 -0.018442603 -0.0045766803
v 0.016605794 0.018442603 -0.0045766803
v 0.016605794 0.018442603 0.00457668
v 0.016605794 0.018442603 0.00457668
v 0.016630853 0.018470433 -0.0045195837
v 0.016630853 0.018470433 0.0045195837
v 0.016653245 -0.018495303 -0.004460065
v 0.016653245 -0.018495303 0.004460064
v 0.016653245 0.018495303 -0.004460065
v 0.016653245 0.018495303 0.004460064
v 0.016672868 -0.018517097 0.004398401
v 0.016672868 0.018517097 -0.004398401
v 0.016672868 0.018517097 0.004398401
v 0.01668963 -0.018535713 -0.0043348796
v 0.01668963 -0.018535713 0.0043348796
v 0.01668963 0.018535713 -0.0043348796
v 0.01668963 0.018535713 0.0043348796
v 0.016703451 -0.018551063 -0.004269797
v 0.016703451 0.018551063 -0.004269797
v 0.01671427 -0.018563077 0.0042034565
v 0.016722033 -0.018571699 -0.0041361665
v 0.016722033 -0.018571699 0.0041361665
v 0.016722033 0.018571699 -0.0041361665
v 0.016722033 0.018571699 0.0041361665
v 0.016726706 -0.018576887 0.0040682424
v 0.016726706 0.018576887 -0.0040682424
v 0.016726706 0.018576887 0.0040682424
v 0.016728265 -0.01857862 -0.004
v 0.016728265 -0.01857862 0.0039999997
v 0.016728265 0.01857862 -0.004
v 0.016728265 0.01857862 0.0039999997
v 0.017264156 -0.016671801 -0.005
v 0.017264156 -0.016671801 -0.005
v 0.017264156 -0.016671801 0.0049999994
v 0.017264156 0.016671801 -0.005
v 0.017264156 0.016671801 -0.005
v 0.017264156 0.016671801 0.0049999994
v 0.017313244 0.016719205 -0.004997669
v 0.017362105 -0.01676639 0.0049906853
v 0.017362105 0.01676639 0.0049906853
v 0.01741051 -0.016813133 -0.0049790842
v 0.01741051 0.016813133 0.0049790842
v 0.01745823 -0.016859217 0.004962917
v 0.01745823 0.016859217 -0.004962917
v 0.01745823 0.016859217 0.004962917
v 0.017505048 -0.016904427 -0.0049422607
v 0.01755074 -0.016948553 0.004917212
v 0.01755074 0.016948553 -0.004917211
v 0.01755074 0.016948553 0.004917212
v 0.017595097 -0.016991388 0.0048878854
v 0.017595097 0.016991388 0.0048878854
v 0.017637912 -0.017032735 -0.0048544193
v 0.017678984 0.017072396 -0.00481697
v 0.017718121 -0.017110191 -0.0047757113
v 0.017718121 0.017110191 -0.0047757113
v 0.017718121 0.017110191 0.0047757113
v 0.017755143 -0.017145943 0.0047308365
v 0.017755143 0.017145943 -0.0047308356
v 0.017755143 0.017145943 0.0047308365
v 0.017789874 -0.017179482 0.0046825525
v 0.017789874 0.017179482 -0.004682553
v 0.017789874 0.017179482 0.0046825525
v 0.017822156 -0.017210655 -0.004631088
v 0.017822156 -0.017210655 -0.004631088
v 0.017822156 -0.017210655 0.004631088
v 0.017822156 0.017210655 -0.004631088
v 0.017822156 0.017210655 -0.004631088
v 0.017822156 0.017210655 0.004631088
v 0.017822156 0.017210655 0.004631088
v 0.017851833 -0.017239315 -0.0045766803
v 0.017851833 -0.017239315 -0.0045766803
v 0.017851833 -0.017239315 -0.0045766803
v 0.017851833 -0.017239315 0.00457668
v 0.017851833 -0.017239315 0.00457668
v 0.017851833 -0.017239315 0.00457668
v 0.017851833 0.017239315 -0.0045766803
v 0.017851833 0.017239315 0.00457668
v 0.017851833 0.017239315 0.00457668
v 0.017878773 -0.017265331 -0.0045195837
v 0.017878773 -0.017265331 -0.0045195837
v 0.017878773 -0.017265331 0.0045195837
v 0.017878773 -0.017265331 0.0045195837
v 0.017878773 0.017265331 -0.0045195837
v 0.017878773 0.017265331 0.0045195837
v 0.017902846 -0.017288579 -0.004460065
v 0.017902846 -0.017288579 -0.004460065
v 0.017902846 -0.017288579 0.004460064
v 0.017902846 -0.017288579 0.004460064
v 0.017902846 0.017288579 -0.004460065
v 0.017902846 0.017288579 0.004460064
v 0.017923942 -0.017308949 -0.004398401
v 0.017923942 -0.017308949 -0.004398401
v 0.017941961 -0.017326351 -0.0043348796
v 0.017941961 -0.017326351 -0.0043348796
v 0.017941961 0.017326351 -0.0043348796
v 0.017941961 0.017326351 0.0043348796
v 0.01795682 -0.0173407 -0.004269797
v 0.01795682 -0.0173407 -0.004269797
v 0.01795682 -0.0173407 0.0042697964
v 0.01795682 -0.0173407 0.0042697964
v 0.01795682 0.0173407 -0.004269797
v 0.01795682 0.0173407 0.0042697964
v 0.01796845 -0.01735193 -0.004203456
v 0.01796845 -0.01735193 -0.004203456
v 0.01796845 -0.01735193 0.0042034565
v 0.01796845 -0.01735193 0.0042034565
v 0.01796845 0.01735193 -0.004203456
v 0.01796845 0.01735193 0.0042034565
v 0.017976794 -0.017359989 -0.0041361665
v 0.017976794 -0.017359989 -0.0041361665
v 0.017976794 -0.017359989 0.0041361665
v 0.017976794 -0.017359989 0.0041361665
v 0.017976794 0.017359989 -0.0041361665
v 0.017976794 0.017359989 0.0041361665
v 0.017981818 0.01736484 -0.0040682424
v 0.017981818 0.01736484 0.0040682424
v 0.017983494 -0.01736646 -0.004
v 0.017983494 -0.01736646 -0.004
v 0.017983494 -0.01736646 0.0039999997
v 0.017983494 -0.01736646 0.0039999997
v 0.017983494 0.01736646 -0.004
v 0.017983494 0.01736646 0.0039999997
v 0.018385066 -0.015426902 -0.005
v 0.018385066 -0.015426902 -0.005
v 0.018385066 -0.015426902 0.0049999994
v 0.018385066 0.015426902 -0.005
v 0.018385066 0.015426902 -0.005
v 0.018385066 0.015426902 0.0049999994
v 0.018437343 -0.015470768 0.0049976683
v 0.018489374 -0.015514429 -0.0049906857
v 0.018489374 0.015514429 -0.0049906857
v 0.018489374 0.015514429 0.0049906853
v 0.018540923 -0.015557681 0.0049790842
v 0.018540923 0.015557681 0.0049790842
v 0.018591743 -0.015600325 -0.004962917
v 0.018591743 -0.015600325 0.004962917
v 0.018591743 0.015600325 -0.004962917
v 0.018591743 0.015600325 0.004962917
v 0.018641599 -0.015642159 -0.0049422607
v 0.018641599 -0.015642159 0.0049422607
v 0.018641599 0.015642159 -0.0049422607
v 0.018641599 0.015642159 0.0049422607
v 0.01869026 -0.01568299 0.004917212
v 0.01869026 0.01568299 -0.004917211
v 0.01869026 0.01568299 0.004917212
v 0.018737497 -0.015722627 -0.004887885
v 0.018737497 -0.015722627 0.0048878854
v 0.018737497 0.015722627 -0.004887885
v 0.018737497 0.015722627 0.0048878854
v 0.018783089 -0.015760886 0.0048544193
v 0.018783089 0.015760886 -0.0048544193
v 0.018783089 0.015760886 0.0048544193
v 0.01882683 -0.015797585 -0.00481697
v 0.01882683 0.015797585 -0.00481697
v 0.01882683 0.015797585 0.0048169694
v 0.018868508 0.015832556 -0.0047757113
v 0.018868508 0.015832556 0.0047757113
v 0.01890793 -0.015865637 0.0047308365
v 0.01890793 0.015865637 -0.0047308356
v 0.01890793 0.015865637 0.0047308365
v 0.01894492 -0.015896674 -0.004682553
v 0.01894492 -0.015896674 -0.004682553
v 0.01894492 0.015896674 -0.004682553
v 0.01894492 0.015896674 0.0046825525
v 0.018979296 -0.015925521 0.004631088
v 0.018979296 -0.015925521 0.004631088
v 0.018979296 0.015925521 -0.004631088
v 0.018979296 0.015925521 -0.004631088
v 0.018979296 0.015925521 0.004631088
v 0.018979296 0.015925521 0.004631088
v 0.019010901 -0.015952041 -0.0045766803
v 0.019010901 -0.015952041 0.00457668
v 0.019010901 -0.015952041 0.00457668
v 0.019010901 0.015952041 -0.0045766803
v 0.019010901 0.015952041 -0.0045766803
v 0.019010901 0.015952041 -0.0045766803
v 0.019010901 0.015952041 0.00457668
v 0.019010901 0.015952041 0.00457668
v 0.019010901 0.015952041 0.00457668
v 0.01903959 -0.015976112 0.0045195837
v 0.01903959 0.015976112 -0.0045195837
v 0.01903959 0.015976112 -0.0045195837
v 0.01903959 0.015976112 0.0045195837
v 0.01903959 0.015976112 0.0045195837
v 0.019065225 -0.015997624 -0.004460065
v 0.019065225 -0.015997624 0.004460064
v 0.019065225 0.015997624 -0.004460065
v 0.019065225 0.015997624 -0.004460065
v 0.019065225 0.015997624 0.004460064
v 0.019065225 0.015997624 0.004460064
v 0.01908769 -0.016016474 -0.004398401
v 0.01908769 -0.016016474 0.004398401
v 0.01908769 0.016016474 -0.004398401
v 0.01908769 0.016016474 -0.004398401
v 0.01908769 0.016016474 0.004398401
v 0.01908769 0.016016474 0.004398401
v 0.019106878 -0.016032577 -0.0043348796
v 0.019106878 0.016032577 -0.0043348796
v 0.019106878 0.016032577 -0.0043348796
v 0.019122705 -0.016045853 -0.004269797
v 0.019122705 0.016045853 -0.004269797
v 0.019122705 0.016045853 -0.004269797
v 0.019122705 0.016045853 0.0042697964
v 0.019122705 0.016045853 0.0042697964
v 0.019135088 -0.016056245 -0.004203456
v 0.019135088 -0.016056245 0.0042034565
v 0.019135088 0.016056245 -0.004203456
v 0.019135088 0.016056245 -0.004203456
v 0.019135088 0.016056245 0.0042034565
v 0.019135088 0.016056245 0.0042034565
v 0.019143976 -0.016063703 -0.0041361665
v 0.019143976 -0.016063703 0.0041361665
v 0.019143976 0.016063703 -0.0041361665
v 0.019143976 0.016063703 -0.0041361665
v 0.019143976 0.016063703 0.0041361665
v 0.019143976 0.016063703 0.0041361665
v 0.019149326 -0.016068192 0.0040682424
v 0.019149326 0.016068192 -0.0040682424
v 0.019149326 0.016068192 -0.0040682424
v 0.019149326 0.016068192 0.0040682424
v 0.019149326 0.016068192 0.0040682424
v 0.01915111 -0.01606969 -0.004
v 0.01915111 -0.01606969 0.0039999997
v 0.01915111 0.01606969 -0.004
v 0.01915111 0.01606969 -0.004
v 0.01915111 0.01606969 0.0039999997
v 0.01915111 0.01606969 0.0039999997
v 0.019416409 -0.0141068455 -0.005
v 0.019416409 -0.0141068455 -0.005
v 0.019416409 -0.0141068455 0.0049999994
v 0.019416409 0.0141068455 -0.005
v 0.019416409 0.0141068455 -0.005
v 0.019416409 0.0141068455 0.0049999994
v 0.019471617 -0.014146958 0.0049976683
v 0.019471617 0.014146958 0.0049976683
v 0.019526567 -0.014186882 -0.0049906857
v 0.019526567 0.014186882 -0.0049906857
v 0.019581007 -0.014226434 0.0049790842
v 0.019634677 -0.014265428 -0.004962917
v 0.019634677 -0.014265428 0.004962917
v 0.019634677 0.014265428 0.004962917
v 0.01968733 -0.014303682 0.0049422607
v 0.01968733 0.014303682 -0.0049422607
v 0.01968733 0.014303682 0.0049422607
v 0.01973872 -0.01434102 -0.004917211
v 0.019788608 -0.014377264 0.0048878854
v 0.019788608 0.014377264 -0.004887885
v 0.01983676 -0.014412249 -0.0048544193
v 0.01983676 0.014412249 0.0048544193
v 0.019882953 -0.01444581 -0.00481697
v 0.019882953 0.01444581 -0.00481697
v 0.019882953 0.01444581 0.0048169694
v 0.019926969 -0.01447779 0.0047757113
v 0.019926969 0.01447779 -0.0047757113
v 0.019926969 0.01447779 0.0047757113
v 0.019968605 -0.014508041 -0.0047308356
v 0.019968605 -0.014508041 -0.0047308356
v 0.019968605 -0.014508041 0.0047308365
v 0.020007664 -0.014536421 0.0046825525
v 0.020007664 0.014536421 -0.004682553
v 0.020043971 -0.014562797 0.004631088
v 0.020043971 -0.014562797 0.004631088
v 0.020043971 0.014562797 -0.004631088
v 0.020043971 0.014562797 -0.004631088
v 0.020043971 0.014562797 0.004631088
v 0.020043971 0.014562797 0.004631088
v 0.02007735 -0.014587049 0.00457668
v 0.02007735 0.014587049 -0.0045766803
v 0.02007735 0.014587049 0.00457668
v 0.020107647 -0.014609061 -0.0045195837
v 0.020107647 -0.014609061 0.0045195837
v 0.020107647 0.014609061 -0.0045195837
v 0.020107647 0.014609061 0.0045195837
v 0.020134723 -0.014628732 -0.004460065
v 0.020134723 0.014628732 -0.004460065
v 0.020134723 0.014628732 0.004460064
v 0.020158447 -0.0146459695 -0.004398401
v 0.020158447 -0.0146459695 0.004398401
v 0.020158447 0.0146459695 -0.004398401
v 0.020158447 0.0146459695 0.004398401
v 0.020178713 -0.014660692 -0.0043348796
v 0.020178713 0.014660692 -0.0043348796
v 0.020178713 0.014660692 0.0043348796
v 0.020195425 -0.014672834 -0.004269797
v 0.020195425 -0.014672834 0.0042697964
v 0.020195425 0.014672834 -0.004269797
v 0.020195425 0.014672834 0.0042697964
v 0.020208504 -0.014682338 -0.004203456
v 0.020208504 -0.014682338 0.0042034565
v 0.020208504 0.014682338 -0.004203456
v 0.020208504 0.014682338 0.0042034565
v 0.02021789 -0.014689157 -0.0041361665
v 0.02021789 -0.014689157 0.0041361665
v 0.02021789 0.014689157 -0.0041361665
v 0.02022354 0.014693261 0.0040682424
v 0.020225424 -0.014694631 -0.004
v 0.020225424 -0.014694631 0.0039999997
v 0.020225424 0.014694631 -0.004
v 0.020225424 0.014694631 0.0039999997
v 0.020353155 -0.012718062 -0.005
v 0.020353155 -0.012718062 -0.005
v 0.020353155 -0.012718062 0.0049999994
v 0.020353155 0.012718062 -0.005
v 0.020353155 0.012718062 -0.005
v 0.020353155 0.012718062 0.0049999994
v 0.020411026 0.012754225 0.0049976683
v 0.02046863 -0.01279022 -0.0049906857
v 0.02046863 -0.01279022 0.0049906853
v 0.02046863 0.01279022 -0.0049906857
v 0.020581955 -0.012861032 0.004962917
v 0.020581955 0.012861032 -0.004962917
v 0.020581955 0.012861032 0.004962917
v 0.020637149 -0.012895522 -0.0049422607
v 0.020637149 0.012895522 -0.0049422607
v 0.020691015 -0.012929182 0.004917212
v 0.020691015 0.012929182 0.004917212
v 0.020743312 -0.01296186 -0.004887885
v 0.020743312 0.01296186 0.0048878854
v 0.020793786 -0.0129934 0.0048544193
v 0.020793786 0.0129934 0.0048544193
v 0.020842206 -0.013023656 0.0048169694
v 0.020842206 0.013023656 -0.00481697
v 0.020842206 0.013023656 0.0048169694
v 0.020888347 -0.013052487 -0.0047757113
v 0.020888347 -0.013052487 0.0047757113
v 0.020888347 0.013052487 -0.0047757113
v 0.020931993 0.01307976 -0.0047308356
v 0.020931993 0.01307976 0.0047308365
v 0.020972937 -0.013105347 -0.004682553
v 0.020972937 -0.013105347 -0.004682553
v 0.020972937 -0.013105347 0.0046825525
v 0.020972937 -0.013105347 0.0046825525
v 0.020972937 0.013105347 -0.004682553
v 0.020972937 0.013105347 -0.004682553
v 0.020972937 0.013105347 0.0046825525
v 0.020972937 0.013105347 0.0046825525
v 0.021010995 -0.013129125 0.004631088
v 0.021010995 -0.013129125 0.004631088
v 0.021045985 0.01315099 -0.0045766803
v 0.021045985 0.01315099 0.00457668
v 0.021077743 -0.013170836 0.0045195837
v 0.021077743 0.013170836 -0.0045195837
v 0.021077743 0.013170836 0.0045195837
v 0.021106124 -0.013188569 -0.004460065
v 0.021106124 -0.013188569 0.004460064
v 0.021106124 0.013188569 -0.004460065
v 0.021106124 0.013188569 0.004460064
v 0.021130992 -0.013204109 -0.004398401
v 0.021130992 -0.013204109 0.004398401
v 0.021130992 0.013204109 -0.004398401
v 0.021130992 0.013204109 0.004398401
v 0.021152236 -0.013217385 0.0043348796
v 0.021152236 0.013217385 0.0043348796
v 0.021169752 -0.013228331 -0.004269797
v 0.021169752 0.013228331 0.0042697964
v 0.021183465 -0.013236898 -0.004203456
v 0.021183465 0.013236898 -0.004203456
v 0.02119074 -0.011267317 -0.005
v 0.02119074 -0.011267317 -0.005
v 0.02119074 -0.011267317 0.0049999994
v 0.02119074 0.011267317 -0.005
v 0.02119074 0.011267317 -0.005
v 0.02119074 0.011267317 0.0049999994
v 0.021193303 -0.013243046 -0.0041361665
v 0.021193303 0.013243046 -0.0041361665
v 0.021193303 0.013243046 0.0041361665
v 0.021199223 -0.013246746 0.0040682424
v 0.021199223 0.013246746 -0.0040682424
v 0.021199223 0.013246746 0.0040682424
v 0.021201203 -0.013247981 -0.004
v 0.021201203 -0.013247981 0.0039999997
v 0.021201203 0.013247981 -0.004
v 0.021201203 0.013247981 0.0039999997
v 0.021250997 -0.011299355 -0.004997669
v 0.021250997 0.011299355 -0.004997669
v 0.021370381 -0.011362834 -0.0049790842
v 0.021370381 -0.011362834 0.0049790842
v 0.021370381 0.011362834 -0.0049790842
v 0.021370381 0.011362834 0.0049790842
v 0.02142896 0.011393978 0.004962917
v 0.021486422 -0.011424534 -0.0049422607
v 0.021486422 -0.011424534 0.0049422607
v 0.021486422 0.011424534 -0.0049422607
v 0.02154251 0.011454356 -0.004917211
v 0.02154251 0.011454356 0.004917212
v 0.021596955 -0.011483305 -0.004887885
v 0.021596955 0.011483305 -0.004887885
v 0.021649508 -0.011511247 0.0048544193
v 0.021649508 0.011511247 -0.0048544193
v 0.021699918 -0.011538052 -0.00481697
v 0.021699918 -0.011538052 0.0048169694
v 0.021699918 0.011538052 0.0048169694
v 0.021747958 -0.011563595 -0.0047757113
v 0.021747958 -0.011563595 0.0047757113
v 0.021747958 0.011563595 -0.0047757113
v 0.021747958 0.011563595 0.0047757113
v 0.0217934 -0.011587757 -0.0047308356
v 0.0217934 0.011587757 -0.0047308356
v 0.0217934 0.011587757 -0.0047308356
v 0.0217934 0.011587757 0.0047308365
v 0.02183603 -0.011610424 -0.004682553
v 0.02183603 -0.011610424 -0.004682553
v 0.02183603 -0.011610424 0.0046825525
v 0.02183603 -0.011610424 0.0046825525
v 0.02183603 0.011610424 0.0046825525
v 0.02183603 0.011610424 0.0046825525
v 0.021875655 -0.011631491 -0.004631088
v 0.021875655 -0.011631491 0.004631088
v 0.021875655 0.011631491 -0.004631088
v 0.021875655 0.011631491 0.004631088
v 0.021912083 -0.011650861 -0.0045766803
v 0.021912083 -0.011650861 0.00457668
v 0.021912083 0.011650861 -0.0045766803
v 0.021912083 0.011650861 0.00457668
v 0.021925092 -0.009761679 -0.005
v 0.021925092 -0.009761679 -0.005
v 0.021925092 -0.009761679 0.0049999994
v 0.021925092 0.009761679 -0.005
v 0.021925092 0.009761679 -0.005
v 0.021925092 0.009761679 0.0049999994
v 0.021945149 -0.011668442 -0.0045195837
v 0.021945149 0.011668442 -0.0045195837
v 0.021945149 0.011668442 0.0045195837
v 0.021974696 0.011684154 -0.004460065
v 0.021974696 0.011684154 0.004460064
v 0.021987433 0.009789435 0.0049976683
v 0.02200059 -0.011697922 -0.004398401
v 0.02200059 -0.011697922 0.004398401
v 0.02200059 0.011697922 -0.004398401
v 0.02200059 0.011697922 0.004398401
v 0.02202271 -0.011709683 -0.0043348796
v 0.02202271 0.011709683 -0.0043348796
v 0.02202271 0.011709683 0.0043348796
v 0.022040948 0.01171938 0.0042697964
v 0.022049483 -0.009817064 -0.0049906857
v 0.022049483 -0.009817064 0.0049906853
v 0.02205522 -0.011726969 -0.004203456
v 0.02205522 -0.011726969 0.0042034565
v 0.02205522 0.011726969 0.0042034565
v 0.022065464 -0.011732416 -0.0041361665
v 0.022065464 -0.011732416 0.0041361665
v 0.02207163 -0.0117356945 -0.0040682424
v 0.02207163 -0.0117356945 0.0040682424
v 0.02207163 0.0117356945 -0.0040682424
v 0.02207163 0.0117356945 0.0040682424
v 0.02207369 -0.011736789 -0.004
v 0.02207369 -0.011736789 0.0039999997
v 0.02207369 0.011736789 -0.004
v 0.02207369 0.011736789 0.0039999997
v 0.022110958 -0.009844433 0.0049790842
v 0.022110958 0.009844433 -0.0049790842
v 0.022231018 -0.009897888 -0.0049422607
v 0.022231018 -0.009897888 0.0049422607
v 0.022231018 0.009897888 -0.0049422607
v 0.022231018 0.009897888 0.0049422607
v 0.022289049 -0.0099237235 -0.004917211
v 0.022289049 -0.0099237235 0.004917212
v 0.02234538 0.009948805 -0.004887885
v 0.02234538 0.009948805 0.0048878854
v 0.022399753 -0.009973013 0.0048544193
v 0.022399753 0.009973013 -0.0048544193
v 0.022399753 0.009973013 0.0048544193
v 0.022451915 -0.009996236 -0.00481697
v 0.022451915 -0.009996236 0.0048169694
v 0.022451915 0.009996236 -0.00481697
v 0.022501616 0.010018366 -0.0047757113
v 0.022548635 0.010039298 0.0047308365
v 0.02255262 -0.008208483 -0.005
v 0.02255262 -0.008208483 -0.005
v 0.02255262 -0.008208483 0.0049999994
v 0.02255262 0.008208483 -0.005
v 0.02255262 0.008208483 -0.005
v 0.02255262 0.008208483 0.0049999994
v 0.022592742 -0.010058937 -0.004682553
v 0.022592742 -0.010058937 -0.004682553
v 0.022592742 0.010058937 -0.004682553
v 0.022592742 0.010058937 -0.004682553
v 0.022592742 0.010058937 0.0046825525
v 0.022592742 0.010058937 0.0046825525
v 0.022616748 0.008231823 0.0049976683
v 0.022633739 -0.010077189 -0.004631088
v 0.022633739 -0.010077189 0.004631088
v 0.022633739 -0.010077189 0.004631088
v 0.022633739 0.010077189 0.004631088
v 0.02267143 -0.010093971 -0.0045766803
v 0.02267143 -0.010093971 0.00457668
v 0.02267143 0.010093971 0.00457668
v 0.022680575 -0.008255055 0.0049906853
v 0.022705643 -0.010109203 -0.0045195837
v 0.022705643 -0.010109203 0.0045195837
v 0.022705643 0.010109203 -0.0045195837
v 0.022705643 0.010109203 0.0045195837
v 0.022736212 -0.010122815 0.004460064
v 0.022736212 0.010122815 -0.004460065
v 0.022736212 0.010122815 0.004460064
v 0.022743808 -0.008278069 -0.0049790842
v 0.022743808 0.008278069 -0.0049790842
v 0.022743808 0.008278069 0.0049790842
v 0.022763005 -0.010134742 0.004398401
v 0.022763005 0.010134742 -0.004398401
v 0.022763005 0.010134742 0.004398401
v 0.022785889 -0.010144931 -0.0043348796
v 0.022785889 0.010144931 -0.0043348796
v 0.022785889 0.010144931 0.0043348796
v 0.022804758 -0.010153333 0.0042697964
v 0.022804758 0.010153333 -0.004269797
v 0.022804758 0.010153333 0.0042697964
v 0.022806147 -0.00830076 0.004962917
v 0.022806147 0.00830076 -0.004962917
v 0.022819528 -0.010159908 -0.004203456
v 0.022819528 -0.010159908 0.0042034565
v 0.022819528 0.010159908 -0.004203456
v 0.022819528 0.010159908 0.0042034565
v 0.022830125 -0.010164628 -0.0041361665
v 0.022830125 -0.010164628 0.0041361665
v 0.022830125 0.010164628 -0.0041361665
v 0.022830125 0.010164628 0.0041361665
v 0.022836506 -0.010167468 -0.0040682424
v 0.022836506 -0.010167468 0.0040682424
v 0.022836506 0.010167468 -0.0040682424
v 0.022836506 0.010167468 0.0040682424
v 0.022838637 -0.010168416 -0.004
v 0.022838637 -0.010168416 0.0039999997
v 0.022838637 0.010168416 -0.004
v 0.022838637 0.010168416 0.0039999997
v 0.022867307 -0.008323019 -0.0049422607
v 0.022867307 -0.008323019 0.0049422607
v 0.022867307 0.008323019 0.0049422607
v 0.022926997 -0.008344744 0.004917212
v 0.022926997 0.008344744 -0.004917211
v 0.022984942 -0.008365835 -0.004887885
v 0.022984942 -0.008365835 0.0048878854
v 0.022984942 0.008365835 -0.004887885
v 0.02304087 -0.008386192 0.0048544193
v 0.02304087 0.008386192 -0.0048544193
v 0.02304087 0.008386192 0.0048544193
v 0.02307028 -0.0066152965 -0.005
v 0.02307028 -0.0066152965 -0.005
v 0.02307028 -0.0066152965 0.0049999994
v 0.02307028 0.0066152965 -0.005
v 0.02307028 0.0066152965 -0.005
v 0.02307028 0.0066152965 0.0049999994
v 0.023094526 -0.00840572 -0.00481697
v 0.023094526 -0.00840572 0.0048169694
v 0.023094526 0.00840572 -0.00481697
v 0.023094526 0.00840572 0.0048169694
v 0.023145651 -0.008424329 0.0047757113
v 0.023145651 0.008424329 0.0047757113
v 0.023194011 -0.008441931 0.0047308365
v 0.023201171 -0.006652829 0.0049906853
v 0.023201171 0.006652829 -0.0049906857
v 0.023239383 -0.008458444 -0.004682553
v 0.023239383 -0.008458444 -0.004682553
v 0.023239383 -0.008458444 0.0046825525
v 0.023239383 -0.008458444 0.0046825525
v 0.023239383 0.008458444 -0.004682553
v 0.023239383 0.008458444 -0.004682553
v 0.023239383 0.008458444 0.0046825525
v 0.023239383 0.008458444 0.0046825525
v 0.023265855 -0.006671376 -0.0049790842
v 0.023265855 -0.006671376 0.0049790842
v 0.023265855 0.006671376 0.0049790842
v 0.023281552 -0.008473792 -0.004631088
v 0.023281552 0.008473792 -0.004631088
v 0.023320321 -0.0084879035 -0.0045766803
v 0.023320321 -0.0084879035 0.00457668
v 0.023320321 0.0084879035 -0.0045766803
v 0.023320321 0.0084879035 0.00457668
v 0.023329627 0.006689662 -0.004962917
v 0.023355512 -0.008500712 -0.0045195837
v 0.023355512 0.008500712 -0.0045195837
v 0.023355512 0.008500712 0.0045195837
v 0.023386963 -0.008512158 -0.004460065
v 0.023386963 -0.008512158 0.004460064
v 0.023386963 0.008512158 -0.004460065
v 0.023386963 0.008512158 0.004460064
v 0.023392187 -0.0067076012 -0.0049422607
v 0.023392187 0.0067076012 0.0049422607
v 0.023414519 -0.008522188 -0.004398401
v 0.023414519 0.008522188 -0.004398401
v 0.023414519 0.008522188 0.004398401
v 0.023438057 -0.0085307555 0.0043348796
v 0.023438057 0.0085307555 -0.0043348796
v 0.023438057 0.0085307555 0.0043348796
v 0.023453247 -0.00672511 -0.004917211
v 0.023453247 -0.00672511 0.004917212
v 0.023453247 0.00672511 -0.004917211
v 0.023453247 0.00672511 0.004917212
v 0.02345747 -0.008537821 -0.004269797
v 0.02345747 -0.008537821 0.0042697964
v 0.02345747 0.008537821 -0.004269797
v 0.023472661 -0.008543349 -0.004203456
v 0.023472661 0.008543349 -0.004203456
v 0.023472661 0.008543349 0.0042034565
v 0.02347554 -0.0049898806 -0.005
v 0.02347554 -0.0049898806 -0.005
v 0.02347554 -0.0049898806 0.0049999994
v 0.02347554 0.0049898806 -0.005
v 0.02347554 0.0049898806 -0.005
v 0.02347554 0.0049898806 0.0049999994
v 0.023483561 -0.008547318 -0.0041361665
v 0.023483561 -0.008547318 0.0041361665
v 0.023483561 0.008547318 0.0041361665
v 0.023490125 0.008549706 -0.0040682424
v 0.023490125 0.008549706 0.0040682424
v 0.023492314 -0.008550503 -0.004
v 0.023492314 -0.008550503 0.0039999997
v 0.023492314 0.008550503 -0.004
v 0.023492314 0.008550503 0.0039999997
v 0.023512522 -0.0067421077 -0.004887885
v 0.023512522 0.0067421077 0.0048878854
v 0.023542294 0.0050040684 0.0049976683
v 0.023569737 -0.0067585134 -0.0048544193
v 0.023569737 -0.0067585134 0.0048544193
v 0.023569737 0.0067585134 0.0048544193
v 0.023608731 -0.0050181914 0.0049906853
v 0.023608731 0.0050181914 -0.0049906857
v 0.02362462 -0.0067742513 -0.00481697
v 0.02362462 -0.0067742513 0.0048169694
v 0.02362462 0.0067742513 -0.00481697
v 0.02362462 0.0067742513 0.0048169694
v 0.023674551 -0.005032181 -0.0049790842
v 0.023674551 0.005032181 0.0049790842
v 0.023676919 -0.006789248 -0.0047757113
v 0.023676919 -0.006789248 -0.0047757113
v 0.023676919 -0.006789248 0.0047757113
v 0.023676919 0.006789248 0.0047757113
v 0.02372639 0.006803434 0.0047308365
v 0.023739444 -0.0050459746 -0.004962917
v 0.023739444 0.0050459746 -0.004962917
v 0.023766434 -0.0033401542 -0.005
v 0.023766434 -0.0033401542 -0.005
v 0.023766434 -0.0033401542 0.0049999994
v 0.023766434 0.0033401542 -0.005
v 0.023766434 0.0033401542 -0.005
v 0.023766434 0.0033401542 0.0049999994
v 0.023772806 -0.0068167415 0.0046825525
v 0.023772806 -0.0068167415 0.0046825525
v 0.023772806 0.0068167415 0.0046825525
v 0.023772806 0.0068167415 0.0046825525
v 0.023803102 -0.005059506 0.0049422607
v 0.023803102 0.005059506 0.0049422607
v 0.023815941 -0.0068291114 -0.004631088
v 0.023815941 0.0068291114 -0.004631088
v 0.023815941 0.0068291114 -0.004631088
v 0.023815941 0.0068291114 0.004631088
v 0.02383401 -0.0033496516 -0.004997669
v 0.023855602 0.0068404833 -0.0045766803
v 0.023855602 0.0068404833 0.00457668
v 0.023865236 -0.005072713 -0.004917211
v 0.023891602 -0.0068508065 -0.0045195837
v 0.023891602 -0.0068508065 0.0045195837
v 0.023891602 0.0068508065 -0.0045195837
v 0.023891602 0.0068508065 0.0045195837
v 0.023901274 -0.0033591052 0.0049906853
v 0.023901274 0.0033591052 -0.0049906857
v 0.023901274 0.0033591052 0.0049906853
v 0.023923771 -0.006860031 0.004460064
v 0.023923771 0.006860031 -0.004460065
v 0.023925554 -0.005085533 0.0048878854
v 0.023925554 0.005085533 -0.004887885
v 0.023925554 0.005085533 0.0048878854
v 0.023941537 -0.0016741552 -0.005
v 0.023941537 -0.0016741552 -0.005
v 0.023941537 -0.0016741552 0.0049999994
v 0.023941537 0.0016741552 -0.005
v 0.023941537 0.0016741552 -0.005
v 0.023941537 0.0016741552 0.0049999994
v 0.023951959 -0.006868114 -0.004398401
v 0.023951959 -0.006868114 0.004398401
v 0.023951959 0.006868114 -0.004398401
v 0.02397604 -0.006875019 0.0043348796
v 0.02397604 0.006875019 -0.0043348796
v 0.02397604 0.006875019 0.0043348796
v 0.023983771 -0.0050979075 -0.0048544193
v 0.023983771 -0.0050979075 0.0048544193
v 0.023983771 0.0050979075 -0.0048544193
v 0.023983771 0.0050979075 0.0048544193
v 0.023995897 -0.006880712 -0.004269797
v 0.023995897 -0.006880712 0.0042697964
v 0.023995897 0.006880712 -0.004269797
v 0.023995897 0.006880712 0.0042697964
v 0.024 -4.3474963E-18 -0.005
v 0.024 -4.3474963E-18 -0.005
v 0.024 1.5308085E-18 0.0049999994
v 0.024009613 0.0016789156 -0.004997669
v 0.024009613 0.0016789156 0.0049976683
v 0.024011437 -0.0068851686 -0.004203456
v 0.024011437 0.0068851686 -0.004203456
v 0.024011437 0.0068851686 0.0042034565
v 0.024022589 -0.006888367 -0.0041361665
v 0.024022589 -0.006888367 0.0041361665
v 0.024022589 0.006888367 -0.0041361665
v 0.024022589 0.006888367 0.0041361665
v 0.024029301 -0.0068902913 -0.0040682424
v 0.024029301 -0.0068902913 0.0040682424
v 0.024029301 0.0068902913 -0.0040682424
v 0.024029301 0.0068902913 0.0040682424
v 0.02403154 -0.006890934 -0.004
v 0.02403154 -0.006890934 0.0039999997
v 0.02403154 0.006890934 -0.004
v 0.02403154 0.006890934 0.0039999997
v 0.024033602 -0.0033777028 -0.004962917
v 0.024033602 0.0033777028 0.004962917
v 0.02403962 -0.005109779 -0.00481697
v 0.02403962 -0.005109779 0.0048169694
v 0.02403962 0.005109779 -0.00481697
v 0.02403962 0.005109779 0.0048169694
v 0.024077373 -0.0016836538 -0.0049906857
v 0.024077373 -0.0016836538 0.0049906853
v 0.02409284 -0.005121091 -0.0047757113
v 0.02409284 -0.005121091 0.0047757113
v 0.02409284 0.005121091 -0.0047757113
v 0.02409284 0.005121091 0.0047757113
v 0.024098052 -0.0033867606 -0.0049422607
v 0.024098052 -0.0033867606 0.0049422607
v 0.024098052 0.0033867606 -0.0049422607
v 0.024098052 0.0033867606 0.0049422607
v 0.024136165 1.5308085E-18 -0.0049906857
v 0.024136165 1.5308085E-18 0.0049906853
v 0.02414318 -0.0051317913 -0.0047308356
v 0.02414318 -0.0051317913 0.0047308365
v 0.02414318 0.0051317913 -0.0047308356
v 0.02414318 0.0051317913 0.0047308365
v 0.024160957 -0.0033956012 0.004917212
v 0.024190405 -0.0051418296 -0.004682553
v 0.024190405 -0.0051418296 -0.004682553
v 0.024190405 -0.0051418296 0.0046825525
v 0.024190405 -0.0051418296 0.0046825525
v 0.024190405 0.0051418296 -0.004682553
v 0.024190405 0.0051418296 -0.004682553
v 0.024210677 -0.0016929754 0.004962917
v 0.024210677 0.0016929754 -0.004962917
v 0.024210677 0.0016929754 0.004962917
v 0.02422202 -0.003404183 -0.004887885
v 0.02422202 0.003404183 -0.004887885
v 0.024234302 -0.0051511596 -0.004631088
v 0.024234302 -0.0051511596 0.004631088
v 0.024234302 0.0051511596 -0.004631088
v 0.024234302 0.0051511596 0.004631088
v 0.024234302 0.0051511596 0.004631088
v 0.024269797 1.5308085E-18 -0.004962917
v 0.024269797 1.5308085E-18 0.004962917
v 0.024274658 -0.005159738 -0.0045766803
v 0.024274658 -0.005159738 0.00457668
v 0.024274658 0.005159738 0.00457668
v 0.0242756 -0.0016975154 -0.0049422607
v 0.0242756 0.0016975154 0.0049422607
v 0.02428096 -0.0034124665 -0.0048544193
v 0.02428096 0.0034124665 0.0048544193
v 0.024311291 -0.0051675243 -0.0045195837
v 0.024311291 -0.0051675243 0.0045195837
v 0.024311291 0.0051675243 -0.0045195837
v 0.024311291 0.0051675243 0.0045195837
v 0.024334878 1.5308085E-18 -0.0049422607
v 0.024334878 1.5308085E-18 0.0049422607
v 0.0243375 -0.0034204128 -0.00481697
v 0.024338968 -0.0017019464 0.004917212
v 0.024344023 -0.0051744822 -0.004460065
v 0.024344023 -0.0051744822 0.004460064
v 0.024344023 0.0051744822 -0.004460065
v 0.024344023 0.0051744822 0.004460064
v 0.024372708 -0.005180579 -0.004398401
v 0.024372708 -0.005180579 0.004398401
v 0.024372708 0.005180579 -0.004398401
v 0.024372708 0.005180579 0.004398401
v 0.02439138 -0.003427985 -0.0047757113
v 0.02439138 -0.003427985 -0.0047757113
v 0.02439138 -0.003427985 0.0047757113
v 0.02439138 0.003427985 -0.0047757113
v 0.02439138 0.003427985 0.0047757113
v 0.024397213 -0.0051857876 -0.0043348796
v 0.024397213 0.0051857876 -0.0043348796
v 0.024397213 0.0051857876 0.0043348796
v 0.0243984 1.5308085E-18 -0.004917211
v 0.0243984 1.5308085E-18 0.004917212
v 0.024400482 -0.0017062479 -0.004887885
v 0.024400482 -0.0017062479 0.0048878854
v 0.024400482 0.0017062479 0.0048878854
v 0.024417417 -0.005190082 -0.004269797
v 0.024417417 -0.005190082 0.0042697964
v 0.024417417 0.005190082 -0.004269797
v 0.024417417 0.005190082 0.0042697964
v 0.024433231 -0.005193443 -0.004203456
v 0.024433231 -0.005193443 0.0042034565
v 0.024433231 0.005193443 -0.004203456
v 0.024433231 0.005193443 0.0042034565
v 0.024442343 -0.0034351472 0.0047308365
v 0.024442343 0.0034351472 -0.0047308356
v 0.024442343 0.0034351472 0.0047308365
v 0.02444458 -0.005195855 -0.0041361665
v 0.02444458 0.005195855 0.0041361665
v 0.02445141 -0.0051973076 -0.0040682424
v 0.02445141 -0.0051973076 0.0040682424
v 0.02445141 0.0051973076 0.0040682424
v 0.02445369 -0.005197792 -0.004
v 0.02445369 -0.005197792 0.0039999997
v 0.02445369 0.005197792 -0.004
v 0.02445369 0.005197792 0.0039999997
v 0.024459856 -0.0017103996 -0.0048544193
v 0.024459856 0.0017103996 -0.0048544193
v 0.024459856 0.0017103996 0.0048544193
v 0.024460064 1.5308085E-18 -0.004887885
v 0.024460064 1.5308085E-18 0.0048878854
v 0.024490155 -0.0034418672 0.0046825525
v 0.024490155 -0.0034418672 0.0046825525
v 0.024490155 0.0034418672 -0.004682553
v 0.024490155 0.0034418672 -0.004682553
v 0.024490155 0.0034418672 0.0046825525
v 0.024490155 0.0034418672 0.0046825525
v 0.024516813 -0.0017143826 -0.00481697
v 0.024516813 -0.0017143826 0.0048169694
v 0.024516813 0.0017143826 -0.00481697
v 0.024516813 0.0017143826 0.0048169694
v 0.024519583 1.5308085E-18 -0.0048544193
v 0.024519583 1.5308085E-18 0.0048544193
v 0.024534594 -0.0034481126 -0.004631088
v 0.024534594 -0.0034481126 0.004631088
v 0.024534594 0.0034481126 0.004631088
v 0.024571087 -0.0017181778 -0.0047757113
v 0.024571087 -0.0017181778 0.0047757113
v 0.024571087 0.0017181778 -0.0047757113
v 0.024575451 -0.0034538545 -0.0045766803
v 0.024575451 -0.0034538545 0.00457668
v 0.024575451 0.0034538545 0.00457668
v 0.02457668 1.5308085E-18 -0.00481697
v 0.024612539 -0.0034590666 0.0045195837
v 0.024612539 0.0034590666 -0.0045195837
v 0.024612539 0.0034590666 0.0045195837
v 0.024622427 -0.0017217677 -0.0047308356
v 0.024622427 -0.0017217677 -0.0047308356
v 0.024622427 -0.0017217677 0.0047308365
v 0.024622427 0.0017217677 -0.0047308356
v 0.024622427 0.0017217677 -0.0047308356
v 0.024622427 0.0017217677 0.0047308365
v 0.024631087 1.5308085E-18 -0.0047757113
v 0.024631087 1.5308085E-18 0.0047757113
v 0.024645679 -0.0034637242 -0.004460065
v 0.024645679 -0.0034637242 0.004460064
v 0.024645679 0.0034637242 -0.004460065
v 0.024670593 -0.0017251358 -0.004682553
v 0.024670593 -0.0017251358 0.0046825525
v 0.024670593 -0.0017251358 0.0046825525
v 0.024670593 0.0017251358 0.0046825525
v 0.024670593 0.0017251358 0.0046825525
v 0.024674717 -0.0034678052 -0.004398401
v 0.024674717 -0.0034678052 0.004398401
v 0.024674717 0.0034678052 -0.004398401
v 0.024682552 1.5308085E-18 -0.0047308356
v 0.024682552 1.5308085E-18 -0.0047308356
v 0.024699522 -0.0034712919 -0.0043348796
v 0.024699522 0.0034712919 -0.0043348796
v 0.024699522 0.0034712919 0.0043348796
v 0.024715358 -0.0017282661 -0.004631088
v 0.024715358 -0.0017282661 0.004631088
v 0.024715358 0.0017282661 -0.004631088
v 0.024715358 0.0017282661 0.004631088
v 0.02471998 -0.0034741666 -0.004269797
v 0.02471998 -0.0034741666 0.0042697964
v 0.02471998 0.0034741666 -0.004269797
v 0.02471998 0.0034741666 0.0042697964
v 0.024730835 1.5308085E-18 -0.004682553
v 0.024730835 1.5308085E-18 0.0046825525
v 0.024730835 1.5308085E-18 0.0046825525
v 0.024735989 -0.0034764167 -0.004203456
v 0.024735989 -0.0034764167 0.0042034565
v 0.024735989 0.0034764167 -0.004203456
v 0.024747478 -0.0034780314 -0.0041361665
v 0.024747478 -0.0034780314 0.0041361665
v 0.024747478 0.0034780314 -0.0041361665
v 0.024747478 0.0034780314 0.0041361665
v 0.024754392 -0.003479003 -0.0040682424
v 0.024754392 -0.003479003 0.0040682424
v 0.024754392 0.003479003 -0.0040682424
v 0.024754392 0.003479003 0.0040682424
v 0.024756517 -0.0017311441 -0.0045766803
v 0.024756517 0.0017311441 -0.0045766803
v 0.024756517 0.0017311441 0.00457668
v 0.0247567 -0.0034793275 -0.004
v 0.0247567 -0.0034793275 0.0039999997
v 0.0247567 0.0034793275 -0.004
v 0.0247567 0.0034793275 0.0039999997
v 0.024793874 -0.0017337566 -0.0045195837
v 0.024793874 -0.0017337566 0.0045195837
v 0.024793874 0.0017337566 0.0045195837
v 0.024816968 1.5308085E-18 0.00457668
v 0.024827259 0.001736091 -0.004460065
v 0.024827259 0.001736091 0.004460064
v 0.024854418 1.5308085E-18 -0.0045195837
v 0.024854418 1.5308085E-18 0.0045195837
v 0.024856512 -0.0017381366 -0.004398401
v 0.024856512 -0.0017381366 0.004398401
v 0.024856512 0.0017381366 -0.004398401
v 0.024856512 0.0017381366 0.004398401
v 0.024881503 -0.0017398841 0.0043348796
v 0.024881503 0.0017398841 -0.0043348796
v 0.024881503 0.0017398841 0.0043348796
v 0.024887886 1.5308085E-18 -0.004460065
v 0.024887886 1.5308085E-18 0.004460064
v 0.024902109 -0.001741325 -0.004269797
v 0.024902109 -0.001741325 0.0042697964
v 0.024902109 0.001741325 -0.004269797
v 0.024902109 0.001741325 0.0042697964
v 0.024917211 1.5308085E-18 -0.004398401
v 0.024917211 1.5308085E-18 0.004398401
v 0.024918236 -0.0017424528 -0.004203456
v 0.024918236 -0.0017424528 0.0042034565
v 0.024918236 0.0017424528 0.0042034565
v 0.024929808 -0.001743262 -0.0041361665
v 0.024929808 -0.001743262 0.0041361665
v 0.024929808 0.001743262 -0.0041361665
v 0.024929808 0.001743262 0.0041361665
v 0.024936775 -0.0017437492 -0.0040682424
v 0.024936775 -0.0017437492 0.0040682424
v 0.024936775 0.0017437492 -0.0040682424
v 0.024936775 0.0017437492 0.0040682424
v 0.0249391 -0.0017439119 -0.004
v 0.0249391 -0.0017439119 0.0039999997
v 0.0249391 0.0017439119 -0.004
v 0.0249391 0.0017439119 0.0039999997
v 0.024942258 1.5308085E-18 -0.0043348796
v 0.024942258 1.5308085E-18 0.0043348796
v 0.024962915 1.5308085E-18 -0.004269797
v 0.024962915 1.5308085E-18 0.0042697964
v 0.024979085 1.5308085E-18 0.0042034565
v 0.024990685 1.5308085E-18 -0.0041361665
v 0.024990685 1.5308085E-18 0.0041361665
v 0.024997668 1.5308085E-18 -0.0040682424
v 0.024997668 1.5308085E-18 0.0040682424
v 0.024999999 -4.5924257E-18 0.0039999997
v 0.024999999 -4.5924257E-18 0.0039999997
v 0.024999999 1.5308085E-18 -0.004
v 0.024999999 1.5308085E-18 -0.004
# 3742 vertices

vn -1 -2.220446E-16 0
vn -1 0 0
vn -1 -2.220446E-16 0
vn -1 0 0
vn -0.99068594 -2.1997647E-16 0.13616665
vn -0.9790841 -2.1740034E-16 -0.20345601
vn -0.96291727 -2.1381058E-16 -0.26979676
vn -0.96291727 -2.1381058E-16 0.26979676
vn -0.9975641 -0.06975647 0
vn -0.9975641 -0.06975647 0
vn -0.9975641 0.06975647 0
vn -0.9975641 0.06975647 0
vn -0.9952385 0.069593854 -0.068242416
vn -0.98827267 -0.06910676 0.13616665
vn -0.98827267 0.06910676 0.13616665
vn -0.9766991 -0.06829745 -0.20345601
vn -0.9766991 0.06829745 -0.20345601
vn -0.9172113 -2.0366182E-16 0.39840108
vn -0.96057165 0.06716971 0.26979676
vn -0.8878852 -1.9715012E-16 -0.46006504
vn -0.9399656 -0.0657288 -0.3348796
vn -0.9399656 -0.0657288 0.3348796
vn -0.9399656 0.0657288 -0.3348796
vn -0.914977 -0.06398143 0.39840108
vn -0.914977 0.06398143 -0.39840108
vn -0.8544194 -1.8971922E-16 -0.51958394
vn -0.8544194 -1.8971922E-16 0.51958394
vn -0.8857224 0.06193574 0.46006504
vn -0.8523381 -0.059601285 -0.51958394
vn -0.7757113 -1.7224251E-16 0.63108796
vn -0.99026805 -0.1391731 0
vn -0.99026805 -0.1391731 0
vn -0.99026805 0.1391731 0
vn -0.99026805 0.1391731 0
vn -0.8149798 -0.05698894 0.5766803
vn -0.8149798 0.05698894 -0.5766803
vn -0.8149798 0.05698894 0.5766803
vn -0.98104465 -0.13787684 -0.13616665
vn -0.98104465 -0.13787684 0.13616665
vn -0.98104465 0.13787684 -0.13616665
vn -0.98104465 0.13787684 0.13616665
vn -0.730836 -1.6227819E-16 -0.6825532
vn -0.730836 -1.6227819E-16 -0.6825532
vn -0.9535462 0.13401218 -0.26979676
vn -0.7738217 -0.054110885 -0.63108796
vn -0.7738217 -0.054110885 -0.63108796
vn -0.7738217 -0.054110885 0.63108796
vn -0.7738217 0.054110885 -0.63108796
vn -0.9330909 -0.13113737 -0.3348796
vn -0.9330909 -0.13113737 0.3348796
vn -0.9330909 0.13113737 0.3348796
vn -0.6825532 -1.5155725E-16 -0.730836
vn -0.6825532 -1.5155725E-16 -0.730836
vn -0.6825532 -1.5155725E-16 0.730836
vn -0.6825532 -1.5155725E-16 0.730836
vn -0.9082851 -0.12765114 0.39840108
vn -0.9082851 0.12765114 -0.39840108
vn -0.7290557 0.050980538 0.6825532
vn -0.7290557 0.050980538 0.6825532
vn -0.8792444 -0.12356974 -0.46006504
vn -0.8792444 0.12356974 0.46006504
vn -0.6808905 0.0476125 -0.730836
vn -0.6808905 0.0476125 -0.730836
vn -0.84610426 -0.1189122 -0.51958394
vn -0.84610426 0.1189122 0.51958394
vn -0.5766803 -1.2804875E-16 0.8169699
vn -0.8090192 -0.11370023 0.5766803
vn -0.8090192 0.11370023 -0.5766803
vn -0.62955064 -0.04402247 -0.7757113
vn -0.62955064 -0.04402247 0.7757113
vn -0.62955064 -0.04402247 0.7757113
vn -0.62955064 0.04402247 0.7757113
vn -0.76816213 -0.107958145 -0.63108796
vn -0.51958394 -1.1537081E-16 -0.8544194
vn -0.57527554 0.040227186 -0.8169699
vn -0.72372353 0.10171271 -0.6825532
vn -0.72372353 0.10171271 -0.6825532
vn -0.72372353 0.10171271 0.6825532
vn -0.72372353 0.10171271 0.6825532
vn -0.46006504 -1.0215496E-16 0.8878852
vn -0.5183183 -0.036244344 -0.8544194
vn -0.9781476 -0.20791169 0
vn -0.9781476 -0.20791169 0
vn -0.9781476 0.20791169 0
vn -0.9781476 0.20791169 0
vn -0.97586733 0.207427 -0.068242416
vn -0.97586733 0.207427 0.068242416
vn -0.96903706 -0.20597519 -0.13616665
vn -0.96903706 -0.20597519 0.13616665
vn -0.6759106 -0.09499304 -0.730836
vn -0.6759106 -0.09499304 -0.730836
vn -0.6759106 -0.09499304 0.730836
vn -0.6759106 -0.09499304 0.730836
vn -0.95768875 0.20356303 0.20345601
vn -0.9418752 -0.20020176 -0.26979676
vn -0.9418752 -0.20020176 0.26979676
vn -0.9418752 0.20020176 -0.26979676
vn -0.45894435 -0.032092515 -0.8878852
vn -0.45894435 -0.032092515 0.8878852
vn -0.45894435 0.032092515 0.8878852
vn -0.39840108 -8.846281E-17 -0.9172113
vn -0.92167026 -0.19590706 -0.3348796
vn -0.92167026 0.19590706 0.3348796
vn -0.62494624 0.08783047 -0.7757113
vn -0.62494624 0.08783047 0.7757113
vn -0.89716804 0.19069895 -0.39840108
vn -0.86848277 -0.18460172 -0.46006504
vn -0.86848277 -0.18460172 0.46006504
vn -0.86848277 0.18460172 0.46006504
vn -0.3974306 -0.027791055 0.9172113
vn -0.3974306 0.027791055 -0.9172113
vn -0.3974306 0.027791055 0.9172113
vn -0.5710681 -0.08025839 -0.8169699
vn -0.5710681 -0.08025839 0.8169699
vn -0.5710681 0.08025839 -0.8169699
vn -0.3348796 -7.435821E-17 -0.9422609
vn -0.5145274 -0.07231211 0.8544194
vn -0.5145274 0.07231211 0.8544194
vn -0.33406386 -0.023360021 -0.9422609
vn -0.79911715 -0.16985759 -0.5766803
vn -0.79911715 0.16985759 -0.5766803
vn -0.79911715 0.16985759 0.5766803
vn -0.26979676 -5.9906915E-17 0.96291727
vn -0.75876015 -0.16127944 0.63108796
vn -0.75876015 0.16127944 0.63108796
vn -0.75876015 0.16127944 0.63108796
vn -0.26913956 -0.018820072 0.96291727
vn -0.26913956 0.018820072 -0.96291727
vn -0.26913956 0.018820072 0.96291727
vn -0.20345601 -4.517631E-17 -0.9790841
vn -0.71486545 -0.15194935 -0.6825532
vn -0.71486545 -0.15194935 -0.6825532
vn -0.71486545 0.15194935 -0.6825532
vn -0.71486545 0.15194935 -0.6825532
vn -0.3945239 -0.055446714 -0.9172113
vn -0.3945239 -0.055446714 0.9172113
vn -0.3945239 0.055446714 -0.9172113
vn -0.3945239 0.055446714 0.9172113
vn -0.2029604 -0.014192374 -0.9790841
vn -0.2029604 0.014192374 -0.9790841
vn -0.6676377 -0.14191078 0.730836
vn -0.6676377 -0.14191078 0.730836
vn -0.6676377 0.14191078 0.730836
vn -0.6676377 0.14191078 0.730836
vn -0.13616665 -3.023507E-17 0.99068594
vn -0.33162057 -0.046606235 -0.9422609
vn -0.33162057 0.046606235 -0.9422609
vn -0.6172972 -0.13121057 -0.7757113
vn -0.6172972 0.13121057 -0.7757113
vn -0.13583495 0.009498505 0.99068594
vn -0.56407845 -0.11989858 0.8169699
vn -0.56407845 0.11989858 -0.8169699
vn -0.56407845 0.11989858 0.8169699
vn -0.2671711 -0.037548453 0.96291727
vn -0.9612617 -0.27563736 0
vn -0.9612617 -0.27563736 0
vn -0.9612617 0.27563736 0
vn -0.9612617 0.27563736 0
vn -0.9590208 0.2749948 0.068242416
vn -0.9523085 -0.27307007 -0.13616665
vn -0.9523085 -0.27307007 0.13616665
vn -0.9523085 0.27307007 -0.13616665
vn -0.941156 0.26987216 0.20345601
vn -0.06807618 -0.00476035 0.99766874
vn -6.123234E-17 -1.3596311E-32 -1
vn 0 0 -1
vn 6.123234E-17 0 1
vn -0.9256155 0.26541597 -0.26979676
vn -0.5082298 -0.10802758 -0.8544194
vn -0.90575933 -0.25972232 -0.3348796
vn -0.90575933 -0.25972232 0.3348796
vn -0.90575933 0.25972232 0.3348796
vn -0.201476 -0.028315604 -0.9790841
vn -0.201476 0.028315604 0.9790841
vn -0.8816801 -0.2528177 0.39840108
vn -6.123234E-17 -1.3596311E-32 -1
vn 0 0 -1
vn 6.123234E-17 0 1
vn -6.063643E-17 8.521894E-18 -1
vn 0 0 -1
vn 6.123234E-17 0 1
vn -0.45001152 -0.0956529 0.8878852
vn -0.45001152 0.0956529 0.8878852
vn -0.85349005 -0.24473433 -0.46006504
vn -0.85349005 0.24473433 -0.46006504
vn -0.13484149 0.018950734 -0.99068594
vn -0.13484149 0.018950734 0.99068594
vn -0.82132065 -0.2355099 0.51958394
vn -0.82132065 0.2355099 0.51958394
vn -0.38969508 0.08283225 -0.9172113
vn -0.7853219 -0.22518742 -0.5766803
vn -0.7853219 0.22518742 -0.5766803
vn -0.067578286 -0.009497508 0.99766874
vn -0.32756168 -0.069625385 -0.9422609
vn -0.32756168 0.069625385 0.9422609
vn -0.7025246 -0.2014457 -0.6825532
vn -0.7025246 -0.2014457 -0.6825532
vn -0.7025246 -0.2014457 0.6825532
vn -0.7025246 -0.2014457 0.6825532
vn -0.7025246 0.2014457 0.6825532
vn -0.7025246 0.2014457 0.6825532
vn -6.063643E-17 -8.521894E-18 -1
vn 0 0 -1
vn 6.123234E-17 0 1
vn -6.063643E-17 8.521894E-18 -1
vn 0 0 -1
vn 6.123234E-17 0 1
vn -0.26390105 -0.0560939 0.96291727
vn -0.26390105 0.0560939 -0.96291727
vn -0.6561122 0.18813714 -0.730836
vn -0.6561122 0.18813714 -0.730836
vn -0.6066407 -0.17395142 0.7757113
vn -0.6066407 0.17395142 0.7757113
vn -0.19901001 -0.042300884 -0.9790841
vn -0.19901001 0.042300884 -0.9790841
vn -0.19901001 0.042300884 0.9790841
vn -0.5543407 -0.15895464 -0.8169699
vn -0.5543407 0.15895464 -0.8169699
vn -0.13319108 -0.028310638 0.99068594
vn -0.13319108 0.028310638 0.99068594
vn -0.49945614 -0.14321674 0.8544194
vn -0.49945614 0.14321674 0.8544194
vn -0.4422429 -0.12681112 -0.8878852
vn -0.4422429 0.12681112 0.8878852
vn -0.9396926 -0.34202015 0
vn -0.9396926 -0.34202015 0
vn -0.9396926 0.34202015 0
vn -0.9396926 0.34202015 0
vn -0.93750197 -0.34122282 -0.068242416
vn -0.93750197 0.34122282 0.068242416
vn -0.9309403 -0.33883455 0.13616665
vn -0.9309403 0.33883455 -0.13616665
vn -0.9309403 0.33883455 0.13616665
vn -6.063643E-17 -8.521894E-18 -1
vn 0 0 -1
vn 6.123234E-17 0 1
vn -5.88603E-17 1.687792E-17 -1
vn 0 0 -1
vn 6.123234E-17 0 1
vn -0.9200381 -0.3348665 -0.20345601
vn -0.90484625 -0.32933712 0.26979676
vn -0.90484625 0.32933712 -0.26979676
vn -0.3829677 -0.10981423 0.9172113
vn -0.3829677 0.10981423 -0.9172113
vn -0.88543564 -0.3222722 -0.3348796
vn -0.88543564 0.3222722 0.3348796
vn -0.8618967 -0.31370473 0.39840108
vn -0.8618967 0.31370473 0.39840108
vn -0.32190695 -0.09230533 -0.9422609
vn -0.8343392 0.30367464 -0.46006504
vn -0.8028916 -0.29222864 -0.51958394
vn -0.8028916 -0.29222864 0.51958394
vn -0.8028916 0.29222864 -0.51958394
vn -0.2593453 -0.07436607 0.96291727
vn -0.2593453 0.07436607 -0.96291727
vn -0.2593453 0.07436607 0.96291727
vn -0.76770055 0.27942017 0.5766803
vn -0.7289302 -0.2653089 -0.63108796
vn -0.7289302 -0.2653089 -0.63108796
vn -0.7289302 -0.2653089 0.63108796
vn -0.7289302 -0.2653089 0.63108796
vn -0.7289302 0.2653089 -0.63108796
vn -0.68676114 0.24996062 0.6825532
vn -0.68676114 0.24996062 0.6825532
vn -0.13089179 -0.037532616 -0.99068594
vn -0.13089179 -0.037532616 0.99068594
vn -0.13089179 0.037532616 -0.99068594
vn -0.13089179 0.037532616 0.99068594
vn -0.64139014 -0.23344693 0.730836
vn -0.64139014 -0.23344693 0.730836
vn -0.64139014 0.23344693 -0.730836
vn -0.64139014 0.23344693 -0.730836
vn -0.59302866 -0.2158448 -0.7757113
vn -0.59302866 0.2158448 0.7757113
vn -0.54190224 0.19723628 -0.8169699
vn -0.54190224 0.19723628 0.8169699
vn -5.88603E-17 -1.687792E-17 -1
vn 0 0 -1
vn 6.123234E-17 0 1
vn -5.88603E-17 1.687792E-17 -1
vn 0 0 -1
vn 6.123234E-17 0 1
vn -0.4882492 -0.17770818 -0.8544194
vn -0.4882492 -0.17770818 0.8544194
vn -0.4882492 0.17770818 -0.8544194
vn -0.4882492 0.17770818 0.8544194
vn -0.37437457 0.1362612 -0.9172113
vn -0.3146839 -0.11453557 -0.9422609
vn -0.3146839 -0.11453557 0.9422609
vn -0.3146839 0.11453557 0.9422609
vn -0.9135454 -0.40673664 0
vn -0.9135454 -0.40673664 0
vn -0.9135454 0.40673664 0
vn -0.9135454 0.40673664 0
vn -0.91141576 -0.40578845 -0.068242416
vn -0.91141576 -0.40578845 0.068242416
vn -0.91141576 0.40578845 -0.068242416
vn -0.91141576 0.40578845 0.068242416
vn -0.9050366 0.4029483 0.13616665
vn -0.89443785 0.39822936 -0.20345601
vn -0.89443785 0.39822936 0.20345601
vn -0.25352603 -0.09227593 -0.96291727
vn -0.25352603 -0.09227593 0.96291727
vn -0.25352603 0.09227593 -0.96291727
vn -0.8796687 -0.39165375 -0.26979676
vn -0.8796687 -0.39165375 0.26979676
vn -0.8379142 -0.37306345 0.39840108
vn -0.8379142 0.37306345 -0.39840108
vn -0.8379142 0.37306345 0.39840108
vn -0.19118612 0.06958605 0.9790841
vn -0.8111235 -0.36113545 -0.46006504
vn -0.8111235 -0.36113545 0.46006504
vn -0.78055096 -0.3475237 -0.51958394
vn -0.78055096 0.3475237 -0.51958394
vn -0.78055096 0.3475237 0.51958394
vn -0.1279548 -0.046571735 -0.99068594
vn -0.1279548 0.046571735 -0.99068594
vn -0.74633914 -0.3322916 0.5766803
vn -0.74633914 0.3322916 -0.5766803
vn -0.064126894 -0.02334028 0.99766874
vn -0.6676519 -0.29725778 -0.6825532
vn -0.6676519 -0.29725778 -0.6825532
vn -0.6676519 0.29725778 -0.6825532
vn -0.6676519 0.29725778 -0.6825532
vn -0.6676519 0.29725778 0.6825532
vn -0.6676519 0.29725778 0.6825532
vn -5.88603E-17 -1.687792E-17 -1
vn 0 0 -1
vn 6.123234E-17 0 1
vn -5.5938526E-17 2.4905437E-17 -1
vn 0 0 -1
vn 6.123234E-17 0 1
vn -0.6235433 -0.27761936 0.730836
vn -0.6235433 -0.27761936 0.730836
vn -0.57652754 0.2566866 0.7757113
vn -0.5268237 -0.23455702 -0.8169699
vn -0.5268237 0.23455702 -0.8169699
vn -0.47466356 -0.21133383 0.8544194
vn -0.42029032 0.18712531 -0.8878852
vn -0.42029032 0.18712531 0.8878852
vn -0.3639575 -0.16204432 -0.9172113
vn -0.3639575 -0.16204432 0.9172113
vn -0.3639575 0.16204432 0.9172113
vn -0.30592775 0.1362078 -0.9422609
vn -0.24647161 0.109736234 0.96291727
vn -0.18586631 -0.08275302 -0.9790841
vn -0.18586631 -0.08275302 0.9790841
vn -0.18586631 0.08275302 -0.9790841
vn -0.88294756 -0.46947157 0
vn -0.88294756 -0.46947157 0
vn -0.88294756 0.46947157 0
vn -0.88294756 0.46947157 0
vn -0.88088924 0.4683771 -0.068242416
vn -0.8747238 -0.4650989 0.13616665
vn -0.8747238 0.4650989 -0.13616665
vn -0.8747238 0.4650989 0.13616665
vn -0.86447996 -0.45965213 -0.20345601
vn -0.86447996 -0.45965213 0.20345601
vn -0.124394424 0.055383965 0.99068594
vn -0.8502055 0.45206228 -0.26979676
vn -0.8502055 0.45206228 0.26979676
vn -0.831967 -0.44236472 0.3348796
vn -0.8098495 -0.43060464 -0.39840108
vn -0.8098495 0.43060464 -0.39840108
vn -0.8098495 0.43060464 0.39840108
vn -0.062342547 -0.027756691 0.99766874
vn -0.7839561 -0.41683686 -0.46006504
vn -0.7839561 -0.41683686 0.46006504
vn -0.7839561 0.41683686 -0.46006504
vn -0.7839561 0.41683686 0.46006504
vn -0.7544076 0.4011256 -0.51958394
vn -5.5938526E-17 -2.4905437E-17 -1
vn 0 0 -1
vn 6.123234E-17 0 1
vn -5.5938526E-17 2.4905437E-17 -1
vn 0 0 -1
vn 6.123234E-17 0 1
vn -0.7213416 -0.38354415 0.5766803
vn -0.7213416 0.38354415 0.5766803
vn -0.68491244 -0.3641744 -0.63108796
vn -0.68491244 -0.3641744 -0.63108796
vn -0.68491244 0.3641744 -0.63108796
vn -0.68491244 0.3641744 -0.63108796
vn -0.68491244 0.3641744 0.63108796
vn -0.68491244 0.3641744 0.63108796
vn -0.64528984 -0.34310672 -0.6825532
vn -0.64528984 -0.34310672 0.6825532
vn -0.64528984 -0.34310672 0.6825532
vn -0.6026586 0.32043928 -0.730836
vn -0.6026586 0.32043928 0.730836
vn -0.5572176 -0.29627785 0.7757113
vn -0.5091785 -0.27073503 -0.8169699
vn -0.5091785 0.27073503 -0.8169699
vn -0.4587654 -0.2439299 0.8544194
vn -0.4587654 0.2439299 -0.8544194
vn -0.4587654 0.2439299 0.8544194
vn -0.4062133 -0.21598746 -0.8878852
vn -0.35176727 -0.18703799 0.9172113
vn -0.35176727 0.18703799 -0.9172113
vn -0.35176727 0.18703799 0.9172113
vn -0.29568115 0.15721646 0.9422609
vn -0.23821642 -0.12666191 -0.96291727
vn -0.23821642 -0.12666191 0.96291727
vn -0.179641 -0.095516816 -0.9790841
vn -0.179641 0.095516816 -0.9790841
vn -0.179641 0.095516816 0.9790841
vn -0.120228015 -0.06392637 0.99068594
vn -0.8480481 -0.52991927 0
vn -0.8480481 -0.52991927 0
vn -0.8480481 0.52991927 0
vn -0.8480481 0.52991927 0
vn -0.8460711 0.5286839 -0.068242416
vn -0.84014934 -0.5249836 -0.13616665
vn -0.84014934 0.5249836 -0.13616665
vn -0.84014934 0.5249836 0.13616665
vn -5.5938526E-17 -2.4905437E-17 -1
vn 0 0 -1
vn 6.123234E-17 0 1
vn -5.192797E-17 3.2448198E-17 -1
vn 0 0 -1
vn 6.123234E-17 0 1
vn -0.8303104 -0.51883554 0.20345601
vn -0.8303104 0.51883554 -0.20345601
vn -0.8303104 0.51883554 0.20345601
vn -0.81660014 -0.51026845 -0.26979676
vn -0.81660014 -0.51026845 0.26979676
vn -0.7990826 -0.4993222 -0.3348796
vn -0.7990826 0.4993222 -0.3348796
vn -0.7990826 0.4993222 0.3348796
vn -0.7529694 -0.47050747 -0.46006504
vn -0.7529694 -0.47050747 0.46006504
vn -0.7529694 0.47050747 -0.46006504
vn -0.7529694 0.47050747 0.46006504
vn -0.6928298 -0.4329281 0.5766803
vn -0.6928298 0.4329281 -0.5766803
vn -0.6928298 0.4329281 -0.5766803
vn -0.6928298 0.4329281 0.5766803
vn -0.6578405 -0.41106436 -0.63108796
vn -0.6578405 -0.41106436 -0.63108796
vn -0.6578405 -0.41106436 0.63108796
vn -0.6578405 -0.41106436 0.63108796
vn -0.61978406 0.38728407 -0.6825532
vn -0.61978406 0.38728407 0.6825532
vn -0.61978406 0.38728407 0.6825532
vn -0.5788379 -0.36169806 -0.730836
vn -0.5351929 -0.33442566 0.7757113
vn -0.5351929 0.33442566 -0.7757113
vn -0.5351929 0.33442566 0.7757113
vn -0.48905265 -0.305594 -0.8169699
vn -0.48905265 0.305594 0.8169699
vn -0.4406322 -0.27533755 0.8544194
vn -0.4406322 0.27533755 -0.8544194
vn -0.39015728 -0.24379733 -0.8878852
vn -0.39015728 0.24379733 -0.8878852
vn -0.39015728 0.24379733 0.8878852
vn -0.3378633 -0.21112041 0.9172113
vn -0.28399402 -0.17745915 -0.9422609
vn -0.28399402 0.17745915 -0.9422609
vn -0.28399402 0.17745915 0.9422609
vn -0.22880064 -0.1429705 -0.96291727
vn -0.22880064 0.1429705 0.96291727
vn -0.17254049 -0.10781526 0.9790841
vn -0.17254049 0.10781526 -0.9790841
vn -0.11547587 -0.07215733 -0.99068594
vn -0.05787285 0.03616297 0.99766874
vn -5.192797E-17 -3.2448198E-17 -1
vn 0 0 -1
vn 6.123234E-17 0 1
vn -5.192797E-17 3.2448198E-17 -1
vn 0 0 -1
vn 6.123234E-17 0 1
vn -0.809017 -0.58778524 0
vn -0.809017 -0.58778524 0
vn -0.809017 0.58778524 0
vn -0.809017 0.58778524 0
vn -0.807131 0.586415 0.068242416
vn -0.79209566 -0.5754912 -0.20345601
vn -0.79209566 -0.5754912 0.20345601
vn -0.79209566 0.5754912 0.20345601
vn -0.77901644 -0.5659886 0.26979676
vn -0.77901644 0.5659886 -0.26979676
vn -0.77901644 0.5659886 0.26979676
vn -0.7623051 0.5538471 -0.3348796
vn -0.7623051 0.5538471 0.3348796
vn -0.7420395 -0.5391233 -0.39840108
vn -0.7420395 -0.5391233 0.39840108
vn -0.7420395 0.5391233 -0.39840108
vn -0.71831423 0.5218858 -0.46006504
vn -0.71831423 0.5218858 -0.46006504
vn -0.69123983 -0.50221515 -0.51958394
vn -0.69123983 0.50221515 -0.51958394
vn -0.69123983 0.50221515 -0.51958394
vn -0.69123983 0.50221515 0.51958394
vn -0.66094255 -0.48020285 -0.5766803
vn -0.66094255 -0.48020285 -0.5766803
vn -0.66094255 -0.48020285 0.5766803
vn -0.6275636 -0.45595166 0.63108796
vn -0.6275636 -0.45595166 0.63108796
vn -0.6275636 0.45595166 -0.63108796
vn -0.6275636 0.45595166 0.63108796
vn -0.5912587 0.4295746 0.6825532
vn -0.5912587 0.4295746 0.6825532
vn -0.5521971 -0.40119466 -0.730836
vn -0.5521971 -0.40119466 0.730836
vn -0.51056087 0.37094417 -0.7757113
vn -0.46654418 -0.3389642 0.8169699
vn -0.46654418 0.3389642 0.8169699
vn -0.42035225 -0.30540377 -0.8544194
vn -0.42035225 0.30540377 -0.8544194
vn -0.42035225 0.30540377 0.8544194
vn -0.37220043 -0.27041945 0.8878852
vn -0.37220043 0.27041945 -0.8878852
vn -0.32231325 -0.23417428 -0.9172113
vn -0.32231325 0.23417428 0.9172113
vn -0.2709233 -0.19683729 -0.9422609
vn -0.2709233 0.19683729 0.9422609
vn -0.21827017 -0.15858257 0.96291727
vn -0.21827017 0.15858257 -0.96291727
vn -0.16459937 -0.11958844 0.9790841
vn -0.16459937 0.11958844 0.9790841
vn -0.11016113 -0.080036744 -0.99068594
vn -0.11016113 0.080036744 -0.99068594
vn -0.11016113 0.080036744 0.99068594
vn -0.05520927 -0.040111884 0.99766874
vn -5.192797E-17 -3.2448198E-17 -1
vn 0 0 -1
vn 6.123234E-17 0 1
vn -4.6906693E-17 3.935939E-17 -1
vn 0 0 -1
vn 6.123234E-17 0 1
vn -0.76604444 -0.64278764 0
vn -0.76604444 -0.64278764 0
vn -0.76604444 0.64278764 0
vn -0.76604444 0.64278764 0
vn -0.7642586 0.6412891 -0.068242416
vn -0.75890946 -0.63680065 -0.13616665
vn -0.75890946 -0.63680065 0.13616665
vn -0.75890946 0.63680065 0.13616665
vn -0.75002193 0.6293431 0.20345601
vn -0.73763746 -0.6189513 0.26979676
vn -0.73763746 0.6189513 -0.26979676
vn -0.73763746 0.6189513 0.26979676
vn -0.72181374 -0.6056737 -0.3348796
vn -0.72181374 -0.6056737 0.3348796
vn -0.7026246 -0.5895721 -0.39840108
vn -0.7026246 0.5895721 -0.39840108
vn -0.7026246 0.5895721 -0.39840108
vn -0.7026246 0.5895721 0.39840108
vn -0.6801595 -0.5707216 0.46006504
vn -0.6801595 0.5707216 0.46006504
vn -0.65452325 -0.5492102 -0.51958394
vn -0.65452325 -0.5492102 -0.51958394
vn -0.65452325 0.5492102 0.51958394
vn -0.62583524 -0.52513814 0.5766803
vn -0.62583524 -0.52513814 0.5766803
vn -0.62583524 0.52513814 -0.5766803
vn -0.59422934 -0.49861762 -0.63108796
vn -0.59422934 -0.49861762 -0.63108796
vn -0.59422934 0.49861762 0.63108796
vn -0.59422934 0.49861762 0.63108796
vn -0.55985284 0.4697723 -0.6825532
vn -0.5228661 -0.4387367 -0.730836
vn -0.5228661 -0.4387367 0.730836
vn -0.5228661 0.4387367 0.730836
vn -0.4834414 -0.4056555 0.7757113
vn -0.4834414 0.4056555 -0.7757113
vn -0.4834414 0.4056555 0.7757113
vn -0.44176275 0.37068295 0.8169699
vn -0.3980244 -0.33398214 -0.8544194
vn -0.3980244 -0.33398214 0.8544194
vn -0.3980244 0.33398214 -0.8544194
vn -0.35243025 0.2957241 -0.8878852
vn -0.35243025 0.2957241 0.8878852
vn -0.30519295 -0.25608727 -0.9172113
vn -0.30519295 -0.25608727 0.9172113
vn -0.30519295 0.25608727 0.9172113
vn -0.25653267 -0.21525647 0.9422609
vn -0.20667632 0.17342202 -0.96291727
vn -0.20667632 0.17342202 0.96291727
vn -0.15585634 -0.130779 -0.9790841
vn -0.10430971 -0.08752623 0.99068594
vn -0.10430971 0.08752623 0.99068594
vn -0.052276723 0.04386538 -0.99766874
vn -4.6906693E-17 -3.935939E-17 -1
vn 0 0 -1
vn 6.123234E-17 0 1
vn -4.6906693E-17 3.935939E-17 -1
vn 0 0 -1
vn 6.123234E-17 0 1
vn -0.7193398 -0.6946584 0
vn -0.7193398 -0.6946584 0
vn -0.7193398 -0.6946584 0
vn -0.7193398 -0.6946584 0
vn -0.7193398 0.6946584 0
vn -0.7193398 0.6946584 0
vn -0.7176629 -0.69303894 -0.068242416
vn -0.7176629 -0.69303894 -0.068242416
vn -0.7176629 0.69303894 -0.068242416
vn -0.7176629 0.69303894 0.068242416
vn -0.7126398 -0.6881883 0.13616665
vn -0.7126398 -0.6881883 0.13616665
vn -0.70429415 0.68012893 -0.20345601
vn -0.70429415 0.68012893 0.20345601
vn -0.69266474 -0.6688986 -0.26979676
vn -0.69266474 -0.6688986 -0.26979676
vn -0.69266474 -0.6688986 0.26979676
vn -0.69266474 -0.6688986 0.26979676
vn -0.69266474 0.6688986 0.26979676
vn -0.6778058 -0.6545494 -0.3348796
vn -0.6778058 -0.6545494 -0.3348796
vn -0.6778058 0.6545494 -0.3348796
vn -0.6597866 -0.6371485 0.39840108
vn -0.6597866 -0.6371485 0.39840108
vn -0.6597866 0.6371485 -0.39840108
vn -0.6597866 0.6371485 -0.39840108
vn -0.6386912 0.6167769 0.46006504
vn -0.6146179 -0.5935296 -0.51958394
vn -0.6146179 -0.5935296 -0.51958394
vn -0.6146179 -0.5935296 -0.51958394
vn -0.6146179 -0.5935296 0.51958394
vn -0.6146179 -0.5935296 0.51958394
vn -0.6146179 -0.5935296 0.51958394
vn -0.6146179 0.5935296 -0.51958394
vn -0.6146179 0.5935296 -0.51958394
vn -0.558 -0.53885436 -0.63108796
vn -0.558 -0.53885436 -0.63108796
vn -0.558 0.53885436 0.63108796
vn -0.558 0.53885436 0.63108796
vn -0.5257194 -0.5076813 0.6825532
vn -0.5257194 0.5076813 -0.6825532
vn -0.5257194 0.5076813 0.6825532
vn -0.49098763 0.47414124 0.730836
vn -0.45396668 -0.43839052 -0.7757113
vn -0.45396668 -0.43839052 0.7757113
vn -0.45396668 0.43839052 -0.7757113
vn -0.4148291 -0.4005958 -0.8169699
vn -0.4148291 0.4005958 -0.8169699
vn -0.33094308 -0.31958804 0.8878852
vn -0.33094308 0.31958804 -0.8878852
vn -0.33094308 0.31958804 0.8878852
vn -0.28658575 -0.27675265 -0.9172113
vn -0.24089223 -0.23262693 -0.9422609
vn -0.24089223 -0.23262693 0.9422609
vn -0.24089223 0.23262693 -0.9422609
vn -0.19407555 0.18741658 -0.96291727
vn -0.146354 -0.14133242 -0.9790841
vn -0.146354 0.14133242 0.9790841
vn -0.09795009 -0.0945893 0.99068594
vn -0.09795009 0.0945893 -0.99068594
vn -4.6906693E-17 -3.935939E-17 -1
vn 0 0 -1
vn 6.123234E-17 0 1
vn -4.0972433E-17 4.5504496E-17 -1
vn 0 0 -1
vn 6.123234E-17 0 1
vn -0.6691306 -0.7431448 0
vn -0.6691306 -0.7431448 0
vn -0.6691306 0.7431448 0
vn -0.6691306 0.7431448 0
vn -0.6628983 -0.73622316 -0.13616665
vn -0.65513515 -0.7276013 0.20345601
vn -0.65513515 0.7276013 -0.20345601
vn -0.65513515 0.7276013 0.20345601
vn -0.64431745 0.715587 -0.26979676
vn -0.64431745 0.715587 -0.26979676
vn -0.64431745 0.715587 0.26979676
vn -0.6304956 -0.7002363 -0.3348796
vn -0.6304956 -0.7002363 0.3348796
vn -0.6137341 0.68162084 0.39840108
vn -0.5941112 -0.6598273 -0.46006504
vn -0.5941112 -0.6598273 0.46006504
vn -0.57171816 -0.6349574 0.51958394
vn -0.57171816 -0.6349574 0.51958394
vn -0.57171816 0.6349574 -0.51958394
vn -0.57171816 0.6349574 -0.51958394
vn -0.57171816 0.6349574 -0.51958394
vn -0.57171816 0.6349574 0.51958394
vn -0.5466596 -0.60712695 -0.5766803
vn -0.5466596 -0.60712695 -0.5766803
vn -0.5466596 0.60712695 -0.5766803
vn -0.51905215 0.57646585 -0.63108796
vn -0.51905215 0.57646585 0.63108796
vn -0.51905215 0.57646585 0.63108796
vn -0.4890247 -0.543117 -0.6825532
vn -0.4890247 -0.543117 0.6825532
vn -0.4890247 -0.543117 0.6825532
vn -0.4890247 0.543117 0.6825532
vn -0.4567172 0.5072358 -0.730836
vn -0.4567172 0.5072358 0.730836
vn -0.42228025 -0.46898973 0.7757113
vn -0.42228025 0.46898973 0.7757113
vn -0.38587445 -0.428557 -0.8169699
vn -0.3476695 0.38612613 -0.8544194
vn -0.3476695 0.38612613 0.8544194
vn -0.3078436 -0.34189495 -0.8878852
vn -0.3078436 -0.34189495 0.8878852
vn -0.26658237 0.2960697 -0.9172113
vn -0.26658237 0.2960697 0.9172113
vn -0.2240782 -0.24886405 -0.9422609
vn -0.2240782 -0.24886405 0.9422609
vn -0.2240782 0.24886405 -0.9422609
vn -0.18052928 0.20049807 0.96291727
vn -0.13613865 -0.15119728 -0.9790841
vn -0.13613865 0.15119728 -0.9790841
vn -0.13613865 0.15119728 0.9790841
vn -0.09111327 -0.10119154 0.99068594
vn -0.04566309 0.050713997 -0.99766874
vn -0.04566309 0.050713997 0.99766874
vn -4.0972433E-17 -4.5504496E-17 -1
vn 0 0 -1
vn 6.123234E-17 0 1
vn -4.0972433E-17 4.5504496E-17 -1
vn 0 0 -1
vn 6.123234E-17 0 1
vn -0.6156615 -0.7880108 0
vn -0.6156615 -0.7880108 0
vn -0.6156615 0.7880108 0
vn -0.6156615 0.7880108 0
vn -0.6156615 0.7880108 0
vn -0.6156615 0.7880108 0
vn -0.6142262 -0.7861737 -0.068242416
vn -0.6142262 0.7861737 -0.068242416
vn -0.6142262 0.7861737 -0.068242416
vn -0.6099272 -0.7806712 0.13616665
vn -0.6099272 0.7806712 -0.13616665
vn -0.6099272 0.7806712 -0.13616665
vn -0.6099272 0.7806712 0.13616665
vn -0.6099272 0.7806712 0.13616665
vn -0.60278434 0.7715288 -0.20345601
vn -0.60278434 0.7715288 -0.20345601
vn -0.5928311 -0.7587892 -0.26979676
vn -0.5928311 0.7587892 -0.26979676
vn -0.5928311 0.7587892 -0.26979676
vn -0.58011377 -0.74251175 0.3348796
vn -0.58011377 0.74251175 0.3348796
vn -0.58011377 0.74251175 0.3348796
vn -0.56469166 -0.72277236 -0.39840108
vn -0.56469166 -0.72277236 0.39840108
vn -0.56469166 0.72277236 -0.39840108
vn -0.5466367 0.6996631 0.46006504
vn -0.5466367 0.6996631 0.46006504
vn -0.5260331 -0.6732917 -0.51958394
vn -0.5260331 -0.6732917 0.51958394
vn -0.5260331 0.6732917 -0.51958394
vn -0.5260331 0.6732917 -0.51958394
vn -0.5260331 0.6732917 0.51958394
vn -0.5260331 0.6732917 0.51958394
vn -0.5029769 0.64378107 0.5766803
vn -0.5029769 0.64378107 0.5766803
vn -0.5029769 0.64378107 0.5766803
vn -0.47757557 -0.6112688 0.63108796
vn -0.47757557 -0.6112688 0.63108796
vn -0.47757557 0.6112688 -0.63108796
vn -0.47757557 0.6112688 -0.63108796
vn -0.47757557 0.6112688 0.63108796
vn -0.44994754 -0.5759066 -0.6825532
vn -0.44994754 -0.5759066 -0.6825532
vn -0.4202217 0.5378592 0.730836
vn -0.38853654 -0.49730408 -0.7757113
vn -0.38853654 -0.49730408 0.7757113
vn -0.38853654 0.49730408 0.7757113
vn -0.35503986 0.45443028 -0.8169699
vn -0.35503986 0.45443028 0.8169699
vn -0.31988782 -0.40943775 -0.8544194
vn -0.31988782 -0.40943775 0.8544194
vn -0.31988782 0.40943775 -0.8544194
vn -0.31988782 0.40943775 0.8544194
vn -0.2832443 0.3625362 -0.8878852
vn -0.2452802 -0.31394434 0.9172113
vn -0.2452802 0.31394434 -0.9172113
vn -0.20617248 -0.26388875 -0.9422609
vn -0.16610348 -0.21260276 0.96291727
vn -0.16610348 0.21260276 0.96291727
vn -0.12526003 -0.16032553 -0.9790841
vn -0.12526003 0.16032553 -0.9790841
vn -0.08383256 0.10730078 0.99068594
vn -0.042014226 -0.053775754 -0.99766874
vn -0.042014226 -0.053775754 0.99766874
vn -4.0972433E-17 -4.5504496E-17 -1
vn 0 0 -1
vn 6.123234E-17 0 1
vn -3.424069E-17 5.0763912E-17 -1
vn 0 0 -1
vn 6.123234E-17 0 1
vn -0.5591929 -0.82903755 0
vn -0.5591929 -0.82903755 0
vn -0.5591929 0.82903755 0
vn -0.5591929 0.82903755 0
vn -0.5578893 -0.82710487 -0.068242416
vn -0.5578893 -0.82710487 0.068242416
vn -0.5578893 0.82710487 -0.068242416
vn -0.5578893 0.82710487 0.068242416
vn -0.5539845 0.8213159 -0.13616665
vn -0.54749686 -0.8116975 -0.20345601
vn -0.54749686 -0.8116975 0.20345601
vn -0.54749686 0.8116975 0.20345601
vn -0.5384565 -0.7982946 -0.26979676
vn -0.5384565 0.7982946 -0.26979676
vn -0.5384565 0.7982946 0.26979676
vn -0.5269056 -0.7811697 0.3348796
vn -0.5269056 0.7811697 -0.3348796
vn -0.512898 0.7604026 -0.39840108
vn -0.49649912 -0.7360902 -0.46006504
vn -0.49649912 -0.7360902 0.46006504
vn -0.49649912 0.7360902 -0.46006504
vn -0.49649912 0.7360902 0.46006504
vn -0.47778526 -0.7083458 0.51958394
vn -0.47778526 0.7083458 -0.51958394
vn -0.45684376 0.6772987 0.5766803
vn -0.45684376 0.6772987 0.5766803
vn -0.43377224 -0.6430938 -0.63108796
vn -0.43377224 -0.6430938 -0.63108796
vn -0.4086783 -0.60589045 0.6825532
vn -0.4086783 -0.60589045 0.6825532
vn -0.4086783 0.60589045 -0.6825532
vn -0.4086783 0.60589045 -0.6825532
vn -0.38167888 0.5658622 -0.730836
vn -0.38167888 0.5658622 0.730836
vn -0.3528999 -0.5231956 -0.7757113
vn -0.3528999 -0.5231956 0.7757113
vn -0.3528999 0.5231956 -0.7757113
vn -0.3528999 0.5231956 0.7757113
vn -0.32247555 0.47808966 -0.8169699
vn -0.32247555 0.47808966 0.8169699
vn -0.29054767 -0.4307546 0.8544194
vn -0.2572651 -0.3814112 -0.8878852
vn -0.2572651 0.3814112 0.8878852
vn -0.22278306 -0.33028948 0.9172113
vn -0.22278306 0.33028948 -0.9172113
vn -0.22278306 0.33028948 0.9172113
vn -0.1872623 -0.27762777 0.9422609
vn -0.15086845 -0.22367166 -0.96291727
vn -0.15086845 0.22367166 -0.96291727
vn -0.113771155 -0.16867268 -0.9790841
vn -0.113771155 -0.16867268 0.9790841
vn -0.113771155 0.16867268 -0.9790841
vn -0.07614342 0.11288727 0.99068594
vn -3.424069E-17 -5.0763912E-17 -1
vn 0 0 -1
vn 6.123234E-17 0 1
vn -3.424069E-17 5.0763912E-17 -1
vn 0 0 -1
vn 6.123234E-17 0 1
vn -0.5 -0.8660254 0
vn -0.5 -0.8660254 0
vn -0.5 0.8660254 0
vn -0.5 0.8660254 0
vn -0.49883437 0.8640065 0.068242416
vn -0.49534297 -0.8579592 -0.13616665
vn -0.49534297 -0.8579592 0.13616665
vn -0.49534297 0.8579592 0.13616665
vn -0.48954204 0.8479117 -0.20345601
vn -0.48954204 0.8479117 0.20345601
vn -0.48145863 -0.8339108 0.26979676
vn -0.48145863 0.8339108 0.26979676
vn -0.47113046 -0.8160219 -0.3348796
vn -0.47113046 0.8160219 -0.3348796
vn -0.47113046 0.8160219 0.3348796
vn -0.45860565 -0.7943283 -0.39840108
vn -0.45860565 0.7943283 -0.39840108
vn -0.45860565 0.7943283 0.39840108
vn -0.4439426 -0.76893115 0.46006504
vn -0.4439426 0.76893115 -0.46006504
vn -0.4439426 0.76893115 0.46006504
vn -0.4272097 -0.7399489 -0.51958394
vn -0.40848494 0.7075167 -0.5766803
vn -0.40848494 0.7075167 0.5766803
vn -0.38785565 -0.6717857 0.63108796
vn -0.38785565 -0.6717857 0.63108796
vn -0.38785565 0.6717857 -0.63108796
vn -0.38785565 0.6717857 -0.63108796
vn -0.38785565 0.6717857 0.63108796
vn -0.38785565 0.6717857 0.63108796
vn -0.365418 -0.63292253 -0.6825532
vn -0.365418 -0.63292253 -0.6825532
vn -0.365418 0.63292253 0.6825532
vn -0.3412766 -0.5911084 0.730836
vn -0.3412766 0.5911084 0.730836
vn -0.31554398 -0.5465382 -0.7757113
vn -0.31554398 -0.5465382 0.7757113
vn -0.31554398 0.5465382 -0.7757113
vn -0.31554398 0.5465382 0.7757113
vn -0.28834015 0.4994198 0.8169699
vn -0.25979197 -0.4499729 0.8544194
vn -0.25979197 0.4499729 0.8544194
vn -0.23003252 -0.39842802 -0.8878852
vn -0.23003252 0.39842802 -0.8878852
vn -0.19920054 -0.34502545 0.9172113
vn -0.1674398 -0.29001424 -0.9422609
vn -0.1674398 0.29001424 -0.9422609
vn -0.13489838 -0.23365086 0.96291727
vn -0.13489838 0.23365086 -0.96291727
vn -0.10172801 0.17619808 0.9790841
vn -0.06808332 -0.117923774 -0.99068594
vn -0.06808332 -0.117923774 0.99068594
vn -0.06808332 0.117923774 0.99068594
vn -0.034121208 0.059099663 -0.99766874
vn -3.424069E-17 -5.0763912E-17 -1
vn 0 0 -1
vn 6.123234E-17 0 1
vn -2.684249E-17 5.503526E-17 -1
vn 0 0 -1
vn 6.123234E-17 0 1
vn -0.43837115 -0.89879405 0
vn -0.43837115 -0.89879405 0
vn -0.43837115 0.89879405 0
vn -0.43837115 0.89879405 0
vn -0.4373492 -0.8966988 -0.068242416
vn -0.4373492 0.8966988 -0.068242416
vn -0.4373492 0.8966988 0.068242416
vn -0.43428814 -0.89042264 0.13616665
vn -0.43428814 0.89042264 -0.13616665
vn -0.43428814 0.89042264 0.13616665
vn -0.42920223 -0.8799949 -0.20345601
vn -0.42920223 0.8799949 0.20345601
vn -0.42211515 0.8654643 0.26979676
vn -0.41306 -0.8468985 0.3348796
vn -0.41306 0.8468985 -0.3348796
vn -0.41306 0.8468985 0.3348796
vn -0.40207896 -0.82438403 -0.39840108
vn -0.40207896 0.82438403 0.39840108
vn -0.38922325 -0.79802597 -0.46006504
vn -0.38922325 -0.79802597 0.46006504
vn -0.38922325 0.79802597 -0.46006504
vn -0.38922325 0.79802597 0.46006504
vn -0.37455282 0.7679471 -0.51958394
vn -0.35813603 -0.7342877 -0.5766803
vn -0.35813603 -0.7342877 -0.5766803
vn -0.35813603 0.7342877 0.5766803
vn -0.34004945 -0.6972047 0.63108796
vn -0.34004945 -0.6972047 0.63108796
vn -0.34004945 0.6972047 -0.63108796
vn -0.34004945 0.6972047 -0.63108796
vn -0.34004945 0.6972047 0.63108796
vn -0.34004945 0.6972047 0.63108796
vn -0.3203774 0.656871 -0.6825532
vn -0.2992116 -0.6134747 -0.730836
vn -0.2992116 -0.6134747 0.730836
vn -0.2992116 0.6134747 -0.730836
vn -0.2992116 0.6134747 0.730836
vn -0.27665076 -0.56721807 -0.7757113
vn -0.27665076 0.56721807 -0.7757113
vn -0.27665076 0.56721807 0.7757113
vn -0.25280002 0.51831686 0.8169699
vn -0.22777061 -0.46699896 0.8544194
vn -0.22777061 0.46699896 -0.8544194
vn -0.22777061 0.46699896 0.8544194
vn -0.20167924 -0.4135037 -0.8878852
vn -0.20167924 0.4135037 0.8878852
vn -0.17464754 -0.35808054 -0.9172113
vn -0.17464754 -0.35808054 0.9172113
vn -0.14680156 0.3009878 -0.9422609
vn -0.14680156 0.3009878 0.9422609
vn -0.11827112 -0.24249174 0.96291727
vn -0.08918925 -0.18286505 -0.9790841
vn -0.08918925 0.18286505 0.9790841
vn -0.05969153 -0.12238577 0.99068594
vn -0.05969153 0.12238577 -0.99068594
vn -2.684249E-17 -5.503526E-17 -1
vn 0 0 -1
vn 6.123234E-17 0 1
vn -2.684249E-17 5.503526E-17 -1
vn 0 0 -1
vn 6.123234E-17 0 1
vn -0.37460658 -0.92718387 0
vn -0.37460658 -0.92718387 0
vn -0.37460658 0.92718387 0
vn -0.37460658 0.92718387 0
vn -0.3737333 0.92502236 0.068242416
vn -0.37111747 0.918548 -0.13616665
vn -0.36677134 -0.90779096 -0.20345601
vn -0.36677134 -0.90779096 0.20345601
vn -0.36677134 0.90779096 -0.20345601
vn -0.36071515 -0.89280134 0.26979676
vn -0.36071515 0.89280134 -0.26979676
vn -0.36071515 0.89280134 0.26979676
vn -0.35297716 -0.8736491 -0.3348796
vn -0.35297716 0.8736491 0.3348796
vn -0.3435934 0.8504235 -0.39840108
vn -0.3435934 0.8504235 0.39840108
vn -0.33260766 -0.8232328 -0.46006504
vn -0.33260766 -0.8232328 0.46006504
vn -0.33260766 0.8232328 -0.46006504
vn -0.33260766 0.8232328 0.46006504
vn -0.32007113 -0.7922039 0.51958394
vn -0.32007113 0.7922039 -0.51958394
vn -0.32007113 0.7922039 0.51958394
vn -0.3060423 0.7574813 -0.5766803
vn -0.3060423 0.7574813 0.5766803
vn -0.3060423 0.7574813 0.5766803
vn -0.29058656 -0.71922696 -0.63108796
vn -0.29058656 -0.71922696 -0.63108796
vn -0.29058656 -0.71922696 0.63108796
vn -0.29058656 -0.71922696 0.63108796
vn -0.29058656 0.71922696 -0.63108796
vn -0.29058656 0.71922696 -0.63108796
vn -0.2556889 -0.63285226 -0.730836
vn -0.2556889 -0.63285226 0.730836
vn -0.2556889 0.63285226 -0.730836
vn -0.2556889 0.63285226 0.730836
vn -0.23640971 0.58513457 -0.7757113
vn -0.23640971 0.58513457 0.7757113
vn -0.21602826 -0.5346887 -0.8169699
vn -0.21602826 0.5346887 -0.8169699
vn -0.19463958 -0.48174986 -0.8544194
vn -0.19463958 -0.48174986 0.8544194
vn -0.19463958 0.48174986 0.8544194
vn -0.1723434 0.42656487 -0.8878852
vn -0.14924367 -0.36939105 -0.9172113
vn -0.12544811 -0.31049496 0.9422609
vn -0.12544811 0.31049496 0.9422609
vn -0.10106765 -0.25015122 -0.96291727
vn -0.10106765 0.25015122 -0.96291727
vn -0.07621597 -0.18864113 0.9790841
vn -0.07621597 0.18864113 0.9790841
vn -0.051008925 -0.12625152 -0.99068594
vn -0.025564058 0.063273266 -0.99766874
vn -0.025564058 0.063273266 0.99766874
vn -2.684249E-17 -5.503526E-17 -1
vn 0 0 -1
vn 6.123234E-17 0 1
vn -1.8921834E-17 5.8235414E-17 -1
vn 0 0 -1
vn 6.123234E-17 0 1
vn 6.123234E-17 0 1
vn 0.70710677 1.5700924E-16 0.70710677
vn 0 0 -1
vn 0.70710677 0 -0.70710677
vn 0 0 -1
vn 0.7053843 0.049325276 -0.70710677
vn 6.123234E-17 0 1
vn 0.7053843 0.049325276 0.70710677
vn 0 0 -1
vn 0.7053843 -0.049325276 -0.70710677
vn 6.123234E-17 0 1
vn 0.7053843 -0.049325276 0.70710677
vn 0 0 -1
vn 0.7002253 0.09841024 -0.70710677
vn 6.123234E-17 0 1
vn 0.7002253 0.09841024 0.70710677
vn 0 0 -1
vn 0.7002253 -0.09841024 -0.70710677
vn 6.123234E-17 0 1
vn 0.7002253 -0.09841024 0.70710677
vn 0 0 -1
vn 0.6916548 0.14701577 -0.70710677
vn 6.123234E-17 0 1
vn 0.6916548 0.14701577 0.70710677
vn 0 0 -1
vn 0.6916548 -0.14701577 -0.70710677
vn 6.123234E-17 0 1
vn 0.6916548 -0.14701577 0.70710677
vn 0 0 -1
vn 0.6797147 0.19490504 -0.70710677
vn 6.123234E-17 0 1
vn 0.6797147 0.19490504 0.70710677
vn 0 0 -1
vn 0.6797147 -0.19490504 -0.70710677
vn 6.123234E-17 0 1
vn 0.6797147 -0.19490504 0.70710677
vn 0 0 -1
vn 0.66446304 0.24184476 -0.70710677
vn 6.123234E-17 0 1
vn 0.66446304 0.24184476 0.70710677
vn 0 0 -1
vn 0.66446304 -0.24184476 -0.70710677
vn 6.123234E-17 0 1
vn 0.66446304 -0.24184476 0.70710677
vn 0 0 -1
vn 0.64597416 0.28760624 -0.70710677
vn 6.123234E-17 0 1
vn 0.64597416 0.28760624 0.70710677
vn 0 0 -1
vn 0.64597416 -0.28760624 -0.70710677
vn 6.123234E-17 0 1
vn 0.64597416 -0.28760624 0.70710677
vn -0.309017 -0.95105654 0
vn -0.309017 -0.95105654 0
vn -0.309017 0.95105654 0
vn -0.309017 0.95105654 0
vn -0.3082966 -0.94883937 -0.068242416
vn -0.3082966 0.94883937 -0.068242416
vn -0.3082966 0.94883937 0.068242416
vn -0.30613878 -0.94219834 0.13616665
vn -0.30613878 0.94219834 0.13616665
vn -0.30255362 -0.9311643 0.20345601
vn -0.30255362 0.9311643 -0.20345601
vn -0.30255362 0.9311643 0.20345601
vn -0.2975578 -0.91578877 -0.26979676
vn -0.2975578 0.91578877 -0.26979676
vn -0.29117465 0.8961434 -0.3348796
vn -0.29117465 0.8961434 0.3348796
vn -0.28343388 -0.87231976 -0.39840108
vn -0.28343388 -0.87231976 0.39840108
vn -0.28343388 0.87231976 -0.39840108
vn -0.28343388 0.87231976 0.39840108
vn -0.27437162 0.844429 -0.46006504
vn -0.27437162 0.844429 0.46006504
vn -0.26403013 -0.81260115 -0.51958394
vn -0.26403013 -0.81260115 0.51958394
vn -0.26403013 0.81260115 -0.51958394
vn -0.26403013 0.81260115 0.51958394
vn -0.2524576 -0.7769845 -0.5766803
vn -0.2524576 -0.7769845 0.5766803
vn -0.2524576 0.7769845 -0.5766803
vn -0.23970798 0.7377453 0.63108796
vn -0.22584073 -0.69506633 0.6825532
vn -0.22584073 -0.69506633 0.6825532
vn -0.22584073 0.69506633 -0.6825532
vn -0.22584073 0.69506633 -0.6825532
vn -0.22584073 0.69506633 0.6825532
vn -0.22584073 0.69506633 0.6825532
vn -0.21092053 -0.6491466 -0.730836
vn -0.21092053 -0.6491466 -0.730836
vn -0.21092053 0.6491466 -0.730836
vn -0.21092053 0.6491466 0.730836
vn -0.1950169 0.6002003 0.7757113
vn -0.17820401 -0.5484556 -0.8169699
vn -0.17820401 -0.5484556 0.8169699
vn -0.17820401 0.5484556 0.8169699
vn -0.16056027 0.4941537 -0.8544194
vn -0.14216791 0.43754786 -0.8878852
vn -0.14216791 0.43754786 0.8878852
vn -0.12311271 -0.37890196 -0.9172113
vn -0.12311271 -0.37890196 0.9172113
vn -0.12311271 0.37890196 -0.9172113
vn 0 0 -1
vn 0.6243382 0.33196652 -0.70710677
vn 6.123234E-17 0 1
vn 0.6243382 0.33196652 0.70710677
vn 0 0 -1
vn 0.6243382 -0.33196652 -0.70710677
vn 6.123234E-17 0 1
vn 0.6243382 -0.33196652 0.70710677
vn 0.70710677 1.5700924E-16 0.70710677
vn 1 2.4492937E-16 0
vn 0.70710677 0 -0.70710677
vn 1 2.4492937E-16 0
vn -0.08337179 -0.25659198 -0.96291727
vn -0.08337179 -0.25659198 0.96291727
vn -0.08337179 0.25659198 -0.96291727
vn -0.08337179 0.25659198 0.96291727
vn 0.7053843 0.049325276 -0.70710677
vn 0.9975641 0.06975647 0
vn 0.7053843 0.049325276 0.70710677
vn 0.9975641 0.06975647 0
vn 0.7053843 -0.049325276 -0.70710677
vn 0.9975641 -0.06975647 0
vn 0.7053843 -0.049325276 0.70710677
vn 0.9975641 -0.06975647 0
vn -0.06287137 0.19349816 -0.9790841
vn -0.04207781 -0.12950218 -0.99068594
vn -0.04207781 -0.12950218 0.99068594
vn -0.04207781 0.12950218 0.99068594
vn 0.7002253 0.09841024 -0.70710677
vn 0.99026805 0.1391731 0
vn 0.7002253 0.09841024 0.70710677
vn 0.99026805 0.1391731 0
vn 0.7002253 -0.09841024 -0.70710677
vn 0.99026805 -0.1391731 0
vn 0.7002253 -0.09841024 0.70710677
vn 0.99026805 -0.1391731 0
vn -1.8921834E-17 -5.8235414E-17 -1
vn 0 0 -1
vn 6.123234E-17 0 1
vn -1.8921834E-17 5.8235414E-17 -1
vn 0 0 -1
vn 6.123234E-17 0 1
vn 0.6916548 0.14701577 -0.70710677
vn 0.9781476 0.20791169 0
vn 0.6916548 0.14701577 0.70710677
vn 0.9781476 0.20791169 0
vn 0.6916548 -0.14701577 -0.70710677
vn 0.9781476 -0.20791169 0
vn 0.6916548 -0.14701577 0.70710677
vn 0.9781476 -0.20791169 0
vn 0.6797147 0.19490504 -0.70710677
vn 0.9612617 0.27563736 0
vn 0.6797147 0.19490504 0.70710677
vn 0.9612617 0.27563736 0
vn 0.6797147 -0.19490504 -0.70710677
vn 0.9612617 -0.27563736 0
vn 0.6797147 -0.19490504 0.70710677
vn 0.9612617 -0.27563736 0
vn 0 0 -1
vn 0.5996606 0.37470952 -0.70710677
vn 6.123234E-17 0 1
vn 0.5996606 0.37470952 0.70710677
vn 0 0 -1
vn 0.5996606 -0.37470952 -0.70710677
vn 6.123234E-17 0 1
vn 0.5996606 -0.37470952 0.70710677
vn 0.66446304 0.24184476 -0.70710677
vn 0.9396926 0.34202015 0
vn 0.66446304 0.24184476 0.70710677
vn 0.9396926 0.34202015 0
vn 0.66446304 -0.24184476 -0.70710677
vn 0.9396926 -0.34202015 0
vn 0.66446304 -0.24184476 0.70710677
vn 0.9396926 -0.34202015 0
vn 0 0 -1
vn 0.5720614 0.41562694 -0.70710677
vn 6.123234E-17 0 1
vn 0.5720614 0.41562694 0.70710677
vn 0 0 -1
vn 0.5720614 -0.41562694 -0.70710677
vn 6.123234E-17 0 1
vn 0.5720614 -0.41562694 0.70710677
vn 0.64597416 0.28760624 -0.70710677
vn 0.9135454 0.40673664 0
vn 0.64597416 0.28760624 0.70710677
vn 0.9135454 0.40673664 0
vn 0.64597416 -0.28760624 -0.70710677
vn 0.9135454 -0.40673664 0
vn 0.64597416 -0.28760624 0.70710677
vn 0.9135454 -0.40673664 0
vn 0.6243382 0.33196652 -0.70710677
vn 0.88294756 0.46947157 0
vn 0.6243382 0.33196652 0.70710677
vn 0.88294756 0.46947157 0
vn 0.6243382 -0.33196652 -0.70710677
vn 0.88294756 -0.46947157 0
vn 0.6243382 -0.33196652 0.70710677
vn 0.88294756 -0.46947157 0
vn 0 0 -1
vn 0.5416752 0.45451948 -0.70710677
vn 6.123234E-17 0 1
vn 0.5416752 0.45451948 0.70710677
vn 0 0 -1
vn 0.5416752 -0.45451948 -0.70710677
vn 6.123234E-17 0 1
vn 0.5416752 -0.45451948 0.70710677
vn 0.5996606 0.37470952 -0.70710677
vn 0.8480481 0.52991927 0
vn 0.5996606 0.37470952 0.70710677
vn 0.8480481 0.52991927 0
vn 0.5996606 -0.37470952 -0.70710677
vn 0.8480481 -0.52991927 0
vn 0.5996606 -0.37470952 0.70710677
vn 0.8480481 -0.52991927 0
vn 0 0 -1
vn 0.50865006 0.49119765 -0.70710677
vn 6.123234E-17 0 1
vn 0.50865006 0.49119765 0.70710677
vn 0 0 -1
vn 0.50865006 -0.49119765 -0.70710677
vn 6.123234E-17 0 1
vn 0.50865006 -0.49119765 0.70710677
vn 0.5720614 0.41562694 -0.70710677
vn 0.809017 0.58778524 0
vn 0.5720614 0.41562694 0.70710677
vn 0.809017 0.58778524 0
vn 0.5720614 -0.41562694 -0.70710677
vn 0.809017 -0.58778524 0
vn 0.5720614 -0.41562694 0.70710677
vn 0.809017 -0.58778524 0
vn -0.2419219 -0.9702957 0
vn -0.2419219 -0.9702957 0
vn -0.2419219 0.9702957 0
vn -0.2419219 0.9702957 0
vn -0.24135792 -0.96803373 0.068242416
vn -0.24135792 0.96803373 -0.068242416
vn -0.24135792 0.96803373 0.068242416
vn -0.23966862 -0.96125835 -0.13616665
vn -0.23966862 0.96125835 -0.13616665
vn -0.23686188 -0.9500011 0.20345601
vn -0.23686188 0.9500011 -0.20345601
vn -0.23295078 -0.93431455 -0.26979676
vn -0.23295078 0.93431455 -0.26979676
vn -0.23295078 0.93431455 0.26979676
vn -0.22795355 -0.9142718 0.3348796
vn -0.22795355 0.9142718 -0.3348796
vn -0.22795355 0.9142718 0.3348796
vn -0.22189349 0.8899662 -0.39840108
vn -0.21479887 -0.86151123 -0.46006504
vn -0.21479887 -0.86151123 0.46006504
vn -0.20670277 0.8290395 0.51958394
vn -0.19764291 -0.7927024 0.5766803
vn -0.19764291 0.7927024 -0.5766803
vn -0.19764291 0.7927024 0.5766803
vn -0.18766154 -0.75266933 -0.63108796
vn -0.18766154 0.75266933 -0.63108796
vn -0.18766154 0.75266933 0.63108796
vn -0.17680523 -0.709127 0.6825532
vn -0.17680523 -0.709127 0.6825532
vn -0.17680523 0.709127 -0.6825532
vn -0.17680523 0.709127 -0.6825532
vn -0.17680523 0.709127 0.6825532
vn -0.17680523 0.709127 0.6825532
vn -0.16512455 -0.6622784 -0.730836
vn -0.16512455 -0.6622784 -0.730836
vn -0.16512455 -0.6622784 0.730836
vn -0.16512455 0.6622784 0.730836
vn -0.1395116 -0.55955046 -0.8169699
vn -0.1395116 -0.55955046 0.8169699
vn -0.1395116 0.55955046 -0.8169699
vn -0.12569873 0.5041501 -0.8544194
vn -0.12569873 0.5041501 0.8544194
vn -0.111299805 -0.44639915 0.8878852
vn -0.111299805 0.44639915 -0.8878852
vn -0.09638195 -0.38656688 -0.9172113
vn -0.09638195 0.38656688 -0.9172113
vn -0.09638195 0.38656688 0.9172113
vn -0.08101471 -0.32493225 0.9422609
vn -0.08101471 0.32493225 -0.9422609
vn -0.065269746 -0.26178265 -0.96291727
vn -0.065269746 -0.26178265 0.96291727
vn -0.065269746 0.26178265 -0.96291727
vn -0.065269746 0.26178265 0.96291727
vn -0.049220465 -0.1974125 -0.9790841
vn -0.032941695 -0.13212192 0.99068594
vn -0.032941695 0.13212192 -0.99068594
vn -0.032941695 0.13212192 0.99068594
vn -1.8921834E-17 -5.8235414E-17 -1
vn 0 0 -1
vn 6.123234E-17 0 1
vn -1.0632884E-17 6.030208E-17 -1
vn 0 0 -1
vn 6.123234E-17 0 1
vn 0.5416752 0.45451948 -0.70710677
vn 0.76604444 0.64278764 0
vn 0.5416752 0.45451948 0.70710677
vn 0.76604444 0.64278764 0
vn 0.5416752 -0.45451948 -0.70710677
vn 0.76604444 -0.64278764 0
vn 0.5416752 -0.45451948 0.70710677
vn 0.76604444 -0.64278764 0
vn 0 0 -1
vn 0.4731468 0.5254828 -0.70710677
vn 6.123234E-17 0 1
vn 0.4731468 0.5254828 0.70710677
vn 0 0 -1
vn 0.4731468 -0.5254828 -0.70710677
vn 6.123234E-17 0 1
vn 0.4731468 -0.5254828 0.70710677
vn 0.50865006 0.49119765 -0.70710677
vn 0.7193398 0.6946584 0
vn 0.7193398 0.6946584 0
vn 0.50865006 0.49119765 0.70710677
vn 0.7193398 0.6946584 0
vn 0.7193398 0.6946584 0
vn 0.50865006 -0.49119765 -0.70710677
vn 0.7193398 -0.6946584 0
vn 0.7193398 -0.6946584 0
vn 0.50865006 -0.49119765 0.70710677
vn 0.7193398 -0.6946584 0
vn 0.7193398 -0.6946584 0
vn 0 0 -1
vn 0.4353384 0.55720776 -0.70710677
vn 6.123234E-17 0 1
vn 0.4353384 0.55720776 0.70710677
vn 0 0 -1
vn 0.4353384 -0.55720776 -0.70710677
vn 6.123234E-17 0 1
vn 0.4353384 -0.55720776 0.70710677
vn 0.4731468 0.5254828 -0.70710677
vn 0.6691306 0.7431448 0
vn 0.4731468 0.5254828 0.70710677
vn 0.6691306 0.7431448 0
vn 0.4731468 -0.5254828 -0.70710677
vn 0.6691306 -0.7431448 0
vn 0.4731468 -0.5254828 0.70710677
vn 0.6691306 -0.7431448 0
vn 0 0 -1
vn 0.3954091 0.5862181 -0.70710677
vn 6.123234E-17 0 1
vn 0.3954091 0.5862181 0.70710677
vn 0 0 -1
vn 0.3954091 -0.5862181 -0.70710677
vn 6.123234E-17 0 1
vn 0.3954091 -0.5862181 0.70710677
vn 0.4353384 0.55720776 -0.70710677
vn 0.6156615 0.7880108 0
vn 0.4353384 0.55720776 0.70710677
vn 0.6156615 0.7880108 0
vn 0.4353384 -0.55720776 -0.70710677
vn 0.6156615 -0.7880108 0
vn 0.4353384 -0.55720776 0.70710677
vn 0.6156615 -0.7880108 0
vn -0.17364818 -0.9848077 0
vn -0.17364818 -0.9848077 0
vn -0.17364818 0.9848077 0
vn -0.17364818 0.9848077 0
vn -0.17324336 -0.98251194 -0.068242416
vn -0.17324336 -0.98251194 0.068242416
vn -0.17324336 0.98251194 -0.068242416
vn -0.17324336 0.98251194 0.068242416
vn -0.1720308 0.9756352 -0.13616665
vn -0.1720308 0.9756352 0.13616665
vn -0.17001617 0.9642096 -0.20345601
vn -0.17001617 0.9642096 0.20345601
vn -0.16720884 -0.9482884 -0.26979676
vn -0.16720884 -0.9482884 0.26979676
vn -0.16720884 0.9482884 -0.26979676
vn -0.16720884 0.9482884 0.26979676
vn -0.16362189 0.92794585 -0.3348796
vn -0.16362189 0.92794585 0.3348796
vn -0.15927207 -0.9032768 -0.39840108
vn -0.15927207 -0.9032768 0.39840108
vn -0.15927207 0.9032768 -0.39840108
vn -0.15927207 0.9032768 0.39840108
vn -0.15417965 -0.87439626 -0.46006504
vn -0.15417965 0.87439626 -0.46006504
vn -0.14836837 -0.84143883 0.51958394
vn -0.14836837 0.84143883 -0.51958394
vn -0.14836837 0.84143883 0.51958394
vn -0.14186533 -0.8045583 -0.5766803
vn -0.14186533 0.8045583 -0.5766803
vn -0.14186533 0.8045583 0.5766803
vn -0.13470085 -0.7639265 0.63108796
vn -0.13470085 0.7639265 -0.63108796
vn -0.13470085 0.7639265 0.63108796
vn -0.12690833 -0.71973294 -0.6825532
vn -0.12690833 -0.71973294 -0.6825532
vn -0.12690833 -0.71973294 0.6825532
vn -0.12690833 -0.71973294 0.6825532
vn -0.12690833 0.71973294 -0.6825532
vn -0.12690833 0.71973294 -0.6825532
vn -0.12690833 0.71973294 0.6825532
vn -0.12690833 0.71973294 0.6825532
vn -0.11852411 0.67218363 -0.730836
vn -0.109587274 -0.6215003 -0.7757113
vn -0.109587274 0.6215003 -0.7757113
vn -0.100139484 -0.56791925 0.8169699
vn -0.100139484 0.56791925 -0.8169699
vn -0.0902248 -0.5116903 -0.8544194
vn -0.0902248 -0.5116903 0.8544194
vn -0.0902248 0.5116903 -0.8544194
vn -0.0902248 0.5116903 0.8544194
vn 0 0 -1
vn 0.35355338 0.61237246 -0.70710677
vn 6.123234E-17 0 1
vn 0.35355338 0.61237246 0.70710677
vn 0 0 -1
vn 0.35355338 -0.61237246 -0.70710677
vn 6.123234E-17 0 1
vn 0.35355338 -0.61237246 0.70710677
vn -0.079889454 0.45307562 -0.8878852
vn -0.079889454 0.45307562 0.8878852
vn -0.06918162 0.39234847 0.9172113
vn -0.058151234 -0.32979205 -0.9422609
vn -0.058151234 -0.32979205 0.9422609
vn -0.058151234 0.32979205 0.9422609
vn -0.046849716 0.26569796 -0.96291727
vn -0.046849716 0.26569796 0.96291727
vn -0.035329767 -0.20036505 -0.9790841
vn -0.035329767 -0.20036505 0.9790841
vn 0.3954091 0.5862181 -0.70710677
vn 0.5591929 0.82903755 0
vn 0.3954091 0.5862181 0.70710677
vn 0.5591929 0.82903755 0
vn 0.3954091 -0.5862181 -0.70710677
vn 0.5591929 -0.82903755 0
vn 0.3954091 -0.5862181 0.70710677
vn 0.5591929 -0.82903755 0
vn -0.02364509 0.13409798 -0.99068594
vn -0.02364509 0.13409798 0.99068594
vn -1.0632884E-17 -6.030208E-17 -1
vn 0 0 -1
vn 6.123234E-17 0 1
vn -1.0632884E-17 6.030208E-17 -1
vn 0 0 -1
vn 6.123234E-17 0 1
vn 0.35355338 0.61237246 -0.70710677
vn 0.5 0.8660254 0
vn 0.35355338 0.61237246 0.70710677
vn 0.5 0.8660254 0
vn 0.35355338 -0.61237246 -0.70710677
vn 0.5 -0.8660254 0
vn 0.35355338 -0.61237246 0.70710677
vn 0.5 -0.8660254 0
vn 0 0 -1
vn 0.3099752 0.63554335 -0.70710677
vn 6.123234E-17 0 1
vn 0.3099752 0.63554335 0.70710677
vn 0 0 -1
vn 0.3099752 -0.63554335 -0.70710677
vn 6.123234E-17 0 1
vn 0.3099752 -0.63554335 0.70710677
vn 0.3099752 0.63554335 -0.70710677
vn 0.43837115 0.89879405 0
vn 0.3099752 0.63554335 0.70710677
vn 0.43837115 0.89879405 0
vn 0.3099752 -0.63554335 -0.70710677
vn 0.43837115 -0.89879405 0
vn 0.3099752 -0.63554335 0.70710677
vn 0.43837115 -0.89879405 0
vn 0 0 -1
vn 0.26488686 0.655618 -0.70710677
vn 6.123234E-17 0 1
vn 0.26488686 0.655618 0.70710677
vn 0 0 -1
vn 0.26488686 -0.655618 -0.70710677
vn 6.123234E-17 0 1
vn 0.26488686 -0.655618 0.70710677
vn 0.26488686 0.655618 -0.70710677
vn 0.37460658 0.92718387 0
vn 0.26488686 0.655618 0.70710677
vn 0.37460658 0.92718387 0
vn 0.26488686 -0.655618 -0.70710677
vn 0.37460658 -0.92718387 0
vn 0.26488686 -0.655618 0.70710677
vn 0.37460658 -0.92718387 0
vn 0 0 -1
vn 0.218508 0.6724985 -0.70710677
vn 6.123234E-17 0 1
vn 0.218508 0.6724985 0.70710677
vn 0 0 -1
vn 0.218508 -0.6724985 -0.70710677
vn 6.123234E-17 0 1
vn 0.218508 -0.6724985 0.70710677
vn -0.104528464 -0.9945219 0
vn -0.104528464 -0.9945219 0
vn -0.104528464 0.9945219 0
vn -0.104528464 0.9945219 0
vn -0.104284786 0.9922034 -0.068242416
vn -0.10355488 0.9852589 -0.13616665
vn -0.10355488 0.9852589 0.13616665
vn -0.10234216 -0.97372055 -0.20345601
vn -0.10234216 -0.97372055 0.20345601
vn -0.10234216 0.97372055 -0.20345601
vn -0.10234216 0.97372055 0.20345601
vn -0.10065226 -0.9576423 -0.26979676
vn -0.10065226 0.9576423 -0.26979676
vn -0.10065226 0.9576423 0.26979676
vn -0.098493084 0.9370991 -0.3348796
vn -0.098493084 0.9370991 0.3348796
vn -0.09587469 -0.91218674 -0.39840108
vn -0.09587469 -0.91218674 0.39840108
vn -0.09587469 0.91218674 -0.39840108
vn -0.09587469 0.91218674 0.39840108
vn -0.092809275 -0.8830213 0.46006504
vn -0.092809275 0.8830213 -0.46006504
vn -0.092809275 0.8830213 0.46006504
vn -0.089311145 0.8497388 -0.51958394
vn -0.089311145 0.8497388 0.51958394
vn -0.08539661 -0.81249446 -0.5766803
vn -0.08539661 -0.81249446 0.5766803
vn -0.08539661 0.81249446 -0.5766803
vn -0.08539661 0.81249446 0.5766803
vn -0.08108391 -0.77146184 -0.63108796
vn -0.08108391 -0.77146184 -0.63108796
vn -0.08108391 0.77146184 -0.63108796
vn -0.08108391 0.77146184 0.63108796
vn -0.07639316 -0.7268324 0.6825532
vn -0.07639316 -0.7268324 0.6825532
vn -0.07639316 0.7268324 0.6825532
vn -0.07639316 0.7268324 0.6825532
vn -0.07134623 0.67881405 -0.730836
vn -0.07134623 0.67881405 -0.730836
vn -0.07134623 0.67881405 0.730836
vn -0.06596665 -0.6276308 -0.7757113
vn -0.06596665 -0.6276308 0.7757113
vn -0.06596665 0.6276308 -0.7757113
vn -0.06596665 0.6276308 0.7757113
vn -0.060279507 -0.5735212 -0.8169699
vn -0.060279507 0.5735212 0.8169699
vn -0.054311313 -0.51673764 0.8544194
vn -0.054311313 0.51673764 -0.8544194
vn -0.04808989 0.45754474 -0.8878852
vn -0.04808989 0.45754474 0.8878852
vn -0.041644253 -0.3962186 -0.9172113
vn -0.041644253 -0.3962186 0.9172113
vn -0.041644253 0.3962186 0.9172113
vn -0.035004452 0.3330451 -0.9422609
vn -0.028201442 -0.2683188 -0.96291727
vn -0.028201442 -0.2683188 0.96291727
vn -0.028201442 0.2683188 0.96291727
vn -0.021266945 -0.20234147 -0.9790841
vn -0.021266945 -0.20234147 0.9790841
vn -0.01423329 0.13542071 -0.99068594
vn -0.01423329 0.13542071 0.99068594
vn -1.0632884E-17 -6.030208E-17 -1
vn 0 0 -1
vn 6.123234E-17 0 1
vn -2.1369779E-18 6.119504E-17 -1
vn 0 0 -1
vn 6.123234E-17 0 1
vn 0.218508 0.6724985 -0.70710677
vn 0.309017 0.95105654 0
vn 0.218508 0.6724985 0.70710677
vn 0.309017 0.95105654 0
vn 0.218508 -0.6724985 -0.70710677
vn 0.309017 -0.95105654 0
vn 0.218508 -0.6724985 0.70710677
vn 0.309017 -0.95105654 0
vn 0 0 -1
vn 0.17106462 0.6861027 -0.70710677
vn 6.123234E-17 0 1
vn 0.17106462 0.6861027 0.70710677
vn 0 0 -1
vn 0.17106462 -0.6861027 -0.70710677
vn 6.123234E-17 0 1
vn 0.17106462 -0.6861027 0.70710677
vn 0.17106462 0.6861027 -0.70710677
vn 0.2419219 0.9702957 0
vn 0.17106462 0.6861027 0.70710677
vn 0.2419219 0.9702957 0
vn 0.17106462 -0.6861027 -0.70710677
vn 0.2419219 -0.9702957 0
vn 0.17106462 -0.6861027 0.70710677
vn 0.2419219 -0.9702957 0
vn 0 0 -1
vn 0.1227878 0.6963642 -0.70710677
vn 6.123234E-17 0 1
vn 0.1227878 0.6963642 0.70710677
vn 0 0 -1
vn 0.1227878 -0.6963642 -0.70710677
vn 6.123234E-17 0 1
vn 0.1227878 -0.6963642 0.70710677
vn 0.1227878 0.6963642 -0.70710677
vn 0.17364818 0.9848077 0
vn 0.1227878 0.6963642 0.70710677
vn 0.17364818 0.9848077 0
vn 0.1227878 -0.6963642 -0.70710677
vn 0.17364818 -0.9848077 0
vn 0.1227878 -0.6963642 0.70710677
vn 0.17364818 -0.9848077 0
vn 0 0 -1
vn 0.073912784 0.7032332 -0.70710677
vn 6.123234E-17 0 1
vn 0.073912784 0.7032332 0.70710677
vn 0 0 -1
vn 0.073912784 -0.7032332 -0.70710677
vn 6.123234E-17 0 1
vn 0.073912784 -0.7032332 0.70710677
vn -0.034899496 -0.99939084 0
vn -0.034899496 -0.99939084 0
vn -0.034899496 0.99939084 0
vn -0.034899496 0.99939084 0
vn -0.03481814 0.997061 -0.068242416
vn -0.03481814 0.997061 0.068242416
vn -0.03457444 -0.99008244 -0.13616665
vn -0.03457444 -0.99008244 0.13616665
vn -0.03457444 0.99008244 -0.13616665
vn -0.03457444 0.99008244 0.13616665
vn -0.034169544 0.9784877 -0.20345601
vn -0.034169544 0.9784877 0.20345601
vn -0.03360533 -0.9623307 -0.26979676
vn -0.03360533 -0.9623307 0.26979676
vn -0.03360533 0.9623307 -0.26979676
vn -0.03360533 0.9623307 0.26979676
vn -0.03288443 0.9416869 -0.3348796
vn -0.03288443 0.9416869 0.3348796
vn -0.032010213 0.91665256 -0.39840108
vn -0.032010213 0.91665256 0.39840108
vn -0.030986747 -0.88734436 -0.46006504
vn -0.030986747 -0.88734436 0.46006504
vn -0.030986747 0.88734436 -0.46006504
vn -0.030986747 0.88734436 0.46006504
vn -0.029818807 0.85389894 -0.51958394
vn -0.029818807 0.85389894 0.51958394
vn -0.028511839 -0.81647223 -0.5766803
vn -0.028511839 -0.81647223 0.5766803
vn -0.028511839 0.81647223 -0.5766803
vn -0.025505807 -0.7303908 -0.6825532
vn -0.025505807 -0.7303908 -0.6825532
vn -0.025505807 0.7303908 -0.6825532
vn -0.025505807 0.7303908 -0.6825532
vn -0.025505807 0.7303908 0.6825532
vn -0.025505807 0.7303908 0.6825532
vn -0.023820762 -0.68213737 -0.730836
vn -0.023820762 -0.68213737 0.730836
vn -0.023820762 -0.68213737 0.730836
vn -0.023820762 0.68213737 -0.730836
vn -0.022024652 -0.6307035 0.7757113
vn -0.022024652 0.6307035 0.7757113
vn -0.020125853 0.57632905 -0.8169699
vn -0.018133217 -0.51926744 -0.8544194
vn -0.018133217 0.51926744 0.8544194
vn -0.016056038 -0.45978478 0.8878852
vn -0.016056038 0.45978478 -0.8878852
vn -0.013903998 -0.3981584 -0.9172113
vn -0.013903998 -0.3981584 0.9172113
vn -0.01168713 0.3346756 0.9422609
vn -0.009415772 -0.26963243 -0.96291727
vn -0.009415772 -0.26963243 0.96291727
vn -0.009415772 0.26963243 -0.96291727
vn -0.0071005123 -0.20333207 -0.9790841
vn -0.0071005123 0.20333207 -0.9790841
vn -0.0071005123 0.20333207 0.9790841
vn -0.0047521475 -0.1360837 0.99068594
vn -0.0047521475 0.1360837 0.99068594
vn -2.1369779E-18 -6.119504E-17 -1
vn 0 0 -1
vn 6.123234E-17 0 1
vn -2.1369779E-18 6.119504E-17 -1
vn 0 0 -1
vn 6.123234E-17 0 1
vn 0.073912784 0.7032332 -0.70710677
vn 0.104528464 0.9945219 0
vn 0.073912784 0.7032332 0.70710677
vn 0.104528464 0.9945219 0
vn 0.073912784 -0.7032332 -0.70710677
vn 0.104528464 -0.9945219 0
vn 0.073912784 -0.7032332 0.70710677
vn 0.104528464 -0.9945219 0
vn 0 0 -1
vn 0.024677671 0.706676 -0.70710677
vn 6.123234E-17 0 1
vn 0.024677671 0.706676 0.70710677
vn 0 0 -1
vn 0.024677671 -0.706676 -0.70710677
vn 6.123234E-17 0 1
vn 0.024677671 -0.706676 0.70710677
vn 0.024677671 0.706676 -0.70710677
vn 0.034899496 0.99939084 0
vn 0.024677671 0.706676 0.70710677
vn 0.034899496 0.99939084 0
vn 0.024677671 -0.706676 -0.70710677
vn 0.034899496 -0.99939084 0
vn 0.024677671 -0.706676 0.70710677
vn 0.034899496 -0.99939084 0
vn -0.034899496 0.99939084 0
vn -0.024677671 0.706676 -0.70710677
vn -0.034899496 0.99939084 0
vn -0.024677671 0.706676 0.70710677
vn -0.034899496 -0.99939084 0
vn -0.024677671 -0.706676 -0.70710677
vn -0.034899496 -0.99939084 0
vn -0.024677671 -0.706676 0.70710677
vn -0.024677671 0.706676 -0.70710677
vn 0 0 -1
vn -0.024677671 0.706676 0.70710677
vn 6.123234E-17 0 1
vn -0.024677671 -0.706676 -0.70710677
vn 0 0 -1
vn -0.024677671 -0.706676 0.70710677
vn 6.123234E-17 0 1
vn -0.104528464 0.9945219 0
vn -0.073912784 0.7032332 -0.70710677
vn -0.104528464 0.9945219 0
vn -0.073912784 0.7032332 0.70710677
vn -0.104528464 -0.9945219 0
vn -0.073912784 -0.7032332 -0.70710677
vn -0.104528464 -0.9945219 0
vn -0.073912784 -0.7032332 0.70710677
vn -2.1369779E-18 -6.119504E-17 -1
vn 0 0 -1
vn 6.123234E-17 0 1
vn 0 0 -1
vn 6.4005226E-18 6.0896904E-17 -1
vn 6.123234E-17 0 1
vn 0.0023816258 -0.06820084 0.99766874
vn 0.0023816258 0.06820084 -0.99766874
vn 0.0023816258 0.06820084 0.99766874
vn 0.0047521475 0.1360837 0.99068594
vn 0.0071005123 -0.20333207 -0.9790841
vn 0.0071005123 -0.20333207 0.9790841
vn 0.0071005123 0.20333207 0.9790841
vn 0.009415772 -0.26963243 -0.96291727
vn 0.009415772 -0.26963243 0.96291727
vn 0.009415772 0.26963243 -0.96291727
vn 0.009415772 0.26963243 0.96291727
vn 0.01168713 0.3346756 -0.9422609
vn 0.01168713 0.3346756 0.9422609
vn 0.013903998 -0.3981584 -0.9172113
vn 0.013903998 -0.3981584 0.9172113
vn 0.013903998 0.3981584 0.9172113
vn 0.016056038 0.45978478 0.8878852
vn 0.018133217 -0.51926744 0.8544194
vn 0.018133217 0.51926744 -0.8544194
vn 0.018133217 0.51926744 0.8544194
vn 0.020125853 -0.57632905 -0.8169699
vn 0.020125853 0.57632905 -0.8169699
vn 0.020125853 0.57632905 0.8169699
vn 0.022024652 -0.6307035 -0.7757113
vn 0.022024652 0.6307035 -0.7757113
vn 0.023820762 -0.68213737 0.730836
vn 0.023820762 -0.68213737 0.730836
vn 0.023820762 0.68213737 -0.730836
vn 0.023820762 0.68213737 -0.730836
vn 0.023820762 0.68213737 0.730836
vn 0.023820762 0.68213737 0.730836
vn 0.025505807 0.7303908 0.6825532
vn 0.027071934 -0.77523875 -0.63108796
vn 0.027071934 -0.77523875 -0.63108796
vn 0.027071934 -0.77523875 0.63108796
vn 0.027071934 0.77523875 0.63108796
vn 0.028511839 -0.81647223 -0.5766803
vn 0.028511839 0.81647223 -0.5766803
vn 0.028511839 0.81647223 0.5766803
vn 0.029818807 -0.85389894 0.51958394
vn 0.029818807 0.85389894 -0.51958394
vn 0.030986747 -0.88734436 -0.46006504
vn 0.030986747 0.88734436 -0.46006504
vn 0.032010213 -0.91665256 0.39840108
vn 0.032010213 0.91665256 -0.39840108
vn 0.032010213 0.91665256 0.39840108
vn 0.03288443 0.9416869 -0.3348796
vn 0.03288443 0.9416869 0.3348796
vn 0.03360533 -0.9623307 -0.26979676
vn 0.03360533 -0.9623307 0.26979676
vn 0.03360533 0.9623307 -0.26979676
vn 0.03360533 0.9623307 0.26979676
vn 0.034169544 0.9784877 -0.20345601
vn 0.034169544 0.9784877 0.20345601
vn 0.03457444 -0.99008244 -0.13616665
vn 0.03457444 -0.99008244 0.13616665
vn 0.03457444 0.99008244 -0.13616665
vn 0.03457444 0.99008244 0.13616665
vn 0.03481814 0.997061 -0.068242416
vn 0.03481814 0.997061 0.068242416
vn 0.034899496 -0.99939084 0
vn 0.034899496 -0.99939084 0
vn 0.034899496 0.99939084 0
vn 0.034899496 0.99939084 0
vn -0.073912784 0.7032332 -0.70710677
vn 0 0 -1
vn -0.073912784 0.7032332 0.70710677
vn 6.123234E-17 0 1
vn -0.073912784 -0.7032332 -0.70710677
vn 0 0 -1
vn -0.073912784 -0.7032332 0.70710677
vn 6.123234E-17 0 1
vn -0.17364818 0.9848077 0
vn -0.1227878 0.6963642 -0.70710677
vn -0.17364818 0.9848077 0
vn -0.1227878 0.6963642 0.70710677
vn -0.17364818 -0.9848077 0
vn -0.1227878 -0.6963642 -0.70710677
vn -0.17364818 -0.9848077 0
vn -0.1227878 -0.6963642 0.70710677
vn -0.1227878 0.6963642 -0.70710677
vn 0 0 -1
vn -0.1227878 0.6963642 0.70710677
vn 6.123234E-17 0 1
vn -0.1227878 -0.6963642 -0.70710677
vn 0 0 -1
vn -0.1227878 -0.6963642 0.70710677
vn 6.123234E-17 0 1
vn -0.2419219 0.9702957 0
vn -0.17106462 0.6861027 -0.70710677
vn -0.2419219 0.9702957 0
vn -0.17106462 0.6861027 0.70710677
vn -0.2419219 -0.9702957 0
vn -0.17106462 -0.6861027 -0.70710677
vn -0.2419219 -0.9702957 0
vn -0.17106462 -0.6861027 0.70710677
vn -0.17106462 0.6861027 -0.70710677
vn 0 0 -1
vn -0.17106462 0.6861027 0.70710677
vn 6.123234E-17 0 1
vn -0.17106462 -0.6861027 -0.70710677
vn 0 0 -1
vn -0.17106462 -0.6861027 0.70710677
vn 6.123234E-17 0 1
vn -0.309017 0.95105654 0
vn -0.218508 0.6724985 -0.70710677
vn -0.309017 0.95105654 0
vn -0.218508 0.6724985 0.70710677
vn -0.309017 -0.95105654 0
vn -0.218508 -0.6724985 -0.70710677
vn -0.309017 -0.95105654 0
vn -0.218508 -0.6724985 0.70710677
vn 0 0 -1
vn 6.4005226E-18 -6.0896904E-17 -1
vn 6.123234E-17 0 1
vn 0 0 -1
vn 6.4005226E-18 6.0896904E-17 -1
vn 6.123234E-17 0 1
vn 0.01423329 -0.13542071 0.99068594
vn 0.01423329 0.13542071 -0.99068594
vn 0.01423329 0.13542071 0.99068594
vn 0.021266945 -0.20234147 -0.9790841
vn 0.021266945 0.20234147 0.9790841
vn 0.028201442 -0.2683188 -0.96291727
vn 0.028201442 -0.2683188 0.96291727
vn 0.028201442 0.2683188 -0.96291727
vn 0.035004452 0.3330451 0.9422609
vn 0.041644253 -0.3962186 -0.9172113
vn 0.041644253 -0.3962186 0.9172113
vn 0.041644253 0.3962186 -0.9172113
vn 0.04808989 0.45754474 -0.8878852
vn 0.04808989 0.45754474 0.8878852
vn 0.054311313 -0.51673764 0.8544194
vn 0.054311313 0.51673764 0.8544194
vn 0.060279507 -0.5735212 -0.8169699
vn 0.060279507 0.5735212 -0.8169699
vn 0.060279507 0.5735212 0.8169699
vn 0.06596665 -0.6276308 -0.7757113
vn 0.06596665 0.6276308 -0.7757113
vn 0.07134623 -0.67881405 0.730836
vn 0.07134623 -0.67881405 0.730836
vn 0.07134623 0.67881405 -0.730836
vn 0.07639316 -0.7268324 -0.6825532
vn 0.07639316 -0.7268324 -0.6825532
vn 0.07639316 0.7268324 -0.6825532
vn 0.07639316 0.7268324 -0.6825532
vn 0.07639316 0.7268324 0.6825532
vn 0.07639316 0.7268324 0.6825532
vn 0.08108391 -0.77146184 0.63108796
vn 0.08108391 0.77146184 -0.63108796
vn 0.08108391 0.77146184 0.63108796
vn 0.08539661 0.81249446 -0.5766803
vn 0.089311145 -0.8497388 -0.51958394
vn 0.089311145 -0.8497388 0.51958394
vn 0.092809275 -0.8830213 -0.46006504
vn 0.092809275 0.8830213 0.46006504
vn 0.09587469 -0.91218674 0.39840108
vn 0.09587469 0.91218674 -0.39840108
vn 0.09587469 0.91218674 0.39840108
vn 0.098493084 -0.9370991 -0.3348796
vn 0.098493084 0.9370991 -0.3348796
vn 0.098493084 0.9370991 0.3348796
vn 0.10065226 -0.9576423 0.26979676
vn 0.10065226 0.9576423 -0.26979676
vn 0.10065226 0.9576423 0.26979676
vn 0.10234216 -0.97372055 -0.20345601
vn 0.10234216 0.97372055 0.20345601
vn 0.10355488 -0.9852589 0.13616665
vn 0.10355488 0.9852589 -0.13616665
vn 0.10355488 0.9852589 0.13616665
vn 0.104284786 0.9922034 -0.068242416
vn 0.104284786 0.9922034 0.068242416
vn 0.104528464 -0.9945219 0
vn 0.104528464 -0.9945219 0
vn 0.104528464 0.9945219 0
vn 0.104528464 0.9945219 0
vn -0.218508 0.6724985 -0.70710677
vn 0 0 -1
vn -0.218508 0.6724985 0.70710677
vn 6.123234E-17 0 1
vn -0.218508 -0.6724985 -0.70710677
vn 0 0 -1
vn -0.218508 -0.6724985 0.70710677
vn 6.123234E-17 0 1
vn -0.37460658 0.92718387 0
vn -0.26488686 0.655618 -0.70710677
vn -0.37460658 0.92718387 0
vn -0.26488686 0.655618 0.70710677
vn -0.37460658 -0.92718387 0
vn -0.26488686 -0.655618 -0.70710677
vn -0.37460658 -0.92718387 0
vn -0.26488686 -0.655618 0.70710677
vn -0.26488686 0.655618 -0.70710677
vn 0 0 -1
vn -0.26488686 0.655618 0.70710677
vn 6.123234E-17 0 1
vn -0.26488686 -0.655618 -0.70710677
vn 0 0 -1
vn -0.26488686 -0.655618 0.70710677
vn 6.123234E-17 0 1
vn -0.43837115 0.89879405 0
vn -0.3099752 0.63554335 -0.70710677
vn -0.43837115 0.89879405 0
vn -0.3099752 0.63554335 0.70710677
vn -0.43837115 -0.89879405 0
vn -0.3099752 -0.63554335 -0.70710677
vn -0.43837115 -0.89879405 0
vn -0.3099752 -0.63554335 0.70710677
vn -0.3099752 0.63554335 -0.70710677
vn 0 0 -1
vn -0.3099752 0.63554335 0.70710677
vn 6.123234E-17 0 1
vn -0.3099752 -0.63554335 -0.70710677
vn 0 0 -1
vn -0.3099752 -0.63554335 0.70710677
vn 6.123234E-17 0 1
vn -0.5 0.8660254 0
vn -0.35355338 0.61237246 -0.70710677
vn -0.5 0.8660254 0
vn -0.35355338 0.61237246 0.70710677
vn -0.5 -0.8660254 0
vn -0.35355338 -0.61237246 -0.70710677
vn -0.5 -0.8660254 0
vn -0.35355338 -0.61237246 0.70710677
vn 0 0 -1
vn 6.4005226E-18 -6.0896904E-17 -1
vn 6.123234E-17 0 1
vn 0 0 -1
vn 1.4813443E-17 5.941348E-17 -1
vn 6.123234E-17 0 1
vn 0.02364509 0.13409798 0.99068594
vn -0.5591929 0.82903755 0
vn -0.3954091 0.5862181 -0.70710677
vn -0.5591929 0.82903755 0
vn -0.3954091 0.5862181 0.70710677
vn -0.5591929 -0.82903755 0
vn -0.3954091 -0.5862181 -0.70710677
vn -0.5591929 -0.82903755 0
vn -0.3954091 -0.5862181 0.70710677
vn 0.035329767 -0.20036505 -0.9790841
vn 0.035329767 -0.20036505 0.9790841
vn 0.035329767 0.20036505 -0.9790841
vn 0.046849716 -0.26569796 -0.96291727
vn 0.046849716 0.26569796 -0.96291727
vn 0.046849716 0.26569796 0.96291727
vn 0.058151234 -0.32979205 0.9422609
vn 0.058151234 0.32979205 0.9422609
vn 0.06918162 -0.39234847 -0.9172113
vn 0.06918162 0.39234847 0.9172113
vn 0.079889454 0.45307562 0.8878852
vn -0.35355338 0.61237246 -0.70710677
vn 0 0 -1
vn -0.35355338 0.61237246 0.70710677
vn 6.123234E-17 0 1
vn -0.35355338 -0.61237246 -0.70710677
vn 0 0 -1
vn -0.35355338 -0.61237246 0.70710677
vn 6.123234E-17 0 1
vn 0.0902248 -0.5116903 -0.8544194
vn 0.0902248 -0.5116903 0.8544194
vn 0.0902248 0.5116903 -0.8544194
vn 0.100139484 -0.56791925 0.8169699
vn 0.100139484 0.56791925 0.8169699
vn 0.109587274 -0.6215003 -0.7757113
vn 0.109587274 0.6215003 -0.7757113
vn 0.109587274 0.6215003 0.7757113
vn 0.11852411 -0.67218363 0.730836
vn 0.11852411 -0.67218363 0.730836
vn 0.11852411 0.67218363 -0.730836
vn 0.11852411 0.67218363 0.730836
vn 0.11852411 0.67218363 0.730836
vn 0.12690833 -0.71973294 -0.6825532
vn 0.12690833 -0.71973294 -0.6825532
vn 0.12690833 0.71973294 -0.6825532
vn 0.12690833 0.71973294 -0.6825532
vn 0.12690833 0.71973294 0.6825532
vn 0.13470085 -0.7639265 -0.63108796
vn 0.13470085 -0.7639265 0.63108796
vn 0.13470085 0.7639265 0.63108796
vn 0.14186533 0.8045583 -0.5766803
vn 0.14186533 0.8045583 0.5766803
vn 0.14836837 -0.84143883 -0.51958394
vn 0.14836837 0.84143883 -0.51958394
vn 0.14836837 0.84143883 0.51958394
vn 0.15417965 -0.87439626 0.46006504
vn 0.15417965 0.87439626 -0.46006504
vn 0.15417965 0.87439626 0.46006504
vn 0.15927207 -0.9032768 -0.39840108
vn 0.15927207 0.9032768 -0.39840108
vn 0.15927207 0.9032768 0.39840108
vn 0.16362189 -0.92794585 0.3348796
vn 0.16362189 0.92794585 -0.3348796
vn 0.16362189 0.92794585 0.3348796
vn 0.16720884 -0.9482884 -0.26979676
vn 0.16720884 0.9482884 -0.26979676
vn 0.16720884 0.9482884 0.26979676
vn 0.17001617 -0.9642096 -0.20345601
vn 0.17001617 -0.9642096 0.20345601
vn 0.17001617 0.9642096 -0.20345601
vn 0.17001617 0.9642096 0.20345601
vn 0.1720308 0.9756352 -0.13616665
vn 0.1720308 0.9756352 0.13616665
vn 0.17324336 -0.98251194 0.068242416
vn 0.17324336 0.98251194 -0.068242416
vn 0.17324336 0.98251194 0.068242416
vn 0.17364818 -0.9848077 0
vn 0.17364818 -0.9848077 0
vn 0.17364818 0.9848077 0
vn 0.17364818 0.9848077 0
vn -0.6156615 0.7880108 0
vn -0.4353384 0.55720776 -0.70710677
vn -0.6156615 0.7880108 0
vn -0.4353384 0.55720776 0.70710677
vn -0.6156615 -0.7880108 0
vn -0.4353384 -0.55720776 -0.70710677
vn -0.6156615 -0.7880108 0
vn -0.4353384 -0.55720776 0.70710677
vn -0.3954091 0.5862181 -0.70710677
vn 0 0 -1
vn -0.3954091 0.5862181 0.70710677
vn 6.123234E-17 0 1
vn -0.3954091 -0.5862181 -0.70710677
vn 0 0 -1
vn -0.3954091 -0.5862181 0.70710677
vn 6.123234E-17 0 1
vn -0.6691306 0.7431448 0
vn -0.4731468 0.5254828 -0.70710677
vn -0.6691306 0.7431448 0
vn -0.4731468 0.5254828 0.70710677
vn -0.6691306 -0.7431448 0
vn -0.4731468 -0.5254828 -0.70710677
vn -0.6691306 -0.7431448 0
vn -0.4731468 -0.5254828 0.70710677
vn -0.4353384 0.55720776 -0.70710677
vn 0 0 -1
vn -0.4353384 0.55720776 0.70710677
vn 6.123234E-17 0 1
vn -0.4353384 -0.55720776 -0.70710677
vn 0 0 -1
vn -0.4353384 -0.55720776 0.70710677
vn 6.123234E-17 0 1
vn -0.7193398 0.6946584 0
vn -0.7193398 0.6946584 0
vn -0.50865006 0.49119765 -0.70710677
vn -0.7193398 0.6946584 0
vn -0.7193398 0.6946584 0
vn -0.50865006 0.49119765 0.70710677
vn -0.7193398 -0.6946584 0
vn -0.7193398 -0.6946584 0
vn -0.50865006 -0.49119765 -0.70710677
vn -0.7193398 -0.6946584 0
vn -0.7193398 -0.6946584 0
vn -0.50865006 -0.49119765 0.70710677
vn -0.4731468 0.5254828 -0.70710677
vn 0 0 -1
vn -0.4731468 0.5254828 0.70710677
vn 6.123234E-17 0 1
vn -0.4731468 -0.5254828 -0.70710677
vn 0 0 -1
vn -0.4731468 -0.5254828 0.70710677
vn 6.123234E-17 0 1
vn -0.76604444 0.64278764 0
vn -0.5416752 0.45451948 -0.70710677
vn -0.76604444 0.64278764 0
vn -0.5416752 0.45451948 0.70710677
vn -0.76604444 -0.64278764 0
vn -0.5416752 -0.45451948 -0.70710677
vn -0.76604444 -0.64278764 0
vn -0.5416752 -0.45451948 0.70710677
vn 0 0 -1
vn 1.4813443E-17 -5.941348E-17 -1
vn 6.123234E-17 0 1
vn 0 0 -1
vn 1.4813443E-17 5.941348E-17 -1
vn 6.123234E-17 0 1
vn 0.032941695 -0.13212192 -0.99068594
vn 0.032941695 -0.13212192 0.99068594
vn 0.032941695 0.13212192 -0.99068594
vn 0.032941695 0.13212192 0.99068594
vn 0.049220465 0.1974125 -0.9790841
vn 0.065269746 -0.26178265 -0.96291727
vn 0.065269746 -0.26178265 0.96291727
vn 0.08101471 -0.32493225 0.9422609
vn 0.08101471 0.32493225 0.9422609
vn 0.09638195 -0.38656688 -0.9172113
vn 0.09638195 0.38656688 -0.9172113
vn 0.111299805 -0.44639915 0.8878852
vn 0.111299805 0.44639915 0.8878852
vn 0.12569873 0.5041501 -0.8544194
vn 0.12569873 0.5041501 0.8544194
vn 0.1395116 -0.55955046 -0.8169699
vn 0.1395116 -0.55955046 0.8169699
vn 0.1395116 0.55955046 -0.8169699
vn 0.1395116 0.55955046 0.8169699
vn 0.15267399 0.61234194 -0.7757113
vn 0.15267399 0.61234194 0.7757113
vn 0.16512455 -0.6622784 -0.730836
vn 0.16512455 -0.6622784 -0.730836
vn 0.16512455 -0.6622784 0.730836
vn 0.16512455 -0.6622784 0.730836
vn 0.16512455 0.6622784 -0.730836
vn 0.16512455 0.6622784 0.730836
vn 0.16512455 0.6622784 0.730836
vn 0.17680523 0.709127 -0.6825532
vn 0.17680523 0.709127 -0.6825532
vn 0.18766154 -0.75266933 -0.63108796
vn 0.18766154 0.75266933 0.63108796
vn 0.19764291 -0.7927024 0.5766803
vn 0.19764291 0.7927024 -0.5766803
vn 0.19764291 0.7927024 0.5766803
vn 0.20670277 -0.8290395 -0.51958394
vn 0.20670277 -0.8290395 0.51958394
vn 0.20670277 0.8290395 -0.51958394
vn 0.20670277 0.8290395 0.51958394
vn 0.21479887 0.86151123 -0.46006504
vn 0.21479887 0.86151123 0.46006504
vn 0.22189349 -0.8899662 -0.39840108
vn 0.22189349 0.8899662 -0.39840108
vn 0.22189349 0.8899662 0.39840108
vn 0.22795355 -0.9142718 -0.3348796
vn 0.22795355 -0.9142718 0.3348796
vn 0.22795355 0.9142718 -0.3348796
vn 0.23295078 0.93431455 -0.26979676
vn 0.23686188 -0.9500011 0.20345601
vn 0.23686188 0.9500011 0.20345601
vn 0.23966862 -0.96125835 -0.13616665
vn 0.23966862 0.96125835 -0.13616665
vn 0.23966862 0.96125835 0.13616665
vn 0.24135792 0.96803373 -0.068242416
vn 0.24135792 0.96803373 0.068242416
vn 0.2419219 -0.9702957 0
vn 0.2419219 -0.9702957 0
vn 0.2419219 0.9702957 0
vn 0.2419219 0.9702957 0
vn -0.809017 0.58778524 0
vn -0.5720614 0.41562694 -0.70710677
vn -0.809017 0.58778524 0
vn -0.5720614 0.41562694 0.70710677
vn -0.809017 -0.58778524 0
vn -0.5720614 -0.41562694 -0.70710677
vn -0.809017 -0.58778524 0
vn -0.5720614 -0.41562694 0.70710677
vn -0.50865006 0.49119765 -0.70710677
vn 0 0 -1
vn -0.50865006 0.49119765 0.70710677
vn 6.123234E-17 0 1
vn -0.50865006 -0.49119765 -0.70710677
vn 0 0 -1
vn -0.50865006 -0.49119765 0.70710677
vn 6.123234E-17 0 1
vn -0.8480481 0.52991927 0
vn -0.5996606 0.37470952 -0.70710677
vn -0.8480481 0.52991927 0
vn -0.5996606 0.37470952 0.70710677
vn -0.8480481 -0.52991927 0
vn -0.5996606 -0.37470952 -0.70710677
vn -0.8480481 -0.52991927 0
vn -0.5996606 -0.37470952 0.70710677
vn -0.5416752 0.45451948 -0.70710677
vn 0 0 -1
vn -0.5416752 0.45451948 0.70710677
vn 6.123234E-17 0 1
vn -0.5416752 -0.45451948 -0.70710677
vn 0 0 -1
vn -0.5416752 -0.45451948 0.70710677
vn 6.123234E-17 0 1
vn -0.88294756 0.46947157 0
vn -0.6243382 0.33196652 -0.70710677
vn -0.88294756 0.46947157 0
vn -0.6243382 0.33196652 0.70710677
vn -0.88294756 -0.46947157 0
vn -0.6243382 -0.33196652 -0.70710677
vn -0.88294756 -0.46947157 0
vn -0.6243382 -0.33196652 0.70710677
vn -0.9135454 0.40673664 0
vn -0.64597416 0.28760624 -0.70710677
vn -0.9135454 0.40673664 0
vn -0.64597416 0.28760624 0.70710677
vn -0.9135454 -0.40673664 0
vn -0.64597416 -0.28760624 -0.70710677
vn -0.9135454 -0.40673664 0
vn -0.64597416 -0.28760624 0.70710677
vn -0.5720614 0.41562694 -0.70710677
vn 0 0 -1
vn -0.5720614 0.41562694 0.70710677
vn 6.123234E-17 0 1
vn -0.5720614 -0.41562694 -0.70710677
vn 0 0 -1
vn -0.5720614 -0.41562694 0.70710677
vn 6.123234E-17 0 1
vn -0.9396926 0.34202015 0
vn -0.66446304 0.24184476 -0.70710677
vn -0.9396926 0.34202015 0
vn -0.66446304 0.24184476 0.70710677
vn -0.9396926 -0.34202015 0
vn -0.66446304 -0.24184476 -0.70710677
vn -0.9396926 -0.34202015 0
vn -0.66446304 -0.24184476 0.70710677
vn -0.5996606 0.37470952 -0.70710677
vn 0 0 -1
vn -0.5996606 0.37470952 0.70710677
vn 6.123234E-17 0 1
vn -0.5996606 -0.37470952 -0.70710677
vn 0 0 -1
vn -0.5996606 -0.37470952 0.70710677
vn 6.123234E-17 0 1
vn -0.9612617 0.27563736 0
vn -0.6797147 0.19490504 -0.70710677
vn -0.9612617 0.27563736 0
vn -0.6797147 0.19490504 0.70710677
vn -0.9612617 -0.27563736 0
vn -0.6797147 -0.19490504 -0.70710677
vn -0.9612617 -0.27563736 0
vn -0.6797147 -0.19490504 0.70710677
vn -0.9781476 0.20791169 0
vn -0.6916548 0.14701577 -0.70710677
vn -0.9781476 0.20791169 0
vn -0.6916548 0.14701577 0.70710677
vn -0.9781476 -0.20791169 0
vn -0.6916548 -0.14701577 -0.70710677
vn -0.9781476 -0.20791169 0
vn -0.6916548 -0.14701577 0.70710677
vn 0 0 -1
vn 1.4813443E-17 -5.941348E-17 -1
vn 6.123234E-17 0 1
vn 0 0 -1
vn 2.2938038E-17 5.6773634E-17 -1
vn 6.123234E-17 0 1
vn -0.99026805 0.1391731 0
vn -0.7002253 0.09841024 -0.70710677
vn -0.99026805 0.1391731 0
vn -0.7002253 0.09841024 0.70710677
vn -0.99026805 -0.1391731 0
vn -0.7002253 -0.09841024 -0.70710677
vn -0.99026805 -0.1391731 0
vn -0.7002253 -0.09841024 0.70710677
vn 0.021088066 0.064902395 -0.99766874
vn 0.04207781 -0.12950218 -0.99068594
vn 0.04207781 -0.12950218 0.99068594
vn 0.04207781 0.12950218 0.99068594
vn 0.06287137 -0.19349816 0.9790841
vn 0.06287137 0.19349816 -0.9790841
vn -0.9975641 0.06975647 0
vn -0.7053843 0.049325276 -0.70710677
vn -0.9975641 0.06975647 0
vn -0.7053843 0.049325276 0.70710677
vn -0.9975641 -0.06975647 0
vn -0.7053843 -0.049325276 -0.70710677
vn -0.9975641 -0.06975647 0
vn -0.7053843 -0.049325276 0.70710677
vn 0.08337179 0.25659198 0.96291727
vn -1 -1.2246469E-16 0
vn -0.70710677 0 0.70710677
vn -1 -1.2246469E-16 0
vn -0.70710677 1.5700924E-16 -0.70710677
vn -0.6243382 0.33196652 -0.70710677
vn 0 0 -1
vn -0.6243382 0.33196652 0.70710677
vn 6.123234E-17 0 1
vn -0.6243382 -0.33196652 -0.70710677
vn 0 0 -1
vn -0.6243382 -0.33196652 0.70710677
vn 6.123234E-17 0 1
vn 0.10348349 -0.31848943 -0.9422609
vn 0.10348349 0.31848943 -0.9422609
vn 0.12311271 -0.37890196 0.9172113
vn 0.12311271 0.37890196 -0.9172113
vn 0.14216791 0.43754786 -0.8878852
vn 0.14216791 0.43754786 0.8878852
vn 0.16056027 -0.4941537 -0.8544194
vn 0.16056027 -0.4941537 0.8544194
vn 0.16056027 0.4941537 -0.8544194
vn 0.17820401 0.5484556 -0.8169699
vn 0.17820401 0.5484556 0.8169699
vn 0.1950169 -0.6002003 -0.7757113
vn 0.1950169 -0.6002003 0.7757113
vn 0.1950169 0.6002003 -0.7757113
vn 0.1950169 0.6002003 0.7757113
vn 0.21092053 -0.6491466 0.730836
vn 0.21092053 -0.6491466 0.730836
vn 0.21092053 0.6491466 -0.730836
vn 0.21092053 0.6491466 0.730836
vn 0.21092053 0.6491466 0.730836
vn 0.22584073 -0.69506633 -0.6825532
vn 0.22584073 -0.69506633 -0.6825532
vn 0.22584073 0.69506633 -0.6825532
vn 0.22584073 0.69506633 -0.6825532
vn 0.22584073 0.69506633 0.6825532
vn 0.22584073 0.69506633 0.6825532
vn 0.23970798 -0.7377453 0.63108796
vn 0.23970798 0.7377453 -0.63108796
vn 0.23970798 0.7377453 0.63108796
vn 0.2524576 -0.7769845 -0.5766803
vn 0.2524576 -0.7769845 0.5766803
vn 0.2524576 0.7769845 -0.5766803
vn 0.2524576 0.7769845 0.5766803
vn 0.26403013 -0.81260115 -0.51958394
vn 0.26403013 0.81260115 0.51958394
vn 0.27437162 -0.844429 0.46006504
vn 0.27437162 0.844429 -0.46006504
vn 0.27437162 0.844429 0.46006504
vn 0.28343388 0.87231976 -0.39840108
vn 0.28343388 0.87231976 0.39840108
vn 0.29117465 -0.8961434 -0.3348796
vn 0.29117465 -0.8961434 0.3348796
vn 0.29117465 0.8961434 -0.3348796
vn 0.29117465 0.8961434 0.3348796
vn 0.2975578 -0.91578877 0.26979676
vn 0.2975578 0.91578877 0.26979676
vn 0.30255362 -0.9311643 -0.20345601
vn 0.30255362 0.9311643 -0.20345601
vn 0.30255362 0.9311643 0.20345601
vn 0.30613878 -0.94219834 0.13616665
vn 0.30613878 0.94219834 -0.13616665
vn 0.30613878 0.94219834 0.13616665
vn 0.3082966 0.94883937 -0.068242416
vn 0.3082966 0.94883937 0.068242416
vn 0.309017 -0.95105654 0
vn 0.309017 -0.95105654 0
vn 0.309017 0.95105654 0
vn 0.309017 0.95105654 0
vn -0.64597416 0.28760624 -0.70710677
vn 0 0 -1
vn -0.64597416 0.28760624 0.70710677
vn 6.123234E-17 0 1
vn -0.64597416 -0.28760624 -0.70710677
vn 0 0 -1
vn -0.64597416 -0.28760624 0.70710677
vn 6.123234E-17 0 1
vn -0.66446304 0.24184476 -0.70710677
vn 0 0 -1
vn -0.66446304 0.24184476 0.70710677
vn 6.123234E-17 0 1
vn -0.66446304 -0.24184476 -0.70710677
vn 0 0 -1
vn -0.66446304 -0.24184476 0.70710677
vn 6.123234E-17 0 1
vn -0.6797147 0.19490504 -0.70710677
vn 0 0 -1
vn -0.6797147 0.19490504 0.70710677
vn 6.123234E-17 0 1
vn -0.6797147 -0.19490504 -0.70710677
vn 0 0 -1
vn -0.6797147 -0.19490504 0.70710677
vn 6.123234E-17 0 1
vn -0.6916548 0.14701577 -0.70710677
vn 0 0 -1
vn -0.6916548 0.14701577 0.70710677
vn 6.123234E-17 0 1
vn -0.6916548 -0.14701577 -0.70710677
vn 0 0 -1
vn -0.6916548 -0.14701577 0.70710677
vn 6.123234E-17 0 1
vn -0.7002253 0.09841024 -0.70710677
vn 0 0 -1
vn -0.7002253 0.09841024 0.70710677
vn 6.123234E-17 0 1
vn -0.7002253 -0.09841024 -0.70710677
vn 0 0 -1
vn -0.7002253 -0.09841024 0.70710677
vn 6.123234E-17 0 1
vn -0.7053843 0.049325276 -0.70710677
vn 0 0 -1
vn -0.7053843 0.049325276 0.70710677
vn 6.123234E-17 0 1
vn -0.7053843 -0.049325276 -0.70710677
vn 0 0 -1
vn -0.7053843 -0.049325276 0.70710677
vn 6.123234E-17 0 1
vn -0.70710677 0 0.70710677
vn 6.123234E-17 0 1
vn -0.70710677 1.5700924E-16 -0.70710677
vn 0 0 -1
vn 0 0 -1
vn 2.2938038E-17 -5.6773634E-17 -1
vn 6.123234E-17 0 1
vn 0 0 -1
vn 2.2938038E-17 5.6773634E-17 -1
vn 6.123234E-17 0 1
vn 0.025564058 -0.063273266 0.99766874
vn 0.025564058 0.063273266 -0.99766874
vn 0.051008925 -0.12625152 -0.99068594
vn 0.051008925 0.12625152 0.99068594
vn 0.07621597 0.18864113 -0.9790841
vn 0.12544811 -0.31049496 -0.9422609
vn 0.12544811 -0.31049496 0.9422609
vn 0.12544811 0.31049496 -0.9422609
vn 0.12544811 0.31049496 0.9422609
vn 0.14924367 -0.36939105 -0.9172113
vn 0.1723434 -0.42656487 0.8878852
vn 0.1723434 0.42656487 -0.8878852
vn 0.1723434 0.42656487 0.8878852
vn 0.19463958 -0.48174986 -0.8544194
vn 0.19463958 -0.48174986 0.8544194
vn 0.19463958 0.48174986 0.8544194
vn 0.21602826 0.5346887 -0.8169699
vn 0.21602826 0.5346887 0.8169699
vn 0.23640971 0.58513457 -0.7757113
vn 0.23640971 0.58513457 0.7757113
vn 0.2556889 -0.63285226 -0.730836
vn 0.2556889 -0.63285226 0.730836
vn 0.2556889 -0.63285226 0.730836
vn 0.2556889 0.63285226 0.730836
vn 0.27377596 -0.6776193 -0.6825532
vn 0.27377596 -0.6776193 -0.6825532
vn 0.27377596 0.6776193 -0.6825532
vn 0.27377596 0.6776193 -0.6825532
vn 0.27377596 0.6776193 0.6825532
vn 0.27377596 0.6776193 0.6825532
vn 0.29058656 -0.71922696 0.63108796
vn 0.29058656 0.71922696 -0.63108796
vn 0.29058656 0.71922696 0.63108796
vn 0.3060423 0.7574813 -0.5766803
vn 0.3060423 0.7574813 0.5766803
vn 0.32007113 -0.7922039 -0.51958394
vn 0.32007113 0.7922039 -0.51958394
vn 0.32007113 0.7922039 0.51958394
vn 0.33260766 -0.8232328 0.46006504
vn 0.33260766 0.8232328 -0.46006504
vn 0.33260766 0.8232328 0.46006504
vn 0.3435934 -0.8504235 0.39840108
vn 0.3435934 0.8504235 0.39840108
vn 0.35297716 -0.8736491 -0.3348796
vn 0.35297716 -0.8736491 0.3348796
vn 0.35297716 0.8736491 0.3348796
vn 0.36071515 0.89280134 -0.26979676
vn 0.36677134 -0.90779096 -0.20345601
vn 0.36677134 -0.90779096 0.20345601
vn 0.36677134 0.90779096 -0.20345601
vn 0.36677134 0.90779096 0.20345601
vn 0.37111747 -0.918548 0.13616665
vn 0.37111747 0.918548 -0.13616665
vn 0.37111747 0.918548 0.13616665
vn 0.3737333 0.92502236 -0.068242416
vn 0.3737333 0.92502236 0.068242416
vn 0.37460658 -0.92718387 0
vn 0.37460658 -0.92718387 0
vn 0.37460658 0.92718387 0
vn 0.37460658 0.92718387 0
vn 0 0 -1
vn 2.2938038E-17 -5.6773634E-17 -1
vn 6.123234E-17 0 1
vn 0 0 -1
vn 3.061617E-17 5.3028762E-17 -1
vn 6.123234E-17 0 1
vn 0.029915504 0.061335877 0.99766874
vn 0.08918925 -0.18286505 -0.9790841
vn 0.08918925 -0.18286505 0.9790841
vn 0.08918925 0.18286505 -0.9790841
vn 0.11827112 -0.24249174 0.96291727
vn 0.11827112 0.24249174 0.96291727
vn 0.14680156 0.3009878 -0.9422609
vn 0.14680156 0.3009878 0.9422609
vn 0.17464754 -0.35808054 -0.9172113
vn 0.17464754 -0.35808054 0.9172113
vn 0.20167924 -0.4135037 -0.8878852
vn 0.20167924 -0.4135037 0.8878852
vn 0.20167924 0.4135037 0.8878852
vn 0.22777061 0.46699896 -0.8544194
vn 0.22777061 0.46699896 0.8544194
vn 0.25280002 -0.51831686 0.8169699
vn 0.25280002 0.51831686 0.8169699
vn 0.27665076 -0.56721807 -0.7757113
vn 0.2992116 -0.6134747 -0.730836
vn 0.2992116 -0.6134747 -0.730836
vn 0.2992116 0.6134747 -0.730836
vn 0.3203774 -0.656871 0.6825532
vn 0.3203774 -0.656871 0.6825532
vn 0.3203774 0.656871 -0.6825532
vn 0.3203774 0.656871 -0.6825532
vn 0.3203774 0.656871 0.6825532
vn 0.3203774 0.656871 0.6825532
vn 0.34004945 -0.6972047 -0.63108796
vn 0.34004945 -0.6972047 0.63108796
vn 0.34004945 0.6972047 -0.63108796
vn 0.34004945 0.6972047 0.63108796
vn 0.35813603 0.7342877 -0.5766803
vn 0.35813603 0.7342877 0.5766803
vn 0.37455282 -0.7679471 -0.51958394
vn 0.37455282 -0.7679471 0.51958394
vn 0.37455282 0.7679471 -0.51958394
vn 0.37455282 0.7679471 0.51958394
vn 0.38922325 -0.79802597 -0.46006504
vn 0.38922325 -0.79802597 0.46006504
vn 0.38922325 0.79802597 -0.46006504
vn 0.38922325 0.79802597 0.46006504
vn 0.40207896 0.82438403 -0.39840108
vn 0.40207896 0.82438403 0.39840108
vn 0.41306 -0.8468985 -0.3348796
vn 0.41306 -0.8468985 0.3348796
vn 0.41306 0.8468985 -0.3348796
vn 0.41306 0.8468985 0.3348796
vn 0.42211515 0.8654643 -0.26979676
vn 0.42211515 0.8654643 0.26979676
vn 0.42920223 -0.8799949 0.20345601
vn 0.42920223 0.8799949 -0.20345601
vn 0.42920223 0.8799949 0.20345601
vn 0.43428814 -0.89042264 -0.13616665
vn 0.43428814 -0.89042264 0.13616665
vn 0.43428814 0.89042264 -0.13616665
vn 0.43428814 0.89042264 0.13616665
vn 0.4373492 0.8966988 -0.068242416
vn 0.4373492 0.8966988 0.068242416
vn 0.43837115 -0.89879405 0
vn 0.43837115 -0.89879405 0
vn 0.43837115 0.89879405 0
vn 0.43837115 0.89879405 0
vn 0 0 -1
vn 3.061617E-17 -5.3028762E-17 -1
vn 6.123234E-17 0 1
vn 0 0 -1
vn 3.061617E-17 5.3028762E-17 -1
vn 6.123234E-17 0 1
vn 0.034121208 0.059099663 0.99766874
vn 0.06808332 -0.117923774 0.99068594
vn 0.06808332 0.117923774 -0.99068594
vn 0.10172801 -0.17619808 -0.9790841
vn 0.10172801 0.17619808 0.9790841
vn 0.13489838 -0.23365086 -0.96291727
vn 0.13489838 -0.23365086 0.96291727
vn 0.13489838 0.23365086 -0.96291727
vn 0.1674398 -0.29001424 0.9422609
vn 0.1674398 0.29001424 -0.9422609
vn 0.1674398 0.29001424 0.9422609
vn 0.19920054 -0.34502545 -0.9172113
vn 0.19920054 0.34502545 0.9172113
vn 0.23003252 -0.39842802 0.8878852
vn 0.23003252 0.39842802 -0.8878852
vn 0.23003252 0.39842802 0.8878852
vn 0.25979197 0.4499729 -0.8544194
vn 0.25979197 0.4499729 0.8544194
vn 0.28834015 -0.4994198 -0.8169699
vn 0.28834015 -0.4994198 0.8169699
vn 0.28834015 0.4994198 0.8169699
vn 0.31554398 0.5465382 -0.7757113
vn 0.31554398 0.5465382 0.7757113
vn 0.3412766 -0.5911084 -0.730836
vn 0.3412766 -0.5911084 0.730836
vn 0.3412766 0.5911084 0.730836
vn 0.3412766 0.5911084 0.730836
vn 0.365418 0.63292253 -0.6825532
vn 0.365418 0.63292253 -0.6825532
vn 0.38785565 -0.6717857 -0.63108796
vn 0.38785565 -0.6717857 -0.63108796
vn 0.38785565 -0.6717857 0.63108796
vn 0.38785565 -0.6717857 0.63108796
vn 0.38785565 0.6717857 -0.63108796
vn 0.40848494 0.7075167 -0.5766803
vn 0.40848494 0.7075167 0.5766803
vn 0.4272097 -0.7399489 -0.51958394
vn 0.4272097 -0.7399489 0.51958394
vn 0.4272097 0.7399489 0.51958394
vn 0.4439426 0.76893115 -0.46006504
vn 0.4439426 0.76893115 0.46006504
vn 0.45860565 -0.7943283 -0.39840108
vn 0.45860565 0.7943283 -0.39840108
vn 0.45860565 0.7943283 0.39840108
vn 0.47113046 -0.8160219 -0.3348796
vn 0.47113046 -0.8160219 0.3348796
vn 0.47113046 0.8160219 -0.3348796
vn 0.47113046 0.8160219 0.3348796
vn 0.48145863 -0.8339108 -0.26979676
vn 0.48145863 -0.8339108 0.26979676
vn 0.48145863 0.8339108 -0.26979676
vn 0.48145863 0.8339108 0.26979676
vn 0.48954204 0.8479117 -0.20345601
vn 0.48954204 0.8479117 0.20345601
vn 0.49534297 -0.8579592 -0.13616665
vn 0.49534297 0.8579592 0.13616665
vn 0.49883437 -0.8640065 -0.068242416
vn 0.49883437 -0.8640065 0.068242416
vn 0.49883437 0.8640065 -0.068242416
vn 0.49883437 0.8640065 0.068242416
vn 0.5 -0.8660254 0
vn 0.5 -0.8660254 0
vn 0.5 0.8660254 0
vn 0.5 0.8660254 0
vn 0 0 -1
vn 3.061617E-17 -5.3028762E-17 -1
vn 6.123234E-17 0 1
vn 0 0 -1
vn 3.7698392E-17 4.825174E-17 -1
vn 6.123234E-17 0 1
vn 0.038160674 -0.056575526 -0.99766874
vn 0.07614342 -0.11288727 0.99068594
vn 0.07614342 0.11288727 0.99068594
vn 0.113771155 -0.16867268 -0.9790841
vn 0.113771155 -0.16867268 0.9790841
vn 0.113771155 0.16867268 -0.9790841
vn 0.15086845 -0.22367166 0.96291727
vn 0.15086845 0.22367166 -0.96291727
vn 0.15086845 0.22367166 0.96291727
vn 0.1872623 -0.27762777 -0.9422609
vn 0.1872623 0.27762777 0.9422609
vn 0.22278306 -0.33028948 0.9172113
vn 0.22278306 0.33028948 -0.9172113
vn 0.2572651 -0.3814112 -0.8878852
vn 0.29054767 0.4307546 -0.8544194
vn 0.29054767 0.4307546 0.8544194
vn 0.32247555 -0.47808966 0.8169699
vn 0.32247555 0.47808966 -0.8169699
vn 0.32247555 0.47808966 0.8169699
vn 0.3528999 -0.5231956 -0.7757113
vn 0.3528999 -0.5231956 0.7757113
vn 0.3528999 0.5231956 0.7757113
vn 0.38167888 0.5658622 -0.730836
vn 0.38167888 0.5658622 0.730836
vn 0.4086783 -0.60589045 -0.6825532
vn 0.4086783 -0.60589045 -0.6825532
vn 0.4086783 -0.60589045 0.6825532
vn 0.4086783 0.60589045 -0.6825532
vn 0.4086783 0.60589045 -0.6825532
vn 0.4086783 0.60589045 0.6825532
vn 0.4086783 0.60589045 0.6825532
vn 0.43377224 -0.6430938 0.63108796
vn 0.43377224 -0.6430938 0.63108796
vn 0.43377224 0.6430938 -0.63108796
vn 0.43377224 0.6430938 0.63108796
vn 0.43377224 0.6430938 0.63108796
vn 0.45684376 -0.6772987 -0.5766803
vn 0.45684376 0.6772987 -0.5766803
vn 0.45684376 0.6772987 0.5766803
vn 0.47778526 -0.7083458 -0.51958394
vn 0.47778526 -0.7083458 0.51958394
vn 0.47778526 0.7083458 -0.51958394
vn 0.47778526 0.7083458 0.51958394
vn 0.49649912 0.7360902 -0.46006504
vn 0.49649912 0.7360902 0.46006504
vn 0.512898 -0.7604026 -0.39840108
vn 0.512898 0.7604026 -0.39840108
vn 0.512898 0.7604026 0.39840108
vn 0.5269056 -0.7811697 -0.3348796
vn 0.5269056 -0.7811697 0.3348796
vn 0.5269056 0.7811697 -0.3348796
vn 0.5269056 0.7811697 0.3348796
vn 0.5384565 0.7982946 -0.26979676
vn 0.5384565 0.7982946 0.26979676
vn 0.54749686 -0.8116975 -0.20345601
vn 0.54749686 -0.8116975 0.20345601
vn 0.54749686 0.8116975 -0.20345601
vn 0.54749686 0.8116975 0.20345601
vn 0.5539845 -0.8213159 -0.13616665
vn 0.5539845 -0.8213159 0.13616665
vn 0.5539845 0.8213159 -0.13616665
vn 0.5539845 0.8213159 0.13616665
vn 0.5578893 -0.82710487 0.068242416
vn 0.5578893 0.82710487 -0.068242416
vn 0.5578893 0.82710487 0.068242416
vn 0.5591929 -0.82903755 0
vn 0.5591929 -0.82903755 0
vn 0.5591929 0.82903755 0
vn 0.5591929 0.82903755 0
vn 0 0 -1
vn 3.7698392E-17 -4.825174E-17 -1
vn 6.123234E-17 0 1
vn 0 0 -1
vn 3.7698392E-17 4.825174E-17 -1
vn 6.123234E-17 0 1
vn 0.042014226 -0.053775754 0.99766874
vn 0.042014226 0.053775754 -0.99766874
vn 0.042014226 0.053775754 0.99766874
vn 0.08383256 -0.10730078 -0.99068594
vn 0.08383256 0.10730078 0.99068594
vn 0.12526003 -0.16032553 0.9790841
vn 0.12526003 0.16032553 0.9790841
vn 0.16610348 0.21260276 -0.96291727
vn 0.16610348 0.21260276 0.96291727
vn 0.20617248 -0.26388875 -0.9422609
vn 0.20617248 -0.26388875 0.9422609
vn 0.20617248 0.26388875 -0.9422609
vn 0.2452802 -0.31394434 -0.9172113
vn 0.2832443 -0.3625362 0.8878852
vn 0.2832443 0.3625362 -0.8878852
vn 0.2832443 0.3625362 0.8878852
vn 0.31988782 -0.40943775 -0.8544194
vn 0.31988782 0.40943775 -0.8544194
vn 0.31988782 0.40943775 0.8544194
vn 0.35503986 -0.45443028 0.8169699
vn 0.35503986 0.45443028 -0.8169699
vn 0.35503986 0.45443028 0.8169699
vn 0.38853654 0.49730408 -0.7757113
vn 0.38853654 0.49730408 0.7757113
vn 0.4202217 -0.5378592 0.730836
vn 0.4202217 0.5378592 -0.730836
vn 0.4202217 0.5378592 0.730836
vn 0.44994754 -0.5759066 -0.6825532
vn 0.44994754 -0.5759066 -0.6825532
vn 0.44994754 -0.5759066 0.6825532
vn 0.44994754 0.5759066 0.6825532
vn 0.47757557 0.6112688 -0.63108796
vn 0.47757557 0.6112688 -0.63108796
vn 0.47757557 0.6112688 0.63108796
vn 0.47757557 0.6112688 0.63108796
vn 0.5029769 -0.64378107 -0.5766803
vn 0.5029769 -0.64378107 -0.5766803
vn 0.5029769 -0.64378107 0.5766803
vn 0.5029769 -0.64378107 0.5766803
vn 0.5029769 0.64378107 -0.5766803
vn 0.5029769 0.64378107 0.5766803
vn 0.5260331 -0.6732917 0.51958394
vn 0.5260331 0.6732917 0.51958394
vn 0.5466367 -0.6996631 0.46006504
vn 0.5466367 0.6996631 -0.46006504
vn 0.5466367 0.6996631 0.46006504
vn 0.56469166 -0.72277236 -0.39840108
vn 0.56469166 0.72277236 -0.39840108
vn 0.56469166 0.72277236 0.39840108
vn 0.58011377 -0.74251175 -0.3348796
vn 0.58011377 0.74251175 0.3348796
vn 0.5928311 -0.7587892 -0.26979676
vn 0.5928311 -0.7587892 0.26979676
vn 0.5928311 0.7587892 -0.26979676
vn 0.5928311 0.7587892 0.26979676
vn 0.60278434 -0.7715288 -0.20345601
vn 0.60278434 -0.7715288 0.20345601
vn 0.60278434 0.7715288 -0.20345601
vn 0.60278434 0.7715288 0.20345601
vn 0.6099272 -0.7806712 0.13616665
vn 0.6099272 0.7806712 -0.13616665
vn 0.6099272 0.7806712 0.13616665
vn 0.6142262 -0.7861737 -0.068242416
vn 0.6142262 -0.7861737 0.068242416
vn 0.6142262 0.7861737 -0.068242416
vn 0.6142262 0.7861737 0.068242416
vn 0.6156615 -0.7880108 0
vn 0.6156615 -0.7880108 0
vn 0.6156615 0.7880108 0
vn 0.6156615 0.7880108 0
vn 0 0 -1
vn 3.7698392E-17 -4.825174E-17 -1
vn 6.123234E-17 0 1
vn 0 0 -1
vn 4.4046858E-17 4.2535556E-17 -1
vn 6.123234E-17 0 1
vn 0.04566309 -0.050713997 0.99766874
vn 0.04566309 0.050713997 0.99766874
vn 0.09111327 -0.10119154 -0.99068594
vn 0.13613865 -0.15119728 0.9790841
vn 0.13613865 0.15119728 -0.9790841
vn 0.18052928 -0.20049807 0.96291727
vn 0.18052928 0.20049807 -0.96291727
vn 0.2240782 -0.24886405 -0.9422609
vn 0.2240782 -0.24886405 0.9422609
vn 0.2240782 0.24886405 0.9422609
vn 0.26658237 0.2960697 -0.9172113
vn 0.26658237 0.2960697 0.9172113
vn 0.3078436 -0.34189495 0.8878852
vn 0.3078436 0.34189495 -0.8878852
vn 0.3476695 -0.38612613 -0.8544194
vn 0.38587445 -0.428557 0.8169699
vn 0.38587445 0.428557 -0.8169699
vn 0.38587445 0.428557 0.8169699
vn 0.42228025 -0.46898973 0.7757113
vn 0.42228025 0.46898973 -0.7757113
vn 0.42228025 0.46898973 0.7757113
vn 0.4567172 -0.5072358 -0.730836
vn 0.4567172 -0.5072358 0.730836
vn 0.4567172 0.5072358 0.730836
vn 0.4890247 -0.543117 -0.6825532
vn 0.4890247 -0.543117 0.6825532
vn 0.4890247 0.543117 -0.6825532
vn 0.4890247 0.543117 -0.6825532
vn 0.4890247 0.543117 0.6825532
vn 0.51905215 -0.57646585 0.63108796
vn 0.51905215 -0.57646585 0.63108796
vn 0.5466596 -0.60712695 -0.5766803
vn 0.5466596 -0.60712695 -0.5766803
vn 0.5466596 0.60712695 -0.5766803
vn 0.5466596 0.60712695 0.5766803
vn 0.5466596 0.60712695 0.5766803
vn 0.57171816 0.6349574 -0.51958394
vn 0.57171816 0.6349574 0.51958394
vn 0.5941112 -0.6598273 -0.46006504
vn 0.5941112 -0.6598273 0.46006504
vn 0.5941112 0.6598273 -0.46006504
vn 0.5941112 0.6598273 0.46006504
vn 0.6137341 -0.68162084 0.39840108
vn 0.6137341 0.68162084 -0.39840108
vn 0.6137341 0.68162084 0.39840108
vn 0.6304956 -0.7002363 -0.3348796
vn 0.6304956 -0.7002363 0.3348796
vn 0.6304956 0.7002363 -0.3348796
vn 0.6304956 0.7002363 0.3348796
vn 0.64431745 -0.715587 -0.26979676
vn 0.64431745 0.715587 -0.26979676
vn 0.65513515 -0.7276013 0.20345601
vn 0.6628983 -0.73622316 -0.13616665
vn 0.6628983 -0.73622316 0.13616665
vn 0.6628983 0.73622316 -0.13616665
vn 0.6628983 0.73622316 0.13616665
vn 0.6675707 -0.7414124 0.068242416
vn 0.6675707 0.7414124 -0.068242416
vn 0.6675707 0.7414124 0.068242416
vn 0.6691306 -0.7431448 0
vn 0.6691306 -0.7431448 0
vn 0.6691306 0.7431448 0
vn 0.6691306 0.7431448 0
vn 0 0 -1
vn 4.4046858E-17 -4.2535556E-17 -1
vn 6.123234E-17 0 1
vn 0 0 -1
vn 4.4046858E-17 4.2535556E-17 -1
vn 6.123234E-17 0 1
vn 0.049089484 0.047405165 -0.99766874
vn 0.09795009 -0.0945893 0.99068594
vn 0.09795009 0.0945893 0.99068594
vn 0.146354 -0.14133242 -0.9790841
vn 0.146354 0.14133242 0.9790841
vn 0.19407555 -0.18741658 0.96291727
vn 0.19407555 0.18741658 -0.96291727
vn 0.19407555 0.18741658 0.96291727
vn 0.24089223 -0.23262693 -0.9422609
vn 0.28658575 -0.27675265 0.9172113
vn 0.28658575 0.27675265 -0.9172113
vn 0.28658575 0.27675265 0.9172113
vn 0.33094308 -0.31958804 0.8878852
vn 0.33094308 0.31958804 0.8878852
vn 0.37375742 -0.36093333 -0.8544194
vn 0.4148291 0.4005958 -0.8169699
vn 0.45396668 -0.43839052 -0.7757113
vn 0.45396668 0.43839052 -0.7757113
vn 0.45396668 0.43839052 0.7757113
vn 0.49098763 -0.47414124 0.730836
vn 0.49098763 0.47414124 -0.730836
vn 0.49098763 0.47414124 0.730836
vn 0.5257194 -0.5076813 0.6825532
vn 0.5257194 0.5076813 -0.6825532
vn 0.5257194 0.5076813 0.6825532
vn 0.558 -0.53885436 -0.63108796
vn 0.558 -0.53885436 -0.63108796
vn 0.558 -0.53885436 0.63108796
vn 0.558 0.53885436 -0.63108796
vn 0.558 0.53885436 -0.63108796
vn 0.558 0.53885436 0.63108796
vn 0.558 0.53885436 0.63108796
vn 0.58767897 -0.56751496 -0.5766803
vn 0.58767897 -0.56751496 -0.5766803
vn 0.58767897 -0.56751496 -0.5766803
vn 0.58767897 -0.56751496 0.5766803
vn 0.58767897 -0.56751496 0.5766803
vn 0.58767897 -0.56751496 0.5766803
vn 0.58767897 0.56751496 -0.5766803
vn 0.58767897 0.56751496 0.5766803
vn 0.58767897 0.56751496 0.5766803
vn 0.6146179 -0.5935296 -0.51958394
vn 0.6146179 -0.5935296 -0.51958394
vn 0.6146179 -0.5935296 0.51958394
vn 0.6146179 -0.5935296 0.51958394
vn 0.6146179 0.5935296 -0.51958394
vn 0.6146179 0.5935296 0.51958394
vn 0.6386912 -0.6167769 -0.46006504
vn 0.6386912 -0.6167769 -0.46006504
vn 0.6386912 -0.6167769 0.46006504
vn 0.6386912 -0.6167769 0.46006504
vn 0.6386912 0.6167769 -0.46006504
vn 0.6386912 0.6167769 0.46006504
vn 0.6597866 -0.6371485 -0.39840108
vn 0.6597866 -0.6371485 -0.39840108
vn 0.6778058 -0.6545494 -0.3348796
vn 0.6778058 -0.6545494 -0.3348796
vn 0.6778058 0.6545494 -0.3348796
vn 0.6778058 0.6545494 0.3348796
vn 0.69266474 -0.6688986 -0.26979676
vn 0.69266474 -0.6688986 -0.26979676
vn 0.69266474 -0.6688986 0.26979676
vn 0.69266474 -0.6688986 0.26979676
vn 0.69266474 0.6688986 -0.26979676
vn 0.69266474 0.6688986 0.26979676
vn 0.70429415 -0.68012893 -0.20345601
vn 0.70429415 -0.68012893 -0.20345601
vn 0.70429415 -0.68012893 0.20345601
vn 0.70429415 -0.68012893 0.20345601
vn 0.70429415 0.68012893 -0.20345601
vn 0.70429415 0.68012893 0.20345601
vn 0.7126398 -0.6881883 -0.13616665
vn 0.7126398 -0.6881883 -0.13616665
vn 0.7126398 -0.6881883 0.13616665
vn 0.7126398 -0.6881883 0.13616665
vn 0.7126398 0.6881883 -0.13616665
vn 0.7126398 0.6881883 0.13616665
vn 0.7176629 0.69303894 -0.068242416
vn 0.7176629 0.69303894 0.068242416
vn 0.7193398 -0.6946584 0
vn 0.7193398 -0.6946584 0
vn 0.7193398 -0.6946584 0
vn 0.7193398 -0.6946584 0
vn 0.7193398 0.6946584 0
vn 0.7193398 0.6946584 0
vn 0 0 -1
vn 4.4046858E-17 -4.2535556E-17 -1
vn 6.123234E-17 0 1
vn 0 0 -1
vn 4.9538004E-17 3.5991466E-17 -1
vn 6.123234E-17 0 1
vn 0.052276723 -0.04386538 0.99766874
vn 0.10430971 -0.08752623 -0.99068594
vn 0.10430971 0.08752623 -0.99068594
vn 0.10430971 0.08752623 0.99068594
vn 0.15585634 -0.130779 0.9790841
vn 0.15585634 0.130779 0.9790841
vn 0.20667632 -0.17342202 -0.96291727
vn 0.20667632 -0.17342202 0.96291727
vn 0.20667632 0.17342202 -0.96291727
vn 0.20667632 0.17342202 0.96291727
vn 0.25653267 -0.21525647 -0.9422609
vn 0.25653267 -0.21525647 0.9422609
vn 0.25653267 0.21525647 -0.9422609
vn 0.25653267 0.21525647 0.9422609
vn 0.30519295 -0.25608727 0.9172113
vn 0.30519295 0.25608727 -0.9172113
vn 0.30519295 0.25608727 0.9172113
vn 0.35243025 -0.2957241 -0.8878852
vn 0.35243025 -0.2957241 0.8878852
vn 0.35243025 0.2957241 -0.8878852
vn 0.35243025 0.2957241 0.8878852
vn 0.3980244 -0.33398214 0.8544194
vn 0.3980244 0.33398214 -0.8544194
vn 0.3980244 0.33398214 0.8544194
vn 0.44176275 -0.37068295 -0.8169699
vn 0.44176275 0.37068295 -0.8169699
vn 0.44176275 0.37068295 0.8169699
vn 0.4834414 0.4056555 -0.7757113
vn 0.4834414 0.4056555 0.7757113
vn 0.5228661 -0.4387367 0.730836
vn 0.5228661 0.4387367 -0.730836
vn 0.5228661 0.4387367 0.730836
vn 0.55985284 -0.4697723 -0.6825532
vn 0.55985284 -0.4697723 -0.6825532
vn 0.55985284 0.4697723 -0.6825532
vn 0.55985284 0.4697723 0.6825532
vn 0.59422934 -0.49861762 0.63108796
vn 0.59422934 -0.49861762 0.63108796
vn 0.59422934 0.49861762 -0.63108796
vn 0.59422934 0.49861762 -0.63108796
vn 0.59422934 0.49861762 0.63108796
vn 0.59422934 0.49861762 0.63108796
vn 0.62583524 -0.52513814 -0.5766803
vn 0.62583524 -0.52513814 0.5766803
vn 0.62583524 -0.52513814 0.5766803
vn 0.62583524 0.52513814 -0.5766803
vn 0.62583524 0.52513814 -0.5766803
vn 0.62583524 0.52513814 -0.5766803
vn 0.62583524 0.52513814 0.5766803
vn 0.62583524 0.52513814 0.5766803
vn 0.62583524 0.52513814 0.5766803
vn 0.65452325 -0.5492102 0.51958394
vn 0.65452325 0.5492102 -0.51958394
vn 0.65452325 0.5492102 -0.51958394
vn 0.65452325 0.5492102 0.51958394
vn 0.65452325 0.5492102 0.51958394
vn 0.6801595 -0.5707216 -0.46006504
vn 0.6801595 -0.5707216 0.46006504
vn 0.6801595 0.5707216 -0.46006504
vn 0.6801595 0.5707216 -0.46006504
vn 0.6801595 0.5707216 0.46006504
vn 0.6801595 0.5707216 0.46006504
vn 0.7026246 -0.5895721 -0.39840108
vn 0.7026246 -0.5895721 0.39840108
vn 0.7026246 0.5895721 -0.39840108
vn 0.7026246 0.5895721 -0.39840108
vn 0.7026246 0.5895721 0.39840108
vn 0.7026246 0.5895721 0.39840108
vn 0.72181374 -0.6056737 -0.3348796
vn 0.72181374 0.6056737 -0.3348796
vn 0.72181374 0.6056737 -0.3348796
vn 0.73763746 -0.6189513 -0.26979676
vn 0.73763746 0.6189513 -0.26979676
vn 0.73763746 0.6189513 -0.26979676
vn 0.73763746 0.6189513 0.26979676
vn 0.73763746 0.6189513 0.26979676
vn 0.75002193 -0.6293431 -0.20345601
vn 0.75002193 -0.6293431 0.20345601
vn 0.75002193 0.6293431 -0.20345601
vn 0.75002193 0.6293431 -0.20345601
vn 0.75002193 0.6293431 0.20345601
vn 0.75002193 0.6293431 0.20345601
vn 0.75890946 -0.63680065 -0.13616665
vn 0.75890946 -0.63680065 0.13616665
vn 0.75890946 0.63680065 -0.13616665
vn 0.75890946 0.63680065 -0.13616665
vn 0.75890946 0.63680065 0.13616665
vn 0.75890946 0.63680065 0.13616665
vn 0.7642586 -0.6412891 0.068242416
vn 0.7642586 0.6412891 -0.068242416
vn 0.7642586 0.6412891 -0.068242416
vn 0.7642586 0.6412891 0.068242416
vn 0.7642586 0.6412891 0.068242416
vn 0.76604444 -0.64278764 0
vn 0.76604444 -0.64278764 0
vn 0.76604444 0.64278764 0
vn 0.76604444 0.64278764 0
vn 0.76604444 0.64278764 0
vn 0.76604444 0.64278764 0
vn 0 0 -1
vn 4.9538004E-17 -3.5991466E-17 -1
vn 6.123234E-17 0 1
vn 0 0 -1
vn 4.9538004E-17 3.5991466E-17 -1
vn 6.123234E-17 0 1
vn 0.05520927 -0.040111884 0.99766874
vn 0.05520927 0.040111884 0.99766874
vn 0.11016113 -0.080036744 -0.99068594
vn 0.11016113 0.080036744 -0.99068594
vn 0.16459937 -0.11958844 0.9790841
vn 0.21827017 -0.15858257 -0.96291727
vn 0.21827017 -0.15858257 0.96291727
vn 0.21827017 0.15858257 0.96291727
vn 0.2709233 -0.19683729 0.9422609
vn 0.2709233 0.19683729 -0.9422609
vn 0.2709233 0.19683729 0.9422609
vn 0.32231325 -0.23417428 -0.9172113
vn 0.37220043 -0.27041945 0.8878852
vn 0.37220043 0.27041945 -0.8878852
vn 0.42035225 -0.30540377 -0.8544194
vn 0.42035225 0.30540377 0.8544194
vn 0.46654418 -0.3389642 -0.8169699
vn 0.46654418 0.3389642 -0.8169699
vn 0.46654418 0.3389642 0.8169699
vn 0.51056087 -0.37094417 0.7757113
vn 0.51056087 0.37094417 -0.7757113
vn 0.51056087 0.37094417 0.7757113
vn 0.5521971 -0.40119466 -0.730836
vn 0.5521971 -0.40119466 -0.730836
vn 0.5521971 -0.40119466 0.730836
vn 0.5912587 -0.4295746 0.6825532
vn 0.5912587 0.4295746 -0.6825532
vn 0.6275636 -0.45595166 0.63108796
vn 0.6275636 -0.45595166 0.63108796
vn 0.6275636 0.45595166 -0.63108796
vn 0.6275636 0.45595166 -0.63108796
vn 0.6275636 0.45595166 0.63108796
vn 0.6275636 0.45595166 0.63108796
vn 0.66094255 -0.48020285 0.5766803
vn 0.66094255 0.48020285 -0.5766803
vn 0.66094255 0.48020285 0.5766803
vn 0.69123983 -0.50221515 -0.51958394
vn 0.69123983 -0.50221515 0.51958394
vn 0.69123983 0.50221515 -0.51958394
vn 0.69123983 0.50221515 0.51958394
vn 0.71831423 -0.5218858 -0.46006504
vn 0.71831423 0.5218858 -0.46006504
vn 0.71831423 0.5218858 0.46006504
vn 0.7420395 -0.5391233 -0.39840108
vn 0.7420395 -0.5391233 0.39840108
vn 0.7420395 0.5391233 -0.39840108
vn 0.7420395 0.5391233 0.39840108
vn 0.7623051 -0.5538471 -0.3348796
vn 0.7623051 0.5538471 -0.3348796
vn 0.7623051 0.5538471 0.3348796
vn 0.77901644 -0.5659886 -0.26979676
vn 0.77901644 -0.5659886 0.26979676
vn 0.77901644 0.5659886 -0.26979676
vn 0.77901644 0.5659886 0.26979676
vn 0.79209566 -0.5754912 -0.20345601
vn 0.79209566 -0.5754912 0.20345601
vn 0.79209566 0.5754912 -0.20345601
vn 0.79209566 0.5754912 0.20345601
vn 0.8014818 -0.5823106 -0.13616665
vn 0.8014818 -0.5823106 0.13616665
vn 0.8014818 0.5823106 -0.13616665
vn 0.807131 0.586415 0.068242416
vn 0.809017 -0.58778524 0
vn 0.809017 -0.58778524 0
vn 0.809017 0.58778524 0
vn 0.809017 0.58778524 0
vn 0 0 -1
vn 4.9538004E-17 -3.5991466E-17 -1
vn 6.123234E-17 0 1
vn 0 0 -1
vn 5.406495E-17 2.8746842E-17 -1
vn 6.123234E-17 0 1
vn 0.05787285 0.03616297 0.99766874
vn 0.11547587 -0.07215733 -0.99068594
vn 0.11547587 -0.07215733 0.99068594
vn 0.11547587 0.07215733 -0.99068594
vn 0.22880064 -0.1429705 0.96291727
vn 0.22880064 0.1429705 -0.96291727
vn 0.22880064 0.1429705 0.96291727
vn 0.28399402 -0.17745915 -0.9422609
vn 0.28399402 0.17745915 -0.9422609
vn 0.3378633 -0.21112041 0.9172113
vn 0.3378633 0.21112041 0.9172113
vn 0.39015728 -0.24379733 -0.8878852
vn 0.39015728 0.24379733 0.8878852
vn 0.4406322 -0.27533755 0.8544194
vn 0.4406322 0.27533755 0.8544194
vn 0.48905265 -0.305594 0.8169699
vn 0.48905265 0.305594 -0.8169699
vn 0.48905265 0.305594 0.8169699
vn 0.5351929 -0.33442566 -0.7757113
vn 0.5351929 -0.33442566 0.7757113
vn 0.5351929 0.33442566 -0.7757113
vn 0.5788379 0.36169806 -0.730836
vn 0.5788379 0.36169806 0.730836
vn 0.61978406 -0.38728407 -0.6825532
vn 0.61978406 -0.38728407 -0.6825532
vn 0.61978406 -0.38728407 0.6825532
vn 0.61978406 -0.38728407 0.6825532
vn 0.61978406 0.38728407 -0.6825532
vn 0.61978406 0.38728407 -0.6825532
vn 0.61978406 0.38728407 0.6825532
vn 0.61978406 0.38728407 0.6825532
vn 0.6578405 -0.41106436 0.63108796
vn 0.6578405 -0.41106436 0.63108796
vn 0.6928298 0.4329281 -0.5766803
vn 0.6928298 0.4329281 0.5766803
vn 0.72458875 -0.4527733 0.51958394
vn 0.72458875 0.4527733 -0.51958394
vn 0.72458875 0.4527733 0.51958394
vn 0.7529694 -0.47050747 -0.46006504
vn 0.7529694 -0.47050747 0.46006504
vn 0.7529694 0.47050747 -0.46006504
vn 0.7529694 0.47050747 0.46006504
vn 0.7778393 -0.48604792 -0.39840108
vn 0.7778393 -0.48604792 0.39840108
vn 0.7778393 0.48604792 -0.39840108
vn 0.7778393 0.48604792 0.39840108
vn 0.7990826 -0.4993222 0.3348796
vn 0.7990826 0.4993222 0.3348796
vn 0.81660014 -0.51026845 -0.26979676
vn 0.81660014 0.51026845 0.26979676
vn 0.8303104 -0.51883554 -0.20345601
vn 0.8303104 0.51883554 -0.20345601
vn 0 0 -1
vn 5.406495E-17 -2.8746842E-17 -1
vn 6.123234E-17 0 1
vn 0 0 -1
vn 5.406495E-17 2.8746842E-17 -1
vn 6.123234E-17 0 1
vn 0.84014934 -0.5249836 -0.13616665
vn 0.84014934 0.5249836 -0.13616665
vn 0.84014934 0.5249836 0.13616665
vn 0.8460711 -0.5286839 0.068242416
vn 0.8460711 0.5286839 -0.068242416
vn 0.8460711 0.5286839 0.068242416
vn 0.8480481 -0.52991927 0
vn 0.8480481 -0.52991927 0
vn 0.8480481 0.52991927 0
vn 0.8480481 0.52991927 0
vn 0.060254473 -0.032037873 -0.99766874
vn 0.060254473 0.032037873 -0.99766874
vn 0.179641 -0.095516816 -0.9790841
vn 0.179641 -0.095516816 0.9790841
vn 0.179641 0.095516816 -0.9790841
vn 0.179641 0.095516816 0.9790841
vn 0.23821642 0.12666191 0.96291727
vn 0.29568115 -0.15721646 -0.9422609
vn 0.29568115 -0.15721646 0.9422609
vn 0.29568115 0.15721646 -0.9422609
vn 0.35176727 0.18703799 -0.9172113
vn 0.35176727 0.18703799 0.9172113
vn 0.4062133 -0.21598746 -0.8878852
vn 0.4062133 0.21598746 -0.8878852
vn 0.4587654 -0.2439299 0.8544194
vn 0.4587654 0.2439299 -0.8544194
vn 0.5091785 -0.27073503 -0.8169699
vn 0.5091785 -0.27073503 0.8169699
vn 0.5091785 0.27073503 0.8169699
vn 0.5572176 -0.29627785 -0.7757113
vn 0.5572176 -0.29627785 0.7757113
vn 0.5572176 0.29627785 -0.7757113
vn 0.5572176 0.29627785 0.7757113
vn 0.6026586 -0.32043928 -0.730836
vn 0.6026586 0.32043928 -0.730836
vn 0.6026586 0.32043928 -0.730836
vn 0.6026586 0.32043928 0.730836
vn 0.64528984 -0.34310672 -0.6825532
vn 0.64528984 -0.34310672 -0.6825532
vn 0.64528984 -0.34310672 0.6825532
vn 0.64528984 -0.34310672 0.6825532
vn 0.64528984 0.34310672 0.6825532
vn 0.64528984 0.34310672 0.6825532
vn 0.68491244 -0.3641744 -0.63108796
vn 0.68491244 -0.3641744 0.63108796
vn 0.68491244 0.3641744 -0.63108796
vn 0.68491244 0.3641744 0.63108796
vn 0.7213416 -0.38354415 -0.5766803
vn 0.7213416 -0.38354415 0.5766803
vn 0.7213416 0.38354415 -0.5766803
vn 0.7213416 0.38354415 0.5766803
vn 0 0 -1
vn 5.406495E-17 -2.8746842E-17 -1
vn 6.123234E-17 0 1
vn 0 0 -1
vn 5.753958E-17 2.0942694E-17 -1
vn 6.123234E-17 0 1
vn 0.7544076 -0.4011256 -0.51958394
vn 0.7544076 0.4011256 -0.51958394
vn 0.7544076 0.4011256 0.51958394
vn 0.7839561 0.41683686 -0.46006504
vn 0.7839561 0.41683686 0.46006504
vn 0.062342547 0.027756691 0.99766874
vn 0.8098495 -0.43060464 -0.39840108
vn 0.8098495 -0.43060464 0.39840108
vn 0.8098495 0.43060464 -0.39840108
vn 0.8098495 0.43060464 0.39840108
vn 0.831967 -0.44236472 -0.3348796
vn 0.831967 0.44236472 -0.3348796
vn 0.831967 0.44236472 0.3348796
vn 0.8502055 0.45206228 0.26979676
vn 0.124394424 -0.055383965 -0.99068594
vn 0.124394424 -0.055383965 0.99068594
vn 0.86447996 -0.45965213 -0.20345601
vn 0.86447996 -0.45965213 0.20345601
vn 0.86447996 0.45965213 0.20345601
vn 0.8747238 -0.4650989 -0.13616665
vn 0.8747238 -0.4650989 0.13616665
vn 0.88088924 -0.4683771 -0.068242416
vn 0.88088924 -0.4683771 0.068242416
vn 0.88088924 0.4683771 -0.068242416
vn 0.88088924 0.4683771 0.068242416
vn 0.88294756 -0.46947157 0
vn 0.88294756 -0.46947157 0
vn 0.88294756 0.46947157 0
vn 0.88294756 0.46947157 0
vn 0.18586631 -0.08275302 0.9790841
vn 0.18586631 0.08275302 -0.9790841
vn 0.30592775 -0.1362078 -0.9422609
vn 0.30592775 -0.1362078 0.9422609
vn 0.30592775 0.1362078 -0.9422609
vn 0.30592775 0.1362078 0.9422609
vn 0.3639575 -0.16204432 -0.9172113
vn 0.3639575 -0.16204432 0.9172113
vn 0.42029032 0.18712531 -0.8878852
vn 0.42029032 0.18712531 0.8878852
vn 0.47466356 -0.21133383 0.8544194
vn 0.47466356 0.21133383 -0.8544194
vn 0.47466356 0.21133383 0.8544194
vn 0.5268237 -0.23455702 -0.8169699
vn 0.5268237 -0.23455702 0.8169699
vn 0.5268237 0.23455702 -0.8169699
vn 0.57652754 0.2566866 -0.7757113
vn 0.6235433 0.27761936 0.730836
vn 0 0 -1
vn 5.753958E-17 -2.0942694E-17 -1
vn 6.123234E-17 0 1
vn 0 0 -1
vn 5.753958E-17 2.0942694E-17 -1
vn 6.123234E-17 0 1
vn 0.6676519 -0.29725778 -0.6825532
vn 0.6676519 -0.29725778 -0.6825532
vn 0.6676519 0.29725778 -0.6825532
vn 0.6676519 0.29725778 -0.6825532
vn 0.6676519 0.29725778 0.6825532
vn 0.6676519 0.29725778 0.6825532
vn 0.064126894 0.02334028 0.99766874
vn 0.70864755 -0.3155102 -0.63108796
vn 0.70864755 -0.3155102 0.63108796
vn 0.70864755 -0.3155102 0.63108796
vn 0.70864755 0.3155102 0.63108796
vn 0.74633914 -0.3322916 -0.5766803
vn 0.74633914 -0.3322916 0.5766803
vn 0.74633914 0.3322916 0.5766803
vn 0.1279548 -0.046571735 0.99068594
vn 0.78055096 -0.3475237 -0.51958394
vn 0.78055096 -0.3475237 0.51958394
vn 0.78055096 0.3475237 -0.51958394
vn 0.78055096 0.3475237 0.51958394
vn 0.8111235 -0.36113545 0.46006504
vn 0.8111235 0.36113545 -0.46006504
vn 0.8111235 0.36113545 0.46006504
vn 0.19118612 -0.06958605 -0.9790841
vn 0.19118612 0.06958605 -0.9790841
vn 0.19118612 0.06958605 0.9790841
vn 0.8379142 -0.37306345 0.39840108
vn 0.8379142 0.37306345 -0.39840108
vn 0.8379142 0.37306345 0.39840108
vn 0.8607982 -0.38325205 -0.3348796
vn 0.8607982 0.38325205 -0.3348796
vn 0.8607982 0.38325205 0.3348796
vn 0.8796687 -0.39165375 0.26979676
vn 0.8796687 0.39165375 -0.26979676
vn 0.8796687 0.39165375 0.26979676
vn 0.25352603 -0.09227593 0.96291727
vn 0.25352603 0.09227593 -0.96291727
vn 0.89443785 -0.39822936 -0.20345601
vn 0.89443785 -0.39822936 0.20345601
vn 0.89443785 0.39822936 -0.20345601
vn 0.89443785 0.39822936 0.20345601
vn 0.9050366 -0.4029483 -0.13616665
vn 0.9050366 -0.4029483 0.13616665
vn 0.9050366 0.4029483 -0.13616665
vn 0.9050366 0.4029483 0.13616665
vn 0.91141576 -0.40578845 -0.068242416
vn 0.91141576 -0.40578845 0.068242416
vn 0.91141576 0.40578845 -0.068242416
vn 0.91141576 0.40578845 0.068242416
vn 0.9135454 -0.40673664 0
vn 0.9135454 -0.40673664 0
vn 0.9135454 0.40673664 0
vn 0.9135454 0.40673664 0
vn 0.3146839 -0.11453557 -0.9422609
vn 0.3146839 -0.11453557 0.9422609
vn 0.3146839 0.11453557 0.9422609
vn 0.37437457 -0.1362612 0.9172113
vn 0.37437457 0.1362612 -0.9172113
vn 0.43231973 -0.15735151 -0.8878852
vn 0.43231973 -0.15735151 0.8878852
vn 0.43231973 0.15735151 -0.8878852
vn 0.4882492 -0.17770818 0.8544194
vn 0.4882492 0.17770818 -0.8544194
vn 0.4882492 0.17770818 0.8544194
vn 0 0 -1
vn 5.753958E-17 -2.0942694E-17 -1
vn 6.123234E-17 0 1
vn 0 0 -1
vn 5.989427E-17 1.2730919E-17 -1
vn 6.123234E-17 0 1
vn 0.54190224 -0.19723628 -0.8169699
vn 0.54190224 -0.19723628 0.8169699
vn 0.54190224 0.19723628 -0.8169699
vn 0.54190224 0.19723628 0.8169699
vn 0.59302866 -0.2158448 0.7757113
vn 0.59302866 0.2158448 0.7757113
vn 0.64139014 -0.23344693 0.730836
vn 0.13089179 -0.037532616 0.99068594
vn 0.13089179 0.037532616 -0.99068594
vn 0.68676114 -0.24996062 -0.6825532
vn 0.68676114 -0.24996062 -0.6825532
vn 0.68676114 -0.24996062 0.6825532
vn 0.68676114 -0.24996062 0.6825532
vn 0.68676114 0.24996062 -0.6825532
vn 0.68676114 0.24996062 -0.6825532
vn 0.68676114 0.24996062 0.6825532
vn 0.68676114 0.24996062 0.6825532
vn 0.19557448 -0.056080077 -0.9790841
vn 0.19557448 -0.056080077 0.9790841
vn 0.19557448 0.056080077 0.9790841
vn 0.7289302 -0.2653089 -0.63108796
vn 0.7289302 0.2653089 -0.63108796
vn 0.76770055 -0.27942017 -0.5766803
vn 0.76770055 -0.27942017 0.5766803
vn 0.76770055 0.27942017 -0.5766803
vn 0.76770055 0.27942017 0.5766803
vn 0.2593453 0.07436607 -0.96291727
vn 0.8028916 -0.29222864 -0.51958394
vn 0.8028916 0.29222864 -0.51958394
vn 0.8028916 0.29222864 0.51958394
vn 0.8343392 -0.30367464 -0.46006504
vn 0.8343392 -0.30367464 0.46006504
vn 0.8343392 0.30367464 -0.46006504
vn 0.8343392 0.30367464 0.46006504
vn 0.32190695 -0.09230533 -0.9422609
vn 0.32190695 0.09230533 0.9422609
vn 0.8618967 -0.31370473 -0.39840108
vn 0.8618967 0.31370473 -0.39840108
vn 0.8618967 0.31370473 0.39840108
vn 0.88543564 -0.3222722 0.3348796
vn 0.88543564 0.3222722 -0.3348796
vn 0.88543564 0.3222722 0.3348796
vn 0.3829677 -0.10981423 -0.9172113
vn 0.3829677 -0.10981423 0.9172113
vn 0.3829677 0.10981423 -0.9172113
vn 0.3829677 0.10981423 0.9172113
vn 0.90484625 -0.32933712 -0.26979676
vn 0.90484625 -0.32933712 0.26979676
vn 0.90484625 0.32933712 -0.26979676
vn 0.9200381 -0.3348665 -0.20345601
vn 0.9200381 0.3348665 -0.20345601
vn 0.9200381 0.3348665 0.20345601
vn 0 0 -1
vn 5.989427E-17 -1.2730919E-17 -1
vn 6.123234E-17 0 1
vn 0 0 -1
vn 5.989427E-17 1.2730919E-17 -1
vn 6.123234E-17 0 1
vn 0.9309403 -0.33883455 -0.13616665
vn 0.9309403 -0.33883455 0.13616665
vn 0.9309403 0.33883455 0.13616665
vn 0.93750197 0.34122282 -0.068242416
vn 0.93750197 0.34122282 0.068242416
vn 0.9396926 -0.34202015 0
vn 0.9396926 -0.34202015 0
vn 0.9396926 0.34202015 0
vn 0.9396926 0.34202015 0
vn 0.4422429 -0.12681112 -0.8878852
vn 0.4422429 0.12681112 0.8878852
vn 0.06675115 0.014188396 0.99766874
vn 0.49945614 -0.14321674 -0.8544194
vn 0.49945614 -0.14321674 0.8544194
vn 0.49945614 0.14321674 0.8544194
vn 0.13319108 -0.028310638 0.99068594
vn 0.13319108 0.028310638 -0.99068594
vn 0.5543407 -0.15895464 -0.8169699
vn 0.5543407 -0.15895464 0.8169699
vn 0.5543407 0.15895464 -0.8169699
vn 0.5543407 0.15895464 0.8169699
vn 0.19901001 -0.042300884 -0.9790841
vn 0.19901001 0.042300884 0.9790841
vn 0.6066407 -0.17395142 -0.7757113
vn 0.6066407 -0.17395142 -0.7757113
vn 0.6066407 -0.17395142 0.7757113
vn 0.6066407 0.17395142 0.7757113
vn 0.6561122 0.18813714 0.730836
vn 0.26390105 -0.0560939 -0.96291727
vn 0.26390105 0.0560939 -0.96291727
vn 0 0 -1
vn 5.989427E-17 -1.2730919E-17 -1
vn 6.123234E-17 0 1
vn 0 0 -1
vn 6.123234E-17 0 -1
vn 6.123234E-17 0 1
vn 0.7025246 -0.2014457 0.6825532
vn 0.7025246 -0.2014457 0.6825532
vn 0.7025246 0.2014457 0.6825532
vn 0.7025246 0.2014457 0.6825532
vn 0.32756168 -0.069625385 0.9422609
vn 0.32756168 0.069625385 0.9422609
vn 0.74566156 -0.213815 -0.63108796
vn 0.74566156 0.213815 -0.63108796
vn 0.74566156 0.213815 -0.63108796
vn 0.74566156 0.213815 0.63108796
vn 0.067578286 -0.009497508 -0.99766874
vn 0.7853219 0.22518742 -0.5766803
vn 0.7853219 0.22518742 0.5766803
vn 0.38969508 -0.08283225 -0.9172113
vn 0.82132065 -0.2355099 -0.51958394
vn 0.82132065 -0.2355099 0.51958394
vn 0.82132065 0.2355099 -0.51958394
vn 0.82132065 0.2355099 0.51958394
vn 0.13484149 -0.018950734 0.99068594
vn 0.13484149 0.018950734 -0.99068594
vn 0.13484149 0.018950734 0.99068594
vn 0.85349005 -0.24473433 0.46006504
vn 0.85349005 0.24473433 -0.46006504
vn 0.45001152 -0.0956529 0.8878852
vn 0.45001152 0.0956529 -0.8878852
vn 0.45001152 0.0956529 0.8878852
vn 0 0 -1
vn 6.108318E-17 -4.2713522E-18 -1
vn 6.123234E-17 0 1
vn 0 0 -1
vn 6.123234E-17 0 -1
vn 6.123234E-17 0 1
vn 0.8816801 -0.2528177 -0.39840108
vn 0.8816801 -0.2528177 0.39840108
vn 0.8816801 0.2528177 -0.39840108
vn 0.90575933 -0.25972232 0.3348796
vn 0.90575933 0.25972232 -0.3348796
vn 0.90575933 0.25972232 0.3348796
vn 0.5082298 -0.10802758 -0.8544194
vn 0.5082298 -0.10802758 0.8544194
vn 0.5082298 0.10802758 -0.8544194
vn 0.5082298 0.10802758 0.8544194
vn 0.9256155 -0.26541597 -0.26979676
vn 0.9256155 -0.26541597 0.26979676
vn 0.9256155 0.26541597 -0.26979676
vn 0.9256155 0.26541597 0.26979676
vn 0 0 -1
vn 6.123234E-17 0 -1
vn 6.123234E-17 0 1
vn 0.06807618 0.00476035 -0.99766874
vn 0.06807618 0.00476035 0.99766874
vn 0.941156 -0.26987216 -0.20345601
vn 0.941156 0.26987216 -0.20345601
vn 0.941156 0.26987216 0.20345601
vn 0.9523085 -0.27307007 -0.13616665
vn 0.9523085 -0.27307007 0.13616665
vn 0.9523085 0.27307007 -0.13616665
vn 0.9523085 0.27307007 0.13616665
vn 0.9590208 -0.2749948 -0.068242416
vn 0.9590208 -0.2749948 0.068242416
vn 0.9590208 0.2749948 -0.068242416
vn 0.9590208 0.2749948 0.068242416
vn 0.9612617 -0.27563736 0
vn 0.9612617 -0.27563736 0
vn 0.9612617 0.27563736 0
vn 0.9612617 0.27563736 0
vn 0.2671711 -0.037548453 -0.96291727
vn 0.2671711 0.037548453 0.96291727
vn 0.56407845 -0.11989858 -0.8169699
vn 0.56407845 -0.11989858 0.8169699
vn 0.56407845 0.11989858 -0.8169699
vn 0.56407845 0.11989858 0.8169699
vn 0.13583495 -0.009498505 -0.99068594
vn 0.13583495 -0.009498505 0.99068594
vn 0.6172972 -0.13121057 -0.7757113
vn 0.6172972 -0.13121057 0.7757113
vn 0.6172972 0.13121057 -0.7757113
vn 0.6172972 0.13121057 0.7757113
vn 0.33162057 -0.046606235 -0.9422609
vn 0.33162057 -0.046606235 0.9422609
vn 0.33162057 0.046606235 -0.9422609
vn 0.33162057 0.046606235 0.9422609
vn 0.13616665 0 -0.99068594
vn 0.13616665 0 0.99068594
vn 0.6676377 -0.14191078 -0.730836
vn 0.6676377 -0.14191078 0.730836
vn 0.6676377 0.14191078 -0.730836
vn 0.6676377 0.14191078 0.730836
vn 0.3945239 -0.055446714 0.9172113
vn 0.71486545 -0.15194935 -0.6825532
vn 0.71486545 -0.15194935 -0.6825532
vn 0.71486545 -0.15194935 0.6825532
vn 0.71486545 -0.15194935 0.6825532
vn 0.71486545 0.15194935 -0.6825532
vn 0.71486545 0.15194935 -0.6825532
vn 0.26913956 -0.018820072 0.96291727
vn 0.26913956 0.018820072 -0.96291727
vn 0.26913956 0.018820072 0.96291727
vn 0.45558771 -0.06402868 -0.8878852
vn 0.45558771 0.06402868 -0.8878852
vn 0.75876015 -0.16127944 -0.63108796
vn 0.75876015 -0.16127944 0.63108796
vn 0.75876015 0.16127944 -0.63108796
vn 0.75876015 0.16127944 0.63108796
vn 0.75876015 0.16127944 0.63108796
vn 0.26979676 0 -0.96291727
vn 0.26979676 0 0.96291727
vn 0.79911715 -0.16985759 -0.5766803
vn 0.79911715 -0.16985759 0.5766803
vn 0.79911715 0.16985759 0.5766803
vn 0.33406386 -0.023360021 -0.9422609
vn 0.33406386 0.023360021 0.9422609
vn 0.5145274 -0.07231211 -0.8544194
vn 0.5145274 0.07231211 0.8544194
vn 0.8357483 -0.17764378 -0.51958394
vn 0.8357483 -0.17764378 0.51958394
vn 0.8357483 0.17764378 -0.51958394
vn 0.8357483 0.17764378 0.51958394
vn 0.3348796 0 -0.9422609
vn 0.3348796 0 0.9422609
vn 0.5710681 -0.08025839 -0.8169699
vn 0.3974306 -0.027791055 0.9172113
vn 0.86848277 -0.18460172 -0.46006504
vn 0.86848277 -0.18460172 0.46006504
vn 0.86848277 0.18460172 -0.46006504
vn 0.86848277 0.18460172 0.46006504
vn 0.89716804 -0.19069895 -0.39840108
vn 0.89716804 -0.19069895 0.39840108
vn 0.89716804 0.19069895 -0.39840108
vn 0.89716804 0.19069895 0.39840108
vn 0.62494624 -0.08783047 -0.7757113
vn 0.62494624 -0.08783047 -0.7757113
vn 0.62494624 -0.08783047 0.7757113
vn 0.62494624 0.08783047 -0.7757113
vn 0.62494624 0.08783047 0.7757113
vn 0.92167026 -0.19590706 -0.3348796
vn 0.92167026 0.19590706 -0.3348796
vn 0.92167026 0.19590706 0.3348796
vn 0.39840108 0 -0.9172113
vn 0.39840108 0 0.9172113
vn 0.45894435 -0.032092515 -0.8878852
vn 0.45894435 -0.032092515 0.8878852
vn 0.45894435 0.032092515 0.8878852
vn 0.9418752 -0.20020176 -0.26979676
vn 0.9418752 -0.20020176 0.26979676
vn 0.9418752 0.20020176 -0.26979676
vn 0.9418752 0.20020176 0.26979676
vn 0.95768875 -0.20356303 -0.20345601
vn 0.95768875 -0.20356303 0.20345601
vn 0.95768875 0.20356303 -0.20345601
vn 0.95768875 0.20356303 0.20345601
vn 0.6759106 -0.09499304 0.730836
vn 0.6759106 0.09499304 -0.730836
vn 0.6759106 0.09499304 0.730836
vn 0.96903706 -0.20597519 -0.13616665
vn 0.96903706 0.20597519 0.13616665
vn 0.97586733 -0.207427 -0.068242416
vn 0.97586733 -0.207427 0.068242416
vn 0.97586733 0.207427 0.068242416
vn 0.9781476 -0.20791169 0
vn 0.9781476 -0.20791169 0
vn 0.9781476 0.20791169 0
vn 0.9781476 0.20791169 0
vn 0.5183183 -0.036244344 -0.8544194
vn 0.5183183 0.036244344 -0.8544194
vn 0.5183183 0.036244344 0.8544194
vn 0.46006504 0 -0.8878852
vn 0.46006504 0 0.8878852
vn 0.72372353 -0.10171271 0.6825532
vn 0.72372353 -0.10171271 0.6825532
vn 0.72372353 0.10171271 -0.6825532
vn 0.72372353 0.10171271 -0.6825532
vn 0.72372353 0.10171271 0.6825532
vn 0.72372353 0.10171271 0.6825532
vn 0.57527554 -0.040227186 -0.8169699
vn 0.57527554 -0.040227186 0.8169699
vn 0.57527554 0.040227186 -0.8169699
vn 0.57527554 0.040227186 0.8169699
vn 0.51958394 0 -0.8544194
vn 0.51958394 0 0.8544194
vn 0.76816213 -0.107958145 -0.63108796
vn 0.76816213 -0.107958145 0.63108796
vn 0.76816213 0.107958145 0.63108796
vn 0.62955064 -0.04402247 -0.7757113
vn 0.62955064 -0.04402247 0.7757113
vn 0.62955064 0.04402247 -0.7757113
vn 0.8090192 -0.11370023 -0.5766803
vn 0.8090192 -0.11370023 0.5766803
vn 0.8090192 0.11370023 0.5766803
vn 0.5766803 0 -0.8169699
vn 0.84610426 -0.1189122 0.51958394
vn 0.84610426 0.1189122 -0.51958394
vn 0.84610426 0.1189122 0.51958394
vn 0.6808905 -0.0476125 -0.730836
vn 0.6808905 -0.0476125 -0.730836
vn 0.6808905 -0.0476125 0.730836
vn 0.6808905 0.0476125 -0.730836
vn 0.6808905 0.0476125 -0.730836
vn 0.6808905 0.0476125 0.730836
vn 0.63108796 0 -0.7757113
vn 0.63108796 0 0.7757113
vn 0.8792444 -0.12356974 -0.46006504
vn 0.8792444 -0.12356974 0.46006504
vn 0.8792444 0.12356974 -0.46006504
vn 0.7290557 -0.050980538 -0.6825532
vn 0.7290557 -0.050980538 0.6825532
vn 0.7290557 -0.050980538 0.6825532
vn 0.7290557 0.050980538 0.6825532
vn 0.7290557 0.050980538 0.6825532
vn 0.9082851 -0.12765114 -0.39840108
vn 0.9082851 -0.12765114 0.39840108
vn 0.9082851 0.12765114 -0.39840108
vn 0.6825532 0 -0.730836
vn 0.6825532 0 -0.730836
vn 0.9330909 -0.13113737 -0.3348796
vn 0.9330909 0.13113737 -0.3348796
vn 0.9330909 0.13113737 0.3348796
vn 0.7738217 -0.054110885 -0.63108796
vn 0.7738217 -0.054110885 0.63108796
vn 0.7738217 0.054110885 -0.63108796
vn 0.7738217 0.054110885 0.63108796
vn 0.9535462 -0.13401218 -0.26979676
vn 0.9535462 -0.13401218 0.26979676
vn 0.9535462 0.13401218 -0.26979676
vn 0.9535462 0.13401218 0.26979676
vn 0.730836 0 -0.6825532
vn 0.730836 0 0.6825532
vn 0.730836 0 0.6825532
vn 0.96955574 -0.13626216 -0.20345601
vn 0.96955574 -0.13626216 0.20345601
vn 0.96955574 0.13626216 -0.20345601
vn 0.98104465 -0.13787684 -0.13616665
vn 0.98104465 -0.13787684 0.13616665
vn 0.98104465 0.13787684 -0.13616665
vn 0.98104465 0.13787684 0.13616665
vn 0.9879595 -0.13884866 -0.068242416
vn 0.9879595 -0.13884866 0.068242416
vn 0.9879595 0.13884866 -0.068242416
vn 0.9879595 0.13884866 0.068242416
vn 0.8149798 -0.05698894 -0.5766803
vn 0.8149798 0.05698894 -0.5766803
vn 0.8149798 0.05698894 0.5766803
vn 0.99026805 -0.1391731 0
vn 0.99026805 -0.1391731 0
vn 0.99026805 0.1391731 0
vn 0.99026805 0.1391731 0
vn 0.8523381 -0.059601285 -0.51958394
vn 0.8523381 -0.059601285 0.51958394
vn 0.8523381 0.059601285 0.51958394
vn 0.8169699 0 0.5766803
vn 0.8857224 0.06193574 -0.46006504
vn 0.8857224 0.06193574 0.46006504
vn 0.8544194 0 -0.51958394
vn 0.8544194 0 0.51958394
vn 0.914977 -0.06398143 -0.39840108
vn 0.914977 -0.06398143 0.39840108
vn 0.914977 0.06398143 -0.39840108
vn 0.914977 0.06398143 0.39840108
vn 0.9399656 -0.0657288 0.3348796
vn 0.9399656 0.0657288 -0.3348796
vn 0.9399656 0.0657288 0.3348796
vn 0.8878852 0 -0.46006504
vn 0.8878852 0 0.46006504
vn 0.96057165 -0.06716971 -0.26979676
vn 0.96057165 -0.06716971 0.26979676
vn 0.96057165 0.06716971 -0.26979676
vn 0.96057165 0.06716971 0.26979676
vn 0.9172113 0 -0.39840108
vn 0.9172113 0 0.39840108
vn 0.9766991 -0.06829745 -0.20345601
vn 0.9766991 -0.06829745 0.20345601
vn 0.9766991 0.06829745 0.20345601
vn 0.98827267 -0.06910676 -0.13616665
vn 0.98827267 -0.06910676 0.13616665
vn 0.98827267 0.06910676 -0.13616665
vn 0.98827267 0.06910676 0.13616665
vn 0.9952385 -0.069593854 -0.068242416
vn 0.9952385 -0.069593854 0.068242416
vn 0.9952385 0.069593854 -0.068242416
vn 0.9952385 0.069593854 0.068242416
vn 0.9975641 -0.06975647 0
vn 0.9975641 -0.06975647 0
vn 0.9975641 0.06975647 0
vn 0.9975641 0.06975647 0
vn 0.9422609 0 -0.3348796
vn 0.9422609 0 0.3348796
vn 0.96291727 0 -0.26979676
vn 0.96291727 0 0.26979676
vn 0.9790841 0 0.20345601
vn 0.99068594 0 -0.13616665
vn 0.99068594 0 0.13616665
vn 0.99766874 0 -0.068242416
vn 0.99766874 0 0.068242416
vn 1 0 0
vn 1 1.2246469E-16 0
vn 1 0 0
vn 1 1.2246469E-16 0
# 3742 vertex normals

vt 0.5763532 0.7857667 0
vt 0.5763532 0.7857667 0
vt 0.5066863 0.7857734 0
vt 0.5066863 0.7857734 0
vt 0.5054961 0.78577423 0
vt 0.5781342 0.78576624 0
vt 0.5787285 0.785766 0
vt 0.504305 0.78577507 0
vt 0.5763559 0.80069596 0
vt 0.50669116 0.8007015 0
vt 0.57635224 0.7708382 0
vt 0.5066841 0.7708434 0
vt 0.5769468 0.7708383 0
vt 0.50550437 0.80070186 0
vt 0.50549483 0.77084315 0
vt 0.57813895 0.8006958 0
vt 0.5781356 0.77083844 0
vt 0.5031129 0.78577596 0
vt 0.50430495 0.77084297 0
vt 0.58051395 0.7857655 0
vt 0.5793303 0.80069566 0
vt 0.5037229 0.8007026 0
vt 0.5793258 0.7708386 0
vt 0.5031286 0.8007028 0
vt 0.57992107 0.77083874 0
vt 0.581111 0.7857653 0
vt 0.5019181 0.7857768 0
vt 0.50251794 0.77084273 0
vt 0.58112 0.80069536 0
vt 0.5007203 0.7857777 0
vt 0.57635605 0.8156253 0
vt 0.5066918 0.8156284 0
vt 0.57635176 0.7559092 0
vt 0.5066832 0.75591373 0
vt 0.50134015 0.80070364 0
vt 0.5817111 0.770839 0
vt 0.50132114 0.77084243 0
vt 0.5775439 0.8156254 0
vt 0.50550354 0.8156282 0
vt 0.57754105 0.7559094 0
vt 0.5054956 0.7559142 0
vt 0.42138705 0.84708333 0
vt 0.58290553 0.7857647 0
vt 0.5787312 0.75590944 0
vt 0.41730264 0.86133343 0
vt 0.5823195 0.8006952 0
vt 0.50074255 0.80070394 0
vt 0.5823092 0.7708391 0
vt 0.57932645 0.81562537 0
vt 0.5037207 0.8156279 0
vt 0.5037134 0.7559149 0
vt 0.42081675 0.8469158 0
vt 0.583508 0.78575003 0
vt 0.42917547 0.2824365 0
vt 0.49951816 0.78577876 0
vt 0.5031245 0.8156277 0
vt 0.5799228 0.7559096 0
vt 0.428194 0.26768923 0
vt 0.50012136 0.770842 0
vt 0.5805185 0.81562537 0
vt 0.5025219 0.75591564 0
vt 0.42443383 0.832607 0
vt 0.58350915 0.77083933 0
vt 0.58111435 0.8156254 0
vt 0.5019261 0.7559159 0
vt 0.4279927 0.28251803 0
vt 0.50133485 0.81562734 0
vt 0.5817137 0.7559097 0
vt 0.4156328 0.86073583 0
vt 0.42910388 0.29717612 0
vt 0.4989429 0.80070496 0
vt 0.4270195 0.26785183 0
vt 0.58230996 0.8156253 0
vt 0.41910905 0.8464339 0
vt 0.42327368 0.8323646 0
vt 0.42761275 0.81816673 0
vt 0.5829135 0.7559099 0
vt 0.42558923 0.2531271 0
vt 0.5001316 0.755917 0
vt 0.42681077 0.28259957 0
vt 0.4145209 0.86033785 0
vt 0.5763578 0.8305544 0
vt 0.50669116 0.8305563 0
vt 0.57635045 0.7409797 0
vt 0.5066797 0.7409831 0
vt 0.5769457 0.7409793 0
vt 0.50608224 0.7409831 0
vt 0.57754743 0.8305542 0
vt 0.5055029 0.83055604 0
vt 0.41059577 0.8746094 0
vt 0.5835095 0.8156253 0
vt 0.42917547 0.31191516 0
vt 0.49953637 0.8156268 0
vt 0.50489014 0.7409831 0
vt 0.5787379 0.830554 0
vt 0.50431406 0.8305558 0
vt 0.5787291 0.74097854 0
vt 0.41396523 0.86013895 0
vt 0.4273282 0.29717618 0
vt 0.42526197 0.26809508 0
vt 0.41797087 0.84611267 0
vt 0.5793338 0.8305538 0
vt 0.5036969 0.7409831 0
vt 0.4264383 0.81800485 0
vt 0.4244289 0.2533697 0
vt 0.5799215 0.740978 0
vt 0.5805264 0.83055365 0
vt 0.5025283 0.83055556 0
vt 0.5025014 0.7409831 0
vt 0.42673606 0.29717612 0
vt 0.42153755 0.83200216 0
vt 0.4246761 0.26817626 0
vt 0.4095116 0.8741349 0
vt 0.42799294 0.31183368 0
vt 0.42585135 0.8179239 0
vt 0.4174015 0.8459519 0
vt 0.42740157 0.3117929 0
vt 0.42327005 0.25361192 0
vt 0.41285396 0.8597412 0
vt 0.581722 0.8305534 0
vt 0.58171266 0.7409771 0
vt 0.50130326 0.7409831 0
vt 0.4250412 0.28272152 0
vt 0.50073546 0.83055526 0
vt 0.42252848 0.23860061 0
vt 0.50070184 0.74098325 0
vt 0.4255525 0.29717606 0
vt 0.42037988 0.8317604 0
vt 0.42350462 0.2683385 0
vt 0.4162639 0.84563094 0
vt 0.40455708 0.8881381 0
vt 0.5829216 0.830553 0
vt 0.42917547 0.8034646 0
vt 0.5829131 0.74097645 0
vt 0.4078895 0.8734249 0
vt 0.4262204 0.3117115 0
vt 0.42409435 0.81768167 0
vt 0.422112 0.2538541 0
vt 0.411743 0.85934365 0
vt 0.4198007 0.8316394 0
vt 0.42760888 0.32658243 0
vt 0.49953496 0.8305551 0
vt 0.4213915 0.23893595 0
vt 0.49950156 0.7410137 0
vt 0.42386076 0.28280294 0
vt 0.40734792 0.8731879 0
vt 0.42350817 0.81760085 0
vt 0.40350968 0.88759005 0
vt 0.4279925 0.80338347 0
vt 0.42233348 0.26850063 0
vt 0.42643455 0.3264197 0
vt 0.42740145 0.80334294 0
vt 0.4202513 0.23925787 0
vt 0.42503962 0.31163013 0
vt 0.5763578 0.8454841 0
vt 0.50668925 0.8454851 0
vt 0.5763483 0.72605133 0
vt 0.50668234 0.72605276 0
vt 0.5060894 0.72605234 0
vt 0.57754624 0.84548396 0
vt 0.5055006 0.8454845 0
vt 0.5775354 0.7260511 0
vt 0.50490195 0.7260518 0
vt 0.42377928 0.297176 0
vt 0.4145595 0.8451501 0
vt 0.4145595 0.8451501 0
vt 0.4226804 0.28288436 0
vt 0.5787231 0.726051 0
vt 0.40246326 0.8870426 0
vt 0.5793296 0.8454838 0
vt 0.5037169 0.8454836 0
vt 0.50371367 0.7260511 0
vt 0.4062662 0.87271446 0
vt 0.4203774 0.2542169 0
vt 0.50312126 0.8454831 0
vt 0.410078 0.85874766 0
vt 0.410078 0.85874766 0
vt 0.42318723 0.29717594 0
vt 0.41806638 0.8312772 0
vt 0.41806638 0.8312772 0
vt 0.42116228 0.26866275 0
vt 0.42526147 0.3262573 0
vt 0.41911232 0.23957956 0
vt 0.5805225 0.84548366 0
vt 0.5805075 0.7260507 0
vt 0.4217526 0.81735873 0
vt 0.41979855 0.2543379 0
vt 0.5019278 0.84548235 0
vt 0.50192714 0.72605014 0
vt 0.42563155 0.8032216 0
vt 0.58171755 0.8454836 0
vt 0.5817007 0.72605056 0
vt 0.4232707 0.31150836 0
vt 0.40089676 0.88622284 0
vt 0.41797408 0.23990095 0
vt 0.39705417 0.90094435 0
vt 0.5829163 0.84548354 0
vt 0.42558753 0.34122753 0
vt 0.5001328 0.8454811 0
vt 0.41731572 0.22471052 0
vt 0.50013256 0.7260492 0
vt 0.40464586 0.8720051 0
vt 0.40464586 0.8720051 0
vt 0.42268017 0.31146765 0
vt 0.4205813 0.8171972 0
vt 0.4205813 0.8171972 0
vt 0.4186414 0.25457996 0
vt 0.42350498 0.32601404 0
vt 0.42445144 0.8031407 0
vt 0.42910334 0.78869003 0
vt 0.5834976 0.72605026 0
vt 0.42442754 0.34098452 0
vt 0.41620114 0.22511035 0
vt 0.39985183 0.8856762 0
vt 0.4238612 0.80310017 0
vt 0.4168363 0.24022222 0
vt 0.39554676 0.9000174 0
vt 0.4279177 0.7886902 0
vt 0.4223332 0.32585186 0
vt 0.4162669 0.24038297 0
vt 0.4232688 0.3407418 0
vt 0.415088 0.22550958 0
vt 0.39454243 0.8993997 0
vt 0.4145316 0.2257092 0
vt 0.57635844 0.8604139 0
vt 0.5066872 0.8604159 0
vt 0.5763499 0.71112335 0
vt 0.5066817 0.7111238 0
vt 0.57695425 0.8604141 0
vt 0.506087 0.7111239 0
vt 0.5054957 0.8604164 0
vt 0.57753867 0.7111238 0
vt 0.5054922 0.71112394 0
vt 0.3982863 0.8848571 0
vt 0.3982863 0.8848571 0
vt 0.4211616 0.32568955 0
vt 0.422093 0.802979 0
vt 0.422093 0.802979 0
vt 0.41512915 0.24070418 0
vt 0.5781443 0.86041427 0
vt 0.5043033 0.8604171 0
vt 0.5787282 0.7111243 0
vt 0.422111 0.34049934 0
vt 0.4261432 0.78869057 0
vt 0.57933533 0.86041445 0
vt 0.5037086 0.71112406 0
vt 0.50310946 0.8604176 0
vt 0.5031121 0.71112406 0
vt 0.39353865 0.8987824 0
vt 0.5805143 0.7111249 0
vt 0.5811246 0.86041486 0
vt 0.5019126 0.8604182 0
vt 0.5811119 0.71112525 0
vt 0.42095363 0.340257 0
vt 0.42496 0.78869087 0
vt 0.41286507 0.22630668 0
vt 0.50132143 0.7111242 0
vt 0.38914052 0.9135436 0
vt 0.5823228 0.8604151 0
vt 0.42251754 0.35574794 0
vt 0.5007129 0.86041874 0
vt 0.58230907 0.7111258 0
vt 0.4116921 0.21099925 0
vt 0.5001213 0.7111243 0
vt 0.3920349 0.8978576 0
vt 0.41979647 0.34001464 0
vt 0.42377695 0.78869116 0
vt 0.41175348 0.22670525 0
vt 0.42138085 0.35541368 0
vt 0.49951226 0.8603891 0
vt 0.4285801 0.77395326 0
vt 0.5835095 0.71112645 0
vt 0.38770232 0.91251534 0
vt 0.41060823 0.21147442 0
vt 0.42739734 0.7740352 0
vt 0.41006657 0.21171194 0
vt 0.3910316 0.89724046 0
vt 0.3910316 0.89724046 0
vt 0.4186394 0.33977234 0
vt 0.4225941 0.7886914 0
vt 0.4225941 0.7886914 0
vt 0.41064185 0.22710371 0
vt 0.38674423 0.91183037 0
vt 0.41967335 0.35493147 0
vt 0.42680576 0.77407634 0
vt 0.40952462 0.21194959 0
vt 0.42562416 0.77415836 0
vt 0.38530943 0.91080475 0
vt 0.41796803 0.35444993 0
vt 0.4079036 0.21266013 0
vt 0.5763571 0.8753431 0
vt 0.5066906 0.8753456 0
vt 0.5763519 0.6961938 0
vt 0.50668097 0.6961945 0
vt 0.5769503 0.87534326 0
vt 0.50609845 0.87534595 0
vt 0.5769463 0.69619405 0
vt 0.5060878 0.6961949 0
vt 0.50549453 0.69619524 0
vt 0.5781353 0.6961944 0
vt 0.50490105 0.6961956 0
vt 0.38483098 0.91046274 0
vt 0.41739914 0.3542893 0
vt 0.42444313 0.77424026 0
vt 0.5787312 0.8753435 0
vt 0.5043184 0.8753466 0
vt 0.5031294 0.8753472 0
vt 0.5799201 0.69619495 0
vt 0.50311774 0.69619656 0
vt 0.40682244 0.21313423 0
vt 0.580516 0.8753439 0
vt 0.5025348 0.8753476 0
vt 0.58111215 0.87534404 0
vt 0.5811141 0.69619536 0
vt 0.50192505 0.69619733 0
vt 0.38387415 0.90977883 0
vt 0.4232624 0.77432215 0
vt 0.50134236 0.8753481 0
vt 0.58171314 0.69619566 0
vt 0.41569492 0.35380805 0
vt 0.37942415 0.92485386 0
vt 0.58290553 0.8753444 0
vt 0.4275857 0.75921 0
vt 0.58291256 0.6961961 0
vt 0.40510833 0.19770634 0
vt 0.50013 0.69619846 0
vt 0.38291746 0.909095 0
vt 0.38291746 0.909095 0
vt 0.41512603 0.35364747 0
vt 0.42208174 0.7744039 0
vt 0.42208174 0.7744039 0
vt 0.4052025 0.21384448 0
vt 0.4167557 0.36943954 0
vt 0.49954647 0.8753488 0
vt 0.40406075 0.19825518 0
vt 0.37806195 0.9237295 0
vt 0.42582643 0.7594546 0
vt 0.41508618 0.3688414 0
vt 0.42465448 0.75961757 0
vt 0.40249324 0.19907618 0
vt 0.37670195 0.92260706 0
vt 0.41397336 0.36844277 0
vt 0.4019705 0.19934994 0
vt 0.42348313 0.7597803 0
vt 0.40092576 0.19989723 0
vt 0.37534302 0.92148536 0
vt 0.4123067 0.3678456 0
vt 0.42231217 0.75994295 0
vt 0.57635885 0.8902718 0
vt 0.5066889 0.8902744 0
vt 0.57635415 0.6812629 0
vt 0.50667715 0.6812637 0
vt 0.57694966 0.68126285 0
vt 0.50549936 0.8902737 0
vt 0.5775451 0.68126285 0
vt 0.50548595 0.6812639 0
vt 0.5781408 0.8902714 0
vt 0.50490415 0.8902732 0
vt 0.3998812 0.2004444 0
vt 0.5787356 0.68126285 0
vt 0.5042936 0.6812643 0
vt 0.50371337 0.89027256 0
vt 0.57992595 0.89027095 0
vt 0.5799276 0.68126297 0
vt 0.5030995 0.68126476 0
vt 0.41119483 0.36744708 0
vt 0.580523 0.8902707 0
vt 0.5025207 0.89027184 0
vt 0.5805245 0.6812631 0
vt 0.50250036 0.681265 0
vt 0.5811222 0.6812631 0
vt 0.37398434 0.92036396 0
vt 0.37398434 0.92036396 0
vt 0.41063857 0.36724776 0
vt 0.42055732 0.7601866 0
vt 0.42055732 0.7601866 0
vt 0.39883676 0.20099151 0
vt 0.50132495 0.89027107 0
vt 0.50130254 0.6812655 0
vt 0.36981136 0.93625104 0
vt 0.5823164 0.8902701 0
vt 0.42555815 0.74453104 0
vt 0.5823196 0.6812632 0
vt 0.3980996 0.18459445 0
vt 0.5007006 0.6812658 0
vt 0.3693837 0.935845 0
vt 0.41169113 0.3833549 0
vt 0.5001254 0.89027023 0
vt 0.4243969 0.7447743 0
vt 0.39709315 0.18521357 0
vt 0.41060704 0.38287938 0
vt 0.36810455 0.9346304 0
vt 0.42323706 0.7450173 0
vt 0.4095242 0.3824042 0
vt 0.42265728 0.74513876 0
vt 0.39558738 0.18613976 0
vt 0.3672522 0.93382096 0
vt 0.40844232 0.38192952 0
vt 0.42149898 0.7453816 0
vt 0.39458403 0.1867572 0
vt 0.39408246 0.18706572 0
vt 0.36597574 0.9326087 0
vt 0.4073609 0.38145512 0
vt 0.36554974 0.93220407 0
vt 0.41976437 0.7457452 0
vt 0.39307946 0.1876828 0
vt 0.40627968 0.38098085 0
vt 0.576361 0.9052012 0
vt 0.5066886 0.90520513 0
vt 0.576355 0.6663315 0
vt 0.50667804 0.6663319 0
vt 0.57694924 0.66633165 0
vt 0.5775494 0.90520096 0
vt 0.5775437 0.66633177 0
vt 0.50548965 0.6663315 0
vt 0.36427402 0.93099207 0
vt 0.36427402 0.93099207 0
vt 0.40519845 0.38050663 0
vt 0.4180302 0.7461088 0
vt 0.4180302 0.7461088 0
vt 0.3915764 0.18860751 0
vt 0.504906 0.9052054 0
vt 0.5781382 0.6663318 0
vt 0.50489527 0.66633105 0
vt 0.57873863 0.90520066 0
vt 0.50430995 0.90520567 0
vt 0.57933336 0.90520054 0
vt 0.57932764 0.66633177 0
vt 0.50370526 0.6663306 0
vt 0.58052444 0.90520024 0
vt 0.5025227 0.90520614 0
vt 0.5805193 0.66633177 0
vt 0.50251323 0.66633004 0
vt 0.5013256 0.9052067 0
vt 0.4224829 0.72998303 0
vt 0.58171463 0.6663318 0
vt 0.5013186 0.6663293 0
vt 0.35898888 0.9465631 0
vt 0.5823167 0.9051997 0
vt 0.4056226 0.39691478 0
vt 0.5007258 0.90520686 0
vt 0.42134058 0.7303062 0
vt 0.38920897 0.17263752 0
vt 0.50011986 0.6663286 0
vt 0.35819405 0.9456941 0
vt 0.40405247 0.3960926 0
vt 0.42019987 0.73062885 0
vt 0.38824883 0.17332429 0
vt 0.35740057 0.9448264 0
vt 0.38776866 0.17366767 0
vt 0.40300694 0.39554518 0
vt 0.41906077 0.7309512 0
vt 0.35660753 0.94395936 0
vt 0.41849115 0.73111236 0
vt 0.38680965 0.17435348 0
vt 0.4019621 0.394998 0
vt 0.35581505 0.94309294 0
vt 0.41735327 0.7314344 0
vt 0.38585144 0.175039 0
vt 0.3554186 0.94265926 0
vt 0.3853719 0.17538208 0
vt 0.40039688 0.39417833 0
vt 0.41621563 0.7317563 0
vt 0.3546264 0.9417932 0
vt 0.3839368 0.17640847 0
vt 0.3538344 0.94092715 0
vt 0.3538344 0.94092715 0
vt 0.3988319 0.39335895 0
vt 0.41451132 0.7322386 0
vt 0.41451132 0.7322386 0
vt 0.38345745 0.17675143 0
vt 0.57636374 0.9201315 0
vt 0.5066895 0.92013574 0
vt 0.57635653 0.6513994 0
vt 0.5066777 0.6514012 0
vt 0.5060839 0.6514015 0
vt 0.5781458 0.92013115 0
vt 0.5049086 0.9201359 0
vt 0.5048956 0.6514019 0
vt 0.50431436 0.92013603 0
vt 0.57873154 0.6513996 0
vt 0.5043011 0.65140224 0
vt 0.57932866 0.6513996 0
vt 0.5037061 0.6514025 0
vt 0.5799311 0.92013085 0
vt 0.5031244 0.9201362 0
vt 0.57992566 0.6513996 0
vt 0.41891918 0.71543217 0
vt 0.5805234 0.6513997 0
vt 0.5811261 0.9201305 0
vt 0.4183629 0.7156437 0
vt 0.58112234 0.65140986 0
vt 0.5019178 0.6514035 0
vt 0.34781507 0.9565425 0
vt 0.58172596 0.9201303 0
vt 0.5013348 0.9201365 0
vt 0.3981041 0.40976268 0
vt 0.5007357 0.92013663 0
vt 0.4172449 0.716046 0
vt 0.5007205 0.6514042 0
vt 0.37995806 0.16098619 0
vt 0.50011986 0.6514046 0
vt 0.34671983 0.95516264 0
vt 0.39709604 0.4091426 0
vt 0.41557413 0.7166469 0
vt 0.39608976 0.4085235 0
vt 0.3785968 0.16211122 0
vt 0.34562716 0.953786 0
vt 0.41446128 0.7170471 0
vt 0.37814304 0.1624862 0
vt 0.39508456 0.40790498 0
vt 0.41390496 0.71724737 0
vt 0.34489894 0.95286876 0
vt 0.3772363 0.16323555 0
vt 0.34453508 0.95241046 0
vt 0.37678298 0.16361028 0
vt 0.39357978 0.40697902 0
vt 0.4122394 0.7178461 0
vt 0.39307743 0.40666986 0
vt 0.3758767 0.1643591 0
vt 0.34344393 0.95103616 0
vt 0.41112843 0.7182455 0
vt 0.37542343 0.16473371 0
vt 0.39207357 0.40605217 0
vt 0.342716 0.95011955 0
vt 0.342716 0.95011955 0
vt 0.39157122 0.405743 0
vt 0.41001746 0.718645 0
vt 0.41001746 0.718645 0
vt 0.37451738 0.16548252 0
vt 0.5763663 0.9350626 0
vt 0.50668794 0.93506634 0
vt 0.5763564 0.6364666 0
vt 0.5066751 0.6364696 0
vt 0.576951 0.6364665 0
vt 0.5775542 0.9350618 0
vt 0.5054999 0.9350654 0
vt 0.50548404 0.6364697 0
vt 0.50488704 0.6364697 0
vt 0.50431114 0.9350643 0
vt 0.5787337 0.63646674 0
vt 0.5042896 0.6364697 0
vt 0.57933676 0.9350609 0
vt 0.5037161 0.9350636 0
vt 0.5799322 0.9350605 0
vt 0.4137592 0.7013628 0
vt 0.5799252 0.6364668 0
vt 0.5030963 0.6364697 0
vt 0.50252473 0.93506265 0
vt 0.5024974 0.6364698 0
vt 0.33593175 0.9657864 0
vt 0.5811248 0.9350599 0
vt 0.50189906 0.63646996 0
vt 0.39015347 0.42239958 0
vt 0.50133115 0.93506175 0
vt 0.41213098 0.70207715 0
vt 0.33528152 0.96480685 0
vt 0.58232105 0.9350365 0
vt 0.37033832 0.14958698 0
vt 0.50070137 0.6364697 0
vt 0.41104805 0.70255226 0
vt 0.334617 0.963838 0
vt 0.3887141 0.42136824 0
vt 0.36948502 0.15039909 0
vt 0.38823473 0.42102468 0
vt 0.4099666 0.7030269 0
vt 0.36905897 0.15080458 0
vt 0.36863318 0.15120983 0
vt 0.3336226 0.96238834 0
vt 0.38727683 0.42033845 0
vt 0.40888625 0.7035009 0
vt 0.40834683 0.7037377 0
vt 0.36778122 0.15202057 0
vt 0.33295965 0.96142185 0
vt 0.38631958 0.4196527 0
vt 0.36735523 0.152426 0
vt 0.3858408 0.41930956 0
vt 0.40672883 0.7044476 0
vt 0.36650375 0.15323597 0
vt 0.33196703 0.9599746 0
vt 0.38440692 0.4182827 0
vt 0.36565256 0.15404564 0
vt 0.4051114 0.70515746 0
vt 0.3309748 0.9585277 0
vt 0.3309748 0.9585277 0
vt 0.3834502 0.41759747 0
vt 0.40457234 0.705394 0
vt 0.40457234 0.705394 0
vt 0.36480132 0.15485531 0
vt 0.576301 0.16666675 0
vt 0.57637095 0.9499957 0
vt 0.506139 0.16667199 0
vt 0.50668466 0.95 0
vt 0.5763566 0.6215339 0
vt 0.5066766 0.6215383 0
vt 0.5769047 0.16666663 0
vt 0.5769694 0.9499953 0
vt 0.5769514 0.6215339 0
vt 0.50608414 0.6215377 0
vt 0.50493866 0.16667461 0
vt 0.5054917 0.9499975 0
vt 0.57814056 0.62153375 0
vt 0.5048972 0.6215373 0
vt 0.5787039 0.16667747 0
vt 0.5787548 0.949984 0
vt 0.5037386 0.16668326 0
vt 0.5042986 0.9499889 0
vt 0.50430405 0.62153685 0
vt 0.5793065 0.1666838 0
vt 0.57935196 0.9499775 0
vt 0.57933086 0.6215338 0
vt 0.5025385 0.16669774 0
vt 0.5031053 0.9499744 0
vt 0.40711662 0.6879121 0
vt 0.579927 0.6215339 0
vt 0.5025199 0.621536 0
vt 0.32312346 0.97367185 0
vt 0.5811062 0.1667118 0
vt 0.5811378 0.9499496 0
vt 0.38130814 0.43447888 0
vt 0.5013385 0.16671735 0
vt 0.501912 0.9499545 0
vt 0.40605316 0.68844235 0
vt 0.58111864 0.6215141 0
vt 0.32251385 0.9726673 0
vt 0.5823077 0.16673654 0
vt 0.359499 0.13929832 0
vt 0.5007285 0.621535 0
vt 0.37994453 0.4333529 0
vt 0.40447876 0.6892656 0
vt 0.35910124 0.13973302 0
vt 0.3587039 0.14016747 0
vt 0.32162446 0.9711511 0
vt 0.3790369 0.4326033 0
vt 0.40343145 0.6898136 0
vt 0.32132798 0.97064584 0
vt 0.40290794 0.6900873 0
vt 0.37767813 0.43148106 0
vt 0.40186214 0.6906345 0
vt 0.35712177 0.14189744 0
vt 0.32044035 0.9691331 0
vt 0.3201443 0.96862835 0
vt 0.37677258 0.43073326 0
vt 0.400817 0.6911812 0
vt 0.40029413 0.69145465 0
vt 0.3195525 0.96761966 0
vt 0.35554188 0.14362484 0
vt 0.37541533 0.42961228 0
vt 0.3992494 0.6920013 0
vt 0.31866574 0.9661083 0
vt 0.31866574 0.9661083 0
vt 0.37451008 0.42886466 0
vt 0.39820483 0.692548 0
vt 0.39820483 0.692548 0
vt 0.35435584 0.14492172 0
vt 0.57629704 0.18161607 0
vt 0.5061435 0.18162072 0
vt 0.5763563 0.6066005 0
vt 0.5066731 0.60660785 0
vt 0.5774934 0.18161744 0
vt 0.50434947 0.18162179 0
vt 0.5781387 0.6066006 0
vt 0.5048924 0.6066108 0
vt 0.5787342 0.60660064 0
vt 0.6576832 0.3895833 0
vt 0.50429845 0.60661185 0
vt 0.57928854 0.18161923 0
vt 0.5031511 0.1816225 0
vt 0.5031086 0.6066133 0
vt 0.580489 0.18162048 0
vt 0.50195074 0.18162316 0
vt 0.37121105 0.44555426 0
vt 0.50134844 0.18162352 0
vt 0.39848107 0.6755277 0
vt 0.58111197 0.6066321 0
vt 0.65527713 0.3896876 0
vt 0.50191677 0.6066147 0
vt 0.30948666 0.9801535 0
vt 0.5816923 0.18162161 0
vt 0.39797556 0.6758388 0
vt 0.3974708 0.6761497 0
vt 0.34797764 0.12974924 0
vt 0.5007224 0.60661614 0
vt 0.30896533 0.9791032 0
vt 0.3699105 0.44435465 0
vt 0.49954298 0.18166137 0
vt 0.34761137 0.1302107 0
vt 0.39646393 0.67677003 0
vt 0.3472455 0.1306718 0
vt 0.36905566 0.44354218 0
vt 0.3468799 0.13113236 0
vt 0.3081855 0.97753185 0
vt 0.3949575 0.67769784 0
vt 0.34615 0.132052 0
vt 0.30766606 0.97648513 0
vt 0.3677769 0.44232684 0
vt 0.39395338 0.678316 0
vt 0.34542072 0.13297129 0
vt 0.30714682 0.9754387 0
vt 0.3669243 0.44151634 0
vt 0.39345104 0.6786252 0
vt 0.34469154 0.13389009 0
vt 0.3066277 0.97439265 0
vt 0.3924476 0.679243 0
vt 0.34432665 0.13435006 0
vt 0.36564767 0.44030267 0
vt 0.39144436 0.6798608 0
vt 0.34359777 0.13526893 0
vt 0.30584988 0.9728249 0
vt 0.30584988 0.9728249 0
vt 0.36479563 0.43949276 0
vt 0.39094222 0.6801699 0
vt 0.39094222 0.6801699 0
vt 0.3432329 0.13572878 0
vt 0.5762943 0.1965614 0
vt 0.5061477 0.19656724 0
vt 0.5763557 0.59166664 0
vt 0.6605724 0.40461105 0
vt 0.5066662 0.5916736 0
vt 0.7307508 0.40466005 0
vt 0.5768912 0.1965614 0
vt 0.5769514 0.5916672 0
vt 0.6599677 0.4046105 0
vt 0.5049512 0.1965679 0
vt 0.57754713 0.5916693 0
vt 0.659363 0.40461183 0
vt 0.505472 0.5916763 0
vt 0.7319528 0.40466368 0
vt 0.5781424 0.5916729 0
vt 0.6587581 0.40461487 0
vt 0.578684 0.19656152 0
vt 0.5787377 0.59167784 0
vt 0.65815324 0.4046198 0
vt 0.50315577 0.19656855 0
vt 0.503685 0.5916941 0
vt 0.733752 0.40468085 0
vt 0.57988167 0.19656157 0
vt 0.5025556 0.19656903 0
vt 0.6569481 0.40463877 0
vt 0.5024908 0.59171164 0
vt 0.73495334 0.40469956 0
vt 0.58108133 0.19656157 0
vt 0.5013535 0.19656968 0
vt 0.39000764 0.6631955 0
vt 0.6557428 0.40465802 0
vt 0.5018917 0.5917225 0
vt 0.7355552 0.4047109 0
vt 0.33611673 0.12055373 0
vt 0.50129336 0.59173465 0
vt 0.7361561 0.40472347 0
vt 0.35949636 0.45505577 0
vt 0.5001478 0.1965704 0
vt 0.38903648 0.6638708 0
vt 0.65453833 0.4046855 0
vt 0.3357846 0.12103951 0
vt 0.29525527 0.98513556 0
vt 0.5828865 0.19656157 0
vt 0.3351214 0.12200934 0
vt 0.2948101 0.98405164 0
vt 0.35830685 0.45375478 0
vt 0.3347899 0.12249392 0
vt 0.38712177 0.6652409 0
vt 0.3344586 0.12297827 0
vt 0.2943654 0.98296875 0
vt 0.3575144 0.45288813 0
vt 0.38664344 0.66558343 0
vt 0.33412737 0.12346262 0
vt 0.3861649 0.665926 0
vt 0.3567227 0.45202214 0
vt 0.38568652 0.66626847 0
vt 0.2936999 0.98134845 0
vt 0.35593134 0.4511565 0
vt 0.33280748 0.1253916 0
vt 0.29325587 0.98026764 0
vt 0.38425282 0.66729474 0
vt 0.33214626 0.12635773 0
vt 0.2928119 0.979187 0
vt 0.3547455 0.4498592 0
vt 0.29258963 0.978646 0
vt 0.29258963 0.978646 0
vt 0.35434988 0.4494264 0
vt 0.38281956 0.6683208 0
vt 0.38281956 0.6683208 0
vt 0.33148512 0.12732375 0
vt 0.5762958 0.21150571 0
vt 0.5061513 0.21151197 0
vt 0.66056734 0.41955286 0
vt 0.73073506 0.4196015 0
vt 0.5768947 0.21150559 0
vt 0.5055534 0.21151209 0
vt 0.65997154 0.41955352 0
vt 0.7313312 0.4196027 0
vt 0.6593759 0.4195543 0
vt 0.57809216 0.21150535 0
vt 0.50435716 0.21151227 0
vt 0.7325261 0.41960418 0
vt 0.57869095 0.21150523 0
vt 0.65818113 0.4195553 0
vt 0.73312306 0.4196052 0
vt 0.5031598 0.21151245 0
vt 0.6575846 0.41955614 0
vt 0.65698767 0.41955703 0
vt 0.58048975 0.21150488 0
vt 0.5019603 0.21151274 0
vt 0.65639013 0.4195575 0
vt 0.73491913 0.4196071 0
vt 0.50136024 0.2115128 0
vt 0.65579206 0.41955817 0
vt 0.3233105 0.11268777 0
vt 0.7361211 0.4196084 0
vt 0.28132647 0.99073875 0
vt 0.582296 0.21150458 0
vt 0.3476041 0.4641345 0
vt 0.4995542 0.21151322 0
vt 0.37932587 0.6525535 0
vt 0.65399003 0.41955912 0
vt 0.3788701 0.65293014 0
vt 0.32242125 0.11420429 0
vt 0.2807767 0.98907435 0
vt 0.3468729 0.46321326 0
vt 0.3784142 0.6533071 0
vt 0.3221253 0.11470896 0
vt 0.37795866 0.65368366 0
vt 0.3218295 0.115213275 0
vt 0.34614268 0.46229327 0
vt 0.28022787 0.9874129 0
vt 0.32123813 0.116221964 0
vt 0.34541312 0.46137404 0
vt 0.37659827 0.6548082 0
vt 0.32094282 0.116725504 0
vt 0.34504813 0.4609142 0
vt 0.27967963 0.9857532 0
vt 0.37569097 0.65555847 0
vt 0.27949673 0.9851997 0
vt 0.34431896 0.4599955 0
vt 0.3752366 0.6559342 0
vt 0.3197624 0.118738115 0
vt 0.27894855 0.9835405 0
vt 0.27894855 0.9835405 0
vt 0.34322688 0.45861918 0
vt 0.3738779 0.6570576 0
vt 0.3738779 0.6570576 0
vt 0.31917113 0.11974615 0
vt 0.57629704 0.22645032 0
vt 0.50615287 0.2264561 0
vt 0.660556 0.43449134 0
vt 0.7307248 0.4345404 0
vt 0.731324 0.43454057 0
vt 0.57749254 0.22644961 0
vt 0.5049563 0.22645605 0
vt 0.7319234 0.43454075 0
vt 0.6587609 0.43448967 0
vt 0.73252285 0.43454093 0
vt 0.5037589 0.22645593 0
vt 0.7331226 0.43454105 0
vt 0.5792868 0.22644877 0
vt 0.65756106 0.4344883 0
vt 0.73372287 0.43454117 0
vt 0.5798857 0.22644842 0
vt 0.65695965 0.43448746 0
vt 0.73432285 0.43454134 0
vt 0.5019605 0.22645593 0
vt 0.6563579 0.4344865 0
vt 0.73492354 0.43454152 0
vt 0.5810858 0.22644764 0
vt 0.65515316 0.43448484 0
vt 0.73612696 0.43454182 0
vt 0.33578318 0.4733119 0
vt 0.5001548 0.22645593 0
vt 0.36968374 0.6411774 0
vt 0.65454906 0.43448406 0
vt 0.30972782 0.1062212 0
vt 0.7367303 0.43454194 0
vt 0.2667153 0.9942754 0
vt 0.58289135 0.22644651 0
vt 0.30946684 0.10674721 0
vt 0.33511958 0.4723425 0
vt 0.3092061 0.10727304 0
vt 0.26642781 0.9931411 0
vt 0.33478805 0.47185808 0
vt 0.368406 0.6423941 0
vt 0.3089451 0.10779923 0
vt 0.30868423 0.108325005 0
vt 0.33412552 0.47089034 0
vt 0.30842355 0.10885054 0
vt 0.2659976 0.9914443 0
vt 0.36713082 0.64360785 0
vt 0.33346346 0.46992332 0
vt 0.2657107 0.99031276 0
vt 0.36628103 0.6444168 0
vt 0.3328018 0.46895683 0
vt 0.36585644 0.6448213 0
vt 0.3071301 0.111459434 0
vt 0.26528105 0.98861825 0
vt 0.33214024 0.46799064 0
vt 0.3068701 0.111983776 0
vt 0.36458254 0.6460335 0
vt 0.26499438 0.9874874 0
vt 0.26499438 0.9874874 0
vt 0.33147874 0.4670244 0
vt 0.36415794 0.6464379 0
vt 0.36415794 0.6464379 0
vt 0.30635092 0.11303121 0
vt 0.57630116 0.24139619 0
vt 0.5061535 0.2414009 0
vt 0.66054547 0.44943082 0
vt 0.73071414 0.44948018 0
vt 0.57690233 0.24139583 0
vt 0.6599479 0.4494303 0
vt 0.73131305 0.44948035 0
vt 0.50495696 0.2414006 0
vt 0.6593501 0.44942975 0
vt 0.731912 0.44948053 0
vt 0.57810193 0.24139541 0
vt 0.73251086 0.44948077 0
vt 0.73310995 0.44948107 0
vt 0.50316155 0.24140054 0
vt 0.6575545 0.44942808 0
vt 0.73370945 0.4494813 0
vt 0.5799018 0.24139482 0
vt 0.7343095 0.44948155 0
vt 0.5805057 0.24139452 0
vt 0.5019616 0.24140048 0
vt 0.656354 0.44942695 0
vt 0.73491025 0.4494818 0
vt 0.6557528 0.44942635 0
vt 0.25223532 0.9984907 0
vt 0.5817118 0.24139398 0
vt 0.73611414 0.44948232 0
vt 0.3230105 0.48116553 0
vt 0.5001568 0.24140024 0
vt 0.35886177 0.6308758 0
vt 0.6545471 0.4494251 0
vt 0.29596817 0.10018027 0
vt 0.73671776 0.4494825 0
vt 0.3584643 0.6313106 0
vt 0.25192583 0.99676657 0
vt 0.32241717 0.4801528 0
vt 0.35806656 0.6317456 0
vt 0.29552352 0.10126501 0
vt 0.25182286 0.99619263 0
vt 0.35766917 0.63218033 0
vt 0.29530138 0.10180712 0
vt 0.29507935 0.102348804 0
vt 0.3215296 0.47863793 0
vt 0.3568761 0.63304794 0
vt 0.2948574 0.10289037 0
vt 0.2515141 0.99447304 0
vt 0.29463553 0.10343152 0
vt 0.2514113 0.9939001 0
vt 0.32093805 0.4776284 0
vt 0.35568914 0.6343466 0
vt 0.29419217 0.10451287 0
vt 0.32034665 0.4766193 0
vt 0.2511029 0.99218225 0
vt 0.29374912 0.10559428 0
vt 0.31975538 0.47561044 0
vt 0.35450286 0.63564444 0
vt 0.25079468 0.9904646 0
vt 0.25079468 0.9904646 0
vt 0.3191641 0.47460163 0
vt 0.35371128 0.6365105 0
vt 0.35371128 0.6365105 0
vt 0.29308522 0.10721403 0
vt 0.5763 0.25634313 0
vt 0.50615317 0.25634634 0
vt 0.66053283 0.46437073 0
vt 0.7307035 0.46442062 0
vt 0.73130333 0.46442103 0
vt 0.65933406 0.46436983 0
vt 0.57809454 0.25634408 0
vt 0.50435805 0.25634646 0
vt 0.6587334 0.4643693 0
vt 0.50375795 0.25634646 0
vt 0.6581324 0.46436888 0
vt 0.7331001 0.46442252 0
vt 0.5792935 0.25634497 0
vt 0.73370165 0.464423 0
vt 0.65693146 0.46436787 0
vt 0.7343039 0.46442348 0
vt 0.58049417 0.25634563 0
vt 0.5019585 0.25634652 0
vt 0.6563291 0.4643674 0
vt 0.73490673 0.46442395 0
vt 0.5013556 0.25634652 0
vt 0.6557259 0.46436703 0
vt 0.73551035 0.4644245 0
vt 0.65512186 0.4643665 0
vt 0.28200036 0.094570994 0
vt 0.7361144 0.46442485 0
vt 0.23723087 1 0
vt 0.58230007 0.256347 0
vt 0.30971542 0.48812342 0
vt 0.5001496 0.25634652 0
vt 0.3473199 0.62135375 0
vt 0.65451735 0.46436614 0
vt 0.23710561 0.9988378 0
vt 0.3091951 0.48707283 0
vt 0.34658965 0.6222749 0
vt 0.28145036 0.09623641 0
vt 0.346225 0.6227349 0
vt 0.28126734 0.09679049 0
vt 0.23698054 0.9976771 0
vt 0.3458605 0.6231945 0
vt 0.23691802 0.997097 0
vt 0.30841655 0.48550087 0
vt 0.28090155 0.09789866 0
vt 0.34513173 0.6241137 0
vt 0.23679315 0.9959376 0
vt 0.3076389 0.48393095 0
vt 0.28035378 0.09955847 0
vt 0.23666836 0.99477875 0
vt 0.34404063 0.62549 0
vt 0.3071203 0.4828838 0
vt 0.27998832 0.10066497 0
vt 0.23654369 0.9936201 0
vt 0.34294993 0.626866 0
vt 0.2796229 0.101771355 0
vt 0.2364191 0.99246156 0
vt 0.2364191 0.99246156 0
vt 0.3063432 0.48131484 0
vt 0.34258583 0.6273252 0
vt 0.34258583 0.6273252 0
vt 0.27944025 0.10232419 0
vt 0.28864864 0.29211152 0
vt 0.7523 0.8191712 0
vt 0.28541288 0.8087411 0
vt 0.8600377 0.20033765 0
vt 0.28382596 0.813557 0
vt 0.8604651 0.20635766 0
vt 0.28882802 0.29717296 0
vt 0.7461909 0.81875 0
vt 0.28665474 0.8038279 0
vt 0.85918486 0.19436163 0
vt 0.28811124 0.28707463 0
vt 0.75836444 0.8200116 0
vt 0.28190172 0.8182523 0
vt 0.8604651 0.21239233 0
vt 0.28864843 0.30223447 0
vt 0.74006695 0.81875 0
vt 0.2875456 0.79884136 0
vt 0.8579108 0.18845886 0
vt 0.2872183 0.2820869 0
vt 0.7643546 0.821267 0
vt 0.27964956 0.8228039 0
vt 0.8600376 0.21841234 0
vt 0.2881107 0.30727148 0
vt 0.7339578 0.81917125 0
vt 0.28808096 0.7938055 0
vt 0.8562218 0.1826579 0
vt 0.2859743 0.27717268 0
vt 0.7702414 0.8229314 0
vt 0.2770805 0.82718974 0
vt 0.85918486 0.22438836 0
vt 0.2872175 0.31225926 0
vt 0.7278934 0.8200116 0
vt 0.28825828 0.78874516 0
vt 0.854126 0.17698717 0
vt 0.28438517 0.27235585 0
vt 0.7759961 0.8249967 0
vt 0.27420682 0.8313886 0
vt 0.8579108 0.23029113 0
vt 0.2859732 0.3171736 0
vt 0.72190326 0.821267 0
vt 0.28807676 0.7836851 0
vt 0.8516336 0.17147416 0
vt 0.28245863 0.26765978 0
vt 0.78159064 0.8274527 0
vt 0.2710427 0.83537984 0
vt 0.85622174 0.23609209 0
vt 0.28438386 0.3219903 0
vt 0.7160164 0.82293147 0
vt 0.28753722 0.7786502 0
vt 0.8487568 0.1661458 0
vt 0.28020418 0.26310754 0
vt 0.78699785 0.8302876 0
vt 0.57629806 0.27128774 0
vt 0.5061547 0.27129173 0
vt 0.660523 0.47931075 0
vt 0.7306906 0.4793607 0
vt 0.5768958 0.27128816 0
vt 0.6599241 0.4793107 0
vt 0.7312895 0.47936141 0
vt 0.50495815 0.2712921 0
vt 0.73188806 0.47936213 0
vt 0.50435954 0.27129227 0
vt 0.65872663 0.47931027 0
vt 0.73248684 0.47936285 0
vt 0.5786894 0.2712885 0
vt 0.658127 0.47931015 0
vt 0.6575272 0.47931004 0
vt 0.73368514 0.47936422 0
vt 0.5798881 0.27128887 0
vt 0.50256306 0.27129257 0
vt 0.65692693 0.47930986 0
vt 0.7342842 0.479365 0
vt 0.65632594 0.47930974 0
vt 0.7348839 0.47936583 0
vt 0.5810888 0.2712893 0
vt 0.50136125 0.27129298 0
vt 0.65572536 0.47930968 0
vt 0.7354844 0.47936666 0
vt 0.58168936 0.27128953 0
vt 0.5007585 0.27129316 0
vt 0.655124 0.47930962 0
vt 0.7366889 0.4793684 0
vt 0.29574004 0.4936142 0
vt 0.49955177 0.27129334 0
vt 0.3348067 0.61312664 0
vt 0.6539174 0.47930968 0
vt 0.26720563 0.09158462 0
vt 0.73729306 0.47936922 0
vt 0.2221661 0.99987364 0
vt 0.583498 0.27129012 0
vt 0.33447468 0.61361164 0
vt 0.26706165 0.0921523 0
vt 0.2669176 0.09272009 0
vt 0.22212426 0.9987064 0
vt 0.2950735 0.49199158 0
vt 0.26677364 0.09328759 0
vt 0.33348185 0.61506176 0
vt 0.33315074 0.6155454 0
vt 0.26648626 0.09442073 0
vt 0.22206159 0.9969596 0
vt 0.2944082 0.49037153 0
vt 0.33281976 0.616029 0
vt 0.26760393 0.8391436 0
vt 0.854126 0.24176288 0
vt 0.28245714 0.32668632 0
vt 0.7102617 0.8249967 0
vt 0.28664222 0.7736642 0
vt 0.8455095 0.16102815 0
vt 0.2776328 0.2587213 0
vt 0.79219127 0.8334874 0
vt 0.75122106 0.8292932 0
vt 0.9302325 0.19374996 0
vt 0.8497659 0.20140082 0
vt 1 0.1937499 0
vt 0.22201973 0.99579483 0
vt 0.29396468 0.48929137 0
vt 0.33215848 0.6169952 0
vt 0.26605645 0.09611696 0
vt 0.850143 0.2067126 0
vt 1 0.18920451 0
vt 0.7458307 0.82892156 0
vt 0.9302325 0.18920457 0
vt 0.8490133 0.19612789 0
vt 1 0.19829535 0
vt 0.75657207 0.83003473 0
vt 0.9302325 0.19829541 0
vt 0.33182773 0.61747867 0
vt 0.2219779 0.9946303 0
vt 0.29352134 0.4882114 0
vt 0.26576945 0.09724867 0
vt 0.850143 0.21203738 0
vt 1 0.184659 0
vt 0.74042714 0.82892156 0
vt 0.9302325 0.18465906 0
vt 0.84788924 0.19091958 0
vt 1 0.2028408 0
vt 0.76185745 0.8311425 0
vt 0.9302325 0.20284086 0
vt 0.22193603 0.9934658 0
vt 0.22193603 0.9934658 0
vt 0.29307812 0.48713148 0
vt 0.33083698 0.6189263 0
vt 0.33083698 0.6189263 0
vt 0.26548254 0.09838021 0
vt 0.84976584 0.21734911 0
vt 1 0.18011355 0
vt 0.7350368 0.82929325 0
vt 0.9302325 0.18011361 0
vt 0.8463989 0.18580109 0
vt 1 0.20738631 0
vt 0.7670517 0.8326111 0
vt 0.9302325 0.20738637 0
vt 0.8490133 0.2226221 0
vt 1 0.1755681 0
vt 0.7296858 0.83003473 0
vt 0.9302325 0.17556816 0
vt 0.84454966 0.18079746 0
vt 1 0.21193177 0
vt 0.77212936 0.8344333 0
vt 0.9302325 0.21193182 0
vt 0.2639067 0.8426622 0
vt 0.8516336 0.24727583 0
vt 0.28020263 0.33123833 0
vt 0.7046672 0.8274528 0
vt 0.28539625 0.76875186 0
vt 0.8419078 0.15614593 0
vt 0.274757 0.25452238 0
vt 0.7971457 0.8370367 0
vt 0.84788924 0.22783041 0
vt 1 0.17102265 0
vt 0.7244004 0.8311425 0
vt 0.9302325 0.17102277 0
vt 0.8423505 0.175933 0
vt 1 0.21647716 0
vt 0.7770658 0.8366004 0
vt 0.9302325 0.21647722 0
vt 0.25996912 0.8459183 0
vt 0.84875673 0.25260413 0
vt 0.2776311 0.3356244 0
vt 0.69926006 0.8302876 0
vt 0.2838053 0.763937 0
vt 0.83796895 0.15152305 0
vt 0.2715909 0.25053138 0
vt 0.801837 0.84091806 0
vt 0.8463989 0.2329489 0
vt 1 0.1664772 0
vt 0.71920615 0.8326111 0
vt 0.9302325 0.16647726 0
vt 0.8398121 0.17123163 0
vt 1 0.2210226 0
vt 0.7818368 0.8391018 0
vt 0.9302325 0.22102267 0
vt 0.84454966 0.23795253 0
vt 1 0.16193175 0
vt 0.7141285 0.8344334 0
vt 0.9302325 0.16193181 0
vt 0.83694696 0.16671598 0
vt 1 0.22556812 0
vt 0.7864193 0.84192514 0
vt 0.9302325 0.22556818 0
vt 0.25581026 0.84889615 0
vt 0.8455095 0.25772184 0
vt 0.27475515 0.33982325 0
vt 0.6940666 0.83348745 0
vt 0.281877 0.7592429 0
vt 0.8337122 0.14718205 0
vt 0.26814976 0.24676746 0
vt 0.8062423 0.8451127 0
vt 0.8423504 0.24281687 0
vt 1 0.1573863 0
vt 0.7091921 0.8366004 0
vt 0.9302325 0.15738636 0
vt 0.83376884 0.16240817 0
vt 1 0.23011357 0
vt 0.79079086 0.8450569 0
vt 0.9302325 0.23011363 0
vt 0.25145078 0.851581 0
vt 0.8419078 0.26260406 0
vt 0.2715886 0.34381443 0
vt 0.6891121 0.8370367 0
vt 0.2796209 0.7546928 0
vt 0.8291585 0.14314407 0
vt 0.26445043 0.24324912 0
vt 0.81034 0.8496001 0
vt 0.8398121 0.24751836 0
vt 1 0.15284091 0
vt 0.70442104 0.8391018 0
vt 0.9302325 0.15284097 0
vt 0.8302935 0.15832913 0
vt 1 0.23465896 0
vt 0.79493016 0.84848166 0
vt 0.9302325 0.23465902 0
vt 0.5762986 0.28623092 0
vt 0.5061558 0.28623664 0
vt 0.66051286 0.49424976 0
vt 0.7306781 0.4942994 0
vt 0.5055571 0.28623652 0
vt 0.65991527 0.49424905 0
vt 0.7312754 0.4942997 0
vt 0.5774936 0.28623033 0
vt 0.6593177 0.49424827 0
vt 0.5043598 0.28623646 0
vt 0.65871984 0.49424756 0
vt 0.5786893 0.2862296 0
vt 0.65812176 0.49424684 0
vt 0.7330689 0.49430084 0
vt 0.5031617 0.28623646 0
vt 0.6575233 0.49424607 0
vt 0.73366797 0.49430108 0
vt 0.6569243 0.4942453 0
vt 0.5804859 0.28622878 0
vt 0.50196165 0.28623646 0
vt 0.7354678 0.49430197 0
vt 0.5007583 0.2862364 0
vt 0.6551225 0.49424326 0
vt 0.73607093 0.49430215 0
vt 0.58229005 0.28622764 0
vt 0.6545188 0.4942425 0
vt 0.73667455 0.4943024 0
vt 0.2816303 0.49868298 0
vt 0.49955127 0.2862363 0
vt 0.32207018 0.60530055 0
vt 0.65391415 0.49424177 0
vt 0.25250864 0.08851582 0
vt 0.73727906 0.49430257 0
vt 0.20719175 0.9998775 0
vt 0.5834994 0.28622663 0
vt 0.28144687 0.4981268 0
vt 0.25240618 0.08909273 0
vt 0.20723279 0.99871063 0
vt 0.2810803 0.4970156 0
vt 0.32118213 0.60681534 0
vt 0.32088625 0.6073202 0
vt 0.2520984 0.09081566 0
vt 0.28071406 0.49590552 0
vt 0.3205906 0.6078248 0
vt 0.20729424 0.9969642 0
vt 0.320295 0.60832924 0
vt 0.25189325 0.091964066 0
vt 0.2803481 0.49479622 0
vt 0.3199994 0.6088337 0
vt 0.20733522 0.9957995 0
vt 0.28016493 0.49424112 0
vt 0.31970376 0.6093381 0
vt 0.25168824 0.09311187 0
vt 0.20735574 0.9952167 0
vt 0.27979907 0.49313217 0
vt 0.31911272 0.6103467 0
vt 0.2514832 0.09425956 0
vt 0.20741701 0.9934719 0
vt 0.20741701 0.9934719 0
vt 0.27943325 0.49202335 0
vt 0.31852174 0.6113552 0
vt 0.31852174 0.6113552 0
vt 0.2512782 0.09540707 0
vt 0.83694696 0.252034 0
vt 1 0.1482954 0
vt 0.6998386 0.8419252 0
vt 0.9302325 0.14829546 0
vt 0.82653755 0.15449888 0
vt 1 0.2392044 0
vt 0.79881716 0.85218275 0
vt 0.9302325 0.23920447 0
vt 0.24691153 0.85396 0
vt 0.83796895 0.26722687 0
vt 0.26814738 0.34757823 0
vt 0.6844209 0.8409181 0
vt 0.2770481 0.7503089 0
vt 0.82432973 0.13942873 0
vt 0.26051092 0.23999351 0
vt 0.81411034 0.8543584 0
vt 0.83376884 0.25634176 0
vt 0.9725158 0.95208323 0
vt 1 0.14374995 0
vt 0.69546705 0.8450569 0
vt 0.9027484 0.95208335 0
vt 0.9302325 0.14375001 0
vt 0.8225195 0.15093595 0
vt 0.5813953 0.029166639 0
vt 1 0.24374992 0
vt 0.8024328 0.8561422 0
vt 0.58139527 0.0979166 0
vt 0.9302325 0.24374998 0
vt 0.24221495 0.8560213 0
vt 0.8337122 0.27156788 0
vt 0.26444784 0.3510964 0
vt 0.6800156 0.84511274 0
vt 0.27417102 0.74611247 0
vt 0.8192496 0.1360541 0
vt 0.25635043 0.2370165 0
vt 0.81753486 0.85936445 0
vt 0.8302934 0.2604208 0
vt 0.9725158 0.9475543 0
vt 0.69132763 0.84848166 0
vt 0.9027484 0.94755435 0
vt 0.8182588 0.14765769 0
vt 0.5767994 0.029166639 0
vt 0.8057596 0.8603407 0
vt 0.5767993 0.0979166 0
vt 0.23738372 0.85775506 0
vt 0.82915837 0.27560592 0
vt 0.2605081 0.35435194 0
vt 0.6759178 0.84960014 0
vt 0.27100366 0.7421238 0
vt 0.81394285 0.13303673 0
vt 0.25198907 0.23433238 0
vt 0.8205969 0.86459386 0
vt 0.82653755 0.2642511 0
vt 0.9725158 0.9430253 0
vt 0.6874407 0.8521828 0
vt 0.9027484 0.94302535 0
vt 0.8137764 0.14468008 0
vt 0.57220334 0.029166639 0
vt 0.8087812 0.86475784 0
vt 0.5722033 0.0979166 0
vt 0.5763031 0.30117548 0
vt 0.50615704 0.3011819 0
vt 0.6605001 0.5091895 0
vt 0.73066896 0.5092384 0
vt 0.5769031 0.30117488 0
vt 0.5055578 0.3011818 0
vt 0.65989965 0.509189 0
vt 0.7312686 0.5092385 0
vt 0.6592991 0.50918853 0
vt 0.73186827 0.5092386 0
vt 0.6586983 0.5091882 0
vt 0.73246783 0.50923866 0
vt 0.5786992 0.30117416 0
vt 0.5037624 0.30118197 0
vt 0.6580971 0.5091877 0
vt 0.7330677 0.5092388 0
vt 0.6574955 0.50918734 0
vt 0.73366797 0.5092388 0
vt 0.57990044 0.3011735 0
vt 0.50256205 0.3011821 0
vt 0.65689325 0.509187 0
vt 0.73426884 0.50923884 0
vt 0.5805025 0.3011731 0
vt 0.6562915 0.5091865 0
vt 0.50135946 0.30118215 0
vt 0.65568894 0.509186 0
vt 0.7354712 0.50923884 0
vt 0.58170664 0.30117244 0
vt 0.6550855 0.50918555 0
vt 0.73607403 0.50923884 0
vt 0.5001533 0.30118233 0
vt 0.654481 0.5091851 0
vt 0.7366778 0.50923884 0
vt 0.19219199 0.99943465 0
vt 0.5829142 0.30117172 0
vt 0.26719087 0.502747 0
vt 0.4995487 0.30118233 0
vt 0.3088142 0.5983571 0
vt 0.6538754 0.5091846 0
vt 0.23764196 0.086468995 0
vt 0.73728263 0.5092388 0
vt 0.30855405 0.59888244 0
vt 0.19231592 0.9982728 0
vt 0.30829415 0.59940743 0
vt 0.2667613 0.50104904 0
vt 0.30803415 0.59993255 0
vt 0.19243962 0.9971124 0
vt 0.26661813 0.5004833 0
vt 0.30777425 0.60045767 0
vt 0.23739417 0.08878589 0
vt 0.2324413 0.85915273 0
vt 0.82432973 0.27932125 0
vt 0.25634742 0.3573289 0
vt 0.6721475 0.85435843 0
vt 0.26756138 0.7383622 0
vt 0.8084352 0.13039136 0
vt 0.24744827 0.23195451 0
vt 0.82328147 0.8700211 0
vt 0.3075144 0.6009825 0
vt 0.2373322 0.08936489 0
vt 0.2372703 0.08994365 0
vt 0.19262479 0.99537504 0
vt 0.26618928 0.49878854 0
vt 0.2372084 0.09052253 0
vt 0.3067372 0.60255265 0
vt 0.23714648 0.09110141 0
vt 0.1927483 0.99421626 0
vt 0.26590326 0.4976583 0
vt 0.8225194 0.26781404 0
vt 0.9725158 0.9384963 0
vt 0.683825 0.8561423 0
vt 0.9027484 0.93849635 0
vt 0.8090939 0.14201778 0
vt 0.56760734 0.029166639 0
vt 0.81148297 0.869372 0
vt 0.5676073 0.0979166 0
vt 0.30621865 0.6036 0
vt 0.2370227 0.09225917 0
vt 0.19293325 0.9924801 0
vt 0.19293325 0.9924801 0
vt 0.2654746 0.49596465 0
vt 0.30570018 0.60464746 0
vt 0.30570018 0.60464746 0
vt 0.23689899 0.09341699 0
vt 0.8182588 0.27109224 0
vt 0.9725158 0.93396735 0
vt 0.6804983 0.8603408 0
vt 0.9027484 0.9339674 0
vt 0.8042343 0.13968354 0
vt 0.5630113 0.029166639 0
vt 0.8138517 0.87416077 0
vt 0.5630112 0.0979166 0
vt 0.227412 0.86020756 0
vt 0.8192495 0.28269577 0
vt 0.25198603 0.36001277 0
vt 0.66872305 0.8593645 0
vt 0.263861 0.7348464 0
vt 0.80275375 0.12813067 0
vt 0.24275 0.22989434 0
vt 0.8255756 0.87561977 0
vt 0.8137763 0.2740698 0
vt 0.9725158 0.92943835 0
vt 0.6774767 0.8647579 0
vt 0.9027484 0.9294384 0
vt 0.79922116 0.13768888 0
vt 0.5584153 0.029166639 0
vt 0.81587595 0.8791008 0
vt 0.55841523 0.0979166 0
vt 0.22232017 0.86091435 0
vt 0.8139428 0.28571314 0
vt 0.24744514 0.36239046 0
vt 0.66566104 0.86459386 0
vt 0.25992063 0.7315933 0
vt 0.79692584 0.12626588 0
vt 0.23791729 0.22816199 0
vt 0.827468 0.8813626 0
vt 0.8090939 0.2767322 0
vt 0.9725158 0.92490935 0
vt 0.6747749 0.869372 0
vt 0.9027484 0.9249094 0
vt 0.794079 0.13604343 0
vt 0.5538193 0.029166639 0
vt 0.8175457 0.884168 0
vt 0.5538192 0.0979166 0
vt 0.21719097 0.86126965 0
vt 0.80843514 0.28835857 0
vt 0.24274695 0.36445034 0
vt 0.66297644 0.87002116 0
vt 0.25575957 0.72861886 0
vt 0.7909801 0.12480593 0
vt 0.23297372 0.22676593 0
vt 0.8289496 0.88722163 0
vt 0.57630503 0.31612164 0
vt 0.50615937 0.31612736 0
vt 0.6604906 0.5241292 0
vt 0.7306584 0.5241786 0
vt 0.6598923 0.5241289 0
vt 0.6592939 0.5241285 0
vt 0.7318573 0.5241798 0
vt 0.57810014 0.31612188 0
vt 0.5043645 0.31612825 0
vt 0.6586953 0.5241282 0
vt 0.7324581 0.52418053 0
vt 0.5787002 0.316122 0
vt 0.6580963 0.52412784 0
vt 0.7330593 0.52418125 0
vt 0.657497 0.5241275 0
vt 0.733661 0.524182 0
vt 0.57989997 0.3161223 0
vt 0.5025662 0.31612933 0
vt 0.65689725 0.5241272 0
vt 0.7342632 0.52418274 0
vt 0.5019645 0.3161298 0
vt 0.65629685 0.52412677 0
vt 0.734866 0.5241835 0
vt 0.65569574 0.52412647 0
vt 0.7354693 0.5241842 0
vt 0.58170396 0.31612265 0
vt 0.50076 0.31613076 0
vt 0.6550938 0.5241262 0
vt 0.73607343 0.524185 0
vt 0.17722471 0.99795103 0
vt 0.5823086 0.31612277 0
vt 0.65449107 0.5241258 0
vt 0.7366772 0.5241858 0
vt 0.25250617 0.50582725 0
vt 0.49955174 0.3161316 0
vt 0.22266364 0.085416615 0
vt 0.73728204 0.52418655 0
vt 0.2948699 0.59289134 0
vt 0.65328217 0.52412534 0
vt 0.22264276 0.08600116 0
vt 0.17753229 0.99622744 0
vt 0.25229982 0.504677 0
vt 0.294648 0.5934334 0
vt 0.22262168 0.08658618 0
vt 0.17763476 0.99565333 0
vt 0.22260071 0.08717078 0
vt 0.25209385 0.503528 0
vt 0.29420465 0.59451556 0
vt 0.293983 0.59505653 0
vt 0.22255908 0.08833748 0
vt 0.17794171 0.99393356 0
vt 0.2518879 0.5023798 0
vt 0.2225382 0.08892143 0
vt 0.29354018 0.59613764 0
vt 0.17814639 0.992787 0
vt 0.25168213 0.501232 0
vt 0.2224966 0.090087056 0
vt 0.17824869 0.99221385 0
vt 0.25157917 0.5006579 0
vt 0.29287675 0.59775686 0
vt 0.222455 0.091252446 0
vt 0.17855556 0.9904956 0
vt 0.17855556 0.9904956 0
vt 0.25127104 0.49893838 0
vt 0.292434 0.5988373 0
vt 0.292434 0.5988373 0
vt 0.22241344 0.0924176 0
vt 0.80423427 0.27906644 0
vt 0.9725158 0.92038035 0
vt 0.67240614 0.8741608 0
vt 0.9027484 0.9203805 0
vt 0.7888327 0.1347552 0
vt 0.5492233 0.029166639 0
vt 0.818853 0.8893377 0
vt 0.54922324 0.0979166 0
vt 0.21204916 0.86127174 0
vt 0.80275357 0.29061925 0
vt 0.23791423 0.36618257 0
vt 0.6606823 0.8756198 0
vt 0.25139794 0.7259375 0
vt 0.7849454 0.12375802 0
vt 0.22794338 0.22571278 0
vt 0.830013 0.89316833 0
vt 0.79922116 0.28106105 0
vt 0.9725158 0.9158514 0
vt 0.67038196 0.8791008 0
vt 0.9027484 0.9158515 0
vt 0.783508 0.1338306 0
vt 0.54462725 0.029166639 0
vt 0.8197913 0.8945848 0
vt 0.5446272 0.0979166 0
vt 0.2069195 0.86092067 0
vt 0.79692584 0.29248405 0
vt 0.2329707 0.36757845 0
vt 0.65878993 0.8813627 0
vt 0.24685678 0.7235621 0
vt 0.7788513 0.12312716 0
vt 0.2228505 0.22500783 0
vt 0.83065313 0.8991736 0
vt 0.79407895 0.28270656 0
vt 0.9725158 0.9113224 0
vt 0.66871214 0.8841681 0
vt 0.9027484 0.9113225 0
vt 0.7781308 0.13327402 0
vt 0.54003125 0.029166639 0
vt 0.82035613 0.89988357 0
vt 0.5400312 0.0979166 0
vt 0.20182718 0.86021817 0
vt 0.79098004 0.293944 0
vt 0.22794014 0.36863148 0
vt 0.65730834 0.8872217 0
vt 0.24215846 0.72150457 0
vt 0.77272725 0.12291664 0
vt 0.21772003 0.22465444 0
vt 0.8308668 0.9052083 0
vt 0.5763051 0.33106697 0
vt 0.5061631 0.3310712 0
vt 0.6604797 0.5390685 0
vt 0.73064476 0.5391177 0
vt 0.6598798 0.53906834 0
vt 0.73124266 0.53911847 0
vt 0.57750094 0.3310669 0
vt 0.50496864 0.33107132 0
vt 0.6592797 0.5390681 0
vt 0.7318406 0.5391192 0
vt 0.6586794 0.539068 0
vt 0.7324387 0.5391199 0
vt 0.5786976 0.33106667 0
vt 0.50377333 0.33107132 0
vt 0.65807873 0.53906775 0
vt 0.7330371 0.53912055 0
vt 0.6574777 0.5390676 0
vt 0.73363596 0.53912127 0
vt 0.65687597 0.53906745 0
vt 0.7342353 0.539122 0
vt 0.58049494 0.33106637 0
vt 0.5019776 0.33107132 0
vt 0.6562736 0.53906727 0
vt 0.734834 0.5391228 0
vt 0.65567046 0.53906715 0
vt 0.7354335 0.53912365 0
vt 0.5816977 0.33106607 0
vt 0.5007762 0.33107138 0
vt 0.6550664 0.53906703 0
vt 0.16263714 0.9943196 0
vt 0.58290374 0.33106583 0
vt 0.2809801 0.5873046 0
vt 0.65385777 0.5390668 0
vt 0.2076451 0.0854277 0
vt 0.73724055 0.53912604 0
vt 0.16278078 0.9937515 0
vt 0.23757221 0.5073079 0
vt 0.49896696 0.3310715 0
vt 0.28079695 0.58786047 0
vt 0.23751011 0.5067264 0
vt 0.20768635 0.08659536 0
vt 0.28043106 0.5889703 0
vt 0.16320984 0.9920536 0
vt 0.2077275 0.0877614 0
vt 0.23732443 0.5049871 0
vt 0.28006577 0.59007895 0
vt 0.16349591 0.99092185 0
vt 0.23726249 0.5044067 0
vt 0.20778915 0.0895071 0
vt 0.16378182 0.9897906 0
vt 0.2371387 0.50324726 0
vt 0.2795185 0.5917394 0
vt 0.16392495 0.98922443 0
vt 0.279336 0.5922933 0
vt 0.2078303 0.0906713 0
vt 0.23701496 0.50208807 0
vt 0.20785092 0.0912534 0
vt 0.1643532 0.98753 0
vt 0.1643532 0.98753 0
vt 0.23689128 0.500929 0
vt 0.27878886 0.59395313 0
vt 0.27878886 0.59395313 0
vt 0.20789216 0.09241748 0
vt 0.78883266 0.28399467 0
vt 0.9725158 0.9067934 0
vt 0.6674049 0.8893378 0
vt 0.9027484 0.90679353 0
vt 0.77272725 0.13308817 0
vt 0.53543526 0.029166639 0
vt 0.8205447 0.9052083 0
vt 0.5354352 0.0979166 0
vt 0.1967976 0.8591676 0
vt 0.7849454 0.2949919 0
vt 0.2228479 0.3693362 0
vt 0.65624493 0.89316833 0
vt 0.23732643 0.71977496 0
vt 0.7666033 0.12312716 0
vt 0.21257721 0.22465438 0
vt 0.83065313 0.911243 0
vt 0.78350794 0.28491932 0
vt 0.9725158 0.9022645 0
vt 0.6664666 0.89458483 0
vt 0.9027484 0.90226454 0
vt 0.76732373 0.13327402 0
vt 0.53083926 0.029166639 0
vt 0.82035613 0.9105331 0
vt 0.5308392 0.0979166 0
vt 0.9725158 0.8977355 0
vt 0.7781308 0.2854759 0
vt 0.9027484 0.89773554 0
vt 0.6659018 0.8998836 0
vt 0.5262432 0.029166639 0
vt 0.76194656 0.1338306 0
vt 0.52624315 0.0979166 0
vt 0.8197913 0.91583186 0
vt 0.7788512 0.2956227 0
vt 0.19185413 0.85777396 0
vt 0.6556048 0.8991737 0
vt 0.21771766 0.3696894 0
vt 0.76050913 0.12375802 0
vt 0.232383 0.7183812 0
vt 0.830013 0.9172483 0
vt 0.20744696 0.22500747 0
vt 0.9725158 0.8932065 0
vt 0.77272725 0.2856617 0
vt 0.9027484 0.89320654 0
vt 0.6657132 0.90520835 0
vt 0.5216472 0.029166639 0
vt 0.75662184 0.1347552 0
vt 0.52164716 0.0979166 0
vt 0.818853 0.92107886 0
vt 0.15039586 0.9835948 0
vt 0.15039586 0.9835948 0
vt 0.22240543 0.5019262 0
vt 0.26483107 0.5900175 0
vt 0.26483107 0.5900175 0
vt 0.19340624 0.09341401 0
vt 0.222426 0.5025086 0
vt 0.26497412 0.58945173 0
vt 0.1933442 0.09283358 0
vt 0.19328214 0.09225321 0
vt 0.14984903 0.9852543 0
vt 0.22246723 0.50367296 0
vt 0.19322011 0.09167278 0
vt 0.14966664 0.9858079 0
vt 0.22248779 0.5042554 0
vt 0.26540267 0.5877575 0
vt 0.19315805 0.09109223 0
vt 0.26554576 0.5871917 0
vt 0.19309595 0.0905118 0
vt 0.14930174 0.98691535 0
vt 0.22252893 0.50542 0
vt 0.19303387 0.08993119 0
vt 0.19297181 0.08935058 0
vt 0.22257003 0.50658524 0
vt 0.2659747 0.5854964 0
vt 0.19290973 0.08876985 0
vt 0.14875437 0.9885764 0
vt 0.266118 0.5849298 0
vt 0.1928477 0.08818889 0
vt 0.14857183 0.98913044 0
vt 0.2662614 0.584363 0
vt 0.22263181 0.5083333 0
vt 0.49894774 0.34601146 0
vt 0.2664049 0.5837959 0
vt 0.6532769 0.5540037 0
vt 0.19272369 0.08702731 0
vt 0.7378435 0.5540592 0
vt 0.73723847 0.5540589 0
vt 0.14802326 0.99079514 0
vt 0.5823148 0.34601235 0
vt 0.5001572 0.34601212 0
vt 0.7366347 0.5540588 0
vt 0.5817103 0.34601235 0
vt 0.65508485 0.55400413 0
vt 0.73603034 0.55405855 0
vt 0.50136316 0.3460127 0
vt 0.65568453 0.5540044 0
vt 0.5805045 0.34601235 0
vt 0.6562835 0.55400455 0
vt 0.5025657 0.34601337 0
vt 0.65688294 0.5540049 0
vt 0.73422754 0.5540576 0
vt 0.6574818 0.5540052 0
vt 0.7336276 0.55405736 0
vt 0.57870406 0.3460124 0
vt 0.50376564 0.34601372 0
vt 0.6580801 0.5540056 0
vt 0.7330281 0.554057 0
vt 0.6586782 0.55400586 0
vt 0.7324291 0.55405664 0
vt 0.57750505 0.34601247 0
vt 0.50496423 0.34601426 0
vt 0.65927595 0.5540062 0
vt 0.73183036 0.5540564 0
vt 0.65987355 0.5540066 0
vt 0.73123187 0.55405605 0
vt 0.5763068 0.34601247 0
vt 0.506162 0.34601468 0
vt 0.660471 0.55400693 0
vt 0.73063344 0.5540557 0
vt 0.77272725 0.2958333 0
vt 0.187022 0.85604435 0
vt 0.6553911 0.90520835 0
vt 0.21257536 0.3696893 0
vt 0.75447446 0.12480593 0
vt 0.22735356 0.71733063 0
vt 0.8289496 0.92319494 0
vt 0.2023542 0.2257123 0
vt 0.9725158 0.8886775 0
vt 0.76732373 0.2854759 0
vt 0.9027484 0.8886776 0
vt 0.6659018 0.9105331 0
vt 0.5170513 0.029166639 0
vt 0.7513756 0.13604337 0
vt 0.51705116 0.0979166 0
vt 0.8175458 0.9262486 0
vt 0.76660323 0.2956227 0
vt 0.18232366 0.85398674 0
vt 0.6556048 0.9112431 0
vt 0.20744509 0.36933583 0
vt 0.7485287 0.12626588 0
vt 0.22226124 0.71662796 0
vt 0.827468 0.92905396 0
vt 0.19732352 0.22676516 0
vt 0.9725158 0.88414854 0
vt 0.7619465 0.28491932 0
vt 0.9027484 0.8841486 0
vt 0.6664666 0.91583186 0
vt 0.5124552 0.029166639 0
vt 0.7462334 0.13768888 0
vt 0.51245517 0.0979166 0
vt 0.81587595 0.93131584 0
vt 0.7605091 0.2949919 0
vt 0.17778254 0.8516115 0
vt 0.65624493 0.91724837 0
vt 0.20235237 0.36863083 0
vt 0.7427009 0.12813067 0
vt 0.21713157 0.7162769 0
vt 0.8255756 0.9347968 0
vt 0.19237994 0.22816116 0
vt 0.9725158 0.87961954 0
vt 0.7566218 0.28399467 0
vt 0.9027484 0.8796196 0
vt 0.6674049 0.9210789 0
vt 0.50785923 0.029166639 0
vt 0.7412203 0.13968354 0
vt 0.5078591 0.0979166 0
vt 0.8138517 0.9362558 0
vt 0.13675079 0.9787118 0
vt 0.13675079 0.9787118 0
vt 0.20788461 0.50192606 0
vt 0.2506283 0.5870507 0
vt 0.2506283 0.5870507 0
vt 0.17902663 0.095404506 0
vt 0.2078434 0.50309026 0
vt 0.25083312 0.5859032 0
vt 0.17882137 0.09425795 0
vt 0.1360875 0.9803309 0
vt 0.17871879 0.09368485 0
vt 0.135866 0.9808717 0
vt 0.20780222 0.5042545 0
vt 0.251038 0.5847558 0
vt 0.1785134 0.09253806 0
vt 0.13542329 0.98195255 0
vt 0.20776093 0.505419 0
vt 0.2512429 0.58360803 0
vt 0.2513453 0.5830338 0
vt 0.17830792 0.09139109 0
vt 0.20771953 0.506584 0
vt 0.17820519 0.09081739 0
vt 0.13475941 0.9835734 0
vt 0.25155023 0.58188546 0
vt 0.17810237 0.0902434 0
vt 0.1345375 0.98411524 0
vt 0.25165272 0.5813106 0
vt 0.20765752 0.508332 0
vt 0.49894735 0.36096144 0
vt 0.2517553 0.58073545 0
vt 0.1340938 0.9851987 0
vt 0.58290124 0.36095792 0
vt 0.25185797 0.58015966 0
vt 0.6538516 0.5689362 0
vt 0.17779373 0.088521 0
vt 0.7372283 0.5689948 0
vt 0.500157 0.36096114 0
vt 0.65445656 0.5689372 0
vt 0.7366229 0.56899476 0
vt 0.65506095 0.568938 0
vt 0.581095 0.36095792 0
vt 0.50136316 0.3609606 0
vt 0.5804953 0.36095786 0
vt 0.73481786 0.56899464 0
vt 0.502566 0.3609603 0
vt 0.6568643 0.56894034 0
vt 0.7342172 0.5689946 0
vt 0.5792959 0.36095786 0
vt 0.6574646 0.5689411 0
vt 0.7336173 0.5689945 0
vt 0.5037662 0.36096007 0
vt 0.6580645 0.56894195 0
vt 0.7330179 0.5689944 0
vt 0.57809854 0.36095792 0
vt 0.73241884 0.5689943 0
vt 0.5049647 0.3609597 0
vt 0.6592624 0.5689434 0
vt 0.73182017 0.56899416 0
vt 0.6598609 0.56894416 0
vt 0.7312217 0.56899405 0
vt 0.5763058 0.36095786 0
vt 0.5061623 0.36095947 0
vt 0.66045934 0.56894493 0
vt 0.73062325 0.5689939 0
vt 0.7544744 0.293944 0
vt 0.17342092 0.84893024 0
vt 0.65730834 0.923195 0
vt 0.19732203 0.3675778 0
vt 0.73701936 0.13039136 0
vt 0.21198972 0.7162789 0
vt 0.82328147 0.94039553 0
vt 0.18754733 0.22989321 0
vt 0.9725158 0.87509054 0
vt 0.75137556 0.28270656 0
vt 0.9027484 0.8750906 0
vt 0.66871214 0.92624867 0
vt 0.50326324 0.029166639 0
vt 0.7363606 0.14201772 0
vt 0.5032632 0.0979166 0
vt 0.811483 0.94104457 0
vt 0.7485287 0.29248405 0
vt 0.16925985 0.84595585 0
vt 0.65878993 0.929054 0
vt 0.19237848 0.36618167 0
vt 0.7315118 0.13303673 0
vt 0.20686048 0.71663415 0
vt 0.8205969 0.9458228 0
vt 0.18284917 0.23195308 0
vt 0.9725158 0.87056154 0
vt 0.74623334 0.28106105 0
vt 0.9027484 0.87056166 0
vt 0.67038196 0.93131584 0
vt 0.4986672 0.029166639 0
vt 0.7316782 0.14468008 0
vt 0.49866715 0.0979166 0
vt 0.8087812 0.9456588 0
vt 0.7427008 0.29061925 0
vt 0.16531944 0.84270275 0
vt 0.6606823 0.93479687 0
vt 0.1875456 0.36444926 0
vt 0.726205 0.1360541 0
vt 0.20176888 0.71734095 0
vt 0.81753486 0.9510522 0
vt 0.17830822 0.23433077 0
vt 0.9725158 0.8660326 0
vt 0.74122024 0.27906638 0
vt 0.9027484 0.86603266 0
vt 0.6724062 0.9362559 0
vt 0.4940712 0.029166639 0
vt 0.7271957 0.14765769 0
vt 0.49407113 0.0979166 0
vt 0.8057596 0.95007586 0
vt 0.123484604 0.97290266 0
vt 0.123484604 0.97290266 0
vt 0.19339879 0.50092876 0
vt 0.23624986 0.58506703 0
vt 0.23624986 0.58506703 0
vt 0.1648225 0.09837633 0
vt 0.16453645 0.097245336 0
vt 0.9725158 0.8615036 0
vt 0.7363606 0.27673215 0
vt 0.9027484 0.86150366 0
vt 0.67477494 0.9410446 0
vt 0.4894752 0.029166639 0
vt 0.7229351 0.15093589 0
vt 0.4894751 0.0979166 0
vt 0.8024329 0.9542744 0
vt 0.12270815 0.974472 0
vt 0.1932135 0.50266546 0
vt 0.23643439 0.58333147 0
vt 0.12244888 0.97499603 0
vt 0.23649606 0.5827523 0
vt 0.16425039 0.09611422 0
vt 0.19308984 0.5038246 0
vt 0.1641072 0.09554809 0
vt 0.12193066 0.9760436 0
vt 0.16396402 0.09498191 0
vt 0.1638208 0.094415605 0
vt 0.7370193 0.28835857 0
vt 0.1616191 0.8391869 0
vt 0.66297644 0.94039553 0
vt 0.18284726 0.3623891 0
vt 0.7211248 0.13942868 0
vt 0.19673955 0.7183957 0
vt 0.8141104 0.9560582 0
vt 0.17394668 0.23701465 0
vt 0.121412165 0.97709167 0
vt 0.19290443 0.5055624 0
vt 0.23674183 0.5804399 0
vt 0.19284251 0.5061432 0
vt 0.16353439 0.093283296 0
vt 0.1208934 0.9781402 0
vt 0.23686528 0.57927984 0
vt 0.16339101 0.092716575 0
vt 0.19271871 0.50730443 0
vt 0.49895585 0.37590706 0
vt 0.23692699 0.5786989 0
vt 0.16324762 0.09214944 0
vt 0.7378435 0.5839406 0
vt 0.12037394 0.9791901 0
vt 0.5829193 0.37590253 0
vt 0.2369888 0.5781176 0
vt 0.65383315 0.5838798 0
vt 0.73723805 0.58394 0
vt 0.5823145 0.3759026 0
vt 0.5001658 0.37590617 0
vt 0.7366332 0.58393943 0
vt 0.6550407 0.5838808 0
vt 0.7360294 0.58393884 0
vt 0.5811074 0.3759027 0
vt 0.6556429 0.58388126 0
vt 0.7354266 0.5839382 0
vt 0.50197065 0.37590522 0
vt 0.65624434 0.58388174 0
vt 0.7348234 0.5839375 0
vt 0.57990396 0.37590277 0
vt 0.6568449 0.58388215 0
vt 0.73422104 0.583937 0
vt 0.5031708 0.3759048 0
vt 0.657446 0.58388245 0
vt 0.73361933 0.58393633 0
vt 0.5787032 0.3759029 0
vt 0.65804666 0.5838828 0
vt 0.73301756 0.58393574 0
vt 0.5781027 0.375903 0
vt 0.5043688 0.37590438 0
vt 0.6586468 0.58388317 0
vt 0.73241633 0.58393514 0
vt 0.659247 0.5838835 0
vt 0.73181534 0.5839345 0
vt 0.50556546 0.3759039 0
vt 0.65984696 0.5838838 0
vt 0.73121464 0.58393383 0
vt 0.57630724 0.3759032 0
vt 0.5061639 0.37590367 0
vt 0.6604467 0.5838841 0
vt 0.73061407 0.58393323 0
vt 0.9725158 0.8569746 0
vt 0.7316781 0.2740698 0
vt 0.9027484 0.8569747 0
vt 0.6774767 0.9456588 0
vt 0.48487917 0.029166639 0
vt 0.71891695 0.15449882 0
vt 0.4848791 0.0979166 0
vt 0.7988172 0.95823383 0
vt 0.7315117 0.28571314 0
vt 0.15817676 0.83542544 0
vt 0.66566104 0.94582283 0
vt 0.1783064 0.36001122 0
vt 0.71629614 0.14314407 0
vt 0.1917972 0.71979344 0
vt 0.81034 0.9608165 0
vt 0.1697859 0.2399916 0
vt 0.9725158 0.8524456 0
vt 0.7271957 0.27109224 0
vt 0.9027484 0.8524457 0
vt 0.6804983 0.9500759 0
vt 0.4802832 0.029166639 0
vt 0.7151611 0.15832913 0
vt 0.4802831 0.0979166 0
vt 0.79493016 0.961935 0
vt 0.72620493 0.28269577 0
vt 0.15500925 0.8314367 0
vt 0.66872305 0.9510522 0
vt 0.17394489 0.3573271 0
vt 0.7117423 0.14718205 0
vt 0.18696585 0.7215272 0
vt 0.8062423 0.9653039 0
vt 0.16584611 0.24324703 0
vt 0.9725158 0.84791666 0
vt 0.9936574 0.068749964 0
vt 0.722935 0.26781404 0
vt 0.9027484 0.8479167 0
vt 0.99365747 0 0
vt 0.683825 0.9542744 0
vt 0.47568718 0.029166639 0
vt 0.8921776 0.068749964 0
vt 0.71168566 0.16240817 0
vt 0.4756871 0.0979166 0
vt 0.89217764 0 0
vt 0.79079086 0.96535975 0
vt 0.7211248 0.2793212 0
vt 0.15213212 0.8272403 0
vt 0.6721476 0.95605826 0
vt 0.16978435 0.3543502 0
vt 0.70748556 0.15152305 0
vt 0.18226932 0.72358847 0
vt 0.801837 0.9694985 0
vt 0.16214658 0.2467652 0
vt 0.98904467 0.068749964 0
vt 0.71891695 0.26425105 0
vt 0.9890448 0 0
vt 0.68744075 0.9582339 0
vt 0.8967903 0.068749964 0
vt 0.7085076 0.16671598 0
vt 0.8967904 0 0
vt 0.7864193 0.96849144 0
vt 0.11066236 0.9661962 0
vt 0.11066236 0.9661962 0
vt 0.17901881 0.49893832 0
vt 0.22176613 0.584075 0
vt 0.22176613 0.584075 0
vt 0.15086336 0.10231769 0
vt 0.110071145 0.9672053 0
vt 0.17881331 0.50008595 0
vt 0.2218071 0.5829108 0
vt 0.15049765 0.10120934 0
vt 0.22182763 0.5823282 0
vt 0.10947997 0.9682145 0
vt 0.17860791 0.50123346 0
vt 0.17850514 0.5018076 0
vt 0.14994954 0.09954834 0
vt 0.108888604 0.9692239 0
vt 0.22188912 0.5805832 0
vt 0.17829971 0.5029556 0
vt 0.14958346 0.098439515 0
vt 0.22193049 0.57941806 0
vt 0.1494002 0.0978843 0
vt 0.10800174 0.9707376 0
vt 0.17809421 0.50410426 0
vt 0.22195123 0.5788348 0
vt 0.1492169 0.09732908 0
vt 0.22197196 0.57825136 0
vt 0.14903358 0.09677374 0
vt 0.107409 0.971749 0
vt 0.5835095 0.39084953 0
vt 0.17788838 0.50525415 0
vt 0.49896505 0.39084482 0
vt 0.2219927 0.5776676 0
vt 0.14885013 0.09621805 0
vt 0.7378025 0.59887695 0
vt 0.22201347 0.57708335 0
vt 0.6538266 0.5988194 0
vt 0.5823014 0.3908493 0
vt 0.7365936 0.59887624 0
vt 0.50077534 0.39084548 0
vt 0.6550341 0.5988201 0
vt 0.7359912 0.5988758 0
vt 0.5810972 0.39084905 0
vt 0.5013759 0.39084566 0
vt 0.65563637 0.59882045 0
vt 0.7353896 0.5988754 0
vt 0.65623826 0.59882087 0
vt 0.73478884 0.59887505 0
vt 0.57989657 0.39084882 0
vt 0.6568394 0.5988212 0
vt 0.73418874 0.5988747 0
vt 0.5792965 0.39084876 0
vt 0.5031751 0.3908462 0
vt 0.65743995 0.5988216 0
vt 0.6580399 0.59882194 0
vt 0.50437206 0.3908465 0
vt 0.73239243 0.5988735 0
vt 0.5775016 0.39084864 0
vt 0.65923816 0.5988227 0
vt 0.73179525 0.598873 0
vt 0.65983707 0.5988231 0
vt 0.7311983 0.59887266 0
vt 0.5763056 0.39084846 0
vt 0.50616443 0.39084685 0
vt 0.66043586 0.5988235 0
vt 0.73060155 0.5988722 0
vt 0.984432 0.068749964 0
vt 0.715161 0.26042074 0
vt 0.98443204 0 0
vt 0.6913277 0.96193504 0
vt 0.90140307 0.068749964 0
vt 0.7056424 0.17123157 0
vt 0.9014031 0 0
vt 0.78183687 0.97131485 0
vt 0.7162961 0.27560586 0
vt 0.14955926 0.82285637 0
vt 0.67591786 0.96081656 0
vt 0.16584481 0.3510946 0
vt 0.70354676 0.15614587 0
vt 0.17773005 0.72596747 0
vt 0.7971458 0.9733799 0
vt 0.15870526 0.25052893 0
vt 0.9798193 0.068749964 0
vt 0.71168566 0.25634176 0
vt 0.97981936 0 0
vt 0.69546705 0.9653598 0
vt 0.9060157 0.068749964 0
vt 0.7031041 0.175933 0
vt 0.90601575 0 0
vt 0.7770658 0.9738162 0
vt 0.7117422 0.27156788 0
vt 0.14730312 0.81830627 0
vt 0.6800156 0.96530396 0
vt 0.16214542 0.34757626 0
vt 0.699945 0.16102803 0
vt 0.17337057 0.7286523 0
vt 0.7921913 0.9769292 0
vt 0.15553899 0.25451994 0
vt 0.97520655 0.068749964 0
vt 0.7085076 0.25203395 0
vt 0.9752066 0 0
vt 0.69983864 0.9684915 0
vt 0.91062844 0.068749964 0
vt 0.7009049 0.1807974 0
vt 0.9106285 0 0
vt 0.7721294 0.97598326 0
vt 0.9705938 0.068749964 0
vt 0.7056424 0.2475183 0
vt 0.97059387 0 0
vt 0.7044211 0.9713149 0
vt 0.9152412 0.068749964 0
vt 0.6990556 0.18580103 0
vt 0.91524124 0 0
vt 0.76705176 0.97780555 0
vt 0.70748556 0.26722687 0
vt 0.14537486 0.81361234 0
vt 0.6844209 0.9694986 0
vt 0.15870413 0.3438123 0
vt 0.6966978 0.1661458 0
vt 0.16921167 0.7316302 0
vt 0.78699785 0.98012906 0
vt 0.15266304 0.25871885 0
vt 0.96598107 0.068749964 0
vt 0.703104 0.24281687 0
vt 0.9659811 0 0
vt 0.7091921 0.9738162 0
vt 0.9198539 0.068749964 0
vt 0.6975653 0.19091946 0
vt 0.919854 0 0
vt 0.76185757 0.97927415 0
vt 0.70354676 0.262604 0
vt 0.14378391 0.80879766 0
vt 0.6891122 0.97337997 0
vt 0.15553792 0.33982116 0
vt 0.69382095 0.1714741 0
vt 0.16527404 0.7348864 0
vt 0.7815907 0.9829639 0
vt 0.15009159 0.26310492 0
vt 0.9613684 0.068749964 0
vt 0.7009049 0.23795247 0
vt 0.9613685 0 0
vt 0.71412855 0.9759833 0
vt 0.9244666 0.068749964 0
vt 0.6964412 0.19612783 0
vt 0.92446667 0 0
vt 0.7565721 0.9803819 0
vt 0.9567557 0.068749964 0
vt 0.6990556 0.23294884 0
vt 0.95675576 0 0
vt 0.7192062 0.97780555 0
vt 0.92907935 0.068749964 0
vt 0.6956887 0.20140076 0
vt 0.9290794 0 0
vt 0.7512211 0.98112345 0
vt 0.09834695 0.9586251 0
vt 0.09834695 0.9586251 0
vt 0.16481476 0.49596477 0
vt 0.20724699 0.5840805 0
vt 0.20724699 0.5840805 0
vt 0.1372178 0.10720867 0
vt 0.95214295 0.068749964 0
vt 0.6975653 0.22783035 0
vt 0.952143 0 0
vt 0.72440046 0.97927415 0
vt 0.93369204 0.068749964 0
vt 0.69531155 0.20671254 0
vt 0.93369216 0 0
vt 0.7458308 0.9814951 0
vt 0.20722605 0.5834976 0
vt 0.09768589 0.95959085 0
vt 0.16452847 0.49709553 0
vt 0.13677467 0.106128514 0
vt 0.16438523 0.49766123 0
vt 0.20718424 0.58233297 0
vt 0.9475302 0.068749964 0
vt 0.6964412 0.22262198 0
vt 0.94753027 0 0
vt 0.72968584 0.9803819 0
vt 0.9383048 0.068749964 0
vt 0.69531155 0.21203732 0
vt 0.93830484 0 0
vt 0.7404272 0.9814951 0
vt 0.13633147 0.10504818 0
vt 0.9429175 0 0
vt 0.73503685 0.98112345 0
vt 0.94291747 0.068749964 0
vt 0.6956887 0.21734905 0
vt 0.699945 0.25772178 0
vt 0.14253789 0.8038854 0
vt 0.69406664 0.97692925 0
vt 0.1526621 0.33562225 0
vt 0.6913286 0.17698705 0
vt 0.16157669 0.73840505 0
vt 0.7759962 0.9854199 0
vt 0.14783712 0.26765704 0
vt 0.09669507 0.96103823 0
vt 0.20714237 0.58116806 0
vt 0.16395576 0.49935597 0
vt 0.20712145 0.580585 0
vt 0.20710051 0.5800019 0
vt 0.13566709 0.10342872 0
vt 0.09570366 0.96248645 0
vt 0.16366911 0.5004877 0
vt 0.20707959 0.5794188 0
vt 0.20705864 0.57883537 0
vt 0.13522336 0.102347136 0
vt 0.09504147 0.9634536 0
vt 0.1633822 0.5016205 0
vt 0.20703767 0.5782517 0
vt 0.13500121 0.10180557 0
vt 0.1632385 0.5021876 0
vt 0.4989429 0.4057905 0
vt 0.20701666 0.57766765 0
vt 0.13477889 0.1012637 0
vt 0.73782223 0.613796 0
vt 0.09437865 0.96442175 0
vt 0.5829132 0.40579396 0
vt 0.20699565 0.57708335 0
vt 0.65381366 0.613759 0
vt 0.1345509 0.10072374 0
vt 0.73721564 0.61381143 0
vt 0.5001522 0.4057907 0
vt 0.6544183 0.61375934 0
vt 0.7366101 0.6138114 0
vt 0.5817054 0.4057938 0
vt 0.5007564 0.40579075 0
vt 0.65502244 0.61375976 0
vt 0.7360057 0.6138114 0
vt 0.58110124 0.40579373 0
vt 0.73540235 0.6138114 0
vt 0.50196123 0.40579087 0
vt 0.65622616 0.6137604 0
vt 0.7347998 0.61381125 0
vt 0.65682775 0.6137606 0
vt 0.73419803 0.6138112 0
vt 0.57929975 0.40579355 0
vt 0.5031628 0.40579093 0
vt 0.6574287 0.61376095 0
vt 0.7335964 0.6138114 0
vt 0.50376403 0.40579093 0
vt 0.7329952 0.6138114 0
vt 0.5781002 0.4057935 0
vt 0.6586276 0.61376166 0
vt 0.73239434 0.6138114 0
vt 0.50496316 0.40579093 0
vt 0.6592268 0.6137621 0
vt 0.73179376 0.6138114 0
vt 0.6598259 0.6137624 0
vt 0.7311934 0.6138113 0
vt 0.57630527 0.40579337 0
vt 0.50616133 0.40579093 0
vt 0.6604249 0.61376274 0
vt 0.73059326 0.61381125 0
vt 0.6966977 0.25260413 0
vt 0.1416429 0.7988993 0
vt 0.69926006 0.9801291 0
vt 0.1500907 0.33123612 0
vt 0.68923277 0.18265784 0
vt 0.15813789 0.7421689 0
vt 0.77024144 0.98748523 0
vt 0.14591052 0.27235293 0
vt 0.69382095 0.24727577 0
vt 0.14110334 0.7938645 0
vt 0.70466727 0.9829639 0
vt 0.14783624 0.32668376 0
vt 0.68754375 0.1884588 0
vt 0.15497366 0.7461602 0
vt 0.76435465 0.98914963 0
vt 0.14432138 0.2771694 0
vt 0.6913286 0.24176282 0
vt 0.14092177 0.7888042 0
vt 0.71026176 0.98542 0
vt 0.14590979 0.32198787 0
vt 0.6862697 0.19436157 0
vt 0.15209989 0.7503593 0
vt 0.7583645 0.9904051 0
vt 0.14307715 0.28208387 0
vt 0.6892327 0.23609203 0
vt 0.14109917 0.7837439 0
vt 0.71601653 0.98748523 0
vt 0.14432065 0.31717098 0
vt 0.6854169 0.20033759 0
vt 0.14953074 0.75474524 0
vt 0.7523001 0.99124545 0
vt 0.142184 0.28707165 0
vt 0.68754375 0.23029107 0
vt 0.1416346 0.7787081 0
vt 0.7219033 0.98914963 0
vt 0.1430766 0.3122567 0
vt 0.6849894 0.2063576 0
vt 0.14727856 0.7592969 0
vt 0.74619097 0.9916667 0
vt 0.14164633 0.29210877 0
vt 0.6862697 0.2243883 0
vt 0.14252545 0.77372146 0
vt 0.7278935 0.9904051 0
vt 0.1421836 0.30726886 0
vt 0.6849894 0.21239227 0
vt 0.14535429 0.7639922 0
vt 0.740067 0.9916667 0
vt 0.14146674 0.2971704 0
vt 0.7339579 0.99124545 0
vt 0.14164613 0.30223203 0
vt 0.6854169 0.21841228 0
vt 0.14376734 0.76880825 0
vt 0.08659777 0.9502268 0
vt 0.08659777 0.9502268 0
vt 0.15085621 0.4920221 0
vt 0.1927638 0.5850844 0
vt 0.1927638 0.5850844 0
vt 0.123951726 0.11302507 0
vt 0.1506731 0.49257648 0
vt 0.19270158 0.58450496 0
vt 0.08587018 0.9511449 0
vt 0.12343279 0.11197758 0
vt 0.19257721 0.5833467 0
vt 0.084779546 0.9525209 0
vt 0.14994307 0.49478775 0
vt 0.19245282 0.58218837 0
vt 0.12265505 0.11040795 0
vt 0.084415525 0.9529803 0
vt 0.14957705 0.4958964 0
vt 0.19232838 0.58102965 0
vt 0.12213583 0.10935992 0
vt 0.08368752 0.9538989 0
vt 0.14939381 0.4964512 0
vt 0.121875815 0.10883528 0
vt 0.1922037 0.5798702 0
vt 0.12161574 0.10831052 0
vt 0.19214126 0.57929015 0
vt 0.12135553 0.107785344 0
vt 0.082595 0.9552773 0
vt 0.1488446 0.498115 0
vt 0.49896008 0.420734 0
vt 0.1210954 0.10726035 0
vt 0.08222989 0.955738 0
vt 0.582899 0.4207391 0
vt 0.19201626 0.5781287 0
vt 0.65380806 0.62869585 0
vt 0.12083503 0.10673505 0
vt 0.7371958 0.628756 0
vt 0.500169 0.42073423 0
vt 0.6544128 0.62869644 0
vt 0.73659086 0.62875557 0
vt 0.65501654 0.62869704 0
vt 0.7359868 0.6287552 0
vt 0.5810915 0.42073876 0
vt 0.6556193 0.62869763 0
vt 0.73538375 0.62875485 0
vt 0.5019726 0.42073458 0
vt 0.65622133 0.62869817 0
vt 0.73478144 0.6287544 0
vt 0.5025715 0.4207347 0
vt 0.73417985 0.628754 0
vt 0.57929265 0.42073852 0
vt 0.5031705 0.42073482 0
vt 0.73357904 0.62875366 0
vt 0.6580208 0.6286998 0
vt 0.5780959 0.42073816 0
vt 0.5043677 0.420735 0
vt 0.6586193 0.6287004 0
vt 0.7323797 0.6287528 0
vt 0.5049655 0.42073512 0
vt 0.65921766 0.62870085 0
vt 0.73178035 0.62875247 0
vt 0.6598159 0.62870145 0
vt 0.73118126 0.628752 0
vt 0.57630336 0.42073792 0
vt 0.50616103 0.42073542 0
vt 0.66041404 0.628702 0
vt 0.73058236 0.62875164 0
vt 0.07547165 0.9410421 0
vt 0.07547165 0.9410421 0
vt 0.13721132 0.48713022 0
vt 0.17838743 0.5870803 0
vt 0.17838743 0.5870803 0
vt 0.111130595 0.119738996 0
vt 0.11083521 0.11923492 0
vt 0.07428554 0.9423402 0
vt 0.13654706 0.48874867 0
vt 0.17807896 0.58536184 0
vt 0.13632542 0.48928875 0
vt 0.10994931 0.117723525 0
vt 0.17787316 0.58421516 0
vt 0.10965398 0.11721939 0
vt 0.07309918 0.9436386 0
vt 0.1358823 0.49036902 0
vt 0.07270258 0.94407266 0
vt 0.13566059 0.4909094 0
vt 0.109062955 0.1162107 0
vt 0.17756458 0.5824957 0
vt 0.10876742 0.115706265 0
vt 0.1352171 0.49199057 0
vt 0.10847181 0.11520165 0
vt 0.07151467 0.9453726 0
vt 0.071117334 0.94580734 0
vt 0.5835095 0.435677 0
vt 0.17725556 0.58077395 0
vt 0.13455161 0.49361324 0
vt 0.49954218 0.43567884 0
vt 0.17715225 0.58019817 0
vt 0.65378237 0.6436371 0
vt 0.107584104 0.11368656 0
vt 0.7371952 0.6437029 0
vt 0.58230186 0.435678 0
vt 0.5001473 0.43567908 0
vt 0.6543871 0.64363754 0
vt 0.7365903 0.6437018 0
vt 0.6549908 0.643638 0
vt 0.7359865 0.6437008 0
vt 0.58109736 0.43567896 0
vt 0.5013532 0.4356795 0
vt 0.6555939 0.6436384 0
vt 0.7353823 0.64369977 0
vt 0.58049667 0.43567955 0
vt 0.50195706 0.4356795 0
vt 0.6561961 0.64363885 0
vt 0.734779 0.64369875 0
vt 0.6567976 0.6436392 0
vt 0.7341765 0.6436977 0
vt 0.57929593 0.43568045 0
vt 0.5031594 0.43567973 0
vt 0.6573992 0.6436397 0
vt 0.73357475 0.64369667 0
vt 0.6580003 0.64364016 0
vt 0.7329734 0.6436958 0
vt 0.50435925 0.43567997 0
vt 0.65860087 0.6436405 0
vt 0.7323724 0.64369476 0
vt 0.5775008 0.4356814 0
vt 0.5049598 0.43568015 0
vt 0.65920115 0.6436409 0
vt 0.73177177 0.64369386 0
vt 0.6598013 0.64364135 0
vt 0.7311714 0.64369285 0
vt 0.57630455 0.435682 0
vt 0.50615823 0.43568045 0
vt 0.66040134 0.6436417 0
vt 0.7305712 0.6436919 0
vt 0.065024175 0.9311147 0
vt 0.065024175 0.9311147 0
vt 0.12394622 0.48131347 0
vt 0.16418733 0.59005797 0
vt 0.16418733 0.59005797 0
vt 0.09881512 0.12731588 0
vt 0.098483786 0.12683183 0
vt 0.12342768 0.4823606 0
vt 0.16390087 0.58892775 0
vt 0.063749835 0.9323275 0
vt 0.09782181 0.12586522 0
vt 0.06332458 0.93273216 0
vt 0.12290917 0.48340797 0
vt 0.16361432 0.58779764 0
vt 0.12264979 0.48393196 0
vt 0.16347097 0.58723205 0
vt 0.097159825 0.124898255 0
vt 0.062474225 0.93354154 0
vt 0.09682835 0.12441397 0
vt 0.122131474 0.4849797 0
vt 0.16318431 0.5861013 0
vt 0.09649675 0.12392968 0
vt 0.16304086 0.5855356 0
vt 0.09616499 0.12344521 0
vt 0.061198816 0.9347555 0
vt 0.121612415 0.4860279 0
vt 0.09583327 0.12296063 0
vt 0.16275406 0.58440393 0
vt 0.09550163 0.12247628 0
vt 0.060346976 0.93556625 0
vt 0.12109291 0.48707724 0
vt 0.09516987 0.121991575 0
vt 0.7377394 0.65863556 0
vt 0.162467 0.5832708 0
vt 0.6537845 0.65857726 0
vt 0.05949392 0.93637806 0
vt 0.5823207 0.45062757 0
vt 0.12057279 0.48812795 0
vt 0.50015926 0.45062798 0
vt 0.65438926 0.6585777 0
vt 0.65499306 0.65857804 0
vt 0.735932 0.65863454 0
vt 0.5811134 0.45062768 0
vt 0.501365 0.4506275 0
vt 0.7353328 0.6586341 0
vt 0.65619695 0.65857875 0
vt 0.73473424 0.6586337 0
vt 0.5799101 0.4506278 0
vt 0.6567975 0.6585791 0
vt 0.7341364 0.65863335 0
vt 0.5793085 0.45062786 0
vt 0.5031659 0.4506268 0
vt 0.6573974 0.6585795 0
vt 0.7335391 0.6586329 0
vt 0.5787076 0.45062786 0
vt 0.50376564 0.4506266 0
vt 0.6579968 0.65857995 0
vt 0.73294216 0.6586325 0
vt 0.6585958 0.6585803 0
vt 0.73234564 0.65863204 0
vt 0.57750803 0.45062798 0
vt 0.7317495 0.6586316 0
vt 0.5769077 0.45062798 0
vt 0.5055601 0.45062637 0
vt 0.6597927 0.65858114 0
vt 0.73115337 0.6586312 0
vt 0.5763073 0.45062804 0
vt 0.50615835 0.4506262 0
vt 0.6603909 0.6585815 0
vt 0.7305574 0.6586308 0
vt 0.055304844 0.9204944 0
vt 0.055304844 0.9204944 0
vt 0.11112515 0.47459984 0
vt 0.15023254 0.5940039 0
vt 0.15023254 0.5940039 0
vt 0.08706698 0.13572192 0
vt 0.05485134 0.92086935 0
vt 0.11053344 0.4756089 0
vt 0.086338446 0.13480383 0
vt 0.053945206 0.9216187 0
vt 0.110237375 0.47611374 0
vt 0.14968398 0.5923437 0
vt 0.10994132 0.47661865 0
vt 0.14950071 0.59178936 0
vt 0.08560988 0.13388568 0
vt 0.053038824 0.92236817 0
vt 0.085245386 0.13342631 0
vt 0.10934945 0.477628 0
vt 0.14913452 0.5906811 0
vt 0.052132167 0.9231178 0
vt 0.14876802 0.5895723 0
vt 0.08415261 0.13204956 0
vt 0.108462185 0.47914177 0
vt 0.14858453 0.58901715 0
vt 0.08378749 0.13158959 0
vt 0.050772402 0.9242424 0
vt 0.10816539 0.47964793 0
vt 0.08342221 0.13112938 0
vt 0.14821748 0.58790666 0
vt 0.0830567 0.130669 0
vt 0.04986301 0.9249939 0
vt 0.5829087 0.4655766 0
vt 0.107571945 0.48066008 0
vt 0.14803371 0.58735037 0
vt 0.65376306 0.6735158 0
vt 0.082690954 0.13020813 0
vt 0.7371777 0.67355204 0
vt 0.1072747 0.48116696 0
vt 0.50016063 0.46556932 0
vt 0.6543675 0.67351633 0
vt 0.08231946 0.1297512 0
vt 0.7365729 0.67356724 0
vt 0.5817027 0.46557617 0
vt 0.65497094 0.67351687 0
vt 0.73596734 0.67356753 0
vt 0.5811013 0.46557587 0
vt 0.5013655 0.46556997 0
vt 0.6555734 0.67351735 0
vt 0.73536277 0.6735679 0
vt 0.65617585 0.6735179 0
vt 0.73475915 0.6735682 0
vt 0.5799001 0.46557552 0
vt 0.65677756 0.67351836 0
vt 0.73415625 0.6735685 0
vt 0.5793 0.4655754 0
vt 0.50316507 0.4655705 0
vt 0.65737855 0.6735189 0
vt 0.7335542 0.6735687 0
vt 0.6579793 0.6735194 0
vt 0.7329526 0.67356896 0
vt 0.5781017 0.4655751 0
vt 0.5043629 0.46557093 0
vt 0.65857965 0.67351985 0
vt 0.73235154 0.67356914 0
vt 0.5775031 0.46557492 0
vt 0.5049609 0.46557122 0
vt 0.6591796 0.6735203 0
vt 0.7317508 0.6735694 0
vt 0.5055591 0.46557146 0
vt 0.6597793 0.6735208 0
vt 0.7311503 0.67356956 0
vt 0.5763065 0.46557474 0
vt 0.50615716 0.4655717 0
vt 0.6603791 0.6735213 0
vt 0.73054993 0.6735698 0
vt 0.046362232 0.90923214 0
vt 0.046362232 0.90923214 0
vt 0.09881101 0.46702147 0
vt 0.13659136 0.5988993 0
vt 0.13659136 0.5988993 0
vt 0.075943224 0.14491427 0
vt 0.09848043 0.46750432 0
vt 0.13636944 0.59835935 0
vt 0.07554686 0.14448112 0
vt 0.045405567 0.90991694 0
vt 0.0751505 0.14404798 0
vt 0.09781932 0.46846992 0
vt 0.07475415 0.14361477 0
vt 0.13570476 0.59674144 0
vt 0.07435773 0.14318162 0
vt 0.04397167 0.91094327 0
vt 0.097158134 0.46943557 0
vt 0.13548283 0.5962013 0
vt 0.043492984 0.9112858 0
vt 0.09649675 0.4704016 0
vt 0.1350392 0.59512115 0
vt 0.07317027 0.14188379 0
vt 0.04253556 0.911971 0
vt 0.13481714 0.5945806 0
vt 0.072773576 0.1414504 0
vt 0.095835164 0.47136813 0
vt 0.13459507 0.59404 0
vt 0.07237669 0.14101672 0
vt 0.13437283 0.5934992 0
vt 0.0719796 0.14058286 0
vt 0.09517282 0.4723357 0
vt 0.13415052 0.592958 0
vt 0.07158225 0.1401487 0
vt 0.040621396 0.9133404 0
vt 0.5829103 0.4804957 0
vt 0.09484141 0.47281992 0
vt 0.07118458 0.13971412 0
vt 0.13370553 0.591875 0
vt 0.654362 0.6884598 0
vt 0.07078654 0.1392793 0
vt 0.73654765 0.68851745 0
vt 0.03965139 0.9140162 0
vt 0.58170295 0.4805218 0
vt 0.09417759 0.4737898 0
vt 0.50074553 0.4805212 0
vt 0.65496683 0.68845993 0
vt 0.735944 0.68851674 0
vt 0.5013496 0.48052067 0
vt 0.73534125 0.68851596 0
vt 0.5019533 0.48052025 0
vt 0.6561713 0.6884602 0
vt 0.7347393 0.6885152 0
vt 0.57990074 0.48052156 0
vt 0.65677273 0.6884603 0
vt 0.73413813 0.6885145 0
vt 0.5793009 0.4805215 0
vt 0.73353755 0.6885138 0
vt 0.5787012 0.48052138 0
vt 0.50375354 0.48051935 0
vt 0.65797246 0.6884607 0
vt 0.7329376 0.6885131 0
vt 0.5781021 0.48052132 0
vt 0.50435424 0.48051894 0
vt 0.6585719 0.6884608 0
vt 0.732338 0.68851244 0
vt 0.5049545 0.48051864 0
vt 0.65917104 0.688461 0
vt 0.7317387 0.68851185 0
vt 0.576905 0.4805212 0
vt 0.5055546 0.48051822 0
vt 0.65976995 0.6884612 0
vt 0.731139 0.68851125 0
vt 0.5763065 0.48052108 0
vt 0.50615454 0.48051792 0
vt 0.66036874 0.6884613 0
vt 0.7305395 0.68851066 0
vt 0.038239136 0.89738345 0
vt 0.038239136 0.89738345 0
vt 0.08706284 0.4586165 0
vt 0.123330176 0.60471916 0
vt 0.123330176 0.60471916 0
vt 0.06549827 0.15484834 0
vt 0.086697824 0.45907664 0
vt 0.06507298 0.15444386 0
vt 0.037236568 0.8980008 0
vt 0.08596877 0.4599957 0
vt 0.12255246 0.6031505 0
vt 0.0856037 0.46045595 0
vt 0.122292854 0.6026267 0
vt 0.035733834 0.898926 0
vt 0.085238636 0.46091622 0
vt 0.06337521 0.15282947 0
vt 0.1217737 0.60157955 0
vt 0.06294988 0.15242493 0
vt 0.08450915 0.46183568 0
vt 0.12151399 0.6010555 0
vt 0.034230083 0.8998518 0
vt 0.083779134 0.46275592 0
vt 0.120994434 0.6000078 0
vt 0.06167409 0.15121168 0
vt 0.08341365 0.46321654 0
vt 0.12073431 0.59948313 0
vt 0.06124782 0.15080649 0
vt 0.032724448 0.9007788 0
vt 0.083047904 0.4636776 0
vt 0.06082168 0.15040123 0
vt 0.03222148 0.90108836 0
vt 0.08268192 0.46413875 0
vt 0.120213754 0.59843326 0
vt 0.65375847 0.70339704 0
vt 0.060395256 0.14999574 0
vt 0.08231561 0.46460032 0
vt 0.50017536 0.49545735 0
vt 0.031214498 0.901708 0
vt 0.58169925 0.49546295 0
vt 0.6549647 0.70339763 0
vt 0.059541084 0.14918351 0
vt 0.73592716 0.70345664 0
vt 0.6555657 0.703398 0
vt 0.73532426 0.703456 0
vt 0.5804977 0.49546403 0
vt 0.50197566 0.49545836 0
vt 0.6561659 0.70339835 0
vt 0.73472226 0.7034553 0
vt 0.5025729 0.49545908 0
vt 0.65676606 0.7033986 0
vt 0.73412085 0.70345473 0
vt 0.5792982 0.49546516 0
vt 0.50317055 0.4954599 0
vt 0.6573657 0.70339894 0
vt 0.73352015 0.70345414 0
vt 0.57869947 0.49546582 0
vt 0.65796465 0.7033992 0
vt 0.5043661 0.49546093 0
vt 0.5775029 0.49546677 0
vt 0.5049622 0.49546182 0
vt 0.659162 0.7033999 0
vt 0.73172444 0.70345247 0
vt 0.50555825 0.49546272 0
vt 0.65976006 0.70340025 0
vt 0.73112607 0.7034519 0
vt 0.5763072 0.4954676 0
vt 0.5061542 0.4954636 0
vt 0.66035795 0.70340055 0
vt 0.73052776 0.7034513 0
vt 0.030974599 0.8850064 0
vt 0.030974599 0.8850064 0
vt 0.075939864 0.44942325 0
vt 0.1105135 0.6114362 0
vt 0.1105135 0.6114362 0
vt 0.055781487 0.16547465 0
vt 0.11021752 0.6109318 0
vt 0.07514858 0.45028847 0
vt 0.054875445 0.1647256 0
vt 0.029410187 0.88582647 0
vt 0.054422252 0.16435081 0
vt 0.07435717 0.45115364 0
vt 0.10933083 0.6094205 0
vt 0.05396912 0.16397583 0
vt 0.028366314 0.8863739 0
vt 0.073565565 0.45201898 0
vt 0.108739 0.6084118 0
vt 0.053063028 0.16322625 0
vt 0.073169604 0.45245177 0
vt 0.05260977 0.1628514 0
vt 0.02680107 0.8871947 0
vt 0.10785141 0.60689867 0
vt 0.025755698 0.88774294 0
vt 0.107554786 0.606393 0
vt 0.051250257 0.16172636 0
vt 0.07158717 0.45418137 0
vt 0.10725796 0.60588706 0
vt 0.050795708 0.16135007 0
vt 0.071189694 0.45461577 0
vt 0.10696098 0.6053808 0
vt 0.050340857 0.16097355 0
vt 0.02418604 0.8885657 0
vt 0.8093613 0.708261 0
vt 0.07079203 0.45505023 0
vt 0.10666384 0.60487413 0
vt 0.654346 0.7183277 0
vt 0.049885802 0.1605969 0
vt 0.73651266 0.7183796 0
vt 0.023665087 0.888848 0
vt 0.5817275 0.51035786 0
vt 0.8099639 0.70827484 0
vt 0.070394024 0.4554851 0
vt 0.5007316 0.5103493 0
vt 0.890974 0.7082749 0
vt 0.654949 0.7183288 0
vt 0.04942517 0.16022617 0
vt 0.7359096 0.7183913 0
vt 0.58112574 0.5103702 0
vt 0.8105675 0.7082873 0
vt 0.5013329 0.51036215 0
vt 0.890373 0.70828676 0
vt 0.65555125 0.71832997 0
vt 0.73530793 0.71839124 0
vt 0.58052397 0.51038116 0
vt 0.81117207 0.7082982 0
vt 0.50193655 0.5103736 0
vt 0.88977194 0.7082975 0
vt 0.6561526 0.7183311 0
vt 0.7347071 0.7183912 0
vt 0.57992154 0.5103908 0
vt 0.8117765 0.7083076 0
vt 0.5793191 0.5103989 0
vt 0.812381 0.7083154 0
vt 0.65735257 0.71833336 0
vt 0.73350805 0.7183912 0
vt 0.57871664 0.51040554 0
vt 0.8129854 0.7083215 0
vt 0.50373775 0.51039994 0
vt 0.88797385 0.7083219 0
vt 0.6579515 0.7183347 0
vt 0.7329096 0.71839124 0
vt 0.578114 0.51041067 0
vt 0.8135898 0.708326 0
vt 0.5043414 0.5104053 0
vt 0.88737136 0.70832705 0
vt 0.65855 0.718336 0
vt 0.7323116 0.7183913 0
vt 0.5775112 0.510414 0
vt 0.814194 0.7083286 0
vt 0.5049455 0.510409 0
vt 0.88676894 0.7083306 0
vt 0.65914845 0.7183373 0
vt 0.7317133 0.71839136 0
vt 0.65974665 0.7183386 0
vt 0.7311152 0.7183914 0
vt 0.5763103 0.5104166 0
vt 0.8153966 0.7083305 0
vt 0.5061478 0.5104121 0
vt 0.88556826 0.7083333 0
vt 0.6603448 0.7183398 0
vt 0.73051727 0.7183914 0
vt 0.024603693 0.8721604 0
vt 0.024603693 0.8721604 0
vt 0.065494545 0.43948972 0
vt 0.09820372 0.61901677 0
vt 0.09820372 0.61901677 0
vt 0.046840563 0.17674315 0
vt 0.06506899 0.4398945 0
vt 0.023523431 0.8726348 0
vt 0.09754142 0.61805093 0
vt 0.045882534 0.17605793 0
vt 0.06421826 0.44070387 0
vt 0.045402784 0.17571497 0
vt 0.022443121 0.8731094 0
vt 0.06379264 0.44110876 0
vt 0.09687916 0.6170849 0
vt 0.04492299 0.17537194 0
vt 0.02190269 0.87334687 0
vt 0.063367024 0.44151366 0
vt 0.09654759 0.61660147 0
vt 0.044443134 0.17502892 0
vt 0.06294137 0.44191855 0
vt 0.09621597 0.6161179 0
vt 0.04396321 0.17468584 0
vt 0.020821989 0.8738217 0
vt 0.06251565 0.4423235 0
vt 0.09588431 0.6156343 0
vt 0.043483146 0.17434257 0
vt 0.06208978 0.44272864 0
vt 0.095552646 0.6151506 0
vt 0.043003056 0.17399937 0
vt 0.019740688 0.87429667 0
vt 0.095220886 0.6146666 0
vt 0.04252275 0.17365605 0
vt 0.09488901 0.6141826 0
vt 0.04204248 0.17331266 0
vt 0.060812887 0.4439438 0
vt 0.09455703 0.6136985 0
vt 0.04156186 0.17296916 0
vt 0.018117867 0.8750098 0
vt 0.8087966 0.6933304 0
vt 0.09422478 0.613214 0
vt 0.041080814 0.1726253 0
vt 0.0599592 0.44475627 0
vt 0.8915613 0.69333553 0
vt 0.093892224 0.6127292 0
vt 0.8093499 0.3938297 0
vt 0.040599234 0.1722812 0
vt 0.891556 0.39381903 0
vt 0.8100034 0.6933335 0
vt 0.05953736 0.44516903 0
vt 0.8909578 0.6933477 0
vt 0.093566656 0.61223924 0
vt 0.6549106 0.73321986 0
vt 0.80995166 0.3938166 0
vt 0.04012313 0.1719299 0
vt 0.7359192 0.7332786 0
vt 0.8909543 0.39380604 0
vt 0.89035594 0.69334793 0
vt 0.6555124 0.73323256 0
vt 0.81055343 0.39380467 0
vt 0.73531806 0.7332902 0
vt 0.89035267 0.39379424 0
vt 0.81120664 0.69333655 0
vt 0.8897549 0.6933483 0
vt 0.6561141 0.73324394 0
vt 0.81115526 0.39379394 0
vt 0.734717 0.7333005 0
vt 0.88975096 0.39378375 0
vt 0.8118075 0.6933383 0
vt 0.88915414 0.6933486 0
vt 0.65671587 0.73325396 0
vt 0.811757 0.3937847 0
vt 0.7341159 0.7333096 0
vt 0.88914925 0.39377457 0
vt 0.8124078 0.6933402 0
vt 0.65731823 0.7332625 0
vt 0.81235886 0.3937767 0
vt 0.8130075 0.693342 0
vt 0.65792066 0.7332695 0
vt 0.8129607 0.39377034 0
vt 0.7329154 0.7333237 0
vt 0.88794845 0.39376003 0
vt 0.8136068 0.69334376 0
vt 0.88735837 0.6933496 0
vt 0.658523 0.733275 0
vt 0.8135625 0.39376533 0
vt 0.7323137 0.73332846 0
vt 0.88734674 0.3937552 0
vt 0.8142059 0.69334555 0
vt 0.88676053 0.6933501 0
vt 0.65912527 0.7332789 0
vt 0.8141643 0.39376205 0
vt 0.731712 0.7333316 0
vt 0.88674515 0.39375186 0
vt 0.88616276 0.69335055 0
vt 0.65972763 0.73328114 0
vt 0.814766 0.39376026 0
vt 0.7311103 0.7333333 0
vt 0.8861435 0.39375007 0
vt 0.81540287 0.6933477 0
vt 0.8855652 0.69335115 0
vt 0.6603299 0.73328173 0
vt 0.81536776 0.39376014 0
vt 0.73050857 0.73333335 0
vt 0.8855417 0.39374995 0
vt 0.01915801 0.8589075 0
vt 0.01915801 0.8589075 0
vt 0.05577768 0.42886293 0
vt 0.08646162 0.6274252 0
vt 0.08646162 0.6274252 0
vt 0.038721316 0.18859911 0
vt 0.055324286 0.42923778 0
vt 0.038220346 0.18829072 0
vt 0.018045796 0.85930663 0
vt 0.08573317 0.626508 0
vt 0.05441802 0.429987 0
vt 0.016933497 0.8597058 0
vt 0.053964593 0.43036187 0
vt 0.036717728 0.18736607 0
vt 0.053511176 0.43073678 0
vt 0.08464124 0.6251333 0
vt 0.036216702 0.18705773 0
vt 0.015820868 0.860105 0
vt 0.052604467 0.43148625 0
vt 0.083912686 0.6242157 0
vt 0.014707633 0.86050427 0
vt 0.034713116 0.18613279 0
vt 0.014150293 0.8607042 0
vt 0.08318331 0.6232979 0
vt 0.034211334 0.18582404 0
vt 0.051244207 0.4326108 0
vt 0.0828183 0.6228386 0
vt 0.03370936 0.18551517 0
vt 0.013036006 0.86110383 0
vt 0.8082252 0.67836785 0
vt 0.050789297 0.4329872 0
vt 0.050334454 0.43336332 0
vt 0.082087606 0.62191916 0
vt 0.04987923 0.43373972 0
vt 0.89156795 0.6783706 0
vt 0.08172155 0.62145865 0
vt 0.8093677 0.408751 0
vt 0.032201037 0.18458754 0
vt 0.8915421 0.40873832 0
vt 0.89096457 0.6783706 0
vt 0.80997086 0.40875036 0
vt 0.890939 0.40873772 0
vt 0.8106307 0.6783694 0
vt 0.89036167 0.6783706 0
vt 0.8105731 0.40874964 0
vt 0.8903369 0.4087373 0
vt 0.81122935 0.6783695 0
vt 0.8111745 0.40874887 0
vt 0.8897355 0.40873665 0
vt 0.81182724 0.67836976 0
vt 0.88915974 0.6783707 0
vt 0.81177527 0.4087481 0
vt 0.88913494 0.4087361 0
vt 0.81242454 0.6783699 0
vt 0.81237596 0.40874702 0
vt 0.88853496 0.4087355 0
vt 0.81302136 0.6783701 0
vt 0.8879608 0.6783707 0
vt 0.81297624 0.40874612 0
vt 0.88793546 0.40873474 0
vt 0.81361806 0.67837024 0
vt 0.8873615 0.67837095 0
vt 0.8135761 0.40874517 0
vt 0.88733643 0.40873408 0
vt 0.8142144 0.67837036 0
vt 0.8867619 0.67837095 0
vt 0.8141756 0.40874434 0
vt 0.8861393 0.4087333 0
vt 0.81540865 0.6783707 0
vt 0.8855644 0.678371 0
vt 0.8153732 0.40874314 0
vt 0.88554096 0.4087326 0
vt 0.014666164 0.8453126 0
vt 0.014666164 0.8453126 0
vt 0.046837207 0.41759413 0
vt 0.075343564 0.636619 0
vt 0.075343564 0.636619 0
vt 0.031459678 0.20098275 0
vt 0.030936718 0.20070863 0
vt 0.013529715 0.845634 0
vt 0.045879725 0.4182793 0
vt 0.074552074 0.63575375 0
vt 0.044922117 0.41896445 0
vt 0.07376051 0.6348885 0
vt 0.029370757 0.19988829 0
vt 0.011826299 0.84611577 0
vt 0.073364645 0.6344558 0
vt 0.04396429 0.41964972 0
vt 0.028325377 0.19934052 0
vt 0.010689415 0.84643734 0
vt 0.027802002 0.19906622 0
vt 0.043006003 0.42033523 0
vt 0.02727852 0.19879192 0
vt 0.04252621 0.42067856 0
vt 0.07178403 0.63272744 0
vt 0.02675473 0.19851756 0
vt 0.008983967 0.84691954 0
vt 0.042046204 0.42102206 0
vt 0.07138717 0.63229346 0
vt 0.07099008 0.63185924 0
vt 0.025707688 0.19796884 0
vt 0.007844115 0.847242 0
vt 0.8088168 0.663404 0
vt 0.041086145 0.42170894 0
vt 0.89216566 0.6633748 0
vt 0.070592865 0.63142484 0
vt 0.808777 0.42372727 0
vt 0.02518289 0.1976937 0
vt 0.8921394 0.4237107 0
vt 0.040609524 0.4220587 0
vt 0.8915613 0.6633887 0
vt 0.8099842 0.4237265 0
vt 0.8909326 0.42371124 0
vt 0.8903562 0.66338944 0
vt 0.81058633 0.42372614 0
vt 0.8903314 0.42371136 0
vt 0.8112218 0.6634003 0
vt 0.88975513 0.6633897 0
vt 0.81118774 0.42372572 0
vt 0.8897308 0.4237116 0
vt 0.8118207 0.66339934 0
vt 0.8891538 0.66339 0
vt 0.8117883 0.42372537 0
vt 0.88913107 0.42371172 0
vt 0.8885526 0.6633903 0
vt 0.88853186 0.4237119 0
vt 0.8130181 0.66339797 0
vt 0.8879332 0.42371202 0
vt 0.8136155 0.663397 0
vt 0.8135848 0.42372406 0
vt 0.0111473 0.83144236 0
vt 0.0111473 0.83144236 0
vt 0.038717393 0.405738 0
vt 0.06490313 0.64655375 0
vt 0.06490313 0.64655375 0
vt 0.025093716 0.21383625 0
vt 0.8142127 0.6633961 0
vt 0.81418306 0.42372388 0
vt 0.88673645 0.42371237 0
vt 0.88616097 0.66339123 0
vt 0.81478107 0.4237237 0
vt 0.88613886 0.4237125 0
vt 0.81540775 0.6633949 0
vt 0.88556236 0.6633915 0
vt 0.815379 0.42372346 0
vt 0.88554126 0.42371267 0
vt 0.010567695 0.83156383 0
vt 0.06447691 0.6461488 0
vt 0.009409898 0.8318066 0
vt 0.0372131 0.406663 0
vt 0.06362523 0.6453395 0
vt 0.023473727 0.21312618 0
vt 0.02293281 0.2128892 0
vt 0.008251936 0.83204937 0
vt 0.03620885 0.40728027 0
vt 0.062773414 0.6445302 0
vt 0.062346894 0.64412487 0
vt 0.021851417 0.21241546 0
vt 0.007093498 0.83229226 0
vt 0.06192036 0.64371955 0
vt 0.034703285 0.40820575 0
vt 0.06149409 0.6433145 0
vt 0.0059343744 0.83253515 0
vt 0.034199767 0.40851516 0
vt 0.020229295 0.21170485 0
vt 0.0053538145 0.83265686 0
vt 0.033695947 0.40882468 0
vt 0.060641393 0.642504 0
vt 0.01968703 0.21146744 0
vt 0.0047728433 0.8327786 0
vt 0.060214195 0.6420979 0
vt 0.8081768 0.43870574 0
vt 0.019144353 0.21123004 0
vt 0.004192183 0.83290035 0
vt 0.8087752 0.64842063 0
vt 0.032688648 0.4094435 0
vt 0.8921543 0.6484168 0
vt 0.018601779 0.2109924 0
vt 0.8921599 0.43868774 0
vt 0.80938 0.6484202 0
vt 0.8915502 0.6484163 0
vt 0.80938566 0.4387048 0
vt 0.8915547 0.43868834 0
vt 0.80998355 0.6484198 0
vt 0.8909471 0.6484159 0
vt 0.80998874 0.43870437 0
vt 0.89095056 0.4386888 0
vt 0.008621147 0.8173643 0
vt 0.008621147 0.8173643 0
vt 0.031458497 0.39335322 0
vt 0.055192556 0.6571826 0
vt 0.055192556 0.6571826 0
vt 0.019654252 0.22709548 0
vt 0.81058884 0.6484194 0
vt 0.8105914 0.43870413 0
vt 0.8903473 0.4386893 0
vt 0.8111932 0.43870384 0
vt 0.88974494 0.43868977 0
vt 0.019098345 0.22689635 0
vt 0.8117934 0.6484188 0
vt 0.88914615 0.6484148 0
vt 0.8117943 0.43870354 0
vt 0.8891433 0.4386903 0
vt 0.8123964 0.6484183 0
vt 0.81239474 0.43870324 0
vt 0.8885423 0.43869066 0
vt 0.8879419 0.43869114 0
vt 0.0074505312 0.8175265 0
vt 0.030415565 0.39389944 0
vt 0.81359786 0.6484177 0
vt 0.88735163 0.6484138 0
vt 0.8873418 0.43869156 0
vt 0.8141995 0.6484173 0
vt 0.8867544 0.6484134 0
vt 0.8148008 0.6484169 0
vt 0.8861575 0.64841306 0
vt 0.8147852 0.43870276 0
vt 0.8861437 0.43869233 0
vt 0.81540215 0.6484164 0
vt 0.88556063 0.6484127 0
vt 0.8153829 0.43870258 0
vt 0.8855445 0.4386927 0
vt 0.029894613 0.39417225 0
vt 0.053833716 0.65606105 0
vt 0.0056957463 0.81776965 0
vt 0.028851636 0.3947186 0
vt 0.052926738 0.6553124 0
vt 0.01688006 0.2261014 0
vt 0.005110271 0.8178507 0
vt 0.028330559 0.39499146 0
vt 0.052019406 0.65456367 0
vt 0.01576802 0.22570282 0
vt 0.027287187 0.3955382 0
vt 0.051565174 0.65418875 0
vt 0.015211448 0.2255035 0
vt 0.0033538043 0.81809396 0
vt 0.026765868 0.39581144 0
vt 0.05111075 0.6538138 0
vt 0.05065668 0.6534389 0
vt 0.013542345 0.22490537 0
vt 0.0070971674 0.80314744 0
vt 0.0070971674 0.80314744 0
vt 0.025091248 0.3805015 0
vt 0.046259407 0.6684526 0
vt 0.046259407 0.6684526 0
vt 0.015166667 0.2406959 0
vt 0.0015944144 0.8183374 0
vt 0.80879545 0.63343656 0
vt 0.04974745 0.65268874 0
vt 0.80878735 0.45367748 0
vt 0.012984471 0.22470546 0
vt 0.8921637 0.45367527 0
vt 0.014598012 0.24053508 0
vt 0.8094004 0.63343644 0
vt 0.02467701 0.39690638 0
vt 0.8915865 0.633433 0
vt 0.8915589 0.45367503 0
vt 0.8100043 0.63343644 0
vt 0.89098173 0.63343287 0
vt 0.8909552 0.4536749 0
vt 0.024009462 0.38097638 0
vt 0.81060743 0.6334363 0
vt 0.89037794 0.63343275 0
vt 0.8105958 0.45367825 0
vt 0.89035183 0.45367473 0
vt 0.88977474 0.63343275 0
vt 0.81119573 0.4536786 0
vt 0.8897494 0.45367455 0
vt 0.0053296643 0.8032703 0
vt 0.044824272 0.66742754 0
vt 0.013461075 0.24021411 0
vt 0.889172 0.63343275 0
vt 0.811795 0.45367908 0
vt 0.8891477 0.45367444 0
vt 0.81240845 0.6334362 0
vt 0.8123936 0.4536795 0
vt 0.8885467 0.45367432 0
vt 0.88796985 0.6334327 0
vt 0.8129916 0.45367986 0
vt 0.8879462 0.45367414 0
vt 0.022927564 0.3814513 0
vt 0.04434484 0.6670853 0
vt 0.8136066 0.6334362 0
vt 0.8873684 0.63343275 0
vt 0.81358933 0.45368034 0
vt 0.8873462 0.45367402 0
vt 0.81420517 0.6334362 0
vt 0.88676643 0.63343275 0
vt 0.8141877 0.45368063 0
vt 0.88674617 0.4536739 0
vt 0.8148035 0.6334362 0
vt 0.88616467 0.6334328 0
vt 0.8147859 0.45368105 0
vt 0.8861463 0.45367378 0
vt 0.8154017 0.6334362 0
vt 0.8855631 0.63343287 0
vt 0.8153839 0.45368135 0
vt 0.8855466 0.45367366 0
vt 0.0041503543 0.8033525 0
vt 0.022385756 0.3816893 0
vt 0.012324077 0.23989266 0
vt 0.021843871 0.38192725 0
vt 0.04338672 0.6664011 0
vt 0.0029706934 0.8034346 0
vt 0.021301793 0.38216537 0
vt 0.042907022 0.6660586 0
vt 0.02075968 0.3824035 0
vt 0.04242743 0.6657162 0
vt 0.010618916 0.23941064 0
vt 0.006582502 0.7888598 0
vt 0.006582502 0.7888598 0
vt 0.019651683 0.36724198 0
vt 0.038147286 0.6803084 0
vt 0.038147286 0.6803084 0
vt 0.01165269 0.25457156 0
vt 0.0017902423 0.80351704 0
vt 0.02021729 0.38264167 0
vt 0.04194762 0.66537356 0
vt 0.0100492025 0.23924947 0
vt 0.019674547 0.3828801 0
vt 0.009479265 0.23908824 0
vt 0.019131683 0.3831185 0
vt 0.018540101 0.36764026 0
vt 0.037145633 0.6796925 0
vt 1.8589591E-05 0.8036408 0
vt 0.80877125 0.61845046 0
vt 0.018588366 0.38335735 0
vt 0.89216197 0.61844677 0
vt 0.040508833 0.66434634 0
vt 0.8087626 0.4686566 0
vt 0.008339279 0.23876566 0
vt 0.8921493 0.46865606 0
vt 0.004808591 0.7888607 0
vt 0.017984092 0.36783946 0
vt 0.009917632 0.25420845 0
vt 0.80937624 0.618451 0
vt 0.80936706 0.46865708 0
vt 0.8099815 0.6184515 0
vt 0.8909551 0.61844826 0
vt 0.809972 0.4686576 0
vt 0.89094275 0.4686556 0
vt 0.036144 0.6790765 0
vt 0.81058615 0.6184521 0
vt 0.8105759 0.4686581 0
vt 0.8903411 0.46865523 0
vt 0.8111899 0.61845255 0
vt 0.88975173 0.61844945 0
vt 0.811179 0.46865863 0
vt 0.8897403 0.46865505 0
vt 0.003624281 0.7888612 0
vt 0.008759343 0.2539661 0
vt 0.81179404 0.61845315 0
vt 0.8117812 0.4686591 0
vt 0.88914025 0.4686548 0
vt 0.8885516 0.6184505 0
vt 0.8123829 0.46865958 0
vt 0.88854086 0.4686547 0
vt 0.0030310873 0.7888615 0
vt 0.016317787 0.3684364 0
vt 0.035142202 0.6784604 0
vt 0.008179388 0.2538448 0
vt 0.8129965 0.6184541 0
vt 0.88795286 0.6184511 0
vt 0.812984 0.46866006 0
vt 0.8135987 0.61845464 0
vt 0.8135847 0.46866047 0
vt 0.8873425 0.4686544 0
vt 0.0070836227 0.77457154 0
vt 0.0070836227 0.77457154 0
vt 0.015164244 0.35364133 0
vt 0.030891301 0.6926907 0
vt 0.030891301 0.6926907 0
vt 0.0091317 0.268655 0
vt 0.81420046 0.61845523 0
vt 0.8867558 0.618452 0
vt 0.88674384 0.46865427 0
vt 0.81478333 0.468661 0
vt 0.88614535 0.46865416 0
vt 0.8154001 0.618456 0
vt 0.88555974 0.6184528 0
vt 0.8153831 0.4686615 0
vt 0.885547 0.46865404 0
vt 0.002437789 0.78886175 0
vt 0.007599288 0.25372344 0
vt 0.008546043 0.268574 0
vt 0.0018444101 0.78886205 0
vt 0.01520515 0.3688349 0
vt 0.0070192483 0.2536021 0
vt 0.014026351 0.35396254 0
vt 0.029845724 0.69214326 0
vt 0.0012508456 0.78886235 0
vt 0.014648332 0.36903423 0
vt 0.03363913 0.67753613 0
vt 0.006438963 0.25348067 0
vt 0.005315579 0.7744505 0
vt 0.0073749386 0.2684121 0
vt 0.00065750704 0.78886265 0
vt 0.807619 0.6034813 0
vt 0.014091225 0.36923367 0
vt 0.005858367 0.25335926 0
vt 0.0052776015 0.25323772 0
vt 0.0047256234 0.77441 0
vt 0.028799985 0.6915957 0
vt 0.008594925 0.7603527 0
vt 0.008594925 0.7603527 0
vt 0.0116522545 0.33976543 0
vt 0.024532055 0.70554316 0
vt 0.024532055 0.70554316 0
vt 0.0076133856 0.28287685 0
vt 0.012976241 0.36963284 0
vt 0.8921525 0.60347766 0
vt 0.004696344 0.2531162 0
vt 0.8921495 0.48362875 0
vt 0.012321194 0.35444385 0
vt 0.006203649 0.2682501 0
vt 0.8094293 0.60347986 0
vt 0.031632647 0.6763016 0
vt 0.80936617 0.4836461 0
vt 0.8915452 0.48362935 0
vt 0.008008578 0.7602718 0
vt 0.80997056 0.48364586 0
vt 0.89094126 0.48362988 0
vt 0.0035456482 0.7743291 0
vt 0.8106309 0.603479 0
vt 0.89034665 0.6034768 0
vt 0.8105745 0.48364562 0
vt 0.89033824 0.48363048 0
vt 0.010495764 0.34000748 0
vt 0.02345146 0.70507 0
vt 0.006433241 0.28279555 0
vt 0.8897472 0.60347646 0
vt 0.8111776 0.48364526 0
vt 0.01118268 0.35476524 0
vt 0.027232748 0.6907753 0
vt 0.0050319205 0.26808798 0
vt 0.011110391 0.74627227 0
vt 0.011110391 0.74627227 0
vt 0.009130208 0.32568252 0
vt 0.019098327 0.71880054 0
vt 0.019098327 0.71880054 0
vt 0.0071060793 0.29716873 0
vt 0.8118289 0.60347843 0
vt 0.889148 0.60347617 0
vt 0.8117799 0.48364496 0
vt 0.8885492 0.6034759 0
vt 0.8123816 0.48364466 0
vt 0.8885388 0.48363173 0
vt 0.0023650518 0.7742481 0
vt 0.010612427 0.35492617 0
vt 0.026708312 0.6905005 0
vt 0.004445582 0.26800704 0
vt 0.81302416 0.60347795 0
vt 0.88795054 0.6034756 0
vt 0.81298274 0.48364437 0
vt 0.8879403 0.48363227 0
vt 0.0146168675 0.732399 0
vt 0.0146168675 0.732399 0
vt 0.007612765 0.31146038 0
vt 0.018542202 0.71860147 0
vt 0.0065139947 0.29716873 0
vt 0.81361926 0.60347784 0
vt 0.8135834 0.48364407 0
vt 0.887342 0.48363256 0
vt 0.8142141 0.6034777 0
vt 0.886754 0.6034752 0
vt 0.81418365 0.48364383 0
vt 0.886744 0.48363304 0
vt 0.81480885 0.6034776 0
vt 0.8861563 0.60347486 0
vt 0.81478393 0.48364353 0
vt 0.88614625 0.4836334 0
vt 0.81540364 0.6034775 0
vt 0.8855587 0.6034745 0
vt 0.81538427 0.48364323 0
vt 0.88554853 0.48363376 0
vt 0.0062526716 0.7600297 0
vt 0.0052530156 0.28271425 0
vt 0.0017742455 0.7742076 0
vt 0.01004257 0.35508692 0
vt 0.026184162 0.69022596 0
vt 0.00385926 0.26792598 0
vt 0.009953383 0.74603057 0
vt 0.007958148 0.32584476 0
vt 0.0011831691 0.77416706 0
vt 0.009472421 0.3552478 0
vt 0.025659706 0.6899513 0
vt 0.0032727763 0.26784492 0
vt 0.00566616 0.75994873 0
vt 0.008762121 0.34037036 0
vt 0.021831673 0.704361 0
vt 0.0046625277 0.28267348 0
vt 0.013479281 0.7320783 0
vt 0.0064327004 0.31154168 0
vt 0.0005917821 0.77412647 0
vt 0.008901923 0.35540873 0
vt 0.025134936 0.6896764 0
vt 0.0026859783 0.26776373 0
vt 0.008183784 0.3404913 0
vt 0 0.7740858 0
vt 0.80874527 0.5885029 0
vt 0.008331194 0.35556966 0
vt 0.8921776 0.58849835 0
vt 0.024609797 0.68940115 0
vt 0.80877864 0.4986307 0
vt 0.0067860074 0.32600713 0
vt 0.016876217 0.71800494 0
vt 0.0047407732 0.29716885 0
vt 0.004493818 0.759787 0
vt 0.020750703 0.70388794 0
vt 0.8093523 0.58850265 0
vt 0.8915728 0.5884979 0
vt 0.8093844 0.49862987 0
vt 0.0015108298 0.26760137 0
vt 0.8915749 0.4986139 0
vt 0.012341631 0.7317575 0
vt 0.005252556 0.3116228 0
vt 0.80996 0.5885022 0
vt 0.89096916 0.58849746 0
vt 0.8909707 0.49861395 0
vt 0.008219196 0.7456684 0
vt 0.004148544 0.29716885 0
vt 0.0039069555 0.75970614 0
vt 0.002892621 0.28255147 0
vt 0.8105665 0.58850193 0
vt 0.8903663 0.58849716 0
vt 0.8105905 0.49862862 0
vt 0.89036745 0.498614 0
vt 0.011772277 0.73159707 0
vt 0.004662217 0.31166333 0
vt 0.003319839 0.75962514 0
vt 0.005613577 0.32616955 0
vt 0.81117266 0.5885015 0
vt 0.88976306 0.5884968 0
vt 0.8111926 0.49862796 0
vt 0.8897652 0.49861407 0
vt 0.81177783 0.5885012 0
vt 0.8891605 0.58849657 0
vt 0.81179386 0.4986273 0
vt 0.8891628 0.49861407 0
vt 0.002732416 0.75954413 0
vt 0.807611 0.5735142 0
vt 0.005872319 0.34097522 0
vt 0.019128844 0.70317847 0
vt 0.0017102788 0.28246993 0
vt 0.8123823 0.58850086 0
vt 0.81239456 0.4986267 0
vt 0.8885601 0.49861413 0
vt 0.011202878 0.73143655 0
vt 0.0040717903 0.31170398 0
vt 0.007061569 0.7454266 0
vt 0.0050264886 0.32625085 0
vt 0.0029646044 0.29716885 0
vt 0.8129863 0.5885005 0
vt 0.8879594 0.5884961 0
vt 0.8129947 0.49862605 0
vt 0.88795805 0.4986142 0
vt 0.8135899 0.5885001 0
vt 0.88735884 0.58849573 0
vt 0.8135945 0.4986254 0
vt 0.8873564 0.4986142 0
vt 0.0052919486 0.3410967 0
vt 0.018586729 0.7029413 0
vt 0.0011178636 0.28242904 0
vt 0.8141929 0.5884997 0
vt 0.88675493 0.4986143 0
vt 0.81479573 0.5884993 0
vt 0.8861602 0.5884954 0
vt 0.8861538 0.4986143 0
vt 0.8153984 0.58849895 0
vt 0.8855603 0.588495 0
vt 0.8153888 0.49862438 0
vt 0.88555276 0.49861437 0
vt 0.0064821704 0.74530566 0
vt 0.014656784 0.71721005 0
vt 0.0023720844 0.29716885 0
vt 0.01063369 0.73127604 0
vt 0.0034813266 0.3117445 0
vt 0.0047112075 0.3412183 0
vt 0.8921758 0.573511 0
vt 0.01804422 0.7027041 0
vt 0.8087923 0.5136051 0
vt 0.0005254685 0.28238815 0
vt 0.8921521 0.5135952 0
vt 0.0059025707 0.74518454 0
vt 0.003852937 0.32641357 0
vt 0.014099464 0.7170104 0
vt 0.0017794635 0.29716885 0
vt 0.0100643365 0.73111546 0
vt 0.0028906534 0.3117851 0
vt 0.80942196 0.5735158 0
vt 0.891571 0.5735113 0
vt 0.8915477 0.51359516 0
vt 0.005322676 0.7450634 0
vt 0.0032656228 0.326495 0
vt 0.013542248 0.7168108 0
vt 0.8100222 0.57351625 0
vt 0.89096683 0.57351166 0
vt 0.89094424 0.51359516 0
vt 0.009494713 0.73095477 0
vt 0.8903636 0.57351196 0
vt 0.8106007 0.51360464 0
vt 0.8903417 0.5135951 0
vt 0.004742407 0.7449423 0
vt 0.80816734 0.5585463 0
vt 0.0026780989 0.32657647 0
vt 0.012984697 0.716611 0
vt 0.80818003 0.5285834 0
vt 0.0005937419 0.29716873 0
vt 0.008924775 0.730794 0
vt 0.0017089319 0.31186634 0
vt 0.8112228 0.57351714 0
vt 0.88976115 0.5735123 0
vt 0.81120145 0.5136045 0
vt 0.8087732 0.5585458 0
vt 0.0020901638 0.326658 0
vt 0.89216125 0.55853224 0
vt 0 0.29716873 0
vt 0.8921776 0.52857155 0
vt 0.8118206 0.57351756 0
vt 0.8891592 0.5735127 0
vt 0.8118015 0.5136044 0
vt 0.008354469 0.73063314 0
vt 0.8081917 0.5435592 0
vt 0.81241786 0.5735179 0
vt 0.8124009 0.51360434 0
vt 0.88854104 0.5135951 0
vt 0.80937934 0.55854535 0
vt 0.8915562 0.5585326 0
vt 0.80938864 0.52858317 0
vt 0.8915729 0.52857184 0
vt 0.813015 0.5735183 0
vt 0.8879587 0.57351315 0
vt 0.8129997 0.51360416 0
vt 0.8879428 0.513595 0
vt 0.8087976 0.54355943 0
vt 0.00052567816 0.31194764 0
vt 0.8921646 0.54355747 0
vt 0.81361175 0.5735185 0
vt 0.88735867 0.57351345 0
vt 0.8135982 0.51360416 0
vt 0.81420827 0.5735189 0
vt 0.88675886 0.57351375 0
vt 0.8141966 0.51360404 0
vt 0.88674647 0.5135949 0
vt 0.81480455 0.5735192 0
vt 0.88615936 0.57351404 0
vt 0.81479466 0.513604 0
vt 0.8861494 0.51359487 0
vt 0.8099844 0.5585449 0
vt 0.8099921 0.52858317 0
vt 0.8909688 0.52857196 0
vt 0.8154008 0.57351947 0
vt 0.8855598 0.5735144 0
vt 0.8153926 0.5136038 0
vt 0.88555247 0.51359475 0
vt 0.8105887 0.5585443 0
vt 0.8903504 0.558533 0
vt 0.8903658 0.5285722 0
vt 0.8909572 0.5435569 0
vt 0.81119657 0.52858305 0
vt 0.88976264 0.5285726 0
vt 0.8106043 0.5435599 0
vt 0.89035505 0.54355663 0
vt 0.8117937 0.5585434 0
vt 0.8891491 0.5585333 0
vt 0.81179804 0.528583 0
vt 0.8891603 0.5285729 0
vt 0.88854975 0.55853355 0
vt 0.81239873 0.52858293 0
vt 0.88855857 0.5285732 0
vt 0.811205 0.54356 0
vt 0.88975364 0.54355633 0
vt 0.8129953 0.55854267 0
vt 0.88795084 0.55853367 0
vt 0.81299895 0.52858293 0
vt 0.88795745 0.52857345 0
vt 0.81180507 0.5435604 0
vt 0.88915306 0.5435561 0
vt 0.8135962 0.5585422 0
vt 0.88735217 0.5585339 0
vt 0.88735664 0.52857375 0
vt 0.8141968 0.5585418 0
vt 0.8867538 0.5585341 0
vt 0.8141971 0.5285828 0
vt 0.88675624 0.528574 0
vt 0.81479734 0.5585413 0
vt 0.8861556 0.55853426 0
vt 0.81479615 0.52858275 0
vt 0.886156 0.5285743 0
vt 0.8153976 0.5585409 0
vt 0.88555753 0.5585345 0
vt 0.8153951 0.5285827 0
vt 0.8855559 0.5285745 0
vt 0.81240475 0.54356056 0
vt 0.8885527 0.5435559 0
vt 0.8130039 0.54356086 0
vt 0.88795286 0.5435557 0
vt 0.8873534 0.5435555 0
vt 0.8142012 0.5435611 0
vt 0.88675433 0.54355526 0
vt 0.8147993 0.54356134 0
vt 0.8861555 0.543555 0
vt 0.8855567 0.5435549 0
vt 0.8855567 0.5435549 0
vt 0.81539726 0.54356146 0
vt 0.81539726 0.54356146 0
# 3742 texture coords

usemtl material_0
s 1
f 903/903/903 1436/1436/1436 1478/1478/1478
f 1478/1478/1478 964/964/964 903/903/903
f 1024/1024/1024 964/964/964 1478/1478/1478
f 1478/1478/1478 1494/1494/1494 1024/1024/1024
f 1247/1247/1247 655/655/655 589/589/589
f 589/589/589 1231/1231/1231 1247/1247/1247
f 1207/1207/1207 1231/1231/1231 589/589/589
f 589/589/589 530/530/530 1207/1207/1207
f 1207/1207/1207 530/530/530 471/471/471
f 471/471/471 1191/1191/1191 1207/1207/1207
f 1191/1191/1191 471/471/471 421/421/421
f 421/421/421 1133/1133/1133 1191/1191/1191
f 1075/1075/1075 1133/1133/1133 421/421/421
f 421/421/421 377/377/377 1075/1075/1075
f 1075/1075/1075 377/377/377 332/332/332
f 332/332/332 1067/1067/1067 1075/1075/1075
f 1067/1067/1067 332/332/332 282/282/282
f 282/282/282 1059/1059/1059 1067/1067/1067
f 1051/1051/1051 1059/1059/1059 282/282/282
f 282/282/282 239/239/239 1051/1051/1051
f 1043/1043/1043 1051/1051/1051 239/239/239
f 239/239/239 207/207/207 1043/1043/1043
f 1035/1035/1035 1043/1043/1043 207/207/207
f 207/207/207 181/181/181 1035/1035/1035
f 1035/1035/1035 181/181/181 167/167/167
f 167/167/167 1025/1025/1025 1035/1035/1035
f 1025/1025/1025 167/167/167 178/178/178
f 178/178/178 1031/1031/1031 1025/1025/1025
f 1039/1039/1039 1031/1031/1031 178/178/178
f 178/178/178 204/204/204 1039/1039/1039
f 1039/1039/1039 204/204/204 236/236/236
f 236/236/236 1047/1047/1047 1039/1039/1039
f 1047/1047/1047 236/236/236 279/279/279
f 279/279/279 1055/1055/1055 1047/1047/1047
f 1055/1055/1055 279/279/279 329/329/329
f 329/329/329 1063/1063/1063 1055/1055/1055
f 1071/1071/1071 1063/1063/1063 329/329/329
f 329/329/329 374/374/374 1071/1071/1071
f 1071/1071/1071 374/374/374 418/418/418
f 418/418/418 1129/1129/1129 1071/1071/1071
f 1187/1187/1187 1129/1129/1129 418/418/418
f 418/418/418 468/468/468 1187/1187/1187
f 1187/1187/1187 468/468/468 527/527/527
f 527/527/527 1203/1203/1203 1187/1187/1187
f 1227/1227/1227 1203/1203/1203 527/527/527
f 527/527/527 586/586/586 1227/1227/1227
f 1227/1227/1227 586/586/586 652/652/652
f 652/652/652 1243/1243/1243 1227/1227/1227
f 1243/1243/1243 652/652/652 711/711/711
f 711/711/711 1330/1330/1330 1243/1243/1243
f 1350/1350/1350 1330/1330/1330 711/711/711
f 711/711/711 781/781/781 1350/1350/1350
f 1350/1350/1350 781/781/781 840/840/840
f 840/840/840 1366/1366/1366 1350/1350/1350
f 1432/1432/1432 1366/1366/1366 840/840/840
f 840/840/840 900/900/900 1432/1432/1432
f 1474/1474/1474 1432/1432/1432 900/900/900
f 900/900/900 961/961/961 1474/1474/1474
f 1490/1490/1490 1474/1474/1474 961/961/961
f 961/961/961 1021/1021/1021 1490/1490/1490
f 1490/1490/1490 1021/1021/1021 1165/1165/1165
f 1165/1165/1165 1506/1506/1506 1490/1490/1490
f 1589/1589/1589 1506/1506/1506 1165/1165/1165
f 1165/1165/1165 1316/1316/1316 1589/1589/1589
f 1605/1605/1605 1589/1589/1589 1316/1316/1316
f 1316/1316/1316 1460/1460/1460 1605/1605/1605
f 1605/1605/1605 1460/1460/1460 1575/1575/1575
f 1575/1575/1575 1621/1621/1621 1605/1605/1605
f 1621/1621/1621 1575/1575/1575 1686/1686/1686
f 1686/1686/1686 1700/1700/1700 1621/1621/1621
f 1725/1725/1725 1700/1700/1700 1686/1686/1686
f 1686/1686/1686 1740/1740/1740 1725/1725/1725
f 1725/1725/1725 1740/1740/1740 1858/1858/1858
f 1858/1858/1858 1811/1811/1811 1725/1725/1725
f 1827/1827/1827 1811/1811/1811 1858/1858/1858
f 1858/1858/1858 1970/1970/1970 1827/1827/1827
f 1843/1843/1843 1827/1827/1827 1970/1970/1970
f 1970/1970/1970 2115/2115/2115 1843/1843/1843
f 1843/1843/1843 2115/2115/2115 2268/2268/2268
f 2268/2268/2268 1923/1923/1923 1843/1843/1843
f 1939/1939/1939 1923/1923/1923 2268/2268/2268
f 2268/2268/2268 2419/2419/2419 1939/1939/1939
f 1939/1939/1939 2419/2419/2419 2485/2485/2485
f 2485/2485/2485 1955/1955/1955 1939/1939/1939
f 1955/1955/1955 2485/2485/2485 2553/2553/2553
f 2553/2553/2553 1997/1997/1997 1955/1955/1955
f 2064/2064/2064 1997/1997/1997 2553/2553/2553
f 2553/2553/2553 2623/2623/2623 2064/2064/2064
f 2064/2064/2064 2623/2623/2623 2698/2698/2698
f 2698/2698/2698 2080/2080/2080 2064/2064/2064
f 2080/2080/2080 2698/2698/2698 2774/2774/2774
f 2774/2774/2774 2100/2100/2100 2080/2080/2080
f 2189/2189/2189 2100/2100/2100 2774/2774/2774
f 2774/2774/2774 2843/2843/2843 2189/2189/2189
f 2189/2189/2189 2843/2843/2843 2934/2934/2934
f 2934/2934/2934 2205/2205/2205 2189/2189/2189
f 2205/2205/2205 2934/2934/2934 3039/3039/3039
f 3039/3039/3039 2229/2229/2229 2205/2205/2205
f 2245/2245/2245 2229/2229/2229 3039/3039/3039
f 3039/3039/3039 3111/3111/3111 2245/2245/2245
f 2302/2302/2302 2245/2245/2245 3111/3111/3111
f 3111/3111/3111 3169/3169/3169 2302/2302/2302
f 2368/2368/2368 2302/2302/2302 3169/3169/3169
f 3169/3169/3169 3226/3226/3226 2368/2368/2368
f 2368/2368/2368 3226/3226/3226 3279/3279/3279
f 3279/3279/3279 2376/2376/2376 2368/2368/2368
f 2384/2384/2384 2376/2376/2376 3279/3279/3279
f 3279/3279/3279 3348/3348/3348 2384/2384/2384
f 2392/2392/2392 2384/2384/2384 3348/3348/3348
f 3348/3348/3348 3406/3406/3406 2392/2392/2392
f 2392/2392/2392 3406/3406/3406 3442/3442/3442
f 3442/3442/3442 2400/2400/2400 2392/2392/2392
f 2408/2408/2408 2400/2400/2400 3442/3442/3442
f 3442/3442/3442 3474/3474/3474 2408/2408/2408
f 2408/2408/2408 3474/3474/3474 3494/3494/3494
f 3494/3494/3494 2414/2414/2414 2408/2408/2408
f 2414/2414/2414 3494/3494/3494 3477/3477/3477
f 3477/3477/3477 2412/2412/2412 2414/2414/2414
f 2404/2404/2404 2412/2412/2412 3477/3477/3477
f 3477/3477/3477 3445/3445/3445 2404/2404/2404
f 2404/2404/2404 3445/3445/3445 3409/3409/3409
f 3409/3409/3409 2396/2396/2396 2404/2404/2404
f 2388/2388/2388 2396/2396/2396 3409/3409/3409
f 3409/3409/3409 3351/3351/3351 2388/2388/2388
f 2388/2388/2388 3351/3351/3351 3282/3282/3282
f 3282/3282/3282 2380/2380/2380 2388/2388/2388
f 2380/2380/2380 3282/3282/3282 3229/3229/3229
f 3229/3229/3229 2372/2372/2372 2380/2380/2380
f 2306/2306/2306 2372/2372/2372 3229/3229/3229
f 3229/3229/3229 3172/3172/3172 2306/2306/2306
f 2306/2306/2306 3172/3172/3172 3114/3114/3114
f 3114/3114/3114 2249/2249/2249 2306/2306/2306
f 2233/2233/2233 2249/2249/2249 3114/3114/3114
f 3114/3114/3114 3042/3042/3042 2233/2233/2233
f 2233/2233/2233 3042/3042/3042 2937/2937/2937
f 2937/2937/2937 2209/2209/2209 2233/2233/2233
f 2193/2193/2193 2209/2209/2209 2937/2937/2937
f 2937/2937/2937 2846/2846/2846 2193/2193/2193
f 2193/2193/2193 2846/2846/2846 2777/2777/2777
f 2777/2777/2777 2104/2104/2104 2193/2193/2193
f 2084/2084/2084 2104/2104/2104 2777/2777/2777
f 2777/2777/2777 2701/2701/2701 2084/2084/2084
f 2084/2084/2084 2701/2701/2701 2626/2626/2626
f 2626/2626/2626 2068/2068/2068 2084/2084/2084
f 2068/2068/2068 2626/2626/2626 2556/2556/2556
f 2556/2556/2556 2001/2001/2001 2068/2068/2068
f 2001/2001/2001 2556/2556/2556 2488/2488/2488
f 2488/2488/2488 1959/1959/1959 2001/2001/2001
f 1943/1943/1943 1959/1959/1959 2488/2488/2488
f 2488/2488/2488 2422/2422/2422 1943/1943/1943
f 1943/1943/1943 2422/2422/2422 2271/2271/2271
f 2271/2271/2271 1927/1927/1927 1943/1943/1943
f 1927/1927/1927 2271/2271/2271 2118/2118/2118
f 2118/2118/2118 1847/1847/1847 1927/1927/1927
f 1831/1831/1831 1847/1847/1847 2118/2118/2118
f 2118/2118/2118 1973/1973/1973 1831/1831/1831
f 1831/1831/1831 1973/1973/1973 1861/1861/1861
f 1861/1861/1861 1815/1815/1815 1831/1831/1831
f 1729/1729/1729 1815/1815/1815 1861/1861/1861
f 1861/1861/1861 1743/1743/1743 1729/1729/1729
f 1704/1704/1704 1729/1729/1729 1743/1743/1743
f 1743/1743/1743 1689/1689/1689 1704/1704/1704
f 1625/1625/1625 1704/1704/1704 1689/1689/1689
f 1689/1689/1689 1578/1578/1578 1625/1625/1625
f 1625/1625/1625 1578/1578/1578 1463/1463/1463
f 1463/1463/1463 1609/1609/1609 1625/1625/1625
f 1609/1609/1609 1463/1463/1463 1319/1319/1319
f 1319/1319/1319 1593/1593/1593 1609/1609/1609
f 1593/1593/1593 1319/1319/1319 1168/1168/1168
f 1168/1168/1168 1510/1510/1510 1593/1593/1593
f 1510/1510/1510 1168/1168/1168 1024/1024/1024
f 1024/1024/1024 1494/1494/1494 1510/1510/1510
f 714/714/714 655/655/655 1247/1247/1247
f 1247/1247/1247 1334/1334/1334 714/714/714
f 714/714/714 1334/1334/1334 1354/1354/1354
f 1354/1354/1354 784/784/784 714/714/714
f 784/784/784 1354/1354/1354 1370/1370/1370
f 1370/1370/1370 843/843/843 784/784/784
f 903/903/903 843/843/843 1370/1370/1370
f 1370/1370/1370 1436/1436/1436 903/903/903
f 3229/3229/3229 3235/3235/3235 3172/3172/3172
f 3235/3235/3235 3229/3229/3229 3282/3282/3282
f 3282/3282/3282 3289/3289/3289 3235/3235/3235
f 3289/3289/3289 3282/3282/3282 3351/3351/3351
f 2779/2779/2779 2777/2777/2777 2846/2846/2846
f 2777/2777/2777 2779/2779/2779 2704/2704/2704
f 2704/2704/2704 2701/2701/2701 2777/2777/2777
f 3115/3115/3115 3114/3114/3114 3172/3172/3172
f 3044/3044/3044 3042/3042/3042 3114/3114/3114
f 3114/3114/3114 3115/3115/3115 3044/3044/3044
f 3409/3409/3409 3421/3421/3421 3351/3351/3351
f 3421/3421/3421 3409/3409/3409 3445/3445/3445
f 2488/2488/2488 2489/2489/2489 2422/2422/2422
f 2489/2489/2489 2488/2488/2488 2556/2556/2556
f 2556/2556/2556 2557/2557/2557 2489/2489/2489
f 2557/2557/2557 2556/2556/2556 2626/2626/2626
f 1746/1746/1746 1743/1743/1743 1861/1861/1861
f 1743/1743/1743 1746/1746/1746 1689/1689/1689
f 3477/3477/3477 3496/3496/3496 3445/3445/3445
f 3496/3496/3496 3477/3477/3477 3494/3494/3494
f 1018/1018/1018 1024/1024/1024 1168/1168/1168
f 1024/1024/1024 1018/1018/1018 964/964/964
f 708/708/708 714/714/714 784/784/784
f 714/714/714 708/708/708 655/655/655
f 2938/2938/2938 2934/2934/2934 2843/2843/2843
f 2934/2934/2934 2938/2938/2938 3043/3043/3043
f 3043/3043/3043 3039/3039/3039 2934/2934/2934
f 2774/2774/2774 2778/2778/2778 2843/2843/2843
f 2778/2778/2778 2774/2774/2774 2698/2698/2698
f 2698/2698/2698 2702/2702/2702 2778/2778/2778
f 2702/2702/2702 2698/2698/2698 2623/2623/2623
f 2419/2419/2419 2423/2423/2423 2485/2485/2485
f 2423/2423/2423 2419/2419/2419 2268/2268/2268
f 1744/1744/1744 1740/1740/1740 1686/1686/1686
f 471/471/471 465/465/465 421/421/421
f 465/465/465 471/471/471 530/530/530
f 374/374/374 366/366/366 418/418/418
f 366/366/366 374/374/374 329/329/329
f 329/329/329 320/320/320 366/366/366
f 320/320/320 329/329/329 279/279/279
f 781/781/781 778/778/778 840/840/840
f 778/778/778 781/781/781 711/711/711
f 524/524/524 527/527/527 468/468/468
f 164/164/164 178/178/178 167/167/167
f 178/178/178 164/164/164 193/193/193
f 193/193/193 204/204/204 178/178/178
f 2701/2701/2701 2704/2704/2704 2629/2629/2629
f 2629/2629/2629 2626/2626/2626 2701/2701/2701
f 2626/2626/2626 2629/2629/2629 2557/2557/2557
f 3042/3042/3042 3044/3044/3044 2941/2941/2941
f 2941/2941/2941 2937/2937/2937 3042/3042/3042
f 2937/2937/2937 2941/2941/2941 2846/2846/2846
f 3039/3039/3039 3043/3043/3043 3117/3117/3117
f 3117/3117/3117 3111/3111/3111 3039/3039/3039
f 3111/3111/3111 3117/3117/3117 3169/3169/3169
f 1740/1740/1740 1744/1744/1744 1862/1862/1862
f 1862/1862/1862 1858/1858/1858 1740/1740/1740
f 1858/1858/1858 1862/1862/1862 1970/1970/1970
f 527/527/527 524/524/524 581/581/581
f 581/581/581 586/586/586 527/527/527
f 586/586/586 581/581/581 652/652/652
f 204/204/204 193/193/193 219/219/219
f 219/219/219 236/236/236 204/204/204
f 236/236/236 219/219/219 279/279/279
f 266/266/266 279/279/279 219/219/219
f 279/279/279 266/266/266 320/320/320
f 2268/2268/2268 2282/2282/2282 2423/2423/2423
f 2282/2282/2282 2268/2268/2268 2115/2115/2115
f 2115/2115/2115 2120/2120/2120 2282/2282/2282
f 2120/2120/2120 2115/2115/2115 1970/1970/1970
f 2623/2623/2623 2628/2628/2628 2702/2702/2702
f 2628/2628/2628 2623/2623/2623 2553/2553/2553
f 2553/2553/2553 2558/2558/2558 2628/2628/2628
f 2558/2558/2558 2553/2553/2553 2485/2485/2485
f 1686/1686/1686 1682/1682/1682 1744/1744/1744
f 1682/1682/1682 1686/1686/1686 1575/1575/1575
f 2848/2848/2848 2843/2843/2843 2778/2778/2778
f 711/711/711 706/706/706 778/778/778
f 706/706/706 711/711/711 652/652/652
f 652/652/652 648/648/648 706/706/706
f 648/648/648 652/652/652 581/581/581
f 407/407/407 418/418/418 366/366/366
f 167/167/167 145/145/145 164/164/164
f 145/145/145 167/167/167 150/150/150
f 181/181/181 150/150/150 167/167/167
f 150/150/150 181/181/181 207/207/207
f 207/207/207 187/187/187 150/150/150
f 187/187/187 207/207/207 239/239/239
f 239/239/239 220/220/220 187/187/187
f 220/220/220 239/239/239 282/282/282
f 282/282/282 268/268/268 220/220/220
f 268/268/268 282/282/282 332/332/332
f 530/530/530 523/523/523 465/465/465
f 523/523/523 530/530/530 589/589/589
f 589/589/589 582/582/582 523/523/523
f 582/582/582 589/589/589 655/655/655
f 1168/1168/1168 1154/1154/1154 1018/1018/1018
f 1154/1154/1154 1168/1168/1168 1319/1319/1319
f 1319/1319/1319 1313/1313/1313 1154/1154/1154
f 1313/1313/1313 1319/1319/1319 1463/1463/1463
f 1463/1463/1463 1457/1457/1457 1313/1313/1313
f 1457/1457/1457 1463/1463/1463 1578/1578/1578
f 1578/1578/1578 1572/1572/1572 1457/1457/1457
f 1572/1572/1572 1578/1578/1578 1689/1689/1689
f 1689/1689/1689 1683/1683/1683 1572/1572/1572
f 1683/1683/1683 1689/1689/1689 1746/1746/1746
f 1861/1861/1861 1864/1864/1864 1746/1746/1746
f 1864/1864/1864 1861/1861/1861 1973/1973/1973
f 1973/1973/1973 1974/1974/1974 1864/1864/1864
f 1974/1974/1974 1973/1973/1973 2118/2118/2118
f 2118/2118/2118 2122/2122/2122 1974/1974/1974
f 2122/2122/2122 2118/2118/2118 2271/2271/2271
f 2271/2271/2271 2283/2283/2283 2122/2122/2122
f 2283/2283/2283 2271/2271/2271 2422/2422/2422
f 2426/2426/2426 2422/2422/2422 2489/2489/2489
f 2422/2422/2422 2426/2426/2426 2283/2283/2283
f 2846/2846/2846 2849/2849/2849 2779/2779/2779
f 2849/2849/2849 2846/2846/2846 2941/2941/2941
f 3466/3466/3466 3445/3445/3445 3496/3496/3496
f 3494/3494/3494 3529/3529/3529 3496/3496/3496
f 3529/3529/3529 3494/3494/3494 3474/3474/3474
f 776/776/776 784/784/784 843/843/843
f 843/843/843 837/837/837 776/776/776
f 837/837/837 843/843/843 903/903/903
f 903/903/903 896/896/896 837/837/837
f 896/896/896 903/903/903 964/964/964
f 359/359/359 377/377/377 421/421/421
f 895/895/895 900/900/900 840/840/840
f 900/900/900 895/895/895 957/957/957
f 957/957/957 961/961/961 900/900/900
f 961/961/961 957/957/957 1021/1021/1021
f 1153/1153/1153 1165/1165/1165 1021/1021/1021
f 1165/1165/1165 1153/1153/1153 1311/1311/1311
f 1311/1311/1311 1316/1316/1316 1165/1165/1165
f 1316/1316/1316 1311/1311/1311 1460/1460/1460
f 3474/3474/3474 3519/3519/3519 3529/3529/3529
f 3519/3519/3519 3474/3474/3474 3442/3442/3442
f 3442/3442/3442 3464/3464/3464 3519/3519/3519
f 3464/3464/3464 3442/3442/3442 3406/3406/3406
f 3406/3406/3406 3425/3425/3425 3464/3464/3464
f 3348/3348/3348 3359/3359/3359 3406/3406/3406
f 3425/3425/3425 3406/3406/3406 3359/3359/3359
f 3359/3359/3359 3348/3348/3348 3279/3279/3279
f 3279/3279/3279 3297/3297/3297 3359/3359/3359
f 3297/3297/3297 3279/3279/3279 3226/3226/3226
f 3226/3226/3226 3245/3245/3245 3297/3297/3297
f 3245/3245/3245 3226/3226/3226 3169/3169/3169
f 784/784/784 776/776/776 705/705/705
f 705/705/705 708/708/708 784/784/784
f 377/377/377 359/359/359 310/310/310
f 310/310/310 332/332/332 377/377/377
f 332/332/332 310/310/310 268/268/268
f 418/418/418 407/407/407 462/462/462
f 462/462/462 468/468/468 418/418/418
f 3445/3445/3445 3466/3466/3466 3432/3432/3432
f 3432/3432/3432 3421/3421/3421 3445/3445/3445
f 2843/2843/2843 2848/2848/2848 2942/2942/2942
f 2942/2942/2942 2938/2938/2938 2843/2843/2843
f 421/421/421 406/406/406 359/359/359
f 406/406/406 421/421/421 465/465/465
f 655/655/655 647/647/647 582/582/582
f 647/647/647 655/655/655 708/708/708
f 708/708/708 705/705/705 647/647/647
f 964/964/964 956/956/956 896/896/896
f 956/956/956 964/964/964 1018/1018/1018
f 1746/1746/1746 1747/1747/1747 1683/1683/1683
f 1747/1747/1747 1746/1746/1746 1864/1864/1864
f 2704/2704/2704 2706/2706/2706 2629/2629/2629
f 2706/2706/2706 2704/2704/2704 2779/2779/2779
f 840/840/840 835/835/835 895/895/895
f 835/835/835 840/840/840 778/778/778
f 1014/1014/1014 1021/1021/1021 957/957/957
f 1021/1021/1021 1014/1014/1014 1153/1153/1153
f 1447/1447/1447 1460/1460/1460 1311/1311/1311
f 1575/1575/1575 1570/1570/1570 1682/1682/1682
f 1570/1570/1570 1575/1575/1575 1460/1460/1460
f 1460/1460/1460 1447/1447/1447 1570/1570/1570
f 1984/1984/1984 1970/1970/1970 1862/1862/1862
f 1970/1970/1970 1984/1984/1984 2120/2120/2120
f 2485/2485/2485 2491/2491/2491 2558/2558/2558
f 2491/2491/2491 2485/2485/2485 2423/2423/2423
f 3169/3169/3169 3186/3186/3186 3245/3245/3245
f 3186/3186/3186 3169/3169/3169 3117/3117/3117
f 3371/3371/3371 3351/3351/3351 3421/3421/3421
f 3351/3351/3351 3371/3371/3371 3289/3289/3289
f 3421/3421/3421 3432/3432/3432 3371/3371/3371
f 3172/3172/3172 3188/3188/3188 3115/3115/3115
f 3188/3188/3188 3172/3172/3172 3235/3235/3235
f 468/468/468 462/462/462 519/519/519
f 519/519/519 524/524/524 468/468/468
f 524/524/524 519/519/519 581/581/581
f 366/366/366 347/347/347 407/407/407
f 347/347/347 366/366/366 320/320/320
f 1749/1749/1749 1744/1744/1744 1682/1682/1682
f 2707/2707/2707 2702/2702/2702 2628/2628/2628
f 2781/2781/2781 2778/2778/2778 2702/2702/2702
f 2702/2702/2702 2707/2707/2707 2781/2781/2781
f 2778/2778/2778 2781/2781/2781 2848/2848/2848
f 3043/3043/3043 3047/3047/3047 3117/3117/3117
f 3047/3047/3047 3043/3043/3043 2938/2938/2938
f 2938/2938/2938 2942/2942/2942 3047/3047/3047
f 2561/2561/2561 2557/2557/2557 2629/2629/2629
f 1015/1015/1015 1018/1018/1018 1154/1154/1154
f 1018/1018/1018 1015/1015/1015 956/956/956
f 3307/3307/3307 3289/3289/3289 3371/3371/3371
f 1744/1744/1744 1749/1749/1749 1868/1868/1868
f 1868/1868/1868 1862/1862/1862 1744/1744/1744
f 1862/1862/1862 1868/1868/1868 1984/1984/1984
f 2557/2557/2557 2561/2561/2561 2494/2494/2494
f 2494/2494/2494 2489/2489/2489 2557/2557/2557
f 2489/2489/2489 2494/2494/2494 2426/2426/2426
f 3289/3289/3289 3307/3307/3307 3264/3264/3264
f 3264/3264/3264 3235/3235/3235 3289/3289/3289
f 3235/3235/3235 3264/3264/3264 3188/3188/3188
f 3543/3543/3543 3496/3496/3496 3529/3529/3529
f 3496/3496/3496 3543/3543/3543 3466/3466/3466
f 3121/3121/3121 3115/3115/3115 3188/3188/3188
f 3115/3115/3115 3121/3121/3121 3050/3050/3050
f 3050/3050/3050 3044/3044/3044 3115/3115/3115
f 3044/3044/3044 3050/3050/3050 2943/2943/2943
f 2943/2943/2943 2941/2941/2941 3044/3044/3044
f 3259/3259/3259 3245/3245/3245 3186/3186/3186
f 3359/3359/3359 3370/3370/3370 3425/3425/3425
f 3370/3370/3370 3359/3359/3359 3297/3297/3297
f 2851/2851/2851 2849/2849/2849 2941/2941/2941
f 2941/2941/2941 2943/2943/2943 2851/2851/2851
f 2628/2628/2628 2631/2631/2631 2707/2707/2707
f 2631/2631/2631 2628/2628/2628 2558/2558/2558
f 2284/2284/2284 2282/2282/2282 2120/2120/2120
f 1866/1866/1866 1864/1864/1864 1974/1974/1974
f 1864/1864/1864 1866/1866/1866 1750/1750/1750
f 1750/1750/1750 1747/1747/1747 1864/1864/1864
f 1747/1747/1747 1750/1750/1750 1681/1681/1681
f 1681/1681/1681 1683/1683/1683 1747/1747/1747
f 1683/1683/1683 1681/1681/1681 1572/1572/1572
f 778/778/778 772/772/772 835/835/835
f 772/772/772 778/778/778 706/706/706
f 465/465/465 461/461/461 406/406/406
f 461/461/461 465/465/465 523/523/523
f 523/523/523 520/520/520 461/461/461
f 520/520/520 523/523/523 582/582/582
f 893/893/893 896/896/896 956/956/956
f 896/896/896 893/893/893 837/837/837
f 127/127/127 164/164/164 145/145/145
f 320/320/320 303/303/303 347/347/347
f 303/303/303 320/320/320 266/266/266
f 164/164/164 127/127/127 154/154/154
f 154/154/154 193/193/193 164/164/164
f 216/216/216 220/220/220 268/268/268
f 220/220/220 216/216/216 174/174/174
f 174/174/174 187/187/187 220/220/220
f 2708/2708/2708 2706/2706/2706 2779/2779/2779
f 193/193/193 154/154/154 208/208/208
f 208/208/208 219/219/219 193/193/193
f 219/219/219 208/208/208 266/266/266
f 2706/2706/2706 2708/2708/2708 2635/2635/2635
f 2635/2635/2635 2629/2629/2629 2706/2706/2706
f 2629/2629/2629 2635/2635/2635 2561/2561/2561
f 187/187/187 174/174/174 129/129/129
f 129/129/129 150/150/150 187/187/187
f 150/150/150 129/129/129 145/145/145
f 3245/3245/3245 3259/3259/3259 3317/3317/3317
f 3317/3317/3317 3297/3297/3297 3245/3245/3245
f 3297/3297/3297 3317/3317/3317 3370/3370/3370
f 2849/2849/2849 2851/2851/2851 2787/2787/2787
f 2787/2787/2787 2779/2779/2779 2849/2849/2849
f 2779/2779/2779 2787/2787/2787 2708/2708/2708
f 2282/2282/2282 2284/2284/2284 2429/2429/2429
f 2429/2429/2429 2423/2423/2423 2282/2282/2282
f 2423/2423/2423 2429/2429/2429 2491/2491/2491
f 1568/1568/1568 1572/1572/1572 1681/1681/1681
f 1974/1974/1974 1988/1988/1988 1866/1866/1866
f 1988/1988/1988 1974/1974/1974 2122/2122/2122
f 1572/1572/1572 1568/1568/1568 1445/1445/1445
f 1445/1445/1445 1457/1457/1457 1572/1572/1572
f 1154/1154/1154 1142/1142/1142 1015/1015/1015
f 1142/1142/1142 1154/1154/1154 1313/1313/1313
f 1309/1309/1309 1313/1313/1313 1457/1457/1457
f 1457/1457/1457 1445/1445/1445 1309/1309/1309
f 1313/1313/1313 1309/1309/1309 1142/1142/1142
f 776/776/776 773/773/773 705/705/705
f 773/773/773 776/776/776 837/837/837
f 579/579/579 582/582/582 647/647/647
f 582/582/582 579/579/579 520/520/520
f 345/345/345 359/359/359 406/406/406
f 359/359/359 345/345/345 310/310/310
f 256/256/256 268/268/268 310/310/310
f 268/268/268 256/256/256 216/216/216
f 2294/2294/2294 2283/2283/2283 2426/2426/2426
f 403/403/403 407/407/407 347/347/347
f 407/407/407 403/403/403 462/462/462
f 123/123/123 145/145/145 129/129/129
f 145/145/145 123/123/123 127/127/127
f 254/254/254 266/266/266 208/208/208
f 266/266/266 254/254/254 303/303/303
f 891/891/891 895/895/895 835/835/835
f 957/957/957 954/954/954 1014/1014/1014
f 954/954/954 957/957/957 895/895/895
f 895/895/895 891/891/891 954/954/954
f 1140/1140/1140 1153/1153/1153 1014/1014/1014
f 1311/1311/1311 1307/1307/1307 1447/1447/1447
f 1307/1307/1307 1311/1311/1311 1153/1153/1153
f 1153/1153/1153 1140/1140/1140 1307/1307/1307
f 1677/1677/1677 1682/1682/1682 1570/1570/1570
f 2125/2125/2125 2120/2120/2120 1984/1984/1984
f 2120/2120/2120 2125/2125/2125 2284/2284/2284
f 2563/2563/2563 2558/2558/2558 2491/2491/2491
f 2558/2558/2558 2563/2563/2563 2631/2631/2631
f 2852/2852/2852 2848/2848/2848 2781/2781/2781
f 3119/3119/3119 3117/3117/3117 3047/3047/3047
f 3117/3117/3117 3119/3119/3119 3186/3186/3186
f 3529/3529/3529 3552/3552/3552 3543/3543/3543
f 3513/3513/3513 3466/3466/3466 3543/3543/3543
f 3519/3519/3519 3541/3541/3541 3529/3529/3529
f 3552/3552/3552 3529/3529/3529 3541/3541/3541
f 3541/3541/3541 3519/3519/3519 3464/3464/3464
f 1682/1682/1682 1677/1677/1677 1752/1752/1752
f 1752/1752/1752 1749/1749/1749 1682/1682/1682
f 1749/1749/1749 1752/1752/1752 1868/1868/1868
f 2848/2848/2848 2852/2852/2852 2945/2945/2945
f 2945/2945/2945 2942/2942/2942 2848/2848/2848
f 3466/3466/3466 3513/3513/3513 3451/3451/3451
f 3451/3451/3451 3432/3432/3432 3466/3466/3466
f 2283/2283/2283 2294/2294/2294 2127/2127/2127
f 2127/2127/2127 2122/2122/2122 2283/2283/2283
f 2122/2122/2122 2127/2127/2127 1988/1988/1988
f 2431/2431/2431 2426/2426/2426 2494/2494/2494
f 2426/2426/2426 2431/2431/2431 2294/2294/2294
f 3464/3464/3464 3525/3525/3525 3541/3541/3541
f 3450/3450/3450 3425/3425/3425 3370/3370/3370
f 3425/3425/3425 3450/3450/3450 3525/3525/3525
f 3525/3525/3525 3464/3464/3464 3425/3425/3425
f 3049/3049/3049 3047/3047/3047 2942/2942/2942
f 2942/2942/2942 2945/2945/2945 3049/3049/3049
f 3047/3047/3047 3049/3049/3049 3119/3119/3119
f 3188/3188/3188 3189/3189/3189 3121/3121/3121
f 3189/3189/3189 3188/3188/3188 3264/3264/3264
f 2947/2947/2947 2943/2943/2943 3050/3050/3050
f 2943/2943/2943 2947/2947/2947 2854/2854/2854
f 2854/2854/2854 2851/2851/2851 2943/2943/2943
f 2851/2851/2851 2854/2854/2854 2787/2787/2787
f 2708/2708/2708 2710/2710/2710 2635/2635/2635
f 2710/2710/2710 2708/2708/2708 2787/2787/2787
f 1754/1754/1754 1750/1750/1750 1866/1866/1866
f 1750/1750/1750 1754/1754/1754 1681/1681/1681
f 2781/2781/2781 2783/2783/2783 2852/2852/2852
f 2783/2783/2783 2781/2781/2781 2707/2707/2707
f 2633/2633/2633 2631/2631/2631 2563/2563/2563
f 2491/2491/2491 2493/2493/2493 2563/2563/2563
f 2493/2493/2493 2491/2491/2491 2429/2429/2429
f 706/706/706 700/700/700 772/772/772
f 1570/1570/1570 1567/1567/1567 1677/1677/1677
f 1567/1567/1567 1570/1570/1570 1447/1447/1447
f 577/577/577 581/581/581 519/519/519
f 700/700/700 706/706/706 648/648/648
f 648/648/648 643/643/643 700/700/700
f 643/643/643 648/648/648 581/581/581
f 581/581/581 577/577/577 643/643/643
f 517/517/517 519/519/519 462/462/462
f 519/519/519 517/517/517 577/577/577
f 702/702/702 705/705/705 773/773/773
f 705/705/705 702/702/702 647/647/647
f 2631/2631/2631 2633/2633/2633 2712/2712/2712
f 2712/2712/2712 2707/2707/2707 2631/2631/2631
f 2707/2707/2707 2712/2712/2712 2783/2783/2783
f 3191/3191/3191 3186/3186/3186 3119/3119/3119
f 3259/3259/3259 3262/3262/3262 3317/3317/3317
f 3186/3186/3186 3191/3191/3191 3262/3262/3262
f 3262/3262/3262 3259/3259/3259 3186/3186/3186
f 1984/1984/1984 1989/1989/1989 2125/2125/2125
f 1989/1989/1989 1984/1984/1984 1868/1868/1868
f 3387/3387/3387 3371/3371/3371 3432/3432/3432
f 3432/3432/3432 3451/3451/3451 3387/3387/3387
f 3371/3371/3371 3387/3387/3387 3307/3307/3307
f 3337/3337/3337 3307/3307/3307 3387/3387/3387
f 3307/3307/3307 3337/3337/3337 3264/3264/3264
f 1447/1447/1447 1442/1442/1442 1567/1567/1567
f 1442/1442/1442 1447/1447/1447 1307/1307/1307
f 1014/1014/1014 1010/1010/1010 1140/1140/1140
f 1010/1010/1010 1014/1014/1014 954/954/954
f 835/835/835 831/831/831 891/891/891
f 831/831/831 835/835/835 772/772/772
f 2567/2567/2567 2561/2561/2561 2635/2635/2635
f 2561/2561/2561 2567/2567/2567 2494/2494/2494
f 837/837/837 830/830/830 773/773/773
f 830/830/830 837/837/837 893/893/893
f 1870/1870/1870 1866/1866/1866 1988/1988/1988
f 1675/1675/1675 1681/1681/1681 1754/1754/1754
f 1681/1681/1681 1675/1675/1675 1568/1568/1568
f 1011/1011/1011 1015/1015/1015 1142/1142/1142
f 1015/1015/1015 1011/1011/1011 953/953/953
f 953/953/953 956/956/956 1015/1015/1015
f 956/956/956 953/953/953 893/893/893
f 516/516/516 520/520/520 579/579/579
f 520/520/520 516/516/516 461/461/461
f 401/401/401 406/406/406 461/461/461
f 406/406/406 401/401/401 345/345/345
f 290/290/290 310/310/310 345/345/345
f 310/310/310 290/290/290 256/256/256
f 195/195/195 216/216/216 256/256/256
f 1866/1866/1866 1870/1870/1870 1756/1756/1756
f 1756/1756/1756 1754/1754/1754 1866/1866/1866
f 1754/1754/1754 1756/1756/1756 1675/1675/1675
f 216/216/216 195/195/195 138/138/138
f 138/138/138 174/174/174 216/216/216
f 3370/3370/3370 3395/3395/3395 3450/3450/3450
f 3395/3395/3395 3370/3370/3370 3317/3317/3317
f 3317/3317/3317 3336/3336/3336 3395/3395/3395
f 3336/3336/3336 3317/3317/3317 3262/3262/3262
f 2284/2284/2284 2309/2309/2309 2429/2429/2429
f 2309/2309/2309 2284/2284/2284 2125/2125/2125
f 2125/2125/2125 2126/2126/2126 2309/2309/2309
f 2126/2126/2126 2125/2125/2125 1989/1989/1989
f 3513/3513/3513 3527/3527/3527 3451/3451/3451
f 3527/3527/3527 3513/3513/3513 3543/3543/3543
f 3543/3543/3543 3557/3557/3557 3527/3527/3527
f 3557/3557/3557 3543/3543/3543 3552/3552/3552
f 3552/3552/3552 3565/3565/3565 3557/3557/3557
f 3565/3565/3565 3552/3552/3552 3541/3541/3541
f 2949/2949/2949 2945/2945/2945 2852/2852/2852
f 2945/2945/2945 2949/2949/2949 3051/3051/3051
f 3051/3051/3051 3049/3049/3049 2945/2945/2945
f 2786/2786/2786 2783/2783/2783 2712/2712/2712
f 2565/2565/2565 2563/2563/2563 2493/2493/2493
f 3053/3053/3053 3050/3050/3050 3121/3121/3121
f 2951/2951/2951 2947/2947/2947 3050/3050/3050
f 3050/3050/3050 3053/3053/3053 2951/2951/2951
f 2947/2947/2947 2951/2951/2951 2854/2854/2854
f 2637/2637/2637 2635/2635/2635 2710/2710/2710
f 2635/2635/2635 2637/2637/2637 2567/2567/2567
f 2496/2496/2496 2494/2494/2494 2567/2567/2567
f 2494/2494/2494 2496/2496/2496 2431/2431/2431
f 1990/1990/1990 1988/1988/1988 2127/2127/2127
f 1988/1988/1988 1990/1990/1990 1870/1870/1870
f 1443/1443/1443 1445/1445/1445 1568/1568/1568
f 1445/1445/1445 1443/1443/1443 1309/1309/1309
f 1307/1307/1307 1304/1304/1304 1442/1442/1442
f 1304/1304/1304 1307/1307/1307 1140/1140/1140
f 462/462/462 456/456/456 517/517/517
f 456/456/456 462/462/462 403/403/403
f 342/342/342 347/347/347 303/303/303
f 459/459/459 461/461/461 516/516/516
f 461/461/461 459/459/459 401/401/401
f 289/289/289 303/303/303 254/254/254
f 303/303/303 289/289/289 342/342/342
f 3049/3049/3049 3051/3051/3051 3124/3124/3124
f 3124/3124/3124 3119/3119/3119 3049/3049/3049
f 3119/3119/3119 3124/3124/3124 3191/3191/3191
f 2783/2783/2783 2786/2786/2786 2856/2856/2856
f 2856/2856/2856 2852/2852/2852 2783/2783/2783
f 2852/2852/2852 2856/2856/2856 2949/2949/2949
f 2563/2563/2563 2565/2565/2565 2638/2638/2638
f 2638/2638/2638 2633/2633/2633 2563/2563/2563
f 2633/2633/2633 2638/2638/2638 2712/2712/2712
f 347/347/347 342/342/342 398/398/398
f 398/398/398 403/403/403 347/347/347
f 403/403/403 398/398/398 456/456/456
f 174/174/174 138/138/138 112/112/112
f 112/112/112 129/129/129 174/174/174
f 129/129/129 112/112/112 123/123/123
f 3567/3567/3567 3541/3541/3541 3525/3525/3525
f 3541/3541/3541 3567/3567/3567 3565/3565/3565
f 2493/2493/2493 2498/2498/2498 2565/2565/2565
f 2498/2498/2498 2493/2493/2493 2429/2429/2429
f 3194/3194/3194 3189/3189/3189 3264/3264/3264
f 1868/1868/1868 1872/1872/1872 1989/1989/1989
f 3121/3121/3121 3125/3125/3125 3053/3053/3053
f 3189/3189/3189 3194/3194/3194 3125/3125/3125
f 3125/3125/3125 3121/3121/3121 3189/3189/3189
f 2858/2858/2858 2854/2854/2854 2951/2951/2951
f 1872/1872/1872 1868/1868/1868 1752/1752/1752
f 1752/1752/1752 1758/1758/1758 1872/1872/1872
f 1563/1563/1563 1567/1567/1567 1442/1442/1442
f 1758/1758/1758 1752/1752/1752 1677/1677/1677
f 1677/1677/1677 1674/1674/1674 1758/1758/1758
f 1674/1674/1674 1677/1677/1677 1567/1567/1567
f 1567/1567/1567 1563/1563/1563 1674/1674/1674
f 1140/1140/1140 1125/1125/1125 1304/1304/1304
f 1125/1125/1125 1140/1140/1140 1010/1010/1010
f 954/954/954 951/951/951 1010/1010/1010
f 888/888/888 891/891/891 831/831/831
f 951/951/951 954/954/954 891/891/891
f 891/891/891 888/888/888 951/951/951
f 772/772/772 769/769/769 831/831/831
f 769/769/769 772/772/772 700/700/700
f 254/254/254 243/243/243 289/289/289
f 243/243/243 254/254/254 208/208/208
f 154/154/154 136/136/136 208/208/208
f 136/136/136 154/154/154 127/127/127
f 127/127/127 110/110/110 136/136/136
f 110/110/110 127/127/127 123/123/123
f 345/345/345 343/343/343 290/290/290
f 343/343/343 345/345/345 401/401/401
f 640/640/640 647/647/647 702/702/702
f 702/702/702 698/698/698 640/640/640
f 698/698/698 702/702/702 773/773/773
f 579/579/579 576/576/576 516/516/516
f 576/576/576 579/579/579 647/647/647
f 647/647/647 640/640/640 576/576/576
f 1303/1303/1303 1309/1309/1309 1443/1443/1443
f 1309/1309/1309 1303/1303/1303 1142/1142/1142
f 1564/1564/1564 1568/1568/1568 1675/1675/1675
f 2854/2854/2854 2858/2858/2858 2789/2789/2789
f 2789/2789/2789 2787/2787/2787 2854/2854/2854
f 1568/1568/1568 1564/1564/1564 1440/1440/1440
f 1440/1440/1440 1443/1443/1443 1568/1568/1568
f 1443/1443/1443 1440/1440/1440 1303/1303/1303
f 893/893/893 885/885/885 830/830/830
f 885/885/885 893/893/893 953/953/953
f 511/511/511 517/517/517 456/456/456
f 517/517/517 511/511/511 575/575/575
f 575/575/575 577/577/577 517/517/517
f 577/577/577 575/575/575 643/643/643
f 208/208/208 182/182/182 243/243/243
f 182/182/182 208/208/208 136/136/136
f 123/123/123 80/80/80 110/110/110
f 80/80/80 123/123/123 112/112/112
f 828/828/828 831/831/831 769/769/769
f 831/831/831 828/828/828 888/888/888
f 256/256/256 224/224/224 195/195/195
f 224/224/224 256/256/256 290/290/290
f 401/401/401 400/400/400 343/343/343
f 400/400/400 401/401/401 459/459/459
f 516/516/516 514/514/514 459/459/459
f 514/514/514 516/516/516 576/576/576
f 1123/1123/1123 1142/1142/1142 1303/1303/1303
f 2312/2312/2312 2294/2294/2294 2431/2431/2431
f 2717/2717/2717 2710/2710/2710 2787/2787/2787
f 2787/2787/2787 2789/2789/2789 2717/2717/2717
f 2710/2710/2710 2717/2717/2717 2637/2637/2637
f 1756/1756/1756 1759/1759/1759 1675/1675/1675
f 1759/1759/1759 1756/1756/1756 1870/1870/1870
f 1990/1990/1990 1992/1992/1992 1870/1870/1870
f 1992/1992/1992 1990/1990/1990 2127/2127/2127
f 2567/2567/2567 2569/2569/2569 2496/2496/2496
f 2569/2569/2569 2567/2567/2567 2637/2637/2637
f 2951/2951/2951 2954/2954/2954 2858/2858/2858
f 2954/2954/2954 2951/2951/2951 3053/3053/3053
f 2952/2952/2952 2949/2949/2949 2856/2856/2856
f 3525/3525/3525 3534/3534/3534 3567/3567/3567
f 3534/3534/3534 3525/3525/3525 3450/3450/3450
f 3266/3266/3266 3262/3262/3262 3191/3191/3191
f 3262/3262/3262 3266/3266/3266 3338/3338/3338
f 3338/3338/3338 3336/3336/3336 3262/3262/3262
f 3336/3336/3336 3338/3338/3338 3395/3395/3395
f 3585/3585/3585 3565/3565/3565 3567/3567/3567
f 3565/3565/3565 3585/3585/3585 3557/3557/3557
f 3387/3387/3387 3397/3397/3397 3337/3337/3337
f 3397/3397/3397 3387/3387/3387 3451/3451/3451
f 2294/2294/2294 2312/2312/2312 2131/2131/2131
f 2131/2131/2131 2127/2127/2127 2294/2294/2294
f 2127/2127/2127 2131/2131/2131 1992/1992/1992
f 2949/2949/2949 2952/2952/2952 3055/3055/3055
f 3055/3055/3055 3051/3051/3051 2949/2949/2949
f 3051/3051/3051 3055/3055/3055 3124/3124/3124
f 1142/1142/1142 1123/1123/1123 1007/1007/1007
f 1007/1007/1007 1011/1011/1011 1142/1142/1142
f 767/767/767 773/773/773 830/830/830
f 773/773/773 767/767/767 698/698/698
f 1875/1875/1875 1870/1870/1870 1992/1992/1992
f 2501/2501/2501 2496/2496/2496 2569/2569/2569
f 3264/3264/3264 3268/3268/3268 3194/3194/3194
f 3268/3268/3268 3264/3264/3264 3337/3337/3337
f 3451/3451/3451 3471/3471/3471 3397/3397/3397
f 3471/3471/3471 3451/3451/3451 3527/3527/3527
f 3588/3588/3588 3557/3557/3557 3585/3585/3585
f 3557/3557/3557 3588/3588/3588 3527/3527/3527
f 2496/2496/2496 2501/2501/2501 2435/2435/2435
f 2435/2435/2435 2431/2431/2431 2496/2496/2496
f 2431/2431/2431 2435/2435/2435 2312/2312/2312
f 3450/3450/3450 3469/3469/3469 3534/3534/3534
f 3469/3469/3469 3450/3450/3450 3395/3395/3395
f 949/949/949 953/953/953 1011/1011/1011
f 1011/1011/1011 1007/1007/1007 949/949/949
f 953/953/953 949/949/949 885/885/885
f 455/455/455 459/459/459 514/514/514
f 195/195/195 183/183/183 138/138/138
f 183/183/183 195/195/195 224/224/224
f 2715/2715/2715 2712/2712/2712 2638/2638/2638
f 2570/2570/2570 2565/2565/2565 2498/2498/2498
f 2712/2712/2712 2715/2715/2715 2786/2786/2786
f 2790/2790/2790 2786/2786/2786 2715/2715/2715
f 2429/2429/2429 2433/2433/2433 2498/2498/2498
f 2433/2433/2433 2429/2429/2429 2309/2309/2309
f 1299/1299/1299 1304/1304/1304 1125/1125/1125
f 700/700/700 696/696/696 769/769/769
f 638/638/638 643/643/643 575/575/575
f 696/696/696 700/700/700 643/643/643
f 643/643/643 638/638/638 696/696/696
f 2130/2130/2130 2126/2126/2126 1989/1989/1989
f 1870/1870/1870 1875/1875/1875 1760/1760/1760
f 1760/1760/1760 1759/1759/1759 1870/1870/1870
f 2786/2786/2786 2790/2790/2790 2859/2859/2859
f 2859/2859/2859 2856/2856/2856 2786/2786/2786
f 2126/2126/2126 2130/2130/2130 2314/2314/2314
f 2314/2314/2314 2309/2309/2309 2126/2126/2126
f 2309/2309/2309 2314/2314/2314 2433/2433/2433
f 1304/1304/1304 1299/1299/1299 1427/1427/1427
f 1427/1427/1427 1442/1442/1442 1304/1304/1304
f 1442/1442/1442 1427/1427/1427 1563/1563/1563
f 459/459/459 455/455/455 396/396/396
f 396/396/396 400/400/400 459/459/459
f 2565/2565/2565 2570/2570/2570 2643/2643/2643
f 2643/2643/2643 2638/2638/2638 2565/2565/2565
f 2638/2638/2638 2643/2643/2643 2715/2715/2715
f 3197/3197/3197 3191/3191/3191 3124/3124/3124
f 3559/3559/3559 3527/3527/3527 3588/3588/3588
f 1989/1989/1989 2003/2003/2003 2130/2130/2130
f 2003/2003/2003 1989/1989/1989 1872/1872/1872
f 2956/2956/2956 2952/2952/2952 2856/2856/2856
f 2856/2856/2856 2859/2859/2859 2956/2956/2956
f 2952/2952/2952 2956/2956/2956 3055/3055/3055
f 3341/3341/3341 3338/3338/3338 3266/3266/3266
f 3338/3338/3338 3341/3341/3341 3395/3395/3395
f 3587/3587/3587 3567/3567/3567 3534/3534/3534
f 3567/3567/3567 3587/3587/3587 3613/3613/3613
f 3613/3613/3613 3585/3585/3585 3567/3567/3567
f 3585/3585/3585 3613/3613/3613 3588/3588/3588
f 3058/3058/3058 3053/3053/3053 3125/3125/3125
f 3125/3125/3125 3127/3127/3127 3058/3058/3058
f 3053/3053/3053 3058/3058/3058 2958/2958/2958
f 2958/2958/2958 2954/2954/2954 3053/3053/3053
f 3127/3127/3127 3125/3125/3125 3194/3194/3194
f 3420/3420/3420 3397/3397/3397 3471/3471/3471
f 2642/2642/2642 2637/2637/2637 2717/2717/2717
f 2498/2498/2498 2500/2500/2500 2570/2570/2570
f 2500/2500/2500 2498/2498/2498 2433/2433/2433
f 2860/2860/2860 2858/2858/2858 2954/2954/2954
f 2954/2954/2954 2958/2958/2958 2860/2860/2860
f 3397/3397/3397 3420/3420/3420 3337/3337/3337
f 3345/3345/3345 3337/3337/3337 3420/3420/3420
f 2569/2569/2569 2572/2572/2572 2501/2501/2501
f 2572/2572/2572 2569/2569/2569 2637/2637/2637
f 1670/1670/1670 1675/1675/1675 1759/1759/1759
f 1759/1759/1759 1760/1760/1760 1670/1670/1670
f 1675/1675/1675 1670/1670/1670 1561/1561/1561
f 1561/1561/1561 1564/1564/1564 1675/1675/1675
f 1993/1993/1993 1992/1992/1992 2131/2131/2131
f 1992/1992/1992 1993/1993/1993 1875/1875/1875
f 1564/1564/1564 1561/1561/1561 1439/1439/1439
f 1439/1439/1439 1440/1440/1440 1564/1564/1564
f 1674/1674/1674 1671/1671/1671 1758/1758/1758
f 1671/1671/1671 1674/1674/1674 1563/1563/1563
f 1010/1010/1010 1006/1006/1006 1125/1125/1125
f 1006/1006/1006 1010/1010/1010 951/951/951
f 290/290/290 286/286/286 224/224/224
f 286/286/286 290/290/290 343/343/343
f 343/343/343 340/340/340 286/286/286
f 340/340/340 343/343/343 400/400/400
f 400/400/400 396/396/396 340/340/340
f 284/284/284 289/289/289 243/243/243
f 573/573/573 576/576/576 640/640/640
f 100/100/100 112/112/112 138/138/138
f 112/112/112 100/100/100 80/80/80
f 99/99/99 110/110/110 80/80/80
f 827/827/827 830/830/830 885/885/885
f 830/830/830 827/827/827 767/767/767
f 3527/3527/3527 3559/3559/3559 3487/3487/3487
f 3487/3487/3487 3471/3471/3471 3527/3527/3527
f 3337/3337/3337 3345/3345/3345 3271/3271/3271
f 3271/3271/3271 3268/3268/3268 3337/3337/3337
f 2637/2637/2637 2642/2642/2642 2574/2574/2574
f 2574/2574/2574 2572/2572/2572 2637/2637/2637
f 3191/3191/3191 3197/3197/3197 3269/3269/3269
f 3269/3269/3269 3266/3266/3266 3191/3191/3191
f 3266/3266/3266 3269/3269/3269 3341/3341/3341
f 1440/1440/1440 1439/1439/1439 1298/1298/1298
f 1298/1298/1298 1303/1303/1303 1440/1440/1440
f 1303/1303/1303 1298/1298/1298 1123/1123/1123
f 289/289/289 284/284/284 338/338/338
f 338/338/338 342/342/342 289/289/289
f 576/576/576 573/573/573 510/510/510
f 510/510/510 514/514/514 576/576/576
f 514/514/514 510/510/510 455/455/455
f 2858/2858/2858 2860/2860/2860 2795/2795/2795
f 2795/2795/2795 2789/2789/2789 2858/2858/2858
f 2789/2789/2789 2795/2795/2795 2717/2717/2717
f 2720/2720/2720 2717/2717/2717 2795/2795/2795
f 2717/2717/2717 2720/2720/2720 2642/2642/2642
f 110/110/110 99/99/99 117/117/117
f 117/117/117 136/136/136 110/110/110
f 136/136/136 117/117/117 182/182/182
f 3423/3423/3423 3395/3395/3395 3341/3341/3341
f 3128/3128/3128 3124/3124/3124 3055/3055/3055
f 3124/3124/3124 3128/3128/3128 3197/3197/3197
f 698/698/698 694/694/694 640/640/640
f 694/694/694 698/698/698 767/767/767
f 118/118/118 138/138/138 183/183/183
f 138/138/138 118/118/118 100/100/100
f 1761/1761/1761 1758/1758/1758 1671/1671/1671
f 1563/1563/1563 1558/1558/1558 1671/1671/1671
f 1558/1558/1558 1563/1563/1563 1427/1427/1427
f 1758/1758/1758 1761/1761/1761 1876/1876/1876
f 1876/1876/1876 1872/1872/1872 1758/1758/1758
f 1872/1872/1872 1876/1876/1876 2003/2003/2003
f 221/221/221 243/243/243 182/182/182
f 243/243/243 221/221/221 284/284/284
f 456/456/456 451/451/451 511/511/511
f 451/451/451 456/456/456 398/398/398
f 575/575/575 570/570/570 638/638/638
f 570/570/570 575/575/575 511/511/511
f 765/765/765 769/769/769 696/696/696
f 825/825/825 828/828/828 769/769/769
f 769/769/769 765/765/765 825/825/825
f 884/884/884 888/888/888 828/828/828
f 828/828/828 825/825/825 884/884/884
f 888/888/888 884/884/884 945/945/945
f 945/945/945 951/951/951 888/888/888
f 951/951/951 945/945/945 1006/1006/1006
f 394/394/394 398/398/398 342/342/342
f 342/342/342 338/338/338 394/394/394
f 398/398/398 394/394/394 451/451/451
f 3395/3395/3395 3423/3423/3423 3485/3485/3485
f 3485/3485/3485 3469/3469/3469 3395/3395/3395
f 3469/3469/3469 3485/3485/3485 3534/3534/3534
f 1119/1119/1119 1125/1125/1125 1006/1006/1006
f 2433/2433/2433 2437/2437/2437 2500/2500/2500
f 2437/2437/2437 2433/2433/2433 2314/2314/2314
f 2959/2959/2959 2956/2956/2956 2859/2859/2859
f 2956/2956/2956 2959/2959/2959 3055/3055/3055
f 3343/3343/3343 3341/3341/3341 3269/3269/3269
f 3341/3341/3341 3343/3343/3343 3423/3423/3423
f 3625/3625/3625 3613/3613/3613 3587/3587/3587
f 3611/3611/3611 3588/3588/3588 3613/3613/3613
f 3613/3613/3613 3625/3625/3625 3611/3611/3611
f 3588/3588/3588 3611/3611/3611 3559/3559/3559
f 3424/3424/3424 3420/3420/3420 3471/3471/3471
f 3471/3471/3471 3487/3487/3487 3424/3424/3424
f 3420/3420/3420 3424/3424/3424 3345/3345/3345
f 3127/3127/3127 3129/3129/3129 3058/3058/3058
f 3129/3129/3129 3127/3127/3127 3194/3194/3194
f 2961/2961/2961 2958/2958/2958 3058/3058/3058
f 2958/2958/2958 2961/2961/2961 2860/2860/2860
f 3268/3268/3268 3271/3271/3271 3194/3194/3194
f 3201/3201/3201 3194/3194/3194 3271/3271/3271
f 2503/2503/2503 2501/2501/2501 2572/2572/2572
f 2572/2572/2572 2574/2574/2574 2503/2503/2503
f 2438/2438/2438 2435/2435/2435 2501/2501/2501
f 2501/2501/2501 2503/2503/2503 2438/2438/2438
f 2435/2435/2435 2438/2438/2438 2312/2312/2312
f 2133/2133/2133 2131/2131/2131 2312/2312/2312
f 2131/2131/2131 2133/2133/2133 1993/1993/1993
f 1763/1763/1763 1760/1760/1760 1875/1875/1875
f 1875/1875/1875 1877/1877/1877 1763/1763/1763
f 1760/1760/1760 1763/1763/1763 1670/1670/1670
f 1877/1877/1877 1875/1875/1875 1993/1993/1993
f 1429/1429/1429 1439/1439/1439 1561/1561/1561
f 1439/1439/1439 1429/1429/1429 1298/1298/1298
f 947/947/947 949/949/949 1007/1007/1007
f 949/949/949 947/947/947 885/885/885
f 3194/3194/3194 3201/3201/3201 3132/3132/3132
f 3132/3132/3132 3129/3129/3129 3194/3194/3194
f 222/222/222 224/224/224 286/286/286
f 224/224/224 222/222/222 183/183/183
f 1125/1125/1125 1119/1119/1119 1295/1295/1295
f 1295/1295/1295 1299/1299/1299 1125/1125/1125
f 1299/1299/1299 1295/1295/1295 1427/1427/1427
f 3578/3578/3578 3534/3534/3534 3485/3485/3485
f 3534/3534/3534 3578/3578/3578 3621/3621/3621
f 3621/3621/3621 3587/3587/3587 3534/3534/3534
f 3587/3587/3587 3621/3621/3621 3625/3625/3625
f 2317/2317/2317 2312/2312/2312 2438/2438/2438
f 2006/2006/2006 1993/1993/1993 2133/2133/2133
f 1557/1557/1557 1561/1561/1561 1670/1670/1670
f 1561/1561/1561 1557/1557/1557 1429/1429/1429
f 1120/1120/1120 1123/1123/1123 1298/1298/1298
f 2790/2790/2790 2793/2793/2793 2859/2859/2859
f 2793/2793/2793 2790/2790/2790 2715/2715/2715
f 2715/2715/2715 2721/2721/2721 2793/2793/2793
f 2721/2721/2721 2715/2715/2715 2643/2643/2643
f 2504/2504/2504 2500/2500/2500 2437/2437/2437
f 2570/2570/2570 2576/2576/2576 2643/2643/2643
f 2500/2500/2500 2504/2504/2504 2576/2576/2576
f 2576/2576/2576 2570/2570/2570 2500/2500/2500
f 2135/2135/2135 2130/2130/2130 2003/2003/2003
f 824/824/824 827/827/827 885/885/885
f 827/827/827 824/824/824 767/767/767
f 450/450/450 455/455/455 510/510/510
f 455/455/455 450/450/450 396/396/396
f 568/568/568 573/573/573 640/640/640
f 153/153/153 183/183/183 222/222/222
f 183/183/183 153/153/153 118/118/118
f 511/511/511 506/506/506 570/570/570
f 506/506/506 511/511/511 451/451/451
f 151/151/151 182/182/182 117/117/117
f 182/182/182 151/151/151 221/221/221
f 66/66/66 80/80/80 100/100/100
f 80/80/80 66/66/66 99/99/99
f 2312/2312/2312 2317/2317/2317 2137/2137/2137
f 2137/2137/2137 2133/2133/2133 2312/2312/2312
f 2133/2133/2133 2137/2137/2137 2006/2006/2006
f 1993/1993/1993 2006/2006/2006 1880/1880/1880
f 1880/1880/1880 1877/1877/1877 1993/1993/1993
f 573/573/573 568/568/568 507/507/507
f 507/507/507 510/510/510 573/573/573
f 510/510/510 507/507/507 450/450/450
f 1123/1123/1123 1120/1120/1120 1002/1002/1002
f 1002/1002/1002 1007/1007/1007 1123/1123/1123
f 2130/2130/2130 2135/2135/2135 2319/2319/2319
f 2319/2319/2319 2314/2314/2314 2130/2130/2130
f 2314/2314/2314 2319/2319/2319 2437/2437/2437
f 3061/3061/3061 3058/3058/3058 3129/3129/3129
f 3129/3129/3129 3132/3132/3132 3061/3061/3061
f 3058/3058/3058 3061/3061/3061 2964/2964/2964
f 2964/2964/2964 2961/2961/2961 3058/3058/3058
f 2723/2723/2723 2720/2720/2720 2795/2795/2795
f 2505/2505/2505 2503/2503/2503 2574/2574/2574
f 2574/2574/2574 2577/2577/2577 2505/2505/2505
f 2440/2440/2440 2438/2438/2438 2503/2503/2503
f 2503/2503/2503 2505/2505/2505 2440/2440/2440
f 2438/2438/2438 2440/2440/2440 2317/2317/2317
f 2645/2645/2645 2642/2642/2642 2720/2720/2720
f 2642/2642/2642 2645/2645/2645 2577/2577/2577
f 2577/2577/2577 2574/2574/2574 2642/2642/2642
f 2720/2720/2720 2723/2723/2723 2645/2645/2645
f 1877/1877/1877 1880/1880/1880 1766/1766/1766
f 1766/1766/1766 1763/1763/1763 1877/1877/1877
f 3345/3345/3345 3355/3355/3355 3271/3271/3271
f 3355/3355/3355 3345/3345/3345 3424/3424/3424
f 3424/3424/3424 3430/3430/3430 3355/3355/3355
f 3430/3430/3430 3424/3424/3424 3487/3487/3487
f 3487/3487/3487 3517/3517/3517 3430/3430/3430
f 3517/3517/3517 3487/3487/3487 3559/3559/3559
f 3623/3623/3623 3611/3611/3611 3625/3625/3625
f 2961/2961/2961 2964/2964/2964 2860/2860/2860
f 2865/2865/2865 2860/2860/2860 2964/2964/2964
f 3515/3515/3515 3485/3485/3485 3423/3423/3423
f 3423/3423/3423 3428/3428/3428 3515/3515/3515
f 3485/3485/3485 3515/3515/3515 3578/3578/3578
f 3428/3428/3428 3423/3423/3423 3343/3343/3343
f 3343/3343/3343 3353/3353/3353 3428/3428/3428
f 3353/3353/3353 3343/3343/3343 3269/3269/3269
f 3269/3269/3269 3273/3273/3273 3353/3353/3353
f 3273/3273/3273 3269/3269/3269 3197/3197/3197
f 3197/3197/3197 3200/3200/3200 3273/3273/3273
f 3062/3062/3062 3055/3055/3055 2959/2959/2959
f 3200/3200/3200 3197/3197/3197 3128/3128/3128
f 3128/3128/3128 3130/3130/3130 3200/3200/3200
f 3130/3130/3130 3128/3128/3128 3055/3055/3055
f 2860/2860/2860 2865/2865/2865 2798/2798/2798
f 2798/2798/2798 2795/2795/2795 2860/2860/2860
f 944/944/944 947/947/947 1007/1007/1007
f 1007/1007/1007 1002/1002/1002 944/944/944
f 947/947/947 944/944/944 883/883/883
f 883/883/883 885/885/885 947/947/947
f 885/885/885 883/883/883 824/824/824
f 3611/3611/3611 3623/3623/3623 3580/3580/3580
f 3580/3580/3580 3559/3559/3559 3611/3611/3611
f 3559/3559/3559 3580/3580/3580 3517/3517/3517
f 763/763/763 767/767/767 824/824/824
f 767/767/767 763/763/763 694/694/694
f 1763/1763/1763 1766/1766/1766 1667/1667/1667
f 1667/1667/1667 1670/1670/1670 1763/1763/1763
f 1670/1670/1670 1667/1667/1667 1557/1557/1557
f 335/335/335 340/340/340 396/396/396
f 340/340/340 335/335/335 276/276/276
f 276/276/276 286/286/286 340/340/340
f 286/286/286 276/276/276 222/222/222
f 3055/3055/3055 3062/3062/3062 3134/3134/3134
f 3134/3134/3134 3130/3130/3130 3055/3055/3055
f 2003/2003/2003 2005/2005/2005 2135/2135/2135
f 2005/2005/2005 2003/2003/2003 1876/1876/1876
f 1671/1671/1671 1666/1666/1666 1761/1761/1761
f 1666/1666/1666 1671/1671/1671 1558/1558/1558
f 72/72/72 100/100/100 118/118/118
f 100/100/100 72/72/72 66/66/66
f 70/70/70 99/99/99 66/66/66
f 99/99/99 70/70/70 114/114/114
f 114/114/114 117/117/117 99/99/99
f 117/117/117 114/114/114 151/151/151
f 634/634/634 638/638/638 570/570/570
f 1424/1424/1424 1427/1427/1427 1295/1295/1295
f 638/638/638 634/634/634 690/690/690
f 690/690/690 696/696/696 638/638/638
f 696/696/696 690/690/690 760/760/760
f 760/760/760 765/765/765 696/696/696
f 1427/1427/1427 1424/1424/1424 1553/1553/1553
f 1553/1553/1553 1558/1558/1558 1427/1427/1427
f 1558/1558/1558 1553/1553/1553 1666/1666/1666
f 3625/3625/3625 3646/3646/3646 3623/3623/3623
f 3646/3646/3646 3625/3625/3625 3621/3621/3621
f 2866/2866/2866 2859/2859/2859 2793/2793/2793
f 2859/2859/2859 2866/2866/2866 2959/2959/2959
f 640/640/640 632/632/632 568/568/568
f 632/632/632 640/640/640 694/694/694
f 694/694/694 691/691/691 632/632/632
f 691/691/691 694/694/694 763/763/763
f 213/213/213 222/222/222 276/276/276
f 105/105/105 118/118/118 153/153/153
f 118/118/118 105/105/105 72/72/72
f 212/212/212 221/221/221 151/151/151
f 221/221/221 212/212/212 284/284/284
f 565/565/565 570/570/570 506/506/506
f 570/570/570 565/565/565 634/634/634
f 765/765/765 760/760/760 825/825/825
f 820/820/820 825/825/825 760/760/760
f 880/880/880 884/884/884 825/825/825
f 825/825/825 820/820/820 880/880/880
f 884/884/884 880/880/880 945/945/945
f 391/391/391 394/394/394 338/338/338
f 446/446/446 451/451/451 394/394/394
f 394/394/394 391/391/391 446/446/446
f 222/222/222 213/213/213 143/143/143
f 143/143/143 153/153/153 222/222/222
f 153/153/153 143/143/143 105/105/105
f 451/451/451 446/446/446 504/504/504
f 504/504/504 506/506/506 451/451/451
f 506/506/506 504/504/504 565/565/565
f 1298/1298/1298 1293/1293/1293 1120/1120/1120
f 1293/1293/1293 1298/1298/1298 1429/1429/1429
f 2139/2139/2139 2137/2137/2137 2317/2317/2317
f 2317/2317/2317 2321/2321/2321 2139/2139/2139
f 2321/2321/2321 2317/2317/2317 2440/2440/2440
f 2137/2137/2137 2139/2139/2139 2009/2009/2009
f 2009/2009/2009 2006/2006/2006 2137/2137/2137
f 2440/2440/2440 2442/2442/2442 2321/2321/2321
f 2442/2442/2442 2440/2440/2440 2505/2505/2505
f 1555/1555/1555 1557/1557/1557 1667/1667/1667
f 1557/1557/1557 1555/1555/1555 1429/1429/1429
f 2579/2579/2579 2577/2577/2577 2645/2645/2645
f 943/943/943 944/944/944 1002/1002/1002
f 944/944/944 943/943/943 882/882/882
f 882/882/882 883/883/883 944/944/944
f 1120/1120/1120 1117/1117/1117 1002/1002/1002
f 1117/1117/1117 1120/1120/1120 1293/1293/1293
f 883/883/883 882/882/882 822/822/822
f 822/822/822 824/824/824 883/883/883
f 824/824/824 822/822/822 761/761/761
f 761/761/761 763/763/763 824/824/824
f 763/763/763 761/761/761 691/691/691
f 390/390/390 396/396/396 450/450/450
f 450/450/450 448/448/448 390/390/390
f 396/396/396 390/390/390 335/335/335
f 448/448/448 450/450/450 507/507/507
f 2645/2645/2645 2648/2648/2648 2579/2579/2579
f 2648/2648/2648 2645/2645/2645 2723/2723/2723
f 2723/2723/2723 2725/2725/2725 2648/2648/2648
f 2795/2795/2795 2798/2798/2798 2725/2725/2725
f 2725/2725/2725 2723/2723/2723 2795/2795/2795
f 2964/2964/2964 2966/2966/2966 2865/2865/2865
f 2966/2966/2966 2964/2964/2964 3061/3061/3061
f 3061/3061/3061 3064/3064/3064 2966/2966/2966
f 3064/3064/3064 3061/3061/3061 3132/3132/3132
f 567/567/567 568/568/568 632/632/632
f 274/274/274 276/276/276 335/335/335
f 276/276/276 274/274/274 213/213/213
f 3357/3357/3357 3355/3355/3355 3430/3430/3430
f 3430/3430/3430 3436/3436/3436 3357/3357/3357
f 3436/3436/3436 3430/3430/3430 3517/3517/3517
f 3517/3517/3517 3523/3523/3523 3436/3436/3436
f 3523/3523/3523 3517/3517/3517 3580/3580/3580
f 3205/3205/3205 3201/3201/3201 3271/3271/3271
f 3355/3355/3355 3357/3357/3357 3271/3271/3271
f 3276/3276/3276 3271/3271/3271 3357/3357/3357
f 3621/3621/3621 3630/3630/3630 3646/3646/3646
f 3630/3630/3630 3621/3621/3621 3578/3578/3578
f 3271/3271/3271 3276/3276/3276 3209/3209/3209
f 3209/3209/3209 3205/3205/3205 3271/3271/3271
f 3515/3515/3515 3521/3521/3521 3578/3578/3578
f 3521/3521/3521 3515/3515/3515 3428/3428/3428
f 3428/3428/3428 3435/3435/3435 3521/3521/3521
f 3201/3201/3201 3205/3205/3205 3137/3137/3137
f 3137/3137/3137 3132/3132/3132 3201/3201/3201
f 3132/3132/3132 3137/3137/3137 3064/3064/3064
f 3205/3205/3205 3209/3209/3209 3137/3137/3137
f 3435/3435/3435 3428/3428/3428 3353/3353/3353
f 3353/3353/3353 3356/3356/3356 3435/3435/3435
f 3356/3356/3356 3353/3353/3353 3273/3273/3273
f 3200/3200/3200 3203/3203/3203 3273/3273/3273
f 3130/3130/3130 3134/3134/3134 3203/3203/3203
f 3203/3203/3203 3200/3200/3200 3130/3130/3130
f 2577/2577/2577 2579/2579/2579 2514/2514/2514
f 2514/2514/2514 2505/2505/2505 2577/2577/2577
f 2505/2505/2505 2514/2514/2514 2442/2442/2442
f 2446/2446/2446 2442/2442/2442 2514/2514/2514
f 2006/2006/2006 2009/2009/2009 1890/1890/1890
f 1890/1890/1890 1880/1880/1880 2006/2006/2006
f 1880/1880/1880 1890/1890/1890 1766/1766/1766
f 2967/2967/2967 2959/2959/2959 2866/2866/2866
f 2796/2796/2796 2793/2793/2793 2721/2721/2721
f 2793/2793/2793 2796/2796/2796 2866/2866/2866
f 2643/2643/2643 2647/2647/2647 2721/2721/2721
f 2647/2647/2647 2643/2643/2643 2576/2576/2576
f 2437/2437/2437 2444/2444/2444 2504/2504/2504
f 2444/2444/2444 2437/2437/2437 2319/2319/2319
f 2959/2959/2959 2967/2967/2967 3067/3067/3067
f 3067/3067/3067 3062/3062/3062 2959/2959/2959
f 3062/3062/3062 3067/3067/3067 3134/3134/3134
f 1876/1876/1876 1883/1883/1883 2005/2005/2005
f 1769/1769/1769 1761/1761/1761 1666/1666/1666
f 1883/1883/1883 1876/1876/1876 1761/1761/1761
f 1761/1761/1761 1769/1769/1769 1883/1883/1883
f 269/269/269 284/284/284 212/212/212
f 338/338/338 333/333/333 391/391/391
f 333/333/333 338/338/338 284/284/284
f 284/284/284 269/269/269 333/333/333
f 1006/1006/1006 998/998/998 1119/1119/1119
f 938/938/938 945/945/945 880/880/880
f 998/998/998 1006/1006/1006 945/945/945
f 945/945/945 938/938/938 998/998/998
f 568/568/568 567/567/567 501/501/501
f 501/501/501 507/507/507 568/568/568
f 507/507/507 501/501/501 448/448/448
f 1766/1766/1766 1773/1773/1773 1667/1667/1667
f 1773/1773/1773 1766/1766/1766 1890/1890/1890
f 3644/3644/3644 3623/3623/3623 3646/3646/3646
f 3623/3623/3623 3644/3644/3644 3599/3599/3599
f 3599/3599/3599 3580/3580/3580 3623/3623/3623
f 2726/2726/2726 2721/2721/2721 2647/2647/2647
f 54/54/54 66/66/66 72/72/72
f 66/66/66 54/54/54 70/70/70
f 2581/2581/2581 2576/2576/2576 2504/2504/2504
f 92/92/92 114/114/114 70/70/70
f 151/151/151 141/141/141 212/212/212
f 141/141/141 151/151/151 114/114/114
f 114/114/114 92/92/92 141/141/141
f 2010/2010/2010 2005/2005/2005 1883/1883/1883
f 2005/2005/2005 2010/2010/2010 2142/2142/2142
f 2142/2142/2142 2135/2135/2135 2005/2005/2005
f 1295/1295/1295 1292/1292/1292 1424/1424/1424
f 1292/1292/1292 1295/1295/1295 1119/1119/1119
f 2721/2721/2721 2726/2726/2726 2800/2800/2800
f 2800/2800/2800 2796/2796/2796 2721/2721/2721
f 2796/2796/2796 2800/2800/2800 2866/2866/2866
f 2135/2135/2135 2142/2142/2142 2322/2322/2322
f 2322/2322/2322 2319/2319/2319 2135/2135/2135
f 2319/2319/2319 2322/2322/2322 2444/2444/2444
f 2576/2576/2576 2581/2581/2581 2653/2653/2653
f 2653/2653/2653 2647/2647/2647 2576/2576/2576
f 2647/2647/2647 2653/2653/2653 2726/2726/2726
f 2868/2868/2868 2865/2865/2865 2966/2966/2966
f 2966/2966/2966 2969/2969/2969 2868/2868/2868
f 2969/2969/2969 2966/2966/2966 3064/3064/3064
f 2865/2865/2865 2868/2868/2868 2801/2801/2801
f 2801/2801/2801 2798/2798/2798 2865/2865/2865
f 2728/2728/2728 2725/2725/2725 2798/2798/2798
f 2798/2798/2798 2801/2801/2801 2728/2728/2728
f 2725/2725/2725 2728/2728/2728 2650/2650/2650
f 2650/2650/2650 2648/2648/2648 2725/2725/2725
f 2582/2582/2582 2579/2579/2579 2648/2648/2648
f 2579/2579/2579 2582/2582/2582 2514/2514/2514
f 2648/2648/2648 2650/2650/2650 2582/2582/2582
f 3437/3437/3437 3436/3436/3436 3523/3523/3523
f 3523/3523/3523 3533/3533/3533 3437/3437/3437
f 3580/3580/3580 3599/3599/3599 3533/3533/3533
f 3533/3533/3533 3523/3523/3523 3580/3580/3580
f 2325/2325/2325 2321/2321/2321 2442/2442/2442
f 2442/2442/2442 2446/2446/2446 2325/2325/2325
f 2321/2321/2321 2325/2325/2325 2145/2145/2145
f 2145/2145/2145 2139/2139/2139 2321/2321/2321
f 2013/2013/2013 2009/2009/2009 2139/2139/2139
f 2139/2139/2139 2145/2145/2145 2013/2013/2013
f 2009/2009/2009 2013/2013/2013 1890/1890/1890
f 3641/3641/3641 3630/3630/3630 3578/3578/3578
f 3578/3578/3578 3597/3597/3597 3641/3641/3641
f 3597/3597/3597 3578/3578/3578 3521/3521/3521
f 3521/3521/3521 3531/3531/3531 3597/3597/3597
f 3531/3531/3531 3521/3521/3521 3435/3435/3435
f 1551/1551/1551 1555/1555/1555 1667/1667/1667
f 1555/1555/1555 1551/1551/1551 1429/1429/1429
f 1419/1419/1419 1429/1429/1429 1551/1551/1551
f 1429/1429/1429 1419/1419/1419 1288/1288/1288
f 1288/1288/1288 1293/1293/1293 1429/1429/1429
f 1116/1116/1116 1117/1117/1117 1293/1293/1293
f 1000/1000/1000 1002/1002/1002 1117/1117/1117
f 1117/1117/1117 1116/1116/1116 1000/1000/1000
f 1002/1002/1002 1000/1000/1000 940/940/940
f 940/940/940 943/943/943 1002/1002/1002
f 878/878/878 882/882/882 943/943/943
f 943/943/943 940/940/940 878/878/878
f 818/818/818 822/822/822 882/882/882
f 882/882/882 878/878/878 818/818/818
f 758/758/758 761/761/761 822/822/822
f 822/822/822 818/818/818 758/758/758
f 761/761/761 758/758/758 689/689/689
f 689/689/689 691/691/691 761/761/761
f 691/691/691 689/689/689 632/632/632
f 3436/3436/3436 3437/3437/3437 3367/3367/3367
f 3367/3367/3367 3357/3357/3357 3436/3436/3436
f 3357/3357/3357 3367/3367/3367 3276/3276/3276
f 564/564/564 567/567/567 632/632/632
f 567/567/567 564/564/564 501/501/501
f 3358/3358/3358 3356/3356/3356 3273/3273/3273
f 3630/3630/3630 3641/3641/3641 3672/3672/3672
f 3672/3672/3672 3646/3646/3646 3630/3630/3630
f 3646/3646/3646 3672/3672/3672 3644/3644/3644
f 3356/3356/3356 3358/3358/3358 3446/3446/3446
f 3446/3446/3446 3435/3435/3435 3356/3356/3356
f 3435/3435/3435 3446/3446/3446 3531/3531/3531
f 2504/2504/2504 2510/2510/2510 2581/2581/2581
f 2510/2510/2510 2504/2504/2504 2444/2444/2444
f 1424/1424/1424 1415/1415/1415 1553/1553/1553
f 1415/1415/1415 1424/1424/1424 1292/1292/1292
f 1666/1666/1666 1663/1663/1663 1769/1769/1769
f 1663/1663/1663 1666/1666/1666 1553/1553/1553
f 1119/1119/1119 1107/1107/1107 1292/1292/1292
f 1107/1107/1107 1119/1119/1119 998/998/998
f 880/880/880 877/877/877 938/938/938
f 877/877/877 880/880/880 820/820/820
f 563/563/563 565/565/565 504/504/504
f 565/565/565 563/563/563 634/634/634
f 1660/1660/1660 1667/1667/1667 1773/1773/1773
f 1667/1667/1667 1660/1660/1660 1547/1547/1547
f 1547/1547/1547 1551/1551/1551 1667/1667/1667
f 1551/1551/1551 1547/1547/1547 1419/1419/1419
f 3140/3140/3140 3134/3134/3134 3067/3067/3067
f 3134/3134/3134 3140/3140/3140 3212/3212/3212
f 3212/3212/3212 3203/3203/3203 3134/3134/3134
f 3203/3203/3203 3212/3212/3212 3273/3273/3273
f 3291/3291/3291 3273/3273/3273 3212/3212/3212
f 3273/3273/3273 3291/3291/3291 3363/3363/3363
f 3363/3363/3363 3358/3358/3358 3273/3273/3273
f 3358/3358/3358 3363/3363/3363 3446/3446/3446
f 443/443/443 448/448/448 501/501/501
f 325/325/325 335/335/335 390/390/390
f 263/263/263 274/274/274 335/335/335
f 335/335/335 325/325/325 263/263/263
f 274/274/274 263/263/263 213/213/213
f 200/200/200 213/213/213 263/263/263
f 78/78/78 105/105/105 143/143/143
f 58/58/58 72/72/72 105/105/105
f 105/105/105 78/78/78 58/58/58
f 72/72/72 58/58/58 54/54/54
f 198/198/198 212/212/212 141/141/141
f 212/212/212 198/198/198 269/269/269
f 448/448/448 443/443/443 384/384/384
f 384/384/384 390/390/390 448/448/448
f 390/390/390 384/384/384 325/325/325
f 387/387/387 391/391/391 333/333/333
f 391/391/391 387/387/387 446/446/446
f 1553/1553/1553 1545/1545/1545 1663/1663/1663
f 1545/1545/1545 1553/1553/1553 1415/1415/1415
f 629/629/629 634/634/634 563/563/563
f 820/820/820 813/813/813 877/877/877
f 813/813/813 820/820/820 760/760/760
f 685/685/685 690/690/690 634/634/634
f 634/634/634 629/629/629 685/685/685
f 213/213/213 200/200/200 125/125/125
f 125/125/125 143/143/143 213/213/213
f 690/690/690 685/685/685 751/751/751
f 751/751/751 760/760/760 690/690/690
f 760/760/760 751/751/751 813/813/813
f 2650/2650/2650 2656/2656/2656 2582/2582/2582
f 2656/2656/2656 2650/2650/2650 2728/2728/2728
f 2728/2728/2728 2732/2732/2732 2656/2656/2656
f 2732/2732/2732 2728/2728/2728 2801/2801/2801
f 2331/2331/2331 2325/2325/2325 2446/2446/2446
f 2446/2446/2446 2451/2451/2451 2331/2331/2331
f 2451/2451/2451 2446/2446/2446 2514/2514/2514
f 2801/2801/2801 2806/2806/2806 2732/2732/2732
f 2806/2806/2806 2801/2801/2801 2868/2868/2868
f 2868/2868/2868 2871/2871/2871 2806/2806/2806
f 2871/2871/2871 2868/2868/2868 2969/2969/2969
f 2969/2969/2969 2973/2973/2973 2871/2871/2871
f 2973/2973/2973 2969/2969/2969 3064/3064/3064
f 3144/3144/3144 3137/3137/3137 3209/3209/3209
f 3209/3209/3209 3214/3214/3214 3144/3144/3144
f 1293/1293/1293 1288/1288/1288 1111/1111/1111
f 1111/1111/1111 1116/1116/1116 1293/1293/1293
f 3214/3214/3214 3209/3209/3209 3276/3276/3276
f 3276/3276/3276 3287/3287/3287 3214/3214/3214
f 3287/3287/3287 3276/3276/3276 3367/3367/3367
f 3437/3437/3437 3448/3448/3448 3367/3367/3367
f 3448/3448/3448 3437/3437/3437 3533/3533/3533
f 3137/3137/3137 3144/3144/3144 3064/3064/3064
f 3074/3074/3074 3064/3064/3064 3144/3144/3144
f 3618/3618/3618 3599/3599/3599 3644/3644/3644
f 3644/3644/3644 3653/3653/3653 3618/3618/3618
f 3653/3653/3653 3644/3644/3644 3672/3672/3672
f 3064/3064/3064 3074/3074/3074 2978/2978/2978
f 2978/2978/2978 2973/2973/2973 3064/3064/3064
f 3641/3641/3641 3651/3651/3651 3672/3672/3672
f 3651/3651/3651 3641/3641/3641 3597/3597/3597
f 3597/3597/3597 3614/3614/3614 3651/3651/3651
f 3614/3614/3614 3597/3597/3597 3531/3531/3531
f 3531/3531/3531 3537/3537/3537 3614/3614/3614
f 3537/3537/3537 3531/3531/3531 3446/3446/3446
f 876/876/876 878/878/878 940/940/940
f 3599/3599/3599 3618/3618/3618 3549/3549/3549
f 3549/3549/3549 3533/3533/3533 3599/3599/3599
f 3533/3533/3533 3549/3549/3549 3448/3448/3448
f 687/687/687 689/689/689 758/758/758
f 689/689/689 687/687/687 631/631/631
f 631/631/631 632/632/632 689/689/689
f 3067/3067/3067 3068/3068/3068 3140/3140/3140
f 3068/3068/3068 3067/3067/3067 2967/2967/2967
f 2866/2866/2866 2869/2869/2869 2967/2967/2967
f 2869/2869/2869 2866/2866/2866 2800/2800/2800
f 2800/2800/2800 2803/2803/2803 2869/2869/2869
f 2803/2803/2803 2800/2800/2800 2726/2726/2726
f 2726/2726/2726 2731/2731/2731 2803/2803/2803
f 2731/2731/2731 2726/2726/2726 2653/2653/2653
f 1116/1116/1116 1111/1111/1111 989/989/989
f 989/989/989 1000/1000/1000 1116/1116/1116
f 878/878/878 876/876/876 809/809/809
f 809/809/809 818/818/818 878/878/878
f 818/818/818 809/809/809 758/758/758
f 632/632/632 631/631/631 559/559/559
f 559/559/559 564/564/564 632/632/632
f 564/564/564 559/559/559 501/501/501
f 440/440/440 446/446/446 387/387/387
f 1292/1292/1292 1284/1284/1284 1415/1415/1415
f 1284/1284/1284 1292/1292/1292 1107/1107/1107
f 446/446/446 440/440/440 497/497/497
f 497/497/497 504/504/504 446/446/446
f 504/504/504 497/497/497 563/563/563
f 934/934/934 940/940/940 1000/1000/1000
f 1000/1000/1000 989/989/989 934/934/934
f 940/940/940 934/934/934 876/876/876
f 755/755/755 758/758/758 809/809/809
f 758/758/758 755/755/755 682/682/682
f 682/682/682 687/687/687 758/758/758
f 2974/2974/2974 2967/2967/2967 2869/2869/2869
f 2581/2581/2581 2588/2588/2588 2653/2653/2653
f 2588/2588/2588 2581/2581/2581 2510/2510/2510
f 2967/2967/2967 2974/2974/2974 3070/3070/3070
f 3070/3070/3070 3068/3068/3068 2967/2967/2967
f 269/269/269 260/260/260 333/333/333
f 998/998/998 993/993/993 1107/1107/1107
f 868/868/868 877/877/877 813/813/813
f 877/877/877 868/868/868 930/930/930
f 930/930/930 938/938/938 877/877/877
f 938/938/938 930/930/930 993/993/993
f 993/993/993 998/998/998 938/938/938
f 2877/2877/2877 2871/2871/2871 2973/2973/2973
f 2973/2973/2973 2978/2978/2978 2877/2877/2877
f 2735/2735/2735 2732/2732/2732 2806/2806/2806
f 2732/2732/2732 2735/2735/2735 2661/2661/2661
f 2661/2661/2661 2656/2656/2656 2732/2732/2732
f 2871/2871/2871 2877/2877/2877 2812/2812/2812
f 2812/2812/2812 2806/2806/2806 2871/2871/2871
f 2806/2806/2806 2812/2812/2812 2735/2735/2735
f 872/872/872 876/876/876 934/934/934
f 876/876/876 872/872/872 809/809/809
f 627/627/627 631/631/631 687/687/687
f 687/687/687 682/682/682 627/627/627
f 631/631/631 627/627/627 559/559/559
f 3068/3068/3068 3070/3070/3070 3146/3146/3146
f 3146/3146/3146 3140/3140/3140 3068/3068/3068
f 2869/2869/2869 2874/2874/2874 2974/2974/2974
f 2874/2874/2874 2869/2869/2869 2803/2803/2803
f 2803/2803/2803 2807/2807/2807 2874/2874/2874
f 2807/2807/2807 2803/2803/2803 2731/2731/2731
f 2658/2658/2658 2653/2653/2653 2588/2588/2588
f 2653/2653/2653 2658/2658/2658 2739/2739/2739
f 2739/2739/2739 2731/2731/2731 2653/2653/2653
f 2731/2731/2731 2739/2739/2739 2807/2807/2807
f 554/554/554 563/563/563 497/497/497
f 563/563/563 554/554/554 629/629/629
f 2886/2886/2886 2877/2877/2877 2978/2978/2978
f 2978/2978/2978 2986/2986/2986 2886/2886/2886
f 748/748/748 755/755/755 809/809/809
f 755/755/755 748/748/748 682/682/682
f 2981/2981/2981 2974/2974/2974 2874/2874/2874
f 2874/2874/2874 2882/2882/2882 2981/2981/2981
f 2882/2882/2882 2874/2874/2874 2807/2807/2807
f 620/620/620 629/629/629 554/554/554
f 672/672/672 685/685/685 629/629/629
f 629/629/629 620/620/620 672/672/672
f 2051/2051/2051 2052/2052/2052 2177/2177/2177
f 2177/2177/2177 2176/2176/2176 2051/2051/2051
f 2176/2176/2176 2177/2177/2177 2364/2364/2364
f 2364/2364/2364 2363/2363/2363 2176/2176/2176
f 2047/2047/2047 2051/2051/2051 2176/2176/2176
f 2176/2176/2176 2172/2172/2172 2047/2047/2047
f 2173/2173/2173 2177/2177/2177 2052/2052/2052
f 2052/2052/2052 2048/2048/2048 2173/2173/2173
f 2360/2360/2360 2364/2364/2364 2177/2177/2177
f 2177/2177/2177 2173/2173/2173 2360/2360/2360
f 2172/2172/2172 2176/2176/2176 2363/2363/2363
f 2363/2363/2363 2359/2359/2359 2172/2172/2172
f 2052/2052/2052 2051/2051/2051 1918/1918/1918
f 1918/1918/1918 1919/1919/1919 2052/2052/2052
f 2051/2051/2051 2047/2047/2047 1914/1914/1914
f 1914/1914/1914 1918/1918/1918 2051/2051/2051
f 2048/2048/2048 2052/2052/2052 1919/1919/1919
f 1919/1919/1919 1915/1915/1915 2048/2048/2048
f 2171/2171/2171 2173/2173/2173 2048/2048/2048
f 2048/2048/2048 2045/2045/2045 2171/2171/2171
f 2045/2045/2045 2048/2048/2048 1915/1915/1915
f 2044/2044/2044 2047/2047/2047 2172/2172/2172
f 2172/2172/2172 2170/2170/2170 2044/2044/2044
f 2173/2173/2173 2171/2171/2171 2358/2358/2358
f 2358/2358/2358 2360/2360/2360 2173/2173/2173
f 2170/2170/2170 2172/2172/2172 2359/2359/2359
f 2359/2359/2359 2357/2357/2357 2170/2170/2170
f 1915/1915/1915 1913/1913/1913 2045/2045/2045
f 1912/1912/1912 1914/1914/1914 2047/2047/2047
f 2047/2047/2047 2044/2044/2044 1912/1912/1912
f 1919/1919/1919 1918/1918/1918 1806/1806/1806
f 1806/1806/1806 1807/1807/1807 1919/1919/1919
f 1918/1918/1918 1914/1914/1914 1802/1802/1802
f 1802/1802/1802 1806/1806/1806 1918/1918/1918
f 1915/1915/1915 1919/1919/1919 1807/1807/1807
f 1807/1807/1807 1803/1803/1803 1915/1915/1915
f 1913/1913/1913 1915/1915/1915 1803/1803/1803
f 1914/1914/1914 1912/1912/1912 1800/1800/1800
f 1800/1800/1800 1802/1802/1802 1914/1914/1914
f 1803/1803/1803 1801/1801/1801 1913/1913/1913
f 2044/2044/2044 2042/2042/2042 1912/1912/1912
f 2042/2042/2042 2044/2044/2044 2170/2170/2170
f 2043/2043/2043 2045/2045/2045 1913/1913/1913
f 1913/1913/1913 1910/1910/1910 2043/2043/2043
f 2045/2045/2045 2043/2043/2043 2168/2168/2168
f 2168/2168/2168 2171/2171/2171 2045/2045/2045
f 1807/1807/1807 1806/1806/1806 1629/1629/1629
f 1629/1629/1629 1630/1630/1630 1807/1807/1807
f 1803/1803/1803 1807/1807/1807 1630/1630/1630
f 1630/1630/1630 1632/1632/1632 1803/1803/1803
f 1631/1631/1631 1629/1629/1629 1806/1806/1806
f 1806/1806/1806 1802/1802/1802 1631/1631/1631
f 1635/1635/1635 1631/1631/1631 1802/1802/1802
f 1802/1802/1802 1800/1800/1800 1635/1635/1635
f 1801/1801/1801 1803/1803/1803 1632/1632/1632
f 1632/1632/1632 1636/1636/1636 1801/1801/1801
f 1910/1910/1910 1913/1913/1913 1801/1801/1801
f 1801/1801/1801 1797/1797/1797 1910/1910/1910
f 1797/1797/1797 1801/1801/1801 1636/1636/1636
f 1796/1796/1796 1800/1800/1800 1912/1912/1912
f 1907/1907/1907 1912/1912/1912 2042/2042/2042
f 1630/1630/1630 1629/1629/1629 1514/1514/1514
f 1514/1514/1514 1515/1515/1515 1630/1630/1630
f 1632/1632/1632 1630/1630/1630 1515/1515/1515
f 1636/1636/1636 1632/1632/1632 1515/1515/1515
f 1516/1516/1516 1514/1514/1514 1629/1629/1629
f 1629/1629/1629 1631/1631/1631 1516/1516/1516
f 1515/1515/1515 1518/1518/1518 1636/1636/1636
f 1800/1800/1800 1796/1796/1796 1637/1637/1637
f 1637/1637/1637 1635/1635/1635 1800/1800/1800
f 1636/1636/1636 1638/1638/1638 1797/1797/1797
f 1638/1638/1638 1636/1636/1636 1518/1518/1518
f 1517/1517/1517 1516/1516/1516 1631/1631/1631
f 1631/1631/1631 1635/1635/1635 1517/1517/1517
f 1912/1912/1912 1907/1907/1907 1794/1794/1794
f 1794/1794/1794 1796/1796/1796 1912/1912/1912
f 2170/2170/2170 2166/2166/2166 2042/2042/2042
f 2166/2166/2166 2170/2170/2170 2357/2357/2357
f 2355/2355/2355 2358/2358/2358 2171/2171/2171
f 2171/2171/2171 2168/2168/2168 2355/2355/2355
f 2357/2357/2357 2354/2354/2354 2166/2166/2166
f 2363/2363/2363 2364/2364/2364 2482/2482/2482
f 2482/2482/2482 2481/2481/2481 2363/2363/2363
f 2478/2478/2478 2482/2482/2482 2364/2364/2364
f 2364/2364/2364 2360/2360/2360 2478/2478/2478
f 2359/2359/2359 2363/2363/2363 2481/2481/2481
f 2481/2481/2481 2477/2477/2477 2359/2359/2359
f 2357/2357/2357 2359/2359/2359 2477/2477/2477
f 2477/2477/2477 2475/2475/2475 2357/2357/2357
f 2042/2042/2042 2038/2038/2038 1907/1907/1907
f 2038/2038/2038 2042/2042/2042 2166/2166/2166
f 2476/2476/2476 2478/2478/2478 2360/2360/2360
f 2360/2360/2360 2358/2358/2358 2476/2476/2476
f 2039/2039/2039 2043/2043/2043 1910/1910/1910
f 1910/1910/1910 1908/1908/1908 2039/2039/2039
f 2043/2043/2043 2039/2039/2039 2168/2168/2168
f 1908/1908/1908 1910/1910/1910 1797/1797/1797
f 1797/1797/1797 1795/1795/1795 1908/1908/1908
f 2354/2354/2354 2357/2357/2357 2475/2475/2475
f 2475/2475/2475 2472/2472/2472 2354/2354/2354
f 2473/2473/2473 2476/2476/2476 2358/2358/2358
f 2358/2358/2358 2355/2355/2355 2473/2473/2473
f 2481/2481/2481 2482/2482/2482 2550/2550/2550
f 2550/2550/2550 2549/2549/2549 2481/2481/2481
f 2477/2477/2477 2481/2481/2481 2549/2549/2549
f 2549/2549/2549 2545/2545/2545 2477/2477/2477
f 2546/2546/2546 2550/2550/2550 2482/2482/2482
f 2482/2482/2482 2478/2478/2478 2546/2546/2546
f 2352/2352/2352 2355/2355/2355 2168/2168/2168
f 2355/2355/2355 2352/2352/2352 2473/2473/2473
f 2475/2475/2475 2477/2477/2477 2545/2545/2545
f 2545/2545/2545 2543/2543/2543 2475/2475/2475
f 2478/2478/2478 2476/2476/2476 2544/2544/2544
f 2544/2544/2544 2546/2546/2546 2478/2478/2478
f 1796/1796/1796 1794/1794/1794 1641/1641/1641
f 1641/1641/1641 1637/1637/1637 1796/1796/1796
f 2354/2354/2354 2349/2349/2349 2166/2166/2166
f 2349/2349/2349 2354/2354/2354 2472/2472/2472
f 2472/2472/2472 2469/2469/2469 2349/2349/2349
f 2472/2472/2472 2475/2475/2475 2543/2543/2543
f 2543/2543/2543 2539/2539/2539 2472/2472/2472
f 2540/2540/2540 2544/2544/2544 2476/2476/2476
f 2476/2476/2476 2473/2473/2473 2540/2540/2540
f 1795/1795/1795 1797/1797/1797 1638/1638/1638
f 1638/1638/1638 1642/1642/1642 1795/1795/1795
f 1521/1521/1521 1517/1517/1517 1635/1635/1635
f 1635/1635/1635 1637/1637/1637 1521/1521/1521
f 1518/1518/1518 1522/1522/1522 1638/1638/1638
f 2035/2035/2035 2038/2038/2038 2166/2166/2166
f 2166/2166/2166 2165/2165/2165 2035/2035/2035
f 2165/2165/2165 2166/2166/2166 2349/2349/2349
f 1904/1904/1904 1907/1907/1907 2038/2038/2038
f 2038/2038/2038 2035/2035/2035 1904/1904/1904
f 2036/2036/2036 2039/2039/2039 1908/1908/1908
f 1908/1908/1908 1905/1905/1905 2036/2036/2036
f 2039/2039/2039 2036/2036/2036 2168/2168/2168
f 1905/1905/1905 1908/1908/1908 1795/1795/1795
f 2162/2162/2162 2168/2168/2168 2036/2036/2036
f 2549/2549/2549 2550/2550/2550 2620/2620/2620
f 2620/2620/2620 2619/2619/2619 2549/2549/2549
f 2545/2545/2545 2549/2549/2549 2619/2619/2619
f 2619/2619/2619 2615/2615/2615 2545/2545/2545
f 2543/2543/2543 2545/2545/2545 2615/2615/2615
f 2550/2550/2550 2546/2546/2546 2616/2616/2616
f 2616/2616/2616 2620/2620/2620 2550/2550/2550
f 2612/2612/2612 2616/2616/2616 2546/2546/2546
f 2546/2546/2546 2544/2544/2544 2612/2612/2612
f 2468/2468/2468 2473/2473/2473 2352/2352/2352
f 2350/2350/2350 2352/2352/2352 2168/2168/2168
f 2352/2352/2352 2350/2350/2350 2468/2468/2468
f 2168/2168/2168 2162/2162/2162 2346/2346/2346
f 2346/2346/2346 2350/2350/2350 2168/2168/2168
f 2469/2469/2469 2472/2472/2472 2539/2539/2539
f 2539/2539/2539 2536/2536/2536 2469/2469/2469
f 2615/2615/2615 2609/2609/2609 2543/2543/2543
f 2539/2539/2539 2543/2543/2543 2609/2609/2609
f 2536/2536/2536 2539/2539/2539 2609/2609/2609
f 2537/2537/2537 2540/2540/2540 2473/2473/2473
f 1790/1790/1790 1794/1794/1794 1907/1907/1907
f 1907/1907/1907 1904/1904/1904 1790/1790/1790
f 2544/2544/2544 2540/2540/2540 2610/2610/2610
f 2610/2610/2610 2612/2612/2612 2544/2544/2544
f 1795/1795/1795 1791/1791/1791 1905/1905/1905
f 2473/2473/2473 2468/2468/2468 2535/2535/2535
f 2535/2535/2535 2537/2537/2537 2473/2473/2473
f 2619/2619/2619 2620/2620/2620 2695/2695/2695
f 2695/2695/2695 2694/2694/2694 2619/2619/2619
f 2615/2615/2615 2619/2619/2619 2694/2694/2694
f 2694/2694/2694 2690/2690/2690 2615/2615/2615
f 2609/2609/2609 2615/2615/2615 2690/2690/2690
f 2620/2620/2620 2616/2616/2616 2691/2691/2691
f 2691/2691/2691 2695/2695/2695 2620/2620/2620
f 2690/2690/2690 2687/2687/2687 2609/2609/2609
f 2616/2616/2616 2612/2612/2612 2688/2688/2688
f 2688/2688/2688 2691/2691/2691 2616/2616/2616
f 2609/2609/2609 2607/2607/2607 2536/2536/2536
f 2608/2608/2608 2610/2610/2610 2540/2540/2540
f 2540/2540/2540 2537/2537/2537 2608/2608/2608
f 2536/2536/2536 2534/2534/2534 2469/2469/2469
f 2687/2687/2687 2683/2683/2683 2609/2609/2609
f 2607/2607/2607 2609/2609/2609 2683/2683/2683
f 2684/2684/2684 2688/2688/2688 2612/2612/2612
f 2612/2612/2612 2610/2610/2610 2684/2684/2684
f 2032/2032/2032 2035/2035/2035 2165/2165/2165
f 2165/2165/2165 2161/2161/2161 2032/2032/2032
f 2161/2161/2161 2165/2165/2165 2349/2349/2349
f 2349/2349/2349 2345/2345/2345 2161/2161/2161
f 2345/2345/2345 2349/2349/2349 2469/2469/2469
f 2036/2036/2036 2033/2033/2033 2162/2162/2162
f 1515/1515/1515 1514/1514/1514 1382/1382/1382
f 1382/1382/1382 1383/1383/1383 1515/1515/1515
f 1386/1386/1386 1382/1382/1382 1514/1514/1514
f 1514/1514/1514 1516/1516/1516 1386/1386/1386
f 1383/1383/1383 1387/1387/1387 1515/1515/1515
f 1518/1518/1518 1515/1515/1515 1387/1387/1387
f 1637/1637/1637 1641/1641/1641 1524/1524/1524
f 1524/1524/1524 1521/1521/1521 1637/1637/1637
f 1794/1794/1794 1790/1790/1790 1643/1643/1643
f 1643/1643/1643 1641/1641/1641 1794/1794/1794
f 1642/1642/1642 1638/1638/1638 1522/1522/1522
f 1522/1522/1522 1525/1525/1525 1642/1642/1642
f 1791/1791/1791 1795/1795/1795 1642/1642/1642
f 1642/1642/1642 1644/1644/1644 1791/1791/1791
f 1388/1388/1388 1386/1386/1386 1516/1516/1516
f 1516/1516/1516 1517/1517/1517 1388/1388/1388
f 1387/1387/1387 1389/1389/1389 1518/1518/1518
f 1901/1901/1901 1904/1904/1904 2035/2035/2035
f 2035/2035/2035 2032/2032/2032 1901/1901/1901
f 2033/2033/2033 2036/2036/2036 1905/1905/1905
f 1905/1905/1905 1902/1902/1902 2033/2033/2033
f 1902/1902/1902 1905/1905/1905 1791/1791/1791
f 1390/1390/1390 1388/1388/1388 1517/1517/1517
f 1517/1517/1517 1521/1521/1521 1390/1390/1390
f 1522/1522/1522 1518/1518/1518 1389/1389/1389
f 1389/1389/1389 1391/1391/1391 1522/1522/1522
f 1788/1788/1788 1790/1790/1790 1904/1904/1904
f 1904/1904/1904 1901/1901/1901 1788/1788/1788
f 1791/1791/1791 1789/1789/1789 1902/1902/1902
f 2465/2465/2465 2468/2468/2468 2350/2350/2350
f 2350/2350/2350 2346/2346/2346 2465/2465/2465
f 1641/1641/1641 1643/1643/1643 1526/1526/1526
f 1526/1526/1526 1524/1524/1524 1641/1641/1641
f 2534/2534/2534 2536/2536/2536 2607/2607/2607
f 2607/2607/2607 2603/2603/2603 2534/2534/2534
f 1644/1644/1644 1642/1642/1642 1525/1525/1525
f 1525/1525/1525 1527/1527/1527 1644/1644/1644
f 2604/2604/2604 2608/2608/2608 2537/2537/2537
f 2537/2537/2537 2535/2535/2535 2604/2604/2604
f 1525/1525/1525 1522/1522/1522 1391/1391/1391
f 1391/1391/1391 1395/1395/1395 1525/1525/1525
f 1383/1383/1383 1382/1382/1382 1259/1259/1259
f 1259/1259/1259 1260/1260/1260 1383/1383/1383
f 1387/1387/1387 1383/1383/1383 1260/1260/1260
f 1260/1260/1260 1263/1263/1263 1387/1387/1387
f 1389/1389/1389 1387/1387/1387 1263/1263/1263
f 1382/1382/1382 1386/1386/1386 1262/1262/1262
f 1262/1262/1262 1259/1259/1259 1382/1382/1382
f 1394/1394/1394 1390/1390/1390 1521/1521/1521
f 1521/1521/1521 1524/1524/1524 1394/1394/1394
f 1265/1265/1265 1262/1262/1262 1386/1386/1386
f 1386/1386/1386 1388/1388/1388 1265/1265/1265
f 1645/1645/1645 1643/1643/1643 1790/1790/1790
f 1790/1790/1790 1788/1788/1788 1645/1645/1645
f 1789/1789/1789 1791/1791/1791 1644/1644/1644
f 1644/1644/1644 1646/1646/1646 1789/1789/1789
f 1646/1646/1646 1644/1644/1644 1527/1527/1527
f 1388/1388/1388 1390/1390/1390 1267/1267/1267
f 1267/1267/1267 1265/1265/1265 1388/1388/1388
f 1391/1391/1391 1389/1389/1389 1270/1270/1270
f 1263/1263/1263 1270/1270/1270 1389/1389/1389
f 1395/1395/1395 1391/1391/1391 1270/1270/1270
f 1524/1524/1524 1526/1526/1526 1396/1396/1396
f 1396/1396/1396 1394/1394/1394 1524/1524/1524
f 1527/1527/1527 1525/1525/1525 1395/1395/1395
f 1395/1395/1395 1397/1397/1397 1527/1527/1527
f 1397/1397/1397 1395/1395/1395 1270/1270/1270
f 1643/1643/1643 1645/1645/1645 1530/1530/1530
f 1530/1530/1530 1526/1526/1526 1643/1643/1643
f 2468/2468/2468 2465/2465/2465 2531/2531/2531
f 2531/2531/2531 2535/2535/2535 2468/2468/2468
f 1527/1527/1527 1531/1531/1531 1646/1646/1646
f 1531/1531/1531 1527/1527/1527 1397/1397/1397
f 2030/2030/2030 2033/2033/2033 1902/1902/1902
f 1902/1902/1902 1899/1899/1899 2030/2030/2030
f 1899/1899/1899 1902/1902/1902 1789/1789/1789
f 2159/2159/2159 2162/2162/2162 2033/2033/2033
f 2033/2033/2033 2030/2030/2030 2159/2159/2159
f 2534/2534/2534 2530/2530/2530 2469/2469/2469
f 2462/2462/2462 2469/2469/2469 2530/2530/2530
f 2530/2530/2530 2534/2534/2534 2603/2603/2603
f 2469/2469/2469 2462/2462/2462 2343/2343/2343
f 2343/2343/2343 2345/2345/2345 2469/2469/2469
f 2029/2029/2029 2032/2032/2032 2161/2161/2161
f 2161/2161/2161 2158/2158/2158 2029/2029/2029
f 2158/2158/2158 2161/2161/2161 2345/2345/2345
f 2345/2345/2345 2343/2343/2343 2158/2158/2158
f 2032/2032/2032 2029/2029/2029 1895/1895/1895
f 1895/1895/1895 1901/1901/1901 2032/2032/2032
f 1269/1269/1269 1267/1267/1267 1390/1390/1390
f 1390/1390/1390 1394/1394/1394 1269/1269/1269
f 1260/1260/1260 1259/1259/1259 1079/1079/1079
f 1079/1079/1079 1080/1080/1080 1260/1260/1260
f 1082/1082/1082 1079/1079/1079 1259/1259/1259
f 1259/1259/1259 1262/1262/1262 1082/1082/1082
f 1263/1263/1263 1260/1260/1260 1080/1080/1080
f 1080/1080/1080 1083/1083/1083 1263/1263/1263
f 1270/1270/1270 1263/1263/1263 1083/1083/1083
f 1083/1083/1083 1085/1085/1085 1270/1270/1270
f 1262/1262/1262 1265/1265/1265 1087/1087/1087
f 1087/1087/1087 1082/1082/1082 1262/1262/1262
f 1265/1265/1265 1267/1267/1267 1087/1087/1087
f 1786/1786/1786 1788/1788/1788 1901/1901/1901
f 1901/1901/1901 1895/1895/1895 1786/1786/1786
f 1085/1085/1085 1088/1088/1088 1270/1270/1270
f 2344/2344/2344 2346/2346/2346 2162/2162/2162
f 2162/2162/2162 2159/2159/2159 2344/2344/2344
f 1272/1272/1272 1269/1269/1269 1394/1394/1394
f 1394/1394/1394 1396/1396/1396 1272/1272/1272
f 1526/1526/1526 1530/1530/1530 1400/1400/1400
f 1400/1400/1400 1396/1396/1396 1526/1526/1526
f 1649/1649/1649 1645/1645/1645 1788/1788/1788
f 1788/1788/1788 1786/1786/1786 1649/1649/1649
f 1270/1270/1270 1273/1273/1273 1397/1397/1397
f 1273/1273/1273 1270/1270/1270 1088/1088/1088
f 1397/1397/1397 1401/1401/1401 1531/1531/1531
f 1401/1401/1401 1397/1397/1397 1273/1273/1273
f 2680/2680/2680 2684/2684/2684 2610/2610/2610
f 2610/2610/2610 2608/2608/2608 2680/2680/2680
f 2683/2683/2683 2679/2679/2679 2607/2607/2607
f 2463/2463/2463 2465/2465/2465 2346/2346/2346
f 2346/2346/2346 2344/2344/2344 2463/2463/2463
f 1267/1267/1267 1269/1269/1269 1090/1090/1090
f 1090/1090/1090 1087/1087/1087 1267/1267/1267
f 2694/2694/2694 2695/2695/2695 2771/2771/2771
f 2771/2771/2771 2770/2770/2770 2694/2694/2694
f 2690/2690/2690 2694/2694/2694 2770/2770/2770
f 2770/2770/2770 2766/2766/2766 2690/2690/2690
f 2767/2767/2767 2771/2771/2771 2695/2695/2695
f 2695/2695/2695 2691/2691/2691 2767/2767/2767
f 2687/2687/2687 2690/2690/2690 2766/2766/2766
f 2766/2766/2766 2762/2762/2762 2687/2687/2687
f 2763/2763/2763 2767/2767/2767 2691/2691/2691
f 2691/2691/2691 2688/2688/2688 2763/2763/2763
f 2603/2603/2603 2599/2599/2599 2530/2530/2530
f 2683/2683/2683 2687/2687/2687 2762/2762/2762
f 2762/2762/2762 2759/2759/2759 2683/2683/2683
f 2679/2679/2679 2683/2683/2683 2759/2759/2759
f 2603/2603/2603 2607/2607/2607 2679/2679/2679
f 2679/2679/2679 2677/2677/2677 2603/2603/2603
f 2760/2760/2760 2763/2763/2763 2688/2688/2688
f 2688/2688/2688 2684/2684/2684 2760/2760/2760
f 2608/2608/2608 2604/2604/2604 2678/2678/2678
f 2678/2678/2678 2680/2680/2680 2608/2608/2608
f 2600/2600/2600 2604/2604/2604 2535/2535/2535
f 2535/2535/2535 2531/2531/2531 2600/2600/2600
f 1533/1533/1533 1530/1530/1530 1645/1645/1645
f 1645/1645/1645 1649/1649/1649 1533/1533/1533
f 2530/2530/2530 2528/2528/2528 2462/2462/2462
f 2528/2528/2528 2530/2530/2530 2599/2599/2599
f 1650/1650/1650 1646/1646/1646 1531/1531/1531
f 1646/1646/1646 1650/1650/1650 1782/1782/1782
f 1782/1782/1782 1789/1789/1789 1646/1646/1646
f 1789/1789/1789 1782/1782/1782 1899/1899/1899
f 1531/1531/1531 1534/1534/1534 1650/1650/1650
f 1534/1534/1534 1531/1531/1531 1401/1401/1401
f 2529/2529/2529 2531/2531/2531 2465/2465/2465
f 2465/2465/2465 2463/2463/2463 2529/2529/2529
f 2759/2759/2759 2755/2755/2755 2679/2679/2679
f 2677/2677/2677 2679/2679/2679 2755/2755/2755
f 2026/2026/2026 2029/2029/2029 2158/2158/2158
f 2158/2158/2158 2156/2156/2156 2026/2026/2026
f 2029/2029/2029 2026/2026/2026 1895/1895/1895
f 2156/2156/2156 2158/2158/2158 2343/2343/2343
f 2684/2684/2684 2680/2680/2680 2756/2756/2756
f 2756/2756/2756 2760/2760/2760 2684/2684/2684
f 2157/2157/2157 2159/2159/2159 2030/2030/2030
f 2030/2030/2030 2027/2027/2027 2157/2157/2157
f 2027/2027/2027 2030/2030/2030 1899/1899/1899
f 1784/1784/1784 1786/1786/1786 1895/1895/1895
f 2770/2770/2770 2771/2771/2771 2840/2840/2840
f 2840/2840/2840 2839/2839/2839 2770/2770/2770
f 2766/2766/2766 2770/2770/2770 2839/2839/2839
f 2839/2839/2839 2835/2835/2835 2766/2766/2766
f 2771/2771/2771 2767/2767/2767 2836/2836/2836
f 2836/2836/2836 2840/2840/2840 2771/2771/2771
f 2599/2599/2599 2603/2603/2603 2677/2677/2677
f 2677/2677/2677 2673/2673/2673 2599/2599/2599
f 2762/2762/2762 2766/2766/2766 2835/2835/2835
f 2835/2835/2835 2832/2832/2832 2762/2762/2762
f 2759/2759/2759 2762/2762/2762 2832/2832/2832
f 2755/2755/2755 2759/2759/2759 2832/2832/2832
f 2767/2767/2767 2763/2763/2763 2833/2833/2833
f 2833/2833/2833 2836/2836/2836 2767/2767/2767
f 2674/2674/2674 2678/2678/2678 2604/2604/2604
f 2604/2604/2604 2600/2600/2600 2674/2674/2674
f 2599/2599/2599 2596/2596/2596 2528/2528/2528
f 2752/2752/2752 2756/2756/2756 2680/2680/2680
f 2680/2680/2680 2678/2678/2678 2752/2752/2752
f 2341/2341/2341 2344/2344/2344 2159/2159/2159
f 2159/2159/2159 2157/2157/2157 2341/2341/2341
f 2597/2597/2597 2600/2600/2600 2531/2531/2531
f 2531/2531/2531 2529/2529/2529 2597/2597/2597
f 2832/2832/2832 2828/2828/2828 2755/2755/2755
f 2763/2763/2763 2760/2760/2760 2826/2826/2826
f 2826/2826/2826 2833/2833/2833 2763/2763/2763
f 2760/2760/2760 2756/2756/2756 2826/2826/2826
f 2756/2756/2756 2752/2752/2752 2826/2826/2826
f 2460/2460/2460 2463/2463/2463 2344/2344/2344
f 2344/2344/2344 2341/2341/2341 2460/2460/2460
f 2755/2755/2755 2749/2749/2749 2677/2677/2677
f 2749/2749/2749 2755/2755/2755 2828/2828/2828
f 2673/2673/2673 2677/2677/2677 2749/2749/2749
f 1651/1651/1651 1649/1649/1649 1786/1786/1786
f 1786/1786/1786 1784/1784/1784 1651/1651/1651
f 2459/2459/2459 2462/2462/2462 2528/2528/2528
f 2528/2528/2528 2524/2524/2524 2459/2459/2459
f 2524/2524/2524 2528/2528/2528 2596/2596/2596
f 2462/2462/2462 2459/2459/2459 2338/2338/2338
f 2338/2338/2338 2343/2343/2343 2462/2462/2462
f 2343/2343/2343 2338/2338/2338 2156/2156/2156
f 2596/2596/2596 2599/2599/2599 2673/2673/2673
f 2673/2673/2673 2670/2670/2670 2596/2596/2596
f 2670/2670/2670 2673/2673/2673 2749/2749/2749
f 1396/1396/1396 1400/1400/1400 1274/1274/1274
f 1274/1274/1274 1272/1272/1272 1396/1396/1396
f 1403/1403/1403 1400/1400/1400 1530/1530/1530
f 1530/1530/1530 1533/1533/1533 1403/1403/1403
f 1650/1650/1650 1652/1652/1652 1782/1782/1782
f 2525/2525/2525 2529/2529/2529 2463/2463/2463
f 2463/2463/2463 2460/2460/2460 2525/2525/2525
f 1088/1088/1088 1092/1092/1092 1273/1273/1273
f 1080/1080/1080 1079/1079/1079 967/967/967
f 1079/1079/1079 1082/1082/1082 967/967/967
f 967/967/967 968/968/968 1080/1080/1080
f 1083/1083/1083 1080/1080/1080 968/968/968
f 968/968/968 969/969/969 1083/1083/1083
f 1085/1085/1085 1083/1083/1083 969/969/969
f 970/970/970 967/967/967 1082/1082/1082
f 1082/1082/1082 1087/1087/1087 970/970/970
f 1091/1091/1091 1090/1090/1090 1269/1269/1269
f 1269/1269/1269 1272/1272/1272 1091/1091/1091
f 973/973/973 970/970/970 1087/1087/1087
f 1535/1535/1535 1533/1533/1533 1649/1649/1649
f 1649/1649/1649 1651/1651/1651 1535/1535/1535
f 1088/1088/1088 1085/1085/1085 969/969/969
f 969/969/969 976/976/976 1088/1088/1088
f 1092/1092/1092 1088/1088/1088 976/976/976
f 1652/1652/1652 1650/1650/1650 1534/1534/1534
f 1534/1534/1534 1536/1536/1536 1652/1652/1652
f 2671/2671/2671 2674/2674/2674 2600/2600/2600
f 2600/2600/2600 2597/2597/2597 2671/2671/2671
f 2750/2750/2750 2752/2752/2752 2678/2678/2678
f 2678/2678/2678 2674/2674/2674 2750/2750/2750
f 1401/1401/1401 1406/1406/1406 1534/1534/1534
f 1536/1536/1536 1534/1534/1534 1406/1406/1406
f 2023/2023/2023 2026/2026/2026 2156/2156/2156
f 2026/2026/2026 2023/2023/2023 1895/1895/1895
f 2153/2153/2153 2157/2157/2157 2027/2027/2027
f 2027/2027/2027 2024/2024/2024 2153/2153/2153
f 2156/2156/2156 2152/2152/2152 2023/2023/2023
f 2152/2152/2152 2156/2156/2156 2338/2338/2338
f 2839/2839/2839 2840/2840/2840 2931/2931/2931
f 2931/2931/2931 2930/2930/2930 2839/2839/2839
f 2835/2835/2835 2839/2839/2839 2930/2930/2930
f 2930/2930/2930 2924/2924/2924 2835/2835/2835
f 2832/2832/2832 2835/2835/2835 2924/2924/2924
f 2925/2925/2925 2931/2931/2931 2840/2840/2840
f 2840/2840/2840 2836/2836/2836 2925/2925/2925
f 2828/2828/2828 2825/2825/2825 2749/2749/2749
f 2924/2924/2924 2922/2922/2922 2832/2832/2832
f 2923/2923/2923 2925/2925/2925 2836/2836/2836
f 2836/2836/2836 2833/2833/2833 2923/2923/2923
f 2529/2529/2529 2525/2525/2525 2595/2595/2595
f 2595/2595/2595 2597/2597/2597 2529/2529/2529
f 2157/2157/2157 2153/2153/2153 2339/2339/2339
f 2339/2339/2339 2341/2341/2341 2157/2157/2157
f 2922/2922/2922 2916/2916/2916 2832/2832/2832
f 2828/2828/2828 2832/2832/2832 2916/2916/2916
f 2917/2917/2917 2923/2923/2923 2833/2833/2833
f 2833/2833/2833 2826/2826/2826 2917/2917/2917
f 2024/2024/2024 2027/2027/2027 1894/1894/1894
f 1899/1899/1899 1894/1894/1894 2027/2027/2027
f 1894/1894/1894 1899/1899/1899 1782/1782/1782
f 2459/2459/2459 2456/2456/2456 2338/2338/2338
f 2456/2456/2456 2459/2459/2459 2524/2524/2524
f 1781/1781/1781 1784/1784/1784 1895/1895/1895
f 2457/2457/2457 2460/2460/2460 2341/2341/2341
f 2341/2341/2341 2339/2339/2339 2457/2457/2457
f 2749/2749/2749 2746/2746/2746 2670/2670/2670
f 2916/2916/2916 2910/2910/2910 2828/2828/2828
f 2911/2911/2911 2917/2917/2917 2826/2826/2826
f 2825/2825/2825 2821/2821/2821 2749/2749/2749
f 2746/2746/2746 2749/2749/2749 2821/2821/2821
f 2747/2747/2747 2750/2750/2750 2674/2674/2674
f 2674/2674/2674 2671/2671/2671 2747/2747/2747
f 2752/2752/2752 2750/2750/2750 2822/2822/2822
f 2822/2822/2822 2826/2826/2826 2752/2752/2752
f 2670/2670/2670 2668/2668/2668 2596/2596/2596
f 2668/2668/2668 2670/2670/2670 2746/2746/2746
f 2524/2524/2524 2520/2520/2520 2456/2456/2456
f 2520/2520/2520 2524/2524/2524 2596/2596/2596
f 2596/2596/2596 2591/2591/2591 2520/2520/2520
f 2591/2591/2591 2596/2596/2596 2668/2668/2668
f 2597/2597/2597 2595/2595/2595 2669/2669/2669
f 2669/2669/2669 2671/2671/2671 2597/2597/2597
f 1784/1784/1784 1781/1781/1781 1655/1655/1655
f 1655/1655/1655 1651/1651/1651 1784/1784/1784
f 975/975/975 973/973/973 1087/1087/1087
f 1087/1087/1087 1090/1090/1090 975/975/975
f 1095/1095/1095 1091/1091/1091 1272/1272/1272
f 1272/1272/1272 1274/1274/1274 1095/1095/1095
f 1533/1533/1533 1535/1535/1535 1405/1405/1405
f 1405/1405/1405 1403/1403/1403 1533/1533/1533
f 1400/1400/1400 1403/1403/1403 1279/1279/1279
f 1279/1279/1279 1274/1274/1274 1400/1400/1400
f 1403/1403/1403 1405/1405/1405 1279/1279/1279
f 1273/1273/1273 1277/1277/1277 1401/1401/1401
f 1277/1277/1277 1273/1273/1273 1092/1092/1092
f 1406/1406/1406 1401/1401/1401 1277/1277/1277
f 1092/1092/1092 1096/1096/1096 1277/1277/1277
f 2460/2460/2460 2457/2457/2457 2521/2521/2521
f 2521/2521/2521 2525/2525/2525 2460/2460/2460
f 2825/2825/2825 2828/2828/2828 2910/2910/2910
f 2910/2910/2910 2904/2904/2904 2825/2825/2825
f 2821/2821/2821 2825/2825/2825 2904/2904/2904
f 1651/1651/1651 1655/1655/1655 1539/1539/1539
f 1539/1539/1539 1535/1535/1535 1651/1651/1651
f 2930/2930/2930 2931/2931/2931 3035/3035/3035
f 3035/3035/3035 3033/3033/3033 2930/2930/2930
f 2924/2924/2924 2930/2930/2930 3033/3033/3033
f 3033/3033/3033 3027/3027/3027 2924/2924/2924
f 2922/2922/2922 2924/2924/2924 3027/3027/3027
f 3029/3029/3029 3035/3035/3035 2931/2931/2931
f 2931/2931/2931 2925/2925/2925 3029/3029/3029
f 3027/3027/3027 3022/3022/3022 2922/2922/2922
f 2916/2916/2916 2922/2922/2922 3022/3022/3022
f 2925/2925/2925 2923/2923/2923 3024/3024/3024
f 3024/3024/3024 3029/3029/3029 2925/2925/2925
f 2905/2905/2905 2911/2911/2911 2826/2826/2826
f 3022/3022/3022 3016/3016/3016 2916/2916/2916
f 2821/2821/2821 2818/2818/2818 2746/2746/2746
f 2818/2818/2818 2821/2821/2821 2904/2904/2904
f 2923/2923/2923 2917/2917/2917 3018/3018/3018
f 3018/3018/3018 3024/3024/3024 2923/2923/2923
f 2592/2592/2592 2595/2595/2595 2525/2525/2525
f 2525/2525/2525 2521/2521/2521 2592/2592/2592
f 2750/2750/2750 2747/2747/2747 2819/2819/2819
f 2819/2819/2819 2822/2822/2822 2750/2750/2750
f 2910/2910/2910 2916/2916/2916 3016/3016/3016
f 3016/3016/3016 3010/3010/3010 2910/2910/2910
f 2904/2904/2904 2910/2910/2910 3010/3010/3010
f 2338/2338/2338 2334/2334/2334 2152/2152/2152
f 2334/2334/2334 2338/2338/2338 2456/2456/2456
f 2456/2456/2456 2454/2454/2454 2334/2334/2334
f 3012/3012/3012 3018/3018/3018 2917/2917/2917
f 2917/2917/2917 2911/2911/2911 3012/3012/3012
f 2744/2744/2744 2747/2747/2747 2671/2671/2671
f 2671/2671/2671 2669/2669/2669 2744/2744/2744
f 2668/2668/2668 2664/2664/2664 2591/2591/2591
f 2826/2826/2826 2822/2822/2822 2899/2899/2899
f 2899/2899/2899 2905/2905/2905 2826/2826/2826
f 2822/2822/2822 2819/2819/2819 2899/2899/2899
f 2904/2904/2904 2898/2898/2898 2818/2818/2818
f 1893/1893/1893 1895/1895/1895 2023/2023/2023
f 2746/2746/2746 2741/2741/2741 2668/2668/2668
f 2741/2741/2741 2746/2746/2746 2818/2818/2818
f 2664/2664/2664 2668/2668/2668 2741/2741/2741
f 2665/2665/2665 2669/2669/2669 2595/2595/2595
f 2595/2595/2595 2592/2592/2592 2665/2665/2665
f 3010/3010/3010 3007/3007/3007 2904/2904/2904
f 2454/2454/2454 2456/2456/2456 2520/2520/2520
f 2520/2520/2520 2518/2518/2518 2454/2454/2454
f 2335/2335/2335 2339/2339/2339 2153/2153/2153
f 2153/2153/2153 2150/2150/2150 2335/2335/2335
f 2150/2150/2150 2153/2153/2153 2024/2024/2024
f 2024/2024/2024 2022/2022/2022 2150/2150/2150
f 2022/2022/2022 2024/2024/2024 1894/1894/1894
f 2818/2818/2818 2814/2814/2814 2741/2741/2741
f 1090/1090/1090 1091/1091/1091 979/979/979
f 979/979/979 975/975/975 1090/1090/1090
f 1091/1091/1091 1095/1095/1095 979/979/979
f 1895/1895/1895 1893/1893/1893 1772/1772/1772
f 1772/1772/1772 1781/1781/1781 1895/1895/1895
f 1781/1781/1781 1772/1772/1772 1655/1655/1655
f 1097/1097/1097 1095/1095/1095 1274/1274/1274
f 1274/1274/1274 1279/1279/1279 1097/1097/1097
f 1101/1101/1101 1097/1097/1097 1279/1279/1279
f 968/968/968 967/967/967 906/906/906
f 909/909/909 906/906/906 967/967/967
f 906/906/906 907/907/907 968/968/968
f 912/912/912 909/909/909 967/967/967
f 967/967/967 970/970/970 912/912/912
f 970/970/970 973/973/973 912/912/912
f 969/969/969 968/968/968 907/907/907
f 907/907/907 910/910/910 969/969/969
f 976/976/976 978/978/978 1092/1092/1092
f 910/910/910 913/913/913 969/969/969
f 976/976/976 969/969/969 913/913/913
f 1536/1536/1536 1540/1540/1540 1652/1652/1652
f 1535/1535/1535 1539/1539/1539 1408/1408/1408
f 1408/1408/1408 1405/1405/1405 1535/1535/1535
f 1405/1405/1405 1408/1408/1408 1279/1279/1279
f 913/913/913 915/915/915 976/976/976
f 1096/1096/1096 1098/1098/1098 1277/1277/1277
f 2339/2339/2339 2335/2335/2335 2455/2455/2455
f 2455/2455/2455 2457/2457/2457 2339/2339/2339
f 2018/2018/2018 2023/2023/2023 2152/2152/2152
f 2152/2152/2152 2148/2148/2148 2018/2018/2018
f 2148/2148/2148 2152/2152/2152 2334/2334/2334
f 2023/2023/2023 2018/2018/2018 1893/1893/1893
f 1782/1782/1782 1779/1779/1779 1894/1894/1894
f 1096/1096/1096 1092/1092/1092 978/978/978
f 978/978/978 980/980/980 1096/1096/1096
f 1098/1098/1098 1096/1096/1096 980/980/980
f 1540/1540/1540 1536/1536/1536 1406/1406/1406
f 1406/1406/1406 1409/1409/1409 1540/1540/1540
f 1409/1409/1409 1406/1406/1406 1277/1277/1277
f 973/973/973 975/975/975 912/912/912
f 918/918/918 912/912/912 975/975/975
f 975/975/975 979/979/979 918/918/918
f 915/915/915 916/916/916 976/976/976
f 978/978/978 976/976/976 916/916/916
f 2519/2519/2519 2521/2521/2521 2457/2457/2457
f 2457/2457/2457 2455/2455/2455 2519/2519/2519
f 2518/2518/2518 2520/2520/2520 2591/2591/2591
f 2591/2591/2591 2590/2590/2590 2518/2518/2518
f 1779/1779/1779 1782/1782/1782 1652/1652/1652
f 1652/1652/1652 1661/1661/1661 1779/1779/1779
f 1661/1661/1661 1652/1652/1652 1540/1540/1540
f 1543/1543/1543 1539/1539/1539 1655/1655/1655
f 2815/2815/2815 2819/2819/2819 2747/2747/2747
f 2747/2747/2747 2744/2744/2744 2815/2815/2815
f 2911/2911/2911 2905/2905/2905 3004/3004/3004
f 3004/3004/3004 3012/3012/3012 2911/2911/2911
f 2905/2905/2905 2899/2899/2899 3004/3004/3004
f 2669/2669/2669 2665/2665/2665 2742/2742/2742
f 2742/2742/2742 2744/2744/2744 2669/2669/2669
f 916/916/916 919/919/919 978/978/978
f 1098/1098/1098 1102/1102/1102 1277/1277/1277
f 1540/1540/1540 1544/1544/1544 1661/1661/1661
f 2521/2521/2521 2519/2519/2519 2583/2583/2583
f 2583/2583/2583 2592/2592/2592 2521/2521/2521
f 983/983/983 979/979/979 1095/1095/1095
f 1095/1095/1095 1097/1097/1097 983/983/983
f 907/907/907 906/906/906 846/846/846
f 846/846/846 847/847/847 907/907/907
f 910/910/910 907/907/907 847/847/847
f 847/847/847 848/848/848 910/910/910
f 913/913/913 910/910/910 848/848/848
f 980/980/980 984/984/984 1098/1098/1098
f 1102/1102/1102 1098/1098/1098 984/984/984
f 1277/1277/1277 1280/1280/1280 1409/1409/1409
f 1280/1280/1280 1277/1277/1277 1102/1102/1102
f 848/848/848 851/851/851 913/913/913
f 915/915/915 913/913/913 851/851/851
f 852/852/852 846/846/846 906/906/906
f 906/906/906 909/909/909 852/852/852
f 909/909/909 912/912/912 852/852/852
f 851/851/851 853/853/853 915/915/915
f 980/980/980 978/978/978 919/919/919
f 919/919/919 921/921/921 980/980/980
f 1544/1544/1544 1540/1540/1540 1409/1409/1409
f 1409/1409/1409 1412/1412/1412 1544/1544/1544
f 2022/2022/2022 2019/2019/2019 2150/2150/2150
f 2019/2019/2019 2022/2022/2022 1894/1894/1894
f 1894/1894/1894 1891/1891/1891 2019/2019/2019
f 1659/1659/1659 1655/1655/1655 1772/1772/1772
f 916/916/916 915/915/915 853/853/853
f 853/853/853 855/855/855 916/916/916
f 1891/1891/1891 1894/1894/1894 1779/1779/1779
f 1779/1779/1779 1775/1775/1775 1891/1891/1891
f 1775/1775/1775 1779/1779/1779 1661/1661/1661
f 2332/2332/2332 2335/2335/2335 2150/2150/2150
f 912/912/912 918/918/918 857/857/857
f 857/857/857 852/852/852 912/912/912
f 1411/1411/1411 1408/1408/1408 1539/1539/1539
f 1539/1539/1539 1543/1543/1543 1411/1411/1411
f 924/924/924 918/918/918 979/979/979
f 979/979/979 983/983/983 924/924/924
f 1889/1889/1889 1893/1893/1893 2018/2018/2018
f 1893/1893/1893 1889/1889/1889 1772/1772/1772
f 984/984/984 987/987/987 1102/1102/1102
f 1097/1097/1097 1101/1101/1101 986/986/986
f 986/986/986 983/983/983 1097/1097/1097
f 2334/2334/2334 2330/2330/2330 2148/2148/2148
f 2335/2335/2335 2332/2332/2332 2452/2452/2452
f 2452/2452/2452 2455/2455/2455 2335/2335/2335
f 1655/1655/1655 1659/1659/1659 1550/1550/1550
f 1550/1550/1550 1543/1543/1543 1655/1655/1655
f 919/919/919 916/916/916 855/855/855
f 855/855/855 858/858/858 919/919/919
f 984/984/984 980/980/980 921/921/921
f 921/921/921 925/925/925 984/984/984
f 987/987/987 984/984/984 925/925/925
f 1105/1105/1105 1101/1101/1101 1279/1279/1279
f 1412/1412/1412 1409/1409/1409 1280/1280/1280
f 1280/1280/1280 1283/1283/1283 1412/1412/1412
f 2662/2662/2662 2665/2665/2665 2592/2592/2592
f 2592/2592/2592 2583/2583/2583 2662/2662/2662
f 2657/2657/2657 2662/2662/2662 2583/2583/2583
f 2515/2515/2515 2519/2519/2519 2455/2455/2455
f 2455/2455/2455 2452/2452/2452 2515/2515/2515
f 2519/2519/2519 2515/2515/2515 2583/2583/2583
f 2330/2330/2330 2334/2334/2334 2454/2454/2454
f 2454/2454/2454 2450/2450/2450 2330/2330/2330
f 847/847/847 846/846/846 787/787/787
f 787/787/787 788/788/788 847/847/847
f 848/848/848 847/847/847 788/788/788
f 788/788/788 792/792/792 848/848/848
f 851/851/851 848/848/848 792/792/792
f 791/791/791 787/787/787 846/846/846
f 846/846/846 852/852/852 791/791/791
f 793/793/793 791/791/791 852/852/852
f 921/921/921 919/919/919 858/858/858
f 858/858/858 861/861/861 921/921/921
f 925/925/925 921/921/921 861/861/861
f 792/792/792 796/796/796 851/851/851
f 853/853/853 851/851/851 796/796/796
f 1102/1102/1102 1106/1106/1106 1280/1280/1280
f 1106/1106/1106 1102/1102/1102 987/987/987
f 1283/1283/1283 1280/1280/1280 1106/1106/1106
f 1544/1544/1544 1548/1548/1548 1661/1661/1661
f 1548/1548/1548 1544/1544/1544 1412/1412/1412
f 2146/2146/2146 2150/2150/2150 2019/2019/2019
f 987/987/987 990/990/990 1106/1106/1106
f 990/990/990 987/987/987 925/925/925
f 855/855/855 853/853/853 796/796/796
f 796/796/796 799/799/799 855/855/855
f 858/858/858 855/855/855 799/799/799
f 2150/2150/2150 2146/2146/2146 2326/2326/2326
f 2326/2326/2326 2332/2332/2332 2150/2150/2150
f 860/860/860 857/857/857 918/918/918
f 918/918/918 924/924/924 860/860/860
f 1408/1408/1408 1411/1411/1411 1282/1282/1282
f 1282/1282/1282 1279/1279/1279 1408/1408/1408
f 798/798/798 793/793/793 852/852/852
f 852/852/852 857/857/857 798/798/798
f 1412/1412/1412 1420/1420/1420 1548/1548/1548
f 1420/1420/1420 1412/1412/1412 1283/1283/1283
f 861/861/861 864/864/864 925/925/925
f 988/988/988 986/986/986 1101/1101/1101
f 1101/1101/1101 1105/1105/1105 988/988/988
f 926/926/926 924/924/924 983/983/983
f 983/983/983 986/986/986 926/926/926
f 986/986/986 988/988/988 926/926/926
f 925/925/925 929/929/929 990/990/990
f 2590/2590/2590 2591/2591/2591 2664/2664/2664
f 2664/2664/2664 2660/2660/2660 2590/2590/2590
f 801/801/801 798/798/798 857/857/857
f 863/863/863 860/860/860 924/924/924
f 2450/2450/2450 2454/2454/2454 2518/2518/2518
f 2518/2518/2518 2513/2513/2513 2450/2450/2450
f 1279/1279/1279 1282/1282/1282 1110/1110/1110
f 1110/1110/1110 1105/1105/1105 1279/1279/1279
f 1418/1418/1418 1411/1411/1411 1543/1543/1543
f 1543/1543/1543 1550/1550/1550 1418/1418/1418
f 2813/2813/2813 2815/2815/2815 2744/2744/2744
f 2744/2744/2744 2742/2742/2742 2813/2813/2813
f 788/788/788 787/787/787 718/718/718
f 718/718/718 720/720/720 788/788/788
f 792/792/792 788/788/788 720/720/720
f 796/796/796 792/792/792 720/720/720
f 720/720/720 728/728/728 796/796/796
f 723/723/723 718/718/718 787/787/787
f 787/787/787 791/791/791 723/723/723
f 726/726/726 723/723/723 791/791/791
f 791/791/791 793/793/793 726/726/726
f 861/861/861 858/858/858 806/806/806
f 799/799/799 806/806/806 858/858/858
f 864/864/864 861/861/861 806/806/806
f 1283/1283/1283 1289/1289/1289 1420/1420/1420
f 802/802/802 801/801/801 857/857/857
f 857/857/857 860/860/860 802/802/802
f 730/730/730 726/726/726 793/793/793
f 2014/2014/2014 2019/2019/2019 1891/1891/1891
f 2019/2019/2019 2014/2014/2014 2146/2146/2146
f 793/793/793 798/798/798 733/733/733
f 733/733/733 730/730/730 793/793/793
f 798/798/798 801/801/801 733/733/733
f 1411/1411/1411 1418/1418/1418 1287/1287/1287
f 1287/1287/1287 1282/1282/1282 1411/1411/1411
f 1282/1282/1282 1287/1287/1287 1110/1110/1110
f 924/924/924 926/926/926 866/866/866
f 866/866/866 863/863/863 924/924/924
f 996/996/996 988/988/988 1105/1105/1105
f 1105/1105/1105 1110/1110/1110 996/996/996
f 799/799/799 796/796/796 736/736/736
f 728/728/728 736/736/736 796/796/796
f 806/806/806 799/799/799 736/736/736
f 1775/1775/1775 1774/1774/1774 1891/1891/1891
f 1774/1774/1774 1775/1775/1775 1661/1661/1661
f 929/929/929 925/925/925 867/867/867
f 864/864/864 867/867/867 925/925/925
f 860/860/860 863/863/863 805/805/805
f 805/805/805 802/802/802 860/860/860
f 2513/2513/2513 2518/2518/2518 2590/2590/2590
f 2590/2590/2590 2585/2585/2585 2513/2513/2513
f 933/933/933 926/926/926 988/988/988
f 988/988/988 996/996/996 933/933/933
f 1289/1289/1289 1283/1283/1283 1106/1106/1106
f 1106/1106/1106 1112/1112/1112 1289/1289/1289
f 1112/1112/1112 1106/1106/1106 990/990/990
f 2736/2736/2736 2742/2742/2742 2665/2665/2665
f 2665/2665/2665 2662/2662/2662 2736/2736/2736
f 2742/2742/2742 2736/2736/2736 2813/2813/2813
f 3007/3007/3007 3002/3002/3002 2904/2904/2904
f 2898/2898/2898 2904/2904/2904 3002/3002/3002
f 2814/2814/2814 2811/2811/2811 2741/2741/2741
f 2660/2660/2660 2664/2664/2664 2741/2741/2741
f 2741/2741/2741 2734/2734/2734 2660/2660/2660
f 2734/2734/2734 2741/2741/2741 2811/2811/2811
f 2814/2814/2814 2818/2818/2818 2898/2898/2898
f 2898/2898/2898 2892/2892/2892 2814/2814/2814
f 2893/2893/2893 2899/2899/2899 2819/2819/2819
f 2819/2819/2819 2815/2815/2815 2893/2893/2893
f 739/739/739 733/733/733 801/801/801
f 801/801/801 802/802/802 739/739/739
f 2585/2585/2585 2590/2590/2590 2660/2660/2660
f 2660/2660/2660 2655/2655/2655 2585/2585/2585
f 2655/2655/2655 2660/2660/2660 2734/2734/2734
f 808/808/808 805/805/805 863/863/863
f 863/863/863 866/866/866 808/808/808
f 929/929/929 935/935/935 990/990/990
f 3002/3002/3002 2996/2996/2996 2898/2898/2898
f 926/926/926 933/933/933 871/871/871
f 871/871/871 866/866/866 926/926/926
f 2998/2998/2998 3004/3004/3004 2899/2899/2899
f 2811/2811/2811 2814/2814/2814 2892/2892/2892
f 2892/2892/2892 2885/2885/2885 2811/2811/2811
f 736/736/736 741/741/741 806/806/806
f 867/867/867 864/864/864 806/806/806
f 806/806/806 810/810/810 867/867/867
f 802/802/802 805/805/805 745/745/745
f 745/745/745 739/739/739 802/802/802
f 805/805/805 808/808/808 745/745/745
f 2815/2815/2815 2813/2813/2813 2887/2887/2887
f 2887/2887/2887 2893/2893/2893 2815/2815/2815
f 2892/2892/2892 2898/2898/2898 2996/2996/2996
f 2996/2996/2996 2990/2990/2990 2892/2892/2892
f 2811/2811/2811 2805/2805/2805 2734/2734/2734
f 935/935/935 929/929/929 867/867/867
f 867/867/867 873/873/873 935/935/935
f 873/873/873 867/867/867 810/810/810
f 733/733/733 739/739/739 665/665/665
f 2992/2992/2992 2998/2998/2998 2899/2899/2899
f 2899/2899/2899 2893/2893/2893 2992/2992/2992
f 741/741/741 747/747/747 806/806/806
f 810/810/810 806/806/806 747/747/747
f 2885/2885/2885 2876/2876/2876 2811/2811/2811
f 2805/2805/2805 2811/2811/2811 2876/2876/2876
f 2885/2885/2885 2892/2892/2892 2990/2990/2990
f 2990/2990/2990 2984/2984/2984 2885/2885/2885
f 2876/2876/2876 2885/2885/2885 2984/2984/2984
f 676/676/676 665/665/665 739/739/739
f 739/739/739 745/745/745 676/676/676
f 866/866/866 871/871/871 816/816/816
f 816/816/816 808/808/808 866/866/866
f 2878/2878/2878 2887/2887/2887 2813/2813/2813
f 2987/2987/2987 2992/2992/2992 2893/2893/2893
f 2893/2893/2893 2887/2887/2887 2987/2987/2987
f 754/754/754 745/745/745 808/808/808
f 808/808/808 816/816/816 754/754/754
f 747/747/747 750/750/750 810/810/810
f 156/156/156 155/155/155 225/225/225
f 225/225/225 226/226/226 156/156/156
f 155/155/155 156/156/156 83/83/83
f 83/83/83 82/82/82 155/155/155
f 229/229/229 225/225/225 155/155/155
f 155/155/155 160/160/160 229/229/229
f 160/160/160 155/155/155 82/82/82
f 82/82/82 88/88/88 160/160/160
f 156/156/156 161/161/161 83/83/83
f 161/161/161 156/156/156 226/226/226
f 226/226/226 231/231/231 161/161/161
f 89/89/89 83/83/83 161/161/161
f 82/82/82 83/83/83 32/32/32
f 32/32/32 31/31/31 82/82/82
f 39/39/39 32/32/32 83/83/83
f 83/83/83 89/89/89 39/39/39
f 31/31/31 38/38/38 82/82/82
f 88/88/88 82/82/82 38/38/38
f 31/31/31 32/32/32 10/10/10
f 10/10/10 9/9/9 31/31/31
f 38/38/38 31/31/31 9/9/9
f 32/32/32 39/39/39 14/14/14
f 14/14/14 10/10/10 32/32/32
f 9/9/9 16/16/16 38/38/38
f 240/240/240 229/229/229 160/160/160
f 226/226/226 225/225/225 291/291/291
f 291/291/291 292/292/292 226/226/226
f 295/295/295 291/291/291 225/225/225
f 225/225/225 229/229/229 295/295/295
f 292/292/292 296/296/296 226/226/226
f 231/231/231 226/226/226 296/296/296
f 229/229/229 240/240/240 305/305/305
f 305/305/305 295/295/295 229/229/229
f 88/88/88 95/95/95 160/160/160
f 95/95/95 88/88/88 38/38/38
f 96/96/96 89/89/89 161/161/161
f 292/292/292 291/291/291 349/349/349
f 291/291/291 295/295/295 349/349/349
f 349/349/349 350/350/350 292/292/292
f 296/296/296 292/292/292 350/350/350
f 350/350/350 354/354/354 296/296/296
f 231/231/231 241/241/241 161/161/161
f 241/241/241 231/231/231 296/296/296
f 296/296/296 306/306/306 241/241/241
f 306/306/306 296/296/296 354/354/354
f 354/354/354 358/358/358 306/306/306
f 357/357/357 349/349/349 295/295/295
f 295/295/295 305/305/305 357/357/357
f 89/89/89 96/96/96 50/50/50
f 50/50/50 39/39/39 89/89/89
f 171/171/171 161/161/161 241/241/241
f 161/161/161 171/171/171 96/96/96
f 350/350/350 349/349/349 408/408/408
f 408/408/408 409/409/409 350/350/350
f 354/354/354 350/350/350 409/409/409
f 413/413/413 408/408/408 349/349/349
f 349/349/349 357/357/357 413/413/413
f 160/160/160 170/170/170 240/240/240
f 170/170/170 160/160/160 95/95/95
f 409/409/409 422/422/422 354/354/354
f 358/358/358 354/354/354 422/422/422
f 245/245/245 240/240/240 170/170/170
f 240/240/240 245/245/245 305/305/305
f 409/409/409 408/408/408 472/472/472
f 472/472/472 473/473/473 409/409/409
f 422/422/422 409/409/409 473/473/473
f 473/473/473 478/478/478 422/422/422
f 408/408/408 413/413/413 477/477/477
f 477/477/477 472/472/472 408/408/408
f 425/425/425 413/413/413 357/357/357
f 413/413/413 425/425/425 477/477/477
f 422/422/422 426/426/426 358/358/358
f 38/38/38 49/49/49 95/95/95
f 49/49/49 38/38/38 16/16/16
f 9/9/9 10/10/10 4/4/4
f 4/4/4 2/2/2 9/9/9
f 5/5/5 3/3/3 10/10/10
f 10/10/10 14/14/14 5/5/5
f 16/16/16 9/9/9 1/1/1
f 1/1/1 6/6/6 16/16/16
f 95/95/95 102/102/102 170/170/170
f 102/102/102 95/95/95 49/49/49
f 22/22/22 14/14/14 39/39/39
f 39/39/39 50/50/50 22/22/22
f 241/241/241 247/247/247 171/171/171
f 363/363/363 357/357/357 305/305/305
f 427/427/427 425/425/425 357/357/357
f 357/357/357 363/363/363 427/427/427
f 247/247/247 241/241/241 306/306/306
f 306/306/306 307/307/307 247/247/247
f 307/307/307 306/306/306 358/358/358
f 358/358/358 362/362/362 307/307/307
f 362/362/362 358/358/358 426/426/426
f 16/16/16 21/21/21 49/49/49
f 21/21/21 16/16/16 6/6/6
f 8/8/8 5/5/5 14/14/14
f 14/14/14 22/22/22 8/8/8
f 2/2/2 4/4/4 12/12/12
f 12/12/12 11/11/11 2/2/2
f 11/11/11 13/13/13 1/1/1
f 6/6/6 1/1/1 13/13/13
f 15/15/15 12/12/12 3/3/3
f 3/3/3 5/5/5 15/15/15
f 6/6/6 7/7/7 21/21/21
f 13/13/13 17/17/17 6/6/6
f 7/7/7 6/6/6 17/17/17
f 19/19/19 15/15/15 5/5/5
f 5/5/5 8/8/8 19/19/19
f 11/11/11 12/12/12 34/34/34
f 34/34/34 33/33/33 11/11/11
f 13/13/13 11/11/11 33/33/33
f 41/41/41 34/34/34 12/12/12
f 12/12/12 15/15/15 41/41/41
f 33/33/33 40/40/40 13/13/13
f 17/17/17 13/13/13 40/40/40
f 108/108/108 96/96/96 171/171/171
f 171/171/171 175/175/175 108/108/108
f 56/56/56 50/50/50 96/96/96
f 96/96/96 108/108/108 56/56/56
f 175/175/175 171/171/171 247/247/247
f 17/17/17 23/23/23 7/7/7
f 311/311/311 305/305/305 245/245/245
f 305/305/305 311/311/311 363/363/363
f 40/40/40 44/44/44 17/17/17
f 23/23/23 17/17/17 44/44/44
f 184/184/184 170/170/170 102/102/102
f 102/102/102 107/107/107 184/184/184
f 170/170/170 184/184/184 245/245/245
f 50/50/50 56/56/56 24/24/24
f 24/24/24 22/22/22 50/50/50
f 18/18/18 8/8/8 22/22/22
f 22/22/22 24/24/24 18/18/18
f 49/49/49 60/60/60 102/102/102
f 107/107/107 102/102/102 60/60/60
f 60/60/60 49/49/49 21/21/21
f 15/15/15 19/19/19 51/51/51
f 51/51/51 41/41/41 15/15/15
f 33/33/33 34/34/34 85/85/85
f 85/85/85 84/84/84 33/33/33
f 84/84/84 86/86/86 33/33/33
f 40/40/40 33/33/33 86/86/86
f 44/44/44 40/40/40 86/86/86
f 87/87/87 85/85/85 34/34/34
f 34/34/34 41/41/41 87/87/87
f 94/94/94 87/87/87 41/41/41
f 41/41/41 51/51/51 94/94/94
f 7/7/7 20/20/20 21/21/21
f 20/20/20 7/7/7 23/23/23
f 23/23/23 25/25/25 20/20/20
f 86/86/86 97/97/97 44/44/44
f 8/8/8 18/18/18 28/28/28
f 28/28/28 19/19/19 8/8/8
f 84/84/84 85/85/85 158/158/158
f 158/158/158 157/157/157 84/84/84
f 86/86/86 84/84/84 157/157/157
f 159/159/159 158/158/158 85/85/85
f 85/85/85 87/87/87 159/159/159
f 157/157/157 162/162/162 86/86/86
f 97/97/97 86/86/86 162/162/162
f 44/44/44 57/57/57 23/23/23
f 25/25/25 23/23/23 57/57/57
f 163/163/163 159/159/159 87/87/87
f 87/87/87 94/94/94 163/163/163
f 103/103/103 94/94/94 51/51/51
f 21/21/21 29/29/29 60/60/60
f 29/29/29 21/21/21 20/20/20
f 162/162/162 168/168/168 97/97/97
f 19/19/19 28/28/28 61/61/61
f 61/61/61 51/51/51 19/19/19
f 251/251/251 245/245/245 184/184/184
f 245/245/245 251/251/251 311/311/311
f 57/57/57 44/44/44 97/97/97
f 97/97/97 106/106/106 57/57/57
f 106/106/106 97/97/97 168/168/168
f 157/157/157 158/158/158 228/228/228
f 228/228/228 227/227/227 157/157/157
f 230/230/230 228/228/228 158/158/158
f 158/158/158 159/159/159 230/230/230
f 162/162/162 157/157/157 227/227/227
f 227/227/227 232/232/232 162/162/162
f 94/94/94 103/103/103 172/172/172
f 172/172/172 163/163/163 94/94/94
f 233/233/233 230/230/230 159/159/159
f 159/159/159 163/163/163 233/233/233
f 27/27/27 18/18/18 24/24/24
f 18/18/18 27/27/27 28/28/28
f 175/175/175 188/188/188 108/108/108
f 232/232/232 242/242/242 162/162/162
f 168/168/168 162/162/162 242/242/242
f 51/51/51 61/61/61 109/109/109
f 109/109/109 103/103/103 51/51/51
f 103/103/103 109/109/109 172/172/172
f 246/246/246 233/233/233 163/163/163
f 163/163/163 172/172/172 246/246/246
f 188/188/188 175/175/175 247/247/247
f 247/247/247 252/252/252 188/188/188
f 307/307/307 312/312/312 247/247/247
f 252/252/252 247/247/247 312/312/312
f 312/312/312 307/307/307 362/362/362
f 35/35/35 24/24/24 56/56/56
f 56/56/56 67/67/67 35/35/35
f 24/24/24 35/35/35 27/27/27
f 67/67/67 56/56/56 108/108/108
f 227/227/227 228/228/228 294/294/294
f 294/294/294 293/293/293 227/227/227
f 232/232/232 227/227/227 293/293/293
f 293/293/293 297/297/297 232/232/232
f 228/228/228 230/230/230 298/298/298
f 298/298/298 294/294/294 228/228/228
f 299/299/299 298/298/298 230/230/230
f 230/230/230 233/233/233 299/299/299
f 297/297/297 300/300/300 232/232/232
f 242/242/242 232/232/232 300/300/300
f 168/168/168 185/185/185 106/106/106
f 185/185/185 168/168/168 242/242/242
f 301/301/301 299/299/299 233/233/233
f 233/233/233 246/246/246 301/301/301
f 64/64/64 60/60/60 29/29/29
f 20/20/20 26/26/26 29/29/29
f 60/60/60 64/64/64 120/120/120
f 120/120/120 107/107/107 60/60/60
f 26/26/26 20/20/20 25/25/25
f 25/25/25 36/36/36 26/26/26
f 362/362/362 368/368/368 312/312/312
f 65/65/65 61/61/61 28/28/28
f 248/248/248 246/246/246 172/172/172
f 36/36/36 25/25/25 57/57/57
f 57/57/57 68/68/68 36/36/36
f 189/189/189 172/172/172 109/109/109
f 172/172/172 189/189/189 248/248/248
f 293/293/293 294/294/294 352/352/352
f 352/352/352 351/351/351 293/293/293
f 297/297/297 293/293/293 351/351/351
f 351/351/351 353/353/353 297/297/297
f 300/300/300 297/297/297 353/353/353
f 356/356/356 352/352/352 294/294/294
f 294/294/294 298/298/298 356/356/356
f 298/298/298 299/299/299 356/356/356
f 299/299/299 301/301/301 356/356/356
f 353/353/353 355/355/355 300/300/300
f 242/242/242 250/250/250 185/185/185
f 309/309/309 301/301/301 246/246/246
f 246/246/246 248/248/248 309/309/309
f 300/300/300 308/308/308 242/242/242
f 250/250/250 242/242/242 308/308/308
f 361/361/361 356/356/356 301/301/301
f 37/37/37 28/28/28 27/27/27
f 28/28/28 37/37/37 65/65/65
f 355/355/355 360/360/360 300/300/300
f 308/308/308 300/300/300 360/360/360
f 68/68/68 57/57/57 106/106/106
f 106/106/106 121/121/121 68/68/68
f 121/121/121 106/106/106 185/185/185
f 61/61/61 65/65/65 122/122/122
f 122/122/122 109/109/109 61/61/61
f 109/109/109 122/122/122 189/189/189
f 107/107/107 120/120/120 184/184/184
f 191/191/191 184/184/184 120/120/120
f 184/184/184 191/191/191 251/251/251
f 351/351/351 352/352/352 411/411/411
f 411/411/411 410/410/410 351/351/351
f 353/353/353 351/351/351 410/410/410
f 410/410/410 412/412/412 353/353/353
f 352/352/352 356/356/356 411/411/411
f 415/415/415 411/411/411 356/356/356
f 355/355/355 353/353/353 412/412/412
f 412/412/412 414/414/414 355/355/355
f 360/360/360 355/355/355 414/414/414
f 301/301/301 309/309/309 365/365/365
f 365/365/365 361/361/361 301/301/301
f 414/414/414 423/423/423 360/360/360
f 424/424/424 415/415/415 356/356/356
f 356/356/356 361/361/361 424/424/424
f 360/360/360 364/364/364 308/308/308
f 108/108/108 124/124/124 67/67/67
f 124/124/124 108/108/108 188/188/188
f 185/185/185 192/192/192 121/121/121
f 250/250/250 253/253/253 185/185/185
f 192/192/192 185/185/185 253/253/253
f 423/423/423 428/428/428 360/360/360
f 364/364/364 360/360/360 428/428/428
f 429/429/429 424/424/424 361/361/361
f 361/361/361 365/365/365 429/429/429
f 257/257/257 248/248/248 189/189/189
f 410/410/410 411/411/411 475/475/475
f 475/475/475 474/474/474 410/410/410
f 412/412/412 410/410/410 474/474/474
f 414/414/414 412/412/412 474/474/474
f 423/423/423 414/414/414 474/474/474
f 476/476/476 475/475/475 411/411/411
f 308/308/308 314/314/314 250/250/250
f 314/314/314 308/308/308 364/364/364
f 253/253/253 250/250/250 314/314/314
f 411/411/411 415/415/415 479/479/479
f 479/479/479 476/476/476 411/411/411
f 415/415/415 424/424/424 479/479/479
f 315/315/315 309/309/309 248/248/248
f 248/248/248 257/257/257 315/315/315
f 474/474/474 481/481/481 423/423/423
f 428/428/428 423/423/423 481/481/481
f 364/364/364 369/369/369 314/314/314
f 46/46/46 29/29/29 26/26/26
f 29/29/29 46/46/46 64/64/64
f 73/73/73 64/64/64 46/46/46
f 370/370/370 365/365/365 309/309/309
f 27/27/27 30/30/30 37/37/37
f 30/30/30 27/27/27 35/35/35
f 482/482/482 479/479/479 424/424/424
f 424/424/424 429/429/429 484/484/484
f 484/484/484 482/482/482 424/424/424
f 309/309/309 315/315/315 379/379/379
f 379/379/379 370/370/370 309/309/309
f 433/433/433 429/429/429 365/365/365
f 429/429/429 433/433/433 484/484/484
f 365/365/365 370/370/370 433/433/433
f 474/474/474 475/475/475 534/534/534
f 534/534/534 533/533/533 474/474/474
f 475/475/475 476/476/476 534/534/534
f 533/533/533 535/535/535 474/474/474
f 538/538/538 534/534/534 476/476/476
f 476/476/476 479/479/479 538/538/538
f 481/481/481 483/483/483 428/428/428
f 428/428/428 432/432/432 364/364/364
f 432/432/432 428/428/428 483/483/483
f 369/369/369 364/364/364 432/432/432
f 481/481/481 474/474/474 541/541/541
f 535/535/535 541/541/541 474/474/474
f 483/483/483 481/481/481 541/541/541
f 539/539/539 538/538/538 479/479/479
f 369/369/369 371/371/371 314/314/314
f 371/371/371 369/369/369 432/432/432
f 483/483/483 487/487/487 432/432/432
f 43/43/43 26/26/26 36/36/36
f 36/36/36 48/48/48 43/43/43
f 26/26/26 43/43/43 46/46/46
f 48/48/48 36/36/36 68/68/68
f 542/542/542 539/539/539 479/479/479
f 479/479/479 482/482/482 542/542/542
f 482/482/482 484/484/484 542/542/542
f 79/79/79 65/65/65 37/37/37
f 126/126/126 122/122/122 65/65/65
f 65/65/65 79/79/79 126/126/126
f 35/35/35 47/47/47 30/30/30
f 47/47/47 35/35/35 67/67/67
f 64/64/64 73/73/73 132/132/132
f 132/132/132 120/120/120 64/64/64
f 314/314/314 319/319/319 253/253/253
f 319/319/319 314/314/314 371/371/371
f 253/253/253 262/262/262 192/192/192
f 262/262/262 253/253/253 319/319/319
f 122/122/122 126/126/126 201/201/201
f 201/201/201 189/189/189 122/122/122
f 313/313/313 311/311/311 251/251/251
f 367/367/367 363/363/363 311/311/311
f 311/311/311 313/313/313 367/367/367
f 533/533/533 534/534/534 595/595/595
f 595/595/595 594/594/594 533/533/533
f 535/535/535 533/533/533 594/594/594
f 594/594/594 598/598/598 535/535/535
f 541/541/541 535/535/535 598/598/598
f 599/599/599 595/595/595 534/534/534
f 487/487/487 489/489/489 432/432/432
f 598/598/598 602/602/602 541/541/541
f 541/541/541 547/547/547 483/483/483
f 487/487/487 483/483/483 547/547/547
f 489/489/489 487/487/487 547/547/547
f 534/534/534 538/538/538 603/603/603
f 603/603/603 599/599/599 534/534/534
f 538/538/538 539/539/539 603/603/603
f 548/548/548 542/542/542 484/484/484
f 493/493/493 484/484/484 433/433/433
f 68/68/68 77/77/77 48/48/48
f 77/77/77 68/68/68 121/121/121
f 121/121/121 134/134/134 77/77/77
f 134/134/134 121/121/121 192/192/192
f 370/370/370 379/379/379 433/433/433
f 437/437/437 433/433/433 379/379/379
f 433/433/433 437/437/437 493/493/493
f 37/37/37 59/59/59 79/79/79
f 59/59/59 37/37/37 30/30/30
f 189/189/189 201/201/201 264/264/264
f 264/264/264 257/257/257 189/189/189
f 257/257/257 264/264/264 315/315/315
f 608/608/608 603/603/603 539/539/539
f 539/539/539 542/542/542 608/608/608
f 432/432/432 436/436/436 371/371/371
f 602/602/602 611/611/611 541/541/541
f 547/547/547 541/541/541 611/611/611
f 489/489/489 492/492/492 432/432/432
f 436/436/436 432/432/432 492/492/492
f 371/371/371 383/383/383 319/319/319
f 383/383/383 371/371/371 436/436/436
f 326/326/326 315/315/315 264/264/264
f 385/385/385 379/379/379 315/315/315
f 315/315/315 326/326/326 385/385/385
f 379/379/379 385/385/385 437/437/437
f 550/550/550 548/548/548 484/484/484
f 484/484/484 493/493/493 553/553/553
f 553/553/553 550/550/550 484/484/484
f 594/594/594 595/595/595 659/659/659
f 659/659/659 658/658/658 594/594/594
f 595/595/595 599/599/599 659/659/659
f 599/599/599 603/603/603 659/659/659
f 598/598/598 594/594/594 658/658/658
f 602/602/602 598/598/598 658/658/658
f 658/658/658 662/662/662 602/602/602
f 611/611/611 602/602/602 662/662/662
f 663/663/663 659/659/659 603/603/603
f 542/542/542 548/548/548 616/616/616
f 616/616/616 608/608/608 542/542/542
f 548/548/548 550/550/550 616/616/616
f 611/611/611 615/615/615 547/547/547
f 662/662/662 664/664/664 611/611/611
f 615/615/615 611/611/611 664/664/664
f 603/603/603 608/608/608 666/666/666
f 666/666/666 663/663/663 603/603/603
f 319/319/319 324/324/324 262/262/262
f 324/324/324 319/319/319 383/383/383
f 192/192/192 211/211/211 134/134/134
f 211/211/211 192/192/192 262/262/262
f 312/312/312 318/318/318 252/252/252
f 188/188/188 199/199/199 124/124/124
f 199/199/199 188/188/188 252/252/252
f 252/252/252 261/261/261 199/199/199
f 261/261/261 252/252/252 318/318/318
f 426/426/426 431/431/431 362/362/362
f 368/368/368 362/362/362 431/431/431
f 67/67/67 93/93/93 47/47/47
f 93/93/93 67/67/67 124/124/124
f 426/426/426 422/422/422 478/478/478
f 478/478/478 480/480/480 426/426/426
f 431/431/431 426/426/426 480/480/480
f 144/144/144 126/126/126 79/79/79
f 30/30/30 55/55/55 59/59/59
f 55/55/55 30/30/30 47/47/47
f 259/259/259 251/251/251 191/191/191
f 430/430/430 427/427/427 363/363/363
f 363/363/363 367/367/367 430/430/430
f 120/120/120 132/132/132 191/191/191
f 197/197/197 191/191/191 132/132/132
f 191/191/191 197/197/197 259/259/259
f 669/669/669 666/666/666 608/608/608
f 608/608/608 616/616/616 669/669/669
f 500/500/500 493/493/493 437/437/437
f 368/368/368 378/378/378 312/312/312
f 318/318/318 312/312/312 378/378/378
f 480/480/480 486/486/486 431/431/431
f 658/658/658 659/659/659 719/719/719
f 719/719/719 717/717/717 658/658/658
f 727/727/727 719/719/719 659/659/659
f 717/717/717 722/722/722 658/658/658
f 722/722/722 725/725/725 658/658/658
f 662/662/662 658/658/658 725/725/725
f 63/63/63 48/48/48 77/77/77
f 735/735/735 727/727/727 659/659/659
f 659/659/659 663/663/663 735/735/735
f 663/663/663 666/666/666 735/735/735
f 666/666/666 669/669/669 735/735/735
f 444/444/444 437/437/437 385/385/385
f 550/550/550 553/553/553 628/628/628
f 628/628/628 616/616/616 550/550/550
f 725/725/725 729/729/729 662/662/662
f 664/664/664 662/662/662 729/729/729
f 560/560/560 553/553/553 493/493/493
f 493/493/493 500/500/500 560/560/560
f 553/553/553 560/560/560 628/628/628
f 729/729/729 732/732/732 664/664/664
f 48/48/48 63/63/63 53/53/53
f 53/53/53 43/43/43 48/48/48
f 47/47/47 71/71/71 55/55/55
f 71/71/71 47/47/47 93/93/93
f 124/124/124 142/142/142 93/93/93
f 142/142/142 124/124/124 199/199/199
f 437/437/437 444/444/444 502/502/502
f 502/502/502 500/500/500 437/437/437
f 500/500/500 502/502/502 560/560/560
f 677/677/677 669/669/669 616/616/616
f 616/616/616 628/628/628 677/677/677
f 262/262/262 272/272/272 211/211/211
f 272/272/272 262/262/262 324/324/324
f 425/425/425 427/427/427 485/485/485
f 485/485/485 477/477/477 425/425/425
f 478/478/478 473/473/473 537/537/537
f 473/473/473 472/472/472 531/531/531
f 531/531/531 532/532/532 473/473/473
f 532/532/532 537/537/537 473/473/473
f 536/536/536 531/531/531 472/472/472
f 472/472/472 477/477/477 536/536/536
f 251/251/251 259/259/259 322/322/322
f 322/322/322 313/313/313 251/251/251
f 91/91/91 73/73/73 46/46/46
f 73/73/73 91/91/91 132/132/132
f 378/378/378 368/368/368 431/431/431
f 431/431/431 434/434/434 378/378/378
f 434/434/434 431/431/431 486/486/486
f 537/537/537 540/540/540 478/478/478
f 480/480/480 478/478/478 540/540/540
f 381/381/381 367/367/367 313/313/313
f 313/313/313 322/322/322 381/381/381
f 540/540/540 544/544/544 480/480/480
f 486/486/486 480/480/480 544/544/544
f 261/261/261 270/270/270 199/199/199
f 543/543/543 536/536/536 477/477/477
f 477/477/477 485/485/485 543/543/543
f 427/427/427 430/430/430 490/490/490
f 490/490/490 485/485/485 427/427/427
f 318/318/318 334/334/334 261/261/261
f 486/486/486 496/496/496 434/434/434
f 378/378/378 388/388/388 318/318/318
f 334/334/334 318/318/318 388/388/388
f 388/388/388 378/378/378 434/434/434
f 544/544/544 549/549/549 486/486/486
f 496/496/496 486/486/486 549/549/549
f 537/537/537 532/532/532 593/593/593
f 593/593/593 601/601/601 537/537/537
f 591/591/591 593/593/593 532/532/532
f 532/532/532 531/531/531 591/591/591
f 597/597/597 591/591/591 531/531/531
f 531/531/531 536/536/536 597/597/597
f 540/540/540 537/537/537 601/601/601
f 601/601/601 607/607/607 540/540/540
f 544/544/544 540/540/540 607/607/607
f 434/434/434 441/441/441 388/388/388
f 441/441/441 434/434/434 496/496/496
f 545/545/545 543/543/543 485/485/485
f 485/485/485 490/490/490 545/545/545
f 605/605/605 597/597/597 536/536/536
f 536/536/536 543/543/543 605/605/605
f 439/439/439 430/430/430 367/367/367
f 367/367/367 381/381/381 439/439/439
f 607/607/607 613/613/613 544/544/544
f 549/549/549 544/544/544 613/613/613
f 610/610/610 605/605/605 543/543/543
f 543/543/543 545/545/545 610/610/610
f 549/549/549 555/555/555 496/496/496
f 552/552/552 545/545/545 490/490/490
f 495/495/495 490/490/490 430/430/430
f 430/430/430 439/439/439 495/495/495
f 490/490/490 495/495/495 552/552/552
f 496/496/496 498/498/498 441/441/441
f 498/498/498 496/496/496 555/555/555
f 740/740/740 735/735/735 669/669/669
f 624/624/624 615/615/615 664/664/664
f 664/664/664 675/675/675 624/624/624
f 613/613/613 622/622/622 549/549/549
f 555/555/555 549/549/549 622/622/622
f 669/669/669 677/677/677 746/746/746
f 746/746/746 740/740/740 669/669/669
f 683/683/683 677/677/677 628/628/628
f 619/619/619 610/610/610 545/545/545
f 545/545/545 552/552/552 619/619/619
f 558/558/558 552/552/552 495/495/495
f 749/749/749 746/746/746 677/677/677
f 677/677/677 683/683/683 749/749/749
f 3256/3256/3256 3255/3255/3255 3331/3331/3331
f 3331/3331/3331 3332/3332/3332 3256/3256/3256
f 3327/3327/3327 3331/3331/3331 3255/3255/3255
f 3255/3255/3255 3251/3251/3251 3327/3327/3327
f 3252/3252/3252 3256/3256/3256 3332/3332/3332
f 3332/3332/3332 3328/3328/3328 3252/3252/3252
f 3332/3332/3332 3331/3331/3331 3415/3415/3415
f 3331/3331/3331 3327/3327/3327 3415/3415/3415
f 3415/3415/3415 3416/3416/3416 3332/3332/3332
f 3328/3328/3328 3332/3332/3332 3416/3416/3416
f 3410/3410/3410 3415/3415/3415 3327/3327/3327
f 3255/3255/3255 3256/3256/3256 3180/3180/3180
f 3180/3180/3180 3179/3179/3179 3255/3255/3255
f 3251/3251/3251 3255/3255/3255 3179/3179/3179
f 3176/3176/3176 3180/3180/3180 3256/3256/3256
f 3256/3256/3256 3252/3252/3252 3176/3176/3176
f 3179/3179/3179 3173/3173/3173 3251/3251/3251
f 3323/3323/3323 3327/3327/3327 3251/3251/3251
f 3251/3251/3251 3249/3249/3249 3323/3323/3323
f 3249/3249/3249 3251/3251/3251 3173/3173/3173
f 3327/3327/3327 3323/3323/3323 3410/3410/3410
f 3250/3250/3250 3252/3252/3252 3328/3328/3328
f 3328/3328/3328 3324/3324/3324 3250/3250/3250
f 3252/3252/3252 3250/3250/3250 3176/3176/3176
f 3324/3324/3324 3328/3328/3328 3416/3416/3416
f 3416/3416/3416 3411/3411/3411 3324/3324/3324
f 3416/3416/3416 3415/3415/3415 3508/3508/3508
f 3508/3508/3508 3509/3509/3509 3416/3416/3416
f 3504/3504/3504 3508/3508/3508 3415/3415/3415
f 3509/3509/3509 3505/3505/3505 3416/3416/3416
f 3411/3411/3411 3416/3416/3416 3505/3505/3505
f 3415/3415/3415 3410/3410/3410 3500/3500/3500
f 3500/3500/3500 3504/3504/3504 3415/3415/3415
f 3505/3505/3505 3501/3501/3501 3411/3411/3411
f 3509/3509/3509 3508/3508/3508 3605/3605/3605
f 3605/3605/3605 3606/3606/3606 3509/3509/3509
f 3508/3508/3508 3504/3504/3504 3602/3602/3602
f 3602/3602/3602 3605/3605/3605 3508/3508/3508
f 3505/3505/3505 3509/3509/3509 3606/3606/3606
f 3606/3606/3606 3603/3603/3603 3505/3505/3505
f 3501/3501/3501 3505/3505/3505 3603/3603/3603
f 3320/3320/3320 3324/3324/3324 3411/3411/3411
f 3600/3600/3600 3602/3602/3602 3504/3504/3504
f 3504/3504/3504 3500/3500/3500 3600/3600/3600
f 3401/3401/3401 3410/3410/3410 3323/3323/3323
f 3323/3323/3323 3319/3319/3319 3401/3401/3401
f 3410/3410/3410 3401/3401/3401 3497/3497/3497
f 3497/3497/3497 3500/3500/3500 3410/3410/3410
f 3319/3319/3319 3323/3323/3323 3249/3249/3249
f 3249/3249/3249 3246/3246/3246 3319/3319/3319
f 3247/3247/3247 3250/3250/3250 3324/3324/3324
f 3324/3324/3324 3320/3320/3320 3247/3247/3247
f 3250/3250/3250 3247/3247/3247 3176/3176/3176
f 3603/3603/3603 3594/3594/3594 3501/3501/3501
f 3411/3411/3411 3399/3399/3399 3320/3320/3320
f 3606/3606/3606 3605/3605/3605 3688/3688/3688
f 3688/3688/3688 3689/3689/3689 3606/3606/3606
f 3603/3603/3603 3606/3606/3606 3689/3689/3689
f 3689/3689/3689 3682/3682/3682 3603/3603/3603
f 3594/3594/3594 3603/3603/3603 3682/3682/3682
f 3605/3605/3605 3602/3602/3602 3681/3681/3681
f 3681/3681/3681 3688/3688/3688 3605/3605/3605
f 3399/3399/3399 3411/3411/3411 3501/3501/3501
f 3501/3501/3501 3489/3489/3489 3399/3399/3399
f 3489/3489/3489 3501/3501/3501 3594/3594/3594
f 3500/3500/3500 3497/3497/3497 3593/3593/3593
f 3593/3593/3593 3600/3600/3600 3500/3500/3500
f 3682/3682/3682 3678/3678/3678 3594/3594/3594
f 3677/3677/3677 3681/3681/3681 3602/3602/3602
f 3602/3602/3602 3600/3600/3600 3677/3677/3677
f 3600/3600/3600 3593/3593/3593 3674/3674/3674
f 3674/3674/3674 3677/3677/3677 3600/3600/3600
f 3689/3689/3689 3688/3688/3688 3726/3726/3726
f 3726/3726/3726 3727/3727/3727 3689/3689/3689
f 3722/3722/3722 3726/3726/3726 3688/3688/3688
f 3688/3688/3688 3681/3681/3681 3722/3722/3722
f 3682/3682/3682 3689/3689/3689 3727/3727/3727
f 3727/3727/3727 3723/3723/3723 3682/3682/3682
f 3678/3678/3678 3675/3675/3675 3594/3594/3594
f 3678/3678/3678 3682/3682/3682 3723/3723/3723
f 3723/3723/3723 3719/3719/3719 3678/3678/3678
f 3675/3675/3675 3678/3678/3678 3719/3719/3719
f 3718/3718/3718 3722/3722/3722 3681/3681/3681
f 3681/3681/3681 3677/3677/3677 3718/3718/3718
f 3488/3488/3488 3497/3497/3497 3401/3401/3401
f 3401/3401/3401 3398/3398/3398 3488/3488/3488
f 3398/3398/3398 3401/3401/3401 3319/3319/3319
f 3594/3594/3594 3590/3590/3590 3489/3489/3489
f 3497/3497/3497 3488/3488/3488 3589/3589/3589
f 3589/3589/3589 3593/3593/3593 3497/3497/3497
f 3314/3314/3314 3320/3320/3320 3399/3399/3399
f 3719/3719/3719 3716/3716/3716 3675/3675/3675
f 3715/3715/3715 3718/3718/3718 3677/3677/3677
f 3677/3677/3677 3674/3674/3674 3715/3715/3715
f 3590/3590/3590 3594/3594/3594 3675/3675/3675
f 3675/3675/3675 3668/3668/3668 3590/3590/3590
f 3727/3727/3727 3726/3726/3726 3742/3742/3742
f 3742/3742/3742 3740/3740/3740 3727/3727/3727
f 3723/3723/3723 3727/3727/3727 3739/3739/3739
f 3739/3739/3739 3738/3738/3738 3723/3723/3723
f 3719/3719/3719 3723/3723/3723 3738/3738/3738
f 3737/3737/3737 3741/3741/3741 3726/3726/3726
f 3726/3726/3726 3722/3722/3722 3737/3737/3737
f 3667/3667/3667 3674/3674/3674 3593/3593/3593
f 3593/3593/3593 3589/3589/3589 3667/3667/3667
f 3738/3738/3738 3736/3736/3736 3719/3719/3719
f 3735/3735/3735 3737/3737/3737 3722/3722/3722
f 3722/3722/3722 3718/3718/3718 3735/3735/3735
f 3718/3718/3718 3715/3715/3715 3735/3735/3735
f 3668/3668/3668 3675/3675/3675 3716/3716/3716
f 3716/3716/3716 3710/3710/3710 3668/3668/3668
f 3716/3716/3716 3719/3719/3719 3736/3736/3736
f 3736/3736/3736 3734/3734/3734 3716/3716/3716
f 3709/3709/3709 3715/3715/3715 3674/3674/3674
f 3674/3674/3674 3667/3667/3667 3709/3709/3709
f 3319/3319/3319 3311/3311/3311 3398/3398/3398
f 3481/3481/3481 3489/3489/3489 3590/3590/3590
f 3320/3320/3320 3314/3314/3314 3237/3237/3237
f 3237/3237/3237 3247/3247/3247 3320/3320/3320
f 3246/3246/3246 3249/3249/3249 3173/3173/3173
f 3173/3173/3173 3165/3165/3165 3246/3246/3246
f 3391/3391/3391 3399/3399/3399 3489/3489/3489
f 3489/3489/3489 3481/3481/3481 3391/3391/3391
f 3740/3740/3740 3742/3742/3742 3728/3728/3728
f 3728/3728/3728 3729/3729/3729 3740/3740/3740
f 3738/3738/3738 3739/3739/3739 3729/3729/3729
f 3729/3729/3729 3725/3725/3725 3738/3738/3738
f 3724/3724/3724 3728/3728/3728 3741/3741/3741
f 3741/3741/3741 3737/3737/3737 3724/3724/3724
f 3732/3732/3732 3735/3735/3735 3715/3715/3715
f 3715/3715/3715 3709/3709/3709 3732/3732/3732
f 3736/3736/3736 3738/3738/3738 3725/3725/3725
f 3725/3725/3725 3721/3721/3721 3736/3736/3736
f 3720/3720/3720 3724/3724/3724 3737/3737/3737
f 3737/3737/3737 3735/3735/3735 3720/3720/3720
f 3581/3581/3581 3589/3589/3589 3488/3488/3488
f 3589/3589/3589 3581/3581/3581 3660/3660/3660
f 3660/3660/3660 3667/3667/3667 3589/3589/3589
f 3667/3667/3667 3660/3660/3660 3709/3709/3709
f 3710/3710/3710 3716/3716/3716 3734/3734/3734
f 3734/3734/3734 3733/3733/3733 3710/3710/3710
f 3734/3734/3734 3736/3736/3736 3721/3721/3721
f 3721/3721/3721 3717/3717/3717 3734/3734/3734
f 3590/3590/3590 3573/3573/3573 3481/3481/3481
f 3573/3573/3573 3590/3590/3590 3668/3668/3668
f 3668/3668/3668 3656/3656/3656 3573/3573/3573
f 3656/3656/3656 3668/3668/3668 3710/3710/3710
f 3710/3710/3710 3704/3704/3704 3656/3656/3656
f 3704/3704/3704 3710/3710/3710 3733/3733/3733
f 3399/3399/3399 3391/3391/3391 3308/3308/3308
f 3308/3308/3308 3314/3314/3314 3399/3399/3399
f 3314/3314/3314 3308/3308/3308 3237/3237/3237
f 3711/3711/3711 3720/3720/3720 3735/3735/3735
f 3735/3735/3735 3732/3732/3732 3711/3711/3711
f 3311/3311/3311 3319/3319/3319 3246/3246/3246
f 3246/3246/3246 3240/3240/3240 3311/3311/3311
f 3488/3488/3488 3478/3478/3478 3581/3581/3581
f 3478/3478/3478 3488/3488/3488 3398/3398/3398
f 3398/3398/3398 3388/3388/3388 3478/3478/3478
f 3388/3388/3388 3398/3398/3398 3311/3311/3311
f 3729/3729/3729 3728/3728/3728 3690/3690/3690
f 3690/3690/3690 3691/3691/3691 3729/3729/3729
f 3725/3725/3725 3729/3729/3729 3691/3691/3691
f 3691/3691/3691 3684/3684/3684 3725/3725/3725
f 3721/3721/3721 3725/3725/3725 3684/3684/3684
f 3728/3728/3728 3724/3724/3724 3683/3683/3683
f 3683/3683/3683 3690/3690/3690 3728/3728/3728
f 3684/3684/3684 3680/3680/3680 3721/3721/3721
f 3717/3717/3717 3721/3721/3721 3680/3680/3680
f 3679/3679/3679 3683/3683/3683 3724/3724/3724
f 3724/3724/3724 3720/3720/3720 3679/3679/3679
f 3733/3733/3733 3734/3734/3734 3717/3717/3717
f 3717/3717/3717 3712/3712/3712 3733/3733/3733
f 3712/3712/3712 3717/3717/3717 3680/3680/3680
f 3733/3733/3733 3731/3731/3731 3704/3704/3704
f 3730/3730/3730 3732/3732/3732 3709/3709/3709
f 3676/3676/3676 3679/3679/3679 3720/3720/3720
f 3720/3720/3720 3711/3711/3711 3676/3676/3676
f 3700/3700/3700 3709/3709/3709 3660/3660/3660
f 3680/3680/3680 3670/3670/3670 3712/3712/3712
f 3479/3479/3479 3481/3481/3481 3573/3573/3573
f 3481/3481/3481 3479/3479/3479 3391/3391/3391
f 3691/3691/3691 3690/3690/3690 3607/3607/3607
f 3607/3607/3607 3608/3608/3608 3691/3691/3691
f 3684/3684/3684 3691/3691/3691 3608/3608/3608
f 3608/3608/3608 3604/3604/3604 3684/3684/3684
f 3731/3731/3731 3733/3733/3733 3712/3712/3712
f 3712/3712/3712 3706/3706/3706 3731/3731/3731
f 3706/3706/3706 3712/3712/3712 3670/3670/3670
f 3680/3680/3680 3684/3684/3684 3604/3604/3604
f 3604/3604/3604 3601/3601/3601 3680/3680/3680
f 3690/3690/3690 3683/3683/3683 3595/3595/3595
f 3595/3595/3595 3607/3607/3607 3690/3690/3690
f 3683/3683/3683 3679/3679/3679 3595/3595/3595
f 3679/3679/3679 3676/3676/3676 3595/3595/3595
f 3669/3669/3669 3676/3676/3676 3711/3711/3711
f 3709/3709/3709 3700/3700/3700 3713/3713/3713
f 3713/3713/3713 3730/3730/3730 3709/3709/3709
f 3705/3705/3705 3711/3711/3711 3732/3732/3732
f 3732/3732/3732 3730/3730/3730 3705/3705/3705
f 3655/3655/3655 3660/3660/3660 3581/3581/3581
f 3581/3581/3581 3572/3572/3572 3655/3655/3655
f 3572/3572/3572 3581/3581/3581 3478/3478/3478
f 3660/3660/3660 3655/3655/3655 3700/3700/3700
f 3704/3704/3704 3701/3701/3701 3656/3656/3656
f 3601/3601/3601 3596/3596/3596 3680/3680/3680
f 3670/3670/3670 3680/3680/3680 3596/3596/3596
f 3701/3701/3701 3704/3704/3704 3731/3731/3731
f 3731/3731/3731 3714/3714/3714 3701/3701/3701
f 3161/3161/3161 3176/3176/3176 3247/3247/3247
f 3247/3247/3247 3237/3237/3237 3161/3161/3161
f 3670/3670/3670 3662/3662/3662 3706/3706/3706
f 3711/3711/3711 3705/3705/3705 3661/3661/3661
f 3661/3661/3661 3669/3669/3669 3711/3711/3711
f 3596/3596/3596 3592/3592/3592 3670/3670/3670
f 3662/3662/3662 3670/3670/3670 3592/3592/3592
f 3714/3714/3714 3731/3731/3731 3706/3706/3706
f 3706/3706/3706 3703/3703/3703 3714/3714/3714
f 3703/3703/3703 3706/3706/3706 3662/3662/3662
f 3608/3608/3608 3607/3607/3607 3510/3510/3510
f 3510/3510/3510 3511/3511/3511 3608/3608/3608
f 3604/3604/3604 3608/3608/3608 3511/3511/3511
f 3511/3511/3511 3507/3507/3507 3604/3604/3604
f 3506/3506/3506 3510/3510/3510 3607/3607/3607
f 3607/3607/3607 3595/3595/3595 3506/3506/3506
f 3502/3502/3502 3506/3506/3506 3595/3595/3595
f 3591/3591/3591 3595/3595/3595 3676/3676/3676
f 3676/3676/3676 3669/3669/3669 3591/3591/3591
f 3601/3601/3601 3604/3604/3604 3507/3507/3507
f 3507/3507/3507 3503/3503/3503 3601/3601/3601
f 3596/3596/3596 3601/3601/3601 3503/3503/3503
f 3503/3503/3503 3499/3499/3499 3596/3596/3596
f 3702/3702/3702 3705/3705/3705 3730/3730/3730
f 3730/3730/3730 3713/3713/3713 3702/3702/3702
f 3498/3498/3498 3502/3502/3502 3595/3595/3595
f 3592/3592/3592 3583/3583/3583 3662/3662/3662
f 3383/3383/3383 3391/3391/3391 3479/3479/3479
f 3569/3569/3569 3573/3573/3573 3656/3656/3656
f 3656/3656/3656 3648/3648/3648 3569/3569/3569
f 3648/3648/3648 3656/3656/3656 3701/3701/3701
f 3582/3582/3582 3591/3591/3591 3669/3669/3669
f 3669/3669/3669 3661/3661/3661 3582/3582/3582
f 3592/3592/3592 3596/3596/3596 3499/3499/3499
f 3499/3499/3499 3491/3491/3491 3592/3592/3592
f 3583/3583/3583 3592/3592/3592 3491/3491/3491
f 3467/3467/3467 3479/3479/3479 3573/3573/3573
f 3573/3573/3573 3569/3569/3569 3467/3467/3467
f 3479/3479/3479 3467/3467/3467 3383/3383/3383
f 3657/3657/3657 3661/3661/3661 3705/3705/3705
f 3705/3705/3705 3702/3702/3702 3657/3657/3657
f 3490/3490/3490 3498/3498/3498 3595/3595/3595
f 3595/3595/3595 3591/3591/3591 3490/3490/3490
f 3511/3511/3511 3510/3510/3510 3417/3417/3417
f 3417/3417/3417 3418/3418/3418 3511/3511/3511
f 3507/3507/3507 3511/3511/3511 3418/3418/3418
f 3418/3418/3418 3414/3414/3414 3507/3507/3507
f 3413/3413/3413 3417/3417/3417 3510/3510/3510
f 3510/3510/3510 3506/3506/3506 3413/3413/3413
f 3506/3506/3506 3502/3502/3502 3413/3413/3413
f 3503/3503/3503 3507/3507/3507 3414/3414/3414
f 3414/3414/3414 3412/3412/3412 3503/3503/3503
f 3499/3499/3499 3503/3503/3503 3412/3412/3412
f 3402/3402/3402 3413/3413/3413 3502/3502/3502
f 3502/3502/3502 3498/3498/3498 3402/3402/3402
f 3655/3655/3655 3647/3647/3647 3700/3700/3700
f 3647/3647/3647 3655/3655/3655 3572/3572/3572
f 3572/3572/3572 3568/3568/3568 3647/3647/3647
f 3568/3568/3568 3572/3572/3572 3478/3478/3478
f 3412/3412/3412 3403/3403/3403 3499/3499/3499
f 3491/3491/3491 3499/3499/3499 3403/3403/3403
f 3491/3491/3491 3483/3483/3483 3583/3583/3583
f 3708/3708/3708 3714/3714/3714 3703/3703/3703
f 3714/3714/3714 3708/3708/3708 3693/3693/3693
f 3693/3693/3693 3701/3701/3701 3714/3714/3714
f 3701/3701/3701 3693/3693/3693 3648/3648/3648
f 3707/3707/3707 3713/3713/3713 3700/3700/3700
f 3703/3703/3703 3697/3697/3697 3708/3708/3708
f 3697/3697/3697 3703/3703/3703 3662/3662/3662
f 3583/3583/3583 3575/3575/3575 3662/3662/3662
f 3575/3575/3575 3583/3583/3583 3483/3483/3483
f 3591/3591/3591 3582/3582/3582 3482/3482/3482
f 3482/3482/3482 3490/3490/3490 3591/3591/3591
f 3696/3696/3696 3702/3702/3702 3713/3713/3713
f 3713/3713/3713 3707/3707/3707 3696/3696/3696
f 3574/3574/3574 3582/3582/3582 3661/3661/3661
f 3661/3661/3661 3657/3657/3657 3574/3574/3574
f 3498/3498/3498 3490/3490/3490 3400/3400/3400
f 3400/3400/3400 3402/3402/3402 3498/3498/3498
f 3692/3692/3692 3700/3700/3700 3647/3647/3647
f 3418/3418/3418 3417/3417/3417 3333/3333/3333
f 3333/3333/3333 3334/3334/3334 3418/3418/3418
f 3414/3414/3414 3418/3418/3418 3334/3334/3334
f 3334/3334/3334 3330/3330/3330 3414/3414/3414
f 3412/3412/3412 3414/3414/3414 3330/3330/3330
f 3329/3329/3329 3333/3333/3333 3417/3417/3417
f 3417/3417/3417 3413/3413/3413 3329/3329/3329
f 3330/3330/3330 3326/3326/3326 3412/3412/3412
f 3403/3403/3403 3393/3393/3393 3491/3491/3491
f 3483/3483/3483 3491/3491/3491 3393/3393/3393
f 3325/3325/3325 3329/3329/3329 3413/3413/3413
f 3413/3413/3413 3402/3402/3402 3321/3321/3321
f 3321/3321/3321 3325/3325/3325 3413/3413/3413
f 3649/3649/3649 3657/3657/3657 3702/3702/3702
f 3702/3702/3702 3696/3696/3696 3649/3649/3649
f 3403/3403/3403 3412/3412/3412 3326/3326/3326
f 3326/3326/3326 3322/3322/3322 3403/3403/3403
f 3393/3393/3393 3403/3403/3403 3322/3322/3322
f 3480/3480/3480 3482/3482/3482 3582/3582/3582
f 3582/3582/3582 3574/3574/3574 3480/3480/3480
f 3700/3700/3700 3692/3692/3692 3698/3698/3698
f 3698/3698/3698 3707/3707/3707 3700/3700/3700
f 3707/3707/3707 3698/3698/3698 3696/3696/3696
f 3392/3392/3392 3400/3400/3400 3490/3490/3490
f 3490/3490/3490 3482/3482/3482 3392/3392/3392
f 3575/3575/3575 3571/3571/3571 3662/3662/3662
f 3638/3638/3638 3662/3662/3662 3571/3571/3571
f 3662/3662/3662 3638/3638/3638 3694/3694/3694
f 3694/3694/3694 3697/3697/3697 3662/3662/3662
f 3322/3322/3322 3316/3316/3316 3393/3393/3393
f 3570/3570/3570 3574/3574/3574 3657/3657/3657
f 3657/3657/3657 3649/3649/3649 3570/3570/3570
f 3708/3708/3708 3699/3699/3699 3693/3693/3693
f 3697/3697/3697 3694/3694/3694 3699/3699/3699
f 3699/3699/3699 3708/3708/3708 3697/3697/3697
f 3315/3315/3315 3321/3321/3321 3402/3402/3402
f 3402/3402/3402 3400/3400/3400 3315/3315/3315
f 3388/3388/3388 3382/3382/3382 3478/3478/3478
f 3636/3636/3636 3648/3648/3648 3693/3693/3693
f 3334/3334/3334 3333/3333/3333 3257/3257/3257
f 3257/3257/3257 3258/3258/3258 3334/3334/3334
f 3330/3330/3330 3334/3334/3334 3258/3258/3258
f 3258/3258/3258 3254/3254/3254 3330/3330/3330
f 3326/3326/3326 3330/3330/3330 3254/3254/3254
f 3322/3322/3322 3326/3326/3326 3254/3254/3254
f 3253/3253/3253 3257/3257/3257 3333/3333/3333
f 3333/3333/3333 3329/3329/3329 3253/3253/3253
f 3329/3329/3329 3325/3325/3325 3253/3253/3253
f 3325/3325/3325 3321/3321/3321 3253/3253/3253
f 3389/3389/3389 3392/3392/3392 3482/3482/3482
f 3482/3482/3482 3480/3480/3480 3389/3389/3389
f 3254/3254/3254 3248/3248/3248 3322/3322/3322
f 3312/3312/3312 3315/3315/3315 3400/3400/3400
f 3400/3400/3400 3392/3392/3392 3312/3312/3312
f 3316/3316/3316 3313/3313/3313 3393/3393/3393
f 3468/3468/3468 3480/3480/3480 3574/3574/3574
f 3574/3574/3574 3570/3570/3570 3468/3468/3468
f 3483/3483/3483 3463/3463/3463 3575/3575/3575
f 3463/3463/3463 3483/3483/3483 3393/3393/3393
f 3571/3571/3571 3575/3575/3575 3463/3463/3463
f 3393/3393/3393 3390/3390/3390 3463/3463/3463
f 3561/3561/3561 3569/3569/3569 3648/3648/3648
f 3648/3648/3648 3636/3636/3636 3561/3561/3561
f 3637/3637/3637 3649/3649/3649 3696/3696/3696
f 3568/3568/3568 3560/3560/3560 3647/3647/3647
f 3560/3560/3560 3568/3568/3568 3478/3478/3478
f 3478/3478/3478 3460/3460/3460 3560/3560/3560
f 3460/3460/3460 3478/3478/3478 3382/3382/3382
f 3391/3391/3391 3383/3383/3383 3302/3302/3302
f 3302/3302/3302 3308/3308/3308 3391/3391/3391
f 3241/3241/3241 3253/3253/3253 3321/3321/3321
f 3321/3321/3321 3315/3315/3315 3241/3241/3241
f 3315/3315/3315 3312/3312/3312 3241/3241/3241
f 3316/3316/3316 3322/3322/3322 3248/3248/3248
f 3248/3248/3248 3243/3243/3243 3316/3316/3316
f 3562/3562/3562 3570/3570/3570 3649/3649/3649
f 3649/3649/3649 3637/3637/3637 3562/3562/3562
f 3571/3571/3571 3563/3563/3563 3638/3638/3638
f 3563/3563/3563 3571/3571/3571 3463/3463/3463
f 3390/3390/3390 3393/3393/3393 3313/3313/3313
f 3313/3313/3313 3310/3310/3310 3390/3390/3390
f 3569/3569/3569 3561/3561/3561 3461/3461/3461
f 3461/3461/3461 3467/3467/3467 3569/3569/3569
f 3390/3390/3390 3385/3385/3385 3463/3463/3463
f 3392/3392/3392 3389/3389/3389 3309/3309/3309
f 3309/3309/3309 3312/3312/3312 3392/3392/3392
f 3258/3258/3258 3257/3257/3257 3181/3181/3181
f 3181/3181/3181 3182/3182/3182 3258/3258/3258
f 3254/3254/3254 3258/3258/3258 3182/3182/3182
f 3182/3182/3182 3178/3178/3178 3254/3254/3254
f 3177/3177/3177 3181/3181/3181 3257/3257/3257
f 3257/3257/3257 3253/3253/3253 3177/3177/3177
f 3480/3480/3480 3468/3468/3468 3384/3384/3384
f 3384/3384/3384 3389/3389/3389 3480/3480/3480
f 3178/3178/3178 3175/3175/3175 3254/3254/3254
f 3248/3248/3248 3254/3254/3254 3175/3175/3175
f 3243/3243/3243 3248/3248/3248 3175/3175/3175
f 3174/3174/3174 3177/3177/3177 3253/3253/3253
f 3313/3313/3313 3316/3316/3316 3243/3243/3243
f 3243/3243/3243 3242/3242/3242 3313/3313/3313
f 3166/3166/3166 3174/3174/3174 3253/3253/3253
f 3253/3253/3253 3241/3241/3241 3166/3166/3166
f 3686/3686/3686 3696/3696/3696 3698/3698/3698
f 3696/3696/3696 3686/3686/3686 3637/3637/3637
f 3175/3175/3175 3164/3164/3164 3243/3243/3243
f 3570/3570/3570 3562/3562/3562 3462/3462/3462
f 3462/3462/3462 3468/3468/3468 3570/3570/3570
f 3385/3385/3385 3390/3390/3390 3310/3310/3310
f 3310/3310/3310 3304/3304/3304 3385/3385/3385
f 3310/3310/3310 3313/3313/3313 3242/3242/3242
f 3242/3242/3242 3239/3239/3239 3310/3310/3310
f 3304/3304/3304 3310/3310/3310 3239/3239/3239
f 3695/3695/3695 3699/3699/3699 3694/3694/3694
f 3699/3699/3699 3695/3695/3695 3693/3693/3693
f 3694/3694/3694 3687/3687/3687 3695/3695/3695
f 3687/3687/3687 3694/3694/3694 3638/3638/3638
f 3638/3638/3638 3634/3634/3634 3687/3687/3687
f 3389/3389/3389 3384/3384/3384 3303/3303/3303
f 3303/3303/3303 3309/3309/3309 3389/3389/3389
f 3632/3632/3632 3647/3647/3647 3560/3560/3560
f 3647/3647/3647 3632/3632/3632 3685/3685/3685
f 3685/3685/3685 3692/3692/3692 3647/3647/3647
f 3238/3238/3238 3241/3241/3241 3312/3312/3312
f 3312/3312/3312 3309/3309/3309 3238/3238/3238
f 3165/3165/3165 3163/3163/3163 3246/3246/3246
f 3240/3240/3240 3246/3246/3246 3163/3163/3163
f 3692/3692/3692 3685/3685/3685 3671/3671/3671
f 3671/3671/3671 3698/3698/3698 3692/3692/3692
f 3698/3698/3698 3671/3671/3671 3686/3686/3686
f 3665/3665/3665 3686/3686/3686 3671/3671/3671
f 3686/3686/3686 3665/3665/3665 3637/3637/3637
f 3633/3633/3633 3636/3636/3636 3693/3693/3693
f 3382/3382/3382 3388/3388/3388 3311/3311/3311
f 3311/3311/3311 3298/3298/3298 3382/3382/3382
f 3240/3240/3240 3236/3236/3236 3311/3311/3311
f 3298/3298/3298 3311/3311/3311 3236/3236/3236
f 3385/3385/3385 3381/3381/3381 3463/3463/3463
f 3182/3182/3182 3181/3181/3181 3107/3107/3107
f 3107/3107/3107 3108/3108/3108 3182/3182/3182
f 3178/3178/3178 3182/3182/3182 3108/3108/3108
f 3108/3108/3108 3104/3104/3104 3178/3178/3178
f 3175/3175/3175 3178/3178/3178 3104/3104/3104
f 3242/3242/3242 3243/3243/3243 3164/3164/3164
f 3164/3164/3164 3162/3162/3162 3242/3242/3242
f 3103/3103/3103 3107/3107/3107 3181/3181/3181
f 3181/3181/3181 3177/3177/3177 3103/3103/3103
f 3177/3177/3177 3174/3174/3174 3103/3103/3103
f 3380/3380/3380 3384/3384/3384 3468/3468/3468
f 3468/3468/3468 3462/3462/3462 3380/3380/3380
f 3159/3159/3159 3166/3166/3166 3241/3241/3241
f 3241/3241/3241 3238/3238/3238 3159/3159/3159
f 3104/3104/3104 3100/3100/3100 3175/3175/3175
f 3164/3164/3164 3175/3175/3175 3100/3100/3100
f 3634/3634/3634 3638/3638/3638 3563/3563/3563
f 3563/3563/3563 3555/3555/3555 3634/3634/3634
f 3099/3099/3099 3103/3103/3103 3174/3174/3174
f 3174/3174/3174 3166/3166/3166 3099/3099/3099
f 3309/3309/3309 3303/3303/3303 3233/3233/3233
f 3233/3233/3233 3238/3238/3238 3309/3309/3309
f 3239/3239/3239 3234/3234/3234 3304/3304/3304
f 3382/3382/3382 3379/3379/3379 3460/3460/3460
f 3379/3379/3379 3382/3382/3382 3298/3298/3298
f 3095/3095/3095 3099/3099/3099 3166/3166/3166
f 3300/3300/3300 3303/3303/3303 3384/3384/3384
f 3384/3384/3384 3380/3380/3380 3300/3300/3300
f 3560/3560/3560 3553/3553/3553 3632/3632/3632
f 3553/3553/3553 3560/3560/3560 3460/3460/3460
f 3100/3100/3100 3096/3096/3096 3164/3164/3164
f 3239/3239/3239 3242/3242/3242 3162/3162/3162
f 3162/3162/3162 3160/3160/3160 3239/3239/3239
f 3381/3381/3381 3385/3385/3385 3304/3304/3304
f 3304/3304/3304 3301/3301/3301 3381/3381/3381
f 3636/3636/3636 3633/3633/3633 3554/3554/3554
f 3554/3554/3554 3561/3561/3561 3636/3636/3636
f 3555/3555/3555 3563/3563/3563 3463/3463/3463
f 3463/3463/3463 3458/3458/3458 3555/3555/3555
f 3457/3457/3457 3462/3462/3462 3562/3562/3562
f 3467/3467/3467 3461/3461/3461 3375/3375/3375
f 3375/3375/3375 3383/3383/3383 3467/3467/3467
f 3664/3664/3664 3693/3693/3693 3695/3695/3695
f 3179/3179/3179 3180/3180/3180 3106/3106/3106
f 3180/3180/3180 3176/3176/3176 3106/3106/3106
f 3106/3106/3106 3105/3105/3105 3179/3179/3179
f 3173/3173/3173 3179/3179/3179 3105/3105/3105
f 3105/3105/3105 3101/3101/3101 3173/3173/3173
f 3165/3165/3165 3173/3173/3173 3101/3101/3101
f 3102/3102/3102 3106/3106/3106 3176/3176/3176
f 3693/3693/3693 3664/3664/3664 3627/3627/3627
f 3627/3627/3627 3633/3633/3633 3693/3693/3693
f 3548/3548/3548 3562/3562/3562 3637/3637/3637
f 3562/3562/3562 3548/3548/3548 3457/3457/3457
f 3098/3098/3098 3102/3102/3102 3176/3176/3176
f 3101/3101/3101 3097/3097/3097 3165/3165/3165
f 3163/3163/3163 3157/3157/3157 3240/3240/3240
f 3236/3236/3236 3240/3240/3240 3157/3157/3157
f 3176/3176/3176 3161/3161/3161 3094/3094/3094
f 3094/3094/3094 3098/3098/3098 3176/3176/3176
f 3561/3561/3561 3554/3554/3554 3447/3447/3447
f 3447/3447/3447 3461/3461/3461 3561/3561/3561
f 3461/3461/3461 3447/3447/3447 3375/3375/3375
f 3299/3299/3299 3302/3302/3302 3383/3383/3383
f 3383/3383/3383 3375/3375/3375 3299/3299/3299
f 3308/3308/3308 3302/3302/3302 3221/3221/3221
f 3221/3221/3221 3237/3237/3237 3308/3308/3308
f 3302/3302/3302 3299/3299/3299 3221/3221/3221
f 3158/3158/3158 3161/3161/3161 3237/3237/3237
f 3458/3458/3458 3463/3463/3463 3381/3381/3381
f 3381/3381/3381 3377/3377/3377 3458/3458/3458
f 3163/3163/3163 3165/3165/3165 3097/3097/3097
f 3097/3097/3097 3093/3093/3093 3163/3163/3163
f 3157/3157/3157 3163/3163/3163 3093/3093/3093
f 3236/3236/3236 3230/3230/3230 3298/3298/3298
f 3230/3230/3230 3236/3236/3236 3157/3157/3157
f 3685/3685/3685 3663/3663/3663 3671/3671/3671
f 3376/3376/3376 3380/3380/3380 3462/3462/3462
f 3462/3462/3462 3457/3457/3457 3376/3376/3376
f 3380/3380/3380 3376/3376/3376 3300/3300/3300
f 3663/3663/3663 3685/3685/3685 3632/3632/3632
f 3632/3632/3632 3626/3626/3626 3663/3663/3663
f 3687/3687/3687 3666/3666/3666 3695/3695/3695
f 3666/3666/3666 3687/3687/3687 3634/3634/3634
f 3379/3379/3379 3374/3374/3374 3460/3460/3460
f 3617/3617/3617 3637/3637/3637 3665/3665/3665
f 3091/3091/3091 3095/3095/3095 3166/3166/3166
f 3166/3166/3166 3159/3159/3159 3088/3088/3088
f 3088/3088/3088 3091/3091/3091 3166/3166/3166
f 3162/3162/3162 3164/3164/3164 3096/3096/3096
f 3096/3096/3096 3092/3092/3092 3162/3162/3162
f 3108/3108/3108 3107/3107/3107 3034/3034/3034
f 3034/3034/3034 3036/3036/3036 3108/3108/3108
f 3028/3028/3028 3034/3034/3034 3107/3107/3107
f 3107/3107/3107 3103/3103/3103 3028/3028/3028
f 3104/3104/3104 3108/3108/3108 3036/3036/3036
f 3036/3036/3036 3030/3030/3030 3104/3104/3104
f 3100/3100/3100 3104/3104/3104 3030/3030/3030
f 3030/3030/3030 3025/3025/3025 3100/3100/3100
f 3023/3023/3023 3028/3028/3028 3103/3103/3103
f 3155/3155/3155 3159/3159/3159 3238/3238/3238
f 3238/3238/3238 3233/3233/3233 3155/3155/3155
f 3231/3231/3231 3233/3233/3233 3303/3303/3303
f 3303/3303/3303 3300/3300/3300 3231/3231/3231
f 3103/3103/3103 3099/3099/3099 3017/3017/3017
f 3017/3017/3017 3023/3023/3023 3103/3103/3103
f 3234/3234/3234 3239/3239/3239 3160/3160/3160
f 3160/3160/3160 3156/3156/3156 3234/3234/3234
f 3301/3301/3301 3304/3304/3304 3234/3234/3234
f 3234/3234/3234 3232/3232/3232 3301/3301/3301
f 3232/3232/3232 3234/3234/3234 3156/3156/3156
f 3025/3025/3025 3019/3019/3019 3100/3100/3100
f 3634/3634/3634 3628/3628/3628 3666/3666/3666
f 3637/3637/3637 3617/3617/3617 3540/3540/3540
f 3540/3540/3540 3548/3548/3548 3637/3637/3637
f 3628/3628/3628 3634/3634/3634 3555/3555/3555
f 3555/3555/3555 3550/3550/3550 3628/3628/3628
f 3550/3550/3550 3555/3555/3555 3458/3458/3458
f 3160/3160/3160 3162/3162/3162 3092/3092/3092
f 3092/3092/3092 3089/3089/3089 3160/3160/3160
f 3156/3156/3156 3160/3160/3160 3089/3089/3089
f 3377/3377/3377 3381/3381/3381 3301/3301/3301
f 3301/3301/3301 3296/3296/3296 3377/3377/3377
f 3011/3011/3011 3017/3017/3017 3099/3099/3099
f 3099/3099/3099 3095/3095/3095 3011/3011/3011
f 3096/3096/3096 3100/3100/3100 3019/3019/3019
f 3019/3019/3019 3013/3013/3013 3096/3096/3096
f 3092/3092/3092 3096/3096/3096 3013/3013/3013
f 3626/3626/3626 3632/3632/3632 3553/3553/3553
f 3553/3553/3553 3546/3546/3546 3626/3626/3626
f 3546/3546/3546 3553/3553/3553 3460/3460/3460
f 3460/3460/3460 3452/3452/3452 3546/3546/3546
f 3452/3452/3452 3460/3460/3460 3374/3374/3374
f 3458/3458/3458 3455/3455/3455 3550/3550/3550
f 3455/3455/3455 3458/3458/3458 3377/3377/3377
f 3454/3454/3454 3457/3457/3457 3548/3548/3548
f 3548/3548/3548 3540/3540/3540 3454/3454/3454
f 3547/3547/3547 3554/3554/3554 3633/3633/3633
f 3633/3633/3633 3627/3627/3627 3547/3547/3547
f 3554/3554/3554 3547/3547/3547 3447/3447/3447
f 3673/3673/3673 3695/3695/3695 3666/3666/3666
f 3095/3095/3095 3091/3091/3091 3008/3008/3008
f 3008/3008/3008 3011/3011/3011 3095/3095/3095
f 3151/3151/3151 3155/3155/3155 3233/3233/3233
f 3233/3233/3233 3231/3231/3231 3151/3151/3151
f 3159/3159/3159 3155/3155/3155 3084/3084/3084
f 3084/3084/3084 3088/3088/3088 3159/3159/3159
f 3373/3373/3373 3376/3376/3376 3457/3457/3457
f 3457/3457/3457 3454/3454/3454 3373/3373/3373
f 3156/3156/3156 3152/3152/3152 3232/3232/3232
f 3222/3222/3222 3231/3231/3231 3300/3300/3300
f 3695/3695/3695 3673/3673/3673 3652/3652/3652
f 3652/3652/3652 3664/3664/3664 3695/3695/3695
f 3089/3089/3089 3085/3085/3085 3156/3156/3156
f 3296/3296/3296 3301/3301/3301 3232/3232/3232
f 3232/3232/3232 3223/3223/3223 3296/3296/3296
f 3013/3013/3013 3005/3005/3005 3092/3092/3092
f 3089/3089/3089 3092/3092/3092 3005/3005/3005
f 3093/3093/3093 3090/3090/3090 3157/3157/3157
f 3374/3374/3374 3379/3379/3379 3298/3298/3298
f 3298/3298/3298 3294/3294/3294 3374/3374/3374
f 3091/3091/3091 3088/3088/3088 3003/3003/3003
f 3003/3003/3003 3008/3008/3008 3091/3091/3091
f 3157/3157/3157 3153/3153/3153 3230/3230/3230
f 3376/3376/3376 3373/3373/3373 3300/3300/3300
f 3286/3286/3286 3300/3300/3300 3373/3373/3373
f 3663/3663/3663 3650/3650/3650 3671/3671/3671
f 3650/3650/3650 3663/3663/3663 3626/3626/3626
f 3105/3105/3105 3106/3106/3106 3032/3032/3032
f 3032/3032/3032 3031/3031/3031 3105/3105/3105
f 3026/3026/3026 3032/3032/3032 3106/3106/3106
f 3101/3101/3101 3105/3105/3105 3031/3031/3031
f 3031/3031/3031 3020/3020/3020 3101/3101/3101
f 3097/3097/3097 3101/3101/3101 3020/3020/3020
f 3106/3106/3106 3102/3102/3102 3021/3021/3021
f 3021/3021/3021 3026/3026/3026 3106/3106/3106
f 3154/3154/3154 3158/3158/3158 3237/3237/3237
f 3237/3237/3237 3221/3221/3221 3154/3154/3154
f 3150/3150/3150 3154/3154/3154 3221/3221/3221
f 3295/3295/3295 3299/3299/3299 3375/3375/3375
f 3299/3299/3299 3295/3295/3295 3221/3221/3221
f 3087/3087/3087 3094/3094/3094 3161/3161/3161
f 3161/3161/3161 3158/3158/3158 3087/3087/3087
f 3102/3102/3102 3098/3098/3098 3015/3015/3015
f 3015/3015/3015 3021/3021/3021 3102/3102/3102
f 3020/3020/3020 3014/3014/3014 3097/3097/3097
f 3090/3090/3090 3086/3086/3086 3157/3157/3157
f 3666/3666/3666 3654/3654/3654 3673/3673/3673
f 3654/3654/3654 3666/3666/3666 3628/3628/3628
f 3374/3374/3374 3372/3372/3372 3452/3452/3452
f 3372/3372/3372 3374/3374/3374 3294/3294/3294
f 3093/3093/3093 3097/3097/3097 3014/3014/3014
f 3014/3014/3014 3009/3009/3009 3093/3093/3093
f 3628/3628/3628 3619/3619/3619 3654/3654/3654
f 3619/3619/3619 3628/3628/3628 3550/3550/3550
f 3294/3294/3294 3298/3298/3298 3230/3230/3230
f 3230/3230/3230 3220/3220/3220 3294/3294/3294
f 3220/3220/3220 3230/3230/3230 3153/3153/3153
f 3664/3664/3664 3652/3652/3652 3615/3615/3615
f 3615/3615/3615 3627/3627/3627 3664/3664/3664
f 3098/3098/3098 3094/3094/3094 3001/3001/3001
f 3001/3001/3001 3015/3015/3015 3098/3098/3098
f 3094/3094/3094 3087/3087/3087 3001/3001/3001
f 3090/3090/3090 3093/3093/3093 3009/3009/3009
f 3009/3009/3009 3006/3006/3006 3090/3090/3090
f 3153/3153/3153 3157/3157/3157 3086/3086/3086
f 3086/3086/3086 3083/3083/3083 3153/3153/3153
f 3294/3294/3294 3290/3290/3290 3372/3372/3372
f 3627/3627/3627 3615/3615/3615 3538/3538/3538
f 3538/3538/3538 3547/3547/3547 3627/3627/3627
f 3547/3547/3547 3538/3538/3538 3447/3447/3447
f 3643/3643/3643 3665/3665/3665 3671/3671/3671
f 3665/3665/3665 3643/3643/3643 3617/3617/3617
f 3158/3158/3158 3154/3154/3154 3080/3080/3080
f 3080/3080/3080 3087/3087/3087 3158/3158/3158
f 3154/3154/3154 3150/3150/3150 3080/3080/3080
f 3377/3377/3377 3368/3368/3368 3455/3455/3455
f 3368/3368/3368 3377/3377/3377 3296/3296/3296
f 3296/3296/3296 3293/3293/3293 3368/3368/3368
f 3293/3293/3293 3296/3296/3296 3223/3223/3223
f 3031/3031/3031 3032/3032/3032 2929/2929/2929
f 2929/2929/2929 2927/2927/2927 3031/3031/3031
f 3032/3032/3032 3026/3026/3026 2929/2929/2929
f 3020/3020/3020 3031/3031/3031 2927/2927/2927
f 2927/2927/2927 2919/2919/2919 3020/3020/3020
f 2921/2921/2921 2929/2929/2929 3026/3026/3026
f 3026/3026/3026 3021/3021/3021 2921/2921/2921
f 3292/3292/3292 3295/3295/3295 3375/3375/3375
f 3364/3364/3364 3375/3375/3375 3447/3447/3447
f 3375/3375/3375 3364/3364/3364 3292/3292/3292
f 3086/3086/3086 3090/3090/3090 3006/3006/3006
f 3006/3006/3006 3000/3000/3000 3086/3086/3086
f 3083/3083/3083 3086/3086/3086 3000/3000/3000
f 3014/3014/3014 3020/3020/3020 2919/2919/2919
f 2919/2919/2919 2913/2913/2913 3014/3014/3014
f 3536/3536/3536 3546/3546/3546 3452/3452/3452
f 3546/3546/3546 3536/3536/3536 3577/3577/3577
f 3577/3577/3577 3626/3626/3626 3546/3546/3546
f 3626/3626/3626 3577/3577/3577 3650/3650/3650
f 2915/2915/2915 2921/2921/2921 3021/3021/3021
f 3021/3021/3021 3015/3015/3015 2915/2915/2915
f 3009/3009/3009 3014/3014/3014 2913/2913/2913
f 2913/2913/2913 2907/2907/2907 3009/3009/3009
f 3083/3083/3083 3079/3079/3079 3153/3153/3153
f 2909/2909/2909 2915/2915/2915 3015/3015/3015
f 3015/3015/3015 3001/3001/3001 2909/2909/2909
f 3290/3290/3290 3294/3294/3294 3220/3220/3220
f 3220/3220/3220 3216/3216/3216 3290/3290/3290
f 3455/3455/3455 3449/3449/3449 3550/3550/3550
f 3449/3449/3449 3455/3455/3455 3368/3368/3368
f 3000/3000/3000 2994/2994/2994 3083/3083/3083
f 3079/3079/3079 3083/3083/3083 2994/2994/2994
f 3006/3006/3006 3009/3009/3009 2907/2907/2907
f 2907/2907/2907 2903/2903/2903 3006/3006/3006
f 3148/3148/3148 3151/3151/3151 3231/3231/3231
f 3231/3231/3231 3222/3222/3222 3148/3148/3148
f 3155/3155/3155 3151/3151/3151 3081/3081/3081
f 3081/3081/3081 3084/3084/3084 3155/3155/3155
f 3366/3366/3366 3373/3373/3373 3454/3454/3454
f 3373/3373/3373 3366/3366/3366 3286/3286/3286
f 3153/3153/3153 3139/3139/3139 3220/3220/3220
f 3139/3139/3139 3153/3153/3153 3079/3079/3079
f 3216/3216/3216 3220/3220/3220 3139/3139/3139
f 3218/3218/3218 3222/3222/3222 3300/3300/3300
f 3659/3659/3659 3671/3671/3671 3650/3650/3650
f 3671/3671/3671 3659/3659/3659 3643/3643/3643
f 3650/3650/3650 3640/3640/3640 3659/3659/3659
f 3640/3640/3640 3650/3650/3650 3577/3577/3577
f 2995/2995/2995 3001/3001/3001 3087/3087/3087
f 3087/3087/3087 3080/3080/3080 2995/2995/2995
f 3217/3217/3217 3221/3221/3221 3295/3295/3295
f 3295/3295/3295 3292/3292/3292 3217/3217/3217
f 3300/3300/3300 3286/3286/3286 3208/3208/3208
f 3208/3208/3208 3218/3218/3218 3300/3300/3300
f 3362/3362/3362 3372/3372/3372 3290/3290/3290
f 3290/3290/3290 3284/3284/3284 3362/3362/3362
f 3372/3372/3372 3362/3362/3362 3434/3434/3434
f 3434/3434/3434 3452/3452/3452 3372/3372/3372
f 3452/3452/3452 3434/3434/3434 3536/3536/3536
f 3223/3223/3223 3232/3232/3232 3152/3152/3152
f 3152/3152/3152 3149/3149/3149 3223/3223/3223
f 3152/3152/3152 3156/3156/3156 3085/3085/3085
f 3085/3085/3085 3082/3082/3082 3152/3152/3152
f 3147/3147/3147 3150/3150/3150 3221/3221/3221
f 3221/3221/3221 3217/3217/3217 3147/3147/3147
f 3000/3000/3000 3006/3006/3006 2903/2903/2903
f 2903/2903/2903 2901/2901/2901 3000/3000/3000
f 3088/3088/3088 3084/3084/3084 2997/2997/2997
f 2997/2997/2997 3003/3003/3003 3088/3088/3088
f 3223/3223/3223 3219/3219/3219 3293/3293/3293
f 3219/3219/3219 3223/3223/3223 3149/3149/3149
f 3085/3085/3085 3089/3089/3089 3005/3005/3005
f 3005/3005/3005 2999/2999/2999 3085/3085/3085
f 2897/2897/2897 2909/2909/2909 3001/3001/3001
f 3001/3001/3001 2995/2995/2995 2897/2897/2897
f 3076/3076/3076 3080/3080/3080 3150/3150/3150
f 3150/3150/3150 3147/3147/3147 3076/3076/3076
f 2989/2989/2989 2995/2995/2995 3080/3080/3080
f 3293/3293/3293 3288/3288/3288 3368/3368/3368
f 3288/3288/3288 3293/3293/3293 3219/3219/3219
f 3284/3284/3284 3290/3290/3290 3216/3216/3216
f 3216/3216/3216 3211/3211/3211 3284/3284/3284
f 3211/3211/3211 3216/3216/3216 3139/3139/3139
f 2994/2994/2994 3000/3000/3000 2901/2901/2901
f 2901/2901/2901 2895/2895/2895 2994/2994/2994
f 2994/2994/2994 2980/2980/2980 3079/3079/3079
f 3151/3151/3151 3148/3148/3148 3077/3077/3077
f 3077/3077/3077 3081/3081/3081 3151/3151/3151
f 3222/3222/3222 3218/3218/3218 3143/3143/3143
f 3143/3143/3143 3148/3148/3148 3222/3222/3222
f 3218/3218/3218 3208/3208/3208 3143/3143/3143
f 3149/3149/3149 3152/3152/3152 3082/3082/3082
f 3082/3082/3082 3078/3078/3078 3149/3149/3149
f 2991/2991/2991 2997/2997/2997 3084/3084/3084
f 3084/3084/3084 3081/3081/3081 2991/2991/2991
f 3213/3213/3213 3217/3217/3217 3292/3292/3292
f 3082/3082/3082 3085/3085/3085 2999/2999/2999
f 2999/2999/2999 2993/2993/2993 3082/3082/3082
f 3078/3078/3078 3082/3082/3082 2993/2993/2993
f 3219/3219/3219 3215/3215/3215 3288/3288/3288
f 3215/3215/3215 3219/3219/3219 3149/3149/3149
f 2982/2982/2982 2989/2989/2989 3080/3080/3080
f 3080/3080/3080 3076/3076/3076 2982/2982/2982
f 3071/3071/3071 3076/3076/3076 3147/3147/3147
f 3149/3149/3149 3145/3145/3145 3215/3215/3215
f 3141/3141/3141 3147/3147/3147 3217/3217/3217
f 3217/3217/3217 3213/3213/3213 3141/3141/3141
f 2995/2995/2995 2989/2989/2989 2891/2891/2891
f 2891/2891/2891 2897/2897/2897 2995/2995/2995
f 2895/2895/2895 2889/2889/2889 2994/2994/2994
f 2980/2980/2980 2994/2994/2994 2889/2889/2889
f 3079/3079/3079 3066/3066/3066 3139/3139/3139
f 2980/2980/2980 2971/2971/2971 3079/3079/3079
f 3066/3066/3066 3079/3079/3079 2971/2971/2971
f 3073/3073/3073 3077/3077/3077 3148/3148/3148
f 3148/3148/3148 3143/3143/3143 3073/3073/3073
f 2985/2985/2985 2991/2991/2991 3081/3081/3081
f 3081/3081/3081 3077/3077/3077 2985/2985/2985
f 3078/3078/3078 3075/3075/3075 3149/3149/3149
f 3145/3145/3145 3149/3149/3149 3075/3075/3075
f 2993/2993/2993 2988/2988/2988 3078/3078/3078
f 3075/3075/3075 3078/3078/3078 2988/2988/2988
f 2975/2975/2975 2982/2982/2982 3076/3076/3076
f 3076/3076/3076 3071/3071/3071 2975/2975/2975
f 2989/2989/2989 2982/2982/2982 2884/2884/2884
f 2884/2884/2884 2891/2891/2891 2989/2989/2989
f 2889/2889/2889 2881/2881/2881 2980/2980/2980
f 2971/2971/2971 2980/2980/2980 2881/2881/2881
f 2977/2977/2977 2985/2985/2985 3077/3077/3077
f 3077/3077/3077 3073/3073/3073 2977/2977/2977
f 2988/2988/2988 2979/2979/2979 3075/3075/3075
f 2881/2881/2881 2873/2873/2873 2971/2971/2971
f 1512/1512/1512 1513/1513/1513 1381/1381/1381
f 1381/1381/1381 1380/1380/1380 1512/1512/1512
f 1380/1380/1380 1381/1381/1381 1258/1258/1258
f 1258/1258/1258 1257/1257/1257 1380/1380/1380
f 1385/1385/1385 1381/1381/1381 1513/1513/1513
f 1380/1380/1380 1384/1384/1384 1512/1512/1512
f 1384/1384/1384 1380/1380/1380 1257/1257/1257
f 1381/1381/1381 1385/1385/1385 1261/1261/1261
f 1261/1261/1261 1258/1258/1258 1381/1381/1381
f 1257/1257/1257 1264/1264/1264 1384/1384/1384
f 1257/1257/1257 1258/1258/1258 1078/1078/1078
f 1078/1078/1078 1077/1077/1077 1257/1257/1257
f 1264/1264/1264 1257/1257/1257 1077/1077/1077
f 1077/1077/1077 1081/1081/1081 1264/1264/1264
f 1258/1258/1258 1261/1261/1261 1084/1084/1084
f 1084/1084/1084 1078/1078/1078 1258/1258/1258
f 1519/1519/1519 1512/1512/1512 1384/1384/1384
f 1513/1513/1513 1520/1520/1520 1385/1385/1385
f 1266/1266/1266 1261/1261/1261 1385/1385/1385
f 1513/1513/1513 1512/1512/1512 1627/1627/1627
f 1627/1627/1627 1628/1628/1628 1513/1513/1513
f 1520/1520/1520 1513/1513/1513 1628/1628/1628
f 1628/1628/1628 1634/1634/1634 1520/1520/1520
f 1633/1633/1633 1627/1627/1627 1512/1512/1512
f 1512/1512/1512 1519/1519/1519 1633/1633/1633
f 1384/1384/1384 1392/1392/1392 1519/1519/1519
f 1392/1392/1392 1384/1384/1384 1264/1264/1264
f 1393/1393/1393 1385/1385/1385 1520/1520/1520
f 1385/1385/1385 1393/1393/1393 1266/1266/1266
f 1628/1628/1628 1627/1627/1627 1804/1804/1804
f 1804/1804/1804 1805/1805/1805 1628/1628/1628
f 1798/1798/1798 1804/1804/1804 1627/1627/1627
f 1627/1627/1627 1633/1633/1633 1798/1798/1798
f 1634/1634/1634 1628/1628/1628 1805/1805/1805
f 1805/1805/1805 1799/1799/1799 1634/1634/1634
f 1261/1261/1261 1266/1266/1266 1086/1086/1086
f 1086/1086/1086 1084/1084/1084 1261/1261/1261
f 1077/1077/1077 1078/1078/1078 966/966/966
f 1078/1078/1078 1084/1084/1084 966/966/966
f 966/966/966 965/965/965 1077/1077/1077
f 1081/1081/1081 1077/1077/1077 965/965/965
f 1264/1264/1264 1268/1268/1268 1392/1392/1392
f 1268/1268/1268 1264/1264/1264 1081/1081/1081
f 1081/1081/1081 1089/1089/1089 1268/1268/1268
f 972/972/972 966/966/966 1084/1084/1084
f 1084/1084/1084 1086/1086/1086 972/972/972
f 965/965/965 971/971/971 1081/1081/1081
f 1089/1089/1089 1081/1081/1081 971/971/971
f 1639/1639/1639 1633/1633/1633 1519/1519/1519
f 1634/1634/1634 1640/1640/1640 1520/1520/1520
f 1523/1523/1523 1519/1519/1519 1392/1392/1392
f 1519/1519/1519 1523/1523/1523 1639/1639/1639
f 965/965/965 966/966/966 905/905/905
f 905/905/905 904/904/904 965/965/965
f 904/904/904 908/908/908 965/965/965
f 971/971/971 965/965/965 908/908/908
f 911/911/911 905/905/905 966/966/966
f 966/966/966 972/972/972 911/911/911
f 908/908/908 914/914/914 971/971/971
f 1271/1271/1271 1266/1266/1266 1393/1393/1393
f 974/974/974 972/972/972 1086/1086/1086
f 904/904/904 905/905/905 845/845/845
f 845/845/845 844/844/844 904/904/904
f 908/908/908 904/904/904 844/844/844
f 844/844/844 849/849/849 908/908/908
f 914/914/914 908/908/908 849/849/849
f 850/850/850 845/845/845 905/905/905
f 905/905/905 911/911/911 850/850/850
f 1266/1266/1266 1271/1271/1271 1094/1094/1094
f 1094/1094/1094 1086/1086/1086 1266/1266/1266
f 1086/1086/1086 1094/1094/1094 974/974/974
f 971/971/971 977/977/977 1089/1089/1089
f 977/977/977 971/971/971 914/914/914
f 917/917/917 911/911/911 972/972/972
f 972/972/972 974/974/974 917/917/917
f 1633/1633/1633 1639/1639/1639 1792/1792/1792
f 1792/1792/1792 1798/1798/1798 1633/1633/1633
f 1805/1805/1805 1804/1804/1804 1916/1916/1916
f 1916/1916/1916 1917/1917/1917 1805/1805/1805
f 1799/1799/1799 1805/1805/1805 1917/1917/1917
f 1917/1917/1917 1911/1911/1911 1799/1799/1799
f 1799/1799/1799 1793/1793/1793 1634/1634/1634
f 1640/1640/1640 1634/1634/1634 1793/1793/1793
f 1793/1793/1793 1799/1799/1799 1911/1911/1911
f 1804/1804/1804 1798/1798/1798 1909/1909/1909
f 1909/1909/1909 1916/1916/1916 1804/1804/1804
f 1529/1529/1529 1520/1520/1520 1640/1640/1640
f 1520/1520/1520 1529/1529/1529 1399/1399/1399
f 1399/1399/1399 1393/1393/1393 1520/1520/1520
f 1393/1393/1393 1399/1399/1399 1271/1271/1271
f 1398/1398/1398 1392/1392/1392 1268/1268/1268
f 1392/1392/1392 1398/1398/1398 1523/1523/1523
f 1528/1528/1528 1523/1523/1523 1398/1398/1398
f 1911/1911/1911 1906/1906/1906 1793/1793/1793
f 1917/1917/1917 1916/1916/1916 2049/2049/2049
f 2049/2049/2049 2050/2050/2050 1917/1917/1917
f 2050/2050/2050 2046/2046/2046 1917/1917/1917
f 1911/1911/1911 1917/1917/1917 2046/2046/2046
f 1798/1798/1798 1792/1792/1792 1903/1903/1903
f 1903/1903/1903 1909/1909/1909 1798/1798/1798
f 1916/1916/1916 1909/1909/1909 2040/2040/2040
f 2040/2040/2040 2049/2049/2049 1916/1916/1916
f 2046/2046/2046 2041/2041/2041 1911/1911/1911
f 1906/1906/1906 1911/1911/1911 2041/2041/2041
f 1523/1523/1523 1528/1528/1528 1647/1647/1647
f 1647/1647/1647 1639/1639/1639 1523/1523/1523
f 1089/1089/1089 1093/1093/1093 1268/1268/1268
f 1093/1093/1093 1089/1089/1089 977/977/977
f 854/854/854 850/850/850 911/911/911
f 911/911/911 917/917/917 854/854/854
f 1268/1268/1268 1275/1275/1275 1398/1398/1398
f 1275/1275/1275 1268/1268/1268 1093/1093/1093
f 1640/1640/1640 1648/1648/1648 1529/1529/1529
f 1648/1648/1648 1640/1640/1640 1793/1793/1793
f 1793/1793/1793 1787/1787/1787 1648/1648/1648
f 1787/1787/1787 1793/1793/1793 1906/1906/1906
f 2050/2050/2050 2049/2049/2049 2174/2174/2174
f 2174/2174/2174 2175/2175/2175 2050/2050/2050
f 2046/2046/2046 2050/2050/2050 2175/2175/2175
f 2169/2169/2169 2174/2174/2174 2049/2049/2049
f 2049/2049/2049 2040/2040/2040 2169/2169/2169
f 2037/2037/2037 2040/2040/2040 1909/1909/1909
f 1909/1909/1909 1903/1903/1903 2037/2037/2037
f 2175/2175/2175 2167/2167/2167 2046/2046/2046
f 2041/2041/2041 2046/2046/2046 2167/2167/2167
f 2041/2041/2041 2034/2034/2034 1906/1906/1906
f 1906/1906/1906 1900/1900/1900 1787/1787/1787
f 1900/1900/1900 1906/1906/1906 2034/2034/2034
f 1639/1639/1639 1647/1647/1647 1785/1785/1785
f 1785/1785/1785 1792/1792/1792 1639/1639/1639
f 1276/1276/1276 1271/1271/1271 1399/1399/1399
f 844/844/844 845/845/845 786/786/786
f 786/786/786 785/785/785 844/844/844
f 849/849/849 844/844/844 785/785/785
f 785/785/785 789/789/789 849/849/849
f 790/790/790 786/786/786 845/845/845
f 845/845/845 850/850/850 790/790/790
f 914/914/914 920/920/920 977/977/977
f 849/849/849 856/856/856 914/914/914
f 920/920/920 914/914/914 856/856/856
f 795/795/795 790/790/790 850/850/850
f 850/850/850 854/854/854 795/795/795
f 982/982/982 974/974/974 1094/1094/1094
f 974/974/974 982/982/982 917/917/917
f 789/789/789 794/794/794 849/849/849
f 856/856/856 849/849/849 794/794/794
f 794/794/794 797/797/797 856/856/856
f 1271/1271/1271 1276/1276/1276 1100/1100/1100
f 1100/1100/1100 1094/1094/1094 1271/1271/1271
f 1094/1094/1094 1100/1100/1100 982/982/982
f 1402/1402/1402 1398/1398/1398 1275/1275/1275
f 1398/1398/1398 1402/1402/1402 1528/1528/1528
f 785/785/785 786/786/786 716/716/716
f 716/716/716 715/715/715 785/785/785
f 786/786/786 790/790/790 716/716/716
f 789/789/789 785/785/785 715/715/715
f 715/715/715 721/721/721 789/789/789
f 794/794/794 789/789/789 721/721/721
f 724/724/724 716/716/716 790/790/790
f 790/790/790 795/795/795 724/724/724
f 800/800/800 795/795/795 854/854/854
f 923/923/923 917/917/917 982/982/982
f 721/721/721 731/731/731 794/794/794
f 797/797/797 794/794/794 731/731/731
f 981/981/981 977/977/977 920/920/920
f 977/977/977 981/981/981 1099/1099/1099
f 1099/1099/1099 1093/1093/1093 977/977/977
f 1093/1093/1093 1099/1099/1099 1275/1275/1275
f 862/862/862 854/854/854 917/917/917
f 917/917/917 923/923/923 862/862/862
f 1532/1532/1532 1529/1529/1529 1648/1648/1648
f 1529/1529/1529 1532/1532/1532 1404/1404/1404
f 1404/1404/1404 1399/1399/1399 1529/1529/1529
f 1399/1399/1399 1404/1404/1404 1276/1276/1276
f 856/856/856 859/859/859 920/920/920
f 1792/1792/1792 1785/1785/1785 1898/1898/1898
f 1898/1898/1898 1903/1903/1903 1792/1792/1792
f 734/734/734 724/724/724 795/795/795
f 795/795/795 800/800/800 734/734/734
f 715/715/715 716/716/716 657/657/657
f 657/657/657 656/656/656 715/715/715
f 721/721/721 715/715/715 656/656/656
f 656/656/656 660/660/660 721/721/721
f 731/731/731 721/721/721 660/660/660
f 920/920/920 922/922/922 981/981/981
f 922/922/922 920/920/920 859/859/859
f 716/716/716 724/724/724 661/661/661
f 661/661/661 657/657/657 716/716/716
f 724/724/724 734/734/734 661/661/661
f 854/854/854 862/862/862 804/804/804
f 804/804/804 800/800/800 854/854/854
f 859/859/859 856/856/856 797/797/797
f 797/797/797 803/803/803 859/859/859
f 2031/2031/2031 2037/2037/2037 1903/1903/1903
f 1903/1903/1903 1898/1898/1898 2031/2031/2031
f 2040/2040/2040 2037/2037/2037 2163/2163/2163
f 2163/2163/2163 2169/2169/2169 2040/2040/2040
f 731/731/731 737/737/737 797/797/797
f 803/803/803 797/797/797 737/737/737
f 660/660/660 667/667/667 731/731/731
f 737/737/737 731/731/731 667/667/667
f 1537/1537/1537 1528/1528/1528 1402/1402/1402
f 2175/2175/2175 2174/2174/2174 2361/2361/2361
f 2361/2361/2361 2362/2362/2362 2175/2175/2175
f 2167/2167/2167 2175/2175/2175 2362/2362/2362
f 2362/2362/2362 2356/2356/2356 2167/2167/2167
f 2167/2167/2167 2164/2164/2164 2041/2041/2041
f 2034/2034/2034 2041/2041/2041 2164/2164/2164
f 2164/2164/2164 2167/2167/2167 2356/2356/2356
f 2174/2174/2174 2169/2169/2169 2353/2353/2353
f 2353/2353/2353 2361/2361/2361 2174/2174/2174
f 1787/1787/1787 1783/1783/1783 1648/1648/1648
f 1528/1528/1528 1537/1537/1537 1653/1653/1653
f 1653/1653/1653 1647/1647/1647 1528/1528/1528
f 985/985/985 982/982/982 1100/1100/1100
f 982/982/982 985/985/985 923/923/923
f 2356/2356/2356 2351/2351/2351 2164/2164/2164
f 2037/2037/2037 2031/2031/2031 2160/2160/2160
f 2160/2160/2160 2163/2163/2163 2037/2037/2037
f 2034/2034/2034 2028/2028/2028 1900/1900/1900
f 2028/2028/2028 2034/2034/2034 2164/2164/2164
f 2169/2169/2169 2163/2163/2163 2347/2347/2347
f 2347/2347/2347 2353/2353/2353 2169/2169/2169
f 2163/2163/2163 2160/2160/2160 2347/2347/2347
f 1407/1407/1407 1402/1402/1402 1275/1275/1275
f 1402/1402/1402 1407/1407/1407 1537/1537/1537
f 1783/1783/1783 1787/1787/1787 1900/1900/1900
f 1900/1900/1900 1897/1897/1897 1783/1783/1783
f 1897/1897/1897 1900/1900/1900 2028/2028/2028
f 859/859/859 865/865/865 922/922/922
f 865/865/865 859/859/859 803/803/803
f 2362/2362/2362 2361/2361/2361 2479/2479/2479
f 2479/2479/2479 2480/2480/2480 2362/2362/2362
f 2356/2356/2356 2362/2362/2362 2474/2474/2474
f 2480/2480/2480 2474/2474/2474 2362/2362/2362
f 2470/2470/2470 2479/2479/2479 2361/2361/2361
f 2361/2361/2361 2353/2353/2353 2470/2470/2470
f 1278/1278/1278 1276/1276/1276 1404/1404/1404
f 2351/2351/2351 2348/2348/2348 2164/2164/2164
f 1780/1780/1780 1785/1785/1785 1647/1647/1647
f 1647/1647/1647 1653/1653/1653 1780/1780/1780
f 2474/2474/2474 2471/2471/2471 2356/2356/2356
f 2351/2351/2351 2356/2356/2356 2471/2471/2471
f 2348/2348/2348 2351/2351/2351 2471/2471/2471
f 1538/1538/1538 1532/1532/1532 1648/1648/1648
f 1648/1648/1648 1654/1654/1654 1538/1538/1538
f 1654/1654/1654 1648/1648/1648 1783/1783/1783
f 1532/1532/1532 1538/1538/1538 1410/1410/1410
f 1410/1410/1410 1404/1404/1404 1532/1532/1532
f 1404/1404/1404 1410/1410/1410 1278/1278/1278
f 1896/1896/1896 1898/1898/1898 1785/1785/1785
f 1785/1785/1785 1780/1780/1780 1896/1896/1896
f 1276/1276/1276 1278/1278/1278 1104/1104/1104
f 1104/1104/1104 1100/1100/1100 1276/1276/1276
f 1100/1100/1100 1104/1104/1104 985/985/985
f 2025/2025/2025 2031/2031/2031 1898/1898/1898
f 1898/1898/1898 1896/1896/1896 2025/2025/2025
f 1275/1275/1275 1281/1281/1281 1407/1407/1407
f 1281/1281/1281 1275/1275/1275 1099/1099/1099
f 2353/2353/2353 2347/2347/2347 2466/2466/2466
f 2466/2466/2466 2470/2470/2470 2353/2353/2353
f 1099/1099/1099 1103/1103/1103 1281/1281/1281
f 2164/2164/2164 2155/2155/2155 2028/2028/2028
f 2155/2155/2155 2164/2164/2164 2348/2348/2348
f 2471/2471/2471 2467/2467/2467 2348/2348/2348
f 2480/2480/2480 2479/2479/2479 2547/2547/2547
f 2547/2547/2547 2548/2548/2548 2480/2480/2480
f 2474/2474/2474 2480/2480/2480 2548/2548/2548
f 2541/2541/2541 2547/2547/2547 2479/2479/2479
f 2479/2479/2479 2470/2470/2470 2541/2541/2541
f 2548/2548/2548 2542/2542/2542 2474/2474/2474
f 2154/2154/2154 2160/2160/2160 2031/2031/2031
f 2031/2031/2031 2025/2025/2025 2154/2154/2154
f 2348/2348/2348 2342/2342/2342 2155/2155/2155
f 2471/2471/2471 2474/2474/2474 2542/2542/2542
f 2542/2542/2542 2538/2538/2538 2471/2471/2471
f 2467/2467/2467 2471/2471/2471 2538/2538/2538
f 2340/2340/2340 2347/2347/2347 2160/2160/2160
f 2160/2160/2160 2154/2154/2154 2340/2340/2340
f 2532/2532/2532 2541/2541/2541 2470/2470/2470
f 2470/2470/2470 2466/2466/2466 2532/2532/2532
f 1103/1103/1103 1099/1099/1099 981/981/981
f 981/981/981 992/992/992 1103/1103/1103
f 992/992/992 981/981/981 922/922/922
f 922/922/922 928/928/928 992/992/992
f 928/928/928 922/922/922 865/865/865
f 2467/2467/2467 2464/2464/2464 2348/2348/2348
f 2342/2342/2342 2348/2348/2348 2464/2464/2464
f 2538/2538/2538 2533/2533/2533 2467/2467/2467
f 2464/2464/2464 2467/2467/2467 2533/2533/2533
f 738/738/738 734/734/734 800/800/800
f 800/800/800 804/804/804 738/738/738
f 2548/2548/2548 2547/2547/2547 2617/2617/2617
f 2617/2617/2617 2618/2618/2618 2548/2548/2548
f 2618/2618/2618 2614/2614/2614 2548/2548/2548
f 2542/2542/2542 2548/2548/2548 2614/2614/2614
f 2613/2613/2613 2617/2617/2617 2547/2547/2547
f 2547/2547/2547 2541/2541/2541 2613/2613/2613
f 2611/2611/2611 2613/2613/2613 2541/2541/2541
f 2347/2347/2347 2340/2340/2340 2458/2458/2458
f 2458/2458/2458 2466/2466/2466 2347/2347/2347
f 2538/2538/2538 2542/2542/2542 2614/2614/2614
f 2614/2614/2614 2606/2606/2606 2538/2538/2538
f 2533/2533/2533 2538/2538/2538 2606/2606/2606
f 1783/1783/1783 1778/1778/1778 1654/1654/1654
f 1778/1778/1778 1783/1783/1783 1897/1897/1897
f 2464/2464/2464 2461/2461/2461 2342/2342/2342
f 2605/2605/2605 2611/2611/2611 2541/2541/2541
f 2541/2541/2541 2532/2532/2532 2605/2605/2605
f 1897/1897/1897 1892/1892/1892 1778/1778/1778
f 1892/1892/1892 1897/1897/1897 2028/2028/2028
f 2028/2028/2028 2021/2021/2021 1892/1892/1892
f 2021/2021/2021 2028/2028/2028 2155/2155/2155
f 1542/1542/1542 1537/1537/1537 1407/1407/1407
f 1537/1537/1537 1542/1542/1542 1657/1657/1657
f 1657/1657/1657 1653/1653/1653 1537/1537/1537
f 2526/2526/2526 2532/2532/2532 2466/2466/2466
f 2466/2466/2466 2458/2458/2458 2526/2526/2526
f 2020/2020/2020 2025/2025/2025 1896/1896/1896
f 1777/1777/1777 1780/1780/1780 1653/1653/1653
f 1653/1653/1653 1657/1657/1657 1777/1777/1777
f 2155/2155/2155 2151/2151/2151 2021/2021/2021
f 2533/2533/2533 2527/2527/2527 2464/2464/2464
f 2461/2461/2461 2464/2464/2464 2527/2527/2527
f 2601/2601/2601 2605/2605/2605 2532/2532/2532
f 2606/2606/2606 2602/2602/2602 2533/2533/2533
f 2527/2527/2527 2533/2533/2533 2602/2602/2602
f 2342/2342/2342 2337/2337/2337 2155/2155/2155
f 2337/2337/2337 2342/2342/2342 2461/2461/2461
f 2151/2151/2151 2155/2155/2155 2337/2337/2337
f 2618/2618/2618 2617/2617/2617 2692/2692/2692
f 2692/2692/2692 2693/2693/2693 2618/2618/2618
f 2617/2617/2617 2613/2613/2613 2692/2692/2692
f 2614/2614/2614 2618/2618/2618 2693/2693/2693
f 2693/2693/2693 2689/2689/2689 2614/2614/2614
f 2685/2685/2685 2692/2692/2692 2613/2613/2613
f 2613/2613/2613 2611/2611/2611 2685/2685/2685
f 2689/2689/2689 2686/2686/2686 2614/2614/2614
f 2606/2606/2606 2614/2614/2614 2686/2686/2686
f 2686/2686/2686 2682/2682/2682 2606/2606/2606
f 2602/2602/2602 2606/2606/2606 2682/2682/2682
f 2681/2681/2681 2685/2685/2685 2611/2611/2611
f 2611/2611/2611 2605/2605/2605 2681/2681/2681
f 2598/2598/2598 2601/2601/2601 2532/2532/2532
f 2532/2532/2532 2526/2526/2526 2598/2598/2598
f 2025/2025/2025 2020/2020/2020 2154/2154/2154
f 2149/2149/2149 2154/2154/2154 2020/2020/2020
f 1780/1780/1780 1777/1777/1777 1887/1887/1887
f 1887/1887/1887 1896/1896/1896 1780/1780/1780
f 1896/1896/1896 1887/1887/1887 2020/2020/2020
f 2336/2336/2336 2340/2340/2340 2154/2154/2154
f 2154/2154/2154 2149/2149/2149 2336/2336/2336
f 2340/2340/2340 2336/2336/2336 2458/2458/2458
f 2682/2682/2682 2676/2676/2676 2602/2602/2602
f 2675/2675/2675 2681/2681/2681 2605/2605/2605
f 2605/2605/2605 2601/2601/2601 2675/2675/2675
f 994/994/994 985/985/985 1104/1104/1104
f 931/931/931 923/923/923 985/985/985
f 985/985/985 994/994/994 931/931/931
f 2522/2522/2522 2526/2526/2526 2458/2458/2458
f 2693/2693/2693 2692/2692/2692 2768/2768/2768
f 2768/2768/2768 2769/2769/2769 2693/2693/2693
f 2764/2764/2764 2768/2768/2768 2692/2692/2692
f 2692/2692/2692 2685/2685/2685 2764/2764/2764
f 2689/2689/2689 2693/2693/2693 2769/2769/2769
f 2769/2769/2769 2765/2765/2765 2689/2689/2689
f 2686/2686/2686 2689/2689/2689 2765/2765/2765
f 2765/2765/2765 2761/2761/2761 2686/2686/2686
f 2527/2527/2527 2523/2523/2523 2461/2461/2461
f 2523/2523/2523 2527/2527/2527 2602/2602/2602
f 2602/2602/2602 2594/2594/2594 2523/2523/2523
f 2757/2757/2757 2764/2764/2764 2685/2685/2685
f 2685/2685/2685 2681/2681/2681 2757/2757/2757
f 2682/2682/2682 2686/2686/2686 2761/2761/2761
f 2761/2761/2761 2758/2758/2758 2682/2682/2682
f 2461/2461/2461 2453/2453/2453 2337/2337/2337
f 2453/2453/2453 2461/2461/2461 2523/2523/2523
f 1546/1546/1546 1538/1538/1538 1654/1654/1654
f 1538/1538/1538 1546/1546/1546 1410/1410/1410
f 2672/2672/2672 2675/2675/2675 2601/2601/2601
f 2601/2601/2601 2598/2598/2598 2672/2672/2672
f 2593/2593/2593 2598/2598/2598 2526/2526/2526
f 2526/2526/2526 2522/2522/2522 2593/2593/2593
f 1407/1407/1407 1414/1414/1414 1542/1542/1542
f 1414/1414/1414 1407/1407/1407 1281/1281/1281
f 2753/2753/2753 2757/2757/2757 2681/2681/2681
f 2758/2758/2758 2754/2754/2754 2682/2682/2682
f 2676/2676/2676 2682/2682/2682 2754/2754/2754
f 2681/2681/2681 2675/2675/2675 2751/2751/2751
f 2751/2751/2751 2753/2753/2753 2681/2681/2681
f 2594/2594/2594 2602/2602/2602 2667/2667/2667
f 2676/2676/2676 2667/2667/2667 2602/2602/2602
f 2667/2667/2667 2676/2676/2676 2754/2754/2754
f 2337/2337/2337 2333/2333/2333 2151/2151/2151
f 2333/2333/2333 2337/2337/2337 2453/2453/2453
f 1285/1285/1285 1278/1278/1278 1410/1410/1410
f 1278/1278/1278 1285/1285/1285 1104/1104/1104
f 2769/2769/2769 2768/2768/2768 2837/2837/2837
f 2837/2837/2837 2838/2838/2838 2769/2769/2769
f 2765/2765/2765 2769/2769/2769 2838/2838/2838
f 2838/2838/2838 2834/2834/2834 2765/2765/2765
f 2830/2830/2830 2837/2837/2837 2768/2768/2768
f 2768/2768/2768 2764/2764/2764 2830/2830/2830
f 2764/2764/2764 2757/2757/2757 2830/2830/2830
f 2761/2761/2761 2765/2765/2765 2834/2834/2834
f 2834/2834/2834 2831/2831/2831 2761/2761/2761
f 2758/2758/2758 2761/2761/2761 2831/2831/2831
f 2831/2831/2831 2829/2829/2829 2758/2758/2758
f 2754/2754/2754 2758/2758/2758 2829/2829/2829
f 2754/2754/2754 2745/2745/2745 2667/2667/2667
f 2675/2675/2675 2672/2672/2672 2748/2748/2748
f 2748/2748/2748 2751/2751/2751 2675/2675/2675
f 2666/2666/2666 2672/2672/2672 2598/2598/2598
f 2598/2598/2598 2593/2593/2593 2666/2666/2666
f 2827/2827/2827 2830/2830/2830 2757/2757/2757
f 2757/2757/2757 2753/2753/2753 2827/2827/2827
f 2448/2448/2448 2458/2458/2458 2336/2336/2336
f 2516/2516/2516 2522/2522/2522 2458/2458/2458
f 2458/2458/2458 2448/2448/2448 2516/2516/2516
f 2328/2328/2328 2336/2336/2336 2149/2149/2149
f 2336/2336/2336 2328/2328/2328 2448/2448/2448
f 2016/2016/2016 2020/2020/2020 1887/1887/1887
f 1664/1664/1664 1654/1654/1654 1778/1778/1778
f 1654/1654/1654 1664/1664/1664 1546/1546/1546
f 2523/2523/2523 2517/2517/2517 2453/2453/2453
f 2829/2829/2829 2824/2824/2824 2754/2754/2754
f 2823/2823/2823 2827/2827/2827 2753/2753/2753
f 2753/2753/2753 2751/2751/2751 2823/2823/2823
f 2751/2751/2751 2748/2748/2748 2823/2823/2823
f 2020/2020/2020 2016/2016/2016 2141/2141/2141
f 2141/2141/2141 2149/2149/2149 2020/2020/2020
f 2149/2149/2149 2141/2141/2141 2328/2328/2328
f 1416/1416/1416 1410/1410/1410 1546/1546/1546
f 1410/1410/1410 1416/1416/1416 1285/1285/1285
f 2587/2587/2587 2593/2593/2593 2522/2522/2522
f 2522/2522/2522 2516/2516/2516 2587/2587/2587
f 2838/2838/2838 2837/2837/2837 2926/2926/2926
f 2926/2926/2926 2928/2928/2928 2838/2838/2838
f 2834/2834/2834 2838/2838/2838 2928/2928/2928
f 2831/2831/2831 2834/2834/2834 2928/2928/2928
f 2837/2837/2837 2830/2830/2830 2918/2918/2918
f 2918/2918/2918 2926/2926/2926 2837/2837/2837
f 2928/2928/2928 2920/2920/2920 2831/2831/2831
f 2672/2672/2672 2666/2666/2666 2738/2738/2738
f 2738/2738/2738 2748/2748/2748 2672/2672/2672
f 2912/2912/2912 2918/2918/2918 2830/2830/2830
f 2829/2829/2829 2831/2831/2831 2920/2920/2920
f 2920/2920/2920 2914/2914/2914 2829/2829/2829
f 2824/2824/2824 2829/2829/2829 2914/2914/2914
f 2517/2517/2517 2523/2523/2523 2594/2594/2594
f 2594/2594/2594 2589/2589/2589 2517/2517/2517
f 2824/2824/2824 2820/2820/2820 2754/2754/2754
f 2745/2745/2745 2754/2754/2754 2820/2820/2820
f 2830/2830/2830 2827/2827/2827 2906/2906/2906
f 2906/2906/2906 2912/2912/2912 2830/2830/2830
f 2663/2663/2663 2666/2666/2666 2593/2593/2593
f 2593/2593/2593 2587/2587/2587 2663/2663/2663
f 2666/2666/2666 2663/2663/2663 2738/2738/2738
f 2816/2816/2816 2823/2823/2823 2748/2748/2748
f 2748/2748/2748 2738/2738/2738 2816/2816/2816
f 2914/2914/2914 2908/2908/2908 2824/2824/2824
f 2820/2820/2820 2824/2824/2824 2908/2908/2908
f 2143/2143/2143 2151/2151/2151 2333/2333/2333
f 2151/2151/2151 2143/2143/2143 2011/2011/2011
f 2011/2011/2011 2021/2021/2021 2151/2151/2151
f 2745/2745/2745 2743/2743/2743 2667/2667/2667
f 1108/1108/1108 1104/1104/1104 1285/1285/1285
f 1104/1104/1104 1108/1108/1108 994/994/994
f 1770/1770/1770 1778/1778/1778 1892/1892/1892
f 1892/1892/1892 1884/1884/1884 1770/1770/1770
f 1778/1778/1778 1770/1770/1770 1664/1664/1664
f 1884/1884/1884 1892/1892/1892 2021/2021/2021
f 2021/2021/2021 2011/2011/2011 1884/1884/1884
f 2902/2902/2902 2906/2906/2906 2827/2827/2827
f 2827/2827/2827 2823/2823/2823 2902/2902/2902
f 2820/2820/2820 2817/2817/2817 2745/2745/2745
f 2743/2743/2743 2745/2745/2745 2817/2817/2817
f 2817/2817/2817 2820/2820/2820 2908/2908/2908
f 2589/2589/2589 2594/2594/2594 2659/2659/2659
f 2667/2667/2667 2659/2659/2659 2594/2594/2594
f 2659/2659/2659 2667/2667/2667 2743/2743/2743
f 869/869/869 862/862/862 923/923/923
f 923/923/923 931/931/931 869/869/869
f 2900/2900/2900 2902/2902/2902 2823/2823/2823
f 1281/1281/1281 1291/1291/1291 1414/1414/1414
f 1291/1291/1291 1281/1281/1281 1103/1103/1103
f 1103/1103/1103 1114/1114/1114 1291/1291/1291
f 1114/1114/1114 1103/1103/1103 992/992/992
f 2333/2333/2333 2323/2323/2323 2143/2143/2143
f 2908/2908/2908 2896/2896/2896 2817/2817/2817
f 807/807/807 804/804/804 862/862/862
f 862/862/862 869/869/869 807/807/807
f 2743/2743/2743 2740/2740/2740 2659/2659/2659
f 2517/2517/2517 2511/2511/2511 2453/2453/2453
f 2511/2511/2511 2517/2517/2517 2589/2589/2589
f 2323/2323/2323 2333/2333/2333 2453/2453/2453
f 2453/2453/2453 2445/2445/2445 2323/2323/2323
f 2445/2445/2445 2453/2453/2453 2511/2511/2511
f 2823/2823/2823 2816/2816/2816 2894/2894/2894
f 2894/2894/2894 2900/2900/2900 2823/2823/2823
f 2810/2810/2810 2816/2816/2816 2738/2738/2738
f 2508/2508/2508 2516/2516/2516 2448/2448/2448
f 2516/2516/2516 2508/2508/2508 2587/2587/2587
f 668/668/668 661/661/661 734/734/734
f 2652/2652/2652 2663/2663/2663 2587/2587/2587
f 737/737/737 742/742/742 803/803/803
f 803/803/803 812/812/812 865/865/865
f 812/812/812 803/803/803 742/742/742
f 865/865/865 875/875/875 928/928/928
f 875/875/875 865/865/865 812/812/812
f 743/743/743 738/738/738 804/804/804
f 804/804/804 807/807/807 743/743/743
f 660/660/660 656/656/656 596/596/596
f 590/590/590 596/596/596 656/656/656
f 592/592/592 590/590/590 656/656/656
f 656/656/656 657/657/657 592/592/592
f 600/600/600 592/592/592 657/657/657
f 657/657/657 661/661/661 600/600/600
f 667/667/667 670/670/670 737/737/737
f 742/742/742 737/737/737 670/670/670
f 596/596/596 604/604/604 660/660/660
f 667/667/667 660/660/660 604/604/604
f 734/734/734 738/738/738 671/671/671
f 671/671/671 668/668/668 734/734/734
f 606/606/606 600/600/600 661/661/661
f 661/661/661 668/668/668 606/606/606
f 604/604/604 609/609/609 667/667/667
f 670/670/670 667/667/667 609/609/609
f 2663/2663/2663 2652/2652/2652 2730/2730/2730
f 2730/2730/2730 2738/2738/2738 2663/2663/2663
f 2888/2888/2888 2894/2894/2894 2816/2816/2816
f 738/738/738 743/743/743 673/673/673
f 673/673/673 671/671/671 738/738/738
f 612/612/612 606/606/606 668/668/668
f 668/668/668 671/671/671 612/612/612
f 814/814/814 807/807/807 869/869/869
f 2740/2740/2740 2743/2743/2743 2817/2817/2817
f 2817/2817/2817 2808/2808/2808 2740/2740/2740
f 670/670/670 679/679/679 742/742/742
f 752/752/752 743/743/743 807/807/807
f 807/807/807 814/814/814 752/752/752
f 2896/2896/2896 2890/2890/2890 2817/2817/2817
f 2808/2808/2808 2817/2817/2817 2890/2890/2890
f 2890/2890/2890 2883/2883/2883 2808/2808/2808
f 2816/2816/2816 2810/2810/2810 2880/2880/2880
f 2880/2880/2880 2888/2888/2888 2816/2816/2816
f 742/742/742 757/757/757 812/812/812
f 757/757/757 742/742/742 679/679/679
f 609/609/609 618/618/618 670/670/670
f 679/679/679 670/670/670 618/618/618
f 621/621/621 612/612/612 671/671/671
f 671/671/671 673/673/673 621/621/621
f 743/743/743 752/752/752 686/686/686
f 686/686/686 673/673/673 743/743/743
f 618/618/618 626/626/626 679/679/679
f 1711/1711/1711 1718/1718/1718 1720/1720/1720
f 1720/1720/1720 1713/1713/1713 1711/1711/1711
f 1695/1695/1695 1711/1711/1711 1713/1713/1713
f 1713/1713/1713 1697/1697/1697 1695/1695/1695
f 1616/1616/1616 1695/1695/1695 1697/1697/1697
f 1697/1697/1697 1618/1618/1618 1616/1616/1616
f 1736/1736/1736 1720/1720/1720 1718/1718/1718
f 1718/1718/1718 1734/1734/1734 1736/1736/1736
f 1822/1822/1822 1736/1736/1736 1734/1734/1734
f 1734/1734/1734 1820/1820/1820 1822/1822/1822
f 1838/1838/1838 1822/1822/1822 1820/1820/1820
f 1820/1820/1820 1836/1836/1836 1838/1838/1838
f 1854/1854/1854 1838/1838/1838 1836/1836/1836
f 1836/1836/1836 1852/1852/1852 1854/1854/1854
f 1600/1600/1600 1616/1616/1616 1618/1618/1618
f 1618/1618/1618 1602/1602/1602 1600/1600/1600
f 1584/1584/1584 1600/1600/1600 1602/1602/1602
f 1602/1602/1602 1586/1586/1586 1584/1584/1584
f 1501/1501/1501 1584/1584/1584 1586/1586/1586
f 1586/1586/1586 1503/1503/1503 1501/1501/1501
f 1934/1934/1934 1854/1854/1854 1852/1852/1852
f 1852/1852/1852 1932/1932/1932 1934/1934/1934
f 1950/1950/1950 1934/1934/1934 1932/1932/1932
f 1932/1932/1932 1948/1948/1948 1950/1950/1950
f 1485/1485/1485 1501/1501/1501 1503/1503/1503
f 1503/1503/1503 1487/1487/1487 1485/1485/1485
f 1469/1469/1469 1485/1485/1485 1487/1487/1487
f 1487/1487/1487 1471/1471/1471 1469/1469/1469
f 1966/1966/1966 1950/1950/1950 1948/1948/1948
f 1948/1948/1948 1964/1964/1964 1966/1966/1966
f 1981/1981/1981 1966/1966/1966 1964/1964/1964
f 1964/1964/1964 1979/1979/1979 1981/1981/1981
f 1453/1453/1453 1469/1469/1469 1471/1471/1471
f 1471/1471/1471 1455/1455/1455 1453/1453/1453
f 1377/1377/1377 1453/1453/1453 1455/1455/1455
f 1455/1455/1455 1379/1379/1379 1377/1377/1377
f 2059/2059/2059 1981/1981/1981 1979/1979/1979
f 1979/1979/1979 2057/2057/2057 2059/2059/2059
f 2075/2075/2075 2059/2059/2059 2057/2057/2057
f 2057/2057/2057 2073/2073/2073 2075/2075/2075
f 1361/1361/1361 1377/1377/1377 1379/1379/1379
f 1379/1379/1379 1363/1363/1363 1361/1361/1361
f 1343/1343/1343 1361/1361/1361 1363/1363/1363
f 1363/1363/1363 1346/1346/1346 1343/1343/1343
f 2094/2094/2094 2075/2075/2075 2073/2073/2073
f 2073/2073/2073 2091/2091/2091 2094/2094/2094
f 1714/1714/1714 1707/1707/1707 1709/1709/1709
f 1709/1709/1709 1716/1716/1716 1714/1714/1714
f 1730/1730/1730 1714/1714/1714 1716/1716/1716
f 1716/1716/1716 1732/1732/1732 1730/1730/1730
f 1816/1816/1816 1730/1730/1730 1732/1732/1732
f 1732/1732/1732 1818/1818/1818 1816/1816/1816
f 1693/1693/1693 1709/1709/1709 1707/1707/1707
f 1707/1707/1707 1691/1691/1691 1693/1693/1693
f 1614/1614/1614 1693/1693/1693 1691/1691/1691
f 1691/1691/1691 1612/1612/1612 1614/1614/1614
f 1598/1598/1598 1614/1614/1614 1612/1612/1612
f 1612/1612/1612 1596/1596/1596 1598/1598/1598
f 1582/1582/1582 1598/1598/1598 1596/1596/1596
f 1596/1596/1596 1580/1580/1580 1582/1582/1582
f 1832/1832/1832 1816/1816/1816 1818/1818/1818
f 1818/1818/1818 1834/1834/1834 1832/1832/1832
f 1848/1848/1848 1832/1832/1832 1834/1834/1834
f 1834/1834/1834 1850/1850/1850 1848/1848/1848
f 1928/1928/1928 1848/1848/1848 1850/1850/1850
f 1850/1850/1850 1930/1930/1930 1928/1928/1928
f 1499/1499/1499 1582/1582/1582 1580/1580/1580
f 1580/1580/1580 1497/1497/1497 1499/1499/1499
f 1483/1483/1483 1499/1499/1499 1497/1497/1497
f 1497/1497/1497 1481/1481/1481 1483/1483/1483
f 1944/1944/1944 1928/1928/1928 1930/1930/1930
f 1930/1930/1930 1946/1946/1946 1944/1944/1944
f 1960/1960/1960 1944/1944/1944 1946/1946/1946
f 1946/1946/1946 1962/1962/1962 1960/1960/1960
f 1467/1467/1467 1483/1483/1483 1481/1481/1481
f 1481/1481/1481 1465/1465/1465 1467/1467/1467
f 1451/1451/1451 1467/1467/1467 1465/1465/1465
f 1465/1465/1465 1449/1449/1449 1451/1451/1451
f 1975/1975/1975 1960/1960/1960 1962/1962/1962
f 1962/1962/1962 1977/1977/1977 1975/1975/1975
f 2053/2053/2053 1975/1975/1975 1977/1977/1977
f 1977/1977/1977 2055/2055/2055 2053/2053/2053
f 1375/1375/1375 1451/1451/1451 1449/1449/1449
f 1449/1449/1449 1373/1373/1373 1375/1375/1375
f 1359/1359/1359 1375/1375/1375 1373/1373/1373
f 1373/1373/1373 1357/1357/1357 1359/1359/1359
f 2069/2069/2069 2053/2053/2053 2055/2055/2055
f 2055/2055/2055 2071/2071/2071 2069/2069/2069
f 2085/2085/2085 2069/2069/2069 2071/2071/2071
f 2071/2071/2071 2088/2088/2088 2085/2085/2085
f 1340/1340/1340 1359/1359/1359 1357/1357/1357
f 1357/1357/1357 1337/1337/1337 1340/1340/1340
f 2288/2288/2288 2295/2295/2295 2297/2297/2297
f 2297/2297/2297 2286/2286/2286 2288/2288/2288
f 2290/2290/2290 2297/2297/2297 2295/2295/2295
f 2295/2295/2295 2292/2292/2292 2290/2290/2290
f 2276/2276/2276 2290/2290/2290 2292/2292/2292
f 2292/2292/2292 2278/2278/2278 2276/2276/2276
f 2274/2274/2274 2288/2288/2288 2286/2286/2286
f 2286/2286/2286 2272/2272/2272 2274/2274/2274
f 2260/2260/2260 2274/2274/2274 2272/2272/2272
f 2272/2272/2272 2258/2258/2258 2260/2260/2260
f 2262/2262/2262 2276/2276/2276 2278/2278/2278
f 2278/2278/2278 2264/2264/2264 2262/2262/2262
f 2254/2254/2254 2262/2262/2262 2264/2264/2264
f 2264/2264/2264 2256/2256/2256 2254/2254/2254
f 2252/2252/2252 2260/2260/2260 2258/2258/2258
f 2258/2258/2258 2250/2250/2250 2252/2252/2252
f 2236/2236/2236 2252/2252/2252 2250/2250/2250
f 2250/2250/2250 2234/2234/2234 2236/2236/2236
f 2238/2238/2238 2254/2254/2254 2256/2256/2256
f 2256/2256/2256 2240/2240/2240 2238/2238/2238
f 2222/2222/2222 2238/2238/2238 2240/2240/2240
f 2240/2240/2240 2224/2224/2224 2222/2222/2222
f 2220/2220/2220 2236/2236/2236 2234/2234/2234
f 2234/2234/2234 2218/2218/2218 2220/2220/2220
f 2212/2212/2212 2220/2220/2220 2218/2218/2218
f 2218/2218/2218 2210/2210/2210 2212/2212/2212
f 2214/2214/2214 2222/2222/2222 2224/2224/2224
f 2224/2224/2224 2216/2216/2216 2214/2214/2214
f 2198/2198/2198 2214/2214/2214 2216/2216/2216
f 2216/2216/2216 2200/2200/2200 2198/2198/2198
f 2196/2196/2196 2212/2212/2212 2210/2210/2210
f 2210/2210/2210 2194/2194/2194 2196/2196/2196
f 2180/2180/2180 2196/2196/2196 2194/2194/2194
f 2194/2194/2194 2178/2178/2178 2180/2180/2180
f 2182/2182/2182 2198/2198/2198 2200/2200/2200
f 2200/2200/2200 2184/2184/2184 2182/2182/2182
f 2109/2109/2109 2182/2182/2182 2184/2184/2184
f 2184/2184/2184 2111/2111/2111 2109/2109/2109
f 2107/2107/2107 2180/2180/2180 2178/2178/2178
f 2178/2178/2178 2105/2105/2105 2107/2107/2107
f 2089/2089/2089 2107/2107/2107 2105/2105/2105
f 2105/2105/2105 2086/2086/2086 2089/2089/2089
f 2092/2092/2092 2109/2109/2109 2111/2111/2111
f 2111/2111/2111 2095/2095/2095 2092/2092/2092
f 1150/1150/1150 1136/1136/1136 1138/1138/1138
f 1138/1138/1138 1148/1148/1148 1150/1150/1150
f 1144/1144/1144 1138/1138/1138 1136/1136/1136
f 1136/1136/1136 1146/1146/1146 1144/1144/1144
f 1156/1156/1156 1144/1144/1144 1146/1146/1146
f 1146/1146/1146 1158/1158/1158 1156/1156/1156
f 1162/1162/1162 1150/1150/1150 1148/1148/1148
f 1148/1148/1148 1160/1160/1160 1162/1162/1162
f 1176/1176/1176 1162/1162/1162 1160/1160/1160
f 1160/1160/1160 1174/1174/1174 1176/1176/1176
f 1170/1170/1170 1156/1156/1156 1158/1158/1158
f 1158/1158/1158 1172/1172/1172 1170/1170/1170
f 1178/1178/1178 1170/1170/1170 1172/1172/1172
f 1172/1172/1172 1180/1180/1180 1178/1178/1178
f 1184/1184/1184 1176/1176/1176 1174/1174/1174
f 1174/1174/1174 1182/1182/1182 1184/1184/1184
f 1200/1200/1200 1184/1184/1184 1182/1182/1182
f 1182/1182/1182 1198/1198/1198 1200/1200/1200
f 1194/1194/1194 1178/1178/1178 1180/1180/1180
f 1180/1180/1180 1196/1196/1196 1194/1194/1194
f 1210/1210/1210 1194/1194/1194 1196/1196/1196
f 1196/1196/1196 1212/1212/1212 1210/1210/1210
f 1216/1216/1216 1200/1200/1200 1198/1198/1198
f 1198/1198/1198 1214/1214/1214 1216/1216/1216
f 1224/1224/1224 1216/1216/1216 1214/1214/1214
f 1214/1214/1214 1222/1222/1222 1224/1224/1224
f 1218/1218/1218 1210/1210/1210 1212/1212/1212
f 1212/1212/1212 1220/1220/1220 1218/1218/1218
f 1234/1234/1234 1218/1218/1218 1220/1220/1220
f 1220/1220/1220 1236/1236/1236 1234/1234/1234
f 1240/1240/1240 1224/1224/1224 1222/1222/1222
f 1222/1222/1222 1238/1238/1238 1240/1240/1240
f 1256/1256/1256 1240/1240/1240 1238/1238/1238
f 1238/1238/1238 1254/1254/1254 1256/1256/1256
f 1250/1250/1250 1234/1234/1234 1236/1236/1236
f 1236/1236/1236 1252/1252/1252 1250/1250/1250
f 1321/1321/1321 1250/1250/1250 1252/1252/1252
f 1252/1252/1252 1323/1323/1323 1321/1321/1321
f 1327/1327/1327 1256/1256/1256 1254/1254/1254
f 1254/1254/1254 1325/1325/1325 1327/1327/1327
f 1347/1347/1347 1327/1327/1327 1325/1325/1325
f 1325/1325/1325 1344/1344/1344 1347/1347/1347
f 1338/1338/1338 1321/1321/1321 1323/1323/1323
f 1323/1323/1323 1341/1341/1341 1338/1338/1338
f 1175/1175/1175 1183/1183/1183 1060/1060/1060
f 1060/1060/1060 1052/1052/1052 1175/1175/1175
f 1161/1161/1161 1175/1175/1175 1052/1052/1052
f 1052/1052/1052 1044/1044/1044 1161/1161/1161
f 1068/1068/1068 1060/1060/1060 1183/1183/1183
f 1183/1183/1183 1199/1199/1199 1068/1068/1068
f 1076/1076/1076 1068/1068/1068 1199/1199/1199
f 1199/1199/1199 1215/1215/1215 1076/1076/1076
f 1134/1134/1134 1076/1076/1076 1215/1215/1215
f 1215/1215/1215 1223/1223/1223 1134/1134/1134
f 1192/1192/1192 1134/1134/1134 1223/1223/1223
f 1223/1223/1223 1239/1239/1239 1192/1192/1192
f 1208/1208/1208 1192/1192/1192 1239/1239/1239
f 1239/1239/1239 1255/1255/1255 1208/1208/1208
f 1232/1232/1232 1208/1208/1208 1255/1255/1255
f 1255/1255/1255 1326/1326/1326 1232/1232/1232
f 1248/1248/1248 1232/1232/1232 1326/1326/1326
f 1326/1326/1326 1345/1345/1345 1248/1248/1248
f 1335/1335/1335 1248/1248/1248 1345/1345/1345
f 1345/1345/1345 1362/1362/1362 1335/1335/1335
f 1355/1355/1355 1335/1335/1335 1362/1362/1362
f 1362/1362/1362 1378/1378/1378 1355/1355/1355
f 1371/1371/1371 1355/1355/1355 1378/1378/1378
f 1378/1378/1378 1454/1454/1454 1371/1371/1371
f 1437/1437/1437 1371/1371/1371 1454/1454/1454
f 1454/1454/1454 1470/1470/1470 1437/1437/1437
f 1479/1479/1479 1437/1437/1437 1470/1470/1470
f 1470/1470/1470 1486/1486/1486 1479/1479/1479
f 1495/1495/1495 1479/1479/1479 1486/1486/1486
f 1486/1486/1486 1502/1502/1502 1495/1495/1495
f 1511/1511/1511 1495/1495/1495 1502/1502/1502
f 1502/1502/1502 1585/1585/1585 1511/1511/1511
f 1594/1594/1594 1511/1511/1511 1585/1585/1585
f 1585/1585/1585 1601/1601/1601 1594/1594/1594
f 1610/1610/1610 1594/1594/1594 1601/1601/1601
f 1601/1601/1601 1617/1617/1617 1610/1610/1610
f 1626/1626/1626 1610/1610/1610 1617/1617/1617
f 1617/1617/1617 1696/1696/1696 1626/1626/1626
f 1705/1705/1705 1626/1626/1626 1696/1696/1696
f 1696/1696/1696 1712/1712/1712 1705/1705/1705
f 1728/1728/1728 1705/1705/1705 1712/1712/1712
f 1712/1712/1712 1721/1721/1721 1728/1728/1728
f 1814/1814/1814 1728/1728/1728 1721/1721/1721
f 1721/1721/1721 1737/1737/1737 1814/1814/1814
f 1830/1830/1830 1814/1814/1814 1737/1737/1737
f 1737/1737/1737 1823/1823/1823 1830/1830/1830
f 1846/1846/1846 1830/1830/1830 1823/1823/1823
f 1823/1823/1823 1839/1839/1839 1846/1846/1846
f 1926/1926/1926 1846/1846/1846 1839/1839/1839
f 1839/1839/1839 1855/1855/1855 1926/1926/1926
f 1942/1942/1942 1926/1926/1926 1855/1855/1855
f 1855/1855/1855 1935/1935/1935 1942/1942/1942
f 1958/1958/1958 1942/1942/1942 1935/1935/1935
f 1935/1935/1935 1951/1951/1951 1958/1958/1958
f 2000/2000/2000 1958/1958/1958 1951/1951/1951
f 1951/1951/1951 1967/1967/1967 2000/2000/2000
f 2067/2067/2067 2000/2000/2000 1967/1967/1967
f 1967/1967/1967 1982/1982/1982 2067/2067/2067
f 2083/2083/2083 2067/2067/2067 1982/1982/1982
f 1982/1982/1982 2060/2060/2060 2083/2083/2083
f 2103/2103/2103 2083/2083/2083 2060/2060/2060
f 2060/2060/2060 2076/2076/2076 2103/2103/2103
f 2192/2192/2192 2103/2103/2103 2076/2076/2076
f 2076/2076/2076 2096/2096/2096 2192/2192/2192
f 2208/2208/2208 2192/2192/2192 2096/2096/2096
f 2096/2096/2096 2112/2112/2112 2208/2208/2208
f 2232/2232/2232 2208/2208/2208 2112/2112/2112
f 2112/2112/2112 2185/2185/2185 2232/2232/2232
f 2248/2248/2248 2232/2232/2232 2185/2185/2185
f 2185/2185/2185 2201/2201/2201 2248/2248/2248
f 2305/2305/2305 2248/2248/2248 2201/2201/2201
f 2201/2201/2201 2217/2217/2217 2305/2305/2305
f 2371/2371/2371 2305/2305/2305 2217/2217/2217
f 2217/2217/2217 2225/2225/2225 2371/2371/2371
f 2379/2379/2379 2371/2371/2371 2225/2225/2225
f 2225/2225/2225 2241/2241/2241 2379/2379/2379
f 2387/2387/2387 2379/2379/2379 2241/2241/2241
f 2241/2241/2241 2257/2257/2257 2387/2387/2387
f 2395/2395/2395 2387/2387/2387 2257/2257/2257
f 2257/2257/2257 2265/2265/2265 2395/2395/2395
f 2403/2403/2403 2395/2395/2395 2265/2265/2265
f 2265/2265/2265 2279/2279/2279 2403/2403/2403
f 2411/2411/2411 2403/2403/2403 2279/2279/2279
f 2279/2279/2279 2293/2293/2293 2411/2411/2411
f 2413/2413/2413 2411/2411/2411 2293/2293/2293
f 2293/2293/2293 2296/2296/2296 2413/2413/2413
f 2407/2407/2407 2413/2413/2413 2296/2296/2296
f 2296/2296/2296 2289/2289/2289 2407/2407/2407
f 2399/2399/2399 2407/2407/2407 2289/2289/2289
f 2289/2289/2289 2275/2275/2275 2399/2399/2399
f 2391/2391/2391 2399/2399/2399 2275/2275/2275
f 2275/2275/2275 2261/2261/2261 2391/2391/2391
f 2383/2383/2383 2391/2391/2391 2261/2261/2261
f 2261/2261/2261 2253/2253/2253 2383/2383/2383
f 2375/2375/2375 2383/2383/2383 2253/2253/2253
f 2253/2253/2253 2237/2237/2237 2375/2375/2375
f 2367/2367/2367 2375/2375/2375 2237/2237/2237
f 2237/2237/2237 2221/2221/2221 2367/2367/2367
f 2301/2301/2301 2367/2367/2367 2221/2221/2221
f 2221/2221/2221 2213/2213/2213 2301/2301/2301
f 2244/2244/2244 2301/2301/2301 2213/2213/2213
f 2213/2213/2213 2197/2197/2197 2244/2244/2244
f 2228/2228/2228 2244/2244/2244 2197/2197/2197
f 2197/2197/2197 2181/2181/2181 2228/2228/2228
f 2204/2204/2204 2228/2228/2228 2181/2181/2181
f 2181/2181/2181 2108/2108/2108 2204/2204/2204
f 2188/2188/2188 2204/2204/2204 2108/2108/2108
f 2108/2108/2108 2090/2090/2090 2188/2188/2188
f 2099/2099/2099 2188/2188/2188 2090/2090/2090
f 2090/2090/2090 2072/2072/2072 2099/2099/2099
f 2079/2079/2079 2099/2099/2099 2072/2072/2072
f 2072/2072/2072 2056/2056/2056 2079/2079/2079
f 2063/2063/2063 2079/2079/2079 2056/2056/2056
f 2056/2056/2056 1978/1978/1978 2063/2063/2063
f 1996/1996/1996 2063/2063/2063 1978/1978/1978
f 1978/1978/1978 1963/1963/1963 1996/1996/1996
f 1954/1954/1954 1996/1996/1996 1963/1963/1963
f 1963/1963/1963 1947/1947/1947 1954/1954/1954
f 1938/1938/1938 1954/1954/1954 1947/1947/1947
f 1947/1947/1947 1931/1931/1931 1938/1938/1938
f 1922/1922/1922 1938/1938/1938 1931/1931/1931
f 1931/1931/1931 1851/1851/1851 1922/1922/1922
f 1842/1842/1842 1922/1922/1922 1851/1851/1851
f 1851/1851/1851 1835/1835/1835 1842/1842/1842
f 1826/1826/1826 1842/1842/1842 1835/1835/1835
f 1835/1835/1835 1819/1819/1819 1826/1826/1826
f 1810/1810/1810 1826/1826/1826 1819/1819/1819
f 1819/1819/1819 1733/1733/1733 1810/1810/1810
f 1724/1724/1724 1810/1810/1810 1733/1733/1733
f 1733/1733/1733 1717/1717/1717 1724/1724/1724
f 1701/1701/1701 1724/1724/1724 1717/1717/1717
f 1717/1717/1717 1708/1708/1708 1701/1701/1701
f 1622/1622/1622 1701/1701/1701 1708/1708/1708
f 1708/1708/1708 1692/1692/1692 1622/1622/1622
f 1606/1606/1606 1622/1622/1622 1692/1692/1692
f 1692/1692/1692 1613/1613/1613 1606/1606/1606
f 1590/1590/1590 1606/1606/1606 1613/1613/1613
f 1613/1613/1613 1597/1597/1597 1590/1590/1590
f 1507/1507/1507 1590/1590/1590 1597/1597/1597
f 1597/1597/1597 1581/1581/1581 1507/1507/1507
f 1491/1491/1491 1507/1507/1507 1581/1581/1581
f 1581/1581/1581 1498/1498/1498 1491/1491/1491
f 1475/1475/1475 1491/1491/1491 1498/1498/1498
f 1498/1498/1498 1482/1482/1482 1475/1475/1475
f 1433/1433/1433 1475/1475/1475 1482/1482/1482
f 1482/1482/1482 1466/1466/1466 1433/1433/1433
f 1367/1367/1367 1433/1433/1433 1466/1466/1466
f 1466/1466/1466 1450/1450/1450 1367/1367/1367
f 1351/1351/1351 1367/1367/1367 1450/1450/1450
f 1450/1450/1450 1374/1374/1374 1351/1351/1351
f 1331/1331/1331 1351/1351/1351 1374/1374/1374
f 1374/1374/1374 1358/1358/1358 1331/1331/1331
f 1244/1244/1244 1331/1331/1331 1358/1358/1358
f 1358/1358/1358 1339/1339/1339 1244/1244/1244
f 1228/1228/1228 1244/1244/1244 1339/1339/1339
f 1339/1339/1339 1322/1322/1322 1228/1228/1228
f 1204/1204/1204 1228/1228/1228 1322/1322/1322
f 1322/1322/1322 1251/1251/1251 1204/1204/1204
f 1188/1188/1188 1204/1204/1204 1251/1251/1251
f 1251/1251/1251 1235/1235/1235 1188/1188/1188
f 1130/1130/1130 1188/1188/1188 1235/1235/1235
f 1235/1235/1235 1219/1219/1219 1130/1130/1130
f 1072/1072/1072 1130/1130/1130 1219/1219/1219
f 1219/1219/1219 1211/1211/1211 1072/1072/1072
f 1064/1064/1064 1072/1072/1072 1211/1211/1211
f 1211/1211/1211 1195/1195/1195 1064/1064/1064
f 1056/1056/1056 1064/1064/1064 1195/1195/1195
f 1195/1195/1195 1179/1179/1179 1056/1056/1056
f 1048/1048/1048 1056/1056/1056 1179/1179/1179
f 1179/1179/1179 1171/1171/1171 1048/1048/1048
f 1040/1040/1040 1048/1048/1048 1171/1171/1171
f 1171/1171/1171 1157/1157/1157 1040/1040/1040
f 1032/1032/1032 1040/1040/1040 1157/1157/1157
f 1157/1157/1157 1145/1145/1145 1032/1032/1032
f 1026/1026/1026 1032/1032/1032 1145/1145/1145
f 1145/1145/1145 1135/1135/1135 1026/1026/1026
f 1036/1036/1036 1026/1026/1026 1135/1135/1135
f 1135/1135/1135 1149/1149/1149 1036/1036/1036
f 1149/1149/1149 1161/1161/1161 1044/1044/1044
f 1044/1044/1044 1036/1036/1036 1149/1149/1149
f 2263/2263/2263 2255/2255/2255 2385/2385/2385
f 2385/2385/2385 2393/2393/2393 2263/2263/2263
f 2277/2277/2277 2263/2263/2263 2393/2393/2393
f 2393/2393/2393 2401/2401/2401 2277/2277/2277
f 2377/2377/2377 2385/2385/2385 2255/2255/2255
f 2255/2255/2255 2239/2239/2239 2377/2377/2377
f 2369/2369/2369 2377/2377/2377 2239/2239/2239
f 2239/2239/2239 2223/2223/2223 2369/2369/2369
f 2303/2303/2303 2369/2369/2369 2223/2223/2223
f 2223/2223/2223 2215/2215/2215 2303/2303/2303
f 2246/2246/2246 2303/2303/2303 2215/2215/2215
f 2215/2215/2215 2199/2199/2199 2246/2246/2246
f 2230/2230/2230 2246/2246/2246 2199/2199/2199
f 2199/2199/2199 2183/2183/2183 2230/2230/2230
f 2206/2206/2206 2230/2230/2230 2183/2183/2183
f 2183/2183/2183 2110/2110/2110 2206/2206/2206
f 2190/2190/2190 2206/2206/2206 2110/2110/2110
f 2110/2110/2110 2093/2093/2093 2190/2190/2190
f 2101/2101/2101 2190/2190/2190 2093/2093/2093
f 2093/2093/2093 2074/2074/2074 2101/2101/2101
f 2081/2081/2081 2101/2101/2101 2074/2074/2074
f 2074/2074/2074 2058/2058/2058 2081/2081/2081
f 2065/2065/2065 2081/2081/2081 2058/2058/2058
f 2058/2058/2058 1980/1980/1980 2065/2065/2065
f 1998/1998/1998 2065/2065/2065 1980/1980/1980
f 1980/1980/1980 1965/1965/1965 1998/1998/1998
f 1956/1956/1956 1998/1998/1998 1965/1965/1965
f 1965/1965/1965 1949/1949/1949 1956/1956/1956
f 1940/1940/1940 1956/1956/1956 1949/1949/1949
f 1949/1949/1949 1933/1933/1933 1940/1940/1940
f 1924/1924/1924 1940/1940/1940 1933/1933/1933
f 1933/1933/1933 1853/1853/1853 1924/1924/1924
f 1844/1844/1844 1924/1924/1924 1853/1853/1853
f 1853/1853/1853 1837/1837/1837 1844/1844/1844
f 1828/1828/1828 1844/1844/1844 1837/1837/1837
f 1837/1837/1837 1821/1821/1821 1828/1828/1828
f 1812/1812/1812 1828/1828/1828 1821/1821/1821
f 1821/1821/1821 1735/1735/1735 1812/1812/1812
f 1726/1726/1726 1812/1812/1812 1735/1735/1735
f 1735/1735/1735 1719/1719/1719 1726/1726/1726
f 1703/1703/1703 1726/1726/1726 1719/1719/1719
f 1719/1719/1719 1710/1710/1710 1703/1703/1703
f 1624/1624/1624 1703/1703/1703 1710/1710/1710
f 1710/1710/1710 1694/1694/1694 1624/1624/1624
f 1608/1608/1608 1624/1624/1624 1694/1694/1694
f 1694/1694/1694 1615/1615/1615 1608/1608/1608
f 1592/1592/1592 1608/1608/1608 1615/1615/1615
f 1615/1615/1615 1599/1599/1599 1592/1592/1592
f 1509/1509/1509 1592/1592/1592 1599/1599/1599
f 1599/1599/1599 1583/1583/1583 1509/1509/1509
f 1493/1493/1493 1509/1509/1509 1583/1583/1583
f 1583/1583/1583 1500/1500/1500 1493/1493/1493
f 1477/1477/1477 1493/1493/1493 1500/1500/1500
f 1500/1500/1500 1484/1484/1484 1477/1477/1477
f 1435/1435/1435 1477/1477/1477 1484/1484/1484
f 1484/1484/1484 1468/1468/1468 1435/1435/1435
f 1369/1369/1369 1435/1435/1435 1468/1468/1468
f 1468/1468/1468 1452/1452/1452 1369/1369/1369
f 1353/1353/1353 1369/1369/1369 1452/1452/1452
f 1452/1452/1452 1376/1376/1376 1353/1353/1353
f 1333/1333/1333 1353/1353/1353 1376/1376/1376
f 1376/1376/1376 1360/1360/1360 1333/1333/1333
f 1246/1246/1246 1333/1333/1333 1360/1360/1360
f 1360/1360/1360 1342/1342/1342 1246/1246/1246
f 1230/1230/1230 1246/1246/1246 1342/1342/1342
f 1342/1342/1342 1324/1324/1324 1230/1230/1230
f 1206/1206/1206 1230/1230/1230 1324/1324/1324
f 1324/1324/1324 1253/1253/1253 1206/1206/1206
f 1190/1190/1190 1206/1206/1206 1253/1253/1253
f 1253/1253/1253 1237/1237/1237 1190/1190/1190
f 1132/1132/1132 1190/1190/1190 1237/1237/1237
f 1237/1237/1237 1221/1221/1221 1132/1132/1132
f 1074/1074/1074 1132/1132/1132 1221/1221/1221
f 1221/1221/1221 1213/1213/1213 1074/1074/1074
f 1066/1066/1066 1074/1074/1074 1213/1213/1213
f 1213/1213/1213 1197/1197/1197 1066/1066/1066
f 1058/1058/1058 1066/1066/1066 1197/1197/1197
f 1197/1197/1197 1181/1181/1181 1058/1058/1058
f 1050/1050/1050 1058/1058/1058 1181/1181/1181
f 1181/1181/1181 1173/1173/1173 1050/1050/1050
f 1042/1042/1042 1050/1050/1050 1173/1173/1173
f 1173/1173/1173 1159/1159/1159 1042/1042/1042
f 1034/1034/1034 1042/1042/1042 1159/1159/1159
f 1159/1159/1159 1147/1147/1147 1034/1034/1034
f 1028/1028/1028 1034/1034/1034 1147/1147/1147
f 1147/1147/1147 1137/1137/1137 1028/1028/1028
f 1030/1030/1030 1028/1028/1028 1137/1137/1137
f 1137/1137/1137 1143/1143/1143 1030/1030/1030
f 1038/1038/1038 1030/1030/1030 1143/1143/1143
f 1143/1143/1143 1155/1155/1155 1038/1038/1038
f 1046/1046/1046 1038/1038/1038 1155/1155/1155
f 1155/1155/1155 1169/1169/1169 1046/1046/1046
f 1054/1054/1054 1046/1046/1046 1169/1169/1169
f 1169/1169/1169 1177/1177/1177 1054/1054/1054
f 1062/1062/1062 1054/1054/1054 1177/1177/1177
f 1177/1177/1177 1193/1193/1193 1062/1062/1062
f 1070/1070/1070 1062/1062/1062 1193/1193/1193
f 1193/1193/1193 1209/1209/1209 1070/1070/1070
f 1128/1128/1128 1070/1070/1070 1209/1209/1209
f 1209/1209/1209 1217/1217/1217 1128/1128/1128
f 1186/1186/1186 1128/1128/1128 1217/1217/1217
f 1217/1217/1217 1233/1233/1233 1186/1186/1186
f 1202/1202/1202 1186/1186/1186 1233/1233/1233
f 1233/1233/1233 1249/1249/1249 1202/1202/1202
f 1226/1226/1226 1202/1202/1202 1249/1249/1249
f 1249/1249/1249 1320/1320/1320 1226/1226/1226
f 1242/1242/1242 1226/1226/1226 1320/1320/1320
f 1320/1320/1320 1336/1336/1336 1242/1242/1242
f 1329/1329/1329 1242/1242/1242 1336/1336/1336
f 1336/1336/1336 1356/1356/1356 1329/1329/1329
f 1349/1349/1349 1329/1329/1329 1356/1356/1356
f 1356/1356/1356 1372/1372/1372 1349/1349/1349
f 1365/1365/1365 1349/1349/1349 1372/1372/1372
f 1372/1372/1372 1448/1448/1448 1365/1365/1365
f 1431/1431/1431 1365/1365/1365 1448/1448/1448
f 1448/1448/1448 1464/1464/1464 1431/1431/1431
f 1473/1473/1473 1431/1431/1431 1464/1464/1464
f 1464/1464/1464 1480/1480/1480 1473/1473/1473
f 1489/1489/1489 1473/1473/1473 1480/1480/1480
f 1480/1480/1480 1496/1496/1496 1489/1489/1489
f 1505/1505/1505 1489/1489/1489 1496/1496/1496
f 1496/1496/1496 1579/1579/1579 1505/1505/1505
f 1588/1588/1588 1505/1505/1505 1579/1579/1579
f 1579/1579/1579 1595/1595/1595 1588/1588/1588
f 1604/1604/1604 1588/1588/1588 1595/1595/1595
f 1595/1595/1595 1611/1611/1611 1604/1604/1604
f 1620/1620/1620 1604/1604/1604 1611/1611/1611
f 1611/1611/1611 1690/1690/1690 1620/1620/1620
f 1699/1699/1699 1620/1620/1620 1690/1690/1690
f 1690/1690/1690 1706/1706/1706 1699/1699/1699
f 1722/1722/1722 1699/1699/1699 1706/1706/1706
f 1706/1706/1706 1715/1715/1715 1722/1722/1722
f 1808/1808/1808 1722/1722/1722 1715/1715/1715
f 1715/1715/1715 1731/1731/1731 1808/1808/1808
f 1824/1824/1824 1808/1808/1808 1731/1731/1731
f 1731/1731/1731 1817/1817/1817 1824/1824/1824
f 1840/1840/1840 1824/1824/1824 1817/1817/1817
f 1817/1817/1817 1833/1833/1833 1840/1840/1840
f 1920/1920/1920 1840/1840/1840 1833/1833/1833
f 1833/1833/1833 1849/1849/1849 1920/1920/1920
f 1936/1936/1936 1920/1920/1920 1849/1849/1849
f 1849/1849/1849 1929/1929/1929 1936/1936/1936
f 1952/1952/1952 1936/1936/1936 1929/1929/1929
f 1929/1929/1929 1945/1945/1945 1952/1952/1952
f 1994/1994/1994 1952/1952/1952 1945/1945/1945
f 1945/1945/1945 1961/1961/1961 1994/1994/1994
f 2061/2061/2061 1994/1994/1994 1961/1961/1961
f 1961/1961/1961 1976/1976/1976 2061/2061/2061
f 2077/2077/2077 2061/2061/2061 1976/1976/1976
f 1976/1976/1976 2054/2054/2054 2077/2077/2077
f 2097/2097/2097 2077/2077/2077 2054/2054/2054
f 2054/2054/2054 2070/2070/2070 2097/2097/2097
f 2186/2186/2186 2097/2097/2097 2070/2070/2070
f 2070/2070/2070 2087/2087/2087 2186/2186/2186
f 2202/2202/2202 2186/2186/2186 2087/2087/2087
f 2087/2087/2087 2106/2106/2106 2202/2202/2202
f 2226/2226/2226 2202/2202/2202 2106/2106/2106
f 2106/2106/2106 2179/2179/2179 2226/2226/2226
f 2242/2242/2242 2226/2226/2226 2179/2179/2179
f 2179/2179/2179 2195/2195/2195 2242/2242/2242
f 2299/2299/2299 2242/2242/2242 2195/2195/2195
f 2195/2195/2195 2211/2211/2211 2299/2299/2299
f 2365/2365/2365 2299/2299/2299 2211/2211/2211
f 2211/2211/2211 2219/2219/2219 2365/2365/2365
f 2373/2373/2373 2365/2365/2365 2219/2219/2219
f 2219/2219/2219 2235/2235/2235 2373/2373/2373
f 2381/2381/2381 2373/2373/2373 2235/2235/2235
f 2235/2235/2235 2251/2251/2251 2381/2381/2381
f 2389/2389/2389 2381/2381/2381 2251/2251/2251
f 2251/2251/2251 2259/2259/2259 2389/2389/2389
f 2397/2397/2397 2389/2389/2389 2259/2259/2259
f 2259/2259/2259 2273/2273/2273 2397/2397/2397
f 2405/2405/2405 2397/2397/2397 2273/2273/2273
f 2273/2273/2273 2287/2287/2287 2405/2405/2405
f 2415/2415/2415 2405/2405/2405 2287/2287/2287
f 2287/2287/2287 2298/2298/2298 2415/2415/2415
f 2409/2409/2409 2415/2415/2415 2298/2298/2298
f 2298/2298/2298 2291/2291/2291 2409/2409/2409
f 2291/2291/2291 2277/2277/2277 2401/2401/2401
f 2401/2401/2401 2409/2409/2409 2291/2291/2291
f 556/556/556 546/546/546 623/623/623
f 614/614/614 623/623/623 546/546/546
f 546/546/546 556/556/556 491/491/491
f 491/491/491 488/488/488 546/546/546
f 499/499/499 491/491/491 556/556/556
f 623/623/623 630/630/630 556/556/556
f 561/561/561 556/556/556 630/630/630
f 556/556/556 561/561/561 499/499/499
f 491/491/491 499/499/499 435/435/435
f 505/505/505 499/499/499 561/561/561
f 561/561/561 566/566/566 505/505/505
f 566/566/566 561/561/561 630/630/630
f 630/630/630 635/635/635 566/566/566
f 499/499/499 505/505/505 442/442/442
f 442/442/442 435/435/435 499/499/499
f 447/447/447 442/442/442 505/505/505
f 635/635/635 630/630/630 688/688/688
f 509/509/509 505/505/505 566/566/566
f 566/566/566 571/571/571 509/509/509
f 571/571/571 566/566/566 635/635/635
f 505/505/505 509/509/509 447/447/447
f 635/635/635 637/637/637 571/571/571
f 637/637/637 635/635/635 688/688/688
f 688/688/688 693/693/693 637/637/637
f 452/452/452 447/447/447 509/509/509
f 637/637/637 639/639/639 571/571/571
f 639/639/639 637/637/637 693/693/693
f 447/447/447 452/452/452 395/395/395
f 512/512/512 509/509/509 571/571/571
f 571/571/571 572/572/572 512/512/512
f 572/572/572 571/571/571 639/639/639
f 454/454/454 452/452/452 509/509/509
f 509/509/509 512/512/512 454/454/454
f 452/452/452 454/454/454 395/395/395
f 395/395/395 393/393/393 447/447/447
f 442/442/442 447/447/447 393/393/393
f 399/399/399 395/395/395 454/454/454
f 639/639/639 644/644/644 572/572/572
f 644/644/644 639/639/639 693/693/693
f 693/693/693 697/697/697 644/644/644
f 458/458/458 454/454/454 512/512/512
f 454/454/454 458/458/458 399/399/399
f 697/697/697 693/693/693 768/768/768
f 518/518/518 512/512/512 572/572/572
f 512/512/512 518/518/518 458/458/458
f 768/768/768 770/770/770 697/697/697
f 572/572/572 578/578/578 518/518/518
f 578/578/578 572/572/572 644/644/644
f 697/697/697 701/701/701 644/644/644
f 701/701/701 697/697/697 770/770/770
f 766/766/766 768/768/768 693/693/693
f 644/644/644 645/645/645 578/578/578
f 645/645/645 644/644/644 701/701/701
f 770/770/770 768/768/768 829/829/829
f 829/829/829 833/833/833 770/770/770
f 770/770/770 775/775/775 701/701/701
f 775/775/775 770/770/770 833/833/833
f 405/405/405 399/399/399 458/458/458
f 701/701/701 704/704/704 645/645/645
f 704/704/704 701/701/701 775/775/775
f 463/463/463 458/458/458 518/518/518
f 458/458/458 463/463/463 405/405/405
f 399/399/399 405/405/405 344/344/344
f 348/348/348 344/344/344 405/405/405
f 833/833/833 836/836/836 775/775/775
f 522/522/522 518/518/518 578/578/578
f 518/518/518 522/522/522 463/463/463
f 649/649/649 645/645/645 704/704/704
f 645/645/645 649/649/649 583/583/583
f 583/583/583 578/578/578 645/645/645
f 578/578/578 583/583/583 522/522/522
f 344/344/344 348/348/348 317/317/317
f 317/317/317 304/304/304 344/344/344
f 836/836/836 833/833/833 892/892/892
f 892/892/892 897/897/897 836/836/836
f 704/704/704 707/707/707 649/649/649
f 707/707/707 704/704/704 775/775/775
f 304/304/304 317/317/317 267/267/267
f 267/267/267 255/255/255 304/304/304
f 897/897/897 892/892/892 958/958/958
f 255/255/255 267/267/267 215/215/215
f 215/215/215 209/209/209 255/255/255
f 952/952/952 958/958/958 892/892/892
f 958/958/958 952/952/952 1013/1013/1013
f 1013/1013/1013 1017/1017/1017 958/958/958
f 1017/1017/1017 1013/1013/1013 1151/1151/1151
f 1141/1141/1141 1151/1151/1151 1013/1013/1013
f 209/209/209 215/215/215 186/186/186
f 186/186/186 147/147/147 209/209/209
f 147/147/147 186/186/186 140/140/140
f 140/140/140 128/128/128 147/147/147
f 128/128/128 140/140/140 130/130/130
f 1151/1151/1151 1141/1141/1141 1308/1308/1308
f 1308/1308/1308 1312/1312/1312 1151/1151/1151
f 1312/1312/1312 1308/1308/1308 1456/1456/1456
f 1444/1444/1444 1456/1456/1456 1308/1308/1308
f 1456/1456/1456 1444/1444/1444 1565/1565/1565
f 1565/1565/1565 1571/1571/1571 1456/1456/1456
f 1571/1571/1571 1565/1565/1565 1678/1678/1678
f 1678/1678/1678 1680/1680/1680 1571/1571/1571
f 1680/1680/1680 1678/1678/1678 1753/1753/1753
f 130/130/130 116/116/116 128/128/128
f 116/116/116 130/130/130 139/139/139
f 139/139/139 119/119/119 116/116/116
f 119/119/119 139/139/139 173/173/173
f 173/173/173 146/146/146 119/119/119
f 146/146/146 173/173/173 214/214/214
f 214/214/214 194/194/194 146/146/146
f 194/194/194 214/214/214 249/249/249
f 890/890/890 892/892/892 833/833/833
f 833/833/833 829/829/829 890/890/890
f 892/892/892 890/890/890 952/952/952
f 1305/1305/1305 1308/1308/1308 1141/1141/1141
f 1308/1308/1308 1305/1305/1305 1444/1444/1444
f 1755/1755/1755 1753/1753/1753 1678/1678/1678
f 1753/1753/1753 1755/1755/1755 1873/1873/1873
f 287/287/287 304/304/304 255/255/255
f 255/255/255 244/244/244 287/287/287
f 244/244/244 255/255/255 209/209/209
f 209/209/209 190/190/190 244/244/244
f 190/190/190 209/209/209 147/147/147
f 304/304/304 287/287/287 339/339/339
f 339/339/339 344/344/344 304/304/304
f 344/344/344 339/339/339 399/399/399
f 395/395/395 399/399/399 339/339/339
f 111/111/111 128/128/128 116/116/116
f 128/128/128 111/111/111 137/137/137
f 137/137/137 147/147/147 128/128/128
f 147/147/147 137/137/137 190/190/190
f 1873/1873/1873 1869/1869/1869 1753/1753/1753
f 1869/1869/1869 1873/1873/1873 1987/1987/1987
f 1008/1008/1008 1013/1013/1013 952/952/952
f 1013/1013/1013 1008/1008/1008 1141/1141/1141
f 1126/1126/1126 1141/1141/1141 1008/1008/1008
f 1141/1141/1141 1126/1126/1126 1302/1302/1302
f 1302/1302/1302 1305/1305/1305 1141/1141/1141
f 1438/1438/1438 1444/1444/1444 1305/1305/1305
f 1305/1305/1305 1302/1302/1302 1438/1438/1438
f 116/116/116 101/101/101 111/111/111
f 101/101/101 116/116/116 119/119/119
f 1444/1444/1444 1438/1438/1438 1560/1560/1560
f 1560/1560/1560 1565/1565/1565 1444/1444/1444
f 1565/1565/1565 1560/1560/1560 1678/1678/1678
f 1672/1672/1672 1678/1678/1678 1560/1560/1560
f 1678/1678/1678 1672/1672/1672 1755/1755/1755
f 135/135/135 146/146/146 194/194/194
f 146/146/146 135/135/135 98/98/98
f 98/98/98 119/119/119 146/146/146
f 119/119/119 98/98/98 101/101/101
f 887/887/887 890/890/890 829/829/829
f 890/890/890 887/887/887 946/946/946
f 946/946/946 952/952/952 890/890/890
f 952/952/952 946/946/946 1008/1008/1008
f 2004/2004/2004 1987/1987/1987 1873/1873/1873
f 1987/1987/1987 2004/2004/2004 2129/2129/2129
f 1122/1122/1122 1126/1126/1126 1008/1008/1008
f 1126/1126/1126 1122/1122/1122 1300/1300/1300
f 1300/1300/1300 1302/1302/1302 1126/1126/1126
f 1302/1302/1302 1300/1300/1300 1438/1438/1438
f 1762/1762/1762 1755/1755/1755 1672/1672/1672
f 1755/1755/1755 1762/1762/1762 1874/1874/1874
f 1874/1874/1874 1873/1873/1873 1755/1755/1755
f 1873/1873/1873 1874/1874/1874 2004/2004/2004
f 194/194/194 169/169/169 135/135/135
f 169/169/169 194/194/194 249/249/249
f 287/287/287 285/285/285 339/339/339
f 285/285/285 287/287/287 244/244/244
f 74/74/74 101/101/101 98/98/98
f 101/101/101 74/74/74 75/75/75
f 75/75/75 111/111/111 101/101/101
f 2132/2132/2132 2129/2129/2129 2004/2004/2004
f 2129/2129/2129 2132/2132/2132 2311/2311/2311
f 768/768/768 766/766/766 829/829/829
f 823/823/823 829/829/829 766/766/766
f 244/244/244 218/218/218 285/285/285
f 218/218/218 244/244/244 190/190/190
f 829/829/829 823/823/823 881/881/881
f 881/881/881 887/887/887 829/829/829
f 887/887/887 881/881/881 946/946/946
f 190/190/190 152/152/152 218/218/218
f 1121/1121/1121 1122/1122/1122 1008/1008/1008
f 152/152/152 190/190/190 137/137/137
f 137/137/137 115/115/115 152/152/152
f 111/111/111 75/75/75 115/115/115
f 115/115/115 137/137/137 111/111/111
f 1297/1297/1297 1300/1300/1300 1122/1122/1122
f 1122/1122/1122 1121/1121/1121 1297/1297/1297
f 1300/1300/1300 1297/1297/1297 1428/1428/1428
f 1428/1428/1428 1438/1438/1438 1300/1300/1300
f 1438/1438/1438 1428/1428/1428 1559/1559/1559
f 1559/1559/1559 1560/1560/1560 1438/1438/1438
f 98/98/98 81/81/81 74/74/74
f 81/81/81 98/98/98 135/135/135
f 135/135/135 113/113/113 81/81/81
f 113/113/113 135/135/135 169/169/169
f 1560/1560/1560 1559/1559/1559 1668/1668/1668
f 1668/1668/1668 1672/1672/1672 1560/1560/1560
f 1672/1672/1672 1668/1668/1668 1762/1762/1762
f 2315/2315/2315 2311/2311/2311 2132/2132/2132
f 2311/2311/2311 2315/2315/2315 2439/2439/2439
f 339/339/339 337/337/337 395/395/395
f 337/337/337 339/339/339 285/285/285
f 393/393/393 395/395/395 337/337/337
f 1004/1004/1004 1008/1008/1008 946/946/946
f 1008/1008/1008 1004/1004/1004 1121/1121/1121
f 1879/1879/1879 1874/1874/1874 1762/1762/1762
f 1874/1874/1874 1879/1879/1879 2008/2008/2008
f 2008/2008/2008 2004/2004/2004 1874/1874/1874
f 2439/2439/2439 2434/2434/2434 2311/2311/2311
f 2434/2434/2434 2439/2439/2439 2502/2502/2502
f 762/762/762 766/766/766 693/693/693
f 693/693/693 688/688/688 762/762/762
f 766/766/766 762/762/762 823/823/823
f 285/285/285 275/275/275 337/337/337
f 275/275/275 285/285/285 218/218/218
f 1296/1296/1296 1297/1297/1297 1121/1121/1121
f 1425/1425/1425 1428/1428/1428 1297/1297/1297
f 1297/1297/1297 1296/1296/1296 1425/1425/1425
f 1428/1428/1428 1425/1425/1425 1559/1559/1559
f 1765/1765/1765 1762/1762/1762 1668/1668/1668
f 1762/1762/1762 1765/1765/1765 1879/1879/1879
f 2136/2136/2136 2132/2132/2132 2004/2004/2004
f 2004/2004/2004 2008/2008/2008 2136/2136/2136
f 2316/2316/2316 2315/2315/2315 2132/2132/2132
f 2132/2132/2132 2136/2136/2136 2316/2316/2316
f 2315/2315/2315 2316/2316/2316 2439/2439/2439
f 942/942/942 946/946/946 881/881/881
f 946/946/946 942/942/942 1004/1004/1004
f 1554/1554/1554 1559/1559/1559 1425/1425/1425
f 1559/1559/1559 1554/1554/1554 1665/1665/1665
f 1665/1665/1665 1668/1668/1668 1559/1559/1559
f 69/69/69 81/81/81 113/113/113
f 169/169/169 148/148/148 113/113/113
f 81/81/81 69/69/69 52/52/52
f 52/52/52 74/74/74 81/81/81
f 148/148/148 169/169/169 217/217/217
f 821/821/821 823/823/823 762/762/762
f 823/823/823 821/821/821 881/881/881
f 1001/1001/1001 1004/1004/1004 942/942/942
f 1115/1115/1115 1121/1121/1121 1004/1004/1004
f 1004/1004/1004 1001/1001/1001 1115/1115/1115
f 1423/1423/1423 1425/1425/1425 1296/1296/1296
f 1425/1425/1425 1423/1423/1423 1554/1554/1554
f 1121/1121/1121 1115/1115/1115 1286/1286/1286
f 1286/1286/1286 1296/1296/1296 1121/1121/1121
f 1296/1296/1296 1286/1286/1286 1423/1423/1423
f 1421/1421/1421 1423/1423/1423 1286/1286/1286
f 1768/1768/1768 1765/1765/1765 1668/1668/1668
f 1668/1668/1668 1665/1665/1665 1768/1768/1768
f 1765/1765/1765 1768/1768/1768 1882/1882/1882
f 1882/1882/1882 1879/1879/1879 1765/1765/1765
f 1879/1879/1879 1882/1882/1882 2008/2008/2008
f 149/149/149 152/152/152 115/115/115
f 115/115/115 104/104/104 149/149/149
f 104/104/104 115/115/115 75/75/75
f 2138/2138/2138 2136/2136/2136 2008/2008/2008
f 2136/2136/2136 2138/2138/2138 2320/2320/2320
f 2320/2320/2320 2316/2316/2316 2136/2136/2136
f 2441/2441/2441 2439/2439/2439 2316/2316/2316
f 2316/2316/2316 2320/2320/2320 2441/2441/2441
f 2509/2509/2509 2502/2502/2502 2439/2439/2439
f 2439/2439/2439 2441/2441/2441 2509/2509/2509
f 152/152/152 149/149/149 210/210/210
f 210/210/210 218/218/218 152/152/152
f 74/74/74 52/52/52 62/62/62
f 62/62/62 75/75/75 74/74/74
f 75/75/75 62/62/62 104/104/104
f 389/389/389 393/393/393 337/337/337
f 393/393/393 389/389/389 442/442/442
f 218/218/218 210/210/210 275/275/275
f 271/271/271 275/275/275 210/210/210
f 275/275/275 271/271/271 323/323/323
f 323/323/323 337/337/337 275/275/275
f 337/337/337 323/323/323 389/389/389
f 113/113/113 90/90/90 69/69/69
f 90/90/90 113/113/113 148/148/148
f 821/821/821 817/817/817 881/881/881
f 817/817/817 821/821/821 762/762/762
f 939/939/939 942/942/942 881/881/881
f 999/999/999 1001/1001/1001 942/942/942
f 942/942/942 939/939/939 999/999/999
f 1001/1001/1001 999/999/999 1115/1115/1115
f 1549/1549/1549 1554/1554/1554 1423/1423/1423
f 1423/1423/1423 1421/1421/1421 1549/1549/1549
f 1554/1554/1554 1549/1549/1549 1665/1665/1665
f 1771/1771/1771 1768/1768/1768 1665/1665/1665
f 1885/1885/1885 1882/1882/1882 1768/1768/1768
f 1768/1768/1768 1771/1771/1771 1885/1885/1885
f 1882/1882/1882 1885/1885/1885 2012/2012/2012
f 2012/2012/2012 2008/2008/2008 1882/1882/1882
f 2008/2008/2008 2012/2012/2012 2144/2144/2144
f 2144/2144/2144 2138/2138/2138 2008/2008/2008
f 2324/2324/2324 2320/2320/2320 2138/2138/2138
f 2138/2138/2138 2144/2144/2144 2324/2324/2324
f 2320/2320/2320 2324/2324/2324 2441/2441/2441
f 217/217/217 196/196/196 148/148/148
f 196/196/196 217/217/217 273/273/273
f 435/435/435 442/442/442 389/389/389
f 753/753/753 762/762/762 688/688/688
f 2449/2449/2449 2441/2441/2441 2324/2324/2324
f 762/762/762 753/753/753 815/815/815
f 815/815/815 817/817/817 762/762/762
f 2441/2441/2441 2449/2449/2449 2512/2512/2512
f 2512/2512/2512 2509/2509/2509 2441/2441/2441
f 149/149/149 133/133/133 210/210/210
f 133/133/133 149/149/149 104/104/104
f 104/104/104 76/76/76 133/133/133
f 76/76/76 104/104/104 62/62/62
f 148/148/148 131/131/131 90/90/90
f 131/131/131 148/148/148 196/196/196
f 2324/2324/2324 2329/2329/2329 2449/2449/2449
f 2329/2329/2329 2324/2324/2324 2144/2144/2144
f 2144/2144/2144 2147/2147/2147 2329/2329/2329
f 2147/2147/2147 2144/2144/2144 2012/2012/2012
f 2012/2012/2012 2017/2017/2017 2147/2147/2147
f 2017/2017/2017 2012/2012/2012 1885/1885/1885
f 1885/1885/1885 1888/1888/1888 2017/2017/2017
f 1888/1888/1888 1885/1885/1885 1771/1771/1771
f 2509/2509/2509 2512/2512/2512 2584/2584/2584
f 1665/1665/1665 1658/1658/1658 1771/1771/1771
f 1658/1658/1658 1665/1665/1665 1549/1549/1549
f 1421/1421/1421 1417/1417/1417 1549/1549/1549
f 1417/1417/1417 1421/1421/1421 1286/1286/1286
f 1115/1115/1115 1109/1109/1109 1286/1286/1286
f 1109/1109/1109 1115/1115/1115 999/999/999
f 939/939/939 936/936/936 999/999/999
f 870/870/870 881/881/881 817/817/817
f 881/881/881 870/870/870 936/936/936
f 936/936/936 939/939/939 881/881/881
f 817/817/817 815/815/815 870/870/870
f 45/45/45 69/69/69 90/90/90
f 69/69/69 45/45/45 42/42/42
f 42/42/42 52/52/52 69/69/69
f 273/273/273 258/258/258 196/196/196
f 999/999/999 995/995/995 1109/1109/1109
f 995/995/995 999/999/999 936/936/936
f 688/688/688 681/681/681 753/753/753
f 681/681/681 688/688/688 630/630/630
f 382/382/382 389/389/389 323/323/323
f 389/389/389 382/382/382 435/435/435
f 936/936/936 932/932/932 995/995/995
f 932/932/932 936/936/936 870/870/870
f 680/680/680 681/681/681 630/630/630
f 630/630/630 623/623/623 674/674/674
f 674/674/674 680/680/680 630/630/630
f 681/681/681 680/680/680 744/744/744
f 744/744/744 753/753/753 681/681/681
f 680/680/680 674/674/674 744/744/744
f 2269/2269/2269 1925/1925/1925 1845/1845/1845
f 1925/1925/1925 2269/2269/2269 2420/2420/2420
f 2420/2420/2420 1941/1941/1941 1925/1925/1925
f 588/588/588 1229/1229/1229 1205/1205/1205
f 1205/1205/1205 529/529/529 588/588/588
f 529/529/529 1205/1205/1205 1189/1189/1189
f 1189/1189/1189 470/470/470 529/529/529
f 470/470/470 1189/1189/1189 1131/1131/1131
f 1131/1131/1131 420/420/420 470/470/470
f 420/420/420 1131/1131/1131 1073/1073/1073
f 1073/1073/1073 376/376/376 420/420/420
f 376/376/376 1073/1073/1073 1065/1065/1065
f 1065/1065/1065 331/331/331 376/376/376
f 331/331/331 1065/1065/1065 1057/1057/1057
f 1057/1057/1057 281/281/281 331/331/331
f 281/281/281 1057/1057/1057 1049/1049/1049
f 1049/1049/1049 238/238/238 281/281/281
f 238/238/238 1049/1049/1049 1041/1041/1041
f 1041/1041/1041 206/206/206 238/238/238
f 206/206/206 1041/1041/1041 1033/1033/1033
f 1033/1033/1033 180/180/180 206/206/206
f 180/180/180 1033/1033/1033 1027/1027/1027
f 1027/1027/1027 166/166/166 180/180/180
f 166/166/166 1027/1027/1027 1029/1029/1029
f 1029/1029/1029 177/177/177 166/166/166
f 177/177/177 1029/1029/1029 1037/1037/1037
f 1037/1037/1037 203/203/203 177/177/177
f 203/203/203 1037/1037/1037 1045/1045/1045
f 1045/1045/1045 235/235/235 203/203/203
f 235/235/235 1045/1045/1045 1053/1053/1053
f 1053/1053/1053 278/278/278 235/235/235
f 278/278/278 1053/1053/1053 1061/1061/1061
f 1061/1061/1061 328/328/328 278/278/278
f 328/328/328 1061/1061/1061 1069/1069/1069
f 1069/1069/1069 373/373/373 328/328/328
f 373/373/373 1069/1069/1069 1127/1127/1127
f 1127/1127/1127 417/417/417 373/373/373
f 417/417/417 1127/1127/1127 1185/1185/1185
f 1185/1185/1185 467/467/467 417/417/417
f 467/467/467 1185/1185/1185 1201/1201/1201
f 1201/1201/1201 526/526/526 467/467/467
f 526/526/526 1201/1201/1201 1225/1225/1225
f 1225/1225/1225 585/585/585 526/526/526
f 585/585/585 1225/1225/1225 1241/1241/1241
f 1241/1241/1241 651/651/651 585/585/585
f 651/651/651 1241/1241/1241 1328/1328/1328
f 1328/1328/1328 710/710/710 651/651/651
f 710/710/710 1328/1328/1328 1348/1348/1348
f 1348/1348/1348 780/780/780 710/710/710
f 780/780/780 1348/1348/1348 1364/1364/1364
f 1364/1364/1364 839/839/839 780/780/780
f 839/839/839 1364/1364/1364 1430/1430/1430
f 1430/1430/1430 899/899/899 839/839/839
f 899/899/899 1430/1430/1430 1472/1472/1472
f 1472/1472/1472 960/960/960 899/899/899
f 960/960/960 1472/1472/1472 1488/1488/1488
f 1488/1488/1488 1020/1020/1020 960/960/960
f 1020/1020/1020 1488/1488/1488 1504/1504/1504
f 1504/1504/1504 1164/1164/1164 1020/1020/1020
f 1164/1164/1164 1504/1504/1504 1587/1587/1587
f 1587/1587/1587 1315/1315/1315 1164/1164/1164
f 1315/1315/1315 1587/1587/1587 1603/1603/1603
f 1603/1603/1603 1459/1459/1459 1315/1315/1315
f 1459/1459/1459 1603/1603/1603 1619/1619/1619
f 1619/1619/1619 1574/1574/1574 1459/1459/1459
f 1574/1574/1574 1619/1619/1619 1698/1698/1698
f 1698/1698/1698 1685/1685/1685 1574/1574/1574
f 1685/1685/1685 1698/1698/1698 1723/1723/1723
f 1723/1723/1723 1739/1739/1739 1685/1685/1685
f 1739/1739/1739 1723/1723/1723 1809/1809/1809
f 1809/1809/1809 1856/1856/1856 1739/1739/1739
f 1856/1856/1856 1809/1809/1809 1825/1825/1825
f 1825/1825/1825 1968/1968/1968 1856/1856/1856
f 1968/1968/1968 1825/1825/1825 1841/1841/1841
f 1841/1841/1841 2113/2113/2113 1968/1968/1968
f 2113/2113/2113 1841/1841/1841 1921/1921/1921
f 1921/1921/1921 2266/2266/2266 2113/2113/2113
f 2266/2266/2266 1921/1921/1921 1937/1937/1937
f 1937/1937/1937 2417/2417/2417 2266/2266/2266
f 2417/2417/2417 1937/1937/1937 1953/1953/1953
f 1953/1953/1953 2483/2483/2483 2417/2417/2417
f 2483/2483/2483 1953/1953/1953 1995/1995/1995
f 1995/1995/1995 2551/2551/2551 2483/2483/2483
f 2551/2551/2551 1995/1995/1995 2062/2062/2062
f 2062/2062/2062 2621/2621/2621 2551/2551/2551
f 2621/2621/2621 2062/2062/2062 2078/2078/2078
f 2078/2078/2078 2696/2696/2696 2621/2621/2621
f 2696/2696/2696 2078/2078/2078 2098/2098/2098
f 2098/2098/2098 2772/2772/2772 2696/2696/2696
f 2772/2772/2772 2098/2098/2098 2187/2187/2187
f 2187/2187/2187 2841/2841/2841 2772/2772/2772
f 2841/2841/2841 2187/2187/2187 2203/2203/2203
f 2203/2203/2203 2932/2932/2932 2841/2841/2841
f 2932/2932/2932 2203/2203/2203 2227/2227/2227
f 2227/2227/2227 3037/3037/3037 2932/2932/2932
f 3037/3037/3037 2227/2227/2227 2243/2243/2243
f 2243/2243/2243 3109/3109/3109 3037/3037/3037
f 3109/3109/3109 2243/2243/2243 2300/2300/2300
f 2300/2300/2300 3167/3167/3167 3109/3109/3109
f 3167/3167/3167 2300/2300/2300 2366/2366/2366
f 2366/2366/2366 3224/3224/3224 3167/3167/3167
f 3224/3224/3224 2366/2366/2366 2374/2374/2374
f 2374/2374/2374 3277/3277/3277 3224/3224/3224
f 3277/3277/3277 2374/2374/2374 2382/2382/2382
f 2382/2382/2382 3346/3346/3346 3277/3277/3277
f 3346/3346/3346 2382/2382/2382 2390/2390/2390
f 2390/2390/2390 3404/3404/3404 3346/3346/3346
f 3404/3404/3404 2390/2390/2390 2398/2398/2398
f 2398/2398/2398 3440/3440/3440 3404/3404/3404
f 3440/3440/3440 2398/2398/2398 2406/2406/2406
f 2406/2406/2406 3472/3472/3472 3440/3440/3440
f 3472/3472/3472 2406/2406/2406 2416/2416/2416
f 2416/2416/2416 3492/3492/3492 3472/3472/3472
f 3492/3492/3492 2416/2416/2416 2410/2410/2410
f 2410/2410/2410 3475/3475/3475 3492/3492/3492
f 3475/3475/3475 2410/2410/2410 2402/2402/2402
f 2402/2402/2402 3443/3443/3443 3475/3475/3475
f 3443/3443/3443 2402/2402/2402 2394/2394/2394
f 2394/2394/2394 3407/3407/3407 3443/3443/3443
f 3407/3407/3407 2394/2394/2394 2386/2386/2386
f 2386/2386/2386 3349/3349/3349 3407/3407/3407
f 3349/3349/3349 2386/2386/2386 2378/2378/2378
f 2378/2378/2378 3280/3280/3280 3349/3349/3349
f 3280/3280/3280 2378/2378/2378 2370/2370/2370
f 2370/2370/2370 3227/3227/3227 3280/3280/3280
f 3227/3227/3227 2370/2370/2370 2304/2304/2304
f 2304/2304/2304 3170/3170/3170 3227/3227/3227
f 3170/3170/3170 2304/2304/2304 2247/2247/2247
f 2247/2247/2247 3112/3112/3112 3170/3170/3170
f 3112/3112/3112 2247/2247/2247 2231/2231/2231
f 2231/2231/2231 3040/3040/3040 3112/3112/3112
f 3040/3040/3040 2231/2231/2231 2207/2207/2207
f 2207/2207/2207 2935/2935/2935 3040/3040/3040
f 2935/2935/2935 2207/2207/2207 2191/2191/2191
f 2191/2191/2191 2844/2844/2844 2935/2935/2935
f 2844/2844/2844 2191/2191/2191 2102/2102/2102
f 2102/2102/2102 2775/2775/2775 2844/2844/2844
f 2775/2775/2775 2102/2102/2102 2082/2082/2082
f 2082/2082/2082 2699/2699/2699 2775/2775/2775
f 2699/2699/2699 2082/2082/2082 2066/2066/2066
f 2066/2066/2066 2624/2624/2624 2699/2699/2699
f 2624/2624/2624 2066/2066/2066 1999/1999/1999
f 1999/1999/1999 2554/2554/2554 2624/2624/2624
f 2554/2554/2554 1999/1999/1999 1957/1957/1957
f 1957/1957/1957 2486/2486/2486 2554/2554/2554
f 2420/2420/2420 2486/2486/2486 1957/1957/1957
f 1957/1957/1957 1941/1941/1941 2420/2420/2420
f 1229/1229/1229 588/588/588 654/654/654
f 654/654/654 1245/1245/1245 1229/1229/1229
f 1245/1245/1245 654/654/654 713/713/713
f 713/713/713 1332/1332/1332 1245/1245/1245
f 1332/1332/1332 713/713/713 783/783/783
f 783/783/783 1352/1352/1352 1332/1332/1332
f 1352/1352/1352 783/783/783 842/842/842
f 842/842/842 1368/1368/1368 1352/1352/1352
f 1368/1368/1368 842/842/842 902/902/902
f 902/902/902 1434/1434/1434 1368/1368/1368
f 1434/1434/1434 902/902/902 963/963/963
f 963/963/963 1476/1476/1476 1434/1434/1434
f 1476/1476/1476 963/963/963 1023/1023/1023
f 1023/1023/1023 1492/1492/1492 1476/1476/1476
f 1492/1492/1492 1023/1023/1023 1167/1167/1167
f 1167/1167/1167 1508/1508/1508 1492/1492/1492
f 1508/1508/1508 1167/1167/1167 1318/1318/1318
f 1318/1318/1318 1591/1591/1591 1508/1508/1508
f 1591/1591/1591 1318/1318/1318 1462/1462/1462
f 1462/1462/1462 1607/1607/1607 1591/1591/1591
f 1607/1607/1607 1462/1462/1462 1577/1577/1577
f 1577/1577/1577 1623/1623/1623 1607/1607/1607
f 1623/1623/1623 1577/1577/1577 1688/1688/1688
f 1688/1688/1688 1702/1702/1702 1623/1623/1623
f 1702/1702/1702 1688/1688/1688 1741/1741/1741
f 1741/1741/1741 1727/1727/1727 1702/1702/1702
f 1727/1727/1727 1741/1741/1741 1859/1859/1859
f 1859/1859/1859 1813/1813/1813 1727/1727/1727
f 1813/1813/1813 1859/1859/1859 1971/1971/1971
f 1971/1971/1971 1829/1829/1829 1813/1813/1813
f 1829/1829/1829 1971/1971/1971 2116/2116/2116
f 2116/2116/2116 1845/1845/1845 1829/1829/1829
f 1845/1845/1845 2116/2116/2116 2269/2269/2269
f 3183/3183/3183 3168/3168/3168 3225/3225/3225
f 3168/3168/3168 3183/3183/3183 3110/3110/3110
f 3441/3441/3441 3456/3456/3456 3405/3405/3405
f 3456/3456/3456 3441/3441/3441 3473/3473/3473
f 2847/2847/2847 2845/2845/2845 2776/2776/2776
f 2845/2845/2845 2847/2847/2847 2936/2936/2936
f 3184/3184/3184 3171/3171/3171 3113/3113/3113
f 3171/3171/3171 3184/3184/3184 3228/3228/3228
f 2703/2703/2703 2700/2700/2700 2625/2625/2625
f 2700/2700/2700 2703/2703/2703 2776/2776/2776
f 3495/3495/3495 3476/3476/3476 3444/3444/3444
f 2280/2280/2280 2270/2270/2270 2117/2117/2117
f 2270/2270/2270 2280/2280/2280 2424/2424/2424
f 2424/2424/2424 2421/2421/2421 2270/2270/2270
f 2421/2421/2421 2424/2424/2424 2487/2487/2487
f 1745/1745/1745 1742/1742/1742 1687/1687/1687
f 1022/1022/1022 1017/1017/1017 1166/1166/1166
f 1017/1017/1017 1022/1022/1022 962/962/962
f 901/901/901 897/897/897 962/962/962
f 897/897/897 901/901/901 841/841/841
f 707/707/707 712/712/712 653/653/653
f 712/712/712 707/707/707 782/782/782
f 583/583/583 587/587/587 528/528/528
f 587/587/587 583/583/583 653/653/653
f 2622/2622/2622 2627/2627/2627 2552/2552/2552
f 2627/2627/2627 2622/2622/2622 2697/2697/2697
f 777/777/777 779/779/779 838/838/838
f 779/779/779 777/777/777 709/709/709
f 1742/1742/1742 1745/1745/1745 1863/1863/1863
f 1863/1863/1863 1860/1860/1860 1742/1742/1742
f 1860/1860/1860 1863/1863/1863 1972/1972/1972
f 3476/3476/3476 3495/3495/3495 3528/3528/3528
f 3528/3528/3528 3493/3493/3493 3476/3476/3476
f 3493/3493/3493 3528/3528/3528 3518/3518/3518
f 3518/3518/3518 3473/3473/3473 3493/3493/3493
f 3473/3473/3473 3518/3518/3518 3456/3456/3456
f 3113/3113/3113 3118/3118/3118 3184/3184/3184
f 3118/3118/3118 3113/3113/3113 3041/3041/3041
f 3041/3041/3041 3046/3046/3046 3118/3118/3118
f 3046/3046/3046 3041/3041/3041 2936/2936/2936
f 2936/2936/2936 2940/2940/2940 3046/3046/3046
f 2940/2940/2940 2936/2936/2936 2847/2847/2847
f 3444/3444/3444 3465/3465/3465 3495/3495/3495
f 3465/3465/3465 3444/3444/3444 3408/3408/3408
f 3408/3408/3408 3426/3426/3426 3465/3465/3465
f 3426/3426/3426 3408/3408/3408 3350/3350/3350
f 3350/3350/3350 3360/3360/3360 3426/3426/3426
f 3360/3360/3360 3350/3350/3350 3281/3281/3281
f 2117/2117/2117 2121/2121/2121 2280/2280/2280
f 2121/2121/2121 2117/2117/2117 1972/1972/1972
f 3225/3225/3225 3244/3244/3244 3183/3183/3183
f 3244/3244/3244 3225/3225/3225 3278/3278/3278
f 3116/3116/3116 3110/3110/3110 3183/3183/3183
f 3110/3110/3110 3116/3116/3116 3045/3045/3045
f 3045/3045/3045 3038/3038/3038 3110/3110/3110
f 2697/2697/2697 2705/2705/2705 2627/2627/2627
f 2705/2705/2705 2697/2697/2697 2773/2773/2773
f 2773/2773/2773 2780/2780/2780 2705/2705/2705
f 2780/2780/2780 2773/2773/2773 2842/2842/2842
f 2939/2939/2939 2933/2933/2933 3038/3038/3038
f 3038/3038/3038 3045/3045/3045 2939/2939/2939
f 2559/2559/2559 2555/2555/2555 2487/2487/2487
f 962/962/962 958/958/958 1017/1017/1017
f 958/958/958 962/962/962 897/897/897
f 653/653/653 649/649/649 707/707/707
f 649/649/649 653/653/653 583/583/583
f 528/528/528 522/522/522 583/583/583
f 522/522/522 528/528/528 469/469/469
f 2425/2425/2425 2418/2418/2418 2484/2484/2484
f 1312/1312/1312 1317/1317/1317 1166/1166/1166
f 1317/1317/1317 1312/1312/1312 1456/1456/1456
f 1456/1456/1456 1461/1461/1461 1317/1317/1317
f 1461/1461/1461 1456/1456/1456 1571/1571/1571
f 1571/1571/1571 1576/1576/1576 1461/1461/1461
f 2281/2281/2281 2267/2267/2267 2418/2418/2418
f 2418/2418/2418 2425/2425/2425 2281/2281/2281
f 2267/2267/2267 2281/2281/2281 2119/2119/2119
f 2119/2119/2119 2114/2114/2114 2267/2267/2267
f 1152/1152/1152 1163/1163/1163 1314/1314/1314
f 1163/1163/1163 1152/1152/1152 1016/1016/1016
f 1016/1016/1016 1019/1019/1019 1163/1163/1163
f 894/894/894 898/898/898 959/959/959
f 521/521/521 525/525/525 584/584/584
f 525/525/525 521/521/521 464/464/464
f 464/464/464 466/466/466 525/525/525
f 316/316/316 327/327/327 372/372/372
f 327/327/327 316/316/316 265/265/265
f 265/265/265 277/277/277 327/327/327
f 267/267/267 280/280/280 237/237/237
f 317/317/317 330/330/330 280/280/280
f 280/280/280 267/267/267 317/317/317
f 186/186/186 205/205/205 179/179/179
f 2555/2555/2555 2559/2559/2559 2632/2632/2632
f 2632/2632/2632 2625/2625/2625 2555/2555/2555
f 2625/2625/2625 2632/2632/2632 2703/2703/2703
f 1576/1576/1576 1571/1571/1571 1680/1680/1680
f 1680/1680/1680 1687/1687/1687 1576/1576/1576
f 1687/1687/1687 1680/1680/1680 1745/1745/1745
f 2933/2933/2933 2939/2939/2939 2850/2850/2850
f 2850/2850/2850 2842/2842/2842 2933/2933/2933
f 2842/2842/2842 2850/2850/2850 2780/2780/2780
f 2114/2114/2114 2119/2119/2119 1983/1983/1983
f 1983/1983/1983 1969/1969/1969 2114/2114/2114
f 1019/1019/1019 1016/1016/1016 955/955/955
f 955/955/955 959/959/959 1019/1019/1019
f 959/959/959 955/955/955 894/894/894
f 898/898/898 894/894/894 834/834/834
f 834/834/834 838/838/838 898/898/898
f 838/838/838 834/834/834 777/777/777
f 466/466/466 464/464/464 404/404/404
f 404/404/404 416/416/416 466/466/466
f 277/277/277 265/265/265 214/214/214
f 214/214/214 234/234/234 277/277/277
f 205/205/205 186/186/186 215/215/215
f 215/215/215 237/237/237 205/205/205
f 237/237/237 215/215/215 267/267/267
f 330/330/330 317/317/317 348/348/348
f 348/348/348 375/375/375 330/330/330
f 346/346/346 372/372/372 416/416/416
f 416/416/416 404/404/404 346/346/346
f 372/372/372 346/346/346 316/316/316
f 234/234/234 214/214/214 173/173/173
f 173/173/173 202/202/202 234/234/234
f 202/202/202 173/173/173 139/139/139
f 139/139/139 176/176/176 202/202/202
f 130/130/130 165/165/165 176/176/176
f 176/176/176 139/139/139 130/130/130
f 375/375/375 348/348/348 405/405/405
f 405/405/405 419/419/419 375/375/375
f 419/419/419 405/405/405 463/463/463
f 463/463/463 469/469/469 419/419/419
f 469/469/469 463/463/463 522/522/522
f 179/179/179 140/140/140 186/186/186
f 140/140/140 179/179/179 165/165/165
f 165/165/165 130/130/130 140/140/140
f 584/584/584 580/580/580 521/521/521
f 580/580/580 584/584/584 650/650/650
f 650/650/650 646/646/646 580/580/580
f 646/646/646 650/650/650 709/709/709
f 709/709/709 703/703/703 646/646/646
f 703/703/703 709/709/709 777/777/777
f 1969/1969/1969 1983/1983/1983 1865/1865/1865
f 1865/1865/1865 1857/1857/1857 1969/1969/1969
f 1857/1857/1857 1865/1865/1865 1748/1748/1748
f 1748/1748/1748 1738/1738/1738 1857/1857/1857
f 1679/1679/1679 1684/1684/1684 1738/1738/1738
f 1738/1738/1738 1748/1748/1748 1679/1679/1679
f 1314/1314/1314 1310/1310/1310 1152/1152/1152
f 1310/1310/1310 1314/1314/1314 1458/1458/1458
f 1458/1458/1458 1446/1446/1446 1310/1310/1310
f 1446/1446/1446 1458/1458/1458 1573/1573/1573
f 1573/1573/1573 1569/1569/1569 1446/1446/1446
f 1569/1569/1569 1573/1573/1573 1684/1684/1684
f 1684/1684/1684 1679/1679/1679 1569/1569/1569
f 2484/2484/2484 2490/2490/2490 2425/2425/2425
f 2490/2490/2490 2484/2484/2484 2552/2552/2552
f 2552/2552/2552 2560/2560/2560 2490/2490/2490
f 2560/2560/2560 2552/2552/2552 2627/2627/2627
f 775/775/775 782/782/782 707/707/707
f 836/836/836 841/841/841 782/782/782
f 782/782/782 775/775/775 836/836/836
f 841/841/841 836/836/836 897/897/897
f 1166/1166/1166 1151/1151/1151 1312/1312/1312
f 1151/1151/1151 1166/1166/1166 1017/1017/1017
f 3278/3278/3278 3305/3305/3305 3244/3244/3244
f 3305/3305/3305 3278/3278/3278 3347/3347/3347
f 3347/3347/3347 3369/3369/3369 3305/3305/3305
f 3369/3369/3369 3347/3347/3347 3405/3405/3405
f 3431/3431/3431 3405/3405/3405 3456/3456/3456
f 3405/3405/3405 3431/3431/3431 3369/3369/3369
f 1985/1985/1985 1972/1972/1972 1863/1863/1863
f 1972/1972/1972 1985/1985/1985 2121/2121/2121
f 3281/3281/3281 3306/3306/3306 3360/3360/3360
f 3306/3306/3306 3281/3281/3281 3228/3228/3228
f 3228/3228/3228 3260/3260/3260 3306/3306/3306
f 3260/3260/3260 3228/3228/3228 3184/3184/3184
f 2487/2487/2487 2492/2492/2492 2559/2559/2559
f 2492/2492/2492 2487/2487/2487 2424/2424/2424
f 2782/2782/2782 2776/2776/2776 2703/2703/2703
f 2776/2776/2776 2782/2782/2782 2847/2847/2847
f 777/777/777 774/774/774 703/703/703
f 774/774/774 777/777/777 834/834/834
f 2630/2630/2630 2627/2627/2627 2705/2705/2705
f 2627/2627/2627 2630/2630/2630 2560/2560/2560
f 3183/3183/3183 3185/3185/3185 3116/3116/3116
f 3185/3185/3185 3183/3183/3183 3244/3244/3244
f 3187/3187/3187 3184/3184/3184 3118/3118/3118
f 3184/3184/3184 3187/3187/3187 3260/3260/3260
f 2285/2285/2285 2280/2280/2280 2121/2121/2121
f 2280/2280/2280 2285/2285/2285 2427/2427/2427
f 2427/2427/2427 2424/2424/2424 2280/2280/2280
f 2424/2424/2424 2427/2427/2427 2492/2492/2492
f 3456/3456/3456 3512/3512/3512 3431/3431/3431
f 3512/3512/3512 3456/3456/3456 3518/3518/3518
f 3542/3542/3542 3495/3495/3495 3465/3465/3465
f 2853/2853/2853 2847/2847/2847 2782/2782/2782
f 2703/2703/2703 2709/2709/2709 2782/2782/2782
f 2709/2709/2709 2703/2703/2703 2632/2632/2632
f 1753/1753/1753 1745/1745/1745 1680/1680/1680
f 2121/2121/2121 2123/2123/2123 2285/2285/2285
f 2123/2123/2123 2121/2121/2121 1985/1985/1985
f 3495/3495/3495 3542/3542/3542 3551/3551/3551
f 3551/3551/3551 3528/3528/3528 3495/3495/3495
f 3528/3528/3528 3551/3551/3551 3518/3518/3518
f 2847/2847/2847 2853/2853/2853 2946/2946/2946
f 2946/2946/2946 2940/2940/2940 2847/2847/2847
f 2940/2940/2940 2946/2946/2946 3046/3046/3046
f 1745/1745/1745 1753/1753/1753 1869/1869/1869
f 1869/1869/1869 1863/1863/1863 1745/1745/1745
f 1863/1863/1863 1869/1869/1869 1985/1985/1985
f 3378/3378/3378 3360/3360/3360 3306/3306/3306
f 3118/3118/3118 3120/3120/3120 3187/3187/3187
f 3120/3120/3120 3118/3118/3118 3046/3046/3046
f 3439/3439/3439 3426/3426/3426 3360/3360/3360
f 3360/3360/3360 3378/3378/3378 3439/3439/3439
f 3426/3426/3426 3439/3439/3439 3465/3465/3465
f 2559/2559/2559 2564/2564/2564 2632/2632/2632
f 2564/2564/2564 2559/2559/2559 2492/2492/2492
f 2939/2939/2939 2944/2944/2944 2850/2850/2850
f 2944/2944/2944 2939/2939/2939 3045/3045/3045
f 3045/3045/3045 3048/3048/3048 2944/2944/2944
f 3048/3048/3048 3045/3045/3045 3116/3116/3116
f 1139/1139/1139 1152/1152/1152 1310/1310/1310
f 1016/1016/1016 1012/1012/1012 955/955/955
f 1012/1012/1012 1016/1016/1016 1152/1152/1152
f 1152/1152/1152 1139/1139/1139 1012/1012/1012
f 2124/2124/2124 2119/2119/2119 2281/2281/2281
f 464/464/464 460/460/460 404/404/404
f 460/460/460 464/464/464 521/521/521
f 302/302/302 316/316/316 346/346/346
f 316/316/316 302/302/302 265/265/265
f 2119/2119/2119 2124/2124/2124 1986/1986/1986
f 1986/1986/1986 1983/1983/1983 2119/2119/2119
f 3116/3116/3116 3122/3122/3122 3048/3048/3048
f 3122/3122/3122 3116/3116/3116 3185/3185/3185
f 3244/3244/3244 3261/3261/3261 3185/3185/3185
f 3261/3261/3261 3244/3244/3244 3305/3305/3305
f 2785/2785/2785 2780/2780/2780 2850/2850/2850
f 3518/3518/3518 3556/3556/3556 3512/3512/3512
f 3556/3556/3556 3518/3518/3518 3551/3551/3551
f 2428/2428/2428 2425/2425/2425 2490/2490/2490
f 3465/3465/3465 3526/3526/3526 3542/3542/3542
f 3526/3526/3526 3465/3465/3465 3439/3439/3439
f 2281/2281/2281 2307/2307/2307 2124/2124/2124
f 2307/2307/2307 2281/2281/2281 2425/2425/2425
f 2425/2425/2425 2428/2428/2428 2307/2307/2307
f 2780/2780/2780 2785/2785/2785 2711/2711/2711
f 2711/2711/2711 2705/2705/2705 2780/2780/2780
f 2562/2562/2562 2560/2560/2560 2630/2630/2630
f 2560/2560/2560 2562/2562/2562 2490/2490/2490
f 3438/3438/3438 3431/3431/3431 3512/3512/3512
f 1867/1867/1867 1865/1865/1865 1983/1983/1983
f 1983/1983/1983 1986/1986/1986 1867/1867/1867
f 1865/1865/1865 1867/1867/1867 1751/1751/1751
f 1751/1751/1751 1748/1748/1748 1865/1865/1865
f 1676/1676/1676 1679/1679/1679 1748/1748/1748
f 1748/1748/1748 1751/1751/1751 1676/1676/1676
f 1566/1566/1566 1569/1569/1569 1679/1679/1679
f 1679/1679/1679 1676/1676/1676 1566/1566/1566
f 889/889/889 894/894/894 955/955/955
f 1306/1306/1306 1310/1310/1310 1446/1446/1446
f 1310/1310/1310 1306/1306/1306 1139/1139/1139
f 3046/3046/3046 3052/3052/3052 3120/3120/3120
f 3052/3052/3052 3046/3046/3046 2946/2946/2946
f 3306/3306/3306 3318/3318/3318 3378/3378/3378
f 3318/3318/3318 3306/3306/3306 3260/3260/3260
f 515/515/515 521/521/521 580/580/580
f 521/521/521 515/515/515 460/460/460
f 834/834/834 832/832/832 774/774/774
f 832/832/832 834/834/834 894/894/894
f 894/894/894 889/889/889 832/832/832
f 249/249/249 265/265/265 302/302/302
f 265/265/265 249/249/249 214/214/214
f 402/402/402 404/404/404 460/460/460
f 404/404/404 402/402/402 346/346/346
f 2782/2782/2782 2784/2784/2784 2853/2853/2853
f 2784/2784/2784 2782/2782/2782 2709/2709/2709
f 2632/2632/2632 2634/2634/2634 2709/2709/2709
f 2634/2634/2634 2632/2632/2632 2564/2564/2564
f 1985/1985/1985 1987/1987/1987 2123/2123/2123
f 1987/1987/1987 1985/1985/1985 1869/1869/1869
f 2705/2705/2705 2711/2711/2711 2636/2636/2636
f 2636/2636/2636 2630/2630/2630 2705/2705/2705
f 2630/2630/2630 2636/2636/2636 2562/2562/2562
f 3431/3431/3431 3438/3438/3438 3386/3386/3386
f 3386/3386/3386 3369/3369/3369 3431/3431/3431
f 1569/1569/1569 1566/1566/1566 1441/1441/1441
f 1441/1441/1441 1446/1446/1446 1569/1569/1569
f 1446/1446/1446 1441/1441/1441 1306/1306/1306
f 2855/2855/2855 2850/2850/2850 2944/2944/2944
f 2850/2850/2850 2855/2855/2855 2785/2785/2785
f 3369/3369/3369 3386/3386/3386 3335/3335/3335
f 3335/3335/3335 3305/3305/3305 3369/3369/3369
f 3305/3305/3305 3335/3335/3335 3261/3261/3261
f 3185/3185/3185 3190/3190/3190 3122/3122/3122
f 3190/3190/3190 3185/3185/3185 3261/3261/3261
f 3260/3260/3260 3263/3263/3263 3318/3318/3318
f 3192/3192/3192 3187/3187/3187 3120/3120/3120
f 3187/3187/3187 3192/3192/3192 3263/3263/3263
f 3263/3263/3263 3260/3260/3260 3187/3187/3187
f 771/771/771 774/774/774 832/832/832
f 699/699/699 703/703/703 774/774/774
f 774/774/774 771/771/771 699/699/699
f 642/642/642 646/646/646 703/703/703
f 703/703/703 699/699/699 642/642/642
f 646/646/646 642/642/642 580/580/580
f 2430/2430/2430 2427/2427/2427 2285/2285/2285
f 2427/2427/2427 2430/2430/2430 2492/2492/2492
f 2495/2495/2495 2492/2492/2492 2430/2430/2430
f 2285/2285/2285 2308/2308/2308 2430/2430/2430
f 2308/2308/2308 2285/2285/2285 2123/2123/2123
f 2492/2492/2492 2495/2495/2495 2566/2566/2566
f 2566/2566/2566 2564/2564/2564 2492/2492/2492
f 2564/2564/2564 2566/2566/2566 2634/2634/2634
f 2497/2497/2497 2490/2490/2490 2562/2562/2562
f 2490/2490/2490 2497/2497/2497 2428/2428/2428
f 2944/2944/2944 2948/2948/2948 2855/2855/2855
f 2948/2948/2948 2944/2944/2944 3048/3048/3048
f 3512/3512/3512 3524/3524/3524 3438/3438/3438
f 3524/3524/3524 3512/3512/3512 3556/3556/3556
f 3551/3551/3551 3564/3564/3564 3556/3556/3556
f 3564/3564/3564 3551/3551/3551 3542/3542/3542
f 950/950/950 955/955/955 1012/1012/1012
f 955/955/955 950/950/950 889/889/889
f 3120/3120/3120 3123/3123/3123 3192/3192/3192
f 3123/3123/3123 3120/3120/3120 3052/3052/3052
f 2946/2946/2946 2950/2950/2950 3052/3052/3052
f 2950/2950/2950 2946/2946/2946 2853/2853/2853
f 2709/2709/2709 2713/2713/2713 2784/2784/2784
f 2713/2713/2713 2709/2709/2709 2634/2634/2634
f 574/574/574 580/580/580 642/642/642
f 580/580/580 574/574/574 515/515/515
f 2123/2123/2123 2129/2129/2129 2308/2308/2308
f 2129/2129/2129 2123/2123/2123 1987/1987/1987
f 341/341/341 346/346/346 402/402/402
f 346/346/346 341/341/341 288/288/288
f 288/288/288 302/302/302 346/346/346
f 302/302/302 288/288/288 249/249/249
f 457/457/457 460/460/460 515/515/515
f 460/460/460 457/457/457 402/402/402
f 3048/3048/3048 3054/3054/3054 2948/2948/2948
f 3054/3054/3054 3048/3048/3048 3122/3122/3122
f 2568/2568/2568 2562/2562/2562 2636/2636/2636
f 2562/2562/2562 2568/2568/2568 2497/2497/2497
f 2128/2128/2128 2124/2124/2124 2307/2307/2307
f 3459/3459/3459 3438/3438/3438 3524/3524/3524
f 2124/2124/2124 2128/2128/2128 1991/1991/1991
f 1991/1991/1991 1986/1986/1986 2124/2124/2124
f 1986/1986/1986 1991/1991/1991 1871/1871/1871
f 1871/1871/1871 1867/1867/1867 1986/1986/1986
f 1757/1757/1757 1751/1751/1751 1867/1867/1867
f 1867/1867/1867 1871/1871/1871 1757/1757/1757
f 1751/1751/1751 1757/1757/1757 1673/1673/1673
f 1673/1673/1673 1676/1676/1676 1751/1751/1751
f 1566/1566/1566 1562/1562/1562 1441/1441/1441
f 1676/1676/1676 1673/1673/1673 1562/1562/1562
f 1562/1562/1562 1566/1566/1566 1676/1676/1676
f 1301/1301/1301 1306/1306/1306 1441/1441/1441
f 1306/1306/1306 1301/1301/1301 1124/1124/1124
f 1124/1124/1124 1139/1139/1139 1306/1306/1306
f 1009/1009/1009 1012/1012/1012 1139/1139/1139
f 1139/1139/1139 1124/1124/1124 1009/1009/1009
f 1012/1012/1012 1009/1009/1009 950/950/950
f 3339/3339/3339 3318/3318/3318 3263/3263/3263
f 3318/3318/3318 3339/3339/3339 3396/3396/3396
f 3396/3396/3396 3378/3378/3378 3318/3318/3318
f 3378/3378/3378 3396/3396/3396 3439/3439/3439
f 2853/2853/2853 2857/2857/2857 2950/2950/2950
f 2857/2857/2857 2853/2853/2853 2784/2784/2784
f 2784/2784/2784 2788/2788/2788 2857/2857/2857
f 2788/2788/2788 2784/2784/2784 2713/2713/2713
f 2639/2639/2639 2634/2634/2634 2566/2566/2566
f 3438/3438/3438 3459/3459/3459 3394/3394/3394
f 3394/3394/3394 3386/3386/3386 3438/3438/3438
f 2634/2634/2634 2639/2639/2639 2716/2716/2716
f 2716/2716/2716 2713/2713/2713 2634/2634/2634
f 2713/2713/2713 2716/2716/2716 2788/2788/2788
f 2714/2714/2714 2711/2711/2711 2785/2785/2785
f 3265/3265/3265 3261/3261/3261 3335/3335/3335
f 2432/2432/2432 2428/2428/2428 2497/2497/2497
f 2428/2428/2428 2432/2432/2432 2307/2307/2307
f 3470/3470/3470 3439/3439/3439 3396/3396/3396
f 3584/3584/3584 3564/3564/3564 3542/3542/3542
f 3192/3192/3192 3193/3193/3193 3263/3263/3263
f 3193/3193/3193 3192/3192/3192 3123/3123/3123
f 826/826/826 832/832/832 889/889/889
f 832/832/832 826/826/826 771/771/771
f 2950/2950/2950 2953/2953/2953 3052/3052/3052
f 2953/2953/2953 2950/2950/2950 2857/2857/2857
f 641/641/641 642/642/642 699/699/699
f 642/642/642 641/641/641 574/574/574
f 397/397/397 402/402/402 457/457/457
f 402/402/402 397/397/397 341/341/341
f 513/513/513 515/515/515 574/574/574
f 515/515/515 513/513/513 457/457/457
f 2711/2711/2711 2714/2714/2714 2640/2640/2640
f 2640/2640/2640 2636/2636/2636 2711/2711/2711
f 2636/2636/2636 2640/2640/2640 2568/2568/2568
f 3261/3261/3261 3265/3265/3265 3195/3195/3195
f 3195/3195/3195 3190/3190/3190 3261/3261/3261
f 3386/3386/3386 3394/3394/3394 3340/3340/3340
f 3340/3340/3340 3335/3335/3335 3386/3386/3386
f 3335/3335/3335 3340/3340/3340 3265/3265/3265
f 3439/3439/3439 3470/3470/3470 3545/3545/3545
f 3545/3545/3545 3526/3526/3526 3439/3439/3439
f 3564/3564/3564 3584/3584/3584 3586/3586/3586
f 3586/3586/3586 3556/3556/3556 3564/3564/3564
f 2308/2308/2308 2310/2310/2310 2430/2430/2430
f 2310/2310/2310 2308/2308/2308 2129/2129/2129
f 2955/2955/2955 2948/2948/2948 3054/3054/3054
f 2948/2948/2948 2955/2955/2955 2855/2855/2855
f 3122/3122/3122 3126/3126/3126 3054/3054/3054
f 3190/3190/3190 3195/3195/3195 3126/3126/3126
f 3126/3126/3126 3122/3122/3122 3190/3190/3190
f 3542/3542/3542 3610/3610/3610 3584/3584/3584
f 3610/3610/3610 3542/3542/3542 3526/3526/3526
f 3526/3526/3526 3545/3545/3545 3610/3610/3610
f 3524/3524/3524 3544/3544/3544 3459/3459/3459
f 3544/3544/3544 3524/3524/3524 3556/3556/3556
f 3556/3556/3556 3586/3586/3586 3544/3544/3544
f 3267/3267/3267 3263/3263/3263 3193/3193/3193
f 3056/3056/3056 3052/3052/3052 2953/2953/2953
f 886/886/886 889/889/889 950/950/950
f 889/889/889 886/886/886 826/826/826
f 2566/2566/2566 2571/2571/2571 2639/2639/2639
f 2571/2571/2571 2566/2566/2566 2495/2495/2495
f 699/699/699 695/695/695 641/641/641
f 695/695/695 699/699/699 771/771/771
f 3263/3263/3263 3267/3267/3267 3342/3342/3342
f 3342/3342/3342 3339/3339/3339 3263/3263/3263
f 3339/3339/3339 3342/3342/3342 3396/3396/3396
f 2434/2434/2434 2430/2430/2430 2310/2310/2310
f 453/453/453 457/457/457 513/513/513
f 457/457/457 453/453/453 397/397/397
f 223/223/223 249/249/249 288/288/288
f 2430/2430/2430 2434/2434/2434 2502/2502/2502
f 2502/2502/2502 2495/2495/2495 2430/2430/2430
f 2495/2495/2495 2502/2502/2502 2571/2571/2571
f 3052/3052/3052 3056/3056/3056 3131/3131/3131
f 3131/3131/3131 3123/3123/3123 3052/3052/3052
f 249/249/249 223/223/223 169/169/169
f 2861/2861/2861 2855/2855/2855 2955/2955/2955
f 2792/2792/2792 2785/2785/2785 2855/2855/2855
f 2855/2855/2855 2861/2861/2861 2792/2792/2792
f 3394/3394/3394 3419/3419/3419 3340/3340/3340
f 3419/3419/3419 3394/3394/3394 3459/3459/3459
f 2313/2313/2313 2307/2307/2307 2432/2432/2432
f 2307/2307/2307 2313/2313/2313 2128/2128/2128
f 2499/2499/2499 2497/2497/2497 2568/2568/2568
f 2497/2497/2497 2499/2499/2499 2432/2432/2432
f 3584/3584/3584 3612/3612/3612 3586/3586/3586
f 3612/3612/3612 3584/3584/3584 3610/3610/3610
f 1426/1426/1426 1441/1441/1441 1562/1562/1562
f 1441/1441/1441 1426/1426/1426 1301/1301/1301
f 3193/3193/3193 3196/3196/3196 3267/3267/3267
f 3196/3196/3196 3193/3193/3193 3123/3123/3123
f 3123/3123/3123 3131/3131/3131 3196/3196/3196
f 2785/2785/2785 2792/2792/2792 2718/2718/2718
f 2718/2718/2718 2714/2714/2714 2785/2785/2785
f 2714/2714/2714 2718/2718/2718 2640/2640/2640
f 2953/2953/2953 2957/2957/2957 3056/3056/3056
f 2957/2957/2957 2953/2953/2953 2857/2857/2857
f 2788/2788/2788 2791/2791/2791 2857/2857/2857
f 2791/2791/2791 2788/2788/2788 2716/2716/2716
f 948/948/948 950/950/950 1009/1009/1009
f 950/950/950 948/948/948 886/886/886
f 764/764/764 771/771/771 826/826/826
f 771/771/771 764/764/764 695/695/695
f 2310/2310/2310 2311/2311/2311 2434/2434/2434
f 2311/2311/2311 2310/2310/2310 2129/2129/2129
f 283/283/283 288/288/288 341/341/341
f 288/288/288 283/283/283 223/223/223
f 3057/3057/3057 3054/3054/3054 3126/3126/3126
f 3484/3484/3484 3459/3459/3459 3544/3544/3544
f 2436/2436/2436 2432/2432/2432 2499/2499/2499
f 2432/2432/2432 2436/2436/2436 2313/2313/2313
f 2002/2002/2002 1991/1991/1991 2128/2128/2128
f 1991/1991/1991 2002/2002/2002 1871/1871/1871
f 1669/1669/1669 1673/1673/1673 1757/1757/1757
f 3459/3459/3459 3484/3484/3484 3422/3422/3422
f 3422/3422/3422 3419/3419/3419 3459/3459/3459
f 3054/3054/3054 3057/3057/3057 2962/2962/2962
f 2962/2962/2962 2955/2955/2955 3054/3054/3054
f 2955/2955/2955 2962/2962/2962 2861/2861/2861
f 1005/1005/1005 1009/1009/1009 1124/1124/1124
f 1009/1009/1009 1005/1005/1005 948/948/948
f 2641/2641/2641 2639/2639/2639 2571/2571/2571
f 1673/1673/1673 1669/1669/1669 1556/1556/1556
f 1556/1556/1556 1562/1562/1562 1673/1673/1673
f 1562/1562/1562 1556/1556/1556 1426/1426/1426
f 569/569/569 574/574/574 641/641/641
f 508/508/508 513/513/513 574/574/574
f 574/574/574 569/569/569 508/508/508
f 513/513/513 508/508/508 453/453/453
f 2639/2639/2639 2641/2641/2641 2719/2719/2719
f 2719/2719/2719 2716/2716/2716 2639/2639/2639
f 2716/2716/2716 2719/2719/2719 2791/2791/2791
f 2575/2575/2575 2568/2568/2568 2640/2640/2640
f 2568/2568/2568 2575/2575/2575 2499/2499/2499
f 2134/2134/2134 2128/2128/2128 2313/2313/2313
f 2128/2128/2128 2134/2134/2134 2002/2002/2002
f 1878/1878/1878 1871/1871/1871 2002/2002/2002
f 3544/3544/3544 3558/3558/3558 3484/3484/3484
f 3558/3558/3558 3544/3544/3544 3586/3586/3586
f 3586/3586/3586 3609/3609/3609 3558/3558/3558
f 3609/3609/3609 3586/3586/3586 3612/3612/3612
f 3612/3612/3612 3624/3624/3624 3609/3609/3609
f 3624/3624/3624 3612/3612/3612 3610/3610/3610
f 1757/1757/1757 1764/1764/1764 1669/1669/1669
f 1871/1871/1871 1878/1878/1878 1764/1764/1764
f 1764/1764/1764 1757/1757/1757 1871/1871/1871
f 3470/3470/3470 3486/3486/3486 3545/3545/3545
f 3429/3429/3429 3396/3396/3396 3342/3342/3342
f 3342/3342/3342 3344/3344/3344 3429/3429/3429
f 3396/3396/3396 3429/3429/3429 3486/3486/3486
f 3486/3486/3486 3470/3470/3470 3396/3396/3396
f 1294/1294/1294 1301/1301/1301 1426/1426/1426
f 3344/3344/3344 3342/3342/3342 3267/3267/3267
f 3267/3267/3267 3270/3270/3270 3344/3344/3344
f 3419/3419/3419 3422/3422/3422 3352/3352/3352
f 3352/3352/3352 3340/3340/3340 3419/3419/3419
f 3340/3340/3340 3352/3352/3352 3265/3265/3265
f 3272/3272/3272 3265/3265/3265 3352/3352/3352
f 3265/3265/3265 3272/3272/3272 3199/3199/3199
f 3199/3199/3199 3195/3195/3195 3265/3265/3265
f 3270/3270/3270 3267/3267/3267 3196/3196/3196
f 3196/3196/3196 3198/3198/3198 3270/3270/3270
f 3198/3198/3198 3196/3196/3196 3131/3131/3131
f 1124/1124/1124 1118/1118/1118 1005/1005/1005
f 1118/1118/1118 1124/1124/1124 1301/1301/1301
f 1301/1301/1301 1294/1294/1294 1118/1118/1118
f 2862/2862/2862 2857/2857/2857 2791/2791/2791
f 2960/2960/2960 2957/2957/2957 2857/2857/2857
f 2571/2571/2571 2573/2573/2573 2641/2641/2641
f 2573/2573/2573 2571/2571/2571 2502/2502/2502
f 2857/2857/2857 2862/2862/2862 2963/2963/2963
f 2963/2963/2963 2960/2960/2960 2857/2857/2857
f 2957/2957/2957 2960/2960/2960 3060/3060/3060
f 3060/3060/3060 3056/3056/3056 2957/2957/2957
f 3056/3056/3056 3060/3060/3060 3131/3131/3131
f 2960/2960/2960 2963/2963/2963 3060/3060/3060
f 636/636/636 641/641/641 695/695/695
f 641/641/641 636/636/636 569/569/569
f 336/336/336 341/341/341 397/397/397
f 341/341/341 336/336/336 283/283/283
f 3195/3195/3195 3199/3199/3199 3133/3133/3133
f 3133/3133/3133 3126/3126/3126 3195/3195/3195
f 3126/3126/3126 3133/3133/3133 3057/3057/3057
f 2791/2791/2791 2794/2794/2794 2862/2862/2862
f 2794/2794/2794 2791/2791/2791 2719/2719/2719
f 692/692/692 695/695/695 764/764/764
f 695/695/695 692/692/692 636/636/636
f 449/449/449 453/453/453 508/508/508
f 392/392/392 397/397/397 453/453/453
f 453/453/453 449/449/449 392/392/392
f 397/397/397 392/392/392 336/336/336
f 217/217/217 223/223/223 283/283/283
f 223/223/223 217/217/217 169/169/169
f 2646/2646/2646 2640/2640/2640 2718/2718/2718
f 2640/2640/2640 2646/2646/2646 2575/2575/2575
f 3057/3057/3057 3059/3059/3059 2962/2962/2962
f 3059/3059/3059 3057/3057/3057 3133/3133/3133
f 2506/2506/2506 2499/2499/2499 2575/2575/2575
f 2499/2499/2499 2506/2506/2506 2436/2436/2436
f 3422/3422/3422 3427/3427/3427 3352/3352/3352
f 3427/3427/3427 3422/3422/3422 3484/3484/3484
f 3484/3484/3484 3514/3514/3514 3427/3427/3427
f 3514/3514/3514 3484/3484/3484 3558/3558/3558
f 3558/3558/3558 3566/3566/3566 3514/3514/3514
f 3566/3566/3566 3558/3558/3558 3609/3609/3609
f 3609/3609/3609 3620/3620/3620 3566/3566/3566
f 3620/3620/3620 3609/3609/3609 3624/3624/3624
f 3624/3624/3624 3635/3635/3635 3620/3620/3620
f 3635/3635/3635 3624/3624/3624 3610/3610/3610
f 3610/3610/3610 3622/3622/3622 3635/3635/3635
f 3579/3579/3579 3545/3545/3545 3486/3486/3486
f 3545/3545/3545 3579/3579/3579 3622/3622/3622
f 3622/3622/3622 3610/3610/3610 3545/3545/3545
f 3516/3516/3516 3486/3486/3486 3429/3429/3429
f 3486/3486/3486 3516/3516/3516 3579/3579/3579
f 3344/3344/3344 3354/3354/3354 3429/3429/3429
f 3354/3354/3354 3344/3344/3344 3270/3270/3270
f 3270/3270/3270 3274/3274/3274 3354/3354/3354
f 3274/3274/3274 3270/3270/3270 3198/3198/3198
f 1003/1003/1003 1005/1005/1005 1118/1118/1118
f 941/941/941 948/948/948 1005/1005/1005
f 1005/1005/1005 1003/1003/1003 941/941/941
f 948/948/948 941/941/941 879/879/879
f 879/879/879 886/886/886 948/948/948
f 2719/2719/2719 2722/2722/2722 2794/2794/2794
f 886/886/886 879/879/879 819/819/819
f 819/819/819 826/826/826 886/886/886
f 2722/2722/2722 2719/2719/2719 2641/2641/2641
f 2641/2641/2641 2644/2644/2644 2722/2722/2722
f 2644/2644/2644 2641/2641/2641 2573/2573/2573
f 826/826/826 819/819/819 759/759/759
f 759/759/759 764/764/764 826/826/826
f 764/764/764 759/759/759 692/692/692
f 2863/2863/2863 2861/2861/2861 2962/2962/2962
f 2861/2861/2861 2863/2863/2863 2792/2792/2792
f 2318/2318/2318 2313/2313/2313 2436/2436/2436
f 2007/2007/2007 2002/2002/2002 2134/2134/2134
f 2002/2002/2002 2007/2007/2007 1878/1878/1878
f 1422/1422/1422 1426/1426/1426 1556/1556/1556
f 1426/1426/1426 1422/1422/1422 1294/1294/1294
f 2313/2313/2313 2318/2318/2318 2140/2140/2140
f 2140/2140/2140 2134/2134/2134 2313/2313/2313
f 2134/2134/2134 2140/2140/2140 2007/2007/2007
f 3204/3204/3204 3198/3198/3198 3131/3131/3131
f 3198/3198/3198 3204/3204/3204 3275/3275/3275
f 3275/3275/3275 3274/3274/3274 3198/3198/3198
f 2573/2573/2573 2578/2578/2578 2644/2644/2644
f 273/273/273 283/283/283 336/336/336
f 283/283/283 273/273/273 217/217/217
f 2578/2578/2578 2573/2573/2573 2509/2509/2509
f 2502/2502/2502 2509/2509/2509 2573/2573/2573
f 2799/2799/2799 2792/2792/2792 2863/2863/2863
f 2792/2792/2792 2799/2799/2799 2718/2718/2718
f 3199/3199/3199 3202/3202/3202 3133/3133/3133
f 3202/3202/3202 3199/3199/3199 3272/3272/3272
f 2443/2443/2443 2436/2436/2436 2506/2506/2506
f 2436/2436/2436 2443/2443/2443 2318/2318/2318
f 3433/3433/3433 3427/3427/3427 3514/3514/3514
f 3514/3514/3514 3520/3520/3520 3433/3433/3433
f 3520/3520/3520 3514/3514/3514 3566/3566/3566
f 3566/3566/3566 3576/3576/3576 3520/3520/3520
f 3576/3576/3576 3566/3566/3566 3620/3620/3620
f 3620/3620/3620 3629/3629/3629 3576/3576/3576
f 3629/3629/3629 3620/3620/3620 3635/3635/3635
f 3635/3635/3635 3645/3645/3645 3629/3629/3629
f 3645/3645/3645 3635/3635/3635 3622/3622/3622
f 3622/3622/3622 3631/3631/3631 3645/3645/3645
f 3631/3631/3631 3622/3622/3622 3579/3579/3579
f 3516/3516/3516 3522/3522/3522 3579/3579/3579
f 3522/3522/3522 3516/3516/3516 3429/3429/3429
f 1881/1881/1881 1878/1878/1878 2007/2007/2007
f 1767/1767/1767 1764/1764/1764 1878/1878/1878
f 1878/1878/1878 1881/1881/1881 1767/1767/1767
f 1662/1662/1662 1669/1669/1669 1764/1764/1764
f 1764/1764/1764 1767/1767/1767 1662/1662/1662
f 3427/3427/3427 3433/3433/3433 3361/3361/3361
f 3361/3361/3361 3352/3352/3352 3427/3427/3427
f 3352/3352/3352 3361/3361/3361 3272/3272/3272
f 1552/1552/1552 1556/1556/1556 1669/1669/1669
f 1669/1669/1669 1662/1662/1662 1552/1552/1552
f 1556/1556/1556 1552/1552/1552 1422/1422/1422
f 3131/3131/3131 3135/3135/3135 3204/3204/3204
f 3135/3135/3135 3131/3131/3131 3060/3060/3060
f 3060/3060/3060 3063/3063/3063 3135/3135/3135
f 3063/3063/3063 3060/3060/3060 2963/2963/2963
f 2963/2963/2963 2965/2965/2965 3063/3063/3063
f 2965/2965/2965 2963/2963/2963 2862/2862/2862
f 2862/2862/2862 2864/2864/2864 2965/2965/2965
f 3274/3274/3274 3275/3275/3275 3365/3365/3365
f 3365/3365/3365 3354/3354/3354 3274/3274/3274
f 3354/3354/3354 3365/3365/3365 3429/3429/3429
f 2864/2864/2864 2862/2862/2862 2794/2794/2794
f 2794/2794/2794 2797/2797/2797 2864/2864/2864
f 2797/2797/2797 2794/2794/2794 2722/2722/2722
f 2722/2722/2722 2724/2724/2724 2797/2797/2797
f 2724/2724/2724 2722/2722/2722 2644/2644/2644
f 633/633/633 636/636/636 692/692/692
f 562/562/562 569/569/569 636/636/636
f 636/636/636 633/633/633 562/562/562
f 503/503/503 508/508/508 569/569/569
f 569/569/569 562/562/562 503/503/503
f 508/508/508 503/503/503 449/449/449
f 2729/2729/2729 2718/2718/2718 2799/2799/2799
f 3065/3065/3065 3059/3059/3059 3133/3133/3133
f 2580/2580/2580 2575/2575/2575 2646/2646/2646
f 2718/2718/2718 2729/2729/2729 2651/2651/2651
f 2651/2651/2651 2646/2646/2646 2718/2718/2718
f 2646/2646/2646 2651/2651/2651 2580/2580/2580
f 3059/3059/3059 3065/3065/3065 2970/2970/2970
f 2970/2970/2970 2962/2962/2962 3059/3059/3059
f 2962/2962/2962 2970/2970/2970 2863/2863/2863
f 2575/2575/2575 2580/2580/2580 2507/2507/2507
f 2507/2507/2507 2506/2506/2506 2575/2575/2575
f 2506/2506/2506 2507/2507/2507 2443/2443/2443
f 1290/1290/1290 1294/1294/1294 1422/1422/1422
f 1294/1294/1294 1290/1290/1290 1118/1118/1118
f 1113/1113/1113 1118/1118/1118 1290/1290/1290
f 997/997/997 1003/1003/1003 1118/1118/1118
f 1118/1118/1118 1113/1113/1113 997/997/997
f 1003/1003/1003 997/997/997 937/937/937
f 937/937/937 941/941/941 1003/1003/1003
f 941/941/941 937/937/937 879/879/879
f 2649/2649/2649 2644/2644/2644 2578/2578/2578
f 2644/2644/2644 2649/2649/2649 2727/2727/2727
f 2727/2727/2727 2724/2724/2724 2644/2644/2644
f 2724/2724/2724 2727/2727/2727 2797/2797/2797
f 445/445/445 449/449/449 503/503/503
f 449/449/449 445/445/445 386/386/386
f 386/386/386 392/392/392 449/449/449
f 3202/3202/3202 3206/3206/3206 3133/3133/3133
f 3283/3283/3283 3272/3272/3272 3361/3361/3361
f 3272/3272/3272 3283/3283/3283 3206/3206/3206
f 3206/3206/3206 3202/3202/3202 3272/3272/3272
f 3520/3520/3520 3530/3530/3530 3433/3433/3433
f 3530/3530/3530 3520/3520/3520 3576/3576/3576
f 3629/3629/3629 3639/3639/3639 3576/3576/3576
f 3639/3639/3639 3629/3629/3629 3645/3645/3645
f 3645/3645/3645 3658/3658/3658 3639/3639/3639
f 3658/3658/3658 3645/3645/3645 3631/3631/3631
f 3631/3631/3631 3642/3642/3642 3658/3658/3658
f 3642/3642/3642 3631/3631/3631 3579/3579/3579
f 3579/3579/3579 3598/3598/3598 3642/3642/3642
f 3598/3598/3598 3579/3579/3579 3522/3522/3522
f 3522/3522/3522 3532/3532/3532 3598/3598/3598
f 3532/3532/3532 3522/3522/3522 3429/3429/3429
f 3204/3204/3204 3207/3207/3207 3275/3275/3275
f 3207/3207/3207 3204/3204/3204 3135/3135/3135
f 3135/3135/3135 3136/3136/3136 3207/3207/3207
f 3136/3136/3136 3135/3135/3135 3063/3063/3063
f 2968/2968/2968 2965/2965/2965 2864/2864/2864
f 2864/2864/2864 2867/2867/2867 2968/2968/2968
f 2867/2867/2867 2864/2864/2864 2797/2797/2797
f 2965/2965/2965 2968/2968/2968 3069/3069/3069
f 3069/3069/3069 3063/3063/3063 2965/2965/2965
f 3063/3063/3063 3069/3069/3069 3136/3136/3136
f 684/684/684 692/692/692 759/759/759
f 692/692/692 684/684/684 633/633/633
f 392/392/392 386/386/386 321/321/321
f 321/321/321 336/336/336 392/392/392
f 336/336/336 321/321/321 273/273/273
f 3133/3133/3133 3138/3138/3138 3065/3065/3065
f 3138/3138/3138 3133/3133/3133 3206/3206/3206
f 2327/2327/2327 2318/2318/2318 2443/2443/2443
f 2318/2318/2318 2327/2327/2327 2140/2140/2140
f 2015/2015/2015 2007/2007/2007 2140/2140/2140
f 2007/2007/2007 2015/2015/2015 1881/1881/1881
f 1886/1886/1886 1881/1881/1881 2015/2015/2015
f 3453/3453/3453 3429/3429/3429 3365/3365/3365
f 3429/3429/3429 3453/3453/3453 3539/3539/3539
f 3539/3539/3539 3532/3532/3532 3429/3429/3429
f 3275/3275/3275 3285/3285/3285 3365/3365/3365
f 3285/3285/3285 3275/3275/3275 3207/3207/3207
f 1413/1413/1413 1422/1422/1422 1552/1552/1552
f 1422/1422/1422 1413/1413/1413 1290/1290/1290
f 1881/1881/1881 1886/1886/1886 1776/1776/1776
f 1776/1776/1776 1767/1767/1767 1881/1881/1881
f 1767/1767/1767 1776/1776/1776 1656/1656/1656
f 1656/1656/1656 1662/1662/1662 1767/1767/1767
f 874/874/874 879/879/879 937/937/937
f 2804/2804/2804 2797/2797/2797 2727/2727/2727
f 756/756/756 759/759/759 819/819/819
f 759/759/759 756/756/756 684/684/684
f 2797/2797/2797 2804/2804/2804 2870/2870/2870
f 2870/2870/2870 2867/2867/2867 2797/2797/2797
f 879/879/879 874/874/874 811/811/811
f 811/811/811 819/819/819 879/879/879
f 819/819/819 811/811/811 756/756/756
f 2584/2584/2584 2578/2578/2578 2509/2509/2509
f 2578/2578/2578 2584/2584/2584 2654/2654/2654
f 2654/2654/2654 2649/2649/2649 2578/2578/2578
f 2872/2872/2872 2863/2863/2863 2970/2970/2970
f 3206/3206/3206 3210/3210/3210 3138/3138/3138
f 3210/3210/3210 3206/3206/3206 3283/3283/3283
f 2799/2799/2799 2802/2802/2802 2729/2729/2729
f 2802/2802/2802 2799/2799/2799 2863/2863/2863
f 2447/2447/2447 2443/2443/2443 2507/2507/2507
f 2443/2443/2443 2447/2447/2447 2327/2327/2327
f 3530/3530/3530 3535/3535/3535 3433/3433/3433
f 3535/3535/3535 3530/3530/3530 3576/3576/3576
f 2863/2863/2863 2872/2872/2872 2809/2809/2809
f 2809/2809/2809 2802/2802/2802 2863/2863/2863
f 3598/3598/3598 3616/3616/3616 3642/3642/3642
f 3616/3616/3616 3598/3598/3598 3532/3532/3532
f 3532/3532/3532 3539/3539/3539 3616/3616/3616
f 1541/1541/1541 1552/1552/1552 1662/1662/1662
f 1662/1662/1662 1656/1656/1656 1541/1541/1541
f 1552/1552/1552 1541/1541/1541 1413/1413/1413
f 3136/3136/3136 3142/3142/3142 3207/3207/3207
f 3142/3142/3142 3136/3136/3136 3069/3069/3069
f 2968/2968/2968 2972/2972/2972 3069/3069/3069
f 2972/2972/2972 2968/2968/2968 2867/2867/2867
f 2867/2867/2867 2870/2870/2870 2972/2972/2972
f 625/625/625 633/633/633 684/684/684
f 633/633/633 625/625/625 562/562/562
f 2649/2649/2649 2654/2654/2654 2733/2733/2733
f 2733/2733/2733 2727/2727/2727 2649/2649/2649
f 2727/2727/2727 2733/2733/2733 2804/2804/2804
f 258/258/258 273/273/273 321/321/321
f 2586/2586/2586 2580/2580/2580 2651/2651/2651
f 2580/2580/2580 2586/2586/2586 2507/2507/2507
f 991/991/991 997/997/997 1113/1113/1113
f 997/997/997 991/991/991 927/927/927
f 927/927/927 937/937/937 997/997/997
f 937/937/937 927/927/927 874/874/874
f 557/557/557 562/562/562 625/625/625
f 438/438/438 445/445/445 503/503/503
f 445/445/445 438/438/438 386/386/386
f 562/562/562 557/557/557 494/494/494
f 494/494/494 503/503/503 562/562/562
f 503/503/503 494/494/494 438/438/438
f 3069/3069/3069 3072/3072/3072 3142/3142/3142
f 3072/3072/3072 3069/3069/3069 2972/2972/2972
f 2972/2972/2972 2976/2976/2976 3072/3072/3072
f 2976/2976/2976 2972/2972/2972 2870/2870/2870
f 2870/2870/2870 2875/2875/2875 2976/2976/2976
f 2875/2875/2875 2870/2870/2870 2804/2804/2804
f 380/380/380 386/386/386 438/438/438
f 386/386/386 380/380/380 321/321/321
f 2802/2802/2802 2809/2809/2809 2737/2737/2737
f 2737/2737/2737 2729/2729/2729 2802/2802/2802
f 678/678/678 684/684/684 756/756/756
f 684/684/684 678/678/678 625/625/625
f 2872/2872/2872 2879/2879/2879 2809/2809/2809
f 2983/2983/2983 2976/2976/2976 2875/2875/2875
f 551/551/551 557/557/557 625/625/625
f 625/625/625 617/617/617 551/551/551
#6048 polygons

